ISO-10303-21;
HEADER;
FILE_DESCRIPTION (( 'STEP AP214' ),
    '1' );
FILE_NAME ('cable_tie_mount.STEP',
    '2025-05-19T07:33:13',
    ( '' ),
    ( '' ),
    'SwSTEP 2.0',
    'SolidWorks 2025',
    '' );
FILE_SCHEMA (( 'AUTOMOTIVE_DESIGN' ));
ENDSEC;

DATA;
#1 = DIRECTION ( 'NONE',  ( -1.000000000000000000, -0.000000000000000000, -0.000000000000000000 ) ) ;
#2 = EDGE_LOOP ( 'NONE', ( #569, #1100, #1409, #1258 ) ) ;
#3 = DIRECTION ( 'NONE',  ( 0.000000000000000000, 0.000000000000000000, 1.000000000000000000 ) ) ;
#4 = CIRCLE ( 'NONE', #1063, 0.6000000000000000888 ) ;
#5 = ORIENTED_EDGE ( 'NONE', *, *, #506, .T. ) ;
#6 = ORIENTED_EDGE ( 'NONE', *, *, #185, .F. ) ;
#7 = EDGE_CURVE ( 'NONE', #1187, #13, #972, .T. ) ;
#8 = CARTESIAN_POINT ( 'NONE',  ( -2.597512392158798367, 7.500000000000001776, 1.376957934880271989E-15 ) ) ;
#9 = EDGE_CURVE ( 'NONE', #1110, #670, #1463, .T. ) ;
#10 = AXIS2_PLACEMENT_3D ( 'NONE', #1628, #900, #1303 ) ;
#11 = DIRECTION ( 'NONE',  ( -0.8606408302847002867, 0.000000000000000000, 0.5092124912517972390 ) ) ;
#12 = CIRCLE ( 'NONE', #1874, 0.2999999999999999334 ) ;
#13 = VERTEX_POINT ( 'NONE', #790 ) ;
#14 = DIRECTION ( 'NONE',  ( 1.000000000000000000, -0.000000000000000000, 0.000000000000000000 ) ) ;
#15 = AXIS2_PLACEMENT_3D ( 'NONE', #1855, #557, #418 ) ;
#16 = ORIENTED_EDGE ( 'NONE', *, *, #988, .T. ) ;
#17 = CIRCLE ( 'NONE', #1075, 2.500000000000000444 ) ;
#18 = DIRECTION ( 'NONE',  ( 0.000000000000000000, -0.000000000000000000, 1.000000000000000000 ) ) ;
#19 = ORIENTED_EDGE ( 'NONE', *, *, #812, .T. ) ;
#20 = CARTESIAN_POINT ( 'NONE',  ( 2.803922533717362331, 19.69999999999999929, -5.950000000000000178 ) ) ;
#21 = CARTESIAN_POINT ( 'NONE',  ( -2.975000000000034728, 0.3000000000000016542, -5.950000000000000178 ) ) ;
#22 = FACE_OUTER_BOUND ( 'NONE', #54, .T. ) ;
#23 = EDGE_CURVE ( 'NONE', #611, #946, #823, .T. ) ;
#24 = EDGE_LOOP ( 'NONE', ( #1533, #261, #793, #1724 ) ) ;
#25 = DIRECTION ( 'NONE',  ( 1.000000000000000000, 2.891205793294662451E-15, -0.000000000000000000 ) ) ;
#26 = ORIENTED_EDGE ( 'NONE', *, *, #1385, .F. ) ;
#27 = CARTESIAN_POINT ( 'NONE',  ( 2.550000000000000266, 19.69999999999999929, 0.000000000000000000 ) ) ;
#28 = ORIENTED_EDGE ( 'NONE', *, *, #1476, .F. ) ;
#29 = CARTESIAN_POINT ( 'NONE',  ( -3.149999999999999911, 20.00000000000000000, -2.950000000000069900 ) ) ;
#30 = DIRECTION ( 'NONE',  ( 1.000000000000000000, 0.000000000000000000, -2.282530889443167515E-16 ) ) ;
#31 = LINE ( 'NONE', #1357, #1323 ) ;
#32 = ORIENTED_EDGE ( 'NONE', *, *, #609, .T. ) ;
#33 = PLANE ( 'NONE',  #1406 ) ;
#34 = EDGE_CURVE ( 'NONE', #353, #207, #1445, .T. ) ;
#35 = CIRCLE ( 'NONE', #1614, 4.999999999999999112 ) ;
#36 = LINE ( 'NONE', #1615, #280 ) ;
#37 = ORIENTED_EDGE ( 'NONE', *, *, #1476, .T. ) ;
#38 = DIRECTION ( 'NONE',  ( -1.000000000000000000, 0.000000000000000000, -0.000000000000000000 ) ) ;
#39 = FACE_OUTER_BOUND ( 'NONE', #293, .T. ) ;
#40 = CARTESIAN_POINT ( 'NONE',  ( 2.850000000000000089, 10.00000000000000000, -4.592425496802574958E-16 ) ) ;
#41 = LINE ( 'NONE', #616, #1866 ) ;
#42 = AXIS2_PLACEMENT_3D ( 'NONE', #1572, #1702, #1429 ) ;
#43 = CIRCLE ( 'NONE', #711, 4.699999999999999289 ) ;
#44 = EDGE_CURVE ( 'NONE', #1552, #1112, #636, .T. ) ;
#45 = AXIS2_PLACEMENT_3D ( 'NONE', #795, #360, #1402 ) ;
#46 = CARTESIAN_POINT ( 'NONE',  ( 4.223922533717389349, 0.2999999999999999889, -3.550000000000001155 ) ) ;
#47 = ADVANCED_FACE ( 'NONE', ( #505 ), #954, .F. ) ;
#48 = AXIS2_PLACEMENT_3D ( 'NONE', #1521, #224, #1244 ) ;
#49 = ORIENTED_EDGE ( 'NONE', *, *, #833, .T. ) ;
#50 = DIRECTION ( 'NONE',  ( -0.000000000000000000, -1.000000000000000000, -0.000000000000000000 ) ) ;
#51 = DIRECTION ( 'NONE',  ( 0.000000000000000000, 0.000000000000000000, 1.000000000000000000 ) ) ;
#52 = DIRECTION ( 'NONE',  ( 1.000000000000000000, 0.000000000000000000, -4.565061778886337002E-16 ) ) ;
#53 = CARTESIAN_POINT ( 'NONE',  ( 0.000000000000000000, 0.000000000000000000, -0.2999999999999999889 ) ) ;
#54 = EDGE_LOOP ( 'NONE', ( #521, #57, #957 ) ) ;
#55 = ADVANCED_FACE ( 'NONE', ( #1408 ), #1656, .T. ) ;
#56 = DIRECTION ( 'NONE',  ( -1.000000000000000000, -0.000000000000000000, -0.000000000000000000 ) ) ;
#57 = ORIENTED_EDGE ( 'NONE', *, *, #1433, .T. ) ;
#58 = LINE ( 'NONE', #1247, #350 ) ;
#59 = CARTESIAN_POINT ( 'NONE',  ( 3.062114782802773494, 0.3000000000000016542, -6.102763747375538728 ) ) ;
#60 = DIRECTION ( 'NONE',  ( 0.000000000000000000, -0.000000000000000000, -1.000000000000000000 ) ) ;
#61 = DIRECTION ( 'NONE',  ( 0.000000000000000000, -1.000000000000000000, 0.000000000000000000 ) ) ;
#62 = EDGE_LOOP ( 'NONE', ( #1638, #476, #1090, #1451 ) ) ;
#63 = LINE ( 'NONE', #774, #523 ) ;
#64 = ORIENTED_EDGE ( 'NONE', *, *, #1220, .F. ) ;
#65 = CYLINDRICAL_SURFACE ( 'NONE', #201, 2.500000000000000444 ) ;
#66 = FACE_OUTER_BOUND ( 'NONE', #62, .T. ) ;
#67 = CIRCLE ( 'NONE', #1617, 0.2999999999999999889 ) ;
#68 = ORIENTED_EDGE ( 'NONE', *, *, #105, .T. ) ;
#69 = ADVANCED_FACE ( 'NONE', ( #677 ), #1405, .T. ) ;
#70 = DIRECTION ( 'NONE',  ( -1.445602896647339311E-15, 0.000000000000000000, 1.000000000000000000 ) ) ;
#71 = EDGE_CURVE ( 'NONE', #1680, #834, #1739, .T. ) ;
#72 = LINE ( 'NONE', #780, #336 ) ;
#73 = EDGE_LOOP ( 'NONE', ( #723, #308, #901, #1081 ) ) ;
#74 = AXIS2_PLACEMENT_3D ( 'NONE', #1544, #669, #1255 ) ;
#75 = DIRECTION ( 'NONE',  ( 0.000000000000000000, -1.000000000000000000, 0.000000000000000000 ) ) ;
#76 = ORIENTED_EDGE ( 'NONE', *, *, #825, .T. ) ;
#77 = CIRCLE ( 'NONE', #1779, 0.2999999999999999334 ) ;
#78 = VECTOR ( 'NONE', #302, 1000.000000000000000 ) ;
#79 = CARTESIAN_POINT ( 'NONE',  ( 4.223922533717389349, 0.3000000000000016542, -3.250000000000001332 ) ) ;
#80 = DIRECTION ( 'NONE',  ( 0.000000000000000000, 0.000000000000000000, 1.000000000000000000 ) ) ;
#81 = EDGE_LOOP ( 'NONE', ( #744, #601, #1272, #1181 ) ) ;
#82 = AXIS2_PLACEMENT_3D ( 'NONE', #29, #1774, #1620 ) ;
#83 = EDGE_CURVE ( 'NONE', #1461, #870, #1677, .T. ) ;
#84 = DIRECTION ( 'NONE',  ( -0.000000000000000000, 1.807003620809164032E-16, 1.000000000000000000 ) ) ;
#85 = VECTOR ( 'NONE', #1757, 1000.000000000000000 ) ;
#86 = DIRECTION ( 'NONE',  ( -1.000000000000000000, 0.000000000000000000, 0.000000000000000000 ) ) ;
#87 = CYLINDRICAL_SURFACE ( 'NONE', #1372, 0.2999999999999999334 ) ;
#88 = DIRECTION ( 'NONE',  ( -0.000000000000000000, 1.000000000000000000, -0.000000000000000000 ) ) ;
#89 = ORIENTED_EDGE ( 'NONE', *, *, #772, .F. ) ;
#90 = CARTESIAN_POINT ( 'NONE',  ( 2.803922533717362775, 0.000000000000000000, -5.950000000000000178 ) ) ;
#91 = CARTESIAN_POINT ( 'NONE',  ( -2.850000000000000089, 0.3000000000000016542, -3.250000000000069722 ) ) ;
#92 = VERTEX_POINT ( 'NONE', #802 ) ;
#93 = DIRECTION ( 'NONE',  ( 0.5092124912517863589, -0.000000000000000000, -0.8606408302847067260 ) ) ;
#94 = DIRECTION ( 'NONE',  ( 0.000000000000000000, 0.000000000000000000, 1.000000000000000000 ) ) ;
#95 = ADVANCED_FACE ( 'NONE', ( #1390 ), #87, .T. ) ;
#96 = CYLINDRICAL_SURFACE ( 'NONE', #1625, 0.2999999999999998779 ) ;
#97 = ORIENTED_EDGE ( 'NONE', *, *, #344, .F. ) ;
#98 = EDGE_CURVE ( 'NONE', #1630, #773, #543, .T. ) ;
#99 = LINE ( 'NONE', #1118, #231 ) ;
#100 = EDGE_LOOP ( 'NONE', ( #511, #49, #1516, #1778 ) ) ;
#101 = AXIS2_PLACEMENT_3D ( 'NONE', #1364, #220, #354 ) ;
#102 = PLANE ( 'NONE',  #255 ) ;
#103 = DIRECTION ( 'NONE',  ( -0.5092124912517924651, 0.000000000000000000, -0.8606408302847031733 ) ) ;
#104 = DIRECTION ( 'NONE',  ( 0.000000000000000000, 0.000000000000000000, -1.000000000000000000 ) ) ;
#105 = EDGE_CURVE ( 'NONE', #1552, #119, #427, .T. ) ;
#106 = ORIENTED_EDGE ( 'NONE', *, *, #471, .F. ) ;
#107 = TOROIDAL_SURFACE ( 'NONE', #1439, 0.5999999999999999778, 0.2999999999999999889 ) ;
#108 = EDGE_CURVE ( 'NONE', #796, #181, #852, .T. ) ;
#109 = CARTESIAN_POINT ( 'NONE',  ( -8.102984657523405433E-16, 19.69999999999999929, -3.550000000000070433 ) ) ;
#110 = TOROIDAL_SURFACE ( 'NONE', #136, 2.800000000000000266, 0.2999999999999999889 ) ;
#111 = ORIENTED_EDGE ( 'NONE', *, *, #568, .F. ) ;
#112 = VECTOR ( 'NONE', #1, 1000.000000000000000 ) ;
#113 = DIRECTION ( 'NONE',  ( 0.000000000000000000, 0.000000000000000000, -1.000000000000000000 ) ) ;
#114 = VECTOR ( 'NONE', #631, 1000.000000000000000 ) ;
#115 = CARTESIAN_POINT ( 'NONE',  ( 2.850000000000000089, 14.69246458943531231, 0.2660377358490564892 ) ) ;
#116 = ORIENTED_EDGE ( 'NONE', *, *, #108, .F. ) ;
#117 = EDGE_CURVE ( 'NONE', #1718, #1771, #1738, .T. ) ;
#118 = DIRECTION ( 'NONE',  ( -0.5092124912517874691, 0.000000000000000000, 0.8606408302847061709 ) ) ;
#119 = VERTEX_POINT ( 'NONE', #550 ) ;
#120 = DIRECTION ( 'NONE',  ( 0.000000000000000000, 0.000000000000000000, -1.000000000000000000 ) ) ;
#121 = CARTESIAN_POINT ( 'NONE',  ( 2.597511766064886540, 12.50000000000000355, -4.235164736271501695E-19 ) ) ;
#122 = CARTESIAN_POINT ( 'NONE',  ( 3.062114782802773494, 19.69999999999999929, -6.102763747375538728 ) ) ;
#123 = ORIENTED_EDGE ( 'NONE', *, *, #44, .T. ) ;
#124 = CARTESIAN_POINT ( 'NONE',  ( 4.223922533717389349, 0.2999999999999999889, -3.550000000000001155 ) ) ;
#125 = VERTEX_POINT ( 'NONE', #1004 ) ;
#126 = LINE ( 'NONE', #1728, #318 ) ;
#127 = EDGE_CURVE ( 'NONE', #450, #1536, #35, .T. ) ;
#128 = AXIS2_PLACEMENT_3D ( 'NONE', #1442, #1282, #1877 ) ;
#129 = EDGE_CURVE ( 'NONE', #762, #1680, #1492, .T. ) ;
#130 = DIRECTION ( 'NONE',  ( 0.000000000000000000, 0.000000000000000000, 1.000000000000000000 ) ) ;
#131 = DIRECTION ( 'NONE',  ( 0.000000000000000000, 1.000000000000000000, 0.000000000000000000 ) ) ;
#132 = AXIS2_PLACEMENT_3D ( 'NONE', #460, #18, #1028 ) ;
#133 = VERTEX_POINT ( 'NONE', #994 ) ;
#134 = AXIS2_PLACEMENT_3D ( 'NONE', #1384, #84, #655 ) ;
#135 = DIRECTION ( 'NONE',  ( 1.000000000000000000, -0.000000000000000000, 0.000000000000000000 ) ) ;
#136 = AXIS2_PLACEMENT_3D ( 'NONE', #212, #503, #1373 ) ;
#137 = CARTESIAN_POINT ( 'NONE',  ( -2.550000000000000266, 4.708497377870820344, -0.2999999999999999889 ) ) ;
#138 = VECTOR ( 'NONE', #1413, 1000.000000000000000 ) ;
#139 = CARTESIAN_POINT ( 'NONE',  ( -2.643188439162379666, 12.51164367025329405, -0.01160065020790410073 ) ) ;
#140 = EDGE_CURVE ( 'NONE', #699, #125, #1863, .T. ) ;
#141 = CIRCLE ( 'NONE', #411, 0.2999999999999999334 ) ;
#142 = ORIENTED_EDGE ( 'NONE', *, *, #404, .T. ) ;
#143 = FACE_OUTER_BOUND ( 'NONE', #154, .T. ) ;
#144 = ORIENTED_EDGE ( 'NONE', *, *, #570, .T. ) ;
#145 = CARTESIAN_POINT ( 'NONE',  ( 4.223922533717389349, 0.000000000000000000, -3.550000000000001155 ) ) ;
#146 = FACE_OUTER_BOUND ( 'NONE', #1498, .T. ) ;
#147 = ORIENTED_EDGE ( 'NONE', *, *, #482, .F. ) ;
#148 = DIRECTION ( 'NONE',  ( 0.000000000000000000, 1.445602896647339311E-15, -1.000000000000000000 ) ) ;
#149 = EDGE_CURVE ( 'NONE', #773, #1588, #706, .T. ) ;
#150 = ORIENTED_EDGE ( 'NONE', *, *, #609, .F. ) ;
#151 = UNCERTAINTY_MEASURE_WITH_UNIT (LENGTH_MEASURE( 1.000000000000000082E-05 ), #1507, 'distance_accuracy_value', 'NONE');
#152 = DIRECTION ( 'NONE',  ( 0.000000000000000000, -0.000000000000000000, 1.000000000000000000 ) ) ;
#153 = EDGE_CURVE ( 'NONE', #603, #1096, #457, .T. ) ;
#154 = EDGE_LOOP ( 'NONE', ( #16, #366, #1029, #1308 ) ) ;
#155 = CARTESIAN_POINT ( 'NONE',  ( 2.550000000000000266, 4.708497377870820344, 0.2999999999999999889 ) ) ;
#156 = DIRECTION ( 'NONE',  ( 0.000000000000000000, -0.000000000000000000, 1.000000000000000000 ) ) ;
#157 = CARTESIAN_POINT ( 'NONE',  ( 2.550000000000000266, 10.00000000000000000, -4.592425496802574958E-16 ) ) ;
#158 = ORIENTED_EDGE ( 'NONE', *, *, #299, .F. ) ;
#159 = DIRECTION ( 'NONE',  ( -0.8606408302847069480, 0.000000000000000000, -0.5092124912517862478 ) ) ;
#160 = VECTOR ( 'NONE', #93, 1000.000000000000114 ) ;
#161 = DIRECTION ( 'NONE',  ( 0.000000000000000000, 0.000000000000000000, -1.000000000000000000 ) ) ;
#162 = ORIENTED_EDGE ( 'NONE', *, *, #529, .F. ) ;
#163 = EDGE_CURVE ( 'NONE', #298, #1461, #1787, .T. ) ;
#164 = CARTESIAN_POINT ( 'NONE',  ( 2.550000000000000266, 0.000000000000000000, -3.550000000000000711 ) ) ;
#165 = DIRECTION ( 'NONE',  ( -1.000000000000000000, 0.000000000000000000, 0.000000000000000000 ) ) ;
#166 = DIRECTION ( 'NONE',  ( 0.000000000000000000, 0.000000000000000000, 1.000000000000000000 ) ) ;
#167 = CIRCLE ( 'NONE', #134, 0.3000000000000016542 ) ;
#168 = VERTEX_POINT ( 'NONE', #970 ) ;
#169 = DIRECTION ( 'NONE',  ( 0.5092124912517861368, 2.208357157087757831E-15, -0.8606408302847069480 ) ) ;
#170 = AXIS2_PLACEMENT_3D ( 'NONE', #840, #1574, #113 ) ;
#171 = ORIENTED_EDGE ( 'NONE', *, *, #1770, .F. ) ;
#172 = CIRCLE ( 'NONE', #1542, 0.2999999999999999334 ) ;
#173 = CARTESIAN_POINT ( 'NONE',  ( 2.850000000000000089, 12.78388218141501120, -0.2999999999999997669 ) ) ;
#174 = ORIENTED_EDGE ( 'NONE', *, *, #491, .F. ) ;
#175 = FACE_OUTER_BOUND ( 'NONE', #967, .T. ) ;
#176 = CARTESIAN_POINT ( 'NONE',  ( 2.850000000000000089, 0.3000000000000016542, -3.250000000000000888 ) ) ;
#177 = DIRECTION ( 'NONE',  ( 0.000000000000000000, 0.000000000000000000, 1.000000000000000000 ) ) ;
#178 = ORIENTED_EDGE ( 'NONE', *, *, #685, .F. ) ;
#179 = CARTESIAN_POINT ( 'NONE',  ( -3.062114782802843216, 0.3000000000000016542, -6.102763747375536063 ) ) ;
#180 = VECTOR ( 'NONE', #1424, 1000.000000000000000 ) ;
#181 = VERTEX_POINT ( 'NONE', #689 ) ;
#182 = ORIENTED_EDGE ( 'NONE', *, *, #414, .F. ) ;
#183 = DIRECTION ( 'NONE',  ( -1.000000000000000000, 0.000000000000000000, -0.000000000000000000 ) ) ;
#184 = CARTESIAN_POINT ( 'NONE',  ( -4.223922533717394678, 19.69999999999999929, -3.550000000000069100 ) ) ;
#185 = EDGE_CURVE ( 'NONE', #834, #1065, #724, .T. ) ;
#186 = CARTESIAN_POINT ( 'NONE',  ( -2.550000000000000266, 0.2999999999999999889, -0.2999999999999999889 ) ) ;
#187 = LINE ( 'NONE', #348, #612 ) ;
#188 = VERTEX_POINT ( 'NONE', #115 ) ;
#189 = DIRECTION ( 'NONE',  ( -1.000000000000000000, -0.000000000000000000, -0.000000000000000000 ) ) ;
#190 = DIRECTION ( 'NONE',  ( 0.000000000000000000, 1.000000000000000000, 0.000000000000000000 ) ) ;
#191 = SPHERICAL_SURFACE ( 'NONE', #1136, 0.2999999999999999889 ) ;
#192 = DIRECTION ( 'NONE',  ( 1.000000000000000000, 0.000000000000000000, -2.282530889443167515E-16 ) ) ;
#193 = CIRCLE ( 'NONE', #1259, 0.2999999999999999334 ) ;
#194 = ADVANCED_FACE ( 'NONE', ( #1427 ), #1715, .T. ) ;
#195 = CIRCLE ( 'NONE', #1200, 0.2999999999999999889 ) ;
#196 = VERTEX_POINT ( 'NONE', #1271 ) ;
#197 = AXIS2_PLACEMENT_3D ( 'NONE', #325, #190, #156 ) ;
#198 = CARTESIAN_POINT ( 'NONE',  ( -4.223922533717394678, 20.00000000000000000, -3.550000000000069100 ) ) ;
#199 = AXIS2_PLACEMENT_3D ( 'NONE', #109, #1717, #1576 ) ;
#200 = VERTEX_POINT ( 'NONE', #122 ) ;
#201 = AXIS2_PLACEMENT_3D ( 'NONE', #1088, #1833, #1227 ) ;
#202 = FACE_OUTER_BOUND ( 'NONE', #1690, .T. ) ;
#203 = DIRECTION ( 'NONE',  ( -1.000000000000000000, 0.000000000000000000, 0.000000000000000000 ) ) ;
#204 = LINE ( 'NONE', #626, #1158 ) ;
#205 = ADVANCED_FACE ( 'NONE', ( #1155 ), #267, .T. ) ;
#206 = DIRECTION ( 'NONE',  ( 0.000000000000000000, 0.000000000000000000, -1.000000000000000000 ) ) ;
#207 = VERTEX_POINT ( 'NONE', #560 ) ;
#208 = ADVANCED_FACE ( 'NONE', ( #1147 ), #1489, .T. ) ;
#209 = DIRECTION ( 'NONE',  ( 0.000000000000000000, 0.000000000000000000, -1.000000000000000000 ) ) ;
#210 = DIRECTION ( 'NONE',  ( 0.000000000000000000, -1.000000000000000000, 0.000000000000000000 ) ) ;
#211 = ORIENTED_EDGE ( 'NONE', *, *, #1076, .T. ) ;
#212 = CARTESIAN_POINT ( 'NONE',  ( 2.550000000000000266, 10.00000000000000000, -4.592425496802574958E-16 ) ) ;
#213 = CARTESIAN_POINT ( 'NONE',  ( 4.749999999999999112, 19.69999999999999929, -3.250000000000001332 ) ) ;
#214 = DIRECTION ( 'NONE',  ( 0.000000000000000000, 0.000000000000000000, 1.000000000000000000 ) ) ;
#215 = CARTESIAN_POINT ( 'NONE',  ( -3.149999999999999911, 20.00000000000000000, -3.250000000000069722 ) ) ;
#216 = ORIENTED_EDGE ( 'NONE', *, *, #1537, .F. ) ;
#217 = CARTESIAN_POINT ( 'NONE',  ( 2.803922533717362331, 19.69999999999999929, -5.950000000000001066 ) ) ;
#218 = CARTESIAN_POINT ( 'NONE',  ( 2.550000000000000266, 10.00000000000000000, -1.783501221239376673E-15 ) ) ;
#219 = ORIENTED_EDGE ( 'NONE', *, *, #480, .F. ) ;
#220 = DIRECTION ( 'NONE',  ( -1.000000000000000000, 0.000000000000000000, -0.000000000000000000 ) ) ;
#221 = CARTESIAN_POINT ( 'NONE',  ( 2.850000000000000089, 10.00000000000000000, -1.783501221239376673E-15 ) ) ;
#222 = PRODUCT_DEFINITION_SHAPE ( 'NONE', 'NONE',  #445 ) ;
#223 = AXIS2_PLACEMENT_3D ( 'NONE', #198, #75, #782 ) ;
#224 = DIRECTION ( 'NONE',  ( -1.807003620809174878E-16, 0.000000000000000000, 1.000000000000000000 ) ) ;
#225 = ORIENTED_EDGE ( 'NONE', *, *, #961, .F. ) ;
#226 = CIRCLE ( 'NONE', #1503, 0.3000000000000002109 ) ;
#227 = VECTOR ( 'NONE', #30, 1000.000000000000000 ) ;
#228 = FACE_OUTER_BOUND ( 'NONE', #1850, .T. ) ;
#229 = CARTESIAN_POINT ( 'NONE',  ( 2.850000000000000089, 10.00000000000000000, 4.699999999999997513 ) ) ;
#230 = ORIENTED_EDGE ( 'NONE', *, *, #1888, .F. ) ;
#231 = VECTOR ( 'NONE', #850, 1000.000000000000000 ) ;
#232 = CARTESIAN_POINT ( 'NONE',  ( -4.523922533717394501, 19.69999999999999929, -3.550000000000069100 ) ) ;
#233 = ADVANCED_FACE ( 'NONE', ( #421 ), #599, .T. ) ;
#234 = DIRECTION ( 'NONE',  ( 0.000000000000000000, 0.000000000000000000, 1.000000000000000000 ) ) ;
#235 = DIRECTION ( 'NONE',  ( 0.5092124912517924651, -0.000000000000000000, 0.8606408302847030622 ) ) ;
#236 = ORIENTED_EDGE ( 'NONE', *, *, #866, .T. ) ;
#237 = FACE_OUTER_BOUND ( 'NONE', #278, .T. ) ;
#238 = ORIENTED_EDGE ( 'NONE', *, *, #910, .T. ) ;
#239 = DIRECTION ( 'NONE',  ( -0.8606408302847031733, 0.000000000000000000, 0.5092124912517925761 ) ) ;
#240 = CARTESIAN_POINT ( 'NONE',  ( -4.482114782802806729, 20.00000000000000000, -3.702763747375605430 ) ) ;
#241 = ADVANCED_FACE ( 'NONE', ( #1193 ), #1777, .T. ) ;
#242 = ORIENTED_EDGE ( 'NONE', *, *, #905, .T. ) ;
#243 = ORIENTED_EDGE ( 'NONE', *, *, #270, .F. ) ;
#244 = CARTESIAN_POINT ( 'NONE',  ( -2.850000000000000089, 20.00000000000000000, -0.2999999999999999889 ) ) ;
#245 = AXIS2_PLACEMENT_3D ( 'NONE', #1700, #1510, #104 ) ;
#246 = EDGE_LOOP ( 'NONE', ( #1319, #728, #1026 ) ) ;
#247 = FACE_OUTER_BOUND ( 'NONE', #417, .T. ) ;
#248 = ADVANCED_BREP_SHAPE_REPRESENTATION ( 'cable_tie_mount', ( #763, #384 ), #1597 ) ;
#249 = EDGE_CURVE ( 'NONE', #353, #1605, #41, .T. ) ;
#250 = CARTESIAN_POINT ( 'NONE',  ( 2.550000000000000266, 20.00000000000000000, 0.000000000000000000 ) ) ;
#251 = EDGE_CURVE ( 'NONE', #1137, #575, #1320, .T. ) ;
#252 = ORIENTED_EDGE ( 'NONE', *, *, #129, .F. ) ;
#253 = CIRCLE ( 'NONE', #1565, 0.2999999999999999334 ) ;
#254 = LINE ( 'NONE', #851, #1591 ) ;
#255 = AXIS2_PLACEMENT_3D ( 'NONE', #1805, #341, #385 ) ;
#256 = ORIENTED_EDGE ( 'NONE', *, *, #482, .T. ) ;
#257 = CIRCLE ( 'NONE', #1504, 4.999999999999999112 ) ;
#258 = AXIS2_PLACEMENT_3D ( 'NONE', #311, #1744, #1477 ) ;
#259 = DIRECTION ( 'NONE',  ( -4.565061778886337002E-16, 0.000000000000000000, -1.000000000000000000 ) ) ;
#260 = DIRECTION ( 'NONE',  ( -0.000000000000000000, -0.000000000000000000, 1.000000000000000000 ) ) ;
#261 = ORIENTED_EDGE ( 'NONE', *, *, #1842, .T. ) ;
#262 = EDGE_CURVE ( 'NONE', #575, #207, #906, .T. ) ;
#263 = CARTESIAN_POINT ( 'NONE',  ( 2.850000000000000089, 7.216117818584987909, -0.2999999999999999334 ) ) ;
#264 = ORIENTED_EDGE ( 'NONE', *, *, #541, .F. ) ;
#265 = DIRECTION ( 'NONE',  ( 0.000000000000000000, 0.000000000000000000, 1.000000000000000000 ) ) ;
#266 = DIRECTION ( 'NONE',  ( 4.179535469590308952E-30, -1.445602896647331225E-15, -1.000000000000000000 ) ) ;
#267 = CYLINDRICAL_SURFACE ( 'NONE', #128, 0.3000000000000000444 ) ;
#268 = DIRECTION ( 'NONE',  ( 0.000000000000000000, -0.000000000000000000, 1.000000000000000000 ) ) ;
#269 = VERTEX_POINT ( 'NONE', #179 ) ;
#270 = EDGE_CURVE ( 'NONE', #1867, #1680, #1751, .T. ) ;
#271 =( BOUNDED_CURVE ( )  B_SPLINE_CURVE ( 3, ( #1649, #519, #351, #1238 ),
 .UNSPECIFIED., .F., .F. ) 
 B_SPLINE_CURVE_WITH_KNOTS ( ( 4, 4 ),
 ( 4.712388980384689674, 6.283185307179586232 ),
 .UNSPECIFIED. ) 
 CURVE ( )  GEOMETRIC_REPRESENTATION_ITEM ( )  RATIONAL_B_SPLINE_CURVE ( ( 1.000000000000000000, 0.8047378541243649375, 0.8047378541243649375, 1.000000000000000000 ) ) 
 REPRESENTATION_ITEM ( '' )  );
#272 = CARTESIAN_POINT ( 'NONE',  ( 4.223922533717391126, 19.69999999999999929, -3.550000000000001155 ) ) ;
#273 = EDGE_CURVE ( 'NONE', #1125, #1867, #429, .T. ) ;
#274 = DIRECTION ( 'NONE',  ( 1.000000000000000000, -0.000000000000000000, 0.000000000000000000 ) ) ;
#275 = AXIS2_PLACEMENT_3D ( 'NONE', #1839, #536, #1669 ) ;
#276 = ORIENTED_EDGE ( 'NONE', *, *, #1277, .F. ) ;
#277 = DIRECTION ( 'NONE',  ( -0.000000000000000000, 1.000000000000000000, -0.000000000000000000 ) ) ;
#278 = EDGE_LOOP ( 'NONE', ( #1623, #1711, #1267, #1454 ) ) ;
#279 = CARTESIAN_POINT ( 'NONE',  ( -2.803922533717431165, 19.69999999999999929, -5.950000000000000178 ) ) ;
#280 = VECTOR ( 'NONE', #1456, 1000.000000000000114 ) ;
#281 = EDGE_LOOP ( 'NONE', ( #559, #230, #171, #889 ) ) ;
#282 = AXIS2_PLACEMENT_3D ( 'NONE', #1404, #1675, #797 ) ;
#283 = DIRECTION ( 'NONE',  ( 0.000000000000000000, -1.000000000000000000, 0.000000000000000000 ) ) ;
#284 = CARTESIAN_POINT ( 'NONE',  ( 2.850000000000000089, 7.500000000000000000, 2.755455298081544778E-15 ) ) ;
#285 = DIRECTION ( 'NONE',  ( 0.000000000000000000, 0.000000000000000000, -1.000000000000000000 ) ) ;
#286 = AXIS2_PLACEMENT_3D ( 'NONE', #722, #1557, #1862 ) ;
#287 = EDGE_CURVE ( 'NONE', #450, #773, #67, .T. ) ;
#288 = TOROIDAL_SURFACE ( 'NONE', #920, 0.5999999999999999778, 0.2999999999999999889 ) ;
#289 = VERTEX_POINT ( 'NONE', #1462 ) ;
#290 = DIRECTION ( 'NONE',  ( -1.000000000000000000, -0.000000000000000000, -0.000000000000000000 ) ) ;
#291 = TOROIDAL_SURFACE ( 'NONE', #1140, 0.5999999999999999778, 0.2999999999999999889 ) ;
#292 = ORIENTED_EDGE ( 'NONE', *, *, #568, .T. ) ;
#293 = EDGE_LOOP ( 'NONE', ( #1475, #1889, #1484 ) ) ;
#294 = DIRECTION ( 'NONE',  ( 0.000000000000000000, 0.000000000000000000, -1.000000000000000000 ) ) ;
#295 = DIRECTION ( 'NONE',  ( 0.000000000000000000, 0.05660377358490622374, -0.9983967211564492850 ) ) ;
#296 = ORIENTED_EDGE ( 'NONE', *, *, #1735, .T. ) ;
#297 = CARTESIAN_POINT ( 'NONE',  ( 2.550000000000000266, 4.708497377870820344, 0.2999999999999999889 ) ) ;
#298 = VERTEX_POINT ( 'NONE', #305 ) ;
#299 = EDGE_CURVE ( 'NONE', #1015, #661, #307, .T. ) ;
#300 = EDGE_LOOP ( 'NONE', ( #296, #917, #1270, #1178 ) ) ;
#301 = CARTESIAN_POINT ( 'NONE',  ( 2.850000000000000089, 4.708497377870820344, -0.2999999999999999334 ) ) ;
#302 = DIRECTION ( 'NONE',  ( 0.000000000000000000, 0.000000000000000000, -1.000000000000000000 ) ) ;
#303 = DIRECTION ( 'NONE',  ( 0.5092124912517970170, -0.000000000000000000, 0.8606408302847006198 ) ) ;
#304 = ORIENTED_EDGE ( 'NONE', *, *, #491, .T. ) ;
#305 = CARTESIAN_POINT ( 'NONE',  ( -2.850000000000000089, 12.78388218141501120, -0.2999999999999999889 ) ) ;
#306 = AXIS2_PLACEMENT_3D ( 'NONE', #781, #1820, #1085 ) ;
#307 = CIRCLE ( 'NONE', #791, 0.2999999999999998779 ) ;
#308 = ORIENTED_EDGE ( 'NONE', *, *, #425, .T. ) ;
#309 = FACE_OUTER_BOUND ( 'NONE', #1331, .T. ) ;
#310 = ORIENTED_EDGE ( 'NONE', *, *, #822, .T. ) ;
#311 = CARTESIAN_POINT ( 'NONE',  ( -2.550000000000000266, 20.00000000000000000, -0.2999999999999999889 ) ) ;
#312 = DIRECTION ( 'NONE',  ( 0.000000000000000000, 0.000000000000000000, -1.000000000000000000 ) ) ;
#313 = AXIS2_PLACEMENT_3D ( 'NONE', #1077, #1236, #956 ) ;
#314 = DIRECTION ( 'NONE',  ( 0.000000000000000000, 0.05660377358490605720, 0.9983967211564493960 ) ) ;
#315 = CIRCLE ( 'NONE', #1844, 2.800000000000000266 ) ;
#316 = EDGE_LOOP ( 'NONE', ( #1046, #1421, #1446, #462 ) ) ;
#317 = DIRECTION ( 'NONE',  ( 0.000000000000000000, 0.000000000000000000, 1.000000000000000000 ) ) ;
#318 = VECTOR ( 'NONE', #1578, 1000.000000000000000 ) ;
#319 = EDGE_LOOP ( 'NONE', ( #346, #929, #579, #219 ) ) ;
#320 = AXIS2_PLACEMENT_3D ( 'NONE', #1050, #283, #729 ) ;
#321 = DIRECTION ( 'NONE',  ( 0.8606408302847069480, 0.000000000000000000, 0.5092124912517862478 ) ) ;
#322 = ORIENTED_EDGE ( 'NONE', *, *, #367, .T. ) ;
#323 = ADVANCED_FACE ( 'NONE', ( #467 ), #1054, .F. ) ;
#324 = LINE ( 'NONE', #902, #85 ) ;
#325 = CARTESIAN_POINT ( 'NONE',  ( 0.000000000000000000, 20.00000000000000000, 0.000000000000000000 ) ) ;
#326 = ADVANCED_FACE ( 'NONE', ( #441 ), #589, .F. ) ;
#327 = FACE_OUTER_BOUND ( 'NONE', #1437, .T. ) ;
#328 = CARTESIAN_POINT ( 'NONE',  ( 2.550000000000000266, 20.00000000000000000, -3.250000000000000888 ) ) ;
#329 = CARTESIAN_POINT ( 'NONE',  ( -2.550000000000000266, 0.000000000000000000, -2.950000000000069900 ) ) ;
#330 = ORIENTED_EDGE ( 'NONE', *, *, #971, .F. ) ;
#331 = DIRECTION ( 'NONE',  ( 0.000000000000000000, 0.000000000000000000, -1.000000000000000000 ) ) ;
#332 = DIRECTION ( 'NONE',  ( 0.000000000000000000, 0.000000000000000000, 1.000000000000000000 ) ) ;
#333 = DIRECTION ( 'NONE',  ( 0.000000000000000000, 0.000000000000000000, -1.000000000000000000 ) ) ;
#334 = CARTESIAN_POINT ( 'NONE',  ( -2.975000000000034728, 20.00000000000000000, -6.250000000000000000 ) ) ;
#335 = ORIENTED_EDGE ( 'NONE', *, *, #262, .F. ) ;
#336 = VECTOR ( 'NONE', #799, 1000.000000000000000 ) ;
#337 = DIRECTION ( 'NONE',  ( 0.000000000000000000, 0.000000000000000000, 1.000000000000000000 ) ) ;
#338 = ORIENTED_EDGE ( 'NONE', *, *, #1580, .F. ) ;
#339 = DIRECTION ( 'NONE',  ( 0.000000000000000000, 0.000000000000000000, -1.000000000000000000 ) ) ;
#340 = CARTESIAN_POINT ( 'NONE',  ( -2.850000000000000089, 19.69999999999999929, -2.950000000000069900 ) ) ;
#341 = DIRECTION ( 'NONE',  ( 0.000000000000000000, 0.000000000000000000, -1.000000000000000000 ) ) ;
#342 = CARTESIAN_POINT ( 'NONE',  ( -2.850000000000000089, 14.69246458943531231, 0.2660377358490564892 ) ) ;
#343 = AXIS2_PLACEMENT_3D ( 'NONE', #1141, #118, #1436 ) ;
#344 = EDGE_CURVE ( 'NONE', #1841, #289, #607, .T. ) ;
#345 = PRESENTATION_LAYER_ASSIGNMENT (  '', '', ( #980 ) ) ;
#346 = ORIENTED_EDGE ( 'NONE', *, *, #1641, .F. ) ;
#347 = AXIS2_PLACEMENT_3D ( 'NONE', #1355, #1758, #51 ) ;
#348 = CARTESIAN_POINT ( 'NONE',  ( -4.750000000000000000, 0.3000000000000016542, -3.250000000000069278 ) ) ;
#349 = EDGE_LOOP ( 'NONE', ( #1313, #178, #998, #150 ) ) ;
#350 = VECTOR ( 'NONE', #189, 1000.000000000000000 ) ;
#351 = CARTESIAN_POINT ( 'NONE',  ( 2.850000000000000089, 0.1242640687119301729, -3.250000000000000888 ) ) ;
#352 = FACE_OUTER_BOUND ( 'NONE', #1851, .T. ) ;
#353 = VERTEX_POINT ( 'NONE', #1604 ) ;
#354 = DIRECTION ( 'NONE',  ( 0.000000000000000000, -2.891205793294678622E-15, -1.000000000000000000 ) ) ;
#355 = ADVANCED_FACE ( 'NONE', ( #456 ), #33, .F. ) ;
#356 = DIRECTION ( 'NONE',  ( 1.000000000000000000, -0.000000000000000000, -0.000000000000000000 ) ) ;
#357 = CARTESIAN_POINT ( 'NONE',  ( 2.550000000000000266, 10.00000000000000000, 4.999999999999997335 ) ) ;
#358 = ORIENTED_EDGE ( 'NONE', *, *, #825, .F. ) ;
#359 = DIRECTION ( 'NONE',  ( 0.000000000000000000, 1.000000000000000000, 0.000000000000000000 ) ) ;
#360 = DIRECTION ( 'NONE',  ( 1.000000000000000000, -1.445602896647331225E-15, -0.000000000000000000 ) ) ;
#361 = ORIENTED_EDGE ( 'NONE', *, *, #1643, .F. ) ;
#362 = CARTESIAN_POINT ( 'NONE',  ( -2.850000000000000089, 19.69999999999999929, -3.250000000000069722 ) ) ;
#363 = DIRECTION ( 'NONE',  ( 1.000000000000000000, -0.000000000000000000, 0.000000000000000000 ) ) ;
#364 = DIRECTION ( 'NONE',  ( 0.000000000000000000, -1.000000000000000000, 0.000000000000000000 ) ) ;
#365 = DIRECTION ( 'NONE',  ( 0.000000000000000000, -1.000000000000000000, 0.000000000000000000 ) ) ;
#366 = ORIENTED_EDGE ( 'NONE', *, *, #1001, .T. ) ;
#367 = EDGE_CURVE ( 'NONE', #1841, #1636, #1651, .T. ) ;
#368 = DIRECTION ( 'NONE',  ( 0.000000000000000000, 0.000000000000000000, 1.000000000000000000 ) ) ;
#369 = DIRECTION ( 'NONE',  ( -1.000000000000000000, 0.000000000000000000, 0.000000000000000000 ) ) ;
#370 = ORIENTED_EDGE ( 'NONE', *, *, #855, .T. ) ;
#371 = EDGE_CURVE ( 'NONE', #1703, #670, #671, .T. ) ;
#372 = DIRECTION ( 'NONE',  ( -0.000000000000000000, 1.000000000000000000, -0.000000000000000000 ) ) ;
#373 = DIRECTION ( 'NONE',  ( 0.000000000000000000, -1.000000000000000000, 0.000000000000000000 ) ) ;
#374 = VECTOR ( 'NONE', #628, 1000.000000000000000 ) ;
#375 = CARTESIAN_POINT ( 'NONE',  ( 2.725735931288071789, 20.00000000000000000, -3.374264068711929632 ) ) ;
#376 = VECTOR ( 'NONE', #895, 1000.000000000000000 ) ;
#377 = CARTESIAN_POINT ( 'NONE',  ( 4.684454734094444461, 0.000000000000000000, -2.771635717672599419 ) ) ;
#378 = EDGE_LOOP ( 'NONE', ( #1376, #1184, #824, #225 ) ) ;
#379 = AXIS2_PLACEMENT_3D ( 'NONE', #272, #1883, #583 ) ;
#380 = AXIS2_PLACEMENT_3D ( 'NONE', #435, #758, #1172 ) ;
#381 = DIRECTION ( 'NONE',  ( 0.000000000000000000, 0.000000000000000000, 1.000000000000000000 ) ) ;
#382 = EDGE_LOOP ( 'NONE', ( #1832, #549, #1763, #517 ) ) ;
#383 = ADVANCED_FACE ( 'NONE', ( #513 ), #485, .T. ) ;
#384 = AXIS2_PLACEMENT_3D ( 'NONE', #700, #531, #709 ) ;
#385 = DIRECTION ( 'NONE',  ( -1.000000000000000000, 0.000000000000000000, -0.000000000000000000 ) ) ;
#386 = CARTESIAN_POINT ( 'NONE',  ( 2.550000000000000266, 5.008016394217754907, 0.2830188679245282390 ) ) ;
#387 = VERTEX_POINT ( 'NONE', #1103 ) ;
#388 = ORIENTED_EDGE ( 'NONE', *, *, #1233, .F. ) ;
#389 = CARTESIAN_POINT ( 'NONE',  ( 2.720624762410537745, 7.450902502933381299, -0.04950947159812404963 ) ) ;
#390 = VERTEX_POINT ( 'NONE', #1232 ) ;
#391 = EDGE_CURVE ( 'NONE', #762, #834, #913, .T. ) ;
#392 = DIRECTION ( 'NONE',  ( 0.000000000000000000, -1.000000000000000000, 0.000000000000000000 ) ) ;
#393 = CARTESIAN_POINT ( 'NONE',  ( -2.803922533717431165, 0.3000000000000016542, -6.250000000000000000 ) ) ;
#394 = EDGE_CURVE ( 'NONE', #946, #1588, #1802, .T. ) ;
#395 = CARTESIAN_POINT ( 'NONE',  ( -2.597511766064886540, 12.50000000000000355, 4.235164736271501695E-19 ) ) ;
#396 = ORIENTED_EDGE ( 'NONE', *, *, #458, .F. ) ;
#397 = DIRECTION ( 'NONE',  ( 0.000000000000000000, 1.000000000000000000, -0.000000000000000000 ) ) ;
#398 = AXIS2_PLACEMENT_3D ( 'NONE', #1807, #1253, #497 ) ;
#399 = VERTEX_POINT ( 'NONE', #232 ) ;
#400 = AXIS2_PLACEMENT_3D ( 'NONE', #1541, #363, #1509 ) ;
#401 = CARTESIAN_POINT ( 'NONE',  ( -2.550000000000000266, 5.008016394217754907, 0.2830188679245282390 ) ) ;
#402 = CARTESIAN_POINT ( 'NONE',  ( 2.850000000000000089, 10.00000000000000000, 2.500000000000000000 ) ) ;
#403 = DIRECTION ( 'NONE',  ( 0.000000000000000000, 1.000000000000000000, 0.000000000000000000 ) ) ;
#404 = EDGE_CURVE ( 'NONE', #1430, #834, #204, .T. ) ;
#405 = AXIS2_PLACEMENT_3D ( 'NONE', #871, #1324, #1008 ) ;
#406 = CARTESIAN_POINT ( 'NONE',  ( 2.850000000000000089, 15.29150262212917966, 0.2999999999999999889 ) ) ;
#407 = DIRECTION ( 'NONE',  ( 0.5092124912517939084, 0.000000000000000000, 0.8606408302847025071 ) ) ;
#408 = MECHANICAL_DESIGN_GEOMETRIC_PRESENTATION_REPRESENTATION (  '', ( #980 ), #1414 ) ;
#409 = ORIENTED_EDGE ( 'NONE', *, *, #1735, .F. ) ;
#410 = VECTOR ( 'NONE', #694, 1000.000000000000000 ) ;
#411 = AXIS2_PLACEMENT_3D ( 'NONE', #1493, #1813, #368 ) ;
#412 = DIRECTION ( 'NONE',  ( 0.000000000000000000, 0.000000000000000000, -1.000000000000000000 ) ) ;
#413 = CARTESIAN_POINT ( 'NONE',  ( -2.720622878892279939, 12.54909632216494941, -0.04950827687818772777 ) ) ;
#414 = EDGE_CURVE ( 'NONE', #1302, #1867, #72, .T. ) ;
#415 = EDGE_CURVE ( 'NONE', #200, #484, #1214, .T. ) ;
#416 = FACE_OUTER_BOUND ( 'NONE', #81, .T. ) ;
#417 = EDGE_LOOP ( 'NONE', ( #1764, #1674, #5, #1224 ) ) ;
#418 = DIRECTION ( 'NONE',  ( 0.000000000000000000, 0.000000000000000000, -1.000000000000000000 ) ) ;
#419 = FACE_OUTER_BOUND ( 'NONE', #1057, .T. ) ;
#420 = CARTESIAN_POINT ( 'NONE',  ( 4.749999999999999112, 20.00000000000000000, -3.250000000000001776 ) ) ;
#421 = FACE_OUTER_BOUND ( 'NONE', #1502, .T. ) ;
#422 = ORIENTED_EDGE ( 'NONE', *, *, #371, .F. ) ;
#423 = CARTESIAN_POINT ( 'NONE',  ( 2.597512392158798367, 7.500000000000001776, 1.377910846945933077E-15 ) ) ;
#424 = VERTEX_POINT ( 'NONE', #1818 ) ;
#425 = EDGE_CURVE ( 'NONE', #188, #125, #4, .T. ) ;
#426 = CYLINDRICAL_SURFACE ( 'NONE', #170, 0.2999999999999999334 ) ;
#427 = CIRCLE ( 'NONE', #545, 0.5999999999999998668 ) ;
#428 = LINE ( 'NONE', #1873, #1261 ) ;
#429 = CIRCLE ( 'NONE', #883, 0.3000000000000016542 ) ;
#430 = DIRECTION ( 'NONE',  ( -0.000000000000000000, -1.000000000000000000, 0.000000000000000000 ) ) ;
#431 = EDGE_LOOP ( 'NONE', ( #236, #89, #1152, #1555 ) ) ;
#432 = VECTOR ( 'NONE', #701, 1000.000000000000000 ) ;
#433 = EDGE_LOOP ( 'NONE', ( #216, #276, #1037, #174 ) ) ;
#434 = LINE ( 'NONE', #881, #1174 ) ;
#435 = CARTESIAN_POINT ( 'NONE',  ( -4.223922533717394678, 19.69999999999999929, -3.550000000000069100 ) ) ;
#436 = ADVANCED_FACE ( 'NONE', ( #1062 ), #1687, .T. ) ;
#437 = AXIS2_PLACEMENT_3D ( 'NONE', #1343, #1013, #464 ) ;
#438 = EDGE_CURVE ( 'NONE', #1703, #133, #953, .T. ) ;
#439 = TOROIDAL_SURFACE ( 'NONE', #862, 2.800000000000000266, 0.2999999999999999889 ) ;
#440 = ORIENTED_EDGE ( 'NONE', *, *, #471, .T. ) ;
#441 = FACE_OUTER_BOUND ( 'NONE', #378, .T. ) ;
#442 = EDGE_LOOP ( 'NONE', ( #1561, #1010, #861 ) ) ;
#443 = CARTESIAN_POINT ( 'NONE',  ( -2.850000000000000089, 20.00000000000000000, 0.000000000000000000 ) ) ;
#444 = LINE ( 'NONE', #1633, #1540 ) ;
#445 = PRODUCT_DEFINITION ( 'UNKNOWN', '', #1263, #1180 ) ;
#446 = DIRECTION ( 'NONE',  ( 0.000000000000000000, -1.000000000000000000, 0.000000000000000000 ) ) ;
#447 = ORIENTED_EDGE ( 'NONE', *, *, #1772, .T. ) ;
#448 = CARTESIAN_POINT ( 'NONE',  ( 4.223922533717389349, 0.3000000000000016542, -3.550000000000001155 ) ) ;
#449 = EDGE_CURVE ( 'NONE', #552, #1015, #656, .T. ) ;
#450 = VERTEX_POINT ( 'NONE', #386 ) ;
#451 = ORIENTED_EDGE ( 'NONE', *, *, #1027, .T. ) ;
#452 = PLANE ( 'NONE',  #1508 ) ;
#453 = LINE ( 'NONE', #176, #78 ) ;
#454 = CARTESIAN_POINT ( 'NONE',  ( -2.803922533717432497, 20.00000000000000000, -5.950000000000000178 ) ) ;
#455 = EDGE_LOOP ( 'NONE', ( #396, #880, #828, #478 ) ) ;
#456 = FACE_OUTER_BOUND ( 'NONE', #1471, .T. ) ;
#457 = CIRCLE ( 'NONE', #1528, 0.5999999999999999778 ) ;
#458 = EDGE_CURVE ( 'NONE', #92, #593, #638, .T. ) ;
#459 = ORIENTED_EDGE ( 'NONE', *, *, #270, .T. ) ;
#460 = CARTESIAN_POINT ( 'NONE',  ( -2.550000000000000266, 19.69999999999999929, -0.2999999999999999889 ) ) ;
#461 = EDGE_CURVE ( 'NONE', #762, #552, #1550, .T. ) ;
#462 = ORIENTED_EDGE ( 'NONE', *, *, #1347, .F. ) ;
#463 = CYLINDRICAL_SURFACE ( 'NONE', #1666, 0.2999999999999999334 ) ;
#464 = DIRECTION ( 'NONE',  ( 0.000000000000000000, 0.000000000000000000, -1.000000000000000000 ) ) ;
#465 = CARTESIAN_POINT ( 'NONE',  ( 2.550000000000000266, 0.3000000000000016542, -0.2999999999999999334 ) ) ;
#466 = AXIS2_PLACEMENT_3D ( 'NONE', #884, #1470, #166 ) ;
#467 = FACE_OUTER_BOUND ( 'NONE', #100, .T. ) ;
#468 = ORIENTED_EDGE ( 'NONE', *, *, #1864, .F. ) ;
#469 = CYLINDRICAL_SURFACE ( 'NONE', #830, 0.2999999999999999334 ) ;
#470 = ORIENTED_EDGE ( 'NONE', *, *, #630, .T. ) ;
#471 = EDGE_CURVE ( 'NONE', #1771, #181, #1083, .T. ) ;
#472 = CARTESIAN_POINT ( 'NONE',  ( -4.223922533717394678, 0.3000000000000016542, -3.250000000000069278 ) ) ;
#473 = CARTESIAN_POINT ( 'NONE',  ( 2.550000000000000266, 14.69246458943531231, 0.2660377358490564892 ) ) ;
#474 = LINE ( 'NONE', #1634, #376 ) ;
#475 = DIRECTION ( 'NONE',  ( -1.000000000000000000, 0.000000000000000000, 0.000000000000000000 ) ) ;
#476 = ORIENTED_EDGE ( 'NONE', *, *, #717, .F. ) ;
#477 = DIRECTION ( 'NONE',  ( 0.000000000000000000, 0.000000000000000000, -1.000000000000000000 ) ) ;
#478 = ORIENTED_EDGE ( 'NONE', *, *, #1246, .F. ) ;
#479 = DIRECTION ( 'NONE',  ( 0.000000000000000000, 1.000000000000000000, 0.000000000000000000 ) ) ;
#480 = EDGE_CURVE ( 'NONE', #720, #298, #1222, .T. ) ;
#481 = DIRECTION ( 'NONE',  ( -1.000000000000000000, 0.000000000000000000, 0.000000000000000000 ) ) ;
#482 = EDGE_CURVE ( 'NONE', #188, #1110, #1586, .T. ) ;
#483 = CARTESIAN_POINT ( 'NONE',  ( -2.850000000000000089, 20.00000000000000000, -0.2999999999999999889 ) ) ;
#484 = VERTEX_POINT ( 'NONE', #1374 ) ;
#485 = TOROIDAL_SURFACE ( 'NONE', #400, 4.699999999999999289, 0.2999999999999999889 ) ;
#486 = FACE_OUTER_BOUND ( 'NONE', #1342, .T. ) ;
#487 = ORIENTED_EDGE ( 'NONE', *, *, #1527, .T. ) ;
#488 = LINE ( 'NONE', #1362, #114 ) ;
#489 = CARTESIAN_POINT ( 'NONE',  ( -2.550000000000000266, 20.00000000000000000, -0.2999999999999999889 ) ) ;
#490 = VERTEX_POINT ( 'NONE', #342 ) ;
#491 = EDGE_CURVE ( 'NONE', #1167, #598, #493, .T. ) ;
#492 = CARTESIAN_POINT ( 'NONE',  ( 2.550000000000000266, 4.708497377870820344, 0.000000000000000000 ) ) ;
#493 = LINE ( 'NONE', #924, #1556 ) ;
#494 = CIRCLE ( 'NONE', #1848, 0.2999999999999998779 ) ;
#495 = ADVANCED_FACE ( 'NONE', ( #1242 ), #1667, .T. ) ;
#496 = AXIS2_PLACEMENT_3D ( 'NONE', #1231, #665, #779 ) ;
#497 = DIRECTION ( 'NONE',  ( 4.336808689942018525E-15, 0.000000000000000000, -1.000000000000000000 ) ) ;
#498 = ORIENTED_EDGE ( 'NONE', *, *, #1347, .T. ) ;
#499 = AXIS2_PLACEMENT_3D ( 'NONE', #739, #1327, #1607 ) ;
#500 = DIRECTION ( 'NONE',  ( 1.000000000000000000, 0.000000000000000000, 0.000000000000000000 ) ) ;
#501 = DIRECTION ( 'NONE',  ( -0.5092124912517924651, 0.000000000000000000, -0.8606408302847030622 ) ) ;
#502 = ORIENTED_EDGE ( 'NONE', *, *, #299, .T. ) ;
#503 = DIRECTION ( 'NONE',  ( -1.000000000000000000, 0.000000000000000000, 0.000000000000000000 ) ) ;
#504 = DIRECTION ( 'NONE',  ( 1.000000000000000000, -0.000000000000000000, -0.000000000000000000 ) ) ;
#505 = FACE_OUTER_BOUND ( 'NONE', #708, .T. ) ;
#506 = EDGE_CURVE ( 'NONE', #390, #1019, #687, .T. ) ;
#507 = DIRECTION ( 'NONE',  ( -1.445602896647339508E-15, 0.000000000000000000, -1.000000000000000000 ) ) ;
#508 = EDGE_LOOP ( 'NONE', ( #1683, #1192, #627, #1582 ) ) ;
#509 = DIRECTION ( 'NONE',  ( -0.000000000000000000, 0.000000000000000000, 1.000000000000000000 ) ) ;
#510 = CARTESIAN_POINT ( 'NONE',  ( -4.750000000000000000, 20.00000000000000000, -3.250000000000069278 ) ) ;
#511 = ORIENTED_EDGE ( 'NONE', *, *, #947, .T. ) ;
#512 = SURFACE_STYLE_USAGE ( .BOTH. , #810 ) ;
#513 = FACE_OUTER_BOUND ( 'NONE', #1577, .T. ) ;
#514 = CARTESIAN_POINT ( 'NONE',  ( -2.550000000000000266, 10.00000000000000000, -1.783501221239376673E-15 ) ) ;
#515 = EDGE_CURVE ( 'NONE', #399, #1125, #1519, .T. ) ;
#516 = CARTESIAN_POINT ( 'NONE',  ( 2.803922533717362331, 0.3000000000000016542, -5.950000000000001066 ) ) ;
#517 = ORIENTED_EDGE ( 'NONE', *, *, #1138, .F. ) ;
#518 = VECTOR ( 'NONE', #364, 1000.000000000000000 ) ;
#519 = CARTESIAN_POINT ( 'NONE',  ( 2.725735931288071789, 1.648231200490464352E-15, -3.374264068711929632 ) ) ;
#520 = CARTESIAN_POINT ( 'NONE',  ( -3.149999999999999911, 19.69999999999999929, -2.950000000000069900 ) ) ;
#521 = ORIENTED_EDGE ( 'NONE', *, *, #1732, .T. ) ;
#522 = CARTESIAN_POINT ( 'NONE',  ( 2.550000000000000266, 19.69999999999999929, -0.2999999999999999889 ) ) ;
#523 = VECTOR ( 'NONE', #928, 1000.000000000000114 ) ;
#524 = EDGE_LOOP ( 'NONE', ( #252, #1595, #1237 ) ) ;
#525 = VECTOR ( 'NONE', #1145, 1000.000000000000000 ) ;
#526 = CARTESIAN_POINT ( 'NONE',  ( -4.684454734094493311, 19.69999999999999929, -2.771635717672583432 ) ) ;
#527 = VERTEX_POINT ( 'NONE', #705 ) ;
#528 = AXIS2_PLACEMENT_3D ( 'NONE', #184, #882, #165 ) ;
#529 = EDGE_CURVE ( 'NONE', #92, #783, #1737, .T. ) ;
#530 = AXIS2_PLACEMENT_3D ( 'NONE', #553, #1274, #532 ) ;
#531 = DIRECTION ( 'NONE',  ( 0.000000000000000000, 0.000000000000000000, 1.000000000000000000 ) ) ;
#532 = DIRECTION ( 'NONE',  ( 0.000000000000000000, 0.9983967211564491739, 0.05660377358490637639 ) ) ;
#533 = VERTEX_POINT ( 'NONE', #393 ) ;
#534 = ADVANCED_FACE ( 'NONE', ( #1278 ), #1288, .T. ) ;
#535 = CARTESIAN_POINT ( 'NONE',  ( -2.550000000000000266, 0.000000000000000000, 0.000000000000000000 ) ) ;
#536 = DIRECTION ( 'NONE',  ( -0.000000000000000000, -0.000000000000000000, 1.000000000000000000 ) ) ;
#537 = ORIENTED_EDGE ( 'NONE', *, *, #1280, .F. ) ;
#538 = CARTESIAN_POINT ( 'NONE',  ( 2.550000000000000266, 0.3000000000000016542, -3.250000000000000888 ) ) ;
#539 = EDGE_LOOP ( 'NONE', ( #1341, #243, #876, #591, #725 ) ) ;
#540 = CARTESIAN_POINT ( 'NONE',  ( 3.062114782802773494, 20.00000000000000000, -6.102763747375538728 ) ) ;
#541 = EDGE_CURVE ( 'NONE', #1065, #1768, #428, .T. ) ;
#542 = CARTESIAN_POINT ( 'NONE',  ( 2.752158933417618858, 12.57414708222139943, -0.07509312783425976801 ) ) ;
#543 = LINE ( 'NONE', #250, #1584 ) ;
#544 = CARTESIAN_POINT ( 'NONE',  ( -3.149999999999999911, 19.69999999999999929, -3.250000000000069722 ) ) ;
#545 = AXIS2_PLACEMENT_3D ( 'NONE', #868, #403, #130 ) ;
#546 = ORIENTED_EDGE ( 'NONE', *, *, #926, .F. ) ;
#547 = VECTOR ( 'NONE', #14, 1000.000000000000000 ) ;
#548 = CARTESIAN_POINT ( 'NONE',  ( -2.550000000000000266, 7.500000000000000000, 2.755455298081544778E-15 ) ) ;
#549 = ORIENTED_EDGE ( 'NONE', *, *, #404, .F. ) ;
#550 = CARTESIAN_POINT ( 'NONE',  ( -3.149999999999999911, 20.00000000000000000, -3.550000000000069988 ) ) ;
#551 = ADVANCED_FACE ( 'NONE', ( #419 ), #1721, .T. ) ;
#552 = VERTEX_POINT ( 'NONE', #993 ) ;
#553 = CARTESIAN_POINT ( 'NONE',  ( -2.550000000000000266, 14.69246458943531231, 0.2660377358490564892 ) ) ;
#554 = AXIS2_PLACEMENT_3D ( 'NONE', #587, #1487, #481 ) ;
#555 = ORIENTED_EDGE ( 'NONE', *, *, #1194, .F. ) ;
#556 = AXIS2_PLACEMENT_3D ( 'NONE', #1589, #135, #120 ) ;
#557 = DIRECTION ( 'NONE',  ( -0.000000000000000000, 1.000000000000000000, 0.000000000000000000 ) ) ;
#558 = AXIS2_PLACEMENT_3D ( 'NONE', #1315, #38, #294 ) ;
#559 = ORIENTED_EDGE ( 'NONE', *, *, #7, .T. ) ;
#560 = CARTESIAN_POINT ( 'NONE',  ( 2.550000000000000266, 20.00000000000000000, -3.550000000000000711 ) ) ;
#561 = EDGE_LOOP ( 'NONE', ( #975, #1305, #1522, #1603 ) ) ;
#562 = ADVANCED_FACE ( 'NONE', ( #865, #1449 ), #731, .F. ) ;
#563 = VERTEX_POINT ( 'NONE', #1014 ) ;
#564 = CYLINDRICAL_SURFACE ( 'NONE', #1386, 0.2999999999999999334 ) ;
#565 = DIRECTION ( 'NONE',  ( 0.000000000000000000, 1.000000000000000000, -1.445602896647331225E-15 ) ) ;
#566 = CARTESIAN_POINT ( 'NONE',  ( -2.850000000000000089, 12.78388218141501120, -0.2999999999999999889 ) ) ;
#567 = ORIENTED_EDGE ( 'NONE', *, *, #1641, .T. ) ;
#568 = EDGE_CURVE ( 'NONE', #603, #490, #43, .T. ) ;
#569 = ORIENTED_EDGE ( 'NONE', *, *, #344, .T. ) ;
#570 = EDGE_CURVE ( 'NONE', #1841, #667, #77, .T. ) ;
#571 = CARTESIAN_POINT ( 'NONE',  ( -2.850000000000000089, 7.216117818584987909, -0.2999999999999999889 ) ) ;
#572 = CYLINDRICAL_SURFACE ( 'NONE', #803, 0.2999999999999999334 ) ;
#573 = AXIS2_PLACEMENT_3D ( 'NONE', #334, #1496, #1358 ) ;
#574 = DIRECTION ( 'NONE',  ( -1.000000000000000000, 0.000000000000000000, 0.000000000000000000 ) ) ;
#575 = VERTEX_POINT ( 'NONE', #1713 ) ;
#576 = DIRECTION ( 'NONE',  ( 2.891205793294662451E-15, -1.000000000000000000, 0.000000000000000000 ) ) ;
#577 = DIRECTION ( 'NONE',  ( -0.000000000000000000, 1.000000000000000000, -0.000000000000000000 ) ) ;
#578 = AXIS2_PLACEMENT_3D ( 'NONE', #27, #152, #727 ) ;
#579 = ORIENTED_EDGE ( 'NONE', *, *, #163, .F. ) ;
#580 = EDGE_CURVE ( 'NONE', #1096, #1588, #647, .T. ) ;
#581 = AXIS2_PLACEMENT_3D ( 'NONE', #420, #259, #1415 ) ;
#582 = CARTESIAN_POINT ( 'NONE',  ( 0.000000000000000000, 19.69999999999999929, -5.950000000000000178 ) ) ;
#583 = DIRECTION ( 'NONE',  ( 5.782411586589358033E-15, 0.000000000000000000, -1.000000000000000000 ) ) ;
#584 = ADVANCED_FACE ( 'NONE', ( #716 ), #1154, .F. ) ;
#585 = VECTOR ( 'NONE', #501, 1000.000000000000114 ) ;
#586 = B_SPLINE_CURVE_WITH_KNOTS ( 'NONE', 3,
 ( #1458, #8, #1030, #1161, #1632, #1600, #1783, #571 ),
 .UNSPECIFIED., .F., .F.,
 ( 4, 2, 2, 4 ),
 ( 2.381867885328853678E-20, 0.0001400565282142323927, 0.0002801130564284647312, 0.0005602261128569288118 ),
 .UNSPECIFIED. ) ;
#587 = CARTESIAN_POINT ( 'NONE',  ( -2.550000000000000266, 0.2999999999999999889, -2.950000000000069900 ) ) ;
#588 = VERTEX_POINT ( 'NONE', #1279 ) ;
#589 = CYLINDRICAL_SURFACE ( 'NONE', #1375, 0.2999999999999999889 ) ;
#590 = AXIS2_PLACEMENT_3D ( 'NONE', #1534, #1800, #209 ) ;
#591 = ORIENTED_EDGE ( 'NONE', *, *, #1590, .F. ) ;
#592 = DIRECTION ( 'NONE',  ( -1.000000000000000000, 0.000000000000000000, 0.000000000000000000 ) ) ;
#593 = VERTEX_POINT ( 'NONE', #1289 ) ;
#594 = DIRECTION ( 'NONE',  ( 1.000000000000000000, -7.228014483236655732E-15, 0.000000000000000000 ) ) ;
#595 = CYLINDRICAL_SURFACE ( 'NONE', #1139, 0.2999999999999999889 ) ;
#596 = EDGE_CURVE ( 'NONE', #1378, #387, #1179, .T. ) ;
#597 = FACE_OUTER_BOUND ( 'NONE', #1256, .T. ) ;
#598 = VERTEX_POINT ( 'NONE', #696 ) ;
#599 = SPHERICAL_SURFACE ( 'NONE', #997, 0.2999999999999999889 ) ;
#600 = ADVANCED_FACE ( 'NONE', ( #1299 ), #1865, .T. ) ;
#601 = ORIENTED_EDGE ( 'NONE', *, *, #1292, .T. ) ;
#602 = DIRECTION ( 'NONE',  ( -0.5092124912517864699, 0.000000000000000000, 0.8606408302847068370 ) ) ;
#603 = VERTEX_POINT ( 'NONE', #1592 ) ;
#604 = FACE_OUTER_BOUND ( 'NONE', #300, .T. ) ;
#605 = CARTESIAN_POINT ( 'NONE',  ( -3.062114782802843216, 19.69999999999999929, -6.102763747375536063 ) ) ;
#606 = VERTEX_POINT ( 'NONE', #985 ) ;
#607 = LINE ( 'NONE', #1177, #1312 ) ;
#608 = ADVANCED_FACE ( 'NONE', ( #327 ), #191, .T. ) ;
#609 = EDGE_CURVE ( 'NONE', #1275, #1378, #315, .T. ) ;
#610 = CYLINDRICAL_SURFACE ( 'NONE', #682, 0.2999999999999998779 ) ;
#611 = VERTEX_POINT ( 'NONE', #1767 ) ;
#612 = VECTOR ( 'NONE', #1679, 1000.000000000000114 ) ;
#613 = CIRCLE ( 'NONE', #801, 0.3000000000000000999 ) ;
#614 = DIRECTION ( 'NONE',  ( 1.000000000000000000, -0.000000000000000000, -0.000000000000000000 ) ) ;
#615 = AXIS2_PLACEMENT_3D ( 'NONE', #624, #1080, #1673 ) ;
#616 = CARTESIAN_POINT ( 'NONE',  ( 2.850000000000000089, 20.00000000000000000, -3.250000000000000888 ) ) ;
#617 = AXIS2_PLACEMENT_3D ( 'NONE', #1515, #210, #785 ) ;
#618 = ORIENTED_EDGE ( 'NONE', *, *, #619, .F. ) ;
#619 = EDGE_CURVE ( 'NONE', #1411, #196, #832, .T. ) ;
#620 = DIRECTION ( 'NONE',  ( 0.000000000000000000, 0.000000000000000000, -1.000000000000000000 ) ) ;
#621 = EDGE_LOOP ( 'NONE', ( #761, #960, #409, #867 ) ) ;
#622 = ADVANCED_FACE ( 'NONE', ( #22 ), #743, .T. ) ;
#623 = DIRECTION ( 'NONE',  ( 0.000000000000000000, 0.000000000000000000, -1.000000000000000000 ) ) ;
#624 = CARTESIAN_POINT ( 'NONE',  ( -2.550000000000000266, 19.69999999999999929, -0.2999999999999999889 ) ) ;
#625 = CARTESIAN_POINT ( 'NONE',  ( 2.803922533717364551, 19.69999999999999929, -5.950000000000000178 ) ) ;
#626 = CARTESIAN_POINT ( 'NONE',  ( -8.102984657523405433E-16, 0.000000000000000000, -3.550000000000070433 ) ) ;
#627 = ORIENTED_EDGE ( 'NONE', *, *, #1655, .T. ) ;
#628 = DIRECTION ( 'NONE',  ( -0.000000000000000000, 0.000000000000000000, 1.000000000000000000 ) ) ;
#629 = ORIENTED_EDGE ( 'NONE', *, *, #1371, .T. ) ;
#630 = EDGE_CURVE ( 'NONE', #484, #667, #474, .T. ) ;
#631 = DIRECTION ( 'NONE',  ( -1.000000000000000000, -0.000000000000000000, 4.565061778886337002E-16 ) ) ;
#632 = DIRECTION ( 'NONE',  ( 1.000000000000000000, 0.000000000000000000, -2.282530889443167515E-16 ) ) ;
#633 = EDGE_CURVE ( 'NONE', #1112, #196, #911, .T. ) ;
#634 =( NAMED_UNIT ( * ) PLANE_ANGLE_UNIT ( ) SI_UNIT ( $, .RADIAN. ) );
#635 = DIRECTION ( 'NONE',  ( -1.000000000000000000, 0.000000000000000000, -0.000000000000000000 ) ) ;
#636 = CIRCLE ( 'NONE', #275, 0.2999999999999999334 ) ;
#637 = ORIENTED_EDGE ( 'NONE', *, *, #1422, .F. ) ;
#638 = CIRCLE ( 'NONE', #1714, 2.500000000000000444 ) ;
#639 = CARTESIAN_POINT ( 'NONE',  ( -2.850000000000000089, 19.69999999999999929, 0.000000000000000000 ) ) ;
#640 = ORIENTED_EDGE ( 'NONE', *, *, #1706, .F. ) ;
#641 = DIRECTION ( 'NONE',  ( 1.000000000000000000, 0.000000000000000000, -0.000000000000000000 ) ) ;
#642 = CARTESIAN_POINT ( 'NONE',  ( -2.850000000000000089, 4.708497377870820344, -0.2999999999999999889 ) ) ;
#643 = EDGE_LOOP ( 'NONE', ( #1861, #1262, #1585, #941 ) ) ;
#644 = FACE_OUTER_BOUND ( 'NONE', #1869, .T. ) ;
#645 = DIRECTION ( 'NONE',  ( 0.000000000000000000, 0.000000000000000000, -1.000000000000000000 ) ) ;
#646 = CIRCLE ( 'NONE', #888, 0.2999999999999999889 ) ;
#647 = CIRCLE ( 'NONE', #1168, 0.2999999999999999889 ) ;
#648 = DIRECTION ( 'NONE',  ( 1.000000000000000000, -0.000000000000000000, 0.000000000000000000 ) ) ;
#649 = AXIS2_PLACEMENT_3D ( 'NONE', #984, #1448, #265 ) ;
#650 = ORIENTED_EDGE ( 'NONE', *, *, #1440, .F. ) ;
#651 = CIRCLE ( 'NONE', #1479, 0.2999999999999999334 ) ;
#652 = DIRECTION ( 'NONE',  ( -0.000000000000000000, 0.000000000000000000, 1.000000000000000000 ) ) ;
#653 = CARTESIAN_POINT ( 'NONE',  ( 2.716807750914555175, 20.00000000000000000, -6.097236252624464115 ) ) ;
#654 = ORIENTED_EDGE ( 'NONE', *, *, #1135, .T. ) ;
#655 = DIRECTION ( 'NONE',  ( 0.000000000000000000, -1.000000000000000000, 1.807003620809164032E-16 ) ) ;
#656 = LINE ( 'NONE', #1796, #160 ) ;
#657 = EDGE_CURVE ( 'NONE', #870, #783, #1441, .T. ) ;
#658 = VERTEX_POINT ( 'NONE', #1061 ) ;
#659 = ADVANCED_FACE ( 'NONE', ( #1460 ), #1345, .T. ) ;
#660 = DIRECTION ( 'NONE',  ( 0.000000000000000000, -1.000000000000000000, 0.000000000000000000 ) ) ;
#661 = VERTEX_POINT ( 'NONE', #454 ) ;
#662 = CARTESIAN_POINT ( 'NONE',  ( -2.850000000000000089, 20.00000000000000000, 0.000000000000000000 ) ) ;
#663 = DIRECTION ( 'NONE',  ( -1.000000000000000000, 0.000000000000000000, 0.000000000000000000 ) ) ;
#664 = ORIENTED_EDGE ( 'NONE', *, *, #971, .T. ) ;
#665 = DIRECTION ( 'NONE',  ( 0.000000000000000000, 0.000000000000000000, 1.000000000000000000 ) ) ;
#666 = DIRECTION ( 'NONE',  ( 0.8606408302847069480, 0.000000000000000000, 0.5092124912517862478 ) ) ;
#667 = VERTEX_POINT ( 'NONE', #759 ) ;
#668 = AXIS2_PLACEMENT_3D ( 'NONE', #849, #979, #1291 ) ;
#669 = DIRECTION ( 'NONE',  ( 0.000000000000000000, 1.000000000000000000, -0.000000000000000000 ) ) ;
#670 = VERTEX_POINT ( 'NONE', #768 ) ;
#671 = CIRCLE ( 'NONE', #1740, 0.6000000000000000888 ) ;
#672 = LINE ( 'NONE', #244, #432 ) ;
#673 = EDGE_LOOP ( 'NONE', ( #1394, #1006, #1229, #1695 ) ) ;
#674 = LINE ( 'NONE', #952, #1352 ) ;
#675 = DIRECTION ( 'NONE',  ( -0.8606408302847036174, 0.000000000000000000, 0.5092124912517916879 ) ) ;
#676 = VECTOR ( 'NONE', #577, 1000.000000000000000 ) ;
#677 = FACE_OUTER_BOUND ( 'NONE', #643, .T. ) ;
#678 = CIRCLE ( 'NONE', #466, 0.2999999999999999889 ) ;
#679 = EDGE_LOOP ( 'NONE', ( #1526, #182, #1142, #1716 ) ) ;
#680 = AXIS2_PLACEMENT_3D ( 'NONE', #1814, #1363, #1525 ) ;
#681 = EDGE_CURVE ( 'NONE', #1137, #1167, #1694, .T. ) ;
#682 = AXIS2_PLACEMENT_3D ( 'NONE', #1036, #602, #321 ) ;
#683 = DIRECTION ( 'NONE',  ( 0.5092124912517868029, 0.000000000000000000, -0.8606408302847065039 ) ) ;
#684 = ORIENTED_EDGE ( 'NONE', *, *, #1368, .F. ) ;
#685 = EDGE_CURVE ( 'NONE', #387, #92, #1039, .T. ) ;
#686 = FACE_OUTER_BOUND ( 'NONE', #1797, .T. ) ;
#687 = LINE ( 'NONE', #841, #180 ) ;
#688 = CARTESIAN_POINT ( 'NONE',  ( 4.223922533717389349, 0.3000000000000016542, -3.550000000000002043 ) ) ;
#689 = CARTESIAN_POINT ( 'NONE',  ( -2.550000000000000266, 0.000000000000000000, -0.2999999999999999889 ) ) ;
#690 = EDGE_LOOP ( 'NONE', ( #1207, #1859, #1743, #982 ) ) ;
#691 = LINE ( 'NONE', #1733, #1356 ) ;
#692 = EDGE_LOOP ( 'NONE', ( #964, #1243, #1467, #1339 ) ) ;
#693 = EDGE_CURVE ( 'NONE', #1630, #133, #12, .T. ) ;
#694 = DIRECTION ( 'NONE',  ( -0.000000000000000000, 1.000000000000000000, -0.000000000000000000 ) ) ;
#695 = PRODUCT ( 'cable_tie_mount', 'cable_tie_mount', '', ( #1435 ) ) ;
#696 = CARTESIAN_POINT ( 'NONE',  ( -2.550000000000000266, 15.29150262212917966, 0.000000000000000000 ) ) ;
#697 = ORIENTED_EDGE ( 'NONE', *, *, #1791, .F. ) ;
#698 = DIRECTION ( 'NONE',  ( 0.000000000000000000, 0.000000000000000000, -1.000000000000000000 ) ) ;
#699 = VERTEX_POINT ( 'NONE', #1785 ) ;
#700 = CARTESIAN_POINT ( 'NONE',  ( 0.000000000000000000, 0.000000000000000000, 0.000000000000000000 ) ) ;
#701 = DIRECTION ( 'NONE',  ( 0.000000000000000000, 1.000000000000000000, -0.000000000000000000 ) ) ;
#702 = VECTOR ( 'NONE', #260, 1000.000000000000000 ) ;
#703 = ORIENTED_EDGE ( 'NONE', *, *, #438, .F. ) ;
#704 = DIRECTION ( 'NONE',  ( 0.000000000000000000, 0.000000000000000000, -1.000000000000000000 ) ) ;
#705 = CARTESIAN_POINT ( 'NONE',  ( 4.223922533717391126, 20.00000000000000000, -3.550000000000001155 ) ) ;
#706 = LINE ( 'NONE', #1594, #1092 ) ;
#707 = EDGE_CURVE ( 'NONE', #603, #946, #613, .T. ) ;
#708 = EDGE_LOOP ( 'NONE', ( #162, #1573, #242, #817 ) ) ;
#709 = DIRECTION ( 'NONE',  ( 1.000000000000000000, 0.000000000000000000, 0.000000000000000000 ) ) ;
#710 = CARTESIAN_POINT ( 'NONE',  ( -2.803922533717431609, 0.2999999999999999889, -5.950000000000000178 ) ) ;
#711 = AXIS2_PLACEMENT_3D ( 'NONE', #1581, #1730, #1602 ) ;
#712 = ORIENTED_EDGE ( 'NONE', *, *, #140, .T. ) ;
#713 = CIRCLE ( 'NONE', #45, 0.2999999999999999889 ) ;
#714 = CARTESIAN_POINT ( 'NONE',  ( -2.975000000000034728, 0.3000000000000016542, -6.250000000000000000 ) ) ;
#715 = CIRCLE ( 'NONE', #1571, 0.3000000000000016542 ) ;
#716 = FACE_OUTER_BOUND ( 'NONE', #2, .T. ) ;
#717 = EDGE_CURVE ( 'NONE', #207, #527, #31, .T. ) ;
#718 = EDGE_LOOP ( 'NONE', ( #1195, #32, #872 ) ) ;
#719 = DIRECTION ( 'NONE',  ( -1.000000000000000000, 0.000000000000000000, -0.000000000000000000 ) ) ;
#720 = VERTEX_POINT ( 'NONE', #1776 ) ;
#721 = FACE_OUTER_BOUND ( 'NONE', #431, .T. ) ;
#722 = CARTESIAN_POINT ( 'NONE',  ( -3.149999999999999911, 19.69999999999999929, -3.550000000000069988 ) ) ;
#723 = ORIENTED_EDGE ( 'NONE', *, *, #991, .T. ) ;
#724 = LINE ( 'NONE', #1434, #1836 ) ;
#725 = ORIENTED_EDGE ( 'NONE', *, *, #461, .F. ) ;
#726 = EDGE_CURVE ( 'NONE', #200, #588, #226, .T. ) ;
#727 = DIRECTION ( 'NONE',  ( 1.000000000000000000, 0.000000000000000000, 0.000000000000000000 ) ) ;
#728 = ORIENTED_EDGE ( 'NONE', *, *, #1537, .T. ) ;
#729 = DIRECTION ( 'NONE',  ( 0.000000000000000000, 0.000000000000000000, -1.000000000000000000 ) ) ;
#730 = LINE ( 'NONE', #1784, #769 ) ;
#731 = PLANE ( 'NONE',  #1660 ) ;
#732 = VECTOR ( 'NONE', #373, 1000.000000000000000 ) ;
#733 = ORIENTED_EDGE ( 'NONE', *, *, #836, .T. ) ;
#734 = DIRECTION ( 'NONE',  ( -2.282530889443167515E-16, 0.000000000000000000, -1.000000000000000000 ) ) ;
#735 = CIRCLE ( 'NONE', #48, 0.2999999999999999334 ) ;
#736 = ORIENTED_EDGE ( 'NONE', *, *, #630, .F. ) ;
#737 = EDGE_CURVE ( 'NONE', #699, #390, #678, .T. ) ;
#738 = VECTOR ( 'NONE', #854, 1000.000000000000000 ) ;
#739 = CARTESIAN_POINT ( 'NONE',  ( -2.550000000000000266, 4.708497377870820344, 0.2999999999999999889 ) ) ;
#740 = CARTESIAN_POINT ( 'NONE',  ( -2.803922533717431609, 0.000000000000000000, -5.950000000000000178 ) ) ;
#741 = ADVANCED_FACE ( 'NONE', ( #597 ), #1816, .T. ) ;
#742 = AXIS2_PLACEMENT_3D ( 'NONE', #510, #778, #1535 ) ;
#743 = SPHERICAL_SURFACE ( 'NONE', #1199, 0.2999999999999999889 ) ;
#744 = ORIENTED_EDGE ( 'NONE', *, *, #1431, .T. ) ;
#745 = CARTESIAN_POINT ( 'NONE',  ( -4.223922533717394678, 20.00000000000000000, -3.250000000000069278 ) ) ;
#746 = ORIENTED_EDGE ( 'NONE', *, *, #1084, .F. ) ;
#747 = CARTESIAN_POINT ( 'NONE',  ( -2.850000000000000089, 20.00000000000000000, 0.000000000000000000 ) ) ;
#748 = ORIENTED_EDGE ( 'NONE', *, *, #1580, .T. ) ;
#749 = FACE_OUTER_BOUND ( 'NONE', #1647, .T. ) ;
#750 = CARTESIAN_POINT ( 'NONE',  ( 2.850000000000000089, 10.00000000000000000, -4.592425496802574958E-16 ) ) ;
#751 = ADVANCED_FACE ( 'NONE', ( #1191 ), #102, .F. ) ;
#752 = CARTESIAN_POINT ( 'NONE',  ( 2.550000000000000266, 0.2999999999999999889, -0.2999999999999999889 ) ) ;
#753 = EDGE_CURVE ( 'NONE', #658, #1112, #922, .T. ) ;
#754 = ORIENTED_EDGE ( 'NONE', *, *, #251, .T. ) ;
#755 = CARTESIAN_POINT ( 'NONE',  ( 2.850000000000000089, 4.708497377870820344, 0.2999999999999999889 ) ) ;
#756 = ORIENTED_EDGE ( 'NONE', *, *, #1371, .F. ) ;
#757 = CARTESIAN_POINT ( 'NONE',  ( 2.850000000000000089, 0.3000000000000016542, -3.250000000000000888 ) ) ;
#758 = DIRECTION ( 'NONE',  ( 0.000000000000000000, 1.445602896647331225E-15, 1.000000000000000000 ) ) ;
#759 = CARTESIAN_POINT ( 'NONE',  ( 4.482114782802800512, 0.3000000000000016542, -3.702763747375539261 ) ) ;
#760 = CARTESIAN_POINT ( 'NONE',  ( 2.803922533717362775, 19.69999999999999929, -5.950000000000000178 ) ) ;
#761 = ORIENTED_EDGE ( 'NONE', *, *, #926, .T. ) ;
#762 = VERTEX_POINT ( 'NONE', #942 ) ;
#763 = MANIFOLD_SOLID_BREP ( 'Fillet1', #1648 ) ;
#764 = CARTESIAN_POINT ( 'NONE',  ( 2.550000000000000266, 19.69999999999999929, -0.2999999999999999889 ) ) ;
#765 = DIRECTION ( 'NONE',  ( 1.000000000000000000, -0.000000000000000000, 0.000000000000000000 ) ) ;
#766 = CIRCLE ( 'NONE', #530, 0.2999999999999993228 ) ;
#767 = VECTOR ( 'NONE', #372, 1000.000000000000000 ) ;
#768 = CARTESIAN_POINT ( 'NONE',  ( 2.850000000000000089, 5.307535410564689471, 0.2660377358490564337 ) ) ;
#769 = VECTOR ( 'NONE', #903, 1000.000000000000000 ) ;
#770 = CARTESIAN_POINT ( 'NONE',  ( -2.803922533717431165, 19.69999999999999929, -5.950000000000000178 ) ) ;
#771 = CIRCLE ( 'NONE', #343, 0.3000000000000001554 ) ;
#772 = EDGE_CURVE ( 'NONE', #588, #661, #1250, .T. ) ;
#773 = VERTEX_POINT ( 'NONE', #492 ) ;
#774 = CARTESIAN_POINT ( 'NONE',  ( 2.974999999999965450, 0.3000000000000016542, -6.250000000000000000 ) ) ;
#775 = ADVANCED_FACE ( 'NONE', ( #644 ), #1837, .F. ) ;
#776 = ORIENTED_EDGE ( 'NONE', *, *, #717, .T. ) ;
#777 = DIRECTION ( 'NONE',  ( 1.000000000000000000, -0.000000000000000000, 0.000000000000000000 ) ) ;
#778 = DIRECTION ( 'NONE',  ( 0.8606408302847067260, -0.000000000000000000, 0.5092124912517863589 ) ) ;
#779 = DIRECTION ( 'NONE',  ( -1.000000000000000000, 0.000000000000000000, 0.000000000000000000 ) ) ;
#780 = CARTESIAN_POINT ( 'NONE',  ( -4.750000000000000000, 19.69999999999999929, -3.250000000000069278 ) ) ;
#781 = CARTESIAN_POINT ( 'NONE',  ( -4.223922533717395567, 0.2999999999999999889, -3.550000000000069100 ) ) ;
#782 = DIRECTION ( 'NONE',  ( 0.000000000000000000, 0.000000000000000000, -1.000000000000000000 ) ) ;
#783 = VERTEX_POINT ( 'NONE', #1082 ) ;
#784 = FACE_OUTER_BOUND ( 'NONE', #673, .T. ) ;
#785 = DIRECTION ( 'NONE',  ( 0.000000000000000000, 0.000000000000000000, -1.000000000000000000 ) ) ;
#786 = ORIENTED_EDGE ( 'NONE', *, *, #1311, .F. ) ;
#787 = CARTESIAN_POINT ( 'NONE',  ( -2.550000000000000266, 0.3000000000000016542, 0.000000000000000000 ) ) ;
#788 = DIRECTION ( 'NONE',  ( 0.000000000000000000, 1.000000000000000000, -0.000000000000000000 ) ) ;
#789 = AXIS2_PLACEMENT_3D ( 'NONE', #1134, #1723, #1858 ) ;
#790 = CARTESIAN_POINT ( 'NONE',  ( 2.803922533717362331, 0.3000000000000016542, -6.250000000000000000 ) ) ;
#791 = AXIS2_PLACEMENT_3D ( 'NONE', #770, #169, #159 ) ;
#792 = CARTESIAN_POINT ( 'NONE',  ( -2.850000000000000089, 0.3000000000000016542, 0.000000000000000000 ) ) ;
#793 = ORIENTED_EDGE ( 'NONE', *, *, #23, .T. ) ;
#794 = CARTESIAN_POINT ( 'NONE',  ( 2.550000000000000266, 0.000000000000000000, -0.2999999999999999889 ) ) ;
#795 = CARTESIAN_POINT ( 'NONE',  ( -2.803922533717431165, 0.3000000000000016542, -5.950000000000000178 ) ) ;
#796 = VERTEX_POINT ( 'NONE', #787 ) ;
#797 = DIRECTION ( 'NONE',  ( 1.000000000000000000, 0.000000000000000000, 0.000000000000000000 ) ) ;
#798 = ADVANCED_FACE ( 'NONE', ( #818 ), #110, .T. ) ;
#799 = DIRECTION ( 'NONE',  ( -1.000000000000000000, -0.000000000000000000, 2.282530889443167515E-16 ) ) ;
#800 = CIRCLE ( 'NONE', #74, 0.2999999999999999334 ) ;
#801 = AXIS2_PLACEMENT_3D ( 'NONE', #1053, #314, #1338 ) ;
#802 = CARTESIAN_POINT ( 'NONE',  ( 2.550000000000000266, 10.00000000000000000, 2.500000000000000000 ) ) ;
#803 = AXIS2_PLACEMENT_3D ( 'NONE', #1298, #1704, #977 ) ;
#804 = LINE ( 'NONE', #1809, #1349 ) ;
#805 = AXIS2_PLACEMENT_3D ( 'NONE', #662, #777, #331 ) ;
#806 = ORIENTED_EDGE ( 'NONE', *, *, #657, .F. ) ;
#807 = DIRECTION ( 'NONE',  ( 0.8606408302847036174, 0.000000000000000000, -0.5092124912517916879 ) ) ;
#808 = CARTESIAN_POINT ( 'NONE',  ( 4.223922533717389349, 19.69999999999999929, -3.550000000000001155 ) ) ;
#809 = ORIENTED_EDGE ( 'NONE', *, *, #1791, .T. ) ;
#810 = SURFACE_SIDE_STYLE ('',( #1697 ) ) ;
#811 = CARTESIAN_POINT ( 'NONE',  ( -2.550000000000000266, 20.00000000000000000, -0.2999999999999999889 ) ) ;
#812 = EDGE_CURVE ( 'NONE', #606, #168, #195, .T. ) ;
#813 = ORIENTED_EDGE ( 'NONE', *, *, #1732, .F. ) ;
#814 = CARTESIAN_POINT ( 'NONE',  ( -2.550000000000000266, 4.708497377870820344, 0.000000000000000000 ) ) ;
#815 = ORIENTED_EDGE ( 'NONE', *, *, #1433, .F. ) ;
#816 = DIRECTION ( 'NONE',  ( -0.000000000000000000, 1.000000000000000000, 0.000000000000000000 ) ) ;
#817 = ORIENTED_EDGE ( 'NONE', *, *, #657, .T. ) ;
#818 = FACE_OUTER_BOUND ( 'NONE', #455, .T. ) ;
#819 = DIRECTION ( 'NONE',  ( -0.000000000000000000, 1.000000000000000000, -0.000000000000000000 ) ) ;
#820 = APPLICATION_CONTEXT ( 'automotive_design' ) ;
#821 = CARTESIAN_POINT ( 'NONE',  ( 2.850000000000000089, 10.00000000000000000, -4.592425496802574958E-16 ) ) ;
#822 = EDGE_CURVE ( 'NONE', #1367, #181, #921, .T. ) ;
#823 = CIRCLE ( 'NONE', #1684, 4.999999999999999112 ) ;
#824 = ORIENTED_EDGE ( 'NONE', *, *, #287, .F. ) ;
#825 = EDGE_CURVE ( 'NONE', #606, #575, #167, .T. ) ;
#826 = VECTOR ( 'NONE', #897, 1000.000000000000000 ) ;
#827 = CARTESIAN_POINT ( 'NONE',  ( 2.752160965591053721, 7.425851195585875253, -0.07509489591579011913 ) ) ;
#828 = ORIENTED_EDGE ( 'NONE', *, *, #999, .F. ) ;
#829 = DIRECTION ( 'NONE',  ( 0.000000000000000000, 0.000000000000000000, 1.000000000000000000 ) ) ;
#830 = AXIS2_PLACEMENT_3D ( 'NONE', #1186, #161, #1637 ) ;
#831 = CARTESIAN_POINT ( 'NONE',  ( 2.550000000000000266, 0.000000000000000000, 0.000000000000000000 ) ) ;
#832 = CIRCLE ( 'NONE', #554, 0.2999999999999999334 ) ;
#833 = EDGE_CURVE ( 'NONE', #563, #424, #674, .T. ) ;
#834 = VERTEX_POINT ( 'NONE', #1241 ) ;
#835 = CIRCLE ( 'NONE', #894, 0.2999999999999993228 ) ;
#836 = EDGE_CURVE ( 'NONE', #593, #387, #1827, .T. ) ;
#837 = CYLINDRICAL_SURFACE ( 'NONE', #199, 0.2999999999999999334 ) ;
#838 = ORIENTED_EDGE ( 'NONE', *, *, #753, .F. ) ;
#839 = CIRCLE ( 'NONE', #558, 0.2999999999999999889 ) ;
#840 = CARTESIAN_POINT ( 'NONE',  ( 2.803922533717362331, 20.00000000000000000, -5.950000000000000178 ) ) ;
#841 = CARTESIAN_POINT ( 'NONE',  ( 2.850000000000000089, 14.99198360578224687, 0.2830188679245282946 ) ) ;
#842 = DIRECTION ( 'NONE',  ( -0.000000000000000000, 1.000000000000000000, -0.000000000000000000 ) ) ;
#843 = DIRECTION ( 'NONE',  ( -0.8606408302847069480, 0.000000000000000000, -0.5092124912517862478 ) ) ;
#844 = ORIENTED_EDGE ( 'NONE', *, *, #1497, .F. ) ;
#845 = EDGE_CURVE ( 'NONE', #181, #1411, #1538, .T. ) ;
#846 = LINE ( 'NONE', #1736, #1781 ) ;
#847 = ADVANCED_FACE ( 'NONE', ( #146 ), #564, .T. ) ;
#848 = DIRECTION ( 'NONE',  ( 0.000000000000000000, 1.000000000000000000, -0.000000000000000000 ) ) ;
#849 = CARTESIAN_POINT ( 'NONE',  ( -4.223922533717394678, 0.2999999999999999889, -3.550000000000069100 ) ) ;
#850 = DIRECTION ( 'NONE',  ( 0.000000000000000000, -1.000000000000000000, 0.000000000000000000 ) ) ;
#851 = CARTESIAN_POINT ( 'NONE',  ( -2.850000000000000089, 20.00000000000000000, -0.2999999999999999889 ) ) ;
#852 = CIRCLE ( 'NONE', #1060, 0.2999999999999999889 ) ;
#853 = EDGE_LOOP ( 'NONE', ( #76, #1149, #1120 ) ) ;
#854 = DIRECTION ( 'NONE',  ( -0.000000000000000000, -0.000000000000000000, -1.000000000000000000 ) ) ;
#855 = EDGE_CURVE ( 'NONE', #298, #720, #955, .T. ) ;
#856 = CARTESIAN_POINT ( 'NONE',  ( 2.849999999999999201, 12.72134926482958761, -0.2303953278170056962 ) ) ;
#857 = CARTESIAN_POINT ( 'NONE',  ( -2.550000000000000266, 0.2999999999999999889, -0.2999999999999999889 ) ) ;
#858 = ORIENTED_EDGE ( 'NONE', *, *, #772, .T. ) ;
#859 = VECTOR ( 'NONE', #1549, 1000.000000000000000 ) ;
#860 = CARTESIAN_POINT ( 'NONE',  ( -2.550000000000000266, 15.29150262212917966, 0.2999999999999999889 ) ) ;
#861 = ORIENTED_EDGE ( 'NONE', *, *, #1220, .T. ) ;
#862 = AXIS2_PLACEMENT_3D ( 'NONE', #1089, #663, #1682 ) ;
#863 = DIRECTION ( 'NONE',  ( 0.000000000000000000, 0.000000000000000000, -1.000000000000000000 ) ) ;
#864 = DIRECTION ( 'NONE',  ( -0.000000000000000000, -1.000000000000000000, -0.000000000000000000 ) ) ;
#865 = FACE_OUTER_BOUND ( 'NONE', #1823, .T. ) ;
#866 = EDGE_CURVE ( 'NONE', #563, #661, #923, .T. ) ;
#867 = ORIENTED_EDGE ( 'NONE', *, *, #1803, .T. ) ;
#868 = CARTESIAN_POINT ( 'NONE',  ( -3.149999999999999911, 20.00000000000000000, -2.950000000000069900 ) ) ;
#869 = EDGE_CURVE ( 'NONE', #533, #269, #1752, .T. ) ;
#870 = VERTEX_POINT ( 'NONE', #548 ) ;
#871 = CARTESIAN_POINT ( 'NONE',  ( -2.550000000000000266, 10.00000000000000000, -1.783501221239376673E-15 ) ) ;
#872 = ORIENTED_EDGE ( 'NONE', *, *, #1488, .T. ) ;
#873 = DIRECTION ( 'NONE',  ( -1.000000000000000000, 0.000000000000000000, 0.000000000000000000 ) ) ;
#874 = CARTESIAN_POINT ( 'NONE',  ( -3.149999999999999911, 0.3000000000000016542, -2.950000000000069900 ) ) ;
#875 = DIRECTION ( 'NONE',  ( 0.000000000000000000, 0.000000000000000000, -1.000000000000000000 ) ) ;
#876 = ORIENTED_EDGE ( 'NONE', *, *, #1821, .F. ) ;
#877 = CARTESIAN_POINT ( 'NONE',  ( 2.850000000000000089, 20.00000000000000000, -0.2999999999999999889 ) ) ;
#878 = ADVANCED_FACE ( 'NONE', ( #1712 ), #426, .T. ) ;
#879 = PLANE ( 'NONE',  #1719 ) ;
#880 = ORIENTED_EDGE ( 'NONE', *, *, #1692, .T. ) ;
#881 = CARTESIAN_POINT ( 'NONE',  ( -1.620596931504649335E-15, 0.000000000000000000, -3.549999999999999378 ) ) ;
#882 = DIRECTION ( 'NONE',  ( 0.000000000000000000, 1.445602896647331225E-15, 1.000000000000000000 ) ) ;
#883 = AXIS2_PLACEMENT_3D ( 'NONE', #1786, #25, #576 ) ;
#884 = CARTESIAN_POINT ( 'NONE',  ( 2.550000000000000266, 15.29150262212917966, 0.2999999999999999889 ) ) ;
#885 = ORIENTED_EDGE ( 'NONE', *, *, #693, .T. ) ;
#886 = DIRECTION ( 'NONE',  ( -1.000000000000000000, -0.000000000000000000, -0.000000000000000000 ) ) ;
#887 = EDGE_LOOP ( 'NONE', ( #322, #1756, #1750 ) ) ;
#888 = AXIS2_PLACEMENT_3D ( 'NONE', #1360, #916, #337 ) ;
#889 = ORIENTED_EDGE ( 'NONE', *, *, #904, .F. ) ;
#890 = ADVANCED_FACE ( 'NONE', ( #686 ), #1000, .T. ) ;
#891 = AXIS2_PLACEMENT_3D ( 'NONE', #1884, #1132, #412 ) ;
#892 = DIRECTION ( 'NONE',  ( 1.000000000000000000, 0.000000000000000000, -0.000000000000000000 ) ) ;
#893 = LINE ( 'NONE', #1478, #227 ) ;
#894 = AXIS2_PLACEMENT_3D ( 'NONE', #473, #295, #1051 ) ;
#895 = DIRECTION ( 'NONE',  ( 0.000000000000000000, -1.000000000000000000, 0.000000000000000000 ) ) ;
#896 = ORIENTED_EDGE ( 'NONE', *, *, #541, .T. ) ;
#897 = DIRECTION ( 'NONE',  ( 0.000000000000000000, -1.000000000000000000, 0.000000000000000000 ) ) ;
#898 = AXIS2_PLACEMENT_3D ( 'NONE', #1792, #479, #1505 ) ;
#899 = ORIENTED_EDGE ( 'NONE', *, *, #991, .F. ) ;
#900 = DIRECTION ( 'NONE',  ( -0.000000000000000000, 0.05660377358490605720, 0.9983967211564493960 ) ) ;
#901 = ORIENTED_EDGE ( 'NONE', *, *, #140, .F. ) ;
#902 = CARTESIAN_POINT ( 'NONE',  ( -3.062114782802843216, 20.00000000000000000, -6.102763747375536063 ) ) ;
#903 = DIRECTION ( 'NONE',  ( 0.000000000000000000, -1.000000000000000000, 0.000000000000000000 ) ) ;
#904 = EDGE_CURVE ( 'NONE', #1187, #200, #1268, .T. ) ;
#905 = EDGE_CURVE ( 'NONE', #593, #870, #1276, .T. ) ;
#906 = LINE ( 'NONE', #328, #1223 ) ;
#907 = LINE ( 'NONE', #215, #1808 ) ;
#908 = ORIENTED_EDGE ( 'NONE', *, *, #1059, .T. ) ;
#909 = DIRECTION ( 'NONE',  ( 0.000000000000000000, 0.000000000000000000, 1.000000000000000000 ) ) ;
#910 = EDGE_CURVE ( 'NONE', #119, #1302, #1474, .T. ) ;
#911 = LINE ( 'NONE', #1330, #1749 ) ;
#912 = DIRECTION ( 'NONE',  ( -0.000000000000000000, -1.000000000000000000, -0.000000000000000000 ) ) ;
#913 = CIRCLE ( 'NONE', #1558, 0.2999999999999998779 ) ;
#914 = VERTEX_POINT ( 'NONE', #1131 ) ;
#915 = APPLICATION_CONTEXT ( 'automotive_design' ) ;
#916 = DIRECTION ( 'NONE',  ( 0.000000000000000000, 1.000000000000000000, -0.000000000000000000 ) ) ;
#917 = ORIENTED_EDGE ( 'NONE', *, *, #633, .F. ) ;
#918 = DIRECTION ( 'NONE',  ( 0.000000000000000000, 0.000000000000000000, -1.000000000000000000 ) ) ;
#919 = PLANE ( 'NONE',  #742 ) ;
#920 = AXIS2_PLACEMENT_3D ( 'NONE', #1650, #369, #1219 ) ;
#921 = CIRCLE ( 'NONE', #282, 0.2999999999999999334 ) ;
#922 = LINE ( 'NONE', #362, #1566 ) ;
#923 = CIRCLE ( 'NONE', #1661, 0.2999999999999999334 ) ;
#924 = CARTESIAN_POINT ( 'NONE',  ( -2.550000000000000266, 20.00000000000000000, 0.000000000000000000 ) ) ;
#925 = AXIS2_PLACEMENT_3D ( 'NONE', #945, #1822, #477 ) ;
#926 = EDGE_CURVE ( 'NONE', #1430, #1411, #1846, .T. ) ;
#927 = TOROIDAL_SURFACE ( 'NONE', #898, 0.5999999999999999778, 0.2999999999999999889 ) ;
#928 = DIRECTION ( 'NONE',  ( -0.5092124912517924651, 0.000000000000000000, -0.8606408302847030622 ) ) ;
#929 = ORIENTED_EDGE ( 'NONE', *, *, #83, .F. ) ;
#930 = DIRECTION ( 'NONE',  ( 1.000000000000000000, 0.000000000000000000, 0.000000000000000000 ) ) ;
#931 = CYLINDRICAL_SURFACE ( 'NONE', #617, 0.2999999999999999334 ) ;
#932 = ORIENTED_EDGE ( 'NONE', *, *, #904, .T. ) ;
#933 = DIRECTION ( 'NONE',  ( 0.000000000000000000, 0.000000000000000000, 1.000000000000000000 ) ) ;
#934 = CARTESIAN_POINT ( 'NONE',  ( 2.550000000000000266, 10.00000000000000000, -1.783501221239376673E-15 ) ) ;
#935 = ADVANCED_FACE ( 'NONE', ( #247 ), #1438, .T. ) ;
#936 = FACE_OUTER_BOUND ( 'NONE', #887, .T. ) ;
#937 = ORIENTED_EDGE ( 'NONE', *, *, #415, .T. ) ;
#938 = EDGE_CURVE ( 'NONE', #13, #533, #1153, .T. ) ;
#939 = FACE_OUTER_BOUND ( 'NONE', #508, .T. ) ;
#940 = SPHERICAL_SURFACE ( 'NONE', #615, 0.2999999999999999889 ) ;
#941 = ORIENTED_EDGE ( 'NONE', *, *, #1422, .T. ) ;
#942 = CARTESIAN_POINT ( 'NONE',  ( -4.482114782802806729, 0.3000000000000016542, -3.702763747375605430 ) ) ;
#943 = DIRECTION ( 'NONE',  ( -0.5092124912517861368, 2.716382981957708644E-15, 0.8606408302847069480 ) ) ;
#944 = ORIENTED_EDGE ( 'NONE', *, *, #153, .F. ) ;
#945 = CARTESIAN_POINT ( 'NONE',  ( -2.850000000000000089, 15.29150262212917966, 0.2999999999999999889 ) ) ;
#946 = VERTEX_POINT ( 'NONE', #401 ) ;
#947 = EDGE_CURVE ( 'NONE', #533, #563, #846, .T. ) ;
#948 = CARTESIAN_POINT ( 'NONE',  ( -2.550000000000000266, 20.00000000000000000, 0.000000000000000000 ) ) ;
#949 = DIRECTION ( 'NONE',  ( 0.000000000000000000, 0.000000000000000000, 1.000000000000000000 ) ) ;
#950 = EDGE_LOOP ( 'NONE', ( #1829, #361, #388, #1403 ) ) ;
#951 = ADVANCED_FACE ( 'NONE', ( #1144 ), #572, .T. ) ;
#952 = CARTESIAN_POINT ( 'NONE',  ( 2.974999999999965450, 19.69999999999999929, -6.250000000000000000 ) ) ;
#953 = LINE ( 'NONE', #1699, #732 ) ;
#954 = CYLINDRICAL_SURFACE ( 'NONE', #1127, 2.500000000000000444 ) ;
#955 = CIRCLE ( 'NONE', #1722, 2.800000000000000266 ) ;
#956 = DIRECTION ( 'NONE',  ( 0.000000000000000000, 0.000000000000000000, 1.000000000000000000 ) ) ;
#957 = ORIENTED_EDGE ( 'NONE', *, *, #693, .F. ) ;
#958 =( NAMED_UNIT ( * ) SI_UNIT ( $, .STERADIAN. ) SOLID_ANGLE_UNIT ( ) );
#959 = CARTESIAN_POINT ( 'NONE',  ( 2.850000000000000089, 10.00000000000000000, -1.783501221239376673E-15 ) ) ;
#960 = ORIENTED_EDGE ( 'NONE', *, *, #619, .T. ) ;
#961 = EDGE_CURVE ( 'NONE', #946, #450, #126, .T. ) ;
#962 = CARTESIAN_POINT ( 'NONE',  ( 2.550000000000000266, 10.00000000000000000, -4.592425496802574958E-16 ) ) ;
#963 = EDGE_CURVE ( 'NONE', #289, #527, #1203, .T. ) ;
#964 = ORIENTED_EDGE ( 'NONE', *, *, #681, .T. ) ;
#965 = ORIENTED_EDGE ( 'NONE', *, *, #1655, .F. ) ;
#966 = CARTESIAN_POINT ( 'NONE',  ( 0.000000000000000000, 0.000000000000000000, 0.000000000000000000 ) ) ;
#967 = EDGE_LOOP ( 'NONE', ( #990, #1128, #1156, #733 ) ) ;
#968 = CARTESIAN_POINT ( 'NONE',  ( -2.850000000000000089, 10.00000000000000000, -4.592425496802574958E-16 ) ) ;
#969 = ADVANCED_FACE ( 'NONE', ( #39 ), #1745, .T. ) ;
#970 = CARTESIAN_POINT ( 'NONE',  ( 2.550000000000000266, 19.69999999999999929, 0.000000000000000000 ) ) ;
#971 = EDGE_CURVE ( 'NONE', #773, #1703, #1629, .T. ) ;
#972 = CIRCLE ( 'NONE', #398, 0.2999999999999999334 ) ;
#973 = ORIENTED_EDGE ( 'NONE', *, *, #1001, .F. ) ;
#974 = AXIS2_PLACEMENT_3D ( 'NONE', #811, #61, #645 ) ;
#975 = ORIENTED_EDGE ( 'NONE', *, *, #596, .T. ) ;
#976 = AXIS2_PLACEMENT_3D ( 'NONE', #1123, #266, #565 ) ;
#977 = DIRECTION ( 'NONE',  ( 0.000000000000000000, 0.000000000000000000, -1.000000000000000000 ) ) ;
#978 = CIRCLE ( 'NONE', #1747, 0.3000000000000000444 ) ;
#979 = DIRECTION ( 'NONE',  ( 0.000000000000000000, 0.000000000000000000, 1.000000000000000000 ) ) ;
#980 = STYLED_ITEM ( 'NONE', ( #1665 ), #763 ) ;
#981 = DIRECTION ( 'NONE',  ( 0.000000000000000000, 1.000000000000000000, 0.000000000000000000 ) ) ;
#982 = ORIENTED_EDGE ( 'NONE', *, *, #415, .F. ) ;
#983 = AXIS2_PLACEMENT_3D ( 'NONE', #217, #359, #1662 ) ;
#984 = CARTESIAN_POINT ( 'NONE',  ( 2.850000000000000089, 10.00000000000000000, -1.783501221239376673E-15 ) ) ;
#985 = CARTESIAN_POINT ( 'NONE',  ( 2.850000000000000089, 19.69999999999999929, -0.2999999999999999334 ) ) ;
#986 = CARTESIAN_POINT ( 'NONE',  ( -2.550000000000000266, 12.50000000000000000, -9.780112998841434256E-32 ) ) ;
#987 = ORIENTED_EDGE ( 'NONE', *, *, #938, .F. ) ;
#988 = EDGE_CURVE ( 'NONE', #1588, #796, #730, .T. ) ;
#989 = CARTESIAN_POINT ( 'NONE',  ( 2.550000000000000266, 7.500000000000000000, 2.755455298081544778E-15 ) ) ;
#990 = ORIENTED_EDGE ( 'NONE', *, *, #1464, .T. ) ;
#991 = EDGE_CURVE ( 'NONE', #390, #188, #835, .T. ) ;
#992 = DIRECTION ( 'NONE',  ( -4.336808689942018525E-15, 0.000000000000000000, 1.000000000000000000 ) ) ;
#993 = CARTESIAN_POINT ( 'NONE',  ( -4.482114782802806729, 19.69999999999999929, -3.702763747375605430 ) ) ;
#994 = CARTESIAN_POINT ( 'NONE',  ( 2.850000000000000089, 0.3000000000000016542, -0.2999999999999999334 ) ) ;
#995 = ORIENTED_EDGE ( 'NONE', *, *, #1440, .T. ) ;
#996 = FACE_OUTER_BOUND ( 'NONE', #1033, .T. ) ;
#997 = AXIS2_PLACEMENT_3D ( 'NONE', #760, #1635, #1332 ) ;
#998 = ORIENTED_EDGE ( 'NONE', *, *, #596, .F. ) ;
#999 = EDGE_CURVE ( 'NONE', #1483, #1275, #1416, .T. ) ;
#1000 = CYLINDRICAL_SURFACE ( 'NONE', #556, 0.2999999999999999889 ) ;
#1001 = EDGE_CURVE ( 'NONE', #796, #1630, #1775, .T. ) ;
#1002 = DIRECTION ( 'NONE',  ( 1.000000000000000000, -0.000000000000000000, -0.000000000000000000 ) ) ;
#1003 = DIRECTION ( 'NONE',  ( 0.000000000000000000, 0.000000000000000000, -1.000000000000000000 ) ) ;
#1004 = CARTESIAN_POINT ( 'NONE',  ( 2.850000000000000089, 15.29150262212917966, -0.2999999999999999334 ) ) ;
#1005 = VECTOR ( 'NONE', #365, 1000.000000000000000 ) ;
#1006 = ORIENTED_EDGE ( 'NONE', *, *, #506, .F. ) ;
#1007 = AXIS2_PLACEMENT_3D ( 'NONE', #1395, #239, #1114 ) ;
#1008 = DIRECTION ( 'NONE',  ( 0.000000000000000000, 0.000000000000000000, -1.000000000000000000 ) ) ;
#1009 = AXIS2_PLACEMENT_3D ( 'NONE', #21, #1041, #909 ) ;
#1010 = ORIENTED_EDGE ( 'NONE', *, *, #515, .T. ) ;
#1011 = VECTOR ( 'NONE', #1663, 1000.000000000000000 ) ;
#1012 = CYLINDRICAL_SURFACE ( 'NONE', #258, 0.2999999999999999889 ) ;
#1013 = DIRECTION ( 'NONE',  ( -0.000000000000000000, 1.000000000000000000, -0.000000000000000000 ) ) ;
#1014 = CARTESIAN_POINT ( 'NONE',  ( -2.803922533717431165, 19.69999999999999929, -6.250000000000000000 ) ) ;
#1015 = VERTEX_POINT ( 'NONE', #605 ) ;
#1016 = DIRECTION ( 'NONE',  ( -0.000000000000000000, 1.000000000000000000, -0.000000000000000000 ) ) ;
#1017 = EDGE_CURVE ( 'NONE', #1367, #796, #1443, .T. ) ;
#1018 = CYLINDRICAL_SURFACE ( 'NONE', #578, 0.2999999999999999334 ) ;
#1019 = VERTEX_POINT ( 'NONE', #1601 ) ;
#1020 = DIRECTION ( 'NONE',  ( 0.000000000000000000, 0.000000000000000000, -1.000000000000000000 ) ) ;
#1021 = DIRECTION ( 'NONE',  ( 0.000000000000000000, 0.000000000000000000, 1.000000000000000000 ) ) ;
#1022 = DIRECTION ( 'NONE',  ( -0.000000000000000000, 1.000000000000000000, -0.000000000000000000 ) ) ;
#1023 = ORIENTED_EDGE ( 'NONE', *, *, #1527, .F. ) ;
#1024 = DIRECTION ( 'NONE',  ( 1.000000000000000000, 0.000000000000000000, -0.000000000000000000 ) ) ;
#1025 = ADVANCED_FACE ( 'NONE', ( #1469 ), #1031, .T. ) ;
#1026 = ORIENTED_EDGE ( 'NONE', *, *, #681, .F. ) ;
#1027 = EDGE_CURVE ( 'NONE', #598, #699, #444, .T. ) ;
#1028 = DIRECTION ( 'NONE',  ( 1.000000000000000000, 0.000000000000000000, 0.000000000000000000 ) ) ;
#1029 = ORIENTED_EDGE ( 'NONE', *, *, #98, .T. ) ;
#1030 = CARTESIAN_POINT ( 'NONE',  ( -2.643189616852112955, 7.488356024025990543, -0.01160095409717473713 ) ) ;
#1031 = CYLINDRICAL_SURFACE ( 'NONE', #1009, 0.2999999999999999334 ) ;
#1032 = CARTESIAN_POINT ( 'NONE',  ( -2.550000000000000266, 19.69999999999999929, -0.2999999999999999889 ) ) ;
#1033 = EDGE_LOOP ( 'NONE', ( #809, #1599, #815, #1672 ) ) ;
#1034 = CARTESIAN_POINT ( 'NONE',  ( 2.850000000000000089, 4.708497377870820344, 0.2999999999999999889 ) ) ;
#1035 = ORIENTED_EDGE ( 'NONE', *, *, #855, .F. ) ;
#1036 = CARTESIAN_POINT ( 'NONE',  ( -4.491807750914587949, 0.3000000000000016542, -3.097236252624533392 ) ) ;
#1037 = ORIENTED_EDGE ( 'NONE', *, *, #1878, .F. ) ;
#1038 = ADVANCED_FACE ( 'NONE', ( #1162 ), #1105, .T. ) ;
#1039 = CIRCLE ( 'NONE', #1626, 2.500000000000000444 ) ;
#1040 = DIRECTION ( 'NONE',  ( 1.000000000000000000, 0.000000000000000000, 0.000000000000000000 ) ) ;
#1041 = DIRECTION ( 'NONE',  ( -1.000000000000000000, 0.000000000000000000, 0.000000000000000000 ) ) ;
#1042 = VECTOR ( 'NONE', #765, 1000.000000000000000 ) ;
#1043 = DIRECTION ( 'NONE',  ( 1.000000000000000000, 0.000000000000000000, 0.000000000000000000 ) ) ;
#1044 = AXIS2_PLACEMENT_3D ( 'NONE', #406, #1880, #1852 ) ;
#1045 = CARTESIAN_POINT ( 'NONE',  ( -2.803922533717431165, 0.2999999999999999889, -5.950000000000000178 ) ) ;
#1046 = ORIENTED_EDGE ( 'NONE', *, *, #1017, .T. ) ;
#1047 = CARTESIAN_POINT ( 'NONE',  ( 4.223922533717389349, 19.69999999999999929, -3.550000000000001155 ) ) ;
#1048 = EDGE_LOOP ( 'NONE', ( #664, #1727, #637, #1887 ) ) ;
#1049 = ADVANCED_FACE ( 'NONE', ( #1608 ), #1189, .T. ) ;
#1050 = CARTESIAN_POINT ( 'NONE',  ( 2.550000000000000266, 10.00000000000000000, 2.799999999999999822 ) ) ;
#1051 = DIRECTION ( 'NONE',  ( 0.000000000000000000, 0.9983967211564491739, 0.05660377358490637639 ) ) ;
#1052 = ADVANCED_FACE ( 'NONE', ( #1316 ), #1486, .T. ) ;
#1053 = CARTESIAN_POINT ( 'NONE',  ( -2.550000000000000266, 5.307535410564689471, 0.2660377358490564337 ) ) ;
#1054 = PLANE ( 'NONE',  #573 ) ;
#1055 = ORIENTED_EDGE ( 'NONE', *, *, #1233, .T. ) ;
#1056 = DIRECTION ( 'NONE',  ( -0.000000000000000000, -0.000000000000000000, 1.000000000000000000 ) ) ;
#1057 = EDGE_LOOP ( 'NONE', ( #1428, #965, #806, #567, #1035 ) ) ;
#1058 = DIRECTION ( 'NONE',  ( 0.5092124912517916879, -5.432765963915439377E-15, 0.8606408302847036174 ) ) ;
#1059 = EDGE_CURVE ( 'NONE', #133, #1605, #453, .T. ) ;
#1060 = AXIS2_PLACEMENT_3D ( 'NONE', #857, #1885, #3 ) ;
#1061 = CARTESIAN_POINT ( 'NONE',  ( -2.850000000000000089, 19.69999999999999929, -0.2999999999999999889 ) ) ;
#1062 = FACE_OUTER_BOUND ( 'NONE', #319, .T. ) ;
#1063 = AXIS2_PLACEMENT_3D ( 'NONE', #1251, #504, #1838 ) ;
#1064 = LINE ( 'NONE', #1391, #1005 ) ;
#1065 = VERTEX_POINT ( 'NONE', #740 ) ;
#1066 = FACE_OUTER_BOUND ( 'NONE', #1333, .T. ) ;
#1067 = CARTESIAN_POINT ( 'NONE',  ( 4.749999999999999112, 0.3000000000000016542, -3.250000000000001776 ) ) ;
#1068 = AXIS2_PLACEMENT_3D ( 'NONE', #808, #816, #381 ) ;
#1069 = VERTEX_POINT ( 'NONE', #1336 ) ;
#1070 = AXIS2_PLACEMENT_3D ( 'NONE', #1032, #1609, #177 ) ;
#1071 = FILL_AREA_STYLE ('',( #1529 ) ) ;
#1072 = DIRECTION ( 'NONE',  ( 0.000000000000000000, -1.000000000000000000, 0.000000000000000000 ) ) ;
#1073 = ADVANCED_FACE ( 'NONE', ( #1328 ), #595, .T. ) ;
#1074 = CARTESIAN_POINT ( 'NONE',  ( 2.550000000000000266, 20.00000000000000000, -3.550000000000000711 ) ) ;
#1075 = AXIS2_PLACEMENT_3D ( 'NONE', #1171, #183, #1447 ) ;
#1076 = EDGE_CURVE ( 'NONE', #1125, #119, #893, .T. ) ;
#1077 = CARTESIAN_POINT ( 'NONE',  ( 2.550000000000000266, 10.00000000000000000, -1.783501221239376673E-15 ) ) ;
#1078 = ORIENTED_EDGE ( 'NONE', *, *, #822, .F. ) ;
#1079 = CARTESIAN_POINT ( 'NONE',  ( -3.149999999999999911, 0.3000000000000016542, -2.950000000000069900 ) ) ;
#1080 = DIRECTION ( 'NONE',  ( 0.000000000000000000, 1.000000000000000000, -0.000000000000000000 ) ) ;
#1081 = ORIENTED_EDGE ( 'NONE', *, *, #737, .T. ) ;
#1082 = CARTESIAN_POINT ( 'NONE',  ( -2.550000000000000266, 10.00000000000000000, 2.500000000000000000 ) ) ;
#1083 = LINE ( 'NONE', #53, #1686 ) ;
#1084 = EDGE_CURVE ( 'NONE', #1065, #533, #713, .T. ) ;
#1085 = DIRECTION ( 'NONE',  ( 2.891205793294679017E-15, 0.000000000000000000, 1.000000000000000000 ) ) ;
#1086 = CARTESIAN_POINT ( 'NONE',  ( 2.803922533717362775, 0.2999999999999999889, -5.950000000000000178 ) ) ;
#1087 = EDGE_LOOP ( 'NONE', ( #1708, #370 ) ) ;
#1088 = CARTESIAN_POINT ( 'NONE',  ( 2.850000000000000089, 10.00000000000000000, -4.592425496802574958E-16 ) ) ;
#1089 = CARTESIAN_POINT ( 'NONE',  ( 2.550000000000000266, 10.00000000000000000, -4.592425496802574958E-16 ) ) ;
#1090 = ORIENTED_EDGE ( 'NONE', *, *, #34, .F. ) ;
#1091 = CARTESIAN_POINT ( 'NONE',  ( -4.223922533717394678, 0.3000000000000016542, -3.550000000000069544 ) ) ;
#1092 = VECTOR ( 'NONE', #290, 1000.000000000000000 ) ;
#1093 = DIRECTION ( 'NONE',  ( 0.000000000000000000, 0.000000000000000000, -1.000000000000000000 ) ) ;
#1094 = VECTOR ( 'NONE', #788, 1000.000000000000000 ) ;
#1095 = LINE ( 'NONE', #1350, #1473 ) ;
#1096 = VERTEX_POINT ( 'NONE', #642 ) ;
#1097 = ADVANCED_FACE ( 'NONE', ( #1248 ), #940, .T. ) ;
#1098 = APPLICATION_PROTOCOL_DEFINITION ( 'draft international standard', 'automotive_design', 1998, #820 ) ;
#1099 = DIRECTION ( 'NONE',  ( -0.000000000000000000, -1.000000000000000000, -0.000000000000000000 ) ) ;
#1100 = ORIENTED_EDGE ( 'NONE', *, *, #1856, .T. ) ;
#1101 = ADVANCED_FACE ( 'NONE', ( #1834 ), #1380, .T. ) ;
#1102 = AXIS2_PLACEMENT_3D ( 'NONE', #46, #1671, #620 ) ;
#1103 = CARTESIAN_POINT ( 'NONE',  ( 2.550000000000000266, 12.50000000000000000, -9.780112998841434256E-32 ) ) ;
#1104 = AXIS2_PLACEMENT_3D ( 'NONE', #186, #1495, #875 ) ;
#1105 = TOROIDAL_SURFACE ( 'NONE', #1353, 0.5999999999999999778, 0.2999999999999999889 ) ;
#1106 = ORIENTED_EDGE ( 'NONE', *, *, #391, .F. ) ;
#1107 = AXIS2_PLACEMENT_3D ( 'NONE', #1209, #660, #206 ) ;
#1108 = DIRECTION ( 'NONE',  ( -0.8606408302847069480, 0.000000000000000000, -0.5092124912517862478 ) ) ;
#1109 = AXIS2_PLACEMENT_3D ( 'NONE', #764, #500, #339 ) ;
#1110 = VERTEX_POINT ( 'NONE', #229 ) ;
#1111 = FACE_OUTER_BOUND ( 'NONE', #853, .T. ) ;
#1112 = VERTEX_POINT ( 'NONE', #340 ) ;
#1113 = EDGE_CURVE ( 'NONE', #1302, #1112, #1696, .T. ) ;
#1114 = DIRECTION ( 'NONE',  ( 0.5092124912517924651, 0.000000000000000000, 0.8606408302847030622 ) ) ;
#1115 = ADVANCED_FACE ( 'NONE', ( #66 ), #1228, .T. ) ;
#1116 = DIRECTION ( 'NONE',  ( -1.000000000000000000, 0.000000000000000000, 0.000000000000000000 ) ) ;
#1117 = ORIENTED_EDGE ( 'NONE', *, *, #1389, .F. ) ;
#1118 = CARTESIAN_POINT ( 'NONE',  ( 2.803922533717362331, 20.00000000000000000, -6.250000000000000000 ) ) ;
#1119 = FACE_OUTER_BOUND ( 'NONE', #1871, .T. ) ;
#1120 = ORIENTED_EDGE ( 'NONE', *, *, #812, .F. ) ;
#1121 = EDGE_CURVE ( 'NONE', #1536, #390, #257, .T. ) ;
#1122 = DIRECTION ( 'NONE',  ( 1.000000000000000000, -0.000000000000000000, 4.336808689942018525E-15 ) ) ;
#1123 = CARTESIAN_POINT ( 'NONE',  ( -4.223922533717394678, 19.69999999999999929, -3.550000000000069100 ) ) ;
#1124 = CARTESIAN_POINT ( 'NONE',  ( 2.720622878892279939, 12.54909632216494941, -0.04950827687818768613 ) ) ;
#1125 = VERTEX_POINT ( 'NONE', #1693 ) ;
#1126 = CARTESIAN_POINT ( 'NONE',  ( -2.826855777415015147, 12.65726179595303336, -0.1615940010562028906 ) ) ;
#1127 = AXIS2_PLACEMENT_3D ( 'NONE', #821, #1398, #94 ) ;
#1128 = ORIENTED_EDGE ( 'NONE', *, *, #83, .T. ) ;
#1129 = AXIS2_PLACEMENT_3D ( 'NONE', #1346, #192, #1165 ) ;
#1130 = CYLINDRICAL_SURFACE ( 'NONE', #1698, 0.2999999999999999334 ) ;
#1131 = CARTESIAN_POINT ( 'NONE',  ( -3.149999999999999911, 0.3000000000000016542, -3.250000000000069722 ) ) ;
#1132 = DIRECTION ( 'NONE',  ( 1.000000000000000000, 0.000000000000000000, -4.565061778886337002E-16 ) ) ;
#1133 = TOROIDAL_SURFACE ( 'NONE', #313, 4.699999999999999289, 0.2999999999999999889 ) ;
#1134 = CARTESIAN_POINT ( 'NONE',  ( -4.223922533717394678, 0.3000000000000016542, -3.550000000000069100 ) ) ;
#1135 = EDGE_CURVE ( 'NONE', #527, #588, #1393, .T. ) ;
#1136 = AXIS2_PLACEMENT_3D ( 'NONE', #1213, #1043, #1795 ) ;
#1137 = VERTEX_POINT ( 'NONE', #489 ) ;
#1138 = EDGE_CURVE ( 'NONE', #1680, #914, #1239, .T. ) ;
#1139 = AXIS2_PLACEMENT_3D ( 'NONE', #1183, #1766, #312 ) ;
#1140 = AXIS2_PLACEMENT_3D ( 'NONE', #155, #873, #1485 ) ;
#1141 = CARTESIAN_POINT ( 'NONE',  ( -4.223922533717395567, 19.69999999999999929, -3.550000000000069544 ) ) ;
#1142 = ORIENTED_EDGE ( 'NONE', *, *, #910, .F. ) ;
#1143 = TOROIDAL_SURFACE ( 'NONE', #499, 0.5999999999999999778, 0.2999999999999999889 ) ;
#1144 = FACE_OUTER_BOUND ( 'NONE', #1226, .T. ) ;
#1145 = DIRECTION ( 'NONE',  ( -1.000000000000000000, -0.000000000000000000, -0.000000000000000000 ) ) ;
#1146 = CARTESIAN_POINT ( 'NONE',  ( 2.550000000000000266, 12.50000000000000000, -9.780112998841434256E-32 ) ) ;
#1147 = FACE_OUTER_BOUND ( 'NONE', #1882, .T. ) ;
#1148 = AXIS2_PLACEMENT_3D ( 'NONE', #1387, #86, #1828 ) ;
#1149 = ORIENTED_EDGE ( 'NONE', *, *, #1794, .T. ) ;
#1150 = ADVANCED_FACE ( 'NONE', ( #237 ), #919, .F. ) ;
#1151 = DIRECTION ( 'NONE',  ( 0.000000000000000000, 0.000000000000000000, -1.000000000000000000 ) ) ;
#1152 = ORIENTED_EDGE ( 'NONE', *, *, #1726, .F. ) ;
#1153 = LINE ( 'NONE', #714, #138 ) ;
#1154 = PLANE ( 'NONE',  #581 ) ;
#1155 = FACE_OUTER_BOUND ( 'NONE', #690, .T. ) ;
#1156 = ORIENTED_EDGE ( 'NONE', *, *, #905, .F. ) ;
#1157 = FACE_OUTER_BOUND ( 'NONE', #1286, .T. ) ;
#1158 = VECTOR ( 'NONE', #1396, 1000.000000000000000 ) ;
#1159 = EDGE_LOOP ( 'NONE', ( #1284, #310, #116 ) ) ;
#1160 = EDGE_CURVE ( 'NONE', #289, #484, #1812, .T. ) ;
#1161 = CARTESIAN_POINT ( 'NONE',  ( -2.720624762410537745, 7.450902502933381299, -0.04950947159812407045 ) ) ;
#1162 = FACE_OUTER_BOUND ( 'NONE', #621, .T. ) ;
#1163 = ADVANCED_FACE ( 'NONE', ( #1212 ), #439, .T. ) ;
#1164 = ORIENTED_EDGE ( 'NONE', *, *, #1497, .T. ) ;
#1165 = DIRECTION ( 'NONE',  ( 0.000000000000000000, 0.000000000000000000, -1.000000000000000000 ) ) ;
#1166 = CIRCLE ( 'NONE', #1691, 0.3000000000000002665 ) ;
#1167 = VERTEX_POINT ( 'NONE', #1825 ) ;
#1168 = AXIS2_PLACEMENT_3D ( 'NONE', #137, #848, #1567 ) ;
#1169 = AXIS2_PLACEMENT_3D ( 'NONE', #1720, #864, #829 ) ;
#1170 = ORIENTED_EDGE ( 'NONE', *, *, #707, .F. ) ;
#1171 = CARTESIAN_POINT ( 'NONE',  ( -2.550000000000000266, 10.00000000000000000, -4.592425496802574958E-16 ) ) ;
#1172 = DIRECTION ( 'NONE',  ( -1.000000000000000000, 0.000000000000000000, 0.000000000000000000 ) ) ;
#1173 = ADVANCED_FACE ( 'NONE', ( #1793 ), #288, .T. ) ;
#1174 = VECTOR ( 'NONE', #1468, 1000.000000000000000 ) ;
#1175 = DIRECTION ( 'NONE',  ( 1.000000000000000000, 0.000000000000000000, 0.000000000000000000 ) ) ;
#1176 = ORIENTED_EDGE ( 'NONE', *, *, #108, .T. ) ;
#1177 = CARTESIAN_POINT ( 'NONE',  ( 4.223922533717389349, 20.00000000000000000, -3.250000000000001332 ) ) ;
#1178 = ORIENTED_EDGE ( 'NONE', *, *, #1499, .F. ) ;
#1179 = B_SPLINE_CURVE_WITH_KNOTS ( 'NONE', 3,
 ( #1857, #856, #1875, #542, #1124, #1425, #121, #1146 ),
 .UNSPECIFIED., .F., .F.,
 ( 4, 2, 2, 4 ),
 ( -3.474133090635520224E-06, 0.0002772317191005143396, 0.0004175846451960908137, 0.0005579375712916671793 ),
 .UNSPECIFIED. ) ;
#1180 = PRODUCT_DEFINITION_CONTEXT ( 'detailed design', #915, 'design' ) ;
#1181 = ORIENTED_EDGE ( 'NONE', *, *, #1878, .T. ) ;
#1182 = DIRECTION ( 'NONE',  ( 7.228014483236655732E-15, 1.000000000000000000, 0.000000000000000000 ) ) ;
#1183 = CARTESIAN_POINT ( 'NONE',  ( -2.550000000000000266, 20.00000000000000000, -0.2999999999999999889 ) ) ;
#1184 = ORIENTED_EDGE ( 'NONE', *, *, #149, .F. ) ;
#1185 = ORIENTED_EDGE ( 'NONE', *, *, #963, .F. ) ;
#1186 = CARTESIAN_POINT ( 'NONE',  ( -2.550000000000000266, 19.69999999999999929, 0.000000000000000000 ) ) ;
#1187 = VERTEX_POINT ( 'NONE', #59 ) ;
#1188 = CYLINDRICAL_SURFACE ( 'NONE', #82, 0.2999999999999999334 ) ;
#1189 = PLANE ( 'NONE',  #197 ) ;
#1190 = AXIS2_PLACEMENT_3D ( 'NONE', #1045, #1482, #1206 ) ;
#1191 = FACE_OUTER_BOUND ( 'NONE', #1249, .T. ) ;
#1192 = ORIENTED_EDGE ( 'NONE', *, *, #529, .T. ) ;
#1193 = FACE_OUTER_BOUND ( 'NONE', #382, .T. ) ;
#1194 = EDGE_CURVE ( 'NONE', #1605, #1841, #1801, .T. ) ;
#1195 = ORIENTED_EDGE ( 'NONE', *, *, #999, .T. ) ;
#1196 = CIRCLE ( 'NONE', #405, 4.999999999999999112 ) ;
#1197 = CARTESIAN_POINT ( 'NONE',  ( 2.550000000000000266, 20.00000000000000000, 0.000000000000000000 ) ) ;
#1198 = ORIENTED_EDGE ( 'NONE', *, *, #44, .F. ) ;
#1199 = AXIS2_PLACEMENT_3D ( 'NONE', #752, #1175, #333 ) ;
#1200 = AXIS2_PLACEMENT_3D ( 'NONE', #522, #1517, #70 ) ;
#1201 = DIRECTION ( 'NONE',  ( -1.000000000000000000, 0.000000000000000000, -0.000000000000000000 ) ) ;
#1202 = CARTESIAN_POINT ( 'NONE',  ( -2.850000000000000089, 0.3000000000000016542, 0.000000000000000000 ) ) ;
#1203 = CIRCLE ( 'NONE', #379, 0.2999999999999999334 ) ;
#1204 = CARTESIAN_POINT ( 'NONE',  ( -2.550000000000000266, 10.00000000000000000, -4.592425496802574958E-16 ) ) ;
#1205 = VECTOR ( 'NONE', #509, 1000.000000000000000 ) ;
#1206 = DIRECTION ( 'NONE',  ( 1.000000000000000000, -1.445602896647339706E-15, 0.000000000000000000 ) ) ;
#1207 = ORIENTED_EDGE ( 'NONE', *, *, #726, .T. ) ;
#1208 = ADVANCED_FACE ( 'NONE', ( #352 ), #931, .T. ) ;
#1209 = CARTESIAN_POINT ( 'NONE',  ( 2.550000000000000266, 10.00000000000000000, 4.699999999999997513 ) ) ;
#1210 = ORIENTED_EDGE ( 'NONE', *, *, #117, .T. ) ;
#1211 = DIRECTION ( 'NONE',  ( 0.000000000000000000, 0.000000000000000000, 1.000000000000000000 ) ) ;
#1212 = FACE_OUTER_BOUND ( 'NONE', #349, .T. ) ;
#1213 = CARTESIAN_POINT ( 'NONE',  ( 2.803922533717362775, 0.2999999999999999889, -5.950000000000000178 ) ) ;
#1214 = LINE ( 'NONE', #213, #1466 ) ;
#1215 = ORIENTED_EDGE ( 'NONE', *, *, #105, .F. ) ;
#1216 = CARTESIAN_POINT ( 'NONE',  ( -2.550000000000000266, 20.00000000000000000, -2.950000000000069900 ) ) ;
#1217 = ORIENTED_EDGE ( 'NONE', *, *, #580, .T. ) ;
#1218 = CARTESIAN_POINT ( 'NONE',  ( -4.223922533717394678, 19.69999999999999929, -3.250000000000069278 ) ) ;
#1219 = DIRECTION ( 'NONE',  ( 0.000000000000000000, 0.000000000000000000, 1.000000000000000000 ) ) ;
#1220 = EDGE_CURVE ( 'NONE', #1125, #552, #771, .T. ) ;
#1221 =( NAMED_UNIT ( * ) SI_UNIT ( $, .STERADIAN. ) SOLID_ANGLE_UNIT ( ) );
#1222 = LINE ( 'NONE', #483, #1094 ) ;
#1223 = VECTOR ( 'NONE', #1769, 1000.000000000000000 ) ;
#1224 = ORIENTED_EDGE ( 'NONE', *, *, #1368, .T. ) ;
#1225 = CARTESIAN_POINT ( 'NONE',  ( -2.550000000000000266, 12.50000000000000000, -9.780112998841434256E-32 ) ) ;
#1226 = EDGE_LOOP ( 'NONE', ( #19, #756, #712, #537 ) ) ;
#1227 = DIRECTION ( 'NONE',  ( 0.000000000000000000, 0.000000000000000000, 1.000000000000000000 ) ) ;
#1228 = CYLINDRICAL_SURFACE ( 'NONE', #680, 0.2999999999999999334 ) ;
#1229 = ORIENTED_EDGE ( 'NONE', *, *, #737, .F. ) ;
#1230 = AXIS2_PLACEMENT_3D ( 'NONE', #1579, #274, #285 ) ;
#1231 = CARTESIAN_POINT ( 'NONE',  ( -2.803922533717431165, 19.69999999999999929, -5.950000000000000178 ) ) ;
#1232 = CARTESIAN_POINT ( 'NONE',  ( 2.550000000000000266, 14.99198360578224509, 0.2830188679245282946 ) ) ;
#1233 = EDGE_CURVE ( 'NONE', #563, #1015, #253, .T. ) ;
#1234 = CARTESIAN_POINT ( 'NONE',  ( 2.850000000000000089, 19.87573593128806948, -3.250000000000000888 ) ) ;
#1235 = CIRCLE ( 'NONE', #1849, 0.3000000000000000444 ) ;
#1236 = DIRECTION ( 'NONE',  ( -1.000000000000000000, 0.000000000000000000, 0.000000000000000000 ) ) ;
#1237 = ORIENTED_EDGE ( 'NONE', *, *, #71, .F. ) ;
#1238 = CARTESIAN_POINT ( 'NONE',  ( 2.850000000000000089, 0.3000000000000016542, -3.250000000000000888 ) ) ;
#1239 = LINE ( 'NONE', #91, #1325 ) ;
#1240 = ORIENTED_EDGE ( 'NONE', *, *, #23, .F. ) ;
#1241 = CARTESIAN_POINT ( 'NONE',  ( -4.223922533717395567, 0.000000000000000000, -3.550000000000069100 ) ) ;
#1242 = FACE_OUTER_BOUND ( 'NONE', #692, .T. ) ;
#1243 = ORIENTED_EDGE ( 'NONE', *, *, #1560, .F. ) ;
#1244 = DIRECTION ( 'NONE',  ( 1.000000000000000000, 0.000000000000000000, 1.807003620809174385E-16 ) ) ;
#1245 = ORIENTED_EDGE ( 'NONE', *, *, #869, .F. ) ;
#1246 = EDGE_CURVE ( 'NONE', #593, #1483, #1450, .T. ) ;
#1247 = CARTESIAN_POINT ( 'NONE',  ( 2.850000000000000089, 10.00000000000000000, 4.999999999999997335 ) ) ;
#1248 = FACE_OUTER_BOUND ( 'NONE', #246, .T. ) ;
#1249 = EDGE_LOOP ( 'NONE', ( #629, #1281, #304, #451 ) ) ;
#1250 = LINE ( 'NONE', #1847, #859 ) ;
#1251 = CARTESIAN_POINT ( 'NONE',  ( 2.850000000000000089, 15.29150262212917966, 0.2999999999999999889 ) ) ;
#1252 = AXIS2_PLACEMENT_3D ( 'NONE', #934, #1520, #214 ) ;
#1253 = DIRECTION ( 'NONE',  ( -0.000000000000000000, 1.000000000000000000, -0.000000000000000000 ) ) ;
#1254 = ADVANCED_FACE ( 'NONE', ( #1853 ), #837, .T. ) ;
#1255 = DIRECTION ( 'NONE',  ( 0.000000000000000000, 0.000000000000000000, 1.000000000000000000 ) ) ;
#1256 = EDGE_LOOP ( 'NONE', ( #1055, #502, #1426 ) ) ;
#1257 = SPHERICAL_SURFACE ( 'NONE', #42, 0.2999999999999999889 ) ;
#1258 = ORIENTED_EDGE ( 'NONE', *, *, #1194, .T. ) ;
#1259 = AXIS2_PLACEMENT_3D ( 'NONE', #1086, #1532, #507 ) ;
#1260 = DIRECTION ( 'NONE',  ( 1.000000000000000000, -0.000000000000000000, -0.000000000000000000 ) ) ;
#1261 = VECTOR ( 'NONE', #1002, 1000.000000000000000 ) ;
#1262 = ORIENTED_EDGE ( 'NONE', *, *, #1512, .T. ) ;
#1263 = PRODUCT_DEFINITION_FORMATION_WITH_SPECIFIED_SOURCE ( 'ANY', '', #695, .NOT_KNOWN. ) ;
#1264 = EDGE_LOOP ( 'NONE', ( #697, #640, #1370, #555 ) ) ;
#1265 = EDGE_CURVE ( 'NONE', #1065, #269, #494, .T. ) ;
#1266 = DIRECTION ( 'NONE',  ( 0.000000000000000000, 0.000000000000000000, -1.000000000000000000 ) ) ;
#1267 = ORIENTED_EDGE ( 'NONE', *, *, #1643, .T. ) ;
#1268 = LINE ( 'NONE', #540, #410 ) ;
#1269 = DIRECTION ( 'NONE',  ( -0.000000000000000000, 1.000000000000000000, -0.000000000000000000 ) ) ;
#1270 = ORIENTED_EDGE ( 'NONE', *, *, #1113, .F. ) ;
#1271 = CARTESIAN_POINT ( 'NONE',  ( -2.850000000000000089, 0.3000000000000016542, -2.950000000000069900 ) ) ;
#1272 = ORIENTED_EDGE ( 'NONE', *, *, #1616, .F. ) ;
#1273 = APPLICATION_PROTOCOL_DEFINITION ( 'draft international standard', 'automotive_design', 1998, #915 ) ;
#1274 = DIRECTION ( 'NONE',  ( 0.000000000000000000, 0.05660377358490622374, -0.9983967211564492850 ) ) ;
#1275 = VERTEX_POINT ( 'NONE', #1881 ) ;
#1276 = LINE ( 'NONE', #284, #112 ) ;
#1277 = EDGE_CURVE ( 'NONE', #1069, #658, #254, .T. ) ;
#1278 = FACE_OUTER_BOUND ( 'NONE', #1551, .T. ) ;
#1279 = CARTESIAN_POINT ( 'NONE',  ( 2.803922533717364551, 20.00000000000000000, -5.950000000000000178 ) ) ;
#1280 = EDGE_CURVE ( 'NONE', #606, #125, #691, .T. ) ;
#1281 = ORIENTED_EDGE ( 'NONE', *, *, #1560, .T. ) ;
#1282 = DIRECTION ( 'NONE',  ( 0.5092124912517924651, -0.000000000000000000, 0.8606408302847031733 ) ) ;
#1283 = AXIS2_PLACEMENT_3D ( 'NONE', #1583, #842, #1300 ) ;
#1284 = ORIENTED_EDGE ( 'NONE', *, *, #1017, .F. ) ;
#1285 = SPHERICAL_SURFACE ( 'NONE', #1500, 0.2999999999999999889 ) ;
#1286 = EDGE_LOOP ( 'NONE', ( #1334, #335, #358, #1023 ) ) ;
#1287 = DIRECTION ( 'NONE',  ( 0.000000000000000000, 0.000000000000000000, -1.000000000000000000 ) ) ;
#1288 = CYLINDRICAL_SURFACE ( 'NONE', #1811, 0.3000000000000000444 ) ;
#1289 = CARTESIAN_POINT ( 'NONE',  ( 2.550000000000000266, 7.500000000000000000, 2.755455298081544778E-15 ) ) ;
#1290 = VECTOR ( 'NONE', #235, 1000.000000000000114 ) ;
#1291 = DIRECTION ( 'NONE',  ( 1.000000000000000000, -2.891205793294679411E-15, 0.000000000000000000 ) ) ;
#1292 = EDGE_CURVE ( 'NONE', #490, #1019, #766, .T. ) ;
#1293 = COLOUR_RGB ( '',0.7921568627450980005, 0.8196078431372548767, 0.9333333333333333481 ) ;
#1294 = AXIS2_PLACEMENT_3D ( 'NONE', #959, #1547, #80 ) ;
#1295 = UNCERTAINTY_MEASURE_WITH_UNIT (LENGTH_MEASURE( 1.000000000000000082E-05 ), #1709, 'distance_accuracy_value', 'NONE');
#1296 = CARTESIAN_POINT ( 'NONE',  ( 2.643189616852112955, 7.488356024025990543, -0.01160095409717468162 ) ) ;
#1297 = ORIENTED_EDGE ( 'NONE', *, *, #9, .T. ) ;
#1298 = CARTESIAN_POINT ( 'NONE',  ( 2.550000000000000266, 20.00000000000000000, -0.2999999999999999334 ) ) ;
#1299 = FACE_OUTER_BOUND ( 'NONE', #1264, .T. ) ;
#1300 = DIRECTION ( 'NONE',  ( 0.000000000000000000, 0.000000000000000000, -1.000000000000000000 ) ) ;
#1301 = ADVANCED_FACE ( 'NONE', ( #416 ), #107, .T. ) ;
#1302 = VERTEX_POINT ( 'NONE', #544 ) ;
#1303 = DIRECTION ( 'NONE',  ( 0.000000000000000000, 0.9983967211564492850, -0.05660377358490605720 ) ) ;
#1304 = ADVANCED_FACE ( 'NONE', ( #996 ), #1130, .T. ) ;
#1305 = ORIENTED_EDGE ( 'NONE', *, *, #836, .F. ) ;
#1306 = CARTESIAN_POINT ( 'NONE',  ( 2.550000000000000266, 0.3000000000000016542, 0.000000000000000000 ) ) ;
#1307 = CARTESIAN_POINT ( 'NONE',  ( 2.550000000000000266, 20.00000000000000000, -0.2999999999999999334 ) ) ;
#1308 = ORIENTED_EDGE ( 'NONE', *, *, #149, .T. ) ;
#1309 = CARTESIAN_POINT ( 'NONE',  ( -2.849999999999999201, 12.72134926482958761, -0.2303953278170057517 ) ) ;
#1310 = AXIS2_PLACEMENT_3D ( 'NONE', #1654, #1806, #1676 ) ;
#1311 = EDGE_CURVE ( 'NONE', #1636, #667, #1166, .T. ) ;
#1312 = VECTOR ( 'NONE', #1016, 1000.000000000000000 ) ;
#1313 = ORIENTED_EDGE ( 'NONE', *, *, #1692, .F. ) ;
#1314 = ADVANCED_FACE ( 'NONE', ( #1710 ), #1587, .F. ) ;
#1315 = CARTESIAN_POINT ( 'NONE',  ( -2.550000000000000266, 15.29150262212917966, 0.2999999999999999889 ) ) ;
#1316 = FACE_OUTER_BOUND ( 'NONE', #442, .T. ) ;
#1317 = CARTESIAN_POINT ( 'NONE',  ( 2.850000000000000089, 20.00000000000000000, -3.250000000000000888 ) ) ;
#1318 = DIRECTION ( 'NONE',  ( 0.000000000000000000, -6.938893903907227392E-16, 1.000000000000000000 ) ) ;
#1319 = ORIENTED_EDGE ( 'NONE', *, *, #1385, .T. ) ;
#1320 = LINE ( 'NONE', #877, #547 ) ;
#1321 = CIRCLE ( 'NONE', #925, 0.5999999999999999778 ) ;
#1322 = ORIENTED_EDGE ( 'NONE', *, *, #633, .T. ) ;
#1323 = VECTOR ( 'NONE', #52, 1000.000000000000000 ) ;
#1324 = DIRECTION ( 'NONE',  ( 1.000000000000000000, -0.000000000000000000, 0.000000000000000000 ) ) ;
#1325 = VECTOR ( 'NONE', #632, 1000.000000000000000 ) ;
#1326 = ORIENTED_EDGE ( 'NONE', *, *, #1431, .F. ) ;
#1327 = DIRECTION ( 'NONE',  ( 1.000000000000000000, -0.000000000000000000, 0.000000000000000000 ) ) ;
#1328 = FACE_OUTER_BOUND ( 'NONE', #316, .T. ) ;
#1329 = CIRCLE ( 'NONE', #320, 0.2999999999999999334 ) ;
#1330 = CARTESIAN_POINT ( 'NONE',  ( -2.850000000000000089, 0.000000000000000000, -2.950000000000069900 ) ) ;
#1331 = EDGE_LOOP ( 'NONE', ( #1392, #6, #1106, #1606 ) ) ;
#1332 = DIRECTION ( 'NONE',  ( -1.000000000000000000, 0.000000000000000000, 0.000000000000000000 ) ) ;
#1333 = EDGE_LOOP ( 'NONE', ( #618, #1593, #1078, #650 ) ) ;
#1334 = ORIENTED_EDGE ( 'NONE', *, *, #34, .T. ) ;
#1335 = FACE_OUTER_BOUND ( 'NONE', #1048, .T. ) ;
#1336 = CARTESIAN_POINT ( 'NONE',  ( -2.850000000000000089, 15.29150262212917966, -0.2999999999999999889 ) ) ;
#1337 = ADVANCED_FACE ( 'NONE', ( #1111 ), #1257, .T. ) ;
#1338 = DIRECTION ( 'NONE',  ( 0.000000000000000000, 0.9983967211564492850, -0.05660377358490605720 ) ) ;
#1339 = ORIENTED_EDGE ( 'NONE', *, *, #251, .F. ) ;
#1340 = DIRECTION ( 'NONE',  ( 0.000000000000000000, 0.000000000000000000, 1.000000000000000000 ) ) ;
#1341 = ORIENTED_EDGE ( 'NONE', *, *, #129, .T. ) ;
#1342 = EDGE_LOOP ( 'NONE', ( #158, #1361, #64, #1117 ) ) ;
#1343 = CARTESIAN_POINT ( 'NONE',  ( -2.550000000000000266, 0.3000000000000016542, -0.2999999999999999889 ) ) ;
#1344 = AXIS2_PLACEMENT_3D ( 'NONE', #221, #356, #234 ) ;
#1345 = SPHERICAL_SURFACE ( 'NONE', #1104, 0.2999999999999999889 ) ;
#1346 = CARTESIAN_POINT ( 'NONE',  ( -2.850000000000000089, 0.3000000000000016542, -3.550000000000069544 ) ) ;
#1347 = EDGE_CURVE ( 'NONE', #1367, #1096, #672, .T. ) ;
#1348 = ORIENTED_EDGE ( 'NONE', *, *, #1770, .T. ) ;
#1349 = VECTOR ( 'NONE', #1646, 1000.000000000000000 ) ;
#1350 = CARTESIAN_POINT ( 'NONE',  ( 2.850000000000000089, 19.69999999999999929, 0.000000000000000000 ) ) ;
#1351 = ORIENTED_EDGE ( 'NONE', *, *, #1499, .T. ) ;
#1352 = VECTOR ( 'NONE', #1260, 1000.000000000000000 ) ;
#1353 = AXIS2_PLACEMENT_3D ( 'NONE', #874, #1459, #1021 ) ;
#1354 = CARTESIAN_POINT ( 'NONE',  ( -2.550000000000000266, 0.3000000000000016542, 0.000000000000000000 ) ) ;
#1355 = CARTESIAN_POINT ( 'NONE',  ( 2.550000000000000266, 4.708497377870820344, -0.2999999999999999889 ) ) ;
#1356 = VECTOR ( 'NONE', #1870, 1000.000000000000000 ) ;
#1357 = CARTESIAN_POINT ( 'NONE',  ( 4.749999999999999112, 20.00000000000000000, -3.550000000000001599 ) ) ;
#1358 = DIRECTION ( 'NONE',  ( 1.000000000000000000, 0.000000000000000000, -0.000000000000000000 ) ) ;
#1359 = ADVANCED_FACE ( 'NONE', ( #1119 ), #1285, .T. ) ;
#1360 = CARTESIAN_POINT ( 'NONE',  ( -2.550000000000000266, 19.69999999999999929, -0.2999999999999999889 ) ) ;
#1361 = ORIENTED_EDGE ( 'NONE', *, *, #449, .F. ) ;
#1362 = CARTESIAN_POINT ( 'NONE',  ( 2.850000000000000089, 19.69999999999999929, -3.250000000000000888 ) ) ;
#1363 = DIRECTION ( 'NONE',  ( -1.000000000000000000, 0.000000000000000000, 4.565061778886337002E-16 ) ) ;
#1364 = CARTESIAN_POINT ( 'NONE',  ( -2.550000000000000266, 4.708497377870820344, 0.2999999999999999889 ) ) ;
#1365 = EDGE_LOOP ( 'NONE', ( #1788, #987, #844, #264 ) ) ;
#1366 = LINE ( 'NONE', #639, #1381 ) ;
#1367 = VERTEX_POINT ( 'NONE', #1563 ) ;
#1368 = EDGE_CURVE ( 'NONE', #1019, #611, #1196, .T. ) ;
#1369 = CYLINDRICAL_SURFACE ( 'NONE', #1044, 0.2999999999999999889 ) ;
#1370 = ORIENTED_EDGE ( 'NONE', *, *, #367, .F. ) ;
#1371 = EDGE_CURVE ( 'NONE', #699, #168, #1598, .T. ) ;
#1372 = AXIS2_PLACEMENT_3D ( 'NONE', #1575, #430, #698 ) ;
#1373 = DIRECTION ( 'NONE',  ( 0.000000000000000000, 0.000000000000000000, 1.000000000000000000 ) ) ;
#1374 = CARTESIAN_POINT ( 'NONE',  ( 4.482114782802800512, 19.69999999999999929, -3.702763747375539261 ) ) ;
#1375 = AXIS2_PLACEMENT_3D ( 'NONE', #755, #886, #1340 ) ;
#1376 = ORIENTED_EDGE ( 'NONE', *, *, #394, .T. ) ;
#1377 = SPHERICAL_SURFACE ( 'NONE', #1102, 0.2999999999999999889 ) ;
#1378 = VERTEX_POINT ( 'NONE', #173 ) ;
#1379 = FACE_BOUND ( 'NONE', #1087, .T. ) ;
#1380 = CYLINDRICAL_SURFACE ( 'NONE', #1294, 4.999999999999999112 ) ;
#1381 = VECTOR ( 'NONE', #56, 1000.000000000000000 ) ;
#1382 = ORIENTED_EDGE ( 'NONE', *, *, #1523, .F. ) ;
#1383 = AXIS2_PLACEMENT_3D ( 'NONE', #1204, #1622, #1480 ) ;
#1384 = CARTESIAN_POINT ( 'NONE',  ( 2.550000000000000266, 19.69999999999999929, -0.2999999999999999334 ) ) ;
#1385 = EDGE_CURVE ( 'NONE', #1137, #658, #1596, .T. ) ;
#1386 = AXIS2_PLACEMENT_3D ( 'NONE', #1307, #392, #704 ) ;
#1387 = CARTESIAN_POINT ( 'NONE',  ( 0.000000000000000000, 19.69999999999999929, -0.2999999999999999889 ) ) ;
#1388 = AXIS2_PLACEMENT_3D ( 'NONE', #1354, #652, #930 ) ;
#1389 = EDGE_CURVE ( 'NONE', #661, #1125, #36, .T. ) ;
#1390 = FACE_OUTER_BOUND ( 'NONE', #950, .T. ) ;
#1391 = CARTESIAN_POINT ( 'NONE',  ( 2.850000000000000089, 20.00000000000000000, -0.2999999999999999334 ) ) ;
#1392 = ORIENTED_EDGE ( 'NONE', *, *, #1265, .F. ) ;
#1393 = LINE ( 'NONE', #653, #585 ) ;
#1394 = ORIENTED_EDGE ( 'NONE', *, *, #1616, .T. ) ;
#1395 = CARTESIAN_POINT ( 'NONE',  ( 2.974999999999965450, 20.00000000000000000, -6.250000000000000000 ) ) ;
#1396 = DIRECTION ( 'NONE',  ( -1.000000000000000000, -0.000000000000000000, 2.282530889443167515E-16 ) ) ;
#1397 = ADVANCED_FACE ( 'NONE', ( #1157 ), #1018, .T. ) ;
#1398 = DIRECTION ( 'NONE',  ( -1.000000000000000000, -0.000000000000000000, -0.000000000000000000 ) ) ;
#1399 = ADVANCED_FACE ( 'NONE', ( #143 ), #879, .F. ) ;
#1400 = LINE ( 'NONE', #377, #1290 ) ;
#1401 = ORIENTED_EDGE ( 'NONE', *, *, #438, .T. ) ;
#1402 = DIRECTION ( 'NONE',  ( -1.445602896647339311E-15, -1.000000000000000000, 0.000000000000000000 ) ) ;
#1403 = ORIENTED_EDGE ( 'NONE', *, *, #947, .F. ) ;
#1404 = CARTESIAN_POINT ( 'NONE',  ( -2.550000000000000266, 0.3000000000000016542, -0.2999999999999999889 ) ) ;
#1405 = TOROIDAL_SURFACE ( 'NONE', #1252, 4.699999999999999289, 0.2999999999999999889 ) ;
#1406 = AXIS2_PLACEMENT_3D ( 'NONE', #1472, #734, #1762 ) ;
#1407 = ADVANCED_FACE ( 'NONE', ( #309 ), #610, .T. ) ;
#1408 = FACE_OUTER_BOUND ( 'NONE', #561, .T. ) ;
#1409 = ORIENTED_EDGE ( 'NONE', *, *, #249, .T. ) ;
#1410 = CARTESIAN_POINT ( 'NONE',  ( 2.849999999999999645, 7.278518677902338752, -0.2305423192474232996 ) ) ;
#1411 = VERTEX_POINT ( 'NONE', #329 ) ;
#1412 = AXIS2_PLACEMENT_3D ( 'NONE', #966, #131, #268 ) ;
#1413 = DIRECTION ( 'NONE',  ( -1.000000000000000000, 0.000000000000000000, 0.000000000000000000 ) ) ;
#1414 =( GEOMETRIC_REPRESENTATION_CONTEXT ( 3 ) GLOBAL_UNCERTAINTY_ASSIGNED_CONTEXT ( ( #151 ) ) GLOBAL_UNIT_ASSIGNED_CONTEXT ( ( #1507, #634, #1221 ) ) REPRESENTATION_CONTEXT ( 'NONE', 'WORKASPACE' ) );
#1415 = DIRECTION ( 'NONE',  ( -1.000000000000000000, 0.000000000000000000, 4.565061778886337002E-16 ) ) ;
#1416 = CIRCLE ( 'NONE', #1876, 2.800000000000000266 ) ;
#1417 = DIRECTION ( 'NONE',  ( -1.000000000000000000, 0.000000000000000000, -0.000000000000000000 ) ) ;
#1418 = CIRCLE ( 'NONE', #1109, 0.2999999999999999889 ) ;
#1419 = ADVANCED_FACE ( 'NONE', ( #1465 ), #469, .T. ) ;
#1420 = CARTESIAN_POINT ( 'NONE',  ( 2.826857618999478294, 7.342735076875435141, -0.1615973041834641022 ) ) ;
#1421 = ORIENTED_EDGE ( 'NONE', *, *, #988, .F. ) ;
#1422 = EDGE_CURVE ( 'NONE', #450, #670, #1754, .T. ) ;
#1423 = DIRECTION ( 'NONE',  ( 1.000000000000000000, -0.000000000000000000, 0.000000000000000000 ) ) ;
#1424 = DIRECTION ( 'NONE',  ( -1.000000000000000000, -0.000000000000000000, -0.000000000000000000 ) ) ;
#1425 = CARTESIAN_POINT ( 'NONE',  ( 2.643188439162379666, 12.51164367025329405, -0.01160065020790405216 ) ) ;
#1426 = ORIENTED_EDGE ( 'NONE', *, *, #866, .F. ) ;
#1427 = FACE_OUTER_BOUND ( 'NONE', #524, .T. ) ;
#1428 = ORIENTED_EDGE ( 'NONE', *, *, #163, .T. ) ;
#1429 = DIRECTION ( 'NONE',  ( 0.000000000000000000, 0.000000000000000000, 1.000000000000000000 ) ) ;
#1430 = VERTEX_POINT ( 'NONE', #1658 ) ;
#1431 = EDGE_CURVE ( 'NONE', #1069, #490, #1321, .T. ) ;
#1432 = DIRECTION ( 'NONE',  ( -0.000000000000000000, 1.000000000000000000, -0.000000000000000000 ) ) ;
#1433 = EDGE_CURVE ( 'NONE', #1771, #133, #735, .T. ) ;
#1434 = CARTESIAN_POINT ( 'NONE',  ( -4.684454734094493311, 0.000000000000000000, -2.771635717672583876 ) ) ;
#1435 = PRODUCT_CONTEXT ( 'NONE', #820, 'mechanical' ) ;
#1436 = DIRECTION ( 'NONE',  ( 0.8606408302847061709, 0.000000000000000000, 0.5092124912517871360 ) ) ;
#1437 = EDGE_LOOP ( 'NONE', ( #1382, #1164, #1773 ) ) ;
#1438 = CYLINDRICAL_SURFACE ( 'NONE', #649, 4.999999999999999112 ) ;
#1439 = AXIS2_PLACEMENT_3D ( 'NONE', #860, #1860, #1151 ) ;
#1440 = EDGE_CURVE ( 'NONE', #196, #1367, #1830, .T. ) ;
#1441 = CIRCLE ( 'NONE', #1383, 2.500000000000000444 ) ;
#1442 = CARTESIAN_POINT ( 'NONE',  ( 4.684454734094445350, 19.69999999999999929, -2.771635717672599863 ) ) ;
#1443 = CIRCLE ( 'NONE', #437, 0.2999999999999999889 ) ;
#1444 = ORIENTED_EDGE ( 'NONE', *, *, #1160, .F. ) ;
#1445 =( BOUNDED_CURVE ( )  B_SPLINE_CURVE ( 3, ( #1688, #1234, #375, #1074 ),
 .UNSPECIFIED., .F., .F. ) 
 B_SPLINE_CURVE_WITH_KNOTS ( ( 4, 4 ),
 ( 3.141592653589793116, 4.712388980384689674 ),
 .UNSPECIFIED. ) 
 CURVE ( )  GEOMETRIC_REPRESENTATION_ITEM ( )  RATIONAL_B_SPLINE_CURVE ( ( 1.000000000000000000, 0.8047378541243649375, 0.8047378541243649375, 1.000000000000000000 ) ) 
 REPRESENTATION_ITEM ( '' )  );
#1446 = ORIENTED_EDGE ( 'NONE', *, *, #580, .F. ) ;
#1447 = DIRECTION ( 'NONE',  ( 0.000000000000000000, 0.000000000000000000, -1.000000000000000000 ) ) ;
#1448 = DIRECTION ( 'NONE',  ( -1.000000000000000000, -0.000000000000000000, -0.000000000000000000 ) ) ;
#1449 = FACE_BOUND ( 'NONE', #718, .T. ) ;
#1450 = B_SPLINE_CURVE_WITH_KNOTS ( 'NONE', 3,
 ( #989, #423, #1296, #389, #827, #1420, #1410, #263 ),
 .UNSPECIFIED., .F., .F.,
 ( 4, 2, 2, 4 ),
 ( 2.381867885328834418E-20, 0.0001400565282142323927, 0.0002801130564284647312, 0.0005602261128569288118 ),
 .UNSPECIFIED. ) ;
#1451 = ORIENTED_EDGE ( 'NONE', *, *, #1856, .F. ) ;
#1452 = CARTESIAN_POINT ( 'NONE',  ( -2.850000000000000089, 4.708497377870820344, 0.2999999999999999889 ) ) ;
#1453 = EDGE_CURVE ( 'NONE', #269, #762, #187, .T. ) ;
#1454 = ORIENTED_EDGE ( 'NONE', *, *, #1453, .T. ) ;
#1455 = ADVANCED_FACE ( 'NONE', ( #936 ), #1377, .T. ) ;
#1456 = DIRECTION ( 'NONE',  ( -0.5092124912517863589, 0.000000000000000000, 0.8606408302847067260 ) ) ;
#1457 = EDGE_LOOP ( 'NONE', ( #123, #838, #26, #468 ) ) ;
#1458 = CARTESIAN_POINT ( 'NONE',  ( -2.550000000000000266, 7.500000000000000000, 2.755455298081544778E-15 ) ) ;
#1459 = DIRECTION ( 'NONE',  ( 0.000000000000000000, 1.000000000000000000, 0.000000000000000000 ) ) ;
#1460 = FACE_OUTER_BOUND ( 'NONE', #1159, .T. ) ;
#1461 = VERTEX_POINT ( 'NONE', #1225 ) ;
#1462 = CARTESIAN_POINT ( 'NONE',  ( 4.223922533717389349, 19.69999999999999929, -3.250000000000001332 ) ) ;
#1463 = CIRCLE ( 'NONE', #1344, 4.699999999999999289 ) ;
#1464 = EDGE_CURVE ( 'NONE', #387, #1461, #804, .T. ) ;
#1465 = FACE_OUTER_BOUND ( 'NONE', #1457, .T. ) ;
#1466 = VECTOR ( 'NONE', #1530, 1000.000000000000114 ) ;
#1467 = ORIENTED_EDGE ( 'NONE', *, *, #1794, .F. ) ;
#1468 = DIRECTION ( 'NONE',  ( -1.000000000000000000, -0.000000000000000000, 4.565061778886337002E-16 ) ) ;
#1469 = FACE_OUTER_BOUND ( 'NONE', #1365, .T. ) ;
#1470 = DIRECTION ( 'NONE',  ( -1.000000000000000000, 0.000000000000000000, 0.000000000000000000 ) ) ;
#1471 = EDGE_LOOP ( 'NONE', ( #1351, #1854, #459, #1799 ) ) ;
#1472 = CARTESIAN_POINT ( 'NONE',  ( -2.850000000000000089, 20.00000000000000000, -3.250000000000069722 ) ) ;
#1473 = VECTOR ( 'NONE', #1056, 1000.000000000000000 ) ;
#1474 = CIRCLE ( 'NONE', #286, 0.2999999999999999334 ) ;
#1475 = ORIENTED_EDGE ( 'NONE', *, *, #515, .F. ) ;
#1476 = EDGE_CURVE ( 'NONE', #667, #1187, #63, .T. ) ;
#1477 = DIRECTION ( 'NONE',  ( 0.000000000000000000, 0.000000000000000000, -1.000000000000000000 ) ) ;
#1478 = CARTESIAN_POINT ( 'NONE',  ( -2.850000000000000089, 20.00000000000000000, -3.550000000000069988 ) ) ;
#1479 = AXIS2_PLACEMENT_3D ( 'NONE', #1639, #641, #918 ) ;
#1480 = DIRECTION ( 'NONE',  ( 0.000000000000000000, 0.000000000000000000, -1.000000000000000000 ) ) ;
#1481 = ORIENTED_EDGE ( 'NONE', *, *, #1160, .T. ) ;
#1482 = DIRECTION ( 'NONE',  ( 0.000000000000000000, 0.000000000000000000, 1.000000000000000000 ) ) ;
#1483 = VERTEX_POINT ( 'NONE', #1689 ) ;
#1484 = ORIENTED_EDGE ( 'NONE', *, *, #273, .F. ) ;
#1485 = DIRECTION ( 'NONE',  ( 0.000000000000000000, 0.000000000000000000, 1.000000000000000000 ) ) ;
#1486 = SPHERICAL_SURFACE ( 'NONE', #528, 0.2999999999999999889 ) ;
#1487 = DIRECTION ( 'NONE',  ( -0.000000000000000000, -0.000000000000000000, -1.000000000000000000 ) ) ;
#1488 = EDGE_CURVE ( 'NONE', #1378, #1483, #1064, .T. ) ;
#1489 = SPHERICAL_SURFACE ( 'NONE', #1190, 0.2999999999999999889 ) ;
#1490 = DIRECTION ( 'NONE',  ( 0.5092124912517916879, 3.224408806827657485E-15, 0.8606408302847036174 ) ) ;
#1491 = ORIENTED_EDGE ( 'NONE', *, *, #249, .F. ) ;
#1492 = CIRCLE ( 'NONE', #789, 0.2999999999999999334 ) ;
#1493 = CARTESIAN_POINT ( 'NONE',  ( -4.223922533717394678, 19.69999999999999929, -3.550000000000069544 ) ) ;
#1494 = AXIS2_PLACEMENT_3D ( 'NONE', #448, #1024, #1611 ) ;
#1495 = DIRECTION ( 'NONE',  ( 1.000000000000000000, 0.000000000000000000, 0.000000000000000000 ) ) ;
#1496 = DIRECTION ( 'NONE',  ( 0.000000000000000000, 0.000000000000000000, 1.000000000000000000 ) ) ;
#1497 = EDGE_CURVE ( 'NONE', #1768, #13, #193, .T. ) ;
#1498 = EDGE_LOOP ( 'NONE', ( #885, #703, #330, #1810 ) ) ;
#1499 = EDGE_CURVE ( 'NONE', #914, #1302, #907, .T. ) ;
#1500 = AXIS2_PLACEMENT_3D ( 'NONE', #1047, #1742, #592 ) ;
#1501 = FACE_OUTER_BOUND ( 'NONE', #539, .T. ) ;
#1502 = EDGE_LOOP ( 'NONE', ( #1348, #1610, #1734 ) ) ;
#1503 = AXIS2_PLACEMENT_3D ( 'NONE', #625, #303, #11 ) ;
#1504 = AXIS2_PLACEMENT_3D ( 'NONE', #218, #203, #1506 ) ;
#1505 = DIRECTION ( 'NONE',  ( 0.000000000000000000, 0.000000000000000000, 1.000000000000000000 ) ) ;
#1506 = DIRECTION ( 'NONE',  ( 0.000000000000000000, 0.000000000000000000, 1.000000000000000000 ) ) ;
#1507 =( LENGTH_UNIT ( ) NAMED_UNIT ( * ) SI_UNIT ( .MILLI., .METRE. ) );
#1508 = AXIS2_PLACEMENT_3D ( 'NONE', #443, #1020, #1201 ) ;
#1509 = DIRECTION ( 'NONE',  ( 0.000000000000000000, 0.000000000000000000, -1.000000000000000000 ) ) ;
#1510 = DIRECTION ( 'NONE',  ( 0.000000000000000000, -1.000000000000000000, 0.000000000000000000 ) ) ;
#1511 = CYLINDRICAL_SURFACE ( 'NONE', #223, 0.2999999999999999334 ) ;
#1512 = EDGE_CURVE ( 'NONE', #1110, #1536, #1657, .T. ) ;
#1513 = ORIENTED_EDGE ( 'NONE', *, *, #1121, .F. ) ;
#1514 = CARTESIAN_POINT ( 'NONE',  ( 4.223922533717389349, 19.69999999999999929, -3.550000000000002043 ) ) ;
#1515 = CARTESIAN_POINT ( 'NONE',  ( 4.223922533717389349, 20.00000000000000000, -3.550000000000001599 ) ) ;
#1516 = ORIENTED_EDGE ( 'NONE', *, *, #1888, .T. ) ;
#1517 = DIRECTION ( 'NONE',  ( -0.000000000000000000, -1.000000000000000000, -0.000000000000000000 ) ) ;
#1518 = DIRECTION ( 'NONE',  ( 1.000000000000000000, -0.000000000000000000, -0.000000000000000000 ) ) ;
#1519 = CIRCLE ( 'NONE', #976, 0.3000000000000016542 ) ;
#1520 = DIRECTION ( 'NONE',  ( -1.000000000000000000, 0.000000000000000000, 0.000000000000000000 ) ) ;
#1521 = CARTESIAN_POINT ( 'NONE',  ( 2.550000000000000266, 0.2999999999999999889, -0.2999999999999999889 ) ) ;
#1522 = ORIENTED_EDGE ( 'NONE', *, *, #1246, .T. ) ;
#1523 = EDGE_CURVE ( 'NONE', #1768, #1187, #978, .T. ) ;
#1524 = CYLINDRICAL_SURFACE ( 'NONE', #1388, 0.2999999999999999334 ) ;
#1525 = DIRECTION ( 'NONE',  ( 4.565061778886337002E-16, 0.000000000000000000, 1.000000000000000000 ) ) ;
#1526 = ORIENTED_EDGE ( 'NONE', *, *, #273, .T. ) ;
#1527 = EDGE_CURVE ( 'NONE', #353, #606, #1095, .T. ) ;
#1528 = AXIS2_PLACEMENT_3D ( 'NONE', #1452, #1417, #148 ) ;
#1529 = FILL_AREA_STYLE_COLOUR ( '', #1293 ) ;
#1530 = DIRECTION ( 'NONE',  ( 0.5092124912517924651, -0.000000000000000000, 0.8606408302847030622 ) ) ;
#1531 = CARTESIAN_POINT ( 'NONE',  ( -2.550000000000000266, 20.00000000000000000, 0.000000000000000000 ) ) ;
#1532 = DIRECTION ( 'NONE',  ( 1.000000000000000000, 0.000000000000000000, -1.445602896647339903E-15 ) ) ;
#1533 = ORIENTED_EDGE ( 'NONE', *, *, #127, .T. ) ;
#1534 = CARTESIAN_POINT ( 'NONE',  ( -2.550000000000000266, 15.29150262212917966, -0.2999999999999999889 ) ) ;
#1535 = DIRECTION ( 'NONE',  ( 0.5092124912517863589, 0.000000000000000000, -0.8606408302847067260 ) ) ;
#1536 = VERTEX_POINT ( 'NONE', #357 ) ;
#1537 = EDGE_CURVE ( 'NONE', #658, #1167, #646, .T. ) ;
#1538 = LINE ( 'NONE', #535, #738 ) ;
#1539 = ADVANCED_FACE ( 'NONE', ( #1501 ), #1511, .T. ) ;
#1540 = VECTOR ( 'NONE', #1621, 1000.000000000000000 ) ;
#1541 = CARTESIAN_POINT ( 'NONE',  ( -2.550000000000000266, 10.00000000000000000, -1.783501221239376673E-15 ) ) ;
#1542 = AXIS2_PLACEMENT_3D ( 'NONE', #1079, #50, #1211 ) ;
#1543 = EDGE_LOOP ( 'NONE', ( #1215, #1618, #754, #1664, #776, #654, #858, #1548, #211 ) ) ;
#1544 = CARTESIAN_POINT ( 'NONE',  ( -4.223922533717394678, 19.69999999999999929, -3.550000000000069544 ) ) ;
#1545 = ORIENTED_EDGE ( 'NONE', *, *, #185, .T. ) ;
#1546 =( NAMED_UNIT ( * ) PLANE_ANGLE_UNIT ( ) SI_UNIT ( $, .RADIAN. ) );
#1547 = DIRECTION ( 'NONE',  ( -1.000000000000000000, -0.000000000000000000, -0.000000000000000000 ) ) ;
#1548 = ORIENTED_EDGE ( 'NONE', *, *, #1389, .T. ) ;
#1549 = DIRECTION ( 'NONE',  ( -1.000000000000000000, 0.000000000000000000, 0.000000000000000000 ) ) ;
#1550 = LINE ( 'NONE', #240, #1619 ) ;
#1551 = EDGE_LOOP ( 'NONE', ( #1564, #28, #786, #338 ) ) ;
#1552 = VERTEX_POINT ( 'NONE', #1216 ) ;
#1553 = SHAPE_DEFINITION_REPRESENTATION ( #222, #248 ) ;
#1554 = DIRECTION ( 'NONE',  ( 0.8606408302847029512, 0.000000000000000000, -0.5092124912517927982 ) ) ;
#1555 = ORIENTED_EDGE ( 'NONE', *, *, #833, .F. ) ;
#1556 = VECTOR ( 'NONE', #1072, 1000.000000000000000 ) ;
#1557 = DIRECTION ( 'NONE',  ( 1.000000000000000000, 0.000000000000000000, 0.000000000000000000 ) ) ;
#1558 = AXIS2_PLACEMENT_3D ( 'NONE', #1091, #943, #666 ) ;
#1559 = DIRECTION ( 'NONE',  ( 0.5092124912517863589, -0.000000000000000000, -0.8606408302847067260 ) ) ;
#1560 = EDGE_CURVE ( 'NONE', #168, #1167, #1366, .T. ) ;
#1561 = ORIENTED_EDGE ( 'NONE', *, *, #1590, .T. ) ;
#1562 = ADVANCED_FACE ( 'NONE', ( #1798 ), #1133, .T. ) ;
#1563 = CARTESIAN_POINT ( 'NONE',  ( -2.850000000000000089, 0.3000000000000016542, -0.2999999999999999889 ) ) ;
#1564 = ORIENTED_EDGE ( 'NONE', *, *, #1523, .T. ) ;
#1565 = AXIS2_PLACEMENT_3D ( 'NONE', #279, #981, #1843 ) ;
#1566 = VECTOR ( 'NONE', #60, 1000.000000000000000 ) ;
#1567 = DIRECTION ( 'NONE',  ( 0.000000000000000000, 0.000000000000000000, 1.000000000000000000 ) ) ;
#1568 = AXIS2_PLACEMENT_3D ( 'NONE', #520, #1099, #949 ) ;
#1569 = DIRECTION ( 'NONE',  ( 0.000000000000000000, 0.000000000000000000, 1.000000000000000000 ) ) ;
#1570 = ADVANCED_FACE ( 'NONE', ( #486 ), #96, .T. ) ;
#1571 = AXIS2_PLACEMENT_3D ( 'NONE', #20, #594, #1182 ) ;
#1572 = CARTESIAN_POINT ( 'NONE',  ( 2.550000000000000266, 19.69999999999999929, -0.2999999999999999889 ) ) ;
#1573 = ORIENTED_EDGE ( 'NONE', *, *, #458, .T. ) ;
#1574 = DIRECTION ( 'NONE',  ( 0.000000000000000000, -1.000000000000000000, 0.000000000000000000 ) ) ;
#1575 = CARTESIAN_POINT ( 'NONE',  ( -2.803922533717431165, 20.00000000000000000, -5.950000000000000178 ) ) ;
#1576 = DIRECTION ( 'NONE',  ( 2.282530889443168501E-16, 0.000000000000000000, 1.000000000000000000 ) ) ;
#1577 = EDGE_LOOP ( 'NONE', ( #1645, #1240, #684, #1741, #111 ) ) ;
#1578 = DIRECTION ( 'NONE',  ( 1.000000000000000000, 0.000000000000000000, 0.000000000000000000 ) ) ;
#1579 = CARTESIAN_POINT ( 'NONE',  ( -2.550000000000000266, 10.00000000000000000, -4.592425496802574958E-16 ) ) ;
#1580 = EDGE_CURVE ( 'NONE', #1768, #1636, #1400, .T. ) ;
#1581 = CARTESIAN_POINT ( 'NONE',  ( -2.850000000000000089, 10.00000000000000000, -1.783501221239376673E-15 ) ) ;
#1582 = ORIENTED_EDGE ( 'NONE', *, *, #1464, .F. ) ;
#1583 = CARTESIAN_POINT ( 'NONE',  ( 2.550000000000000266, 15.29150262212917966, -0.2999999999999999334 ) ) ;
#1584 = VECTOR ( 'NONE', #277, 1000.000000000000000 ) ;
#1585 = ORIENTED_EDGE ( 'NONE', *, *, #127, .F. ) ;
#1586 = CIRCLE ( 'NONE', #1310, 4.699999999999999289 ) ;
#1587 = PLANE ( 'NONE',  #1412 ) ;
#1588 = VERTEX_POINT ( 'NONE', #814 ) ;
#1589 = CARTESIAN_POINT ( 'NONE',  ( -2.850000000000000089, 0.3000000000000016542, -0.2999999999999999889 ) ) ;
#1590 = EDGE_CURVE ( 'NONE', #552, #399, #800, .T. ) ;
#1591 = VECTOR ( 'NONE', #397, 1000.000000000000000 ) ;
#1592 = CARTESIAN_POINT ( 'NONE',  ( -2.850000000000000089, 5.307535410564689471, 0.2660377358490564337 ) ) ;
#1593 = ORIENTED_EDGE ( 'NONE', *, *, #845, .F. ) ;
#1594 = CARTESIAN_POINT ( 'NONE',  ( -2.850000000000000089, 4.708497377870820344, 0.000000000000000000 ) ) ;
#1595 = ORIENTED_EDGE ( 'NONE', *, *, #391, .T. ) ;
#1596 = CIRCLE ( 'NONE', #132, 0.2999999999999999334 ) ;
#1597 =( GEOMETRIC_REPRESENTATION_CONTEXT ( 3 ) GLOBAL_UNCERTAINTY_ASSIGNED_CONTEXT ( ( #1295 ) ) GLOBAL_UNIT_ASSIGNED_CONTEXT ( ( #1709, #1546, #958 ) ) REPRESENTATION_CONTEXT ( 'NONE', 'WORKASPACE' ) );
#1598 = LINE ( 'NONE', #1197, #676 ) ;
#1599 = ORIENTED_EDGE ( 'NONE', *, *, #1059, .F. ) ;
#1600 = CARTESIAN_POINT ( 'NONE',  ( -2.826857618999478294, 7.342735076875435141, -0.1615973041834641299 ) ) ;
#1601 = CARTESIAN_POINT ( 'NONE',  ( -2.550000000000000266, 14.99198360578224509, 0.2830188679245282946 ) ) ;
#1602 = DIRECTION ( 'NONE',  ( 0.000000000000000000, 0.000000000000000000, -1.000000000000000000 ) ) ;
#1603 = ORIENTED_EDGE ( 'NONE', *, *, #1488, .F. ) ;
#1604 = CARTESIAN_POINT ( 'NONE',  ( 2.850000000000000089, 19.69999999999999929, -3.250000000000000888 ) ) ;
#1605 = VERTEX_POINT ( 'NONE', #757 ) ;
#1606 = ORIENTED_EDGE ( 'NONE', *, *, #1453, .F. ) ;
#1607 = DIRECTION ( 'NONE',  ( 0.000000000000000000, 0.000000000000000000, -1.000000000000000000 ) ) ;
#1608 = FACE_OUTER_BOUND ( 'NONE', #1543, .T. ) ;
#1609 = DIRECTION ( 'NONE',  ( 1.000000000000000000, -0.000000000000000000, -0.000000000000000000 ) ) ;
#1610 = ORIENTED_EDGE ( 'NONE', *, *, #1726, .T. ) ;
#1611 = DIRECTION ( 'NONE',  ( 0.000000000000000000, 0.000000000000000000, -1.000000000000000000 ) ) ;
#1612 = ADVANCED_FACE ( 'NONE', ( #604 ), #1188, .F. ) ;
#1613 = EDGE_LOOP ( 'NONE', ( #1845, #147, #899, #1513 ) ) ;
#1614 = AXIS2_PLACEMENT_3D ( 'NONE', #1868, #1116, #1569 ) ;
#1615 = CARTESIAN_POINT ( 'NONE',  ( -4.491807750914588837, 20.00000000000000000, -3.097236252624533837 ) ) ;
#1616 = EDGE_CURVE ( 'NONE', #598, #1019, #839, .T. ) ;
#1617 = AXIS2_PLACEMENT_3D ( 'NONE', #297, #475, #1644 ) ;
#1618 = ORIENTED_EDGE ( 'NONE', *, *, #1864, .T. ) ;
#1619 = VECTOR ( 'NONE', #819, 1000.000000000000000 ) ;
#1620 = DIRECTION ( 'NONE',  ( 0.000000000000000000, 0.000000000000000000, 1.000000000000000000 ) ) ;
#1621 = DIRECTION ( 'NONE',  ( 1.000000000000000000, 0.000000000000000000, 0.000000000000000000 ) ) ;
#1622 = DIRECTION ( 'NONE',  ( -1.000000000000000000, 0.000000000000000000, -0.000000000000000000 ) ) ;
#1623 = ORIENTED_EDGE ( 'NONE', *, *, #461, .T. ) ;
#1624 = DIRECTION ( 'NONE',  ( 1.000000000000000000, -0.000000000000000000, -0.000000000000000000 ) ) ;
#1625 = AXIS2_PLACEMENT_3D ( 'NONE', #526, #1840, #1108 ) ;
#1626 = AXIS2_PLACEMENT_3D ( 'NONE', #157, #614, #1318 ) ;
#1627 = ADVANCED_FACE ( 'NONE', ( #721 ), #463, .T. ) ;
#1628 = CARTESIAN_POINT ( 'NONE',  ( 2.550000000000000266, 5.307535410564689471, 0.2660377358490564337 ) ) ;
#1629 = CIRCLE ( 'NONE', #347, 0.2999999999999999889 ) ;
#1630 = VERTEX_POINT ( 'NONE', #1306 ) ;
#1631 = CIRCLE ( 'NONE', #1755, 0.2999999999999999889 ) ;
#1632 = CARTESIAN_POINT ( 'NONE',  ( -2.752160965591053721, 7.425851195585875253, -0.07509489591579013301 ) ) ;
#1633 = CARTESIAN_POINT ( 'NONE',  ( 2.850000000000000089, 15.29150262212917966, 0.000000000000000000 ) ) ;
#1634 = CARTESIAN_POINT ( 'NONE',  ( 4.482114782802800512, 20.00000000000000000, -3.702763747375538816 ) ) ;
#1635 = DIRECTION ( 'NONE',  ( 0.000000000000000000, -0.000000000000000000, 1.000000000000000000 ) ) ;
#1636 = VERTEX_POINT ( 'NONE', #145 ) ;
#1637 = DIRECTION ( 'NONE',  ( -1.000000000000000000, 0.000000000000000000, 0.000000000000000000 ) ) ;
#1638 = ORIENTED_EDGE ( 'NONE', *, *, #963, .T. ) ;
#1639 = CARTESIAN_POINT ( 'NONE',  ( -3.149999999999999911, 0.3000000000000016542, -3.550000000000069544 ) ) ;
#1640 = DIRECTION ( 'NONE',  ( -1.000000000000000000, 0.000000000000000000, 0.000000000000000000 ) ) ;
#1641 = EDGE_CURVE ( 'NONE', #870, #720, #586, .T. ) ;
#1642 = DIRECTION ( 'NONE',  ( -1.000000000000000000, 0.000000000000000000, 0.000000000000000000 ) ) ;
#1643 = EDGE_CURVE ( 'NONE', #1015, #269, #324, .T. ) ;
#1644 = DIRECTION ( 'NONE',  ( 0.000000000000000000, 0.000000000000000000, 1.000000000000000000 ) ) ;
#1645 = ORIENTED_EDGE ( 'NONE', *, *, #707, .T. ) ;
#1646 = DIRECTION ( 'NONE',  ( -1.000000000000000000, -0.000000000000000000, -0.000000000000000000 ) ) ;
#1647 = EDGE_LOOP ( 'NONE', ( #1782, #1217, #1731, #1170 ) ) ;
#1648 = CLOSED_SHELL ( 'NONE', ( #798, #69, #1052, #1101, #1819, #1399, #751, #562, #584, #775, #323, #1150, #355, #1831, #1670, #1049, #1314, #47, #935, #1407, #208, #194, #95, #1025, #241, #1539, #1570, #741, #608, #1746, #1038, #969, #1627, #878, #534, #600, #659, #1612, #1254, #233, #1455, #1304, #890, #1073, #1759, #205, #1208, #622, #1678, #1419, #1359, #847, #326, #383, #1705, #1097, #1115, #1652, #1301, #495, #1397, #1562, #1886, #1337, #1173, #951, #436, #551, #1163, #55 ) ) ;
#1649 = CARTESIAN_POINT ( 'NONE',  ( 2.550000000000000266, 0.000000000000000000, -3.550000000000000711 ) ) ;
#1650 = CARTESIAN_POINT ( 'NONE',  ( 2.550000000000000266, 15.29150262212917966, 0.2999999999999999889 ) ) ;
#1651 = CIRCLE ( 'NONE', #1494, 0.2999999999999999334 ) ;
#1652 = ADVANCED_FACE ( 'NONE', ( #1335 ), #291, .T. ) ;
#1653 = DIRECTION ( 'NONE',  ( 0.000000000000000000, 0.000000000000000000, 1.000000000000000000 ) ) ;
#1654 = CARTESIAN_POINT ( 'NONE',  ( 2.850000000000000089, 10.00000000000000000, -1.783501221239376673E-15 ) ) ;
#1655 = EDGE_CURVE ( 'NONE', #783, #1461, #17, .T. ) ;
#1656 = CYLINDRICAL_SURFACE ( 'NONE', #245, 0.2999999999999999334 ) ;
#1657 = CIRCLE ( 'NONE', #1107, 0.2999999999999999334 ) ;
#1658 = CARTESIAN_POINT ( 'NONE',  ( -3.149999999999999911, 0.000000000000000000, -3.550000000000069544 ) ) ;
#1659 = ORIENTED_EDGE ( 'NONE', *, *, #1706, .T. ) ;
#1660 = AXIS2_PLACEMENT_3D ( 'NONE', #1317, #574, #1748 ) ;
#1661 = AXIS2_PLACEMENT_3D ( 'NONE', #1872, #1122, #992 ) ;
#1662 = DIRECTION ( 'NONE',  ( 0.000000000000000000, 0.000000000000000000, 1.000000000000000000 ) ) ;
#1663 = DIRECTION ( 'NONE',  ( 1.000000000000000000, 0.000000000000000000, -4.565061778886337002E-16 ) ) ;
#1664 = ORIENTED_EDGE ( 'NONE', *, *, #262, .T. ) ;
#1665 = PRESENTATION_STYLE_ASSIGNMENT (( #512 ) ) ;
#1666 = AXIS2_PLACEMENT_3D ( 'NONE', #582, #1040, #863 ) ;
#1667 = CYLINDRICAL_SURFACE ( 'NONE', #1148, 0.2999999999999999889 ) ;
#1668 = PRODUCT_RELATED_PRODUCT_CATEGORY ( 'part', '', ( #695 ) ) ;
#1669 = DIRECTION ( 'NONE',  ( -1.000000000000000000, 0.000000000000000000, 0.000000000000000000 ) ) ;
#1670 = ADVANCED_FACE ( 'NONE', ( #175 ), #452, .F. ) ;
#1671 = DIRECTION ( 'NONE',  ( 1.000000000000000000, 0.000000000000000000, 0.000000000000000000 ) ) ;
#1672 = ORIENTED_EDGE ( 'NONE', *, *, #117, .F. ) ;
#1673 = DIRECTION ( 'NONE',  ( 0.000000000000000000, 0.000000000000000000, 1.000000000000000000 ) ) ;
#1674 = ORIENTED_EDGE ( 'NONE', *, *, #1121, .T. ) ;
#1675 = DIRECTION ( 'NONE',  ( 0.000000000000000000, 0.000000000000000000, 1.000000000000000000 ) ) ;
#1676 = DIRECTION ( 'NONE',  ( 0.000000000000000000, 7.381802025433223273E-16, 1.000000000000000000 ) ) ;
#1677 = LINE ( 'NONE', #1531, #518 ) ;
#1678 = ADVANCED_FACE ( 'NONE', ( #749 ), #1143, .T. ) ;
#1679 = DIRECTION ( 'NONE',  ( -0.5092124912517863589, 0.000000000000000000, 0.8606408302847067260 ) ) ;
#1680 = VERTEX_POINT ( 'NONE', #472 ) ;
#1681 = PLANE ( 'NONE',  #805 ) ;
#1682 = DIRECTION ( 'NONE',  ( 0.000000000000000000, 0.000000000000000000, 1.000000000000000000 ) ) ;
#1683 = ORIENTED_EDGE ( 'NONE', *, *, #685, .T. ) ;
#1684 = AXIS2_PLACEMENT_3D ( 'NONE', #514, #648, #1093 ) ;
#1685 = CARTESIAN_POINT ( 'NONE',  ( 2.550000000000000266, 20.00000000000000000, 0.000000000000000000 ) ) ;
#1686 = VECTOR ( 'NONE', #635, 1000.000000000000000 ) ;
#1687 = CYLINDRICAL_SURFACE ( 'NONE', #974, 0.2999999999999999889 ) ;
#1688 = CARTESIAN_POINT ( 'NONE',  ( 2.850000000000000089, 19.69999999999999929, -3.250000000000000888 ) ) ;
#1689 = CARTESIAN_POINT ( 'NONE',  ( 2.850000000000000089, 7.216117818584987909, -0.2999999999999999334 ) ) ;
#1690 = EDGE_LOOP ( 'NONE', ( #1753, #1322, #995, #498, #944, #292, #1326, #1790 ) ) ;
#1691 = AXIS2_PLACEMENT_3D ( 'NONE', #124, #407, #1554 ) ;
#1692 = EDGE_CURVE ( 'NONE', #92, #1275, #1329, .T. ) ;
#1693 = CARTESIAN_POINT ( 'NONE',  ( -4.223922533717395567, 20.00000000000000000, -3.550000000000069544 ) ) ;
#1694 = CIRCLE ( 'NONE', #1070, 0.2999999999999999889 ) ;
#1695 = ORIENTED_EDGE ( 'NONE', *, *, #1027, .F. ) ;
#1696 = CIRCLE ( 'NONE', #1568, 0.2999999999999999334 ) ;
#1697 = SURFACE_STYLE_FILL_AREA ( #1071 ) ;
#1698 = AXIS2_PLACEMENT_3D ( 'NONE', #538, #1266, #1725 ) ;
#1699 = CARTESIAN_POINT ( 'NONE',  ( 2.850000000000000089, 20.00000000000000000, -0.2999999999999999334 ) ) ;
#1700 = CARTESIAN_POINT ( 'NONE',  ( 2.550000000000000266, 20.00000000000000000, -0.2999999999999999334 ) ) ;
#1701 = EDGE_LOOP ( 'NONE', ( #896, #748, #1659, #1210, #440, #1804, #546, #142, #1545 ) ) ;
#1702 = DIRECTION ( 'NONE',  ( 1.000000000000000000, 0.000000000000000000, 0.000000000000000000 ) ) ;
#1703 = VERTEX_POINT ( 'NONE', #301 ) ;
#1704 = DIRECTION ( 'NONE',  ( 0.000000000000000000, -1.000000000000000000, 0.000000000000000000 ) ) ;
#1705 = ADVANCED_FACE ( 'NONE', ( #1890 ), #1012, .T. ) ;
#1706 = EDGE_CURVE ( 'NONE', #1636, #1718, #434, .T. ) ;
#1707 = CARTESIAN_POINT ( 'NONE',  ( -2.752158933417618858, 12.57414708222139943, -0.07509312783425980964 ) ) ;
#1708 = ORIENTED_EDGE ( 'NONE', *, *, #480, .T. ) ;
#1709 =( LENGTH_UNIT ( ) NAMED_UNIT ( * ) SI_UNIT ( .MILLI., .METRE. ) );
#1710 = FACE_OUTER_BOUND ( 'NONE', #1701, .T. ) ;
#1711 = ORIENTED_EDGE ( 'NONE', *, *, #449, .T. ) ;
#1712 = FACE_OUTER_BOUND ( 'NONE', #281, .T. ) ;
#1713 = CARTESIAN_POINT ( 'NONE',  ( 2.550000000000000266, 20.00000000000000000, -0.2999999999999999889 ) ) ;
#1714 = AXIS2_PLACEMENT_3D ( 'NONE', #962, #1518, #933 ) ;
#1715 = SPHERICAL_SURFACE ( 'NONE', #668, 0.2999999999999999889 ) ;
#1716 = ORIENTED_EDGE ( 'NONE', *, *, #1076, .F. ) ;
#1717 = DIRECTION ( 'NONE',  ( -1.000000000000000000, 0.000000000000000000, 2.282530889443167515E-16 ) ) ;
#1718 = VERTEX_POINT ( 'NONE', #164 ) ;
#1719 = AXIS2_PLACEMENT_3D ( 'NONE', #747, #1780, #719 ) ;
#1720 = CARTESIAN_POINT ( 'NONE',  ( -3.149999999999999911, 0.000000000000000000, -2.950000000000069900 ) ) ;
#1721 = TOROIDAL_SURFACE ( 'NONE', #1230, 2.800000000000000266, 0.2999999999999999889 ) ;
#1722 = AXIS2_PLACEMENT_3D ( 'NONE', #968, #1423, #1287 ) ;
#1723 = DIRECTION ( 'NONE',  ( 0.000000000000000000, 1.000000000000000000, -0.000000000000000000 ) ) ;
#1724 = ORIENTED_EDGE ( 'NONE', *, *, #961, .T. ) ;
#1725 = DIRECTION ( 'NONE',  ( -1.000000000000000000, 0.000000000000000000, 0.000000000000000000 ) ) ;
#1726 = EDGE_CURVE ( 'NONE', #424, #588, #715, .T. ) ;
#1727 = ORIENTED_EDGE ( 'NONE', *, *, #371, .T. ) ;
#1728 = CARTESIAN_POINT ( 'NONE',  ( 2.850000000000000089, 5.008016394217754907, 0.2830188679245282390 ) ) ;
#1729 = CARTESIAN_POINT ( 'NONE',  ( 2.716807750914554287, 0.3000000000000016542, -6.097236252624463226 ) ) ;
#1730 = DIRECTION ( 'NONE',  ( -1.000000000000000000, 0.000000000000000000, -0.000000000000000000 ) ) ;
#1731 = ORIENTED_EDGE ( 'NONE', *, *, #394, .F. ) ;
#1732 = EDGE_CURVE ( 'NONE', #1630, #1771, #1631, .T. ) ;
#1733 = CARTESIAN_POINT ( 'NONE',  ( 2.850000000000000089, 20.00000000000000000, -0.2999999999999999334 ) ) ;
#1734 = ORIENTED_EDGE ( 'NONE', *, *, #726, .F. ) ;
#1735 = EDGE_CURVE ( 'NONE', #914, #196, #172, .T. ) ;
#1736 = CARTESIAN_POINT ( 'NONE',  ( -2.803922533717431165, 20.00000000000000000, -6.250000000000000000 ) ) ;
#1737 = LINE ( 'NONE', #402, #525 ) ;
#1738 = LINE ( 'NONE', #831, #702 ) ;
#1739 = CIRCLE ( 'NONE', #306, 0.2999999999999999334 ) ;
#1740 = AXIS2_PLACEMENT_3D ( 'NONE', #1034, #1624, #317 ) ;
#1741 = ORIENTED_EDGE ( 'NONE', *, *, #1292, .F. ) ;
#1742 = DIRECTION ( 'NONE',  ( 0.000000000000000000, -0.000000000000000000, 1.000000000000000000 ) ) ;
#1743 = ORIENTED_EDGE ( 'NONE', *, *, #1772, .F. ) ;
#1744 = DIRECTION ( 'NONE',  ( 0.000000000000000000, -1.000000000000000000, 0.000000000000000000 ) ) ;
#1745 = SPHERICAL_SURFACE ( 'NONE', #380, 0.2999999999999999889 ) ;
#1746 = ADVANCED_FACE ( 'NONE', ( #1066 ), #1524, .T. ) ;
#1747 = AXIS2_PLACEMENT_3D ( 'NONE', #516, #1490, #1789 ) ;
#1748 = DIRECTION ( 'NONE',  ( 0.000000000000000000, 0.000000000000000000, 1.000000000000000000 ) ) ;
#1749 = VECTOR ( 'NONE', #446, 1000.000000000000000 ) ;
#1750 = ORIENTED_EDGE ( 'NONE', *, *, #570, .F. ) ;
#1751 = LINE ( 'NONE', #745, #826 ) ;
#1752 = CIRCLE ( 'NONE', #15, 0.2999999999999999334 ) ;
#1753 = ORIENTED_EDGE ( 'NONE', *, *, #753, .T. ) ;
#1754 = CIRCLE ( 'NONE', #10, 0.3000000000000000999 ) ;
#1755 = AXIS2_PLACEMENT_3D ( 'NONE', #1765, #892, #623 ) ;
#1756 = ORIENTED_EDGE ( 'NONE', *, *, #1311, .T. ) ;
#1757 = DIRECTION ( 'NONE',  ( 0.000000000000000000, -1.000000000000000000, 0.000000000000000000 ) ) ;
#1758 = DIRECTION ( 'NONE',  ( 0.000000000000000000, 1.000000000000000000, 0.000000000000000000 ) ) ;
#1759 = ADVANCED_FACE ( 'NONE', ( #228 ), #927, .T. ) ;
#1760 = DIRECTION ( 'NONE',  ( 0.000000000000000000, 0.000000000000000000, -1.000000000000000000 ) ) ;
#1761 = ORIENTED_EDGE ( 'NONE', *, *, #425, .F. ) ;
#1762 = DIRECTION ( 'NONE',  ( -1.000000000000000000, 0.000000000000000000, 2.282530889443167515E-16 ) ) ;
#1763 = ORIENTED_EDGE ( 'NONE', *, *, #1803, .F. ) ;
#1764 = ORIENTED_EDGE ( 'NONE', *, *, #1842, .F. ) ;
#1765 = CARTESIAN_POINT ( 'NONE',  ( 2.550000000000000266, 0.3000000000000016542, -0.2999999999999999889 ) ) ;
#1766 = DIRECTION ( 'NONE',  ( 0.000000000000000000, -1.000000000000000000, 0.000000000000000000 ) ) ;
#1767 = CARTESIAN_POINT ( 'NONE',  ( -2.550000000000000266, 10.00000000000000000, 4.999999999999997335 ) ) ;
#1768 = VERTEX_POINT ( 'NONE', #90 ) ;
#1769 = DIRECTION ( 'NONE',  ( 0.000000000000000000, 0.000000000000000000, -1.000000000000000000 ) ) ;
#1770 = EDGE_CURVE ( 'NONE', #200, #424, #1817, .T. ) ;
#1771 = VERTEX_POINT ( 'NONE', #794 ) ;
#1772 = EDGE_CURVE ( 'NONE', #484, #527, #1235, .T. ) ;
#1773 = ORIENTED_EDGE ( 'NONE', *, *, #7, .F. ) ;
#1774 = DIRECTION ( 'NONE',  ( 0.000000000000000000, 1.000000000000000000, 0.000000000000000000 ) ) ;
#1775 = LINE ( 'NONE', #1202, #1042 ) ;
#1776 = CARTESIAN_POINT ( 'NONE',  ( -2.850000000000000089, 7.216117818584987909, -0.2999999999999999889 ) ) ;
#1777 = CYLINDRICAL_SURFACE ( 'NONE', #1129, 0.2999999999999999334 ) ;
#1778 = ORIENTED_EDGE ( 'NONE', *, *, #938, .T. ) ;
#1779 = AXIS2_PLACEMENT_3D ( 'NONE', #688, #1269, #1003 ) ;
#1780 = DIRECTION ( 'NONE',  ( 0.000000000000000000, 0.000000000000000000, -1.000000000000000000 ) ) ;
#1781 = VECTOR ( 'NONE', #1432, 1000.000000000000000 ) ;
#1782 = ORIENTED_EDGE ( 'NONE', *, *, #153, .T. ) ;
#1783 = CARTESIAN_POINT ( 'NONE',  ( -2.849999999999999645, 7.278518677902338752, -0.2305423192474233274 ) ) ;
#1784 = CARTESIAN_POINT ( 'NONE',  ( -2.550000000000000266, 20.00000000000000000, 0.000000000000000000 ) ) ;
#1785 = CARTESIAN_POINT ( 'NONE',  ( 2.550000000000000266, 15.29150262212917966, 0.000000000000000000 ) ) ;
#1786 = CARTESIAN_POINT ( 'NONE',  ( -4.223922533717394678, 19.69999999999999929, -3.550000000000069100 ) ) ;
#1787 = B_SPLINE_CURVE_WITH_KNOTS ( 'NONE', 3,
 ( #566, #1309, #1126, #1707, #413, #139, #395, #986 ),
 .UNSPECIFIED., .F., .F.,
 ( 4, 2, 2, 4 ),
 ( -3.474133090635520224E-06, 0.0002772317191005142854, 0.0004175846451960907053, 0.0005579375712916670709 ),
 .UNSPECIFIED. ) ;
#1788 = ORIENTED_EDGE ( 'NONE', *, *, #1084, .T. ) ;
#1789 = DIRECTION ( 'NONE',  ( -0.8606408302847036174, 0.000000000000000000, 0.5092124912517916879 ) ) ;
#1790 = ORIENTED_EDGE ( 'NONE', *, *, #1277, .T. ) ;
#1791 = EDGE_CURVE ( 'NONE', #1718, #1605, #271, .T. ) ;
#1792 = CARTESIAN_POINT ( 'NONE',  ( -3.149999999999999911, 19.69999999999999929, -2.950000000000069900 ) ) ;
#1793 = FACE_OUTER_BOUND ( 'NONE', #73, .T. ) ;
#1794 = EDGE_CURVE ( 'NONE', #575, #168, #1418, .T. ) ;
#1795 = DIRECTION ( 'NONE',  ( 0.000000000000000000, 0.000000000000000000, -1.000000000000000000 ) ) ;
#1796 = CARTESIAN_POINT ( 'NONE',  ( -2.975000000000034728, 19.69999999999999929, -6.250000000000000888 ) ) ;
#1797 = EDGE_LOOP ( 'NONE', ( #1176, #106, #813, #973 ) ) ;
#1798 = FACE_OUTER_BOUND ( 'NONE', #1613, .T. ) ;
#1799 = ORIENTED_EDGE ( 'NONE', *, *, #1138, .T. ) ;
#1800 = DIRECTION ( 'NONE',  ( 0.000000000000000000, -1.000000000000000000, 0.000000000000000000 ) ) ;
#1801 = LINE ( 'NONE', #1067, #1011 ) ;
#1802 = CIRCLE ( 'NONE', #101, 0.2999999999999999889 ) ;
#1803 = EDGE_CURVE ( 'NONE', #914, #1430, #651, .T. ) ;
#1804 = ORIENTED_EDGE ( 'NONE', *, *, #845, .T. ) ;
#1805 = CARTESIAN_POINT ( 'NONE',  ( -2.850000000000000089, 20.00000000000000000, 0.000000000000000000 ) ) ;
#1806 = DIRECTION ( 'NONE',  ( 1.000000000000000000, -0.000000000000000000, -0.000000000000000000 ) ) ;
#1807 = CARTESIAN_POINT ( 'NONE',  ( 2.803922533717362331, 0.3000000000000016542, -5.950000000000000178 ) ) ;
#1808 = VECTOR ( 'NONE', #88, 1000.000000000000000 ) ;
#1809 = CARTESIAN_POINT ( 'NONE',  ( 2.850000000000000089, 12.50000000000000000, -9.780112998841434256E-32 ) ) ;
#1810 = ORIENTED_EDGE ( 'NONE', *, *, #98, .F. ) ;
#1811 = AXIS2_PLACEMENT_3D ( 'NONE', #1729, #103, #675 ) ;
#1812 = CIRCLE ( 'NONE', #1068, 0.2999999999999999334 ) ;
#1813 = DIRECTION ( 'NONE',  ( 0.000000000000000000, 1.000000000000000000, -0.000000000000000000 ) ) ;
#1814 = CARTESIAN_POINT ( 'NONE',  ( -1.620596931504649335E-15, 19.69999999999999929, -3.549999999999999378 ) ) ;
#1815 = ORIENTED_EDGE ( 'NONE', *, *, #1265, .T. ) ;
#1816 = SPHERICAL_SURFACE ( 'NONE', #496, 0.2999999999999999889 ) ;
#1817 = CIRCLE ( 'NONE', #983, 0.2999999999999999334 ) ;
#1818 = CARTESIAN_POINT ( 'NONE',  ( 2.803922533717362331, 19.69999999999999929, -6.250000000000000000 ) ) ;
#1819 = ADVANCED_FACE ( 'NONE', ( #939 ), #65, .F. ) ;
#1820 = DIRECTION ( 'NONE',  ( 1.000000000000000000, -0.000000000000000000, -2.891205793294679805E-15 ) ) ;
#1821 = EDGE_CURVE ( 'NONE', #399, #1867, #141, .T. ) ;
#1822 = DIRECTION ( 'NONE',  ( -1.000000000000000000, 0.000000000000000000, -0.000000000000000000 ) ) ;
#1823 = EDGE_LOOP ( 'NONE', ( #1491, #487, #1826, #1761, #256, #1297, #422, #1401, #908 ) ) ;
#1824 = LINE ( 'NONE', #948, #1205 ) ;
#1825 = CARTESIAN_POINT ( 'NONE',  ( -2.550000000000000266, 19.69999999999999929, 0.000000000000000000 ) ) ;
#1826 = ORIENTED_EDGE ( 'NONE', *, *, #1280, .T. ) ;
#1827 = LINE ( 'NONE', #1685, #767 ) ;
#1828 = DIRECTION ( 'NONE',  ( 0.000000000000000000, 0.000000000000000000, 1.000000000000000000 ) ) ;
#1829 = ORIENTED_EDGE ( 'NONE', *, *, #869, .T. ) ;
#1830 = LINE ( 'NONE', #792, #374 ) ;
#1831 = ADVANCED_FACE ( 'NONE', ( #202, #1379 ), #1681, .F. ) ;
#1832 = ORIENTED_EDGE ( 'NONE', *, *, #71, .T. ) ;
#1833 = DIRECTION ( 'NONE',  ( -1.000000000000000000, -0.000000000000000000, -0.000000000000000000 ) ) ;
#1834 = FACE_OUTER_BOUND ( 'NONE', #24, .T. ) ;
#1835 = ORIENTED_EDGE ( 'NONE', *, *, #1113, .T. ) ;
#1836 = VECTOR ( 'NONE', #1559, 1000.000000000000114 ) ;
#1837 = PLANE ( 'NONE',  #1007 ) ;
#1838 = DIRECTION ( 'NONE',  ( 0.000000000000000000, 0.000000000000000000, 1.000000000000000000 ) ) ;
#1839 = CARTESIAN_POINT ( 'NONE',  ( -2.550000000000000266, 19.69999999999999929, -2.950000000000069900 ) ) ;
#1840 = DIRECTION ( 'NONE',  ( 0.5092124912517864699, 0.000000000000000000, -0.8606408302847068370 ) ) ;
#1841 = VERTEX_POINT ( 'NONE', #79 ) ;
#1842 = EDGE_CURVE ( 'NONE', #1536, #611, #58, .T. ) ;
#1843 = DIRECTION ( 'NONE',  ( 0.000000000000000000, 0.000000000000000000, 1.000000000000000000 ) ) ;
#1844 = AXIS2_PLACEMENT_3D ( 'NONE', #40, #1642, #1653 ) ;
#1845 = ORIENTED_EDGE ( 'NONE', *, *, #1512, .F. ) ;
#1846 = CIRCLE ( 'NONE', #1169, 0.5999999999999998668 ) ;
#1847 = CARTESIAN_POINT ( 'NONE',  ( -2.975000000000034728, 20.00000000000000000, -5.950000000000000178 ) ) ;
#1848 = AXIS2_PLACEMENT_3D ( 'NONE', #710, #683, #843 ) ;
#1849 = AXIS2_PLACEMENT_3D ( 'NONE', #1514, #1058, #807 ) ;
#1850 = EDGE_LOOP ( 'NONE', ( #238, #1835, #1198, #68 ) ) ;
#1851 = EDGE_LOOP ( 'NONE', ( #144, #736, #1444, #97 ) ) ;
#1852 = DIRECTION ( 'NONE',  ( 0.000000000000000000, 0.000000000000000000, 1.000000000000000000 ) ) ;
#1853 = FACE_OUTER_BOUND ( 'NONE', #679, .T. ) ;
#1854 = ORIENTED_EDGE ( 'NONE', *, *, #414, .T. ) ;
#1855 = CARTESIAN_POINT ( 'NONE',  ( -2.803922533717431165, 0.3000000000000016542, -5.950000000000000178 ) ) ;
#1856 = EDGE_CURVE ( 'NONE', #289, #353, #488, .T. ) ;
#1857 = CARTESIAN_POINT ( 'NONE',  ( 2.850000000000000089, 12.78388218141501120, -0.2999999999999997669 ) ) ;
#1858 = DIRECTION ( 'NONE',  ( 0.000000000000000000, 0.000000000000000000, -1.000000000000000000 ) ) ;
#1859 = ORIENTED_EDGE ( 'NONE', *, *, #1135, .F. ) ;
#1860 = DIRECTION ( 'NONE',  ( 1.000000000000000000, -0.000000000000000000, 0.000000000000000000 ) ) ;
#1861 = ORIENTED_EDGE ( 'NONE', *, *, #9, .F. ) ;
#1862 = DIRECTION ( 'NONE',  ( 0.000000000000000000, 0.000000000000000000, -1.000000000000000000 ) ) ;
#1863 = CIRCLE ( 'NONE', #1283, 0.2999999999999999334 ) ;
#1864 = EDGE_CURVE ( 'NONE', #1552, #1137, #1824, .T. ) ;
#1865 = CYLINDRICAL_SURFACE ( 'NONE', #891, 0.2999999999999999334 ) ;
#1866 = VECTOR ( 'NONE', #912, 1000.000000000000000 ) ;
#1867 = VERTEX_POINT ( 'NONE', #1218 ) ;
#1868 = CARTESIAN_POINT ( 'NONE',  ( 2.550000000000000266, 10.00000000000000000, -1.783501221239376673E-15 ) ) ;
#1869 = EDGE_LOOP ( 'NONE', ( #37, #932, #937, #470 ) ) ;
#1870 = DIRECTION ( 'NONE',  ( 0.000000000000000000, -1.000000000000000000, 0.000000000000000000 ) ) ;
#1871 = EDGE_LOOP ( 'NONE', ( #1481, #447, #1185 ) ) ;
#1872 = CARTESIAN_POINT ( 'NONE',  ( -2.803922533717432497, 19.69999999999999929, -5.950000000000000178 ) ) ;
#1873 = CARTESIAN_POINT ( 'NONE',  ( 0.000000000000000000, 0.000000000000000000, -5.950000000000000178 ) ) ;
#1874 = AXIS2_PLACEMENT_3D ( 'NONE', #465, #1022, #1760 ) ;
#1875 = CARTESIAN_POINT ( 'NONE',  ( 2.826855777415015147, 12.65726179595303336, -0.1615940010562028351 ) ) ;
#1876 = AXIS2_PLACEMENT_3D ( 'NONE', #750, #1640, #332 ) ;
#1877 = DIRECTION ( 'NONE',  ( 0.8606408302847036174, 0.000000000000000000, -0.5092124912517916879 ) ) ;
#1878 = EDGE_CURVE ( 'NONE', #598, #1069, #1879, .T. ) ;
#1879 = CIRCLE ( 'NONE', #590, 0.2999999999999999889 ) ;
#1880 = DIRECTION ( 'NONE',  ( -1.000000000000000000, -0.000000000000000000, -0.000000000000000000 ) ) ;
#1881 = CARTESIAN_POINT ( 'NONE',  ( 2.850000000000000089, 10.00000000000000000, 2.799999999999999822 ) ) ;
#1882 = EDGE_LOOP ( 'NONE', ( #746, #1815, #1245 ) ) ;
#1883 = DIRECTION ( 'NONE',  ( -1.000000000000000000, 0.000000000000000000, -5.782411586589358033E-15 ) ) ;
#1884 = CARTESIAN_POINT ( 'NONE',  ( 4.749999999999999112, 0.3000000000000016542, -3.550000000000001599 ) ) ;
#1885 = DIRECTION ( 'NONE',  ( 1.000000000000000000, -0.000000000000000000, -0.000000000000000000 ) ) ;
#1886 = ADVANCED_FACE ( 'NONE', ( #784 ), #1369, .F. ) ;
#1887 = ORIENTED_EDGE ( 'NONE', *, *, #287, .T. ) ;
#1888 = EDGE_CURVE ( 'NONE', #424, #13, #99, .T. ) ;
#1889 = ORIENTED_EDGE ( 'NONE', *, *, #1821, .T. ) ;
#1890 = FACE_OUTER_BOUND ( 'NONE', #433, .T. ) ;
ENDSEC;
END-ISO-10303-21;
