ISO-10303-21;
HEADER;
FILE_DESCRIPTION (( 'STEP AP214' ),
    '1' );
FILE_NAME ('carriage_top.STEP',
    '2025-05-19T08:01:31',
    ( '' ),
    ( '' ),
    'SwSTEP 2.0',
    'SolidWorks 2025',
    '' );
FILE_SCHEMA (( 'AUTOMOTIVE_DESIGN' ));
ENDSEC;

DATA;
#1 = ORIENTED_EDGE ( 'NONE', *, *, #1491, .T. ) ;
#2 = DIRECTION ( 'NONE',  ( 0.000000000000000000, 0.000000000000000000, -1.000000000000000000 ) ) ;
#3 = DIRECTION ( 'NONE',  ( -0.8660254037844385966, 0.000000000000000000, 0.5000000000000002220 ) ) ;
#4 = VERTEX_POINT ( 'NONE', #701 ) ;
#5 = FILL_AREA_STYLE ('',( #948 ) ) ;
#6 = AXIS2_PLACEMENT_3D ( 'NONE', #1095, #742, #50 ) ;
#7 = ORIENTED_EDGE ( 'NONE', *, *, #1200, .F. ) ;
#8 = DIRECTION ( 'NONE',  ( 0.000000000000000000, 0.000000000000000000, 1.000000000000000000 ) ) ;
#9 = DIRECTION ( 'NONE',  ( 0.000000000000000000, 0.000000000000000000, 1.000000000000000000 ) ) ;
#10 = VECTOR ( 'NONE', #405, 1000.000000000000000 ) ;
#11 = DIRECTION ( 'NONE',  ( -0.000000000000000000, -1.000000000000000000, -0.000000000000000000 ) ) ;
#12 = EDGE_CURVE ( 'NONE', #641, #969, #1216, .T. ) ;
#13 = EDGE_CURVE ( 'NONE', #69, #969, #829, .T. ) ;
#14 = ORIENTED_EDGE ( 'NONE', *, *, #1478, .T. ) ;
#15 = DIRECTION ( 'NONE',  ( 0.000000000000000000, 0.000000000000000000, -1.000000000000000000 ) ) ;
#16 = DIRECTION ( 'NONE',  ( 0.000000000000000000, -0.000000000000000000, 1.000000000000000000 ) ) ;
#17 = VECTOR ( 'NONE', #994, 1000.000000000000000 ) ;
#18 = DIRECTION ( 'NONE',  ( -0.000000000000000000, -1.000000000000000000, -0.000000000000000000 ) ) ;
#19 = CARTESIAN_POINT ( 'NONE',  ( 0.000000000000000000, 13.00000000000000000, 21.94999999999999929 ) ) ;
#20 = EDGE_CURVE ( 'NONE', #319, #1500, #718, .T. ) ;
#21 = LINE ( 'NONE', #473, #736 ) ;
#22 = ORIENTED_EDGE ( 'NONE', *, *, #614, .F. ) ;
#23 = CARTESIAN_POINT ( 'NONE',  ( 0.000000000000000000, 9.999999999999998224, 8.999999999999998224 ) ) ;
#24 = CARTESIAN_POINT ( 'NONE',  ( 8.800000000000002487, 5.999999999999999112, 15.99999999999999645 ) ) ;
#25 = CARTESIAN_POINT ( 'NONE',  ( 0.000000000000000000, 0.000000000000000000, -19.94999999999999574 ) ) ;
#26 = CARTESIAN_POINT ( 'NONE',  ( 0.000000000000000000, 0.000000000000000000, 7.899999999999997691 ) ) ;
#27 = CARTESIAN_POINT ( 'NONE',  ( -6.699377385370849147, 9.000000000000000000, 15.99999999999999645 ) ) ;
#28 = ORIENTED_EDGE ( 'NONE', *, *, #511, .F. ) ;
#29 = CARTESIAN_POINT ( 'NONE',  ( 3.709475479543351106, 0.000000000000000000, 7.425000000000007816 ) ) ;
#30 = VECTOR ( 'NONE', #748, 1000.000000000000000 ) ;
#31 = CYLINDRICAL_SURFACE ( 'NONE', #964, 2.100000000000000977 ) ;
#32 = DIRECTION ( 'NONE',  ( -0.000000000000000000, 1.000000000000000000, -0.000000000000000000 ) ) ;
#33 = CIRCLE ( 'NONE', #535, 2.100000000000000977 ) ;
#34 = CIRCLE ( 'NONE', #230, 2.100000000000000977 ) ;
#35 = CARTESIAN_POINT ( 'NONE',  ( 14.00000000000000178, 5.999999999999999112, 15.99999999999999645 ) ) ;
#36 = EDGE_CURVE ( 'NONE', #1158, #666, #805, .T. ) ;
#37 = AXIS2_PLACEMENT_3D ( 'NONE', #550, #625, #1005 ) ;
#38 = LINE ( 'NONE', #25, #733 ) ;
#39 = DIRECTION ( 'NONE',  ( 0.000000000000000000, 0.000000000000000000, 1.000000000000000000 ) ) ;
#40 = EDGE_LOOP ( 'NONE', ( #404, #1480, #1437, #808 ) ) ;
#41 = DIRECTION ( 'NONE',  ( 0.000000000000000000, 0.000000000000000000, 1.000000000000000000 ) ) ;
#42 = CARTESIAN_POINT ( 'NONE',  ( -17.00000000000000000, 0.000000000000000000, 15.99999999999999645 ) ) ;
#43 = DIRECTION ( 'NONE',  ( 0.000000000000000000, 0.000000000000000000, 1.000000000000000000 ) ) ;
#44 = CARTESIAN_POINT ( 'NONE',  ( 2.571758278209443436E-16, 9.999999999999998224, -9.100000000000003197 ) ) ;
#45 = VERTEX_POINT ( 'NONE', #232 ) ;
#46 = CARTESIAN_POINT ( 'NONE',  ( 6.062001655779397525E-16, 2.600000000000000089, 12.05000000000000249 ) ) ;
#47 = ORIENTED_EDGE ( 'NONE', *, *, #1004, .T. ) ;
#48 = CARTESIAN_POINT ( 'NONE',  ( -7.418950959086696884, 0.000000000000000000, 1.000000000000004441 ) ) ;
#49 = CARTESIAN_POINT ( 'NONE',  ( 7.418950959086697772, 2.700000000000000178, 1.000000000000003331 ) ) ;
#50 = DIRECTION ( 'NONE',  ( 0.000000000000000000, 0.000000000000000000, 1.000000000000000000 ) ) ;
#51 = PRODUCT_DEFINITION_FORMATION_WITH_SPECIFIED_SOURCE ( 'ANY', '', #1136, .NOT_KNOWN. ) ;
#52 = ADVANCED_FACE ( 'NONE', ( #1057 ), #365, .F. ) ;
#53 = EDGE_LOOP ( 'NONE', ( #1337, #1366, #622, #287, #615, #580, #316 ) ) ;
#54 = CIRCLE ( 'NONE', #735, 18.81935141418510682 ) ;
#55 = CIRCLE ( 'NONE', #914, 4.299999999999999822 ) ;
#56 = CARTESIAN_POINT ( 'NONE',  ( 1.347111479062088257E-16, 13.00000000000000000, -5.900000000000002132 ) ) ;
#57 = EDGE_LOOP ( 'NONE', ( #798, #862, #488, #435 ) ) ;
#58 = DIRECTION ( 'NONE',  ( 0.5000000000000002220, 0.000000000000000000, 0.8660254037844384856 ) ) ;
#59 = CYLINDRICAL_SURFACE ( 'NONE', #318, 6.399999999999999467 ) ;
#60 = EDGE_CURVE ( 'NONE', #787, #216, #334, .T. ) ;
#61 = ORIENTED_EDGE ( 'NONE', *, *, #605, .F. ) ;
#62 = DIRECTION ( 'NONE',  ( -1.000000000000000000, -0.000000000000000000, -0.000000000000000000 ) ) ;
#63 = LINE ( 'NONE', #522, #536 ) ;
#64 = VERTEX_POINT ( 'NONE', #589 ) ;
#65 = CARTESIAN_POINT ( 'NONE',  ( -6.699377385370849147, 9.000000000000000000, -23.99999999999999645 ) ) ;
#66 = VERTEX_POINT ( 'NONE', #1273 ) ;
#67 = DIRECTION ( 'NONE',  ( -0.000000000000000000, -1.000000000000000000, -0.000000000000000000 ) ) ;
#68 = VECTOR ( 'NONE', #456, 1000.000000000000000 ) ;
#69 = VERTEX_POINT ( 'NONE', #472 ) ;
#70 = DIRECTION ( 'NONE',  ( 0.000000000000000000, 0.000000000000000000, 1.000000000000000000 ) ) ;
#71 = ADVANCED_FACE ( 'NONE', ( #1517 ), #1398, .F. ) ;
#72 = ADVANCED_FACE ( 'NONE', ( #683 ), #585, .F. ) ;
#73 = DIRECTION ( 'NONE',  ( 0.000000000000000000, 1.000000000000000000, 0.000000000000000000 ) ) ;
#74 = CYLINDRICAL_SURFACE ( 'NONE', #37, 6.399999999999999467 ) ;
#75 = ORIENTED_EDGE ( 'NONE', *, *, #330, .F. ) ;
#76 = DIRECTION ( 'NONE',  ( 0.000000000000000000, 1.000000000000000000, 0.000000000000000000 ) ) ;
#77 = VECTOR ( 'NONE', #1042, 1000.000000000000000 ) ;
#78 = EDGE_LOOP ( 'NONE', ( #1286, #919, #355, #1197 ) ) ;
#79 = CYLINDRICAL_SURFACE ( 'NONE', #1258, 2.100000000000000977 ) ;
#80 = VECTOR ( 'NONE', #376, 1000.000000000000000 ) ;
#81 = VERTEX_POINT ( 'NONE', #340 ) ;
#82 = EDGE_CURVE ( 'NONE', #1455, #220, #1297, .T. ) ;
#83 = AXIS2_PLACEMENT_3D ( 'NONE', #847, #1320, #154 ) ;
#84 = DIRECTION ( 'NONE',  ( 0.000000000000000000, -0.000000000000000000, 1.000000000000000000 ) ) ;
#85 = ADVANCED_FACE ( 'NONE', ( #1303 ), #1063, .F. ) ;
#86 = ORIENTED_EDGE ( 'NONE', *, *, #1479, .F. ) ;
#87 = LINE ( 'NONE', #1465, #113 ) ;
#88 = FACE_BOUND ( 'NONE', #1131, .T. ) ;
#89 = ORIENTED_EDGE ( 'NONE', *, *, #192, .T. ) ;
#90 = AXIS2_PLACEMENT_3D ( 'NONE', #1309, #257, #39 ) ;
#91 = ORIENTED_EDGE ( 'NONE', *, *, #1002, .T. ) ;
#92 = CARTESIAN_POINT ( 'NONE',  ( 0.000000000000000000, 0.000000000000000000, 15.99999999999999645 ) ) ;
#93 = ORIENTED_EDGE ( 'NONE', *, *, #440, .T. ) ;
#94 = DIRECTION ( 'NONE',  ( 0.000000000000000000, -0.000000000000000000, 1.000000000000000000 ) ) ;
#95 = DIRECTION ( 'NONE',  ( 1.000000000000000000, 0.000000000000000000, -0.000000000000000000 ) ) ;
#96 = ORIENTED_EDGE ( 'NONE', *, *, #481, .T. ) ;
#97 = LINE ( 'NONE', #1344, #603 ) ;
#98 = DIRECTION ( 'NONE',  ( -0.000000000000000000, 1.000000000000000000, -0.000000000000000000 ) ) ;
#99 = ORIENTED_EDGE ( 'NONE', *, *, #1461, .F. ) ;
#100 = CARTESIAN_POINT ( 'NONE',  ( 0.000000000000000000, 9.999999999999998224, -7.000000000000002665 ) ) ;
#101 = VERTEX_POINT ( 'NONE', #454 ) ;
#102 = LINE ( 'NONE', #1040, #347 ) ;
#103 = DIRECTION ( 'NONE',  ( -0.000000000000000000, -0.000000000000000000, 1.000000000000000000 ) ) ;
#104 = CARTESIAN_POINT ( 'NONE',  ( 0.000000000000000000, 13.00000000000000000, 8.999999999999998224 ) ) ;
#105 = EDGE_CURVE ( 'NONE', #447, #1362, #1165, .T. ) ;
#106 = LINE ( 'NONE', #475, #817 ) ;
#107 = ORIENTED_EDGE ( 'NONE', *, *, #1139, .T. ) ;
#108 = VECTOR ( 'NONE', #933, 1000.000000000000000 ) ;
#109 = CARTESIAN_POINT ( 'NONE',  ( -8.800000000000002487, 5.999999999999999112, 15.99999999999999645 ) ) ;
#110 = DIRECTION ( 'NONE',  ( -0.000000000000000000, 1.000000000000000000, -0.000000000000000000 ) ) ;
#111 = PRODUCT_CONTEXT ( 'NONE', #1238, 'mechanical' ) ;
#112 = ORIENTED_EDGE ( 'NONE', *, *, #597, .T. ) ;
#113 = VECTOR ( 'NONE', #1342, 1000.000000000000000 ) ;
#114 = CYLINDRICAL_SURFACE ( 'NONE', #1457, 4.949999999999999289 ) ;
#115 = EDGE_LOOP ( 'NONE', ( #1385, #794 ) ) ;
#116 = CARTESIAN_POINT ( 'NONE',  ( -14.00000000000000178, 5.999999999999999112, 15.99999999999999645 ) ) ;
#117 = CARTESIAN_POINT ( 'NONE',  ( -3.709475479543350662, 2.700000000000000178, -5.425000000000002487 ) ) ;
#118 = APPLICATION_CONTEXT ( 'automotive_design' ) ;
#119 = ORIENTED_EDGE ( 'NONE', *, *, #878, .F. ) ;
#120 = CYLINDRICAL_SURFACE ( 'NONE', #643, 6.399999999999999467 ) ;
#121 = ADVANCED_FACE ( 'NONE', ( #468 ), #810, .T. ) ;
#122 = ORIENTED_EDGE ( 'NONE', *, *, #1026, .F. ) ;
#123 = EDGE_CURVE ( 'NONE', #1412, #332, #922, .T. ) ;
#124 = DIRECTION ( 'NONE',  ( -0.000000000000000000, 0.000000000000000000, -1.000000000000000000 ) ) ;
#125 = CARTESIAN_POINT ( 'NONE',  ( -17.00000000000000000, 13.00000000000000000, 29.00000000000000000 ) ) ;
#126 = UNCERTAINTY_MEASURE_WITH_UNIT (LENGTH_MEASURE( 1.000000000000000082E-05 ), #1220, 'distance_accuracy_value', 'NONE');
#127 = CARTESIAN_POINT ( 'NONE',  ( 8.800000000000002487, 5.999999999999999112, 15.99999999999999645 ) ) ;
#128 = AXIS2_PLACEMENT_3D ( 'NONE', #956, #32, #1192 ) ;
#129 = EDGE_CURVE ( 'NONE', #1066, #957, #462, .T. ) ;
#130 = LINE ( 'NONE', #588, #442 ) ;
#131 = VECTOR ( 'NONE', #992, 1000.000000000000000 ) ;
#132 = DIRECTION ( 'NONE',  ( -0.000000000000000000, -0.000000000000000000, -1.000000000000000000 ) ) ;
#133 = CARTESIAN_POINT ( 'NONE',  ( 0.000000000000000000, 2.600000000000000089, -14.99999999999999645 ) ) ;
#134 = AXIS2_PLACEMENT_3D ( 'NONE', #698, #1411, #825 ) ;
#135 = ORIENTED_EDGE ( 'NONE', *, *, #190, .F. ) ;
#136 = CARTESIAN_POINT ( 'NONE',  ( 0.000000000000000000, 13.00000000000000000, -14.99999999999999645 ) ) ;
#137 = DIRECTION ( 'NONE',  ( 0.000000000000000000, 1.000000000000000000, 0.000000000000000000 ) ) ;
#138 = DIRECTION ( 'NONE',  ( -0.000000000000000000, -1.000000000000000000, -0.000000000000000000 ) ) ;
#139 = CARTESIAN_POINT ( 'NONE',  ( 0.000000000000000000, 13.00000000000000000, 23.40000000000000213 ) ) ;
#140 = DIRECTION ( 'NONE',  ( 0.000000000000000000, 1.000000000000000000, 0.000000000000000000 ) ) ;
#141 = VERTEX_POINT ( 'NONE', #1414 ) ;
#142 = EDGE_CURVE ( 'NONE', #926, #602, #723, .T. ) ;
#143 = DIRECTION ( 'NONE',  ( 0.000000000000000000, 0.000000000000000000, -1.000000000000000000 ) ) ;
#144 = CARTESIAN_POINT ( 'NONE',  ( 0.000000000000000000, 13.00000000000000178, -3.299999999999996714 ) ) ;
#145 = ORIENTED_EDGE ( 'NONE', *, *, #142, .F. ) ;
#146 = ADVANCED_FACE ( 'NONE', ( #1190 ), #1093, .F. ) ;
#147 = FACE_OUTER_BOUND ( 'NONE', #661, .T. ) ;
#148 = VECTOR ( 'NONE', #1141, 1000.000000000000000 ) ;
#149 = CARTESIAN_POINT ( 'NONE',  ( 0.000000000000000000, 13.00000000000000178, 1.000000000000003331 ) ) ;
#150 = AXIS2_PLACEMENT_3D ( 'NONE', #560, #214, #446 ) ;
#151 = ORIENTED_EDGE ( 'NONE', *, *, #824, .F. ) ;
#152 = VECTOR ( 'NONE', #293, 999.9999999999998863 ) ;
#153 = CIRCLE ( 'NONE', #128, 4.949999999999999289 ) ;
#154 = DIRECTION ( 'NONE',  ( 0.4999999999999997780, 0.000000000000000000, -0.8660254037844387076 ) ) ;
#155 = AXIS2_PLACEMENT_3D ( 'NONE', #1434, #849, #600 ) ;
#156 = AXIS2_PLACEMENT_3D ( 'NONE', #1381, #94, #1022 ) ;
#157 = DIRECTION ( 'NONE',  ( 0.000000000000000000, 0.000000000000000000, -1.000000000000000000 ) ) ;
#158 = DIRECTION ( 'NONE',  ( 0.000000000000000000, 1.000000000000000000, -0.000000000000000000 ) ) ;
#159 = ORIENTED_EDGE ( 'NONE', *, *, #1489, .F. ) ;
#160 = CIRCLE ( 'NONE', #1211, 4.949999999999999289 ) ;
#161 = LINE ( 'NONE', #278, #941 ) ;
#162 = LINE ( 'NONE', #1474, #791 ) ;
#163 = EDGE_CURVE ( 'NONE', #906, #422, #1185, .T. ) ;
#164 = DIRECTION ( 'NONE',  ( -0.000000000000000000, -1.000000000000000000, -0.000000000000000000 ) ) ;
#165 = ORIENTED_EDGE ( 'NONE', *, *, #181, .F. ) ;
#166 = FACE_OUTER_BOUND ( 'NONE', #1017, .T. ) ;
#167 = DIRECTION ( 'NONE',  ( 0.000000000000000000, 1.000000000000000000, 0.000000000000000000 ) ) ;
#168 = EDGE_CURVE ( 'NONE', #422, #402, #962, .T. ) ;
#169 = CARTESIAN_POINT ( 'NONE',  ( 3.709475479543351106, 2.700000000000000178, 7.425000000000007816 ) ) ;
#170 = CIRCLE ( 'NONE', #684, 2.100000000000000977 ) ;
#171 = EDGE_LOOP ( 'NONE', ( #1247, #759, #195, #1261 ) ) ;
#172 = ORIENTED_EDGE ( 'NONE', *, *, #1324, .T. ) ;
#173 = AXIS2_PLACEMENT_3D ( 'NONE', #1023, #700, #1032 ) ;
#174 = CARTESIAN_POINT ( 'NONE',  ( 8.800000000000002487, 0.000000000000000000, 15.99999999999999645 ) ) ;
#175 = DIRECTION ( 'NONE',  ( 0.000000000000000000, -0.000000000000000000, -1.000000000000000000 ) ) ;
#176 = FACE_OUTER_BOUND ( 'NONE', #673, .T. ) ;
#177 = CARTESIAN_POINT ( 'NONE',  ( 0.000000000000000000, 0.000000000000000000, 17.00000000000000000 ) ) ;
#178 = ORIENTED_EDGE ( 'NONE', *, *, #1104, .T. ) ;
#179 = CARTESIAN_POINT ( 'NONE',  ( 0.000000000000000000, 13.00000000000000000, 8.999999999999998224 ) ) ;
#180 = ADVANCED_FACE ( 'NONE', ( #968 ), #1322, .F. ) ;
#181 = EDGE_CURVE ( 'NONE', #1421, #1328, #486, .T. ) ;
#182 = ORIENTED_EDGE ( 'NONE', *, *, #353, .F. ) ;
#183 = CARTESIAN_POINT ( 'NONE',  ( 0.000000000000000000, 9.999999999999998224, 11.09999999999999787 ) ) ;
#184 = ORIENTED_EDGE ( 'NONE', *, *, #707, .T. ) ;
#185 = DIRECTION ( 'NONE',  ( 0.000000000000000000, 0.000000000000000000, -1.000000000000000000 ) ) ;
#186 = LINE ( 'NONE', #876, #208 ) ;
#187 = VERTEX_POINT ( 'NONE', #26 ) ;
#188 = LINE ( 'NONE', #1240, #148 ) ;
#189 = ORIENTED_EDGE ( 'NONE', *, *, #1452, .T. ) ;
#190 = EDGE_CURVE ( 'NONE', #4, #64, #1314, .T. ) ;
#191 = DIRECTION ( 'NONE',  ( 0.000000000000000000, 0.000000000000000000, 1.000000000000000000 ) ) ;
#192 = EDGE_CURVE ( 'NONE', #396, #926, #387, .T. ) ;
#193 = EDGE_LOOP ( 'NONE', ( #979, #1173, #1096, #135 ) ) ;
#194 = DIRECTION ( 'NONE',  ( 8.881784197001252323E-16, 0.000000000000000000, 1.000000000000000000 ) ) ;
#195 = ORIENTED_EDGE ( 'NONE', *, *, #1364, .F. ) ;
#196 = CARTESIAN_POINT ( 'NONE',  ( 0.000000000000000000, 0.000000000000000000, 0.000000000000000000 ) ) ;
#197 = LINE ( 'NONE', #657, #1225 ) ;
#198 = VERTEX_POINT ( 'NONE', #1070 ) ;
#199 = CYLINDRICAL_SURFACE ( 'NONE', #1124, 1.100000000000000311 ) ;
#200 = CIRCLE ( 'NONE', #439, 2.100000000000000977 ) ;
#201 = EDGE_LOOP ( 'NONE', ( #635, #1051 ) ) ;
#202 = CARTESIAN_POINT ( 'NONE',  ( 0.000000000000000000, 13.00000000000000178, 1.000000000000003331 ) ) ;
#203 = VECTOR ( 'NONE', #624, 1000.000000000000000 ) ;
#204 = ORIENTED_EDGE ( 'NONE', *, *, #730, .T. ) ;
#205 = DIRECTION ( 'NONE',  ( -0.000000000000000000, -1.000000000000000000, -0.000000000000000000 ) ) ;
#206 = ORIENTED_EDGE ( 'NONE', *, *, #974, .T. ) ;
#207 = ORIENTED_EDGE ( 'NONE', *, *, #564, .F. ) ;
#208 = VECTOR ( 'NONE', #1353, 1000.000000000000000 ) ;
#209 = FACE_OUTER_BOUND ( 'NONE', #212, .T. ) ;
#210 = DIRECTION ( 'NONE',  ( 0.000000000000000000, 0.000000000000000000, -1.000000000000000000 ) ) ;
#211 = ORIENTED_EDGE ( 'NONE', *, *, #163, .F. ) ;
#212 = EDGE_LOOP ( 'NONE', ( #348, #830, #301, #238 ) ) ;
#213 = DIRECTION ( 'NONE',  ( 0.000000000000000000, 1.000000000000000000, 0.000000000000000000 ) ) ;
#214 = DIRECTION ( 'NONE',  ( -0.8191520442889888010, -0.5735764363510503783, 0.000000000000000000 ) ) ;
#215 = ADVANCED_FACE ( 'NONE', ( #499 ), #31, .F. ) ;
#216 = VERTEX_POINT ( 'NONE', #382 ) ;
#217 = FACE_OUTER_BOUND ( 'NONE', #1293, .T. ) ;
#218 = ORIENTED_EDGE ( 'NONE', *, *, #1452, .F. ) ;
#219 = LINE ( 'NONE', #1367, #152 ) ;
#220 = VERTEX_POINT ( 'NONE', #1213 ) ;
#221 = FACE_BOUND ( 'NONE', #887, .T. ) ;
#222 = ADVANCED_FACE ( 'NONE', ( #963 ), #972, .F. ) ;
#223 = DIRECTION ( 'NONE',  ( -1.000000000000000000, 0.000000000000000000, -0.000000000000000000 ) ) ;
#224 = VERTEX_POINT ( 'NONE', #1195 ) ;
#225 = LINE ( 'NONE', #703, #68 ) ;
#226 = VECTOR ( 'NONE', #1467, 1000.000000000000000 ) ;
#227 = FACE_OUTER_BOUND ( 'NONE', #1269, .T. ) ;
#228 = ORIENTED_EDGE ( 'NONE', *, *, #1285, .F. ) ;
#229 = CIRCLE ( 'NONE', #1007, 6.399999999999999467 ) ;
#230 = AXIS2_PLACEMENT_3D ( 'NONE', #359, #803, #569 ) ;
#231 = CARTESIAN_POINT ( 'NONE',  ( 0.000000000000000000, 0.000000000000000000, -7.000000000000002665 ) ) ;
#232 = CARTESIAN_POINT ( 'NONE',  ( -3.709475479543350662, 0.000000000000000000, -5.425000000000002487 ) ) ;
#233 = EDGE_LOOP ( 'NONE', ( #184, #892, #99, #1153 ) ) ;
#234 = VECTOR ( 'NONE', #925, 1000.000000000000000 ) ;
#235 = DIRECTION ( 'NONE',  ( -0.000000000000000000, 1.000000000000000000, -0.000000000000000000 ) ) ;
#236 = ADVANCED_FACE ( 'NONE', ( #617 ), #860, .F. ) ;
#237 = ADVANCED_FACE ( 'NONE', ( #1425 ), #980, .F. ) ;
#238 = ORIENTED_EDGE ( 'NONE', *, *, #1002, .F. ) ;
#239 = CARTESIAN_POINT ( 'NONE',  ( 0.000000000000000000, 13.00000000000000000, 17.00000000000000000 ) ) ;
#240 = CARTESIAN_POINT ( 'NONE',  ( 3.709475479543351106, 2.700000000000000178, 7.425000000000007816 ) ) ;
#241 = CARTESIAN_POINT ( 'NONE',  ( 0.000000000000000000, 0.000000000000000000, -21.39999999999999503 ) ) ;
#242 = EDGE_CURVE ( 'NONE', #64, #957, #1135, .T. ) ;
#243 = ORIENTED_EDGE ( 'NONE', *, *, #1169, .F. ) ;
#244 = DIRECTION ( 'NONE',  ( 0.000000000000000000, -1.000000000000000000, 0.000000000000000000 ) ) ;
#245 = DIRECTION ( 'NONE',  ( 0.000000000000000000, 0.000000000000000000, -1.000000000000000000 ) ) ;
#246 = ORIENTED_EDGE ( 'NONE', *, *, #168, .T. ) ;
#247 = DIRECTION ( 'NONE',  ( 0.000000000000000000, -1.000000000000000000, 0.000000000000000000 ) ) ;
#248 = CARTESIAN_POINT ( 'NONE',  ( -14.00000000000000178, 9.000000000000000000, 15.99999999999999645 ) ) ;
#249 = DIRECTION ( 'NONE',  ( -0.000000000000000000, 1.000000000000000000, -0.000000000000000000 ) ) ;
#250 = ADVANCED_FACE ( 'NONE', ( #908 ), #776, .F. ) ;
#251 = CIRCLE ( 'NONE', #292, 18.81935141418510682 ) ;
#252 = DIRECTION ( 'NONE',  ( 0.000000000000000000, 0.000000000000000000, -1.000000000000000000 ) ) ;
#253 = CARTESIAN_POINT ( 'NONE',  ( -17.00000000000000000, 5.999999999999999112, 15.99999999999999645 ) ) ;
#254 = ORIENTED_EDGE ( 'NONE', *, *, #1073, .T. ) ;
#255 = VECTOR ( 'NONE', #928, 1000.000000000000000 ) ;
#256 = CARTESIAN_POINT ( 'NONE',  ( 0.000000000000000000, 2.600000000000000533, 10.60000000000000142 ) ) ;
#257 = DIRECTION ( 'NONE',  ( -0.000000000000000000, 1.000000000000000000, -0.000000000000000000 ) ) ;
#258 = ADVANCED_FACE ( 'NONE', ( #1244 ), #1137, .F. ) ;
#259 = ORIENTED_EDGE ( 'NONE', *, *, #1301, .F. ) ;
#260 = CARTESIAN_POINT ( 'NONE',  ( -8.800000000000002487, 5.999999999999999112, 15.99999999999999645 ) ) ;
#261 = CARTESIAN_POINT ( 'NONE',  ( 1.647511616016006429E-15, 0.000000000000000000, 10.18064858581489318 ) ) ;
#262 = DIRECTION ( 'NONE',  ( 0.000000000000000000, -0.000000000000000000, 1.000000000000000000 ) ) ;
#263 = EDGE_LOOP ( 'NONE', ( #28, #1149, #96, #211 ) ) ;
#264 = DIRECTION ( 'NONE',  ( 0.000000000000000000, 0.000000000000000000, -1.000000000000000000 ) ) ;
#265 = CARTESIAN_POINT ( 'NONE',  ( 0.000000000000000000, 2.600000000000000089, -14.99999999999999645 ) ) ;
#266 = DIRECTION ( 'NONE',  ( -0.000000000000000000, -1.000000000000000000, -0.000000000000000000 ) ) ;
#267 = VECTOR ( 'NONE', #143, 1000.000000000000000 ) ;
#268 = ORIENTED_EDGE ( 'NONE', *, *, #384, .F. ) ;
#269 = CIRCLE ( 'NONE', #912, 4.949999999999999289 ) ;
#270 = DIRECTION ( 'NONE',  ( 0.000000000000000000, 1.000000000000000000, 0.000000000000000000 ) ) ;
#271 = EDGE_CURVE ( 'NONE', #378, #1103, #314, .T. ) ;
#272 = EDGE_CURVE ( 'NONE', #998, #319, #186, .T. ) ;
#273 = CARTESIAN_POINT ( 'NONE',  ( 0.000000000000000000, 9.999999999999998224, -8.100000000000003197 ) ) ;
#274 = CARTESIAN_POINT ( 'NONE',  ( 8.800000000000002487, 0.000000000000000000, 15.99999999999999645 ) ) ;
#275 = DIRECTION ( 'NONE',  ( 0.000000000000000000, 0.000000000000000000, -1.000000000000000000 ) ) ;
#276 = AXIS2_PLACEMENT_3D ( 'NONE', #1276, #235, #1037 ) ;
#277 = ORIENTED_EDGE ( 'NONE', *, *, #1251, .T. ) ;
#278 = CARTESIAN_POINT ( 'NONE',  ( 6.062001655779397525E-16, 13.00000000000000000, 12.05000000000000249 ) ) ;
#279 = EDGE_CURVE ( 'NONE', #1500, #1328, #1496, .T. ) ;
#280 = PLANE ( 'NONE',  #1202 ) ;
#281 = DIRECTION ( 'NONE',  ( 0.000000000000000000, 0.000000000000000000, 1.000000000000000000 ) ) ;
#282 = EDGE_LOOP ( 'NONE', ( #1193, #1275, #567, #283 ) ) ;
#283 = ORIENTED_EDGE ( 'NONE', *, *, #1262, .T. ) ;
#284 = CLOSED_SHELL ( 'NONE', ( #604, #391, #1330, #725, #121, #237, #960, #936, #1433, #1376, #85, #146, #832, #299, #341, #52, #1088, #288, #729, #71, #406, #72, #222, #461, #493, #1221, #371, #937, #1502, #383, #180, #1094, #613, #236, #431, #476, #917, #1365, #258, #1056, #541, #342, #772, #1054, #250, #552, #215, #1209 ) ) ;
#285 = CARTESIAN_POINT ( 'NONE',  ( 3.709475479543346221, 2.700000000000000178, -5.425000000000002487 ) ) ;
#286 = DIRECTION ( 'NONE',  ( 0.000000000000000000, -1.000000000000000000, 0.000000000000000000 ) ) ;
#287 = ORIENTED_EDGE ( 'NONE', *, *, #614, .T. ) ;
#288 = ADVANCED_FACE ( 'NONE', ( #755 ), #74, .F. ) ;
#289 = ORIENTED_EDGE ( 'NONE', *, *, #1139, .F. ) ;
#290 = CARTESIAN_POINT ( 'NONE',  ( 0.000000000000000000, 13.00000000000000000, 8.999999999999998224 ) ) ;
#291 = VERTEX_POINT ( 'NONE', #1475 ) ;
#292 = AXIS2_PLACEMENT_3D ( 'NONE', #888, #634, #194 ) ;
#293 = DIRECTION ( 'NONE',  ( -0.5735764363510503783, 0.8191520442889888010, -0.000000000000000000 ) ) ;
#294 = VERTEX_POINT ( 'NONE', #417 ) ;
#295 = DIRECTION ( 'NONE',  ( -0.000000000000000000, -1.000000000000000000, -0.000000000000000000 ) ) ;
#296 = ORIENTED_EDGE ( 'NONE', *, *, #990, .T. ) ;
#297 = FACE_BOUND ( 'NONE', #298, .T. ) ;
#298 = EDGE_LOOP ( 'NONE', ( #259, #1459 ) ) ;
#299 = ADVANCED_FACE ( 'NONE', ( #176, #1102, #889, #297, #516, #985 ), #1110, .T. ) ;
#300 = DIRECTION ( 'NONE',  ( 0.000000000000000000, -1.000000000000000000, 0.000000000000000000 ) ) ;
#301 = ORIENTED_EDGE ( 'NONE', *, *, #1317, .T. ) ;
#302 = ORIENTED_EDGE ( 'NONE', *, *, #192, .F. ) ;
#303 = DIRECTION ( 'NONE',  ( 0.000000000000000000, 0.000000000000000000, 1.000000000000000000 ) ) ;
#304 = ORIENTED_EDGE ( 'NONE', *, *, #845, .F. ) ;
#305 = CARTESIAN_POINT ( 'NONE',  ( 0.000000000000000000, 2.600000000000000089, 21.94999999999999929 ) ) ;
#306 = ORIENTED_EDGE ( 'NONE', *, *, #272, .F. ) ;
#307 = CARTESIAN_POINT ( 'NONE',  ( -8.800000000000002487, 0.000000000000000000, 15.99999999999999645 ) ) ;
#308 = ORIENTED_EDGE ( 'NONE', *, *, #1340, .F. ) ;
#309 = DIRECTION ( 'NONE',  ( -0.000000000000000000, -0.000000000000000000, 1.000000000000000000 ) ) ;
#310 = EDGE_LOOP ( 'NONE', ( #720, #663, #361, #419, #206, #1229 ) ) ;
#311 = PLANE ( 'NONE',  #415 ) ;
#312 = ORIENTED_EDGE ( 'NONE', *, *, #1045, .T. ) ;
#313 = DIRECTION ( 'NONE',  ( -1.000000000000000000, 0.000000000000000000, 0.000000000000000000 ) ) ;
#314 = LINE ( 'NONE', #867, #489 ) ;
#315 = DIRECTION ( 'NONE',  ( -0.000000000000000000, -0.000000000000000000, -1.000000000000000000 ) ) ;
#316 = ORIENTED_EDGE ( 'NONE', *, *, #459, .T. ) ;
#317 = DIRECTION ( 'NONE',  ( 0.000000000000000000, 0.000000000000000000, 1.000000000000000000 ) ) ;
#318 = AXIS2_PLACEMENT_3D ( 'NONE', #918, #986, #1369 ) ;
#319 = VERTEX_POINT ( 'NONE', #655 ) ;
#320 = DIRECTION ( 'NONE',  ( -0.000000000000000000, -1.000000000000000000, 0.000000000000000000 ) ) ;
#321 = EDGE_CURVE ( 'NONE', #938, #437, #1127, .T. ) ;
#322 = AXIS2_PLACEMENT_3D ( 'NONE', #285, #751, #1224 ) ;
#323 = CARTESIAN_POINT ( 'NONE',  ( 3.709475479543351106, 0.000000000000000000, 7.425000000000007816 ) ) ;
#324 = ORIENTED_EDGE ( 'NONE', *, *, #574, .T. ) ;
#325 = FACE_OUTER_BOUND ( 'NONE', #201, .T. ) ;
#326 = DIRECTION ( 'NONE',  ( -0.000000000000000000, -0.000000000000000000, -1.000000000000000000 ) ) ;
#327 = VERTEX_POINT ( 'NONE', #636 ) ;
#328 = DIRECTION ( 'NONE',  ( 0.000000000000000000, 0.000000000000000000, 1.000000000000000000 ) ) ;
#329 = DIRECTION ( 'NONE',  ( -0.000000000000000000, -1.000000000000000000, -0.000000000000000000 ) ) ;
#330 = EDGE_CURVE ( 'NONE', #141, #1120, #87, .T. ) ;
#331 = DIRECTION ( 'NONE',  ( 0.000000000000000000, -1.000000000000000000, 0.000000000000000000 ) ) ;
#332 = VERTEX_POINT ( 'NONE', #768 ) ;
#333 = CARTESIAN_POINT ( 'NONE',  ( 0.000000000000000000, 13.00000000000000178, -3.299999999999996714 ) ) ;
#334 = LINE ( 'NONE', #1041, #1245 ) ;
#335 =( LENGTH_UNIT ( ) NAMED_UNIT ( * ) SI_UNIT ( .MILLI., .METRE. ) );
#336 = ORIENTED_EDGE ( 'NONE', *, *, #1087, .T. ) ;
#337 = DIRECTION ( 'NONE',  ( -0.000000000000000000, -0.000000000000000000, -1.000000000000000000 ) ) ;
#338 = ORIENTED_EDGE ( 'NONE', *, *, #730, .F. ) ;
#339 = FACE_OUTER_BOUND ( 'NONE', #1395, .T. ) ;
#340 = CARTESIAN_POINT ( 'NONE',  ( -3.709475479543347554, 0.000000000000000000, 7.425000000000007816 ) ) ;
#341 = ADVANCED_FACE ( 'NONE', ( #901 ), #788, .F. ) ;
#342 = ADVANCED_FACE ( 'NONE', ( #358, #325 ), #827, .F. ) ;
#343 = VERTEX_POINT ( 'NONE', #1277 ) ;
#344 = CARTESIAN_POINT ( 'NONE',  ( 2.571758278209443436E-16, 13.00000000000000000, -9.100000000000003197 ) ) ;
#345 = VECTOR ( 'NONE', #1505, 1000.000000000000000 ) ;
#346 = DIRECTION ( 'NONE',  ( -0.000000000000000000, -1.000000000000000000, -0.000000000000000000 ) ) ;
#347 = VECTOR ( 'NONE', #1516, 1000.000000000000000 ) ;
#348 = ORIENTED_EDGE ( 'NONE', *, *, #1318, .F. ) ;
#349 = CARTESIAN_POINT ( 'NONE',  ( 17.00000000000000000, 13.00000000000000000, 29.00000000000000000 ) ) ;
#350 = AXIS2_PLACEMENT_3D ( 'NONE', #133, #1077, #1187 ) ;
#351 = CARTESIAN_POINT ( 'NONE',  ( 7.837739514543059934E-16, 0.000000000000000000, -8.599999999999996092 ) ) ;
#352 = CARTESIAN_POINT ( 'NONE',  ( -6.699377385370849147, 9.000000000000000000, 15.99999999999999645 ) ) ;
#353 = EDGE_CURVE ( 'NONE', #1107, #378, #582, .T. ) ;
#354 = VECTOR ( 'NONE', #844, 1000.000000000000000 ) ;
#355 = ORIENTED_EDGE ( 'NONE', *, *, #190, .T. ) ;
#356 = DIRECTION ( 'NONE',  ( 0.5000000000000002220, 0.000000000000000000, 0.8660254037844384856 ) ) ;
#357 = EDGE_LOOP ( 'NONE', ( #873, #711 ) ) ;
#358 = FACE_BOUND ( 'NONE', #357, .T. ) ;
#359 = CARTESIAN_POINT ( 'NONE',  ( 0.000000000000000000, 9.999999999999998224, 8.999999999999998224 ) ) ;
#360 = DIRECTION ( 'NONE',  ( 0.000000000000000000, 0.000000000000000000, -1.000000000000000000 ) ) ;
#361 = ORIENTED_EDGE ( 'NONE', *, *, #1067, .T. ) ;
#362 = SURFACE_SIDE_STYLE ('',( #469 ) ) ;
#363 = DIRECTION ( 'NONE',  ( 0.000000000000000000, 0.000000000000000000, -1.000000000000000000 ) ) ;
#364 = CARTESIAN_POINT ( 'NONE',  ( -7.418950959086696884, 0.000000000000000000, 1.000000000000004441 ) ) ;
#365 = PLANE ( 'NONE',  #931 ) ;
#366 = DIRECTION ( 'NONE',  ( 0.8191520442889888010, -0.5735764363510503783, 0.000000000000000000 ) ) ;
#367 = UNCERTAINTY_MEASURE_WITH_UNIT (LENGTH_MEASURE( 1.000000000000000082E-05 ), #335, 'distance_accuracy_value', 'NONE');
#368 = ORIENTED_EDGE ( 'NONE', *, *, #823, .T. ) ;
#369 = LINE ( 'NONE', #712, #1048 ) ;
#370 = FACE_OUTER_BOUND ( 'NONE', #1125, .T. ) ;
#371 = ADVANCED_FACE ( 'NONE', ( #227 ), #470, .F. ) ;
#372 = CYLINDRICAL_SURFACE ( 'NONE', #879, 18.81935141418510682 ) ;
#373 = CARTESIAN_POINT ( 'NONE',  ( 0.000000000000000000, -0.000000000000000000, -24.00000000000000000 ) ) ;
#374 = EDGE_LOOP ( 'NONE', ( #531, #916, #308, #22 ) ) ;
#375 = CARTESIAN_POINT ( 'NONE',  ( -7.418950959086696884, 2.700000000000000178, 1.000000000000004441 ) ) ;
#376 = DIRECTION ( 'NONE',  ( -1.000000000000000000, 0.000000000000000000, 0.000000000000000000 ) ) ;
#377 = DIRECTION ( 'NONE',  ( 0.000000000000000000, 0.000000000000000000, -1.000000000000000000 ) ) ;
#378 = VERTEX_POINT ( 'NONE', #450 ) ;
#379 = CARTESIAN_POINT ( 'NONE',  ( 3.709475479543351106, 2.700000000000000178, 7.425000000000007816 ) ) ;
#380 = CIRCLE ( 'NONE', #1118, 6.399999999999999467 ) ;
#381 = PLANE ( 'NONE',  #1128 ) ;
#382 = CARTESIAN_POINT ( 'NONE',  ( -14.00000000000000178, 9.000000000000000000, -23.99999999999999645 ) ) ;
#383 = ADVANCED_FACE ( 'NONE', ( #1300 ), #721, .F. ) ;
#384 = EDGE_CURVE ( 'NONE', #670, #632, #1394, .T. ) ;
#385 = CARTESIAN_POINT ( 'NONE',  ( 0.000000000000000000, 0.000000000000000000, -7.000000000000002665 ) ) ;
#386 = FACE_OUTER_BOUND ( 'NONE', #728, .T. ) ;
#387 = LINE ( 'NONE', #274, #1481 ) ;
#388 = VECTOR ( 'NONE', #529, 1000.000000000000000 ) ;
#389 = ORIENTED_EDGE ( 'NONE', *, *, #1047, .F. ) ;
#390 = EDGE_CURVE ( 'NONE', #396, #343, #1176, .T. ) ;
#391 = ADVANCED_FACE ( 'NONE', ( #370 ), #1288, .F. ) ;
#392 = DIRECTION ( 'NONE',  ( 0.000000000000000000, 1.000000000000000000, -0.000000000000000000 ) ) ;
#393 = DIRECTION ( 'NONE',  ( -0.000000000000000000, 0.000000000000000000, 1.000000000000000000 ) ) ;
#394 = CARTESIAN_POINT ( 'NONE',  ( 0.000000000000000000, 13.00000000000000000, -7.000000000000002665 ) ) ;
#395 = CARTESIAN_POINT ( 'NONE',  ( 6.699377385370849147, 9.000000000000000000, 15.99999999999999645 ) ) ;
#396 = VERTEX_POINT ( 'NONE', #174 ) ;
#397 = DIRECTION ( 'NONE',  ( 0.000000000000000000, 0.000000000000000000, -1.000000000000000000 ) ) ;
#398 = EDGE_CURVE ( 'NONE', #432, #66, #161, .T. ) ;
#399 = VERTEX_POINT ( 'NONE', #744 ) ;
#400 = CARTESIAN_POINT ( 'NONE',  ( -17.00000000000000000, 13.00000000000000000, -24.00000000000000000 ) ) ;
#401 = ORIENTED_EDGE ( 'NONE', *, *, #1147, .T. ) ;
#402 = VERTEX_POINT ( 'NONE', #1451 ) ;
#403 = CARTESIAN_POINT ( 'NONE',  ( 0.000000000000000000, 2.600000000000000089, 17.00000000000000000 ) ) ;
#404 = ORIENTED_EDGE ( 'NONE', *, *, #878, .T. ) ;
#405 = DIRECTION ( 'NONE',  ( 0.000000000000000000, 1.000000000000000000, 0.000000000000000000 ) ) ;
#406 = ADVANCED_FACE ( 'NONE', ( #623 ), #1078, .F. ) ;
#407 = EDGE_LOOP ( 'NONE', ( #304, #338, #91, #868 ) ) ;
#408 = CIRCLE ( 'NONE', #1402, 2.100000000000000977 ) ;
#409 = VERTEX_POINT ( 'NONE', #612 ) ;
#410 = LINE ( 'NONE', #1248, #464 ) ;
#411 = ORIENTED_EDGE ( 'NONE', *, *, #1423, .F. ) ;
#412 = EDGE_LOOP ( 'NONE', ( #14, #646, #445, #1426 ) ) ;
#413 = VECTOR ( 'NONE', #140, 1000.000000000000000 ) ;
#414 = DIRECTION ( 'NONE',  ( 0.000000000000000000, 1.000000000000000000, 0.000000000000000000 ) ) ;
#415 = AXIS2_PLACEMENT_3D ( 'NONE', #92, #1375, #1027 ) ;
#416 = CARTESIAN_POINT ( 'NONE',  ( 0.000000000000000000, 13.00000000000000000, -7.000000000000002665 ) ) ;
#417 = CARTESIAN_POINT ( 'NONE',  ( 1.647511616016006429E-15, 0.000000000000000000, 29.00000000000000000 ) ) ;
#418 = DIRECTION ( 'NONE',  ( -1.000000000000000000, 0.000000000000000000, 0.000000000000000000 ) ) ;
#419 = ORIENTED_EDGE ( 'NONE', *, *, #1364, .T. ) ;
#420 = CARTESIAN_POINT ( 'NONE',  ( 0.000000000000000000, 9.999999999999998224, 11.09999999999999787 ) ) ;
#421 = CIRCLE ( 'NONE', #423, 1.100000000000000311 ) ;
#422 = VERTEX_POINT ( 'NONE', #738 ) ;
#423 = AXIS2_PLACEMENT_3D ( 'NONE', #23, #1513, #1052 ) ;
#424 = FACE_OUTER_BOUND ( 'NONE', #1279, .T. ) ;
#425 = EDGE_LOOP ( 'NONE', ( #1105, #965, #747, #1485 ) ) ;
#426 = FACE_OUTER_BOUND ( 'NONE', #1233, .T. ) ;
#427 = DIRECTION ( 'NONE',  ( 0.000000000000000000, 0.000000000000000000, 1.000000000000000000 ) ) ;
#428 =( NAMED_UNIT ( * ) SI_UNIT ( $, .STERADIAN. ) SOLID_ANGLE_UNIT ( ) );
#429 = EDGE_LOOP ( 'NONE', ( #875, #289, #1298, #1084, #864 ) ) ;
#430 = CARTESIAN_POINT ( 'NONE',  ( -6.699377385370849147, 9.000000000000000000, 15.99999999999999645 ) ) ;
#431 = ADVANCED_FACE ( 'NONE', ( #1099 ), #1090, .F. ) ;
#432 = VERTEX_POINT ( 'NONE', #46 ) ;
#433 = DIRECTION ( 'NONE',  ( -0.5735764363510503783, 0.8191520442889886899, -0.000000000000000000 ) ) ;
#434 = ORIENTED_EDGE ( 'NONE', *, *, #1435, .F. ) ;
#435 = ORIENTED_EDGE ( 'NONE', *, *, #451, .T. ) ;
#436 = FACE_BOUND ( 'NONE', #861, .T. ) ;
#437 = VERTEX_POINT ( 'NONE', #502 ) ;
#438 = DIRECTION ( 'NONE',  ( 0.000000000000000000, 0.000000000000000000, 1.000000000000000000 ) ) ;
#439 = AXIS2_PLACEMENT_3D ( 'NONE', #911, #1151, #328 ) ;
#440 = EDGE_CURVE ( 'NONE', #45, #1500, #490, .T. ) ;
#441 = CARTESIAN_POINT ( 'NONE',  ( 0.000000000000000000, 0.000000000000000000, -14.99999999999999645 ) ) ;
#442 = VECTOR ( 'NONE', #841, 1000.000000000000000 ) ;
#443 = ORIENTED_EDGE ( 'NONE', *, *, #652, .F. ) ;
#444 = DIRECTION ( 'NONE',  ( 0.000000000000000000, 0.000000000000000000, 1.000000000000000000 ) ) ;
#445 = ORIENTED_EDGE ( 'NONE', *, *, #1067, .F. ) ;
#446 = DIRECTION ( 'NONE',  ( 0.5735764363510503783, -0.8191520442889888010, 0.000000000000000000 ) ) ;
#447 = VERTEX_POINT ( 'NONE', #379 ) ;
#448 = CARTESIAN_POINT ( 'NONE',  ( 6.062001655779397525E-16, 13.00000000000000000, -10.04999999999999716 ) ) ;
#449 = LINE ( 'NONE', #127, #793 ) ;
#450 = CARTESIAN_POINT ( 'NONE',  ( 14.00000000000000178, 5.999999999999999112, 15.99999999999999645 ) ) ;
#451 = EDGE_CURVE ( 'NONE', #1352, #549, #608, .T. ) ;
#452 = EDGE_LOOP ( 'NONE', ( #86, #524 ) ) ;
#453 = LINE ( 'NONE', #1404, #1060 ) ;
#454 = CARTESIAN_POINT ( 'NONE',  ( -17.00000000000000000, 5.999999999999999112, 15.99999999999999645 ) ) ;
#455 = ORIENTED_EDGE ( 'NONE', *, *, #20, .T. ) ;
#456 = DIRECTION ( 'NONE',  ( -0.000000000000000000, 1.000000000000000000, -0.000000000000000000 ) ) ;
#457 = CIRCLE ( 'NONE', #902, 6.399999999999999467 ) ;
#458 = VERTEX_POINT ( 'NONE', #260 ) ;
#459 = EDGE_CURVE ( 'NONE', #378, #141, #732, .T. ) ;
#460 = LINE ( 'NONE', #551, #1382 ) ;
#461 = ADVANCED_FACE ( 'NONE', ( #863 ), #1338, .F. ) ;
#462 = LINE ( 'NONE', #1510, #593 ) ;
#463 = CARTESIAN_POINT ( 'NONE',  ( 0.000000000000000000, 13.00000000000000000, 21.94999999999999929 ) ) ;
#464 = VECTOR ( 'NONE', #881, 1000.000000000000000 ) ;
#465 = AXIS2_PLACEMENT_3D ( 'NONE', #1243, #167, #84 ) ;
#466 = ORIENTED_EDGE ( 'NONE', *, *, #1026, .T. ) ;
#467 = CARTESIAN_POINT ( 'NONE',  ( -17.00000000000000000, 13.00000000000000000, 18.25331776339122669 ) ) ;
#468 = FACE_OUTER_BOUND ( 'NONE', #1415, .T. ) ;
#469 = SURFACE_STYLE_FILL_AREA ( #5 ) ;
#470 = CYLINDRICAL_SURFACE ( 'NONE', #764, 4.299999999999999822 ) ;
#471 = PLANE ( 'NONE',  #465 ) ;
#472 = CARTESIAN_POINT ( 'NONE',  ( -17.00000000000000000, 13.00000000000000000, -24.00000000000000000 ) ) ;
#473 = CARTESIAN_POINT ( 'NONE',  ( -14.00000000000000178, 9.000000000000000000, -23.99999999999999645 ) ) ;
#474 = ORIENTED_EDGE ( 'NONE', *, *, #1389, .T. ) ;
#475 = CARTESIAN_POINT ( 'NONE',  ( -8.800000000000002487, 5.999999999999999112, 15.99999999999999645 ) ) ;
#476 = ADVANCED_FACE ( 'NONE', ( #1199 ), #1085, .F. ) ;
#477 = DIRECTION ( 'NONE',  ( -0.5000000000000002220, 0.000000000000000000, -0.8660254037844384856 ) ) ;
#478 = DIRECTION ( 'NONE',  ( -0.000000000000000000, -0.000000000000000000, -1.000000000000000000 ) ) ;
#479 = DIRECTION ( 'NONE',  ( 1.000000000000000000, -0.000000000000000000, 0.000000000000000000 ) ) ;
#480 = ORIENTED_EDGE ( 'NONE', *, *, #1252, .T. ) ;
#481 = EDGE_CURVE ( 'NONE', #402, #422, #1384, .T. ) ;
#482 = DIRECTION ( 'NONE',  ( 1.000000000000000000, 0.000000000000000000, 0.000000000000000000 ) ) ;
#483 = AXIS2_PLACEMENT_3D ( 'NONE', #1492, #67, #780 ) ;
#484 = CARTESIAN_POINT ( 'NONE',  ( 0.000000000000000000, 13.00000000000000000, -14.99999999999999645 ) ) ;
#485 = VECTOR ( 'NONE', #418, 1000.000000000000000 ) ;
#486 = LINE ( 'NONE', #49, #354 ) ;
#487 = CARTESIAN_POINT ( 'NONE',  ( -3.709475479543350662, 2.700000000000000178, -5.425000000000002487 ) ) ;
#488 = ORIENTED_EDGE ( 'NONE', *, *, #1169, .T. ) ;
#489 = VECTOR ( 'NONE', #1218, 1000.000000000000000 ) ;
#490 = LINE ( 'NONE', #970, #690 ) ;
#491 = LINE ( 'NONE', #599, #1254 ) ;
#492 = EDGE_CURVE ( 'NONE', #696, #437, #33, .T. ) ;
#493 = ADVANCED_FACE ( 'NONE', ( #166 ), #1329, .F. ) ;
#494 = DIRECTION ( 'NONE',  ( 0.000000000000000000, 0.000000000000000000, -1.000000000000000000 ) ) ;
#495 = ORIENTED_EDGE ( 'NONE', *, *, #1263, .T. ) ;
#496 = CARTESIAN_POINT ( 'NONE',  ( 0.000000000000000000, 13.00000000000000000, -7.000000000000002665 ) ) ;
#497 = DIRECTION ( 'NONE',  ( 0.000000000000000000, -0.000000000000000000, 1.000000000000000000 ) ) ;
#498 = EDGE_CURVE ( 'NONE', #1021, #993, #219, .T. ) ;
#499 = FACE_OUTER_BOUND ( 'NONE', #1239, .T. ) ;
#500 = EDGE_CURVE ( 'NONE', #926, #1021, #915, .T. ) ;
#501 = ORIENTED_EDGE ( 'NONE', *, *, #665, .F. ) ;
#502 = CARTESIAN_POINT ( 'NONE',  ( 0.000000000000000000, 13.00000000000000000, -4.900000000000001243 ) ) ;
#503 = EDGE_LOOP ( 'NONE', ( #982, #1109, #312, #122 ) ) ;
#504 = DIRECTION ( 'NONE',  ( 0.4999999999999996669, 0.000000000000000000, -0.8660254037844388186 ) ) ;
#505 = VECTOR ( 'NONE', #904, 1000.000000000000000 ) ;
#506 = CARTESIAN_POINT ( 'NONE',  ( 3.709475479543351106, 2.700000000000000178, 7.425000000000007816 ) ) ;
#507 = DIRECTION ( 'NONE',  ( 0.000000000000000000, 1.000000000000000000, 0.000000000000000000 ) ) ;
#508 = PRESENTATION_STYLE_ASSIGNMENT (( #644 ) ) ;
#509 = VECTOR ( 'NONE', #717, 1000.000000000000000 ) ;
#510 = ORIENTED_EDGE ( 'NONE', *, *, #1170, .F. ) ;
#511 = EDGE_CURVE ( 'NONE', #327, #906, #1156, .T. ) ;
#512 = VERTEX_POINT ( 'NONE', #1501 ) ;
#513 = CARTESIAN_POINT ( 'NONE',  ( 17.00000000000000000, 5.999999999999999112, 15.99999999999999645 ) ) ;
#514 = VECTOR ( 'NONE', #164, 1000.000000000000000 ) ;
#515 = ORIENTED_EDGE ( 'NONE', *, *, #983, .F. ) ;
#516 = FACE_BOUND ( 'NONE', #1343, .T. ) ;
#517 = VERTEX_POINT ( 'NONE', #763 ) ;
#518 = ORIENTED_EDGE ( 'NONE', *, *, #1200, .T. ) ;
#519 = LINE ( 'NONE', #1123, #1130 ) ;
#520 = EDGE_CURVE ( 'NONE', #957, #64, #229, .T. ) ;
#521 = ORIENTED_EDGE ( 'NONE', *, *, #13, .F. ) ;
#522 = CARTESIAN_POINT ( 'NONE',  ( 14.00000000000000178, 9.000000000000000000, 15.99999999999999645 ) ) ;
#523 = CARTESIAN_POINT ( 'NONE',  ( 0.000000000000000000, 9.999999999999998224, -4.900000000000001243 ) ) ;
#524 = ORIENTED_EDGE ( 'NONE', *, *, #1317, .F. ) ;
#525 = FACE_OUTER_BOUND ( 'NONE', #806, .T. ) ;
#526 = ORIENTED_EDGE ( 'NONE', *, *, #1160, .F. ) ;
#527 = CARTESIAN_POINT ( 'NONE',  ( 1.347111479062088010E-16, 0.000000000000000000, -5.900000000000002132 ) ) ;
#528 = ORIENTED_EDGE ( 'NONE', *, *, #498, .F. ) ;
#529 = DIRECTION ( 'NONE',  ( -0.000000000000000000, -1.000000000000000000, -0.000000000000000000 ) ) ;
#530 = CIRCLE ( 'NONE', #1058, 2.100000000000000977 ) ;
#531 = ORIENTED_EDGE ( 'NONE', *, *, #753, .T. ) ;
#532 = DIRECTION ( 'NONE',  ( -0.4999999999999998335, 0.000000000000000000, 0.8660254037844387076 ) ) ;
#533 = VECTOR ( 'NONE', #477, 1000.000000000000114 ) ;
#534 = ORIENTED_EDGE ( 'NONE', *, *, #554, .F. ) ;
#535 = AXIS2_PLACEMENT_3D ( 'NONE', #496, #270, #1438 ) ;
#536 = VECTOR ( 'NONE', #1205, 1000.000000000000000 ) ;
#537 = DIRECTION ( 'NONE',  ( -0.000000000000000000, 1.000000000000000000, -0.000000000000000000 ) ) ;
#538 = VECTOR ( 'NONE', #1076, 1000.000000000000000 ) ;
#539 = LINE ( 'NONE', #1332, #1157 ) ;
#540 = FACE_BOUND ( 'NONE', #782, .T. ) ;
#541 = ADVANCED_FACE ( 'NONE', ( #1142 ), #640, .F. ) ;
#542 = EDGE_CURVE ( 'NONE', #1120, #396, #785, .T. ) ;
#543 = ORIENTED_EDGE ( 'NONE', *, *, #877, .F. ) ;
#544 = CARTESIAN_POINT ( 'NONE',  ( 0.000000000000000000, 13.00000000000000000, -19.94999999999999574 ) ) ;
#545 = ORIENTED_EDGE ( 'NONE', *, *, #574, .F. ) ;
#546 = CARTESIAN_POINT ( 'NONE',  ( 6.699377385370849147, 9.000000000000000000, 15.99999999999999645 ) ) ;
#547 = VERTEX_POINT ( 'NONE', #1250 ) ;
#548 = CARTESIAN_POINT ( 'NONE',  ( 0.000000000000000000, 0.000000000000000000, 8.999999999999998224 ) ) ;
#549 = VERTEX_POINT ( 'NONE', #527 ) ;
#550 = CARTESIAN_POINT ( 'NONE',  ( 0.000000000000000000, 13.00000000000000000, 17.00000000000000000 ) ) ;
#551 = CARTESIAN_POINT ( 'NONE',  ( 1.347111479062088257E-16, 13.00000000000000000, 10.09999999999999787 ) ) ;
#552 = ADVANCED_FACE ( 'NONE', ( #999, #1470 ), #905, .T. ) ;
#553 = ORIENTED_EDGE ( 'NONE', *, *, #82, .F. ) ;
#554 = EDGE_CURVE ( 'NONE', #906, #327, #55, .T. ) ;
#555 = CARTESIAN_POINT ( 'NONE',  ( 7.418950959086697772, 2.700000000000000178, 1.000000000000003331 ) ) ;
#556 = CARTESIAN_POINT ( 'NONE',  ( 0.000000000000000000, 9.999999999999998224, 8.999999999999998224 ) ) ;
#557 = VECTOR ( 'NONE', #103, 1000.000000000000000 ) ;
#558 = CARTESIAN_POINT ( 'NONE',  ( 0.000000000000000000, 0.000000000000000000, -8.100000000000003197 ) ) ;
#559 = ORIENTED_EDGE ( 'NONE', *, *, #20, .F. ) ;
#560 = CARTESIAN_POINT ( 'NONE',  ( 6.699377385370849147, 9.000000000000000000, 15.99999999999999645 ) ) ;
#561 = DIRECTION ( 'NONE',  ( -0.000000000000000000, 1.000000000000000000, -0.000000000000000000 ) ) ;
#562 =( GEOMETRIC_REPRESENTATION_CONTEXT ( 3 ) GLOBAL_UNCERTAINTY_ASSIGNED_CONTEXT ( ( #367 ) ) GLOBAL_UNIT_ASSIGNED_CONTEXT ( ( #335, #1399, #1174 ) ) REPRESENTATION_CONTEXT ( 'NONE', 'WORKASPACE' ) );
#563 = FACE_OUTER_BOUND ( 'NONE', #503, .T. ) ;
#564 = EDGE_CURVE ( 'NONE', #547, #294, #54, .T. ) ;
#565 = AXIS2_PLACEMENT_3D ( 'NONE', #177, #890, #1361 ) ;
#566 = DIRECTION ( 'NONE',  ( -0.000000000000000000, -1.000000000000000000, -0.000000000000000000 ) ) ;
#567 = ORIENTED_EDGE ( 'NONE', *, *, #36, .T. ) ;
#568 = AXIS2_PLACEMENT_3D ( 'NONE', #579, #561, #1282 ) ;
#569 = DIRECTION ( 'NONE',  ( 0.000000000000000000, 0.000000000000000000, 1.000000000000000000 ) ) ;
#570 = VECTOR ( 'NONE', #346, 1000.000000000000000 ) ;
#571 = CARTESIAN_POINT ( 'NONE',  ( 3.709475479543346221, 2.700000000000000178, -5.425000000000002487 ) ) ;
#572 = VERTEX_POINT ( 'NONE', #800 ) ;
#573 = DIRECTION ( 'NONE',  ( -0.000000000000000000, -1.000000000000000000, -0.000000000000000000 ) ) ;
#574 = EDGE_CURVE ( 'NONE', #66, #666, #269, .T. ) ;
#575 = CARTESIAN_POINT ( 'NONE',  ( 0.000000000000000000, 0.000000000000000000, -21.39999999999999503 ) ) ;
#576 = ORIENTED_EDGE ( 'NONE', *, *, #753, .F. ) ;
#577 = PRODUCT_RELATED_PRODUCT_CATEGORY ( 'part', '', ( #1136 ) ) ;
#578 = CARTESIAN_POINT ( 'NONE',  ( 7.837739514543059934E-16, 2.600000000000000089, 10.60000000000000142 ) ) ;
#579 = CARTESIAN_POINT ( 'NONE',  ( 1.647511616016006429E-15, 0.000000000000000000, 10.18064858581489318 ) ) ;
#580 = ORIENTED_EDGE ( 'NONE', *, *, #353, .T. ) ;
#581 = LINE ( 'NONE', #778, #1350 ) ;
#582 = LINE ( 'NONE', #1074, #570 ) ;
#583 = ORIENTED_EDGE ( 'NONE', *, *, #990, .F. ) ;
#584 = DIRECTION ( 'NONE',  ( 0.000000000000000000, -0.000000000000000000, -1.000000000000000000 ) ) ;
#585 = PLANE ( 'NONE',  #781 ) ;
#586 = CARTESIAN_POINT ( 'NONE',  ( 7.837739514543059934E-16, 0.000000000000000000, -8.599999999999996092 ) ) ;
#587 = AXIS2_PLACEMENT_3D ( 'NONE', #484, #138, #1428 ) ;
#588 = CARTESIAN_POINT ( 'NONE',  ( 1.647511616016006429E-15, 0.000000000000000000, 29.00000000000000000 ) ) ;
#589 = CARTESIAN_POINT ( 'NONE',  ( 0.000000000000000000, 2.600000000000000089, 23.40000000000000213 ) ) ;
#590 = EDGE_CURVE ( 'NONE', #1111, #749, #1507, .T. ) ;
#591 = LINE ( 'NONE', #618, #413 ) ;
#592 = LINE ( 'NONE', #253, #77 ) ;
#593 = VECTOR ( 'NONE', #1033, 1000.000000000000000 ) ;
#594 = CARTESIAN_POINT ( 'NONE',  ( 1.347111479062088010E-16, 9.999999999999998224, -5.900000000000002132 ) ) ;
#595 = CARTESIAN_POINT ( 'NONE',  ( -3.709475479543350662, 2.700000000000000178, -5.425000000000002487 ) ) ;
#596 = CARTESIAN_POINT ( 'NONE',  ( 0.000000000000000000, 2.700000000000000178, 1.000000000000003331 ) ) ;
#597 = EDGE_CURVE ( 'NONE', #1455, #458, #519, .T. ) ;
#598 = ORIENTED_EDGE ( 'NONE', *, *, #1115, .T. ) ;
#599 = CARTESIAN_POINT ( 'NONE',  ( -7.418950959086696884, 2.700000000000000178, 1.000000000000004441 ) ) ;
#600 = DIRECTION ( 'NONE',  ( 0.000000000000000000, 0.000000000000000000, 1.000000000000000000 ) ) ;
#601 = LINE ( 'NONE', #487, #1196 ) ;
#602 = VERTEX_POINT ( 'NONE', #1134 ) ;
#603 = VECTOR ( 'NONE', #1257, 1000.000000000000000 ) ;
#604 = ADVANCED_FACE ( 'NONE', ( #424 ), #79, .F. ) ;
#605 = EDGE_CURVE ( 'NONE', #1466, #1140, #897, .T. ) ;
#606 = CIRCLE ( 'NONE', #565, 6.399999999999999467 ) ;
#607 = FACE_OUTER_BOUND ( 'NONE', #1089, .T. ) ;
#608 = CIRCLE ( 'NONE', #1283, 1.100000000000000311 ) ;
#609 = AXIS2_PLACEMENT_3D ( 'NONE', #859, #745, #185 ) ;
#610 = DIRECTION ( 'NONE',  ( 0.000000000000000000, -1.000000000000000000, 0.000000000000000000 ) ) ;
#611 = ORIENTED_EDGE ( 'NONE', *, *, #783, .T. ) ;
#612 = CARTESIAN_POINT ( 'NONE',  ( 6.699377385370849147, 9.000000000000000000, 15.99999999999999645 ) ) ;
#613 = ADVANCED_FACE ( 'NONE', ( #1260 ), #311, .T. ) ;
#614 = EDGE_CURVE ( 'NONE', #343, #409, #1347, .T. ) ;
#615 = ORIENTED_EDGE ( 'NONE', *, *, #1397, .T. ) ;
#616 = CARTESIAN_POINT ( 'NONE',  ( 17.00000000000000000, 0.000000000000000000, 18.25331776339123380 ) ) ;
#617 = FACE_OUTER_BOUND ( 'NONE', #681, .T. ) ;
#618 = CARTESIAN_POINT ( 'NONE',  ( -14.00000000000000178, 5.999999999999999112, 15.99999999999999645 ) ) ;
#619 = ORIENTED_EDGE ( 'NONE', *, *, #492, .T. ) ;
#620 = DIRECTION ( 'NONE',  ( -0.8660254037844388186, 0.000000000000000000, -0.4999999999999997224 ) ) ;
#621 = CARTESIAN_POINT ( 'NONE',  ( 17.00000000000000000, 5.999999999999999112, -23.99999999999999645 ) ) ;
#622 = ORIENTED_EDGE ( 'NONE', *, *, #390, .T. ) ;
#623 = FACE_OUTER_BOUND ( 'NONE', #1442, .T. ) ;
#624 = DIRECTION ( 'NONE',  ( 1.000000000000000000, 0.000000000000000000, 0.000000000000000000 ) ) ;
#625 = DIRECTION ( 'NONE',  ( -0.000000000000000000, 1.000000000000000000, -0.000000000000000000 ) ) ;
#626 = PLANE ( 'NONE',  #975 ) ;
#627 =( NAMED_UNIT ( * ) PLANE_ANGLE_UNIT ( ) SI_UNIT ( $, .RADIAN. ) );
#628 = VECTOR ( 'NONE', #62, 1000.000000000000000 ) ;
#629 = VECTOR ( 'NONE', #504, 1000.000000000000000 ) ;
#630 = VERTEX_POINT ( 'NONE', #792 ) ;
#631 = EDGE_CURVE ( 'NONE', #458, #1498, #106, .T. ) ;
#632 = VERTEX_POINT ( 'NONE', #241 ) ;
#633 = ORIENTED_EDGE ( 'NONE', *, *, #542, .F. ) ;
#634 = DIRECTION ( 'NONE',  ( -0.000000000000000000, -1.000000000000000000, 0.000000000000000000 ) ) ;
#635 = ORIENTED_EDGE ( 'NONE', *, *, #665, .T. ) ;
#636 = CARTESIAN_POINT ( 'NONE',  ( 5.265981236333617484E-16, 13.00000000000000178, 5.300000000000003375 ) ) ;
#637 = ORIENTED_EDGE ( 'NONE', *, *, #1073, .F. ) ;
#638 = DIRECTION ( 'NONE',  ( 0.000000000000000000, 1.000000000000000000, 0.000000000000000000 ) ) ;
#639 = VERTEX_POINT ( 'NONE', #930 ) ;
#640 = CYLINDRICAL_SURFACE ( 'NONE', #1079, 4.949999999999999289 ) ;
#641 = VERTEX_POINT ( 'NONE', #831 ) ;
#642 = CARTESIAN_POINT ( 'NONE',  ( 14.00000000000000178, 5.999999999999999112, -23.99999999999999645 ) ) ;
#643 = AXIS2_PLACEMENT_3D ( 'NONE', #940, #1168, #1068 ) ;
#644 = SURFACE_STYLE_USAGE ( .BOTH. , #362 ) ;
#645 = ADVANCED_BREP_SHAPE_REPRESENTATION ( 'carriage_top', ( #777, #713 ), #562 ) ;
#646 = ORIENTED_EDGE ( 'NONE', *, *, #105, .F. ) ;
#647 = LINE ( 'NONE', #1363, #1000 ) ;
#648 = ORIENTED_EDGE ( 'NONE', *, *, #1186, .T. ) ;
#649 = DIRECTION ( 'NONE',  ( 0.000000000000000000, -1.000000000000000000, 0.000000000000000000 ) ) ;
#650 = EDGE_CURVE ( 'NONE', #319, #1421, #1299, .T. ) ;
#651 = ORIENTED_EDGE ( 'NONE', *, *, #716, .F. ) ;
#652 = EDGE_CURVE ( 'NONE', #101, #399, #369, .T. ) ;
#653 = LINE ( 'NONE', #1212, #10 ) ;
#654 = ORIENTED_EDGE ( 'NONE', *, *, #1324, .F. ) ;
#655 = CARTESIAN_POINT ( 'NONE',  ( 3.709475479543346221, 2.700000000000000178, -5.425000000000002487 ) ) ;
#656 = AXIS2_PLACEMENT_3D ( 'NONE', #548, #331, #275 ) ;
#657 = CARTESIAN_POINT ( 'NONE',  ( 17.00000000000000000, 5.999999999999999112, 15.99999999999999645 ) ) ;
#658 = ORIENTED_EDGE ( 'NONE', *, *, #783, .F. ) ;
#659 = CARTESIAN_POINT ( 'NONE',  ( -8.800000000000002487, -0.000000000000000000, 15.99999999999999645 ) ) ;
#660 = AXIS2_PLACEMENT_3D ( 'NONE', #797, #244, #584 ) ;
#661 = EDGE_LOOP ( 'NONE', ( #1145, #932 ) ) ;
#662 = DIRECTION ( 'NONE',  ( 0.000000000000000000, 0.000000000000000000, -1.000000000000000000 ) ) ;
#663 = ORIENTED_EDGE ( 'NONE', *, *, #650, .T. ) ;
#664 = CARTESIAN_POINT ( 'NONE',  ( 1.347111479062088010E-16, 0.000000000000000000, 10.09999999999999787 ) ) ;
#665 = EDGE_CURVE ( 'NONE', #670, #517, #1313, .T. ) ;
#666 = VERTEX_POINT ( 'NONE', #463 ) ;
#667 = AXIS2_PLACEMENT_3D ( 'NONE', #1370, #1119, #668 ) ;
#668 = DIRECTION ( 'NONE',  ( 0.000000000000000000, 0.000000000000000000, 1.000000000000000000 ) ) ;
#669 = PRODUCT_DEFINITION_SHAPE ( 'NONE', 'NONE',  #1116 ) ;
#670 = VERTEX_POINT ( 'NONE', #1422 ) ;
#671 = CARTESIAN_POINT ( 'NONE',  ( 0.000000000000000000, 0.000000000000000000, 8.999999999999998224 ) ) ;
#672 = DIRECTION ( 'NONE',  ( 0.000000000000000000, 1.000000000000000000, 0.000000000000000000 ) ) ;
#673 = EDGE_LOOP ( 'NONE', ( #145, #302, #633, #1472, #1167, #821, #1179, #1380, #896 ) ) ;
#674 = EDGE_LOOP ( 'NONE', ( #929, #769 ) ) ;
#675 = FACE_OUTER_BOUND ( 'NONE', #429, .T. ) ;
#676 = EDGE_LOOP ( 'NONE', ( #1122, #583, #466, #277 ) ) ;
#677 = EDGE_CURVE ( 'NONE', #4, #1066, #380, .T. ) ;
#678 = PLANE ( 'NONE',  #731 ) ;
#679 = DIRECTION ( 'NONE',  ( 0.000000000000000000, 0.000000000000000000, 1.000000000000000000 ) ) ;
#680 = VERTEX_POINT ( 'NONE', #838 ) ;
#681 = EDGE_LOOP ( 'NONE', ( #1446, #648, #151, #1001 ) ) ;
#682 = LINE ( 'NONE', #909, #108 ) ;
#683 = FACE_OUTER_BOUND ( 'NONE', #796, .T. ) ;
#684 = AXIS2_PLACEMENT_3D ( 'NONE', #100, #507, #281 ) ;
#685 = DIRECTION ( 'NONE',  ( 0.5735764363510503783, 0.8191520442889888010, 0.000000000000000000 ) ) ;
#686 = CIRCLE ( 'NONE', #656, 1.100000000000000311 ) ;
#687 = EDGE_CURVE ( 'NONE', #898, #632, #457, .T. ) ;
#688 = ORIENTED_EDGE ( 'NONE', *, *, #891, .F. ) ;
#689 = LINE ( 'NONE', #586, #1016 ) ;
#690 = VECTOR ( 'NONE', #1311, 1000.000000000000000 ) ;
#691 = AXIS2_PLACEMENT_3D ( 'NONE', #239, #1055, #9 ) ;
#692 = ORIENTED_EDGE ( 'NONE', *, *, #390, .F. ) ;
#693 = LINE ( 'NONE', #927, #1471 ) ;
#694 = AXIS2_PLACEMENT_3D ( 'NONE', #248, #137, #1188 ) ;
#695 = ORIENTED_EDGE ( 'NONE', *, *, #1191, .F. ) ;
#696 = VERTEX_POINT ( 'NONE', #344 ) ;
#697 = FACE_OUTER_BOUND ( 'NONE', #1378, .T. ) ;
#698 = CARTESIAN_POINT ( 'NONE',  ( 0.000000000000000000, 9.999999999999998224, -7.000000000000002665 ) ) ;
#699 = ORIENTED_EDGE ( 'NONE', *, *, #1489, .T. ) ;
#700 = DIRECTION ( 'NONE',  ( -0.000000000000000000, 1.000000000000000000, -0.000000000000000000 ) ) ;
#701 = CARTESIAN_POINT ( 'NONE',  ( 0.000000000000000000, 0.000000000000000000, 23.40000000000000213 ) ) ;
#702 = ORIENTED_EDGE ( 'NONE', *, *, #1435, .T. ) ;
#703 = CARTESIAN_POINT ( 'NONE',  ( -17.00000000000000000, -2.000000000000000000, -24.00000000000000000 ) ) ;
#704 = CARTESIAN_POINT ( 'NONE',  ( 0.000000000000000000, 13.00000000000000178, 1.000000000000003331 ) ) ;
#705 = VECTOR ( 'NONE', #820, 1000.000000000000000 ) ;
#706 = ORIENTED_EDGE ( 'NONE', *, *, #1307, .F. ) ;
#707 = EDGE_CURVE ( 'NONE', #458, #291, #1306, .T. ) ;
#708 = CARTESIAN_POINT ( 'NONE',  ( 0.000000000000000000, 2.600000000000000089, -21.39999999999999503 ) ) ;
#709 = CARTESIAN_POINT ( 'NONE',  ( 6.699377385370849147, 9.000000000000000000, -23.99999999999999645 ) ) ;
#710 = DIRECTION ( 'NONE',  ( -0.000000000000000000, -1.000000000000000000, -0.000000000000000000 ) ) ;
#711 = ORIENTED_EDGE ( 'NONE', *, *, #1045, .F. ) ;
#712 = CARTESIAN_POINT ( 'NONE',  ( -17.00000000000000000, 5.999999999999999112, 15.99999999999999645 ) ) ;
#713 = AXIS2_PLACEMENT_3D ( 'NONE', #1065, #1166, #1420 ) ;
#714 = DIRECTION ( 'NONE',  ( -0.000000000000000000, -1.000000000000000000, -0.000000000000000000 ) ) ;
#715 = VECTOR ( 'NONE', #295, 1000.000000000000000 ) ;
#716 = EDGE_CURVE ( 'NONE', #399, #69, #225, .T. ) ;
#717 = DIRECTION ( 'NONE',  ( -0.000000000000000000, 1.000000000000000000, -0.000000000000000000 ) ) ;
#718 = LINE ( 'NONE', #571, #995 ) ;
#719 = CARTESIAN_POINT ( 'NONE',  ( 0.000000000000000000, 9.999999999999998224, 7.899999999999997691 ) ) ;
#720 = ORIENTED_EDGE ( 'NONE', *, *, #272, .T. ) ;
#721 = PLANE ( 'NONE',  #694 ) ;
#722 = DIRECTION ( 'NONE',  ( 0.000000000000000000, -0.000000000000000000, -1.000000000000000000 ) ) ;
#723 = LINE ( 'NONE', #373, #762 ) ;
#724 = EDGE_LOOP ( 'NONE', ( #1043, #107, #159, #1453, #543, #1256, #528, #1295, #1504, #411, #765, #1458, #1409, #688 ) ) ;
#725 = ADVANCED_FACE ( 'NONE', ( #563 ), #114, .F. ) ;
#726 = DIRECTION ( 'NONE',  ( 0.000000000000000000, -1.000000000000000000, 0.000000000000000000 ) ) ;
#727 = CARTESIAN_POINT ( 'NONE',  ( 7.418950959086697772, 2.700000000000000178, 1.000000000000003331 ) ) ;
#728 = EDGE_LOOP ( 'NONE', ( #702, #172 ) ) ;
#729 = ADVANCED_FACE ( 'NONE', ( #1044 ), #1393, .F. ) ;
#730 = EDGE_CURVE ( 'NONE', #1515, #973, #421, .T. ) ;
#731 = AXIS2_PLACEMENT_3D ( 'NONE', #27, #366, #685 ) ;
#732 = LINE ( 'NONE', #513, #757 ) ;
#733 = VECTOR ( 'NONE', #1321, 1000.000000000000000 ) ;
#734 = FACE_OUTER_BOUND ( 'NONE', #786, .T. ) ;
#735 = AXIS2_PLACEMENT_3D ( 'NONE', #1020, #320, #885 ) ;
#736 = VECTOR ( 'NONE', #479, 1000.000000000000000 ) ;
#737 = CARTESIAN_POINT ( 'NONE',  ( 0.000000000000000000, 9.999999999999998224, 8.999999999999998224 ) ) ;
#738 = CARTESIAN_POINT ( 'NONE',  ( 0.000000000000000000, 2.700000000000000178, -3.299999999999996714 ) ) ;
#739 = ORIENTED_EDGE ( 'NONE', *, *, #605, .T. ) ;
#740 = CARTESIAN_POINT ( 'NONE',  ( 0.000000000000000000, 13.00000000000000000, 11.09999999999999787 ) ) ;
#741 = DIRECTION ( 'NONE',  ( -0.000000000000000000, 1.000000000000000000, -0.000000000000000000 ) ) ;
#742 = DIRECTION ( 'NONE',  ( -0.000000000000000000, -1.000000000000000000, -0.000000000000000000 ) ) ;
#743 = ORIENTED_EDGE ( 'NONE', *, *, #590, .T. ) ;
#744 = CARTESIAN_POINT ( 'NONE',  ( -17.00000000000000000, 6.000000000000000000, -24.00000000000000000 ) ) ;
#745 = DIRECTION ( 'NONE',  ( -0.000000000000000000, -1.000000000000000000, -0.000000000000000000 ) ) ;
#746 = EDGE_CURVE ( 'NONE', #1412, #1400, #160, .T. ) ;
#747 = ORIENTED_EDGE ( 'NONE', *, *, #1230, .F. ) ;
#748 = DIRECTION ( 'NONE',  ( -0.000000000000000000, -0.000000000000000000, -1.000000000000000000 ) ) ;
#749 = VERTEX_POINT ( 'NONE', #594 ) ;
#750 = ORIENTED_EDGE ( 'NONE', *, *, #163, .T. ) ;
#751 = DIRECTION ( 'NONE',  ( 0.8660254037844385966, 0.000000000000000000, -0.5000000000000002220 ) ) ;
#752 = CARTESIAN_POINT ( 'NONE',  ( 14.00000000000000178, 9.000000000000000000, 15.99999999999999645 ) ) ;
#753 = EDGE_CURVE ( 'NONE', #343, #1021, #449, .T. ) ;
#754 = ORIENTED_EDGE ( 'NONE', *, *, #321, .T. ) ;
#755 = FACE_OUTER_BOUND ( 'NONE', #78, .T. ) ;
#756 = DIRECTION ( 'NONE',  ( 0.000000000000000000, 1.000000000000000000, 0.000000000000000000 ) ) ;
#757 = VECTOR ( 'NONE', #966, 1000.000000000000000 ) ;
#758 = AXIS2_PLACEMENT_3D ( 'NONE', #843, #967, #497 ) ;
#759 = ORIENTED_EDGE ( 'NONE', *, *, #1115, .F. ) ;
#760 = LINE ( 'NONE', #1018, #226 ) ;
#761 = EDGE_LOOP ( 'NONE', ( #1346, #1357 ) ) ;
#762 = VECTOR ( 'NONE', #1327, 1000.000000000000000 ) ;
#763 = CARTESIAN_POINT ( 'NONE',  ( 7.837739514543059934E-16, 2.600000000000000089, -8.599999999999996092 ) ) ;
#764 = AXIS2_PLACEMENT_3D ( 'NONE', #704, #714, #363 ) ;
#765 = ORIENTED_EDGE ( 'NONE', *, *, #823, .F. ) ;
#766 = LINE ( 'NONE', #400, #1325 ) ;
#767 = ORIENTED_EDGE ( 'NONE', *, *, #384, .T. ) ;
#768 = CARTESIAN_POINT ( 'NONE',  ( 6.062001655779397525E-16, 2.600000000000000089, -10.04999999999999716 ) ) ;
#769 = ORIENTED_EDGE ( 'NONE', *, *, #1429, .T. ) ;
#770 = DIRECTION ( 'NONE',  ( 0.000000000000000000, 0.000000000000000000, -1.000000000000000000 ) ) ;
#771 = EDGE_CURVE ( 'NONE', #517, #898, #689, .T. ) ;
#772 = ADVANCED_FACE ( 'NONE', ( #697 ), #120, .F. ) ;
#773 = EDGE_LOOP ( 'NONE', ( #1030, #1372, #1271, #268 ) ) ;
#774 = DIRECTION ( 'NONE',  ( 0.000000000000000000, -1.000000000000000000, 0.000000000000000000 ) ) ;
#775 = CARTESIAN_POINT ( 'NONE',  ( -17.00000000000000000, 0.000000000000000000, 18.25331776339122669 ) ) ;
#776 = CYLINDRICAL_SURFACE ( 'NONE', #667, 2.100000000000000977 ) ;
#777 = MANIFOLD_SOLID_BREP ( 'Cut-Extrude7', #284 ) ;
#778 = CARTESIAN_POINT ( 'NONE',  ( -17.00000000000000000, 0.000000000000000000, 15.99999999999999645 ) ) ;
#779 = ORIENTED_EDGE ( 'NONE', *, *, #1230, .T. ) ;
#780 = DIRECTION ( 'NONE',  ( 0.000000000000000000, 0.000000000000000000, -1.000000000000000000 ) ) ;
#781 = AXIS2_PLACEMENT_3D ( 'NONE', #1406, #3, #835 ) ;
#782 = EDGE_LOOP ( 'NONE', ( #296, #910 ) ) ;
#783 = EDGE_CURVE ( 'NONE', #1053, #101, #581, .T. ) ;
#784 = EDGE_LOOP ( 'NONE', ( #743, #474 ) ) ;
#785 = LINE ( 'NONE', #1358, #628 ) ;
#786 = EDGE_LOOP ( 'NONE', ( #637, #207, #1483, #178 ) ) ;
#787 = VERTEX_POINT ( 'NONE', #1227 ) ;
#788 = PLANE ( 'NONE',  #856 ) ;
#789 = ORIENTED_EDGE ( 'NONE', *, *, #1092, .F. ) ;
#790 = CARTESIAN_POINT ( 'NONE',  ( -14.00000000000000178, 9.000000000000000000, 15.99999999999999645 ) ) ;
#791 = VECTOR ( 'NONE', #1091, 1000.000000000000000 ) ;
#792 = CARTESIAN_POINT ( 'NONE',  ( 17.00000000000000000, 13.00000000000000000, 18.25331776339123380 ) ) ;
#793 = VECTOR ( 'NONE', #337, 1000.000000000000000 ) ;
#794 = ORIENTED_EDGE ( 'NONE', *, *, #492, .F. ) ;
#795 = EDGE_CURVE ( 'NONE', #1498, #1053, #1476, .T. ) ;
#796 = EDGE_LOOP ( 'NONE', ( #47, #789, #1097, #598 ) ) ;
#797 = CARTESIAN_POINT ( 'NONE',  ( 0.000000000000000000, 13.00000000000000000, 0.000000000000000000 ) ) ;
#798 = ORIENTED_EDGE ( 'NONE', *, *, #1147, .F. ) ;
#799 = CARTESIAN_POINT ( 'NONE',  ( -14.00000000000000178, 5.999999999999999112, -23.99999999999999645 ) ) ;
#800 = CARTESIAN_POINT ( 'NONE',  ( 17.00000000000000000, 13.00000000000000000, -24.00000000000000000 ) ) ;
#801 = CARTESIAN_POINT ( 'NONE',  ( 0.000000000000000000, 0.000000000000000000, -14.99999999999999645 ) ) ;
#802 = EDGE_LOOP ( 'NONE', ( #779, #1177, #1171, #182 ) ) ;
#803 = DIRECTION ( 'NONE',  ( 0.000000000000000000, 1.000000000000000000, 0.000000000000000000 ) ) ;
#804 = EDGE_CURVE ( 'NONE', #1066, #4, #606, .T. ) ;
#805 = LINE ( 'NONE', #19, #1319 ) ;
#806 = EDGE_LOOP ( 'NONE', ( #1181, #401, #1237, #243 ) ) ;
#807 = DIRECTION ( 'NONE',  ( -0.000000000000000000, -1.000000000000000000, -0.000000000000000000 ) ) ;
#808 = ORIENTED_EDGE ( 'NONE', *, *, #1252, .F. ) ;
#809 = PLANE ( 'NONE',  #660 ) ;
#810 = CYLINDRICAL_SURFACE ( 'NONE', #568, 18.81935141418510682 ) ;
#811 = CIRCLE ( 'NONE', #935, 2.100000000000000977 ) ;
#812 = SHAPE_DEFINITION_REPRESENTATION ( #669, #645 ) ;
#813 = CIRCLE ( 'NONE', #587, 4.949999999999999289 ) ;
#814 = DIRECTION ( 'NONE',  ( 0.000000000000000000, 0.000000000000000000, -1.000000000000000000 ) ) ;
#815 = AXIS2_PLACEMENT_3D ( 'NONE', #1106, #649, #210 ) ;
#816 = CIRCLE ( 'NONE', #350, 4.949999999999999289 ) ;
#817 = VECTOR ( 'NONE', #247, 1000.000000000000000 ) ;
#818 = ORIENTED_EDGE ( 'NONE', *, *, #500, .T. ) ;
#819 = DIRECTION ( 'NONE',  ( -0.000000000000000000, 1.000000000000000000, -0.000000000000000000 ) ) ;
#820 = DIRECTION ( 'NONE',  ( -0.000000000000000000, -0.000000000000000000, -1.000000000000000000 ) ) ;
#821 = ORIENTED_EDGE ( 'NONE', *, *, #1160, .T. ) ;
#822 = CARTESIAN_POINT ( 'NONE',  ( 0.000000000000000000, 2.600000000000000089, -14.99999999999999645 ) ) ;
#823 = EDGE_CURVE ( 'NONE', #220, #291, #1371, .T. ) ;
#824 = EDGE_CURVE ( 'NONE', #141, #512, #197, .T. ) ;
#825 = DIRECTION ( 'NONE',  ( 0.000000000000000000, 0.000000000000000000, 1.000000000000000000 ) ) ;
#826 = EDGE_LOOP ( 'NONE', ( #1249, #699, #1207, #515, #336, #75 ) ) ;
#827 = PLANE ( 'NONE',  #1231 ) ;
#828 = PLANE ( 'NONE',  #150 ) ;
#829 = LINE ( 'NONE', #1292, #557 ) ;
#830 = ORIENTED_EDGE ( 'NONE', *, *, #845, .T. ) ;
#831 = CARTESIAN_POINT ( 'NONE',  ( 1.647511616016006429E-15, 13.00000000000000000, 29.00000000000000000 ) ) ;
#832 = ADVANCED_FACE ( 'NONE', ( #1129, #88, #540, #221, #436, #675 ), #809, .F. ) ;
#833 = EDGE_CURVE ( 'NONE', #549, #1352, #1405, .T. ) ;
#834 = CARTESIAN_POINT ( 'NONE',  ( 0.000000000000000000, 2.600000000000000089, -19.94999999999999574 ) ) ;
#835 = DIRECTION ( 'NONE',  ( 0.5000000000000001110, 0.000000000000000000, 0.8660254037844384856 ) ) ;
#836 = APPLICATION_PROTOCOL_DEFINITION ( 'draft international standard', 'automotive_design', 1998, #1238 ) ;
#837 = ORIENTED_EDGE ( 'NONE', *, *, #1004, .F. ) ;
#838 = CARTESIAN_POINT ( 'NONE',  ( -3.709475479543347554, 2.700000000000000178, 7.425000000000007816 ) ) ;
#839 = CIRCLE ( 'NONE', #1345, 4.949999999999999289 ) ;
#840 = CIRCLE ( 'NONE', #976, 2.100000000000000977 ) ;
#841 = DIRECTION ( 'NONE',  ( -0.000000000000000000, 1.000000000000000000, -0.000000000000000000 ) ) ;
#842 = DIRECTION ( 'NONE',  ( -0.4999999999999997224, 0.000000000000000000, 0.8660254037844388186 ) ) ;
#843 = CARTESIAN_POINT ( 'NONE',  ( 0.000000000000000000, 9.999999999999998224, -7.000000000000002665 ) ) ;
#844 = DIRECTION ( 'NONE',  ( -0.000000000000000000, -1.000000000000000000, -0.000000000000000000 ) ) ;
#845 = EDGE_CURVE ( 'NONE', #973, #1341, #460, .T. ) ;
#846 = ORIENTED_EDGE ( 'NONE', *, *, #597, .F. ) ;
#847 = CARTESIAN_POINT ( 'NONE',  ( 7.418950959086697772, 2.700000000000000178, 1.000000000000003331 ) ) ;
#848 = DIRECTION ( 'NONE',  ( 0.000000000000000000, 0.000000000000000000, 1.000000000000000000 ) ) ;
#849 = DIRECTION ( 'NONE',  ( -1.000000000000000000, 0.000000000000000000, 0.000000000000000000 ) ) ;
#850 = ORIENTED_EDGE ( 'NONE', *, *, #1429, .F. ) ;
#851 = DIRECTION ( 'NONE',  ( 0.000000000000000000, -1.000000000000000000, 0.000000000000000000 ) ) ;
#852 = CIRCLE ( 'NONE', #1305, 18.81935141418510682 ) ;
#853 = CARTESIAN_POINT ( 'NONE',  ( -3.709475479543347554, 2.700000000000000178, 7.425000000000007816 ) ) ;
#854 = ORIENTED_EDGE ( 'NONE', *, *, #1201, .T. ) ;
#855 = VECTOR ( 'NONE', #356, 1000.000000000000114 ) ;
#856 = AXIS2_PLACEMENT_3D ( 'NONE', #349, #1290, #8 ) ;
#857 = CARTESIAN_POINT ( 'NONE',  ( 0.000000000000000000, 2.700000000000000178, 1.000000000000003331 ) ) ;
#858 = EDGE_CURVE ( 'NONE', #1253, #696, #682, .T. ) ;
#859 = CARTESIAN_POINT ( 'NONE',  ( 0.000000000000000000, 2.600000000000000089, -14.99999999999999645 ) ) ;
#860 = PLANE ( 'NONE',  #1162 ) ;
#861 = EDGE_LOOP ( 'NONE', ( #1310, #545 ) ) ;
#862 = ORIENTED_EDGE ( 'NONE', *, *, #590, .F. ) ;
#863 = FACE_OUTER_BOUND ( 'NONE', #412, .T. ) ;
#864 = ORIENTED_EDGE ( 'NONE', *, *, #1104, .F. ) ;
#865 = PLANE ( 'NONE',  #1008 ) ;
#866 = ORIENTED_EDGE ( 'NONE', *, *, #833, .F. ) ;
#867 = CARTESIAN_POINT ( 'NONE',  ( 14.00000000000000178, 5.999999999999999112, 15.99999999999999645 ) ) ;
#868 = ORIENTED_EDGE ( 'NONE', *, *, #1479, .T. ) ;
#869 = ORIENTED_EDGE ( 'NONE', *, *, #279, .T. ) ;
#870 = DIRECTION ( 'NONE',  ( -0.000000000000000000, 1.000000000000000000, -0.000000000000000000 ) ) ;
#871 = COLOUR_RGB ( '',0.7921568627450980005, 0.8196078431372548767, 0.9333333333333333481 ) ;
#872 = AXIS2_PLACEMENT_3D ( 'NONE', #801, #566, #1270 ) ;
#873 = ORIENTED_EDGE ( 'NONE', *, *, #1251, .F. ) ;
#874 = DIRECTION ( 'NONE',  ( 1.000000000000000000, 0.000000000000000000, 0.000000000000000000 ) ) ;
#875 = ORIENTED_EDGE ( 'NONE', *, *, #1374, .T. ) ;
#876 = CARTESIAN_POINT ( 'NONE',  ( -3.709475479543350662, 2.700000000000000178, -5.425000000000002487 ) ) ;
#877 = EDGE_CURVE ( 'NONE', #639, #1103, #693, .T. ) ;
#878 = EDGE_CURVE ( 'NONE', #943, #1494, #1172, .T. ) ;
#879 = AXIS2_PLACEMENT_3D ( 'NONE', #261, #249, #848 ) ;
#880 = EDGE_LOOP ( 'NONE', ( #1113, #1024, #611, #1289, #480, #1388, #112 ) ) ;
#881 = DIRECTION ( 'NONE',  ( -0.000000000000000000, -0.000000000000000000, -1.000000000000000000 ) ) ;
#882 = VECTOR ( 'NONE', #870, 1000.000000000000000 ) ;
#883 = ORIENTED_EDGE ( 'NONE', *, *, #1274, .T. ) ;
#884 = AXIS2_PLACEMENT_3D ( 'NONE', #596, #610, #377 ) ;
#885 = DIRECTION ( 'NONE',  ( 8.881784197001252323E-16, 0.000000000000000000, 1.000000000000000000 ) ) ;
#886 = VECTOR ( 'NONE', #942, 1000.000000000000000 ) ;
#887 = EDGE_LOOP ( 'NONE', ( #1046, #1222 ) ) ;
#888 = CARTESIAN_POINT ( 'NONE',  ( 1.647511616016006429E-15, 13.00000000000000000, 10.18064858581489318 ) ) ;
#889 = FACE_BOUND ( 'NONE', #452, .T. ) ;
#890 = DIRECTION ( 'NONE',  ( -0.000000000000000000, 1.000000000000000000, -0.000000000000000000 ) ) ;
#891 = EDGE_CURVE ( 'NONE', #399, #1494, #1413, .T. ) ;
#892 = ORIENTED_EDGE ( 'NONE', *, *, #1423, .T. ) ;
#893 = EDGE_CURVE ( 'NONE', #1466, #1014, #34, .T. ) ;
#894 = DIRECTION ( 'NONE',  ( 0.000000000000000000, 1.000000000000000000, 0.000000000000000000 ) ) ;
#895 = ORIENTED_EDGE ( 'NONE', *, *, #36, .F. ) ;
#896 = ORIENTED_EDGE ( 'NONE', *, *, #1461, .T. ) ;
#897 = LINE ( 'NONE', #183, #882 ) ;
#898 = VERTEX_POINT ( 'NONE', #351 ) ;
#899 = CARTESIAN_POINT ( 'NONE',  ( 8.800000000000002487, 5.999999999999999112, 15.99999999999999645 ) ) ;
#900 = LINE ( 'NONE', #1117, #388 ) ;
#901 = FACE_OUTER_BOUND ( 'NONE', #826, .T. ) ;
#902 = AXIS2_PLACEMENT_3D ( 'NONE', #924, #807, #814 ) ;
#903 = ORIENTED_EDGE ( 'NONE', *, *, #82, .T. ) ;
#904 = DIRECTION ( 'NONE',  ( 1.000000000000000000, 0.000000000000000000, 0.000000000000000000 ) ) ;
#905 = PLANE ( 'NONE',  #1407 ) ;
#906 = VERTEX_POINT ( 'NONE', #333 ) ;
#907 = ORIENTED_EDGE ( 'NONE', *, *, #771, .F. ) ;
#908 = FACE_OUTER_BOUND ( 'NONE', #984, .T. ) ;
#909 = CARTESIAN_POINT ( 'NONE',  ( 2.571758278209443436E-16, 9.999999999999998224, -9.100000000000003197 ) ) ;
#910 = ORIENTED_EDGE ( 'NONE', *, *, #746, .T. ) ;
#911 = CARTESIAN_POINT ( 'NONE',  ( 0.000000000000000000, 9.999999999999998224, -7.000000000000002665 ) ) ;
#912 = AXIS2_PLACEMENT_3D ( 'NONE', #1234, #537, #303 ) ;
#913 = CIRCLE ( 'NONE', #1036, 4.949999999999999289 ) ;
#914 = AXIS2_PLACEMENT_3D ( 'NONE', #202, #774, #662 ) ;
#915 = LINE ( 'NONE', #1114, #978 ) ;
#916 = ORIENTED_EDGE ( 'NONE', *, *, #498, .T. ) ;
#917 = ADVANCED_FACE ( 'NONE', ( #1265 ), #828, .F. ) ;
#918 = CARTESIAN_POINT ( 'NONE',  ( 0.000000000000000000, 0.000000000000000000, -14.99999999999999645 ) ) ;
#919 = ORIENTED_EDGE ( 'NONE', *, *, #677, .F. ) ;
#920 = PLANE ( 'NONE',  #1101 ) ;
#921 = PRESENTATION_LAYER_ASSIGNMENT (  '', '', ( #1148 ) ) ;
#922 = LINE ( 'NONE', #1050, #1259 ) ;
#923 = APPLICATION_PROTOCOL_DEFINITION ( 'draft international standard', 'automotive_design', 1998, #118 ) ;
#924 = CARTESIAN_POINT ( 'NONE',  ( 0.000000000000000000, 0.000000000000000000, -14.99999999999999645 ) ) ;
#925 = DIRECTION ( 'NONE',  ( -0.000000000000000000, 1.000000000000000000, -0.000000000000000000 ) ) ;
#926 = VERTEX_POINT ( 'NONE', #1296 ) ;
#927 = CARTESIAN_POINT ( 'NONE',  ( 14.00000000000000178, 5.999999999999999112, -23.99999999999999645 ) ) ;
#928 = DIRECTION ( 'NONE',  ( -0.000000000000000000, -1.000000000000000000, -0.000000000000000000 ) ) ;
#929 = ORIENTED_EDGE ( 'NONE', *, *, #893, .T. ) ;
#930 = CARTESIAN_POINT ( 'NONE',  ( 14.00000000000000178, 9.000000000000000000, -23.99999999999999645 ) ) ;
#931 = AXIS2_PLACEMENT_3D ( 'NONE', #125, #934, #360 ) ;
#932 = ORIENTED_EDGE ( 'NONE', *, *, #520, .F. ) ;
#933 = DIRECTION ( 'NONE',  ( -0.000000000000000000, 1.000000000000000000, -0.000000000000000000 ) ) ;
#934 = DIRECTION ( 'NONE',  ( 1.000000000000000000, -0.000000000000000000, 0.000000000000000000 ) ) ;
#935 = AXIS2_PLACEMENT_3D ( 'NONE', #104, #76, #1482 ) ;
#936 = ADVANCED_FACE ( 'NONE', ( #1272 ), #1154, .F. ) ;
#937 = ADVANCED_FACE ( 'NONE', ( #1164 ), #920, .F. ) ;
#938 = VERTEX_POINT ( 'NONE', #1509 ) ;
#939 = VECTOR ( 'NONE', #1246, 999.9999999999998863 ) ;
#940 = CARTESIAN_POINT ( 'NONE',  ( 0.000000000000000000, 0.000000000000000000, -14.99999999999999645 ) ) ;
#941 = VECTOR ( 'NONE', #1208, 1000.000000000000000 ) ;
#942 = DIRECTION ( 'NONE',  ( -0.000000000000000000, -1.000000000000000000, -0.000000000000000000 ) ) ;
#943 = VERTEX_POINT ( 'NONE', #116 ) ;
#944 = DIRECTION ( 'NONE',  ( 0.000000000000000000, -1.000000000000000000, 0.000000000000000000 ) ) ;
#945 = DIRECTION ( 'NONE',  ( 0.000000000000000000, 0.000000000000000000, 1.000000000000000000 ) ) ;
#946 = EDGE_CURVE ( 'NONE', #327, #402, #1138, .T. ) ;
#947 = EDGE_CURVE ( 'NONE', #993, #639, #102, .T. ) ;
#948 = FILL_AREA_STYLE_COLOUR ( '', #871 ) ;
#949 = CARTESIAN_POINT ( 'NONE',  ( 8.800000000000002487, 5.999999999999999112, -23.99999999999998224 ) ) ;
#950 = DIRECTION ( 'NONE',  ( -0.000000000000000000, -1.000000000000000000, -0.000000000000000000 ) ) ;
#951 = ORIENTED_EDGE ( 'NONE', *, *, #321, .F. ) ;
#952 = CARTESIAN_POINT ( 'NONE',  ( 3.709475479543346221, 2.700000000000000178, -5.425000000000002487 ) ) ;
#953 = EDGE_CURVE ( 'NONE', #1014, #1348, #453, .T. ) ;
#954 = FACE_BOUND ( 'NONE', #784, .T. ) ;
#955 = DIRECTION ( 'NONE',  ( 1.000000000000000000, 0.000000000000000000, -0.000000000000000000 ) ) ;
#956 = CARTESIAN_POINT ( 'NONE',  ( 0.000000000000000000, 2.600000000000000089, 17.00000000000000000 ) ) ;
#957 = VERTEX_POINT ( 'NONE', #578 ) ;
#958 = AXIS2_PLACEMENT_3D ( 'NONE', #857, #851, #1214 ) ;
#959 = VECTOR ( 'NONE', #1302, 1000.000000000000000 ) ;
#960 = ADVANCED_FACE ( 'NONE', ( #339 ), #1049, .F. ) ;
#961 = LINE ( 'NONE', #971, #533 ) ;
#962 = CIRCLE ( 'NONE', #884, 4.299999999999999822 ) ;
#963 = FACE_OUTER_BOUND ( 'NONE', #171, .T. ) ;
#964 = AXIS2_PLACEMENT_3D ( 'NONE', #737, #741, #43 ) ;
#965 = ORIENTED_EDGE ( 'NONE', *, *, #947, .T. ) ;
#966 = DIRECTION ( 'NONE',  ( 1.000000000000000000, -0.000000000000000000, -0.000000000000000000 ) ) ;
#967 = DIRECTION ( 'NONE',  ( 0.000000000000000000, 1.000000000000000000, 0.000000000000000000 ) ) ;
#968 = FACE_OUTER_BOUND ( 'NONE', #40, .T. ) ;
#969 = VERTEX_POINT ( 'NONE', #467 ) ;
#970 = CARTESIAN_POINT ( 'NONE',  ( -3.709475479543350662, 0.000000000000000000, -5.425000000000002487 ) ) ;
#971 = CARTESIAN_POINT ( 'NONE',  ( -3.709475479543347554, 0.000000000000000000, 7.425000000000007816 ) ) ;
#972 = PLANE ( 'NONE',  #1206 ) ;
#973 = VERTEX_POINT ( 'NONE', #1432 ) ;
#974 = EDGE_CURVE ( 'NONE', #680, #198, #1184, .T. ) ;
#975 = AXIS2_PLACEMENT_3D ( 'NONE', #899, #313, #444 ) ;
#976 = AXIS2_PLACEMENT_3D ( 'NONE', #416, #73, #977 ) ;
#977 = DIRECTION ( 'NONE',  ( 0.000000000000000000, 0.000000000000000000, 1.000000000000000000 ) ) ;
#978 = VECTOR ( 'NONE', #672, 1000.000000000000000 ) ;
#979 = ORIENTED_EDGE ( 'NONE', *, *, #804, .F. ) ;
#980 = CYLINDRICAL_SURFACE ( 'NONE', #1355, 4.299999999999999822 ) ;
#981 = CARTESIAN_POINT ( 'NONE',  ( 7.418950959086697772, 0.000000000000000000, 1.000000000000003331 ) ) ;
#982 = ORIENTED_EDGE ( 'NONE', *, *, #746, .F. ) ;
#983 = EDGE_CURVE ( 'NONE', #547, #630, #1418, .T. ) ;
#984 = EDGE_LOOP ( 'NONE', ( #1403, #434, #754, #854 ) ) ;
#985 = FACE_BOUND ( 'NONE', #761, .T. ) ;
#986 = DIRECTION ( 'NONE',  ( -0.000000000000000000, -1.000000000000000000, -0.000000000000000000 ) ) ;
#987 = EDGE_LOOP ( 'NONE', ( #1163, #866 ) ) ;
#988 = VERTEX_POINT ( 'NONE', #364 ) ;
#989 = DIRECTION ( 'NONE',  ( 0.000000000000000000, 0.000000000000000000, 1.000000000000000000 ) ) ;
#990 = EDGE_CURVE ( 'NONE', #1400, #1412, #813, .T. ) ;
#991 = ORIENTED_EDGE ( 'NONE', *, *, #279, .F. ) ;
#992 = DIRECTION ( 'NONE',  ( -0.000000000000000000, 1.000000000000000000, -0.000000000000000000 ) ) ;
#993 = VERTEX_POINT ( 'NONE', #709 ) ;
#994 = DIRECTION ( 'NONE',  ( -0.000000000000000000, 1.000000000000000000, -0.000000000000000000 ) ) ;
#995 = VECTOR ( 'NONE', #710, 1000.000000000000000 ) ;
#996 = ORIENTED_EDGE ( 'NONE', *, *, #1478, .F. ) ;
#997 = CARTESIAN_POINT ( 'NONE',  ( 14.00000000000000178, 9.000000000000000000, 15.99999999999999645 ) ) ;
#998 = VERTEX_POINT ( 'NONE', #595 ) ;
#999 = FACE_OUTER_BOUND ( 'NONE', #674, .T. ) ;
#1000 = VECTOR ( 'NONE', #309, 1000.000000000000000 ) ;
#1001 = ORIENTED_EDGE ( 'NONE', *, *, #459, .F. ) ;
#1002 = EDGE_CURVE ( 'NONE', #1515, #187, #1178, .T. ) ;
#1003 = DIRECTION ( 'NONE',  ( -0.000000000000000000, -1.000000000000000000, 0.000000000000000000 ) ) ;
#1004 = EDGE_CURVE ( 'NONE', #81, #988, #961, .T. ) ;
#1005 = DIRECTION ( 'NONE',  ( 0.000000000000000000, 0.000000000000000000, 1.000000000000000000 ) ) ;
#1006 = AXIS2_PLACEMENT_3D ( 'NONE', #231, #1291, #2 ) ;
#1007 = AXIS2_PLACEMENT_3D ( 'NONE', #403, #98, #70 ) ;
#1008 = AXIS2_PLACEMENT_3D ( 'NONE', #1339, #286, #175 ) ;
#1009 = ORIENTED_EDGE ( 'NONE', *, *, #953, .F. ) ;
#1010 = DIRECTION ( 'NONE',  ( -0.000000000000000000, -1.000000000000000000, -0.000000000000000000 ) ) ;
#1011 = ORIENTED_EDGE ( 'NONE', *, *, #1191, .T. ) ;
#1012 = CARTESIAN_POINT ( 'NONE',  ( 0.000000000000000000, 9.999999999999998224, -7.000000000000002665 ) ) ;
#1013 = AXIS2_PLACEMENT_3D ( 'NONE', #196, #1360, #1456 ) ;
#1014 = VERTEX_POINT ( 'NONE', #1081 ) ;
#1015 = DIRECTION ( 'NONE',  ( 1.000000000000000000, 0.000000000000000000, 0.000000000000000000 ) ) ;
#1016 = VECTOR ( 'NONE', #1159, 1000.000000000000000 ) ;
#1017 = EDGE_LOOP ( 'NONE', ( #869, #165, #1143, #455 ) ) ;
#1018 = CARTESIAN_POINT ( 'NONE',  ( -8.800000000000002487, 5.999999999999999112, -23.99999999999999645 ) ) ;
#1019 = ORIENTED_EDGE ( 'NONE', *, *, #1417, .F. ) ;
#1020 = CARTESIAN_POINT ( 'NONE',  ( 1.647511616016006429E-15, 0.000000000000000000, 10.18064858581489318 ) ) ;
#1021 = VERTEX_POINT ( 'NONE', #949 ) ;
#1022 = DIRECTION ( 'NONE',  ( 1.000000000000000000, 0.000000000000000000, -0.000000000000000000 ) ) ;
#1023 = CARTESIAN_POINT ( 'NONE',  ( 0.000000000000000000, 13.00000000000000000, 17.00000000000000000 ) ) ;
#1024 = ORIENTED_EDGE ( 'NONE', *, *, #795, .T. ) ;
#1025 = CARTESIAN_POINT ( 'NONE',  ( 0.000000000000000000, 9.999999999999998224, 8.999999999999998224 ) ) ;
#1026 = EDGE_CURVE ( 'NONE', #1400, #1039, #38, .T. ) ;
#1027 = DIRECTION ( 'NONE',  ( -1.000000000000000000, 0.000000000000000000, 0.000000000000000000 ) ) ;
#1028 = EDGE_LOOP ( 'NONE', ( #204, #1469 ) ) ;
#1029 = CARTESIAN_POINT ( 'NONE',  ( 2.571758278209444422E-16, 13.00000000000000000, 6.899999999999996803 ) ) ;
#1030 = ORIENTED_EDGE ( 'NONE', *, *, #1210, .F. ) ;
#1031 = CIRCLE ( 'NONE', #872, 6.399999999999999467 ) ;
#1032 = DIRECTION ( 'NONE',  ( 0.000000000000000000, 0.000000000000000000, 1.000000000000000000 ) ) ;
#1033 = DIRECTION ( 'NONE',  ( -0.000000000000000000, 1.000000000000000000, -0.000000000000000000 ) ) ;
#1034 = DIRECTION ( 'NONE',  ( 0.000000000000000000, 0.000000000000000000, -1.000000000000000000 ) ) ;
#1035 = AXIS2_PLACEMENT_3D ( 'NONE', #1012, #1242, #191 ) ;
#1036 = AXIS2_PLACEMENT_3D ( 'NONE', #265, #1075, #157 ) ;
#1037 = DIRECTION ( 'NONE',  ( 0.000000000000000000, 0.000000000000000000, 1.000000000000000000 ) ) ;
#1038 = DIRECTION ( 'NONE',  ( -0.000000000000000000, 1.000000000000000000, -0.000000000000000000 ) ) ;
#1039 = VERTEX_POINT ( 'NONE', #834 ) ;
#1040 = CARTESIAN_POINT ( 'NONE',  ( 14.00000000000000178, 9.000000000000000000, -23.99999999999999645 ) ) ;
#1041 = CARTESIAN_POINT ( 'NONE',  ( -14.00000000000000178, 9.000000000000000000, 15.99999999999999645 ) ) ;
#1042 = DIRECTION ( 'NONE',  ( 1.000000000000000000, 0.000000000000000000, 0.000000000000000000 ) ) ;
#1043 = ORIENTED_EDGE ( 'NONE', *, *, #716, .T. ) ;
#1044 = FACE_OUTER_BOUND ( 'NONE', #282, .T. ) ;
#1045 = EDGE_CURVE ( 'NONE', #332, #1039, #913, .T. ) ;
#1046 = ORIENTED_EDGE ( 'NONE', *, *, #554, .T. ) ;
#1047 = EDGE_CURVE ( 'NONE', #1362, #81, #1189, .T. ) ;
#1048 = VECTOR ( 'NONE', #1287, 1000.000000000000000 ) ;
#1049 = CYLINDRICAL_SURFACE ( 'NONE', #691, 4.949999999999999289 ) ;
#1050 = CARTESIAN_POINT ( 'NONE',  ( 6.062001655779397525E-16, 0.000000000000000000, -10.04999999999999716 ) ) ;
#1051 = ORIENTED_EDGE ( 'NONE', *, *, #1210, .T. ) ;
#1052 = DIRECTION ( 'NONE',  ( 0.000000000000000000, 0.000000000000000000, 1.000000000000000000 ) ) ;
#1053 = VERTEX_POINT ( 'NONE', #42 ) ;
#1054 = ADVANCED_FACE ( 'NONE', ( #386, #954 ), #1312, .T. ) ;
#1055 = DIRECTION ( 'NONE',  ( -0.000000000000000000, 1.000000000000000000, -0.000000000000000000 ) ) ;
#1056 = ADVANCED_FACE ( 'NONE', ( #734 ), #372, .T. ) ;
#1057 = FACE_OUTER_BOUND ( 'NONE', #1266, .T. ) ;
#1058 = AXIS2_PLACEMENT_3D ( 'NONE', #290, #894, #438 ) ;
#1059 = PRODUCT_DEFINITION_CONTEXT ( 'detailed design', #118, 'design' ) ;
#1060 = VECTOR ( 'NONE', #819, 1000.000000000000000 ) ;
#1061 = CARTESIAN_POINT ( 'NONE',  ( 0.000000000000000000, 0.000000000000000000, -14.99999999999999645 ) ) ;
#1062 = LINE ( 'NONE', #1203, #267 ) ;
#1063 = CYLINDRICAL_SURFACE ( 'NONE', #1228, 1.100000000000000311 ) ;
#1064 = DIRECTION ( 'NONE',  ( -0.000000000000000000, 1.000000000000000000, -0.000000000000000000 ) ) ;
#1065 = CARTESIAN_POINT ( 'NONE',  ( 0.000000000000000000, 0.000000000000000000, 0.000000000000000000 ) ) ;
#1066 = VERTEX_POINT ( 'NONE', #1424 ) ;
#1067 = EDGE_CURVE ( 'NONE', #1421, #447, #1308, .T. ) ;
#1068 = DIRECTION ( 'NONE',  ( 0.000000000000000000, 0.000000000000000000, -1.000000000000000000 ) ) ;
#1069 = CARTESIAN_POINT ( 'NONE',  ( 0.000000000000000000, 13.00000000000000000, 7.899999999999997691 ) ) ;
#1070 = CARTESIAN_POINT ( 'NONE',  ( -7.418950959086696884, 2.700000000000000178, 1.000000000000004441 ) ) ;
#1071 = CARTESIAN_POINT ( 'NONE',  ( 0.000000000000000000, 13.00000000000000000, 17.00000000000000000 ) ) ;
#1072 = EDGE_LOOP ( 'NONE', ( #1331, #495, #553, #1390 ) ) ;
#1073 = EDGE_CURVE ( 'NONE', #294, #641, #130, .T. ) ;
#1074 = CARTESIAN_POINT ( 'NONE',  ( 14.00000000000000178, 5.999999999999999112, 15.99999999999999645 ) ) ;
#1075 = DIRECTION ( 'NONE',  ( -0.000000000000000000, -1.000000000000000000, -0.000000000000000000 ) ) ;
#1076 = DIRECTION ( 'NONE',  ( -0.000000000000000000, 1.000000000000000000, -0.000000000000000000 ) ) ;
#1077 = DIRECTION ( 'NONE',  ( -0.000000000000000000, -1.000000000000000000, -0.000000000000000000 ) ) ;
#1078 = PLANE ( 'NONE',  #1255 ) ;
#1079 = AXIS2_PLACEMENT_3D ( 'NONE', #441, #329, #1484 ) ;
#1080 = VECTOR ( 'NONE', #1146, 1000.000000000000000 ) ;
#1081 = CARTESIAN_POINT ( 'NONE',  ( 2.571758278209444422E-16, 9.999999999999998224, 6.899999999999996803 ) ) ;
#1082 = DIRECTION ( 'NONE',  ( 0.000000000000000000, 0.000000000000000000, -1.000000000000000000 ) ) ;
#1083 = VECTOR ( 'NONE', #58, 1000.000000000000114 ) ;
#1084 = ORIENTED_EDGE ( 'NONE', *, *, #12, .F. ) ;
#1085 = PLANE ( 'NONE',  #1304 ) ;
#1086 = DIRECTION ( 'NONE',  ( 0.000000000000000000, -1.000000000000000000, 0.000000000000000000 ) ) ;
#1087 = EDGE_CURVE ( 'NONE', #547, #1120, #1062, .T. ) ;
#1088 = ADVANCED_FACE ( 'NONE', ( #1194, #147 ), #381, .T. ) ;
#1089 = EDGE_LOOP ( 'NONE', ( #1223, #1217, #119, #1431 ) ) ;
#1090 = PLANE ( 'NONE',  #1349 ) ;
#1091 = DIRECTION ( 'NONE',  ( 0.4999999999999996669, 0.000000000000000000, -0.8660254037844388186 ) ) ;
#1092 = EDGE_CURVE ( 'NONE', #198, #988, #491, .T. ) ;
#1093 = CYLINDRICAL_SURFACE ( 'NONE', #1447, 1.100000000000000311 ) ;
#1094 = ADVANCED_FACE ( 'NONE', ( #607 ), #471, .F. ) ;
#1095 = CARTESIAN_POINT ( 'NONE',  ( 0.000000000000000000, 9.999999999999998224, 8.999999999999998224 ) ) ;
#1096 = ORIENTED_EDGE ( 'NONE', *, *, #520, .T. ) ;
#1097 = ORIENTED_EDGE ( 'NONE', *, *, #974, .F. ) ;
#1098 = VECTOR ( 'NONE', #532, 1000.000000000000000 ) ;
#1099 = FACE_OUTER_BOUND ( 'NONE', #802, .T. ) ;
#1100 = ORIENTED_EDGE ( 'NONE', *, *, #12, .T. ) ;
#1101 = AXIS2_PLACEMENT_3D ( 'NONE', #109, #95, #124 ) ;
#1102 = FACE_BOUND ( 'NONE', #987, .T. ) ;
#1103 = VERTEX_POINT ( 'NONE', #642 ) ;
#1104 = EDGE_CURVE ( 'NONE', #630, #641, #251, .T. ) ;
#1105 = ORIENTED_EDGE ( 'NONE', *, *, #1340, .T. ) ;
#1106 = CARTESIAN_POINT ( 'NONE',  ( 0.000000000000000000, 13.00000000000000178, 1.000000000000003331 ) ) ;
#1107 = VERTEX_POINT ( 'NONE', #752 ) ;
#1108 = DIRECTION ( 'NONE',  ( -0.000000000000000000, -1.000000000000000000, -0.000000000000000000 ) ) ;
#1109 = ORIENTED_EDGE ( 'NONE', *, *, #123, .T. ) ;
#1110 = PLANE ( 'NONE',  #1013 ) ;
#1111 = VERTEX_POINT ( 'NONE', #273 ) ;
#1112 = CYLINDRICAL_SURFACE ( 'NONE', #483, 1.100000000000000311 ) ;
#1113 = ORIENTED_EDGE ( 'NONE', *, *, #631, .T. ) ;
#1114 = CARTESIAN_POINT ( 'NONE',  ( 8.800000000000002487, 5.999999999999999112, -23.99999999999999645 ) ) ;
#1115 = EDGE_CURVE ( 'NONE', #680, #81, #539, .T. ) ;
#1116 = PRODUCT_DEFINITION ( 'UNKNOWN', '', #51, #1059 ) ;
#1117 = CARTESIAN_POINT ( 'NONE',  ( 0.000000000000000000, 13.00000000000000000, -8.100000000000003197 ) ) ;
#1118 = AXIS2_PLACEMENT_3D ( 'NONE', #1416, #1401, #679 ) ;
#1119 = DIRECTION ( 'NONE',  ( -0.000000000000000000, 1.000000000000000000, -0.000000000000000000 ) ) ;
#1120 = VERTEX_POINT ( 'NONE', #1463 ) ;
#1121 = CARTESIAN_POINT ( 'NONE',  ( 0.000000000000000000, 9.999999999999998224, -7.000000000000002665 ) ) ;
#1122 = ORIENTED_EDGE ( 'NONE', *, *, #123, .F. ) ;
#1123 = CARTESIAN_POINT ( 'NONE',  ( -6.699377385370849147, 9.000000000000000000, 15.99999999999999645 ) ) ;
#1124 = AXIS2_PLACEMENT_3D ( 'NONE', #179, #1010, #1034 ) ;
#1125 = EDGE_LOOP ( 'NONE', ( #654, #1336, #619, #951 ) ) ;
#1126 = LINE ( 'NONE', #775, #131 ) ;
#1127 = LINE ( 'NONE', #523, #17 ) ;
#1128 = AXIS2_PLACEMENT_3D ( 'NONE', #256, #1086, #722 ) ;
#1129 = FACE_BOUND ( 'NONE', #115, .T. ) ;
#1130 = VECTOR ( 'NONE', #1268, 1000.000000000000114 ) ;
#1131 = EDGE_LOOP ( 'NONE', ( #1019, #218 ) ) ;
#1132 = DIRECTION ( 'NONE',  ( 1.000000000000000000, -0.000000000000000000, -0.000000000000000000 ) ) ;
#1133 = ORIENTED_EDGE ( 'NONE', *, *, #946, .F. ) ;
#1134 = CARTESIAN_POINT ( 'NONE',  ( -8.800000000000002487, 0.000000000000000000, -24.00000000000000000 ) ) ;
#1135 = CIRCLE ( 'NONE', #90, 6.399999999999999467 ) ;
#1136 = PRODUCT ( 'carriage_top', 'carriage_top', '', ( #111 ) ) ;
#1137 = PLANE ( 'NONE',  #156 ) ;
#1138 = LINE ( 'NONE', #1497, #1080 ) ;
#1139 = EDGE_CURVE ( 'NONE', #69, #572, #766, .T. ) ;
#1140 = VERTEX_POINT ( 'NONE', #740 ) ;
#1141 = DIRECTION ( 'NONE',  ( -0.000000000000000000, 1.000000000000000000, -0.000000000000000000 ) ) ;
#1142 = FACE_OUTER_BOUND ( 'NONE', #676, .T. ) ;
#1143 = ORIENTED_EDGE ( 'NONE', *, *, #650, .F. ) ;
#1144 = CARTESIAN_POINT ( 'NONE',  ( 0.000000000000000000, 2.600000000000000089, 17.00000000000000000 ) ) ;
#1145 = ORIENTED_EDGE ( 'NONE', *, *, #242, .F. ) ;
#1146 = DIRECTION ( 'NONE',  ( -0.000000000000000000, -1.000000000000000000, -0.000000000000000000 ) ) ;
#1147 = EDGE_CURVE ( 'NONE', #749, #549, #1486, .T. ) ;
#1148 = STYLED_ITEM ( 'NONE', ( #508 ), #777 ) ;
#1149 = ORIENTED_EDGE ( 'NONE', *, *, #946, .T. ) ;
#1150 = AXIS2_PLACEMENT_3D ( 'NONE', #117, #252, #223 ) ;
#1151 = DIRECTION ( 'NONE',  ( 0.000000000000000000, 1.000000000000000000, 0.000000000000000000 ) ) ;
#1152 = DIRECTION ( 'NONE',  ( 0.000000000000000000, 0.000000000000000000, -1.000000000000000000 ) ) ;
#1153 = ORIENTED_EDGE ( 'NONE', *, *, #631, .F. ) ;
#1154 = CYLINDRICAL_SURFACE ( 'NONE', #173, 6.399999999999999467 ) ;
#1155 = CARTESIAN_POINT ( 'NONE',  ( 0.000000000000000000, 13.00000000000000000, 8.999999999999998224 ) ) ;
#1156 = CIRCLE ( 'NONE', #815, 4.299999999999999822 ) ;
#1157 = VECTOR ( 'NONE', #1108, 1000.000000000000000 ) ;
#1158 = VERTEX_POINT ( 'NONE', #305 ) ;
#1159 = DIRECTION ( 'NONE',  ( -0.000000000000000000, -1.000000000000000000, -0.000000000000000000 ) ) ;
#1160 = EDGE_CURVE ( 'NONE', #294, #224, #852, .T. ) ;
#1161 = EDGE_CURVE ( 'NONE', #1494, #216, #653, .T. ) ;
#1162 = AXIS2_PLACEMENT_3D ( 'NONE', #1204, #158, #1440 ) ;
#1163 = ORIENTED_EDGE ( 'NONE', *, *, #451, .F. ) ;
#1164 = FACE_OUTER_BOUND ( 'NONE', #233, .T. ) ;
#1165 = LINE ( 'NONE', #240, #255 ) ;
#1166 = DIRECTION ( 'NONE',  ( 0.000000000000000000, 0.000000000000000000, 1.000000000000000000 ) ) ;
#1167 = ORIENTED_EDGE ( 'NONE', *, *, #564, .T. ) ;
#1168 = DIRECTION ( 'NONE',  ( -0.000000000000000000, -1.000000000000000000, -0.000000000000000000 ) ) ;
#1169 = EDGE_CURVE ( 'NONE', #1111, #1352, #900, .T. ) ;
#1170 = EDGE_CURVE ( 'NONE', #198, #998, #162, .T. ) ;
#1171 = ORIENTED_EDGE ( 'NONE', *, *, #271, .F. ) ;
#1172 = LINE ( 'NONE', #1396, #1182 ) ;
#1173 = ORIENTED_EDGE ( 'NONE', *, *, #129, .T. ) ;
#1174 =( NAMED_UNIT ( * ) SI_UNIT ( $, .STERADIAN. ) SOLID_ANGLE_UNIT ( ) );
#1175 = DIRECTION ( 'NONE',  ( 0.000000000000000000, 0.000000000000000000, -1.000000000000000000 ) ) ;
#1176 = LINE ( 'NONE', #24, #234 ) ;
#1177 = ORIENTED_EDGE ( 'NONE', *, *, #877, .T. ) ;
#1178 = LINE ( 'NONE', #1069, #1198 ) ;
#1179 = ORIENTED_EDGE ( 'NONE', *, *, #1491, .F. ) ;
#1180 = VECTOR ( 'NONE', #1132, 1000.000000000000000 ) ;
#1181 = ORIENTED_EDGE ( 'NONE', *, *, #1389, .F. ) ;
#1182 = VECTOR ( 'NONE', #326, 1000.000000000000000 ) ;
#1183 = CARTESIAN_POINT ( 'NONE',  ( -8.800000000000002487, 5.999999999999999112, 15.99999999999999645 ) ) ;
#1184 = LINE ( 'NONE', #853, #1427 ) ;
#1185 = LINE ( 'NONE', #144, #514 ) ;
#1186 = EDGE_CURVE ( 'NONE', #1103, #512, #1215, .T. ) ;
#1187 = DIRECTION ( 'NONE',  ( 0.000000000000000000, 0.000000000000000000, -1.000000000000000000 ) ) ;
#1188 = DIRECTION ( 'NONE',  ( 0.000000000000000000, -0.000000000000000000, 1.000000000000000000 ) ) ;
#1189 = LINE ( 'NONE', #29, #80 ) ;
#1190 = FACE_OUTER_BOUND ( 'NONE', #57, .T. ) ;
#1191 = EDGE_CURVE ( 'NONE', #224, #969, #1126, .T. ) ;
#1192 = DIRECTION ( 'NONE',  ( 0.000000000000000000, 0.000000000000000000, 1.000000000000000000 ) ) ;
#1193 = ORIENTED_EDGE ( 'NONE', *, *, #398, .F. ) ;
#1194 = FACE_BOUND ( 'NONE', #1333, .T. ) ;
#1195 = CARTESIAN_POINT ( 'NONE',  ( -17.00000000000000000, 0.000000000000000000, 18.25331776339122669 ) ) ;
#1196 = VECTOR ( 'NONE', #205, 1000.000000000000000 ) ;
#1197 = ORIENTED_EDGE ( 'NONE', *, *, #242, .T. ) ;
#1198 = VECTOR ( 'NONE', #1439, 1000.000000000000000 ) ;
#1199 = FACE_OUTER_BOUND ( 'NONE', #425, .T. ) ;
#1200 = EDGE_CURVE ( 'NONE', #988, #45, #1359, .T. ) ;
#1201 = EDGE_CURVE ( 'NONE', #437, #696, #840, .T. ) ;
#1202 = AXIS2_PLACEMENT_3D ( 'NONE', #1445, #393, #874 ) ;
#1203 = CARTESIAN_POINT ( 'NONE',  ( 17.00000000000000000, 0.000000000000000000, 29.00000000000000000 ) ) ;
#1204 = CARTESIAN_POINT ( 'NONE',  ( 17.00000000000000000, 5.999999999999999112, 15.99999999999999645 ) ) ;
#1205 = DIRECTION ( 'NONE',  ( -0.000000000000000000, -0.000000000000000000, -1.000000000000000000 ) ) ;
#1206 = AXIS2_PLACEMENT_3D ( 'NONE', #506, #262, #955 ) ;
#1207 = ORIENTED_EDGE ( 'NONE', *, *, #1374, .F. ) ;
#1208 = DIRECTION ( 'NONE',  ( -0.000000000000000000, 1.000000000000000000, -0.000000000000000000 ) ) ;
#1209 = ADVANCED_FACE ( 'NONE', ( #1236 ), #280, .F. ) ;
#1210 = EDGE_CURVE ( 'NONE', #517, #670, #1473, .T. ) ;
#1211 = AXIS2_PLACEMENT_3D ( 'NONE', #136, #1518, #1175 ) ;
#1212 = CARTESIAN_POINT ( 'NONE',  ( -14.00000000000000178, 5.999999999999999112, -23.99999999999999645 ) ) ;
#1213 = CARTESIAN_POINT ( 'NONE',  ( -6.699377385370849147, 9.000000000000000000, -23.99999999999999645 ) ) ;
#1214 = DIRECTION ( 'NONE',  ( 0.000000000000000000, 0.000000000000000000, -1.000000000000000000 ) ) ;
#1215 = LINE ( 'NONE', #621, #203 ) ;
#1216 = CIRCLE ( 'NONE', #1462, 18.81935141418510682 ) ;
#1217 = ORIENTED_EDGE ( 'NONE', *, *, #891, .T. ) ;
#1218 = DIRECTION ( 'NONE',  ( -0.000000000000000000, -0.000000000000000000, -1.000000000000000000 ) ) ;
#1219 = LINE ( 'NONE', #169, #345 ) ;
#1220 =( LENGTH_UNIT ( ) NAMED_UNIT ( * ) SI_UNIT ( .MILLI., .METRE. ) );
#1221 = ADVANCED_FACE ( 'NONE', ( #1454, #1351 ), #865, .T. ) ;
#1222 = ORIENTED_EDGE ( 'NONE', *, *, #511, .T. ) ;
#1223 = ORIENTED_EDGE ( 'NONE', *, *, #652, .T. ) ;
#1224 = DIRECTION ( 'NONE',  ( -0.5000000000000001110, 0.000000000000000000, -0.8660254037844384856 ) ) ;
#1225 = VECTOR ( 'NONE', #315, 1000.000000000000000 ) ;
#1226 = CARTESIAN_POINT ( 'NONE',  ( 1.647511616016006429E-15, 0.000000000000000000, 10.18064858581489318 ) ) ;
#1227 = CARTESIAN_POINT ( 'NONE',  ( -14.00000000000000178, 9.000000000000000000, 15.99999999999999645 ) ) ;
#1228 = AXIS2_PLACEMENT_3D ( 'NONE', #1155, #11, #245 ) ;
#1229 = ORIENTED_EDGE ( 'NONE', *, *, #1170, .T. ) ;
#1230 = EDGE_CURVE ( 'NONE', #1107, #639, #63, .T. ) ;
#1231 = AXIS2_PLACEMENT_3D ( 'NONE', #708, #213, #16 ) ;
#1232 = DIRECTION ( 'NONE',  ( -0.000000000000000000, -1.000000000000000000, -0.000000000000000000 ) ) ;
#1233 = EDGE_LOOP ( 'NONE', ( #89, #818, #576, #692 ) ) ;
#1234 = CARTESIAN_POINT ( 'NONE',  ( 0.000000000000000000, 13.00000000000000000, 17.00000000000000000 ) ) ;
#1235 = ORIENTED_EDGE ( 'NONE', *, *, #481, .F. ) ;
#1236 = FACE_OUTER_BOUND ( 'NONE', #724, .T. ) ;
#1237 = ORIENTED_EDGE ( 'NONE', *, *, #833, .T. ) ;
#1238 = APPLICATION_CONTEXT ( 'automotive_design' ) ;
#1239 = EDGE_LOOP ( 'NONE', ( #1009, #1264, #739, #1464 ) ) ;
#1240 = CARTESIAN_POINT ( 'NONE',  ( 17.00000000000000000, -2.000000000000000000, -24.00000000000000000 ) ) ;
#1241 = AXIS2_PLACEMENT_3D ( 'NONE', #822, #1294, #15 ) ;
#1242 = DIRECTION ( 'NONE',  ( -0.000000000000000000, -1.000000000000000000, -0.000000000000000000 ) ) ;
#1243 = CARTESIAN_POINT ( 'NONE',  ( -17.00000000000000000, 5.999999999999999112, 15.99999999999999645 ) ) ;
#1244 = FACE_OUTER_BOUND ( 'NONE', #53, .T. ) ;
#1245 = VECTOR ( 'NONE', #132, 1000.000000000000000 ) ;
#1246 = DIRECTION ( 'NONE',  ( -0.5735764363510503783, -0.8191520442889888010, 0.000000000000000000 ) ) ;
#1247 = ORIENTED_EDGE ( 'NONE', *, *, #1047, .T. ) ;
#1248 = CARTESIAN_POINT ( 'NONE',  ( -8.800000000000002487, 0.000000000000000000, 15.99999999999999645 ) ) ;
#1249 = ORIENTED_EDGE ( 'NONE', *, *, #824, .T. ) ;
#1250 = CARTESIAN_POINT ( 'NONE',  ( 17.00000000000000000, 0.000000000000000000, 18.25331776339123380 ) ) ;
#1251 = EDGE_CURVE ( 'NONE', #1039, #332, #816, .T. ) ;
#1252 = EDGE_CURVE ( 'NONE', #943, #787, #591, .T. ) ;
#1253 = VERTEX_POINT ( 'NONE', #44 ) ;
#1254 = VECTOR ( 'NONE', #18, 1000.000000000000000 ) ;
#1255 = AXIS2_PLACEMENT_3D ( 'NONE', #375, #620, #842 ) ;
#1256 = ORIENTED_EDGE ( 'NONE', *, *, #947, .F. ) ;
#1257 = DIRECTION ( 'NONE',  ( 0.000000000000000000, 0.000000000000000000, -1.000000000000000000 ) ) ;
#1258 = AXIS2_PLACEMENT_3D ( 'NONE', #556, #1493, #989 ) ;
#1259 = VECTOR ( 'NONE', #950, 1000.000000000000000 ) ;
#1260 = FACE_OUTER_BOUND ( 'NONE', #880, .T. ) ;
#1261 = ORIENTED_EDGE ( 'NONE', *, *, #105, .T. ) ;
#1262 = EDGE_CURVE ( 'NONE', #666, #66, #1408, .T. ) ;
#1263 = EDGE_CURVE ( 'NONE', #216, #220, #21, .T. ) ;
#1264 = ORIENTED_EDGE ( 'NONE', *, *, #893, .F. ) ;
#1265 = FACE_OUTER_BOUND ( 'NONE', #374, .T. ) ;
#1266 = EDGE_LOOP ( 'NONE', ( #521, #651, #443, #658, #1, #1011 ) ) ;
#1267 = CARTESIAN_POINT ( 'NONE',  ( 3.709475479543346221, 0.000000000000000000, -5.425000000000002487 ) ) ;
#1268 = DIRECTION ( 'NONE',  ( -0.5735764363510503783, -0.8191520442889886899, 0.000000000000000000 ) ) ;
#1269 = EDGE_LOOP ( 'NONE', ( #1133, #534, #750, #246 ) ) ;
#1270 = DIRECTION ( 'NONE',  ( 0.000000000000000000, 0.000000000000000000, -1.000000000000000000 ) ) ;
#1271 = ORIENTED_EDGE ( 'NONE', *, *, #687, .T. ) ;
#1272 = FACE_OUTER_BOUND ( 'NONE', #193, .T. ) ;
#1273 = CARTESIAN_POINT ( 'NONE',  ( 6.062001655779397525E-16, 13.00000000000000000, 12.05000000000000249 ) ) ;
#1274 = EDGE_CURVE ( 'NONE', #1158, #432, #153, .T. ) ;
#1275 = ORIENTED_EDGE ( 'NONE', *, *, #1274, .F. ) ;
#1276 = CARTESIAN_POINT ( 'NONE',  ( 0.000000000000000000, 13.00000000000000000, 17.00000000000000000 ) ) ;
#1277 = CARTESIAN_POINT ( 'NONE',  ( 8.800000000000002487, 5.999999999999999112, 15.99999999999999645 ) ) ;
#1278 = AXIS2_PLACEMENT_3D ( 'NONE', #671, #300, #770 ) ;
#1279 = EDGE_LOOP ( 'NONE', ( #850, #1506, #189, #61 ) ) ;
#1280 = CARTESIAN_POINT ( 'NONE',  ( -17.00000000000000000, 5.999999999999999112, -23.99999999999999645 ) ) ;
#1281 = MECHANICAL_DESIGN_GEOMETRIC_PRESENTATION_REPRESENTATION (  '', ( #1148 ), #1443 ) ;
#1282 = DIRECTION ( 'NONE',  ( 0.000000000000000000, 0.000000000000000000, 1.000000000000000000 ) ) ;
#1283 = AXIS2_PLACEMENT_3D ( 'NONE', #385, #726, #264 ) ;
#1284 = AXIS2_PLACEMENT_3D ( 'NONE', #1071, #1064, #1315 ) ;
#1285 = EDGE_CURVE ( 'NONE', #998, #45, #601, .T. ) ;
#1286 = ORIENTED_EDGE ( 'NONE', *, *, #129, .F. ) ;
#1287 = DIRECTION ( 'NONE',  ( -0.000000000000000000, -0.000000000000000000, -1.000000000000000000 ) ) ;
#1288 = CYLINDRICAL_SURFACE ( 'NONE', #134, 2.100000000000000977 ) ;
#1289 = ORIENTED_EDGE ( 'NONE', *, *, #1514, .T. ) ;
#1290 = DIRECTION ( 'NONE',  ( -1.000000000000000000, 0.000000000000000000, 0.000000000000000000 ) ) ;
#1291 = DIRECTION ( 'NONE',  ( 0.000000000000000000, -1.000000000000000000, 0.000000000000000000 ) ) ;
#1292 = CARTESIAN_POINT ( 'NONE',  ( -17.00000000000000000, 13.00000000000000000, 29.00000000000000000 ) ) ;
#1293 = EDGE_LOOP ( 'NONE', ( #903, #368, #1495, #846 ) ) ;
#1294 = DIRECTION ( 'NONE',  ( -0.000000000000000000, -1.000000000000000000, -0.000000000000000000 ) ) ;
#1295 = ORIENTED_EDGE ( 'NONE', *, *, #500, .F. ) ;
#1296 = CARTESIAN_POINT ( 'NONE',  ( 8.800000000000002487, 0.000000000000000000, -23.99999999999999645 ) ) ;
#1297 = LINE ( 'NONE', #352, #705 ) ;
#1298 = ORIENTED_EDGE ( 'NONE', *, *, #13, .T. ) ;
#1299 = LINE ( 'NONE', #952, #855 ) ;
#1300 = FACE_OUTER_BOUND ( 'NONE', #1072, .T. ) ;
#1301 = EDGE_CURVE ( 'NONE', #632, #898, #1031, .T. ) ;
#1302 = DIRECTION ( 'NONE',  ( -0.4999999999999998335, 0.000000000000000000, 0.8660254037844387076 ) ) ;
#1303 = FACE_OUTER_BOUND ( 'NONE', #407, .T. ) ;
#1304 = AXIS2_PLACEMENT_3D ( 'NONE', #1444, #392, #41 ) ;
#1305 = AXIS2_PLACEMENT_3D ( 'NONE', #1226, #1003, #427 ) ;
#1306 = LINE ( 'NONE', #1183, #1436 ) ;
#1307 = EDGE_CURVE ( 'NONE', #432, #1158, #839, .T. ) ;
#1308 = LINE ( 'NONE', #727, #959 ) ;
#1309 = CARTESIAN_POINT ( 'NONE',  ( 0.000000000000000000, 2.600000000000000089, 17.00000000000000000 ) ) ;
#1310 = ORIENTED_EDGE ( 'NONE', *, *, #1262, .F. ) ;
#1311 = DIRECTION ( 'NONE',  ( 1.000000000000000000, 0.000000000000000000, 0.000000000000000000 ) ) ;
#1312 = PLANE ( 'NONE',  #758 ) ;
#1313 = CIRCLE ( 'NONE', #1241, 6.399999999999999467 ) ;
#1314 = LINE ( 'NONE', #139, #538 ) ;
#1315 = DIRECTION ( 'NONE',  ( 0.000000000000000000, 0.000000000000000000, 1.000000000000000000 ) ) ;
#1316 = ORIENTED_EDGE ( 'NONE', *, *, #1285, .T. ) ;
#1317 = EDGE_CURVE ( 'NONE', #1341, #187, #686, .T. ) ;
#1318 = EDGE_CURVE ( 'NONE', #973, #1515, #1503, .T. ) ;
#1319 = VECTOR ( 'NONE', #110, 1000.000000000000000 ) ;
#1320 = DIRECTION ( 'NONE',  ( 0.8660254037844388186, -0.000000000000000000, 0.4999999999999998335 ) ) ;
#1321 = DIRECTION ( 'NONE',  ( -0.000000000000000000, -1.000000000000000000, -0.000000000000000000 ) ) ;
#1322 = PLANE ( 'NONE',  #155 ) ;
#1323 = ORIENTED_EDGE ( 'NONE', *, *, #1092, .T. ) ;
#1324 = EDGE_CURVE ( 'NONE', #1253, #938, #170, .T. ) ;
#1325 = VECTOR ( 'NONE', #1015, 1000.000000000000000 ) ;
#1326 = DIRECTION ( 'NONE',  ( -0.5000000000000002220, 0.000000000000000000, -0.8660254037844384856 ) ) ;
#1327 = DIRECTION ( 'NONE',  ( -1.000000000000000000, 0.000000000000000000, 0.000000000000000000 ) ) ;
#1328 = VERTEX_POINT ( 'NONE', #981 ) ;
#1329 = PLANE ( 'NONE',  #322 ) ;
#1330 = ADVANCED_FACE ( 'NONE', ( #1379 ), #59, .F. ) ;
#1331 = ORIENTED_EDGE ( 'NONE', *, *, #60, .T. ) ;
#1332 = CARTESIAN_POINT ( 'NONE',  ( -3.709475479543347554, 2.700000000000000178, 7.425000000000007816 ) ) ;
#1333 = EDGE_LOOP ( 'NONE', ( #883, #1512 ) ) ;
#1334 = DIRECTION ( 'NONE',  ( -0.000000000000000000, -1.000000000000000000, -0.000000000000000000 ) ) ;
#1335 = DIRECTION ( 'NONE',  ( 0.000000000000000000, 0.000000000000000000, 1.000000000000000000 ) ) ;
#1336 = ORIENTED_EDGE ( 'NONE', *, *, #858, .T. ) ;
#1337 = ORIENTED_EDGE ( 'NONE', *, *, #330, .T. ) ;
#1338 = PLANE ( 'NONE',  #83 ) ;
#1339 = CARTESIAN_POINT ( 'NONE',  ( 0.000000000000000000, 2.700000000000000178, 0.000000000000000000 ) ) ;
#1340 = EDGE_CURVE ( 'NONE', #409, #993, #1448, .T. ) ;
#1341 = VERTEX_POINT ( 'NONE', #664 ) ;
#1342 = DIRECTION ( 'NONE',  ( -0.000000000000000000, -1.000000000000000000, -0.000000000000000000 ) ) ;
#1343 = EDGE_LOOP ( 'NONE', ( #1368, #7, #837, #389, #996, #991 ) ) ;
#1344 = CARTESIAN_POINT ( 'NONE',  ( 17.00000000000000000, 13.00000000000000000, 29.00000000000000000 ) ) ;
#1345 = AXIS2_PLACEMENT_3D ( 'NONE', #1144, #1038, #1335 ) ;
#1346 = ORIENTED_EDGE ( 'NONE', *, *, #677, .T. ) ;
#1347 = LINE ( 'NONE', #546, #1477 ) ;
#1348 = VERTEX_POINT ( 'NONE', #1029 ) ;
#1349 = AXIS2_PLACEMENT_3D ( 'NONE', #35, #482, #397 ) ;
#1350 = VECTOR ( 'NONE', #756, 1000.000000000000000 ) ;
#1351 = FACE_OUTER_BOUND ( 'NONE', #310, .T. ) ;
#1352 = VERTEX_POINT ( 'NONE', #558 ) ;
#1353 = DIRECTION ( 'NONE',  ( 1.000000000000000000, 0.000000000000000000, 0.000000000000000000 ) ) ;
#1354 = ORIENTED_EDGE ( 'NONE', *, *, #168, .F. ) ;
#1355 = AXIS2_PLACEMENT_3D ( 'NONE', #149, #1334, #1082 ) ;
#1356 = LINE ( 'NONE', #1373, #1098 ) ;
#1357 = ORIENTED_EDGE ( 'NONE', *, *, #804, .T. ) ;
#1358 = CARTESIAN_POINT ( 'NONE',  ( 8.800000000000002487, 0.000000000000000000, 15.99999999999999645 ) ) ;
#1359 = LINE ( 'NONE', #48, #629 ) ;
#1360 = DIRECTION ( 'NONE',  ( 0.000000000000000000, -1.000000000000000000, 0.000000000000000000 ) ) ;
#1361 = DIRECTION ( 'NONE',  ( 0.000000000000000000, 0.000000000000000000, 1.000000000000000000 ) ) ;
#1362 = VERTEX_POINT ( 'NONE', #323 ) ;
#1363 = CARTESIAN_POINT ( 'NONE',  ( -17.00000000000000000, 0.000000000000000000, 29.00000000000000000 ) ) ;
#1364 = EDGE_CURVE ( 'NONE', #447, #680, #1219, .T. ) ;
#1365 = ADVANCED_FACE ( 'NONE', ( #426 ), #626, .F. ) ;
#1366 = ORIENTED_EDGE ( 'NONE', *, *, #542, .T. ) ;
#1367 = CARTESIAN_POINT ( 'NONE',  ( 6.699377385370849147, 9.000000000000000000, -23.99999999999999645 ) ) ;
#1368 = ORIENTED_EDGE ( 'NONE', *, *, #440, .F. ) ;
#1369 = DIRECTION ( 'NONE',  ( 0.000000000000000000, 0.000000000000000000, -1.000000000000000000 ) ) ;
#1370 = CARTESIAN_POINT ( 'NONE',  ( 0.000000000000000000, 9.999999999999998224, -7.000000000000002665 ) ) ;
#1371 = LINE ( 'NONE', #65, #939 ) ;
#1372 = ORIENTED_EDGE ( 'NONE', *, *, #771, .T. ) ;
#1373 = CARTESIAN_POINT ( 'NONE',  ( 7.418950959086697772, 0.000000000000000000, 1.000000000000003331 ) ) ;
#1374 = EDGE_CURVE ( 'NONE', #630, #572, #97, .T. ) ;
#1375 = DIRECTION ( 'NONE',  ( -0.000000000000000000, 0.000000000000000000, -1.000000000000000000 ) ) ;
#1376 = ADVANCED_FACE ( 'NONE', ( #209 ), #199, .F. ) ;
#1377 = CIRCLE ( 'NONE', #1278, 1.100000000000000311 ) ;
#1378 = EDGE_LOOP ( 'NONE', ( #907, #501, #767, #1450 ) ) ;
#1379 = FACE_OUTER_BOUND ( 'NONE', #773, .T. ) ;
#1380 = ORIENTED_EDGE ( 'NONE', *, *, #795, .F. ) ;
#1381 = CARTESIAN_POINT ( 'NONE',  ( 0.000000000000000000, 0.000000000000000000, 15.99999999999999645 ) ) ;
#1382 = VECTOR ( 'NONE', #1383, 1000.000000000000000 ) ;
#1383 = DIRECTION ( 'NONE',  ( -0.000000000000000000, -1.000000000000000000, -0.000000000000000000 ) ) ;
#1384 = CIRCLE ( 'NONE', #958, 4.299999999999999822 ) ;
#1385 = ORIENTED_EDGE ( 'NONE', *, *, #1201, .F. ) ;
#1386 = LINE ( 'NONE', #790, #505 ) ;
#1387 = CARTESIAN_POINT ( 'NONE',  ( 0.000000000000000000, 9.999999999999998224, 8.999999999999998224 ) ) ;
#1388 = ORIENTED_EDGE ( 'NONE', *, *, #1430, .T. ) ;
#1389 = EDGE_CURVE ( 'NONE', #749, #1111, #1441, .T. ) ;
#1390 = ORIENTED_EDGE ( 'NONE', *, *, #1430, .F. ) ;
#1391 = DIRECTION ( 'NONE',  ( 1.000000000000000000, -0.000000000000000000, 0.000000000000000000 ) ) ;
#1392 = CARTESIAN_POINT ( 'NONE',  ( 1.647511616016006429E-15, 13.00000000000000000, 10.18064858581489318 ) ) ;
#1393 = CYLINDRICAL_SURFACE ( 'NONE', #276, 4.949999999999999289 ) ;
#1394 = LINE ( 'NONE', #575, #886 ) ;
#1395 = EDGE_LOOP ( 'NONE', ( #706, #1490, #324, #895 ) ) ;
#1396 = CARTESIAN_POINT ( 'NONE',  ( -14.00000000000000178, 5.999999999999999112, 15.99999999999999645 ) ) ;
#1397 = EDGE_CURVE ( 'NONE', #409, #1107, #1511, .T. ) ;
#1398 = PLANE ( 'NONE',  #1150 ) ;
#1399 =( NAMED_UNIT ( * ) PLANE_ANGLE_UNIT ( ) SI_UNIT ( $, .RADIAN. ) );
#1400 = VERTEX_POINT ( 'NONE', #544 ) ;
#1401 = DIRECTION ( 'NONE',  ( -0.000000000000000000, 1.000000000000000000, -0.000000000000000000 ) ) ;
#1402 = AXIS2_PLACEMENT_3D ( 'NONE', #1025, #638, #1499 ) ;
#1403 = ORIENTED_EDGE ( 'NONE', *, *, #858, .F. ) ;
#1404 = CARTESIAN_POINT ( 'NONE',  ( 2.571758278209443929E-16, 9.999999999999998224, 6.899999999999996803 ) ) ;
#1405 = CIRCLE ( 'NONE', #1006, 1.100000000000000311 ) ;
#1406 = CARTESIAN_POINT ( 'NONE',  ( -3.709475479543347554, 2.700000000000000178, 7.425000000000007816 ) ) ;
#1407 = AXIS2_PLACEMENT_3D ( 'NONE', #1387, #414, #1460 ) ;
#1408 = CIRCLE ( 'NONE', #1284, 4.949999999999999289 ) ;
#1409 = ORIENTED_EDGE ( 'NONE', *, *, #1161, .F. ) ;
#1410 = DIRECTION ( 'NONE',  ( -0.000000000000000000, -0.000000000000000000, -1.000000000000000000 ) ) ;
#1411 = DIRECTION ( 'NONE',  ( -0.000000000000000000, 1.000000000000000000, -0.000000000000000000 ) ) ;
#1412 = VERTEX_POINT ( 'NONE', #448 ) ;
#1413 = LINE ( 'NONE', #1280, #1508 ) ;
#1414 = CARTESIAN_POINT ( 'NONE',  ( 17.00000000000000000, 5.999999999999999112, 15.99999999999999645 ) ) ;
#1415 = EDGE_LOOP ( 'NONE', ( #526, #254, #1100, #695 ) ) ;
#1416 = CARTESIAN_POINT ( 'NONE',  ( 0.000000000000000000, 0.000000000000000000, 17.00000000000000000 ) ) ;
#1417 = EDGE_CURVE ( 'NONE', #1140, #1348, #530, .T. ) ;
#1418 = LINE ( 'NONE', #616, #509 ) ;
#1419 = DIRECTION ( 'NONE',  ( -0.000000000000000000, -1.000000000000000000, 0.000000000000000000 ) ) ;
#1420 = DIRECTION ( 'NONE',  ( 1.000000000000000000, 0.000000000000000000, 0.000000000000000000 ) ) ;
#1421 = VERTEX_POINT ( 'NONE', #555 ) ;
#1422 = CARTESIAN_POINT ( 'NONE',  ( 0.000000000000000000, 2.600000000000000089, -21.39999999999999503 ) ) ;
#1423 = EDGE_CURVE ( 'NONE', #291, #602, #760, .T. ) ;
#1424 = CARTESIAN_POINT ( 'NONE',  ( 7.837739514543059934E-16, 0.000000000000000000, 10.60000000000000142 ) ) ;
#1425 = FACE_OUTER_BOUND ( 'NONE', #263, .T. ) ;
#1426 = ORIENTED_EDGE ( 'NONE', *, *, #181, .T. ) ;
#1427 = VECTOR ( 'NONE', #1326, 1000.000000000000114 ) ;
#1428 = DIRECTION ( 'NONE',  ( 0.000000000000000000, 0.000000000000000000, -1.000000000000000000 ) ) ;
#1429 = EDGE_CURVE ( 'NONE', #1014, #1466, #408, .T. ) ;
#1430 = EDGE_CURVE ( 'NONE', #787, #1455, #1386, .T. ) ;
#1431 = ORIENTED_EDGE ( 'NONE', *, *, #1514, .F. ) ;
#1432 = CARTESIAN_POINT ( 'NONE',  ( 1.347111479062088010E-16, 9.999999999999998224, 10.09999999999999787 ) ) ;
#1433 = ADVANCED_FACE ( 'NONE', ( #525 ), #1112, .F. ) ;
#1434 = CARTESIAN_POINT ( 'NONE',  ( -14.00000000000000178, 5.999999999999999112, 15.99999999999999645 ) ) ;
#1435 = EDGE_CURVE ( 'NONE', #938, #1253, #200, .T. ) ;
#1436 = VECTOR ( 'NONE', #1410, 1000.000000000000000 ) ;
#1437 = ORIENTED_EDGE ( 'NONE', *, *, #60, .F. ) ;
#1438 = DIRECTION ( 'NONE',  ( 0.000000000000000000, 0.000000000000000000, 1.000000000000000000 ) ) ;
#1439 = DIRECTION ( 'NONE',  ( -0.000000000000000000, -1.000000000000000000, -0.000000000000000000 ) ) ;
#1440 = DIRECTION ( 'NONE',  ( 0.000000000000000000, 0.000000000000000000, 1.000000000000000000 ) ) ;
#1441 = CIRCLE ( 'NONE', #1468, 1.100000000000000311 ) ;
#1442 = EDGE_LOOP ( 'NONE', ( #518, #228, #510, #1323 ) ) ;
#1443 =( GEOMETRIC_REPRESENTATION_CONTEXT ( 3 ) GLOBAL_UNCERTAINTY_ASSIGNED_CONTEXT ( ( #126 ) ) GLOBAL_UNIT_ASSIGNED_CONTEXT ( ( #1220, #627, #428 ) ) REPRESENTATION_CONTEXT ( 'NONE', 'WORKASPACE' ) );
#1444 = CARTESIAN_POINT ( 'NONE',  ( 14.00000000000000178, 9.000000000000000000, 15.99999999999999645 ) ) ;
#1445 = CARTESIAN_POINT ( 'NONE',  ( -17.00000000000000000, -2.000000000000000000, -24.00000000000000000 ) ) ;
#1446 = ORIENTED_EDGE ( 'NONE', *, *, #271, .T. ) ;
#1447 = AXIS2_PLACEMENT_3D ( 'NONE', #394, #266, #494 ) ;
#1448 = LINE ( 'NONE', #395, #30 ) ;
#1449 = EDGE_LOOP ( 'NONE', ( #93, #559, #306, #1316 ) ) ;
#1450 = ORIENTED_EDGE ( 'NONE', *, *, #1301, .T. ) ;
#1451 = CARTESIAN_POINT ( 'NONE',  ( 5.265981236333617484E-16, 2.700000000000000178, 5.300000000000003375 ) ) ;
#1452 = EDGE_CURVE ( 'NONE', #1348, #1140, #811, .T. ) ;
#1453 = ORIENTED_EDGE ( 'NONE', *, *, #1186, .F. ) ;
#1454 = FACE_BOUND ( 'NONE', #1487, .T. ) ;
#1455 = VERTEX_POINT ( 'NONE', #430 ) ;
#1456 = DIRECTION ( 'NONE',  ( 0.000000000000000000, -0.000000000000000000, -1.000000000000000000 ) ) ;
#1457 = AXIS2_PLACEMENT_3D ( 'NONE', #1061, #573, #1152 ) ;
#1458 = ORIENTED_EDGE ( 'NONE', *, *, #1263, .F. ) ;
#1459 = ORIENTED_EDGE ( 'NONE', *, *, #687, .F. ) ;
#1460 = DIRECTION ( 'NONE',  ( 0.000000000000000000, -0.000000000000000000, 1.000000000000000000 ) ) ;
#1461 = EDGE_CURVE ( 'NONE', #1498, #602, #410, .T. ) ;
#1462 = AXIS2_PLACEMENT_3D ( 'NONE', #1392, #1419, #945 ) ;
#1463 = CARTESIAN_POINT ( 'NONE',  ( 17.00000000000000000, 0.000000000000000000, 16.00000000000000000 ) ) ;
#1464 = ORIENTED_EDGE ( 'NONE', *, *, #1417, .T. ) ;
#1465 = CARTESIAN_POINT ( 'NONE',  ( 17.00000000000000000, 0.000000000000000000, 15.99999999999999645 ) ) ;
#1466 = VERTEX_POINT ( 'NONE', #420 ) ;
#1467 = DIRECTION ( 'NONE',  ( 0.000000000000000000, -1.000000000000000000, 0.000000000000000000 ) ) ;
#1468 = AXIS2_PLACEMENT_3D ( 'NONE', #1121, #1232, #317 ) ;
#1469 = ORIENTED_EDGE ( 'NONE', *, *, #1318, .T. ) ;
#1470 = FACE_BOUND ( 'NONE', #1028, .T. ) ;
#1471 = VECTOR ( 'NONE', #944, 1000.000000000000000 ) ;
#1472 = ORIENTED_EDGE ( 'NONE', *, *, #1087, .F. ) ;
#1473 = CIRCLE ( 'NONE', #609, 6.399999999999999467 ) ;
#1474 = CARTESIAN_POINT ( 'NONE',  ( -7.418950959086696884, 2.700000000000000178, 1.000000000000004441 ) ) ;
#1475 = CARTESIAN_POINT ( 'NONE',  ( -8.800000000000002487, 5.999999999999999112, -23.99999999999999645 ) ) ;
#1476 = LINE ( 'NONE', #307, #485 ) ;
#1477 = VECTOR ( 'NONE', #433, 1000.000000000000114 ) ;
#1478 = EDGE_CURVE ( 'NONE', #1328, #1362, #1356, .T. ) ;
#1479 = EDGE_CURVE ( 'NONE', #187, #1341, #1377, .T. ) ;
#1480 = ORIENTED_EDGE ( 'NONE', *, *, #1161, .T. ) ;
#1481 = VECTOR ( 'NONE', #478, 1000.000000000000000 ) ;
#1482 = DIRECTION ( 'NONE',  ( 0.000000000000000000, 0.000000000000000000, 1.000000000000000000 ) ) ;
#1483 = ORIENTED_EDGE ( 'NONE', *, *, #983, .T. ) ;
#1484 = DIRECTION ( 'NONE',  ( 0.000000000000000000, 0.000000000000000000, -1.000000000000000000 ) ) ;
#1485 = ORIENTED_EDGE ( 'NONE', *, *, #1397, .F. ) ;
#1486 = LINE ( 'NONE', #56, #715 ) ;
#1487 = EDGE_LOOP ( 'NONE', ( #1354, #1235 ) ) ;
#1488 = CARTESIAN_POINT ( 'NONE',  ( 3.709475479543346221, 0.000000000000000000, -5.425000000000002487 ) ) ;
#1489 = EDGE_CURVE ( 'NONE', #512, #572, #188, .T. ) ;
#1490 = ORIENTED_EDGE ( 'NONE', *, *, #398, .T. ) ;
#1491 = EDGE_CURVE ( 'NONE', #1053, #224, #647, .T. ) ;
#1492 = CARTESIAN_POINT ( 'NONE',  ( 0.000000000000000000, 13.00000000000000000, -7.000000000000002665 ) ) ;
#1493 = DIRECTION ( 'NONE',  ( -0.000000000000000000, 1.000000000000000000, -0.000000000000000000 ) ) ;
#1494 = VERTEX_POINT ( 'NONE', #799 ) ;
#1495 = ORIENTED_EDGE ( 'NONE', *, *, #707, .F. ) ;
#1496 = LINE ( 'NONE', #1488, #1083 ) ;
#1497 = CARTESIAN_POINT ( 'NONE',  ( 5.265981236333617484E-16, 13.00000000000000178, 5.300000000000003375 ) ) ;
#1498 = VERTEX_POINT ( 'NONE', #659 ) ;
#1499 = DIRECTION ( 'NONE',  ( 0.000000000000000000, 0.000000000000000000, 1.000000000000000000 ) ) ;
#1500 = VERTEX_POINT ( 'NONE', #1267 ) ;
#1501 = CARTESIAN_POINT ( 'NONE',  ( 17.00000000000000000, 6.000000000000000000, -24.00000000000000000 ) ) ;
#1502 = ADVANCED_FACE ( 'NONE', ( #217 ), #678, .F. ) ;
#1503 = CIRCLE ( 'NONE', #6, 1.100000000000000311 ) ;
#1504 = ORIENTED_EDGE ( 'NONE', *, *, #142, .T. ) ;
#1505 = DIRECTION ( 'NONE',  ( -1.000000000000000000, 0.000000000000000000, 0.000000000000000000 ) ) ;
#1506 = ORIENTED_EDGE ( 'NONE', *, *, #953, .T. ) ;
#1507 = CIRCLE ( 'NONE', #1035, 1.100000000000000311 ) ;
#1508 = VECTOR ( 'NONE', #1391, 1000.000000000000000 ) ;
#1509 = CARTESIAN_POINT ( 'NONE',  ( 0.000000000000000000, 9.999999999999998224, -4.900000000000001243 ) ) ;
#1510 = CARTESIAN_POINT ( 'NONE',  ( 7.837739514543059934E-16, 13.00000000000000000, 10.60000000000000142 ) ) ;
#1511 = LINE ( 'NONE', #997, #1180 ) ;
#1512 = ORIENTED_EDGE ( 'NONE', *, *, #1307, .T. ) ;
#1513 = DIRECTION ( 'NONE',  ( -0.000000000000000000, -1.000000000000000000, -0.000000000000000000 ) ) ;
#1514 = EDGE_CURVE ( 'NONE', #101, #943, #592, .T. ) ;
#1515 = VERTEX_POINT ( 'NONE', #719 ) ;
#1516 = DIRECTION ( 'NONE',  ( 1.000000000000000000, 0.000000000000000000, 0.000000000000000000 ) ) ;
#1517 = FACE_OUTER_BOUND ( 'NONE', #1449, .T. ) ;
#1518 = DIRECTION ( 'NONE',  ( -0.000000000000000000, -1.000000000000000000, -0.000000000000000000 ) ) ;
ENDSEC;
END-ISO-10303-21;
