ISO-10303-21;
HEADER;
FILE_DESCRIPTION (( 'STEP AP214' ),
    '1' );
FILE_NAME ('Coaxial Nozzle_OD 840microns ID 27G.STEP',
    '2025-05-19T07:23:35',
    ( '' ),
    ( '' ),
    'SwSTEP 2.0',
    'SolidWorks 2025',
    '' );
FILE_SCHEMA (( 'AUTOMOTIVE_DESIGN' ));
ENDSEC;

DATA;
#1 = CARTESIAN_POINT ( 'NONE',  ( 3.434765779771469241, -8.320649702565622974, 8.499431603705300375 ) ) ;
#2 = CARTESIAN_POINT ( 'NONE',  ( 3.513424155830964679, -5.223600000000002019, 8.199999999999999289 ) ) ;
#3 = EDGE_LOOP ( 'NONE', ( #1534, #3361, #4192, #3009, #4479, #4081, #2654, #2677 ) ) ;
#4 = DIRECTION ( 'NONE',  ( -1.000000000000000000, 0.000000000000000000, 0.000000000000000000 ) ) ;
#5 = CARTESIAN_POINT ( 'NONE',  ( -0.9908121537115031074, -21.01623667079226365, 1.191655661358144158 ) ) ;
#6 = CARTESIAN_POINT ( 'NONE',  ( 3.455561915853857524, -6.032362530007811863, 8.678681889933042015 ) ) ;
#7 = CARTESIAN_POINT ( 'NONE',  ( 0.8936571508388044816, -22.21836818016177872, 0.5096889054839045530 ) ) ;
#8 = CARTESIAN_POINT ( 'NONE',  ( -1.739576869458931354E-17, -21.11166130683500697, -3.921601983822704400E-14 ) ) ;
#9 = CARTESIAN_POINT ( 'NONE',  ( -0.03447622921524245293, -10.22360000000000291, 0.06216180243901749808 ) ) ;
#10 = VERTEX_POINT ( 'NONE', #4630 ) ;
#11 = CARTESIAN_POINT ( 'NONE',  ( 0.8551400185576114588, -19.61480353789913877, 2.459786793890393675 ) ) ;
#12 = CARTESIAN_POINT ( 'NONE',  ( 0.000000000000000000, -16.81046239008625420, 0.000000000000000000 ) ) ;
#13 = EDGE_CURVE ( 'NONE', #3000, #3064, #2957, .T. ) ;
#14 = CARTESIAN_POINT ( 'NONE',  ( -0.6281552678983844951, -6.023600000000000954, 3.281551312030380974 ) ) ;
#15 = CARTESIAN_POINT ( 'NONE',  ( -0.2030121946842464165, -5.223600000000002019, 1.800655141981023055 ) ) ;
#16 = ORIENTED_EDGE ( 'NONE', *, *, #309, .T. ) ;
#17 = DIRECTION ( 'NONE',  ( -0.9999952515883353543, 0.000000000000000000, -0.003081687976090580813 ) ) ;
#18 = CIRCLE ( 'NONE', #2679, 1.792363797108475598 ) ;
#19 = CARTESIAN_POINT ( 'NONE',  ( 10.94999999999999929, -5.523600000000001842, -2.234732007287768768E-15 ) ) ;
#20 = CARTESIAN_POINT ( 'NONE',  ( 0.6503202544897052073, -6.023600000000000065, -3.277230785385315315 ) ) ;
#21 = ORIENTED_EDGE ( 'NONE', *, *, #1126, .F. ) ;
#22 = CARTESIAN_POINT ( 'NONE',  ( 3.420637688631593676, -5.849634272215889830, 8.656539840325523372 ) ) ;
#23 = CARTESIAN_POINT ( 'NONE',  ( 3.455232477688308101, -6.049889342557713157, 8.678888410068742232 ) ) ;
#24 = CARTESIAN_POINT ( 'NONE',  ( -4.074161836859234498, -6.023600000000001842, 11.19366764997448804 ) ) ;
#25 = ADVANCED_FACE ( 'NONE', ( #425 ), #3744, .T. ) ;
#26 = EDGE_LOOP ( 'NONE', ( #3373, #992, #2573, #1858, #3957, #1995 ) ) ;
#27 = CARTESIAN_POINT ( 'NONE',  ( -0.6507065871322381678, -5.998740736633151549, -3.277942035544705757 ) ) ;
#28 = CARTESIAN_POINT ( 'NONE',  ( -3.437750576676792402, -5.916614810742284902, 8.687333799178986737 ) ) ;
#29 = EDGE_CURVE ( 'NONE', #935, #1209, #4179, .T. ) ;
#30 = DIRECTION ( 'NONE',  ( -0.3420201433256694346, 0.000000000000000000, 0.9396926207859080948 ) ) ;
#31 = CARTESIAN_POINT ( 'NONE',  ( -0.5715708715780395410, -21.62725252513304142, 1.459532652659403906 ) ) ;
#32 = CONICAL_SURFACE ( 'NONE', #4159, 3.061890362146191702, 1.038152319793244960 ) ;
#33 = DIRECTION ( 'NONE',  ( 1.000000000000000000, 0.000000000000000000, -1.224646799147353207E-16 ) ) ;
#34 = LINE ( 'NONE', #3259, #2639 ) ;
#35 = EDGE_LOOP ( 'NONE', ( #117, #4177, #4993, #2237, #4292, #419, #3999, #1515, #5114, #2912 ) ) ;
#36 = CYLINDRICAL_SURFACE ( 'NONE', #2059, 0.2549999999999998379 ) ;
#37 = DIRECTION ( 'NONE',  ( 0.000000000000000000, 1.000000000000000000, 0.000000000000000000 ) ) ;
#38 = CARTESIAN_POINT ( 'NONE',  ( -1.135364721545745414, -20.58784416589634603, 0.4922445731023739057 ) ) ;
#39 = CARTESIAN_POINT ( 'NONE',  ( -2.679662004655724239, -5.223600000000002019, 8.609677314942375759 ) ) ;
#40 = AXIS2_PLACEMENT_3D ( 'NONE', #3798, #4232, #3824 ) ;
#41 = B_SPLINE_CURVE_WITH_KNOTS ( 'NONE', 3,
 ( #2420, #3131, #4401, #3534, #3158, #4028, #3562, #5221, #303, #771 ),
 .UNSPECIFIED., .F., .F.,
 ( 4, 2, 2, 2, 4 ),
 ( 1.734723475976807094E-18, 0.0001527169836942152560, 0.0003054339673884287772, 0.0004581509510826422171, 0.0006108679347768570123 ),
 .UNSPECIFIED. ) ;
#42 = ORIENTED_EDGE ( 'NONE', *, *, #3183, .F. ) ;
#43 = CARTESIAN_POINT ( 'NONE',  ( 3.337339725020711079, -5.223600000000002908, 11.57908764817228509 ) ) ;
#44 = CARTESIAN_POINT ( 'NONE',  ( 2.886292355423351719, -5.321368850562608444, 8.621674988325848332 ) ) ;
#45 = DIRECTION ( 'NONE',  ( 1.243449787580175168E-14, 0.000000000000000000, 1.000000000000000000 ) ) ;
#46 = ORIENTED_EDGE ( 'NONE', *, *, #2091, .F. ) ;
#47 = CARTESIAN_POINT ( 'NONE',  ( 3.457661085633022324, -6.023600000000000954, 8.673967295593328686 ) ) ;
#48 =( BOUNDED_CURVE ( )  B_SPLINE_CURVE ( 3, ( #299, #3262, #4862, #4373 ),
 .UNSPECIFIED., .F., .T. ) 
 B_SPLINE_CURVE_WITH_KNOTS ( ( 4, 4 ),
 ( 1.570796326794896558, 3.141592653589793116 ),
 .UNSPECIFIED. ) 
 CURVE ( )  GEOMETRIC_REPRESENTATION_ITEM ( )  RATIONAL_B_SPLINE_CURVE ( ( 1.000000000000000000, 0.8047378541243649375, 0.8047378541243649375, 1.000000000000000000 ) ) 
 REPRESENTATION_ITEM ( '' )  );
#49 = DIRECTION ( 'NONE',  ( 1.000000000000000000, 0.000000000000000000, -1.224646799147353207E-16 ) ) ;
#50 = CARTESIAN_POINT ( 'NONE',  ( 3.145033401323627409, -10.22360000000000291, 0.6453228415265582774 ) ) ;
#51 = CARTESIAN_POINT ( 'NONE',  ( -3.286931527798970354, -5.223600000000002908, 11.67656332996270407 ) ) ;
#52 = CARTESIAN_POINT ( 'NONE',  ( -4.074161836859234498, -6.023600000000001842, 11.19366764997448804 ) ) ;
#53 = CARTESIAN_POINT ( 'NONE',  ( -3.371383704095251677, -5.804252739597616895, 8.712987613336336423 ) ) ;
#54 = ADVANCED_FACE ( 'NONE', ( #2105 ), #132, .T. ) ;
#55 = CARTESIAN_POINT ( 'NONE',  ( 0.6526169963369955473, -6.007025255839962163, 3.277299610605177271 ) ) ;
#56 = CARTESIAN_POINT ( 'NONE',  ( -0.2525788504597546447, -21.62160024729612928, 1.661976853526015097 ) ) ;
#57 = EDGE_CURVE ( 'NONE', #4490, #4694, #2859, .T. ) ;
#58 = CARTESIAN_POINT ( 'NONE',  ( -3.455561915871547818, -6.032364072570675084, 8.678681889892994050 ) ) ;
#59 = CARTESIAN_POINT ( 'NONE',  ( -1.089002206389666050, -21.35885658381612018, 0.3593341409392288854 ) ) ;
#60 = VERTEX_POINT ( 'NONE', #532 ) ;
#61 = CARTESIAN_POINT ( 'NONE',  ( 1.005092638291665619, -20.94195195545394839, 0.9394968090663310401 ) ) ;
#62 = VECTOR ( 'NONE', #5248, 1000.000000000000000 ) ;
#63 = CARTESIAN_POINT ( 'NONE',  ( -0.2405302348885212660, -20.25240986749147964, 0.9545942174723914819 ) ) ;
#64 = AXIS2_PLACEMENT_3D ( 'NONE', #9, #1652, #4151 ) ;
#65 = CARTESIAN_POINT ( 'NONE',  ( -0.8551865754238027195, -19.61462276162465912, 2.460115456614265561 ) ) ;
#66 = CARTESIAN_POINT ( 'NONE',  ( -3.457326396858398709, -6.049800596300666911, 8.674180420002677749 ) ) ;
#67 = CIRCLE ( 'NONE', #3753, 9.231956998270137049 ) ;
#68 = ORIENTED_EDGE ( 'NONE', *, *, #2916, .F. ) ;
#69 = LINE ( 'NONE', #1260, #2260 ) ;
#70 = ORIENTED_EDGE ( 'NONE', *, *, #479, .F. ) ;
#71 = PRODUCT_DEFINITION_FORMATION_WITH_SPECIFIED_SOURCE ( 'ANY', '', #2829, .NOT_KNOWN. ) ;
#72 = CARTESIAN_POINT ( 'NONE',  ( 3.513424155830965567, -5.523600000000001842, 8.499999999999998224 ) ) ;
#73 = ORIENTED_EDGE ( 'NONE', *, *, #4039, .T. ) ;
#74 = CARTESIAN_POINT ( 'NONE',  ( -1.434600798847587511, -18.16111968852399983, 7.163690017101938423 ) ) ;
#75 = AXIS2_PLACEMENT_3D ( 'NONE', #3293, #3804, #4133 ) ;
#76 = EDGE_CURVE ( 'NONE', #3877, #3795, #5071, .T. ) ;
#77 = CARTESIAN_POINT ( 'NONE',  ( -0.6677926086383848547, -20.61166130683502828, -0.1054815087422034392 ) ) ;
#78 = DIRECTION ( 'NONE',  ( 0.000000000000000000, 1.000000000000000000, -0.000000000000000000 ) ) ;
#79 = ORIENTED_EDGE ( 'NONE', *, *, #5069, .T. ) ;
#80 = LINE ( 'NONE', #1672, #2314 ) ;
#81 =( BOUNDED_SURFACE ( )  B_SPLINE_SURFACE ( 3, 2, ( 
 ( #828, #3250, #3274 ),
 ( #1239, #4087, #3805 ),
 ( #2025, #2453, #5058 ),
 ( #4515, #2476, #1589 ),
 ( #1767, #5310, #1740 ),
 ( #2826, #1367, #395 ),
 ( #4467, #4116, #422 ),
 ( #3222, #3705, #958 ),
 ( #4037, #1190, #4062 ),
 ( #4876, #2051, #1618 ) ),
 .UNSPECIFIED., .F., .F., .T. ) 
 B_SPLINE_SURFACE_WITH_KNOTS ( ( 4, 2, 2, 2, 4 ),
 ( 3, 3 ),
 ( -1.707618421664669484E-18, 0.0002381531895662631943, 0.0004763063791325280690, 0.0007144595686987929980, 0.0009526127582650578728 ),
 ( 0.000000000000000000, 1.000000000000000000 ),
 .UNSPECIFIED. ) 
 GEOMETRIC_REPRESENTATION_ITEM ( )  RATIONAL_B_SPLINE_SURFACE ( (
 ( 1.000000000000000000, 0.7983762764968062031, 1.000000000000000000),
 ( 1.000000000000000000, 0.7973869748553309433, 1.000000000000000000),
 ( 1.000000000000000000, 0.8023592042771164889, 1.000000000000000000),
 ( 1.000000000000000000, 0.8173519472397857699, 1.000000000000000000),
 ( 1.000000000000000000, 0.8272213285957656925, 1.000000000000000000),
 ( 1.000000000000000000, 0.8371175127210124245, 1.000000000000000000),
 ( 1.000000000000000000, 0.8364604271214762798, 1.000000000000000000),
 ( 1.000000000000000000, 0.8213986073675495492, 1.000000000000000000),
 ( 1.000000000000000000, 0.8078567064107241569, 1.000000000000000000),
 ( 1.000000000000000000, 0.7948145652897004032, 1.000000000000000000) ) ) 
 REPRESENTATION_ITEM ( '' )  SURFACE ( )  );
#82 = CARTESIAN_POINT ( 'NONE',  ( -0.9466366841231678153, -19.88544577355953535, 2.388120851341363871 ) ) ;
#83 = CARTESIAN_POINT ( 'NONE',  ( 8.673617379884035472E-16, -5.523600000000001842, 1.328125000000000222 ) ) ;
#84 = CARTESIAN_POINT ( 'NONE',  ( -0.6337519327692689997, -22.63723576925285741, 0.7358131158429839225 ) ) ;
#85 = DIRECTION ( 'NONE',  ( 0.000000000000000000, 0.000000000000000000, -1.000000000000000000 ) ) ;
#86 = CARTESIAN_POINT ( 'NONE',  ( -3.376716816992455072, -7.909906745743265688, 8.717557192676258282 ) ) ;
#87 = EDGE_CURVE ( 'NONE', #3266, #3022, #387, .T. ) ;
#88 = ORIENTED_EDGE ( 'NONE', *, *, #1681, .F. ) ;
#89 = CARTESIAN_POINT ( 'NONE',  ( 3.529431143074094557, -6.062208752428976943, 12.46390024513066486 ) ) ;
#90 = DIRECTION ( 'NONE',  ( 1.823493734064335959E-18, 0.9998891384553271200, -0.01488995631502832567 ) ) ;
#91 = CARTESIAN_POINT ( 'NONE',  ( -0.9075883152293351408, -19.33754378531154927, 2.934814467915234371 ) ) ;
#92 = DIRECTION ( 'NONE',  ( -0.000000000000000000, -1.000000000000000000, -0.000000000000000000 ) ) ;
#93 = ORIENTED_EDGE ( 'NONE', *, *, #3658, .T. ) ;
#94 = ORIENTED_EDGE ( 'NONE', *, *, #1708, .F. ) ;
#95 = CARTESIAN_POINT ( 'NONE',  ( 4.085232793243724458, -6.048352229588949136, 11.87376759857481723 ) ) ;
#96 = VERTEX_POINT ( 'NONE', #2783 ) ;
#97 = EDGE_CURVE ( 'NONE', #568, #2969, #770, .T. ) ;
#98 = EDGE_CURVE ( 'NONE', #3795, #4742, #4857, .T. ) ;
#99 = CARTESIAN_POINT ( 'NONE',  ( -1.739576869458931354E-17, -26.61166130683501052, -3.921601983822704400E-14 ) ) ;
#100 = ORIENTED_EDGE ( 'NONE', *, *, #445, .F. ) ;
#101 = DIRECTION ( 'NONE',  ( -0.3420201433256695456, 0.000000000000000000, -0.9396926207859080948 ) ) ;
#102 = CARTESIAN_POINT ( 'NONE',  ( 3.616310929552232434, -5.291572630566750313, -1.038079718273118957 ) ) ;
#103 = CARTESIAN_POINT ( 'NONE',  ( 4.090873211456828251, -8.221724681947687685, 8.238461733891671912 ) ) ;
#104 = ADVANCED_FACE ( 'NONE', ( #2013 ), #4405, .T. ) ;
#105 = DIRECTION ( 'NONE',  ( 0.000000000000000000, 0.000000000000000000, -1.000000000000000000 ) ) ;
#106 = CARTESIAN_POINT ( 'NONE',  ( 3.729937360651441658, -5.923054082047876534, 8.499999999999998224 ) ) ;
#107 = CIRCLE ( 'NONE', #3107, 12.95327247724426023 ) ;
#108 = CARTESIAN_POINT ( 'NONE',  ( -6.776263578034402713E-18, -5.223600000000002019, 7.935293592964444365 ) ) ;
#109 = CARTESIAN_POINT ( 'NONE',  ( -0.9621264216240906775, -22.02612712890921998, 0.4336289085747153105 ) ) ;
#110 = CARTESIAN_POINT ( 'NONE',  ( 4.051468404506904264, -8.238870369359517554, 7.989544923836624513 ) ) ;
#111 = CARTESIAN_POINT ( 'NONE',  ( 0.6677926086382146575, -20.61166130683506026, -0.1054815087424721270 ) ) ;
#112 = VERTEX_POINT ( 'NONE', #5271 ) ;
#113 = CARTESIAN_POINT ( 'NONE',  ( 2.591163849166859379, -16.58256501284983386, 6.704538412800260971 ) ) ;
#114 = DIRECTION ( 'NONE',  ( 0.000000000000000000, 0.9454808424004145229, 0.3256777190011662104 ) ) ;
#115 = CARTESIAN_POINT ( 'NONE',  ( -1.075516975130029085, -21.13720721958750204, 0.4921237790807414525 ) ) ;
#116 = CARTESIAN_POINT ( 'NONE',  ( -3.009440682096074404, -17.10246185427756416, 6.291365040164526690 ) ) ;
#117 = ORIENTED_EDGE ( 'NONE', *, *, #4998, .F. ) ;
#118 = ORIENTED_EDGE ( 'NONE', *, *, #1383, .T. ) ;
#119 = DIRECTION ( 'NONE',  ( 0.000000000000000000, -0.02248526024238758220, 0.9997471745755683870 ) ) ;
#120 = LINE ( 'NONE', #2999, #4902 ) ;
#121 = VECTOR ( 'NONE', #1194, 1000.000000000000000 ) ;
#122 = VERTEX_POINT ( 'NONE', #2865 ) ;
#123 = EDGE_CURVE ( 'NONE', #681, #297, #4506, .T. ) ;
#124 = CARTESIAN_POINT ( 'NONE',  ( 2.348095774218023735, -5.144023566480709242, 8.596490577696235036 ) ) ;
#125 = CARTESIAN_POINT ( 'NONE',  ( -1.045382274242308451, -5.293228461651831473, 3.423031478852625931 ) ) ;
#126 = ORIENTED_EDGE ( 'NONE', *, *, #3906, .F. ) ;
#127 = CARTESIAN_POINT ( 'NONE',  ( 3.186545714849895461, -5.697142317759134933, 8.906310680999053986 ) ) ;
#128 =( NAMED_UNIT ( * ) SI_UNIT ( $, .STERADIAN. ) SOLID_ANGLE_UNIT ( ) );
#129 = DIRECTION ( 'NONE',  ( -0.000000000000000000, -1.000000000000000000, -0.000000000000000000 ) ) ;
#130 = ORIENTED_EDGE ( 'NONE', *, *, #3905, .T. ) ;
#131 = CARTESIAN_POINT ( 'NONE',  ( 3.346809689424499190, -5.343940055351857232, 8.499999999999998224 ) ) ;
#132 = TOROIDAL_SURFACE ( 'NONE', #651, 4.141517772942822972, 0.8000000000000000444 ) ;
#133 = CARTESIAN_POINT ( 'NONE',  ( -3.676326382258749970, -5.223599999999978039, 12.43378829214453418 ) ) ;
#134 = CARTESIAN_POINT ( 'NONE',  ( -1.073024850701886690, -21.47203474080033203, 0.3574370873013126837 ) ) ;
#135 = CARTESIAN_POINT ( 'NONE',  ( -3.395906720551296942, -5.799081263125145824, 8.645180119099196148 ) ) ;
#136 = CARTESIAN_POINT ( 'NONE',  ( -0.6503202544897050963, -6.015313349084798311, -3.277493433085200358 ) ) ;
#137 = ORIENTED_EDGE ( 'NONE', *, *, #2499, .T. ) ;
#138 = CARTESIAN_POINT ( 'NONE',  ( 2.762075709327675543, -17.74523588722920309, 6.137523554541192361 ) ) ;
#139 = CARTESIAN_POINT ( 'NONE',  ( 3.430454302130840016, -5.929780736102772565, 9.425095733575343360 ) ) ;
#140 = EDGE_CURVE ( 'NONE', #469, #60, #4959, .T. ) ;
#141 = CARTESIAN_POINT ( 'NONE',  ( -0.6053456404448968042, -20.46071469325239178, 0.7154450696757049810 ) ) ;
#142 =( BOUNDED_SURFACE ( )  B_SPLINE_SURFACE ( 3, 2, ( 
 ( #1722, #1644, #77 ),
 ( #1242, #3682, #830 ),
 ( #2583, #4984, #3729 ),
 ( #3301, #908, #1324 ) ),
 .UNSPECIFIED., .F., .F., .F. ) 
 B_SPLINE_SURFACE_WITH_KNOTS ( ( 4, 4 ),
 ( 3, 3 ),
 ( -5.421010862427522170E-20, 0.0003299185307380332827 ),
 ( 0.000000000000000000, 1.000000000000000000 ),
 .UNSPECIFIED. ) 
 GEOMETRIC_REPRESENTATION_ITEM ( )  RATIONAL_B_SPLINE_SURFACE ( (
 ( 1.000000000000000000, 0.6568757681177607166, 1.000000000000000000),
 ( 1.000000000000000000, 0.6641521592527526163, 1.000000000000000000),
 ( 1.000000000000000000, 0.6670307070455397946, 1.000000000000000000),
 ( 1.000000000000000000, 0.6614944293722376800, 1.000000000000000000) ) ) 
 REPRESENTATION_ITEM ( '' )  SURFACE ( )  );
#143 = CARTESIAN_POINT ( 'NONE',  ( -2.469040133944087501, -17.11748226408509410, 7.123947327078728797 ) ) ;
#144 = AXIS2_PLACEMENT_3D ( 'NONE', #4437, #4464, #3568 ) ;
#145 = VERTEX_POINT ( 'NONE', #3341 ) ;
#146 = CARTESIAN_POINT ( 'NONE',  ( -1.071770384289873146, -19.01991269167395870, 6.188140586319790692 ) ) ;
#147 = CARTESIAN_POINT ( 'NONE',  ( 3.430278912005091829, -6.066457142857145435, 9.424613853165258348 ) ) ;
#148 = ORIENTED_EDGE ( 'NONE', *, *, #2134, .F. ) ;
#149 = VECTOR ( 'NONE', #5159, 1000.000000000000000 ) ;
#150 = CARTESIAN_POINT ( 'NONE',  ( 0.3281995862651921336, -18.86974185771078183, 1.869349431673980266 ) ) ;
#151 = CARTESIAN_POINT ( 'NONE',  ( 1.204084902574642069, -19.74704483549231426, 6.868060804622587945 ) ) ;
#152 = EDGE_LOOP ( 'NONE', ( #1737, #3298, #624, #1622 ) ) ;
#153 = CARTESIAN_POINT ( 'NONE',  ( -6.776263578034402713E-18, -6.023600000000001842, 9.635293592964444542 ) ) ;
#154 = CARTESIAN_POINT ( 'NONE',  ( -2.351595843561857357, -5.223600000000002019, 8.799999999999997158 ) ) ;
#155 = AXIS2_PLACEMENT_3D ( 'NONE', #5218, #768, #3530 ) ;
#156 = ORIENTED_EDGE ( 'NONE', *, *, #3567, .F. ) ;
#157 = CARTESIAN_POINT ( 'NONE',  ( 11.10682268589476251, -5.256156509894806206, 0.008445027396350661408 ) ) ;
#158 = EDGE_CURVE ( 'NONE', #4724, #5086, #345, .T. ) ;
#159 = PLANE ( 'NONE',  #1064 ) ;
#160 = CARTESIAN_POINT ( 'NONE',  ( 2.942487294213027127, -5.223600000000001131, 8.497656328459070707 ) ) ;
#161 = CARTESIAN_POINT ( 'NONE',  ( 4.166311850378542125, -8.223600000000001131, 8.219405669589157526 ) ) ;
#162 = CARTESIAN_POINT ( 'NONE',  ( -3.411766591698313977, -7.290438466339121071, 8.697953794654370796 ) ) ;
#163 = ORIENTED_EDGE ( 'NONE', *, *, #4140, .F. ) ;
#164 = CARTESIAN_POINT ( 'NONE',  ( 2.791865160076975716, -15.96926196417064503, 7.701885666775711847 ) ) ;
#165 = CARTESIAN_POINT ( 'NONE',  ( 3.430454302130839572, -6.023600000000001842, 9.425095733575343360 ) ) ;
#166 = DIRECTION ( 'NONE',  ( 0.000000000000000000, 0.000000000000000000, 1.000000000000000000 ) ) ;
#167 = CARTESIAN_POINT ( 'NONE',  ( -1.684506229300326785, -18.81819456669640545, 6.065039755546029809 ) ) ;
#168 = ORIENTED_EDGE ( 'NONE', *, *, #3211, .T. ) ;
#169 = EDGE_CURVE ( 'NONE', #879, #285, #5047, .T. ) ;
#170 = DIRECTION ( 'NONE',  ( -0.9972455493786916980, 0.000000000000000000, -0.07417084497557846490 ) ) ;
#171 = CARTESIAN_POINT ( 'NONE',  ( -1.071293912522879310, -5.291176565819550426, -3.608609239872190511 ) ) ;
#172 = B_SPLINE_CURVE_WITH_KNOTS ( 'NONE', 3,
 ( #3652, #1558, #776, #283, #4033, #4382, #2450, #5307 ),
 .UNSPECIFIED., .F., .F.,
 ( 4, 2, 2, 4 ),
 ( 0.000000000000000000, 0.0003476922077439670799, 0.0006953844154879341597, 0.001390768830975868970 ),
 .UNSPECIFIED. ) ;
#173 = ORIENTED_EDGE ( 'NONE', *, *, #3044, .T. ) ;
#174 =( BOUNDED_SURFACE ( )  B_SPLINE_SURFACE ( 3, 2, ( 
 ( #3954, #1806, #697 ),
 ( #3846, #160, #4934 ),
 ( #2878, #3275, #3573 ),
 ( #4469, #4878, #1243 ),
 ( #4090, #3198, #4850 ),
 ( #3683, #1218, #2 ) ),
 .UNSPECIFIED., .F., .F., .T. ) 
 B_SPLINE_SURFACE_WITH_KNOTS ( ( 4, 2, 4 ),
 ( 3, 3 ),
 ( -1.249543003789543860E-17, 0.0004027428963621915441, 0.0008054857927243955565 ),
 ( 0.000000000000000000, 1.000000000000000000 ),
 .UNSPECIFIED. ) 
 GEOMETRIC_REPRESENTATION_ITEM ( )  RATIONAL_B_SPLINE_SURFACE ( (
 ( 1.000000000000000000, 0.9149054135421057499, 1.000000000000000000),
 ( 1.000000000000000000, 0.8899026496833459809, 1.000000000000000000),
 ( 1.000000000000000000, 0.8592403976914292363, 1.000000000000000000),
 ( 1.000000000000000000, 0.7873135928028333064, 1.000000000000000000),
 ( 1.000000000000000000, 0.7470322438702083900, 1.000000000000000000),
 ( 1.000000000000000000, 0.7071067811865454633, 1.000000000000000000) ) ) 
 REPRESENTATION_ITEM ( '' )  SURFACE ( )  );
#175 = CARTESIAN_POINT ( 'NONE',  ( 2.547329845036482077, -5.150975093733393351, 8.604714682108781432 ) ) ;
#176 = DIRECTION ( 'NONE',  ( -0.000000000000000000, -1.000000000000000000, -0.000000000000000000 ) ) ;
#177 = ORIENTED_EDGE ( 'NONE', *, *, #169, .F. ) ;
#178 = CARTESIAN_POINT ( 'NONE',  ( -1.096514714922336875, -18.96477113877151766, 6.254483981276696802 ) ) ;
#179 =( LENGTH_UNIT ( ) NAMED_UNIT ( * ) SI_UNIT ( .MILLI., .METRE. ) );
#180 = CARTESIAN_POINT ( 'NONE',  ( 0.4893864798667468818, -20.61166130683513842, -0.1748052949682844526 ) ) ;
#181 = VERTEX_POINT ( 'NONE', #1388 ) ;
#182 = FACE_OUTER_BOUND ( 'NONE', #2963, .T. ) ;
#183 = DIRECTION ( 'NONE',  ( 0.000000000000000000, 0.000000000000000000, -1.000000000000000000 ) ) ;
#184 = ADVANCED_FACE ( 'NONE', ( #4587 ), #4440, .T. ) ;
#185 = AXIS2_PLACEMENT_3D ( 'NONE', #3570, #1640, #312 ) ;
#186 = CARTESIAN_POINT ( 'NONE',  ( -0.9617131821171334138, -20.11961686303033048, 2.146134024808231455 ) ) ;
#187 = ORIENTED_EDGE ( 'NONE', *, *, #1774, .T. ) ;
#188 = ADVANCED_FACE ( 'NONE', ( #3392 ), #2895, .F. ) ;
#189 = ORIENTED_EDGE ( 'NONE', *, *, #4044, .T. ) ;
#190 = CARTESIAN_POINT ( 'NONE',  ( 0.000000000000000000, -28.05532062337107746, 0.000000000000000000 ) ) ;
#191 = CARTESIAN_POINT ( 'NONE',  ( -0.6503202544897052073, -8.406254681170794996, -3.201687193107751739 ) ) ;
#192 = CARTESIAN_POINT ( 'NONE',  ( -2.944998364066556906, -15.15189579060438518, 8.091316505603648679 ) ) ;
#193 = CARTESIAN_POINT ( 'NONE',  ( -2.874594308752953520, -15.56740880619122436, 7.897882953391489380 ) ) ;
#194 = VERTEX_POINT ( 'NONE', #2967 ) ;
#195 = CARTESIAN_POINT ( 'NONE',  ( -1.245508709227899358, -18.63492575968916043, 6.653831687131303241 ) ) ;
#196 = DIRECTION ( 'NONE',  ( 0.01832257718630355206, 0.000000000000000000, -0.9998321274920365376 ) ) ;
#197 = DIRECTION ( 'NONE',  ( 0.000000000000000000, 1.000000000000000000, 0.000000000000000000 ) ) ;
#198 = CARTESIAN_POINT ( 'NONE',  ( 1.205126340427112197, -18.82502559212512949, 0.8983730040111274073 ) ) ;
#199 = CARTESIAN_POINT ( 'NONE',  ( 0.6503202544897052073, -10.22360000000000291, -3.089420301609855368 ) ) ;
#200 = EDGE_LOOP ( 'NONE', ( #3952, #4379, #3179, #692, #2249 ) ) ;
#201 = CARTESIAN_POINT ( 'NONE',  ( 0.3803788195380376491, -22.84673846357391014, 0.8654241768516705013 ) ) ;
#202 = VECTOR ( 'NONE', #3037, 1000.000000000000000 ) ;
#203 = CARTESIAN_POINT ( 'NONE',  ( -1.000000000000000222, -21.36881835441096555, 0.000000000000000000 ) ) ;
#204 = CARTESIAN_POINT ( 'NONE',  ( -2.511405769509714163E-16, -21.62119274992385343, 1.701940561676998698 ) ) ;
#205 = EDGE_LOOP ( 'NONE', ( #1474, #4611, #5181, #2746, #1113 ) ) ;
#206 = CARTESIAN_POINT ( 'NONE',  ( -2.857386396919389338, -5.365809237181967895, 8.858397526555672030 ) ) ;
#207 = EDGE_LOOP ( 'NONE', ( #3586, #5052, #1187, #1659 ) ) ;
#208 = CARTESIAN_POINT ( 'NONE',  ( -2.511405769509714163E-16, -21.62119274992385343, 1.701940561676998698 ) ) ;
#209 = CARTESIAN_POINT ( 'NONE',  ( 3.343757939411938995, -15.75313580775913813, 6.647809252402591795 ) ) ;
#210 = ORIENTED_EDGE ( 'NONE', *, *, #4908, .T. ) ;
#211 = EDGE_LOOP ( 'NONE', ( #1432, #442, #560, #3614, #3045, #4661 ) ) ;
#212 = CARTESIAN_POINT ( 'NONE',  ( 3.454536624855721438, -14.87143545753629859, 6.891211734661825794 ) ) ;
#213 = ADVANCED_FACE ( 'NONE', ( #2168 ), #473, .T. ) ;
#214 = FACE_OUTER_BOUND ( 'NONE', #4184, .T. ) ;
#215 = DIRECTION ( 'NONE',  ( 0.000000000000000000, 0.000000000000000000, -1.000000000000000000 ) ) ;
#216 = EDGE_CURVE ( 'NONE', #311, #96, #4010, .T. ) ;
#217 = CARTESIAN_POINT ( 'NONE',  ( 3.202704520056084192, -8.406050728223174673, 0.6453228415265582774 ) ) ;
#218 = VERTEX_POINT ( 'NONE', #5081 ) ;
#219 = CARTESIAN_POINT ( 'NONE',  ( 2.480776155942099326, -5.223599999999993138, 8.675478005139730442 ) ) ;
#220 = DIRECTION ( 'NONE',  ( -0.3420201433256689350, 0.000000000000000000, -0.9396926207859085389 ) ) ;
#221 = CARTESIAN_POINT ( 'NONE',  ( 2.051815616609911963, -18.08468868069105540, 6.634026181745753092 ) ) ;
#222 = LINE ( 'NONE', #581, #3462 ) ;
#223 = CARTESIAN_POINT ( 'NONE',  ( 3.094200735919836021, -13.66885252286969532, 8.501246653199526548 ) ) ;
#224 = VERTEX_POINT ( 'NONE', #4259 ) ;
#225 = CARTESIAN_POINT ( 'NONE',  ( 0.1000931355105609127, -22.94198926555778684, 0.9276379657099915743 ) ) ;
#226 = VECTOR ( 'NONE', #2811, 1000.000000000000227 ) ;
#227 = PRESENTATION_STYLE_ASSIGNMENT (( #2209 ) ) ;
#228 = CARTESIAN_POINT ( 'NONE',  ( -0.7704550081991391464, -5.587539116389003802, -3.184018631755650919 ) ) ;
#229 = ORIENTED_EDGE ( 'NONE', *, *, #1673, .F. ) ;
#230 = CARTESIAN_POINT ( 'NONE',  ( -3.416139147169891643, -5.489951972857838314, 8.500000000000101252 ) ) ;
#231 = ORIENTED_EDGE ( 'NONE', *, *, #382, .T. ) ;
#232 = AXIS2_PLACEMENT_3D ( 'NONE', #653, #2998, #119 ) ;
#233 = CARTESIAN_POINT ( 'NONE',  ( 3.278930117175741898, -5.998740736633151549, 0.6457091741690914599 ) ) ;
#234 = CARTESIAN_POINT ( 'NONE',  ( 2.712061078226752908, -5.265945054406685699, 8.680553263871695790 ) ) ;
#235 = B_SPLINE_CURVE_WITH_KNOTS ( 'NONE', 3,
 ( #4585, #4532, #4180, #844, #4129, #1760 ),
 .UNSPECIFIED., .F., .F.,
 ( 4, 2, 4 ),
 ( 0.000000000000000000, 0.0002345473759661842808, 0.0004690947519323685616 ),
 .UNSPECIFIED. ) ;
#236 = ORIENTED_EDGE ( 'NONE', *, *, #3443, .T. ) ;
#237 = ORIENTED_EDGE ( 'NONE', *, *, #5272, .T. ) ;
#238 = CARTESIAN_POINT ( 'NONE',  ( 0.9333333333333329040, -15.21026384782077656, 8.131487309271253849 ) ) ;
#239 = VECTOR ( 'NONE', #1457, 1000.000000000000000 ) ;
#240 = DIRECTION ( 'NONE',  ( -0.07417084497557847877, 0.000000000000000000, 0.9972455493786916980 ) ) ;
#241 = CARTESIAN_POINT ( 'NONE',  ( -11.02805480966385865, -8.223600000000001131, 0.01311323393780364048 ) ) ;
#242 = LINE ( 'NONE', #1089, #5314 ) ;
#243 = CARTESIAN_POINT ( 'NONE',  ( 0.000000000000000000, -5.998740736633151549, 0.000000000000000000 ) ) ;
#244 = VERTEX_POINT ( 'NONE', #4340 ) ;
#245 = DIRECTION ( 'NONE',  ( 0.000000000000000000, 0.000000000000000000, 1.000000000000000000 ) ) ;
#246 = CARTESIAN_POINT ( 'NONE',  ( 3.122849337825748694E-17, -23.72360000000000113, 0.2549999999999998379 ) ) ;
#247 = B_SPLINE_CURVE_WITH_KNOTS ( 'NONE', 3,
 ( #5125, #3411, #4251, #1327 ),
 .UNSPECIFIED., .F., .F.,
 ( 4, 4 ),
 ( 0.000000000000000000, 2.629221771201998014E-05 ),
 .UNSPECIFIED. ) ;
#248 = CARTESIAN_POINT ( 'NONE',  ( -2.886292355423575984, -5.321368850562423702, 8.621674988325914057 ) ) ;
#249 = CARTESIAN_POINT ( 'NONE',  ( 0.7878889607286613250, -22.42802825810387901, 0.6157364450006720391 ) ) ;
#250 = CARTESIAN_POINT ( 'NONE',  ( -3.291819351372140545, -6.045709303207895680, 9.044199336818715906 ) ) ;
#251 = VERTEX_POINT ( 'NONE', #5131 ) ;
#252 = CARTESIAN_POINT ( 'NONE',  ( 3.706567601233272224, -5.838443220003052048, 8.499999999999998224 ) ) ;
#253 = EDGE_CURVE ( 'NONE', #393, #3394, #3383, .T. ) ;
#254 = CARTESIAN_POINT ( 'NONE',  ( 0.6953022067477084844, -20.97029500947175151, 0.000000000000000000 ) ) ;
#255 = CARTESIAN_POINT ( 'NONE',  ( 0.1083824759169776664, -20.61166130683500342, -0.2308207939378634221 ) ) ;
#256 = CARTESIAN_POINT ( 'NONE',  ( -3.186545714850227640, -5.697142317759746000, 8.906310680998878127 ) ) ;
#257 = ORIENTED_EDGE ( 'NONE', *, *, #3048, .T. ) ;
#258 = CARTESIAN_POINT ( 'NONE',  ( 1.583285280397700674E-15, -5.223600000000002019, 0.000000000000000000 ) ) ;
#259 = CARTESIAN_POINT ( 'NONE',  ( -3.513424155829811824, -5.223600000000002019, 8.499999999999610978 ) ) ;
#260 = FACE_OUTER_BOUND ( 'NONE', #5268, .T. ) ;
#261 = EDGE_CURVE ( 'NONE', #2071, #4042, #2876, .T. ) ;
#262 = CARTESIAN_POINT ( 'NONE',  ( -0.3287057722769321511, -18.87058053268609470, 1.868899110014862863 ) ) ;
#263 = EDGE_LOOP ( 'NONE', ( #3303, #2886, #3225, #94, #849, #5210 ) ) ;
#264 = ORIENTED_EDGE ( 'NONE', *, *, #1903, .F. ) ;
#265 = CARTESIAN_POINT ( 'NONE',  ( -0.07678356129661811913, -14.69370565282986973, 7.201682558287624936 ) ) ;
#266 = DIRECTION ( 'NONE',  ( 0.9999952515883353543, 0.000000000000000000, 0.003081687976090580813 ) ) ;
#267 = CARTESIAN_POINT ( 'NONE',  ( -3.108501401300021172, -7.550275164009923934, 8.540537408420600940 ) ) ;
#268 = DIRECTION ( 'NONE',  ( -0.000000000000000000, -1.000000000000000000, -0.000000000000000000 ) ) ;
#269 = CARTESIAN_POINT ( 'NONE',  ( 3.087602807671643745, -10.95436322373739912, 11.65632427772831115 ) ) ;
#270 = VERTEX_POINT ( 'NONE', #3068 ) ;
#271 = DIRECTION ( 'NONE',  ( -1.000000000000000000, 0.000000000000000000, 0.000000000000000000 ) ) ;
#272 = CARTESIAN_POINT ( 'NONE',  ( 3.839492096996865556, -10.06709074818978955, 10.54891783867325472 ) ) ;
#273 = CARTESIAN_POINT ( 'NONE',  ( 0.000000000000000000, -17.33419824958559374, 0.000000000000000000 ) ) ;
#274 = AXIS2_PLACEMENT_3D ( 'NONE', #1261, #391, #2921 ) ;
#275 = CARTESIAN_POINT ( 'NONE',  ( 0.8965864569323062083, -21.85244327259085750, 0.6234625741773744956 ) ) ;
#276 = CARTESIAN_POINT ( 'NONE',  ( -0.2546532291718136554, -20.60625818956603084, -0.05952038208104972611 ) ) ;
#277 = ORIENTED_EDGE ( 'NONE', *, *, #3609, .T. ) ;
#278 = CARTESIAN_POINT ( 'NONE',  ( 0.06332805640029734451, -20.29240553630108224, 0.8498487693891494388 ) ) ;
#279 = EDGE_CURVE ( 'NONE', #3891, #1731, #4080, .T. ) ;
#280 = CARTESIAN_POINT ( 'NONE',  ( -0.4967235089307900919, -10.22360000000000291, 10.53529359296444490 ) ) ;
#281 = ADVANCED_FACE ( 'NONE', ( #3904 ), #2694, .F. ) ;
#282 = AXIS2_PLACEMENT_3D ( 'NONE', #3708, #129, #1349 ) ;
#283 = CARTESIAN_POINT ( 'NONE',  ( -0.7608371713797703606, -5.571955296321650764, 3.388076894071053058 ) ) ;
#284 = FACE_OUTER_BOUND ( 'NONE', #4817, .T. ) ;
#285 = VERTEX_POINT ( 'NONE', #622 ) ;
#286 = DIRECTION ( 'NONE',  ( 0.9849774736889250759, 1.647722800926690849E-15, 0.1726828779160891059 ) ) ;
#287 = CARTESIAN_POINT ( 'NONE',  ( 3.513424155830965567, -5.223600000000002019, 8.199999999999999289 ) ) ;
#288 = DIRECTION ( 'NONE',  ( 1.775418605495224019E-15, 0.000000000000000000, -1.000000000000000000 ) ) ;
#289 = CARTESIAN_POINT ( 'NONE',  ( 0.000000000000000000, -15.00555694826952191, 0.000000000000000000 ) ) ;
#290 = AXIS2_PLACEMENT_3D ( 'NONE', #646, #1892, #2722 ) ;
#291 = ORIENTED_EDGE ( 'NONE', *, *, #4760, .F. ) ;
#292 = ORIENTED_EDGE ( 'NONE', *, *, #2916, .T. ) ;
#293 = CARTESIAN_POINT ( 'NONE',  ( -0.2325607036558766938, -18.47333018915866987, 4.104975689306183284 ) ) ;
#294 = CARTESIAN_POINT ( 'NONE',  ( 1.321313259014213945E-16, -20.29241098832033785, 0.8498342873605899683 ) ) ;
#295 = DIRECTION ( 'NONE',  ( -0.3173306201622744793, 0.9454808424004144118, 0.07326154626561645622 ) ) ;
#296 = CARTESIAN_POINT ( 'NONE',  ( -3.655921818073584184, -6.061544850672423657, 12.39918311450161070 ) ) ;
#297 = VERTEX_POINT ( 'NONE', #4745 ) ;
#298 = CARTESIAN_POINT ( 'NONE',  ( 0.6648583865039341401, -8.823603813932210826, 3.185475591182367339 ) ) ;
#299 = CARTESIAN_POINT ( 'NONE',  ( -10.94999999999999751, -5.223600000000002019, 8.200000000000001066 ) ) ;
#300 = ADVANCED_FACE ( 'NONE', ( #2247 ), #2687, .F. ) ;
#301 = DIRECTION ( 'NONE',  ( 0.000000000000000000, 1.000000000000000000, 0.000000000000000000 ) ) ;
#302 = CARTESIAN_POINT ( 'NONE',  ( 0.9583105063051267081, -21.73122061761633006, 0.5570364178808100419 ) ) ;
#303 = CARTESIAN_POINT ( 'NONE',  ( 3.966525163421549927, -8.215788792896743686, 8.269118515434728423 ) ) ;
#304 = ORIENTED_EDGE ( 'NONE', *, *, #325, .F. ) ;
#305 = CARTESIAN_POINT ( 'NONE',  ( 0.8062218787503884210, -20.61166130683501052, -0.05246226372922063036 ) ) ;
#306 = CARTESIAN_POINT ( 'NONE',  ( -0.5519150099231002748, -22.81035036234944968, 0.000000000000000000 ) ) ;
#307 = CARTESIAN_POINT ( 'NONE',  ( -3.513424155829364182, -5.523600000000001842, 8.500000000000000000 ) ) ;
#308 =( BOUNDED_SURFACE ( )  B_SPLINE_SURFACE ( 3, 2, ( 
 ( #1904, #3536, #5198 ),
 ( #1502, #4676, #3564 ),
 ( #4868, #2817, #4431 ),
 ( #2363, #2789, #1130 ),
 ( #3187, #1210, #744 ),
 ( #1556, #4082, #2761 ),
 ( #2393, #2735, #4380 ),
 ( #4403, #5305, #715 ),
 ( #4030, #1962, #3242 ),
 ( #4000, #1156, #305 ),
 ( #1932, #3595, #4901 ),
 ( #3673, #688, #3133 ),
 ( #278, #2335, #4783 ),
 ( #5330, #1581, #1100 ),
 ( #5250, #773, #4842 ),
 ( #338, #1990, #2422 ),
 ( #3620, #2845, #390 ),
 ( #2044, #4486, #5276 ),
 ( #5223, #4812, #3973 ),
 ( #3215, #799, #4055 ),
 ( #1531, #3160, #2446 ),
 ( #1180, #365, #4459 ),
 ( #2017, #3649, #1609 ),
 ( #2919, #3749, #850 ) ),
 .UNSPECIFIED., .F., .F., .F. ) 
 B_SPLINE_SURFACE_WITH_KNOTS ( ( 4, 2, 2, 2, 2, 2, 2, 2, 2, 2, 2, 4 ),
 ( 3, 3 ),
 ( 0.006819259425256778834, 0.007811518146135973048, 0.008803776867015167262, 0.009299906227454763502, 0.009796035587894361477, 0.01029216494833395945, 0.01078829430877355569, 0.01128442366921315193, 0.01178055302965274991, 0.01277281175053194412, 0.01376507047141113660, 0.01475732919229033081 ),
 ( 0.000000000000000000, 1.000000000000000000 ),
 .UNSPECIFIED. ) 
 GEOMETRIC_REPRESENTATION_ITEM ( )  RATIONAL_B_SPLINE_SURFACE ( (
 ( 1.000000000000000000, 0.8227995669772173448, 1.000000000000000000),
 ( 1.000000000000000000, 0.8419817720948995499, 1.000000000000000000),
 ( 1.000000000000000000, 0.8592982221777362151, 1.000000000000000000),
 ( 1.000000000000000000, 0.8905681341153496300, 1.000000000000000000),
 ( 1.000000000000000000, 0.9046131092889216907, 1.000000000000000000),
 ( 1.000000000000000000, 0.9230763868358200508, 1.000000000000000000),
 ( 1.000000000000000000, 0.9287033464476910360, 1.000000000000000000),
 ( 1.000000000000000000, 0.9388590316433749194, 1.000000000000000000),
 ( 1.000000000000000000, 0.9434250831776951340, 1.000000000000000000),
 ( 1.000000000000000000, 0.9509891645685459860, 1.000000000000000000),
 ( 1.000000000000000000, 0.9540108684562806918, 1.000000000000000000),
 ( 1.000000000000000000, 0.9581969023743708291, 1.000000000000000000),
 ( 1.000000000000000000, 0.9592632888149966730, 1.000000000000000000),
 ( 1.000000000000000000, 0.9592647090896767592, 1.000000000000000000),
 ( 1.000000000000000000, 0.9581552851092323131, 1.000000000000000000),
 ( 1.000000000000000000, 0.9540342703885520415, 1.000000000000000000),
 ( 1.000000000000000000, 0.9510290044914959662, 1.000000000000000000),
 ( 1.000000000000000000, 0.9396085870095841619, 1.000000000000000000),
 ( 1.000000000000000000, 0.9293479268309192687, 1.000000000000000000),
 ( 1.000000000000000000, 0.9048040034232422979, 1.000000000000000000),
 ( 1.000000000000000000, 0.8908625324554533265, 1.000000000000000000),
 ( 1.000000000000000000, 0.8594219084597785052, 1.000000000000000000),
 ( 1.000000000000000000, 0.8417619869253719633, 1.000000000000000000),
 ( 1.000000000000000000, 0.8228234609732537619, 1.000000000000000000) ) ) 
 REPRESENTATION_ITEM ( '' )  SURFACE ( )  );
#309 = EDGE_CURVE ( 'NONE', #1945, #5143, #3853, .T. ) ;
#310 = FACE_OUTER_BOUND ( 'NONE', #207, .T. ) ;
#311 = VERTEX_POINT ( 'NONE', #1812 ) ;
#312 = DIRECTION ( 'NONE',  ( -1.298151401189310912E-12, 0.000000000000000000, -1.000000000000000000 ) ) ;
#313 = VECTOR ( 'NONE', #1930, 1000.000000000000000 ) ;
#314 = AXIS2_PLACEMENT_3D ( 'NONE', #1277, #4477, #4125 ) ;
#315 = EDGE_CURVE ( 'NONE', #2839, #408, #3946, .T. ) ;
#316 = AXIS2_PLACEMENT_3D ( 'NONE', #4374, #197, #3912 ) ;
#317 = B_SPLINE_CURVE_WITH_KNOTS ( 'NONE', 3,
 ( #693, #3769, #162, #86 ),
 .UNSPECIFIED., .F., .F.,
 ( 4, 4 ),
 ( 0.000000000000000000, 0.001862088709604370514 ),
 .UNSPECIFIED. ) ;
#318 = CARTESIAN_POINT ( 'NONE',  ( 1.746425629107296373, -15.75391013364006731, 0.4031941259273196798 ) ) ;
#319 = DIRECTION ( 'NONE',  ( 0.000000000000000000, 0.000000000000000000, 1.000000000000000000 ) ) ;
#320 = VECTOR ( 'NONE', #2699, 1000.000000000000114 ) ;
#321 = ORIENTED_EDGE ( 'NONE', *, *, #4599, .F. ) ;
#322 = ORIENTED_EDGE ( 'NONE', *, *, #1921, .F. ) ;
#323 = CARTESIAN_POINT ( 'NONE',  ( 3.218725199566341288E-16, -10.22360000000000291, 8.735293592964444187 ) ) ;
#324 = DIRECTION ( 'NONE',  ( 0.000000000000000000, 0.000000000000000000, 1.000000000000000000 ) ) ;
#325 = EDGE_CURVE ( 'NONE', #5025, #4590, #1057, .T. ) ;
#326 = ADVANCED_FACE ( 'NONE', ( #1088 ), #4767, .T. ) ;
#327 = CARTESIAN_POINT ( 'NONE',  ( 0.000000000000000000, -6.023600000000001842, 0.000000000000000000 ) ) ;
#328 = LINE ( 'NONE', #2696, #2471 ) ;
#329 = CARTESIAN_POINT ( 'NONE',  ( -3.729937417985098591, -6.034020321891631511, 8.500000000000000000 ) ) ;
#330 = CIRCLE ( 'NONE', #1286, 0.7999999999999999334 ) ;
#331 = ORIENTED_EDGE ( 'NONE', *, *, #2104, .F. ) ;
#332 = LINE ( 'NONE', #2841, #1442 ) ;
#333 = CARTESIAN_POINT ( 'NONE',  ( 2.936997832642395334, -12.09751897539096888, 11.24517665948004641 ) ) ;
#334 = CARTESIAN_POINT ( 'NONE',  ( 0.9441298505039336098, -21.76702586930141337, 0.5712201586092896521 ) ) ;
#335 = EDGE_CURVE ( 'NONE', #364, #4528, #4426, .T. ) ;
#336 = CARTESIAN_POINT ( 'NONE',  ( -6.812502473916192791, -4.122781861947253823, 1.572790123191433853 ) ) ;
#337 = ORIENTED_EDGE ( 'NONE', *, *, #1316, .T. ) ;
#338 = CARTESIAN_POINT ( 'NONE',  ( -0.2453763814013233402, -20.25236988210344435, 0.9547304787470970444 ) ) ;
#339 = CARTESIAN_POINT ( 'NONE',  ( 2.185696292628513601E-15, -7.923600000000001309, 8.500000000000000000 ) ) ;
#340 = CARTESIAN_POINT ( 'NONE',  ( 3.483233002694877900, -7.307702110788893535, 8.499999999999998224 ) ) ;
#341 = DIRECTION ( 'NONE',  ( -0.9743700647852359120, 0.000000000000000000, -0.2249510543438620891 ) ) ;
#342 = ORIENTED_EDGE ( 'NONE', *, *, #851, .T. ) ;
#343 = FACE_OUTER_BOUND ( 'NONE', #3186, .T. ) ;
#344 = CARTESIAN_POINT ( 'NONE',  ( -11.25000000000000000, -5.523600000000001842, 0.000000000000000000 ) ) ;
#345 =( BOUNDED_CURVE ( )  B_SPLINE_CURVE ( 3, ( #925, #1685, #1285, #461 ),
 .UNSPECIFIED., .F., .F. ) 
 B_SPLINE_CURVE_WITH_KNOTS ( ( 4, 4 ),
 ( 1.570796326794896558, 3.141592653589793116 ),
 .UNSPECIFIED. ) 
 CURVE ( )  GEOMETRIC_REPRESENTATION_ITEM ( )  RATIONAL_B_SPLINE_CURVE ( ( 1.000000000000000000, 0.8047378541243649375, 0.8047378541243649375, 1.000000000000000000 ) ) 
 REPRESENTATION_ITEM ( '' )  );
#346 = FACE_OUTER_BOUND ( 'NONE', #4796, .T. ) ;
#347 = FACE_OUTER_BOUND ( 'NONE', #4390, .T. ) ;
#348 = EDGE_LOOP ( 'NONE', ( #1168, #3684, #1682, #4309, #3321, #972, #2576, #21 ) ) ;
#349 = ORIENTED_EDGE ( 'NONE', *, *, #4813, .T. ) ;
#350 = CARTESIAN_POINT ( 'NONE',  ( -1.000000000000000222, -22.36226537227254951, 0.000000000000000000 ) ) ;
#351 = CARTESIAN_POINT ( 'NONE',  ( -2.818605159591072162, -5.425432002508582485, 8.500000000000000000 ) ) ;
#352 = ADVANCED_FACE ( 'NONE', ( #3150 ), #553, .F. ) ;
#353 = CARTESIAN_POINT ( 'NONE',  ( 3.694431829629915232, -7.300974175017370449, 8.499999999999998224 ) ) ;
#354 = ADVANCED_FACE ( 'NONE', ( #677 ), #898, .F. ) ;
#355 = ADVANCED_FACE ( 'NONE', ( #4475 ), #1676, .T. ) ;
#356 = CARTESIAN_POINT ( 'NONE',  ( 3.749063746087240911, -5.223600000000002908, 1.255289320911663564 ) ) ;
#357 = DIRECTION ( 'NONE',  ( 0.000000000000000000, -1.000000000000000000, 0.000000000000000000 ) ) ;
#358 = ORIENTED_EDGE ( 'NONE', *, *, #1866, .F. ) ;
#359 = CARTESIAN_POINT ( 'NONE',  ( 0.6528476904491680166, -5.998740736633151549, 3.277516276695425113 ) ) ;
#360 = CARTESIAN_POINT ( 'NONE',  ( 3.114331522445060951, -14.49502712955110972, 8.556555534613440983 ) ) ;
#361 = CARTESIAN_POINT ( 'NONE',  ( 3.985613473309145061, -8.300825088603632551, 10.95038302059087876 ) ) ;
#362 = VECTOR ( 'NONE', #5283, 1000.000000000000000 ) ;
#363 = CARTESIAN_POINT ( 'NONE',  ( -0.2043697920335900420, -20.57521194267948061, 0.1629267148924115338 ) ) ;
#364 = VERTEX_POINT ( 'NONE', #3688 ) ;
#365 = CARTESIAN_POINT ( 'NONE',  ( -1.373420969924305846, -20.61166130683614028, 2.276202019536006205 ) ) ;
#366 = AXIS2_PLACEMENT_3D ( 'NONE', #447, #4572, #883 ) ;
#367 = CARTESIAN_POINT ( 'NONE',  ( -2.642311023443702833, -16.56574171201118872, 7.404808869882455014 ) ) ;
#368 = CARTESIAN_POINT ( 'NONE',  ( -3.729654194219092833, -6.054859682647541597, 8.500000000000000000 ) ) ;
#369 = EDGE_LOOP ( 'NONE', ( #5289, #3444, #3606, #1827, #2362 ) ) ;
#370 = CARTESIAN_POINT ( 'NONE',  ( -1.175388902201063290, -21.17880114165917504, 0.007596679982414079185 ) ) ;
#371 = CARTESIAN_POINT ( 'NONE',  ( -11.25000000000000178, -5.444307619628869332, -5.293955920339370499E-20 ) ) ;
#372 = CIRCLE ( 'NONE', #889, 3.200333649538751768 ) ;
#373 = CARTESIAN_POINT ( 'NONE',  ( 0.000000000000000000, -10.55244250479772994, 3.200333649538751768 ) ) ;
#374 = ORIENTED_EDGE ( 'NONE', *, *, #4110, .T. ) ;
#375 = CARTESIAN_POINT ( 'NONE',  ( 1.643243917673342658E-16, -20.81035036234944613, 0.000000000000000000 ) ) ;
#376 = AXIS2_PLACEMENT_3D ( 'NONE', #4066, #4519, #5233 ) ;
#377 = CARTESIAN_POINT ( 'NONE',  ( -3.550758081547058964, -5.562460322352350772, 8.500000000000000000 ) ) ;
#378 = DIRECTION ( 'NONE',  ( 0.000000000000000000, 1.000000000000000000, 0.000000000000000000 ) ) ;
#379 = CIRCLE ( 'NONE', #5208, 0.8999999999999998002 ) ;
#380 = CARTESIAN_POINT ( 'NONE',  ( -3.288510709327484349, -5.946340969301799007, 9.035623586462603996 ) ) ;
#381 = CARTESIAN_POINT ( 'NONE',  ( 1.109567248683052343, -21.16060833433256505, 0.3837745045682401379 ) ) ;
#382 = EDGE_CURVE ( 'NONE', #285, #5249, #4887, .T. ) ;
#383 = ADVANCED_FACE ( 'NONE', ( #4046 ), #3558, .F. ) ;
#384 = ORIENTED_EDGE ( 'NONE', *, *, #1181, .T. ) ;
#385 = CARTESIAN_POINT ( 'NONE',  ( 3.281685700045358534, -5.223600000000002019, 11.67411939349813643 ) ) ;
#386 = CARTESIAN_POINT ( 'NONE',  ( -0.3013217063661507988, -20.61166130683507802, -0.2106957328028523369 ) ) ;
#387 = LINE ( 'NONE', #2812, #2379 ) ;
#388 = CARTESIAN_POINT ( 'NONE',  ( -11.12573593128806948, -8.223600000000001131, 8.375735931288071257 ) ) ;
#389 = ORIENTED_EDGE ( 'NONE', *, *, #2104, .T. ) ;
#390 = CARTESIAN_POINT ( 'NONE',  ( -0.8045952272825533935, -20.61166130683500342, -0.05332376857922686147 ) ) ;
#391 = DIRECTION ( 'NONE',  ( -0.000000000000000000, -1.000000000000000000, -0.000000000000000000 ) ) ;
#392 = CARTESIAN_POINT ( 'NONE',  ( 0.000000000000000000, -15.75391013364006731, 0.000000000000000000 ) ) ;
#393 = VERTEX_POINT ( 'NONE', #3582 ) ;
#394 = DIRECTION ( 'NONE',  ( 0.3420201433256694901, 0.000000000000000000, 0.9396926207859080948 ) ) ;
#395 = CARTESIAN_POINT ( 'NONE',  ( -3.736551249672760200, -8.162986113933980548, 8.384679864185816456 ) ) ;
#396 = CARTESIAN_POINT ( 'NONE',  ( 3.463896815582205857, -8.102220480773866029, 8.447775912543004750 ) ) ;
#397 = CARTESIAN_POINT ( 'NONE',  ( -2.944998364066554242, -15.15189579060438341, 8.091316505603641573 ) ) ;
#398 = CONICAL_SURFACE ( 'NONE', #1095, 3.366002527742168571, 0.03107908222963054468 ) ;
#399 = AXIS2_PLACEMENT_3D ( 'NONE', #3334, #2138, #3768 ) ;
#400 = ORIENTED_EDGE ( 'NONE', *, *, #3044, .F. ) ;
#401 = CARTESIAN_POINT ( 'NONE',  ( 0.1462148875831380812, -10.22360000000000291, 8.746151324363943047 ) ) ;
#402 = CARTESIAN_POINT ( 'NONE',  ( -3.612539861411176556, -5.643894966978176164, 8.500000000000000000 ) ) ;
#403 = CARTESIAN_POINT ( 'NONE',  ( 3.455451970750475610, -6.041124337017995671, 8.678750779933798398 ) ) ;
#404 = B_SPLINE_CURVE_WITH_KNOTS ( 'NONE', 3,
 ( #1484, #5097, #2613, #3869 ),
 .UNSPECIFIED., .F., .F.,
 ( 4, 4 ),
 ( 0.000000000000000000, 3.126096567488884418E-05 ),
 .UNSPECIFIED. ) ;
#405 = AXIS2_PLACEMENT_3D ( 'NONE', #1845, #1875, #5115 ) ;
#406 = CARTESIAN_POINT ( 'NONE',  ( -2.242404773281997610, -5.223600000000002019, 8.200000000000001066 ) ) ;
#407 = CARTESIAN_POINT ( 'NONE',  ( -0.9875580527496354843, -21.95132870880329534, 0.3996595379020177474 ) ) ;
#408 = VERTEX_POINT ( 'NONE', #3229 ) ;
#409 = CARTESIAN_POINT ( 'NONE',  ( 0.9075883152340183946, -19.33754378532494655, 2.934814467912804758 ) ) ;
#410 = CARTESIAN_POINT ( 'NONE',  ( 1.321313259014213945E-16, -20.29241098832033785, 0.8498342873605899683 ) ) ;
#411 = CARTESIAN_POINT ( 'NONE',  ( 2.931562097166360292, -16.95119810742361466, 8.054400665693494332 ) ) ;
#412 = VECTOR ( 'NONE', #523, 1000.000000000000000 ) ;
#413 = CARTESIAN_POINT ( 'NONE',  ( -2.351595843561859134, -5.223600000000002019, 8.800000000000000711 ) ) ;
#414 = ORIENTED_EDGE ( 'NONE', *, *, #3706, .T. ) ;
#415 = CARTESIAN_POINT ( 'NONE',  ( 4.123271025260744516, -6.043958810867598785, 11.73760081375446873 ) ) ;
#416 = CARTESIAN_POINT ( 'NONE',  ( -3.729654194219094610, -6.054859682647541597, 8.500000000000000000 ) ) ;
#417 = CARTESIAN_POINT ( 'NONE',  ( -1.599976274160344047, -19.18805488672673576, 5.915559238651263207 ) ) ;
#418 = EDGE_CURVE ( 'NONE', #1889, #1083, #3128, .T. ) ;
#419 = ORIENTED_EDGE ( 'NONE', *, *, #3559, .F. ) ;
#420 = EDGE_CURVE ( 'NONE', #4304, #4898, #3167, .T. ) ;
#421 = CARTESIAN_POINT ( 'NONE',  ( -1.891872628915464594, -16.82522349084258906, 8.401098876840219276 ) ) ;
#422 = CARTESIAN_POINT ( 'NONE',  ( -3.774945634404097028, -8.182761571356568453, 8.354152757083276981 ) ) ;
#423 = CARTESIAN_POINT ( 'NONE',  ( 3.371164887581243441, -8.008031318259591913, 8.720662396146147799 ) ) ;
#424 = CARTESIAN_POINT ( 'NONE',  ( 0.000000000000000000, -15.00555694826952191, 3.061890362146191702 ) ) ;
#425 = FACE_OUTER_BOUND ( 'NONE', #2556, .T. ) ;
#426 = DIRECTION ( 'NONE',  ( -0.4422416481791833776, -1.156482317317873658E-14, -0.8968959385657621075 ) ) ;
#427 = CARTESIAN_POINT ( 'NONE',  ( -0.9801497811938544302, -21.49695888409869582, 0.7502843679707686952 ) ) ;
#428 = CARTESIAN_POINT ( 'NONE',  ( -0.1133852106813059979, -10.22360000000000291, 1.005691618453977254 ) ) ;
#429 = CARTESIAN_POINT ( 'NONE',  ( 0.6267975876728750784, -22.64486164631498610, 0.7403805250196736631 ) ) ;
#430 = CARTESIAN_POINT ( 'NONE',  ( -3.455561915871548262, -6.023600000000001842, 8.678681889892994050 ) ) ;
#431 = CARTESIAN_POINT ( 'NONE',  ( 4.104146278031053363, -8.495069740634006550, 7.934742005524475061 ) ) ;
#432 = ORIENTED_EDGE ( 'NONE', *, *, #4366, .T. ) ;
#433 = CARTESIAN_POINT ( 'NONE',  ( 0.000000000000000000, -5.998740736633151549, 0.000000000000000000 ) ) ;
#434 = DIRECTION ( 'NONE',  ( 0.000000000000000000, 1.000000000000000000, 0.000000000000000000 ) ) ;
#435 = CARTESIAN_POINT ( 'NONE',  ( 3.301987405768702644, -8.486584120658907437, 12.24173531097086531 ) ) ;
#436 = CARTESIAN_POINT ( 'NONE',  ( -3.231480061225292744, -5.500378310978327079, -0.8165694296105551198 ) ) ;
#437 = ORIENTED_EDGE ( 'NONE', *, *, #2134, .T. ) ;
#438 = CARTESIAN_POINT ( 'NONE',  ( 3.958890709244193395, -6.055425215398535066, 12.11724184520423542 ) ) ;
#439 = AXIS2_PLACEMENT_3D ( 'NONE', #5017, #3360, #1808 ) ;
#440 = CARTESIAN_POINT ( 'NONE',  ( -1.096514714922336875, -18.96477113877151766, 6.254483981276696802 ) ) ;
#441 = CARTESIAN_POINT ( 'NONE',  ( -3.729842904801026204, -6.044440642244016004, 8.500000000000000000 ) ) ;
#442 = ORIENTED_EDGE ( 'NONE', *, *, #1839, .T. ) ;
#443 = CARTESIAN_POINT ( 'NONE',  ( -3.087712662983964407, -10.95319670611705476, 11.65662422824046907 ) ) ;
#444 = EDGE_CURVE ( 'NONE', #1209, #1931, #4517, .T. ) ;
#445 = EDGE_CURVE ( 'NONE', #181, #449, #379, .T. ) ;
#446 = B_SPLINE_CURVE_WITH_KNOTS ( 'NONE', 3,
 ( #4919, #3336, #893, #2488, #2537, #4992, #4943, #483 ),
 .UNSPECIFIED., .F., .F.,
 ( 4, 2, 2, 4 ),
 ( 0.001157619290732741623, 0.001709089058178640732, 0.001984823941901588985, 0.002260558825624536805 ),
 .UNSPECIFIED. ) ;
#447 = CARTESIAN_POINT ( 'NONE',  ( 0.000000000000000000, -6.023600000000001842, 0.000000000000000000 ) ) ;
#448 = CARTESIAN_POINT ( 'NONE',  ( -3.645092276699330114, -11.59541317573355990, 10.01480872205982742 ) ) ;
#449 = VERTEX_POINT ( 'NONE', #2805 ) ;
#450 = CARTESIAN_POINT ( 'NONE',  ( -5.601338295965375025, -1.980173226765839178, -1.293170840271852917 ) ) ;
#451 = CARTESIAN_POINT ( 'NONE',  ( -0.9075883152340175064, -19.33754378532492169, 2.934814467912826963 ) ) ;
#452 = AXIS2_PLACEMENT_3D ( 'NONE', #83, #453, #2084 ) ;
#453 = DIRECTION ( 'NONE',  ( -0.000000000000000000, -1.000000000000000000, -0.000000000000000000 ) ) ;
#454 = CARTESIAN_POINT ( 'NONE',  ( -1.083493271031323646, -21.39141232111090929, 0.3612822771587503867 ) ) ;
#455 = CIRCLE ( 'NONE', #5029, 0.2550000000000000044 ) ;
#456 = CARTESIAN_POINT ( 'NONE',  ( 0.05987976741861864016, -5.223600000000002019, -0.04675309016193560790 ) ) ;
#457 = CARTESIAN_POINT ( 'NONE',  ( 0.05987976741861864016, -10.22360000000000291, -0.04675309016193560790 ) ) ;
#458 = EDGE_LOOP ( 'NONE', ( #2862, #4626, #4423, #927 ) ) ;
#459 = CARTESIAN_POINT ( 'NONE',  ( 0.6503202544897052073, -6.023600000000000065, -3.277230785385315315 ) ) ;
#460 = CARTESIAN_POINT ( 'NONE',  ( 8.673617379884035472E-16, -5.223600000000002019, 1.328125000000000222 ) ) ;
#461 = CARTESIAN_POINT ( 'NONE',  ( 11.25000000000000178, -5.523600000000001842, 8.499999999999996447 ) ) ;
#462 = FACE_OUTER_BOUND ( 'NONE', #5216, .T. ) ;
#463 = ORIENTED_EDGE ( 'NONE', *, *, #1941, .F. ) ;
#464 = ADVANCED_FACE ( 'NONE', ( #3175 ), #985, .T. ) ;
#465 = CARTESIAN_POINT ( 'NONE',  ( -3.277500791984283346, -6.023600000000001842, 0.6489580977375978277 ) ) ;
#466 = ORIENTED_EDGE ( 'NONE', *, *, #4433, .F. ) ;
#467 = DIRECTION ( 'NONE',  ( 0.2622150509200184554, 0.000000000000000000, 0.9650094647572178275 ) ) ;
#468 = DIRECTION ( 'NONE',  ( 2.040851148208007998E-16, -0.000000000000000000, 1.000000000000000000 ) ) ;
#469 = VERTEX_POINT ( 'NONE', #4916 ) ;
#470 = CARTESIAN_POINT ( 'NONE',  ( 1.254819866963565511, -5.223600000000001131, -3.546289546955571748 ) ) ;
#471 = FACE_OUTER_BOUND ( 'NONE', #4925, .T. ) ;
#472 = PLANE ( 'NONE',  #4418 ) ;
#473 = TOROIDAL_SURFACE ( 'NONE', #1854, -4.592400958310022929, 17.56568218562516748 ) ;
#474 = ORIENTED_EDGE ( 'NONE', *, *, #1574, .T. ) ;
#475 = CYLINDRICAL_SURFACE ( 'NONE', #5068, 0.2999999999999999334 ) ;
#476 = EDGE_CURVE ( 'NONE', #2800, #4724, #1145, .T. ) ;
#477 = CARTESIAN_POINT ( 'NONE',  ( -0.8901530296879819337, -21.65059946460717555, 0.9204516689337025603 ) ) ;
#478 = FACE_OUTER_BOUND ( 'NONE', #3315, .T. ) ;
#479 = EDGE_CURVE ( 'NONE', #1357, #3494, #811, .T. ) ;
#480 = AXIS2_PLACEMENT_3D ( 'NONE', #538, #4353, #1908 ) ;
#481 = CARTESIAN_POINT ( 'NONE',  ( -0.2021153278051303070, -22.11625456152286162, 1.026849661513073331 ) ) ;
#482 = DIRECTION ( 'NONE',  ( 0.01810908080499238140, -0.9998360171510117800, 0.000000000000000000 ) ) ;
#483 = CARTESIAN_POINT ( 'NONE',  ( -3.430454302130813371, -6.023600000000001842, 9.425095733575352241 ) ) ;
#484 =( BOUNDED_CURVE ( )  B_SPLINE_CURVE ( 3, ( #1039, #3103, #4757, #3030 ),
 .UNSPECIFIED., .F., .T. ) 
 B_SPLINE_CURVE_WITH_KNOTS ( ( 4, 4 ),
 ( 4.106925595387812322, 4.712388980384687898 ),
 .UNSPECIFIED. ) 
 CURVE ( )  GEOMETRIC_REPRESENTATION_ITEM ( )  RATIONAL_B_SPLINE_CURVE ( ( 1.000000000000000000, 0.9696837702473085630, 0.9696837702473085630, 1.000000000000000000 ) ) 
 REPRESENTATION_ITEM ( '' )  );
#485 = ADVANCED_FACE ( 'NONE', ( #4449 ), #519, .F. ) ;
#486 = ORIENTED_EDGE ( 'NONE', *, *, #680, .F. ) ;
#487 = CARTESIAN_POINT ( 'NONE',  ( 0.6504490415756750687, -6.007024849639882369, -3.277730590084354301 ) ) ;
#488 = EDGE_CURVE ( 'NONE', #3349, #3000, #4586, .T. ) ;
#489 = CIRCLE ( 'NONE', #4017, 1.000000000000000888 ) ;
#490 = CARTESIAN_POINT ( 'NONE',  ( 3.664841231626920326, -7.923599999999999532, 8.499999999999998224 ) ) ;
#491 = B_SPLINE_CURVE_WITH_KNOTS ( 'NONE', 3,
 ( #5149, #3106, #1073, #2210 ),
 .UNSPECIFIED., .F., .F.,
 ( 4, 4 ),
 ( 1.734723475976807094E-18, 2.487244736238827878E-05 ),
 .UNSPECIFIED. ) ;
#492 = CIRCLE ( 'NONE', #4888, 0.3000000000000000444 ) ;
#493 = CARTESIAN_POINT ( 'NONE',  ( -1.051851989371751950, -21.10003742023832629, 0.6021432311613306165 ) ) ;
#494 = CARTESIAN_POINT ( 'NONE',  ( -11.24999999999999822, -7.923600000000001309, 8.500000000000000000 ) ) ;
#495 = EDGE_LOOP ( 'NONE', ( #3741, #2601, #642, #3521, #3233 ) ) ;
#496 = CARTESIAN_POINT ( 'NONE',  ( 3.530819135935929332, -6.062213296010906305, 12.46352287093549727 ) ) ;
#497 = ORIENTED_EDGE ( 'NONE', *, *, #418, .T. ) ;
#498 = AXIS2_PLACEMENT_3D ( 'NONE', #1469, #3426, #3023 ) ;
#499 = EDGE_CURVE ( 'NONE', #2430, #1440, #4122, .T. ) ;
#500 = LINE ( 'NONE', #2150, #3209 ) ;
#501 = DIRECTION ( 'NONE',  ( 0.000000000000000000, 0.000000000000000000, -1.000000000000000000 ) ) ;
#502 = ORIENTED_EDGE ( 'NONE', *, *, #2186, .T. ) ;
#503 = CARTESIAN_POINT ( 'NONE',  ( 2.928842339704578190, -5.394729523986967479, 8.931207136727476126 ) ) ;
#504 = CARTESIAN_POINT ( 'NONE',  ( 3.898108921581643571, -5.223600000000002019, -1.398898244722208029 ) ) ;
#505 = DIRECTION ( 'NONE',  ( 0.000000000000000000, 0.000000000000000000, 1.000000000000000000 ) ) ;
#506 = VERTEX_POINT ( 'NONE', #108 ) ;
#507 = CARTESIAN_POINT ( 'NONE',  ( 3.185160184884007872, -5.227974990656723442, 8.500000000000000000 ) ) ;
#508 = B_SPLINE_CURVE_WITH_KNOTS ( 'NONE', 3,
 ( #2174, #5337, #4645, #779, #371, #344 ),
 .UNSPECIFIED., .F., .F.,
 ( 4, 2, 4 ),
 ( -1.005094296077571337E-05, 0.0002267505692849941816, 0.0004635520815307640698 ),
 .UNSPECIFIED. ) ;
#509 = CARTESIAN_POINT ( 'NONE',  ( -4.141216982270745639, -6.034268300656904671, 11.46266284811737002 ) ) ;
#510 = CARTESIAN_POINT ( 'NONE',  ( -0.8282128587188151148, -21.64757954925273964, 1.074462045147378531 ) ) ;
#511 = CARTESIAN_POINT ( 'NONE',  ( 3.958718337957706002, -8.491368648371960148, 8.009098349011166462 ) ) ;
#512 = DIRECTION ( 'NONE',  ( 0.000000000000000000, 0.000000000000000000, -1.000000000000000000 ) ) ;
#513 = ORIENTED_EDGE ( 'NONE', *, *, #499, .T. ) ;
#514 = CARTESIAN_POINT ( 'NONE',  ( 3.195872645192226358, -16.44122661529547003, 6.462676858702800509 ) ) ;
#515 = ADVANCED_FACE ( 'NONE', ( #4989 ), #5023, .T. ) ;
#516 = CARTESIAN_POINT ( 'NONE',  ( 11.25000000000000000, -7.923600000000001309, -4.133182947122316772E-15 ) ) ;
#517 = CARTESIAN_POINT ( 'NONE',  ( -1.016716191856495977, -21.00237381050739671, 0.8256996665915149469 ) ) ;
#518 = EDGE_CURVE ( 'NONE', #1390, #3064, #2286, .T. ) ;
#519 =( BOUNDED_SURFACE ( )  B_SPLINE_SURFACE ( 3, 2, ( 
 ( #763, #2460, #1649 ),
 ( #403, #4095, #2060 ),
 ( #6, #4939, #4420 ),
 ( #1249, #704, #2352 ) ),
 .UNSPECIFIED., .F., .F., .T. ) 
 B_SPLINE_SURFACE_WITH_KNOTS ( ( 4, 4 ),
 ( 3, 3 ),
 ( 0.000000000000000000, 3.126096567488883740E-05 ),
 ( 0.000000000000000000, 1.000000000000000000 ),
 .UNSPECIFIED. ) 
 GEOMETRIC_REPRESENTATION_ITEM ( )  RATIONAL_B_SPLINE_SURFACE ( (
 ( 1.000000000000000000, 0.8377664650040738126, 1.000000000000000000),
 ( 1.000000000000000000, 0.8379033688064153607, 1.000000000000000000),
 ( 1.000000000000000000, 0.8379718695440959708, 1.000000000000000000),
 ( 1.000000000000000000, 0.8379718671759450732, 1.000000000000000000) ) ) 
 REPRESENTATION_ITEM ( '' )  SURFACE ( )  );
#520 = CARTESIAN_POINT ( 'NONE',  ( -2.438287919792325731, -18.34953326884729563, 6.012275606415946605 ) ) ;
#521 = ORIENTED_EDGE ( 'NONE', *, *, #3212, .F. ) ;
#522 = ORIENTED_EDGE ( 'NONE', *, *, #978, .F. ) ;
#523 = DIRECTION ( 'NONE',  ( 0.000000000000000000, 1.000000000000000000, 0.000000000000000000 ) ) ;
#524 = CARTESIAN_POINT ( 'NONE',  ( 3.430454302113225218, -6.037887759177175795, 9.425095733526948294 ) ) ;
#525 = ORIENTED_EDGE ( 'NONE', *, *, #1045, .T. ) ;
#526 = DIRECTION ( 'NONE',  ( 2.040851148208007998E-16, 0.000000000000000000, 1.000000000000000000 ) ) ;
#527 = CARTESIAN_POINT ( 'NONE',  ( -2.695179088787460042, -17.88976493509074928, 6.105300766579945915 ) ) ;
#528 = ORIENTED_EDGE ( 'NONE', *, *, #5137, .F. ) ;
#529 = CARTESIAN_POINT ( 'NONE',  ( -2.934648578299696720, -12.11107602248685566, 11.23877178412257472 ) ) ;
#530 = CARTESIAN_POINT ( 'NONE',  ( 3.579462670161401849, -8.433712121705632114, 8.274257306743558971 ) ) ;
#531 = DIRECTION ( 'NONE',  ( 0.000000000000000000, 0.000000000000000000, -1.000000000000000000 ) ) ;
#532 = CARTESIAN_POINT ( 'NONE',  ( 0.000000000000000000, -8.495069740634006550, -8.933316705776791267 ) ) ;
#533 = CARTESIAN_POINT ( 'NONE',  ( 3.702402831805165828, -5.823434461774569471, 8.499999999999998224 ) ) ;
#534 = ADVANCED_FACE ( 'NONE', ( #478 ), #1752, .T. ) ;
#535 = VECTOR ( 'NONE', #1211, 1000.000000000000000 ) ;
#536 = CARTESIAN_POINT ( 'NONE',  ( -3.896147622238470110, -5.223600000000026000, 12.25158973355143743 ) ) ;
#537 = CARTESIAN_POINT ( 'NONE',  ( -0.5948640803739064786, -22.05280094920710354, 0.8866566273354599126 ) ) ;
#538 = CARTESIAN_POINT ( 'NONE',  ( 0.6414912363558682440, -21.09209410906914428, 0.2218774767374774026 ) ) ;
#539 = CARTESIAN_POINT ( 'NONE',  ( 4.104146278031053363, -8.495069740634006550, 7.934742005524475061 ) ) ;
#540 = ORIENTED_EDGE ( 'NONE', *, *, #1867, .F. ) ;
#541 = CARTESIAN_POINT ( 'NONE',  ( 2.670506736228567490, -15.73730722024948747, 6.991914659264832466 ) ) ;
#542 = CARTESIAN_POINT ( 'NONE',  ( 1.169949169934817013, -21.17437238867570670, 0.2033736483614189405 ) ) ;
#543 = DIRECTION ( 'NONE',  ( 0.000000000000000000, 0.000000000000000000, 1.000000000000000000 ) ) ;
#544 = CIRCLE ( 'NONE', #376, 4.025122630638374055 ) ;
#545 = EDGE_CURVE ( 'NONE', #2043, #3247, #372, .T. ) ;
#546 = CARTESIAN_POINT ( 'NONE',  ( -2.520632084356552394, -16.99676149419893534, 6.568051655723549764 ) ) ;
#547 = ORIENTED_EDGE ( 'NONE', *, *, #5014, .T. ) ;
#548 = CARTESIAN_POINT ( 'NONE',  ( 2.754752428372123418, -5.223600000000002019, 8.443349976651701283 ) ) ;
#549 = LINE ( 'NONE', #1470, #4188 ) ;
#550 = ADVANCED_FACE ( 'NONE', ( #2959 ), #1302, .T. ) ;
#551 = ORIENTED_EDGE ( 'NONE', *, *, #4123, .F. ) ;
#552 = CARTESIAN_POINT ( 'NONE',  ( 0.5750798439508815196, -19.27867627956872099, 1.649775694727779962 ) ) ;
#553 = TOROIDAL_SURFACE ( 'NONE', #4334, 0.6760719760784638099, 0.5000000000000000000 ) ;
#554 = CARTESIAN_POINT ( 'NONE',  ( 0.000000000000000000, -13.46581578397376511, 0.000000000000000000 ) ) ;
#555 = ORIENTED_EDGE ( 'NONE', *, *, #2014, .T. ) ;
#556 = CARTESIAN_POINT ( 'NONE',  ( 0.4610001313657661748, -22.79464233709938625, 0.8322145765709377807 ) ) ;
#557 = EDGE_CURVE ( 'NONE', #3378, #2043, #2560, .T. ) ;
#558 = CARTESIAN_POINT ( 'NONE',  ( -0.9666666666666670071, -18.82691367757014689, 4.264088259091348476 ) ) ;
#559 = CARTESIAN_POINT ( 'NONE',  ( -0.6503202544897052073, -6.023600000000001842, -3.089420301609855368 ) ) ;
#560 = ORIENTED_EDGE ( 'NONE', *, *, #2804, .T. ) ;
#561 = DIRECTION ( 'NONE',  ( -0.9396926207859082059, 0.000000000000000000, -0.3420201433256692125 ) ) ;
#562 = CLOSED_SHELL ( 'NONE', ( #352, #383, #4483, #882, #25, #355, #1284, #464, #3324, #3142, #3578, #2947, #2891, #4141, #4286, #1413, #4135, #2463, #1011, #4200, #755, #550, #3592, #4633, #4836, #3340, #2299, #1977, #281, #1873, #2398, #4970, #4683, #5205, #2061, #2656, #3733, #2827, #3730, #4375, #1626, #914, #3353, #3141, #2952, #610, #1801, #719, #3280, #2176, #630, #2737, #915, #3446, #3955, #1506, #4056, #4867, #4219, #213, #3611, #3112, #1641, #2419, #698, #54, #3743, #4434, #884, #2526, #2177, #5121, #816, #184, #4975, #3917, #787, #4801, #2040, #534, #326, #2525, #104, #4154, #3903, #564, #4199, #2856, #2387, #300, #2233, #2723, #2824, #2611, #586, #1291, #2528, #2966, #485, #1279, #1836, #4399, #1117, #847, #4305, #3244, #1386, #2792, #2870, #1298, #354, #3639, #1079, #2788, #5237, #515, #4601, #4470, #1840, #1476, #1874, #4569, #5331, #2234, #2578, #1248, #3740, #1315, #4104, #5108, #2659, #877, #188 ) ) ;
#563 = CARTESIAN_POINT ( 'NONE',  ( 0.000000000000000000, -20.61166130683500342, 0.000000000000000000 ) ) ;
#564 = ADVANCED_FACE ( 'NONE', ( #3385 ), #1074, .T. ) ;
#565 = CARTESIAN_POINT ( 'NONE',  ( -0.9379331117251148431, -21.63602164102596603, 0.7850760738596376243 ) ) ;
#566 = CARTESIAN_POINT ( 'NONE',  ( -3.885678842741180361, -8.484223924203540435, 8.045130812015610644 ) ) ;
#567 = CARTESIAN_POINT ( 'NONE',  ( -0.03447622921524245293, -10.22360000000000291, 0.06216180243901749808 ) ) ;
#568 = VERTEX_POINT ( 'NONE', #1379 ) ;
#569 = CARTESIAN_POINT ( 'NONE',  ( 1.814556047138472739, -18.67273557230269887, 6.093208949994140866 ) ) ;
#570 = DIRECTION ( 'NONE',  ( -0.9972455493786918090, 0.000000000000000000, -0.07417084497557849265 ) ) ;
#571 = CARTESIAN_POINT ( 'NONE',  ( -3.120744292522150243, -6.044796095040827488, 8.574174475596478828 ) ) ;
#572 = CARTESIAN_POINT ( 'NONE',  ( -2.184951815268242559, -17.82475066988081025, 6.764101221034488631 ) ) ;
#573 = AXIS2_PLACEMENT_3D ( 'NONE', #2498, #3297, #2976 ) ;
#574 = TOROIDAL_SURFACE ( 'NONE', #3235, -25.31077016679313374, 34.39999999999999858 ) ;
#575 = VERTEX_POINT ( 'NONE', #1404 ) ;
#576 = CARTESIAN_POINT ( 'NONE',  ( -2.516031418562759470, -16.64238993469707850, 6.912739509139546712 ) ) ;
#577 = CARTESIAN_POINT ( 'NONE',  ( -0.6543489835648814701, -5.881580789996940339, -3.280932450913390142 ) ) ;
#578 = CIRCLE ( 'NONE', #4450, 2.227767388195791565 ) ;
#579 = B_SPLINE_CURVE_WITH_KNOTS ( 'NONE', 3,
 ( #1163, #4931, #1135, #3679, #722, #3192, #1937, #2796, #4439, #749 ),
 .UNSPECIFIED., .F., .F.,
 ( 4, 2, 2, 2, 4 ),
 ( 3.107048013167487674E-18, 0.0007659868170603651881, 0.001531973634120726907, 0.002297960451181088517, 0.003063947268241449910 ),
 .UNSPECIFIED. ) ;
#580 = AXIS2_PLACEMENT_3D ( 'NONE', #1436, #4721, #1028 ) ;
#581 = CARTESIAN_POINT ( 'NONE',  ( 0.000000000000000000, -16.81046239008625420, 0.000000000000000000 ) ) ;
#582 = LINE ( 'NONE', #199, #3148 ) ;
#583 = ORIENTED_EDGE ( 'NONE', *, *, #585, .F. ) ;
#584 = DIRECTION ( 'NONE',  ( 0.000000000000000000, 1.000000000000000000, 0.000000000000000000 ) ) ;
#585 = EDGE_CURVE ( 'NONE', #1209, #1162, #1582, .T. ) ;
#586 = ADVANCED_FACE ( 'NONE', ( #1022 ), #2663, .T. ) ;
#587 = CARTESIAN_POINT ( 'NONE',  ( 0.1979853017063305798, -21.62125739046095418, 1.682618776116327597 ) ) ;
#588 = VECTOR ( 'NONE', #5244, 1000.000000000000000 ) ;
#589 = VERTEX_POINT ( 'NONE', #233 ) ;
#590 = FACE_OUTER_BOUND ( 'NONE', #4999, .T. ) ;
#591 = EDGE_LOOP ( 'NONE', ( #4315, #5189, #93, #237, #1714, #2348 ) ) ;
#592 = DIRECTION ( 'NONE',  ( 1.000000000000000000, 0.000000000000000000, 0.000000000000000000 ) ) ;
#593 = CARTESIAN_POINT ( 'NONE',  ( -3.885927725605141436, -5.223600000000002019, -1.432387927544254813 ) ) ;
#594 = DIRECTION ( 'NONE',  ( 0.000000000000000000, 0.000000000000000000, 1.000000000000000000 ) ) ;
#595 = ORIENTED_EDGE ( 'NONE', *, *, #4455, .T. ) ;
#596 = CARTESIAN_POINT ( 'NONE',  ( 1.187313948562861432, -21.18017555597807799, 0.009090047199451415857 ) ) ;
#597 = CARTESIAN_POINT ( 'NONE',  ( -3.877300950138556246, -9.030804643758232331, 8.022513672243944072 ) ) ;
#598 = CARTESIAN_POINT ( 'NONE',  ( -1.597434619707098769, -18.70604478125103398, 6.339526025468563475 ) ) ;
#599 = ORIENTED_EDGE ( 'NONE', *, *, #3519, .T. ) ;
#600 = CARTESIAN_POINT ( 'NONE',  ( -3.257369803366120031, -9.107572180187036182, 12.11987125009919275 ) ) ;
#601 = CARTESIAN_POINT ( 'NONE',  ( 3.749734231342464182E-16, -15.00555694826952191, -3.061890362146191702 ) ) ;
#602 = ORIENTED_EDGE ( 'NONE', *, *, #4088, .F. ) ;
#603 = CARTESIAN_POINT ( 'NONE',  ( -4.015565759420093528, -8.218129798979578737, 8.257028041462513457 ) ) ;
#604 = CARTESIAN_POINT ( 'NONE',  ( -3.094200735919816037, -13.66885252286966335, 8.501246653199547865 ) ) ;
#605 = CARTESIAN_POINT ( 'NONE',  ( 0.000000000000000000, -28.05532062337107746, 0.000000000000000000 ) ) ;
#606 = ORIENTED_EDGE ( 'NONE', *, *, #1712, .T. ) ;
#607 = CARTESIAN_POINT ( 'NONE',  ( 3.513424155830965567, -5.523600000000001842, 8.499999999999998224 ) ) ;
#608 = CARTESIAN_POINT ( 'NONE',  ( -0.2165220344382296769, -10.22360000000000291, 8.760577076464318935 ) ) ;
#609 = CARTESIAN_POINT ( 'NONE',  ( 0.6758329160340688091, -21.63280569101072004, 1.342135686673424422 ) ) ;
#610 = ADVANCED_FACE ( 'NONE', ( #615 ), #995, .F. ) ;
#611 = ORIENTED_EDGE ( 'NONE', *, *, #3936, .T. ) ;
#612 = CARTESIAN_POINT ( 'NONE',  ( -3.322407740230508555, -6.023600000000001842, 11.46728376463502563 ) ) ;
#613 = EDGE_LOOP ( 'NONE', ( #1204, #2407, #3398 ) ) ;
#614 = EDGE_CURVE ( 'NONE', #4465, #3841, #4326, .T. ) ;
#615 = FACE_OUTER_BOUND ( 'NONE', #2253, .T. ) ;
#616 = AXIS2_PLACEMENT_3D ( 'NONE', #258, #2640, #512 ) ;
#617 = LINE ( 'NONE', #3464, #202 ) ;
#618 = VERTEX_POINT ( 'NONE', #968 ) ;
#619 = ORIENTED_EDGE ( 'NONE', *, *, #2888, .F. ) ;
#620 = CARTESIAN_POINT ( 'NONE',  ( 2.308370449765258847, -18.54169423751083201, 5.978261776004313965 ) ) ;
#621 = CARTESIAN_POINT ( 'NONE',  ( 3.279444899995889173, -5.998740736633151549, -0.6430895729361546520 ) ) ;
#622 = CARTESIAN_POINT ( 'NONE',  ( -3.084422888646709104, -10.22360000000000291, -0.6299141292494767619 ) ) ;
#623 = CARTESIAN_POINT ( 'NONE',  ( 3.278218492456062005, -6.023600000000000065, 0.6453228415265582774 ) ) ;
#624 = ORIENTED_EDGE ( 'NONE', *, *, #2825, .T. ) ;
#625 = CARTESIAN_POINT ( 'NONE',  ( -2.139782163090683920, -19.11632631652026504, 5.879003175643406465 ) ) ;
#626 = CARTESIAN_POINT ( 'NONE',  ( -3.322407740230508111, -5.223600000000002019, 11.46728376463502386 ) ) ;
#627 = AXIS2_PLACEMENT_3D ( 'NONE', #1430, #1886, #592 ) ;
#628 = CARTESIAN_POINT ( 'NONE',  ( 0.000000000000000000, -5.998740736633151549, 0.000000000000000000 ) ) ;
#629 = CARTESIAN_POINT ( 'NONE',  ( 0.9795167122151489103, -20.73778897263041898, 0.8641100656348925657 ) ) ;
#630 = ADVANCED_FACE ( 'NONE', ( #3896 ), #159, .F. ) ;
#631 = DIRECTION ( 'NONE',  ( -0.000000000000000000, 1.000000000000000000, -0.000000000000000000 ) ) ;
#632 = B_SPLINE_CURVE_WITH_KNOTS ( 'NONE', 3,
 ( #1562, #4411, #4848, #1164, #1853, #1939, #1109, #2742, #4357, #1046 ),
 .UNSPECIFIED., .F., .F.,
 ( 4, 2, 2, 2, 4 ),
 ( 0.000000000000000000, 0.0001503064939509809550, 0.0003006129879019619100, 0.0004509194818529428379, 0.0006012259758039250127 ),
 .UNSPECIFIED. ) ;
#633 = EDGE_LOOP ( 'NONE', ( #2322, #5282, #3697, #1462 ) ) ;
#634 = CARTESIAN_POINT ( 'NONE',  ( 0.000000000000000000, 0.000000000000000000, 0.000000000000000000 ) ) ;
#635 = CIRCLE ( 'NONE', #1159, 3.210557064628687840 ) ;
#636 = CARTESIAN_POINT ( 'NONE',  ( 3.278722758783505498, -6.023600000000001842, -0.6427558829850427147 ) ) ;
#637 = ORIENTED_EDGE ( 'NONE', *, *, #3806, .T. ) ;
#638 = CARTESIAN_POINT ( 'NONE',  ( 2.754752428372123418, -5.223600000000002019, 8.443349976651701283 ) ) ;
#639 = EDGE_CURVE ( 'NONE', #1407, #449, #3098, .T. ) ;
#640 = DIRECTION ( 'NONE',  ( 0.000000000000000000, 0.000000000000000000, -1.000000000000000000 ) ) ;
#641 = CARTESIAN_POINT ( 'NONE',  ( 1.277704060618476412, -19.31515953837105215, 5.935598049353591144 ) ) ;
#642 = ORIENTED_EDGE ( 'NONE', *, *, #2297, .F. ) ;
#643 = ORIENTED_EDGE ( 'NONE', *, *, #3839, .F. ) ;
#644 = CARTESIAN_POINT ( 'NONE',  ( -0.8999999999999994671, -10.22360000000000291, 9.237914785819810959 ) ) ;
#645 = CARTESIAN_POINT ( 'NONE',  ( 1.249257034777688125, -20.62206394616698901, 0.1729547679715373043 ) ) ;
#646 = CARTESIAN_POINT ( 'NONE',  ( 0.000000000000000000, -5.223600000000002019, 0.000000000000000000 ) ) ;
#647 = EDGE_CURVE ( 'NONE', #2187, #575, #3491, .T. ) ;
#648 = EDGE_CURVE ( 'NONE', #3083, #4304, #404, .T. ) ;
#649 = FACE_OUTER_BOUND ( 'NONE', #5162, .T. ) ;
#650 = DIRECTION ( 'NONE',  ( 0.000000000000000000, 1.000000000000000000, -0.000000000000000000 ) ) ;
#651 = AXIS2_PLACEMENT_3D ( 'NONE', #1776, #1697, #105 ) ;
#652 = EDGE_LOOP ( 'NONE', ( #3750, #5329, #4196, #304 ) ) ;
#653 = CARTESIAN_POINT ( 'NONE',  ( 4.369971532791001145, -6.066457142857145435, 9.082593709839590801 ) ) ;
#654 = CARTESIAN_POINT ( 'NONE',  ( -0.6507065871322381678, -5.998740736633151549, -3.277942035544705757 ) ) ;
#655 = CYLINDRICAL_SURFACE ( 'NONE', #754, 3.225122630638373789 ) ;
#656 = CARTESIAN_POINT ( 'NONE',  ( 1.002859994216804163, -21.86743899058778595, 0.3910261733668016215 ) ) ;
#657 = DIRECTION ( 'NONE',  ( 0.000000000000000000, 0.000000000000000000, 1.000000000000000000 ) ) ;
#658 = VERTEX_POINT ( 'NONE', #5154 ) ;
#659 = CARTESIAN_POINT ( 'NONE',  ( 3.105060500527323519, -5.542415970487247989, 8.795225859099144117 ) ) ;
#660 =( BOUNDED_SURFACE ( )  B_SPLINE_SURFACE ( 3, 2, ( 
 ( #1846, #150, #2602 ),
 ( #198, #552, #3478 ),
 ( #1036, #5141, #1447 ),
 ( #2975, #3076, #2675 ),
 ( #4321, #629, #3130 ),
 ( #3689, #4347, #740 ),
 ( #4838, #2702, #2360 ),
 ( #2085, #711, #4754 ),
 ( #685, #2883, #3968 ),
 ( #1929, #3713, #2486 ),
 ( #1472, #3591, #3997 ),
 ( #656, #302, #1127 ),
 ( #4525, #334, #839 ),
 ( #1152, #3561, #1900 ),
 ( #3533, #275, #1553 ),
 ( #7, #5247, #3282 ),
 ( #4398, #1958, #3942 ),
 ( #249, #2332, #4027 ),
 ( #3100, #1066, #5220 ),
 ( #4124, #2310, #2758 ),
 ( #429, #1527, #3184 ),
 ( #3157, #2785, #4781 ),
 ( #1650, #1096, #4809 ),
 ( #5195, #4428, #2390 ),
 ( #1498, #2062, #2732 ),
 ( #4376, #4940, #1251 ),
 ( #2562, #2932, #4556 ),
 ( #1354, #4658, #4580 ),
 ( #1276, #1728, #2588 ),
 ( #2909, #4225, #56 ),
 ( #4174, #481, #891 ),
 ( #3359, #2110, #1702 ),
 ( #969, #3767, #5074 ),
 ( #1380, #3737, #31 ),
 ( #2535, #5015, #2136 ),
 ( #84, #4202, #2509 ),
 ( #1330, #537, #2960 ),
 ( #3333, #4608, #4990 ),
 ( #917, #3415, #510 ),
 ( #2162, #2614, #1303 ),
 ( #4253, #3791, #1781 ),
 ( #109, #1754, #565 ),
 ( #3386, #5042, #2215 ),
 ( #2988, #3013, #2190 ),
 ( #4634, #946, #3818 ),
 ( #134, #1677, #3307 ),
 ( #454, #4964, #863 ),
 ( #4149, #3546, #3061 ),
 ( #3143, #1023, #1112 ),
 ( #5207, #2242, #1431 ),
 ( #5127, #4715, #4307 ),
 ( #1460, #2689, #186 ),
 ( #671, #1405, #3116 ),
 ( #5099, #262, #2664 ) ),
 .UNSPECIFIED., .F., .F., .T. ) 
 B_SPLINE_SURFACE_WITH_KNOTS ( ( 4, 2, 2, 2, 2, 2, 2, 2, 2, 2, 2, 2, 2, 2, 2, 2, 2, 2, 2, 2, 2, 2, 2, 2, 2, 2, 4 ),
 ( 3, 3 ),
 ( 0.006000107207337299423, 0.007963841465272073622, 0.008945708594239459854, 0.009436642158723152971, 0.009682108940964998661, 0.009927575723206846087, 0.01017304250544869351, 0.01041850928769053920, 0.01090944285217423232, 0.01140037641665792544, 0.01189130998114161855, 0.01238224354562531167, 0.01287317711010900478, 0.01385504423907639102, 0.01434597780356008413, 0.01483691136804377725, 0.01532784493252747036, 0.01581877849701116348, 0.01630971206149485486, 0.01680064562597854971, 0.01729157919046224456, 0.01778251275494593595, 0.01802797953718777990, 0.01827344631942962733, 0.01876437988391332218, 0.01974624701288070841, 0.02170998127081548087 ),
 ( 0.000000000000000000, 1.000000000000000000 ),
 .UNSPECIFIED. ) 
 GEOMETRIC_REPRESENTATION_ITEM ( )  RATIONAL_B_SPLINE_SURFACE ( (
 ( 1.000000000000000000, 0.8331727737990173299, 1.000000000000000000),
 ( 1.000000000000000000, 0.8828436724578532235, 1.000000000000000000),
 ( 1.000000000000000000, 0.9223301103080870922, 1.000000000000000000),
 ( 1.000000000000000000, 0.9644491846799798651, 1.000000000000000000),
 ( 1.000000000000000000, 0.9756454840624485536, 1.000000000000000000),
 ( 1.000000000000000000, 0.9875905052979212506, 1.000000000000000000),
 ( 1.000000000000000000, 0.9907718419847573177, 1.000000000000000000),
 ( 1.000000000000000000, 0.9938586262513834368, 1.000000000000000000),
 ( 1.000000000000000000, 0.9945864274013003214, 1.000000000000000000),
 ( 1.000000000000000000, 0.9952162409575497914, 1.000000000000000000),
 ( 1.000000000000000000, 0.9951036334049420118, 1.000000000000000000),
 ( 1.000000000000000000, 0.9941162095717220870, 1.000000000000000000),
 ( 1.000000000000000000, 0.9932530645051340645, 1.000000000000000000),
 ( 1.000000000000000000, 0.9910778171633920497, 1.000000000000000000),
 ( 1.000000000000000000, 0.9897457146352032220, 1.000000000000000000),
 ( 1.000000000000000000, 0.9852801279666123513, 1.000000000000000000),
 ( 1.000000000000000000, 0.9817001095951374268, 1.000000000000000000),
 ( 1.000000000000000000, 0.9738771418870852958, 1.000000000000000000),
 ( 1.000000000000000000, 0.9695967363316513321, 1.000000000000000000),
 ( 1.000000000000000000, 0.9610090146631500296, 1.000000000000000000),
 ( 1.000000000000000000, 0.9566865529611008334, 1.000000000000000000),
 ( 1.000000000000000000, 0.9483799307742610818, 1.000000000000000000),
 ( 1.000000000000000000, 0.9443783037290442994, 1.000000000000000000),
 ( 1.000000000000000000, 0.9373139332359874398, 1.000000000000000000),
 ( 1.000000000000000000, 0.9342151469114424733, 1.000000000000000000),
 ( 1.000000000000000000, 0.9265623604189572315, 1.000000000000000000),
 ( 1.000000000000000000, 0.9237697193353682223, 1.000000000000000000),
 ( 1.000000000000000000, 0.9238914145568972724, 1.000000000000000000),
 ( 1.000000000000000000, 0.9246051609230339086, 1.000000000000000000),
 ( 1.000000000000000000, 0.9273904779708486146, 1.000000000000000000),
 ( 1.000000000000000000, 0.9294633706716854959, 1.000000000000000000),
 ( 1.000000000000000000, 0.9346854501033075024, 1.000000000000000000),
 ( 1.000000000000000000, 0.9378463511753925008, 1.000000000000000000),
 ( 1.000000000000000000, 0.9450497886034634476, 1.000000000000000000),
 ( 1.000000000000000000, 0.9490677136529586111, 1.000000000000000000),
 ( 1.000000000000000000, 0.9573849169645257673, 1.000000000000000000),
 ( 1.000000000000000000, 0.9617128727952536371, 1.000000000000000000),
 ( 1.000000000000000000, 0.9703116437638350522, 1.000000000000000000),
 ( 1.000000000000000000, 0.9745520751363168088, 1.000000000000000000),
 ( 1.000000000000000000, 0.9822621194977931847, 1.000000000000000000),
 ( 1.000000000000000000, 0.9857739566395885555, 1.000000000000000000),
 ( 1.000000000000000000, 0.9915649437985331049, 1.000000000000000000),
 ( 1.000000000000000000, 0.9938898003135365755, 1.000000000000000000),
 ( 1.000000000000000000, 0.9951716617997869996, 1.000000000000000000),
 ( 1.000000000000000000, 0.9951947312829015901, 1.000000000000000000),
 ( 1.000000000000000000, 0.9943846480989907421, 1.000000000000000000),
 ( 1.000000000000000000, 0.9935872205854189287, 1.000000000000000000),
 ( 1.000000000000000000, 0.9902859831492768494, 1.000000000000000000),
 ( 1.000000000000000000, 0.9869966198672832647, 1.000000000000000000),
 ( 1.000000000000000000, 0.9748853852992194202, 1.000000000000000000),
 ( 1.000000000000000000, 0.9635714797673740062, 1.000000000000000000),
 ( 1.000000000000000000, 0.9213823057694970897, 1.000000000000000000),
 ( 1.000000000000000000, 0.8822788924485972517, 1.000000000000000000),
 ( 1.000000000000000000, 0.8332689987587994507, 1.000000000000000000) ) ) 
 REPRESENTATION_ITEM ( '' )  SURFACE ( )  );
#661 = EDGE_CURVE ( 'NONE', #4328, #2076, #780, .T. ) ;
#662 = VECTOR ( 'NONE', #4726, 1000.000000000000000 ) ;
#663 = CIRCLE ( 'NONE', #1872, 3.341904105585355556 ) ;
#664 = CARTESIAN_POINT ( 'NONE',  ( -0.9666666666666670071, -19.48921168947786597, 4.562122364449820999 ) ) ;
#665 = DIRECTION ( 'NONE',  ( 0.000000000000000000, 1.000000000000000000, 0.000000000000000000 ) ) ;
#666 = CARTESIAN_POINT ( 'NONE',  ( -2.928842339705417963, -5.394729523987241926, 8.931207136728998464 ) ) ;
#667 = ORIENTED_EDGE ( 'NONE', *, *, #3559, .T. ) ;
#668 = DIRECTION ( 'NONE',  ( -0.000000000000000000, -1.000000000000000000, -0.000000000000000000 ) ) ;
#669 = AXIS2_PLACEMENT_3D ( 'NONE', #2482, #3304, #1220 ) ;
#670 = DIRECTION ( 'NONE',  ( -0.4949183714867589345, 0.8613943639229737492, -0.1142609091799559606 ) ) ;
#671 = CARTESIAN_POINT ( 'NONE',  ( -1.204767240210790291, -18.81902591342342745, 0.8999865728622072902 ) ) ;
#672 = ORIENTED_EDGE ( 'NONE', *, *, #3048, .F. ) ;
#673 = ORIENTED_EDGE ( 'NONE', *, *, #3308, .T. ) ;
#674 = CARTESIAN_POINT ( 'NONE',  ( -0.9666666666666670071, -19.48921168947786597, 4.562122364449820999 ) ) ;
#675 = CARTESIAN_POINT ( 'NONE',  ( -3.371161615859569416, -8.008089142535562033, 8.720664226025711230 ) ) ;
#676 = B_SPLINE_CURVE_WITH_KNOTS ( 'NONE', 3,
 ( #684, #3967, #1928, #3560, #5219, #1525, #3156, #1350, #269, #3585, #679, #1120, #4776, #4393 ),
 .UNSPECIFIED., .F., .F.,
 ( 4, 2, 2, 2, 2, 2, 4 ),
 ( 0.0002424733639140991260, 0.002114555745175443219, 0.003986638126436789671, 0.007730802888959478238, 0.01147496765148216594, 0.01334705003274350502, 0.01521913241400484583 ),
 .UNSPECIFIED. ) ;
#677 = FACE_OUTER_BOUND ( 'NONE', #4127, .T. ) ;
#678 = CARTESIAN_POINT ( 'NONE',  ( 0.6913866884179774575, -20.61166130683460196, -0.01626712833413152676 ) ) ;
#679 = CARTESIAN_POINT ( 'NONE',  ( 3.297620885459604967, -8.551163858631914749, 12.22980904337646813 ) ) ;
#680 = EDGE_CURVE ( 'NONE', #3435, #96, #1643, .T. ) ;
#681 = VERTEX_POINT ( 'NONE', #3953 ) ;
#682 = CARTESIAN_POINT ( 'NONE',  ( -0.6503202544897052073, -10.22360000000000291, 0.000000000000000000 ) ) ;
#683 = CARTESIAN_POINT ( 'NONE',  ( -0.5788854394289532079, -20.61166130683495723, -0.1400284250093567773 ) ) ;
#684 = CARTESIAN_POINT ( 'NONE',  ( 1.096514714922363964, -18.96477113877152476, 6.254483981276683480 ) ) ;
#685 = CARTESIAN_POINT ( 'NONE',  ( 1.069333873206057772, -21.49854244012669469, 0.3569291368094316685 ) ) ;
#686 = LINE ( 'NONE', #3970, #313 ) ;
#687 = ORIENTED_EDGE ( 'NONE', *, *, #2795, .T. ) ;
#688 = CARTESIAN_POINT ( 'NONE',  ( 0.2194830975844349052, -20.61166130684478048, 0.3789492451941794404 ) ) ;
#689 = CARTESIAN_POINT ( 'NONE',  ( 0.08226810138923414117, -20.81259078729983258, 0.000000000000000000 ) ) ;
#690 = CARTESIAN_POINT ( 'NONE',  ( -1.450320254489705141, -5.223600000000002019, -3.673236239437952744 ) ) ;
#691 = CARTESIAN_POINT ( 'NONE',  ( -4.051468404468592688, -8.238870369368830993, 7.989544923855839365 ) ) ;
#692 = ORIENTED_EDGE ( 'NONE', *, *, #3413, .T. ) ;
#693 = CARTESIAN_POINT ( 'NONE',  ( -3.455232477688288562, -6.049889342557712268, 8.678888410068742232 ) ) ;
#694 = CARTESIAN_POINT ( 'NONE',  ( 4.241347665295661429, -8.523600000000001842, 8.200000000000002842 ) ) ;
#695 = ORIENTED_EDGE ( 'NONE', *, *, #325, .T. ) ;
#696 = CARTESIAN_POINT ( 'NONE',  ( 3.372151228832501513, -7.990598860074879184, 8.720110717778467802 ) ) ;
#697 = CARTESIAN_POINT ( 'NONE',  ( 2.754752428372146955, -5.223600000000002019, 8.443349976651683519 ) ) ;
#698 = ADVANCED_FACE ( 'NONE', ( #260 ), #3268, .T. ) ;
#699 = ORIENTED_EDGE ( 'NONE', *, *, #3174, .F. ) ;
#700 = EDGE_LOOP ( 'NONE', ( #3727, #4430, #1842, #3200 ) ) ;
#701 = CARTESIAN_POINT ( 'NONE',  ( -0.02483617544653908896, -10.22360000000000291, 8.735293592964444187 ) ) ;
#702 = CARTESIAN_POINT ( 'NONE',  ( 0.5533679643745142984, -20.06652935248697389, 1.422934725735751638 ) ) ;
#703 = CIRCLE ( 'NONE', #2092, 0.2999999999999999334 ) ;
#704 = CARTESIAN_POINT ( 'NONE',  ( 3.534568055359903482, -6.023600000000004506, 8.499999999999998224 ) ) ;
#705 = CARTESIAN_POINT ( 'NONE',  ( 3.383986908015213846, -5.573178929087145406, 0.7752407721186038714 ) ) ;
#706 = DIRECTION ( 'NONE',  ( 0.000000000000000000, 0.000000000000000000, -1.000000000000000000 ) ) ;
#707 = VERTEX_POINT ( 'NONE', #2292 ) ;
#708 = CARTESIAN_POINT ( 'NONE',  ( 3.376716816994504544, -7.909906745743415790, 8.717557192675167599 ) ) ;
#709 = CARTESIAN_POINT ( 'NONE',  ( 3.062894740685488060, -9.039633986822897427, 8.415234138198247393 ) ) ;
#710 = FACE_OUTER_BOUND ( 'NONE', #3272, .T. ) ;
#711 = CARTESIAN_POINT ( 'NONE',  ( 1.009094682378560037, -21.41964120203698485, 0.5723269716842855903 ) ) ;
#712 = LINE ( 'NONE', #4840, #62 ) ;
#713 = ORIENTED_EDGE ( 'NONE', *, *, #1574, .F. ) ;
#714 = EDGE_CURVE ( 'NONE', #4490, #3783, #4996, .T. ) ;
#715 = CARTESIAN_POINT ( 'NONE',  ( 1.234079921148275139, -20.61166130683499276, 0.2081986592597065977 ) ) ;
#716 = CARTESIAN_POINT ( 'NONE',  ( 0.07952583134292616485, -18.45609529949605587, 4.097219988958008763 ) ) ;
#717 = CONICAL_SURFACE ( 'NONE', #4245, 2.227767388195791565, 0.5327878586222951629 ) ;
#718 = CARTESIAN_POINT ( 'NONE',  ( -3.694436062200216142, -7.300885154355370332, 8.500000000000000000 ) ) ;
#719 = ADVANCED_FACE ( 'NONE', ( #4252 ), #2713, .F. ) ;
#720 = CARTESIAN_POINT ( 'NONE',  ( -3.104822490653615485, -5.542259696098090771, 8.795285981539258557 ) ) ;
#721 = ORIENTED_EDGE ( 'NONE', *, *, #4952, .T. ) ;
#722 = CARTESIAN_POINT ( 'NONE',  ( 0.6863925035368716454, -20.18788247449145601, 1.367598451855624120 ) ) ;
#723 = CARTESIAN_POINT ( 'NONE',  ( 0.6841184759075046307, -5.769000267425051121, -3.305485479250995340 ) ) ;
#724 =( BOUNDED_SURFACE ( )  B_SPLINE_SURFACE ( 3, 2, ( 
 ( #1160, #3975, #1934 ),
 ( #4436, #2397, #2847 ),
 ( #4059, #340, #1185 ),
 ( #1993, #3622, #3566 ) ),
 .UNSPECIFIED., .F., .F., .F. ) 
 B_SPLINE_SURFACE_WITH_KNOTS ( ( 4, 4 ),
 ( 3, 3 ),
 ( 0.000000000000000000, 0.001869828686707847732 ),
 ( 0.000000000000000000, 1.000000000000000000 ),
 .UNSPECIFIED. ) 
 GEOMETRIC_REPRESENTATION_ITEM ( )  RATIONAL_B_SPLINE_SURFACE ( (
 ( 1.000000000000000000, 0.8377664650040754779, 1.000000000000000000),
 ( 1.000000000000000000, 0.8316896509256245240, 1.000000000000000000),
 ( 1.000000000000000000, 0.8188606720359468127, 1.000000000000000000),
 ( 1.000000000000000000, 0.7983762764967988756, 1.000000000000000000) ) ) 
 REPRESENTATION_ITEM ( '' )  SURFACE ( )  );
#725 = DIRECTION ( 'NONE',  ( 0.000000000000000000, 0.000000000000000000, -1.000000000000000000 ) ) ;
#726 = CARTESIAN_POINT ( 'NONE',  ( -2.511405769509714163E-16, -21.62119274992385343, 1.701940561676998698 ) ) ;
#727 = VECTOR ( 'NONE', #4070, 1000.000000000000000 ) ;
#728 = ORIENTED_EDGE ( 'NONE', *, *, #1660, .F. ) ;
#729 = VERTEX_POINT ( 'NONE', #4713 ) ;
#730 = CARTESIAN_POINT ( 'NONE',  ( -0.1624609862034862573, -20.82241450834888852, 0.000000000000000000 ) ) ;
#731 = DIRECTION ( 'NONE',  ( 0.000000000000000000, 0.000000000000000000, 1.000000000000000000 ) ) ;
#732 = EDGE_CURVE ( 'NONE', #2355, #4508, #3196, .T. ) ;
#733 = DIRECTION ( 'NONE',  ( -0.000000000000000000, -1.000000000000000000, -0.000000000000000000 ) ) ;
#734 = CARTESIAN_POINT ( 'NONE',  ( 4.074161836859261143, -6.023600000000001842, 11.19366764997448094 ) ) ;
#735 = CARTESIAN_POINT ( 'NONE',  ( 3.278218492456062005, -6.023600000000000065, 0.6453228415265582774 ) ) ;
#736 = EDGE_LOOP ( 'NONE', ( #4787, #3802, #4377, #5275 ) ) ;
#737 = CARTESIAN_POINT ( 'NONE',  ( 3.411766591698254025, -7.290438466339116630, 8.697953794654637250 ) ) ;
#738 = CARTESIAN_POINT ( 'NONE',  ( 3.914715742062120807, -9.281718035352476193, 10.75559310489911802 ) ) ;
#739 = CARTESIAN_POINT ( 'NONE',  ( 2.219552735786236131, -17.48183626223953269, 6.098171022861321511 ) ) ;
#740 = CARTESIAN_POINT ( 'NONE',  ( 0.9918525523676022804, -21.20970602467226840, 0.9932704531835112594 ) ) ;
#741 = ORIENTED_EDGE ( 'NONE', *, *, #3174, .T. ) ;
#742 = CYLINDRICAL_SURFACE ( 'NONE', #3059, 0.7999999999999998224 ) ;
#743 = EDGE_LOOP ( 'NONE', ( #3474, #3132, #4005, #502, #2392, #4443 ) ) ;
#744 = CARTESIAN_POINT ( 'NONE',  ( 1.942090852657053057, -20.61166130683502473, 0.9109890611935600457 ) ) ;
#745 = CARTESIAN_POINT ( 'NONE',  ( 0.07678356129661835505, -14.69370565282986973, 7.201682558287624936 ) ) ;
#746 = CARTESIAN_POINT ( 'NONE',  ( 3.109826426850084147, -6.023600000000001842, -0.6553176674528524703 ) ) ;
#747 = CARTESIAN_POINT ( 'NONE',  ( -3.273028374049188116, -5.694755125466834045, 8.745529452202072562 ) ) ;
#748 = ORIENTED_EDGE ( 'NONE', *, *, #335, .T. ) ;
#749 = CARTESIAN_POINT ( 'NONE',  ( 0.9075883152340230575, -19.33754378532494655, 2.934814467912823854 ) ) ;
#750 = CIRCLE ( 'NONE', #1957, 6.060844484521613396 ) ;
#751 = EDGE_CURVE ( 'NONE', #5150, #2288, #5040, .T. ) ;
#752 = CARTESIAN_POINT ( 'NONE',  ( -3.377395586840125308, -5.223600000000002019, 8.200000077615312577 ) ) ;
#753 = AXIS2_PLACEMENT_3D ( 'NONE', #4779, #4264, #2227 ) ;
#754 = AXIS2_PLACEMENT_3D ( 'NONE', #1065, #301, #1471 ) ;
#755 = ADVANCED_FACE ( 'NONE', ( #4820 ), #1262, .T. ) ;
#756 = CARTESIAN_POINT ( 'NONE',  ( 3.279229952105271018, -6.007025070615841678, -0.6428472960365657629 ) ) ;
#757 = CARTESIAN_POINT ( 'NONE',  ( -0.6273460055078562414, -7.423600843490044454, 3.237391228577380708 ) ) ;
#758 = AXIS2_PLACEMENT_3D ( 'NONE', #1150, #4834, #2782 ) ;
#759 = ORIENTED_EDGE ( 'NONE', *, *, #3736, .F. ) ;
#760 = ORIENTED_EDGE ( 'NONE', *, *, #2108, .F. ) ;
#761 = CARTESIAN_POINT ( 'NONE',  ( -0.02759575049615474798, -20.81035036234944613, 0.000000000000000000 ) ) ;
#762 = CARTESIAN_POINT ( 'NONE',  ( -2.857386396919394222, -5.365809237182816993, 8.858397526551968326 ) ) ;
#763 = CARTESIAN_POINT ( 'NONE',  ( 3.455232477688305437, -6.049889342557713157, 8.678888410068745785 ) ) ;
#764 = DIRECTION ( 'NONE',  ( 0.8047485149157825868, -0.000000000000000000, 0.5936158924261061287 ) ) ;
#765 = CARTESIAN_POINT ( 'NONE',  ( -3.396543002201438455, -6.061773215555091632, 12.50003054011985704 ) ) ;
#766 = AXIS2_PLACEMENT_3D ( 'NONE', #4120, #4472, #4882 ) ;
#767 = VERTEX_POINT ( 'NONE', #4849 ) ;
#768 = DIRECTION ( 'NONE',  ( 0.000000000000000000, 1.000000000000000000, -0.000000000000000000 ) ) ;
#769 = CARTESIAN_POINT ( 'NONE',  ( 3.120744292522178664, -6.044796095040830153, 8.574174475596473499 ) ) ;
#770 = LINE ( 'NONE', #3590, #3661 ) ;
#771 = CARTESIAN_POINT ( 'NONE',  ( 4.015565759420774761, -8.218129798979608935, 8.257028041462348256 ) ) ;
#772 = ORIENTED_EDGE ( 'NONE', *, *, #1898, .F. ) ;
#773 = CARTESIAN_POINT ( 'NONE',  ( -0.2217290349877197031, -20.61166130684314268, 0.3798672146878654399 ) ) ;
#774 = B_SPLINE_CURVE_WITH_KNOTS ( 'NONE', 3,
 ( #1451, #3481, #2285, #1879, #3862, #659, #1822, #3916 ),
 .UNSPECIFIED., .F., .F.,
 ( 4, 2, 2, 4 ),
 ( 0.000000000000000000, 0.0002329102578020543534, 0.0004658205156041087067, 0.0009316410312082184977 ),
 .UNSPECIFIED. ) ;
#775 = DIRECTION ( 'NONE',  ( 1.000000000000000000, -0.000000000000000000, -2.571407403092368652E-16 ) ) ;
#776 = CARTESIAN_POINT ( 'NONE',  ( -0.6628044412367175564, -5.767941332973562041, 3.310166464355879246 ) ) ;
#777 = ORIENTED_EDGE ( 'NONE', *, *, #4167, .F. ) ;
#778 = CARTESIAN_POINT ( 'NONE',  ( -2.877776500735460380E-16, -20.55091524738696407, 0.2549999999999998379 ) ) ;
#779 = CARTESIAN_POINT ( 'NONE',  ( -11.21744946452858116, -5.366787503258612979, 0.001912096936294733433 ) ) ;
#780 = CIRCLE ( 'NONE', #2079, 3.061890362146191702 ) ;
#781 = CARTESIAN_POINT ( 'NONE',  ( 3.739963561996018981, -8.262477626739299197, 8.150570838568052423 ) ) ;
#782 = EDGE_CURVE ( 'NONE', #2874, #1416, #3223, .T. ) ;
#783 = EDGE_CURVE ( 'NONE', #1390, #1716, #5257, .T. ) ;
#784 = CARTESIAN_POINT ( 'NONE',  ( 11.25000000000000000, -5.523600000000001842, -2.295957541734009343E-15 ) ) ;
#785 = ORIENTED_EDGE ( 'NONE', *, *, #1290, .F. ) ;
#786 = CYLINDRICAL_SURFACE ( 'NONE', #4545, 0.4199999999999994849 ) ;
#787 = ADVANCED_FACE ( 'NONE', ( #346 ), #5311, .T. ) ;
#788 = CARTESIAN_POINT ( 'NONE',  ( -3.798147334744244485, -8.478715599666987401, 8.087989672272474451 ) ) ;
#789 = DIRECTION ( 'NONE',  ( -0.000000000000000000, -1.000000000000000000, -0.000000000000000000 ) ) ;
#790 = FACE_OUTER_BOUND ( 'NONE', #613, .T. ) ;
#791 = CARTESIAN_POINT ( 'NONE',  ( -3.729654194219094610, -6.054859682647541597, 8.500000000000000000 ) ) ;
#792 = EDGE_LOOP ( 'NONE', ( #2369, #1047, #2942 ) ) ;
#793 = CARTESIAN_POINT ( 'NONE',  ( 3.884690984852502638, -15.15189579060421465, 7.749296362278001560 ) ) ;
#794 = DIRECTION ( 'NONE',  ( 9.110713986949520297E-17, 0.6682394564555425021, -0.7439462539968874077 ) ) ;
#795 = B_SPLINE_CURVE_WITH_KNOTS ( 'NONE', 3,
 ( #1914, #4793, #4740, #4686, #1485, #2269, #1856, #593 ),
 .UNSPECIFIED., .F., .F.,
 ( 4, 2, 2, 4 ),
 ( 0.000000000000000000, 0.0003465572005826323136, 0.0006931144011652646273, 0.001386228802330529471 ),
 .UNSPECIFIED. ) ;
#796 = CARTESIAN_POINT ( 'NONE',  ( 2.310012903536736495, -18.72454525575638584, 6.346708291116987866 ) ) ;
#797 = CARTESIAN_POINT ( 'NONE',  ( -3.430395838599388458, -6.052173474324963998, 9.424935106342902102 ) ) ;
#798 = ORIENTED_EDGE ( 'NONE', *, *, #5333, .T. ) ;
#799 = CARTESIAN_POINT ( 'NONE',  ( -1.188788147317714872, -20.61166130682914144, 1.483999365154220929 ) ) ;
#800 = CIRCLE ( 'NONE', #3540, 1.700000000000000178 ) ;
#801 = CARTESIAN_POINT ( 'NONE',  ( 0.000000000000000000, -6.023600000000001842, 0.000000000000000000 ) ) ;
#802 = CARTESIAN_POINT ( 'NONE',  ( -3.718365892909573311, -6.678107744606786689, 8.500000000000000000 ) ) ;
#803 = ORIENTED_EDGE ( 'NONE', *, *, #3014, .T. ) ;
#804 = DIRECTION ( 'NONE',  ( -0.000000000000000000, 1.000000000000000000, -0.000000000000000000 ) ) ;
#805 = CARTESIAN_POINT ( 'NONE',  ( -2.754752428372944095, -5.223600000000002019, 8.443349976651063571 ) ) ;
#806 = CARTESIAN_POINT ( 'NONE',  ( 3.412615988340810702, -8.278790815585061580, 8.552429913705546838 ) ) ;
#807 = CARTESIAN_POINT ( 'NONE',  ( -3.616374699026159600, -5.292469308710283649, 1.030873896950085911 ) ) ;
#808 = ORIENTED_EDGE ( 'NONE', *, *, #315, .T. ) ;
#809 = CARTESIAN_POINT ( 'NONE',  ( 0.000000000000000000, -14.69295884451307543, 7.200338303317392885 ) ) ;
#810 = CARTESIAN_POINT ( 'NONE',  ( -0.9145962201504105327, -21.64542230438821235, 0.8516816550823443910 ) ) ;
#811 = CIRCLE ( 'NONE', #2196, 4.141517772942822972 ) ;
#812 = DIRECTION ( 'NONE',  ( 0.000000000000000000, 0.000000000000000000, 1.000000000000000000 ) ) ;
#813 = DIRECTION ( 'NONE',  ( 1.000000000000000000, 0.000000000000000000, -2.040851148208014408E-16 ) ) ;
#814 = VERTEX_POINT ( 'NONE', #318 ) ;
#815 = CARTESIAN_POINT ( 'NONE',  ( 0.7879294379161919659, -19.87483319140344662, 1.986598398192252590 ) ) ;
#816 = ADVANCED_FACE ( 'NONE', ( #1217 ), #3829, .T. ) ;
#817 = CARTESIAN_POINT ( 'NONE',  ( 0.000000000000000000, -8.495069740634006550, 0.000000000000000000 ) ) ;
#818 = CARTESIAN_POINT ( 'NONE',  ( 1.875078299760745137, -16.88054343104469623, 8.355541426836916585 ) ) ;
#819 = EDGE_CURVE ( 'NONE', #3064, #297, #5065, .T. ) ;
#820 = CARTESIAN_POINT ( 'NONE',  ( -3.291727258685362312, -6.056761380901338754, 9.043946314241276596 ) ) ;
#821 = EDGE_LOOP ( 'NONE', ( #1091, #3858, #3523, #1521, #687 ) ) ;
#822 = CARTESIAN_POINT ( 'NONE',  ( 4.121718540860166868, -6.028994587615844836, 11.32432862036065302 ) ) ;
#823 = AXIS2_PLACEMENT_3D ( 'NONE', #954, #2516, #543 ) ;
#824 = CARTESIAN_POINT ( 'NONE',  ( 2.351595843561916865, -5.223600000000002019, 8.800000000000000711 ) ) ;
#825 = CARTESIAN_POINT ( 'NONE',  ( -3.025589524370915662, -17.05218960025463559, 6.304037855489963427 ) ) ;
#826 = ORIENTED_EDGE ( 'NONE', *, *, #2480, .F. ) ;
#827 = CARTESIAN_POINT ( 'NONE',  ( 3.451780672196428590, -5.942970621600862202, 8.671082903331241098 ) ) ;
#828 = CARTESIAN_POINT ( 'NONE',  ( -3.376716816992458181, -7.909906745743267464, 8.717557192676258282 ) ) ;
#829 = EDGE_CURVE ( 'NONE', #2800, #1931, #1980, .T. ) ;
#830 = CARTESIAN_POINT ( 'NONE',  ( -0.6920161907329005491, -20.61166130683502118, -0.01388669798438004616 ) ) ;
#831 = CARTESIAN_POINT ( 'NONE',  ( 3.454536624855722771, -14.87143545753630036, 6.891211734661831123 ) ) ;
#832 = CIRCLE ( 'NONE', #4447, 1.000000000000000222 ) ;
#833 = VECTOR ( 'NONE', #5296, 1000.000000000000000 ) ;
#834 = ORIENTED_EDGE ( 'NONE', *, *, #585, .T. ) ;
#835 = CARTESIAN_POINT ( 'NONE',  ( 0.02759575049615507064, -20.81035036234944613, 0.000000000000000000 ) ) ;
#836 = CARTESIAN_POINT ( 'NONE',  ( -3.424822611552492901, -5.766256070808502443, 8.500000000000001776 ) ) ;
#837 = CIRCLE ( 'NONE', #2222, 3.341904105585355111 ) ;
#838 = CARTESIAN_POINT ( 'NONE',  ( -3.322407740230571171, -5.223600000000002019, 11.46728376463519616 ) ) ;
#839 = CARTESIAN_POINT ( 'NONE',  ( 0.9509101665803996184, -21.61768747981582450, 0.7520018365382896697 ) ) ;
#840 = CARTESIAN_POINT ( 'NONE',  ( 3.699499672767931457, -5.223600000000002019, 1.445322841526558211 ) ) ;
#841 = CARTESIAN_POINT ( 'NONE',  ( 5.601338295965375025, -1.980173226765839178, 1.293170840271852917 ) ) ;
#842 = ORIENTED_EDGE ( 'NONE', *, *, #158, .T. ) ;
#843 = CARTESIAN_POINT ( 'NONE',  ( 0.8995156138980704430, -19.66531722288067385, 2.492920258010769885 ) ) ;
#844 = CARTESIAN_POINT ( 'NONE',  ( 11.10676807627890916, -8.191080055062217369, 0.008448257347850955321 ) ) ;
#845 = CARTESIAN_POINT ( 'NONE',  ( 2.139801677225305010, -19.11628140549767707, 5.879056790287561007 ) ) ;
#846 = AXIS2_PLACEMENT_3D ( 'NONE', #682, #271, #245 ) ;
#847 = ADVANCED_FACE ( 'NONE', ( #3627 ), #2182, .F. ) ;
#848 = CARTESIAN_POINT ( 'NONE',  ( 3.145033401323627409, -10.22360000000000291, 0.6453228415265582774 ) ) ;
#849 = ORIENTED_EDGE ( 'NONE', *, *, #1610, .T. ) ;
#850 = CARTESIAN_POINT ( 'NONE',  ( -2.686010211517592339, -20.61166130683498565, 2.376451017675212274 ) ) ;
#851 = EDGE_CURVE ( 'NONE', #4358, #3783, #107, .T. ) ;
#852 = CARTESIAN_POINT ( 'NONE',  ( 0.000000000000000000, -113.4931647825010117, 0.000000000000000000 ) ) ;
#853 = DIRECTION ( 'NONE',  ( 5.329070518200752183E-15, 0.000000000000000000, 1.000000000000000000 ) ) ;
#854 = EDGE_LOOP ( 'NONE', ( #5118, #1311, #4444, #2754, #1403 ) ) ;
#855 = CARTESIAN_POINT ( 'NONE',  ( -3.281097728344719133, -6.023600000000000065, -0.6305202226161545909 ) ) ;
#856 = EDGE_LOOP ( 'NONE', ( #3701, #798, #2415, #1461, #1665 ) ) ;
#857 = CARTESIAN_POINT ( 'NONE',  ( 3.660995834433272922, -7.964056343296673113, 8.500000000000000000 ) ) ;
#858 = CARTESIAN_POINT ( 'NONE',  ( 1.011346780102347243, -20.97992644041201160, 0.8705272849198619767 ) ) ;
#859 = ORIENTED_EDGE ( 'NONE', *, *, #2593, .T. ) ;
#860 = CARTESIAN_POINT ( 'NONE',  ( 0.07404129125031087832, -10.22360000000000291, 8.737309975419792707 ) ) ;
#861 = CARTESIAN_POINT ( 'NONE',  ( -0.9700735108840613519, -21.56510260066526996, 0.7254200105683712430 ) ) ;
#862 = CARTESIAN_POINT ( 'NONE',  ( -4.085361099236674676, -6.048341906981732130, 11.87343316230481527 ) ) ;
#863 = CARTESIAN_POINT ( 'NONE',  ( -0.9864177681440366996, -21.41623344170425725, 0.8050256185621142979 ) ) ;
#864 = CARTESIAN_POINT ( 'NONE',  ( 10.95000000000000107, -8.223600000000001131, 8.199999999999997513 ) ) ;
#865 = DIRECTION ( 'NONE',  ( -0.000000000000000000, -1.000000000000000000, -0.000000000000000000 ) ) ;
#866 =( BOUNDED_SURFACE ( )  B_SPLINE_SURFACE ( 3, 2, ( 
 ( #5111, #1791, #3856 ),
 ( #5084, #3046, #1417 ),
 ( #4749, #1007, #4644 ),
 ( #2251, #2647, #1062 ),
 ( #1869, #980, #600 ),
 ( #2624, #4263, #3096 ),
 ( #3475, #2226, #957 ),
 ( #1815, #4344, #4670 ),
 ( #3878, #3396, #3503 ),
 ( #1033, #2598, #2305 ),
 ( #576, #4725, #3827 ),
 ( #2672, #3450, #4316 ),
 ( #4695, #1766, #195 ),
 ( #5057, #625, #146 ) ),
 .UNSPECIFIED., .F., .F., .T. ) 
 B_SPLINE_SURFACE_WITH_KNOTS ( ( 4, 2, 2, 2, 2, 2, 4 ),
 ( 3, 3 ),
 ( 0.003896783694099259857, 0.005679976768726092973, 0.007463169843352926956, 0.01102955599260659406, 0.01459594214186026202, 0.01637913521648709514, 0.01816232829111392999 ),
 ( 0.000000000000000000, 1.000000000000000000 ),
 .UNSPECIFIED. ) 
 GEOMETRIC_REPRESENTATION_ITEM ( )  RATIONAL_B_SPLINE_SURFACE ( (
 ( 1.000000000000000000, 0.6769237773993489471, 1.000000000000000000),
 ( 1.000000000000000000, 0.6769057092228289996, 1.000000000000000000),
 ( 1.000000000000000000, 0.6768638777423052755, 1.000000000000000000),
 ( 1.000000000000000000, 0.6767314789444223155, 1.000000000000000000),
 ( 1.000000000000000000, 0.6766410767436168427, 1.000000000000000000),
 ( 1.000000000000000000, 0.6762853267699209248, 1.000000000000000000),
 ( 1.000000000000000000, 0.6759435171179156709, 1.000000000000000000),
 ( 1.000000000000000000, 0.6748543180266600716, 1.000000000000000000),
 ( 1.000000000000000000, 0.6741395212436724904, 1.000000000000000000),
 ( 1.000000000000000000, 0.6724132079254790950, 1.000000000000000000),
 ( 1.000000000000000000, 0.6717260172643546579, 1.000000000000000000),
 ( 1.000000000000000000, 0.6699279251258343226, 1.000000000000000000),
 ( 1.000000000000000000, 0.6688209710322936541, 1.000000000000000000),
 ( 1.000000000000000000, 0.6673327472264432014, 1.000000000000000000) ) ) 
 REPRESENTATION_ITEM ( '' )  SURFACE ( )  );
#867 = ORIENTED_EDGE ( 'NONE', *, *, #4075, .F. ) ;
#868 = CARTESIAN_POINT ( 'NONE',  ( 3.187009908993400309, -5.223600000000002019, 11.72890234814082255 ) ) ;
#869 = DIRECTION ( 'NONE',  ( -0.000000000000000000, 1.000000000000000000, -0.000000000000000000 ) ) ;
#870 = CARTESIAN_POINT ( 'NONE',  ( -1.005061687047101637, -20.94173618124561287, 0.9398673184576740169 ) ) ;
#871 = CARTESIAN_POINT ( 'NONE',  ( -10.94999999999999751, -8.223600000000001131, 8.200000000000001066 ) ) ;
#872 = ORIENTED_EDGE ( 'NONE', *, *, #1971, .F. ) ;
#873 = CARTESIAN_POINT ( 'NONE',  ( -0.6249167162863289438, -6.023600000000001842, 3.104829013886937883 ) ) ;
#874 = VECTOR ( 'NONE', #3457, 1000.000000000000000 ) ;
#875 = CARTESIAN_POINT ( 'NONE',  ( 3.187009908993410967, -6.023600000000001842, 11.72890234814082433 ) ) ;
#876 = B_SPLINE_CURVE_WITH_KNOTS ( 'NONE', 3,
 ( #4735, #1825, #3919, #3890, #4327, #4301, #1882, #2681, #1400, #4653, #4759, #3056, #2608, #2316, #5123, #1043, #1907, #4709, #3539, #4679, #5200, #609, #991, #1019, #965, #587, #2262, #204 ),
 .UNSPECIFIED., .F., .F.,
 ( 4, 2, 2, 2, 2, 2, 2, 2, 2, 2, 2, 2, 2, 4 ),
 ( 5.563341285338409935E-18, 0.001152164212197882539, 0.002304328424395759439, 0.002880410530494694095, 0.003024431057019431445, 0.003096441320281796434, 0.003168451583544161423, 0.003240461846806526412, 0.003312472110068890533, 0.003456492636593620077, 0.003744533689643078731, 0.004032574742692536518, 0.004320615795741995606, 0.004608656848791453826 ),
 .UNSPECIFIED. ) ;
#877 = ADVANCED_FACE ( 'NONE', ( #2102 ), #142, .F. ) ;
#878 = CARTESIAN_POINT ( 'NONE',  ( -3.729654194219095054, -6.054859682647541597, 8.500000000000000000 ) ) ;
#879 = VERTEX_POINT ( 'NONE', #3380 ) ;
#880 = CARTESIAN_POINT ( 'NONE',  ( -3.253142984186743636, -9.159975764495685624, 12.10832813393337126 ) ) ;
#881 = CIRCLE ( 'NONE', #2358, 0.5000000000000000000 ) ;
#882 = ADVANCED_FACE ( 'NONE', ( #4602 ), #4494, .F. ) ;
#883 = DIRECTION ( 'NONE',  ( 0.000000000000000000, 0.000000000000000000, -1.000000000000000000 ) ) ;
#884 = ADVANCED_FACE ( 'NONE', ( #1296 ), #5194, .T. ) ;
#885 = DIRECTION ( 'NONE',  ( 1.000000000000000000, -0.000000000000000000, 0.000000000000000000 ) ) ;
#886 = ORIENTED_EDGE ( 'NONE', *, *, #5263, .F. ) ;
#887 = DIRECTION ( 'NONE',  ( -1.000000000000000000, 0.000000000000000000, 2.571407403092368652E-16 ) ) ;
#888 =( NAMED_UNIT ( * ) PLANE_ANGLE_UNIT ( ) SI_UNIT ( $, .RADIAN. ) );
#889 = AXIS2_PLACEMENT_3D ( 'NONE', #3358, #5013, #3332 ) ;
#890 = CARTESIAN_POINT ( 'NONE',  ( 0.000000000000000000, -113.4931647825010117, 0.000000000000000000 ) ) ;
#891 = CARTESIAN_POINT ( 'NONE',  ( -0.3115536160136603838, -21.62191937098099359, 1.638721635438008972 ) ) ;
#892 = DIRECTION ( 'NONE',  ( -0.000000000000000000, -1.000000000000000000, -0.000000000000000000 ) ) ;
#893 = CARTESIAN_POINT ( 'NONE',  ( -3.104184021279870365, -5.483195912974694330, 9.107115894974977977 ) ) ;
#894 = ORIENTED_EDGE ( 'NONE', *, *, #4566, .F. ) ;
#895 = DIRECTION ( 'NONE',  ( 0.000000000000000000, 0.000000000000000000, 1.000000000000000000 ) ) ;
#896 = CARTESIAN_POINT ( 'NONE',  ( 0.000000000000000000, -18.61166130683500342, -0.2550000000000000044 ) ) ;
#897 = EDGE_CURVE ( 'NONE', #4358, #4762, #4320, .T. ) ;
#898 = TOROIDAL_SURFACE ( 'NONE', #3300, 9.231956998270137049, 0.2999999999999999889 ) ;
#899 = CARTESIAN_POINT ( 'NONE',  ( 0.000000000000000000, -6.023600000000001842, 0.000000000000000000 ) ) ;
#900 = CARTESIAN_POINT ( 'NONE',  ( 0.000000000000000000, -15.80840806009312161, 0.000000000000000000 ) ) ;
#901 = ORIENTED_EDGE ( 'NONE', *, *, #1041, .F. ) ;
#902 = CARTESIAN_POINT ( 'NONE',  ( -3.396543002201438455, -6.061773215555091632, 12.50003054011985704 ) ) ;
#903 = ORIENTED_EDGE ( 'NONE', *, *, #5133, .T. ) ;
#904 = CARTESIAN_POINT ( 'NONE',  ( -3.430395830250807965, -6.052174496294062678, 9.424935083405362235 ) ) ;
#905 = CARTESIAN_POINT ( 'NONE',  ( -3.455561915871547818, -6.023600000000001842, 8.678681889892994050 ) ) ;
#906 = EDGE_LOOP ( 'NONE', ( #2198, #2244, #4235, #1264 ) ) ;
#907 = CARTESIAN_POINT ( 'NONE',  ( 3.037360605856504581, -5.535695964826330417, 8.769609212506603413 ) ) ;
#908 = CARTESIAN_POINT ( 'NONE',  ( -1.205623204702973128, -20.60352363274802556, 0.3418141164585738467 ) ) ;
#909 = DIRECTION ( 'NONE',  ( -0.000000000000000000, -1.000000000000000000, -0.000000000000000000 ) ) ;
#910 = B_SPLINE_CURVE_WITH_KNOTS ( 'NONE', 3,
 ( #3066, #4690, #191, #2221, #3469, #1410, #5130 ),
 .UNSPECIFIED., .F., .F.,
 ( 4, 3, 4 ),
 ( 0.01171228157774387157, 0.01528805951436436675, 0.01591439407000321341 ),
 .UNSPECIFIED. ) ;
#911 = ORIENTED_EDGE ( 'NONE', *, *, #4167, .T. ) ;
#912 = DIRECTION ( 'NONE',  ( 0.000000000000000000, 1.000000000000000000, 0.000000000000000000 ) ) ;
#913 =( NAMED_UNIT ( * ) SI_UNIT ( $, .STERADIAN. ) SOLID_ANGLE_UNIT ( ) );
#914 = ADVANCED_FACE ( 'NONE', ( #471 ), #2125, .F. ) ;
#915 = ADVANCED_FACE ( 'NONE', ( #4549 ), #3760, .F. ) ;
#916 = AXIS2_PLACEMENT_3D ( 'NONE', #4368, #3612, #2381 ) ;
#917 = CARTESIAN_POINT ( 'NONE',  ( -0.7940149723415569349, -22.41768694767158365, 0.6101354070941493735 ) ) ;
#918 = CARTESIAN_POINT ( 'NONE',  ( -2.971948572053787707, -5.484508712895058480, 8.715067850870218180 ) ) ;
#919 = CARTESIAN_POINT ( 'NONE',  ( -2.987315064069233195, -5.223600000000002019, 8.306675135505120267 ) ) ;
#920 = ORIENTED_EDGE ( 'NONE', *, *, #4773, .T. ) ;
#921 = LINE ( 'NONE', #1463, #3935 ) ;
#922 = FACE_OUTER_BOUND ( 'NONE', #4986, .T. ) ;
#923 = CIRCLE ( 'NONE', #3926, 0.5000000000000001110 ) ;
#924 = AXIS2_PLACEMENT_3D ( 'NONE', #628, #4808, #4346 ) ;
#925 = CARTESIAN_POINT ( 'NONE',  ( 10.95000000000000107, -5.223600000000002019, 8.199999999999997513 ) ) ;
#926 = CARTESIAN_POINT ( 'NONE',  ( -1.466381845926451932, -19.26515281965380311, 5.916918143620401693 ) ) ;
#927 = ORIENTED_EDGE ( 'NONE', *, *, #2945, .T. ) ;
#928 = ORIENTED_EDGE ( 'NONE', *, *, #3640, .T. ) ;
#929 = CARTESIAN_POINT ( 'NONE',  ( 4.074161836859261143, -6.023600000000001842, 11.19366764997448094 ) ) ;
#930 = CARTESIAN_POINT ( 'NONE',  ( 3.430454302130839128, -6.023600000000001842, 9.425095733575343360 ) ) ;
#931 = ORIENTED_EDGE ( 'NONE', *, *, #169, .T. ) ;
#932 = CIRCLE ( 'NONE', #1369, 4.025122630638374055 ) ;
#933 = DIRECTION ( 'NONE',  ( 0.8393880683067304060, -0.5078128394489994646, -0.1937880049823528239 ) ) ;
#934 = CARTESIAN_POINT ( 'NONE',  ( -3.534430584987036550, -6.042080772911845976, 8.500000000000000000 ) ) ;
#935 = VERTEX_POINT ( 'NONE', #1348 ) ;
#936 = DIRECTION ( 'NONE',  ( -1.000000000000000000, 0.000000000000000000, 2.040851148208014408E-16 ) ) ;
#937 = CIRCLE ( 'NONE', #1360, 0.2999999999999998779 ) ;
#938 = CARTESIAN_POINT ( 'NONE',  ( 3.798191111434348066, -8.478718354517484457, 8.087968237487496381 ) ) ;
#939 = CARTESIAN_POINT ( 'NONE',  ( 0.000000000000000000, -15.00555694826952191, 0.000000000000000000 ) ) ;
#940 = ORIENTED_EDGE ( 'NONE', *, *, #2435, .F. ) ;
#941 = CARTESIAN_POINT ( 'NONE',  ( 2.857386396919426197, -5.365809237182850744, 8.858397526551964773 ) ) ;
#942 = APPLICATION_PROTOCOL_DEFINITION ( 'draft international standard', 'automotive_design', 1998, #5293 ) ;
#943 = EDGE_CURVE ( 'NONE', #364, #5150, #989, .T. ) ;
#944 = EDGE_CURVE ( 'NONE', #3569, #3144, #5113, .T. ) ;
#945 = CARTESIAN_POINT ( 'NONE',  ( -3.986436187712510737, -5.223599999999989585, 12.13613003466816664 ) ) ;
#946 = CARTESIAN_POINT ( 'NONE',  ( -0.9943131121079217261, -21.57746955316144977, 0.5420342159181760211 ) ) ;
#947 = DIRECTION ( 'NONE',  ( 0.000000000000000000, 1.000000000000000000, -0.000000000000000000 ) ) ;
#948 = DIRECTION ( 'NONE',  ( -0.9743700647852359120, 0.000000000000000000, -0.2249510543438620891 ) ) ;
#949 = VERTEX_POINT ( 'NONE', #2680 ) ;
#950 = CARTESIAN_POINT ( 'NONE',  ( 2.672668342581166367, -15.31143537169122304, 7.140661757255310604 ) ) ;
#951 = CARTESIAN_POINT ( 'NONE',  ( 0.6503202544897052073, -8.406254681170794996, -3.201687193107751739 ) ) ;
#952 = B_SPLINE_CURVE_WITH_KNOTS ( 'NONE', 3,
 ( #2540, #2143, #4922, #3773, #3363, #1228, #4640, #2594 ),
 .UNSPECIFIED., .F., .F.,
 ( 4, 2, 2, 4 ),
 ( 0.000000000000000000, 0.0003430591895891558943, 0.0006861183791783117885, 0.001372236758356624878 ),
 .UNSPECIFIED. ) ;
#953 = AXIS2_PLACEMENT_3D ( 'NONE', #3463, #2688, #1913 ) ;
#954 = CARTESIAN_POINT ( 'NONE',  ( 0.06715921540216465702, -10.22360000000000291, 0.05488235445547150204 ) ) ;
#955 = EDGE_CURVE ( 'NONE', #3594, #658, #2606, .T. ) ;
#956 = EDGE_LOOP ( 'NONE', ( #4091, #4210, #3165, #1364 ) ) ;
#957 = CARTESIAN_POINT ( 'NONE',  ( -2.937003518521096090, -12.09798673751636322, 11.24519103655882724 ) ) ;
#958 = CARTESIAN_POINT ( 'NONE',  ( -3.879178511329075985, -8.208456361512061150, 8.298917369003079969 ) ) ;
#959 = ORIENTED_EDGE ( 'NONE', *, *, #3113, .T. ) ;
#960 = DIRECTION ( 'NONE',  ( 0.000000000000000000, 1.000000000000000000, 0.000000000000000000 ) ) ;
#961 = ORIENTED_EDGE ( 'NONE', *, *, #1773, .T. ) ;
#962 = CARTESIAN_POINT ( 'NONE',  ( 0.000000000000000000, -19.74704483549230716, 6.972810026710990705 ) ) ;
#963 = AXIS2_PLACEMENT_3D ( 'NONE', #962, #2655, #2630 ) ;
#964 = CARTESIAN_POINT ( 'NONE',  ( 0.000000000000000000, -14.69295884451307543, 7.200338303317392885 ) ) ;
#965 = CARTESIAN_POINT ( 'NONE',  ( 0.3832190319307612336, -21.62249899121507113, 1.607276153114939543 ) ) ;
#966 = ORIENTED_EDGE ( 'NONE', *, *, #3346, .T. ) ;
#967 = CARTESIAN_POINT ( 'NONE',  ( 3.154714712330075166, -5.580053505817184956, 8.781743109226431088 ) ) ;
#968 = CARTESIAN_POINT ( 'NONE',  ( 1.746425629107297040, -13.46581578397376688, 0.4031941259273198463 ) ) ;
#969 = CARTESIAN_POINT ( 'NONE',  ( -0.4061598129392763878, -22.82736469364832743, 0.8531381752102454863 ) ) ;
#970 = CARTESIAN_POINT ( 'NONE',  ( -4.166311850378386694, -8.223600000000001131, 8.219405669589310293 ) ) ;
#971 = CARTESIAN_POINT ( 'NONE',  ( -3.377284945336359367, -5.223600000000002908, 8.200000000000201794 ) ) ;
#972 = ORIENTED_EDGE ( 'NONE', *, *, #1615, .F. ) ;
#973 = CARTESIAN_POINT ( 'NONE',  ( 1.919047338876054942, -18.30507076716423853, 6.526032898036998375 ) ) ;
#974 = CARTESIAN_POINT ( 'NONE',  ( 0.6677926086407733886, -20.61166130683501407, -0.1054815087331081869 ) ) ;
#975 = CARTESIAN_POINT ( 'NONE',  ( -0.9542506481633563631, -20.25492642662079490, 1.920886265866795339 ) ) ;
#976 = CIRCLE ( 'NONE', #5291, 3.210557064628687840 ) ;
#977 = CARTESIAN_POINT ( 'NONE',  ( -2.403927363849279519, -17.30139314182178012, 7.030010610325383880 ) ) ;
#978 = EDGE_CURVE ( 'NONE', #1140, #2172, #3294, .T. ) ;
#979 = EDGE_LOOP ( 'NONE', ( #4384, #1693, #3547, #5134, #3515 ) ) ;
#980 = CARTESIAN_POINT ( 'NONE',  ( -4.306901297688387587, -9.128024979421935470, 11.83311406321666936 ) ) ;
#981 = CARTESIAN_POINT ( 'NONE',  ( 0.6503202544897052073, -10.22360000000000291, -3.144003853661382131 ) ) ;
#982 = ORIENTED_EDGE ( 'NONE', *, *, #1153, .F. ) ;
#983 = EDGE_CURVE ( 'NONE', #5110, #1468, #1374, .T. ) ;
#984 = FACE_OUTER_BOUND ( 'NONE', #1600, .T. ) ;
#985 = TOROIDAL_SURFACE ( 'NONE', #1250, -4.592400958310022929, 17.56568218562516748 ) ;
#986 = LINE ( 'NONE', #2653, #4706 ) ;
#987 = ORIENTED_EDGE ( 'NONE', *, *, #3470, .T. ) ;
#988 = CARTESIAN_POINT ( 'NONE',  ( 3.574491245141921958, -5.593576367562000939, 8.499999999999998224 ) ) ;
#989 = B_SPLINE_CURVE_WITH_KNOTS ( 'NONE', 3,
 ( #504, #3785, #102, #4139, #1748, #5035, #2877, #2980 ),
 .UNSPECIFIED., .F., .F.,
 ( 4, 2, 2, 4 ),
 ( -5.918379389116227784E-06, 0.0006767002846610188464, 0.001018009616686087236, 0.001359318948711155627 ),
 .UNSPECIFIED. ) ;
#990 = FILL_AREA_STYLE ('',( #3007 ) ) ;
#991 = CARTESIAN_POINT ( 'NONE',  ( 0.6143778069809325837, -21.62888390363055890, 1.418850379060162537 ) ) ;
#992 = ORIENTED_EDGE ( 'NONE', *, *, #944, .T. ) ;
#993 = CARTESIAN_POINT ( 'NONE',  ( -1.739576869458931354E-17, -21.18017553209466897, -3.921601983822704400E-14 ) ) ;
#994 = EDGE_LOOP ( 'NONE', ( #1540, #741, #4496, #555 ) ) ;
#995 = PLANE ( 'NONE',  #627 ) ;
#996 = CARTESIAN_POINT ( 'NONE',  ( 2.475721785955067755, -18.28980826615049438, 6.023494185033978709 ) ) ;
#997 = PLANE ( 'NONE',  #4063 ) ;
#998 = ORIENTED_EDGE ( 'NONE', *, *, #714, .F. ) ;
#999 = CARTESIAN_POINT ( 'NONE',  ( 2.011390341777408608, -18.88542401866135023, 5.930117759442560477 ) ) ;
#1000 = DIRECTION ( 'NONE',  ( -0.9988725733619626679, 0.04747190943337500912, 0.000000000000000000 ) ) ;
#1001 = DIRECTION ( 'NONE',  ( 0.000000000000000000, 0.000000000000000000, -1.000000000000000000 ) ) ;
#1002 = MANIFOLD_SOLID_BREP ( 'Fillet7', #562 ) ;
#1003 = CARTESIAN_POINT ( 'NONE',  ( -2.591030228925689904, -16.58359711005846648, 6.704191796581654650 ) ) ;
#1004 = VECTOR ( 'NONE', #1988, 1000.000000000000227 ) ;
#1005 = AXIS2_PLACEMENT_3D ( 'NONE', #4526, #482, #2860 ) ;
#1006 = EDGE_LOOP ( 'NONE', ( #2623, #1587, #4022, #4168 ) ) ;
#1007 = CARTESIAN_POINT ( 'NONE',  ( -4.416604016208848016, -7.251563919972076278, 12.13451980520646067 ) ) ;
#1008 = LINE ( 'NONE', #1443, #3493 ) ;
#1009 = EDGE_LOOP ( 'NONE', ( #1038, #2140, #1321, #911 ) ) ;
#1010 = AXIS2_PLACEMENT_3D ( 'NONE', #1147, #1951, #1520 ) ;
#1011 = ADVANCED_FACE ( 'NONE', ( #2235 ), #3724, .F. ) ;
#1012 = CARTESIAN_POINT ( 'NONE',  ( 2.136836567476027238, -17.92160341294858839, 6.715559493663810109 ) ) ;
#1013 = AXIS2_PLACEMENT_3D ( 'NONE', #2775, #4826, #324 ) ;
#1014 = DIRECTION ( 'NONE',  ( -1.000000000000000000, 0.000000000000000000, 2.571407403092368652E-16 ) ) ;
#1015 = CARTESIAN_POINT ( 'NONE',  ( 0.000000000000000000, -15.00555694826952191, 0.000000000000000000 ) ) ;
#1016 = ORIENTED_EDGE ( 'NONE', *, *, #4663, .T. ) ;
#1017 = CARTESIAN_POINT ( 'NONE',  ( 1.064533160154931046, -21.55956692859330204, 0.3465224017322037220 ) ) ;
#1018 = CARTESIAN_POINT ( 'NONE',  ( -0.2405800382646998969, -20.83844312179375535, 0.000000000000000000 ) ) ;
#1019 = CARTESIAN_POINT ( 'NONE',  ( 0.4671455467760195490, -21.62374301771525253, 1.552525360489518391 ) ) ;
#1020 = AXIS2_PLACEMENT_3D ( 'NONE', #4372, #2330, #3965 ) ;
#1021 = ORIENTED_EDGE ( 'NONE', *, *, #2561, .T. ) ;
#1022 = FACE_OUTER_BOUND ( 'NONE', #5304, .T. ) ;
#1023 = CARTESIAN_POINT ( 'NONE',  ( -1.007930633362833284, -21.08927288844983750, 0.6976244956910135908 ) ) ;
#1024 = ORIENTED_EDGE ( 'NONE', *, *, #279, .T. ) ;
#1025 = B_SPLINE_CURVE_WITH_KNOTS ( 'NONE', 3,
 ( #855, #4597, #1666, #3402 ),
 .UNSPECIFIED., .F., .F.,
 ( 4, 4 ),
 ( 0.0008006003131308573424, 0.005002705044485665671 ),
 .UNSPECIFIED. ) ;
#1026 = ORIENTED_EDGE ( 'NONE', *, *, #4123, .T. ) ;
#1027 = CARTESIAN_POINT ( 'NONE',  ( 4.141175136267339241, -6.034269422870092825, 11.46271000137568485 ) ) ;
#1028 = DIRECTION ( 'NONE',  ( 0.000000000000000000, 0.000000000000000000, -1.000000000000000000 ) ) ;
#1029 = EDGE_CURVE ( 'NONE', #2794, #3672, #3356, .T. ) ;
#1030 = CARTESIAN_POINT ( 'NONE',  ( -3.208732942763659501, -12.16997857686657802, 8.815921305303314526 ) ) ;
#1031 = DIRECTION ( 'NONE',  ( -0.000000000000000000, -1.000000000000000000, -0.000000000000000000 ) ) ;
#1032 = ORIENTED_EDGE ( 'NONE', *, *, #4732, .T. ) ;
#1033 = CARTESIAN_POINT ( 'NONE',  ( -2.654236176042763518, -16.20505166484780801, 7.292453959577061440 ) ) ;
#1034 = DIRECTION ( 'NONE',  ( -0.8936257748721834204, -0.08531639276269363525, -0.4406291951403716878 ) ) ;
#1035 = CARTESIAN_POINT ( 'NONE',  ( 1.743229873436595634, -18.55106707401713706, 6.408950333750664363 ) ) ;
#1036 = CARTESIAN_POINT ( 'NONE',  ( 1.209444661811705179, -19.39710221043986493, 0.7485732151839782356 ) ) ;
#1037 = CARTESIAN_POINT ( 'NONE',  ( -0.6526394872463933128, -5.788257104633064642, 3.126901991047005058 ) ) ;
#1038 = ORIENTED_EDGE ( 'NONE', *, *, #5167, .F. ) ;
#1039 = CARTESIAN_POINT ( 'NONE',  ( 2.857386396918247140, -5.365809237181489166, 8.858397526554478318 ) ) ;
#1040 =( BOUNDED_SURFACE ( )  B_SPLINE_SURFACE ( 3, 2, ( 
 ( #212, #3419, #5158 ),
 ( #2273, #950, #3822 ),
 ( #3089, #541, #164 ),
 ( #514, #3796, #2566 ),
 ( #3065, #113, #5129 ),
 ( #4284, #1759, #3445 ),
 ( #4689, #5103, #1435 ),
 ( #138, #4206, #5078 ),
 ( #2592, #2642, #1408 ),
 ( #3390, #4719, #1385 ),
 ( #620, #3018, #973 ),
 ( #999, #569, #2618 ),
 ( #4257, #2220, #2245 ),
 ( #2774, #1142, #4417 ),
 ( #1542, #3958, #4391 ),
 ( #2349, #4797, #2802 ) ),
 .UNSPECIFIED., .F., .F., .T. ) 
 B_SPLINE_SURFACE_WITH_KNOTS ( ( 4, 2, 2, 2, 2, 2, 2, 4 ),
 ( 3, 3 ),
 ( 0.000000000000000000, 0.001452011910025215354, 0.002178017865037823030, 0.002904023820050430707, 0.003630029775063038384, 0.004356035730075646061, 0.005082041685088254171, 0.005808047640100861414 ),
 ( 0.000000000000000000, 1.000000000000000000 ),
 .UNSPECIFIED. ) 
 GEOMETRIC_REPRESENTATION_ITEM ( )  RATIONAL_B_SPLINE_SURFACE ( (
 ( 1.000000000000000000, 0.7452283712275251659, 1.000000000000000000),
 ( 1.000000000000000000, 0.7724058969036377009, 1.000000000000000000),
 ( 1.000000000000000000, 0.7981864333276439405, 1.000000000000000000),
 ( 1.000000000000000000, 0.8343938164652543454, 1.000000000000000000),
 ( 1.000000000000000000, 0.8460521607088689056, 1.000000000000000000),
 ( 1.000000000000000000, 0.8684838567899872963, 1.000000000000000000),
 ( 1.000000000000000000, 0.8792895243407248262, 1.000000000000000000),
 ( 1.000000000000000000, 0.8996286461989306815, 1.000000000000000000),
 ( 1.000000000000000000, 0.9092393439413946066, 1.000000000000000000),
 ( 1.000000000000000000, 0.9269903603962332816, 1.000000000000000000),
 ( 1.000000000000000000, 0.9350667426786311021, 1.000000000000000000),
 ( 1.000000000000000000, 0.9496157831981478781, 1.000000000000000000),
 ( 1.000000000000000000, 0.9560092800127549806, 1.000000000000000000),
 ( 1.000000000000000000, 0.9662751521290381396, 1.000000000000000000),
 ( 1.000000000000000000, 0.9700281379779162050, 1.000000000000000000),
 ( 1.000000000000000000, 0.9718631779898062595, 1.000000000000000000) ) ) 
 REPRESENTATION_ITEM ( '' )  SURFACE ( )  );
#1041 = EDGE_CURVE ( 'NONE', #4898, #1134, #5251, .T. ) ;
#1042 = SURFACE_STYLE_FILL_AREA ( #990 ) ;
#1043 = CARTESIAN_POINT ( 'NONE',  ( 0.9302674037597953305, -21.63896670154728952, 0.8065207679999153445 ) ) ;
#1044 = ORIENTED_EDGE ( 'NONE', *, *, #1290, .T. ) ;
#1045 = EDGE_CURVE ( 'NONE', #4574, #4741, #3245, .T. ) ;
#1046 = CARTESIAN_POINT ( 'NONE',  ( -4.015565759420093528, -8.218129798979578737, 8.257028041462513457 ) ) ;
#1047 = ORIENTED_EDGE ( 'NONE', *, *, #1365, .T. ) ;
#1048 = EDGE_CURVE ( 'NONE', #3088, #4546, #2151, .T. ) ;
#1049 = CARTESIAN_POINT ( 'NONE',  ( -4.303397968449046060E-16, -18.67766845861118696, 5.591869912673984366 ) ) ;
#1050 = AXIS2_PLACEMENT_3D ( 'NONE', #2164, #3543, #594 ) ;
#1051 = CARTESIAN_POINT ( 'NONE',  ( 2.694975390676989324, -17.89030798529560684, 6.105169609319981205 ) ) ;
#1052 = ORIENTED_EDGE ( 'NONE', *, *, #943, .T. ) ;
#1053 = ORIENTED_EDGE ( 'NONE', *, *, #253, .T. ) ;
#1054 = CARTESIAN_POINT ( 'NONE',  ( 0.6721254665227845981, -18.56123144761066968, 4.144531255609582132 ) ) ;
#1055 = CARTESIAN_POINT ( 'NONE',  ( 3.664841231626918105, -7.923600000000001309, 8.799999999999998934 ) ) ;
#1056 = VECTOR ( 'NONE', #4678, 1000.000000000000000 ) ;
#1057 = LINE ( 'NONE', #4691, #5031 ) ;
#1058 = CARTESIAN_POINT ( 'NONE',  ( 0.000000000000000000, -10.55244250479772994, 0.000000000000000000 ) ) ;
#1059 = CARTESIAN_POINT ( 'NONE',  ( 0.000000000000000000, -10.22360000000000291, 0.000000000000000000 ) ) ;
#1060 = VERTEX_POINT ( 'NONE', #2871 ) ;
#1061 = EDGE_CURVE ( 'NONE', #224, #1419, #1747, .T. ) ;
#1062 = CARTESIAN_POINT ( 'NONE',  ( -3.301598991923896165, -8.492056721318789414, 12.24067444788052050 ) ) ;
#1063 = CARTESIAN_POINT ( 'NONE',  ( 5.601338295965375025, -1.980173226765838734, -1.293170840271852695 ) ) ;
#1064 = AXIS2_PLACEMENT_3D ( 'NONE', #2241, #3518, #4331 ) ;
#1065 = CARTESIAN_POINT ( 'NONE',  ( -0.04175567719878846284, -10.22360000000000291, -0.03947364217838960493 ) ) ;
#1066 = CARTESIAN_POINT ( 'NONE',  ( 0.6768480097177496102, -22.02219875591067577, 0.8316694415203979007 ) ) ;
#1067 = CARTESIAN_POINT ( 'NONE',  ( 3.417628263407350264, -7.611851033877572448, 9.389856481801507115 ) ) ;
#1068 = VERTEX_POINT ( 'NONE', #2448 ) ;
#1069 = DIRECTION ( 'NONE',  ( 0.000000000000000000, 0.000000000000000000, -1.000000000000000000 ) ) ;
#1070 = CIRCLE ( 'NONE', #2612, 3.061890362146191702 ) ;
#1071 = AXIS2_PLACEMENT_3D ( 'NONE', #1437, #3552, #1001 ) ;
#1072 = CARTESIAN_POINT ( 'NONE',  ( -0.9452445866129774998, -20.06387724600433131, 2.162789855539330119 ) ) ;
#1073 = CARTESIAN_POINT ( 'NONE',  ( 3.278718343031244764, -6.007024844822740128, 0.6454516287622887871 ) ) ;
#1074 =( BOUNDED_SURFACE ( )  B_SPLINE_SURFACE ( 3, 2, ( 
 ( #4963, #4579, #838 ),
 ( #4201, #2908, #2931 ),
 ( #509, #2882, #3414 ),
 ( #5041, #4555, #1352 ),
 ( #862, #4147, #2987 ),
 ( #4632, #945, #2587 ),
 ( #5073, #536, #2189 ),
 ( #3816, #133, #1779 ),
 ( #4524, #4306, #2636 ),
 ( #2267, #4685, #3545 ) ),
 .UNSPECIFIED., .F., .F., .T. ) 
 B_SPLINE_SURFACE_WITH_KNOTS ( ( 4, 2, 2, 2, 4 ),
 ( 3, 3 ),
 ( 0.0006464805286231643973, 0.0007288683776331229347, 0.0008112562266430814722, 0.0008936440756530399012, 0.0009760319246629984387 ),
 ( 0.000000000000000000, 1.000000000000000000 ),
 .UNSPECIFIED. ) 
 GEOMETRIC_REPRESENTATION_ITEM ( )  RATIONAL_B_SPLINE_SURFACE ( (
 ( 1.000000000000000000, 0.7071067811866421637, 1.000000000000000000),
 ( 1.000000000000000000, 0.7047498154887801292, 1.000000000000000000),
 ( 1.000000000000000000, 0.7023795168135246181, 1.000000000000000000),
 ( 1.000000000000000000, 0.6980565172290668086, 1.000000000000000000),
 ( 1.000000000000000000, 0.6960882447475830181, 1.000000000000000000),
 ( 1.000000000000000000, 0.6929031289317527653, 1.000000000000000000),
 ( 1.000000000000000000, 0.6916610783950826180, 1.000000000000000000),
 ( 1.000000000000000000, 0.6901321454083920726, 1.000000000000000000),
 ( 1.000000000000000000, 0.6898266301238908937, 1.000000000000000000),
 ( 1.000000000000000000, 0.6900302459154021850, 1.000000000000000000) ) ) 
 REPRESENTATION_ITEM ( '' )  SURFACE ( )  );
#1075 = CARTESIAN_POINT ( 'NONE',  ( 3.430395830250833278, -6.052174496294062678, 9.424935083405351577 ) ) ;
#1076 = EDGE_LOOP ( 'NONE', ( #466, #4035, #998, #2772 ) ) ;
#1077 = CARTESIAN_POINT ( 'NONE',  ( -3.664841231626912332, -7.923600000000001309, 8.500000000000000000 ) ) ;
#1078 = ORIENTED_EDGE ( 'NONE', *, *, #1157, .F. ) ;
#1079 = ADVANCED_FACE ( 'NONE', ( #1663 ), #4083, .T. ) ;
#1080 = EDGE_CURVE ( 'NONE', #4805, #506, #800, .T. ) ;
#1081 = CARTESIAN_POINT ( 'NONE',  ( 2.799628934789418100, -5.290716649468128807, 8.650840107224471609 ) ) ;
#1082 = VERTEX_POINT ( 'NONE', #416 ) ;
#1083 = VERTEX_POINT ( 'NONE', #4928 ) ;
#1084 = CARTESIAN_POINT ( 'NONE',  ( -0.6489487262978609339, -14.74627372688717664, 7.296305091590772562 ) ) ;
#1085 = DIRECTION ( 'NONE',  ( 0.1560211227123544653, 1.322195498237035310E-13, -0.9877537189338122525 ) ) ;
#1086 = AXIS2_PLACEMENT_3D ( 'NONE', #3709, #2505, #2157 ) ;
#1087 = B_SPLINE_CURVE_WITH_KNOTS ( 'NONE', 3,
 ( #5230, #1536, #3602, #2797, #2319, #723, #4008, #2711 ),
 .UNSPECIFIED., .F., .F.,
 ( 4, 2, 2, 4 ),
 ( -5.844953271100458476E-06, 0.0006882108271351484313, 0.001035238717338273374, 0.001382266607541398316 ),
 .UNSPECIFIED. ) ;
#1088 = FACE_OUTER_BOUND ( 'NONE', #3555, .T. ) ;
#1089 = CARTESIAN_POINT ( 'NONE',  ( -1.739576869458931354E-17, -29.61166130683500697, 0.004999999999960797088 ) ) ;
#1090 = DIRECTION ( 'NONE',  ( -0.9998360171510116690, 0.01810908080499342918, 0.000000000000000000 ) ) ;
#1091 = ORIENTED_EDGE ( 'NONE', *, *, #87, .F. ) ;
#1092 = CARTESIAN_POINT ( 'NONE',  ( 0.8235466599891634321, -5.495524388101449276, 3.435147266727418547 ) ) ;
#1093 = CARTESIAN_POINT ( 'NONE',  ( 2.651406407636707208, -14.89939503092404749, 7.284679234779051882 ) ) ;
#1094 = CARTESIAN_POINT ( 'NONE',  ( 2.289726084560826713, -17.59040321123634243, 6.882784028762471529 ) ) ;
#1095 = AXIS2_PLACEMENT_3D ( 'NONE', #3776, #4131, #1736 ) ;
#1096 = CARTESIAN_POINT ( 'NONE',  ( 0.4069694196318974222, -22.09536712970810157, 0.9757053597060425520 ) ) ;
#1097 = AXIS2_PLACEMENT_3D ( 'NONE', #1252, #2487, #812 ) ;
#1098 = CARTESIAN_POINT ( 'NONE',  ( 1.593743583781354340E-18, -17.92170854879095288, 4.525586886765063710 ) ) ;
#1099 = ORIENTED_EDGE ( 'NONE', *, *, #2240, .F. ) ;
#1100 = CARTESIAN_POINT ( 'NONE',  ( -0.1657395969043892470, -20.61166130683501052, -0.2341928092343672219 ) ) ;
#1101 = AXIS2_PLACEMENT_3D ( 'NONE', #2350, #1919, #731 ) ;
#1102 = EDGE_CURVE ( 'NONE', #1254, #4328, #2472, .T. ) ;
#1103 = AXIS2_PLACEMENT_3D ( 'NONE', #1059, #650, #2303 ) ;
#1104 = CARTESIAN_POINT ( 'NONE',  ( 0.1462148875831380812, -10.22360000000000291, 8.746151324363943047 ) ) ;
#1105 = PLANE ( 'NONE',  #2263 ) ;
#1106 = CARTESIAN_POINT ( 'NONE',  ( 0.000000000000000000, -10.22360000000000291, 0.000000000000000000 ) ) ;
#1107 = ORIENTED_EDGE ( 'NONE', *, *, #944, .F. ) ;
#1108 = CARTESIAN_POINT ( 'NONE',  ( -2.886292355423575984, -5.321368850562423702, 8.621674988325914057 ) ) ;
#1109 = CARTESIAN_POINT ( 'NONE',  ( -3.827028031358165272, -8.197366508415232289, 8.324516883174425175 ) ) ;
#1110 = AXIS2_PLACEMENT_3D ( 'NONE', #3111, #668, #4819 ) ;
#1111 = CARTESIAN_POINT ( 'NONE',  ( 3.437624585292510027, -8.008961630559619849, 8.492098821080629634 ) ) ;
#1112 = CARTESIAN_POINT ( 'NONE',  ( -0.9919143745924499100, -21.19393601829879970, 1.009043173447109254 ) ) ;
#1113 = ORIENTED_EDGE ( 'NONE', *, *, #2720, .T. ) ;
#1114 = ORIENTED_EDGE ( 'NONE', *, *, #3836, .T. ) ;
#1115 = CARTESIAN_POINT ( 'NONE',  ( -0.07404129125031000402, -10.22360000000000291, 8.737309975419792707 ) ) ;
#1116 = CARTESIAN_POINT ( 'NONE',  ( -3.084422888646709104, -6.023600000000001842, -0.6299141292494767619 ) ) ;
#1117 = ADVANCED_FACE ( 'NONE', ( #3296 ), #1455, .T. ) ;
#1118 = CARTESIAN_POINT ( 'NONE',  ( -11.21743489690566342, -8.080445100380387657, 0.001912952166033254518 ) ) ;
#1119 = FACE_OUTER_BOUND ( 'NONE', #205, .T. ) ;
#1120 = CARTESIAN_POINT ( 'NONE',  ( 3.364274811811051702, -7.313621514183830996, 12.41187434939194212 ) ) ;
#1121 = ORIENTED_EDGE ( 'NONE', *, *, #4172, .F. ) ;
#1122 = DIRECTION ( 'NONE',  ( 1.678114533206139807E-17, 0.9905671121878985019, -0.1370284505193259394 ) ) ;
#1123 = DIRECTION ( 'NONE',  ( 0.000000000000000000, 0.000000000000000000, -1.000000000000000000 ) ) ;
#1124 = B_SPLINE_CURVE_WITH_KNOTS ( 'NONE', 3,
 ( #2082, #3408, #1297, #831 ),
 .UNSPECIFIED., .F., .F.,
 ( 4, 4 ),
 ( 0.002446251081421448124, 0.008982004588906635292 ),
 .UNSPECIFIED. ) ;
#1125 = CARTESIAN_POINT ( 'NONE',  ( 1.197999189311460988, -18.95724107085351662, 6.246292456277863892 ) ) ;
#1126 = EDGE_CURVE ( 'NONE', #4371, #1646, #4233, .T. ) ;
#1127 = CARTESIAN_POINT ( 'NONE',  ( 0.9581627386058356732, -21.60453946501622369, 0.7359690033190959824 ) ) ;
#1128 = CARTESIAN_POINT ( 'NONE',  ( -0.2614019763733931856, -20.60121038146195716, 0.0003355277104152040550 ) ) ;
#1129 = VERTEX_POINT ( 'NONE', #2073 ) ;
#1130 = CARTESIAN_POINT ( 'NONE',  ( 2.129855751192001545, -20.61166130683501052, 1.184031597507751110 ) ) ;
#1131 = CARTESIAN_POINT ( 'NONE',  ( 0.9333333333333331261, -14.87911484186691702, 7.535419098554304362 ) ) ;
#1132 = FACE_OUTER_BOUND ( 'NONE', #4137, .T. ) ;
#1133 = DIRECTION ( 'NONE',  ( 0.000000000000000000, 0.000000000000000000, 1.000000000000000000 ) ) ;
#1134 = VERTEX_POINT ( 'NONE', #4567 ) ;
#1135 = CARTESIAN_POINT ( 'NONE',  ( 0.5969079429704704509, -20.48439088030789890, 0.6619963856640520561 ) ) ;
#1136 = CARTESIAN_POINT ( 'NONE',  ( 3.131769334491521395, -5.789257215256795597, 0.6723726601639478107 ) ) ;
#1137 = EDGE_CURVE ( 'NONE', #2355, #1060, #3628, .T. ) ;
#1138 = DIRECTION ( 'NONE',  ( -0.1335222851235817465, -0.000000000000000000, 0.9910458109367985546 ) ) ;
#1139 = CARTESIAN_POINT ( 'NONE',  ( 1.583285280397700674E-15, -5.223600000000002019, 1.445322841526558211 ) ) ;
#1140 = VERTEX_POINT ( 'NONE', #4594 ) ;
#1141 = ORIENTED_EDGE ( 'NONE', *, *, #3936, .F. ) ;
#1142 = CARTESIAN_POINT ( 'NONE',  ( 1.390305176165171241, -19.03684201395722653, 6.039555812844137783 ) ) ;
#1143 = CARTESIAN_POINT ( 'NONE',  ( 0.8009009252000874879, -19.73569002711193576, 2.180452443765215520 ) ) ;
#1144 = VECTOR ( 'NONE', #4847, 1000.000000000000000 ) ;
#1145 = LINE ( 'NONE', #2434, #727 ) ;
#1146 = DIRECTION ( 'NONE',  ( 0.000000000000000000, 1.000000000000000000, 0.000000000000000000 ) ) ;
#1147 = CARTESIAN_POINT ( 'NONE',  ( 0.000000000000000000, -12.20178778921884266, 0.000000000000000000 ) ) ;
#1148 = ORIENTED_EDGE ( 'NONE', *, *, #3812, .F. ) ;
#1149 = CARTESIAN_POINT ( 'NONE',  ( -3.884690984852463114, -15.15189579060438341, 7.749296362277971362 ) ) ;
#1150 = CARTESIAN_POINT ( 'NONE',  ( -0.5678280019771464460, -10.22360000000000291, -0.01040581924574499224 ) ) ;
#1151 = CARTESIAN_POINT ( 'NONE',  ( 3.043210917009349981, -14.83414913562155668, 8.361153277120884297 ) ) ;
#1152 = CARTESIAN_POINT ( 'NONE',  ( 0.9576234026241302599, -22.03565911133109267, 0.4384418737307849145 ) ) ;
#1153 = EDGE_CURVE ( 'NONE', #767, #1396, #1323, .T. ) ;
#1154 = CARTESIAN_POINT ( 'NONE',  ( -2.877776500735460380E-16, -20.55091524738696407, 0.2549999999999998379 ) ) ;
#1155 = ORIENTED_EDGE ( 'NONE', *, *, #1505, .T. ) ;
#1156 = CARTESIAN_POINT ( 'NONE',  ( 0.5285500925422104146, -20.61166130683386299, 0.5380286127861353407 ) ) ;
#1157 = EDGE_CURVE ( 'NONE', #3328, #1797, #2019, .T. ) ;
#1158 = CARTESIAN_POINT ( 'NONE',  ( -0.8999999999999996891, -10.22360000000000291, 10.13201710189523297 ) ) ;
#1159 = AXIS2_PLACEMENT_3D ( 'NONE', #2981, #1504, #4274 ) ;
#1160 = CARTESIAN_POINT ( 'NONE',  ( 3.729654194219118146, -6.054859682647542485, 8.499999999999998224 ) ) ;
#1161 = CARTESIAN_POINT ( 'NONE',  ( -2.857386396919389338, -5.365809237181967895, 8.858397526555672030 ) ) ;
#1162 = VERTEX_POINT ( 'NONE', #2121 ) ;
#1163 = CARTESIAN_POINT ( 'NONE',  ( 0.6671151808361790447, -20.59600754862659144, 0.1649429703979505557 ) ) ;
#1164 = CARTESIAN_POINT ( 'NONE',  ( -3.686003430391077362, -8.110488715369688961, 8.439667408187430553 ) ) ;
#1165 = CARTESIAN_POINT ( 'NONE',  ( 0.05987976741861864016, -6.023600000000001842, -0.04675309016193560790 ) ) ;
#1166 = CARTESIAN_POINT ( 'NONE',  ( -3.382742440615948087, -5.578842901579582403, 0.7642005575239012583 ) ) ;
#1167 = ORIENTED_EDGE ( 'NONE', *, *, #4692, .T. ) ;
#1168 = ORIENTED_EDGE ( 'NONE', *, *, #4705, .F. ) ;
#1169 = CARTESIAN_POINT ( 'NONE',  ( -0.5151206759282270786, -15.35962551117974328, 8.400338303317392175 ) ) ;
#1170 = CARTESIAN_POINT ( 'NONE',  ( 0.6503202544897052073, -6.023600000000001842, -3.089420301609855368 ) ) ;
#1171 = DIRECTION ( 'NONE',  ( 0.000000000000000000, 1.000000000000000000, 0.000000000000000000 ) ) ;
#1172 = CARTESIAN_POINT ( 'NONE',  ( 3.881135316806522795, -5.223600000000002019, 1.445322841526558211 ) ) ;
#1173 = DIRECTION ( 'NONE',  ( -2.040851148208007998E-16, -0.000000000000000000, -1.000000000000000000 ) ) ;
#1174 = ORIENTED_EDGE ( 'NONE', *, *, #5302, .T. ) ;
#1175 = CARTESIAN_POINT ( 'NONE',  ( 1.205623204709936891, -20.60352363274835241, 0.3418141164558241574 ) ) ;
#1176 = CARTESIAN_POINT ( 'NONE',  ( 2.944998364066576890, -15.15189579060439762, 8.091316505603622034 ) ) ;
#1177 = CARTESIAN_POINT ( 'NONE',  ( 4.075628453264751982, -5.929697825681033763, 11.19769714543156347 ) ) ;
#1178 = CARTESIAN_POINT ( 'NONE',  ( -0.9075883152340175064, -19.33754378532492169, 2.934814467912826963 ) ) ;
#1179 = ORIENTED_EDGE ( 'NONE', *, *, #3374, .F. ) ;
#1180 = CARTESIAN_POINT ( 'NONE',  ( -0.8537185835443668047, -19.56509686249352242, 2.516040931784748302 ) ) ;
#1181 = EDGE_CURVE ( 'NONE', #3891, #879, #5030, .T. ) ;
#1182 = VECTOR ( 'NONE', #4659, 999.9999999999998863 ) ;
#1183 = CARTESIAN_POINT ( 'NONE',  ( 0.2245413690470533241, -14.70232309766117851, 7.217193958983977531 ) ) ;
#1184 = EDGE_CURVE ( 'NONE', #2201, #364, #500, .T. ) ;
#1185 = CARTESIAN_POINT ( 'NONE',  ( 3.411844552345479897, -7.289060596769211919, 8.697910190513402640 ) ) ;
#1186 = DIRECTION ( 'NONE',  ( 0.000000000000000000, 1.000000000000000000, 0.000000000000000000 ) ) ;
#1187 = ORIENTED_EDGE ( 'NONE', *, *, #3470, .F. ) ;
#1188 = CARTESIAN_POINT ( 'NONE',  ( 0.05828553974140233268, -20.55091524738697117, 0.2550000000000000600 ) ) ;
#1189 = CIRCLE ( 'NONE', #1778, 1.677190573871533363 ) ;
#1190 = CARTESIAN_POINT ( 'NONE',  ( -3.821065342975651369, -8.261466199919672349, 8.097091669079420129 ) ) ;
#1191 = AXIS2_PLACEMENT_3D ( 'NONE', #5048, #570, #240 ) ;
#1192 = AXIS2_PLACEMENT_3D ( 'NONE', #4816, #2368, #341 ) ;
#1193 = DIRECTION ( 'NONE',  ( 0.000000000000000000, 1.000000000000000000, 0.000000000000000000 ) ) ;
#1194 = DIRECTION ( 'NONE',  ( -1.000000000000000000, -0.000000000000000000, -0.000000000000000000 ) ) ;
#1195 = EDGE_LOOP ( 'NONE', ( #1878, #5033, #3118, #1099, #189, #4672 ) ) ;
#1196 = ORIENTED_EDGE ( 'NONE', *, *, #1438, .F. ) ;
#1197 = DIRECTION ( 'NONE',  ( 0.000000000000000000, 1.000000000000000000, 0.000000000000000000 ) ) ;
#1198 = CARTESIAN_POINT ( 'NONE',  ( -3.374761248217837295, -8.105148648097094011, 8.686543059214939078 ) ) ;
#1199 = CIRCLE ( 'NONE', #3596, 3.341904105585355556 ) ;
#1200 = CARTESIAN_POINT ( 'NONE',  ( 3.729654194219113261, -6.054859682647542485, 8.499999999999998224 ) ) ;
#1201 = DIRECTION ( 'NONE',  ( -1.000000000000000000, 0.000000000000000000, 2.571407403092368652E-16 ) ) ;
#1202 = DIRECTION ( 'NONE',  ( 0.000000000000000000, 0.000000000000000000, 1.000000000000000000 ) ) ;
#1203 = AXIS2_PLACEMENT_3D ( 'NONE', #1510, #2342, #4763 ) ;
#1204 = ORIENTED_EDGE ( 'NONE', *, *, #3194, .F. ) ;
#1205 = DIRECTION ( 'NONE',  ( 0.09651661677950473806, -0.9593568584831343449, -0.2651772252038435140 ) ) ;
#1206 = CARTESIAN_POINT ( 'NONE',  ( 3.467798509027259612, -12.71502429387620836, 9.527698098770699175 ) ) ;
#1207 = CARTESIAN_POINT ( 'NONE',  ( 1.411310823390990121, -18.22181401409920198, 7.100844632277740764 ) ) ;
#1208 = DIRECTION ( 'NONE',  ( 0.9937044044088076955, 0.000000000000000000, 0.1120337300036775285 ) ) ;
#1209 = VERTEX_POINT ( 'NONE', #1743 ) ;
#1210 = CARTESIAN_POINT ( 'NONE',  ( 1.190186588394927414, -20.61166130683150399, 1.487638661889588487 ) ) ;
#1211 = DIRECTION ( 'NONE',  ( -0.000000000000000000, 1.000000000000000000, -0.000000000000000000 ) ) ;
#1212 = B_SPLINE_CURVE_WITH_KNOTS ( 'NONE', 3,
 ( #4191, #2948, #2075, #1638 ),
 .UNSPECIFIED., .F., .F.,
 ( 4, 4 ),
 ( 1.734723475976807094E-18, 2.487250150342197946E-05 ),
 .UNSPECIFIED. ) ;
#1213 = CARTESIAN_POINT ( 'NONE',  ( 3.131171942113046391, -5.792467950592230075, -0.6799885928201713226 ) ) ;
#1214 = ORIENTED_EDGE ( 'NONE', *, *, #2336, .T. ) ;
#1215 = CARTESIAN_POINT ( 'NONE',  ( 0.000000000000000000, -15.75391013364006731, 0.000000000000000000 ) ) ;
#1216 = CARTESIAN_POINT ( 'NONE',  ( -2.942311265025335132, -5.223600000000001131, 8.497740524741765000 ) ) ;
#1217 = FACE_OUTER_BOUND ( 'NONE', #3814, .T. ) ;
#1218 = CARTESIAN_POINT ( 'NONE',  ( 3.513424155830963791, -5.223600000000002019, 8.500000000000000000 ) ) ;
#1219 = ORIENTED_EDGE ( 'NONE', *, *, #3799, .F. ) ;
#1220 = DIRECTION ( 'NONE',  ( 0.000000000000000000, 0.000000000000000000, 1.000000000000000000 ) ) ;
#1221 =( BOUNDED_SURFACE ( )  B_SPLINE_SURFACE ( 3, 2, ( 
 ( #2973, #4620, #930 ),
 ( #2575, #4213, #524 ),
 ( #1496, #1816, #3531 ),
 ( #4671, #4345, #147 ) ),
 .UNSPECIFIED., .F., .F., .F. ) 
 B_SPLINE_SURFACE_WITH_KNOTS ( ( 4, 4 ),
 ( 3, 3 ),
 ( 0.000000000000000000, 4.286021073563921820E-05 ),
 ( 0.4777727008957624033, 1.000000000000000000 ),
 .UNSPECIFIED. ) 
 GEOMETRIC_REPRESENTATION_ITEM ( )  RATIONAL_B_SPLINE_SURFACE ( (
 ( 0.8709321908211982155, 0.8649276016222606778, 1.000000000000000000),
 ( 0.8709321907662725959, 0.8649276015647797689, 1.000000000000000000),
 ( 0.8709308949792347043, 0.8649262454941677447, 1.000000000000000000),
 ( 0.8709283030365458922, 0.8649235329671816075, 1.000000000000000000) ) ) 
 REPRESENTATION_ITEM ( '' )  SURFACE ( )  );
#1222 = EDGE_CURVE ( 'NONE', #4335, #3328, #5332, .T. ) ;
#1223 = DIRECTION ( 'NONE',  ( 0.000000000000000000, 0.000000000000000000, -1.000000000000000000 ) ) ;
#1224 = FACE_OUTER_BOUND ( 'NONE', #2646, .T. ) ;
#1225 = CARTESIAN_POINT ( 'NONE',  ( -0.1002248332962426824, -22.94198926555782236, 0.9276379657099843579 ) ) ;
#1226 = EDGE_LOOP ( 'NONE', ( #611, #4955, #3872, #2445, #1326 ) ) ;
#1227 = CARTESIAN_POINT ( 'NONE',  ( 0.9019307552828762509, -19.50357881134424076, 2.718361456025436773 ) ) ;
#1228 = CARTESIAN_POINT ( 'NONE',  ( -3.408075330735664821, -5.295279643422929894, 1.046462656947410252 ) ) ;
#1229 = CARTESIAN_POINT ( 'NONE',  ( 3.388711869700424373, -6.599192120328734035, 12.47863601355743590 ) ) ;
#1230 = EDGE_CURVE ( 'NONE', #1797, #3088, #2972, .T. ) ;
#1231 = CARTESIAN_POINT ( 'NONE',  ( 0.06557971618841268446, -6.023600000000001842, -0.8817356755197491847 ) ) ;
#1232 = EDGE_LOOP ( 'NONE', ( #3220, #1044, #3721, #1053 ) ) ;
#1233 = CARTESIAN_POINT ( 'NONE',  ( -0.03447622921524245293, -5.223600000000002019, 0.06216180243901749808 ) ) ;
#1234 = AXIS2_PLACEMENT_3D ( 'NONE', #19, #1690, #3269 ) ;
#1235 = CARTESIAN_POINT ( 'NONE',  ( 2.510689630176059506, -5.223669425880593131, 8.706664080831114205 ) ) ;
#1236 = CARTESIAN_POINT ( 'NONE',  ( -2.953846788205363172, -17.26640353922078930, 6.250548336786780901 ) ) ;
#1237 = ORIENTED_EDGE ( 'NONE', *, *, #2433, .T. ) ;
#1238 = CARTESIAN_POINT ( 'NONE',  ( -1.172056200104262924, -21.18017553209465120, -0.08750521392655129238 ) ) ;
#1239 = CARTESIAN_POINT ( 'NONE',  ( -3.372235143493505394, -7.989115941996968395, 8.720063753241129589 ) ) ;
#1240 = VECTOR ( 'NONE', #885, 1000.000000000000000 ) ;
#1241 = PRODUCT_DEFINITION_SHAPE ( 'NONE', 'NONE',  #3886 ) ;
#1242 = CARTESIAN_POINT ( 'NONE',  ( -1.186981297410054870, -21.18017555645065642, 0.006984067282313996886 ) ) ;
#1243 = CARTESIAN_POINT ( 'NONE',  ( 3.245337696104100278, -5.223600000000002019, 8.224517232761705543 ) ) ;
#1244 = VERTEX_POINT ( 'NONE', #1795 ) ;
#1245 = DIRECTION ( 'NONE',  ( -0.000000000000000000, -1.000000000000000000, -0.000000000000000000 ) ) ;
#1246 = CARTESIAN_POINT ( 'NONE',  ( -3.729937358120361424, -5.922914826349772177, 8.500000000000000000 ) ) ;
#1247 = EDGE_CURVE ( 'NONE', #4328, #1817, #222, .T. ) ;
#1248 = ADVANCED_FACE ( 'NONE', ( #984 ), #2021, .F. ) ;
#1249 = CARTESIAN_POINT ( 'NONE',  ( 3.455561915871565581, -6.023600000000001842, 8.678681889892995827 ) ) ;
#1250 = AXIS2_PLACEMENT_3D ( 'NONE', #5319, #4827, #4018 ) ;
#1251 = CARTESIAN_POINT ( 'NONE',  ( 0.2468932002204120568, -21.62124553940646265, 1.671523149090968330 ) ) ;
#1252 = CARTESIAN_POINT ( 'NONE',  ( 0.000000000000000000, -12.85458479929957321, 0.000000000000000000 ) ) ;
#1253 = CARTESIAN_POINT ( 'NONE',  ( 1.172055388900918205, -21.18017553209442028, -0.08751034956173375789 ) ) ;
#1254 = VERTEX_POINT ( 'NONE', #3808 ) ;
#1255 = CARTESIAN_POINT ( 'NONE',  ( 1.038961831888122189, -20.52899551133182143, 0.7802230960395821757 ) ) ;
#1256 = CARTESIAN_POINT ( 'NONE',  ( 0.6710326273061173463, -10.22360000000000291, 3.139648368580122639 ) ) ;
#1257 = DIRECTION ( 'NONE',  ( 0.000000000000000000, 1.000000000000000000, 0.000000000000000000 ) ) ;
#1258 = LINE ( 'NONE', #4589, #2813 ) ;
#1259 = ORIENTED_EDGE ( 'NONE', *, *, #4009, .F. ) ;
#1260 = CARTESIAN_POINT ( 'NONE',  ( 1.746425629107301036, -5.328565463203272214E-16, 0.4031941259273207345 ) ) ;
#1261 = CARTESIAN_POINT ( 'NONE',  ( 0.000000000000000000, -15.75391013364006731, 0.000000000000000000 ) ) ;
#1262 = TOROIDAL_SURFACE ( 'NONE', #3230, -25.31077016679313374, 34.39999999999999858 ) ;
#1263 = CARTESIAN_POINT ( 'NONE',  ( 8.673617379884035472E-16, -5.223600000000002019, 1.328125000000000222 ) ) ;
#1264 = ORIENTED_EDGE ( 'NONE', *, *, #2982, .T. ) ;
#1265 = CARTESIAN_POINT ( 'NONE',  ( 2.971948572052788951, -5.484508712894888838, 8.715067850868891242 ) ) ;
#1266 = CARTESIAN_POINT ( 'NONE',  ( 0.000000000000000000, 0.000000000000000000, 0.000000000000000000 ) ) ;
#1267 = DIRECTION ( 'NONE',  ( 0.000000000000000000, 1.000000000000000000, -0.000000000000000000 ) ) ;
#1268 = CIRCLE ( 'NONE', #4530, 11.02812499999999929 ) ;
#1269 = CIRCLE ( 'NONE', #4616, 3.210557064628687840 ) ;
#1270 = ORIENTED_EDGE ( 'NONE', *, *, #3403, .F. ) ;
#1271 = DIRECTION ( 'NONE',  ( 0.000000000000000000, 0.000000000000000000, -1.000000000000000000 ) ) ;
#1272 = VECTOR ( 'NONE', #865, 1000.000000000000000 ) ;
#1273 = CARTESIAN_POINT ( 'NONE',  ( -0.09845851591647857004, -21.62119274992384987, 1.701940561677000252 ) ) ;
#1274 = VECTOR ( 'NONE', #90, 1000.000000000000114 ) ;
#1275 = CARTESIAN_POINT ( 'NONE',  ( 0.8383531036801631364, -5.506708773107265031, 3.251041471517464920 ) ) ;
#1276 = CARTESIAN_POINT ( 'NONE',  ( -0.1068146315450546197, -22.93619816391633393, 0.9237142783130324331 ) ) ;
#1277 = CARTESIAN_POINT ( 'NONE',  ( 0.000000000000000000, -5.223599999999998467, 25.31077016679313374 ) ) ;
#1278 = CARTESIAN_POINT ( 'NONE',  ( 11.25000000000000000, -8.223600000000001131, -4.133182947122316772E-15 ) ) ;
#1279 = ADVANCED_FACE ( 'NONE', ( #3399 ), #3237, .F. ) ;
#1280 = EDGE_LOOP ( 'NONE', ( #2773, #342, #5157, #1989 ) ) ;
#1281 = CARTESIAN_POINT ( 'NONE',  ( 0.000000000000000000, -23.72360000000000113, 0.000000000000000000 ) ) ;
#1282 = CARTESIAN_POINT ( 'NONE',  ( -0.4041873373551407300, -20.17476977666484217, 1.153625033118901078 ) ) ;
#1283 = B_SPLINE_CURVE_WITH_KNOTS ( 'NONE', 3,
 ( #1986, #2331, #386, #3236, #683, #3589 ),
 .UNSPECIFIED., .F., .F.,
 ( 4, 2, 4 ),
 ( 0.001452285635032790449, 0.001742874450859287997, 0.002033463266685785545 ),
 .UNSPECIFIED. ) ;
#1284 = ADVANCED_FACE ( 'NONE', ( #3454 ), #1370, .F. ) ;
#1285 = CARTESIAN_POINT ( 'NONE',  ( 11.25000000000000178, -5.347864068711929875, 8.499999999999996447 ) ) ;
#1286 = AXIS2_PLACEMENT_3D ( 'NONE', #2834, #4, #4936 ) ;
#1287 = CARTESIAN_POINT ( 'NONE',  ( -3.562319159509178768, -13.82683256151973872, 7.178603608366548094 ) ) ;
#1288 = ORIENTED_EDGE ( 'NONE', *, *, #2660, .T. ) ;
#1289 = CARTESIAN_POINT ( 'NONE',  ( 3.187009908993434060, -5.223600000000002019, 11.72890234814081722 ) ) ;
#1290 = EDGE_CURVE ( 'NONE', #2384, #3893, #881, .T. ) ;
#1291 = ADVANCED_FACE ( 'NONE', ( #4294 ), #2204, .T. ) ;
#1292 = CARTESIAN_POINT ( 'NONE',  ( 2.754752428372117645, -5.223600000000002019, 8.443349976651694178 ) ) ;
#1293 = CARTESIAN_POINT ( 'NONE',  ( -3.534568055306260170, -6.032840012781017336, 8.500000000000000000 ) ) ;
#1294 = EDGE_LOOP ( 'NONE', ( #4552, #1148, #46, #1852 ) ) ;
#1295 = DIRECTION ( 'NONE',  ( 0.9396926207859080948, 0.000000000000000000, -0.3420201433256695456 ) ) ;
#1296 = FACE_OUTER_BOUND ( 'NONE', #3920, .T. ) ;
#1297 = CARTESIAN_POINT ( 'NONE',  ( 3.670300579423867227, -12.78030211647605086, 7.466525790697294163 ) ) ;
#1298 = ADVANCED_FACE ( 'NONE', ( #1769 ), #2255, .T. ) ;
#1299 = CARTESIAN_POINT ( 'NONE',  ( -3.341454648537909744, -5.223600000000002019, 11.51961471512002966 ) ) ;
#1300 = LINE ( 'NONE', #5316, #1794 ) ;
#1301 = CARTESIAN_POINT ( 'NONE',  ( -0.3768717046047269648, -21.62243568100441138, 1.610512137041488545 ) ) ;
#1302 = CYLINDRICAL_SURFACE ( 'NONE', #4412, 0.8000000000000002665 ) ;
#1303 = CARTESIAN_POINT ( 'NONE',  ( -0.8785715855034509358, -21.65062749090657235, 0.9531545261854831308 ) ) ;
#1304 = CARTESIAN_POINT ( 'NONE',  ( 2.185696292628513601E-15, -8.223600000000001131, 8.500000000000000000 ) ) ;
#1305 = CARTESIAN_POINT ( 'NONE',  ( -0.4612076686911480983, -22.79445143736131030, 0.8320976321992541447 ) ) ;
#1306 = ORIENTED_EDGE ( 'NONE', *, *, #4871, .T. ) ;
#1307 = CARTESIAN_POINT ( 'NONE',  ( 0.9075883152340213922, -19.33754378532495011, 2.934814467912807867 ) ) ;
#1308 = CARTESIAN_POINT ( 'NONE',  ( 6.812502473916192791, -4.122781861947254711, 1.572790123191433853 ) ) ;
#1309 = CARTESIAN_POINT ( 'NONE',  ( -0.9692210956941869071, -20.43267028642448579, 1.100033765014550413 ) ) ;
#1310 = CARTESIAN_POINT ( 'NONE',  ( -3.652277969566104510, -12.76685536155895662, 7.419333398606755559 ) ) ;
#1311 = ORIENTED_EDGE ( 'NONE', *, *, #4799, .T. ) ;
#1312 = CARTESIAN_POINT ( 'NONE',  ( -3.278227896033004019, -5.998740736633151549, 0.6492649017152206659 ) ) ;
#1313 = B_SPLINE_CURVE_WITH_KNOTS ( 'NONE', 3,
 ( #1645, #757, #4912, #1592 ),
 .UNSPECIFIED., .F., .F.,
 ( 4, 4 ),
 ( 0.0008005980282649307819, 0.005002690146080919671 ),
 .UNSPECIFIED. ) ;
#1314 = ORIENTED_EDGE ( 'NONE', *, *, #4874, .F. ) ;
#1315 = ADVANCED_FACE ( 'NONE', ( #3882 ), #660, .T. ) ;
#1316 = EDGE_CURVE ( 'NONE', #3137, #3435, #617, .T. ) ;
#1317 = CIRCLE ( 'NONE', #1050, 0.4199999999999994849 ) ;
#1318 = DIRECTION ( 'NONE',  ( 0.03027765257158857720, -0.9995170841968334940, -0.006990146880730813833 ) ) ;
#1319 = CARTESIAN_POINT ( 'NONE',  ( -3.729937417985099923, -6.023600000000001842, 8.500000000000000000 ) ) ;
#1320 = EDGE_CURVE ( 'NONE', #2264, #1083, #795, .T. ) ;
#1321 = ORIENTED_EDGE ( 'NONE', *, *, #732, .T. ) ;
#1322 = CARTESIAN_POINT ( 'NONE',  ( 3.319114182706556448, -5.690829604569491273, 8.610458964122582159 ) ) ;
#1323 = CIRCLE ( 'NONE', #2529, 0.8000000000000002665 ) ;
#1324 = CARTESIAN_POINT ( 'NONE',  ( -0.6671151808347405288, -20.59600754862612249, 0.1649429704033949506 ) ) ;
#1325 = CARTESIAN_POINT ( 'NONE',  ( 1.000713186382391928, -20.91500404638697930, 0.9875260548432751584 ) ) ;
#1326 = ORIENTED_EDGE ( 'NONE', *, *, #488, .F. ) ;
#1327 = CARTESIAN_POINT ( 'NONE',  ( 3.455561915871565581, -6.023600000000001842, 8.678681889892995827 ) ) ;
#1328 = CARTESIAN_POINT ( 'NONE',  ( -0.9225176530322196644, -21.64279571140307823, 0.8287914863513428099 ) ) ;
#1329 = CARTESIAN_POINT ( 'NONE',  ( 0.6528476904491680166, -5.998740736633151549, 3.277516276695425113 ) ) ;
#1330 = CARTESIAN_POINT ( 'NONE',  ( -0.6755516629536257867, -22.58873791106787365, 0.7069181454652614383 ) ) ;
#1331 = AXIS2_PLACEMENT_3D ( 'NONE', #3434, #665, #3032 ) ;
#1332 = CARTESIAN_POINT ( 'NONE',  ( 3.912763235434360887, -8.257039812633516718, 8.056071490861164364 ) ) ;
#1333 = CARTESIAN_POINT ( 'NONE',  ( -2.170669854362769602, -12.20178778921884266, 0.5011386228075151994 ) ) ;
#1334 = ORIENTED_EDGE ( 'NONE', *, *, #3806, .F. ) ;
#1335 = CARTESIAN_POINT ( 'NONE',  ( 0.6503202544897052073, -6.015313349084798311, -3.277493433085200802 ) ) ;
#1336 = LINE ( 'NONE', #12, #4276 ) ;
#1337 = CARTESIAN_POINT ( 'NONE',  ( -1.109567248682777008, -21.16060833433461497, 0.3837745045681365541 ) ) ;
#1338 = CARTESIAN_POINT ( 'NONE',  ( -3.084422888646709104, -6.023600000000001842, -0.6299141292494767619 ) ) ;
#1339 = ORIENTED_EDGE ( 'NONE', *, *, #3306, .F. ) ;
#1340 = ORIENTED_EDGE ( 'NONE', *, *, #1365, .F. ) ;
#1341 = CARTESIAN_POINT ( 'NONE',  ( 0.004377247811639851591, -6.023600000000001842, -1.420399164556768845 ) ) ;
#1342 = CARTESIAN_POINT ( 'NONE',  ( -3.430454302130813815, -6.037886736911882046, 9.425095733575352241 ) ) ;
#1343 = DIRECTION ( 'NONE',  ( -0.000000000000000000, -1.000000000000000000, -0.000000000000000000 ) ) ;
#1344 = ORIENTED_EDGE ( 'NONE', *, *, #4298, .T. ) ;
#1345 = CARTESIAN_POINT ( 'NONE',  ( 3.071079915337409094, -5.480244734292963216, 8.498614216083009154 ) ) ;
#1346 = EDGE_CURVE ( 'NONE', #3087, #112, #3932, .T. ) ;
#1347 = B_SPLINE_CURVE_WITH_KNOTS ( 'NONE', 3,
 ( #1739, #2469, #43, #2971, #1688, #1289 ),
 .UNSPECIFIED., .F., .F.,
 ( 4, 2, 4 ),
 ( 0.000000000000000000, 0.0001651169207576559477, 0.0003302338415153118953 ),
 .UNSPECIFIED. ) ;
#1348 = CARTESIAN_POINT ( 'NONE',  ( 2.754752428372123418, -5.223600000000002019, 8.443349976651701283 ) ) ;
#1349 = DIRECTION ( 'NONE',  ( 0.000000000000000000, 0.000000000000000000, -1.000000000000000000 ) ) ;
#1350 = CARTESIAN_POINT ( 'NONE',  ( 2.934562244267115538, -12.11096498761681950, 11.23853777560174905 ) ) ;
#1351 = CARTESIAN_POINT ( 'NONE',  ( 3.534568055359904371, -6.023600000000002730, 8.499999999999998224 ) ) ;
#1352 = CARTESIAN_POINT ( 'NONE',  ( -3.332312246853830651, -5.223600000000002019, 11.57622754948342347 ) ) ;
#1353 = AXIS2_PLACEMENT_3D ( 'NONE', #1704, #33, #4991 ) ;
#1354 = CARTESIAN_POINT ( 'NONE',  ( -0.05581188701375875555, -22.94166260249330591, 0.9274162016242301076 ) ) ;
#1355 = CARTESIAN_POINT ( 'NONE',  ( -3.310755710444302391, -5.683421417947953636, 9.309563880974373262 ) ) ;
#1356 = DIRECTION ( 'NONE',  ( 0.000000000000000000, 0.000000000000000000, -1.000000000000000000 ) ) ;
#1357 = VERTEX_POINT ( 'NONE', #4766 ) ;
#1358 = CARTESIAN_POINT ( 'NONE',  ( 4.126073350801942041, -5.223600000000002019, 11.32073563455424825 ) ) ;
#1359 = CARTESIAN_POINT ( 'NONE',  ( 1.109567248685398688, -21.16060833433399324, 0.3837745045608499384 ) ) ;
#1360 = AXIS2_PLACEMENT_3D ( 'NONE', #3857, #5112, #4696 ) ;
#1361 = CIRCLE ( 'NONE', #1010, 2.227767388195791565 ) ;
#1362 = DIRECTION ( 'NONE',  ( -0.000000000000000000, -1.000000000000000000, -0.000000000000000000 ) ) ;
#1363 = CARTESIAN_POINT ( 'NONE',  ( -1.046604068189147529, -19.33677803222980884, 5.969795288785533671 ) ) ;
#1364 = ORIENTED_EDGE ( 'NONE', *, *, #2720, .F. ) ;
#1365 = EDGE_CURVE ( 'NONE', #2099, #1209, #2527, .T. ) ;
#1366 = LINE ( 'NONE', #2199, #5242 ) ;
#1367 = CARTESIAN_POINT ( 'NONE',  ( -3.557231238673741025, -8.215371240416027732, 8.320740200329371561 ) ) ;
#1368 = ORIENTED_EDGE ( 'NONE', *, *, #5100, .T. ) ;
#1369 = AXIS2_PLACEMENT_3D ( 'NONE', #1233, #2574, #4564 ) ;
#1370 = CYLINDRICAL_SURFACE ( 'NONE', #4592, 0.8999999999999998002 ) ;
#1371 = CARTESIAN_POINT ( 'NONE',  ( 3.370449695908301013, -9.141479197355870667, 9.260234432915655844 ) ) ;
#1372 = ORIENTED_EDGE ( 'NONE', *, *, #3308, .F. ) ;
#1373 = CARTESIAN_POINT ( 'NONE',  ( -3.364037564619336784, -7.318815898391745733, 12.41122626374331261 ) ) ;
#1374 = LINE ( 'NONE', #4325, #1056 ) ;
#1375 = CARTESIAN_POINT ( 'NONE',  ( 0.000000000000000000, -10.22360000000000291, 0.000000000000000000 ) ) ;
#1376 = CARTESIAN_POINT ( 'NONE',  ( -0.6286176524515045827, -6.023600000000001842, 3.306782857067126713 ) ) ;
#1377 = CARTESIAN_POINT ( 'NONE',  ( 3.534568003757729393, -5.957127039250899259, 8.500000000000000000 ) ) ;
#1378 = DIRECTION ( 'NONE',  ( 0.000000000000000000, 0.000000000000000000, 1.000000000000000000 ) ) ;
#1379 = CARTESIAN_POINT ( 'NONE',  ( -0.6503202544897052073, -6.023600000000001842, -3.277230785385315315 ) ) ;
#1380 = CARTESIAN_POINT ( 'NONE',  ( -0.5005445492749184266, -22.76199733897918520, 0.8120409631731730915 ) ) ;
#1381 = CARTESIAN_POINT ( 'NONE',  ( -3.354047153763850098, -5.745476772099874729, 9.351460501218172183 ) ) ;
#1382 = FACE_BOUND ( 'NONE', #5077, .T. ) ;
#1383 = EDGE_CURVE ( 'NONE', #270, #4283, #2745, .T. ) ;
#1384 = ORIENTED_EDGE ( 'NONE', *, *, #2955, .F. ) ;
#1385 = CARTESIAN_POINT ( 'NONE',  ( 2.012053469897074454, -18.15265287784013992, 6.600628412328083172 ) ) ;
#1386 = ADVANCED_FACE ( 'NONE', ( #5180 ), #174, .T. ) ;
#1387 = CARTESIAN_POINT ( 'NONE',  ( 2.857386396918247140, -5.365809237181489166, 8.858397526554478318 ) ) ;
#1388 = CARTESIAN_POINT ( 'NONE',  ( 2.126572341509307586E-16, -10.22360000000000291, 8.735293592964444187 ) ) ;
#1389 = CARTESIAN_POINT ( 'NONE',  ( -2.364440018171446667, -17.60058844368105824, 6.378110742714343750 ) ) ;
#1390 = VERTEX_POINT ( 'NONE', #5313 ) ;
#1391 = LINE ( 'NONE', #5135, #3851 ) ;
#1392 = CARTESIAN_POINT ( 'NONE',  ( -1.450320254489705141, -5.223600000000002019, -3.879270630288404131 ) ) ;
#1393 = ORIENTED_EDGE ( 'NONE', *, *, #3110, .F. ) ;
#1394 = CARTESIAN_POINT ( 'NONE',  ( 2.529240685463494565, -5.223013776915430562, 8.820510504404104779 ) ) ;
#1395 = CARTESIAN_POINT ( 'NONE',  ( 3.118309305435436940, -10.55244250479774770, -0.7199184287158806317 ) ) ;
#1396 = VERTEX_POINT ( 'NONE', #2346 ) ;
#1397 = CYLINDRICAL_SURFACE ( 'NONE', #4575, 1.792363797108475598 ) ;
#1398 = CIRCLE ( 'NONE', #1823, 6.349875147755928317 ) ;
#1399 = DIRECTION ( 'NONE',  ( 0.000000000000000000, 1.000000000000000000, 0.000000000000000000 ) ) ;
#1400 = CARTESIAN_POINT ( 'NONE',  ( 0.9866347773694716938, -21.41393684141179321, 0.8063819260824760526 ) ) ;
#1401 = ORIENTED_EDGE ( 'NONE', *, *, #2203, .T. ) ;
#1402 = CARTESIAN_POINT ( 'NONE',  ( 0.000000000000000000, -20.61166130683500342, -0.2549999999999996714 ) ) ;
#1403 = ORIENTED_EDGE ( 'NONE', *, *, #3263, .F. ) ;
#1404 = CARTESIAN_POINT ( 'NONE',  ( -3.118309305435436940, -10.55244250479774770, -0.7199184287158806317 ) ) ;
#1405 = CARTESIAN_POINT ( 'NONE',  ( -0.5725662945819313121, -19.27472935971351831, 1.651892531762166882 ) ) ;
#1406 = CARTESIAN_POINT ( 'NONE',  ( -3.430454302130813371, -6.023600000000001842, 9.425095733575352241 ) ) ;
#1407 = VERTEX_POINT ( 'NONE', #726 ) ;
#1408 = CARTESIAN_POINT ( 'NONE',  ( 2.183887203239203600, -17.82703247241375522, 6.762948753646704780 ) ) ;
#1409 = EDGE_CURVE ( 'NONE', #4913, #2425, #544, .T. ) ;
#1410 = CARTESIAN_POINT ( 'NONE',  ( -0.6503202544897052073, -10.01492694727437893, -3.150628637925454001 ) ) ;
#1411 = EDGE_CURVE ( 'NONE', #194, #5086, #4414, .T. ) ;
#1412 = CARTESIAN_POINT ( 'NONE',  ( 0.000000000000000000, -6.023600000000001842, -3.903127820947815962E-14 ) ) ;
#1413 = ADVANCED_FACE ( 'NONE', ( #1565 ), #32, .F. ) ;
#1414 = VECTOR ( 'NONE', #2627, 999.9999999999998863 ) ;
#1415 = CARTESIAN_POINT ( 'NONE',  ( -1.815487557039284772, -18.67149206876687018, 6.093483563221409938 ) ) ;
#1416 = VERTEX_POINT ( 'NONE', #373 ) ;
#1417 = CARTESIAN_POINT ( 'NONE',  ( -3.388668521483731322, -6.602626712686522126, 12.47851758640505437 ) ) ;
#1418 = CARTESIAN_POINT ( 'NONE',  ( -1.424782418279958440, -5.223600000000002019, 3.090170952137895277 ) ) ;
#1419 = VERTEX_POINT ( 'NONE', #1943 ) ;
#1420 = CARTESIAN_POINT ( 'NONE',  ( 2.884115582036981262, -15.51121583767537970, 7.924042436743565787 ) ) ;
#1421 = DIRECTION ( 'NONE',  ( 0.000000000000000000, 0.000000000000000000, 1.000000000000000000 ) ) ;
#1422 = LINE ( 'NONE', #3051, #2470 ) ;
#1423 = ORIENTED_EDGE ( 'NONE', *, *, #2753, .T. ) ;
#1424 = CARTESIAN_POINT ( 'NONE',  ( -1.341022228587230030E-14, -22.94198926555779039, 0.9276379657099756981 ) ) ;
#1425 =( BOUNDED_SURFACE ( )  B_SPLINE_SURFACE ( 3, 2, ( 
 ( #1985, #1175, #4453 ),
 ( #5299, #2416, #4050 ),
 ( #1601, #3234, #3338 ),
 ( #2539, #3693, #4559 ),
 ( #2936, #1255, #61 ),
 ( #3312, #3666, #1732 ),
 ( #2036, #3287, #2490 ),
 ( #4945, #5020, #2887 ),
 ( #815, #1707, #4994 ),
 ( #11, #843, #4968 ),
 ( #4178, #1227, #3362 ),
 ( #409, #1307, #2863 ) ),
 .UNSPECIFIED., .F., .F., .F. ) 
 B_SPLINE_SURFACE_WITH_KNOTS ( ( 4, 2, 2, 2, 2, 4 ),
 ( 3, 3 ),
 ( -3.151667295198112839E-15, 0.0004155396637430329551, 0.0008310793274892175776, 0.001662158654981586931, 0.002493237982473956067, 0.003324317309966325421 ),
 ( 0.000000000000000000, 1.000000000000000000 ),
 .UNSPECIFIED. ) 
 GEOMETRIC_REPRESENTATION_ITEM ( )  RATIONAL_B_SPLINE_SURFACE ( (
 ( 1.000000000000000000, 0.6614944293683691079, 1.000000000000000000),
 ( 1.000000000000000000, 0.6708901823158679445, 1.000000000000000000),
 ( 1.000000000000000000, 0.6863470472804114042, 1.000000000000000000),
 ( 1.000000000000000000, 0.7250139088069416093, 1.000000000000000000),
 ( 1.000000000000000000, 0.7481893595154891496, 1.000000000000000000),
 ( 1.000000000000000000, 0.8179941150965983621, 1.000000000000000000),
 ( 1.000000000000000000, 0.8633104648504165146, 1.000000000000000000),
 ( 1.000000000000000000, 0.9327410335544187303, 1.000000000000000000),
 ( 1.000000000000000000, 0.9581943010406421823, 1.000000000000000000),
 ( 1.000000000000000000, 0.9917672707907347895, 1.000000000000000000),
 ( 1.000000000000000000, 0.9999782475910067303, 1.000000000000000000),
 ( 1.000000000000000000, 1.000000000000000000, 1.000000000000000000) ) ) 
 REPRESENTATION_ITEM ( '' )  SURFACE ( )  );
#1426 = CARTESIAN_POINT ( 'NONE',  ( -0.1462148875831374151, -10.22360000000000291, 8.746151324363943047 ) ) ;
#1427 = CARTESIAN_POINT ( 'NONE',  ( 3.143486975234380143, -10.22360000000000291, -0.6528141402949123595 ) ) ;
#1428 = EDGE_LOOP ( 'NONE', ( #1214, #886, #5128, #772, #2523 ) ) ;
#1429 = DIRECTION ( 'NONE',  ( 0.3420201433256692125, 0.000000000000000000, -0.9396926207859083169 ) ) ;
#1430 = CARTESIAN_POINT ( 'NONE',  ( 0.000000000000000000, -10.22360000000000291, 0.6453228415265582774 ) ) ;
#1431 = CARTESIAN_POINT ( 'NONE',  ( -0.9904003585031501133, -20.91204443991638939, 1.298011036924198391 ) ) ;
#1432 = ORIENTED_EDGE ( 'NONE', *, *, #4831, .T. ) ;
#1433 = ORIENTED_EDGE ( 'NONE', *, *, #2920, .F. ) ;
#1434 = EDGE_LOOP ( 'NONE', ( #2604, #3665, #2374, #3206 ) ) ;
#1435 = CARTESIAN_POINT ( 'NONE',  ( 2.404414522784729780, -17.30014289500723024, 7.030647360707470206 ) ) ;
#1436 = CARTESIAN_POINT ( 'NONE',  ( 0.05987976741861864016, -6.023600000000001842, -0.04675309016193560790 ) ) ;
#1437 = CARTESIAN_POINT ( 'NONE',  ( 0.000000000000000000, -17.33419824958559374, 0.000000000000000000 ) ) ;
#1438 = EDGE_CURVE ( 'NONE', #4238, #1889, #1499, .T. ) ;
#1439 = CARTESIAN_POINT ( 'NONE',  ( -2.944998364066554686, -15.15189579060438341, 8.091316505603641573 ) ) ;
#1440 = VERTEX_POINT ( 'NONE', #4012 ) ;
#1441 = FACE_OUTER_BOUND ( 'NONE', #633, .T. ) ;
#1442 = VECTOR ( 'NONE', #794, 999.9999999999998863 ) ;
#1443 = CARTESIAN_POINT ( 'NONE',  ( 11.25000000000000178, -8.223600000000001131, 8.499999999999996447 ) ) ;
#1444 = EDGE_CURVE ( 'NONE', #4756, #3349, #4764, .T. ) ;
#1445 = AXIS2_PLACEMENT_3D ( 'NONE', #5226, #1533, #1133 ) ;
#1446 = FACE_OUTER_BOUND ( 'NONE', #1909, .T. ) ;
#1447 = CARTESIAN_POINT ( 'NONE',  ( 0.9623191217615194581, -20.12999213847310642, 2.135197898567675168 ) ) ;
#1448 = EDGE_CURVE ( 'NONE', #218, #469, #1838, .T. ) ;
#1449 = CARTESIAN_POINT ( 'NONE',  ( -3.454536624855683691, -14.87143545753646201, 6.891211734661794708 ) ) ;
#1450 = ORIENTED_EDGE ( 'NONE', *, *, #1544, .T. ) ;
#1451 = CARTESIAN_POINT ( 'NONE',  ( 3.455561915871565581, -6.023600000000001842, 8.678681889892995827 ) ) ;
#1452 = EDGE_CURVE ( 'NONE', #3795, #1945, #1313, .T. ) ;
#1453 = CARTESIAN_POINT ( 'NONE',  ( -0.8999999999999994671, -10.22360000000000291, 9.237914785819810959 ) ) ;
#1454 = CARTESIAN_POINT ( 'NONE',  ( -0.6773002073852003591, -5.789493498373314395, -3.111074309836671326 ) ) ;
#1455 =( BOUNDED_SURFACE ( )  B_SPLINE_SURFACE ( 3, 2, ( 
 ( #1292, #3725, #44 ),
 ( #4510, #4953, #3319 ),
 ( #1718, #1235, #4111 ),
 ( #3347, #824, #2946 ) ),
 .UNSPECIFIED., .F., .F., .F. ) 
 B_SPLINE_SURFACE_WITH_KNOTS ( ( 4, 4 ),
 ( 3, 3 ),
 ( -1.669671345627676828E-17, 0.0005382745793696549434 ),
 ( 0.000000000000000000, 1.000000000000000000 ),
 .UNSPECIFIED. ) 
 GEOMETRIC_REPRESENTATION_ITEM ( )  RATIONAL_B_SPLINE_SURFACE ( (
 ( 1.000000000000000000, 0.9149054135422898248, 1.000000000000000000),
 ( 1.000000000000000000, 0.9665988733342610884, 1.000000000000000000),
 ( 1.000000000000000000, 1.000583685069438733, 1.000000000000000000),
 ( 1.000000000000000000, 1.000000000000000000, 1.000000000000000000) ) ) 
 REPRESENTATION_ITEM ( '' )  SURFACE ( )  );
#1456 = ORIENTED_EDGE ( 'NONE', *, *, #2684, .T. ) ;
#1457 = DIRECTION ( 'NONE',  ( -0.000000000000000000, 1.000000000000000000, 0.000000000000000000 ) ) ;
#1458 = CARTESIAN_POINT ( 'NONE',  ( 0.000000000000000000, -15.00555694826952191, 0.000000000000000000 ) ) ;
#1459 = EDGE_CURVE ( 'NONE', #1416, #4756, #2831, .T. ) ;
#1460 = CARTESIAN_POINT ( 'NONE',  ( -1.209405172319174104, -19.38281696126137277, 0.7523093894529832015 ) ) ;
#1461 = ORIENTED_EDGE ( 'NONE', *, *, #2108, .T. ) ;
#1462 = ORIENTED_EDGE ( 'NONE', *, *, #3003, .F. ) ;
#1463 = CARTESIAN_POINT ( 'NONE',  ( 0.000000000000000000, -16.81046239008625420, 0.000000000000000000 ) ) ;
#1464 = FACE_OUTER_BOUND ( 'NONE', #2451, .T. ) ;
#1465 = CARTESIAN_POINT ( 'NONE',  ( -11.10676807627890383, -8.191080055062217369, 0.008448257347828294628 ) ) ;
#1466 = CARTESIAN_POINT ( 'NONE',  ( -1.221173984722227157, -18.95552149237381911, 6.244421890061413016 ) ) ;
#1467 = CARTESIAN_POINT ( 'NONE',  ( -3.869685544251769915, -6.058163887256619695, 12.22650065059872126 ) ) ;
#1468 = VERTEX_POINT ( 'NONE', #3169 ) ;
#1469 = CARTESIAN_POINT ( 'NONE',  ( 0.000000000000000000, -6.023600000000001842, 1.445322841526558211 ) ) ;
#1470 = CARTESIAN_POINT ( 'NONE',  ( -0.6249167162863289438, -10.22360000000000291, 3.104829013886937883 ) ) ;
#1471 = DIRECTION ( 'NONE',  ( 0.000000000000000000, 0.000000000000000000, 1.000000000000000000 ) ) ;
#1472 = CARTESIAN_POINT ( 'NONE',  ( 1.031285833797619178, -21.73210124482892880, 0.3684147798090596226 ) ) ;
#1473 = CARTESIAN_POINT ( 'NONE',  ( -0.6249167162863289438, -5.904287534937478377, 3.104829013886937883 ) ) ;
#1474 = ORIENTED_EDGE ( 'NONE', *, *, #3176, .F. ) ;
#1475 = DIRECTION ( 'NONE',  ( -0.000000000000000000, 1.000000000000000000, -0.000000000000000000 ) ) ;
#1476 = ADVANCED_FACE ( 'NONE', ( #347 ), #2055, .T. ) ;
#1477 = CARTESIAN_POINT ( 'NONE',  ( -0.9305158032686381420, -19.70685152496725934, 2.557230733593153893 ) ) ;
#1478 = EDGE_CURVE ( 'NONE', #4528, #2629, #2853, .T. ) ;
#1479 = CARTESIAN_POINT ( 'NONE',  ( -3.148116505366769680, -10.22360000000000291, -0.6301104140343178894 ) ) ;
#1480 = CARTESIAN_POINT ( 'NONE',  ( -2.851861329662428890, -5.363559829288250924, 8.852769557635767228 ) ) ;
#1481 = ORIENTED_EDGE ( 'NONE', *, *, #783, .T. ) ;
#1482 = CARTESIAN_POINT ( 'NONE',  ( 3.430176448867448435, -5.292590718214714052, 1.060322166756204609 ) ) ;
#1483 = EDGE_LOOP ( 'NONE', ( #2950, #1456, #2833, #1078 ) ) ;
#1484 = CARTESIAN_POINT ( 'NONE',  ( 3.729937417985120351, -6.023600000000001842, 8.499999999999998224 ) ) ;
#1485 = CARTESIAN_POINT ( 'NONE',  ( -3.440025504089945674, -5.489496176745075395, -0.8270630259631629455 ) ) ;
#1486 = ORIENTED_EDGE ( 'NONE', *, *, #1184, .T. ) ;
#1487 = ORIENTED_EDGE ( 'NONE', *, *, #5070, .T. ) ;
#1488 = CARTESIAN_POINT ( 'NONE',  ( 0.6257719860729372696, -10.22360000000000291, 8.879243775374517256 ) ) ;
#1489 = CARTESIAN_POINT ( 'NONE',  ( 0.000000000000000000, -113.4931647825010117, 0.000000000000000000 ) ) ;
#1490 = AXIS2_PLACEMENT_3D ( 'NONE', #2054, #1942, #1564 ) ;
#1491 = CARTESIAN_POINT ( 'NONE',  ( -3.417628446112106033, -7.611828708632621066, 9.389856983778775756 ) ) ;
#1492 = DIRECTION ( 'NONE',  ( 0.000000000000000000, 0.000000000000000000, 1.000000000000000000 ) ) ;
#1493 = CARTESIAN_POINT ( 'NONE',  ( -4.074161836859234498, -6.023600000000001842, 11.19366764997448804 ) ) ;
#1494 = ORIENTED_EDGE ( 'NONE', *, *, #3413, .F. ) ;
#1495 = CARTESIAN_POINT ( 'NONE',  ( 0.6560263233574650243, -5.884591982977489977, 3.280501623647235743 ) ) ;
#1496 = CARTESIAN_POINT ( 'NONE',  ( 3.457394555227664590, -6.041068454898819162, 8.674384240309285232 ) ) ;
#1497 = PLANE ( 'NONE',  #2308 ) ;
#1498 = CARTESIAN_POINT ( 'NONE',  ( 0.3503304046486219736, -22.85829551605812071, 0.8729264845079579560 ) ) ;
#1499 = B_SPLINE_CURVE_WITH_KNOTS ( 'NONE', 3,
 ( #2770, #1539, #2373, #1166, #2429, #807, #2455, #2029 ),
 .UNSPECIFIED., .F., .F.,
 ( 4, 2, 2, 4 ),
 ( 0.000000000000000000, 0.0003385515143139241636, 0.0006771030286278483272, 0.001354206057255696654 ),
 .UNSPECIFIED. ) ;
#1500 = DIRECTION ( 'NONE',  ( 0.1120337300036775424, 0.000000000000000000, -0.9937044044088076955 ) ) ;
#1501 = ORIENTED_EDGE ( 'NONE', *, *, #2403, .F. ) ;
#1502 = CARTESIAN_POINT ( 'NONE',  ( 0.8869346790813736892, -19.44588152507289536, 2.742499426322346778 ) ) ;
#1503 = CARTESIAN_POINT ( 'NONE',  ( -2.052825598573330357, -18.08294456127443084, 6.634885677328757225 ) ) ;
#1504 = DIRECTION ( 'NONE',  ( 0.000000000000000000, 1.000000000000000000, -0.000000000000000000 ) ) ;
#1505 = EDGE_CURVE ( 'NONE', #3088, #4335, #4001, .T. ) ;
#1506 = ADVANCED_FACE ( 'NONE', ( #4573 ), #472, .F. ) ;
#1507 = CARTESIAN_POINT ( 'NONE',  ( -4.116061135346137156, -8.223600000000001131, 7.957777568202617502 ) ) ;
#1508 = ORIENTED_EDGE ( 'NONE', *, *, #2411, .F. ) ;
#1509 = CARTESIAN_POINT ( 'NONE',  ( 0.6528476904491680166, -5.998740736633151549, 3.277516276695425113 ) ) ;
#1510 = CARTESIAN_POINT ( 'NONE',  ( 8.673617379884035472E-16, -7.923600000000001309, 1.328125000000000222 ) ) ;
#1511 = EDGE_CURVE ( 'NONE', #224, #4574, #3786, .T. ) ;
#1512 = CARTESIAN_POINT ( 'NONE',  ( 3.885678842743467865, -8.484223924194745692, 8.045130812015433008 ) ) ;
#1513 = CARTESIAN_POINT ( 'NONE',  ( 3.454536624855722771, -14.87143545753630036, 6.891211734661831123 ) ) ;
#1514 = ORIENTED_EDGE ( 'NONE', *, *, #1819, .T. ) ;
#1515 = ORIENTED_EDGE ( 'NONE', *, *, #2544, .T. ) ;
#1516 = CARTESIAN_POINT ( 'NONE',  ( 0.5335178429256629551, -19.78793501619579942, 4.696547861472891938 ) ) ;
#1517 = CARTESIAN_POINT ( 'NONE',  ( -3.376716816992455072, -7.909906745743265688, 8.717557192676258282 ) ) ;
#1518 = CARTESIAN_POINT ( 'NONE',  ( -3.094198467016576526, -13.66887507463745344, 8.501240419439133333 ) ) ;
#1519 = CARTESIAN_POINT ( 'NONE',  ( -0.6503202544897052073, -10.22360000000000291, -3.089420301609855368 ) ) ;
#1520 = DIRECTION ( 'NONE',  ( 0.000000000000000000, 0.000000000000000000, 1.000000000000000000 ) ) ;
#1521 = ORIENTED_EDGE ( 'NONE', *, *, #4551, .T. ) ;
#1522 = CARTESIAN_POINT ( 'NONE',  ( -11.25000000000000000, -8.223600000000001131, 0.000000000000000000 ) ) ;
#1523 = FACE_OUTER_BOUND ( 'NONE', #1857, .T. ) ;
#1524 = B_SPLINE_CURVE_WITH_KNOTS ( 'NONE', 3,
 ( #848, #2996, #2596, #2571, #217, #4668, #623 ),
 .UNSPECIFIED., .F., .F.,
 ( 4, 3, 4 ),
 ( 0.005638726961110473480, 0.006265367374064204943, 0.009840838127716879796 ),
 .UNSPECIFIED. ) ;
#1525 = CARTESIAN_POINT ( 'NONE',  ( 2.302702891266741325, -15.38435827177131898, 9.516526673933476843 ) ) ;
#1526 = AXIS2_PLACEMENT_3D ( 'NONE', #1015, #3479, #2230 ) ;
#1527 = CARTESIAN_POINT ( 'NONE',  ( 0.5423257045667063680, -22.06763149132984481, 0.9162352796584072312 ) ) ;
#1528 = AXIS2_PLACEMENT_3D ( 'NONE', #1106, #947, #3819 ) ;
#1529 = CARTESIAN_POINT ( 'NONE',  ( -3.430454302130814259, -6.023600000000001842, 9.425095733575354018 ) ) ;
#1530 = EDGE_LOOP ( 'NONE', ( #785, #2844, #2464, #672 ) ) ;
#1531 = CARTESIAN_POINT ( 'NONE',  ( -0.7617855453637194518, -19.78521699939631873, 2.067248992052106438 ) ) ;
#1532 = CARTESIAN_POINT ( 'NONE',  ( 0.8999999999999994671, -10.22360000000000291, 10.13201710189523475 ) ) ;
#1533 = DIRECTION ( 'NONE',  ( 0.000000000000000000, 1.000000000000000000, 0.000000000000000000 ) ) ;
#1534 = ORIENTED_EDGE ( 'NONE', *, *, #1773, .F. ) ;
#1535 = FACE_OUTER_BOUND ( 'NONE', #4880, .T. ) ;
#1536 = CARTESIAN_POINT ( 'NONE',  ( 1.260257801829993918, -5.223600000000000243, -3.747360420366198763 ) ) ;
#1537 = VECTOR ( 'NONE', #4529, 1000.000000000000114 ) ;
#1538 = DIRECTION ( 'NONE',  ( -0.000000000000000000, -1.000000000000000000, -0.000000000000000000 ) ) ;
#1539 = CARTESIAN_POINT ( 'NONE',  ( -3.281216914350792546, -5.884126628286319161, 0.6525137328009517068 ) ) ;
#1540 = ORIENTED_EDGE ( 'NONE', *, *, #2074, .T. ) ;
#1541 = VERTEX_POINT ( 'NONE', #2156 ) ;
#1542 = CARTESIAN_POINT ( 'NONE',  ( 1.261240730248222697, -19.33677799975689382, 5.932165938986054599 ) ) ;
#1543 = DIRECTION ( 'NONE',  ( -0.000000000000000000, -1.000000000000000000, -0.000000000000000000 ) ) ;
#1544 = EDGE_CURVE ( 'NONE', #3569, #3087, #1124, .T. ) ;
#1545 = CARTESIAN_POINT ( 'NONE',  ( 3.513424155830965567, -5.523600000000001842, 8.499999999999998224 ) ) ;
#1546 = EDGE_CURVE ( 'NONE', #1566, #5059, #2276, .T. ) ;
#1547 = DIRECTION ( 'NONE',  ( 1.000000000000000000, 0.000000000000000000, 0.000000000000000000 ) ) ;
#1548 = CARTESIAN_POINT ( 'NONE',  ( -3.729937417985100367, -6.023600000000001842, 8.800000000000000711 ) ) ;
#1549 = ORIENTED_EDGE ( 'NONE', *, *, #4533, .T. ) ;
#1550 = CARTESIAN_POINT ( 'NONE',  ( 0.6813565733965243343, -5.774288419491030666, 3.304389340396289398 ) ) ;
#1551 = PLANE ( 'NONE',  #758 ) ;
#1552 = CARTESIAN_POINT ( 'NONE',  ( 2.536436652212341158, -14.35801320113152180, 10.15322376257899961 ) ) ;
#1553 = CARTESIAN_POINT ( 'NONE',  ( 0.9260496136100725417, -21.64106510258711324, 0.8189457809364972807 ) ) ;
#1554 = CARTESIAN_POINT ( 'NONE',  ( 3.710651310520208135, -5.223600000000002019, -1.412840537488711190 ) ) ;
#1555 = VERTEX_POINT ( 'NONE', #3381 ) ;
#1556 = CARTESIAN_POINT ( 'NONE',  ( 0.5912361601627497132, -20.01978986158194118, 1.533557844190271080 ) ) ;
#1557 = CARTESIAN_POINT ( 'NONE',  ( 0.1624609862034866181, -20.82241450834888852, 0.000000000000000000 ) ) ;
#1558 = CARTESIAN_POINT ( 'NONE',  ( -0.6322721100944324046, -5.880965104756269213, 3.285277912283118162 ) ) ;
#1559 = DIRECTION ( 'NONE',  ( -0.000000000000000000, -1.000000000000000000, -0.000000000000000000 ) ) ;
#1560 = ORIENTED_EDGE ( 'NONE', *, *, #2593, .F. ) ;
#1561 = CARTESIAN_POINT ( 'NONE',  ( 3.109826426850084147, -10.22360000000000291, -0.6553176674528524703 ) ) ;
#1562 = CARTESIAN_POINT ( 'NONE',  ( -3.664841231626912332, -7.923600000000001309, 8.500000000000000000 ) ) ;
#1563 =( BOUNDED_SURFACE ( )  B_SPLINE_SURFACE ( 3, 2, ( 
 ( #1359, #4664, #4258 ),
 ( #542, #645, #5079 ),
 ( #596, #3019, #3391 ),
 ( #3874, #2298, #974 ) ),
 .UNSPECIFIED., .F., .F., .F. ) 
 B_SPLINE_SURFACE_WITH_KNOTS ( ( 4, 4 ),
 ( 3, 3 ),
 ( 2.710505431213761085E-20, 0.0003299280126463053926 ),
 ( 0.000000000000000000, 1.000000000000000000 ),
 .UNSPECIFIED. ) 
 GEOMETRIC_REPRESENTATION_ITEM ( )  RATIONAL_B_SPLINE_SURFACE ( (
 ( 1.000000000000000000, 0.6614944293723470370, 1.000000000000000000),
 ( 1.000000000000000000, 0.6670045983373411591, 1.000000000000000000),
 ( 1.000000000000000000, 0.6642169008253423490, 1.000000000000000000),
 ( 1.000000000000000000, 0.6568757681184682617, 1.000000000000000000) ) ) 
 REPRESENTATION_ITEM ( '' )  SURFACE ( )  );
#1564 = DIRECTION ( 'NONE',  ( 1.445602896647339508E-15, -1.000000000000000000, 0.000000000000000000 ) ) ;
#1565 = FACE_OUTER_BOUND ( 'NONE', #4669, .T. ) ;
#1566 = VERTEX_POINT ( 'NONE', #4628 ) ;
#1567 = ORIENTED_EDGE ( 'NONE', *, *, #3091, .F. ) ;
#1568 = CARTESIAN_POINT ( 'NONE',  ( -0.9333333333333333481, -15.21026384782077656, 8.131487309271250297 ) ) ;
#1569 = CARTESIAN_POINT ( 'NONE',  ( -2.533953421127502548, -5.232447878635761995, 8.739963772593839053 ) ) ;
#1570 = CARTESIAN_POINT ( 'NONE',  ( -1.450320254489705141, -6.023600000000001842, 0.000000000000000000 ) ) ;
#1571 = DIRECTION ( 'NONE',  ( 0.000000000000000000, 0.000000000000000000, 1.000000000000000000 ) ) ;
#1572 = EDGE_CURVE ( 'NONE', #506, #4805, #5120, .T. ) ;
#1573 = VECTOR ( 'NONE', #3982, 1000.000000000000000 ) ;
#1574 = EDGE_CURVE ( 'NONE', #1555, #4811, #4547, .T. ) ;
#1575 = VERTEX_POINT ( 'NONE', #50 ) ;
#1576 = FACE_OUTER_BOUND ( 'NONE', #5254, .T. ) ;
#1577 = LINE ( 'NONE', #3616, #226 ) ;
#1578 = CARTESIAN_POINT ( 'NONE',  ( 2.295891837377206368, -15.41429724091891806, 9.497966380821520005 ) ) ;
#1579 = CARTESIAN_POINT ( 'NONE',  ( 0.6503202544897052073, -10.22360000000000291, -3.089420301609855368 ) ) ;
#1580 = ORIENTED_EDGE ( 'NONE', *, *, #3374, .T. ) ;
#1581 = CARTESIAN_POINT ( 'NONE',  ( -0.1100232441921712850, -20.61166130683328390, 0.3548236243957459957 ) ) ;
#1582 = CIRCLE ( 'NONE', #4588, 0.2999999999999999889 ) ;
#1583 = CARTESIAN_POINT ( 'NONE',  ( -2.884130286835509871, -15.51112905240128015, 7.924082837845727312 ) ) ;
#1584 = AXIS2_PLACEMENT_3D ( 'NONE', #2799, #4442, #1972 ) ;
#1585 = CARTESIAN_POINT ( 'NONE',  ( 1.074528634977641062, -10.22360000000000291, 0.1447698150676985929 ) ) ;
#1586 = CARTESIAN_POINT ( 'NONE',  ( -3.455561915871548262, -6.023600000000001842, 8.678681889892994050 ) ) ;
#1587 = ORIENTED_EDGE ( 'NONE', *, *, #4404, .T. ) ;
#1588 = LINE ( 'NONE', #1561, #1144 ) ;
#1589 = CARTESIAN_POINT ( 'NONE',  ( -3.673671739515125712, -8.076646173516664362, 8.461058630170134265 ) ) ;
#1590 = B_SPLINE_CURVE_WITH_KNOTS ( 'NONE', 3,
 ( #1338, #3670, #3291, #5328, #436, #1634, #3265, #4105 ),
 .UNSPECIFIED., .F., .F.,
 ( 4, 2, 2, 4 ),
 ( 0.000000000000000000, 0.0003510124288833408896, 0.0007020248577666817792, 0.001404049715533364209 ),
 .UNSPECIFIED. ) ;
#1591 = CARTESIAN_POINT ( 'NONE',  ( 3.784281702079058007, -8.477843110440900887, 8.094778822609596247 ) ) ;
#1592 = CARTESIAN_POINT ( 'NONE',  ( -0.6257260115239752229, -10.22360000000000291, 3.148990889751743794 ) ) ;
#1593 = EDGE_CURVE ( 'NONE', #4152, #4646, #976, .T. ) ;
#1594 = VERTEX_POINT ( 'NONE', #2504 ) ;
#1595 = EDGE_LOOP ( 'NONE', ( #3956, #2740, #5087, #1607 ) ) ;
#1596 = CARTESIAN_POINT ( 'NONE',  ( 0.9333333333333331261, -14.87911484186691702, 7.535419098554304362 ) ) ;
#1597 = DIRECTION ( 'NONE',  ( -0.9877537189338122525, 0.000000000000000000, -0.1560211227123544375 ) ) ;
#1598 = DIRECTION ( 'NONE',  ( 0.000000000000000000, 0.000000000000000000, 1.000000000000000000 ) ) ;
#1599 = CARTESIAN_POINT ( 'NONE',  ( 3.376716816994504544, -7.909906745743415790, 8.717557192675167599 ) ) ;
#1600 = EDGE_LOOP ( 'NONE', ( #2304, #3915, #1021, #414, #2294, #595 ) ) ;
#1601 = CARTESIAN_POINT ( 'NONE',  ( 0.6177255265032184361, -20.55923184048533159, 0.3811808657329132655 ) ) ;
#1602 = CARTESIAN_POINT ( 'NONE',  ( 4.015565759420774761, -8.218129798979608935, 8.257028041462348256 ) ) ;
#1603 = B_SPLINE_CURVE_WITH_KNOTS ( 'NONE', 3,
 ( #3058, #2265, #157, #3892, #3355, #1803 ),
 .UNSPECIFIED., .F., .F.,
 ( 4, 2, 4 ),
 ( -1.005094296077305877E-05, 0.0002267505692849962958, 0.0004635520815307656419 ),
 .UNSPECIFIED. ) ;
#1604 = CARTESIAN_POINT ( 'NONE',  ( 3.397938393040974780, -5.972321957773447210, 12.50384271712340478 ) ) ;
#1605 = EDGE_CURVE ( 'NONE', #681, #1575, #1749, .T. ) ;
#1606 = CARTESIAN_POINT ( 'NONE',  ( -0.2038362986690433476, -20.61139085204012389, -0.1638343869754178561 ) ) ;
#1607 = ORIENTED_EDGE ( 'NONE', *, *, #4565, .T. ) ;
#1608 = VECTOR ( 'NONE', #4011, 1000.000000000000000 ) ;
#1609 = CARTESIAN_POINT ( 'NONE',  ( -2.582108997182234411, -20.61166130683498565, 2.063845402546729879 ) ) ;
#1610 = EDGE_CURVE ( 'NONE', #3401, #3081, #1905, .T. ) ;
#1611 = AXIS2_PLACEMENT_3D ( 'NONE', #1570, #3204, #1547 ) ;
#1612 = CARTESIAN_POINT ( 'NONE',  ( -2.290000794331256806, -17.58970269586675528, 6.883141783127325830 ) ) ;
#1613 = CARTESIAN_POINT ( 'NONE',  ( 2.983414310529674207, -15.00555694826952191, 0.6887754652500956976 ) ) ;
#1614 = B_SPLINE_CURVE_WITH_KNOTS ( 'NONE', 3,
 ( #3758, #470, #3322, #2154, #1746, #2501, #4138, #5064 ),
 .UNSPECIFIED., .F., .F.,
 ( 4, 2, 2, 4 ),
 ( -5.867556068288382356E-06, 0.0007031547083259096420, 0.001057665840523009868, 0.001412176972720109768 ),
 .UNSPECIFIED. ) ;
#1615 = EDGE_CURVE ( 'NONE', #3378, #1793, #1070, .T. ) ;
#1616 = ORIENTED_EDGE ( 'NONE', *, *, #1444, .T. ) ;
#1617 = DIRECTION ( 'NONE',  ( 0.000000000000000000, 0.000000000000000000, 1.000000000000000000 ) ) ;
#1618 = CARTESIAN_POINT ( 'NONE',  ( -4.015565759420091752, -8.218129798979576961, 8.257028041462515233 ) ) ;
#1619 = AXIS2_PLACEMENT_3D ( 'NONE', #4454, #2441, #1123 ) ;
#1620 = CARTESIAN_POINT ( 'NONE',  ( 3.542246360806220462, -8.418499279148168313, 8.317846781386876387 ) ) ;
#1621 = DIRECTION ( 'NONE',  ( -0.8882190419145689075, 0.000000000000000000, -0.4594202145970132101 ) ) ;
#1622 = ORIENTED_EDGE ( 'NONE', *, *, #5036, .F. ) ;
#1623 = CARTESIAN_POINT ( 'NONE',  ( 0.07678356129661835505, -14.69370565282986973, 7.201682558287624936 ) ) ;
#1624 = CARTESIAN_POINT ( 'NONE',  ( -3.534568055359885275, -6.023600000000001842, 8.500000000000000000 ) ) ;
#1625 = AXIS2_PLACEMENT_3D ( 'NONE', #4961, #4521, #426 ) ;
#1626 = ADVANCED_FACE ( 'NONE', ( #3731 ), #717, .F. ) ;
#1627 = CARTESIAN_POINT ( 'NONE',  ( 3.301999241677936681, -5.449662201210229817, 8.513616072037351046 ) ) ;
#1628 = CARTESIAN_POINT ( 'NONE',  ( -2.348367443253859932, -5.223605278831309207, 8.799627255607171961 ) ) ;
#1629 = DIRECTION ( 'NONE',  ( 0.000000000000000000, 0.9998891384553271200, 0.01488995631502832567 ) ) ;
#1630 = ORIENTED_EDGE ( 'NONE', *, *, #1867, .T. ) ;
#1631 = LINE ( 'NONE', #3261, #1537 ) ;
#1632 = CARTESIAN_POINT ( 'NONE',  ( 4.074161836859261143, -6.023600000000001842, 11.19366764997448094 ) ) ;
#1633 = CARTESIAN_POINT ( 'NONE',  ( 3.367748387518808784, -7.230576518392169305, 12.42136342938585969 ) ) ;
#1634 = CARTESIAN_POINT ( 'NONE',  ( -3.403605014363303205, -5.293581276085979503, -1.044749323524753803 ) ) ;
#1635 = ORIENTED_EDGE ( 'NONE', *, *, #5001, .F. ) ;
#1636 = DIRECTION ( 'NONE',  ( -0.003081687976090580813, 0.000000000000000000, 0.9999952515883353543 ) ) ;
#1637 = CARTESIAN_POINT ( 'NONE',  ( -1.744845863867210634, -18.54927794750765813, 6.409760163574479641 ) ) ;
#1638 = CARTESIAN_POINT ( 'NONE',  ( -3.281810048930064561, -5.998740736633151549, -0.6309087522533695092 ) ) ;
#1639 = EDGE_LOOP ( 'NONE', ( #1344, #1179, #3833, #474 ) ) ;
#1640 = DIRECTION ( 'NONE',  ( 1.000000000000000000, 0.000000000000000000, -1.298151401189310912E-12 ) ) ;
#1641 = ADVANCED_FACE ( 'NONE', ( #3813 ), #3761, .F. ) ;
#1642 = CARTESIAN_POINT ( 'NONE',  ( 11.25000000000000178, -8.099335931288072388, 8.499999999999996447 ) ) ;
#1643 = CIRCLE ( 'NONE', #4476, 11.32812499999999822 ) ;
#1644 = CARTESIAN_POINT ( 'NONE',  ( -1.234692148667258182, -20.61166130683498920, -0.1950264033905476924 ) ) ;
#1645 = CARTESIAN_POINT ( 'NONE',  ( -0.6281552678983844951, -6.023600000000000954, 3.281551312030380974 ) ) ;
#1646 = VERTEX_POINT ( 'NONE', #5037 ) ;
#1647 = CARTESIAN_POINT ( 'NONE',  ( 0.02575603379641124360, -14.69295884451307543, 7.200338303317392885 ) ) ;
#1648 = CARTESIAN_POINT ( 'NONE',  ( -0.6689015412171125385, -21.63232030114545523, 1.351157647015176488 ) ) ;
#1649 = CARTESIAN_POINT ( 'NONE',  ( 3.729654194219114149, -6.054859682647542485, 8.499999999999998224 ) ) ;
#1650 = CARTESIAN_POINT ( 'NONE',  ( 0.4924316604510400874, -22.76826874487001362, 0.8159536854504981784 ) ) ;
#1651 = CARTESIAN_POINT ( 'NONE',  ( -2.529240685463916005, -5.223013776915427897, 8.820510504403561214 ) ) ;
#1652 = DIRECTION ( 'NONE',  ( 0.000000000000000000, 1.000000000000000000, 0.000000000000000000 ) ) ;
#1653 = ORIENTED_EDGE ( 'NONE', *, *, #2268, .T. ) ;
#1654 = CARTESIAN_POINT ( 'NONE',  ( 0.000000000000000000, -5.223600000000002019, 0.000000000000000000 ) ) ;
#1655 = CARTESIAN_POINT ( 'NONE',  ( 0.000000000000000000, -13.46581578397376511, 1.792363797108476042 ) ) ;
#1656 = VECTOR ( 'NONE', #394, 1000.000000000000114 ) ;
#1657 = DIRECTION ( 'NONE',  ( 0.000000000000000000, 1.000000000000000000, 0.000000000000000000 ) ) ;
#1658 = DIRECTION ( 'NONE',  ( 1.000000000000000000, 0.000000000000000000, 0.000000000000000000 ) ) ;
#1659 = ORIENTED_EDGE ( 'NONE', *, *, #4885, .F. ) ;
#1660 = EDGE_CURVE ( 'NONE', #2430, #1945, #635, .T. ) ;
#1661 = CARTESIAN_POINT ( 'NONE',  ( -3.277769399677735063, -6.015313812166423801, 0.6489278139613846585 ) ) ;
#1662 = PRESENTATION_LAYER_ASSIGNMENT (  '', '', ( #1920 ) ) ;
#1663 = FACE_OUTER_BOUND ( 'NONE', #4702, .T. ) ;
#1664 = CARTESIAN_POINT ( 'NONE',  ( -3.343689316604748996, -15.75365990469636657, 6.647662860480934022 ) ) ;
#1665 = ORIENTED_EDGE ( 'NONE', *, *, #445, .T. ) ;
#1666 = CARTESIAN_POINT ( 'NONE',  ( -3.192477119735430247, -8.823601062363660930, -0.6302471202553669993 ) ) ;
#1667 = AXIS2_PLACEMENT_3D ( 'NONE', #3782, #4954, #853 ) ;
#1668 = DIRECTION ( 'NONE',  ( 0.000000000000000000, 1.000000000000000000, 0.000000000000000000 ) ) ;
#1669 = EDGE_CURVE ( 'NONE', #4490, #1396, #4578, .T. ) ;
#1670 = DIRECTION ( 'NONE',  ( 0.000000000000000000, 0.000000000000000000, -1.000000000000000000 ) ) ;
#1671 = ORIENTED_EDGE ( 'NONE', *, *, #3865, .T. ) ;
#1672 = CARTESIAN_POINT ( 'NONE',  ( 0.6757237926930815819, -10.22360000000000291, 3.104829013886936995 ) ) ;
#1673 = EDGE_CURVE ( 'NONE', #4930, #4741, #4330, .T. ) ;
#1674 = CARTESIAN_POINT ( 'NONE',  ( -3.534568001469780008, -5.957029440733493608, 8.500000000000001776 ) ) ;
#1675 = DIRECTION ( 'NONE',  ( 0.03027765257158857720, 0.9995170841968334940, -0.006990146880730813833 ) ) ;
#1676 = TOROIDAL_SURFACE ( 'NONE', #2027, 4.141517772942822972, 0.8000000000000000444 ) ;
#1677 = CARTESIAN_POINT ( 'NONE',  ( -1.006762459796720632, -21.46108085587386327, 0.5610165515249329049 ) ) ;
#1678 = CARTESIAN_POINT ( 'NONE',  ( -3.430454302130814259, -6.023600000000001842, 9.425095733575355794 ) ) ;
#1680 = CARTESIAN_POINT ( 'NONE',  ( 1.159253565649356332, -21.17243747472539184, 0.1994800248895850225 ) ) ;
#1679 = B_SPLINE_CURVE_WITH_KNOTS ( 'NONE', 3,
 ( #1108, #4255, #2217, #3388, #2563, #2741 ),
 .UNSPECIFIED., .F., .F.,
 ( 4, 2, 4 ),
 ( 8.951072279456082678E-17, 0.0003361914439249368025, 0.0006723828878497841582 ),
 .UNSPECIFIED. ) ;
#1681 = EDGE_CURVE ( 'NONE', #2288, #4152, #2106, .T. ) ;
#1682 = ORIENTED_EDGE ( 'NONE', *, *, #1511, .T. ) ;
#1683 = CARTESIAN_POINT ( 'NONE',  ( 3.143486975234380143, -10.22360000000000291, -0.6528141402949123595 ) ) ;
#1684 = CYLINDRICAL_SURFACE ( 'NONE', #5318, 0.7999999999999999334 ) ;
#1685 = CARTESIAN_POINT ( 'NONE',  ( 11.12573593128807303, -5.223599999999999355, 8.375735931288067704 ) ) ;
#1686 = CARTESIAN_POINT ( 'NONE',  ( -2.510689630178581933, -5.223669425636405350, 8.706664080834006114 ) ) ;
#1687 = ORIENTED_EDGE ( 'NONE', *, *, #98, .T. ) ;
#1688 = CARTESIAN_POINT ( 'NONE',  ( 3.240752185720474188, -5.223600000000002019, 11.71429934750389990 ) ) ;
#1689 = EDGE_CURVE ( 'NONE', #3394, #3841, #5325, .T. ) ;
#1690 = DIRECTION ( 'NONE',  ( 2.040851148208007998E-16, 0.000000000000000000, 1.000000000000000000 ) ) ;
#1691 = AXIS2_PLACEMENT_3D ( 'NONE', #1970, #4413, #725 ) ;
#1692 = DIRECTION ( 'NONE',  ( 0.000000000000000000, 0.000000000000000000, -1.000000000000000000 ) ) ;
#1693 = ORIENTED_EDGE ( 'NONE', *, *, #4647, .F. ) ;
#1694 = CARTESIAN_POINT ( 'NONE',  ( 3.310755710444004407, -5.683421417947613463, 9.309563880973900751 ) ) ;
#1695 = DIRECTION ( 'NONE',  ( 0.000000000000000000, 0.000000000000000000, 1.000000000000000000 ) ) ;
#1696 = CARTESIAN_POINT ( 'NONE',  ( -3.697453755489799931, -11.21617536508387403, 10.15867070268589423 ) ) ;
#1697 = DIRECTION ( 'NONE',  ( -0.000000000000000000, -1.000000000000000000, -0.000000000000000000 ) ) ;
#1698 = LINE ( 'NONE', #4987, #2650 ) ;
#1699 = TOROIDAL_SURFACE ( 'NONE', #1445, 6.972810026711009357, 1.000000000000000000 ) ;
#1700 = CARTESIAN_POINT ( 'NONE',  ( -3.158343137298019521, -5.556231419918105097, 8.500000000000000000 ) ) ;
#1701 = DIRECTION ( 'NONE',  ( 0.9396926207859080948, 0.000000000000000000, 0.3420201433256694901 ) ) ;
#1702 = CARTESIAN_POINT ( 'NONE',  ( -0.4220554728612262996, -21.62320776707052516, 1.579580260937446079 ) ) ;
#1703 =( BOUNDED_SURFACE ( )  B_SPLINE_SURFACE ( 3, 2, ( 
 ( #762, #351, #5317 ),
 ( #2133, #3256, #3305 ),
 ( #2857, #1700, #4498 ),
 ( #2930, #3330, #377 ),
 ( #53, #836, #402 ),
 ( #28, #3764, #5011 ),
 ( #4962, #1674, #1246 ),
 ( #4988, #1624, #2058 ) ),
 .UNSPECIFIED., .F., .F., .F. ) 
 B_SPLINE_SURFACE_WITH_KNOTS ( ( 4, 2, 2, 4 ),
 ( 3, 3 ),
 ( -5.115265849786609920E-16, 0.0005941582512901631696, 0.0008912373769355005177, 0.001188316502580837866 ),
 ( 0.000000000000000000, 1.000000000000000000 ),
 .UNSPECIFIED. ) 
 GEOMETRIC_REPRESENTATION_ITEM ( )  RATIONAL_B_SPLINE_SURFACE ( (
 ( 1.000000000000000000, 0.6345634633983071593, 1.000000000000000000),
 ( 1.000000000000000000, 0.6847206623859244390, 1.000000000000000000),
 ( 1.000000000000000000, 0.7292313942916589520, 1.000000000000000000),
 ( 1.000000000000000000, 0.7858980085337375909, 1.000000000000000000),
 ( 1.000000000000000000, 0.8032385007627624862, 1.000000000000000000),
 ( 1.000000000000000000, 0.8294265878624551558, 1.000000000000000000),
 ( 1.000000000000000000, 0.8381229909712147874, 1.000000000000000000),
 ( 1.000000000000000000, 0.8379718671759487369, 1.000000000000000000) ) ) 
 REPRESENTATION_ITEM ( '' )  SURFACE ( )  );
#1704 = CARTESIAN_POINT ( 'NONE',  ( 2.014136922770156253E-16, -6.023600000000001842, 11.33529359296444383 ) ) ;
#1705 = DIRECTION ( 'NONE',  ( 0.3173306201622744238, 0.9454808424004144118, 0.07326154626561645622 ) ) ;
#1706 = ORIENTED_EDGE ( 'NONE', *, *, #4732, .F. ) ;
#1707 = CARTESIAN_POINT ( 'NONE',  ( 0.9034272894126005315, -19.96108764577445882, 2.041103252987508387 ) ) ;
#1708 = EDGE_CURVE ( 'NONE', #3401, #1407, #876, .T. ) ;
#1709 = CARTESIAN_POINT ( 'NONE',  ( 2.081791841160460161E-16, -15.80840806009312161, -1.699912042076037633 ) ) ;
#1710 = EDGE_CURVE ( 'NONE', #3672, #4485, #3438, .T. ) ;
#1711 = CARTESIAN_POINT ( 'NONE',  ( -0.8843697283298188605, -19.47839375532776174, 2.697319858787151414 ) ) ;
#1712 = EDGE_CURVE ( 'NONE', #5059, #1566, #455, .T. ) ;
#1713 = CARTESIAN_POINT ( 'NONE',  ( -2.833325766882667907, -5.223600000000002908, 8.549869660988683506 ) ) ;
#1714 = ORIENTED_EDGE ( 'NONE', *, *, #4088, .T. ) ;
#1715 = CARTESIAN_POINT ( 'NONE',  ( -11.24999999999999822, -8.223600000000001131, 8.500000000000000000 ) ) ;
#1716 = VERTEX_POINT ( 'NONE', #4247 ) ;
#1717 = UNCERTAINTY_MEASURE_WITH_UNIT (LENGTH_MEASURE( 1.000000000000000082E-05 ), #179, 'distance_accuracy_value', 'NONE');
#1718 = CARTESIAN_POINT ( 'NONE',  ( 2.480839573263311504, -5.223600000000002019, 8.675416874684703572 ) ) ;
#1719 = CARTESIAN_POINT ( 'NONE',  ( -1.046604068189042502, -19.33677803222981240, 5.969795288785549658 ) ) ;
#1720 = ORIENTED_EDGE ( 'NONE', *, *, #315, .F. ) ;
#1721 = CARTESIAN_POINT ( 'NONE',  ( 3.414673955929444560, -5.881134181583677289, 9.409967973330221724 ) ) ;
#1722 = CARTESIAN_POINT ( 'NONE',  ( -1.157010783096988682, -21.18017553209469384, -0.1827562052249271096 ) ) ;
#1723 = CARTESIAN_POINT ( 'NONE',  ( -4.060420302722254071, -6.851677355455454865, 11.15591309522446650 ) ) ;
#1724 = DIRECTION ( 'NONE',  ( 0.000000000000000000, 0.000000000000000000, -1.000000000000000000 ) ) ;
#1725 = FACE_OUTER_BOUND ( 'NONE', #5083, .T. ) ;
#1726 = CARTESIAN_POINT ( 'NONE',  ( -0.9779704439127339111, -21.51812452028864797, 0.7384673045568380667 ) ) ;
#1727 = CARTESIAN_POINT ( 'NONE',  ( 0.7517540966287267201, -6.023600000000001842, 0.2736161146605350369 ) ) ;
#1728 = CARTESIAN_POINT ( 'NONE',  ( -0.08180008312206037135, -22.12063478505127634, 1.039356549429124144 ) ) ;
#1729 = FACE_OUTER_BOUND ( 'NONE', #1639, .T. ) ;
#1730 = CARTESIAN_POINT ( 'NONE',  ( -11.25000000000000000, -5.523600000000001842, 0.000000000000000000 ) ) ;
#1731 = VERTEX_POINT ( 'NONE', #1479 ) ;
#1732 = CARTESIAN_POINT ( 'NONE',  ( 0.9784278944364851460, -20.74169511089104034, 1.276645457886313562 ) ) ;
#1733 = DIRECTION ( 'NONE',  ( 0.000000000000000000, 0.000000000000000000, 1.000000000000000000 ) ) ;
#1734 = CARTESIAN_POINT ( 'NONE',  ( -0.6671151808344042422, -20.59600754862722027, 0.1649429704033075761 ) ) ;
#1735 = EDGE_CURVE ( 'NONE', #2991, #589, #491, .T. ) ;
#1736 = DIRECTION ( 'NONE',  ( 0.000000000000000000, 0.000000000000000000, 1.000000000000000000 ) ) ;
#1737 = ORIENTED_EDGE ( 'NONE', *, *, #3014, .F. ) ;
#1738 = ORIENTED_EDGE ( 'NONE', *, *, #4110, .F. ) ;
#1739 = CARTESIAN_POINT ( 'NONE',  ( 3.322407740230536088, -5.223600000000002019, 11.46728376463501853 ) ) ;
#1740 = CARTESIAN_POINT ( 'NONE',  ( -3.686472822072939692, -8.110033534678171563, 8.438022900006503235 ) ) ;
#1741 = ORIENTED_EDGE ( 'NONE', *, *, #216, .T. ) ;
#1742 = CIRCLE ( 'NONE', #3879, 0.2549999999999996714 ) ;
#1743 = CARTESIAN_POINT ( 'NONE',  ( 2.886292355423353939, -5.321368850562604891, 8.621674988325843003 ) ) ;
#1744 = CARTESIAN_POINT ( 'NONE',  ( -1.794615339576454138, -19.06276803576482948, 5.917306756482305197 ) ) ;
#1745 = ORIENTED_EDGE ( 'NONE', *, *, #1511, .F. ) ;
#1746 = CARTESIAN_POINT ( 'NONE',  ( 0.7705995433587742305, -5.587310785728832663, -3.185133613997952473 ) ) ;
#1747 = CIRCLE ( 'NONE', #2351, 1.699912042076037633 ) ;
#1748 = CARTESIAN_POINT ( 'NONE',  ( 3.384309396905556433, -5.576958544241179538, -0.7627564145258172168 ) ) ;
#1749 = LINE ( 'NONE', #5007, #1240 ) ;
#1750 = CARTESIAN_POINT ( 'NONE',  ( -3.337355708781649444, -5.223600000000002019, 11.57901131754681501 ) ) ;
#1751 = CARTESIAN_POINT ( 'NONE',  ( 3.365256878350034508, -5.709922238382646675, 8.500000000000000000 ) ) ;
#1752 = CYLINDRICAL_SURFACE ( 'NONE', #3471, 0.8000000000000000444 ) ;
#1753 = EDGE_CURVE ( 'NONE', #2969, #2425, #3122, .T. ) ;
#1754 = CARTESIAN_POINT ( 'NONE',  ( -0.9185974730588344350, -21.82345049670591663, 0.5989905270207031007 ) ) ;
#1755 = CIRCLE ( 'NONE', #5277, 0.6760719760784638099 ) ;
#1756 = CARTESIAN_POINT ( 'NONE',  ( 4.116061135346138933, -8.223600000000001131, 7.957777568202614837 ) ) ;
#1757 = PLANE ( 'NONE',  #616 ) ;
#1758 = ORIENTED_EDGE ( 'NONE', *, *, #5176, .F. ) ;
#1759 = CARTESIAN_POINT ( 'NONE',  ( 2.520940590948267168, -16.99519083466590175, 6.568562872456556789 ) ) ;
#1760 = CARTESIAN_POINT ( 'NONE',  ( 10.94999999999999929, -8.223600000000001131, 0.01776588295419893881 ) ) ;
#1761 = AXIS2_PLACEMENT_3D ( 'NONE', #5239, #789, #1223 ) ;
#1762 = CARTESIAN_POINT ( 'NONE',  ( -1.205623204702881202, -20.60352363274894572, 0.3418141164582855773 ) ) ;
#1763 = CARTESIAN_POINT ( 'NONE',  ( -1.843054693370831831, -19.03867373995348089, 5.915704130995370846 ) ) ;
#1764 = ORIENTED_EDGE ( 'NONE', *, *, #557, .T. ) ;
#1765 = ORIENTED_EDGE ( 'NONE', *, *, #4813, .F. ) ;
#1766 = CARTESIAN_POINT ( 'NONE',  ( -2.309564472376033351, -18.72558055003537092, 6.345476236627361821 ) ) ;
#1767 = CARTESIAN_POINT ( 'NONE',  ( -3.412303497198815094, -8.277923535846198888, 8.553349892586616932 ) ) ;
#1768 = ORIENTED_EDGE ( 'NONE', *, *, #1660, .T. ) ;
#1769 = FACE_OUTER_BOUND ( 'NONE', #1434, .T. ) ;
#1770 = DIRECTION ( 'NONE',  ( -0.9505833727518019360, 0.000000000000000000, 0.3104694050108781633 ) ) ;
#1771 = ORIENTED_EDGE ( 'NONE', *, *, #1102, .F. ) ;
#1772 = CARTESIAN_POINT ( 'NONE',  ( 3.266830890667345333, -5.855229579299975562, 9.000527256902454809 ) ) ;
#1773 = EDGE_CURVE ( 'NONE', #1868, #2549, #2695, .T. ) ;
#1774 = EDGE_CURVE ( 'NONE', #2225, #4680, #3634, .T. ) ;
#1775 = CARTESIAN_POINT ( 'NONE',  ( -4.025150149089760099, -7.676098526301429636, 11.05900914453849637 ) ) ;
#1776 = CARTESIAN_POINT ( 'NONE',  ( 0.000000000000000000, -6.023600000000001842, 0.000000000000000000 ) ) ;
#1777 = CARTESIAN_POINT ( 'NONE',  ( 3.455561915871566470, -6.023600000000001842, 8.678681889892995827 ) ) ;
#1778 = AXIS2_PLACEMENT_3D ( 'NONE', #2922, #1343, #501 ) ;
#1779 = CARTESIAN_POINT ( 'NONE',  ( -3.238800709983941317, -5.223600000000002019, 11.70878555075641536 ) ) ;
#1780 = CIRCLE ( 'NONE', #3486, 1.792363797108476042 ) ;
#1781 = CARTESIAN_POINT ( 'NONE',  ( -0.9002567347031004141, -21.65081208539978874, 0.8924022401578411978 ) ) ;
#1782 = CARTESIAN_POINT ( 'NONE',  ( -3.420637688631901874, -5.849634272216151842, 8.656539840324887436 ) ) ;
#1783 = DIRECTION ( 'NONE',  ( -0.000000000000000000, -1.000000000000000000, -0.000000000000000000 ) ) ;
#1784 = ORIENTED_EDGE ( 'NONE', *, *, #2920, .T. ) ;
#1785 = CARTESIAN_POINT ( 'NONE',  ( 3.299530334202816828, -5.223600000000002019, 11.65218856086580246 ) ) ;
#1786 = CARTESIAN_POINT ( 'NONE',  ( 3.401829329944650038, -5.840197738599532506, 9.397636313250197659 ) ) ;
#1787 = CIRCLE ( 'NONE', #2901, 1.792363797108475598 ) ;
#1788 = CARTESIAN_POINT ( 'NONE',  ( -2.039493427563303207, -18.34936727577056814, 6.167829794437433399 ) ) ;
#1789 = AXIS2_PLACEMENT_3D ( 'NONE', #4064, #1193, #288 ) ;
#1790 = ORIENTED_EDGE ( 'NONE', *, *, #3839, .T. ) ;
#1791 = CARTESIAN_POINT ( 'NONE',  ( -4.447192253446984544, -5.975624759737066860, 12.21856029631908136 ) ) ;
#1792 = CARTESIAN_POINT ( 'NONE',  ( 0.000000000000000000, -12.20178778921884266, 0.000000000000000000 ) ) ;
#1793 = VERTEX_POINT ( 'NONE', #1613 ) ;
#1794 = VECTOR ( 'NONE', #3255, 1000.000000000000000 ) ;
#1795 = CARTESIAN_POINT ( 'NONE',  ( 3.430278912005093161, -6.066457142857145435, 9.424613853165258348 ) ) ;
#1796 = FACE_OUTER_BOUND ( 'NONE', #4900, .T. ) ;
#1797 = VERTEX_POINT ( 'NONE', #2048 ) ;
#1798 = CARTESIAN_POINT ( 'NONE',  ( 0.2018046292421677435, -22.92048178833664096, 0.9131435882160156003 ) ) ;
#1799 = SURFACE_SIDE_STYLE ('',( #1042 ) ) ;
#1800 = CARTESIAN_POINT ( 'NONE',  ( -0.8359515040470683056, -5.500880974143282920, -3.234634306998600550 ) ) ;
#1801 = ADVANCED_FACE ( 'NONE', ( #2791 ), #1105, .F. ) ;
#1802 = EDGE_LOOP ( 'NONE', ( #2867, #3548, #2520, #5234 ) ) ;
#1803 = CARTESIAN_POINT ( 'NONE',  ( 11.25000000000000000, -5.523600000000001842, -4.133182947122316772E-15 ) ) ;
#1804 = EDGE_CURVE ( 'NONE', #3266, #4371, #3986, .T. ) ;
#1805 = DIRECTION ( 'NONE',  ( -0.5452496489806518687, -0.8382737144193869172, 0.000000000000000000 ) ) ;
#1806 = CARTESIAN_POINT ( 'NONE',  ( 2.833325766883074248, -5.223600000000002908, 8.549869660988663966 ) ) ;
#1807 = CARTESIAN_POINT ( 'NONE',  ( -3.269015215391222196, -5.635824839620609872, 8.587971667052565650 ) ) ;
#1808 = DIRECTION ( 'NONE',  ( 0.000000000000000000, 0.000000000000000000, 1.000000000000000000 ) ) ;
#1809 = ORIENTED_EDGE ( 'NONE', *, *, #2657, .T. ) ;
#1810 = CARTESIAN_POINT ( 'NONE',  ( 3.332327818055424995, -5.223600000000002019, 11.57610570382056814 ) ) ;
#1811 = CARTESIAN_POINT ( 'NONE',  ( -3.232117848234993485, -7.423603073310262701, 0.6540747304547537277 ) ) ;
#1812 = CARTESIAN_POINT ( 'NONE',  ( 8.673617379884035472E-16, -5.223600000000002019, -9.700000000000001066 ) ) ;
#1813 = CARTESIAN_POINT ( 'NONE',  ( -1.096514714922399936, -18.96477113877150700, 6.254483981276696802 ) ) ;
#1814 = EDGE_LOOP ( 'NONE', ( #4851, #4596, #3062, #940 ) ) ;
#1815 = CARTESIAN_POINT ( 'NONE',  ( -3.267363270897168270, -13.84280424247626584, 8.977006807945343780 ) ) ;
#1816 = CARTESIAN_POINT ( 'NONE',  ( 3.291819351372176961, -6.045709303207895680, 9.044199336818698143 ) ) ;
#1817 = VERTEX_POINT ( 'NONE', #5252 ) ;
#1818 = CARTESIAN_POINT ( 'NONE',  ( 2.735995780907510166, -5.216080458805824271, 8.613224832879419424 ) ) ;
#1819 = EDGE_CURVE ( 'NONE', #4742, #4049, #172, .T. ) ;
#1820 = DIRECTION ( 'NONE',  ( 0.000000000000000000, 0.000000000000000000, -1.000000000000000000 ) ) ;
#1821 = ORIENTED_EDGE ( 'NONE', *, *, #1080, .T. ) ;
#1822 = CARTESIAN_POINT ( 'NONE',  ( 2.981600051559643916, -5.453904402695479270, 8.827557179612215421 ) ) ;
#1823 = AXIS2_PLACEMENT_3D ( 'NONE', #1996, #2370, #1617 ) ;
#1824 = CARTESIAN_POINT ( 'NONE',  ( -0.02759575049615474798, -20.81035036234944613, 0.000000000000000000 ) ) ;
#1825 = CARTESIAN_POINT ( 'NONE',  ( 0.9289860171802430955, -19.61203697673036572, 2.666912424123895065 ) ) ;
#1826 =( BOUNDED_SURFACE ( )  B_SPLINE_SURFACE ( 3, 2, ( 
 ( #4084, #2763, #368 ),
 ( #5225, #4489, #802 ),
 ( #3163, #4815, #718 ),
 ( #5003, #2873, #2522 ) ),
 .UNSPECIFIED., .F., .F., .F. ) 
 B_SPLINE_SURFACE_WITH_KNOTS ( ( 4, 4 ),
 ( 3, 3 ),
 ( 0.000000000000000000, 0.001869828686707794823 ),
 ( 0.000000000000000000, 1.000000000000000000 ),
 .UNSPECIFIED. ) 
 GEOMETRIC_REPRESENTATION_ITEM ( )  RATIONAL_B_SPLINE_SURFACE ( (
 ( 1.000000000000000000, 0.8377664650040773653, 1.000000000000000000),
 ( 1.000000000000000000, 0.8316896509256346270, 1.000000000000000000),
 ( 1.000000000000000000, 0.8188606720359503655, 1.000000000000000000),
 ( 1.000000000000000000, 0.7983762764968026504, 1.000000000000000000) ) ) 
 REPRESENTATION_ITEM ( '' )  SURFACE ( )  );
#1827 = ORIENTED_EDGE ( 'NONE', *, *, #3183, .T. ) ;
#1828 = CARTESIAN_POINT ( 'NONE',  ( 2.987270152566074533, -5.481737467263113395, 8.500000000000000000 ) ) ;
#1829 = DIRECTION ( 'NONE',  ( -0.000000000000000000, -1.000000000000000000, -0.000000000000000000 ) ) ;
#1830 = CARTESIAN_POINT ( 'NONE',  ( 2.352136760423244155, -18.48083074345588628, 5.988512444819575009 ) ) ;
#1831 = EDGE_CURVE ( 'NONE', #2201, #122, #4535, .T. ) ;
#1832 = ORIENTED_EDGE ( 'NONE', *, *, #1048, .F. ) ;
#1833 = VECTOR ( 'NONE', #3735, 999.9999999999998863 ) ;
#1834 = CARTESIAN_POINT ( 'NONE',  ( 3.324754572179573042, -5.223600000000002019, 11.60339059463954747 ) ) ;
#1835 = CARTESIAN_POINT ( 'NONE',  ( 2.981066515441508802, -5.416439225190420537, 8.984344457247892990 ) ) ;
#1836 = ADVANCED_FACE ( 'NONE', ( #1132 ), #724, .F. ) ;
#1837 = CARTESIAN_POINT ( 'NONE',  ( -3.062894740686799455, -9.039633986826713041, 8.415234138203596004 ) ) ;
#1838 = CIRCLE ( 'NONE', #2449, 0.3000000000000008771 ) ;
#1839 = EDGE_CURVE ( 'NONE', #4688, #2384, #1755, .T. ) ;
#1840 = ADVANCED_FACE ( 'NONE', ( #4462 ), #1826, .F. ) ;
#1841 = CARTESIAN_POINT ( 'NONE',  ( -2.651406407636683227, -14.89939503092403328, 7.284679234779067869 ) ) ;
#1842 = ORIENTED_EDGE ( 'NONE', *, *, #3377, .T. ) ;
#1843 = CARTESIAN_POINT ( 'NONE',  ( 2.351595843561888444, -5.223600000000002019, 8.800000000000002487 ) ) ;
#1844 = CARTESIAN_POINT ( 'NONE',  ( -3.017832282474784300, -5.119137701125251461, 8.800000000000336442 ) ) ;
#1845 = CARTESIAN_POINT ( 'NONE',  ( 8.673617379884035472E-16, -7.923600000000001309, 1.328125000000000222 ) ) ;
#1846 = CARTESIAN_POINT ( 'NONE',  ( 1.174413937555172316, -18.25669673084673050, 1.050620440652281218 ) ) ;
#1847 = CARTESIAN_POINT ( 'NONE',  ( -2.983414310529674207, -15.00555694826952191, -0.6887754652500956976 ) ) ;
#1848 = ORIENTED_EDGE ( 'NONE', *, *, #4140, .T. ) ;
#1849 = CARTESIAN_POINT ( 'NONE',  ( 1.109567248683052343, -21.16060833433256505, 0.3837745045682401379 ) ) ;
#1850 = EDGE_CURVE ( 'NONE', #767, #4358, #2869, .T. ) ;
#1851 = CARTESIAN_POINT ( 'NONE',  ( -2.533746913484438590, -5.223600000000001131, 8.821030784129629154 ) ) ;
#1852 = ORIENTED_EDGE ( 'NONE', *, *, #3579, .F. ) ;
#1853 = CARTESIAN_POINT ( 'NONE',  ( -3.711794378719981857, -8.143779187759676574, 8.406909502058008243 ) ) ;
#1854 = AXIS2_PLACEMENT_3D ( 'NONE', #5050, #1362, #2995 ) ;
#1855 = CARTESIAN_POINT ( 'NONE',  ( -4.067647114575145615E-16, -14.72209648163333462, 8.665347885331911471 ) ) ;
#1856 = CARTESIAN_POINT ( 'NONE',  ( -3.754050459799716410, -5.223600000000002019, -1.242684669542813536 ) ) ;
#1857 = EDGE_LOOP ( 'NONE', ( #3428, #2667, #3070, #16 ) ) ;
#1858 = ORIENTED_EDGE ( 'NONE', *, *, #3895, .T. ) ;
#1859 = CARTESIAN_POINT ( 'NONE',  ( 3.335845743128165175, -5.223600000000002019, 11.52118939460196678 ) ) ;
#1860 = LINE ( 'NONE', #2274, #149 ) ;
#1861 = CIRCLE ( 'NONE', #2896, 4.025122630638374055 ) ;
#1862 = CARTESIAN_POINT ( 'NONE',  ( 0.000000000000000000, -23.72360000000000113, 0.000000000000000000 ) ) ;
#1863 = B_SPLINE_CURVE_WITH_KNOTS ( 'NONE', 3,
 ( #4591, #3698, #3722, #4926 ),
 .UNSPECIFIED., .F., .F.,
 ( 4, 4 ),
 ( 0.000000000000000000, 0.0002759920686899495850 ),
 .UNSPECIFIED. ) ;
#1864 = CARTESIAN_POINT ( 'NONE',  ( -2.762211758549979912, -17.74484217301062472, 6.137621015112647349 ) ) ;
#1865 = AXIS2_PLACEMENT_3D ( 'NONE', #4295, #5142, #2256 ) ;
#1866 = EDGE_CURVE ( 'NONE', #2839, #1917, #4595, .T. ) ;
#1867 = EDGE_CURVE ( 'NONE', #311, #5110, #1268, .T. ) ;
#1868 = VERTEX_POINT ( 'NONE', #4511 ) ;
#1869 = CARTESIAN_POINT ( 'NONE',  ( -3.943761515270683304, -8.886460802939749826, 10.83539571092032006 ) ) ;
#1870 = VECTOR ( 'NONE', #4016, 1000.000000000000227 ) ;
#1871 = CARTESIAN_POINT ( 'NONE',  ( -0.7801878957430489203, -5.573257007281778641, -3.382797336829459045 ) ) ;
#1872 = AXIS2_PLACEMENT_3D ( 'NONE', #243, #3178, #1571 ) ;
#1873 = ADVANCED_FACE ( 'NONE', ( #4162 ), #2179, .T. ) ;
#1874 = ADVANCED_FACE ( 'NONE', ( #4136 ), #2383, .F. ) ;
#1875 = DIRECTION ( 'NONE',  ( 0.000000000000000000, 1.000000000000000000, -0.000000000000000000 ) ) ;
#1876 = CARTESIAN_POINT ( 'NONE',  ( 2.708685532576647237, -5.273152285233910774, 8.841228833663031139 ) ) ;
#1877 = CARTESIAN_POINT ( 'NONE',  ( 3.208732942764326079, -12.16997857686755147, 8.815921305305064237 ) ) ;
#1878 = ORIENTED_EDGE ( 'NONE', *, *, #3440, .F. ) ;
#1879 = CARTESIAN_POINT ( 'NONE',  ( 3.327497457386724200, -5.750033506064560207, 8.728232671606139803 ) ) ;
#1880 = B_SPLINE_CURVE_WITH_KNOTS ( 'NONE', 3,
 ( #2881, #1273, #4094, #1301, #4577, #2906, #1648, #4121, #4554, #4523, #477, #810, #1328, #4938, #3357, #2459, #861, #1726, #427, #2507, #3686, #4171, #3734, #2483, #5, #3279, #4915, #82, #4146, #451 ),
 .UNSPECIFIED., .F., .F.,
 ( 4, 2, 2, 2, 2, 2, 2, 2, 2, 2, 2, 2, 2, 2, 4 ),
 ( 0.004608656848791453826, 0.004891490609723487051, 0.005174324370655519409, 0.005457158131587552634, 0.005739991892519584991, 0.005881408772985602038, 0.005952117213218609260, 0.006022825653451616482, 0.006093534093684624571, 0.006164242533917632660, 0.006305659414383655778, 0.006588493175315703748, 0.006871326936247751718, 0.008002661979975924517, 0.009133997023704095580 ),
 .UNSPECIFIED. ) ;
#1881 = CARTESIAN_POINT ( 'NONE',  ( -0.1624609862034862573, -20.82241450834888852, 0.000000000000000000 ) ) ;
#1882 = CARTESIAN_POINT ( 'NONE',  ( 0.9933996766896930897, -21.19924169284551851, 0.9970076604212296800 ) ) ;
#1883 = AXIS2_PLACEMENT_3D ( 'NONE', #694, #2767, #3979 ) ;
#1884 = VERTEX_POINT ( 'NONE', #20 ) ;
#1885 = CARTESIAN_POINT ( 'NONE',  ( -3.245386068267914759, -5.223600000000002019, 8.224519962459345024 ) ) ;
#1886 = DIRECTION ( 'NONE',  ( -0.000000000000000000, 0.000000000000000000, 1.000000000000000000 ) ) ;
#1887 = DIRECTION ( 'NONE',  ( 0.9937044044088076955, 0.000000000000000000, 0.1120337300036775285 ) ) ;
#1888 = EDGE_LOOP ( 'NONE', ( #137, #959, #4296, #177 ) ) ;
#1889 = VERTEX_POINT ( 'NONE', #3726 ) ;
#1890 = CARTESIAN_POINT ( 'NONE',  ( 0.8999999999999994671, -10.22360000000000291, 10.13201710189523475 ) ) ;
#1891 = CARTESIAN_POINT ( 'NONE',  ( -2.351595843561857357, -5.223600000000002019, 8.799999999999997158 ) ) ;
#1892 = DIRECTION ( 'NONE',  ( -0.000000000000000000, -1.000000000000000000, -0.000000000000000000 ) ) ;
#1893 = CARTESIAN_POINT ( 'NONE',  ( 0.000000000000000000, -10.22360000000000291, 0.000000000000000000 ) ) ;
#1894 = FACE_OUTER_BOUND ( 'NONE', #2502, .T. ) ;
#1895 = ORIENTED_EDGE ( 'NONE', *, *, #2403, .T. ) ;
#1896 = CYLINDRICAL_SURFACE ( 'NONE', #1020, 3.225122630638374233 ) ;
#1897 = DIRECTION ( 'NONE',  ( -0.000000000000000000, -1.000000000000000000, -0.000000000000000000 ) ) ;
#1898 = EDGE_CURVE ( 'NONE', #3648, #2264, #1212, .T. ) ;
#1899 = CARTESIAN_POINT ( 'NONE',  ( 2.944998364066583108, -15.15189579060438696, 8.091316505603641573 ) ) ;
#1900 = CARTESIAN_POINT ( 'NONE',  ( 0.9349320051567392431, -21.63580717779939633, 0.7933206265726429063 ) ) ;
#1901 = CARTESIAN_POINT ( 'NONE',  ( -3.457394555227632615, -6.041068454898818274, 8.674384240309299443 ) ) ;
#1902 = EDGE_LOOP ( 'NONE', ( #3600, #5308, #264, #437 ) ) ;
#1903 = EDGE_CURVE ( 'NONE', #112, #1868, #750, .T. ) ;
#1904 = CARTESIAN_POINT ( 'NONE',  ( 0.9110806438087973858, -19.31965781650660219, 2.966676471370838009 ) ) ;
#1905 = B_SPLINE_CURVE_WITH_KNOTS ( 'NONE', 3,
 ( #3302, #4958, #2903, #4550, #2956, #1325, #858, #2103, #4221, #2531 ),
 .UNSPECIFIED., .F., .F.,
 ( 4, 2, 2, 2, 4 ),
 ( -9.723708864241917412E-06, 0.001580072950037280472, 0.002374971279488042111, 0.002772420444213422822, 0.003169869608938803100 ),
 .UNSPECIFIED. ) ;
#1906 = CARTESIAN_POINT ( 'NONE',  ( -2.357583190646167282, -17.42185809452683642, 6.968704681167760207 ) ) ;
#1907 = CARTESIAN_POINT ( 'NONE',  ( 0.9222343261818110038, -21.64265371073340916, 0.8298403236640855551 ) ) ;
#1908 = DIRECTION ( 'NONE',  ( 0.9505833727519190646, 0.000000000000000000, 0.3104694050105200054 ) ) ;
#1909 = EDGE_LOOP ( 'NONE', ( #4132, #547, #4228, #521 ) ) ;
#1910 = FACE_OUTER_BOUND ( 'NONE', #152, .T. ) ;
#1911 = LINE ( 'NONE', #5204, #239 ) ;
#1912 = AXIS2_PLACEMENT_3D ( 'NONE', #634, #3834, #3079 ) ;
#1913 = DIRECTION ( 'NONE',  ( 0.2622150509200164015, 0.000000000000000000, -0.9650094647572183826 ) ) ;
#1914 = CARTESIAN_POINT ( 'NONE',  ( -3.281810048930064561, -5.998740736633151549, -0.6309087522533695092 ) ) ;
#1915 = B_SPLINE_CURVE_WITH_KNOTS ( 'NONE', 3,
 ( #1632, #3994, #4025, #738, #272, #1927, #2729, #5245, #1206, #3557, #360, #2386 ),
 .UNSPECIFIED., .F., .F.,
 ( 4, 2, 2, 2, 2, 4 ),
 ( 0.000000000000000000, 0.002477316064924620607, 0.004954632129849238613, 0.006193290162311550218, 0.007431948194773861822, 0.009909264259698484165 ),
 .UNSPECIFIED. ) ;
#1916 = ORIENTED_EDGE ( 'NONE', *, *, #5272, .F. ) ;
#1917 = VERTEX_POINT ( 'NONE', #3320 ) ;
#1918 = CARTESIAN_POINT ( 'NONE',  ( -0.2405800382646998969, -20.83844312179375535, 0.000000000000000000 ) ) ;
#1919 = DIRECTION ( 'NONE',  ( -0.000000000000000000, 1.000000000000000000, -0.000000000000000000 ) ) ;
#1920 = STYLED_ITEM ( 'NONE', ( #227 ), #1002 ) ;
#1921 = EDGE_CURVE ( 'NONE', #4042, #2071, #1189, .T. ) ;
#1922 = CARTESIAN_POINT ( 'NONE',  ( -3.430278912005067404, -6.066457142857143658, 9.424613853165269006 ) ) ;
#1923 = DIRECTION ( 'NONE',  ( 0.5936158924261070169, 0.000000000000000000, -0.8047485149157820317 ) ) ;
#1924 = CARTESIAN_POINT ( 'NONE',  ( -4.141218109986073870, -6.034269526808936135, 11.46269632760063217 ) ) ;
#1925 = ORIENTED_EDGE ( 'NONE', *, *, #2657, .F. ) ;
#1926 = CARTESIAN_POINT ( 'NONE',  ( -3.885678842741178141, -8.484223924204131961, 8.045130812015544919 ) ) ;
#1927 = CARTESIAN_POINT ( 'NONE',  ( 3.697280624073560507, -11.21746413363130124, 10.15819502802909469 ) ) ;
#1928 = CARTESIAN_POINT ( 'NONE',  ( 1.432269641475262256, -18.16704665701686494, 7.157403078325862644 ) ) ;
#1929 = CARTESIAN_POINT ( 'NONE',  ( 1.044869391423744354, -21.65637636665568166, 0.3610694064000199988 ) ) ;
#1930 = DIRECTION ( 'NONE',  ( -1.000000000000000000, 0.000000000000000000, 2.571407403092368652E-16 ) ) ;
#1931 = VERTEX_POINT ( 'NONE', #72 ) ;
#1932 = CARTESIAN_POINT ( 'NONE',  ( 0.2461403839433279339, -20.25219073469449071, 0.9551992388893407737 ) ) ;
#1933 = CARTESIAN_POINT ( 'NONE',  ( 0.5335178429256629551, -19.78793501619579942, 4.696547861472891938 ) ) ;
#1934 = CARTESIAN_POINT ( 'NONE',  ( 3.455232477688310766, -6.049889342557713157, 8.678888410068744008 ) ) ;
#1935 = PLANE ( 'NONE',  #144 ) ;
#1936 = ORIENTED_EDGE ( 'NONE', *, *, #3110, .T. ) ;
#1937 = CARTESIAN_POINT ( 'NONE',  ( 0.7969556793147763996, -19.84247983986636399, 2.046647752025025913 ) ) ;
#1938 = EDGE_CURVE ( 'NONE', #729, #2266, #4092, .T. ) ;
#1939 = CARTESIAN_POINT ( 'NONE',  ( -3.783738927960605736, -8.186405372312087536, 8.349076332958345503 ) ) ;
#1940 = EDGE_CURVE ( 'NONE', #2549, #4508, #2213, .T. ) ;
#1941 = EDGE_CURVE ( 'NONE', #4741, #618, #4187, .T. ) ;
#1942 = DIRECTION ( 'NONE',  ( 1.000000000000000000, 1.445602896647339706E-15, -0.000000000000000000 ) ) ;
#1943 = CARTESIAN_POINT ( 'NONE',  ( 2.915763036251462171E-16, -15.80840806009312161, -1.699912042076037633 ) ) ;
#1944 = ORIENTED_EDGE ( 'NONE', *, *, #4433, .T. ) ;
#1945 = VERTEX_POINT ( 'NONE', #3430 ) ;
#1946 = CARTESIAN_POINT ( 'NONE',  ( -0.2165220344382296769, -10.22360000000000291, 8.760577076464318935 ) ) ;
#1947 = CARTESIAN_POINT ( 'NONE',  ( 0.2010784491921328854, -20.26556142579711306, 0.9203626165288182337 ) ) ;
#1948 = CARTESIAN_POINT ( 'NONE',  ( -1.739576869458931354E-17, -29.61166130683500697, -3.921601983822704400E-14 ) ) ;
#1949 = VECTOR ( 'NONE', #1138, 1000.000000000000227 ) ;
#1950 = CYLINDRICAL_SURFACE ( 'NONE', #2979, 11.32812500000000178 ) ;
#1951 = DIRECTION ( 'NONE',  ( -0.000000000000000000, 1.000000000000000000, -0.000000000000000000 ) ) ;
#1952 = ORIENTED_EDGE ( 'NONE', *, *, #1615, .T. ) ;
#1953 = EDGE_CURVE ( 'NONE', #408, #5227, #5229, .T. ) ;
#1954 = LINE ( 'NONE', #3587, #588 ) ;
#1955 = FACE_OUTER_BOUND ( 'NONE', #1814, .T. ) ;
#1956 = DIRECTION ( 'NONE',  ( 0.000000000000000000, 0.000000000000000000, 1.000000000000000000 ) ) ;
#1957 = AXIS2_PLACEMENT_3D ( 'NONE', #3756, #2898, #45 ) ;
#1958 = CARTESIAN_POINT ( 'NONE',  ( 0.8041533419291587714, -21.94969445202885439, 0.7228390322666665702 ) ) ;
#1959 = AXIS2_PLACEMENT_3D ( 'NONE', #456, #892, #2461 ) ;
#1960 = FACE_OUTER_BOUND ( 'NONE', #4222, .T. ) ;
#1961 = ORIENTED_EDGE ( 'NONE', *, *, #1061, .T. ) ;
#1962 = CARTESIAN_POINT ( 'NONE',  ( 0.7109915445306762560, -20.61166130683616515, 0.7009624947318709998 ) ) ;
#1963 = AXIS2_PLACEMENT_3D ( 'NONE', #3828, #220, #3504 ) ;
#1964 = CARTESIAN_POINT ( 'NONE',  ( -0.5151206759282270786, -15.35962551117974328, 8.400338303317392175 ) ) ;
#1965 = DIRECTION ( 'NONE',  ( 0.9910458109367986657, -0.000000000000000000, 0.1335222851235817743 ) ) ;
#1966 = CARTESIAN_POINT ( 'NONE',  ( -11.25000000000000000, -7.923600000000001309, 0.000000000000000000 ) ) ;
#1967 = ORIENTED_EDGE ( 'NONE', *, *, #2239, .F. ) ;
#1968 = CARTESIAN_POINT ( 'NONE',  ( 3.885678842741287831, -8.484223924201522493, 8.045130812015766963 ) ) ;
#1969 = CIRCLE ( 'NONE', #4983, 0.8000000000000000444 ) ;
#1970 = CARTESIAN_POINT ( 'NONE',  ( 0.000000000000000000, -6.023600000000001842, 0.000000000000000000 ) ) ;
#1971 = EDGE_CURVE ( 'NONE', #5227, #2715, #1422, .T. ) ;
#1972 = DIRECTION ( 'NONE',  ( 0.000000000000000000, 0.000000000000000000, 1.000000000000000000 ) ) ;
#1973 = B_SPLINE_CURVE_WITH_KNOTS ( 'NONE', 3,
 ( #2163, #1075, #3514, #2317 ),
 .UNSPECIFIED., .F., .F.,
 ( 4, 4 ),
 ( 0.000000000000000000, 4.286021073563921142E-05 ),
 .UNSPECIFIED. ) ;
#1974 = ORIENTED_EDGE ( 'NONE', *, *, #1230, .T. ) ;
#1975 = ORIENTED_EDGE ( 'NONE', *, *, #3113, .F. ) ;
#1976 = CARTESIAN_POINT ( 'NONE',  ( 0.5151206759282263015, -15.35962551117974328, 8.400338303317392175 ) ) ;
#1977 = ADVANCED_FACE ( 'NONE', ( #3860 ), #2555, .F. ) ;
#1978 =( BOUNDED_SURFACE ( )  B_SPLINE_SURFACE ( 3, 2, ( 
 ( #3771, #2913, #868 ),
 ( #89, #2513, #2964 ),
 ( #4612, #2465, #2440 ),
 ( #4099, #4074, #385 ),
 ( #2067, #3497, #1785 ),
 ( #4639, #3873, #1834 ),
 ( #2194, #4662, #1810 ),
 ( #1027, #5046, #1859 ),
 ( #3901, #1358, #3850 ),
 ( #3466, #2166, #2668 ) ),
 .UNSPECIFIED., .F., .F., .T. ) 
 B_SPLINE_SURFACE_WITH_KNOTS ( ( 4, 2, 2, 2, 4 ),
 ( 3, 3 ),
 ( 0.0006464071769052038034, 0.0007287936562351890598, 0.0008111801355651743163, 0.0008935666148951595727, 0.0009759530942251448292 ),
 ( 0.000000000000000000, 1.000000000000000000 ),
 .UNSPECIFIED. ) 
 GEOMETRIC_REPRESENTATION_ITEM ( )  RATIONAL_B_SPLINE_SURFACE ( (
 ( 1.000000000000000000, 0.6900302459154000756, 1.000000000000000000),
 ( 1.000000000000000000, 0.6898277464492605926, 1.000000000000000000),
 ( 1.000000000000000000, 0.6901311946549157916, 1.000000000000000000),
 ( 1.000000000000000000, 0.6916651691456370266, 1.000000000000000000),
 ( 1.000000000000000000, 0.6929068321384354023, 1.000000000000000000),
 ( 1.000000000000000000, 0.6960932198846582208, 1.000000000000000000),
 ( 1.000000000000000000, 0.6980658599157478772, 1.000000000000000000),
 ( 1.000000000000000000, 0.7023790019211302305, 1.000000000000000000),
 ( 1.000000000000000000, 0.7047620102829926791, 1.000000000000000000),
 ( 1.000000000000000000, 0.7071067811865473507, 1.000000000000000000) ) ) 
 REPRESENTATION_ITEM ( '' )  SURFACE ( )  );
#1979 = CARTESIAN_POINT ( 'NONE',  ( -2.886292355423575984, -5.321368850562423702, 8.621674988325914057 ) ) ;
#1980 = CIRCLE ( 'NONE', #1490, 0.2999999999999999334 ) ;
#1981 = CARTESIAN_POINT ( 'NONE',  ( -6.776263578034402713E-18, -10.22360000000000291, 9.635293592964444542 ) ) ;
#1982 = FACE_OUTER_BOUND ( 'NONE', #4143, .T. ) ;
#1983 = CARTESIAN_POINT ( 'NONE',  ( 0.6757237926930815819, -6.023600000000001842, 3.104829013886936995 ) ) ;
#1984 = EDGE_LOOP ( 'NONE', ( #2704, #5170, #4832, #834, #5322 ) ) ;
#1985 = CARTESIAN_POINT ( 'NONE',  ( 0.6671151808357732582, -20.59600754862641736, 0.1649429703998132601 ) ) ;
#1986 = CARTESIAN_POINT ( 'NONE',  ( -0.1083824759394448889, -20.61166130683500342, -0.2308207939273138609 ) ) ;
#1987 = DIRECTION ( 'NONE',  ( -0.01832257718630355206, -0.000000000000000000, 0.9998321274920365376 ) ) ;
#1988 = DIRECTION ( 'NONE',  ( -0.4949183714867592121, 0.8613943639229734162, 0.1142609091799560300 ) ) ;
#1989 = ORIENTED_EDGE ( 'NONE', *, *, #4266, .T. ) ;
#1990 = CARTESIAN_POINT ( 'NONE',  ( -0.4290683506671792435, -20.61166130682709863, 0.4709389974853021021 ) ) ;
#1991 = EDGE_CURVE ( 'NONE', #3877, #3489, #2872, .T. ) ;
#1992 = CARTESIAN_POINT ( 'NONE',  ( 0.000000000000000000, -18.45460168286246372, 4.096547861472892293 ) ) ;
#1993 = CARTESIAN_POINT ( 'NONE',  ( 3.664841231626919882, -7.923600000000054600, 8.499999999999998224 ) ) ;
#1994 = CARTESIAN_POINT ( 'NONE',  ( -3.416854011896518273, -5.872688071682217625, 8.696183026292825247 ) ) ;
#1995 = ORIENTED_EDGE ( 'NONE', *, *, #3988, .F. ) ;
#1996 = CARTESIAN_POINT ( 'NONE',  ( 0.000000000000000000, -18.96477113877152476, -3.903127820947815962E-14 ) ) ;
#1997 = CARTESIAN_POINT ( 'NONE',  ( -2.983153859695728993, -5.348778949684910522, 8.581310603729574993 ) ) ;
#1998 = DIRECTION ( 'NONE',  ( 0.000000000000000000, 0.000000000000000000, -1.000000000000000000 ) ) ;
#1999 = CARTESIAN_POINT ( 'NONE',  ( -3.113608085128733105, -14.49783345115913669, 8.554567906922514453 ) ) ;
#2000 = VERTEX_POINT ( 'NONE', #4649 ) ;
#2001 = EDGE_LOOP ( 'NONE', ( #3605, #3057, #1764, #3964, #4269 ) ) ;
#2002 = CARTESIAN_POINT ( 'NONE',  ( -0.5519150099231002748, -22.81035036234944968, 0.000000000000000000 ) ) ;
#2003 = LINE ( 'NONE', #1489, #1870 ) ;
#2004 = AXIS2_PLACEMENT_3D ( 'NONE', #3016, #3442, #4204 ) ;
#2005 = CARTESIAN_POINT ( 'NONE',  ( 3.718366020030265950, -6.678100765031858010, 8.499999999999998224 ) ) ;
#2006 = DIRECTION ( 'NONE',  ( 0.000000000000000000, 1.000000000000000000, 0.000000000000000000 ) ) ;
#2007 = DIRECTION ( 'NONE',  ( 0.000000000000000000, 1.000000000000000000, 0.000000000000000000 ) ) ;
#2008 =( BOUNDED_CURVE ( )  B_SPLINE_CURVE ( 3, ( #494, #2941, #388, #871 ),
 .UNSPECIFIED., .F., .T. ) 
 B_SPLINE_CURVE_WITH_KNOTS ( ( 4, 4 ),
 ( 0.000000000000000000, 1.570796326794896558 ),
 .UNSPECIFIED. ) 
 CURVE ( )  GEOMETRIC_REPRESENTATION_ITEM ( )  RATIONAL_B_SPLINE_CURVE ( ( 1.000000000000000000, 0.8047378541243649375, 0.8047378541243649375, 1.000000000000000000 ) ) 
 REPRESENTATION_ITEM ( '' )  );
#2009 = AXIS2_PLACEMENT_3D ( 'NONE', #1266, #2553, #2953 ) ;
#2010 = ORIENTED_EDGE ( 'NONE', *, *, #3658, .F. ) ;
#2011 = DIRECTION ( 'NONE',  ( 0.000000000000000000, 0.2664210456094565638, -0.9638567458167027757 ) ) ;
#2012 = DIRECTION ( 'NONE',  ( -0.000000000000000000, -1.000000000000000000, -0.000000000000000000 ) ) ;
#2013 = FACE_OUTER_BOUND ( 'NONE', #2665, .T. ) ;
#2014 = EDGE_CURVE ( 'NONE', #4646, #2218, #986, .T. ) ;
#2015 = CARTESIAN_POINT ( 'NONE',  ( -3.430454302113219001, -6.037887759177174019, 9.425095733527012243 ) ) ;
#2016 = ORIENTED_EDGE ( 'NONE', *, *, #5165, .F. ) ;
#2017 = CARTESIAN_POINT ( 'NONE',  ( -0.8872259883613707876, -19.44431381801675585, 2.745272050534889097 ) ) ;
#2018 = AXIS2_PLACEMENT_3D ( 'NONE', #563, #3036, #3060 ) ;
#2019 = B_SPLINE_CURVE_WITH_KNOTS ( 'NONE', 3,
 ( #5002, #1342, #904, #2547 ),
 .UNSPECIFIED., .F., .F.,
 ( 4, 4 ),
 ( 0.000000000000000000, 4.286021073563919110E-05 ),
 .UNSPECIFIED. ) ;
#2020 = CARTESIAN_POINT ( 'NONE',  ( -2.542724433079958324, -16.91202553287919841, 7.228541555415477049 ) ) ;
#2021 = CONICAL_SURFACE ( 'NONE', #4677, 0.005000000000000013115, 0.1374609408134795374 ) ;
#2022 = CARTESIAN_POINT ( 'NONE',  ( -3.729937417985099035, -5.835706414059983693, 8.500000000000000000 ) ) ;
#2023 = EDGE_LOOP ( 'NONE', ( #4583, #3542, #673, #3437 ) ) ;
#2024 = CARTESIAN_POINT ( 'NONE',  ( -1.109567248682958862, -21.16060833433346033, 0.3837745045681280609 ) ) ;
#2025 = CARTESIAN_POINT ( 'NONE',  ( -3.373432877068465174, -8.068793223705583273, 8.699529496634909265 ) ) ;
#2026 = EDGE_CURVE ( 'NONE', #181, #3594, #5090, .T. ) ;
#2027 = AXIS2_PLACEMENT_3D ( 'NONE', #327, #3610, #2412 ) ;
#2028 = CARTESIAN_POINT ( 'NONE',  ( 3.690826069888636152, -8.466257717806973560, 8.163826635285181155 ) ) ;
#2029 = CARTESIAN_POINT ( 'NONE',  ( -3.903623508564612710, -5.223600000000002019, 1.383435205198631168 ) ) ;
#2030 = ORIENTED_EDGE ( 'NONE', *, *, #57, .F. ) ;
#2031 = CARTESIAN_POINT ( 'NONE',  ( 0.02483617544653973427, -10.22360000000000291, 8.735293592964444187 ) ) ;
#2032 = CARTESIAN_POINT ( 'NONE',  ( 0.000000000000000000, -5.223600000000002019, 0.000000000000000000 ) ) ;
#2033 = CARTESIAN_POINT ( 'NONE',  ( -3.414673955929435678, -5.881134181583872689, 9.409967973330195079 ) ) ;
#2034 = CARTESIAN_POINT ( 'NONE',  ( -1.109567248682958862, -21.16060833433346033, 0.3837745045681280609 ) ) ;
#2035 = ORIENTED_EDGE ( 'NONE', *, *, #4799, .F. ) ;
#2036 = CARTESIAN_POINT ( 'NONE',  ( 0.6727336748182620729, -20.22678244889428001, 1.285155164475120904 ) ) ;
#2037 = CARTESIAN_POINT ( 'NONE',  ( 3.430278912005094494, -6.066457142857145435, 9.424613853165263677 ) ) ;
#2038 = CARTESIAN_POINT ( 'NONE',  ( 2.066341565880146280, -17.87046313165293299, 5.677226793136116001 ) ) ;
#2039 = AXIS2_PLACEMENT_3D ( 'NONE', #3289, #5246, #3182 ) ;
#2040 = ADVANCED_FACE ( 'NONE', ( #3077 ), #2676, .T. ) ;
#2041 = CARTESIAN_POINT ( 'NONE',  ( -3.795885199668216803, -10.63521956041537564, 7.804058213671055455 ) ) ;
#2042 = B_SPLINE_CURVE_WITH_KNOTS ( 'NONE', 3,
 ( #4976, #1287, #1310, #2041, #4156, #2968 ),
 .UNSPECIFIED., .F., .F.,
 ( 4, 2, 4 ),
 ( 0.000000000000000000, 0.003264890203955075378, 0.006529780407910150755 ),
 .UNSPECIFIED. ) ;
#2043 = VERTEX_POINT ( 'NONE', #1395 ) ;
#2044 = CARTESIAN_POINT ( 'NONE',  ( -0.4628238543149534312, -20.14288663015312508, 1.234483224971734572 ) ) ;
#2045 = AXIS2_PLACEMENT_3D ( 'NONE', #900, #92, #3747 ) ;
#2046 = CIRCLE ( 'NONE', #399, 11.32812499999999822 ) ;
#2047 = DIRECTION ( 'NONE',  ( 0.000000000000000000, -1.000000000000000000, 0.000000000000000000 ) ) ;
#2048 = CARTESIAN_POINT ( 'NONE',  ( -3.430278912005067404, -6.066457142857145435, 9.424613853165270783 ) ) ;
#2049 = ORIENTED_EDGE ( 'NONE', *, *, #1247, .F. ) ;
#2050 = FACE_OUTER_BOUND ( 'NONE', #3159, .T. ) ;
#2051 = CARTESIAN_POINT ( 'NONE',  ( -3.912763235433085907, -8.257039812633637510, 8.056071490861762996 ) ) ;
#2052 = VECTOR ( 'NONE', #869, 1000.000000000000000 ) ;
#2053 = AXIS2_PLACEMENT_3D ( 'NONE', #1548, #357, #706 ) ;
#2054 = CARTESIAN_POINT ( 'NONE',  ( 3.513424155830966011, -5.523600000000001842, 8.199999999999999289 ) ) ;
#2055 = CYLINDRICAL_SURFACE ( 'NONE', #3723, 0.2999999999999999334 ) ;
#2056 = ORIENTED_EDGE ( 'NONE', *, *, #782, .F. ) ;
#2057 = CARTESIAN_POINT ( 'NONE',  ( 0.08226810138923414117, -20.81259078729983258, 0.000000000000000000 ) ) ;
#2058 = CARTESIAN_POINT ( 'NONE',  ( -3.729937417985098147, -6.023600000000001842, 8.500000000000000000 ) ) ;
#2059 = AXIS2_PLACEMENT_3D ( 'NONE', #1281, #4921, #3742 ) ;
#2060 = CARTESIAN_POINT ( 'NONE',  ( 3.729842904801034198, -6.044440642244016004, 8.499999999999998224 ) ) ;
#2061 = ADVANCED_FACE ( 'NONE', ( #1796 ), #2389, .F. ) ;
#2062 = CARTESIAN_POINT ( 'NONE',  ( 0.2780477052354148326, -22.11078486096711870, 1.012626948534408822 ) ) ;
#2063 = CARTESIAN_POINT ( 'NONE',  ( -2.843222314775751602, -5.387585276418421110, 8.727499897811481944 ) ) ;
#2064 = FACE_OUTER_BOUND ( 'NONE', #4654, .T. ) ;
#2065 = B_SPLINE_SURFACE_WITH_KNOTS ( 'NONE', 3, 3, ( 
 ( #4043, #3146, #4445, #323 ),
 ( #761, #4743, #3172, #701 ),
 ( #3549, #4338, #265, #1115 ),
 ( #730, #2377, #4015, #3985 ),
 ( #1918, #293, #2717, #1946 ),
 ( #2409, #3576, #1084, #2748 ),
 ( #4365, #5236, #4825, #644 ),
 ( #350, #674, #1568, #2296 ),
 ( #2002, #3930, #1169, #5211 ),
 ( #2692, #1516, #1976, #3632 ),
 ( #3607, #5261, #238, #1890 ),
 ( #3201, #5290, #1596, #2324 ),
 ( #5183, #1054, #3524, #1488 ),
 ( #3119, #4770, #2533, #3732 ),
 ( #4093, #3278, #2855, #401 ),
 ( #2057, #2880, #1623, #860 ),
 ( #835, #4497, #1647, #2031 ),
 ( #375, #3763, #809, #3685 ) ),
 .UNSPECIFIED., .T., .F., .F.,
 ( 4, 1, 1, 1, 1, 2, 2, 2, 1, 1, 1, 1, 4 ),
 ( 4, 4 ),
 ( 0.000000000000000000, 0.01249999999999995559, 0.02499999999999991118, 0.03750000000000008882, 0.05000000000000004441, 0.2500000000000000000, 0.5000000000000000000, 0.7500000000000000000, 0.9499999999999999556, 0.9625000000000000222, 0.9749999999999999778, 0.9875000000000000444, 1.000000000000000000 ),
 ( 0.000000000000000000, 1.000000000000000000 ),
 .UNSPECIFIED. ) ;
#2066 = ORIENTED_EDGE ( 'NONE', *, *, #4946, .F. ) ;
#2067 = CARTESIAN_POINT ( 'NONE',  ( 3.959249519894964653, -6.055412258143843651, 12.11674836335560101 ) ) ;
#2068 = LINE ( 'NONE', #1655, #2395 ) ;
#2069 = CARTESIAN_POINT ( 'NONE',  ( 4.437974968628648043, -6.606350800084238806, 12.19323601441273475 ) ) ;
#2070 = FACE_OUTER_BOUND ( 'NONE', #2565, .T. ) ;
#2071 = VERTEX_POINT ( 'NONE', #3885 ) ;
#2072 = CARTESIAN_POINT ( 'NONE',  ( 3.655231808537427352, -6.061552706126229317, 12.39965488124967052 ) ) ;
#2073 = CARTESIAN_POINT ( 'NONE',  ( 3.118309305435438716, -10.55244250479774770, 0.7199184287158810758 ) ) ;
#2074 = EDGE_CURVE ( 'NONE', #2218, #5288, #582, .T. ) ;
#2075 = CARTESIAN_POINT ( 'NONE',  ( -3.281597425959378089, -6.007024820730025638, -0.6306505511318901691 ) ) ;
#2076 = VERTEX_POINT ( 'NONE', #1847 ) ;
#2077 = CARTESIAN_POINT ( 'NONE',  ( 3.430454298273163172, -5.951186811895136763, 9.425095722976465140 ) ) ;
#2078 = CARTESIAN_POINT ( 'NONE',  ( -2.833325766883618257, -5.223600000000002019, 8.549869660988219877 ) ) ;
#2079 = AXIS2_PLACEMENT_3D ( 'NONE', #1458, #3085, #3114 ) ;
#2080 = CARTESIAN_POINT ( 'NONE',  ( 3.376716816994504544, -7.909906745743415790, 8.717557192675167599 ) ) ;
#2081 = EDGE_CURVE ( 'NONE', #1068, #1244, #4281, .T. ) ;
#2082 = CARTESIAN_POINT ( 'NONE',  ( 3.885678842741287831, -8.484223924201522493, 8.045130812015766963 ) ) ;
#2083 = CARTESIAN_POINT ( 'NONE',  ( 2.108554070535742236E-15, -7.923600000000001309, 8.200000000000001066 ) ) ;
#2084 = DIRECTION ( 'NONE',  ( 0.000000000000000000, 0.000000000000000000, -1.000000000000000000 ) ) ;
#2085 = CARTESIAN_POINT ( 'NONE',  ( 1.080228083015125184, -21.41695408612433837, 0.3598987709091749920 ) ) ;
#2086 = CARTESIAN_POINT ( 'NONE',  ( -3.455451851406045716, -6.041129095882362243, 8.678750855050669344 ) ) ;
#2087 = CARTESIAN_POINT ( 'NONE',  ( 1.157010783099998052, -21.18017553209466897, -0.1827562052059000519 ) ) ;
#2088 = VERTEX_POINT ( 'NONE', #4348 ) ;
#2089 = DIRECTION ( 'NONE',  ( 0.000000000000000000, 1.000000000000000000, 0.000000000000000000 ) ) ;
#2090 = CARTESIAN_POINT ( 'NONE',  ( -0.8658160081806387520, -19.54718277231097900, 2.560230490071977449 ) ) ;
#2091 = EDGE_CURVE ( 'NONE', #1140, #2312, #4271, .T. ) ;
#2092 = AXIS2_PLACEMENT_3D ( 'NONE', #3267, #2173, #2943 ) ;
#2093 = CARTESIAN_POINT ( 'NONE',  ( -0.6356645556039645095, -20.58205033147268637, 0.2724015077641390725 ) ) ;
#2094 = CARTESIAN_POINT ( 'NONE',  ( -3.430278912005067404, -6.066457142857145435, 9.424613853165270783 ) ) ;
#2095 = ORIENTED_EDGE ( 'NONE', *, *, #4714, .T. ) ;
#2096 = CARTESIAN_POINT ( 'NONE',  ( -3.278011846013735298, -6.007025189147038091, 0.6490300721009297780 ) ) ;
#2097 = CARTESIAN_POINT ( 'NONE',  ( 0.000000000000000000, -15.80840806009312161, 0.000000000000000000 ) ) ;
#2098 = CARTESIAN_POINT ( 'NONE',  ( -3.455232477688288562, -6.049889342557711380, 8.678888410068742232 ) ) ;
#2099 = VERTEX_POINT ( 'NONE', #3400 ) ;
#2100 = CARTESIAN_POINT ( 'NONE',  ( 3.291752194407191467, -6.023600000000001842, 9.044014824573860523 ) ) ;
#2101 = VECTOR ( 'NONE', #3008, 1000.000000000000114 ) ;
#2102 = FACE_OUTER_BOUND ( 'NONE', #1294, .T. ) ;
#2103 = CARTESIAN_POINT ( 'NONE',  ( 1.045942701742870407, -21.08907722600246970, 0.6320006001552334052 ) ) ;
#2104 = EDGE_CURVE ( 'NONE', #122, #5288, #4969, .T. ) ;
#2105 = FACE_OUTER_BOUND ( 'NONE', #3927, .T. ) ;
#2106 = B_SPLINE_CURVE_WITH_KNOTS ( 'NONE', 3,
 ( #636, #3948, #3864, #1427 ),
 .UNSPECIFIED., .F., .F.,
 ( 4, 4 ),
 ( 0.0008006154898901603027, 0.005002804191525215410 ),
 .UNSPECIFIED. ) ;
#2107 = DIRECTION ( 'NONE',  ( -0.3173306201622744238, 0.9454808424004144118, -0.07326154626561645622 ) ) ;
#2108 = EDGE_CURVE ( 'NONE', #10, #181, #3115, .T. ) ;
#2109 = DIRECTION ( 'NONE',  ( -0.3420201433256695456, 0.000000000000000000, -0.9396926207859082059 ) ) ;
#2110 = CARTESIAN_POINT ( 'NONE',  ( -0.2847271490183646003, -22.11019344728667591, 1.011131961642685484 ) ) ;
#2111 = DIRECTION ( 'NONE',  ( 0.000000000000000000, 1.000000000000000000, -0.000000000000000000 ) ) ;
#2112 = ORIENTED_EDGE ( 'NONE', *, *, #4007, .F. ) ;
#2113 = CARTESIAN_POINT ( 'NONE',  ( 0.6507065871322381678, -5.998740736633151549, -3.277942035544705757 ) ) ;
#2114 = CARTESIAN_POINT ( 'NONE',  ( -0.8006960481849835221, -19.73637269492271074, 2.179074993495276225 ) ) ;
#2115 = CARTESIAN_POINT ( 'NONE',  ( -0.9101295130269150269, -20.09996780833766294, 1.805563106232397130 ) ) ;
#2116 = CARTESIAN_POINT ( 'NONE',  ( -3.454536624855683691, -14.87143545753646201, 6.891211734661794708 ) ) ;
#2117 = ORIENTED_EDGE ( 'NONE', *, *, #4618, .T. ) ;
#2118 = CARTESIAN_POINT ( 'NONE',  ( -3.084422888646708216, -10.22360000000000291, 0.6707263797299346519 ) ) ;
#2119 = B_SPLINE_CURVE_WITH_KNOTS ( 'NONE', 3,
 ( #1843, #219, #4236, #548 ),
 .UNSPECIFIED., .F., .F.,
 ( 4, 4 ),
 ( -5.082211190455618553E-06, 0.0005331923681792000592 ),
 .UNSPECIFIED. ) ;
#2120 = ORIENTED_EDGE ( 'NONE', *, *, #4663, .F. ) ;
#2121 = CARTESIAN_POINT ( 'NONE',  ( 2.857386396918247140, -5.365809237181489166, 8.858397526554478318 ) ) ;
#2122 = CARTESIAN_POINT ( 'NONE',  ( -3.455561915853849531, -6.032362530007804757, 8.678681889933020699 ) ) ;
#2123 = ORIENTED_EDGE ( 'NONE', *, *, #87, .T. ) ;
#2124 = CARTESIAN_POINT ( 'NONE',  ( -2.538187951162414802, -14.34783015458455857, 10.15799857803907358 ) ) ;
#2125 = PLANE ( 'NONE',  #2009 ) ;
#2126 = DIRECTION ( 'NONE',  ( -0.000000000000000000, 1.000000000000000000, -0.000000000000000000 ) ) ;
#2127 = AXIS2_PLACEMENT_3D ( 'NONE', #2843, #3593, #2361 ) ;
#2128 = CARTESIAN_POINT ( 'NONE',  ( 1.074528634977641062, -6.023600000000001842, 0.1447698150676985929 ) ) ;
#2129 = CIRCLE ( 'NONE', #1963, 0.8000000000000000444 ) ;
#2130 = CARTESIAN_POINT ( 'NONE',  ( -2.983414310529674207, -15.00555694826952191, 0.6887754652500955865 ) ) ;
#2131 = CIRCLE ( 'NONE', #924, 3.341904105585355556 ) ;
#2132 = B_SPLINE_CURVE_WITH_KNOTS ( 'NONE', 3,
 ( #1891, #4069, #1569, #3987, #4798, #1979 ),
 .UNSPECIFIED., .F., .F.,
 ( 4, 2, 4 ),
 ( -6.269368798749621786E-06, 0.0002798089633827505695, 0.0005658872955642507523 ),
 .UNSPECIFIED. ) ;
#2133 = CARTESIAN_POINT ( 'NONE',  ( -3.011286551150051949, -5.474958746411616062, 8.820186480632669301 ) ) ;
#2134 = EDGE_CURVE ( 'NONE', #112, #707, #832, .T. ) ;
#2135 = CARTESIAN_POINT ( 'NONE',  ( 0.6525562164030116463, -6.023600000000001842, 3.276786297351505617 ) ) ;
#2136 = CARTESIAN_POINT ( 'NONE',  ( -0.6165292801152595370, -21.62935814028827508, 1.411764448223394197 ) ) ;
#2137 = EDGE_CURVE ( 'NONE', #3984, #3328, #489, .T. ) ;
#2138 = DIRECTION ( 'NONE',  ( -0.000000000000000000, -1.000000000000000000, -0.000000000000000000 ) ) ;
#2139 = CARTESIAN_POINT ( 'NONE',  ( 1.450320254489704919, -5.223600000000002019, -3.879270630288404131 ) ) ;
#2140 = ORIENTED_EDGE ( 'NONE', *, *, #1137, .F. ) ;
#2141 = FACE_OUTER_BOUND ( 'NONE', #5197, .T. ) ;
#2142 = CIRCLE ( 'NONE', #3680, 0.9999999999999994449 ) ;
#2143 = CARTESIAN_POINT ( 'NONE',  ( -3.084422888646709104, -5.907406441186521917, 0.6707263797299346519 ) ) ;
#2144 = CARTESIAN_POINT ( 'NONE',  ( -0.6726356960088855086, -20.22706028292214242, 1.284559106358866165 ) ) ;
#2145 = CONICAL_SURFACE ( 'NONE', #3501, 3.366002527742168571, 0.03107908222963054468 ) ;
#2146 = DIRECTION ( 'NONE',  ( -0.3420201433256694901, -0.000000000000000000, -0.9396926207859080948 ) ) ;
#2147 = EDGE_LOOP ( 'NONE', ( #1259, #3485, #637, #337 ) ) ;
#2148 = CARTESIAN_POINT ( 'NONE',  ( 3.869623997129739479, -6.058167907988095457, 12.22663570609212869 ) ) ;
#2149 = ORIENTED_EDGE ( 'NONE', *, *, #4565, .F. ) ;
#2150 = CARTESIAN_POINT ( 'NONE',  ( 0.1249163921688770246, -5.223600000000002019, -1.679532115022702277 ) ) ;
#2151 = B_SPLINE_CURVE_WITH_KNOTS ( 'NONE', 3,
 ( #3651, #1583, #2423, #367, #2020, #1906, #1612, #2315, #1503, #4903, #1637, #4979, #3375, #4134, #2897, #440 ),
 .UNSPECIFIED., .F., .F.,
 ( 4, 2, 2, 2, 2, 2, 2, 4 ),
 ( 0.000000000000000000, 0.001200044457451828524, 0.002400088914903657049, 0.003000111143629571962, 0.003600133372355486441, 0.004200155601081402221, 0.004500166715444359027, 0.004800177829807317567 ),
 .UNSPECIFIED. ) ;
#2152 = CARTESIAN_POINT ( 'NONE',  ( -1.494475834161102634, -19.24148768184596392, 5.918775118912308564 ) ) ;
#2153 = ORIENTED_EDGE ( 'NONE', *, *, #1605, .T. ) ;
#2154 = CARTESIAN_POINT ( 'NONE',  ( 0.8361181236386878712, -5.500717828889210459, -3.236290568384396771 ) ) ;
#2155 = DIRECTION ( 'NONE',  ( 0.000000000000000000, 0.000000000000000000, 1.000000000000000000 ) ) ;
#2156 = CARTESIAN_POINT ( 'NONE',  ( -10.94999999999999751, -8.223600000000001131, 8.200000000000001066 ) ) ;
#2157 = DIRECTION ( 'NONE',  ( 0.5936158924252329383, 0.000000000000000000, 0.8047485149164266272 ) ) ;
#2158 = CARTESIAN_POINT ( 'NONE',  ( 3.017832282475213734, -5.119137701125623607, 8.500000000000000000 ) ) ;
#2159 = SHAPE_DEFINITION_REPRESENTATION ( #1241, #2458 ) ;
#2160 = CARTESIAN_POINT ( 'NONE',  ( 0.6525198521593312817, -6.015313912251251338, 3.277056204590838462 ) ) ;
#2161 = B_SPLINE_CURVE_WITH_KNOTS ( 'NONE', 3,
 ( #1161, #2793, #720, #747, #4408, #1994, #3599, #1586 ),
 .UNSPECIFIED., .F., .F.,
 ( 4, 2, 2, 4 ),
 ( 9.315158173174478855E-17, 0.0004644122855229670705, 0.0006966184282844032532, 0.0009288245710458393816 ),
 .UNSPECIFIED. ) ;
#2162 = CARTESIAN_POINT ( 'NONE',  ( -0.8652398290050530294, -22.28147736006886248, 0.5404914320781371018 ) ) ;
#2163 = CARTESIAN_POINT ( 'NONE',  ( 3.430278912005093161, -6.066457142857145435, 9.424613853165258348 ) ) ;
#2164 = CARTESIAN_POINT ( 'NONE',  ( -1.739576869458931354E-17, -26.61166130683501052, -3.921601983822704400E-14 ) ) ;
#2165 = EDGE_LOOP ( 'NONE', ( #3574, #1219, #522 ) ) ;
#2166 = CARTESIAN_POINT ( 'NONE',  ( 4.074161836859262920, -5.223600000000002019, 11.19366764997448271 ) ) ;
#2167 = CARTESIAN_POINT ( 'NONE',  ( -0.9075883152340175064, -19.33754378532492169, 2.934814467912826963 ) ) ;
#2168 = FACE_OUTER_BOUND ( 'NONE', #1280, .T. ) ;
#2169 = CARTESIAN_POINT ( 'NONE',  ( -2.297917017544930829, -17.79491701803093662, 6.320018485868300395 ) ) ;
#2170 = ORIENTED_EDGE ( 'NONE', *, *, #1712, .F. ) ;
#2171 = EDGE_CURVE ( 'NONE', #2088, #2000, #4665, .T. ) ;
#2172 = VERTEX_POINT ( 'NONE', #1178 ) ;
#2173 = DIRECTION ( 'NONE',  ( 0.000000000000000000, -1.000000000000000000, -0.000000000000000000 ) ) ;
#2174 = CARTESIAN_POINT ( 'NONE',  ( -10.94999999999999929, -5.223600000000002019, 0.01776588295423203734 ) ) ;
#2175 = ORIENTED_EDGE ( 'NONE', *, *, #3640, .F. ) ;
#2176 = ADVANCED_FACE ( 'NONE', ( #2759 ), #4429, .T. ) ;
#2177 = ADVANCED_FACE ( 'NONE', ( #1960 ), #742, .T. ) ;
#2178 = CARTESIAN_POINT ( 'NONE',  ( -3.208732942764301654, -12.16997857686754614, 8.815921305305076672 ) ) ;
#2179 = PLANE ( 'NONE',  #573 ) ;
#2180 = ORIENTED_EDGE ( 'NONE', *, *, #2207, .T. ) ;
#2181 = FACE_OUTER_BOUND ( 'NONE', #3191, .T. ) ;
#2182 =( BOUNDED_SURFACE ( )  B_SPLINE_SURFACE ( 3, 2, ( 
 ( #1512, #2345, #5286 ),
 ( #1591, #2830, #4468 ),
 ( #2028, #781, #3656 ),
 ( #1620, #3252, #3572 ),
 ( #4911, #2851, #3168 ),
 ( #806, #4493, #4387 ),
 ( #4089, #396, #5231 ),
 ( #4792, #1111, #2744 ),
 ( #696, #3981, #857 ),
 ( #2926, #3351, #3326 ) ),
 .UNSPECIFIED., .F., .F., .F. ) 
 B_SPLINE_SURFACE_WITH_KNOTS ( ( 4, 2, 2, 2, 4 ),
 ( 3, 3 ),
 ( 0.000000000000000000, 0.0002382710651437873603, 0.0004765421302875747205, 0.0007148131954313620808, 0.0009530842605751494410 ),
 ( 0.000000000000000000, 1.000000000000000000 ),
 .UNSPECIFIED. ) 
 GEOMETRIC_REPRESENTATION_ITEM ( )  RATIONAL_B_SPLINE_SURFACE ( (
 ( 1.000000000000000000, 0.7948145652964918595, 1.000000000000000000),
 ( 1.000000000000000000, 0.8076839471072623233, 1.000000000000000000),
 ( 1.000000000000000000, 0.8213365234988035946, 1.000000000000000000),
 ( 1.000000000000000000, 0.8363470971843637303, 1.000000000000000000),
 ( 1.000000000000000000, 0.8371637657092890761, 1.000000000000000000),
 ( 1.000000000000000000, 0.8273453046478397299, 1.000000000000000000),
 ( 1.000000000000000000, 0.8174698078687980818, 1.000000000000000000),
 ( 1.000000000000000000, 0.8023349043496761368, 1.000000000000000000),
 ( 1.000000000000000000, 0.7974671785570751625, 1.000000000000000000),
 ( 1.000000000000000000, 0.7983762764967972103, 1.000000000000000000) ) ) 
 REPRESENTATION_ITEM ( '' )  SURFACE ( )  );
#2183 = AXIS2_PLACEMENT_3D ( 'NONE', #4957, #49, #2902 ) ;
#2184 = CARTESIAN_POINT ( 'NONE',  ( -0.02483617544653908896, -10.22360000000000291, 8.735293592964444187 ) ) ;
#2185 = DIRECTION ( 'NONE',  ( 0.000000000000000000, 0.000000000000000000, 1.000000000000000000 ) ) ;
#2186 = EDGE_CURVE ( 'NONE', #5086, #1931, #686, .T. ) ;
#2187 = VERTEX_POINT ( 'NONE', #3998 ) ;
#2188 = CARTESIAN_POINT ( 'NONE',  ( 3.424994435946877136, -5.766499770196519492, 8.499999999999998224 ) ) ;
#2189 = CARTESIAN_POINT ( 'NONE',  ( -3.281593754267798424, -5.223600000000002019, 11.67420371218416619 ) ) ;
#2190 = CARTESIAN_POINT ( 'NONE',  ( -0.9721050659834673535, -21.55676511791513761, 0.7252774010210835121 ) ) ;
#2191 = LINE ( 'NONE', #3136, #1182 ) ;
#2192 = CARTESIAN_POINT ( 'NONE',  ( 0.9075883152340230575, -19.33754378532494655, 2.934814467912823854 ) ) ;
#2193 = ORIENTED_EDGE ( 'NONE', *, *, #4240, .F. ) ;
#2194 = CARTESIAN_POINT ( 'NONE',  ( 4.123425704866208186, -6.043933928293660607, 11.73685303947360659 ) ) ;
#2195 = CARTESIAN_POINT ( 'NONE',  ( 0.6503202544897052073, -9.806253867301473193, -3.157252563985290639 ) ) ;
#2196 = AXIS2_PLACEMENT_3D ( 'NONE', #2032, #733, #4500 ) ;
#2197 = CARTESIAN_POINT ( 'NONE',  ( -2.642275839140442617, -16.55216488492524363, 7.410729951798646020 ) ) ;
#2198 = ORIENTED_EDGE ( 'NONE', *, *, #1850, .T. ) ;
#2199 = CARTESIAN_POINT ( 'NONE',  ( 0.06557971618841268446, -10.22360000000000291, -0.8817356755197491847 ) ) ;
#2200 = DIRECTION ( 'NONE',  ( 0.5452496489809997016, -0.8382737144191606538, 0.000000000000000000 ) ) ;
#2201 = VERTEX_POINT ( 'NONE', #1554 ) ;
#2202 = EDGE_CURVE ( 'NONE', #4898, #4811, #41, .T. ) ;
#2203 = EDGE_CURVE ( 'NONE', #5249, #3648, #712, .T. ) ;
#2204 = PLANE ( 'NONE',  #3645 ) ;
#2205 = DIRECTION ( 'NONE',  ( 0.000000000000000000, 1.000000000000000000, 0.000000000000000000 ) ) ;
#2206 = ORIENTED_EDGE ( 'NONE', *, *, #3216, .F. ) ;
#2207 = EDGE_CURVE ( 'NONE', #3354, #1254, #3185, .T. ) ;
#2208 = CARTESIAN_POINT ( 'NONE',  ( 2.108554070535742236E-15, -8.223600000000001131, 8.200000000000001066 ) ) ;
#2209 = SURFACE_STYLE_USAGE ( .BOTH. , #1799 ) ;
#2210 = CARTESIAN_POINT ( 'NONE',  ( 3.278930117175741898, -5.998740736633151549, 0.6457091741690914599 ) ) ;
#2211 = ORIENTED_EDGE ( 'NONE', *, *, #1411, .F. ) ;
#2212 = CARTESIAN_POINT ( 'NONE',  ( 1.450320254489705141, -6.023600000000001842, 0.000000000000000000 ) ) ;
#2213 = CIRCLE ( 'NONE', #3580, 0.4199999999999990408 ) ;
#2214 = DIRECTION ( 'NONE',  ( 0.000000000000000000, 1.000000000000000000, -0.000000000000000000 ) ) ;
#2215 = CARTESIAN_POINT ( 'NONE',  ( -0.9540411034969922266, -21.62182498118959728, 0.7362481293006708505 ) ) ;
#2216 = CARTESIAN_POINT ( 'NONE',  ( 4.015565759421483527, -8.218129798979644463, 8.257028041462175949 ) ) ;
#2217 = CARTESIAN_POINT ( 'NONE',  ( -3.091605285813737947, -5.381296297975901588, 8.553726560319914185 ) ) ;
#2218 = VERTEX_POINT ( 'NONE', #1579 ) ;
#2219 = ORIENTED_EDGE ( 'NONE', *, *, #829, .F. ) ;
#2220 = CARTESIAN_POINT ( 'NONE',  ( 1.684355993765501269, -18.81844853391014283, 6.064977510693951857 ) ) ;
#2221 = CARTESIAN_POINT ( 'NONE',  ( -0.6503202544897052073, -9.597580760601768901, -3.163875647909831557 ) ) ;
#2222 = AXIS2_PLACEMENT_3D ( 'NONE', #5212, #4367, #4883 ) ;
#2223 = CARTESIAN_POINT ( 'NONE',  ( -3.370449695908915633, -9.141479197356842334, 9.260234432917423320 ) ) ;
#2224 = CARTESIAN_POINT ( 'NONE',  ( -3.407704163678967557, -15.32532464170334308, 6.766337426284422030 ) ) ;
#2225 = VERTEX_POINT ( 'NONE', #3618 ) ;
#2226 = CARTESIAN_POINT ( 'NONE',  ( -3.987209555271308048, -12.13570728768267060, 10.95476821974288484 ) ) ;
#2227 = DIRECTION ( 'NONE',  ( 0.000000000000000000, 0.000000000000000000, 1.000000000000000000 ) ) ;
#2228 = ORIENTED_EDGE ( 'NONE', *, *, #4474, .T. ) ;
#2229 = CARTESIAN_POINT ( 'NONE',  ( 2.348366946579213632, -5.223459784806348871, 8.682527095386179283 ) ) ;
#2230 = DIRECTION ( 'NONE',  ( 0.000000000000000000, 0.000000000000000000, 1.000000000000000000 ) ) ;
#2231 = ORIENTED_EDGE ( 'NONE', *, *, #5001, .T. ) ;
#2232 = DIRECTION ( 'NONE',  ( -0.000000000000000000, -1.000000000000000000, -0.000000000000000000 ) ) ;
#2233 = ADVANCED_FACE ( 'NONE', ( #3213 ), #2925, .F. ) ;
#2234 = ADVANCED_FACE ( 'NONE', ( #462 ), #3467, .T. ) ;
#2235 = FACE_OUTER_BOUND ( 'NONE', #2760, .T. ) ;
#2236 = DIRECTION ( 'NONE',  ( -0.000000000000000000, -1.000000000000000000, -0.000000000000000000 ) ) ;
#2237 = ORIENTED_EDGE ( 'NONE', *, *, #4831, .F. ) ;
#2238 = CARTESIAN_POINT ( 'NONE',  ( -10.94999999999999929, -5.523600000000001842, 2.234732007287768768E-15 ) ) ;
#2239 = EDGE_CURVE ( 'NONE', #1917, #1541, #2008, .T. ) ;
#2240 = EDGE_CURVE ( 'NONE', #2266, #2532, #2042, .T. ) ;
#2241 = CARTESIAN_POINT ( 'NONE',  ( 0.06557971618841268446, -10.22360000000000291, -0.8817356755197491847 ) ) ;
#2242 = CARTESIAN_POINT ( 'NONE',  ( -0.9769233608639695809, -20.71999046487447771, 0.8734996083727289973 ) ) ;
#2243 = CARTESIAN_POINT ( 'NONE',  ( -3.513424155829364182, -5.223600000000002019, 8.200000000000001066 ) ) ;
#2244 = ORIENTED_EDGE ( 'NONE', *, *, #897, .T. ) ;
#2245 = CARTESIAN_POINT ( 'NONE',  ( 1.597289835420255377, -18.70626247707436463, 6.339421450868844232 ) ) ;
#2246 = DIRECTION ( 'NONE',  ( -0.000000000000000000, -1.000000000000000000, -0.000000000000000000 ) ) ;
#2247 = FACE_OUTER_BOUND ( 'NONE', #1195, .T. ) ;
#2248 = CARTESIAN_POINT ( 'NONE',  ( -2.616498958428455257, -16.37522081005916164, 6.774396732929989007 ) ) ;
#2249 = ORIENTED_EDGE ( 'NONE', *, *, #1774, .F. ) ;
#2250 = EDGE_CURVE ( 'NONE', #3672, #4694, #2917, .T. ) ;
#2251 = CARTESIAN_POINT ( 'NONE',  ( -3.985249139212156511, -8.305986138555907061, 10.94938202088634327 ) ) ;
#2252 = LINE ( 'NONE', #1418, #2828 ) ;
#2253 = EDGE_LOOP ( 'NONE', ( #2518, #1653, #5063, #4748 ) ) ;
#2254 = CARTESIAN_POINT ( 'NONE',  ( 0.000000000000000000, -12.20178778921884266, 0.000000000000000000 ) ) ;
#2255 = CYLINDRICAL_SURFACE ( 'NONE', #3295, 0.2999999999999999334 ) ;
#2256 = DIRECTION ( 'NONE',  ( -0.9910458109367987767, 0.000000000000000000, -0.1335222851235817743 ) ) ;
#2257 =( BOUNDED_CURVE ( )  B_SPLINE_CURVE ( 3, ( #3655, #1642, #3681, #5284 ),
 .UNSPECIFIED., .F., .T. ) 
 B_SPLINE_CURVE_WITH_KNOTS ( ( 4, 4 ),
 ( 3.141592653589793116, 4.712388980384689674 ),
 .UNSPECIFIED. ) 
 CURVE ( )  GEOMETRIC_REPRESENTATION_ITEM ( )  RATIONAL_B_SPLINE_CURVE ( ( 1.000000000000000000, 0.8047378541243649375, 0.8047378541243649375, 1.000000000000000000 ) ) 
 REPRESENTATION_ITEM ( '' )  );
#2258 = ORIENTED_EDGE ( 'NONE', *, *, #4647, .T. ) ;
#2259 = CARTESIAN_POINT ( 'NONE',  ( 3.729937417985120351, -6.023600000000001842, 8.499999999999998224 ) ) ;
#2260 = VECTOR ( 'NONE', #3371, 1000.000000000000000 ) ;
#2261 = CARTESIAN_POINT ( 'NONE',  ( -0.6721254665227847092, -18.56123144761066612, 4.144531255609582132 ) ) ;
#2262 = CARTESIAN_POINT ( 'NONE',  ( 0.1002712494887920969, -21.62119274992385343, 1.701940561677000252 ) ) ;
#2263 = AXIS2_PLACEMENT_3D ( 'NONE', #1585, #1965, #2424 ) ;
#2264 = VERTEX_POINT ( 'NONE', #2444 ) ;
#2265 = CARTESIAN_POINT ( 'NONE',  ( 11.02880496164289781, -5.223600000000002908, 0.01306851928301041091 ) ) ;
#2266 = VERTEX_POINT ( 'NONE', #2116 ) ;
#2267 = CARTESIAN_POINT ( 'NONE',  ( -3.396543002201448225, -6.061773215555090744, 12.50003054012042902 ) ) ;
#2268 = EDGE_CURVE ( 'NONE', #297, #2991, #1258, .T. ) ;
#2269 = CARTESIAN_POINT ( 'NONE',  ( -3.614466613762436165, -5.290983879948156776, -1.052929124413897632 ) ) ;
#2270 = ORIENTED_EDGE ( 'NONE', *, *, #3406, .F. ) ;
#2271 = EDGE_CURVE ( 'NONE', #1419, #224, #3490, .T. ) ;
#2272 = ORIENTED_EDGE ( 'NONE', *, *, #1898, .T. ) ;
#2273 = CARTESIAN_POINT ( 'NONE',  ( 3.407713597034515818, -15.32523321576144504, 6.766362579457432247 ) ) ;
#2274 = CARTESIAN_POINT ( 'NONE',  ( -1.450320254489705141, -5.223600000000002019, 0.000000000000000000 ) ) ;
#2275 = CARTESIAN_POINT ( 'NONE',  ( 0.000000000000000000, -10.22360000000000291, 0.000000000000000000 ) ) ;
#2276 = CIRCLE ( 'NONE', #282, 0.2550000000000000044 ) ;
#2277 = CARTESIAN_POINT ( 'NONE',  ( -2.664831318408769967, -17.95149990884477731, 6.091926729555463993 ) ) ;
#2278 = ORIENTED_EDGE ( 'NONE', *, *, #1941, .T. ) ;
#2279 = DIRECTION ( 'NONE',  ( -2.040851148208007998E-16, -0.000000000000000000, -1.000000000000000000 ) ) ;
#2280 = CARTESIAN_POINT ( 'NONE',  ( -1.746425629107301036, -5.328565463203271227E-16, 0.4031941259273206790 ) ) ;
#2281 = DIRECTION ( 'NONE',  ( 0.000000000000000000, 0.000000000000000000, 1.000000000000000000 ) ) ;
#2282 = DIRECTION ( 'NONE',  ( -0.000000000000000000, 1.000000000000000000, -0.000000000000000000 ) ) ;
#2283 = CARTESIAN_POINT ( 'NONE',  ( 8.673617379884035472E-16, -8.223600000000001131, 1.328125000000000222 ) ) ;
#2284 = EDGE_LOOP ( 'NONE', ( #3286, #826, #5243, #1052 ) ) ;
#2285 = CARTESIAN_POINT ( 'NONE',  ( 3.417004085589061546, -5.872990659454623064, 8.696119176839214759 ) ) ;
#2286 = B_SPLINE_CURVE_WITH_KNOTS ( 'NONE', 3,
 ( #3712, #3766, #2534, #1275, #3790, #2508, #4224, #4173 ),
 .UNSPECIFIED., .F., .F.,
 ( 4, 2, 2, 4 ),
 ( -6.039084382855033819E-06, 0.0006768927546750599759, 0.001018358674204016857, 0.001359824593732973956 ),
 .UNSPECIFIED. ) ;
#2287 = CARTESIAN_POINT ( 'NONE',  ( -2.707614782878772441, -5.272485090702050847, 8.841105207133924893 ) ) ;
#2288 = VERTEX_POINT ( 'NONE', #4079 ) ;
#2289 = CARTESIAN_POINT ( 'NONE',  ( -3.187009908993384322, -5.223600000000002019, 11.72890234814083499 ) ) ;
#2290 = ORIENTED_EDGE ( 'NONE', *, *, #3519, .F. ) ;
#2291 = VECTOR ( 'NONE', #4119, 1000.000000000000227 ) ;
#2292 = CARTESIAN_POINT ( 'NONE',  ( 1.096514714922363964, -18.96477113877152476, 6.254483981276683480 ) ) ;
#2293 = CARTESIAN_POINT ( 'NONE',  ( 1.161852902095591888, -19.33677803223368130, 5.949590257859636466 ) ) ;
#2294 = ORIENTED_EDGE ( 'NONE', *, *, #3161, .T. ) ;
#2295 = ORIENTED_EDGE ( 'NONE', *, *, #1320, .T. ) ;
#2296 = CARTESIAN_POINT ( 'NONE',  ( -0.8999999999999996891, -10.22360000000000291, 10.13201710189523297 ) ) ;
#2297 = EDGE_CURVE ( 'NONE', #949, #2099, #2542, .T. ) ;
#2298 = CARTESIAN_POINT ( 'NONE',  ( 1.234692148669989775, -20.61166130683604081, -0.1950264033723121404 ) ) ;
#2299 = ADVANCED_FACE ( 'NONE', ( #2070 ), #398, .F. ) ;
#2300 = CIRCLE ( 'NONE', #4971, 0.2999999999999992117 ) ;
#2301 = DIRECTION ( 'NONE',  ( 0.000000000000000000, 0.000000000000000000, -1.000000000000000000 ) ) ;
#2302 = FACE_OUTER_BOUND ( 'NONE', #700, .T. ) ;
#2303 = DIRECTION ( 'NONE',  ( 0.000000000000000000, 0.000000000000000000, 1.000000000000000000 ) ) ;
#2304 = ORIENTED_EDGE ( 'NONE', *, *, #4039, .F. ) ;
#2305 = CARTESIAN_POINT ( 'NONE',  ( -1.878863005284157950, -16.86795534381646533, 8.365809368970884563 ) ) ;
#2306 = VECTOR ( 'NONE', #1897, 1000.000000000000000 ) ;
#2307 = CARTESIAN_POINT ( 'NONE',  ( -4.015565759420093528, -8.218129798979578737, 8.257028041462513457 ) ) ;
#2308 = AXIS2_PLACEMENT_3D ( 'NONE', #3129, #4293, #4397 ) ;
#2309 = CARTESIAN_POINT ( 'NONE',  ( 0.000000000000000000, -16.81046239008625420, 0.000000000000000000 ) ) ;
#2310 = CARTESIAN_POINT ( 'NONE',  ( 0.5875211246571041546, -22.05507566194032876, 0.8910476673318842300 ) ) ;
#2311 = CARTESIAN_POINT ( 'NONE',  ( -0.6414912363527760508, -21.09209410907377347, 0.2218774767444557927 ) ) ;
#2312 = VERTEX_POINT ( 'NONE', #3367 ) ;
#2313 = FACE_OUTER_BOUND ( 'NONE', #35, .T. ) ;
#2314 = VECTOR ( 'NONE', #1197, 1000.000000000000000 ) ;
#2315 = CARTESIAN_POINT ( 'NONE',  ( -2.137664216216544233, -17.91991516048112487, 6.716407868669227454 ) ) ;
#2316 = CARTESIAN_POINT ( 'NONE',  ( 0.9560506267930314328, -21.61014254390649114, 0.7390573650877538814 ) ) ;
#2317 = CARTESIAN_POINT ( 'NONE',  ( 3.430454302130839572, -6.023600000000001842, 9.425095733575343360 ) ) ;
#2318 = ORIENTED_EDGE ( 'NONE', *, *, #1438, .T. ) ;
#2319 = CARTESIAN_POINT ( 'NONE',  ( 0.7801878957430489203, -5.573257007281778641, -3.382797336829459045 ) ) ;
#2320 = EDGE_CURVE ( 'NONE', #4415, #1889, #4536, .T. ) ;
#2321 = CARTESIAN_POINT ( 'NONE',  ( 8.673617379884035472E-16, -5.523600000000001842, 1.328125000000000222 ) ) ;
#2322 = ORIENTED_EDGE ( 'NONE', *, *, #1505, .F. ) ;
#2323 = EDGE_LOOP ( 'NONE', ( #2056, #1384, #2180, #1114 ) ) ;
#2324 = CARTESIAN_POINT ( 'NONE',  ( 0.8999999999999996891, -10.22360000000000291, 9.237914785819810959 ) ) ;
#2325 = CARTESIAN_POINT ( 'NONE',  ( 0.1084751542095838822, -20.28584430860783527, 0.8672496851090646386 ) ) ;
#2326 = CARTESIAN_POINT ( 'NONE',  ( -2.795840602832948107, -13.45048648250890544, 7.681508924678863259 ) ) ;
#2327 = DIRECTION ( 'NONE',  ( 0.000000000000000000, 0.9905671121878985019, 0.1370284505193259394 ) ) ;
#2328 = CARTESIAN_POINT ( 'NONE',  ( 0.6525562164030116463, -6.023600000000001842, 3.276786297351505617 ) ) ;
#2329 = ORIENTED_EDGE ( 'NONE', *, *, #1572, .F. ) ;
#2330 = DIRECTION ( 'NONE',  ( 0.000000000000000000, 1.000000000000000000, 0.000000000000000000 ) ) ;
#2331 = CARTESIAN_POINT ( 'NONE',  ( -0.2046264809031805576, -20.61166130683500342, -0.2248561128409627963 ) ) ;
#2332 = CARTESIAN_POINT ( 'NONE',  ( 0.7211494695593337889, -22.00187092531107425, 0.7972555695898229100 ) ) ;
#2333 = CARTESIAN_POINT ( 'NONE',  ( -4.370146922916722687, -6.023600000000001842, 9.083075590249684694 ) ) ;
#2334 = ORIENTED_EDGE ( 'NONE', *, *, #479, .T. ) ;
#2335 = CARTESIAN_POINT ( 'NONE',  ( 0.1102449801515525268, -20.61166130683674069, 0.3548555281833351560 ) ) ;
#2336 = EDGE_CURVE ( 'NONE', #5249, #4913, #1590, .T. ) ;
#2337 = CARTESIAN_POINT ( 'NONE',  ( 1.643243917673342658E-16, -20.81035036234944613, 0.000000000000000000 ) ) ;
#2338 = CARTESIAN_POINT ( 'NONE',  ( 3.109826426850084591, -5.906623462245486067, -0.6553176674528523593 ) ) ;
#2339 = CARTESIAN_POINT ( 'NONE',  ( -3.958718338010859039, -8.491368648130098506, 8.009098349011082973 ) ) ;
#2340 = ORIENTED_EDGE ( 'NONE', *, *, #5217, .T. ) ;
#2341 = DIRECTION ( 'NONE',  ( -0.003081687976090580813, 0.000000000000000000, 0.9999952515883353543 ) ) ;
#2342 = DIRECTION ( 'NONE',  ( 0.000000000000000000, 1.000000000000000000, -0.000000000000000000 ) ) ;
#2343 = CIRCLE ( 'NONE', #5009, 0.9999999999999996669 ) ;
#2344 = ORIENTED_EDGE ( 'NONE', *, *, #2771, .T. ) ;
#2345 = CARTESIAN_POINT ( 'NONE',  ( 3.912763235436878873, -8.257039812632575249, 8.056071490866033358 ) ) ;
#2346 = CARTESIAN_POINT ( 'NONE',  ( 3.187009908993434060, -5.223600000000002019, 11.72890234814081722 ) ) ;
#2347 = ORIENTED_EDGE ( 'NONE', *, *, #614, .T. ) ;
#2348 = ORIENTED_EDGE ( 'NONE', *, *, #3906, .T. ) ;
#2349 = CARTESIAN_POINT ( 'NONE',  ( 1.046604068189206149, -19.33677803223162428, 5.969795288784700560 ) ) ;
#2350 = CARTESIAN_POINT ( 'NONE',  ( 0.000000000000000000, -12.20178778921884266, 0.000000000000000000 ) ) ;
#2351 = AXIS2_PLACEMENT_3D ( 'NONE', #2097, #4541, #3699 ) ;
#2352 = CARTESIAN_POINT ( 'NONE',  ( 3.729937417985119463, -6.023600000000001842, 8.499999999999998224 ) ) ;
#2353 = CARTESIAN_POINT ( 'NONE',  ( -3.141071397545293742, -10.22360000000000291, 0.6643396275701405340 ) ) ;
#2354 = CARTESIAN_POINT ( 'NONE',  ( 3.454536624855722771, -14.87143545753630036, 6.891211734661831123 ) ) ;
#2355 = VERTEX_POINT ( 'NONE', #4507 ) ;
#2356 = CARTESIAN_POINT ( 'NONE',  ( -3.958713318509206935, -8.491368156665282996, 8.009100825322519768 ) ) ;
#2357 = CARTESIAN_POINT ( 'NONE',  ( 3.603232855903223619, -13.43030666894826908, 7.287696087127324418 ) ) ;
#2358 = AXIS2_PLACEMENT_3D ( 'NONE', #3002, #5116, #1421 ) ;
#2359 = CARTESIAN_POINT ( 'NONE',  ( -4.241347665295657876, -8.223600000000001131, 8.200000000000001066 ) ) ;
#2360 = CARTESIAN_POINT ( 'NONE',  ( 0.9911308084766109472, -21.30222721572587119, 0.9012437888280466769 ) ) ;
#2361 = DIRECTION ( 'NONE',  ( 0.000000000000000000, 0.000000000000000000, 1.000000000000000000 ) ) ;
#2362 = ORIENTED_EDGE ( 'NONE', *, *, #5036, .T. ) ;
#2363 = CARTESIAN_POINT ( 'NONE',  ( 0.7628022159021323745, -19.78312990392610260, 2.071644645332184620 ) ) ;
#2364 = EDGE_CURVE ( 'NONE', #2288, #122, #4924, .T. ) ;
#2365 = EDGE_CURVE ( 'NONE', #1575, #2991, #1524, .T. ) ;
#2366 = CARTESIAN_POINT ( 'NONE',  ( 0.02483617544653973427, -10.22360000000000291, 8.735293592964444187 ) ) ;
#2367 = CARTESIAN_POINT ( 'NONE',  ( -1.256697789703054680, -5.223600000000002019, -3.542942682498968043 ) ) ;
#2368 = DIRECTION ( 'NONE',  ( 0.2249510543438620891, 0.000000000000000000, -0.9743700647852359120 ) ) ;
#2369 = ORIENTED_EDGE ( 'NONE', *, *, #3905, .F. ) ;
#2370 = DIRECTION ( 'NONE',  ( 0.000000000000000000, 1.000000000000000000, 0.000000000000000000 ) ) ;
#2371 = CARTESIAN_POINT ( 'NONE',  ( 3.256696693624624217, -5.500717828889206906, 0.8311207106755400531 ) ) ;
#2372 = CARTESIAN_POINT ( 'NONE',  ( 0.000000000000000000, -12.20178778921884266, 2.227767388195791565 ) ) ;
#2373 = CARTESIAN_POINT ( 'NONE',  ( -3.305232628513274928, -5.773461080279267854, 0.6785081386208560161 ) ) ;
#2374 = ORIENTED_EDGE ( 'NONE', *, *, #158, .F. ) ;
#2375 = B_SPLINE_CURVE_WITH_KNOTS ( 'NONE', 3,
 ( #4539, #496, #2072, #2148, #438, #95, #415, #4158, #822, #929 ),
 .UNSPECIFIED., .F., .F.,
 ( 4, 2, 2, 2, 4 ),
 ( 4.336808689942017736E-19, 0.0004115398438679976063, 0.0008230796877359947790, 0.001234619531603991897, 0.001646159375471989124 ),
 .UNSPECIFIED. ) ;
#2376 = ORIENTED_EDGE ( 'NONE', *, *, #1459, .F. ) ;
#2377 = CARTESIAN_POINT ( 'NONE',  ( -0.1570456199967035504, -18.46264444686208961, 4.100167105272724655 ) ) ;
#2378 = CARTESIAN_POINT ( 'NONE',  ( 0.000000000000000000, -15.75391013364006731, 0.000000000000000000 ) ) ;
#2379 = VECTOR ( 'NONE', #1257, 1000.000000000000000 ) ;
#2380 = CARTESIAN_POINT ( 'NONE',  ( 0.000000000000000000, -8.523600000000001842, 0.000000000000000000 ) ) ;
#2381 = DIRECTION ( 'NONE',  ( 0.000000000000000000, 0.000000000000000000, -1.000000000000000000 ) ) ;
#2382 = CARTESIAN_POINT ( 'NONE',  ( -3.729654194219094610, -6.054859682647541597, 8.500000000000000000 ) ) ;
#2383 =( BOUNDED_SURFACE ( )  B_SPLINE_SURFACE ( 3, 2, ( 
 ( #905, #4980, #1319 ),
 ( #2122, #1293, #3809 ),
 ( #4929, #934, #441 ),
 ( #2098, #2548, #878 ) ),
 .UNSPECIFIED., .F., .F., .T. ) 
 B_SPLINE_SURFACE_WITH_KNOTS ( ( 4, 4 ),
 ( 3, 3 ),
 ( 0.000000000000000000, 3.126096567488797004E-05 ),
 ( 0.000000000000000000, 1.000000000000000000 ),
 .UNSPECIFIED. ) 
 GEOMETRIC_REPRESENTATION_ITEM ( )  RATIONAL_B_SPLINE_SURFACE ( (
 ( 1.000000000000000000, 0.8379718671759485149, 1.000000000000000000),
 ( 1.000000000000000000, 0.8379718695441028542, 1.000000000000000000),
 ( 1.000000000000000000, 0.8379033688064176921, 1.000000000000000000),
 ( 1.000000000000000000, 0.8377664650040789196, 1.000000000000000000) ) ) 
 REPRESENTATION_ITEM ( '' )  SURFACE ( )  );
#2384 = VERTEX_POINT ( 'NONE', #3448 ) ;
#2385 = CARTESIAN_POINT ( 'NONE',  ( 0.6525562164030116463, -6.023600000000001842, 3.276786297351505617 ) ) ;
#2386 = CARTESIAN_POINT ( 'NONE',  ( 2.944998364066583108, -15.15189579060438696, 8.091316505603641573 ) ) ;
#2387 = ADVANCED_FACE ( 'NONE', ( #3825 ), #3995, .F. ) ;
#2388 = CARTESIAN_POINT ( 'NONE',  ( 1.245968183616476654, -18.63390410183668422, 6.655063479493193768 ) ) ;
#2389 = CONICAL_SURFACE ( 'NONE', #5145, 1.792363797108476042, 0.3317284379186990484 ) ;
#2390 = CARTESIAN_POINT ( 'NONE',  ( 0.4657712568024080513, -21.62400191479795808, 1.549672476220748107 ) ) ;
#2391 = CARTESIAN_POINT ( 'NONE',  ( -0.2030121946842480263, -6.023600000000001842, 1.800655141981023277 ) ) ;
#2392 = ORIENTED_EDGE ( 'NONE', *, *, #3650, .T. ) ;
#2393 = CARTESIAN_POINT ( 'NONE',  ( 0.5498752329115732529, -20.06151779330678409, 1.433329164941778311 ) ) ;
#2394 = VECTOR ( 'NONE', #2838, 1000.000000000000000 ) ;
#2395 = VECTOR ( 'NONE', #114, 1000.000000000000000 ) ;
#2396 = CARTESIAN_POINT ( 'NONE',  ( -2.754752428372471584, -5.223600000000002019, 8.443349976652472222 ) ) ;
#2397 = CARTESIAN_POINT ( 'NONE',  ( 3.518056413004015948, -6.676486635364971889, 8.499999999999998224 ) ) ;
#2398 = ADVANCED_FACE ( 'NONE', ( #3069 ), #3907, .F. ) ;
#2399 = PLANE ( 'NONE',  #1192 ) ;
#2400 = ORIENTED_EDGE ( 'NONE', *, *, #3290, .T. ) ;
#2401 = CARTESIAN_POINT ( 'NONE',  ( -1.435777857403060409, -5.223600000000002019, 3.690173516153736344 ) ) ;
#2402 = CARTESIAN_POINT ( 'NONE',  ( -3.304308997459948216, -5.223600000000002019, 8.453621157850509604 ) ) ;
#2403 = EDGE_CURVE ( 'NONE', #4930, #3354, #4313, .T. ) ;
#2404 = CIRCLE ( 'NONE', #669, 6.349875147755928317 ) ;
#2405 = DIRECTION ( 'NONE',  ( -0.000000000000000000, -1.000000000000000000, -0.000000000000000000 ) ) ;
#2406 = CARTESIAN_POINT ( 'NONE',  ( 1.583285280397700674E-15, -5.523600000000001842, 8.200000000000001066 ) ) ;
#2407 = ORIENTED_EDGE ( 'NONE', *, *, #2852, .T. ) ;
#2408 = ORIENTED_EDGE ( 'NONE', *, *, #140, .F. ) ;
#2409 = CARTESIAN_POINT ( 'NONE',  ( -0.6953022067477083734, -20.97029500947174796, 0.000000000000000000 ) ) ;
#2410 = CARTESIAN_POINT ( 'NONE',  ( 10.94999999999999929, -8.223600000000001131, 0.01776588295419893881 ) ) ;
#2411 = EDGE_CURVE ( 'NONE', #4680, #3137, #328, .T. ) ;
#2412 = DIRECTION ( 'NONE',  ( 0.000000000000000000, 0.000000000000000000, -1.000000000000000000 ) ) ;
#2413 = CARTESIAN_POINT ( 'NONE',  ( 0.6928926488743590850, -20.60744711805405416, 0.07686815316115105934 ) ) ;
#2414 = DIRECTION ( 'NONE',  ( 0.9396926207859082059, 0.000000000000000000, 0.3420201433256694901 ) ) ;
#2415 = ORIENTED_EDGE ( 'NONE', *, *, #4998, .T. ) ;
#2416 = CARTESIAN_POINT ( 'NONE',  ( 1.170802971450777719, -20.59739910576409727, 0.4133963285741767968 ) ) ;
#2417 = CARTESIAN_POINT ( 'NONE',  ( 3.877300950139001223, -9.030804643759092087, 8.022513672243587024 ) ) ;
#2418 = CARTESIAN_POINT ( 'NONE',  ( 4.447183736433545143, -5.976207793209879604, 12.21853689601689474 ) ) ;
#2419 = ADVANCED_FACE ( 'NONE', ( #3527 ), #4829, .T. ) ;
#2420 = CARTESIAN_POINT ( 'NONE',  ( 3.664841231626920326, -7.923599999999999532, 8.499999999999998224 ) ) ;
#2421 = EDGE_LOOP ( 'NONE', ( #713, #2010, #4389, #901, #3292 ) ) ;
#2422 = CARTESIAN_POINT ( 'NONE',  ( -0.6519598752935757968, -20.61166130683513842, -0.1190112700093041986 ) ) ;
#2423 = CARTESIAN_POINT ( 'NONE',  ( -2.813133672506401783, -15.86567440676107310, 7.752342396684373860 ) ) ;
#2424 = DIRECTION ( 'NONE',  ( 0.1335222851235817465, 0.000000000000000000, -0.9910458109367985546 ) ) ;
#2425 = VERTEX_POINT ( 'NONE', #4047 ) ;
#2426 = DIRECTION ( 'NONE',  ( 0.000000000000000000, 0.000000000000000000, 1.000000000000000000 ) ) ;
#2427 = FACE_OUTER_BOUND ( 'NONE', #1595, .T. ) ;
#2428 = CARTESIAN_POINT ( 'NONE',  ( 3.278989161975159661, -6.015313642116328907, -0.6427360690587318182 ) ) ;
#2429 = CARTESIAN_POINT ( 'NONE',  ( -3.435947481223816435, -5.494612226462876947, 0.8237093417899730152 ) ) ;
#2430 = VERTEX_POINT ( 'NONE', #2353 ) ;
#2431 = CARTESIAN_POINT ( 'NONE',  ( 6.812502473916191015, -4.122781861947249382, -1.572790123191433409 ) ) ;
#2432 = LINE ( 'NONE', #3633, #4106 ) ;
#2433 = EDGE_CURVE ( 'NONE', #2794, #2928, #2300, .T. ) ;
#2434 = CARTESIAN_POINT ( 'NONE',  ( 3.691839350933443107E-15, -5.223600000000002019, 8.200000000000001066 ) ) ;
#2435 = EDGE_CURVE ( 'NONE', #2629, #1390, #1861, .T. ) ;
#2436 = CARTESIAN_POINT ( 'NONE',  ( -3.291753065546525026, -5.984673748869853149, 9.044017207740740361 ) ) ;
#2437 = FACE_OUTER_BOUND ( 'NONE', #3830, .T. ) ;
#2438 = AXIS2_PLACEMENT_3D ( 'NONE', #2530, #1668, #4165 ) ;
#2439 = EDGE_LOOP ( 'NONE', ( #2685, #4067, #2219, #4249 ) ) ;
#2440 = CARTESIAN_POINT ( 'NONE',  ( 3.238796602611444975, -5.223600000000002019, 11.70879886500037692 ) ) ;
#2441 = DIRECTION ( 'NONE',  ( -0.000000000000000000, -1.000000000000000000, -0.000000000000000000 ) ) ;
#2442 = CARTESIAN_POINT ( 'NONE',  ( 3.268291560269773299, -13.83799848678526878, 8.979557262035216425 ) ) ;
#2443 = VERTEX_POINT ( 'NONE', #734 ) ;
#2444 = CARTESIAN_POINT ( 'NONE',  ( -3.281810048930064561, -5.998740736633151549, -0.6309087522533695092 ) ) ;
#2445 = ORIENTED_EDGE ( 'NONE', *, *, #13, .F. ) ;
#2446 = CARTESIAN_POINT ( 'NONE',  ( -2.126442808618078217, -20.61166130683497855, 1.178496232028930502 ) ) ;
#2447 = B_SPLINE_CURVE_WITH_KNOTS ( 'NONE', 3,
 ( #2385, #3993, #298, #3642 ),
 .UNSPECIFIED., .F., .F.,
 ( 4, 4 ),
 ( 0.0008006317316951934741, 0.005002910659293672777 ),
 .UNSPECIFIED. ) ;
#2448 = CARTESIAN_POINT ( 'NONE',  ( 2.944998364066583108, -15.15189579060438696, 8.091316505603641573 ) ) ;
#2449 = AXIS2_PLACEMENT_3D ( 'NONE', #3604, #1621, #3253 ) ;
#2450 = CARTESIAN_POINT ( 'NONE',  ( -1.247874453446146337, -5.223600000000002908, 3.752681683740150209 ) ) ;
#2451 = EDGE_LOOP ( 'NONE', ( #2344, #4323, #2997, #2787 ) ) ;
#2452 = CARTESIAN_POINT ( 'NONE',  ( -3.376716816992455072, -7.909906745743265688, 8.717557192676258282 ) ) ;
#2453 = CARTESIAN_POINT ( 'NONE',  ( -3.437693060619410268, -8.009052378576631881, 8.491998454237004168 ) ) ;
#2454 = AXIS2_PLACEMENT_3D ( 'NONE', #1412, #5213, #2301 ) ;
#2455 = CARTESIAN_POINT ( 'NONE',  ( -3.763212940277626206, -5.223600000000002019, 1.206725885410934396 ) ) ;
#2456 = EDGE_LOOP ( 'NONE', ( #4160, #4243, #2512, #4604, #4394 ) ) ;
#2457 = LINE ( 'NONE', #2431, #2823 ) ;
#2458 = ADVANCED_BREP_SHAPE_REPRESENTATION ( 'Coaxial Nozzle_OD 840microns ID 27G', ( #1002, #3844 ), #4894 ) ;
#2459 = CARTESIAN_POINT ( 'NONE',  ( -0.9633454161688582706, -21.59161369763506144, 0.7279508079003700338 ) ) ;
#2460 = CARTESIAN_POINT ( 'NONE',  ( 3.534156096024565485, -6.051318811147918808, 8.500000000000000000 ) ) ;
#2461 = DIRECTION ( 'NONE',  ( 0.000000000000000000, 0.000000000000000000, -1.000000000000000000 ) ) ;
#2462 = CARTESIAN_POINT ( 'NONE',  ( 0.000000000000000000, -23.72360000000000113, -0.2549999999999998379 ) ) ;
#2463 = ADVANCED_FACE ( 'NONE', ( #649 ), #574, .T. ) ;
#2464 = ORIENTED_EDGE ( 'NONE', *, *, #5185, .F. ) ;
#2465 = CARTESIAN_POINT ( 'NONE',  ( 3.676306610973916644, -5.223600000000001131, 12.43385903482425192 ) ) ;
#2466 = CARTESIAN_POINT ( 'NONE',  ( -0.6235972676296340778, -19.98863026445408053, 1.609561390738365017 ) ) ;
#2467 = CARTESIAN_POINT ( 'NONE',  ( -2.609859448257851877, -5.223600000000002019, 8.550229138709086740 ) ) ;
#2468 = ORIENTED_EDGE ( 'NONE', *, *, #1753, .T. ) ;
#2469 = CARTESIAN_POINT ( 'NONE',  ( 3.341454533383596992, -5.223600000000002908, 11.51961439873607951 ) ) ;
#2470 = VECTOR ( 'NONE', #5169, 1000.000000000000000 ) ;
#2471 = VECTOR ( 'NONE', #3123, 1000.000000000000000 ) ;
#2472 = LINE ( 'NONE', #852, #3800 ) ;
#2473 = CARTESIAN_POINT ( 'NONE',  ( -3.150659963673180020, -16.62216209636462239, 6.414761152782310738 ) ) ;
#2474 = ORIENTED_EDGE ( 'NONE', *, *, #2945, .F. ) ;
#2475 = CARTESIAN_POINT ( 'NONE',  ( -3.386180053190150474, -6.690565419018843052, 12.47171924274003452 ) ) ;
#2476 = CARTESIAN_POINT ( 'NONE',  ( -3.463671108724886150, -8.101567881266541704, 8.448141909592314036 ) ) ;
#2477 = AXIS2_PLACEMENT_3D ( 'NONE', #460, #37, #5021 ) ;
#2478 = CARTESIAN_POINT ( 'NONE',  ( 3.406077646642964751, -8.261150155215389645, 8.574730041445123518 ) ) ;
#2479 = CARTESIAN_POINT ( 'NONE',  ( 0.000000000000000000, -10.22360000000000291, 0.000000000000000000 ) ) ;
#2480 = EDGE_CURVE ( 'NONE', #4528, #589, #4600, .T. ) ;
#2481 = ORIENTED_EDGE ( 'NONE', *, *, #4248, .T. ) ;
#2482 = CARTESIAN_POINT ( 'NONE',  ( 0.000000000000000000, -18.96477113877152476, -3.903127820947815962E-14 ) ) ;
#2483 = CARTESIAN_POINT ( 'NONE',  ( -0.9915399348844515792, -21.08334119612363011, 1.121782377102876538 ) ) ;
#2484 = AXIS2_PLACEMENT_3D ( 'NONE', #2212, #4605, #3843 ) ;
#2485 = CARTESIAN_POINT ( 'NONE',  ( -0.7517540966287012960, -6.023600000000001842, 0.2736161146605264327 ) ) ;
#2486 = CARTESIAN_POINT ( 'NONE',  ( 0.9755044446855816176, -21.53704961301115617, 0.7300552344003050642 ) ) ;
#2487 = DIRECTION ( 'NONE',  ( -0.000000000000000000, 1.000000000000000000, -0.000000000000000000 ) ) ;
#2488 = CARTESIAN_POINT ( 'NONE',  ( -3.269168761734802864, -5.634853550329950167, 9.269060384238638761 ) ) ;
#2489 = ORIENTED_EDGE ( 'NONE', *, *, #1681, .T. ) ;
#2490 = CARTESIAN_POINT ( 'NONE',  ( 0.9704440933910714051, -20.58521930451612292, 1.494847405893762193 ) ) ;
#2491 = FACE_OUTER_BOUND ( 'NONE', #979, .T. ) ;
#2492 = CARTESIAN_POINT ( 'NONE',  ( 2.650708287031526389, -16.21692312246820578, 7.282761164180263869 ) ) ;
#2493 = CARTESIAN_POINT ( 'NONE',  ( -2.886292355423187850, -5.321368850562560482, 8.621674988325894518 ) ) ;
#2494 = EDGE_LOOP ( 'NONE', ( #3171, #2712, #3465 ) ) ;
#2495 = DIRECTION ( 'NONE',  ( 0.000000000000000000, 1.000000000000000000, 0.000000000000000000 ) ) ;
#2496 = EDGE_CURVE ( 'NONE', #3247, #575, #3921, .T. ) ;
#2497 = DIRECTION ( 'NONE',  ( -0.000000000000000000, -1.000000000000000000, -0.000000000000000000 ) ) ;
#2498 = CARTESIAN_POINT ( 'NONE',  ( 0.000000000000000000, -20.61166130683500342, 0.000000000000000000 ) ) ;
#2499 = EDGE_CURVE ( 'NONE', #879, #2969, #3637, .T. ) ;
#2500 = ORIENTED_EDGE ( 'NONE', *, *, #2207, .F. ) ;
#2501 = CARTESIAN_POINT ( 'NONE',  ( 0.6773700731270945186, -5.789257215256796485, -3.111363209251292172 ) ) ;
#2502 = EDGE_LOOP ( 'NONE', ( #463, #2231, #803, #42 ) ) ;
#2503 = CARTESIAN_POINT ( 'NONE',  ( 0.06715921540216465702, -10.22360000000000291, 0.05488235445547150204 ) ) ;
#2504 = CARTESIAN_POINT ( 'NONE',  ( 2.170669854362769602, -12.20178778921884444, 0.5011386228075153104 ) ) ;
#2505 = DIRECTION ( 'NONE',  ( 0.8047485149164260720, 5.433224522889876453E-14, -0.5936158924252338265 ) ) ;
#2506 = CARTESIAN_POINT ( 'NONE',  ( -3.278227896033004019, -5.998740736633151549, 0.6492649017152206659 ) ) ;
#2507 = CARTESIAN_POINT ( 'NONE',  ( -0.9855741685912285943, -21.43511955831914051, 0.7893520298535207091 ) ) ;
#2508 = CARTESIAN_POINT ( 'NONE',  ( 0.6987139068795206187, -5.794686107253314233, 3.125945788666833813 ) ) ;
#2509 = CARTESIAN_POINT ( 'NONE',  ( -0.6974343925564872038, -21.63460903383018064, 1.308822370726087758 ) ) ;
#2510 = LINE ( 'NONE', #406, #3318 ) ;
#2511 = CARTESIAN_POINT ( 'NONE',  ( -1.746425629107297706, -15.75391013364006731, -0.4031941259273200129 ) ) ;
#2512 = ORIENTED_EDGE ( 'NONE', *, *, #4516, .F. ) ;
#2513 = CARTESIAN_POINT ( 'NONE',  ( 3.545441705108909769, -5.223600000000002019, 12.50153757302724422 ) ) ;
#2514 = DIRECTION ( 'NONE',  ( -0.8393880683067304060, -0.5078128394489994646, -0.1937880049823528517 ) ) ;
#2515 = CIRCLE ( 'NONE', #3969, 3.225122630638373344 ) ;
#2516 = DIRECTION ( 'NONE',  ( 0.000000000000000000, 1.000000000000000000, -0.000000000000000000 ) ) ;
#2517 = DIRECTION ( 'NONE',  ( -0.3420201433256694901, 0.000000000000000000, 0.9396926207859082059 ) ) ;
#2518 = ORIENTED_EDGE ( 'NONE', *, *, #123, .T. ) ;
#2519 = LINE ( 'NONE', #1715, #3710 ) ;
#2520 = ORIENTED_EDGE ( 'NONE', *, *, #3176, .T. ) ;
#2521 = DIRECTION ( 'NONE',  ( 0.000000000000000000, 0.000000000000000000, -1.000000000000000000 ) ) ;
#2522 = CARTESIAN_POINT ( 'NONE',  ( -3.664841231626895457, -7.923600000000001309, 8.500000000000000000 ) ) ;
#2523 = ORIENTED_EDGE ( 'NONE', *, *, #2203, .F. ) ;
#2524 = CARTESIAN_POINT ( 'NONE',  ( -1.746015666972312141, -17.28435817558218091, 8.005627659050322364 ) ) ;
#2525 = ADVANCED_FACE ( 'NONE', ( #2302 ), #3581, .T. ) ;
#2526 = ADVANCED_FACE ( 'NONE', ( #1982 ), #2721, .T. ) ;
#2527 = B_SPLINE_CURVE_WITH_KNOTS ( 'NONE', 3,
 ( #3520, #4280, #4360, #234, #1081, #3870 ),
 .UNSPECIFIED., .F., .F.,
 ( 4, 2, 4 ),
 ( -6.269368799685314519E-06, 0.0002798089633817880148, 0.0005658872955632614178 ),
 .UNSPECIFIED. ) ;
#2528 = ADVANCED_FACE ( 'NONE', ( #1119 ), #1950, .T. ) ;
#2529 = AXIS2_PLACEMENT_3D ( 'NONE', #875, #4161, #467 ) ;
#2530 = CARTESIAN_POINT ( 'NONE',  ( 0.000000000000000000, -19.74704483549230716, -1.951563910473907981E-14 ) ) ;
#2531 = CARTESIAN_POINT ( 'NONE',  ( 1.109567248683052343, -21.16060833433256505, 0.3837745045682401379 ) ) ;
#2532 = VERTEX_POINT ( 'NONE', #4020 ) ;
#2533 = CARTESIAN_POINT ( 'NONE',  ( 0.2245413690470533241, -14.70232309766117851, 7.217193958983977531 ) ) ;
#2534 = CARTESIAN_POINT ( 'NONE',  ( 1.044279655353630210, -5.295808691883251207, 3.429611789710785619 ) ) ;
#2535 = CARTESIAN_POINT ( 'NONE',  ( -0.5464279819856757703, -22.72376485023905701, 0.7882928171373344561 ) ) ;
#2536 = FACE_OUTER_BOUND ( 'NONE', #1530, .T. ) ;
#2537 = CARTESIAN_POINT ( 'NONE',  ( -3.320761494370726652, -5.694285732282595269, 9.319223645781720577 ) ) ;
#2538 = ORIENTED_EDGE ( 'NONE', *, *, #1102, .T. ) ;
#2539 = CARTESIAN_POINT ( 'NONE',  ( 0.6025186203131219775, -20.49881326296670281, 0.6020619260424994179 ) ) ;
#2540 = CARTESIAN_POINT ( 'NONE',  ( -3.084422888646708216, -6.023600000000001842, 0.6707263797299346519 ) ) ;
#2541 = CARTESIAN_POINT ( 'NONE',  ( -0.6025089163963036620, -20.49875646118445971, 0.6022599958667268494 ) ) ;
#2542 = LINE ( 'NONE', #4182, #4355 ) ;
#2543 = ORIENTED_EDGE ( 'NONE', *, *, #2435, .T. ) ;
#2544 = EDGE_CURVE ( 'NONE', #3394, #244, #5192, .T. ) ;
#2545 = CYLINDRICAL_SURFACE ( 'NONE', #4400, 0.8000000000000000444 ) ;
#2546 = ORIENTED_EDGE ( 'NONE', *, *, #4078, .T. ) ;
#2547 = CARTESIAN_POINT ( 'NONE',  ( -3.430278912005067404, -6.066457142857145435, 9.424613853165270783 ) ) ;
#2548 = CARTESIAN_POINT ( 'NONE',  ( -3.534156096024550386, -6.051318811147917920, 8.500000000000000000 ) ) ;
#2549 = VERTEX_POINT ( 'NONE', #3933 ) ;
#2550 = FACE_OUTER_BOUND ( 'NONE', #3631, .T. ) ;
#2551 =( BOUNDED_SURFACE ( )  B_SPLINE_SURFACE ( 3, 2, ( 
 ( #1628, #4918, #4890 ),
 ( #1651, #2933, #4150 ),
 ( #3258, #3231, #4581 ),
 ( #4942, #2063, #2837 ) ),
 .UNSPECIFIED., .F., .F., .F. ) 
 B_SPLINE_SURFACE_WITH_KNOTS ( ( 4, 4 ),
 ( 3, 3 ),
 ( 4.708756200074700971, 5.317852365382872648 ),
 ( 0.000000000000000000, 0.4755404752635594701 ),
 .UNSPECIFIED. ) 
 GEOMETRIC_REPRESENTATION_ITEM ( )  RATIONAL_B_SPLINE_SURFACE ( (
 ( 1.000000000000000000, 0.8609262517512896729, 0.8541228961803319919),
 ( 1.000000000000000000, 0.8492699525792759552, 0.8418963819324518649),
 ( 1.000000000000000000, 0.8369267246604079613, 0.8289493350363656976),
 ( 1.000000000000000000, 0.8262201357051142114, 0.8177189899262821138) ) ) 
 REPRESENTATION_ITEM ( '' )  SURFACE ( )  );
#2552 = VECTOR ( 'NONE', #295, 1000.000000000000114 ) ;
#2553 = DIRECTION ( 'NONE',  ( 0.2249510543438620613, 0.000000000000000000, 0.9743700647852359120 ) ) ;
#2554 = CARTESIAN_POINT ( 'NONE',  ( -6.776263578034402713E-18, -10.22360000000000291, 9.635293592964444542 ) ) ;
#2555 = CONICAL_SURFACE ( 'NONE', #1526, 3.061890362146191702, 1.038152319793244960 ) ;
#2556 = EDGE_LOOP ( 'NONE', ( #2474, #5008, #2329, #2690 ) ) ;
#2557 = CIRCLE ( 'NONE', #4886, 0.2999999999999995448 ) ;
#2558 = DIRECTION ( 'NONE',  ( -2.040851148208007998E-16, 0.000000000000000000, -1.000000000000000000 ) ) ;
#2559 = AXIS2_PLACEMENT_3D ( 'NONE', #4845, #1186, #4004 ) ;
#2560 = LINE ( 'NONE', #890, #2777 ) ;
#2561 = EDGE_CURVE ( 'NONE', #1060, #3861, #242, .T. ) ;
#2562 = CARTESIAN_POINT ( 'NONE',  ( 0.09773713434062920868, -22.94260020551951129, 0.9280527102449888099 ) ) ;
#2563 = CARTESIAN_POINT ( 'NONE',  ( -3.406925917713127916, -5.486765413471169417, 8.500000000000198952 ) ) ;
#2564 = EDGE_CURVE ( 'NONE', #5025, #1575, #1269, .T. ) ;
#2565 = EDGE_LOOP ( 'NONE', ( #4967, #4409, #5222, #1952, #1314, #3502, #5315, #1616, #3424, #2546, #2698, #5091, #2581, #3807, #4337, #2489, #4617, #4054, #374, #1848 ) ) ;
#2566 = CARTESIAN_POINT ( 'NONE',  ( 2.642480426110815461, -16.55140906213094709, 7.411109844462099971 ) ) ;
#2567 = AXIS2_PLACEMENT_3D ( 'NONE', #2610, #4277, #5010 ) ;
#2568 = DIRECTION ( 'NONE',  ( -0.000000000000000000, -1.000000000000000000, 0.000000000000000000 ) ) ;
#2569 = CARTESIAN_POINT ( 'NONE',  ( -0.9469254474697109680, -20.07957442484741861, 2.129524430864361939 ) ) ;
#2570 = CIRCLE ( 'NONE', #1203, 11.32812500000000178 ) ;
#2571 = CARTESIAN_POINT ( 'NONE',  ( 3.164908437342764280, -9.597274852278422586, 0.6453228415265582774 ) ) ;
#2572 = ORIENTED_EDGE ( 'NONE', *, *, #3443, .F. ) ;
#2573 = ORIENTED_EDGE ( 'NONE', *, *, #4075, .T. ) ;
#2574 = DIRECTION ( 'NONE',  ( -0.000000000000000000, -1.000000000000000000, -0.000000000000000000 ) ) ;
#2575 = CARTESIAN_POINT ( 'NONE',  ( 3.457428635764919989, -6.032334839255929282, 8.674486152931391914 ) ) ;
#2576 = ORIENTED_EDGE ( 'NONE', *, *, #2954, .F. ) ;
#2577 = B_SPLINE_CURVE_WITH_KNOTS ( 'NONE', 3,
 ( #607, #988, #3053, #252, #4270, #2259 ),
 .UNSPECIFIED., .F., .F.,
 ( 4, 2, 4 ),
 ( 0.0006396544200741122394, 0.0009147885908303988577, 0.001189922761586685368 ),
 .UNSPECIFIED. ) ;
#2578 = ADVANCED_FACE ( 'NONE', ( #1224 ), #2551, .F. ) ;
#2579 = CARTESIAN_POINT ( 'NONE',  ( 2.886745992200976385, -5.320671423636637698, 8.620554902009020637 ) ) ;
#2580 = CARTESIAN_POINT ( 'NONE',  ( -2.477111403997238614, -18.28744689629238707, 6.023956965493062476 ) ) ;
#2581 = ORIENTED_EDGE ( 'NONE', *, *, #1735, .T. ) ;
#2582 = CARTESIAN_POINT ( 'NONE',  ( -3.297492623061346606, -8.552751424156735283, 12.22945873924341775 ) ) ;
#2583 = CARTESIAN_POINT ( 'NONE',  ( -1.170626367390986022, -21.17452675691396280, 0.2013504098322639324 ) ) ;
#2584 = CARTESIAN_POINT ( 'NONE',  ( -3.914774955885175878, -9.280650529241894375, 10.75575579354096156 ) ) ;
#2585 = CARTESIAN_POINT ( 'NONE',  ( -3.322407740230508111, -5.223600000000002019, 11.46728376463502386 ) ) ;
#2586 = CARTESIAN_POINT ( 'NONE',  ( 3.729937417985120351, -6.023600000000001842, 8.499999999999998224 ) ) ;
#2587 = CARTESIAN_POINT ( 'NONE',  ( -3.299486775632205937, -5.223600000000002019, 11.65225045427089512 ) ) ;
#2588 = CARTESIAN_POINT ( 'NONE',  ( -0.1309623450945775480, -21.62124149257780203, 1.693332364320940364 ) ) ;
#2589 = CARTESIAN_POINT ( 'NONE',  ( -4.091055776418341949, -8.221733396893377233, 8.238416724268939006 ) ) ;
#2590 = CARTESIAN_POINT ( 'NONE',  ( -0.6503202544897052073, -6.023600000000001842, -3.277230785385315315 ) ) ;
#2591 = ORIENTED_EDGE ( 'NONE', *, *, #5049, .T. ) ;
#2592 = CARTESIAN_POINT ( 'NONE',  ( 2.663471827281989057, -17.95427658077336730, 6.091324133555620968 ) ) ;
#2593 = EDGE_CURVE ( 'NONE', #1082, #251, #3405, .T. ) ;
#2594 = CARTESIAN_POINT ( 'NONE',  ( -3.693498639196404199, -5.223600000000002019, 1.407125422105601320 ) ) ;
#2595 = CARTESIAN_POINT ( 'NONE',  ( -0.9075883152289503375, -19.33754378531000739, 2.934814467915965341 ) ) ;
#2596 = CARTESIAN_POINT ( 'NONE',  ( 3.158284259850839160, -9.806049927998740756, 0.6453228415265582774 ) ) ;
#2597 = ORIENTED_EDGE ( 'NONE', *, *, #4332, .T. ) ;
#2598 = CARTESIAN_POINT ( 'NONE',  ( -2.935316113513266600, -16.93849016894151305, 8.064714740839253437 ) ) ;
#2599 = CIRCLE ( 'NONE', #963, 1.000000000000000888 ) ;
#2600 = DIRECTION ( 'NONE',  ( -0.000000000000000000, 1.000000000000000000, -0.000000000000000000 ) ) ;
#2601 = ORIENTED_EDGE ( 'NONE', *, *, #3736, .T. ) ;
#2602 = CARTESIAN_POINT ( 'NONE',  ( 0.9026830558629465040, -19.27544610474262754, 2.995223769128890101 ) ) ;
#2603 = DIRECTION ( 'NONE',  ( 0.000000000000000000, 0.000000000000000000, -1.000000000000000000 ) ) ;
#2604 = ORIENTED_EDGE ( 'NONE', *, *, #829, .T. ) ;
#2605 = DIRECTION ( 'NONE',  ( 0.000000000000000000, 0.000000000000000000, 1.000000000000000000 ) ) ;
#2606 = CIRCLE ( 'NONE', #3366, 0.8999999999999998002 ) ;
#2607 = CARTESIAN_POINT ( 'NONE',  ( -0.07404129125031000402, -10.22360000000000291, 8.737309975419792707 ) ) ;
#2608 = CARTESIAN_POINT ( 'NONE',  ( 0.9707172452535383078, -21.56478776178771639, 0.7233843846128010791 ) ) ;
#2609 = EDGE_LOOP ( 'NONE', ( #2035, #2170, #4343, #2347, #667 ) ) ;
#2610 = CARTESIAN_POINT ( 'NONE',  ( 0.000000000000000000, -13.46581578397376511, 0.000000000000000000 ) ) ;
#2611 = ADVANCED_FACE ( 'NONE', ( #3283 ), #4501, .F. ) ;
#2612 = AXIS2_PLACEMENT_3D ( 'NONE', #939, #909, #531 ) ;
#2613 = CARTESIAN_POINT ( 'NONE',  ( 3.729842896670263919, -6.044441069509983500, 8.499999999999998224 ) ) ;
#2614 = CARTESIAN_POINT ( 'NONE',  ( -0.8102543265775394854, -21.94498974402071312, 0.7168047527423725418 ) ) ;
#2615 = CARTESIAN_POINT ( 'NONE',  ( -2.899323804489228884, -5.439977928698651155, 8.656936441187211173 ) ) ;
#2616 = CARTESIAN_POINT ( 'NONE',  ( -2.864442812497970614, -5.223600000000002019, 8.362437798428626223 ) ) ;
#2617 = ORIENTED_EDGE ( 'NONE', *, *, #476, .T. ) ;
#2618 = CARTESIAN_POINT ( 'NONE',  ( 1.711352928095285719, -18.58256852553505567, 6.395081361684629151 ) ) ;
#2619 = CARTESIAN_POINT ( 'NONE',  ( 0.6503202544897052073, -6.023600000000000065, -3.277230785385315315 ) ) ;
#2620 = AXIS2_PLACEMENT_3D ( 'NONE', #1862, #3042, #215 ) ;
#2621 = CARTESIAN_POINT ( 'NONE',  ( -0.8995131166194666461, -19.66511819575397269, 2.493223680747328697 ) ) ;
#2622 = CARTESIAN_POINT ( 'NONE',  ( -2.670518639861925614, -15.73756980053988030, 6.991821370477400599 ) ) ;
#2623 = ORIENTED_EDGE ( 'NONE', *, *, #3895, .F. ) ;
#2624 = CARTESIAN_POINT ( 'NONE',  ( -3.788186210396811582, -10.60037442029549482, 10.40795607375459220 ) ) ;
#2625 = CARTESIAN_POINT ( 'NONE',  ( -0.6841184759075046307, -5.769000267425051121, -3.305485479250995340 ) ) ;
#2626 = ORIENTED_EDGE ( 'NONE', *, *, #1940, .T. ) ;
#2627 = DIRECTION ( 'NONE',  ( 0.3420201433256694901, -0.000000000000000000, -0.9396926207859082059 ) ) ;
#2628 = DIRECTION ( 'NONE',  ( 0.000000000000000000, 0.000000000000000000, 1.000000000000000000 ) ) ;
#2629 = VERTEX_POINT ( 'NONE', #840 ) ;
#2630 = DIRECTION ( 'NONE',  ( 0.000000000000000000, 0.000000000000000000, 1.000000000000000000 ) ) ;
#2631 = EDGE_CURVE ( 'NONE', #60, #4508, #5054, .T. ) ;
#2632 = CARTESIAN_POINT ( 'NONE',  ( -2.857386396919389338, -5.365809237181967895, 8.858397526555672030 ) ) ;
#2633 = ORIENTED_EDGE ( 'NONE', *, *, #3865, .F. ) ;
#2634 = CARTESIAN_POINT ( 'NONE',  ( 3.437641710587265642, -5.916435873604854123, 8.687375493793160430 ) ) ;
#2635 = ORIENTED_EDGE ( 'NONE', *, *, #123, .F. ) ;
#2636 = CARTESIAN_POINT ( 'NONE',  ( -3.213447690337522644, -5.223600000000002019, 11.72171850692871864 ) ) ;
#2637 = AXIS2_PLACEMENT_3D ( 'NONE', #1058, #2006, #3151 ) ;
#2638 = CARTESIAN_POINT ( 'NONE',  ( 1.497011528214068798, -19.24034457596513192, 5.918658121922960369 ) ) ;
#2639 = VECTOR ( 'NONE', #3739, 1000.000000000000000 ) ;
#2640 = DIRECTION ( 'NONE',  ( 0.000000000000000000, -1.000000000000000000, -0.000000000000000000 ) ) ;
#2641 = ORIENTED_EDGE ( 'NONE', *, *, #4298, .F. ) ;
#2642 = CARTESIAN_POINT ( 'NONE',  ( 2.296981239211014714, -17.79751513467534707, 6.319251199541798591 ) ) ;
#2643 = CARTESIAN_POINT ( 'NONE',  ( 3.104184021279162931, -5.483195912974183628, 9.107115894974249670 ) ) ;
#2644 = DIRECTION ( 'NONE',  ( 0.1560211226955824926, -3.995075090488688340E-12, 0.9877537189364614667 ) ) ;
#2645 = CARTESIAN_POINT ( 'NONE',  ( -1.226526175809607988, -19.10856168389323173, 6.042485717720044391 ) ) ;
#2646 = EDGE_LOOP ( 'NONE', ( #2095, #4278, #3777 ) ) ;
#2647 = CARTESIAN_POINT ( 'NONE',  ( -4.351039720446303605, -8.509189169519409290, 11.95438338307626580 ) ) ;
#2648 = LINE ( 'NONE', #601, #3588 ) ;
#2649 = ORIENTED_EDGE ( 'NONE', *, *, #1409, .T. ) ;
#2650 = VECTOR ( 'NONE', #3329, 1000.000000000000000 ) ;
#2651 = CARTESIAN_POINT ( 'NONE',  ( 2.813104631545921830, -15.86581059705608610, 7.752275892282495029 ) ) ;
#2652 = CARTESIAN_POINT ( 'NONE',  ( 2.348367443253893239, -5.223605278831309207, 8.799627255607171961 ) ) ;
#2653 = CARTESIAN_POINT ( 'NONE',  ( 0.6503202544897052073, -10.22360000000000291, 0.000000000000000000 ) ) ;
#2654 = ORIENTED_EDGE ( 'NONE', *, *, #2631, .T. ) ;
#2655 = DIRECTION ( 'NONE',  ( -1.000000000000000000, 0.000000000000000000, 0.000000000000000000 ) ) ;
#2656 = ADVANCED_FACE ( 'NONE', ( #4096 ), #2884, .F. ) ;
#2657 = EDGE_CURVE ( 'NONE', #3489, #4415, #4272, .T. ) ;
#2658 = CARTESIAN_POINT ( 'NONE',  ( -0.2325607036558766938, -18.47333018915866987, 4.104975689306183284 ) ) ;
#2659 = ADVANCED_FACE ( 'NONE', ( #2536 ), #3837, .F. ) ;
#2660 = EDGE_CURVE ( 'NONE', #1468, #4416, #2510, .T. ) ;
#2661 = ORIENTED_EDGE ( 'NONE', *, *, #1572, .T. ) ;
#2662 = CARTESIAN_POINT ( 'NONE',  ( -3.513424155829364182, -5.223600000000002019, 8.200000000000001066 ) ) ;
#2663 = PLANE ( 'NONE',  #3636 ) ;
#2664 = CARTESIAN_POINT ( 'NONE',  ( -0.9027507583827347748, -19.27629213515648843, 2.994403403079379355 ) ) ;
#2665 = EDGE_LOOP ( 'NONE', ( #3117, #1784, #3923, #4029 ) ) ;
#2666 = VECTOR ( 'NONE', #1538, 1000.000000000000000 ) ;
#2667 = ORIENTED_EDGE ( 'NONE', *, *, #76, .T. ) ;
#2668 = CARTESIAN_POINT ( 'NONE',  ( 3.322407740230535200, -5.223600000000002019, 11.46728376463501675 ) ) ;
#2669 = CARTESIAN_POINT ( 'NONE',  ( -0.6249167162863289438, -10.22360000000000291, 3.104829013886937883 ) ) ;
#2670 = DIRECTION ( 'NONE',  ( 0.000000000000000000, 0.000000000000000000, -1.000000000000000000 ) ) ;
#2671 = ORIENTED_EDGE ( 'NONE', *, *, #2202, .F. ) ;
#2672 = CARTESIAN_POINT ( 'NONE',  ( -2.221527638788618475, -17.47691229097688037, 6.103597024266059101 ) ) ;
#2673 = CARTESIAN_POINT ( 'NONE',  ( -0.6285546842677214308, -5.998740736633151549, 3.282261729328323607 ) ) ;
#2674 = CARTESIAN_POINT ( 'NONE',  ( 1.461614519247936395, -18.81561940965416468, 6.294352550759733766 ) ) ;
#2675 = CARTESIAN_POINT ( 'NONE',  ( 0.9853394533442375591, -20.73007619438805449, 1.495121695241644399 ) ) ;
#2676 = CYLINDRICAL_SURFACE ( 'NONE', #1865, 0.8000000000000000444 ) ;
#2677 = ORIENTED_EDGE ( 'NONE', *, *, #1940, .F. ) ;
#2678 = CARTESIAN_POINT ( 'NONE',  ( -3.281097728344719133, -6.023600000000000065, -0.6305202226161545909 ) ) ;
#2679 = AXIS2_PLACEMENT_3D ( 'NONE', #1215, #4466, #4036 ) ;
#2680 = CARTESIAN_POINT ( 'NONE',  ( 3.322407740230536088, -5.223600000000002019, 11.46728376463501853 ) ) ;
#2681 = CARTESIAN_POINT ( 'NONE',  ( 0.9880673507491799512, -21.37754957567200975, 0.8374630475253044271 ) ) ;
#2682 = EDGE_CURVE ( 'NONE', #658, #4805, #2810, .T. ) ;
#2683 = COLOUR_RGB ( '',0.7921568627450980005, 0.8196078431372548767, 0.9333333333333333481 ) ;
#2684 = EDGE_CURVE ( 'NONE', #3984, #251, #4148, .T. ) ;
#2685 = ORIENTED_EDGE ( 'NONE', *, *, #29, .T. ) ;
#2686 = FACE_OUTER_BOUND ( 'NONE', #2821, .T. ) ;
#2687 =( BOUNDED_SURFACE ( )  B_SPLINE_SURFACE ( 3, 2, ( 
 ( #4287, #2750, #192 ),
 ( #3875, #2326, #1518 ),
 ( #5105, #5186, #1030 ),
 ( #597, #1837, #2223 ),
 ( #4312, #267, #1491 ),
 ( #3472, #571, #1922 ) ),
 .UNSPECIFIED., .F., .F., .T. ) 
 B_SPLINE_SURFACE_WITH_KNOTS ( ( 4, 2, 4 ),
 ( 3, 3 ),
 ( -1.734723475976807094E-18, 0.004597781379350303343, 0.009195562758700608422 ),
 ( 0.000000000000000000, 1.000000000000000000 ),
 .UNSPECIFIED. ) 
 GEOMETRIC_REPRESENTATION_ITEM ( )  RATIONAL_B_SPLINE_SURFACE ( (
 ( 1.000000000000000000, 0.7452283712275782346, 1.000000000000000000),
 ( 1.000000000000000000, 0.7438534320811709399, 1.000000000000000000),
 ( 1.000000000000000000, 0.7429626256977032162, 1.000000000000000000),
 ( 1.000000000000000000, 0.7417516153923252586, 1.000000000000000000),
 ( 1.000000000000000000, 0.7414362910649799909, 1.000000000000000000),
 ( 1.000000000000000000, 0.7413454500281548842, 1.000000000000000000) ) ) 
 REPRESENTATION_ITEM ( '' )  SURFACE ( )  );
#2688 = DIRECTION ( 'NONE',  ( 0.9650094647572186046, -0.000000000000000000, 0.2622150509200164015 ) ) ;
#2689 = CARTESIAN_POINT ( 'NONE',  ( -0.7622747188835340415, -19.74718226140649335, 1.393972236255872854 ) ) ;
#2690 = ORIENTED_EDGE ( 'NONE', *, *, #3377, .F. ) ;
#2691 = ORIENTED_EDGE ( 'NONE', *, *, #5176, .T. ) ;
#2692 = CARTESIAN_POINT ( 'NONE',  ( 0.5519150099230999418, -22.81035036234944968, 0.000000000000000000 ) ) ;
#2693 = CARTESIAN_POINT ( 'NONE',  ( 0.6503202544897052073, -9.597580760601768901, -3.163875647909831557 ) ) ;
#2694 = CYLINDRICAL_SURFACE ( 'NONE', #2620, 0.4199999999999994849 ) ;
#2695 = CIRCLE ( 'NONE', #3550, 34.39999999999999858 ) ;
#2696 = CARTESIAN_POINT ( 'NONE',  ( -11.24999999999999822, -5.523600000000001842, 8.500000000000000000 ) ) ;
#2697 = CARTESIAN_POINT ( 'NONE',  ( -1.746425629107297040, -13.46581578397376688, -0.4031941259273198463 ) ) ;
#2698 = ORIENTED_EDGE ( 'NONE', *, *, #2564, .T. ) ;
#2699 = DIRECTION ( 'NONE',  ( 0.3173306201622744793, 0.9454808424004144118, -0.07326154626561645622 ) ) ;
#2700 = AXIS2_PLACEMENT_3D ( 'NONE', #1948, #3203, #1598 ) ;
#2701 = FACE_OUTER_BOUND ( 'NONE', #1802, .T. ) ;
#2702 = CARTESIAN_POINT ( 'NONE',  ( 1.014034452297184918, -21.23486985750081502, 0.6326226111790613782 ) ) ;
#2703 = CARTESIAN_POINT ( 'NONE',  ( 3.430278912005093161, -6.066457142857145435, 9.424613853165258348 ) ) ;
#2704 = ORIENTED_EDGE ( 'NONE', *, *, #3775, .T. ) ;
#2705 = DIRECTION ( 'NONE',  ( 0.000000000000000000, 0.000000000000000000, 1.000000000000000000 ) ) ;
#2706 = B_SPLINE_CURVE_WITH_KNOTS ( 'NONE', 3,
 ( #1517, #675, #1198, #3173, #2835, #4473, #3120, #5262, #788, #3551 ),
 .UNSPECIFIED., .F., .F.,
 ( 4, 2, 2, 2, 4 ),
 ( 0.000000000000000000, 0.0002904030182184217843, 0.0005808060364368435686, 0.0008712090546552652987, 0.001161612072873687137 ),
 .UNSPECIFIED. ) ;
#2707 = CARTESIAN_POINT ( 'NONE',  ( -0.1570456199967035504, -18.46264444686208961, 4.100167105272724655 ) ) ;
#2708 = CARTESIAN_POINT ( 'NONE',  ( -1.065502127437722102, -5.292401275215408596, -3.406626332006977176 ) ) ;
#2709 = CARTESIAN_POINT ( 'NONE',  ( -3.071079915338682742, -5.480244734293182596, 8.498614216083838713 ) ) ;
#2710 = ORIENTED_EDGE ( 'NONE', *, *, #4618, .F. ) ;
#2711 = CARTESIAN_POINT ( 'NONE',  ( 0.6507065871322381678, -5.998740736633151549, -3.277942035544705757 ) ) ;
#2712 = ORIENTED_EDGE ( 'NONE', *, *, #3488, .F. ) ;
#2713 = PLANE ( 'NONE',  #4823 ) ;
#2714 = CARTESIAN_POINT ( 'NONE',  ( 1.894102818523672571, -18.99854403386322943, 5.918253333836239527 ) ) ;
#2715 = VERTEX_POINT ( 'NONE', #864 ) ;
#2716 = ORIENTED_EDGE ( 'NONE', *, *, #661, .F. ) ;
#2717 = CARTESIAN_POINT ( 'NONE',  ( -0.2245413690470533241, -14.70232309766117851, 7.217193958983975755 ) ) ;
#2718 = CARTESIAN_POINT ( 'NONE',  ( 0.05500110889123420443, -20.29241098832034496, 0.8498342873605851944 ) ) ;
#2719 = AXIS2_PLACEMENT_3D ( 'NONE', #2283, #3004, #4730 ) ;
#2720 = EDGE_CURVE ( 'NONE', #96, #194, #2046, .T. ) ;
#2721 = TOROIDAL_SURFACE ( 'NONE', #916, 4.025122630638374055, 0.8000000000000000444 ) ;
#2722 = DIRECTION ( 'NONE',  ( 0.000000000000000000, 0.000000000000000000, -1.000000000000000000 ) ) ;
#2723 = ADVANCED_FACE ( 'NONE', ( #790 ), #5139, .F. ) ;
#2724 = CARTESIAN_POINT ( 'NONE',  ( 8.673617379884035472E-16, -8.223600000000001131, 1.328125000000000222 ) ) ;
#2725 = CARTESIAN_POINT ( 'NONE',  ( 0.000000000000000000, 0.000000000000000000, 0.000000000000000000 ) ) ;
#2726 = EDGE_LOOP ( 'NONE', ( #4736, #384, #931, #551 ) ) ;
#2727 = CARTESIAN_POINT ( 'NONE',  ( 1.200598902835734005, -5.223600000000003796, 3.764689755952746353 ) ) ;
#2728 = CIRCLE ( 'NONE', #2984, 4.141517772942822972 ) ;
#2729 = CARTESIAN_POINT ( 'NONE',  ( 3.644960433718850812, -11.59628845481277004, 10.01444648644796587 ) ) ;
#2730 = CONICAL_SURFACE ( 'NONE', #5320, 1.677190573871533363, 0.8389565550347851675 ) ;
#2731 = LINE ( 'NONE', #2309, #4273 ) ;
#2732 = CARTESIAN_POINT ( 'NONE',  ( 0.4135529246835487061, -21.62307320861511428, 1.584930038438289390 ) ) ;
#2733 = CARTESIAN_POINT ( 'NONE',  ( 2.126572341509307586E-16, -10.22360000000000291, 8.735293592964444187 ) ) ;
#2734 = ORIENTED_EDGE ( 'NONE', *, *, #1157, .T. ) ;
#2735 = CARTESIAN_POINT ( 'NONE',  ( 0.9455845354922355339, -20.61166130683441722, 1.008610999480636261 ) ) ;
#2736 = AXIS2_PLACEMENT_3D ( 'NONE', #2238, #2558, #5039 ) ;
#2737 = ADVANCED_FACE ( 'NONE', ( #4761 ), #3108, .F. ) ;
#2738 = CARTESIAN_POINT ( 'NONE',  ( 1.000000000000000000, -22.36226537227254951, 0.000000000000000000 ) ) ;
#2739 = CARTESIAN_POINT ( 'NONE',  ( -3.248552505529816337, -5.805233568903513941, 8.974913703105428908 ) ) ;
#2740 = ORIENTED_EDGE ( 'NONE', *, *, #5232, .F. ) ;
#2741 = CARTESIAN_POINT ( 'NONE',  ( -3.513424155829364182, -5.523600000000001842, 8.500000000000000000 ) ) ;
#2742 = CARTESIAN_POINT ( 'NONE',  ( -3.918402505153494086, -8.212197992036710303, 8.284638964535961492 ) ) ;
#2743 = ORIENTED_EDGE ( 'NONE', *, *, #2074, .F. ) ;
#2744 = CARTESIAN_POINT ( 'NONE',  ( 3.661179501717288787, -8.003446558508265696, 8.491933653893932288 ) ) ;
#2745 = LINE ( 'NONE', #4388, #2940 ) ;
#2746 = ORIENTED_EDGE ( 'NONE', *, *, #680, .T. ) ;
#2747 = ORIENTED_EDGE ( 'NONE', *, *, #2081, .T. ) ;
#2748 = CARTESIAN_POINT ( 'NONE',  ( -0.6257719860729369366, -10.22360000000000291, 8.879243775374515479 ) ) ;
#2749 = CARTESIAN_POINT ( 'NONE',  ( 0.3494952458364464221, -20.20807146402249543, 1.068944866416172701 ) ) ;
#2750 = CARTESIAN_POINT ( 'NONE',  ( -2.651406407636685447, -14.89939503092403328, 7.284679234779074974 ) ) ;
#2751 = DIRECTION ( 'NONE',  ( 0.000000000000000000, 0.000000000000000000, -1.000000000000000000 ) ) ;
#2752 = CARTESIAN_POINT ( 'NONE',  ( 3.109826426850084147, -10.22360000000000291, -0.6553176674528524703 ) ) ;
#2753 = EDGE_CURVE ( 'NONE', #1244, #4822, #1973, .T. ) ;
#2754 = ORIENTED_EDGE ( 'NONE', *, *, #3704, .T. ) ;
#2755 = CARTESIAN_POINT ( 'NONE',  ( -1.439318238251017457, -5.223600000000002019, 3.883366126524675277 ) ) ;
#2756 = CARTESIAN_POINT ( 'NONE',  ( 2.014136922770156253E-16, -5.223600000000002019, 11.33529359296444383 ) ) ;
#2757 = CARTESIAN_POINT ( 'NONE',  ( 2.357450616012788824, -17.42221413232174498, 6.968523226288973582 ) ) ;
#2758 = CARTESIAN_POINT ( 'NONE',  ( 0.7279983985213323017, -21.63726948383046178, 1.262488064730396653 ) ) ;
#2759 = FACE_OUTER_BOUND ( 'NONE', #994, .T. ) ;
#2760 = EDGE_LOOP ( 'NONE', ( #3017, #4906, #2228, #760, #1174 ) ) ;
#2761 = CARTESIAN_POINT ( 'NONE',  ( 1.607764910162707839, -20.61166130683502473, 0.5377206150081381697 ) ) ;
#2762 = CARTESIAN_POINT ( 'NONE',  ( 0.1516302537899206493, -14.69698022651288838, 7.207576790917057608 ) ) ;
#2763 = CARTESIAN_POINT ( 'NONE',  ( -3.534156096024547278, -6.051318811147916144, 8.500000000000000000 ) ) ;
#2764 = CARTESIAN_POINT ( 'NONE',  ( 3.513424155830965567, -5.223600000000002019, 8.199999999999999289 ) ) ;
#2765 = ORIENTED_EDGE ( 'NONE', *, *, #5100, .F. ) ;
#2766 = CARTESIAN_POINT ( 'NONE',  ( 11.25000000000000000, -7.923600000000001309, -2.295957541734009343E-15 ) ) ;
#2767 = DIRECTION ( 'NONE',  ( -0.8882190419145687965, 1.770654646021770894E-16, 0.4594202145970133766 ) ) ;
#2768 = CIRCLE ( 'NONE', #439, 0.8000000000000003775 ) ;
#2769 = CARTESIAN_POINT ( 'NONE',  ( 1.867365283727080216, -5.223600000000002019, 0.2515876431665637902 ) ) ;
#2770 = CARTESIAN_POINT ( 'NONE',  ( -3.278227896033004019, -5.998740736633151549, 0.6492649017152206659 ) ) ;
#2771 = EDGE_CURVE ( 'NONE', #3081, #244, #4101, .T. ) ;
#2772 = ORIENTED_EDGE ( 'NONE', *, *, #57, .T. ) ;
#2773 = ORIENTED_EDGE ( 'NONE', *, *, #897, .F. ) ;
#2774 = CARTESIAN_POINT ( 'NONE',  ( 1.464942613829312679, -19.26586417197481893, 5.916966972714533313 ) ) ;
#2775 = CARTESIAN_POINT ( 'NONE',  ( 0.000000000000000000, -7.923600000000001309, 8.200000000000001066 ) ) ;
#2776 = CARTESIAN_POINT ( 'NONE',  ( 3.406934966112466601, -5.486768543044544977, 8.499999999999998224 ) ) ;
#2777 = VECTOR ( 'NONE', #1675, 1000.000000000000227 ) ;
#2778 = DIRECTION ( 'NONE',  ( 0.000000000000000000, 0.000000000000000000, 1.000000000000000000 ) ) ;
#2779 = CARTESIAN_POINT ( 'NONE',  ( -4.123343215522715433, -6.043955288341607002, 11.73747559687373965 ) ) ;
#2780 = ORIENTED_EDGE ( 'NONE', *, *, #2660, .F. ) ;
#2781 = CARTESIAN_POINT ( 'NONE',  ( 0.7651882082730431245, -5.579886217481921484, 3.381835784145229784 ) ) ;
#2782 = DIRECTION ( 'NONE',  ( 0.01832257718630355206, 0.000000000000000000, -0.9998321274920365376 ) ) ;
#2783 = CARTESIAN_POINT ( 'NONE',  ( 8.673617379884035472E-16, -5.523600000000001842, -9.999999999999998224 ) ) ;
#2784 = EDGE_CURVE ( 'NONE', #3247, #3757, #2191, .T. ) ;
#2785 = CARTESIAN_POINT ( 'NONE',  ( 0.4521512804686204090, -22.08781477910034141, 0.9585789796431967158 ) ) ;
#2786 = CARTESIAN_POINT ( 'NONE',  ( 1.321313259014213945E-16, -20.29241098832033785, 0.8498342873605899683 ) ) ;
#2787 = ORIENTED_EDGE ( 'NONE', *, *, #3161, .F. ) ;
#2788 = ADVANCED_FACE ( 'NONE', ( #5043 ), #4548, .F. ) ;
#2789 = CARTESIAN_POINT ( 'NONE',  ( 1.272408983505699531, -20.61166130683165676, 1.749195230446521476 ) ) ;
#2790 = CARTESIAN_POINT ( 'NONE',  ( 0.6489487262978608229, -14.74627372688717664, 7.296305091590773451 ) ) ;
#2791 = FACE_OUTER_BOUND ( 'NONE', #652, .T. ) ;
#2792 = ADVANCED_FACE ( 'NONE', ( #1729 ), #5281, .F. ) ;
#2793 = CARTESIAN_POINT ( 'NONE',  ( -2.981486008358663398, -5.453823520648361622, 8.827585494791316378 ) ) ;
#2794 = VERTEX_POINT ( 'NONE', #5253 ) ;
#2795 = EDGE_CURVE ( 'NONE', #145, #3022, #1780, .T. ) ;
#2796 = CARTESIAN_POINT ( 'NONE',  ( 0.8592498462378364010, -19.59573750229832712, 2.493032660972945180 ) ) ;
#2797 = CARTESIAN_POINT ( 'NONE',  ( 0.8460184241495967150, -5.489890751852491313, -3.435039567725002296 ) ) ;
#2798 = CARTESIAN_POINT ( 'NONE',  ( 3.279444899995889173, -5.998740736633151549, -0.6430895729361546520 ) ) ;
#2799 = CARTESIAN_POINT ( 'NONE',  ( 0.000000000000000000, -5.998740736633151549, 0.000000000000000000 ) ) ;
#2800 = VERTEX_POINT ( 'NONE', #2764 ) ;
#2801 = ORIENTED_EDGE ( 'NONE', *, *, #751, .F. ) ;
#2802 = CARTESIAN_POINT ( 'NONE',  ( 1.096514714922294020, -18.96477113877329757, 6.254483981275968496 ) ) ;
#2803 = AXIS2_PLACEMENT_3D ( 'NONE', #899, #4997, #4561 ) ;
#2804 = EDGE_CURVE ( 'NONE', #2384, #3394, #4790, .T. ) ;
#2805 = CARTESIAN_POINT ( 'NONE',  ( -2.220265609608294112E-16, -10.22360000000000291, 10.53529359296444490 ) ) ;
#2806 = DIRECTION ( 'NONE',  ( 0.000000000000000000, 0.000000000000000000, -1.000000000000000000 ) ) ;
#2807 = DIRECTION ( 'NONE',  ( 0.000000000000000000, 1.000000000000000000, 0.000000000000000000 ) ) ;
#2808 = ORIENTED_EDGE ( 'NONE', *, *, #1710, .T. ) ;
#2809 = FACE_OUTER_BOUND ( 'NONE', #3678, .T. ) ;
#2810 = CIRCLE ( 'NONE', #1353, 0.8000000000000003775 ) ;
#2811 = DIRECTION ( 'NONE',  ( -0.03027765257158857720, -0.9995170841968334940, -0.006990146880730814700 ) ) ;
#2812 = CARTESIAN_POINT ( 'NONE',  ( -1.746425629107297040, 0.000000000000000000, -0.4031941259273198463 ) ) ;
#2813 = VECTOR ( 'NONE', #1658, 1000.000000000000000 ) ;
#2814 = DIRECTION ( 'NONE',  ( 0.9849774736889242988, -1.185204119964809959E-15, -0.1726828779160933802 ) ) ;
#2815 = VECTOR ( 'NONE', #2889, 1000.000000000000114 ) ;
#2816 = ORIENTED_EDGE ( 'NONE', *, *, #3972, .T. ) ;
#2817 = CARTESIAN_POINT ( 'NONE',  ( 1.373466103961015428, -20.61166130683848507, 2.278038161364649206 ) ) ;
#2818 = CARTESIAN_POINT ( 'NONE',  ( 0.07404129125031087832, -10.22360000000000291, 8.737309975419792707 ) ) ;
#2819 = DIRECTION ( 'NONE',  ( 0.000000000000000000, 0.000000000000000000, -1.000000000000000000 ) ) ;
#2820 = DIRECTION ( 'NONE',  ( 0.000000000000000000, 0.000000000000000000, -1.000000000000000000 ) ) ;
#2821 = EDGE_LOOP ( 'NONE', ( #2270, #4349, #1494, #3026 ) ) ;
#2822 = CYLINDRICAL_SURFACE ( 'NONE', #3626, 1.792363797108475598 ) ;
#2823 = VECTOR ( 'NONE', #4068, 1000.000000000000114 ) ;
#2824 = ADVANCED_FACE ( 'NONE', ( #3164 ), #1935, .F. ) ;
#2825 = EDGE_CURVE ( 'NONE', #1416, #1129, #4531, .T. ) ;
#2826 = CARTESIAN_POINT ( 'NONE',  ( -3.485358372679391525, -8.380269029555909910, 8.405101980931739547 ) ) ;
#2827 = ADVANCED_FACE ( 'NONE', ( #3623 ), #2399, .F. ) ;
#2828 = VECTOR ( 'NONE', #196, 1000.000000000000000 ) ;
#2829 = PRODUCT ( 'Coaxial Nozzle_OD 840microns ID 27G', 'Coaxial Nozzle_OD 840microns ID 27G', '', ( #3011 ) ) ;
#2830 = CARTESIAN_POINT ( 'NONE',  ( 3.822330975993542435, -8.261405101920329841, 8.096525524009805963 ) ) ;
#2831 = LINE ( 'NONE', #3224, #3035 ) ;
#2832 = ORIENTED_EDGE ( 'NONE', *, *, #2784, .T. ) ;
#2833 = ORIENTED_EDGE ( 'NONE', *, *, #3440, .T. ) ;
#2834 = CARTESIAN_POINT ( 'NONE',  ( 0.000000000000000000, -6.023600000000001842, -4.141517772942822972 ) ) ;
#2835 = CARTESIAN_POINT ( 'NONE',  ( -3.434249441470168307, -8.319864434146833077, 8.500544858034576379 ) ) ;
#2836 = DIRECTION ( 'NONE',  ( 0.000000000000000000, 0.000000000000000000, 1.000000000000000000 ) ) ;
#2837 = CARTESIAN_POINT ( 'NONE',  ( -2.886745992201706468, -5.320671423637075570, 8.620554902008958464 ) ) ;
#2838 = DIRECTION ( 'NONE',  ( 0.000000000000000000, 1.000000000000000000, 0.000000000000000000 ) ) ;
#2839 = VERTEX_POINT ( 'NONE', #1966 ) ;
#2840 = CARTESIAN_POINT ( 'NONE',  ( 3.455232477688308101, -6.049889342557713157, 8.678888410068742232 ) ) ;
#2841 = CARTESIAN_POINT ( 'NONE',  ( 2.053966067851885944E-16, -17.33419824958559374, -1.677190573871533363 ) ) ;
#2842 = DIRECTION ( 'NONE',  ( 0.000000000000000000, 0.000000000000000000, 1.000000000000000000 ) ) ;
#2843 = CARTESIAN_POINT ( 'NONE',  ( 0.6503202544897052073, -10.22360000000000291, 0.000000000000000000 ) ) ;
#2844 = ORIENTED_EDGE ( 'NONE', *, *, #1839, .F. ) ;
#2845 = CARTESIAN_POINT ( 'NONE',  ( -0.5275258529856587941, -20.61166130683674425, 0.5371712409689011203 ) ) ;
#2846 = CARTESIAN_POINT ( 'NONE',  ( 0.9666666666666663410, -19.48921168947786597, 4.562122364449822776 ) ) ;
#2847 = CARTESIAN_POINT ( 'NONE',  ( 3.441322251697409129, -6.669534130760420787, 8.684977197788525061 ) ) ;
#2848 = ORIENTED_EDGE ( 'NONE', *, *, #3425, .F. ) ;
#2849 = CARTESIAN_POINT ( 'NONE',  ( 0.1083824759169776664, -20.61166130683500342, -0.2308207939378634221 ) ) ;
#2850 = CARTESIAN_POINT ( 'NONE',  ( -2.863998674202214989, -5.223600000000002019, 8.362765606930942397 ) ) ;
#2851 = CARTESIAN_POINT ( 'NONE',  ( 3.558120572761463318, -8.215971543410713451, 8.319674591127522945 ) ) ;
#2852 = EDGE_CURVE ( 'NONE', #4485, #3984, #2161, .T. ) ;
#2853 = LINE ( 'NONE', #1139, #121 ) ;
#2854 = ORIENTED_EDGE ( 'NONE', *, *, #1222, .T. ) ;
#2855 = CARTESIAN_POINT ( 'NONE',  ( 0.1516302537899206493, -14.69698022651288838, 7.207576790917057608 ) ) ;
#2856 = ADVANCED_FACE ( 'NONE', ( #310 ), #1699, .F. ) ;
#2857 = CARTESIAN_POINT ( 'NONE',  ( -3.154521972957639253, -5.579949193250887340, 8.781789231613300828 ) ) ;
#2858 = CARTESIAN_POINT ( 'NONE',  ( 3.091523519583811552, -5.381270431406048438, 8.553744506597189101 ) ) ;
#2859 = B_SPLINE_CURVE_WITH_KNOTS ( 'NONE', 3,
 ( #3787, #2983, #51, #1750, #1299, #2585 ),
 .UNSPECIFIED., .F., .F.,
 ( 4, 2, 4 ),
 ( 4.336808689942017736E-19, 0.0001651450508328525268, 0.0003302901016657046199 ),
 .UNSPECIFIED. ) ;
#2860 = DIRECTION ( 'NONE',  ( 0.9998360171510116690, 0.01810908080499342918, 0.000000000000000000 ) ) ;
#2861 = CARTESIAN_POINT ( 'NONE',  ( -1.341022228587230030E-14, -22.94198926555779039, 0.9276379657099756981 ) ) ;
#2862 = ORIENTED_EDGE ( 'NONE', *, *, #2026, .F. ) ;
#2863 = CARTESIAN_POINT ( 'NONE',  ( 0.9075883152340243898, -19.33754378532495721, 2.934814467912810976 ) ) ;
#2864 = DIRECTION ( 'NONE',  ( 0.000000000000000000, 1.000000000000000000, 0.000000000000000000 ) ) ;
#2865 = CARTESIAN_POINT ( 'NONE',  ( 3.109826426850084147, -6.023600000000001842, -0.6553176674528524703 ) ) ;
#2866 = DIRECTION ( 'NONE',  ( -0.9972455493786916980, 0.000000000000000000, -0.07417084497557847877 ) ) ;
#2867 = ORIENTED_EDGE ( 'NONE', *, *, #4697, .F. ) ;
#2868 = CARTESIAN_POINT ( 'NONE',  ( -0.6671151808345170409, -20.59600754862579564, 0.1649429704031264432 ) ) ;
#2869 = CIRCLE ( 'NONE', #1667, 12.95327247724426023 ) ;
#2870 = ADVANCED_FACE ( 'NONE', ( #284 ), #3928, .T. ) ;
#2871 = CARTESIAN_POINT ( 'NONE',  ( 5.143516556418555304E-17, -26.61166130683501052, 0.4199999999999602940 ) ) ;
#2872 = B_SPLINE_CURVE_WITH_KNOTS ( 'NONE', 3,
 ( #3455, #1473, #1037, #3101, #3832, #125, #4755, #4674 ),
 .UNSPECIFIED., .F., .F.,
 ( 4, 2, 2, 4 ),
 ( 0.000000000000000000, 0.0003520601672402354004, 0.0007041203344804708008, 0.001408240668960942469 ),
 .UNSPECIFIED. ) ;
#2873 = CARTESIAN_POINT ( 'NONE',  ( -3.438827504253632039, -7.912858586647852910, 8.500000000000000000 ) ) ;
#2874 = VERTEX_POINT ( 'NONE', #3941 ) ;
#2875 = DIRECTION ( 'NONE',  ( 0.9999952515883353543, 0.000000000000000000, 0.003081687976090580813 ) ) ;
#2876 = CIRCLE ( 'NONE', #1071, 1.677190573871533363 ) ;
#2877 = CARTESIAN_POINT ( 'NONE',  ( 3.282440798653826874, -5.883275425532503711, -0.6464663775944399227 ) ) ;
#2878 = CARTESIAN_POINT ( 'NONE',  ( 3.092133040795992382, -5.381399587642034632, 8.553396964849094175 ) ) ;
#2879 = EDGE_LOOP ( 'NONE', ( #987, #1832, #5202, #3276 ) ) ;
#2880 = CARTESIAN_POINT ( 'NONE',  ( 0.07952583134292616485, -18.45609529949605587, 4.097219988958008763 ) ) ;
#2881 = CARTESIAN_POINT ( 'NONE',  ( -2.511405769509714163E-16, -21.62119274992385343, 1.701940561676998698 ) ) ;
#2882 = CARTESIAN_POINT ( 'NONE',  ( -4.152103377600910861, -5.223600000000013566, 11.46161299477983597 ) ) ;
#2883 = CARTESIAN_POINT ( 'NONE',  ( 1.005243570609240411, -21.48065950250252953, 0.5566024407023035803 ) ) ;
#2884 = CYLINDRICAL_SURFACE ( 'NONE', #1097, 1.792363797108476042 ) ;
#2885 = CARTESIAN_POINT ( 'NONE',  ( -0.3807763984704773952, -22.84670663170536287, 0.8654000290242968019 ) ) ;
#2886 = ORIENTED_EDGE ( 'NONE', *, *, #978, .T. ) ;
#2887 = CARTESIAN_POINT ( 'NONE',  ( 0.9542334273696034819, -20.25452329085830527, 1.921376486608881384 ) ) ;
#2888 = EDGE_CURVE ( 'NONE', #3757, #4275, #2131, .T. ) ;
#2889 = DIRECTION ( 'NONE',  ( 0.4949183714867591566, 0.8613943639229734162, 0.1142609091799560023 ) ) ;
#2890 = CARTESIAN_POINT ( 'NONE',  ( 4.141475116239217158, -10.95531734600901608, 11.37860936510217513 ) ) ;
#2891 = ADVANCED_FACE ( 'NONE', ( #710 ), #2730, .F. ) ;
#2892 = CARTESIAN_POINT ( 'NONE',  ( -2.754752428371966211, -5.223600000000002019, 8.443349976651786548 ) ) ;
#2893 = EDGE_LOOP ( 'NONE', ( #2854, #2734, #1974, #1155 ) ) ;
#2894 = CARTESIAN_POINT ( 'NONE',  ( -0.8645436096392417058, -19.59870336465406382, 2.494478357594100970 ) ) ;
#2895 =( BOUNDED_SURFACE ( )  B_SPLINE_SURFACE ( 3, 2, ( 
 ( #1337, #1762, #1734 ),
 ( #115, #4155, #2093 ),
 ( #493, #38, #3422 ),
 ( #517, #3020, #2541 ),
 ( #870, #4974, #141 ),
 ( #4181, #1309, #2915 ),
 ( #4641, #4666, #2144 ),
 ( #975, #2115, #3719 ),
 ( #2569, #3746, #4208 ),
 ( #3365, #2621, #65 ),
 ( #2939, #3774, #1711 ),
 ( #2595, #91, #5022 ) ),
 .UNSPECIFIED., .F., .F., .T. ) 
 B_SPLINE_SURFACE_WITH_KNOTS ( ( 4, 2, 2, 2, 2, 4 ),
 ( 3, 3 ),
 ( -1.503788413237394650E-16, 0.0004158717872240526585, 0.0008317435744482556959, 0.001663487148896661662, 0.002495230723345067628, 0.003326974297793473812 ),
 ( 0.000000000000000000, 1.000000000000000000 ),
 .UNSPECIFIED. ) 
 GEOMETRIC_REPRESENTATION_ITEM ( )  RATIONAL_B_SPLINE_SURFACE ( (
 ( 1.000000000000000000, 0.6614944293721282120, 1.000000000000000000),
 ( 1.000000000000000000, 0.6708799258660427256, 1.000000000000000000),
 ( 1.000000000000000000, 0.6863330081445689901, 1.000000000000000000),
 ( 1.000000000000000000, 0.7250498712028065063, 1.000000000000000000),
 ( 1.000000000000000000, 0.7482657859424789448, 1.000000000000000000),
 ( 1.000000000000000000, 0.8179043778648317220, 1.000000000000000000),
 ( 1.000000000000000000, 0.8632061816658880282, 1.000000000000000000),
 ( 1.000000000000000000, 0.9326747366069778611, 1.000000000000000000),
 ( 1.000000000000000000, 0.9581726639251637589, 1.000000000000000000),
 ( 1.000000000000000000, 0.9917903417482403228, 1.000000000000000000),
 ( 1.000000000000000000, 0.9999628452170745696, 1.000000000000000000),
 ( 1.000000000000000000, 1.000000000000000000, 1.000000000000000000) ) ) 
 REPRESENTATION_ITEM ( '' )  SURFACE ( )  );
#2896 = AXIS2_PLACEMENT_3D ( 'NONE', #4775, #268, #2751 ) ;
#2897 = CARTESIAN_POINT ( 'NONE',  ( -1.197946294571315295, -18.95724499560227727, 6.246296725783669679 ) ) ;
#2898 = DIRECTION ( 'NONE',  ( -0.000000000000000000, -1.000000000000000000, -0.000000000000000000 ) ) ;
#2899 = ORIENTED_EDGE ( 'NONE', *, *, #97, .F. ) ;
#2900 = CARTESIAN_POINT ( 'NONE',  ( -10.94999999999999929, -7.923600000000001309, 2.234732007287768768E-15 ) ) ;
#2901 = AXIS2_PLACEMENT_3D ( 'NONE', #2378, #4446, #5184 ) ;
#2902 = DIRECTION ( 'NONE',  ( -1.224646799147353207E-16, 0.000000000000000000, -1.000000000000000000 ) ) ;
#2903 = CARTESIAN_POINT ( 'NONE',  ( 0.9452402202459784242, -20.06375727775913020, 2.162924130813689949 ) ) ;
#2904 = CARTESIAN_POINT ( 'NONE',  ( -6.776263578034402713E-18, -6.023600000000001842, 9.635293592964444542 ) ) ;
#2905 = CARTESIAN_POINT ( 'NONE',  ( 3.729654194219113261, -6.054859682647542485, 8.499999999999998224 ) ) ;
#2906 = CARTESIAN_POINT ( 'NONE',  ( -0.6061993065975066486, -21.62849583437300183, 1.427622467800101935 ) ) ;
#2907 = CIRCLE ( 'NONE', #232, 0.9999999999999996669 ) ;
#2908 = CARTESIAN_POINT ( 'NONE',  ( -4.126345861057617803, -5.223599999999954058, 11.32140295958407350 ) ) ;
#2909 = CARTESIAN_POINT ( 'NONE',  ( -0.2089515309237634788, -22.91423260966616837, 0.9092019441277751080 ) ) ;
#2910 = CARTESIAN_POINT ( 'NONE',  ( -3.455232477688288562, -6.049889342557712268, 8.678888410068742232 ) ) ;
#2911 = CARTESIAN_POINT ( 'NONE',  ( -1.064514354359100912, -21.56000361117848030, 0.3464209598423906300 ) ) ;
#2912 = ORIENTED_EDGE ( 'NONE', *, *, #5302, .F. ) ;
#2913 = CARTESIAN_POINT ( 'NONE',  ( 3.407042176155797630, -5.223600000000002019, 12.53866982570820454 ) ) ;
#2914 = CARTESIAN_POINT ( 'NONE',  ( -0.1075961245652746062, -20.28598042926052614, 0.8668909406225985270 ) ) ;
#2915 = CARTESIAN_POINT ( 'NONE',  ( -0.6324922298120684294, -20.33196324345001571, 1.054994916949362427 ) ) ;
#2916 = EDGE_CURVE ( 'NONE', #218, #4777, #3369, .T. ) ;
#2917 = LINE ( 'NONE', #4562, #3835 ) ;
#2918 = ORIENTED_EDGE ( 'NONE', *, *, #5263, .T. ) ;
#2919 = CARTESIAN_POINT ( 'NONE',  ( -0.9110505511192850125, -19.31981509854699652, 2.966397126436531639 ) ) ;
#2920 = EDGE_CURVE ( 'NONE', #707, #1068, #5055, .T. ) ;
#2921 = DIRECTION ( 'NONE',  ( 0.000000000000000000, 0.000000000000000000, 1.000000000000000000 ) ) ;
#2922 = CARTESIAN_POINT ( 'NONE',  ( 0.000000000000000000, -17.33419824958559374, 0.000000000000000000 ) ) ;
#2923 = ORIENTED_EDGE ( 'NONE', *, *, #420, .F. ) ;
#2924 = CARTESIAN_POINT ( 'NONE',  ( 3.140980952132922166, -5.519899146919224897, 9.143205802386159320 ) ) ;
#2925 =( BOUNDED_SURFACE ( )  B_SPLINE_SURFACE ( 3, 2, ( 
 ( #1529, #4865, #4053 ),
 ( #2015, #3647, #4484 ),
 ( #797, #250, #1901 ),
 ( #2094, #820, #66 ) ),
 .UNSPECIFIED., .F., .F., .T. ) 
 B_SPLINE_SURFACE_WITH_KNOTS ( ( 4, 4 ),
 ( 3, 3 ),
 ( 0.000000000000000000, 4.286021073563921142E-05 ),
 ( 0.000000000000000000, 0.5222272991042473667 ),
 .UNSPECIFIED. ) 
 GEOMETRIC_REPRESENTATION_ITEM ( )  RATIONAL_B_SPLINE_SURFACE ( (
 ( 1.000000000000000000, 0.8649276016222575691, 0.8709321908211978824),
 ( 1.000000000000000000, 0.8649276015647777704, 0.8709321907662732620),
 ( 1.000000000000000000, 0.8649262454941637479, 0.8709308949792335941),
 ( 1.000000000000000000, 0.8649235329671787209, 0.8709283030365457812) ) ) 
 REPRESENTATION_ITEM ( '' )  SURFACE ( )  );
#2926 = CARTESIAN_POINT ( 'NONE',  ( 3.376716816992471504, -7.909906745743267464, 8.717557192676267164 ) ) ;
#2927 = DIRECTION ( 'NONE',  ( 0.000000000000000000, 0.000000000000000000, 1.000000000000000000 ) ) ;
#2928 = VERTEX_POINT ( 'NONE', #248 ) ;
#2929 = CARTESIAN_POINT ( 'NONE',  ( -3.084422888646708216, -6.023600000000001842, 0.6707263797299346519 ) ) ;
#2930 = CARTESIAN_POINT ( 'NONE',  ( -3.323088510988932764, -5.746732743084675299, 8.729632669410738899 ) ) ;
#2931 = CARTESIAN_POINT ( 'NONE',  ( -3.331828467897135049, -5.223600000000002019, 11.49316733375388289 ) ) ;
#2932 = CARTESIAN_POINT ( 'NONE',  ( 0.07528684371479725523, -22.12125296281616116, 1.041382026498762992 ) ) ;
#2933 = CARTESIAN_POINT ( 'NONE',  ( -2.532024950698499310, -5.231143685611853833, 8.697928569475482874 ) ) ;
#2934 = DIRECTION ( 'NONE',  ( 2.040851148208007998E-16, 0.000000000000000000, 1.000000000000000000 ) ) ;
#2935 = ORIENTED_EDGE ( 'NONE', *, *, #309, .F. ) ;
#2936 = CARTESIAN_POINT ( 'NONE',  ( 0.6053194998761450840, -20.46085317086608413, 0.7150722298238353369 ) ) ;
#2937 = CARTESIAN_POINT ( 'NONE',  ( -0.2003231077495625789, -20.26578229544345788, 0.9197865029191258923 ) ) ;
#2938 = CIRCLE ( 'NONE', #75, 3.200333649538752212 ) ;
#2939 = CARTESIAN_POINT ( 'NONE',  ( -0.9194838323138107006, -19.52909475445680343, 2.738981426820381593 ) ) ;
#2940 = VECTOR ( 'NONE', #1887, 999.9999999999998863 ) ;
#2941 = CARTESIAN_POINT ( 'NONE',  ( -11.25000000000000000, -8.099335931288072388, 8.500000000000000000 ) ) ;
#2942 = ORIENTED_EDGE ( 'NONE', *, *, #29, .F. ) ;
#2943 = DIRECTION ( 'NONE',  ( 0.000000000000000000, 0.000000000000000000, -1.000000000000000000 ) ) ;
#2944 = ORIENTED_EDGE ( 'NONE', *, *, #3972, .F. ) ;
#2945 = EDGE_CURVE ( 'NONE', #658, #3594, #4707, .T. ) ;
#2946 = CARTESIAN_POINT ( 'NONE',  ( 2.351595843561906651, -5.223600000000002019, 8.800000000000000711 ) ) ;
#2947 = ADVANCED_FACE ( 'NONE', ( #1446 ), #3495, .F. ) ;
#2948 = CARTESIAN_POINT ( 'NONE',  ( -3.281359912382887600, -6.015313312812219593, -0.6305210305893891309 ) ) ;
#2949 = B_SPLINE_CURVE_WITH_KNOTS ( 'NONE', 3,
 ( #1424, #225, #1798, #201, #556, #3945, #5171, #4244, #4703, #1017, #3888, #1849 ),
 .UNSPECIFIED., .F., .F.,
 ( 4, 2, 2, 2, 2, 4 ),
 ( 0.002966507810110736477, 0.003267120083631432602, 0.003567732357152129160, 0.004168956904193521842, 0.004770181451234914959, 0.005371405998276308075 ),
 .UNSPECIFIED. ) ;
#2950 = ORIENTED_EDGE ( 'NONE', *, *, #2137, .F. ) ;
#2951 = CARTESIAN_POINT ( 'NONE',  ( 2.989705224932394767, -5.436378460510306709, 8.461331572639947396 ) ) ;
#2952 = ADVANCED_FACE ( 'NONE', ( #5166 ), #655, .F. ) ;
#2953 = DIRECTION ( 'NONE',  ( 0.9743700647852359120, 0.000000000000000000, -0.2249510543438620613 ) ) ;
#2954 = EDGE_CURVE ( 'NONE', #1646, #3378, #2731, .T. ) ;
#2955 = EDGE_CURVE ( 'NONE', #3354, #2874, #578, .T. ) ;
#2956 = CARTESIAN_POINT ( 'NONE',  ( 0.9761396706451518357, -20.70761886522701190, 1.326481198842530240 ) ) ;
#2957 = LINE ( 'NONE', #2128, #2291 ) ;
#2958 = CARTESIAN_POINT ( 'NONE',  ( 2.195012587036492077E-16, -15.75391013364006731, -1.792363797108476708 ) ) ;
#2959 = FACE_OUTER_BOUND ( 'NONE', #495, .T. ) ;
#2960 = CARTESIAN_POINT ( 'NONE',  ( -0.7337647626113358301, -21.63779645420898490, 1.253299184292359758 ) ) ;
#2961 = CARTESIAN_POINT ( 'NONE',  ( -3.037360605857253759, -5.535695964827192839, 8.769609212506864537 ) ) ;
#2962 = CARTESIAN_POINT ( 'NONE',  ( -2.754752428372471584, -5.223600000000002019, 8.443349976652472222 ) ) ;
#2963 = EDGE_LOOP ( 'NONE', ( #540, #1741, #486, #321 ) ) ;
#2964 = CARTESIAN_POINT ( 'NONE',  ( 3.213588955051026375, -5.223600000000002019, 11.72168009733019822 ) ) ;
#2965 = DIRECTION ( 'NONE',  ( 0.000000000000000000, 0.000000000000000000, 1.000000000000000000 ) ) ;
#2966 = ADVANCED_FACE ( 'NONE', ( #2701 ), #1497, .F. ) ;
#2967 = CARTESIAN_POINT ( 'NONE',  ( 11.25000000000000000, -5.523600000000001842, -4.133182947122316772E-15 ) ) ;
#2968 = CARTESIAN_POINT ( 'NONE',  ( -3.885678842741178141, -8.484223924204131961, 8.045130812015544919 ) ) ;
#2969 = VERTEX_POINT ( 'NONE', #4780 ) ;
#2970 = ORIENTED_EDGE ( 'NONE', *, *, #1831, .F. ) ;
#2971 = CARTESIAN_POINT ( 'NONE',  ( 3.286877660718788619, -5.223600000000002019, 11.67662207178116773 ) ) ;
#2972 = B_SPLINE_CURVE_WITH_KNOTS ( 'NONE', 3,
 ( #4729, #3913, #3859, #2178, #604, #3429 ),
 .UNSPECIFIED., .F., .F.,
 ( 4, 2, 4 ),
 ( 0.000000000000000000, 0.004597781379350304211, 0.009195562758700608422 ),
 .UNSPECIFIED. ) ;
#2973 = CARTESIAN_POINT ( 'NONE',  ( 3.457428635751047086, -6.023600000000002730, 8.674486152949452133 ) ) ;
#2974 = APPLICATION_CONTEXT ( 'automotive_design' ) ;
#2975 = CARTESIAN_POINT ( 'NONE',  ( 1.178339602527381347, -20.27143935881019843, 0.5449582783414618214 ) ) ;
#2976 = DIRECTION ( 'NONE',  ( 0.000000000000000000, 0.000000000000000000, -1.000000000000000000 ) ) ;
#2977 = ORIENTED_EDGE ( 'NONE', *, *, #1448, .F. ) ;
#2978 = CARTESIAN_POINT ( 'NONE',  ( 3.145243649001304487, -5.530749174301556437, 8.532169163294293313 ) ) ;
#2979 = AXIS2_PLACEMENT_3D ( 'NONE', #2724, #1146, #2778 ) ;
#2980 = CARTESIAN_POINT ( 'NONE',  ( 3.279444899995889173, -5.998740736633151549, -0.6430895729361546520 ) ) ;
#2981 = CARTESIAN_POINT ( 'NONE',  ( 0.000000000000000000, -10.22360000000000291, 0.000000000000000000 ) ) ;
#2982 = EDGE_CURVE ( 'NONE', #707, #767, #676, .T. ) ;
#2983 = CARTESIAN_POINT ( 'NONE',  ( -3.240752534748795988, -5.223600000000002908, 11.71429925266489569 ) ) ;
#2984 = AXIS2_PLACEMENT_3D ( 'NONE', #3421, #2246, #3041 ) ;
#2985 = CARTESIAN_POINT ( 'NONE',  ( 3.371515143606008014, -5.804469896369962356, 8.712937192926119678 ) ) ;
#2986 = CIRCLE ( 'NONE', #3412, 1.171355532172413394 ) ;
#2987 = CARTESIAN_POINT ( 'NONE',  ( -3.324729392075660428, -5.223600000000002019, 11.60346161990738523 ) ) ;
#2988 = CARTESIAN_POINT ( 'NONE',  ( -1.035514131062341692, -21.70957625500972910, 0.3657959100002724506 ) ) ;
#2989 = CARTESIAN_POINT ( 'NONE',  ( 4.031538720070643400, -8.495069735944456468, 7.972297359253039950 ) ) ;
#2990 = CARTESIAN_POINT ( 'NONE',  ( -0.6504490415756749577, -6.007024849639883257, -3.277730590084354301 ) ) ;
#2991 = VERTEX_POINT ( 'NONE', #735 ) ;
#2992 = DIRECTION ( 'NONE',  ( -0.000000000000000000, -1.000000000000000000, -0.000000000000000000 ) ) ;
#2993 = AXIS2_PLACEMENT_3D ( 'NONE', #4197, #3034, #3867 ) ;
#2994 = CYLINDRICAL_SURFACE ( 'NONE', #1191, 0.8000000000000000444 ) ;
#2995 = DIRECTION ( 'NONE',  ( 0.000000000000000000, 0.000000000000000000, -1.000000000000000000 ) ) ;
#2996 = CARTESIAN_POINT ( 'NONE',  ( 3.151659253117893300, -10.01482497740996891, 0.6453228415265582774 ) ) ;
#2997 = ORIENTED_EDGE ( 'NONE', *, *, #253, .F. ) ;
#2998 = DIRECTION ( 'NONE',  ( 0.008183691381810480683, 0.9997136960789194671, 0.02248450727930976015 ) ) ;
#2999 = CARTESIAN_POINT ( 'NONE',  ( 0.000000000000000000, -17.33419824958559374, 1.677190573871533363 ) ) ;
#3000 = VERTEX_POINT ( 'NONE', #2328 ) ;
#3001 = PRODUCT_DEFINITION_CONTEXT ( 'detailed design', #5293, 'design' ) ;
#3002 = CARTESIAN_POINT ( 'NONE',  ( -1.739576869458931354E-17, -21.11166130683500697, -0.6760719760785030008 ) ) ;
#3003 = EDGE_CURVE ( 'NONE', #4335, #3783, #3883, .T. ) ;
#3004 = DIRECTION ( 'NONE',  ( -0.000000000000000000, -1.000000000000000000, 0.000000000000000000 ) ) ;
#3005 = ORIENTED_EDGE ( 'NONE', *, *, #732, .F. ) ;
#3006 = CARTESIAN_POINT ( 'NONE',  ( -2.301552743661698930, -15.38769785978293747, 9.513411649331402486 ) ) ;
#3007 = FILL_AREA_STYLE_COLOUR ( '', #2683 ) ;
#3008 = DIRECTION ( 'NONE',  ( 0.000000000000000000, 0.5078128394489993536, 0.8614674225359567616 ) ) ;
#3009 = ORIENTED_EDGE ( 'NONE', *, *, #2240, .T. ) ;
#3010 = CARTESIAN_POINT ( 'NONE',  ( 3.323567955300333665, -5.747250531405455831, 8.729477532012563046 ) ) ;
#3011 = PRODUCT_CONTEXT ( 'NONE', #2974, 'mechanical' ) ;
#3012 = CARTESIAN_POINT ( 'NONE',  ( 0.000000000000000000, -10.22360000000000291, 0.000000000000000000 ) ) ;
#3013 = CARTESIAN_POINT ( 'NONE',  ( -0.9853127315660673569, -21.62980238394062127, 0.5408962797768649411 ) ) ;
#3014 = EDGE_CURVE ( 'NONE', #2874, #1594, #1361, .T. ) ;
#3015 = CARTESIAN_POINT ( 'NONE',  ( -3.319114182707259886, -5.690829604569944244, 8.610458964122047476 ) ) ;
#3016 = CARTESIAN_POINT ( 'NONE',  ( 0.000000000000000000, -12.20178778921884266, 0.000000000000000000 ) ) ;
#3017 = ORIENTED_EDGE ( 'NONE', *, *, #1708, .T. ) ;
#3018 = CARTESIAN_POINT ( 'NONE',  ( 2.039668118422888199, -18.34921325263333713, 6.167852806550925493 ) ) ;
#3019 = CARTESIAN_POINT ( 'NONE',  ( 1.262148612335598719, -20.62272113317887801, -0.01139584450451358241 ) ) ;
#3020 = CARTESIAN_POINT ( 'NONE',  ( -1.068952161178740257, -20.55333653510003700, 0.6769391656012891945 ) ) ;
#3021 = CARTESIAN_POINT ( 'NONE',  ( -3.340520535407730751, -15.77501763709440752, 6.641740477433404344 ) ) ;
#3022 = VERTEX_POINT ( 'NONE', #2697 ) ;
#3023 = DIRECTION ( 'NONE',  ( 0.000000000000000000, 0.000000000000000000, -1.000000000000000000 ) ) ;
#3024 = AXIS2_PLACEMENT_3D ( 'NONE', #4651, #584, #2705 ) ;
#3025 = DIRECTION ( 'NONE',  ( 0.000000000000000000, 1.000000000000000000, 0.000000000000000000 ) ) ;
#3026 = ORIENTED_EDGE ( 'NONE', *, *, #2433, .F. ) ;
#3027 = CARTESIAN_POINT ( 'NONE',  ( 2.857386396918429661, -5.365809237181975888, 8.858397526552924006 ) ) ;
#3028 = DIRECTION ( 'NONE',  ( -0.3080669035911705045, -0.1241639774311601579, -0.9432274856153328724 ) ) ;
#3029 = ORIENTED_EDGE ( 'NONE', *, *, #2561, .F. ) ;
#3030 = CARTESIAN_POINT ( 'NONE',  ( 2.351595843561888444, -5.223600000000002019, 8.800000000000002487 ) ) ;
#3031 = CARTESIAN_POINT ( 'NONE',  ( -1.011306254070150734, -20.97977963851949568, 0.8708333465863835610 ) ) ;
#3032 = DIRECTION ( 'NONE',  ( 2.664535259100375303E-15, 0.000000000000000000, -1.000000000000000000 ) ) ;
#3033 = ORIENTED_EDGE ( 'NONE', *, *, #5217, .F. ) ;
#3034 = DIRECTION ( 'NONE',  ( 0.000000000000000000, 1.000000000000000000, 0.000000000000000000 ) ) ;
#3035 = VECTOR ( 'NONE', #4040, 999.9999999999998863 ) ;
#3036 = DIRECTION ( 'NONE',  ( -0.000000000000000000, -1.000000000000000000, -0.000000000000000000 ) ) ;
#3037 = DIRECTION ( 'NONE',  ( -2.040851148208007998E-16, 0.000000000000000000, -1.000000000000000000 ) ) ;
#3038 = CARTESIAN_POINT ( 'NONE',  ( 3.885678842741287831, -8.484223924201522493, 8.045130812015766963 ) ) ;
#3039 = VERTEX_POINT ( 'NONE', #2752 ) ;
#3040 = DIRECTION ( 'NONE',  ( -0.8393880683067304060, 0.5078128394489994646, -0.1937880049823528517 ) ) ;
#3041 = DIRECTION ( 'NONE',  ( 0.000000000000000000, 0.000000000000000000, -1.000000000000000000 ) ) ;
#3042 = DIRECTION ( 'NONE',  ( -0.000000000000000000, -1.000000000000000000, -0.000000000000000000 ) ) ;
#3043 = CARTESIAN_POINT ( 'NONE',  ( -2.261965110934745837, -17.65459936992087719, 6.850306194234640600 ) ) ;
#3044 = EDGE_CURVE ( 'NONE', #1082, #2225, #4031, .T. ) ;
#3045 = ORIENTED_EDGE ( 'NONE', *, *, #614, .F. ) ;
#3046 = CARTESIAN_POINT ( 'NONE',  ( -4.437931705298020724, -6.609803204802167542, 12.19311714938911173 ) ) ;
#3047 = CARTESIAN_POINT ( 'NONE',  ( -0.8460184241495967150, -5.489890751852491313, -3.435039567725002296 ) ) ;
#3048 = EDGE_CURVE ( 'NONE', #3893, #3983, #2986, .T. ) ;
#3049 = CARTESIAN_POINT ( 'NONE',  ( 1.537795816087460743, -18.75226666024944322, 6.320741648151125602 ) ) ;
#3050 = DIRECTION ( 'NONE',  ( -1.000000000000000000, 0.000000000000000000, 2.040851148208007998E-16 ) ) ;
#3051 = CARTESIAN_POINT ( 'NONE',  ( 10.94999999999999929, -8.223600000000001131, -2.234732007287768374E-15 ) ) ;
#3052 = ORIENTED_EDGE ( 'NONE', *, *, #4499, .F. ) ;
#3053 = CARTESIAN_POINT ( 'NONE',  ( 3.628209166807355501, -5.669948018670272205, 8.499999999999996447 ) ) ;
#3054 = AXIS2_PLACEMENT_3D ( 'NONE', #2904, #3762, #1724 ) ;
#3055 = CARTESIAN_POINT ( 'NONE',  ( -0.9075883152340175064, -19.33754378532492169, 2.934814467912826963 ) ) ;
#3056 = CARTESIAN_POINT ( 'NONE',  ( 0.9748580042469841000, -21.53884950425359079, 0.7310905310569809634 ) ) ;
#3057 = ORIENTED_EDGE ( 'NONE', *, *, #2954, .T. ) ;
#3058 = CARTESIAN_POINT ( 'NONE',  ( 10.94999999999999929, -5.223600000000002019, 0.01776588295419893881 ) ) ;
#3059 = AXIS2_PLACEMENT_3D ( 'NONE', #2391, #1208, #1500 ) ;
#3060 = DIRECTION ( 'NONE',  ( 0.000000000000000000, 0.000000000000000000, -1.000000000000000000 ) ) ;
#3061 = CARTESIAN_POINT ( 'NONE',  ( -0.9913829119622388220, -21.28683353032836933, 0.9159656595013128122 ) ) ;
#3062 = ORIENTED_EDGE ( 'NONE', *, *, #518, .F. ) ;
#3063 = AXIS2_PLACEMENT_3D ( 'NONE', #2725, #2414, #4048 ) ;
#3064 = VERTEX_POINT ( 'NONE', #1983 ) ;
#3065 = CARTESIAN_POINT ( 'NONE',  ( 3.140247410748445045, -16.66210678937041223, 6.404262139523494213 ) ) ;
#3066 = CARTESIAN_POINT ( 'NONE',  ( -0.6503202544897052073, -6.023600000000001842, -3.277230785385315315 ) ) ;
#3067 = CIRCLE ( 'NONE', #580, 3.225122630638374233 ) ;
#3068 = CARTESIAN_POINT ( 'NONE',  ( -3.277500791984283346, -6.023600000000001842, 0.6489580977375978277 ) ) ;
#3069 = FACE_OUTER_BOUND ( 'NONE', #2609, .T. ) ;
#3070 = ORIENTED_EDGE ( 'NONE', *, *, #1452, .T. ) ;
#3071 = CARTESIAN_POINT ( 'NONE',  ( 1.260539116192597086E-16, -21.18017553209466897, -1.171355532172452474 ) ) ;
#3072 = LINE ( 'NONE', #2280, #662 ) ;
#3073 = CIRCLE ( 'NONE', #155, 3.225122630638373789 ) ;
#3074 = EDGE_CURVE ( 'NONE', #2225, #3984, #4019, .T. ) ;
#3075 = CARTESIAN_POINT ( 'NONE',  ( -4.166175256775544788, -8.223600000000001131, 8.219440995083624912 ) ) ;
#3076 = CARTESIAN_POINT ( 'NONE',  ( 0.9391351128714562346, -20.49242996907702974, 0.9951882010111203769 ) ) ;
#3077 = FACE_OUTER_BOUND ( 'NONE', #1226, .T. ) ;
#3078 = ORIENTED_EDGE ( 'NONE', *, *, #1452, .F. ) ;
#3079 = DIRECTION ( 'NONE',  ( 0.9743700647852359120, 0.000000000000000000, -0.2249510543438620613 ) ) ;
#3080 = CARTESIAN_POINT ( 'NONE',  ( 0.2985269715928118295, -20.61166130683503184, -0.2190366700437818837 ) ) ;
#3081 = VERTEX_POINT ( 'NONE', #3124 ) ;
#3082 = CARTESIAN_POINT ( 'NONE',  ( 3.205539739238179919, -5.587310785728831775, 0.7656021303956270785 ) ) ;
#3083 = VERTEX_POINT ( 'NONE', #3613 ) ;
#3084 = CARTESIAN_POINT ( 'NONE',  ( 0.000000000000000000, 0.000000000000000000, 0.000000000000000000 ) ) ;
#3085 = DIRECTION ( 'NONE',  ( -0.000000000000000000, -1.000000000000000000, -0.000000000000000000 ) ) ;
#3086 = CARTESIAN_POINT ( 'NONE',  ( 2.061112718998575399, -18.83527170434640041, 5.935890706604045164 ) ) ;
#3087 = VERTEX_POINT ( 'NONE', #2354 ) ;
#3088 = VERTEX_POINT ( 'NONE', #5267 ) ;
#3089 = CARTESIAN_POINT ( 'NONE',  ( 3.340554048383054919, -15.77471711651655717, 6.641825227721596114 ) ) ;
#3090 = CARTESIAN_POINT ( 'NONE',  ( 3.269168761734415618, -5.634853550329492755, 9.269060384238228423 ) ) ;
#3091 = EDGE_CURVE ( 'NONE', #4724, #4014, #3991, .T. ) ;
#3092 = CARTESIAN_POINT ( 'NONE',  ( -10.94999999999999929, -8.223600000000001131, 0.01776588295423203734 ) ) ;
#3093 = CARTESIAN_POINT ( 'NONE',  ( -2.135703133243704865, -18.16841490985524032, 6.215141271059526851 ) ) ;
#3094 = CARTESIAN_POINT ( 'NONE',  ( -11.24999999999999822, -5.523600000000001842, 8.500000000000000000 ) ) ;
#3095 = ORIENTED_EDGE ( 'NONE', *, *, #4908, .F. ) ;
#3096 = CARTESIAN_POINT ( 'NONE',  ( -3.091469507528481930, -10.92494749611073779, 11.66687865483650555 ) ) ;
#3097 = DIRECTION ( 'NONE',  ( -0.4422416481792078025, 0.000000000000000000, 0.8968959385657501171 ) ) ;
#3098 = B_SPLINE_CURVE_WITH_KNOTS ( 'NONE', 3,
 ( #208, #1049, #1855, #5179 ),
 .UNSPECIFIED., .F., .F.,
 ( 4, 4 ),
 ( 0.1241288673817293325, 1.000000000000000000 ),
 .UNSPECIFIED. ) ;
#3099 = DIRECTION ( 'NONE',  ( 0.8393880683067304060, 0.5078128394489994646, -0.1937880049823528239 ) ) ;
#3100 = CARTESIAN_POINT ( 'NONE',  ( 0.7493000755562095883, -22.48862949599087102, 0.6495223517335280139 ) ) ;
#3101 = CARTESIAN_POINT ( 'NONE',  ( -0.7477990780684816707, -5.585957703463451551, 3.200756186734134090 ) ) ;
#3102 = ORIENTED_EDGE ( 'NONE', *, *, #3752, .F. ) ;
#3103 = CARTESIAN_POINT ( 'NONE',  ( 2.707614782877912241, -5.272485090701803934, 8.841105207133821864 ) ) ;
#3104 = EDGE_CURVE ( 'NONE', #589, #5150, #663, .T. ) ;
#3105 = CARTESIAN_POINT ( 'NONE',  ( -1.109567248682958862, -21.16060833433346033, 0.3837745045681280609 ) ) ;
#3106 = CARTESIAN_POINT ( 'NONE',  ( 3.278481061214292502, -6.015313343010067371, 0.6453228415265582774 ) ) ;
#3107 = AXIS2_PLACEMENT_3D ( 'NONE', #5006, #3707, #2155 ) ;
#3108 = PLANE ( 'NONE',  #1528 ) ;
#3109 = ORIENTED_EDGE ( 'NONE', *, *, #4540, .T. ) ;
#3110 = EDGE_CURVE ( 'NONE', #4304, #4615, #492, .T. ) ;
#3111 = CARTESIAN_POINT ( 'NONE',  ( 8.673617379884035472E-16, -5.523600000000001842, 1.328125000000000222 ) ) ;
#3112 = ADVANCED_FACE ( 'NONE', ( #4859 ), #4451, .F. ) ;
#3113 = EDGE_CURVE ( 'NONE', #2969, #5249, #3674, .T. ) ;
#3114 = DIRECTION ( 'NONE',  ( 0.000000000000000000, 0.000000000000000000, -1.000000000000000000 ) ) ;
#3115 = B_SPLINE_CURVE_WITH_KNOTS ( 'NONE', 3,
 ( #2786, #1098, #5274, #2733 ),
 .UNSPECIFIED., .F., .F.,
 ( 4, 4 ),
 ( 0.07036671463024045392, 1.000000000000000000 ),
 .UNSPECIFIED. ) ;
#3116 = CARTESIAN_POINT ( 'NONE',  ( -0.9372360316075027953, -19.70730734743204593, 2.576444250912495626 ) ) ;
#3117 = ORIENTED_EDGE ( 'NONE', *, *, #2982, .F. ) ;
#3118 = ORIENTED_EDGE ( 'NONE', *, *, #5232, .T. ) ;
#3119 = CARTESIAN_POINT ( 'NONE',  ( 0.2405800382647002578, -20.83844312179375535, 0.000000000000000000 ) ) ;
#3120 = CARTESIAN_POINT ( 'NONE',  ( -3.578921122117303621, -8.433517202638924459, 8.274855620656198951 ) ) ;
#3121 = CARTESIAN_POINT ( 'NONE',  ( -11.25000000000000000, -7.923600000000001309, 0.000000000000000000 ) ) ;
#3122 = B_SPLINE_CURVE_WITH_KNOTS ( 'NONE', 3,
 ( #559, #3840, #1454, #228, #1800, #2708, #2367, #690 ),
 .UNSPECIFIED., .F., .F.,
 ( 4, 2, 2, 4 ),
 ( 0.000000000000000000, 0.0003500683841490148814, 0.0007001367682980297628, 0.001400273536596058008 ),
 .UNSPECIFIED. ) ;
#3123 = DIRECTION ( 'NONE',  ( -1.000000000000000000, 0.000000000000000000, -0.000000000000000000 ) ) ;
#3124 = CARTESIAN_POINT ( 'NONE',  ( 1.109567248683052343, -21.16060833433256505, 0.3837745045682401379 ) ) ;
#3125 = ORIENTED_EDGE ( 'NONE', *, *, #4871, .F. ) ;
#3126 = CARTESIAN_POINT ( 'NONE',  ( -3.455561915871548262, -6.023600000000001842, 8.678681889892994050 ) ) ;
#3127 = CARTESIAN_POINT ( 'NONE',  ( -1.260257801829993918, -5.223600000000000243, -3.747360420366198763 ) ) ;
#3128 = CIRCLE ( 'NONE', #1761, 4.141517772942822972 ) ;
#3129 = CARTESIAN_POINT ( 'NONE',  ( 11.25000000000000000, -8.223600000000001131, -2.295957541734009343E-15 ) ) ;
#3130 = CARTESIAN_POINT ( 'NONE',  ( 0.9907372072798471541, -20.92627713415688362, 1.282721689678965937 ) ) ;
#3131 = CARTESIAN_POINT ( 'NONE',  ( 3.660013088154906225, -7.974395303496251586, 8.499999999999998224 ) ) ;
#3132 = ORIENTED_EDGE ( 'NONE', *, *, #1041, .T. ) ;
#3133 = CARTESIAN_POINT ( 'NONE',  ( 0.3309320274886011215, -20.61166130683489328, -0.2104198485633104743 ) ) ;
#3134 = CARTESIAN_POINT ( 'NONE',  ( -0.9333333333333333481, -15.21026384782077656, 8.131487309271250297 ) ) ;
#3135 = CARTESIAN_POINT ( 'NONE',  ( -3.099675366871753499E-15, -5.223599999999998467, -25.31077016679313374 ) ) ;
#3136 = CARTESIAN_POINT ( 'NONE',  ( 4.122164221521346499E-16, -5.223600000000002019, -3.366002527742168571 ) ) ;
#3137 = VERTEX_POINT ( 'NONE', #3094 ) ;
#3138 = DIRECTION ( 'NONE',  ( 0.000000000000000000, 1.000000000000000000, -0.000000000000000000 ) ) ;
#3139 = CARTESIAN_POINT ( 'NONE',  ( 0.000000000000000000, -28.05532062337107746, -0.4199999999999990408 ) ) ;
#3140 = CARTESIAN_POINT ( 'NONE',  ( 3.278722758783505498, -6.023600000000001842, -0.6427558829850427147 ) ) ;
#3141 = ADVANCED_FACE ( 'NONE', ( #4342 ), #3934, .F. ) ;
#3142 = ADVANCED_FACE ( 'NONE', ( #1894 ), #5147, .F. ) ;
#3143 = CARTESIAN_POINT ( 'NONE',  ( -1.126372155204487191, -20.99534713270133679, 0.4053684366134781558 ) ) ;
#3144 = VERTEX_POINT ( 'NONE', #1599 ) ;
#3145 = ORIENTED_EDGE ( 'NONE', *, *, #4240, .T. ) ;
#3146 = CARTESIAN_POINT ( 'NONE',  ( 0.000000000000000000, -18.45460168286246372, 4.096547861472892293 ) ) ;
#3147 = DIRECTION ( 'NONE',  ( 0.000000000000000000, 1.000000000000000000, -0.000000000000000000 ) ) ;
#3148 = VECTOR ( 'NONE', #2205, 1000.000000000000000 ) ;
#3149 = AXIS2_PLACEMENT_3D ( 'NONE', #4723, #1031, #2670 ) ;
#3150 = FACE_OUTER_BOUND ( 'NONE', #1232, .T. ) ;
#3151 = DIRECTION ( 'NONE',  ( 0.000000000000000000, 0.000000000000000000, 1.000000000000000000 ) ) ;
#3152 = CARTESIAN_POINT ( 'NONE',  ( -3.729937417985099035, -6.023600000000001842, 8.500000000000000000 ) ) ;
#3153 = ORIENTED_EDGE ( 'NONE', *, *, #4705, .T. ) ;
#3154 = CARTESIAN_POINT ( 'NONE',  ( 2.170669854362770490, -12.20178778921884266, -0.5011386228075154214 ) ) ;
#3155 = AXIS2_PLACEMENT_3D ( 'NONE', #3339, #2864, #2965 ) ;
#3156 = CARTESIAN_POINT ( 'NONE',  ( 2.539469644080846855, -14.34119539946380328, 10.16149120387342819 ) ) ;
#3157 = CARTESIAN_POINT ( 'NONE',  ( 0.5387606874333414897, -22.73049399649628910, 0.7924422698048078084 ) ) ;
#3158 = CARTESIAN_POINT ( 'NONE',  ( 3.711789428019167225, -8.143812658617324729, 8.406889630471029662 ) ) ;
#3159 = EDGE_LOOP ( 'NONE', ( #4471, #525, #2278, #4716 ) ) ;
#3160 = CARTESIAN_POINT ( 'NONE',  ( -1.271130450511357646, -20.61166130683385589, 1.744068660988194797 ) ) ;
#3161 = EDGE_CURVE ( 'NONE', #3081, #393, #4772, .T. ) ;
#3162 = CARTESIAN_POINT ( 'NONE',  ( 0.8999999999999996891, -10.22360000000000291, 9.237914785819810959 ) ) ;
#3163 = CARTESIAN_POINT ( 'NONE',  ( -3.411844552346114057, -7.289060596769989075, 8.697910190510969031 ) ) ;
#3164 = FACE_OUTER_BOUND ( 'NONE', #591, .T. ) ;
#3165 = ORIENTED_EDGE ( 'NONE', *, *, #4463, .T. ) ;
#3166 = CARTESIAN_POINT ( 'NONE',  ( 3.881135316806522795, -5.223600000000002019, 1.445322841526558211 ) ) ;
#3167 = B_SPLINE_CURVE_WITH_KNOTS ( 'NONE', 3,
 ( #1200, #2005, #353, #4856 ),
 .UNSPECIFIED., .F., .F.,
 ( 4, 4 ),
 ( 0.000000000000000000, 0.001869870257319261424 ),
 .UNSPECIFIED. ) ;
#3168 = CARTESIAN_POINT ( 'NONE',  ( 3.737209781395436803, -8.163455360732967847, 8.384090300501831905 ) ) ;
#3169 = CARTESIAN_POINT ( 'NONE',  ( -10.94999999999999751, -5.223600000000002019, 8.200000000000001066 ) ) ;
#3170 = VERTEX_POINT ( 'NONE', #3284 ) ;
#3171 = ORIENTED_EDGE ( 'NONE', *, *, #1610, .F. ) ;
#3172 = CARTESIAN_POINT ( 'NONE',  ( -0.02575603379641124360, -14.69295884451307543, 7.200338303317392885 ) ) ;
#3173 = CARTESIAN_POINT ( 'NONE',  ( -3.405670307170344024, -8.259737527850731453, 8.575994234879852129 ) ) ;
#3174 = EDGE_CURVE ( 'NONE', #5288, #1884, #34, .T. ) ;
#3175 = FACE_OUTER_BOUND ( 'NONE', #906, .T. ) ;
#3176 = EDGE_CURVE ( 'NONE', #4981, #194, #3715, .T. ) ;
#3177 = DIRECTION ( 'NONE',  ( -0.000000000000000000, -1.000000000000000000, -0.000000000000000000 ) ) ;
#3178 = DIRECTION ( 'NONE',  ( 0.000000000000000000, 1.000000000000000000, 0.000000000000000000 ) ) ;
#3179 = ORIENTED_EDGE ( 'NONE', *, *, #4714, .F. ) ;
#3180 = CARTESIAN_POINT ( 'NONE',  ( -1.678344529501563521E-17, -29.61166130683500697, -0.005000000000039229141 ) ) ;
#3181 = CARTESIAN_POINT ( 'NONE',  ( 3.370449695907000720, -9.141479197356845887, 9.260234432912080038 ) ) ;
#3182 = DIRECTION ( 'NONE',  ( 0.000000000000000000, 0.000000000000000000, 1.000000000000000000 ) ) ;
#3183 = EDGE_CURVE ( 'NONE', #618, #1594, #4072, .T. ) ;
#3184 = CARTESIAN_POINT ( 'NONE',  ( 0.6912372591194293481, -21.63412723951781302, 1.317663211346340901 ) ) ;
#3185 = LINE ( 'NONE', #336, #1004 ) ;
#3186 = EDGE_LOOP ( 'NONE', ( #231, #1401, #277, #1026 ) ) ;
#3187 = CARTESIAN_POINT ( 'NONE',  ( 0.7043471961687514105, -19.88435478782091792, 1.848878198884307711 ) ) ;
#3188 = CARTESIAN_POINT ( 'NONE',  ( 0.4967235089307897034, -10.22360000000000291, 10.53529359296444490 ) ) ;
#3189 = CARTESIAN_POINT ( 'NONE',  ( -3.729937417985099035, -6.023600000000001842, 8.500000000000000000 ) ) ;
#3190 = CARTESIAN_POINT ( 'NONE',  ( -1.739576869458931354E-17, -20.61166130683500342, -3.921601983822704400E-14 ) ) ;
#3191 = EDGE_LOOP ( 'NONE', ( #808, #126, #1967, #358 ) ) ;
#3192 = CARTESIAN_POINT ( 'NONE',  ( 0.7612463248946129690, -19.96168069470262196, 1.822094515221856836 ) ) ;
#3193 = CARTESIAN_POINT ( 'NONE',  ( 3.566695672195671740, -5.223600000000003796, 1.249822454000506067 ) ) ;
#3194 = EDGE_CURVE ( 'NONE', #4485, #3328, #446, .T. ) ;
#3195 = B_SPLINE_CURVE_WITH_KNOTS ( 'NONE', 3,
 ( #1392, #3127, #171, #3047, #1871, #2625, #577, #654 ),
 .UNSPECIFIED., .F., .F.,
 ( 4, 2, 2, 4 ),
 ( -5.844953271100458476E-06, 0.0006882108271351484313, 0.001035238717338273374, 0.001382266607541398316 ),
 .UNSPECIFIED. ) ;
#3196 = LINE ( 'NONE', #4038, #2666 ) ;
#3197 = AXIS2_PLACEMENT_3D ( 'NONE', #5094, #5173, #3459 ) ;
#3198 = CARTESIAN_POINT ( 'NONE',  ( 3.420852820178690301, -5.223600000000002019, 8.467982321481098751 ) ) ;
#3199 = EDGE_LOOP ( 'NONE', ( #1340, #759, #583 ) ) ;
#3200 = ORIENTED_EDGE ( 'NONE', *, *, #1080, .F. ) ;
#3201 = CARTESIAN_POINT ( 'NONE',  ( 1.000000000000000444, -21.36881835441096555, 0.000000000000000000 ) ) ;
#3202 = CARTESIAN_POINT ( 'NONE',  ( 0.9075883152340230575, -19.33754378532494655, 2.934814467912823854 ) ) ;
#3203 = DIRECTION ( 'NONE',  ( -0.000000000000000000, 1.000000000000000000, -0.000000000000000000 ) ) ;
#3204 = DIRECTION ( 'NONE',  ( 0.000000000000000000, 0.000000000000000000, 1.000000000000000000 ) ) ;
#3205 = DIRECTION ( 'NONE',  ( 0.01810908080499252712, 0.9998360171510118910, 0.000000000000000000 ) ) ;
#3206 = ORIENTED_EDGE ( 'NONE', *, *, #476, .F. ) ;
#3207 = CARTESIAN_POINT ( 'NONE',  ( -1.157010783096992679, -21.18017553209466897, -0.1827562052249277202 ) ) ;
#3208 = CARTESIAN_POINT ( 'NONE',  ( 2.906433695289387664, -11.99097048300730961, 7.985360948950900983 ) ) ;
#3209 = VECTOR ( 'NONE', #3781, 1000.000000000000000 ) ;
#3210 = CARTESIAN_POINT ( 'NONE',  ( 2.511540844255858218, -16.65577217340225502, 6.900401757630872268 ) ) ;
#3211 = EDGE_CURVE ( 'NONE', #1140, #3861, #3271, .T. ) ;
#3212 = EDGE_CURVE ( 'NONE', #4042, #224, #4557, .T. ) ;
#3213 = FACE_OUTER_BOUND ( 'NONE', #1483, .T. ) ;
#3214 = ORIENTED_EDGE ( 'NONE', *, *, #2496, .F. ) ;
#3215 = CARTESIAN_POINT ( 'NONE',  ( -0.7034079248873637003, -19.88574004368329184, 1.845754702389334367 ) ) ;
#3216 = EDGE_CURVE ( 'NONE', #4503, #1082, #5018, .T. ) ;
#3217 = CARTESIAN_POINT ( 'NONE',  ( 1.000000000000000444, -21.36881835441096555, 0.000000000000000000 ) ) ;
#3218 = CARTESIAN_POINT ( 'NONE',  ( 3.574328774806494025, -5.223600000000004684, -1.227867434646668032 ) ) ;
#3219 = CARTESIAN_POINT ( 'NONE',  ( 0.000000000000000000, -13.46581578397376511, 0.000000000000000000 ) ) ;
#3220 = ORIENTED_EDGE ( 'NONE', *, *, #2804, .F. ) ;
#3221 = LINE ( 'NONE', #3654, #1656 ) ;
#3222 = CARTESIAN_POINT ( 'NONE',  ( -3.690521179145070718, -8.466300449699565078, 8.163938983954000861 ) ) ;
#3223 = LINE ( 'NONE', #2372, #1608 ) ;
#3224 = CARTESIAN_POINT ( 'NONE',  ( 0.000000000000000000, -5.223600000000002019, 3.366002527742168571 ) ) ;
#3225 = ORIENTED_EDGE ( 'NONE', *, *, #5333, .F. ) ;
#3226 = VERTEX_POINT ( 'NONE', #431 ) ;
#3227 = FACE_OUTER_BOUND ( 'NONE', #4302, .T. ) ;
#3228 = CARTESIAN_POINT ( 'NONE',  ( 5.143516556418877011E-17, -23.72360000000000113, 0.4199999999999994849 ) ) ;
#3229 = CARTESIAN_POINT ( 'NONE',  ( -10.94999999999999929, -8.223600000000001131, 0.01776588295423203734 ) ) ;
#3230 = AXIS2_PLACEMENT_3D ( 'NONE', #5206, #5312, #3603 ) ;
#3231 = CARTESIAN_POINT ( 'NONE',  ( -2.705302571646313936, -5.291759403320434707, 8.713830801019788908 ) ) ;
#3232 = LINE ( 'NONE', #2462, #1272 ) ;
#3233 = ORIENTED_EDGE ( 'NONE', *, *, #3468, .F. ) ;
#3234 = CARTESIAN_POINT ( 'NONE',  ( 1.135341860697259397, -20.58782887583614496, 0.4923156794055504326 ) ) ;
#3235 = AXIS2_PLACEMENT_3D ( 'NONE', #4421, #3584, #4341 ) ;
#3236 = CARTESIAN_POINT ( 'NONE',  ( -0.4879119326752994201, -20.61166130683507092, -0.1682911831452103268 ) ) ;
#3237 =( BOUNDED_SURFACE ( )  B_SPLINE_SURFACE ( 3, 2, ( 
 ( #124, #2229, #2652 ),
 ( #175, #4241, #1394 ),
 ( #1818, #4215, #1876 ),
 ( #2579, #3831, #3027 ) ),
 .UNSPECIFIED., .F., .F., .F. ) 
 B_SPLINE_SURFACE_WITH_KNOTS ( ( 4, 4 ),
 ( 3, 3 ),
 ( 1.567163546484913184, 2.176259711792122076 ),
 ( 0.5244595247366528046, 1.000000000000000000 ),
 .UNSPECIFIED. ) 
 GEOMETRIC_REPRESENTATION_ITEM ( )  RATIONAL_B_SPLINE_SURFACE ( (
 ( 0.8541228961803382091, 0.8609262517513518453, 1.000000000000000000),
 ( 0.8418963819324755127, 0.8492699525793595550, 1.000000000000000000),
 ( 0.8289493350364132151, 0.8369267246605192057, 1.000000000000000000),
 ( 0.8177189899263430650, 0.8262201357052426642, 1.000000000000000000) ) ) 
 REPRESENTATION_ITEM ( '' )  SURFACE ( )  );
#3238 = CARTESIAN_POINT ( 'NONE',  ( 1.725669246133648915, -17.34588393854412658, 7.950513850501416790 ) ) ;
#3239 = CARTESIAN_POINT ( 'NONE',  ( -0.1083824759394448889, -20.61166130683500342, -0.2308207939273138609 ) ) ;
#3240 = VECTOR ( 'NONE', #1543, 1000.000000000000000 ) ;
#3241 = ORIENTED_EDGE ( 'NONE', *, *, #1448, .T. ) ;
#3242 = CARTESIAN_POINT ( 'NONE',  ( 1.096263720644612860, -20.61166130683501052, 0.1106454406770293192 ) ) ;
#3243 = AXIS2_PLACEMENT_3D ( 'NONE', #5297, #2934, #813 ) ;
#3244 = ADVANCED_FACE ( 'NONE', ( #2437 ), #4502, .T. ) ;
#3245 = LINE ( 'NONE', #5278, #535 ) ;
#3246 = CARTESIAN_POINT ( 'NONE',  ( 3.431418571112826665, -5.294323804825005197, -1.043996572146447477 ) ) ;
#3247 = VERTEX_POINT ( 'NONE', #4582 ) ;
#3248 = CARTESIAN_POINT ( 'NONE',  ( 0.2614346877717046436, -20.60120253118519429, 0.0004566618739526234023 ) ) ;
#3249 = AXIS2_PLACEMENT_3D ( 'NONE', #190, #2992, #4230 ) ;
#3250 = CARTESIAN_POINT ( 'NONE',  ( -3.438827504253640477, -7.912858586647852910, 8.500000000000000000 ) ) ;
#3251 = AXIS2_PLACEMENT_3D ( 'NONE', #1792, #2600, #5085 ) ;
#3252 = CARTESIAN_POINT ( 'NONE',  ( 3.609222401911932554, -8.240215821433828580, 8.261554028917533543 ) ) ;
#3253 = DIRECTION ( 'NONE',  ( -0.4594202145970127105, 0.000000000000000000, 0.8882190419145689075 ) ) ;
#3254 = ORIENTED_EDGE ( 'NONE', *, *, #4937, .T. ) ;
#3255 = DIRECTION ( 'NONE',  ( 0.000000000000000000, 0.000000000000000000, 1.000000000000000000 ) ) ;
#3256 = CARTESIAN_POINT ( 'NONE',  ( -2.987220919122893559, -5.481721031761388474, 8.500000000000479616 ) ) ;
#3257 = CARTESIAN_POINT ( 'NONE',  ( 2.886292355423353939, -5.321368850562604891, 8.621674988325843003 ) ) ;
#3258 = CARTESIAN_POINT ( 'NONE',  ( -2.708685532577110422, -5.273152285234166570, 8.841228833662498232 ) ) ;
#3259 = CARTESIAN_POINT ( 'NONE',  ( 0.6503202544897052073, -6.023600000000001842, -3.302583319670695516 ) ) ;
#3260 = VERTEX_POINT ( 'NONE', #2139 ) ;
#3261 = CARTESIAN_POINT ( 'NONE',  ( 0.001911897430765803312, -10.22360000000000291, -0.6204029632861003396 ) ) ;
#3262 = CARTESIAN_POINT ( 'NONE',  ( -11.12573593128806948, -5.223599999999999355, 8.375735931288071257 ) ) ;
#3263 = EDGE_CURVE ( 'NONE', #5059, #4465, #3232, .T. ) ;
#3264 = CARTESIAN_POINT ( 'NONE',  ( 3.588284170687310759, -14.40970164322032687, 9.858729733548356577 ) ) ;
#3265 = CARTESIAN_POINT ( 'NONE',  ( -3.542225934061546955, -5.223600000000002908, -1.237927695788224369 ) ) ;
#3266 = VERTEX_POINT ( 'NONE', #2511 ) ;
#3267 = CARTESIAN_POINT ( 'NONE',  ( 3.729937417985120351, -6.023600000000001842, 8.799999999999998934 ) ) ;
#3268 = TOROIDAL_SURFACE ( 'NONE', #3522, 4.025122630638374943, 0.8000000000000000444 ) ;
#3269 = DIRECTION ( 'NONE',  ( 1.000000000000000000, 0.000000000000000000, -2.040851148208014408E-16 ) ) ;
#3270 = CARTESIAN_POINT ( 'NONE',  ( -2.788653358147239913, -17.68482854244980018, 6.151285301674557893 ) ) ;
#3271 = B_SPLINE_CURVE_WITH_KNOTS ( 'NONE', 3,
 ( #2034, #59, #2911, #407, #3664, #5321, #4478, #1305, #2885, #4176, #1225, #2861 ),
 .UNSPECIFIED., .F., .F.,
 ( 4, 2, 2, 2, 2, 4 ),
 ( 0.0005584453713251721864, 0.001160460981021563340, 0.001762476590717954386, 0.002364492200414345432, 0.002665500005262540738, 0.002966507810110736477 ),
 .UNSPECIFIED. ) ;
#3272 = EDGE_LOOP ( 'NONE', ( #3368, #1306, #322, #2710 ) ) ;
#3273 = CARTESIAN_POINT ( 'NONE',  ( 0.000000000000000000, -12.85458479929957321, 0.000000000000000000 ) ) ;
#3274 = CARTESIAN_POINT ( 'NONE',  ( -3.664841231626901674, -7.923600000000001309, 8.500000000000000000 ) ) ;
#3275 = CARTESIAN_POINT ( 'NONE',  ( 3.064089029870281866, -5.223599999999946064, 8.471126981741901929 ) ) ;
#3276 = ORIENTED_EDGE ( 'NONE', *, *, #1938, .F. ) ;
#3277 = CONICAL_SURFACE ( 'NONE', #2004, 2.227767388195791565, 0.5327878586222951629 ) ;
#3278 = CARTESIAN_POINT ( 'NONE',  ( 0.1570456199967035504, -18.46264444686208961, 4.100167105272724655 ) ) ;
#3279 = CARTESIAN_POINT ( 'NONE',  ( -0.9851032368597041344, -20.68265590505883011, 1.542821119167462118 ) ) ;
#3280 = ADVANCED_FACE ( 'NONE', ( #2064 ), #3691, .F. ) ;
#3281 = CARTESIAN_POINT ( 'NONE',  ( 2.987047656684716390, -5.349880779519771146, 8.579687917964989197 ) ) ;
#3282 = CARTESIAN_POINT ( 'NONE',  ( 0.8971626482502927935, -21.65108312665533674, 0.9011742620048768249 ) ) ;
#3283 = FACE_OUTER_BOUND ( 'NONE', #743, .T. ) ;
#3284 = CARTESIAN_POINT ( 'NONE',  ( 0.6507065871322381678, -5.998740736633151549, -3.277942035544705757 ) ) ;
#3285 = AXIS2_PLACEMENT_3D ( 'NONE', #99, #2047, #4488 ) ;
#3286 = ORIENTED_EDGE ( 'NONE', *, *, #3104, .F. ) ;
#3287 = CARTESIAN_POINT ( 'NONE',  ( 0.9415518911050645423, -20.33559411854329113, 1.340276657056312493 ) ) ;
#3288 = LINE ( 'NONE', #1709, #1274 ) ;
#3289 = CARTESIAN_POINT ( 'NONE',  ( 0.000000000000000000, -8.495069740634006550, 0.000000000000000000 ) ) ;
#3290 = EDGE_CURVE ( 'NONE', #1440, #5143, #4973, .T. ) ;
#3291 = CARTESIAN_POINT ( 'NONE',  ( -3.106423401993571254, -5.788905936538220054, -0.6571199023028228003 ) ) ;
#3292 = ORIENTED_EDGE ( 'NONE', *, *, #2202, .T. ) ;
#3293 = CARTESIAN_POINT ( 'NONE',  ( 0.000000000000000000, -10.55244250479772994, 0.000000000000000000 ) ) ;
#3294 = B_SPLINE_CURVE_WITH_KNOTS ( 'NONE', 3,
 ( #3105, #3407, #3918, #3031, #5066, #3889, #4708, #1072, #1477, #3055 ),
 .UNSPECIFIED., .F., .F.,
 ( 4, 2, 2, 2, 4 ),
 ( 0.000000000000000000, 0.0003964963877229648790, 0.0007929927754459297580, 0.001585985550891864503, 0.003171971101783733777 ),
 .UNSPECIFIED. ) ;
#3295 = AXIS2_PLACEMENT_3D ( 'NONE', #4700, #1014, #5168 ) ;
#3296 = FACE_OUTER_BOUND ( 'NONE', #792, .T. ) ;
#3297 = DIRECTION ( 'NONE',  ( 0.000000000000000000, -1.000000000000000000, -0.000000000000000000 ) ) ;
#3298 = ORIENTED_EDGE ( 'NONE', *, *, #782, .T. ) ;
#3299 = CARTESIAN_POINT ( 'NONE',  ( 2.899323804488104894, -5.439977928697894427, 8.656936441186534381 ) ) ;
#3300 = AXIS2_PLACEMENT_3D ( 'NONE', #2380, #3989, #5264 ) ;
#3301 = CARTESIAN_POINT ( 'NONE',  ( -1.109567248682839180, -21.16060833433351718, 0.3837745045684510248 ) ) ;
#3302 = CARTESIAN_POINT ( 'NONE',  ( 0.9075883152340230575, -19.33754378532494655, 2.934814467912823854 ) ) ;
#3303 = ORIENTED_EDGE ( 'NONE', *, *, #3211, .F. ) ;
#3304 = DIRECTION ( 'NONE',  ( 0.000000000000000000, 1.000000000000000000, 0.000000000000000000 ) ) ;
#3305 = CARTESIAN_POINT ( 'NONE',  ( -3.185099458831617714, -5.227935491886506192, 8.500000000000000000 ) ) ;
#3306 = EDGE_CURVE ( 'NONE', #4275, #568, #4170, .T. ) ;
#3307 = CARTESIAN_POINT ( 'NONE',  ( -0.9840666439451601910, -21.45659392330527737, 0.7740811865265597724 ) ) ;
#3308 = EDGE_CURVE ( 'NONE', #3039, #2218, #2515, .T. ) ;
#3309 = CARTESIAN_POINT ( 'NONE',  ( -3.430454298273236891, -5.951186811895211370, 9.425095722976749357 ) ) ;
#3310 = CARTESIAN_POINT ( 'NONE',  ( 1.140091606784150446, -21.16756636581711959, 0.2925779943285740647 ) ) ;
#3311 = ORIENTED_EDGE ( 'NONE', *, *, #97, .T. ) ;
#3312 = CARTESIAN_POINT ( 'NONE',  ( 0.6325199120867884828, -20.33180297581144913, 1.055432851864838817 ) ) ;
#3313 = CARTESIAN_POINT ( 'NONE',  ( -0.5526476166414755475, -20.06736080885969997, 1.420939009852142609 ) ) ;
#3314 = CARTESIAN_POINT ( 'NONE',  ( -2.351595843561859134, -5.223600000000002019, 8.800000000000000711 ) ) ;
#3315 = EDGE_LOOP ( 'NONE', ( #3456, #2808, #3382, #4452, #1944 ) ) ;
#3316 = CARTESIAN_POINT ( 'NONE',  ( -1.341022228587230030E-14, -22.94198926555779039, 0.9276379657099756981 ) ) ;
#3317 = AXIS2_PLACEMENT_3D ( 'NONE', #2311, #3028, #1770 ) ;
#3318 = VECTOR ( 'NONE', #4175, 1000.000000000000000 ) ;
#3319 = CARTESIAN_POINT ( 'NONE',  ( 2.727281570987581283, -5.265127904321709629, 8.675187368287073042 ) ) ;
#3320 = CARTESIAN_POINT ( 'NONE',  ( -11.24999999999999822, -7.923600000000001309, 8.500000000000000000 ) ) ;
#3321 = ORIENTED_EDGE ( 'NONE', *, *, #4910, .F. ) ;
#3322 = CARTESIAN_POINT ( 'NONE',  ( 1.065319579719351761, -5.292590718214713164, -3.409770323627218325 ) ) ;
#3323 = AXIS2_PLACEMENT_3D ( 'NONE', #1844, #3476, #2200 ) ;
#3324 = ADVANCED_FACE ( 'NONE', ( #1910 ), #3277, .F. ) ;
#3325 = B_SPLINE_CURVE_WITH_KNOTS ( 'NONE', 3,
 ( #5151, #3193, #1482, #2371, #3082, #1136, #3544, #3571 ),
 .UNSPECIFIED., .F., .F.,
 ( 4, 2, 2, 4 ),
 ( -5.867556068288896505E-06, 0.0007031547083259093167, 0.001057665840523009000, 0.001412176972720108900 ),
 .UNSPECIFIED. ) ;
#3326 = CARTESIAN_POINT ( 'NONE',  ( 3.664841231626917217, -7.923600000000001309, 8.500000000000000000 ) ) ;
#3327 = CARTESIAN_POINT ( 'NONE',  ( -6.776263578034402713E-18, -5.223600000000002019, 9.635293592964444542 ) ) ;
#3328 = VERTEX_POINT ( 'NONE', #1406 ) ;
#3329 = DIRECTION ( 'NONE',  ( 1.000000000000000000, -0.000000000000000000, 0.000000000000000000 ) ) ;
#3330 = CARTESIAN_POINT ( 'NONE',  ( -3.364684581279489883, -5.709441339257446124, 8.500000000000000000 ) ) ;
#3331 = VECTOR ( 'NONE', #3938, 1000.000000000000000 ) ;
#3332 = DIRECTION ( 'NONE',  ( 0.000000000000000000, 0.000000000000000000, 1.000000000000000000 ) ) ;
#3333 = CARTESIAN_POINT ( 'NONE',  ( -0.7558297897200225712, -22.47879893594942047, 0.6440168708369108375 ) ) ;
#3334 = CARTESIAN_POINT ( 'NONE',  ( 8.673617379884035472E-16, -5.523600000000001842, 1.328125000000000222 ) ) ;
#3336 = CARTESIAN_POINT ( 'NONE',  ( -2.981066515442443166, -5.416439225190933016, 8.984344457248864657 ) ) ;
#3335 = B_SPLINE_CURVE_WITH_KNOTS ( 'NONE', 3,
 ( #5034, #2475, #1373, #2582, #880, #443, #529, #2124, #3006, #421, #2524, #74, #4297, #178 ),
 .UNSPECIFIED., .F., .F.,
 ( 4, 2, 2, 2, 2, 2, 4 ),
 ( 1.734723475976807094E-18, 0.001887721063392860379, 0.003775442126785721626, 0.007550884253571443251, 0.01132632638035716358, 0.01321404744375002417, 0.01510176850714288477 ),
 .UNSPECIFIED. ) ;
#3337 = ORIENTED_EDGE ( 'NONE', *, *, #851, .F. ) ;
#3338 = CARTESIAN_POINT ( 'NONE',  ( 1.051842826711713252, -21.10000127751894539, 0.6022167696267920478 ) ) ;
#3339 = CARTESIAN_POINT ( 'NONE',  ( 0.000000000000000000, -5.998740736633151549, 0.000000000000000000 ) ) ;
#3340 = ADVANCED_FACE ( 'NONE', ( #4227, #3417, #1382 ), #1757, .F. ) ;
#3341 = CARTESIAN_POINT ( 'NONE',  ( 1.746425629107297040, -13.46581578397376511, -0.4031941259273197353 ) ) ;
#3342 = CARTESIAN_POINT ( 'NONE',  ( -2.542245322064120128, -5.223600000000002019, 8.737261071924184108 ) ) ;
#3343 = ORIENTED_EDGE ( 'NONE', *, *, #1478, .T. ) ;
#3344 = CARTESIAN_POINT ( 'NONE',  ( -0.6281552678983844951, -6.023600000000000954, 3.281551312030380974 ) ) ;
#3345 = ORIENTED_EDGE ( 'NONE', *, *, #647, .F. ) ;
#3346 = EDGE_CURVE ( 'NONE', #1060, #2355, #1317, .T. ) ;
#3347 = CARTESIAN_POINT ( 'NONE',  ( 2.351595843561926635, -5.223600000000002019, 8.800000000000000711 ) ) ;
#3348 = CARTESIAN_POINT ( 'NONE',  ( -1.162490951093534619, -19.33677803222981240, 5.949478397295916210 ) ) ;
#3349 = VERTEX_POINT ( 'NONE', #1509 ) ;
#3350 = CARTESIAN_POINT ( 'NONE',  ( 3.354047153763663580, -5.745476772099553209, 9.351460501217907506 ) ) ;
#3351 = CARTESIAN_POINT ( 'NONE',  ( 3.438827504253648915, -7.912858586647853798, 8.500000000000000000 ) ) ;
#3352 = CARTESIAN_POINT ( 'NONE',  ( 4.015565759420774761, -8.218129798979608935, 8.257028041462348256 ) ) ;
#3353 = ADVANCED_FACE ( 'NONE', ( #4660 ), #997, .T. ) ;
#3354 = VERTEX_POINT ( 'NONE', #1333 ) ;
#3355 = CARTESIAN_POINT ( 'NONE',  ( 11.25000000000000178, -5.444307619628869332, -4.133150205686561898E-15 ) ) ;
#3356 = B_SPLINE_CURVE_WITH_KNOTS ( 'NONE', 3,
 ( #2396, #4869, #5224, #5199 ),
 .UNSPECIFIED., .F., .F.,
 ( 4, 4 ),
 ( 7.523706903031072897E-17, 0.0005382745793695265738 ),
 .UNSPECIFIED. ) ;
#3357 = CARTESIAN_POINT ( 'NONE',  ( -0.9468836038655856768, -21.62471348779599722, 0.7605318412180056553 ) ) ;
#3358 = CARTESIAN_POINT ( 'NONE',  ( 0.000000000000000000, -10.55244250479772994, 0.000000000000000000 ) ) ;
#3359 = CARTESIAN_POINT ( 'NONE',  ( -0.3580695330861768388, -22.85431751542072121, 0.8703752723361722898 ) ) ;
#3360 = DIRECTION ( 'NONE',  ( -1.000000000000000000, 0.000000000000000000, 0.000000000000000000 ) ) ;
#3361 = ORIENTED_EDGE ( 'NONE', *, *, #4885, .T. ) ;
#3362 = CARTESIAN_POINT ( 'NONE',  ( 0.9194736346709525554, -19.52893054578664334, 2.739149306008389573 ) ) ;
#3363 = CARTESIAN_POINT ( 'NONE',  ( -3.230497979168948319, -5.505807308181252857, 0.8368599492022608111 ) ) ;
#3364 = CIRCLE ( 'NONE', #3024, 1.000000000000000888 ) ;
#3365 = CARTESIAN_POINT ( 'NONE',  ( -0.9294772705593563611, -19.71637762252068171, 2.539064064562523981 ) ) ;
#3366 = AXIS2_PLACEMENT_3D ( 'NONE', #153, #1399, #5172 ) ;
#3367 = CARTESIAN_POINT ( 'NONE',  ( -0.6671151808345170409, -20.59600754862579564, 0.1649429704031264432 ) ) ;
#3368 = ORIENTED_EDGE ( 'NONE', *, *, #1546, .T. ) ;
#3369 = B_SPLINE_CURVE_WITH_KNOTS ( 'NONE', 3,
 ( #2359, #3075, #4728, #603 ),
 .UNSPECIFIED., .F., .F.,
 ( 4, 4 ),
 ( 0.000000000000000000, 0.0002329368790746893104 ),
 .UNSPECIFIED. ) ;
#3370 = ORIENTED_EDGE ( 'NONE', *, *, #2795, .F. ) ;
#3371 = DIRECTION ( 'NONE',  ( 2.896730386972609769E-16, 1.000000000000000000, 6.687629046188098519E-17 ) ) ;
#3372 = DIRECTION ( 'NONE',  ( 0.000000000000000000, 0.6682394564555425021, 0.7439462539968874077 ) ) ;
#3373 = ORIENTED_EDGE ( 'NONE', *, *, #1544, .F. ) ;
#3374 = EDGE_CURVE ( 'NONE', #3226, #3569, #4889, .T. ) ;
#3375 = CARTESIAN_POINT ( 'NONE',  ( -1.463995915847775331, -18.81398293147445955, 6.294985447157904979 ) ) ;
#3376 = CARTESIAN_POINT ( 'NONE',  ( -1.886282368343302984, -18.98945530134271564, 5.922256174776992843 ) ) ;
#3377 = EDGE_CURVE ( 'NONE', #3594, #506, #2768, .T. ) ;
#3378 = VERTEX_POINT ( 'NONE', #4687 ) ;
#3379 = CARTESIAN_POINT ( 'NONE',  ( 1.034419483452274007E-16, -6.023600000000001842, 8.735293592964444187 ) ) ;
#3380 = CARTESIAN_POINT ( 'NONE',  ( -0.6503202544897052073, -10.22360000000000291, -3.089420301609855368 ) ) ;
#3381 = CARTESIAN_POINT ( 'NONE',  ( 4.241347665295659652, -8.223600000000001131, 8.199999999999999289 ) ) ;
#3382 = ORIENTED_EDGE ( 'NONE', *, *, #3194, .T. ) ;
#3383 = CIRCLE ( 'NONE', #4681, 0.4999999999999998890 ) ;
#3384 = DIRECTION ( 'NONE',  ( 0.000000000000000000, 0.000000000000000000, -1.000000000000000000 ) ) ;
#3385 = FACE_OUTER_BOUND ( 'NONE', #1076, .T. ) ;
#3386 = CARTESIAN_POINT ( 'NONE',  ( -0.9926597769531124715, -21.91988434264899865, 0.3979307601451937404 ) ) ;
#3387 = CARTESIAN_POINT ( 'NONE',  ( 4.104146278031054251, -8.495069740634006550, 7.934742005524476838 ) ) ;
#3388 = CARTESIAN_POINT ( 'NONE',  ( -3.302010495982258043, -5.449666560950023886, 8.513616284444852411 ) ) ;
#3389 = ORIENTED_EDGE ( 'NONE', *, *, #4299, .T. ) ;
#3390 = CARTESIAN_POINT ( 'NONE',  ( 2.435992566755442734, -18.35317181568737155, 6.011595202973470720 ) ) ;
#3391 = CARTESIAN_POINT ( 'NONE',  ( 0.6922850650268159711, -20.61166130683470854, -0.01287010283007837194 ) ) ;
#3392 = FACE_OUTER_BOUND ( 'NONE', #2165, .T. ) ;
#3393 = CARTESIAN_POINT ( 'NONE',  ( -1.712206131214949467, -18.58149434418918133, 6.395582129814983752 ) ) ;
#3394 = VERTEX_POINT ( 'NONE', #111 ) ;
#3395 = ORIENTED_EDGE ( 'NONE', *, *, #983, .T. ) ;
#3396 = CARTESIAN_POINT ( 'NONE',  ( -3.348012175555296288, -15.47471635238567167, 9.198587852396753917 ) ) ;
#3397 = CARTESIAN_POINT ( 'NONE',  ( 0.000000000000000000, -15.75391013364006731, 1.792363797108476708 ) ) ;
#3398 = ORIENTED_EDGE ( 'NONE', *, *, #2137, .T. ) ;
#3399 = FACE_OUTER_BOUND ( 'NONE', #3199, .T. ) ;
#3400 = CARTESIAN_POINT ( 'NONE',  ( 2.351595843561888444, -5.223600000000002019, 8.800000000000002487 ) ) ;
#3401 = VERTEX_POINT ( 'NONE', #2192 ) ;
#3402 = CARTESIAN_POINT ( 'NONE',  ( -3.148116505366769680, -10.22360000000000291, -0.6301104140343178894 ) ) ;
#3403 = EDGE_CURVE ( 'NONE', #3494, #3260, #5273, .T. ) ;
#3404 = VECTOR ( 'NONE', #3914, 1000.000000000000000 ) ;
#3405 = CIRCLE ( 'NONE', #1005, 0.3000000000000000444 ) ;
#3406 = EDGE_CURVE ( 'NONE', #4416, #2794, #4432, .T. ) ;
#3407 = CARTESIAN_POINT ( 'NONE',  ( -1.069999590509374876, -21.13341539303727146, 0.5096803055243738223 ) ) ;
#3408 = CARTESIAN_POINT ( 'NONE',  ( 3.813358493491225243, -10.65114846645677460, 7.850933769889370417 ) ) ;
#3409 = ORIENTED_EDGE ( 'NONE', *, *, #1903, .T. ) ;
#3410 = AXIS2_PLACEMENT_3D ( 'NONE', #817, #2568, #3694 ) ;
#3411 = CARTESIAN_POINT ( 'NONE',  ( 3.455451851406063035, -6.041129095882363131, 8.678750855050672897 ) ) ;
#3412 = AXIS2_PLACEMENT_3D ( 'NONE', #3963, #2807, #4803 ) ;
#3413 = EDGE_CURVE ( 'NONE', #2928, #4680, #1679, .T. ) ;
#3414 = CARTESIAN_POINT ( 'NONE',  ( -3.335854097793996331, -5.223600000000002019, 11.52117995318844912 ) ) ;
#3415 = CARTESIAN_POINT ( 'NONE',  ( -0.7282009011138491639, -21.99818590124460371, 0.7914183238959912048 ) ) ;
#3416 = CARTESIAN_POINT ( 'NONE',  ( -4.031538720038500223, -8.495069735944433376, 7.972297359269669315 ) ) ;
#3417 = FACE_BOUND ( 'NONE', #4638, .T. ) ;
#3418 = VERTEX_POINT ( 'NONE', #4385 ) ;
#3419 = CARTESIAN_POINT ( 'NONE',  ( 2.651406407636583307, -14.89939503092396578, 7.284679234779138035 ) ) ;
#3420 = TOROIDAL_SURFACE ( 'NONE', #1110, 11.02812499999999929, 0.2999999999999999889 ) ;
#3421 = CARTESIAN_POINT ( 'NONE',  ( 0.000000000000000000, -5.223600000000002019, 0.000000000000000000 ) ) ;
#3422 = CARTESIAN_POINT ( 'NONE',  ( -0.6177266109620296319, -20.55925438592959154, 0.3811080264058741007 ) ) ;
#3423 = CARTESIAN_POINT ( 'NONE',  ( -2.013750264068619344, -18.14969765877636476, 6.602086817259226414 ) ) ;
#3424 = ORIENTED_EDGE ( 'NONE', *, *, #488, .T. ) ;
#3425 = EDGE_CURVE ( 'NONE', #251, #3563, #317, .T. ) ;
#3426 = DIRECTION ( 'NONE',  ( 1.000000000000000000, 0.000000000000000000, 0.000000000000000000 ) ) ;
#3427 = CARTESIAN_POINT ( 'NONE',  ( 1.181976897621265962E-15, -18.96477113877152476, 6.349875147755889238 ) ) ;
#3428 = ORIENTED_EDGE ( 'NONE', *, *, #4704, .T. ) ;
#3429 = CARTESIAN_POINT ( 'NONE',  ( -2.944998364066554242, -15.15189579060438341, 8.091316505603641573 ) ) ;
#3430 = CARTESIAN_POINT ( 'NONE',  ( -0.6257260115239752229, -10.22360000000000291, 3.148990889751743794 ) ) ;
#3431 = EDGE_LOOP ( 'NONE', ( #602, #292, #2149, #3480, #4041 ) ) ;
#3432 = CARTESIAN_POINT ( 'NONE',  ( 0.000000000000000000, -20.61166130683500342, 0.000000000000000000 ) ) ;
#3433 = CARTESIAN_POINT ( 'NONE',  ( -0.6953022067477083734, -20.97029500947174796, 0.000000000000000000 ) ) ;
#3434 = CARTESIAN_POINT ( 'NONE',  ( 0.000000000000000000, -5.223600000000002019, -3.903127820947815962E-14 ) ) ;
#3435 = VERTEX_POINT ( 'NONE', #1730 ) ;
#3436 = FACE_OUTER_BOUND ( 'NONE', #3770, .T. ) ;
#3437 = ORIENTED_EDGE ( 'NONE', *, *, #2014, .F. ) ;
#3438 =( BOUNDED_CURVE ( )  B_SPLINE_CURVE ( 3, ( #154, #1851, #2287, #2632 ),
 .UNSPECIFIED., .F., .T. ) 
 B_SPLINE_CURVE_WITH_KNOTS ( ( 4, 4 ),
 ( 4.712388980384687009, 5.317852365383101798 ),
 .UNSPECIFIED. ) 
 CURVE ( )  GEOMETRIC_REPRESENTATION_ITEM ( )  RATIONAL_B_SPLINE_CURVE ( ( 1.000000000000000000, 0.9696837702471556852, 0.9696837702471556852, 1.000000000000000000 ) ) 
 REPRESENTATION_ITEM ( '' )  );
#3439 = DIRECTION ( 'NONE',  ( 1.000000000000000000, 0.000000000000000000, 0.000000000000000000 ) ) ;
#3440 = EDGE_CURVE ( 'NONE', #251, #1797, #2343, .T. ) ;
#3441 = CARTESIAN_POINT ( 'NONE',  ( 3.037417679440588270, -17.05441257258684473, 6.300864472397110561 ) ) ;
#3442 = DIRECTION ( 'NONE',  ( -0.000000000000000000, 1.000000000000000000, -0.000000000000000000 ) ) ;
#3443 = EDGE_CURVE ( 'NONE', #3039, #122, #1588, .T. ) ;
#3444 = ORIENTED_EDGE ( 'NONE', *, *, #4910, .T. ) ;
#3445 = CARTESIAN_POINT ( 'NONE',  ( 2.469519825282028069, -17.11606136084249385, 7.124671343050351879 ) ) ;
#3446 = ADVANCED_FACE ( 'NONE', ( #343 ), #4907, .T. ) ;
#3447 = CARTESIAN_POINT ( 'NONE',  ( -11.25000000000000533, -8.002908906830754177, 3.573420246229078592E-19 ) ) ;
#3448 = CARTESIAN_POINT ( 'NONE',  ( -1.739576869458931354E-17, -20.61166130683500342, -0.6760719760785030008 ) ) ;
#3449 = EDGE_LOOP ( 'NONE', ( #68, #3241, #2112, #3900 ) ) ;
#3450 = CARTESIAN_POINT ( 'NONE',  ( -2.475160180072117466, -18.30149167288930556, 6.800446704280843413 ) ) ;
#3451 = AXIS2_PLACEMENT_3D ( 'NONE', #3820, #1783, #1356 ) ;
#3452 = CARTESIAN_POINT ( 'NONE',  ( -3.513424155829364182, -5.523600000000001842, 8.500000000000000000 ) ) ;
#3453 = EDGE_LOOP ( 'NONE', ( #4675, #4768, #1393, #5178 ) ) ;
#3454 = FACE_OUTER_BOUND ( 'NONE', #4113, .T. ) ;
#3455 = CARTESIAN_POINT ( 'NONE',  ( -0.6249167162863289438, -6.023600000000001842, 3.104829013886937883 ) ) ;
#3456 = ORIENTED_EDGE ( 'NONE', *, *, #2250, .F. ) ;
#3457 = DIRECTION ( 'NONE',  ( -1.000000000000000000, 0.000000000000000000, 2.571407403092368652E-16 ) ) ;
#3458 = CARTESIAN_POINT ( 'NONE',  ( -0.08226810138923357218, -20.81259078729983258, 0.000000000000000000 ) ) ;
#3459 = DIRECTION ( 'NONE',  ( 0.000000000000000000, 0.000000000000000000, 1.000000000000000000 ) ) ;
#3460 = EDGE_LOOP ( 'NONE', ( #88, #4717, #2572, #3849 ) ) ;
#3461 = FACE_OUTER_BOUND ( 'NONE', #1984, .T. ) ;
#3462 = VECTOR ( 'NONE', #933, 1000.000000000000000 ) ;
#3463 = CARTESIAN_POINT ( 'NONE',  ( -3.187009908993383434, -6.023600000000001842, 11.72890234814083144 ) ) ;
#3464 = CARTESIAN_POINT ( 'NONE',  ( -11.25000000000000000, -5.523600000000001842, 1.925929944387236729E-31 ) ) ;
#3465 = ORIENTED_EDGE ( 'NONE', *, *, #2771, .F. ) ;
#3466 = CARTESIAN_POINT ( 'NONE',  ( 4.074161836859262031, -6.023600000000001842, 11.19366764997448094 ) ) ;
#3467 =( BOUNDED_SURFACE ( )  B_SPLINE_SURFACE ( 3, 2, ( 
 ( #2493, #1713, #2892 ),
 ( #3720, #39, #2467 ),
 ( #3342, #1686, #3696 ),
 ( #3314, #413, #4614 ) ),
 .UNSPECIFIED., .F., .F., .F. ) 
 B_SPLINE_SURFACE_WITH_KNOTS ( ( 4, 4 ),
 ( 3, 3 ),
 ( -4.681042879706165394E-17, 0.0005382745793695265738 ),
 ( 0.000000000000000000, 1.000000000000000000 ),
 .UNSPECIFIED. ) 
 GEOMETRIC_REPRESENTATION_ITEM ( )  RATIONAL_B_SPLINE_SURFACE ( (
 ( 1.000000000000000000, 0.9149054135423332346, 1.000000000000000000),
 ( 1.000000000000000000, 0.9665988733342696371, 1.000000000000000000),
 ( 1.000000000000000000, 1.000583685069446727, 1.000000000000000000),
 ( 1.000000000000000000, 1.000000000000000000, 1.000000000000000000) ) ) 
 REPRESENTATION_ITEM ( '' )  SURFACE ( )  );
#3468 = EDGE_CURVE ( 'NONE', #4822, #2443, #3221, .T. ) ;
#3469 = CARTESIAN_POINT ( 'NONE',  ( -0.6503202544897052073, -9.806253867301473193, -3.157252563985290639 ) ) ;
#3470 = EDGE_CURVE ( 'NONE', #729, #4546, #4657, .T. ) ;
#3471 = AXIS2_PLACEMENT_3D ( 'NONE', #1727, #30, #1701 ) ;
#3472 = CARTESIAN_POINT ( 'NONE',  ( -3.936530869679024658, -6.042647619047619933, 8.181726184541327385 ) ) ;
#3473 = CARTESIAN_POINT ( 'NONE',  ( -1.918907161137922923, -18.30519205747022937, 6.525981821605030930 ) ) ;
#3474 = ORIENTED_EDGE ( 'NONE', *, *, #420, .T. ) ;
#3475 = CARTESIAN_POINT ( 'NONE',  ( -3.643359863998032910, -11.70663349193235270, 10.01004895728183541 ) ) ;
#3476 = DIRECTION ( 'NONE',  ( -0.8382737144191602097, -0.5452496489810007008, -0.000000000000000000 ) ) ;
#3477 = CARTESIAN_POINT ( 'NONE',  ( 1.293085331580049679, -18.91711624231552236, 6.257569034287042697 ) ) ;
#3478 = CARTESIAN_POINT ( 'NONE',  ( 0.9376192393973240558, -19.71194068040521685, 2.571989309738052842 ) ) ;
#3479 = DIRECTION ( 'NONE',  ( 0.000000000000000000, 1.000000000000000000, 0.000000000000000000 ) ) ;
#3480 = ORIENTED_EDGE ( 'NONE', *, *, #4336, .F. ) ;
#3481 = CARTESIAN_POINT ( 'NONE',  ( 3.455561915871566026, -5.944223157124064016, 8.678681889892999379 ) ) ;
#3482 = VECTOR ( 'NONE', #1987, 1000.000000000000000 ) ;
#3483 = CARTESIAN_POINT ( 'NONE',  ( 3.218725199566341288E-16, -10.22360000000000291, 8.735293592964444187 ) ) ;
#3484 = CARTESIAN_POINT ( 'NONE',  ( 0.000000000000000000, -18.61166130683500342, 0.000000000000000000 ) ) ;
#3485 = ORIENTED_EDGE ( 'NONE', *, *, #1866, .T. ) ;
#3486 = AXIS2_PLACEMENT_3D ( 'NONE', #3219, #4034, #4872 ) ;
#3487 = CARTESIAN_POINT ( 'NONE',  ( -3.310419178979180810, -5.452472395852672626, 8.512259984598427920 ) ) ;
#3488 = EDGE_CURVE ( 'NONE', #244, #3401, #579, .T. ) ;
#3489 = VERTEX_POINT ( 'NONE', #2401 ) ;
#3490 = CIRCLE ( 'NONE', #2045, 1.699912042076037633 ) ;
#3491 = LINE ( 'NONE', #4279, #4917 ) ;
#3492 = CARTESIAN_POINT ( 'NONE',  ( 3.158038869792076930, -16.62185958367089000, 6.413954911927842062 ) ) ;
#3493 = VECTOR ( 'NONE', #3025, 1000.000000000000000 ) ;
#3494 = VERTEX_POINT ( 'NONE', #5336 ) ;
#3495 = CONICAL_SURFACE ( 'NONE', #4363, 1.699912042076037633, 0.01489050658061545282 ) ;
#3496 = ORIENTED_EDGE ( 'NONE', *, *, #1850, .F. ) ;
#3497 = CARTESIAN_POINT ( 'NONE',  ( 3.986653956583791736, -5.223600000000002019, 12.13580543098796483 ) ) ;
#3498 = CARTESIAN_POINT ( 'NONE',  ( -3.186645596879575493, -8.823603218541748561, 0.6592014320255724646 ) ) ;
#3499 = CARTESIAN_POINT ( 'NONE',  ( -0.5678280019771464460, -10.22360000000000291, -0.01040581924574499224 ) ) ;
#3500 = CARTESIAN_POINT ( 'NONE',  ( -1.391423267960927079, -19.03615186416317329, 6.039603953273605441 ) ) ;
#3501 = AXIS2_PLACEMENT_3D ( 'NONE', #1654, #4128, #895 ) ;
#3502 = ORIENTED_EDGE ( 'NONE', *, *, #2825, .F. ) ;
#3503 = CARTESIAN_POINT ( 'NONE',  ( -2.295304935469394181, -15.41512897880345889, 9.496386790394772959 ) ) ;
#3504 = DIRECTION ( 'NONE',  ( -0.9396926207859082059, 0.000000000000000000, 0.3420201433256692125 ) ) ;
#3505 = CONICAL_SURFACE ( 'NONE', #753, 1.699912042076037633, 0.01489050658061545282 ) ;
#3506 = DIRECTION ( 'NONE',  ( 0.000000000000000000, 1.000000000000000000, 0.000000000000000000 ) ) ;
#3507 = DIRECTION ( 'NONE',  ( 0.000000000000000000, 0.000000000000000000, 1.000000000000000000 ) ) ;
#3508 = CARTESIAN_POINT ( 'NONE',  ( 0.000000000000000000, -13.46581578397376511, 0.000000000000000000 ) ) ;
#3509 = ORIENTED_EDGE ( 'NONE', *, *, #1753, .F. ) ;
#3510 = FACE_OUTER_BOUND ( 'NONE', #4214, .T. ) ;
#3511 = EDGE_CURVE ( 'NONE', #4762, #707, #1398, .T. ) ;
#3512 = CARTESIAN_POINT ( 'NONE',  ( -0.07678356129661811913, -14.69370565282986973, 7.201682558287624936 ) ) ;
#3513 = DIRECTION ( 'NONE',  ( 0.000000000000000000, 0.000000000000000000, -1.000000000000000000 ) ) ;
#3514 = CARTESIAN_POINT ( 'NONE',  ( 3.430454302130838684, -6.037886736911882046, 9.425095733575343360 ) ) ;
#3515 = ORIENTED_EDGE ( 'NONE', *, *, #76, .F. ) ;
#3516 = CARTESIAN_POINT ( 'NONE',  ( -3.092405378886204925, -5.381485855983510369, 8.553337566682385429 ) ) ;
#3517 = ORIENTED_EDGE ( 'NONE', *, *, #3216, .T. ) ;
#3518 = DIRECTION ( 'NONE',  ( 0.07417084497557849265, 0.000000000000000000, -0.9972455493786918090 ) ) ;
#3519 = EDGE_CURVE ( 'NONE', #4574, #1817, #18, .T. ) ;
#3520 = CARTESIAN_POINT ( 'NONE',  ( 2.351595843561888444, -5.223600000000002019, 8.800000000000002487 ) ) ;
#3521 = ORIENTED_EDGE ( 'NONE', *, *, #4760, .T. ) ;
#3522 = AXIS2_PLACEMENT_3D ( 'NONE', #4656, #1829, #640 ) ;
#3523 = ORIENTED_EDGE ( 'NONE', *, *, #1126, .T. ) ;
#3524 = CARTESIAN_POINT ( 'NONE',  ( 0.6489487262978608229, -14.74627372688717664, 7.296305091590773451 ) ) ;
#3525 = CARTESIAN_POINT ( 'NONE',  ( 0.2416806920312433160, -20.25202331719002657, 0.9555990096207082063 ) ) ;
#3526 = DIRECTION ( 'NONE',  ( 0.9877537189364614667, 0.000000000000000000, -0.1560211226955824926 ) ) ;
#3527 = FACE_OUTER_BOUND ( 'NONE', #5038, .T. ) ;
#3528 = CARTESIAN_POINT ( 'NONE',  ( -4.085359875748119762, -6.048341036514351288, 11.87340942708057057 ) ) ;
#3529 = ORIENTED_EDGE ( 'NONE', *, *, #2499, .F. ) ;
#3530 = DIRECTION ( 'NONE',  ( 0.000000000000000000, 0.000000000000000000, 1.000000000000000000 ) ) ;
#3531 = CARTESIAN_POINT ( 'NONE',  ( 3.430395838599411107, -6.052173474324960445, 9.424935106342884339 ) ) ;
#3532 = CARTESIAN_POINT ( 'NONE',  ( 0.000000000000000000, -15.80840806009312161, 0.000000000000000000 ) ) ;
#3533 = CARTESIAN_POINT ( 'NONE',  ( 0.9419277798666081392, -22.08426854517497162, 0.4561064481859105624 ) ) ;
#3534 = CARTESIAN_POINT ( 'NONE',  ( 3.686227286787083113, -8.110953726331267433, 8.439325506336864180 ) ) ;
#3535 = ORIENTED_EDGE ( 'NONE', *, *, #2684, .F. ) ;
#3536 = CARTESIAN_POINT ( 'NONE',  ( 1.375164264002338488, -20.61166130683501763, 2.812467238263979041 ) ) ;
#3537 = EDGE_CURVE ( 'NONE', #1134, #4981, #4086, .T. ) ;
#3538 = CARTESIAN_POINT ( 'NONE',  ( -1.000000000000000222, -22.36226537227254951, 0.000000000000000000 ) ) ;
#3539 = CARTESIAN_POINT ( 'NONE',  ( 0.8805089721371116562, -21.65032985114223862, 0.9468585686740570440 ) ) ;
#3540 = AXIS2_PLACEMENT_3D ( 'NONE', #3754, #2497, #2521 ) ;
#3541 = CARTESIAN_POINT ( 'NONE',  ( -3.004221428565394536, -5.432567352762236901, 9.007020245390053859 ) ) ;
#3542 = ORIENTED_EDGE ( 'NONE', *, *, #3884, .T. ) ;
#3543 = DIRECTION ( 'NONE',  ( 0.000000000000000000, -1.000000000000000000, 0.000000000000000000 ) ) ;
#3544 = CARTESIAN_POINT ( 'NONE',  ( 3.109826426850085035, -5.904838411962630929, 0.6453228415265581663 ) ) ;
#3545 = CARTESIAN_POINT ( 'NONE',  ( -3.187009908993491791, -5.223600000000002019, 11.72890234814137322 ) ) ;
#3546 = CARTESIAN_POINT ( 'NONE',  ( -1.013588463637412174, -21.21373728073999487, 0.6413735517428937882 ) ) ;
#3547 = ORIENTED_EDGE ( 'NONE', *, *, #1819, .F. ) ;
#3548 = ORIENTED_EDGE ( 'NONE', *, *, #3537, .T. ) ;
#3549 = CARTESIAN_POINT ( 'NONE',  ( -0.08226810138923357218, -20.81259078729983258, 0.000000000000000000 ) ) ;
#3550 = AXIS2_PLACEMENT_3D ( 'NONE', #3135, #3676, #4003 ) ;
#3551 = CARTESIAN_POINT ( 'NONE',  ( -3.885678842741178141, -8.484223924204131961, 8.045130812015544919 ) ) ;
#3552 = DIRECTION ( 'NONE',  ( -0.000000000000000000, -1.000000000000000000, -0.000000000000000000 ) ) ;
#3553 = CARTESIAN_POINT ( 'NONE',  ( 3.306532286544410670, -5.768936860589612969, 0.6791402221139435369 ) ) ;
#3554 = CARTESIAN_POINT ( 'NONE',  ( -3.959113352804245256, -6.055416818543941204, 12.11692574521542731 ) ) ;
#3555 = EDGE_LOOP ( 'NONE', ( #3496, #3624, #5259, #3887, #3337 ) ) ;
#3556 = CARTESIAN_POINT ( 'NONE',  ( -4.104146278031051587, -8.495069740634006550, 7.934742005524476838 ) ) ;
#3557 = CARTESIAN_POINT ( 'NONE',  ( 3.266252657299149043, -13.80380809900628059, 8.973955422162966045 ) ) ;
#3558 = CONICAL_SURFACE ( 'NONE', #2700, 0.005000000000000013115, 0.1374609408134795374 ) ;
#3559 = EDGE_CURVE ( 'NONE', #3841, #2088, #4239, .T. ) ;
#3560 = CARTESIAN_POINT ( 'NONE',  ( 1.742269687996954586, -17.29552850172468226, 7.995484823901981564 ) ) ;
#3561 = CARTESIAN_POINT ( 'NONE',  ( 0.9134326880789672698, -21.82724535835041735, 0.6042713829743329157 ) ) ;
#3562 = CARTESIAN_POINT ( 'NONE',  ( 3.827001520231586795, -8.197371824968453069, 8.324516493642740045 ) ) ;
#3563 = VERTEX_POINT ( 'NONE', #2452 ) ;
#3564 = CARTESIAN_POINT ( 'NONE',  ( 2.580836151014951341, -20.61166130683501763, 2.059935809521801442 ) ) ;
#3565 = CARTESIAN_POINT ( 'NONE',  ( 0.9333333333333329040, -15.21026384782077656, 8.131487309271253849 ) ) ;
#3566 = CARTESIAN_POINT ( 'NONE',  ( 3.376716816992474168, -7.909906745743320755, 8.717557192676263611 ) ) ;
#3567 = EDGE_CURVE ( 'NONE', #4416, #4680, #4839, .T. ) ;
#3568 = DIRECTION ( 'NONE',  ( 0.000000000000000000, 0.000000000000000000, 1.000000000000000000 ) ) ;
#3569 = VERTEX_POINT ( 'NONE', #1968 ) ;
#3570 = CARTESIAN_POINT ( 'NONE',  ( -3.513424155829364182, -5.523600000000001842, 8.200000000000001066 ) ) ;
#3571 = CARTESIAN_POINT ( 'NONE',  ( 3.109826426850085035, -6.023600000000001842, 0.6453228415265582774 ) ) ;
#3572 = CARTESIAN_POINT ( 'NONE',  ( 3.775943236098434408, -8.183080667888152249, 8.353550474492335454 ) ) ;
#3573 = CARTESIAN_POINT ( 'NONE',  ( 2.986998921242901339, -5.223600000000002019, 8.306793936544908163 ) ) ;
#3574 = ORIENTED_EDGE ( 'NONE', *, *, #2091, .T. ) ;
#3575 = ORIENTED_EDGE ( 'NONE', *, *, #4704, .F. ) ;
#3576 = CARTESIAN_POINT ( 'NONE',  ( -0.6721254665227847092, -18.56123144761066612, 4.144531255609582132 ) ) ;
#3577 = FACE_OUTER_BOUND ( 'NONE', #3431, .T. ) ;
#3578 = ADVANCED_FACE ( 'NONE', ( #2050 ), #2822, .F. ) ;
#3579 = EDGE_CURVE ( 'NONE', #3983, #1140, #3980, .T. ) ;
#3580 = AXIS2_PLACEMENT_3D ( 'NONE', #605, #176, #1820 ) ;
#3581 = TOROIDAL_SURFACE ( 'NONE', #4879, 1.699999999999999956, 0.8000000000000000444 ) ;
#3582 = CARTESIAN_POINT ( 'NONE',  ( 1.157010783099998052, -21.18017553209466897, -0.1827562052059000519 ) ) ;
#3583 = VECTOR ( 'NONE', #1629, 1000.000000000000114 ) ;
#3584 = DIRECTION ( 'NONE',  ( -0.000000000000000000, -1.000000000000000000, -0.000000000000000000 ) ) ;
#3585 = CARTESIAN_POINT ( 'NONE',  ( 3.253186047781501333, -9.159521107669700513, 12.10844571462724062 ) ) ;
#3586 = ORIENTED_EDGE ( 'NONE', *, *, #3677, .F. ) ;
#3587 = CARTESIAN_POINT ( 'NONE',  ( -11.24999999999999822, -8.223600000000001131, 8.200000000000001066 ) ) ;
#3588 = VECTOR ( 'NONE', #5191, 1000.000000000000114 ) ;
#3589 = CARTESIAN_POINT ( 'NONE',  ( -0.6677926086391932081, -20.61166130683517039, -0.1054815087421945713 ) ) ;
#3590 = CARTESIAN_POINT ( 'NONE',  ( -0.6503202544897052073, -6.023600000000001842, 0.000000000000000000 ) ) ;
#3591 = CARTESIAN_POINT ( 'NONE',  ( 0.9821442100481541093, -21.64482645897464863, 0.5417393651081853223 ) ) ;
#3592 = ADVANCED_FACE ( 'NONE', ( #1535 ), #5106, .F. ) ;
#3593 = DIRECTION ( 'NONE',  ( -1.000000000000000000, 0.000000000000000000, 0.000000000000000000 ) ) ;
#3594 = VERTEX_POINT ( 'NONE', #3379 ) ;
#3595 = CARTESIAN_POINT ( 'NONE',  ( 0.4304120419186205915, -20.61166130682496700, 0.4714606619910206575 ) ) ;
#3596 = AXIS2_PLACEMENT_3D ( 'NONE', #433, #2089, #4504 ) ;
#3597 = CARTESIAN_POINT ( 'NONE',  ( 0.02667589214628307559, -18.45460168286246372, 4.096547861472892293 ) ) ;
#3598 = DIRECTION ( 'NONE',  ( -0.000000000000000000, -1.000000000000000000, -0.000000000000000000 ) ) ;
#3599 = CARTESIAN_POINT ( 'NONE',  ( -3.455561915872932044, -5.944431284698760365, 8.678681889892812862 ) ) ;
#3600 = ORIENTED_EDGE ( 'NONE', *, *, #3511, .F. ) ;
#3601 = DIRECTION ( 'NONE',  ( 0.1726828779160892446, 0.000000000000000000, -0.9849774736889250759 ) ) ;
#3602 = CARTESIAN_POINT ( 'NONE',  ( 1.071293912522879310, -5.291176565819550426, -3.608609239872190511 ) ) ;
#3603 = DIRECTION ( 'NONE',  ( 0.000000000000000000, 0.000000000000000000, -1.000000000000000000 ) ) ;
#3604 = CARTESIAN_POINT ( 'NONE',  ( -4.241347665295657876, -8.523600000000001842, 8.200000000000001066 ) ) ;
#3605 = ORIENTED_EDGE ( 'NONE', *, *, #4551, .F. ) ;
#3606 = ORIENTED_EDGE ( 'NONE', *, *, #3772, .T. ) ;
#3607 = CARTESIAN_POINT ( 'NONE',  ( 1.000000000000000000, -22.36226537227254951, 0.000000000000000000 ) ) ;
#3608 = CARTESIAN_POINT ( 'NONE',  ( 0.8658282859410002530, -19.54712115499987135, 2.560340588188027233 ) ) ;
#3609 = EDGE_CURVE ( 'NONE', #3648, #1731, #1025, .T. ) ;
#3610 = DIRECTION ( 'NONE',  ( -0.000000000000000000, -1.000000000000000000, -0.000000000000000000 ) ) ;
#3611 = ADVANCED_FACE ( 'NONE', ( #2550 ), #4164, .T. ) ;
#3612 = DIRECTION ( 'NONE',  ( -0.000000000000000000, -1.000000000000000000, -0.000000000000000000 ) ) ;
#3613 = CARTESIAN_POINT ( 'NONE',  ( 3.729937417985120351, -6.023600000000001842, 8.499999999999998224 ) ) ;
#3614 = ORIENTED_EDGE ( 'NONE', *, *, #1689, .T. ) ;
#3615 = DIRECTION ( 'NONE',  ( 0.09651661677931154537, 0.9593568584831291268, 0.2651772252039324984 ) ) ;
#3616 = CARTESIAN_POINT ( 'NONE',  ( 0.000000000000000000, -113.4931647825010117, 0.000000000000000000 ) ) ;
#3617 = CARTESIAN_POINT ( 'NONE',  ( 3.788271908540509880, -10.60012672101624176, 10.40819152746921183 ) ) ;
#3618 = CARTESIAN_POINT ( 'NONE',  ( -3.729937417985099035, -6.023600000000001842, 8.500000000000000000 ) ) ;
#3619 = ORIENTED_EDGE ( 'NONE', *, *, #2026, .T. ) ;
#3620 = CARTESIAN_POINT ( 'NONE',  ( -0.3019622087467599414, -20.22942800702929844, 1.014217804481532426 ) ) ;
#3621 = CARTESIAN_POINT ( 'NONE',  ( 0.5519150099230999418, -22.81035036234944968, 0.000000000000000000 ) ) ;
#3622 = CARTESIAN_POINT ( 'NONE',  ( 3.438827504253653800, -7.912858586647908865, 8.499999999999998224 ) ) ;
#3623 = FACE_OUTER_BOUND ( 'NONE', #4073, .T. ) ;
#3624 = ORIENTED_EDGE ( 'NONE', *, *, #1153, .T. ) ;
#3625 = CARTESIAN_POINT ( 'NONE',  ( 0.2547808928740680767, -20.60623523972520488, -0.05914699829070412668 ) ) ;
#3626 = AXIS2_PLACEMENT_3D ( 'NONE', #3273, #804, #2426 ) ;
#3627 = FACE_OUTER_BOUND ( 'NONE', #3641, .T. ) ;
#3628 = CIRCLE ( 'NONE', #3285, 0.4199999999999994849 ) ;
#3629 = CARTESIAN_POINT ( 'NONE',  ( -3.265492871580280898, -13.80763273876265274, 8.971867928056832753 ) ) ;
#3630 = ORIENTED_EDGE ( 'NONE', *, *, #4172, .T. ) ;
#3631 = EDGE_LOOP ( 'NONE', ( #2747, #1423, #5335, #5026 ) ) ;
#3632 = CARTESIAN_POINT ( 'NONE',  ( 0.4967235089307897034, -10.22360000000000291, 10.53529359296444490 ) ) ;
#3633 = CARTESIAN_POINT ( 'NONE',  ( -3.081957538265836849, -5.223600000000002019, -1.429910330520145267 ) ) ;
#3634 = B_SPLINE_CURVE_WITH_KNOTS ( 'NONE', 3,
 ( #3189, #2022, #5334, #307 ),
 .UNSPECIFIED., .F., .F.,
 ( 4, 4 ),
 ( 0.000000000000000000, 0.0005526472373372334941 ),
 .UNSPECIFIED. ) ;
#3635 = DIRECTION ( 'NONE',  ( 0.000000000000000000, 0.000000000000000000, -1.000000000000000000 ) ) ;
#3636 = AXIS2_PLACEMENT_3D ( 'NONE', #3845, #4359, #3439 ) ;
#3637 = LINE ( 'NONE', #1519, #833 ) ;
#3638 = DIRECTION ( 'NONE',  ( 0.000000000000000000, 0.000000000000000000, -1.000000000000000000 ) ) ;
#3639 = ADVANCED_FACE ( 'NONE', ( #2181 ), #4627, .T. ) ;
#3640 = EDGE_CURVE ( 'NONE', #4107, #5288, #1614, .T. ) ;
#3641 = EDGE_LOOP ( 'NONE', ( #2671, #1487, #1107, #2641 ) ) ;
#3642 = CARTESIAN_POINT ( 'NONE',  ( 0.6710326273061173463, -10.22360000000000291, 3.139648368580122639 ) ) ;
#3643 = CARTESIAN_POINT ( 'NONE',  ( 3.924003182853491367, -7.544364581038501605, 8.148064013328390587 ) ) ;
#3644 = EDGE_CURVE ( 'NONE', #3783, #4546, #3335, .T. ) ;
#3645 = AXIS2_PLACEMENT_3D ( 'NONE', #4673, #3050, #526 ) ;
#3646 = CARTESIAN_POINT ( 'NONE',  ( 4.307204421590859589, -9.124305920379720547, 11.83394688929496752 ) ) ;
#3647 = CARTESIAN_POINT ( 'NONE',  ( -3.291865398745457583, -6.034655425070810431, 9.044325850937120492 ) ) ;
#3648 = VERTEX_POINT ( 'NONE', #2678 ) ;
#3649 = CARTESIAN_POINT ( 'NONE',  ( -1.390348594789820647, -20.61166130685509401, 2.552946584487912673 ) ) ;
#3650 = EDGE_CURVE ( 'NONE', #1931, #3083, #2577, .T. ) ;
#3651 = CARTESIAN_POINT ( 'NONE',  ( -2.944998364066554242, -15.15189579060438341, 8.091316505603641573 ) ) ;
#3652 = CARTESIAN_POINT ( 'NONE',  ( -0.6285546842677214308, -5.998740736633151549, 3.282261729328323607 ) ) ;
#3653 = ORIENTED_EDGE ( 'NONE', *, *, #3868, .T. ) ;
#3654 = CARTESIAN_POINT ( 'NONE',  ( 4.437123504770558391, -6.023600000000001842, 12.19089663668835222 ) ) ;
#3655 = CARTESIAN_POINT ( 'NONE',  ( 11.25000000000000178, -7.923600000000001309, 8.499999999999996447 ) ) ;
#3656 = CARTESIAN_POINT ( 'NONE',  ( 3.879392312753860761, -8.208435029164180108, 8.298878568889039187 ) ) ;
#3657 = DIRECTION ( 'NONE',  ( -1.000000000000000000, 0.000000000000000000, 0.000000000000000000 ) ) ;
#3658 = EDGE_CURVE ( 'NONE', #2715, #1555, #5092, .T. ) ;
#3659 = ORIENTED_EDGE ( 'NONE', *, *, #1181, .F. ) ;
#3660 = DIRECTION ( 'NONE',  ( 2.571407403092374569E-16, 0.000000000000000000, 1.000000000000000000 ) ) ;
#3661 = VECTOR ( 'NONE', #2842, 1000.000000000000000 ) ;
#3662 = DIRECTION ( 'NONE',  ( -0.000000000000000000, -1.000000000000000000, -0.000000000000000000 ) ) ;
#3663 = DIRECTION ( 'NONE',  ( -0.000000000000000000, -1.000000000000000000, -0.000000000000000000 ) ) ;
#3664 = CARTESIAN_POINT ( 'NONE',  ( -0.9335902751846569814, -22.13500076023536778, 0.4696654584637608987 ) ) ;
#3665 = ORIENTED_EDGE ( 'NONE', *, *, #2186, .F. ) ;
#3666 = CARTESIAN_POINT ( 'NONE',  ( 0.9691350350171328287, -20.43256884302873644, 1.100394094470963813 ) ) ;
#3667 = AXIS2_PLACEMENT_3D ( 'NONE', #8, #3663, #85 ) ;
#3668 = CARTESIAN_POINT ( 'NONE',  ( 3.208732942765628149, -12.16997857686658513, 8.815921305308643596 ) ) ;
#3669 = CARTESIAN_POINT ( 'NONE',  ( 4.047303028041370432, -7.116320977522758717, 11.11987367923387815 ) ) ;
#3670 = CARTESIAN_POINT ( 'NONE',  ( -3.084422888646709104, -5.904651119133520254, -0.6299141292494768729 ) ) ;
#3671 = CIRCLE ( 'NONE', #3410, 8.933316705776793043 ) ;
#3672 = VERTEX_POINT ( 'NONE', #5119 ) ;
#3673 = CARTESIAN_POINT ( 'NONE',  ( 0.1254094339170928329, -20.28420899662555854, 0.8716400220093410978 ) ) ;
#3674 = CIRCLE ( 'NONE', #5061, 3.225122630638374233 ) ;
#3675 = DIRECTION ( 'NONE',  ( 0.000000000000000000, 0.000000000000000000, 1.000000000000000000 ) ) ;
#3676 = DIRECTION ( 'NONE',  ( 1.000000000000000000, 0.000000000000000000, -1.224646799147353207E-16 ) ) ;
#3677 = EDGE_CURVE ( 'NONE', #4762, #1868, #2599, .T. ) ;
#3678 = EDGE_LOOP ( 'NONE', ( #528, #3311, #3529, #3659 ) ) ;
#3679 = CARTESIAN_POINT ( 'NONE',  ( 0.6448482681605537392, -20.29570110855319598, 1.138390672643628143 ) ) ;
#3680 = AXIS2_PLACEMENT_3D ( 'NONE', #793, #3615, #4395 ) ;
#3681 = CARTESIAN_POINT ( 'NONE',  ( 11.12573593128807303, -8.223600000000001131, 8.375735931288067704 ) ) ;
#3682 = CARTESIAN_POINT ( 'NONE',  ( -1.261856385407914338, -20.62260342423494563, -0.01335005505305014370 ) ) ;
#3683 = CARTESIAN_POINT ( 'NONE',  ( 3.513424155830964235, -5.523600000000002730, 8.499999999999998224 ) ) ;
#3684 = ORIENTED_EDGE ( 'NONE', *, *, #2271, .T. ) ;
#3685 = CARTESIAN_POINT ( 'NONE',  ( 3.218725199566341288E-16, -10.22360000000000291, 8.735293592964444187 ) ) ;
#3686 = CARTESIAN_POINT ( 'NONE',  ( -0.9872239150166923771, -21.39790019991517411, 0.8202857686240647705 ) ) ;
#3687 = EDGE_CURVE ( 'NONE', #3418, #1162, #774, .T. ) ;
#3688 = CARTESIAN_POINT ( 'NONE',  ( 3.898108921581643571, -5.223600000000002019, -1.398898244722208029 ) ) ;
#3689 = CARTESIAN_POINT ( 'NONE',  ( 1.123995134491842407, -21.02143372703238100, 0.4012947969125333358 ) ) ;
#3690 = CARTESIAN_POINT ( 'NONE',  ( -3.457661085633339404, -6.023600000000001842, 8.673967295592584392 ) ) ;
#3691 = CYLINDRICAL_SURFACE ( 'NONE', #64, 3.225122630638373344 ) ;
#3692 = ORIENTED_EDGE ( 'NONE', *, *, #943, .F. ) ;
#3693 = CARTESIAN_POINT ( 'NONE',  ( 1.069008117657814338, -20.55336883768792688, 0.6767764253676383790 ) ) ;
#3694 = DIRECTION ( 'NONE',  ( 0.000000000000000000, 0.000000000000000000, 1.000000000000000000 ) ) ;
#3695 = CARTESIAN_POINT ( 'NONE',  ( 3.109826426850085035, -10.22360000000000291, 0.6453228415265582774 ) ) ;
#3696 = CARTESIAN_POINT ( 'NONE',  ( -2.480839573266230502, -5.223600000000002019, 8.675416874687108759 ) ) ;
#3697 = ORIENTED_EDGE ( 'NONE', *, *, #3644, .F. ) ;
#3698 = CARTESIAN_POINT ( 'NONE',  ( -0.6928653942053727421, -20.60743502292950069, 0.07696127518836212711 ) ) ;
#3699 = DIRECTION ( 'NONE',  ( 0.000000000000000000, 0.000000000000000000, -1.000000000000000000 ) ) ;
#3700 = CARTESIAN_POINT ( 'NONE',  ( -2.133284693894466510, -18.74731140095567739, 5.948959573963162661 ) ) ;
#3701 = ORIENTED_EDGE ( 'NONE', *, *, #639, .F. ) ;
#3702 = CARTESIAN_POINT ( 'NONE',  ( 3.288510709327555404, -5.946340969301654233, 9.035623586463072954 ) ) ;
#3703 = EDGE_CURVE ( 'NONE', #3418, #4822, #3364, .T. ) ;
#3704 = EDGE_CURVE ( 'NONE', #2000, #4465, #1742, .T. ) ;
#3705 = CARTESIAN_POINT ( 'NONE',  ( -3.739707014031116827, -8.262545034993129534, 8.150675557059356535 ) ) ;
#3706 = EDGE_CURVE ( 'NONE', #3861, #3081, #2949, .T. ) ;
#3707 = DIRECTION ( 'NONE',  ( -0.000000000000000000, -1.000000000000000000, -0.000000000000000000 ) ) ;
#3708 = CARTESIAN_POINT ( 'NONE',  ( 0.000000000000000000, -18.61166130683500342, 0.000000000000000000 ) ) ;
#3709 = CARTESIAN_POINT ( 'NONE',  ( 2.754752428372135853, -5.523600000000000954, 8.443349976651690625 ) ) ;
#3710 = VECTOR ( 'NONE', #2495, 1000.000000000000000 ) ;
#3711 = LINE ( 'NONE', #450, #4897 ) ;
#3712 = CARTESIAN_POINT ( 'NONE',  ( 1.400276565858553646, -5.223600000000002019, 3.718471967015575252 ) ) ;
#3713 = CARTESIAN_POINT ( 'NONE',  ( 0.9918152550817757040, -21.59346493180895621, 0.5410954837415015151 ) ) ;
#3714 = CARTESIAN_POINT ( 'NONE',  ( -3.291752194407000953, -6.023600000000002730, 9.044014824573416433 ) ) ;
#3715 = LINE ( 'NONE', #1278, #2394 ) ;
#3716 = EDGE_LOOP ( 'NONE', ( #3214, #2832, #4852, #4098, #4013, #1024, #3977, #2272, #2340, #5095, #903, #1768, #3078, #1687, #3254, #2376, #4731, #2538, #4866, #2691 ) ) ;
#3717 = FACE_OUTER_BOUND ( 'NONE', #854, .T. ) ;
#3718 = CARTESIAN_POINT ( 'NONE',  ( -1.746425629107297040, -13.46581578397376511, 0.4031941259273197353 ) ) ;
#3719 = CARTESIAN_POINT ( 'NONE',  ( -0.7495242647236494138, -19.99879134541441417, 1.750633187280324909 ) ) ;
#3720 = CARTESIAN_POINT ( 'NONE',  ( -2.727281570987643011, -5.265127904321196262, 8.675187368286412237 ) ) ;
#3721 = ORIENTED_EDGE ( 'NONE', *, *, #4455, .F. ) ;
#3722 = CARTESIAN_POINT ( 'NONE',  ( -0.6913611902238347984, -20.61166130683499631, -0.01636354259776030828 ) ) ;
#3723 = AXIS2_PLACEMENT_3D ( 'NONE', #2406, #3657, #4821 ) ;
#3724 = B_SPLINE_SURFACE_WITH_KNOTS ( 'NONE', 3, 3, ( 
 ( #3863, #4652, #964, #3483 ),
 ( #1824, #4733, #5148, #2184 ),
 ( #3458, #3838, #3512, #2607 ),
 ( #1881, #2707, #5122, #1426 ),
 ( #1018, #2658, #4300, #608 ),
 ( #3433, #2261, #4351, #4246 ),
 ( #203, #558, #5093, #1453 ),
 ( #3538, #664, #3134, #1158 ),
 ( #306, #4406, #1964, #280 ),
 ( #3621, #1933, #4461, #3188 ),
 ( #2738, #2846, #3565, #1532 ),
 ( #3217, #4814, #1131, #3162 ),
 ( #254, #4843, #2790, #5306 ),
 ( #4381, #4057, #1183, #3947 ),
 ( #1557, #4032, #2762, #1104 ),
 ( #689, #716, #745, #2818 ),
 ( #4435, #3597, #4784, #2366 ),
 ( #2337, #1992, #3974, #4002 ) ),
 .UNSPECIFIED., .T., .F., .F.,
 ( 4, 1, 1, 1, 1, 2, 2, 2, 1, 1, 1, 1, 4 ),
 ( 4, 4 ),
 ( 0.000000000000000000, 0.01249999999999995559, 0.02499999999999991118, 0.03750000000000008882, 0.05000000000000004441, 0.2500000000000000000, 0.5000000000000000000, 0.7500000000000000000, 0.9499999999999999556, 0.9625000000000000222, 0.9749999999999999778, 0.9875000000000000444, 1.000000000000000000 ),
 ( 0.000000000000000000, 1.000000000000000000 ),
 .UNSPECIFIED. ) ;
#3725 = CARTESIAN_POINT ( 'NONE',  ( 2.833325766882833996, -5.223600000000000243, 8.549869660988626663 ) ) ;
#3726 = CARTESIAN_POINT ( 'NONE',  ( -3.903623508564612710, -5.223600000000002019, 1.383435205198631168 ) ) ;
#3727 = ORIENTED_EDGE ( 'NONE', *, *, #2682, .F. ) ;
#3728 = CARTESIAN_POINT ( 'NONE',  ( 2.509763678576338100E-14, 0.000000000000000000, -9.134792740442378775E-15 ) ) ;
#3729 = CARTESIAN_POINT ( 'NONE',  ( -0.6921934820950402800, -20.60713685047913302, 0.07925693585685913978 ) ) ;
#3730 = ADVANCED_FACE ( 'NONE', ( #3510 ), #1397, .F. ) ;
#3731 = FACE_OUTER_BOUND ( 'NONE', #2323, .T. ) ;
#3732 = CARTESIAN_POINT ( 'NONE',  ( 0.2165220344382302875, -10.22360000000000291, 8.760577076464320712 ) ) ;
#3733 = ADVANCED_FACE ( 'NONE', ( #4324 ), #5144, .T. ) ;
#3734 = CARTESIAN_POINT ( 'NONE',  ( -0.9915763515739465239, -21.21966277233245535, 0.9840120994156272838 ) ) ;
#3735 = DIRECTION ( 'NONE',  ( 0.9937044044088076955, 0.000000000000000000, 0.1120337300036775008 ) ) ;
#3736 = EDGE_CURVE ( 'NONE', #1162, #2099, #484, .T. ) ;
#3737 = CARTESIAN_POINT ( 'NONE',  ( -0.4147458978654435802, -22.09414174686533272, 0.9729131631699476923 ) ) ;
#3738 = DIRECTION ( 'NONE',  ( -2.571407403092368652E-16, 0.000000000000000000, -1.000000000000000000 ) ) ;
#3739 = DIRECTION ( 'NONE',  ( -0.000000000000000000, 0.000000000000000000, -1.000000000000000000 ) ) ;
#3740 = ADVANCED_FACE ( 'NONE', ( #2313 ), #308, .T. ) ;
#3741 = ORIENTED_EDGE ( 'NONE', *, *, #5107, .T. ) ;
#3742 = DIRECTION ( 'NONE',  ( 0.000000000000000000, 0.000000000000000000, -1.000000000000000000 ) ) ;
#3743 = ADVANCED_FACE ( 'NONE', ( #4108 ), #2545, .T. ) ;
#3744 = TOROIDAL_SURFACE ( 'NONE', #3054, 1.699999999999999956, 0.8000000000000000444 ) ;
#3745 = DIRECTION ( 'NONE',  ( -0.01832257718630355206, 0.000000000000000000, 0.9998321274920365376 ) ) ;
#3746 = CARTESIAN_POINT ( 'NONE',  ( -0.9034297955840414618, -19.96128770257579887, 2.040798278703503499 ) ) ;
#3747 = DIRECTION ( 'NONE',  ( 0.000000000000000000, 0.000000000000000000, -1.000000000000000000 ) ) ;
#3748 = ORIENTED_EDGE ( 'NONE', *, *, #2336, .F. ) ;
#3749 = CARTESIAN_POINT ( 'NONE',  ( -1.375183872311627864, -20.61166130683498210, 2.812132411078186678 ) ) ;
#3750 = ORIENTED_EDGE ( 'NONE', *, *, #4078, .F. ) ;
#3751 = AXIS2_PLACEMENT_3D ( 'NONE', #5062, #960, #2603 ) ;
#3752 = EDGE_CURVE ( 'NONE', #4238, #270, #3911, .T. ) ;
#3753 = AXIS2_PLACEMENT_3D ( 'NONE', #4045, #3147, #5292 ) ;
#3754 = CARTESIAN_POINT ( 'NONE',  ( -6.776263578034402713E-18, -5.223600000000002019, 9.635293592964444542 ) ) ;
#3755 = AXIS2_PLACEMENT_3D ( 'NONE', #5188, #4369, #1202 ) ;
#3756 = CARTESIAN_POINT ( 'NONE',  ( 0.000000000000000000, -19.33677803222980174, 0.000000000000000000 ) ) ;
#3757 = VERTEX_POINT ( 'NONE', #4951 ) ;
#3758 = CARTESIAN_POINT ( 'NONE',  ( 1.450320254489705141, -5.223600000000002019, -3.679093547527703123 ) ) ;
#3759 = CIRCLE ( 'NONE', #3155, 3.341904105585355556 ) ;
#3760 = CYLINDRICAL_SURFACE ( 'NONE', #4753, 3.225122630638374233 ) ;
#3761 = CYLINDRICAL_SURFACE ( 'NONE', #4854, 0.8999999999999998002 ) ;
#3762 = DIRECTION ( 'NONE',  ( -0.000000000000000000, -1.000000000000000000, -0.000000000000000000 ) ) ;
#3763 = CARTESIAN_POINT ( 'NONE',  ( 0.000000000000000000, -18.45460168286246372, 4.096547861472892293 ) ) ;
#3764 = CARTESIAN_POINT ( 'NONE',  ( -3.509293075177677412, -5.889399069043211199, 8.500000000000001776 ) ) ;
#3765 = CIRCLE ( 'NONE', #4370, 0.9999999999999997780 ) ;
#3766 = CARTESIAN_POINT ( 'NONE',  ( 1.221751771464633984, -5.223600000000001131, 3.577223717338941178 ) ) ;
#3767 = CARTESIAN_POINT ( 'NONE',  ( -0.3269995154784108293, -22.10608026189087028, 1.000823799557640559 ) ) ;
#3768 = DIRECTION ( 'NONE',  ( 0.000000000000000000, 0.000000000000000000, -1.000000000000000000 ) ) ;
#3769 = CARTESIAN_POINT ( 'NONE',  ( -3.441300633568416867, -6.670497139496938566, 8.684986660162275385 ) ) ;
#3770 = EDGE_LOOP ( 'NONE', ( #4860, #3937, #1765, #4520 ) ) ;
#3771 = CARTESIAN_POINT ( 'NONE',  ( 3.396543002201465100, -6.061773215555093408, 12.50003054011984993 ) ) ;
#3772 = EDGE_CURVE ( 'NONE', #814, #618, #69, .T. ) ;
#3773 = CARTESIAN_POINT ( 'NONE',  ( -3.178844199197635945, -5.593219279725865078, 0.7775153195874748846 ) ) ;
#3774 = CARTESIAN_POINT ( 'NONE',  ( -0.9019258629282789208, -19.50372216756866806, 2.718174575703659723 ) ) ;
#3775 = EDGE_CURVE ( 'NONE', #3418, #3083, #703, .T. ) ;
#3776 = CARTESIAN_POINT ( 'NONE',  ( 0.000000000000000000, -5.223600000000002019, 0.000000000000000000 ) ) ;
#3777 = ORIENTED_EDGE ( 'NONE', *, *, #5285, .T. ) ;
#3778 = CARTESIAN_POINT ( 'NONE',  ( -0.7987075918970493182, -19.84845552392209100, 2.049560259105745352 ) ) ;
#3779 = B_SPLINE_CURVE_WITH_KNOTS ( 'NONE', 3,
 ( #638, #3922, #4737, #5256, #4791, #287 ),
 .UNSPECIFIED., .F., .F.,
 ( 4, 2, 4 ),
 ( 0.000000000000000000, 0.0004027428963622093792, 0.0008054857927244187584 ),
 .UNSPECIFIED. ) ;
#3780 = EDGE_LOOP ( 'NONE', ( #3389, #4364, #5260, #3345, #5175 ) ) ;
#3781 = DIRECTION ( 'NONE',  ( 0.9972455493786916980, -0.000000000000000000, 0.07417084497557847877 ) ) ;
#3782 = CARTESIAN_POINT ( 'NONE',  ( 0.000000000000000000, -6.061773215555091632, -3.903127820947815962E-14 ) ) ;
#3783 = VERTEX_POINT ( 'NONE', #902 ) ;
#3784 = CARTESIAN_POINT ( 'NONE',  ( 2.851861329661279143, -5.363559829287773972, 8.852769557634559305 ) ) ;
#3785 = CARTESIAN_POINT ( 'NONE',  ( 3.760325505429086057, -5.223600000000000243, -1.217817242320321292 ) ) ;
#3786 = LINE ( 'NONE', #424, #2101 ) ;
#3787 = CARTESIAN_POINT ( 'NONE',  ( -3.187009908993384322, -5.223600000000002019, 11.72890234814083499 ) ) ;
#3788 = CARTESIAN_POINT ( 'NONE',  ( -3.693498639196404199, -5.223600000000002019, 1.407125422105601320 ) ) ;
#3789 = B_SPLINE_CURVE_WITH_KNOTS ( 'NONE', 3,
 ( #294, #2718, #2325, #1947, #3525, #2749, #4392, #702, #5238, #1143, #3608, #3202 ),
 .UNSPECIFIED., .F., .F.,
 ( 4, 2, 2, 2, 2, 4 ),
 ( 0.002577865256127179726, 0.002739702725623154988, 0.002901540195119130250, 0.003225215134111080340, 0.003872565012094977051, 0.005167264768062769173 ),
 .UNSPECIFIED. ) ;
#3790 = CARTESIAN_POINT ( 'NONE',  ( 0.7801388640427392440, -5.594242407840573250, 3.199213494793394119 ) ) ;
#3791 = CARTESIAN_POINT ( 'NONE',  ( -0.8488011369867657363, -21.91304981679805763, 0.6763616577733099211 ) ) ;
#3792 = CARTESIAN_POINT ( 'NONE',  ( 4.091055776410189360, -8.221733396897986879, 8.238416724235069211 ) ) ;
#3793 = CARTESIAN_POINT ( 'NONE',  ( 3.958713318510146184, -8.491368156667252975, 8.009100825321855410 ) ) ;
#3794 = ORIENTED_EDGE ( 'NONE', *, *, #1247, .T. ) ;
#3795 = VERTEX_POINT ( 'NONE', #3344 ) ;
#3796 = CARTESIAN_POINT ( 'NONE',  ( 2.616584283517443321, -16.37440598557385840, 6.774672777917110089 ) ) ;
#3797 = CARTESIAN_POINT ( 'NONE',  ( -0.3475620202908072942, -20.20901966119101800, 1.066514994983228215 ) ) ;
#3798 = CARTESIAN_POINT ( 'NONE',  ( 8.673617379884035472E-16, -5.523600000000001842, -9.700000000000001066 ) ) ;
#3799 = EDGE_CURVE ( 'NONE', #2172, #2312, #5280, .T. ) ;
#3800 = VECTOR ( 'NONE', #1318, 1000.000000000000227 ) ;
#3801 = CARTESIAN_POINT ( 'NONE',  ( -3.195667718418551129, -16.44209742412759923, 6.462444789406722734 ) ) ;
#3802 = ORIENTED_EDGE ( 'NONE', *, *, #261, .T. ) ;
#3803 = ORIENTED_EDGE ( 'NONE', *, *, #1346, .T. ) ;
#3804 = DIRECTION ( 'NONE',  ( 0.000000000000000000, 1.000000000000000000, 0.000000000000000000 ) ) ;
#3805 = CARTESIAN_POINT ( 'NONE',  ( -3.661067199890358115, -7.963305615217776356, 8.500000000000000000 ) ) ;
#3806 = EDGE_CURVE ( 'NONE', #1917, #3137, #2519, .T. ) ;
#3807 = ORIENTED_EDGE ( 'NONE', *, *, #3104, .T. ) ;
#3808 = CARTESIAN_POINT ( 'NONE',  ( -3.118309305435445378, -10.55244250479772994, 0.7199184287158827411 ) ) ;
#3809 = CARTESIAN_POINT ( 'NONE',  ( -3.729937417945165645, -6.034020750188359372, 8.500000000000000000 ) ) ;
#3810 = EDGE_LOOP ( 'NONE', ( #2481, #3866, #2635, #2944 ) ) ;
#3811 = CARTESIAN_POINT ( 'NONE',  ( 3.291753065547099233, -5.984673748869642651, 9.044017207741022801 ) ) ;
#3812 = EDGE_CURVE ( 'NONE', #2312, #4688, #1863, .T. ) ;
#3813 = FACE_OUTER_BOUND ( 'NONE', #458, .T. ) ;
#3814 = EDGE_LOOP ( 'NONE', ( #79, #1925, #4205, #4698 ) ) ;
#3815 = CARTESIAN_POINT ( 'NONE',  ( 3.011335433179489929, -5.474993414660636937, 8.820174343993055999 ) ) ;
#3816 = CARTESIAN_POINT ( 'NONE',  ( -3.655500738235329727, -6.061549135176969472, 12.39945670722229742 ) ) ;
#3817 = EDGE_CURVE ( 'NONE', #767, #2443, #2375, .T. ) ;
#3818 = CARTESIAN_POINT ( 'NONE',  ( -0.9768445371725648085, -21.52798736712500016, 0.7333274780571116258 ) ) ;
#3819 = DIRECTION ( 'NONE',  ( 0.000000000000000000, 0.000000000000000000, 1.000000000000000000 ) ) ;
#3820 = CARTESIAN_POINT ( 'NONE',  ( 0.000000000000000000, -5.223600000000002019, 0.000000000000000000 ) ) ;
#3821 = ORIENTED_EDGE ( 'NONE', *, *, #3403, .T. ) ;
#3822 = CARTESIAN_POINT ( 'NONE',  ( 2.874608445896616349, -15.56732537087343360, 7.897921794874295465 ) ) ;
#3823 = DIRECTION ( 'NONE',  ( 0.04747190943337679936, 0.9988725733619625569, 0.000000000000000000 ) ) ;
#3824 = DIRECTION ( 'NONE',  ( 0.000000000000000000, 0.000000000000000000, 1.000000000000000000 ) ) ;
#3825 = FACE_OUTER_BOUND ( 'NONE', #2879, .T. ) ;
#3826 = EDGE_LOOP ( 'NONE', ( #4950, #695, #2816, #2153 ) ) ;
#3827 = CARTESIAN_POINT ( 'NONE',  ( -1.730497300222589185, -17.33169387064721079, 7.963582053480688927 ) ) ;
#3828 = CARTESIAN_POINT ( 'NONE',  ( 3.322407740230535644, -6.023600000000001842, 11.46728376463501853 ) ) ;
#3829 = TOROIDAL_SURFACE ( 'NONE', #4522, 4.025122630638374943, 0.8000000000000000444 ) ;
#3830 = EDGE_LOOP ( 'NONE', ( #4920, #872, #5235, #4621 ) ) ;
#3831 = CARTESIAN_POINT ( 'NONE',  ( 2.843222314775129433, -5.387585276417952151, 8.727499897811489049 ) ) ;
#3832 = CARTESIAN_POINT ( 'NONE',  ( -0.8144348293302466901, -5.499692205502715758, 3.251757441637784130 ) ) ;
#3833 = ORIENTED_EDGE ( 'NONE', *, *, #4533, .F. ) ;
#3834 = DIRECTION ( 'NONE',  ( 0.2249510543438620613, 0.000000000000000000, 0.9743700647852359120 ) ) ;
#3835 = VECTOR ( 'NONE', #2517, 999.9999999999998863 ) ;
#3836 = EDGE_CURVE ( 'NONE', #1254, #1416, #2938, .T. ) ;
#3837 = TOROIDAL_SURFACE ( 'NONE', #3667, 0.6760719760784638099, 0.5000000000000000000 ) ;
#3838 = CARTESIAN_POINT ( 'NONE',  ( -0.07952583134292592892, -18.45609529949605587, 4.097219988958008763 ) ) ;
#3839 = EDGE_CURVE ( 'NONE', #949, #1396, #1347, .T. ) ;
#3840 = CARTESIAN_POINT ( 'NONE',  ( -0.6503202544897053183, -5.904978323830663456, -3.089420301609855368 ) ) ;
#3841 = VERTEX_POINT ( 'NONE', #5027 ) ;
#3842 = AXIS2_PLACEMENT_3D ( 'NONE', #4972, #434, #4613 ) ;
#3843 = DIRECTION ( 'NONE',  ( -1.000000000000000000, 0.000000000000000000, 0.000000000000000000 ) ) ;
#3844 = AXIS2_PLACEMENT_3D ( 'NONE', #3084, #1378, #5152 ) ;
#3845 = CARTESIAN_POINT ( 'NONE',  ( 0.000000000000000000, -8.223600000000001131, 8.500000000000000000 ) ) ;
#3846 = CARTESIAN_POINT ( 'NONE',  ( 2.983318566024173002, -5.348825558835694771, 8.581241967051951747 ) ) ;
#3847 = CARTESIAN_POINT ( 'NONE',  ( 3.885678842742608996, -8.484223924201712563, 8.045130812015113264 ) ) ;
#3848 = DIRECTION ( 'NONE',  ( 0.008183691381810513643, -0.9997136960789194671, -0.02248450727930976709 ) ) ;
#3849 = ORIENTED_EDGE ( 'NONE', *, *, #3884, .F. ) ;
#3850 = CARTESIAN_POINT ( 'NONE',  ( 3.331779747207937792, -5.223600000000002019, 11.49303340951074759 ) ) ;
#3851 = VECTOR ( 'NONE', #2279, 1000.000000000000000 ) ;
#3852 = CARTESIAN_POINT ( 'NONE',  ( 0.6503202544897052073, -7.214927731330993410, -3.239471322407389664 ) ) ;
#3853 = LINE ( 'NONE', #3499, #5295 ) ;
#3854 = CARTESIAN_POINT ( 'NONE',  ( -1.063774706405872461, -19.11574905626671850, 6.067736046181169129 ) ) ;
#3855 = ORIENTED_EDGE ( 'NONE', *, *, #4566, .T. ) ;
#3856 = CARTESIAN_POINT ( 'NONE',  ( -3.397946926705350812, -5.971741936877989154, 12.50386603094847437 ) ) ;
#3857 = CARTESIAN_POINT ( 'NONE',  ( -3.664841231626898566, -7.923599999999999532, 8.800000000000000711 ) ) ;
#3858 = ORIENTED_EDGE ( 'NONE', *, *, #1804, .T. ) ;
#3859 = CARTESIAN_POINT ( 'NONE',  ( -3.370449695908279697, -9.141479197355868891, 9.260234432915673608 ) ) ;
#3860 = FACE_OUTER_BOUND ( 'NONE', #348, .T. ) ;
#3861 = VERTEX_POINT ( 'NONE', #3316 ) ;
#3862 = CARTESIAN_POINT ( 'NONE',  ( 3.273487542419989182, -5.695201313513445385, 8.745388459022011673 ) ) ;
#3863 = CARTESIAN_POINT ( 'NONE',  ( 1.643243917673342658E-16, -20.81035036234944613, 0.000000000000000000 ) ) ;
#3864 = CARTESIAN_POINT ( 'NONE',  ( 3.188637669723966006, -8.823602336257756917, -0.6494560253716487042 ) ) ;
#3865 = EDGE_CURVE ( 'NONE', #4107, #2201, #932, .T. ) ;
#3866 = ORIENTED_EDGE ( 'NONE', *, *, #819, .T. ) ;
#3867 = DIRECTION ( 'NONE',  ( 0.000000000000000000, 0.000000000000000000, 1.000000000000000000 ) ) ;
#3868 = EDGE_CURVE ( 'NONE', #1440, #4283, #4212, .T. ) ;
#3869 = CARTESIAN_POINT ( 'NONE',  ( 3.729654194219113261, -6.054859682647542485, 8.499999999999998224 ) ) ;
#3870 = CARTESIAN_POINT ( 'NONE',  ( 2.886292355423353939, -5.321368850562604891, 8.621674988325843003 ) ) ;
#3871 = CARTESIAN_POINT ( 'NONE',  ( -3.245386069062910384, -5.223600000000002908, 8.224519967056505010 ) ) ;
#3872 = ORIENTED_EDGE ( 'NONE', *, *, #518, .T. ) ;
#3873 = CARTESIAN_POINT ( 'NONE',  ( 4.109837019313274276, -5.223600000000002908, 11.88150328818065660 ) ) ;
#3874 = CARTESIAN_POINT ( 'NONE',  ( 1.157010783099966300, -21.18017553209467962, -0.1827562052060903164 ) ) ;
#3875 = CARTESIAN_POINT ( 'NONE',  ( -3.603232855905320164, -13.43030666894756742, 7.287696087126512623 ) ) ;
#3876 = CARTESIAN_POINT ( 'NONE',  ( -2.791816586541716827, -15.96953395451211932, 7.701754535478980479 ) ) ;
#3877 = VERTEX_POINT ( 'NONE', #873 ) ;
#3878 = CARTESIAN_POINT ( 'NONE',  ( -3.042667944269327407, -14.83493352326423498, 8.359661471778373709 ) ) ;
#3879 = AXIS2_PLACEMENT_3D ( 'NONE', #3432, #2232, #1069 ) ;
#3880 = CARTESIAN_POINT ( 'NONE',  ( -0.6677926086391932081, -20.61166130683517039, -0.1054815087421945713 ) ) ;
#3881 = CARTESIAN_POINT ( 'NONE',  ( 1.096514714922363964, -18.96477113877152476, 6.254483981276683480 ) ) ;
#3882 = FACE_OUTER_BOUND ( 'NONE', #263, .T. ) ;
#3883 = B_SPLINE_CURVE_WITH_KNOTS ( 'NONE', 3,
 ( #1493, #4021, #1924, #2779, #3528, #3554, #1467, #296, #5241, #765 ),
 .UNSPECIFIED., .F., .F.,
 ( 4, 2, 2, 2, 4 ),
 ( 0.000000000000000000, 0.0004115211904461610446, 0.0008230423808923220891, 0.001234563571338483188, 0.001646084761784644178 ),
 .UNSPECIFIED. ) ;
#3884 = EDGE_CURVE ( 'NONE', #4152, #3039, #1366, .T. ) ;
#3885 = CARTESIAN_POINT ( 'NONE',  ( 2.053966067851885944E-16, -17.33419824958559374, -1.677190573871533363 ) ) ;
#3886 = PRODUCT_DEFINITION ( 'UNKNOWN', '', #71, #3001 ) ;
#3887 = ORIENTED_EDGE ( 'NONE', *, *, #714, .T. ) ;
#3888 = CARTESIAN_POINT ( 'NONE',  ( 1.089045895873349989, -21.35843541453788674, 0.3593860633600297616 ) ) ;
#3889 = CARTESIAN_POINT ( 'NONE',  ( -0.9761552114773246469, -20.70769255847044121, 1.326337211960829654 ) ) ;
#3890 = CARTESIAN_POINT ( 'NONE',  ( 0.9740098578267508689, -20.41075833547423457, 1.837639111496113919 ) ) ;
#3891 = VERTEX_POINT ( 'NONE', #4290 ) ;
#3892 = CARTESIAN_POINT ( 'NONE',  ( 11.21744946452858116, -5.366787503258612979, 0.001912096936273270350 ) ) ;
#3893 = VERTEX_POINT ( 'NONE', #3071 ) ;
#3894 = VECTOR ( 'NONE', #3675, 1000.000000000000000 ) ;
#3895 = EDGE_CURVE ( 'NONE', #4615, #1244, #2907, .T. ) ;
#3896 = FACE_OUTER_BOUND ( 'NONE', #3460, .T. ) ;
#3897 = CARTESIAN_POINT ( 'NONE',  ( 3.408845696340117915, -15.31426115654781661, 6.769381221029466822 ) ) ;
#3898 = VECTOR ( 'NONE', #378, 1000.000000000000000 ) ;
#3899 = ORIENTED_EDGE ( 'NONE', *, *, #3703, .F. ) ;
#3900 = ORIENTED_EDGE ( 'NONE', *, *, #4734, .F. ) ;
#3901 = CARTESIAN_POINT ( 'NONE',  ( 4.120934238269780003, -6.028905619640443803, 11.32217376670354803 ) ) ;
#3902 = CARTESIAN_POINT ( 'NONE',  ( -10.94999999999999929, -5.223600000000002019, 0.01776588295423203734 ) ) ;
#3903 = ADVANCED_FACE ( 'NONE', ( #1441 ), #866, .T. ) ;
#3904 = FACE_OUTER_BOUND ( 'NONE', #1009, .T. ) ;
#3905 = EDGE_CURVE ( 'NONE', #2099, #935, #2119, .T. ) ;
#3906 = EDGE_CURVE ( 'NONE', #1541, #408, #1391, .T. ) ;
#3907 = CYLINDRICAL_SURFACE ( 'NONE', #3149, 0.2549999999999998379 ) ;
#3908 = ORIENTED_EDGE ( 'NONE', *, *, #1444, .F. ) ;
#3909 = FACE_OUTER_BOUND ( 'NONE', #2456, .T. ) ;
#3910 = CARTESIAN_POINT ( 'NONE',  ( 0.000000000000000000, -13.46581578397376511, 1.792363797108476042 ) ) ;
#3911 = B_SPLINE_CURVE_WITH_KNOTS ( 'NONE', 3,
 ( #1312, #2096, #1661, #465 ),
 .UNSPECIFIED., .F., .F.,
 ( 4, 4 ),
 ( 0.000000000000000000, 2.487178691048916893E-05 ),
 .UNSPECIFIED. ) ;
#3912 = DIRECTION ( 'NONE',  ( 0.000000000000000000, 0.000000000000000000, -1.000000000000000000 ) ) ;
#3913 = CARTESIAN_POINT ( 'NONE',  ( -3.417628263407323175, -7.611851033877572448, 9.389856481801514221 ) ) ;
#3914 = DIRECTION ( 'NONE',  ( -0.000000000000000000, 1.000000000000000000, -0.000000000000000000 ) ) ;
#3915 = ORIENTED_EDGE ( 'NONE', *, *, #1137, .T. ) ;
#3916 = CARTESIAN_POINT ( 'NONE',  ( 2.857386396918247140, -5.365809237181489166, 8.858397526554478318 ) ) ;
#3917 = ADVANCED_FACE ( 'NONE', ( #3909 ), #5163, .T. ) ;
#3918 = CARTESIAN_POINT ( 'NONE',  ( -1.045953057419738430, -21.08912882336882433, 0.6319025756478782174 ) ) ;
#3919 = CARTESIAN_POINT ( 'NONE',  ( 0.9463261312228447020, -19.88067425478720196, 2.392993180916134666 ) ) ;
#3920 = EDGE_LOOP ( 'NONE', ( #2295, #5056, #1196, #3033 ) ) ;
#3921 = CIRCLE ( 'NONE', #2637, 3.200333649538751768 ) ;
#3922 = CARTESIAN_POINT ( 'NONE',  ( 2.864465350237474173, -5.223600000000002908, 8.362421173657237361 ) ) ;
#3923 = ORIENTED_EDGE ( 'NONE', *, *, #4864, .F. ) ;
#3924 = CARTESIAN_POINT ( 'NONE',  ( 3.017832282474585348, -5.119137701125215045, 8.800000000000000711 ) ) ;
#3925 = CARTESIAN_POINT ( 'NONE',  ( 1.046604068189070258, -19.33677803222981240, 5.969795288785544329 ) ) ;
#3926 = AXIS2_PLACEMENT_3D ( 'NONE', #3959, #1085, #1597 ) ;
#3927 = EDGE_LOOP ( 'NONE', ( #2193, #163, #894, #1270 ) ) ;
#3928 = TOROIDAL_SURFACE ( 'NONE', #405, 11.02812499999999929, 0.2999999999999999889 ) ;
#3929 = ORIENTED_EDGE ( 'NONE', *, *, #2631, .F. ) ;
#3930 = CARTESIAN_POINT ( 'NONE',  ( -0.5335178429256638433, -19.78793501619579942, 4.696547861472891938 ) ) ;
#3931 = CARTESIAN_POINT ( 'NONE',  ( 11.25000000000000178, -5.523600000000001842, 8.499999999999996447 ) ) ;
#3932 = B_SPLINE_CURVE_WITH_KNOTS ( 'NONE', 3,
 ( #1513, #3897, #209, #3492, #3441, #5155, #1051, #996, #1830, #3086, #2714, #4333, #2638, #641, #2293, #3925 ),
 .UNSPECIFIED., .F., .F.,
 ( 4, 2, 2, 2, 2, 2, 2, 4 ),
 ( 0.000000000000000000, 0.001377902235821016437, 0.002755804471642032873, 0.003444755589552541200, 0.004133706707463049093, 0.004822657825373557854, 0.005167133384328811800, 0.005511608943284065747 ),
 .UNSPECIFIED. ) ;
#3933 = CARTESIAN_POINT ( 'NONE',  ( 5.735294937041078842E-16, -28.05532062337107746, 0.4199999999999990408 ) ) ;
#3934 = PLANE ( 'NONE',  #1103 ) ;
#3935 = VECTOR ( 'NONE', #3040, 1000.000000000000000 ) ;
#3936 = EDGE_CURVE ( 'NONE', #3349, #1716, #4487, .T. ) ;
#3937 = ORIENTED_EDGE ( 'NONE', *, *, #1316, .F. ) ;
#3938 = DIRECTION ( 'NONE',  ( 0.000000000000000000, 1.000000000000000000, 0.000000000000000000 ) ) ;
#3939 = LINE ( 'NONE', #246, #2306 ) ;
#3940 = CIRCLE ( 'NONE', #3251, 2.227767388195792453 ) ;
#3941 = CARTESIAN_POINT ( 'NONE',  ( 0.000000000000000000, -12.20178778921884266, 2.227767388195791565 ) ) ;
#3942 = CARTESIAN_POINT ( 'NONE',  ( 0.8750261559064778094, -21.65057664318754505, 0.9624831440070752420 ) ) ;
#3943 = DIRECTION ( 'NONE',  ( 0.000000000000000000, -1.000000000000000000, 0.000000000000000000 ) ) ;
#3944 = VERTEX_POINT ( 'NONE', #3154 ) ;
#3945 = CARTESIAN_POINT ( 'NONE',  ( 0.6737891762558640973, -22.61291256449919018, 0.7200576025099603150 ) ) ;
#3946 = B_SPLINE_CURVE_WITH_KNOTS ( 'NONE', 3,
 ( #3121, #3447, #1118, #1465, #241, #3092 ),
 .UNSPECIFIED., .F., .F.,
 ( 4, 2, 4 ),
 ( 4.653782070334795874E-54, 0.0002345473759661837929, 0.0004690947519323675858 ),
 .UNSPECIFIED. ) ;
#3947 = CARTESIAN_POINT ( 'NONE',  ( 0.2165220344382302875, -10.22360000000000291, 8.760577076464320712 ) ) ;
#3948 = CARTESIAN_POINT ( 'NONE',  ( 3.233713230012022155, -7.423602234434605762, -0.6461034986079084996 ) ) ;
#3949 = CARTESIAN_POINT ( 'NONE',  ( -3.144475379892857525, -5.641792007165067346, 8.865000761396844453 ) ) ;
#3950 = ORIENTED_EDGE ( 'NONE', *, *, #1804, .F. ) ;
#3951 = CARTESIAN_POINT ( 'NONE',  ( -3.513424155829811824, -5.523599999999610155, 8.500000000000000000 ) ) ;
#3952 = ORIENTED_EDGE ( 'NONE', *, *, #3074, .T. ) ;
#3953 = CARTESIAN_POINT ( 'NONE',  ( 3.109826426850085035, -10.22360000000000291, 0.6453228415265582774 ) ) ;
#3954 = CARTESIAN_POINT ( 'NONE',  ( 2.886292355423681677, -5.321368850562810060, 8.621674988325844780 ) ) ;
#3955 = ADVANCED_FACE ( 'NONE', ( #2809 ), #4480, .F. ) ;
#3956 = ORIENTED_EDGE ( 'NONE', *, *, #4734, .T. ) ;
#3957 = ORIENTED_EDGE ( 'NONE', *, *, #2081, .F. ) ;
#3958 = CARTESIAN_POINT ( 'NONE',  ( 1.230365965954586471, -19.10839213171816908, 6.041889980661104609 ) ) ;
#3959 = CARTESIAN_POINT ( 'NONE',  ( -0.6677926086384322613, -21.11166130683500697, -0.1054815087421734215 ) ) ;
#3960 = CARTESIAN_POINT ( 'NONE',  ( -1.739576869458931354E-17, -21.11166130683500697, -3.921601983822704400E-14 ) ) ;
#3961 =( BOUNDED_SURFACE ( )  B_SPLINE_SURFACE ( 3, 2, ( 
 ( #1777, #1351, #2586 ),
 ( #4223, #1377, #106 ),
 ( #2634, #4655, #533 ),
 ( #2985, #2188, #4303 ),
 ( #3010, #1751, #4682 ),
 ( #967, #4631, #131 ),
 ( #3815, #1828, #507 ),
 ( #941, #4712, #2158 ) ),
 .UNSPECIFIED., .F., .F., .T. ) 
 B_SPLINE_SURFACE_WITH_KNOTS ( ( 4, 2, 2, 4 ),
 ( 3, 3 ),
 ( 0.000000000000000000, 0.0002994613318421994420, 0.0005989226636843988840, 0.001197845327368797768 ),
 ( 0.000000000000000000, 1.000000000000000000 ),
 .UNSPECIFIED. ) 
 GEOMETRIC_REPRESENTATION_ITEM ( )  RATIONAL_B_SPLINE_SURFACE ( (
 ( 1.000000000000000000, 0.8379718671759447401, 1.000000000000000000),
 ( 1.000000000000000000, 0.8381456491171723755, 1.000000000000000000),
 ( 1.000000000000000000, 0.8293839538280637358, 1.000000000000000000),
 ( 1.000000000000000000, 0.8032900422906937843, 1.000000000000000000),
 ( 1.000000000000000000, 0.7860633655733487712, 1.000000000000000000),
 ( 1.000000000000000000, 0.7292878629110923772, 1.000000000000000000),
 ( 1.000000000000000000, 0.6847363548992798643, 1.000000000000000000),
 ( 1.000000000000000000, 0.6345634633983120443, 1.000000000000000000) ) ) 
 REPRESENTATION_ITEM ( '' )  SURFACE ( )  );
#3962 = CARTESIAN_POINT ( 'NONE',  ( -2.754752428372471584, -5.523600000000001842, 8.443349976652472222 ) ) ;
#3963 = CARTESIAN_POINT ( 'NONE',  ( -1.739576869458931354E-17, -21.18017553209466897, -3.921601983822704400E-14 ) ) ;
#3964 = ORIENTED_EDGE ( 'NONE', *, *, #4299, .F. ) ;
#3965 = DIRECTION ( 'NONE',  ( 0.000000000000000000, 0.000000000000000000, 1.000000000000000000 ) ) ;
#3966 = CARTESIAN_POINT ( 'NONE',  ( 3.936530869679049083, -6.042647619047621710, 8.181726184541322056 ) ) ;
#3967 = CARTESIAN_POINT ( 'NONE',  ( 1.268920641061743737, -18.57840106163681781, 6.716857069569424965 ) ) ;
#3968 = CARTESIAN_POINT ( 'NONE',  ( 0.9831065303260492216, -21.46914480474334042, 0.7655277424185499280 ) ) ;
#3969 = AXIS2_PLACEMENT_3D ( 'NONE', #567, #3138, #4282 ) ;
#3970 = CARTESIAN_POINT ( 'NONE',  ( 2.185696292628513601E-15, -5.523600000000001842, 8.500000000000000000 ) ) ;
#3971 = ORIENTED_EDGE ( 'NONE', *, *, #3817, .T. ) ;
#3972 = EDGE_CURVE ( 'NONE', #4590, #681, #3073, .T. ) ;
#3973 = CARTESIAN_POINT ( 'NONE',  ( -1.493632608651461968, -20.61166130683500342, 0.4108417256961900410 ) ) ;
#3974 = CARTESIAN_POINT ( 'NONE',  ( 0.000000000000000000, -14.69295884451307543, 7.200338303317392885 ) ) ;
#3975 = CARTESIAN_POINT ( 'NONE',  ( 3.534156096024571703, -6.051318811147918808, 8.500000000000000000 ) ) ;
#3976 = CARTESIAN_POINT ( 'NONE',  ( -4.015565759420009151, -8.218129798981502532, 8.257028041462618262 ) ) ;
#3977 = ORIENTED_EDGE ( 'NONE', *, *, #3609, .F. ) ;
#3978 = CARTESIAN_POINT ( 'NONE',  ( 0.1146089554902572222, -20.55739639785568684, 0.2349403107507085364 ) ) ;
#3979 = DIRECTION ( 'NONE',  ( -0.4594202145970127105, 5.782411586589339889E-15, -0.8882190419145689075 ) ) ;
#3980 = B_SPLINE_CURVE_WITH_KNOTS ( 'NONE', 3,
 ( #4061, #1238, #370, #4514, #5228, #2024 ),
 .UNSPECIFIED., .F., .F.,
 ( 4, 2, 4 ),
 ( 2.710505431213761085E-20, 0.0002852106760161276676, 0.0005704213520322551183 ),
 .UNSPECIFIED. ) ;
#3981 = CARTESIAN_POINT ( 'NONE',  ( 3.434007758716252301, -7.961754931279745762, 8.501446433246556467 ) ) ;
#3982 = DIRECTION ( 'NONE',  ( 2.040851148208007998E-16, 0.000000000000000000, 1.000000000000000000 ) ) ;
#3983 = VERTEX_POINT ( 'NONE', #3207 ) ;
#3984 = VERTEX_POINT ( 'NONE', #3126 ) ;
#3985 = CARTESIAN_POINT ( 'NONE',  ( -0.1462148875831374151, -10.22360000000000291, 8.746151324363943047 ) ) ;
#3986 = CIRCLE ( 'NONE', #4076, 1.792363797108476042 ) ;
#3987 = CARTESIAN_POINT ( 'NONE',  ( -2.712061078226747579, -5.265945054406692805, 8.680553263871690461 ) ) ;
#3988 = EDGE_CURVE ( 'NONE', #3087, #1068, #2142, .T. ) ;
#3989 = DIRECTION ( 'NONE',  ( 0.000000000000000000, 1.000000000000000000, -0.000000000000000000 ) ) ;
#3990 = CARTESIAN_POINT ( 'NONE',  ( 3.436313727641980176, -5.489825783643945023, 0.8410792983971424608 ) ) ;
#3991 = LINE ( 'NONE', #4422, #4190 ) ;
#3992 = ORIENTED_EDGE ( 'NONE', *, *, #1029, .T. ) ;
#3993 = CARTESIAN_POINT ( 'NONE',  ( 0.6587002586808540228, -7.423603638025564777, 3.231183218015059033 ) ) ;
#3994 = CARTESIAN_POINT ( 'NONE',  ( 4.060459293453191343, -6.849327738518995901, 11.15602022137720617 ) ) ;
#3995 =( BOUNDED_SURFACE ( )  B_SPLINE_SURFACE ( 3, 2, ( 
 ( #1363, #3854, #1813 ),
 ( #4209, #2645, #1466 ),
 ( #926, #3500, #4234 ),
 ( #1763, #167, #598 ),
 ( #5109, #1415, #3393 ),
 ( #5051, #1788, #3473 ),
 ( #520, #3093, #3423 ),
 ( #2277, #2169, #572 ),
 ( #1864, #1389, #3043 ),
 ( #5082, #4693, #977 ),
 ( #116, #546, #143 ),
 ( #4642, #1003, #4288 ),
 ( #3801, #2248, #2197 ),
 ( #3021, #2622, #3876 ),
 ( #2224, #4260, #193 ),
 ( #5132, #1841, #1439 ) ),
 .UNSPECIFIED., .F., .F., .T. ) 
 B_SPLINE_SURFACE_WITH_KNOTS ( ( 4, 2, 2, 2, 2, 2, 2, 4 ),
 ( 3, 3 ),
 ( -1.182322469095442585E-16, 0.0007285267657062871778, 0.001457053531412692534, 0.002185580297119097890, 0.002914107062825503462, 0.003642633828531908601, 0.004371160594238313740, 0.005828214125651124886 ),
 ( 0.000000000000000000, 1.000000000000000000 ),
 .UNSPECIFIED. ) 
 GEOMETRIC_REPRESENTATION_ITEM ( )  RATIONAL_B_SPLINE_SURFACE ( (
 ( 1.000000000000000000, 0.9718631779898141421, 1.000000000000000000),
 ( 1.000000000000000000, 0.9701197247450800143, 1.000000000000000000),
 ( 1.000000000000000000, 0.9662413027933929310, 1.000000000000000000),
 ( 1.000000000000000000, 0.9559985229572816046, 1.000000000000000000),
 ( 1.000000000000000000, 0.9495596248707058873, 1.000000000000000000),
 ( 1.000000000000000000, 0.9350729409472866571, 1.000000000000000000),
 ( 1.000000000000000000, 0.9268315939719646845, 1.000000000000000000),
 ( 1.000000000000000000, 0.9091125790808873841, 1.000000000000000000),
 ( 1.000000000000000000, 0.8996092223054905634, 1.000000000000000000),
 ( 1.000000000000000000, 0.8793616231395027238, 1.000000000000000000),
 ( 1.000000000000000000, 0.8685680936505744132, 1.000000000000000000),
 ( 1.000000000000000000, 0.8461101357714011506, 1.000000000000000000),
 ( 1.000000000000000000, 0.8344404260125957151, 1.000000000000000000),
 ( 1.000000000000000000, 0.7982041479174554199, 1.000000000000000000),
 ( 1.000000000000000000, 0.7724113019931967417, 1.000000000000000000),
 ( 1.000000000000000000, 0.7452283712275782346, 1.000000000000000000) ) ) 
 REPRESENTATION_ITEM ( '' )  SURFACE ( )  );
#3996 = CARTESIAN_POINT ( 'NONE',  ( 2.642272179752378491, -16.56588372053523273, 7.404737267957505864 ) ) ;
#3997 = CARTESIAN_POINT ( 'NONE',  ( 0.9704550727110968777, -21.56452085839903177, 0.7246292389021331548 ) ) ;
#3998 = CARTESIAN_POINT ( 'NONE',  ( -2.170669854362770490, -12.20178778921884444, -0.5011386228075155325 ) ) ;
#3999 = ORIENTED_EDGE ( 'NONE', *, *, #1689, .F. ) ;
#4000 = CARTESIAN_POINT ( 'NONE',  ( 0.3025608703224555995, -20.22912565430326737, 1.014990315933647747 ) ) ;
#4001 = B_SPLINE_CURVE_WITH_KNOTS ( 'NONE', 3,
 ( #397, #1999, #3629, #5258, #5287, #448, #1696, #4142, #2584, #1775, #1723, #24 ),
 .UNSPECIFIED., .F., .F.,
 ( 4, 2, 2, 2, 2, 4 ),
 ( 0.002400338563322820806, 0.004857352893709273797, 0.006085860058902502895, 0.007314367224095730258, 0.009771381554482184983, 0.01222839588486863971 ),
 .UNSPECIFIED. ) ;
#4002 = CARTESIAN_POINT ( 'NONE',  ( 3.218725199566341288E-16, -10.22360000000000291, 8.735293592964444187 ) ) ;
#4003 = DIRECTION ( 'NONE',  ( -1.224646799147353454E-16, 0.000000000000000000, -1.000000000000000000 ) ) ;
#4004 = DIRECTION ( 'NONE',  ( 0.000000000000000000, 0.000000000000000000, 1.000000000000000000 ) ) ;
#4005 = ORIENTED_EDGE ( 'NONE', *, *, #4697, .T. ) ;
#4006 = CARTESIAN_POINT ( 'NONE',  ( 0.1611584434675343291, -20.61166130683501052, -0.2060397075617583784 ) ) ;
#4007 = EDGE_CURVE ( 'NONE', #2532, #469, #5080, .T. ) ;
#4008 = CARTESIAN_POINT ( 'NONE',  ( 0.6543489835648814701, -5.881580789996940339, -3.280932450913390142 ) ) ;
#4009 = EDGE_CURVE ( 'NONE', #2839, #3435, #4833, .T. ) ;
#4010 = CIRCLE ( 'NONE', #40, 0.2999999999999999334 ) ;
#4011 = DIRECTION ( 'NONE',  ( 0.000000000000000000, 0.8613943639229734162, 0.5079367576792765959 ) ) ;
#4012 = CARTESIAN_POINT ( 'NONE',  ( -3.084422888646708216, -10.22360000000000291, 0.6707263797299346519 ) ) ;
#4013 = ORIENTED_EDGE ( 'NONE', *, *, #5137, .T. ) ;
#4014 = VERTEX_POINT ( 'NONE', #5190 ) ;
#4015 = CARTESIAN_POINT ( 'NONE',  ( -0.1516302537899206493, -14.69698022651288838, 7.207576790917057608 ) ) ;
#4016 = DIRECTION ( 'NONE',  ( -0.03027765257158857720, 0.9995170841968334940, -0.006990146880730814700 ) ) ;
#4017 = AXIS2_PLACEMENT_3D ( 'NONE', #2333, #3943, #5303 ) ;
#4018 = DIRECTION ( 'NONE',  ( 0.000000000000000000, 0.000000000000000000, -1.000000000000000000 ) ) ;
#4019 = CIRCLE ( 'NONE', #2053, 0.2999999999999999334 ) ;
#4020 = CARTESIAN_POINT ( 'NONE',  ( -3.885678842741178141, -8.484223924204131961, 8.045130812015544919 ) ) ;
#4021 = CARTESIAN_POINT ( 'NONE',  ( -4.121718905447200321, -6.028994628972720093, 11.32432962205528604 ) ) ;
#4022 = ORIENTED_EDGE ( 'NONE', *, *, #3703, .T. ) ;
#4023 = FACE_OUTER_BOUND ( 'NONE', #2494, .T. ) ;
#4024 = CIRCLE ( 'NONE', #3323, 0.3000000000000003220 ) ;
#4025 = CARTESIAN_POINT ( 'NONE',  ( 4.025320017639409720, -7.673422197669292899, 11.05947585454285509 ) ) ;
#4026 = CARTESIAN_POINT ( 'NONE',  ( 3.348578678678207687, -15.47390298939493647, 9.200144306935511551 ) ) ;
#4027 = CARTESIAN_POINT ( 'NONE',  ( 0.8236578360277031496, -21.64711136567023075, 1.084511215291655173 ) ) ;
#4028 = CARTESIAN_POINT ( 'NONE',  ( 3.783997279606025277, -8.186521910095217791, 8.348892590156903992 ) ) ;
#4029 = ORIENTED_EDGE ( 'NONE', *, *, #3817, .F. ) ;
#4030 = CARTESIAN_POINT ( 'NONE',  ( 0.4090291646195279851, -20.17180764349467026, 1.160870384784541631 ) ) ;
#4031 = B_SPLINE_CURVE_WITH_KNOTS ( 'NONE', 3,
 ( #2382, #5215, #329, #3152 ),
 .UNSPECIFIED., .F., .F.,
 ( 4, 4 ),
 ( 0.000000000000000000, 3.126096567488796326E-05 ),
 .UNSPECIFIED. ) ;
#4032 = CARTESIAN_POINT ( 'NONE',  ( 0.1570456199967035504, -18.46264444686208961, 4.100167105272724655 ) ) ;
#4033 = CARTESIAN_POINT ( 'NONE',  ( -0.8277701339649728984, -5.488810427004519710, 3.440505468029631864 ) ) ;
#4034 = DIRECTION ( 'NONE',  ( -0.000000000000000000, 1.000000000000000000, -0.000000000000000000 ) ) ;
#4035 = ORIENTED_EDGE ( 'NONE', *, *, #3003, .T. ) ;
#4036 = DIRECTION ( 'NONE',  ( 0.000000000000000000, 0.000000000000000000, 1.000000000000000000 ) ) ;
#4037 = CARTESIAN_POINT ( 'NONE',  ( -3.782771178759002595, -8.477748064835376240, 8.095518432917657492 ) ) ;
#4038 = CARTESIAN_POINT ( 'NONE',  ( 0.000000000000000000, -23.72360000000000113, -0.4199999999999994849 ) ) ;
#4039 = EDGE_CURVE ( 'NONE', #2355, #3893, #4861, .T. ) ;
#4040 = DIRECTION ( 'NONE',  ( 0.000000000000000000, 0.9995170841968336051, 0.03107407920856248423 ) ) ;
#4041 = ORIENTED_EDGE ( 'NONE', *, *, #2239, .T. ) ;
#4042 = VERTEX_POINT ( 'NONE', #4778 ) ;
#4043 = CARTESIAN_POINT ( 'NONE',  ( 1.643243917673342658E-16, -20.81035036234944613, 0.000000000000000000 ) ) ;
#4044 = EDGE_CURVE ( 'NONE', #2266, #3088, #3765, .T. ) ;
#4045 = CARTESIAN_POINT ( 'NONE',  ( 0.000000000000000000, -8.223600000000001131, 0.000000000000000000 ) ) ;
#4046 = FACE_OUTER_BOUND ( 'NONE', #4944, .T. ) ;
#4047 = CARTESIAN_POINT ( 'NONE',  ( -1.450320254489705141, -5.223600000000002019, -3.673236239437952744 ) ) ;
#4048 = DIRECTION ( 'NONE',  ( 0.3420201433256694901, 0.000000000000000000, -0.9396926207859082059 ) ) ;
#4049 = VERTEX_POINT ( 'NONE', #2755 ) ;
#4050 = CARTESIAN_POINT ( 'NONE',  ( 1.075484605713258768, -21.13718497245766414, 0.4922267803078729242 ) ) ;
#4051 = CARTESIAN_POINT ( 'NONE',  ( 0.000000000000000000, -19.33677803222980174, 0.000000000000000000 ) ) ;
#4052 = CARTESIAN_POINT ( 'NONE',  ( 3.987205140187152885, -12.13523337187304918, 10.95475608939887380 ) ) ;
#4053 = CARTESIAN_POINT ( 'NONE',  ( -3.457428635751029322, -6.023600000000001842, 8.674486152949452133 ) ) ;
#4054 = ORIENTED_EDGE ( 'NONE', *, *, #5089, .F. ) ;
#4055 = CARTESIAN_POINT ( 'NONE',  ( -1.939196779088976363, -20.61166130683500342, 0.9072170898121972860 ) ) ;
#4056 = ADVANCED_FACE ( 'NONE', ( #1576 ), #1896, .F. ) ;
#4057 = CARTESIAN_POINT ( 'NONE',  ( 0.2325607036558766938, -18.47333018915866987, 4.104975689306185060 ) ) ;
#4058 = PRODUCT_RELATED_PRODUCT_CATEGORY ( 'part', '', ( #2829 ) ) ;
#4059 = CARTESIAN_POINT ( 'NONE',  ( 3.694436062197037351, -7.300885154354552320, 8.499999999999998224 ) ) ;
#4060 = EDGE_LOOP ( 'NONE', ( #728, #513, #2400, #2935 ) ) ;
#4061 = CARTESIAN_POINT ( 'NONE',  ( -1.157010783096992679, -21.18017553209466897, -0.1827562052249277202 ) ) ;
#4062 = CARTESIAN_POINT ( 'NONE',  ( -3.943550181146744826, -8.214692057816385784, 8.274782766818177038 ) ) ;
#4063 = AXIS2_PLACEMENT_3D ( 'NONE', #4636, #4788, #948 ) ;
#4064 = CARTESIAN_POINT ( 'NONE',  ( -0.04175567719878846284, -6.023600000000001842, -0.03947364217838960493 ) ) ;
#4065 =( GEOMETRIC_REPRESENTATION_CONTEXT ( 3 ) GLOBAL_UNCERTAINTY_ASSIGNED_CONTEXT ( ( #1717 ) ) GLOBAL_UNIT_ASSIGNED_CONTEXT ( ( #179, #4758, #128 ) ) REPRESENTATION_CONTEXT ( 'NONE', 'WORKASPACE' ) );
#4066 = CARTESIAN_POINT ( 'NONE',  ( 0.06715921540216465702, -5.223600000000002019, 0.05488235445547150204 ) ) ;
#4067 = ORIENTED_EDGE ( 'NONE', *, *, #444, .T. ) ;
#4068 = DIRECTION ( 'NONE',  ( 0.4949183714867589345, 0.8613943639229736382, -0.1142609091799559468 ) ) ;
#4069 = CARTESIAN_POINT ( 'NONE',  ( -2.442176745440366226, -5.223600000000002908, 8.770191292102863301 ) ) ;
#4070 = DIRECTION ( 'NONE',  ( 1.000000000000000000, -0.000000000000000000, -2.571407403092368652E-16 ) ) ;
#4071 = CARTESIAN_POINT ( 'NONE',  ( -3.451780672196841149, -5.942970621600931480, 8.671082903330493252 ) ) ;
#4072 = LINE ( 'NONE', #841, #4109 ) ;
#4073 = EDGE_LOOP ( 'NONE', ( #1121, #2123, #2597, #4593, #1758 ) ) ;
#4074 = CARTESIAN_POINT ( 'NONE',  ( 3.896617256499966153, -5.223600000000002019, 12.25114613100466521 ) ) ;
#4075 = EDGE_CURVE ( 'NONE', #3144, #4615, #4625, .T. ) ;
#4076 = AXIS2_PLACEMENT_3D ( 'NONE', #392, #3598, #4785 ) ;
#4077 = CARTESIAN_POINT ( 'NONE',  ( 4.351427271200082991, -8.503687747394470975, 11.95544817001988847 ) ) ;
#4078 = EDGE_CURVE ( 'NONE', #3000, #5025, #2447, .T. ) ;
#4079 = CARTESIAN_POINT ( 'NONE',  ( 3.278722758783505498, -6.023600000000001842, -0.6427558829850427147 ) ) ;
#4080 = CIRCLE ( 'NONE', #4250, 3.210557064628687840 ) ;
#4081 = ORIENTED_EDGE ( 'NONE', *, *, #140, .T. ) ;
#4082 = CARTESIAN_POINT ( 'NONE',  ( 1.012321770417588196, -20.61166130683675490, 1.122963940862057974 ) ) ;
#4083 = CYLINDRICAL_SURFACE ( 'NONE', #1234, 0.2999999999999999334 ) ;
#4084 = CARTESIAN_POINT ( 'NONE',  ( -3.455232477688285897, -6.049889342557712268, 8.678888410068744008 ) ) ;
#4085 = ORIENTED_EDGE ( 'NONE', *, *, #5069, .F. ) ;
#4086 = LINE ( 'NONE', #2766, #362 ) ;
#4087 = CARTESIAN_POINT ( 'NONE',  ( -3.434096896134567700, -7.960850788436672154, 8.501419668323867640 ) ) ;
#4088 = EDGE_CURVE ( 'NONE', #218, #1541, #1954, .T. ) ;
#4089 = CARTESIAN_POINT ( 'NONE',  ( 3.393284102211065356, -8.213794905746903297, 8.615969441080917335 ) ) ;
#4090 = CARTESIAN_POINT ( 'NONE',  ( 3.416158549156949498, -5.489958683460082867, 8.499999999999998224 ) ) ;
#4091 = ORIENTED_EDGE ( 'NONE', *, *, #216, .F. ) ;
#4092 = B_SPLINE_CURVE_WITH_KNOTS ( 'NONE', 3,
 ( #1719, #3348, #4542, #2152, #417, #1744, #3376, #5032, #3700, #4624, #2580, #527, #3270, #1236, #825, #2473, #4112, #1664, #4242, #1449 ),
 .UNSPECIFIED., .F., .F.,
 ( 4, 2, 2, 2, 2, 2, 2, 2, 2, 4 ),
 ( 0.000000000000000000, 0.0003455265535998922988, 0.0006910531071997845975, 0.001036579660799676842, 0.001382106214399569846, 0.002073159321599363659, 0.002764212428799157472, 0.003455265535998950852, 0.004146318643198744665, 0.005528424857598333159 ),
 .UNSPECIFIED. ) ;
#4093 = CARTESIAN_POINT ( 'NONE',  ( 0.1624609862034866181, -20.82241450834888852, 0.000000000000000000 ) ) ;
#4094 = CARTESIAN_POINT ( 'NONE',  ( -0.1950465246683232012, -21.62125955061842220, 1.683125530535072523 ) ) ;
#4095 = CARTESIAN_POINT ( 'NONE',  ( 3.534430584987027224, -6.042080772911828213, 8.499999999999998224 ) ) ;
#4096 = FACE_OUTER_BOUND ( 'NONE', #821, .T. ) ;
#4097 = CARTESIAN_POINT ( 'NONE',  ( 0.000000000000000000, -15.80840806009312161, 1.699912042076037633 ) ) ;
#4098 = ORIENTED_EDGE ( 'NONE', *, *, #3306, .T. ) ;
#4099 = CARTESIAN_POINT ( 'NONE',  ( 3.869981129574171952, -6.058159803595716042, 12.22627849210836182 ) ) ;
#4100 = VECTOR ( 'NONE', #2866, 1000.000000000000000 ) ;
#4101 = CIRCLE ( 'NONE', #480, 0.5000000000000000000 ) ;
#4102 = CARTESIAN_POINT ( 'NONE',  ( -0.05475611121637781464, -20.29241098832033785, 0.8498342873605851944 ) ) ;
#4103 = CARTESIAN_POINT ( 'NONE',  ( 3.091560963341487778, -10.92468484426593278, 11.66712816876567693 ) ) ;
#4104 = ADVANCED_FACE ( 'NONE', ( #4023 ), #1425, .F. ) ;
#4105 = CARTESIAN_POINT ( 'NONE',  ( -3.673373805193527186, -5.223600000000002019, -1.431732899573108897 ) ) ;
#4106 = VECTOR ( 'NONE', #266, 1000.000000000000000 ) ;
#4107 = VERTEX_POINT ( 'NONE', #5323 ) ;
#4108 = FACE_OUTER_BOUND ( 'NONE', #1428, .T. ) ;
#4109 = VECTOR ( 'NONE', #1705, 1000.000000000000000 ) ;
#4110 = EDGE_CURVE ( 'NONE', #1884, #3170, #4948, .T. ) ;
#4111 = CARTESIAN_POINT ( 'NONE',  ( 2.542245322065002533, -5.223599999999989585, 8.737261071925608746 ) ) ;
#4112 = CARTESIAN_POINT ( 'NONE',  ( -3.204193525382476704, -16.40586361803689286, 6.472102172392016683 ) ) ;
#4113 = EDGE_LOOP ( 'NONE', ( #100, #3619, #4718, #2066 ) ) ;
#4114 = CARTESIAN_POINT ( 'NONE',  ( 3.395906720550891489, -5.799081263124798546, 8.645180119099659777 ) ) ;
#4115 = VECTOR ( 'NONE', #1122, 1000.000000000000114 ) ;
#4116 = CARTESIAN_POINT ( 'NONE',  ( -3.607961041610250330, -8.239890680135296464, 8.262737091351938901 ) ) ;
#4117 = CARTESIAN_POINT ( 'NONE',  ( 3.374719215852123977, -8.105555816079169418, 8.686502937684696946 ) ) ;
#4118 = DIRECTION ( 'NONE',  ( 0.000000000000000000, 0.000000000000000000, 1.000000000000000000 ) ) ;
#4119 = DIRECTION ( 'NONE',  ( 0.1335222851235817465, 0.000000000000000000, -0.9910458109367985546 ) ) ;
#4120 = CARTESIAN_POINT ( 'NONE',  ( -0.1133852106813059979, -10.22360000000000291, 1.005691618453977254 ) ) ;
#4121 = CARTESIAN_POINT ( 'NONE',  ( -0.7743289739345815548, -21.64139753713046588, 1.187786469957919033 ) ) ;
#4122 = LINE ( 'NONE', #428, #1833 ) ;
#4123 = EDGE_CURVE ( 'NONE', #1731, #285, #1631, .T. ) ;
#4124 = CARTESIAN_POINT ( 'NONE',  ( 0.6688101166413822352, -22.59692169508841531, 0.7117411945239254800 ) ) ;
#4125 = DIRECTION ( 'NONE',  ( 0.000000000000000000, 0.000000000000000000, 1.000000000000000000 ) ) ;
#4126 = CARTESIAN_POINT ( 'NONE',  ( -3.694431829629908570, -7.300974175017371337, 8.500000000000000000 ) ) ;
#4127 = EDGE_LOOP ( 'NONE', ( #1549, #3095, #2408, #2977, #1916 ) ) ;
#4128 = DIRECTION ( 'NONE',  ( 0.000000000000000000, 1.000000000000000000, 0.000000000000000000 ) ) ;
#4129 = CARTESIAN_POINT ( 'NONE',  ( 11.02805480966385865, -8.223600000000001131, 0.01311323393778310829 ) ) ;
#4130 = CARTESIAN_POINT ( 'NONE',  ( 1.905849559320169861, -18.23445819457598560, 5.236278629109619054 ) ) ;
#4131 = DIRECTION ( 'NONE',  ( 0.000000000000000000, 1.000000000000000000, 0.000000000000000000 ) ) ;
#4132 = ORIENTED_EDGE ( 'NONE', *, *, #1921, .T. ) ;
#4133 = DIRECTION ( 'NONE',  ( 0.000000000000000000, 0.000000000000000000, 1.000000000000000000 ) ) ;
#4134 = CARTESIAN_POINT ( 'NONE',  ( -1.293503178760108341, -18.91706357936475769, 6.257548948873168371 ) ) ;
#4135 = ADVANCED_FACE ( 'NONE', ( #4584 ), #2145, .F. ) ;
#4136 = FACE_OUTER_BOUND ( 'NONE', #4824, .T. ) ;
#4137 = EDGE_LOOP ( 'NONE', ( #867, #4186, #2923, #1936 ) ) ;
#4138 = CARTESIAN_POINT ( 'NONE',  ( 0.6503202544897052073, -5.904838411962630929, -3.089420301609855368 ) ) ;
#4139 = CARTESIAN_POINT ( 'NONE',  ( 3.437309426301585091, -5.492977528721045388, -0.8243330346171505729 ) ) ;
#4140 = EDGE_CURVE ( 'NONE', #3170, #3757, #1199, .T. ) ;
#4141 = ADVANCED_FACE ( 'NONE', ( #3717 ), #36, .F. ) ;
#4142 = CARTESIAN_POINT ( 'NONE',  ( -3.839682533657787111, -10.06532619607461498, 10.54944105909905794 ) ) ;
#4143 = EDGE_LOOP ( 'NONE', ( #928, #331, #2970, #2633 ) ) ;
#4144 = AXIS2_PLACEMENT_3D ( 'NONE', #5255, #286, #3601 ) ;
#4145 = CARTESIAN_POINT ( 'NONE',  ( 0.000000000000000000, -23.72360000000000113, 0.000000000000000000 ) ) ;
#4146 = CARTESIAN_POINT ( 'NONE',  ( -0.9291770168508207695, -19.61448715148583943, 2.664521083117336708 ) ) ;
#4147 = CARTESIAN_POINT ( 'NONE',  ( -4.109718972182262675, -5.223600000000013566, 11.88187104171975150 ) ) ;
#4148 = B_SPLINE_CURVE_WITH_KNOTS ( 'NONE', 3,
 ( #430, #58, #2086, #2910 ),
 .UNSPECIFIED., .F., .F.,
 ( 4, 4 ),
 ( 0.000000000000000000, 2.629221771201910600E-05 ),
 .UNSPECIFIED. ) ;
#4149 = CARTESIAN_POINT ( 'NONE',  ( -1.111949604798810887, -21.14962541692394993, 0.3815836912400846215 ) ) ;
#4150 = CARTESIAN_POINT ( 'NONE',  ( -2.547329845036385265, -5.150975093733038079, 8.604714682108522084 ) ) ;
#4151 = DIRECTION ( 'NONE',  ( 0.000000000000000000, 0.000000000000000000, 1.000000000000000000 ) ) ;
#4152 = VERTEX_POINT ( 'NONE', #1683 ) ;
#4153 = DIRECTION ( 'NONE',  ( 0.9998321274920365376, 0.000000000000000000, 0.01832257718630355206 ) ) ;
#4154 = ADVANCED_FACE ( 'NONE', ( #2141 ), #1978, .T. ) ;
#4155 = CARTESIAN_POINT ( 'NONE',  ( -1.170835530740778951, -20.59740483227629326, 0.4133293966276272435 ) ) ;
#4156 = CARTESIAN_POINT ( 'NONE',  ( -3.849677209482965878, -9.562935842459417302, 7.948458011580223470 ) ) ;
#4157 = EDGE_LOOP ( 'NONE', ( #1167, #2848, #1560, #2206 ) ) ;
#4158 = CARTESIAN_POINT ( 'NONE',  ( 4.141229837046691564, -6.034298647051013376, 11.46349725183788770 ) ) ;
#4159 = AXIS2_PLACEMENT_3D ( 'NONE', #289, #4495, #319 ) ;
#4160 = ORIENTED_EDGE ( 'NONE', *, *, #1735, .F. ) ;
#4161 = DIRECTION ( 'NONE',  ( -0.9650094647572179385, 0.000000000000000000, 0.2622150509200183444 ) ) ;
#4162 = FACE_OUTER_BOUND ( 'NONE', #211, .T. ) ;
#4163 = ORIENTED_EDGE ( 'NONE', *, *, #2250, .T. ) ;
#4164 = PLANE ( 'NONE',  #4927 ) ;
#4165 = DIRECTION ( 'NONE',  ( 0.000000000000000000, 0.000000000000000000, 1.000000000000000000 ) ) ;
#4166 = CARTESIAN_POINT ( 'NONE',  ( 0.000000000000000000, -12.20178778921884266, 0.000000000000000000 ) ) ;
#4167 = EDGE_CURVE ( 'NONE', #4508, #2549, #4629, .T. ) ;
#4168 = ORIENTED_EDGE ( 'NONE', *, *, #2753, .F. ) ;
#4169 = PLANE ( 'NONE',  #766 ) ;
#4170 = B_SPLINE_CURVE_WITH_KNOTS ( 'NONE', 3,
 ( #5203, #2990, #136, #2590 ),
 .UNSPECIFIED., .F., .F.,
 ( 4, 4 ),
 ( 0.000000000000000000, 2.487243664867495570E-05 ),
 .UNSPECIFIED. ) ;
#4171 = CARTESIAN_POINT ( 'NONE',  ( -0.9910508296868519862, -21.28858552755917444, 0.9156446307534142903 ) ) ;
#4172 = EDGE_CURVE ( 'NONE', #3266, #2076, #921, .T. ) ;
#4173 = CARTESIAN_POINT ( 'NONE',  ( 0.6757237926930815819, -6.023600000000001842, 3.104829013886936995 ) ) ;
#4174 = CARTESIAN_POINT ( 'NONE',  ( -0.2596837568392967310, -22.89771495880916774, 0.8983784691505114495 ) ) ;
#4175 = DIRECTION ( 'NONE',  ( 1.000000000000000000, 0.000000000000000000, 0.000000000000000000 ) ) ;
#4176 = CARTESIAN_POINT ( 'NONE',  ( -0.1995343588327717077, -22.92128558499417679, 0.9136673124775956945 ) ) ;
#4177 = ORIENTED_EDGE ( 'NONE', *, *, #3799, .T. ) ;
#4178 = CARTESIAN_POINT ( 'NONE',  ( 0.8843892993790543056, -19.47827503122972814, 2.697520045285958901 ) ) ;
#4179 = CIRCLE ( 'NONE', #1086, 0.3000000000000003775 ) ;
#4180 = CARTESIAN_POINT ( 'NONE',  ( 11.21743489690566342, -8.080445100380382328, 0.001912952166032558677 ) ) ;
#4181 = CARTESIAN_POINT ( 'NONE',  ( -0.9784656897615189308, -20.74194558762786400, 1.276209278097234723 ) ) ;
#4182 = CARTESIAN_POINT ( 'NONE',  ( 2.356945593644661940, -5.223600000000002019, 8.814698317552148055 ) ) ;
#4183 = AXIS2_PLACEMENT_3D ( 'NONE', #3190, #1559, #2820 ) ;
#4184 = EDGE_LOOP ( 'NONE', ( #4538, #2801, #3692, #4217, #4643 ) ) ;
#4185 = CARTESIAN_POINT ( 'NONE',  ( -0.6449516249637861076, -20.29545154131556117, 1.138911479688254458 ) ) ;
#4186 = ORIENTED_EDGE ( 'NONE', *, *, #5070, .F. ) ;
#4187 = CIRCLE ( 'NONE', #4789, 1.792363797108476042 ) ;
#4188 = VECTOR ( 'NONE', #4237, 1000.000000000000000 ) ;
#4189 = CARTESIAN_POINT ( 'NONE',  ( -0.6503202544897052073, -10.22360000000000291, 0.000000000000000000 ) ) ;
#4190 = VECTOR ( 'NONE', #1173, 1000.000000000000000 ) ;
#4191 = CARTESIAN_POINT ( 'NONE',  ( -3.281097728344719133, -6.023600000000000065, -0.6305202226161545909 ) ) ;
#4192 = ORIENTED_EDGE ( 'NONE', *, *, #1938, .T. ) ;
#4193 = CARTESIAN_POINT ( 'NONE',  ( 3.004221428564528562, -5.432567352761672907, 9.007020245389339763 ) ) ;
#4194 = DIRECTION ( 'NONE',  ( 0.000000000000000000, 1.000000000000000000, 0.000000000000000000 ) ) ;
#4195 = DIRECTION ( 'NONE',  ( -0.000000000000000000, 1.000000000000000000, -0.000000000000000000 ) ) ;
#4196 = ORIENTED_EDGE ( 'NONE', *, *, #4248, .F. ) ;
#4197 = CARTESIAN_POINT ( 'NONE',  ( -6.776263578034402713E-18, -10.22360000000000291, 9.635293592964444542 ) ) ;
#4198 = CIRCLE ( 'NONE', #1883, 0.3000000000000008771 ) ;
#4199 = ADVANCED_FACE ( 'NONE', ( #4310 ), #1040, .F. ) ;
#4200 = ADVANCED_FACE ( 'NONE', ( #4853 ), #2065, .F. ) ;
#4201 = CARTESIAN_POINT ( 'NONE',  ( -4.121177484201127506, -6.028933215850639016, 11.32284207940728571 ) ) ;
#4202 = CARTESIAN_POINT ( 'NONE',  ( -0.5497033473205474863, -22.06567335803428165, 0.9122925294908730276 ) ) ;
#4203 = CARTESIAN_POINT ( 'NONE',  ( -4.104146278031052475, -8.495069740634006550, 7.934742005524478614 ) ) ;
#4204 = DIRECTION ( 'NONE',  ( 0.000000000000000000, 0.000000000000000000, 1.000000000000000000 ) ) ;
#4205 = ORIENTED_EDGE ( 'NONE', *, *, #1991, .F. ) ;
#4206 = CARTESIAN_POINT ( 'NONE',  ( 2.364363713997273297, -17.60093830278743710, 6.377998053936046574 ) ) ;
#4207 = CARTESIAN_POINT ( 'NONE',  ( -3.673373805193527186, -5.223600000000002019, -1.431732899573108897 ) ) ;
#4208 = CARTESIAN_POINT ( 'NONE',  ( -0.7878857515141587387, -19.87500286220004497, 1.986289944636823623 ) ) ;
#4209 = CARTESIAN_POINT ( 'NONE',  ( -1.256405134969562187, -19.33677798229270550, 5.933013706968668366 ) ) ;
#4210 = ORIENTED_EDGE ( 'NONE', *, *, #4952, .F. ) ;
#4211 = ORIENTED_EDGE ( 'NONE', *, *, #5138, .T. ) ;
#4212 = LINE ( 'NONE', #2118, #412 ) ;
#4213 = CARTESIAN_POINT ( 'NONE',  ( 3.291865398745462468, -6.034655425070812207, 9.044325850937051214 ) ) ;
#4214 = EDGE_LOOP ( 'NONE', ( #4873, #599, #1032, #4795 ) ) ;
#4215 = CARTESIAN_POINT ( 'NONE',  ( 2.705302571645343157, -5.291759403320271282, 8.713830801020181482 ) ) ;
#4216 = CARTESIAN_POINT ( 'NONE',  ( -11.24999999999999822, -7.923600000000001309, 8.500000000000000000 ) ) ;
#4217 = ORIENTED_EDGE ( 'NONE', *, *, #1184, .F. ) ;
#4218 = DIRECTION ( 'NONE',  ( -2.040851148208007998E-16, 0.000000000000000000, -1.000000000000000000 ) ) ;
#4219 = ADVANCED_FACE ( 'NONE', ( #3227 ), #4169, .F. ) ;
#4220 = CARTESIAN_POINT ( 'NONE',  ( 3.718494197032392368, -8.469809655840018436, 8.143302083703371608 ) ) ;
#4221 = CARTESIAN_POINT ( 'NONE',  ( 1.069942805900320204, -21.13337636771775507, 0.5098609963195516182 ) ) ;
#4222 = EDGE_LOOP ( 'NONE', ( #2318, #4402, #4085, #4265, #3102 ) ) ;
#4223 = CARTESIAN_POINT ( 'NONE',  ( 3.455561903207296393, -5.971195317096075428, 8.678681918534763895 ) ) ;
#4224 = CARTESIAN_POINT ( 'NONE',  ( 0.6757237926930814709, -5.907833609580949386, 3.104829013886936107 ) ) ;
#4225 = CARTESIAN_POINT ( 'NONE',  ( -0.1615523495784989549, -22.11818301233728334, 1.032249208240070715 ) ) ;
#4226 = CARTESIAN_POINT ( 'NONE',  ( -3.983367353040224490, -8.250062325491558823, 8.022559703264230180 ) ) ;
#4227 = FACE_OUTER_BOUND ( 'NONE', #5298, .T. ) ;
#4228 = ORIENTED_EDGE ( 'NONE', *, *, #1061, .F. ) ;
#4229 = EDGE_LOOP ( 'NONE', ( #4841, #5045, #2626, #3005 ) ) ;
#4230 = DIRECTION ( 'NONE',  ( 0.000000000000000000, 0.000000000000000000, -1.000000000000000000 ) ) ;
#4231 = CARTESIAN_POINT ( 'NONE',  ( 3.320761494370462863, -5.694285732282184043, 9.319223645781431031 ) ) ;
#4232 = DIRECTION ( 'NONE',  ( -1.000000000000000000, 0.000000000000000000, 0.000000000000000000 ) ) ;
#4233 = CIRCLE ( 'NONE', #274, 1.792363797108476042 ) ;
#4234 = CARTESIAN_POINT ( 'NONE',  ( -1.352827083324766644, -18.89300149739584711, 6.263975229114330467 ) ) ;
#4235 = ORIENTED_EDGE ( 'NONE', *, *, #3511, .T. ) ;
#4236 = CARTESIAN_POINT ( 'NONE',  ( 2.609795623326224501, -5.223600000000002019, 8.550276130096497340 ) ) ;
#4237 = DIRECTION ( 'NONE',  ( 0.000000000000000000, 1.000000000000000000, 0.000000000000000000 ) ) ;
#4238 = VERTEX_POINT ( 'NONE', #2506 ) ;
#4239 = B_SPLINE_CURVE_WITH_KNOTS ( 'NONE', 3,
 ( #2849, #4006, #4491, #3625, #3248, #4410, #4875, #3978, #1188, #778 ),
 .UNSPECIFIED., .F., .F.,
 ( 4, 2, 2, 2, 4 ),
 ( 4.479062452680331563E-17, 0.0001724346509458488282, 0.0003448693018916528788, 0.0005173039528374569294, 0.0006897386037832610884 ),
 .UNSPECIFIED. ) ;
#4240 = EDGE_CURVE ( 'NONE', #3757, #3494, #330, .T. ) ;
#4241 = CARTESIAN_POINT ( 'NONE',  ( 2.532024950698501975, -5.231143685612115846, 8.697928569475880778 ) ) ;
#4242 = CARTESIAN_POINT ( 'NONE',  ( -3.408823535310022024, -15.31447593602529267, 6.769322130751534772 ) ) ;
#4243 = ORIENTED_EDGE ( 'NONE', *, *, #2268, .F. ) ;
#4244 = CARTESIAN_POINT ( 'NONE',  ( 0.9340647300171210921, -22.13386773902436033, 0.4691483876932979191 ) ) ;
#4245 = AXIS2_PLACEMENT_3D ( 'NONE', #4166, #2126, #2185 ) ;
#4246 = CARTESIAN_POINT ( 'NONE',  ( -0.6257719860729369366, -10.22360000000000291, 8.879243775374515479 ) ) ;
#4247 = CARTESIAN_POINT ( 'NONE',  ( 1.374926479254371170, -5.223600000000002019, 3.906628551608976707 ) ) ;
#4248 = EDGE_CURVE ( 'NONE', #4590, #3064, #80, .T. ) ;
#4249 = ORIENTED_EDGE ( 'NONE', *, *, #4540, .F. ) ;
#4250 = AXIS2_PLACEMENT_3D ( 'NONE', #2275, #4722, #166 ) ;
#4251 = CARTESIAN_POINT ( 'NONE',  ( 3.455561915871565581, -6.032364072570675084, 8.678681889892995827 ) ) ;
#4252 = FACE_OUTER_BOUND ( 'NONE', #2023, .T. ) ;
#4253 = CARTESIAN_POINT ( 'NONE',  ( -0.8985311636741450947, -22.20658999712703618, 0.5043267485363532865 ) ) ;
#4254 = CARTESIAN_POINT ( 'NONE',  ( -3.912763235432946463, -8.257039812635419196, 8.056071490861665296 ) ) ;
#4255 = CARTESIAN_POINT ( 'NONE',  ( -2.987033721652187168, -5.349876836156671089, 8.579693725016380057 ) ) ;
#4256 = ORIENTED_EDGE ( 'NONE', *, *, #4366, .F. ) ;
#4257 = CARTESIAN_POINT ( 'NONE',  ( 1.842852706228962356, -19.03894852314596875, 5.915660782995371569 ) ) ;
#4258 = CARTESIAN_POINT ( 'NONE',  ( 0.6671151808356334811, -20.59600754862647420, 0.1649429703998111785 ) ) ;
#4259 = CARTESIAN_POINT ( 'NONE',  ( 0.000000000000000000, -15.80840806009312161, 1.699912042076037633 ) ) ;
#4260 = CARTESIAN_POINT ( 'NONE',  ( -2.672672457490769204, -15.31151511690963751, 7.140633884527189501 ) ) ;
#4261 = VECTOR ( 'NONE', #1657, 1000.000000000000000 ) ;
#4262 = ORIENTED_EDGE ( 'NONE', *, *, #5285, .F. ) ;
#4263 = CARTESIAN_POINT ( 'NONE',  ( -4.141384057400224528, -10.95558047925999468, 11.37835918300036653 ) ) ;
#4264 = DIRECTION ( 'NONE',  ( 0.000000000000000000, 1.000000000000000000, 0.000000000000000000 ) ) ;
#4265 = ORIENTED_EDGE ( 'NONE', *, *, #1383, .F. ) ;
#4266 = EDGE_CURVE ( 'NONE', #4546, #4762, #2404, .T. ) ;
#4267 = DIRECTION ( 'NONE',  ( 0.000000000000000000, 0.000000000000000000, 1.000000000000000000 ) ) ;
#4268 = DIRECTION ( 'NONE',  ( 0.000000000000000000, 0.000000000000000000, 1.000000000000000000 ) ) ;
#4269 = ORIENTED_EDGE ( 'NONE', *, *, #4773, .F. ) ;
#4270 = CARTESIAN_POINT ( 'NONE',  ( 3.729937417985119463, -5.929581503867117576, 8.499999999999998224 ) ) ;
#4271 = CIRCLE ( 'NONE', #3317, 0.5000000000000001110 ) ;
#4272 = CIRCLE ( 'NONE', #1959, 4.025122630638374943 ) ;
#4273 = VECTOR ( 'NONE', #3099, 1000.000000000000000 ) ;
#4274 = DIRECTION ( 'NONE',  ( 0.000000000000000000, 0.000000000000000000, 1.000000000000000000 ) ) ;
#4275 = VERTEX_POINT ( 'NONE', #27 ) ;
#4276 = VECTOR ( 'NONE', #2514, 1000.000000000000000 ) ;
#4277 = DIRECTION ( 'NONE',  ( -0.000000000000000000, 1.000000000000000000, -0.000000000000000000 ) ) ;
#4278 = ORIENTED_EDGE ( 'NONE', *, *, #1710, .F. ) ;
#4279 = CARTESIAN_POINT ( 'NONE',  ( -6.812502473916191015, -4.122781861947250270, -1.572790123191433409 ) ) ;
#4280 = CARTESIAN_POINT ( 'NONE',  ( 2.442176745440185925, -5.223599999999997578, 8.770191292102193614 ) ) ;
#4281 = B_SPLINE_CURVE_WITH_KNOTS ( 'NONE', 3,
 ( #4322, #223, #1877, #1371, #1067, #2703 ),
 .UNSPECIFIED., .F., .F.,
 ( 4, 2, 4 ),
 ( 3.512547324411548706E-17, 0.004597781379350338905, 0.009195562758700643116 ),
 .UNSPECIFIED. ) ;
#4282 = DIRECTION ( 'NONE',  ( 0.000000000000000000, 0.000000000000000000, 1.000000000000000000 ) ) ;
#4283 = VERTEX_POINT ( 'NONE', #2929 ) ;
#4284 = CARTESIAN_POINT ( 'NONE',  ( 3.009981560441208792, -17.10078437828898501, 6.291787480559994705 ) ) ;
#4285 = CARTESIAN_POINT ( 'NONE',  ( 0.6503202544897052073, -10.22360000000000291, -3.144003853661382131 ) ) ;
#4286 = ADVANCED_FACE ( 'NONE', ( #4576 ), #786, .F. ) ;
#4287 = CARTESIAN_POINT ( 'NONE',  ( -3.454536624855686355, -14.87143545753646379, 6.891211734661801813 ) ) ;
#4288 = CARTESIAN_POINT ( 'NONE',  ( -2.588155493919228167, -16.74294867841200940, 7.314265767099186633 ) ) ;
#4289 = ORIENTED_EDGE ( 'NONE', *, *, #1029, .F. ) ;
#4290 = CARTESIAN_POINT ( 'NONE',  ( -0.6503202544897052073, -10.22360000000000291, -3.144003853661382131 ) ) ;
#4291 = FACE_OUTER_BOUND ( 'NONE', #736, .T. ) ;
#4292 = ORIENTED_EDGE ( 'NONE', *, *, #2171, .F. ) ;
#4293 = DIRECTION ( 'NONE',  ( -1.000000000000000000, 0.000000000000000000, 2.040851148208007998E-16 ) ) ;
#4294 = FACE_OUTER_BOUND ( 'NONE', #2147, .T. ) ;
#4295 = CARTESIAN_POINT ( 'NONE',  ( 1.867365283727080216, -6.023600000000001842, 0.2515876431665640123 ) ) ;
#4296 = ORIENTED_EDGE ( 'NONE', *, *, #382, .F. ) ;
#4297 = CARTESIAN_POINT ( 'NONE',  ( -1.269596471064077692, -18.57688649368667910, 6.718669568781908907 ) ) ;
#4298 = EDGE_CURVE ( 'NONE', #4811, #3569, #5153, .T. ) ;
#4299 = EDGE_CURVE ( 'NONE', #3944, #2043, #2457, .T. ) ;
#4300 = CARTESIAN_POINT ( 'NONE',  ( -0.2245413690470533241, -14.70232309766117851, 7.217193958983975755 ) ) ;
#4301 = CARTESIAN_POINT ( 'NONE',  ( 0.9918071249298526793, -21.06760512618044601, 1.137368922367450352 ) ) ;
#4302 = EDGE_LOOP ( 'NONE', ( #5156, #118, #5209, #4563 ) ) ;
#4303 = CARTESIAN_POINT ( 'NONE',  ( 3.612717413472507744, -5.644240141482753437, 8.499999999999998224 ) ) ;
#4304 = VERTEX_POINT ( 'NONE', #2905 ) ;
#4305 = ADVANCED_FACE ( 'NONE', ( #4553 ), #475, .T. ) ;
#4306 = CARTESIAN_POINT ( 'NONE',  ( -3.544708062224259493, -5.223599999999932741, 12.50173453768685761 ) ) ;
#4307 = CARTESIAN_POINT ( 'NONE',  ( -0.9849016047761367521, -20.71608136783202880, 1.510111441033603619 ) ) ;
#4308 = EDGE_LOOP ( 'NONE', ( #4769, #1433, #148, #4650 ) ) ;
#4309 = ORIENTED_EDGE ( 'NONE', *, *, #5265, .F. ) ;
#4310 = FACE_OUTER_BOUND ( 'NONE', #4308, .T. ) ;
#4311 = CARTESIAN_POINT ( 'NONE',  ( -3.277500791984283346, -6.023600000000001842, 0.6489580977375978277 ) ) ;
#4312 = CARTESIAN_POINT ( 'NONE',  ( -3.924003182849862714, -7.544364581039157081, 8.148064013330113653 ) ) ;
#4313 = LINE ( 'NONE', #5161, #2552 ) ;
#4314 = B_SPLINE_CURVE_WITH_KNOTS ( 'NONE', 3,
 ( #2619, #3852, #951, #2693, #2195, #4339, #4285 ),
 .UNSPECIFIED., .F., .F.,
 ( 4, 3, 4 ),
 ( 0.01171228157774386984, 0.01528805951436436675, 0.01591439407000321341 ),
 .UNSPECIFIED. ) ;
#4315 = ORIENTED_EDGE ( 'NONE', *, *, #1953, .T. ) ;
#4316 = CARTESIAN_POINT ( 'NONE',  ( -1.413443448750584253, -18.21659280374539946, 7.106590629182567120 ) ) ;
#4317 = AXIS2_PLACEMENT_3D ( 'NONE', #5309, #2341, #2875 ) ;
#4318 = CARTESIAN_POINT ( 'NONE',  ( 0.000000000000000000, -5.998740736633151549, 3.341904105585355556 ) ) ;
#4319 = CARTESIAN_POINT ( 'NONE',  ( 1.855243415382441752, -18.39811469587850823, 6.481407488983453646 ) ) ;
#4320 = CIRCLE ( 'NONE', #2183, 17.56568218562516748 ) ;
#4321 = CARTESIAN_POINT ( 'NONE',  ( 1.161955129575698242, -20.56466098294366418, 0.4798605428504139625 ) ) ;
#4322 = CARTESIAN_POINT ( 'NONE',  ( 2.944998364066583108, -15.15189579060438696, 8.091316505603641573 ) ) ;
#4323 = ORIENTED_EDGE ( 'NONE', *, *, #2544, .F. ) ;
#4324 = FACE_OUTER_BOUND ( 'NONE', #2001, .T. ) ;
#4325 = CARTESIAN_POINT ( 'NONE',  ( -10.94999999999999751, -5.223600000000002019, 8.500000000000000000 ) ) ;
#4326 = CIRCLE ( 'NONE', #2018, 0.2549999999999996714 ) ;
#4327 = CARTESIAN_POINT ( 'NONE',  ( 0.9846548557380591093, -20.67114161871646161, 1.555399161462656776 ) ) ;
#4328 = VERTEX_POINT ( 'NONE', #2130 ) ;
#4329 = CARTESIAN_POINT ( 'NONE',  ( -3.513424155829364182, -5.223600000000002019, 8.200000000000001066 ) ) ;
#4330 = CIRCLE ( 'NONE', #3197, 1.792363797108476042 ) ;
#4331 = DIRECTION ( 'NONE',  ( -0.9972455493786916980, 0.000000000000000000, -0.07417084497557847877 ) ) ;
#4332 = EDGE_CURVE ( 'NONE', #3022, #2187, #3711, .T. ) ;
#4333 = CARTESIAN_POINT ( 'NONE',  ( 1.600303370267602165, -19.18793622131733656, 5.915535690093737031 ) ) ;
#4334 = AXIS2_PLACEMENT_3D ( 'NONE', #3960, #3662, #3635 ) ;
#4335 = VERTEX_POINT ( 'NONE', #52 ) ;
#4336 = EDGE_CURVE ( 'NONE', #1917, #4503, #1698, .T. ) ;
#4337 = ORIENTED_EDGE ( 'NONE', *, *, #751, .T. ) ;
#4338 = CARTESIAN_POINT ( 'NONE',  ( -0.07952583134292592892, -18.45609529949605587, 4.097219988958008763 ) ) ;
#4339 = CARTESIAN_POINT ( 'NONE',  ( 0.6503202544897052073, -10.01492694727437893, -3.150628637925454001 ) ) ;
#4340 = CARTESIAN_POINT ( 'NONE',  ( 0.6671151808361790447, -20.59600754862659144, 0.1649429703979505557 ) ) ;
#4341 = DIRECTION ( 'NONE',  ( 0.000000000000000000, 0.000000000000000000, -1.000000000000000000 ) ) ;
#4342 = FACE_OUTER_BOUND ( 'NONE', #3826, .T. ) ;
#4343 = ORIENTED_EDGE ( 'NONE', *, *, #3263, .T. ) ;
#4344 = CARTESIAN_POINT ( 'NONE',  ( -3.587296015202575017, -14.41483453870779385, 9.856014798667318999 ) ) ;
#4345 = CARTESIAN_POINT ( 'NONE',  ( 3.291727258685389401, -6.056761380901339642, 9.043946314241269491 ) ) ;
#4346 = DIRECTION ( 'NONE',  ( 0.000000000000000000, 0.000000000000000000, 1.000000000000000000 ) ) ;
#4347 = CARTESIAN_POINT ( 'NONE',  ( 1.009084236578505989, -21.11028867853795177, 0.6881225314353377476 ) ) ;
#4348 = CARTESIAN_POINT ( 'NONE',  ( -2.877776500735460380E-16, -20.55091524738696407, 0.2549999999999998379 ) ) ;
#4349 = ORIENTED_EDGE ( 'NONE', *, *, #3567, .T. ) ;
#4350 = CARTESIAN_POINT ( 'NONE',  ( 0.000000000000000000, -12.85458479929957321, 0.000000000000000000 ) ) ;
#4351 = CARTESIAN_POINT ( 'NONE',  ( -0.6489487262978609339, -14.74627372688717664, 7.296305091590772562 ) ) ;
#4352 = CARTESIAN_POINT ( 'NONE',  ( 0.6677926086382146575, -20.61166130683506026, -0.1054815087424721270 ) ) ;
#4353 = DIRECTION ( 'NONE',  ( -0.3080669035909281983, 0.1241639774282465303, 0.9432274856157955023 ) ) ;
#4354 = ORIENTED_EDGE ( 'NONE', *, *, #4463, .F. ) ;
#4355 = VECTOR ( 'NONE', #2146, 1000.000000000000114 ) ;
#4356 = AXIS2_PLACEMENT_3D ( 'NONE', #1304, #3738, #1201 ) ;
#4357 = CARTESIAN_POINT ( 'NONE',  ( -3.966511687709665779, -8.215788149618994396, 8.269121837738262926 ) ) ;
#4358 = VERTEX_POINT ( 'NONE', #4914 ) ;
#4359 = DIRECTION ( 'NONE',  ( -0.000000000000000000, 0.000000000000000000, 1.000000000000000000 ) ) ;
#4360 = CARTESIAN_POINT ( 'NONE',  ( 2.533953421127524752, -5.232447878635762883, 8.739963772593839053 ) ) ;
#4361 = CIRCLE ( 'NONE', #2477, 11.02812499999999929 ) ;
#4362 = ORIENTED_EDGE ( 'NONE', *, *, #4637, .T. ) ;
#4363 = AXIS2_PLACEMENT_3D ( 'NONE', #3532, #3506, #4752 ) ;
#4364 = ORIENTED_EDGE ( 'NONE', *, *, #545, .T. ) ;
#4365 = CARTESIAN_POINT ( 'NONE',  ( -1.000000000000000222, -21.36881835441096555, 0.000000000000000000 ) ) ;
#4366 = EDGE_CURVE ( 'NONE', #3260, #4107, #1300, .T. ) ;
#4367 = DIRECTION ( 'NONE',  ( 0.000000000000000000, 1.000000000000000000, 0.000000000000000000 ) ) ;
#4368 = CARTESIAN_POINT ( 'NONE',  ( -0.03447622921524245293, -6.023600000000001842, 0.06216180243901749808 ) ) ;
#4369 = DIRECTION ( 'NONE',  ( -0.000000000000000000, 1.000000000000000000, -0.000000000000000000 ) ) ;
#4370 = AXIS2_PLACEMENT_3D ( 'NONE', #1149, #1205, #2011 ) ;
#4371 = VERTEX_POINT ( 'NONE', #2958 ) ;
#4372 = CARTESIAN_POINT ( 'NONE',  ( 0.05987976741861864016, -10.22360000000000291, -0.04675309016193560790 ) ) ;
#4373 = CARTESIAN_POINT ( 'NONE',  ( -11.24999999999999822, -5.523600000000001842, 8.500000000000000000 ) ) ;
#4374 = CARTESIAN_POINT ( 'NONE',  ( -6.776263578034402713E-18, -6.023600000000001842, 9.635293592964444542 ) ) ;
#4375 = ADVANCED_FACE ( 'NONE', ( #1725 ), #4804, .F. ) ;
#4376 = CARTESIAN_POINT ( 'NONE',  ( 0.2024946220745567627, -22.92166595224536252, 0.9138688706356041802 ) ) ;
#4377 = ORIENTED_EDGE ( 'NONE', *, *, #3212, .T. ) ;
#4378 = DIRECTION ( 'NONE',  ( -0.1726828779160932692, 0.000000000000000000, -0.9849774736889244098 ) ) ;
#4379 = ORIENTED_EDGE ( 'NONE', *, *, #2852, .F. ) ;
#4380 = CARTESIAN_POINT ( 'NONE',  ( 1.489096161519942951, -20.61166130683499276, 0.4213301519375983739 ) ) ;
#4381 = CARTESIAN_POINT ( 'NONE',  ( 0.2405800382647002578, -20.83844312179375535, 0.000000000000000000 ) ) ;
#4382 = CARTESIAN_POINT ( 'NONE',  ( -1.056400716842174958, -5.290655240664293046, 3.614240527455034879 ) ) ;
#4383 = CARTESIAN_POINT ( 'NONE',  ( -3.145243649002367636, -5.530749174302267868, 8.532169163294122782 ) ) ;
#4384 = ORIENTED_EDGE ( 'NONE', *, *, #1991, .T. ) ;
#4385 = CARTESIAN_POINT ( 'NONE',  ( 3.455561915871565581, -6.023600000000001842, 8.678681889892995827 ) ) ;
#4386 = CARTESIAN_POINT ( 'NONE',  ( -1.096514714922336875, -18.96477113877151766, 6.254483981276696802 ) ) ;
#4387 = CARTESIAN_POINT ( 'NONE',  ( 3.686682955771549253, -8.110478930198995684, 8.437689078964252687 ) ) ;
#4388 = CARTESIAN_POINT ( 'NONE',  ( -0.1133852106813059979, -6.023600000000001842, 1.005691618453977254 ) ) ;
#4389 = ORIENTED_EDGE ( 'NONE', *, *, #4598, .F. ) ;
#4390 = EDGE_LOOP ( 'NONE', ( #349, #1508, #156, #2780 ) ) ;
#4391 = CARTESIAN_POINT ( 'NONE',  ( 1.224284468482304211, -18.95529070763470614, 6.244170807419483715 ) ) ;
#4392 = CARTESIAN_POINT ( 'NONE',  ( 0.4060964683851054913, -20.17354013737363516, 1.156721240255400351 ) ) ;
#4393 = CARTESIAN_POINT ( 'NONE',  ( 3.396543002201468209, -6.061773215555091632, 12.50003054011984993 ) ) ;
#4394 = ORIENTED_EDGE ( 'NONE', *, *, #2480, .T. ) ;
#4395 = DIRECTION ( 'NONE',  ( 0.000000000000000000, -0.2664210456095399415, 0.9638567458166796831 ) ) ;
#4396 = CARTESIAN_POINT ( 'NONE',  ( 3.108501401294923916, -7.550275164012667517, 8.540537408409601738 ) ) ;
#4397 = DIRECTION ( 'NONE',  ( 2.040851148208007998E-16, 0.000000000000000000, 1.000000000000000000 ) ) ;
#4398 = CARTESIAN_POINT ( 'NONE',  ( 0.8599554411761960449, -22.29275452717405415, 0.5459904918910840621 ) ) ;
#4399 = ADVANCED_FACE ( 'NONE', ( #3461 ), #3961, .F. ) ;
#4400 = AXIS2_PLACEMENT_3D ( 'NONE', #1341, #17, #1636 ) ;
#4401 = CARTESIAN_POINT ( 'NONE',  ( 3.661421330413902275, -8.025504292039812526, 8.486345302069851826 ) ) ;
#4402 = ORIENTED_EDGE ( 'NONE', *, *, #2320, .F. ) ;
#4403 = CARTESIAN_POINT ( 'NONE',  ( 0.4590361008733708226, -20.13738329248551295, 1.247352767545692354 ) ) ;
#4404 = EDGE_CURVE ( 'NONE', #4615, #3418, #247, .T. ) ;
#4405 =( BOUNDED_SURFACE ( )  B_SPLINE_SURFACE ( 3, 2, ( 
 ( #4130, #845, #4837 ),
 ( #2038, #796, #2388 ),
 ( #739, #4896, #1207 ),
 ( #3210, #4949, #3238 ),
 ( #2492, #411, #818 ),
 ( #1151, #4026, #1578 ),
 ( #2442, #3264, #1552 ),
 ( #4863, #4052, #333 ),
 ( #3617, #2890, #4103 ),
 ( #4456, #3646, #5301 ),
 ( #361, #4077, #435 ),
 ( #3669, #5326, #1633 ),
 ( #4923, #2069, #1229 ),
 ( #1177, #2418, #1604 ) ),
 .UNSPECIFIED., .F., .F., .T. ) 
 B_SPLINE_SURFACE_WITH_KNOTS ( ( 4, 2, 2, 2, 2, 2, 4 ),
 ( 3, 3 ),
 ( 0.004046670466585275232, 0.005840953150442628264, 0.007635235834299980429, 0.01122380120201468649, 0.01481236656972939256, 0.01660664925358674299, 0.01840093193744409689 ),
 ( 0.000000000000000000, 1.000000000000000000 ),
 .UNSPECIFIED. ) 
 GEOMETRIC_REPRESENTATION_ITEM ( )  RATIONAL_B_SPLINE_SURFACE ( (
 ( 1.000000000000000000, 0.6673329184220493371, 1.000000000000000000),
 ( 1.000000000000000000, 0.6688225283039765934, 1.000000000000000000),
 ( 1.000000000000000000, 0.6699134515385843924, 1.000000000000000000),
 ( 1.000000000000000000, 0.6717009630226767891, 1.000000000000000000),
 ( 1.000000000000000000, 0.6723966253705290219, 1.000000000000000000),
 ( 1.000000000000000000, 0.6741437190983312622, 1.000000000000000000),
 ( 1.000000000000000000, 0.6748571510463500234, 1.000000000000000000),
 ( 1.000000000000000000, 0.6759433584591648669, 1.000000000000000000),
 ( 1.000000000000000000, 0.6762855492434841631, 1.000000000000000000),
 ( 1.000000000000000000, 0.6766417151177418488, 1.000000000000000000),
 ( 1.000000000000000000, 0.6767322743435776333, 1.000000000000000000),
 ( 1.000000000000000000, 0.6768647637412147366, 1.000000000000000000),
 ( 1.000000000000000000, 0.6769056793953375228, 1.000000000000000000),
 ( 1.000000000000000000, 0.6769237606974387589, 1.000000000000000000) ) ) 
 REPRESENTATION_ITEM ( '' )  SURFACE ( )  );
#4406 = CARTESIAN_POINT ( 'NONE',  ( -0.5335178429256638433, -19.78793501619579942, 4.696547861472891938 ) ) ;
#4407 = CARTESIAN_POINT ( 'NONE',  ( -1.739576869458931354E-17, -20.61166130683500342, -3.921601983822704400E-14 ) ) ;
#4408 = CARTESIAN_POINT ( 'NONE',  ( -3.327019975372513372, -5.749474683872326075, 8.728393908566376425 ) ) ;
#4409 = ORIENTED_EDGE ( 'NONE', *, *, #545, .F. ) ;
#4410 = CARTESIAN_POINT ( 'NONE',  ( 0.2358147361083575144, -20.58552403954850618, 0.1128703448408904103 ) ) ;
#4411 = CARTESIAN_POINT ( 'NONE',  ( -3.660019550218616580, -7.974327318257094177, 8.500000000000000000 ) ) ;
#4412 = AXIS2_PLACEMENT_3D ( 'NONE', #2485, #2109, #4607 ) ;
#4413 = DIRECTION ( 'NONE',  ( -0.000000000000000000, -1.000000000000000000, -0.000000000000000000 ) ) ;
#4414 = LINE ( 'NONE', #784, #1573 ) ;
#4415 = VERTEX_POINT ( 'NONE', #3788 ) ;
#4416 = VERTEX_POINT ( 'NONE', #2662 ) ;
#4417 = CARTESIAN_POINT ( 'NONE',  ( 1.351906135684389554, -18.89359788847885468, 6.263750896508866184 ) ) ;
#4418 = AXIS2_PLACEMENT_3D ( 'NONE', #1375, #78, #4118 ) ;
#4419 = FACE_OUTER_BOUND ( 'NONE', #3780, .T. ) ;
#4420 = CARTESIAN_POINT ( 'NONE',  ( 3.729937417945185185, -6.034020750188359372, 8.499999999999998224 ) ) ;
#4421 = CARTESIAN_POINT ( 'NONE',  ( 0.000000000000000000, -5.223599999999998467, 0.000000000000000000 ) ) ;
#4422 = CARTESIAN_POINT ( 'NONE',  ( 10.94999999999999929, -5.223600000000002019, -2.234732007287768374E-15 ) ) ;
#4423 = ORIENTED_EDGE ( 'NONE', *, *, #4946, .T. ) ;
#4424 = CARTESIAN_POINT ( 'NONE',  ( 3.441300633570528955, -6.670497139497080674, 8.684986660161982286 ) ) ;
#4425 = FACE_OUTER_BOUND ( 'NONE', #26, .T. ) ;
#4426 = CIRCLE ( 'NONE', #290, 4.141517772942822972 ) ;
#4427 = CARTESIAN_POINT ( 'NONE',  ( -0.6285546842677214308, -5.998740736633151549, 3.282261729328323607 ) ) ;
#4428 = CARTESIAN_POINT ( 'NONE',  ( 0.3200473221954222014, -22.10682619944332927, 1.002654534211777637 ) ) ;
#4429 = PLANE ( 'NONE',  #2127 ) ;
#4430 = ORIENTED_EDGE ( 'NONE', *, *, #955, .F. ) ;
#4431 = CARTESIAN_POINT ( 'NONE',  ( 2.448890442392204658, -20.61166130683501052, 1.757565399505076620 ) ) ;
#4432 = B_SPLINE_CURVE_WITH_KNOTS ( 'NONE', 3,
 ( #2243, #971, #3871, #919, #2616, #2962 ),
 .UNSPECIFIED., .F., .F.,
 ( 4, 2, 4 ),
 ( 0.000000000000000000, 0.0004024441863595518793, 0.0008048883727191037587 ),
 .UNSPECIFIED. ) ;
#4433 = EDGE_CURVE ( 'NONE', #4335, #4694, #1969, .T. ) ;
#4434 = ADVANCED_FACE ( 'NONE', ( #590 ), #5072, .T. ) ;
#4435 = CARTESIAN_POINT ( 'NONE',  ( 0.02759575049615507064, -20.81035036234944613, 0.000000000000000000 ) ) ;
#4436 = CARTESIAN_POINT ( 'NONE',  ( 3.718365892898102043, -6.678107744607191698, 8.499999999999998224 ) ) ;
#4437 = CARTESIAN_POINT ( 'NONE',  ( 0.000000000000000000, -8.223600000000001131, 0.000000000000000000 ) ) ;
#4438 = ORIENTED_EDGE ( 'NONE', *, *, #1409, .F. ) ;
#4439 = CARTESIAN_POINT ( 'NONE',  ( 0.8861960666450983126, -19.46733420937238890, 2.715977346271714055 ) ) ;
#4440 = TOROIDAL_SURFACE ( 'NONE', #2803, 4.141517772942822972, 0.8000000000000000444 ) ;
#4441 = CARTESIAN_POINT ( 'NONE',  ( -3.420834244259954193, -5.223600000000002019, 8.467975897130143537 ) ) ;
#4442 = DIRECTION ( 'NONE',  ( 0.000000000000000000, 1.000000000000000000, 0.000000000000000000 ) ) ;
#4443 = ORIENTED_EDGE ( 'NONE', *, *, #648, .T. ) ;
#4444 = ORIENTED_EDGE ( 'NONE', *, *, #2171, .T. ) ;
#4445 = CARTESIAN_POINT ( 'NONE',  ( 0.000000000000000000, -14.69295884451307543, 7.200338303317392885 ) ) ;
#4446 = DIRECTION ( 'NONE',  ( -0.000000000000000000, -1.000000000000000000, -0.000000000000000000 ) ) ;
#4447 = AXIS2_PLACEMENT_3D ( 'NONE', #151, #2814, #4378 ) ;
#4448 = TOROIDAL_SURFACE ( 'NONE', #1619, 4.025122630638374055, 0.8000000000000000444 ) ;
#4449 = FACE_OUTER_BOUND ( 'NONE', #3453, .T. ) ;
#4450 = AXIS2_PLACEMENT_3D ( 'NONE', #2254, #5193, #1956 ) ;
#4451 = PLANE ( 'NONE',  #3063 ) ;
#4452 = ORIENTED_EDGE ( 'NONE', *, *, #1222, .F. ) ;
#4453 = CARTESIAN_POINT ( 'NONE',  ( 1.109567248683776874, -21.16060833433897415, 0.3837745045634375907 ) ) ;
#4454 = CARTESIAN_POINT ( 'NONE',  ( -0.04175567719878846284, -6.023600000000001842, -0.03947364217838960493 ) ) ;
#4455 = EDGE_CURVE ( 'NONE', #393, #3893, #4720, .T. ) ;
#4456 = CARTESIAN_POINT ( 'NONE',  ( 3.944046501676152339, -8.882971914485061404, 10.83617870463412025 ) ) ;
#4457 = CARTESIAN_POINT ( 'NONE',  ( -0.1611662568539164175, -20.61166130683492526, -0.2060360387612345245 ) ) ;
#4458 = ORIENTED_EDGE ( 'NONE', *, *, #3406, .T. ) ;
#4459 = CARTESIAN_POINT ( 'NONE',  ( -2.448032426887547963, -20.61166130683497855, 1.755430717712494593 ) ) ;
#4460 = AXIS2_PLACEMENT_3D ( 'NONE', #993, #912, #3384 ) ;
#4461 = CARTESIAN_POINT ( 'NONE',  ( 0.5151206759282263015, -15.35962551117974328, 8.400338303317392175 ) ) ;
#4462 = FACE_OUTER_BOUND ( 'NONE', #4157, .T. ) ;
#4463 = EDGE_CURVE ( 'NONE', #4014, #194, #1603, .T. ) ;
#4464 = DIRECTION ( 'NONE',  ( 0.000000000000000000, 1.000000000000000000, -0.000000000000000000 ) ) ;
#4465 = VERTEX_POINT ( 'NONE', #1402 ) ;
#4466 = DIRECTION ( 'NONE',  ( -0.000000000000000000, -1.000000000000000000, -0.000000000000000000 ) ) ;
#4467 = CARTESIAN_POINT ( 'NONE',  ( -3.540811335990311726, -8.417895638545669357, 8.319540437043126957 ) ) ;
#4468 = CARTESIAN_POINT ( 'NONE',  ( 3.944545795184921211, -8.214739582155809572, 8.274537320301490695 ) ) ;
#4469 = CARTESIAN_POINT ( 'NONE',  ( 3.310383573146266301, -5.452458399274194178, 8.512258619804212501 ) ) ;
#4470 = ADVANCED_FACE ( 'NONE', ( #3436 ), #5096, .T. ) ;
#4471 = ORIENTED_EDGE ( 'NONE', *, *, #5265, .T. ) ;
#4472 = DIRECTION ( 'NONE',  ( -0.1120337300036775424, 0.000000000000000000, 0.9937044044088076955 ) ) ;
#4473 = CARTESIAN_POINT ( 'NONE',  ( -3.520932085764474362, -8.406158237579861137, 8.350190308688294039 ) ) ;
#4474 = EDGE_CURVE ( 'NONE', #449, #181, #5327, .T. ) ;
#4475 = FACE_OUTER_BOUND ( 'NONE', #5124, .T. ) ;
#4476 = AXIS2_PLACEMENT_3D ( 'NONE', #2321, #4765, #183 ) ;
#4477 = DIRECTION ( 'NONE',  ( -1.000000000000000000, 0.000000000000000000, 0.000000000000000000 ) ) ;
#4478 = CARTESIAN_POINT ( 'NONE',  ( -0.6731117271383647571, -22.61351841619931591, 0.7204297697170707337 ) ) ;
#4479 = ORIENTED_EDGE ( 'NONE', *, *, #4007, .T. ) ;
#4480 = PLANE ( 'NONE',  #846 ) ;
#4481 = CARTESIAN_POINT ( 'NONE',  ( 2.795840602844815947, -13.45048648251678713, 7.681508924709405051 ) ) ;
#4482 = CARTESIAN_POINT ( 'NONE',  ( -0.6282932101628736499, -6.007024769550935339, 3.282049578830930070 ) ) ;
#4483 = ADVANCED_FACE ( 'NONE', ( #182 ), #3420, .T. ) ;
#4484 = CARTESIAN_POINT ( 'NONE',  ( -3.457428635764919544, -6.032334839255929282, 8.674486152931441652 ) ) ;
#4485 = VERTEX_POINT ( 'NONE', #206 ) ;
#4486 = CARTESIAN_POINT ( 'NONE',  ( -0.8043015638178410143, -20.61166130683148978, 0.7841795792437171730 ) ) ;
#4487 = B_SPLINE_CURVE_WITH_KNOTS ( 'NONE', 3,
 ( #359, #1495, #1550, #2781, #1092, #5269, #2727, #4806 ),
 .UNSPECIFIED., .F., .F.,
 ( 4, 2, 2, 4 ),
 ( 0.000000000000000000, 0.0003372043717149905131, 0.0006744087434299810262, 0.001348817486859962703 ),
 .UNSPECIFIED. ) ;
#4488 = DIRECTION ( 'NONE',  ( 0.000000000000000000, 0.000000000000000000, 1.000000000000000000 ) ) ;
#4489 = CARTESIAN_POINT ( 'NONE',  ( -3.518056413020620443, -6.676486635364021538, 8.500000000000000000 ) ) ;
#4490 = VERTEX_POINT ( 'NONE', #2289 ) ;
#4491 = CARTESIAN_POINT ( 'NONE',  ( 0.2038952522338104423, -20.61139491620328457, -0.1638242866519450947 ) ) ;
#4492 = CARTESIAN_POINT ( 'NONE',  ( 0.6757237926930815819, -10.22360000000000291, 3.104829013886936995 ) ) ;
#4493 = CARTESIAN_POINT ( 'NONE',  ( 3.486394651292616942, -8.146857583685880755, 8.412299543093876508 ) ) ;
#4494 = TOROIDAL_SURFACE ( 'NONE', #2438, 6.972810026711009357, 1.000000000000000000 ) ;
#4495 = DIRECTION ( 'NONE',  ( 0.000000000000000000, 1.000000000000000000, 0.000000000000000000 ) ) ;
#4496 = ORIENTED_EDGE ( 'NONE', *, *, #5089, .T. ) ;
#4497 = CARTESIAN_POINT ( 'NONE',  ( 0.02667589214628307559, -18.45460168286246372, 4.096547861472892293 ) ) ;
#4498 = CARTESIAN_POINT ( 'NONE',  ( -3.346602543375482242, -5.343858551521377898, 8.500000000000000000 ) ) ;
#4499 = EDGE_CURVE ( 'NONE', #4981, #2839, #2570, .T. ) ;
#4500 = DIRECTION ( 'NONE',  ( 0.000000000000000000, 0.000000000000000000, -1.000000000000000000 ) ) ;
#4501 = PLANE ( 'NONE',  #4356 ) ;
#4502 = CYLINDRICAL_SURFACE ( 'NONE', #3243, 0.2999999999999999334 ) ;
#4503 = VERTEX_POINT ( 'NONE', #1077 ) ;
#4504 = DIRECTION ( 'NONE',  ( 0.000000000000000000, 0.000000000000000000, 1.000000000000000000 ) ) ;
#4505 = LINE ( 'NONE', #4560, #2052 ) ;
#4506 = LINE ( 'NONE', #3695, #4261 ) ;
#4507 = CARTESIAN_POINT ( 'NONE',  ( 1.621994125038625195E-30, -26.61166130683501052, -0.4200000000000386757 ) ) ;
#4508 = VERTEX_POINT ( 'NONE', #3139 ) ;
#4509 = CARTESIAN_POINT ( 'NONE',  ( -0.6864622696821596204, -20.18768186487272231, 1.368017507893191098 ) ) ;
#4510 = CARTESIAN_POINT ( 'NONE',  ( 2.609859448258827985, -5.223600000000002019, 8.550229138708990817 ) ) ;
#4511 = CARTESIAN_POINT ( 'NONE',  ( 7.422393798099280279E-16, -19.33677803222980174, 6.060844484521611619 ) ) ;
#4512 =( BOUNDED_SURFACE ( )  B_SPLINE_SURFACE ( 3, 2, ( 
 ( #3966, #769, #2037 ),
 ( #3643, #4396, #5300 ),
 ( #2417, #709, #3181 ),
 ( #5270, #3208, #3668 ),
 ( #2357, #4481, #4895 ),
 ( #5324, #1093, #1176 ) ),
 .UNSPECIFIED., .F., .F., .T. ) 
 B_SPLINE_SURFACE_WITH_KNOTS ( ( 4, 2, 4 ),
 ( 3, 3 ),
 ( -1.734723475976807094E-18, 0.004597781379350312017, 0.009195562758700625769 ),
 ( 0.000000000000000000, 1.000000000000000000 ),
 .UNSPECIFIED. ) 
 GEOMETRIC_REPRESENTATION_ITEM ( )  RATIONAL_B_SPLINE_SURFACE ( (
 ( 1.000000000000000000, 0.7413454500281555504, 1.000000000000000000),
 ( 1.000000000000000000, 0.7414362910649167082, 1.000000000000000000),
 ( 1.000000000000000000, 0.7417516153924111899, 1.000000000000000000),
 ( 1.000000000000000000, 0.7429626256976188392, 1.000000000000000000),
 ( 1.000000000000000000, 0.7438534320812349998, 1.000000000000000000),
 ( 1.000000000000000000, 0.7452283712275798999, 1.000000000000000000) ) ) 
 REPRESENTATION_ITEM ( '' )  SURFACE ( )  );
#4513 = ORIENTED_EDGE ( 'NONE', *, *, #3290, .F. ) ;
#4514 = CARTESIAN_POINT ( 'NONE',  ( -1.159580427370515476, -21.17252831789384260, 0.1974942072753184952 ) ) ;
#4515 = CARTESIAN_POINT ( 'NONE',  ( -3.393102439846518603, -8.212781838655553557, 8.616655924967217217 ) ) ;
#4516 = EDGE_CURVE ( 'NONE', #2629, #297, #3325, .T. ) ;
#4517 = B_SPLINE_CURVE_WITH_KNOTS ( 'NONE', 3,
 ( #3257, #3281, #2858, #1627, #2776, #1545 ),
 .UNSPECIFIED., .F., .F.,
 ( 4, 2, 4 ),
 ( 0.000000000000000000, 0.0003361377837686317259, 0.0006722755675372634517 ),
 .UNSPECIFIED. ) ;
#4518 = CARTESIAN_POINT ( 'NONE',  ( 3.885678842741287831, -8.484223924201522493, 8.045130812015766963 ) ) ;
#4519 = DIRECTION ( 'NONE',  ( -0.000000000000000000, -1.000000000000000000, -0.000000000000000000 ) ) ;
#4520 = ORIENTED_EDGE ( 'NONE', *, *, #983, .F. ) ;
#4521 = DIRECTION ( 'NONE',  ( -0.8936257748723048788, 0.08531639276127249427, 0.4406291951404003315 ) ) ;
#4522 = AXIS2_PLACEMENT_3D ( 'NONE', #1165, #2405, #1998 ) ;
#4523 = CARTESIAN_POINT ( 'NONE',  ( -0.8730146574445166729, -21.65025379601716082, 0.9663752009533996823 ) ) ;
#4524 = CARTESIAN_POINT ( 'NONE',  ( -3.528724820554486996, -6.062206436316109226, 12.46409228370195521 ) ) ;
#4525 = CARTESIAN_POINT ( 'NONE',  ( 0.9879289304005074435, -21.92789571697404938, 0.4060635779252403932 ) ) ;
#4526 = CARTESIAN_POINT ( 'NONE',  ( -3.729654194219098162, -6.054859682647541597, 8.800000000000000711 ) ) ;
#4527 = CARTESIAN_POINT ( 'NONE',  ( -3.664841231626912332, -7.923600000000001309, 8.500000000000000000 ) ) ;
#4528 = VERTEX_POINT ( 'NONE', #3166 ) ;
#4529 = DIRECTION ( 'NONE',  ( 0.9999952515883353543, 0.000000000000000000, 0.003081687976090580813 ) ) ;
#4530 = AXIS2_PLACEMENT_3D ( 'NONE', #1263, #4568, #1692 ) ;
#4531 = CIRCLE ( 'NONE', #2559, 3.200333649538752212 ) ;
#4532 = CARTESIAN_POINT ( 'NONE',  ( 11.25000000000000355, -8.002908906830752400, -4.132779628772136564E-15 ) ) ;
#4533 = EDGE_CURVE ( 'NONE', #1555, #3226, #4198, .T. ) ;
#4534 = CARTESIAN_POINT ( 'NONE',  ( -0.6281600580064924388, -6.015313249658026606, 3.281812700149079109 ) ) ;
#4535 = B_SPLINE_CURVE_WITH_KNOTS ( 'NONE', 3,
 ( #4844, #3218, #3246, #4904, #5279, #1213, #2338, #746 ),
 .UNSPECIFIED., .F., .F.,
 ( 4, 2, 2, 4 ),
 ( -5.960566875072846908E-06, 0.0006833771963961733989, 0.001028046078031796644, 0.001372714959667419889 ),
 .UNSPECIFIED. ) ;
#4536 = LINE ( 'NONE', #15, #5053 ) ;
#4537 = CONICAL_SURFACE ( 'NONE', #1101, 2.227767388195792453, 0.5327878586222940527 ) ;
#4538 = ORIENTED_EDGE ( 'NONE', *, *, #2364, .F. ) ;
#4539 = CARTESIAN_POINT ( 'NONE',  ( 3.396543002201468209, -6.061773215555091632, 12.50003054011984993 ) ) ;
#4540 = EDGE_CURVE ( 'NONE', #935, #2800, #3779, .T. ) ;
#4541 = DIRECTION ( 'NONE',  ( -0.000000000000000000, -1.000000000000000000, -0.000000000000000000 ) ) ;
#4542 = CARTESIAN_POINT ( 'NONE',  ( -1.274938895019832596, -19.31581798157769114, 5.935892433219104092 ) ) ;
#4543 = ORIENTED_EDGE ( 'NONE', *, *, #3074, .F. ) ;
#4544 = CARTESIAN_POINT ( 'NONE',  ( 3.269015215390447260, -5.635824839620144466, 8.587971667052793023 ) ) ;
#4545 = AXIS2_PLACEMENT_3D ( 'NONE', #4145, #1245, #1271 ) ;
#4546 = VERTEX_POINT ( 'NONE', #4386 ) ;
#4547 = B_SPLINE_CURVE_WITH_KNOTS ( 'NONE', 3,
 ( #4603, #4985, #103, #3352 ),
 .UNSPECIFIED., .F., .F.,
 ( 4, 4 ),
 ( 0.000000000000000000, 0.0002329368790739887532 ),
 .UNSPECIFIED. ) ;
#4548 =( BOUNDED_SURFACE ( )  B_SPLINE_SURFACE ( 3, 2, ( 
 ( #5075, #1507, #4203 ),
 ( #970, #691, #3416 ),
 ( #2589, #4226, #2339 ),
 ( #3976, #4254, #566 ) ),
 .UNSPECIFIED., .F., .F., .T. ) 
 B_SPLINE_SURFACE_WITH_KNOTS ( ( 4, 4 ),
 ( 3, 3 ),
 ( 0.000000000000000000, 0.0002531915311968753273 ),
 ( 0.000000000000000000, 1.000000000000000000 ),
 .UNSPECIFIED. ) 
 GEOMETRIC_REPRESENTATION_ITEM ( )  RATIONAL_B_SPLINE_SURFACE ( (
 ( 1.000000000000000000, 0.7399665075371031353, 1.000000000000000000),
 ( 1.000000000000000000, 0.7592884826104198126, 1.000000000000000000),
 ( 1.000000000000000000, 0.7775062273739410390, 1.000000000000000000),
 ( 1.000000000000000000, 0.7948145652894752500, 1.000000000000000000) ) ) 
 REPRESENTATION_ITEM ( '' )  SURFACE ( )  );
#4549 = FACE_OUTER_BOUND ( 'NONE', #1888, .T. ) ;
#4550 = CARTESIAN_POINT ( 'NONE',  ( 0.9686607613754960600, -20.55198379298516542, 1.539658638775549537 ) ) ;
#4551 = EDGE_CURVE ( 'NONE', #1646, #145, #1911, .T. ) ;
#4552 = ORIENTED_EDGE ( 'NONE', *, *, #5185, .T. ) ;
#4553 = FACE_OUTER_BOUND ( 'NONE', #2421, .T. ) ;
#4554 = CARTESIAN_POINT ( 'NONE',  ( -0.8172863075979437397, -21.64698990024088232, 1.101099550475207689 ) ) ;
#4555 = CARTESIAN_POINT ( 'NONE',  ( -4.144001371221225583, -5.223599999999989585, 11.74140586148671872 ) ) ;
#4556 = CARTESIAN_POINT ( 'NONE',  ( 0.1205581111403217220, -21.62118650942704789, 1.702849006640982044 ) ) ;
#4557 = LINE ( 'NONE', #4097, #3583 ) ;
#4558 = ORIENTED_EDGE ( 'NONE', *, *, #2320, .T. ) ;
#4559 = CARTESIAN_POINT ( 'NONE',  ( 1.016745252034136016, -21.00246525441128753, 0.8254995360120749304 ) ) ;
#4560 = CARTESIAN_POINT ( 'NONE',  ( -6.776263578034402713E-18, -10.22360000000000291, 10.53529359296444490 ) ) ;
#4561 = DIRECTION ( 'NONE',  ( 0.000000000000000000, 0.000000000000000000, -1.000000000000000000 ) ) ;
#4562 = CARTESIAN_POINT ( 'NONE',  ( 0.7517540966287263871, -5.223600000000002019, 0.2736161146605349259 ) ) ;
#4563 = ORIENTED_EDGE ( 'NONE', *, *, #499, .F. ) ;
#4564 = DIRECTION ( 'NONE',  ( 0.000000000000000000, 0.000000000000000000, -1.000000000000000000 ) ) ;
#4565 = EDGE_CURVE ( 'NONE', #4503, #4777, #632, .T. ) ;
#4566 = EDGE_CURVE ( 'NONE', #3260, #3170, #1087, .T. ) ;
#4567 = CARTESIAN_POINT ( 'NONE',  ( 11.25000000000000178, -7.923600000000001309, 8.499999999999996447 ) ) ;
#4568 = DIRECTION ( 'NONE',  ( 0.000000000000000000, 1.000000000000000000, 0.000000000000000000 ) ) ;
#4569 = ADVANCED_FACE ( 'NONE', ( #2686 ), #4835, .T. ) ;
#4570 = ORIENTED_EDGE ( 'NONE', *, *, #3091, .T. ) ;
#4571 = CARTESIAN_POINT ( 'NONE',  ( 3.144475379892397005, -5.641792007164470490, 8.865000761396565565 ) ) ;
#4572 = DIRECTION ( 'NONE',  ( -0.000000000000000000, -1.000000000000000000, -0.000000000000000000 ) ) ;
#4573 = FACE_OUTER_BOUND ( 'NONE', #4060, .T. ) ;
#4574 = VERTEX_POINT ( 'NONE', #3397 ) ;
#4575 = AXIS2_PLACEMENT_3D ( 'NONE', #4350, #1475, #2605 ) ;
#4576 = FACE_OUTER_BOUND ( 'NONE', #4229, .T. ) ;
#4577 = CARTESIAN_POINT ( 'NONE',  ( -0.4602862850207712908, -21.62361722245161033, 1.557259490391683876 ) ) ;
#4578 = CIRCLE ( 'NONE', #1331, 12.15418374273840385 ) ;
#4579 = CARTESIAN_POINT ( 'NONE',  ( -4.074161836859035546, -5.223600000000001131, 11.19366764997456620 ) ) ;
#4580 = CARTESIAN_POINT ( 'NONE',  ( -0.06884706587781865006, -21.62119608618569089, 1.701454812572214648 ) ) ;
#4581 = CARTESIAN_POINT ( 'NONE',  ( -2.735995780908693664, -5.216080458805834930, 8.613224832879156523 ) ) ;
#4582 = CARTESIAN_POINT ( 'NONE',  ( 3.919278360111199368E-16, -10.55244250479772994, -3.200333649538751768 ) ) ;
#4583 = ORIENTED_EDGE ( 'NONE', *, *, #1593, .F. ) ;
#4584 = FACE_OUTER_BOUND ( 'NONE', #3716, .T. ) ;
#4585 = CARTESIAN_POINT ( 'NONE',  ( 11.25000000000000000, -7.923600000000001309, -4.133182947122316772E-15 ) ) ;
#4586 = B_SPLINE_CURVE_WITH_KNOTS ( 'NONE', 3,
 ( #1329, #55, #2160, #2135 ),
 .UNSPECIFIED., .F., .F.,
 ( 4, 4 ),
 ( 0.000000000000000000, 2.487168675632112888E-05 ),
 .UNSPECIFIED. ) ;
#4587 = FACE_OUTER_BOUND ( 'NONE', #2284, .T. ) ;
#4588 = AXIS2_PLACEMENT_3D ( 'NONE', #3924, #4739, #1805 ) ;
#4589 = CARTESIAN_POINT ( 'NONE',  ( 0.000000000000000000, -6.023600000000001842, 0.6453228415265582774 ) ) ;
#4590 = VERTEX_POINT ( 'NONE', #4492 ) ;
#4591 = CARTESIAN_POINT ( 'NONE',  ( -0.6671151808345170409, -20.59600754862579564, 0.1649429704031264432 ) ) ;
#4592 = AXIS2_PLACEMENT_3D ( 'NONE', #4648, #4623, #3507 ) ;
#4593 = ORIENTED_EDGE ( 'NONE', *, *, #647, .T. ) ;
#4594 = CARTESIAN_POINT ( 'NONE',  ( -1.109567248682958862, -21.16060833433346033, 0.3837745045681280609 ) ) ;
#4595 = LINE ( 'NONE', #4216, #4884 ) ;
#4596 = ORIENTED_EDGE ( 'NONE', *, *, #819, .F. ) ;
#4597 = CARTESIAN_POINT ( 'NONE',  ( -3.236802835563981962, -7.423601018577819843, -0.6303837189294941856 ) ) ;
#4598 = EDGE_CURVE ( 'NONE', #1134, #2715, #2257, .T. ) ;
#4599 = EDGE_CURVE ( 'NONE', #5110, #3435, #508, .T. ) ;
#4600 = B_SPLINE_CURVE_WITH_KNOTS ( 'NONE', 3,
 ( #1172, #356, #5214, #3990, #705, #3553, #5240, #4802 ),
 .UNSPECIFIED., .F., .F.,
 ( 4, 2, 2, 4 ),
 ( -5.843548962127853256E-06, 0.0006884170832510485031, 0.001035547399357636313, 0.001382677715464224232 ),
 .UNSPECIFIED. ) ;
#4601 = ADVANCED_FACE ( 'NONE', ( #2427 ), #81, .F. ) ;
#4602 = FACE_OUTER_BOUND ( 'NONE', #1902, .T. ) ;
#4603 = CARTESIAN_POINT ( 'NONE',  ( 4.241347665295659652, -8.223600000000001131, 8.199999999999999289 ) ) ;
#4604 = ORIENTED_EDGE ( 'NONE', *, *, #1478, .F. ) ;
#4605 = DIRECTION ( 'NONE',  ( 0.000000000000000000, 0.000000000000000000, -1.000000000000000000 ) ) ;
#4606 =( LENGTH_UNIT ( ) NAMED_UNIT ( * ) SI_UNIT ( .MILLI., .METRE. ) );
#4607 = DIRECTION ( 'NONE',  ( -0.9396926207859080948, 0.000000000000000000, 0.3420201433256694346 ) ) ;
#4608 = CARTESIAN_POINT ( 'NONE',  ( -0.6842576124169980067, -22.01897177043419873, 0.8261712170190997906 ) ) ;
#4609 = CARTESIAN_POINT ( 'NONE',  ( -3.140980952133564319, -5.519899146919658328, 9.143205802387022629 ) ) ;
#4610 = CARTESIAN_POINT ( 'NONE',  ( -4.369971532790976276, -6.066457142857145435, 9.082593709839601459 ) ) ;
#4611 = ORIENTED_EDGE ( 'NONE', *, *, #4499, .T. ) ;
#4612 = CARTESIAN_POINT ( 'NONE',  ( 3.655480202587171323, -6.061551243594342608, 12.39952322765734394 ) ) ;
#4613 = DIRECTION ( 'NONE',  ( 0.000000000000000000, 0.000000000000000000, 1.000000000000000000 ) ) ;
#4614 = CARTESIAN_POINT ( 'NONE',  ( -2.351595843561859134, -5.223600000000002019, 8.800000000000000711 ) ) ;
#4615 = VERTEX_POINT ( 'NONE', #23 ) ;
#4616 = AXIS2_PLACEMENT_3D ( 'NONE', #1893, #5266, #1492 ) ;
#4617 = ORIENTED_EDGE ( 'NONE', *, *, #1593, .T. ) ;
#4618 = EDGE_CURVE ( 'NONE', #1566, #4042, #120, .T. ) ;
#4619 = CARTESIAN_POINT ( 'NONE',  ( -0.9075883152340175064, -19.33754378532492169, 2.934814467912826963 ) ) ;
#4620 = CARTESIAN_POINT ( 'NONE',  ( 3.291865398748073268, -6.023600000000000954, 9.044325850944213485 ) ) ;
#4621 = ORIENTED_EDGE ( 'NONE', *, *, #3537, .F. ) ;
#4622 = CIRCLE ( 'NONE', #5060, 0.2999999999999998779 ) ;
#4623 = DIRECTION ( 'NONE',  ( -0.000000000000000000, 1.000000000000000000, -0.000000000000000000 ) ) ;
#4624 = CARTESIAN_POINT ( 'NONE',  ( -2.351391842798700615, -18.48185991296174180, 5.988339930055833982 ) ) ;
#4625 = B_SPLINE_CURVE_WITH_KNOTS ( 'NONE', 3,
 ( #708, #737, #4424, #2840 ),
 .UNSPECIFIED., .F., .F.,
 ( 4, 4 ),
 ( -1.752504391605569367E-15, 0.001862293684151249216 ),
 .UNSPECIFIED. ) ;
#4626 = ORIENTED_EDGE ( 'NONE', *, *, #4474, .F. ) ;
#4627 = CYLINDRICAL_SURFACE ( 'NONE', #4750, 0.2999999999999999334 ) ;
#4628 = CARTESIAN_POINT ( 'NONE',  ( 3.122849337825750543E-17, -18.61166130683500342, 0.2550000000000000044 ) ) ;
#4629 = CIRCLE ( 'NONE', #3249, 0.4199999999999990408 ) ;
#4630 = CARTESIAN_POINT ( 'NONE',  ( 1.321313259014213945E-16, -20.29241098832033785, 0.8498342873605899683 ) ) ;
#4631 = CARTESIAN_POINT ( 'NONE',  ( 3.158535311725084505, -5.556254081852451066, 8.500000000000000000 ) ) ;
#4632 = CARTESIAN_POINT ( 'NONE',  ( -3.959031543569516476, -6.055420464093785426, 12.11705743480102804 ) ) ;
#4633 = ADVANCED_FACE ( 'NONE', ( #5028 ), #1221, .F. ) ;
#4634 = CARTESIAN_POINT ( 'NONE',  ( -1.048742316704508015, -21.63336171769084970, 0.3595847498014448917 ) ) ;
#4635 = CARTESIAN_POINT ( 'NONE',  ( 4.241347665295659652, -8.223600000000001131, 8.199999999999999289 ) ) ;
#4636 = CARTESIAN_POINT ( 'NONE',  ( 0.000000000000000000, 0.000000000000000000, 0.000000000000000000 ) ) ;
#4637 = EDGE_CURVE ( 'NONE', #3944, #2187, #3940, .T. ) ;
#4638 = EDGE_LOOP ( 'NONE', ( #2543, #1481, #1368, #2258, #1809, #4558, #497, #2918, #2649, #4710, #2334, #3821, #432, #1671, #1486, #748, #3343 ) ) ;
#4639 = CARTESIAN_POINT ( 'NONE',  ( 4.085487133502050838, -6.048330826240034597, 11.87307851193609842 ) ) ;
#4640 = CARTESIAN_POINT ( 'NONE',  ( -3.553826509324351957, -5.223600000000002019, 1.226021630779377203 ) ) ;
#4641 = CARTESIAN_POINT ( 'NONE',  ( -0.9704666954039409266, -20.58562842270269400, 1.494289914864957103 ) ) ;
#4642 = CARTESIAN_POINT ( 'NONE',  ( -3.139962106558416011, -16.66321062107728324, 6.403971515354783151 ) ) ;
#4643 = ORIENTED_EDGE ( 'NONE', *, *, #1831, .T. ) ;
#4644 = CARTESIAN_POINT ( 'NONE',  ( -3.367302321629241035, -7.241017540420601861, 12.42014488702102071 ) ) ;
#4645 = CARTESIAN_POINT ( 'NONE',  ( -11.10682268589476251, -5.256156509894807094, 0.008445027396364535727 ) ) ;
#4646 = VERTEX_POINT ( 'NONE', #981 ) ;
#4647 = EDGE_CURVE ( 'NONE', #4049, #3489, #2252, .T. ) ;
#4648 = CARTESIAN_POINT ( 'NONE',  ( -6.776263578034402713E-18, -10.22360000000000291, 9.635293592964444542 ) ) ;
#4649 = CARTESIAN_POINT ( 'NONE',  ( -0.1083824759394448889, -20.61166130683500342, -0.2308207939273138609 ) ) ;
#4650 = ORIENTED_EDGE ( 'NONE', *, *, #1346, .F. ) ;
#4651 = CARTESIAN_POINT ( 'NONE',  ( 4.370146922916747556, -6.023600000000001842, 9.083075590249672260 ) ) ;
#4652 = CARTESIAN_POINT ( 'NONE',  ( 0.000000000000000000, -18.45460168286246372, 4.096547861472892293 ) ) ;
#4653 = CARTESIAN_POINT ( 'NONE',  ( 0.9823704894849561997, -21.47300288816019176, 0.7648717042053896353 ) ) ;
#4654 = EDGE_LOOP ( 'NONE', ( #236, #389, #2743, #1372 ) ) ;
#4655 = CARTESIAN_POINT ( 'NONE',  ( 3.509159731649738490, -5.889211256534306216, 8.499999999999998224 ) ) ;
#4656 = CARTESIAN_POINT ( 'NONE',  ( 0.06715921540216465702, -6.023600000000001842, 0.05488235445547150204 ) ) ;
#4657 = CIRCLE ( 'NONE', #4144, 0.9999999999999995559 ) ;
#4658 = CARTESIAN_POINT ( 'NONE',  ( -0.04298805609020327906, -22.12115867407250036, 1.041074523912520755 ) ) ;
#4659 = DIRECTION ( 'NONE',  ( 3.805477163921736940E-18, 0.9995170841968336051, -0.03107407920856248423 ) ) ;
#4660 = FACE_OUTER_BOUND ( 'NONE', #369, .T. ) ;
#4661 = ORIENTED_EDGE ( 'NONE', *, *, #3704, .F. ) ;
#4662 = CARTESIAN_POINT ( 'NONE',  ( 4.144059359582258573, -5.223600000000002019, 11.74078171449060193 ) ) ;
#4663 = EDGE_CURVE ( 'NONE', #1357, #4275, #3195, .T. ) ;
#4664 = CARTESIAN_POINT ( 'NONE',  ( 1.205623204704863616, -20.60352363274852294, 0.3418141164514136854 ) ) ;
#4665 = B_SPLINE_CURVE_WITH_KNOTS ( 'NONE', 3,
 ( #1154, #4899, #5196, #363, #4810, #1128, #276, #1606, #4457, #3239 ),
 .UNSPECIFIED., .F., .F.,
 ( 4, 2, 2, 2, 4 ),
 ( 0.0006897386037832610884, 0.0008621849488622126490, 0.001034631293941164210, 0.001207077639020115879, 0.001379523984099067331 ),
 .UNSPECIFIED. ) ;
#4666 = CARTESIAN_POINT ( 'NONE',  ( -0.9416101678953866516, -20.33586784318974949, 1.339667437420719143 ) ) ;
#4667 = VECTOR ( 'NONE', #775, 1000.000000000000000 ) ;
#4668 = CARTESIAN_POINT ( 'NONE',  ( 3.240473637577121480, -7.214825748349083412, 0.6453228415265582774 ) ) ;
#4669 = EDGE_LOOP ( 'NONE', ( #1961, #3153, #3950, #3630, #2716, #3794, #2290, #1745 ) ) ;
#4670 = CARTESIAN_POINT ( 'NONE',  ( -2.535444870944553397, -14.36310905993982168, 10.15052123531574857 ) ) ;
#4671 = CARTESIAN_POINT ( 'NONE',  ( 3.457326396858416473, -6.049800596300667799, 8.674180420002679526 ) ) ;
#4672 = ORIENTED_EDGE ( 'NONE', *, *, #1230, .F. ) ;
#4673 = CARTESIAN_POINT ( 'NONE',  ( -11.25000000000000000, -8.223600000000001131, 2.295957541734009343E-15 ) ) ;
#4674 = CARTESIAN_POINT ( 'NONE',  ( -1.435777857403060409, -5.223600000000002019, 3.690173516153736344 ) ) ;
#4675 = ORIENTED_EDGE ( 'NONE', *, *, #3775, .F. ) ;
#4676 = CARTESIAN_POINT ( 'NONE',  ( 1.390562694826224410, -20.61166130680104658, 2.549766589780877002 ) ) ;
#4677 = AXIS2_PLACEMENT_3D ( 'NONE', #5088, #2282, #4267 ) ;
#4678 = DIRECTION ( 'NONE',  ( 2.040851148208007998E-16, 0.000000000000000000, 1.000000000000000000 ) ) ;
#4679 = CARTESIAN_POINT ( 'NONE',  ( 0.8249249158659051062, -21.64798552215554750, 1.084722166905650820 ) ) ;
#4680 = VERTEX_POINT ( 'NONE', #3452 ) ;
#4681 = AXIS2_PLACEMENT_3D ( 'NONE', #4800, #2644, #3526 ) ;
#4682 = CARTESIAN_POINT ( 'NONE',  ( 3.551351960006418729, -5.563166733079970783, 8.499999999999998224 ) ) ;
#4683 = ADVANCED_FACE ( 'NONE', ( #4291 ), #3505, .F. ) ;
#4684 = ORIENTED_EDGE ( 'NONE', *, *, #4937, .F. ) ;
#4685 = CARTESIAN_POINT ( 'NONE',  ( -3.407042176155774982, -5.223600000000003796, 12.53866982570878363 ) ) ;
#4686 = CARTESIAN_POINT ( 'NONE',  ( -3.387478195180784191, -5.572783693228953616, -0.7610213053325309840 ) ) ;
#4687 = CARTESIAN_POINT ( 'NONE',  ( 2.983414310529674207, -15.00555694826952191, -0.6887754652500955865 ) ) ;
#4688 = VERTEX_POINT ( 'NONE', #3880 ) ;
#4689 = CARTESIAN_POINT ( 'NONE',  ( 2.935041723764136634, -17.31933366091588056, 6.237555674316818788 ) ) ;
#4690 = CARTESIAN_POINT ( 'NONE',  ( -0.6503202544897052073, -7.214927731330995186, -3.239471322407389220 ) ) ;
#4691 = CARTESIAN_POINT ( 'NONE',  ( 1.074528634977641062, -10.22360000000000291, 0.1447698150676985929 ) ) ;
#4692 = EDGE_CURVE ( 'NONE', #4503, #3563, #937, .T. ) ;
#4693 = CARTESIAN_POINT ( 'NONE',  ( -2.475969892465374134, -17.20235683495921819, 6.501795228062615450 ) ) ;
#4694 = VERTEX_POINT ( 'NONE', #626 ) ;
#4695 = CARTESIAN_POINT ( 'NONE',  ( -2.065917775549383162, -17.87142742794477357, 5.676062438771839247 ) ) ;
#4696 = DIRECTION ( 'NONE',  ( -0.9988725733619540081, -0.04747190943356004861, 0.000000000000000000 ) ) ;
#4697 = EDGE_CURVE ( 'NONE', #1134, #5086, #1008, .T. ) ;
#4698 = ORIENTED_EDGE ( 'NONE', *, *, #5138, .F. ) ;
#4699 = DIRECTION ( 'NONE',  ( 0.000000000000000000, 1.000000000000000000, 0.000000000000000000 ) ) ;
#4700 = CARTESIAN_POINT ( 'NONE',  ( 2.108554070535742236E-15, -5.523600000000001842, 8.200000000000001066 ) ) ;
#4701 = CARTESIAN_POINT ( 'NONE',  ( 1.034419483452273761E-16, -10.22360000000000291, 8.735293592964444187 ) ) ;
#4702 = EDGE_LOOP ( 'NONE', ( #842, #2211, #4354, #1567 ) ) ;
#4703 = CARTESIAN_POINT ( 'NONE',  ( 0.9880081395777072784, -21.94937897582481057, 0.3992344134122769450 ) ) ;
#4704 = EDGE_CURVE ( 'NONE', #5143, #3877, #549, .T. ) ;
#4705 = EDGE_CURVE ( 'NONE', #1419, #4371, #2648, .T. ) ;
#4706 = VECTOR ( 'NONE', #2628, 1000.000000000000000 ) ;
#4707 = CIRCLE ( 'NONE', #316, 0.8999999999999998002 ) ;
#4708 = CARTESIAN_POINT ( 'NONE',  ( -0.9686685335936834340, -20.55213133075232435, 1.539460849853427016 ) ) ;
#4709 = CARTESIAN_POINT ( 'NONE',  ( 0.8974718130290648688, -21.65030429743085705, 0.9002100905203423986 ) ) ;
#4710 = ORIENTED_EDGE ( 'NONE', *, *, #5165, .T. ) ;
#4711 = AXIS2_PLACEMENT_3D ( 'NONE', #4051, #2012, #1733 ) ;
#4712 = CARTESIAN_POINT ( 'NONE',  ( 2.818605159591106357, -5.425432002508610907, 8.500000000000001776 ) ) ;
#4713 = CARTESIAN_POINT ( 'NONE',  ( -1.046604068189042502, -19.33677803222981240, 5.969795288785549658 ) ) ;
#4714 = EDGE_CURVE ( 'NONE', #2928, #4485, #4024, .T. ) ;
#4715 = CARTESIAN_POINT ( 'NONE',  ( -0.9358289339011561792, -20.47523751474327369, 1.004293029288352068 ) ) ;
#4716 = ORIENTED_EDGE ( 'NONE', *, *, #3772, .F. ) ;
#4717 = ORIENTED_EDGE ( 'NONE', *, *, #2364, .T. ) ;
#4718 = ORIENTED_EDGE ( 'NONE', *, *, #955, .T. ) ;
#4719 = CARTESIAN_POINT ( 'NONE',  ( 2.134031314235568466, -18.17182223731820656, 6.214222121729617854 ) ) ;
#4720 = CIRCLE ( 'NONE', #4460, 1.171355532172413394 ) ;
#4721 = DIRECTION ( 'NONE',  ( 0.000000000000000000, 1.000000000000000000, 0.000000000000000000 ) ) ;
#4722 = DIRECTION ( 'NONE',  ( 0.000000000000000000, 1.000000000000000000, -0.000000000000000000 ) ) ;
#4723 = CARTESIAN_POINT ( 'NONE',  ( 0.000000000000000000, -23.72360000000000113, 0.000000000000000000 ) ) ;
#4724 = VERTEX_POINT ( 'NONE', #5136 ) ;
#4725 = CARTESIAN_POINT ( 'NONE',  ( -2.788271461320723787, -17.40673906568885343, 7.660712879288933408 ) ) ;
#4726 = DIRECTION ( 'NONE',  ( -2.896730386972610262E-16, 1.000000000000000000, 6.687629046188098519E-17 ) ) ;
#4727 = UNCERTAINTY_MEASURE_WITH_UNIT (LENGTH_MEASURE( 1.000000000000000082E-05 ), #4606, 'distance_accuracy_value', 'NONE');
#4728 = CARTESIAN_POINT ( 'NONE',  ( -4.090873211456249159, -8.221724681952213842, 8.238461733891432104 ) ) ;
#4729 = CARTESIAN_POINT ( 'NONE',  ( -3.430278912005067404, -6.066457142857145435, 9.424613853165270783 ) ) ;
#4730 = DIRECTION ( 'NONE',  ( 0.000000000000000000, 0.000000000000000000, 1.000000000000000000 ) ) ;
#4731 = ORIENTED_EDGE ( 'NONE', *, *, #3836, .F. ) ;
#4732 = EDGE_CURVE ( 'NONE', #1817, #4930, #3072, .T. ) ;
#4733 = CARTESIAN_POINT ( 'NONE',  ( -0.02667589214628307559, -18.45460168286246372, 4.096547861472892293 ) ) ;
#4734 = EDGE_CURVE ( 'NONE', #4777, #2532, #2557, .T. ) ;
#4735 = CARTESIAN_POINT ( 'NONE',  ( 0.9075883152340230575, -19.33754378532494655, 2.934814467912823854 ) ) ;
#4736 = ORIENTED_EDGE ( 'NONE', *, *, #279, .F. ) ;
#4737 = CARTESIAN_POINT ( 'NONE',  ( 2.986998920440675942, -5.223600000000002908, 8.306793931791103702 ) ) ;
#4738 = APPLICATION_PROTOCOL_DEFINITION ( 'draft international standard', 'automotive_design', 1998, #2974 ) ;
#4739 = DIRECTION ( 'NONE',  ( -0.8382737144193868062, 0.5452496489806524238, -0.000000000000000000 ) ) ;
#4740 = CARTESIAN_POINT ( 'NONE',  ( -3.309603989260311963, -5.768616518876458876, -0.6645224202155863846 ) ) ;
#4741 = VERTEX_POINT ( 'NONE', #3910 ) ;
#4742 = VERTEX_POINT ( 'NONE', #2673 ) ;
#4743 = CARTESIAN_POINT ( 'NONE',  ( -0.02667589214628307559, -18.45460168286246372, 4.096547861472892293 ) ) ;
#4744 = LINE ( 'NONE', #3228, #3240 ) ;
#4745 = CARTESIAN_POINT ( 'NONE',  ( 3.109826426850085035, -6.023600000000001842, 0.6453228415265582774 ) ) ;
#4746 = CARTESIAN_POINT ( 'NONE',  ( 0.6671151808361790447, -20.59600754862659144, 0.1649429703979505557 ) ) ;
#4747 = CARTESIAN_POINT ( 'NONE',  ( 0.06715921540216465702, -6.023600000000001842, 0.05488235445547150204 ) ) ;
#4748 = ORIENTED_EDGE ( 'NONE', *, *, #1605, .F. ) ;
#4749 = CARTESIAN_POINT ( 'NONE',  ( -4.046884547537213273, -7.126167600662298263, 11.11872391349830380 ) ) ;
#4750 = AXIS2_PLACEMENT_3D ( 'NONE', #2900, #4218, #936 ) ;
#4751 = LINE ( 'NONE', #1063, #320 ) ;
#4752 = DIRECTION ( 'NONE',  ( 0.000000000000000000, 0.000000000000000000, 1.000000000000000000 ) ) ;
#4753 = AXIS2_PLACEMENT_3D ( 'NONE', #2503, #4194, #1695 ) ;
#4754 = CARTESIAN_POINT ( 'NONE',  ( 0.9857077080743846809, -21.42917705426014763, 0.7948889231747494621 ) ) ;
#4755 = CARTESIAN_POINT ( 'NONE',  ( -1.240240430702658436, -5.223600000000001131, 3.560355474023687794 ) ) ;
#4756 = VERTEX_POINT ( 'NONE', #4318 ) ;
#4757 = CARTESIAN_POINT ( 'NONE',  ( 2.533746913483994057, -5.223600000000001131, 8.821030784129572311 ) ) ;
#4758 =( NAMED_UNIT ( * ) PLANE_ANGLE_UNIT ( ) SI_UNIT ( $, .RADIAN. ) );
#4759 = CARTESIAN_POINT ( 'NONE',  ( 0.9806501191933607586, -21.49333822618930157, 0.7517717221729064425 ) ) ;
#4760 = EDGE_CURVE ( 'NONE', #949, #2443, #2129, .T. ) ;
#4761 = FACE_OUTER_BOUND ( 'NONE', #2726, .T. ) ;
#4762 = VERTEX_POINT ( 'NONE', #3427 ) ;
#4763 = DIRECTION ( 'NONE',  ( 0.000000000000000000, 0.000000000000000000, 1.000000000000000000 ) ) ;
#4764 = CIRCLE ( 'NONE', #1584, 3.341904105585355556 ) ;
#4765 = DIRECTION ( 'NONE',  ( -0.000000000000000000, -1.000000000000000000, -0.000000000000000000 ) ) ;
#4766 = CARTESIAN_POINT ( 'NONE',  ( -1.450320254489705141, -5.223600000000002019, -3.879270630288404131 ) ) ;
#4767 = TOROIDAL_SURFACE ( 'NONE', #2454, 12.15418374273840207, 0.8000000000000000444 ) ;
#4768 = ORIENTED_EDGE ( 'NONE', *, *, #4404, .F. ) ;
#4769 = ORIENTED_EDGE ( 'NONE', *, *, #3988, .T. ) ;
#4770 = CARTESIAN_POINT ( 'NONE',  ( 0.2325607036558766938, -18.47333018915866987, 4.104975689306185060 ) ) ;
#4771 = CYLINDRICAL_SURFACE ( 'NONE', #1013, 0.2999999999999999334 ) ;
#4772 = B_SPLINE_CURVE_WITH_KNOTS ( 'NONE', 3,
 ( #381, #3310, #1680, #4966, #1253, #2087 ),
 .UNSPECIFIED., .F., .F.,
 ( 4, 2, 4 ),
 ( 7.343981824874651914E-15, 0.0002852244065817611976, 0.0005704488131561783349 ),
 .UNSPECIFIED. ) ;
#4773 = EDGE_CURVE ( 'NONE', #145, #3944, #4751, .T. ) ;
#4774 = DIRECTION ( 'NONE',  ( 0.1335222851235817743, 0.000000000000000000, -0.9910458109367985546 ) ) ;
#4775 = CARTESIAN_POINT ( 'NONE',  ( -0.04175567719878846284, -5.223600000000002019, -0.03947364217838960493 ) ) ;
#4776 = CARTESIAN_POINT ( 'NONE',  ( 3.386212052563315478, -6.688623794471486583, 12.47180666416470807 ) ) ;
#4777 = VERTEX_POINT ( 'NONE', #2307 ) ;
#4778 = CARTESIAN_POINT ( 'NONE',  ( 0.000000000000000000, -17.33419824958559374, 1.677190573871533363 ) ) ;
#4779 = CARTESIAN_POINT ( 'NONE',  ( 0.000000000000000000, -15.80840806009312161, 0.000000000000000000 ) ) ;
#4780 = CARTESIAN_POINT ( 'NONE',  ( -0.6503202544897052073, -6.023600000000001842, -3.089420301609855368 ) ) ;
#4781 = CARTESIAN_POINT ( 'NONE',  ( 0.6091349363325196942, -21.62897223347188458, 1.420043876969692143 ) ) ;
#4782 = ORIENTED_EDGE ( 'NONE', *, *, #2411, .T. ) ;
#4783 = CARTESIAN_POINT ( 'NONE',  ( 0.1660733729137154890, -20.61166130683501052, -0.2341612090597147700 ) ) ;
#4784 = CARTESIAN_POINT ( 'NONE',  ( 0.02575603379641124360, -14.69295884451307543, 7.200338303317392885 ) ) ;
#4785 = DIRECTION ( 'NONE',  ( 0.000000000000000000, 0.000000000000000000, 1.000000000000000000 ) ) ;
#4786 = CARTESIAN_POINT ( 'NONE',  ( -2.989705224933790095, -5.436378460510965738, 8.461331572640116150 ) ) ;
#4787 = ORIENTED_EDGE ( 'NONE', *, *, #5014, .F. ) ;
#4788 = DIRECTION ( 'NONE',  ( 0.2249510543438620891, 0.000000000000000000, -0.9743700647852359120 ) ) ;
#4789 = AXIS2_PLACEMENT_3D ( 'NONE', #3508, #5117, #657 ) ;
#4790 = CIRCLE ( 'NONE', #4183, 0.6760719760784638099 ) ;
#4791 = CARTESIAN_POINT ( 'NONE',  ( 3.377312120155082642, -5.223600000000002019, 8.199999999999997513 ) ) ;
#4792 = CARTESIAN_POINT ( 'NONE',  ( 3.373374126672921136, -8.068677966132558055, 8.699698603014132559 ) ) ;
#4793 = CARTESIAN_POINT ( 'NONE',  ( -3.284822839390894256, -5.881358266323022832, -0.6345673685978763245 ) ) ;
#4794 = CONICAL_SURFACE ( 'NONE', #3842, 1.677190573871533363, 0.8389565550347851675 ) ;
#4795 = ORIENTED_EDGE ( 'NONE', *, *, #1673, .T. ) ;
#4796 = EDGE_LOOP ( 'NONE', ( #1514, #2765, #1141, #3908, #4684 ) ) ;
#4797 = CARTESIAN_POINT ( 'NONE',  ( 1.063774706405839376, -19.11574905626849841, 6.067736046180378651 ) ) ;
#4798 = CARTESIAN_POINT ( 'NONE',  ( -2.799628934789421653, -5.290716649468137689, 8.650840107224462727 ) ) ;
#4799 = EDGE_CURVE ( 'NONE', #1566, #2088, #3939, .T. ) ;
#4800 = CARTESIAN_POINT ( 'NONE',  ( 0.6677926086401739791, -21.11166130683495012, -0.1054815087311923444 ) ) ;
#4801 = ADVANCED_FACE ( 'NONE', ( #1955 ), #4448, .T. ) ;
#4802 = CARTESIAN_POINT ( 'NONE',  ( 3.278930117175741898, -5.998740736633151549, 0.6457091741690914599 ) ) ;
#4803 = DIRECTION ( 'NONE',  ( 0.000000000000000000, 0.000000000000000000, -1.000000000000000000 ) ) ;
#4804 = CONICAL_SURFACE ( 'NONE', #2567, 1.792363797108476042, 0.3317284379186984378 ) ;
#4805 = VERTEX_POINT ( 'NONE', #2756 ) ;
#4806 = CARTESIAN_POINT ( 'NONE',  ( 1.374926479254371170, -5.223600000000002019, 3.906628551608976707 ) ) ;
#4807 = CARTESIAN_POINT ( 'NONE',  ( 3.430454302130839572, -6.023600000000001842, 9.425095733575343360 ) ) ;
#4808 = DIRECTION ( 'NONE',  ( 0.000000000000000000, 1.000000000000000000, 0.000000000000000000 ) ) ;
#4809 = CARTESIAN_POINT ( 'NONE',  ( 0.5634339872756488621, -21.62693000137431909, 1.467455493872646510 ) ) ;
#4810 = CARTESIAN_POINT ( 'NONE',  ( -0.2359628398195532661, -20.58558693107341853, 0.1124839724363090321 ) ) ;
#4811 = VERTEX_POINT ( 'NONE', #1602 ) ;
#4812 = CARTESIAN_POINT ( 'NONE',  ( -0.9530423685977968962, -20.61166130684071973, 1.002185066329521534 ) ) ;
#4813 = EDGE_CURVE ( 'NONE', #1468, #3137, #48, .T. ) ;
#4814 = CARTESIAN_POINT ( 'NONE',  ( 0.9666666666666666741, -18.82691367757014689, 4.264088259091348476 ) ) ;
#4815 = CARTESIAN_POINT ( 'NONE',  ( -3.483233002699067438, -7.307702110790717853, 8.500000000000001776 ) ) ;
#4816 = CARTESIAN_POINT ( 'NONE',  ( 0.000000000000000000, 0.000000000000000000, 0.000000000000000000 ) ) ;
#4817 = EDGE_LOOP ( 'NONE', ( #2591, #4892, #1720, #3052 ) ) ;
#4818 = CARTESIAN_POINT ( 'NONE',  ( 3.430454302130839572, -6.023600000000001842, 9.425095733575343360 ) ) ;
#4819 = DIRECTION ( 'NONE',  ( 0.000000000000000000, 0.000000000000000000, -1.000000000000000000 ) ) ;
#4820 = FACE_OUTER_BOUND ( 'NONE', #3, .T. ) ;
#4821 = DIRECTION ( 'NONE',  ( 0.000000000000000000, 0.000000000000000000, 1.000000000000000000 ) ) ;
#4822 = VERTEX_POINT ( 'NONE', #4807 ) ;
#4823 = AXIS2_PLACEMENT_3D ( 'NONE', #3012, #2214, #5126 ) ;
#4824 = EDGE_LOOP ( 'NONE', ( #859, #3535, #4543, #400 ) ) ;
#4825 = CARTESIAN_POINT ( 'NONE',  ( -0.9333333333333333481, -14.87911484186691702, 7.535419098554304362 ) ) ;
#4826 = DIRECTION ( 'NONE',  ( -1.000000000000000000, 0.000000000000000000, 0.000000000000000000 ) ) ;
#4827 = DIRECTION ( 'NONE',  ( -0.000000000000000000, -1.000000000000000000, -0.000000000000000000 ) ) ;
#4828 = B_SPLINE_CURVE_WITH_KNOTS ( 'NONE', 3,
 ( #4311, #1811, #3498, #5104 ),
 .UNSPECIFIED., .F., .F.,
 ( 4, 4 ),
 ( 0.0008006253438507639555, 0.005002868740927938519 ),
 .UNSPECIFIED. ) ;
#4829 = CYLINDRICAL_SURFACE ( 'NONE', #1611, 0.8000000000000000444 ) ;
#4830 = CARTESIAN_POINT ( 'NONE',  ( 3.729654194219113261, -6.054859682647542485, 8.799999999999998934 ) ) ;
#4831 = EDGE_CURVE ( 'NONE', #2000, #4688, #1283, .T. ) ;
#4832 = ORIENTED_EDGE ( 'NONE', *, *, #444, .F. ) ;
#4833 = LINE ( 'NONE', #1522, #3331 ) ;
#4834 = DIRECTION ( 'NONE',  ( 0.9998321274920365376, -0.000000000000000000, 0.01832257718630355206 ) ) ;
#4835 =( BOUNDED_SURFACE ( )  B_SPLINE_SURFACE ( 3, 2, ( 
 ( #3951, #259, #4329 ),
 ( #230, #4441, #752 ),
 ( #3487, #2402, #1885 ),
 ( #3516, #5177, #4909 ),
 ( #1997, #1216, #2850 ),
 ( #4932, #2078, #805 ) ),
 .UNSPECIFIED., .F., .F., .F. ) 
 B_SPLINE_SURFACE_WITH_KNOTS ( ( 4, 2, 4 ),
 ( 3, 3 ),
 ( 0.000000000000000000, 0.0004024441863595632635, 0.0008048883727191265269 ),
 ( 0.000000000000000000, 1.000000000000000000 ),
 .UNSPECIFIED. ) 
 GEOMETRIC_REPRESENTATION_ITEM ( )  RATIONAL_B_SPLINE_SURFACE ( (
 ( 1.000000000000000000, 0.7071067811870075381, 1.000000000000000000),
 ( 1.000000000000000000, 0.7470401813061682272, 1.000000000000000000),
 ( 1.000000000000000000, 0.7872972090540261147, 1.000000000000000000),
 ( 1.000000000000000000, 0.8591552886551331314, 1.000000000000000000),
 ( 1.000000000000000000, 0.8899597090847870540, 1.000000000000000000),
 ( 1.000000000000000000, 0.9149054135421130773, 1.000000000000000000) ) ) 
 REPRESENTATION_ITEM ( '' )  SURFACE ( )  );
#4836 = ADVANCED_FACE ( 'NONE', ( #4425 ), #4512, .F. ) ;
#4837 = CARTESIAN_POINT ( 'NONE',  ( 1.071790308394937163, -19.01986854162865015, 6.188193991234790303 ) ) ;
#4838 = CARTESIAN_POINT ( 'NONE',  ( 1.109228607254172161, -21.17623713189520274, 0.3781417770240868559 ) ) ;
#4839 = CIRCLE ( 'NONE', #185, 0.2999999999999999334 ) ;
#4840 = CARTESIAN_POINT ( 'NONE',  ( -3.306405738682171691, -6.023600000000001842, -0.6305982143776471815 ) ) ;
#4841 = ORIENTED_EDGE ( 'NONE', *, *, #3346, .F. ) ;
#4842 = CARTESIAN_POINT ( 'NONE',  ( -0.3343773720661142312, -20.61166130683513842, -0.2095049645804512861 ) ) ;
#4843 = CARTESIAN_POINT ( 'NONE',  ( 0.6721254665227845981, -18.56123144761066968, 4.144531255609582132 ) ) ;
#4844 = CARTESIAN_POINT ( 'NONE',  ( 3.710651310520208135, -5.223600000000002019, -1.412840537488711190 ) ) ;
#4845 = CARTESIAN_POINT ( 'NONE',  ( 0.000000000000000000, -10.55244250479772994, 0.000000000000000000 ) ) ;
#4846 = ORIENTED_EDGE ( 'NONE', *, *, #261, .F. ) ;
#4847 = DIRECTION ( 'NONE',  ( 0.000000000000000000, 1.000000000000000000, 0.000000000000000000 ) ) ;
#4848 = CARTESIAN_POINT ( 'NONE',  ( -3.661408451179150703, -8.025150863556614667, 8.486452929101309550 ) ) ;
#4849 = CARTESIAN_POINT ( 'NONE',  ( 3.396543002201468209, -6.061773215555091632, 12.50003054011984993 ) ) ;
#4850 = CARTESIAN_POINT ( 'NONE',  ( 3.377419814363541661, -5.223600000000002019, 8.200000077095653594 ) ) ;
#4851 = ORIENTED_EDGE ( 'NONE', *, *, #4516, .T. ) ;
#4852 = ORIENTED_EDGE ( 'NONE', *, *, #2888, .T. ) ;
#4853 = FACE_OUTER_BOUND ( 'NONE', #856, .T. ) ;
#4854 = AXIS2_PLACEMENT_3D ( 'NONE', #2554, #4195, #505 ) ;
#4855 = FACE_OUTER_BOUND ( 'NONE', #200, .T. ) ;
#4856 = CARTESIAN_POINT ( 'NONE',  ( 3.664841231626920326, -7.923599999999999532, 8.499999999999998224 ) ) ;
#4857 = B_SPLINE_CURVE_WITH_KNOTS ( 'NONE', 3,
 ( #14, #4534, #4482, #4427 ),
 .UNSPECIFIED., .F., .F.,
 ( 4, 4 ),
 ( 8.673617379884035472E-19, 2.487261951053286116E-05 ),
 .UNSPECIFIED. ) ;
#4858 = CARTESIAN_POINT ( 'NONE',  ( -6.776263578034402713E-18, -6.023600000000001842, 9.635293592964444542 ) ) ;
#4859 = FACE_OUTER_BOUND ( 'NONE', #2893, .T. ) ;
#4860 = ORIENTED_EDGE ( 'NONE', *, *, #4599, .T. ) ;
#4861 = LINE ( 'NONE', #3180, #4115 ) ;
#4862 = CARTESIAN_POINT ( 'NONE',  ( -11.25000000000000000, -5.347864068711929875, 8.500000000000000000 ) ) ;
#4863 = CARTESIAN_POINT ( 'NONE',  ( 3.643354898934858088, -11.70619235910430866, 10.01003531588279571 ) ) ;
#4864 = EDGE_CURVE ( 'NONE', #2443, #1068, #1915, .T. ) ;
#4865 = CARTESIAN_POINT ( 'NONE',  ( -3.291865398748044846, -6.023600000000004506, 9.044325850944218814 ) ) ;
#4866 = ORIENTED_EDGE ( 'NONE', *, *, #661, .T. ) ;
#4867 = ADVANCED_FACE ( 'NONE', ( #1523 ), #1551, .T. ) ;
#4868 = CARTESIAN_POINT ( 'NONE',  ( 0.8539223020928976560, -19.56425723951680240, 2.517610528215021848 ) ) ;
#4869 = CARTESIAN_POINT ( 'NONE',  ( -2.609795623326134795, -5.223600000000002019, 8.550276130096561289 ) ) ;
#4870 = DIRECTION ( 'NONE',  ( -0.000000000000000000, -1.000000000000000000, -0.000000000000000000 ) ) ;
#4871 = EDGE_CURVE ( 'NONE', #5059, #2071, #332, .T. ) ;
#4872 = DIRECTION ( 'NONE',  ( 0.000000000000000000, 0.000000000000000000, 1.000000000000000000 ) ) ;
#4873 = ORIENTED_EDGE ( 'NONE', *, *, #1045, .F. ) ;
#4874 = EDGE_CURVE ( 'NONE', #1129, #1793, #1577, .T. ) ;
#4875 = CARTESIAN_POINT ( 'NONE',  ( 0.2043546043426927861, -20.57519688089042376, 0.1630072329013309007 ) ) ;
#4876 = CARTESIAN_POINT ( 'NONE',  ( -3.885678842741261629, -8.484223924201581113, 8.045130812015768740 ) ) ;
#4877 = B_SPLINE_CURVE_WITH_KNOTS ( 'NONE', 3,
 ( #2167, #2090, #2114, #2466, #3313, #1282, #3797, #63, #2937, #2914, #4102, #410 ),
 .UNSPECIFIED., .F., .F.,
 ( 4, 2, 2, 2, 2, 4 ),
 ( 0.000000000000000000, 0.001288932628063592465, 0.001933398942095386529, 0.002255632099111281718, 0.002416748677619230505, 0.002577865256127179726 ),
 .UNSPECIFIED. ) ;
#4878 = CARTESIAN_POINT ( 'NONE',  ( 3.304281240960916577, -5.223600000000063304, 8.453602978889202646 ) ) ;
#4879 = AXIS2_PLACEMENT_3D ( 'NONE', #4858, #3177, #2806 ) ;
#4880 = EDGE_LOOP ( 'NONE', ( #3899, #4960, #4881 ) ) ;
#4881 = ORIENTED_EDGE ( 'NONE', *, *, #5107, .F. ) ;
#4882 = DIRECTION ( 'NONE',  ( 0.9937044044088075845, 0.000000000000000000, 0.1120337300036775285 ) ) ;
#4883 = DIRECTION ( 'NONE',  ( 0.000000000000000000, 0.000000000000000000, 1.000000000000000000 ) ) ;
#4884 = VECTOR ( 'NONE', #468, 1000.000000000000000 ) ;
#4885 = EDGE_CURVE ( 'NONE', #1868, #729, #5146, .T. ) ;
#4886 = AXIS2_PLACEMENT_3D ( 'NONE', #5164, #1034, #3097 ) ;
#4887 = LINE ( 'NONE', #5294, #3898 ) ;
#4888 = AXIS2_PLACEMENT_3D ( 'NONE', #4830, #3205, #1090 ) ;
#4889 = B_SPLINE_CURVE_WITH_KNOTS ( 'NONE', 3,
 ( #539, #5076, #3793, #3038 ),
 .UNSPECIFIED., .F., .F.,
 ( 4, 4 ),
 ( 0.000000000000000000, 0.0002450129396883909743 ),
 .UNSPECIFIED. ) ;
#4890 = CARTESIAN_POINT ( 'NONE',  ( -2.348095774217991760, -5.144023566480639964, 8.596490577696160429 ) ) ;
#4891 = CARTESIAN_POINT ( 'NONE',  ( -3.718366020030240193, -6.678100765031858010, 8.500000000000000000 ) ) ;
#4892 = ORIENTED_EDGE ( 'NONE', *, *, #1953, .F. ) ;
#4893 = CARTESIAN_POINT ( 'NONE',  ( -4.031530122155851714, -8.495069740634006550, 7.972301805912771933 ) ) ;
#4894 =( GEOMETRIC_REPRESENTATION_CONTEXT ( 3 ) GLOBAL_UNCERTAINTY_ASSIGNED_CONTEXT ( ( #4727 ) ) GLOBAL_UNIT_ASSIGNED_CONTEXT ( ( #4606, #888, #913 ) ) REPRESENTATION_CONTEXT ( 'NONE', 'WORKASPACE' ) );
#4895 = CARTESIAN_POINT ( 'NONE',  ( 3.094198467027835964, -13.66887507464838336, 8.501240419469986875 ) ) ;
#4896 = CARTESIAN_POINT ( 'NONE',  ( 2.473063758778988763, -18.30677410088234325, 6.794686834116995477 ) ) ;
#4897 = VECTOR ( 'NONE', #2107, 1000.000000000000000 ) ;
#4898 = VERTEX_POINT ( 'NONE', #490 ) ;
#4899 = CARTESIAN_POINT ( 'NONE',  ( -0.05828949253661271784, -20.55091524738696762, 0.2549999999999997269 ) ) ;
#4900 = EDGE_LOOP ( 'NONE', ( #3370, #920, #4362, #5182 ) ) ;
#4901 = CARTESIAN_POINT ( 'NONE',  ( 0.6540004376163507382, -20.61166130683489328, -0.1184963823694776819 ) ) ;
#4902 = VECTOR ( 'NONE', #3372, 999.9999999999998863 ) ;
#4903 = CARTESIAN_POINT ( 'NONE',  ( -1.855613096619951108, -18.39765806863480080, 6.481619689396735495 ) ) ;
#4904 = CARTESIAN_POINT ( 'NONE',  ( 3.255643806814430441, -5.504180293338015950, -0.8278025686679376660 ) ) ;
#4905 = B_SPLINE_CURVE_WITH_KNOTS ( 'NONE', 3,
 ( #165, #139, #1786, #4231, #3090, #2643, #1835, #1387 ),
 .UNSPECIFIED., .F., .F.,
 ( 4, 2, 2, 4 ),
 ( 0.000000000000000000, 0.0002768835701540606404, 0.0005537671403081212808, 0.001107534280616243212 ),
 .UNSPECIFIED. ) ;
#4906 = ORIENTED_EDGE ( 'NONE', *, *, #639, .T. ) ;
#4907 = PLANE ( 'NONE',  #4317 ) ;
#4908 = EDGE_CURVE ( 'NONE', #60, #3226, #3671, .T. ) ;
#4909 = CARTESIAN_POINT ( 'NONE',  ( -2.987315064864205727, -5.223600000000002019, 8.306675140102283805 ) ) ;
#4910 = EDGE_CURVE ( 'NONE', #1793, #814, #1336, .T. ) ;
#4911 = CARTESIAN_POINT ( 'NONE',  ( 3.486312997738175490, -8.381169436369487968, 8.403455607125463800 ) ) ;
#4912 = CARTESIAN_POINT ( 'NONE',  ( -0.6265362739301417738, -8.823600879422562215, 3.193205542371133632 ) ) ;
#4913 = VERTEX_POINT ( 'NONE', #4207 ) ;
#4914 = CARTESIAN_POINT ( 'NONE',  ( 1.586318367774069415E-15, -6.061773215555091632, 12.95327247724422293 ) ) ;
#4915 = CARTESIAN_POINT ( 'NONE',  ( -0.9744332045103918372, -20.42007077442633545, 1.827752692103712828 ) ) ;
#4916 = CARTESIAN_POINT ( 'NONE',  ( -4.104146278031051587, -8.495069740634006550, 7.934742005524476838 ) ) ;
#4917 = VECTOR ( 'NONE', #670, 999.9999999999998863 ) ;
#4918 = CARTESIAN_POINT ( 'NONE',  ( -2.348366946579180325, -5.223459784806349759, 8.682527095386118887 ) ) ;
#4919 = CARTESIAN_POINT ( 'NONE',  ( -2.857386396919389338, -5.365809237181967895, 8.858397526555672030 ) ) ;
#4920 = ORIENTED_EDGE ( 'NONE', *, *, #4598, .T. ) ;
#4921 = DIRECTION ( 'NONE',  ( -0.000000000000000000, -1.000000000000000000, -0.000000000000000000 ) ) ;
#4922 = CARTESIAN_POINT ( 'NONE',  ( -3.105620331706877124, -5.793900284677075518, 0.6943092726389896718 ) ) ;
#4923 = CARTESIAN_POINT ( 'NONE',  ( 4.066971842998878373, -6.520880779656169857, 11.17391330419705753 ) ) ;
#4924 = LINE ( 'NONE', #1231, #4100 ) ;
#4925 = EDGE_LOOP ( 'NONE', ( #2049, #1771, #2500, #1501, #1706 ) ) ;
#4926 = CARTESIAN_POINT ( 'NONE',  ( -0.6677926086391932081, -20.61166130683517039, -0.1054815087421945713 ) ) ;
#4927 = AXIS2_PLACEMENT_3D ( 'NONE', #3728, #1295, #101 ) ;
#4928 = CARTESIAN_POINT ( 'NONE',  ( -3.885927725605141436, -5.223600000000002019, -1.432387927544254813 ) ) ;
#4929 = CARTESIAN_POINT ( 'NONE',  ( -3.455451970750465840, -6.041124337018002777, 8.678750779933778858 ) ) ;
#4930 = VERTEX_POINT ( 'NONE', #3718 ) ;
#4931 = CARTESIAN_POINT ( 'NONE',  ( 0.5942959697675948005, -20.56369171297554388, 0.4137470304520114439 ) ) ;
#4932 = CARTESIAN_POINT ( 'NONE',  ( -2.886292355424056932, -5.321368850562802066, 8.621674988325525035 ) ) ;
#4933 = CARTESIAN_POINT ( 'NONE',  ( 3.521603907020138813, -8.406552055665640566, 8.349245654043373932 ) ) ;
#4934 = CARTESIAN_POINT ( 'NONE',  ( 2.864165026681583459, -5.223600000000002019, 8.362642899665344132 ) ) ;
#4935 = ORIENTED_EDGE ( 'NONE', *, *, #2955, .T. ) ;
#4936 = DIRECTION ( 'NONE',  ( 0.000000000000000000, 0.000000000000000000, 1.000000000000000000 ) ) ;
#4937 = EDGE_CURVE ( 'NONE', #4742, #4756, #3759, .T. ) ;
#4938 = CARTESIAN_POINT ( 'NONE',  ( -0.9385760419841991942, -21.63227511641176193, 0.7837530128676513108 ) ) ;
#4939 = CARTESIAN_POINT ( 'NONE',  ( 3.534568055306281487, -6.032840012781036876, 8.499999999999962697 ) ) ;
#4940 = CARTESIAN_POINT ( 'NONE',  ( 0.1541742039019587118, -22.11954095569901213, 1.035460156206261084 ) ) ;
#4941 = AXIS2_PLACEMENT_3D ( 'NONE', #3327, #5067, #1670 ) ;
#4942 = CARTESIAN_POINT ( 'NONE',  ( -2.857386396919101568, -5.365809237182412872, 8.858397526553003942 ) ) ;
#4943 = CARTESIAN_POINT ( 'NONE',  ( -3.430454302130814259, -5.929780736102920002, 9.425095733575355794 ) ) ;
#4944 = EDGE_LOOP ( 'NONE', ( #966, #73, #257, #5004, #168, #3029 ) ) ;
#4945 = CARTESIAN_POINT ( 'NONE',  ( 0.7496151288149316416, -19.99850850531571922, 1.751181829468036355 ) ) ;
#4946 = EDGE_CURVE ( 'NONE', #449, #658, #4505, .T. ) ;
#4947 = CARTESIAN_POINT ( 'NONE',  ( -1.367693703970775942, -6.023600000000001842, -0.02506388099478785991 ) ) ;
#4948 = B_SPLINE_CURVE_WITH_KNOTS ( 'NONE', 3,
 ( #459, #1335, #487, #2113 ),
 .UNSPECIFIED., .F., .F.,
 ( 4, 4 ),
 ( 1.734723475976806902E-18, 2.487243664867494215E-05 ),
 .UNSPECIFIED. ) ;
#4949 = CARTESIAN_POINT ( 'NONE',  ( 2.783499938736103463, -17.42106523847603938, 7.647603228730431191 ) ) ;
#4950 = ORIENTED_EDGE ( 'NONE', *, *, #2564, .F. ) ;
#4951 = CARTESIAN_POINT ( 'NONE',  ( 4.092652165962503939E-16, -5.998740736633151549, -3.341904105585355556 ) ) ;
#4952 = EDGE_CURVE ( 'NONE', #4014, #311, #4361, .T. ) ;
#4953 = CARTESIAN_POINT ( 'NONE',  ( 2.679662004657156427, -5.223600000000000243, 8.609677314943024129 ) ) ;
#4954 = DIRECTION ( 'NONE',  ( -0.000000000000000000, -1.000000000000000000, -0.000000000000000000 ) ) ;
#4955 = ORIENTED_EDGE ( 'NONE', *, *, #783, .F. ) ;
#4956 = CARTESIAN_POINT ( 'NONE',  ( 3.457662709571371451, -5.982936129720325624, 8.673967775219407983 ) ) ;
#4957 = CARTESIAN_POINT ( 'NONE',  ( -5.624069133995607360E-16, -5.223600000000001131, -4.592400958310062009 ) ) ;
#4958 = CARTESIAN_POINT ( 'NONE',  ( 0.9305708975732501775, -19.70773896760758959, 2.556323403191502308 ) ) ;
#4959 = CIRCLE ( 'NONE', #2039, 8.933316705776793043 ) ;
#4960 = ORIENTED_EDGE ( 'NONE', *, *, #3687, .T. ) ;
#4961 = CARTESIAN_POINT ( 'NONE',  ( 4.015565759421082070, -8.512659597959247648, 8.314056082924542679 ) ) ;
#4962 = CARTESIAN_POINT ( 'NONE',  ( -3.455561902643375038, -5.971105144584201163, 8.678681919810093959 ) ) ;
#4963 = CARTESIAN_POINT ( 'NONE',  ( -4.074161836859237162, -6.023599999999786903, 11.19366764997449337 ) ) ;
#4964 = CARTESIAN_POINT ( 'NONE',  ( -1.010001931991955537, -21.40032456720091147, 0.5779143502162521484 ) ) ;
#4965 = CARTESIAN_POINT ( 'NONE',  ( -3.457662709571300397, -5.982936129720487273, 8.673967775218738296 ) ) ;
#4966 = CARTESIAN_POINT ( 'NONE',  ( 1.175380352948443674, -21.17875970114527107, 0.009599610405133629509 ) ) ;
#4967 = ORIENTED_EDGE ( 'NONE', *, *, #2784, .F. ) ;
#4968 = CARTESIAN_POINT ( 'NONE',  ( 0.9294894061107431549, -19.71662970490339717, 2.538780138801133734 ) ) ;
#4969 = CIRCLE ( 'NONE', #3751, 3.225122630638373344 ) ;
#4970 = ADVANCED_FACE ( 'NONE', ( #922 ), #4794, .F. ) ;
#4971 = AXIS2_PLACEMENT_3D ( 'NONE', #3962, #764, #1923 ) ;
#4972 = CARTESIAN_POINT ( 'NONE',  ( 0.000000000000000000, -17.33419824958559374, 0.000000000000000000 ) ) ;
#4973 = CIRCLE ( 'NONE', #5098, 3.225122630638374233 ) ;
#4974 = CARTESIAN_POINT ( 'NONE',  ( -1.038876101809000474, -20.52888662709427336, 0.7805974660468697479 ) ) ;
#4975 = ADVANCED_FACE ( 'NONE', ( #2491 ), #1684, .T. ) ;
#4976 = CARTESIAN_POINT ( 'NONE',  ( -3.454536624855683691, -14.87143545753646201, 6.891211734661794708 ) ) ;
#4977 = ORIENTED_EDGE ( 'NONE', *, *, #2297, .T. ) ;
#4978 = CARTESIAN_POINT ( 'NONE',  ( -0.5969682281191820428, -20.48399690036340814, 0.6631000010892563745 ) ) ;
#4979 = CARTESIAN_POINT ( 'NONE',  ( -1.538346296632106869, -18.75182973385117080, 6.320920601906463432 ) ) ;
#4980 = CARTESIAN_POINT ( 'NONE',  ( -3.534568055359886607, -6.023600000000004506, 8.500000000000000000 ) ) ;
#4981 = VERTEX_POINT ( 'NONE', #516 ) ;
#4982 = CARTESIAN_POINT ( 'NONE',  ( 3.203221525734895714, -5.569565472264769390, 9.204464690156836326 ) ) ;
#4983 = AXIS2_PLACEMENT_3D ( 'NONE', #612, #1429, #561 ) ;
#4984 = CARTESIAN_POINT ( 'NONE',  ( -1.249744240345502133, -20.62227096677979077, 0.1710694340339861119 ) ) ;
#4985 = CARTESIAN_POINT ( 'NONE',  ( 4.166175256775737523, -8.223600000000001131, 8.219440995083575174 ) ) ;
#4986 = EDGE_LOOP ( 'NONE', ( #3125, #606, #2117, #4846 ) ) ;
#4987 = CARTESIAN_POINT ( 'NONE',  ( -3.445609299874542675, -7.923600000000001309, 8.500000000000000000 ) ) ;
#4988 = CARTESIAN_POINT ( 'NONE',  ( -3.455561915871546486, -6.023600000000001842, 8.678681889892994050 ) ) ;
#4989 = FACE_OUTER_BOUND ( 'NONE', #956, .T. ) ;
#4990 = CARTESIAN_POINT ( 'NONE',  ( -0.7992800991642907693, -21.64425596022730858, 1.136004827547807627 ) ) ;
#4991 = DIRECTION ( 'NONE',  ( -1.224646799147352714E-16, 0.000000000000000000, -1.000000000000000000 ) ) ;
#4992 = CARTESIAN_POINT ( 'NONE',  ( -3.401829329944717539, -5.840197738599807842, 9.397636313250298912 ) ) ;
#4993 = ORIENTED_EDGE ( 'NONE', *, *, #3812, .T. ) ;
#4994 = CARTESIAN_POINT ( 'NONE',  ( 0.9469140560984167232, -20.07933783318594578, 2.129790889320732017 ) ) ;
#4995 = LINE ( 'NONE', #1308, #2815 ) ;
#4996 = CIRCLE ( 'NONE', #953, 0.7999999999999998224 ) ;
#4997 = DIRECTION ( 'NONE',  ( -0.000000000000000000, -1.000000000000000000, -0.000000000000000000 ) ) ;
#4998 = EDGE_CURVE ( 'NONE', #2172, #10, #4877, .T. ) ;
#4999 = EDGE_LOOP ( 'NONE', ( #1738, #699, #2175, #4256, #3855 ) ) ;
#5000 = CARTESIAN_POINT ( 'NONE',  ( -0.5943414570150677978, -20.56371189938385768, 0.4135916125137714672 ) ) ;
#5001 = EDGE_CURVE ( 'NONE', #4741, #2874, #2068, .T. ) ;
#5002 = CARTESIAN_POINT ( 'NONE',  ( -3.430454302130813371, -6.023600000000001842, 9.425095733575352241 ) ) ;
#5003 = CARTESIAN_POINT ( 'NONE',  ( -3.376716816992451076, -7.909906745743267464, 8.717557192676261835 ) ) ;
#5004 = ORIENTED_EDGE ( 'NONE', *, *, #3579, .T. ) ;
#5005 = CARTESIAN_POINT ( 'NONE',  ( 3.248552505529820333, -5.805233568903013897, 8.974913703105437790 ) ) ;
#5006 = CARTESIAN_POINT ( 'NONE',  ( 0.000000000000000000, -6.061773215555091632, -3.903127820947815962E-14 ) ) ;
#5007 = CARTESIAN_POINT ( 'NONE',  ( 0.000000000000000000, -10.22360000000000291, 0.6453228415265582774 ) ) ;
#5008 = ORIENTED_EDGE ( 'NONE', *, *, #2682, .T. ) ;
#5009 = AXIS2_PLACEMENT_3D ( 'NONE', #4610, #3848, #5101 ) ;
#5010 = DIRECTION ( 'NONE',  ( 0.000000000000000000, 0.000000000000000000, 1.000000000000000000 ) ) ;
#5011 = CARTESIAN_POINT ( 'NONE',  ( -3.702549768457947810, -5.823718469041392787, 8.500000000000000000 ) ) ;
#5012 = MECHANICAL_DESIGN_GEOMETRIC_PRESENTATION_REPRESENTATION (  '', ( #1920 ), #4065 ) ;
#5013 = DIRECTION ( 'NONE',  ( 0.000000000000000000, 1.000000000000000000, 0.000000000000000000 ) ) ;
#5014 = EDGE_CURVE ( 'NONE', #2071, #1419, #3288, .T. ) ;
#5015 = CARTESIAN_POINT ( 'NONE',  ( -0.4597902168512342236, -22.08636700109175521, 0.9554002693040981598 ) ) ;
#5016 = CARTESIAN_POINT ( 'NONE',  ( 3.983367353019823476, -8.250062325720191936, 8.022559703253188346 ) ) ;
#5018 = B_SPLINE_CURVE_WITH_KNOTS ( 'NONE', 3,
 ( #4527, #4126, #4891, #791 ),
 .UNSPECIFIED., .F., .F.,
 ( 4, 4 ),
 ( 0.000000000000000000, 0.001869980300832394839 ),
 .UNSPECIFIED. ) ;
#5017 = CARTESIAN_POINT ( 'NONE',  ( -6.776263578034402713E-18, -6.023600000000001842, 7.935293592964444365 ) ) ;
#5019 = ORIENTED_EDGE ( 'NONE', *, *, #4336, .T. ) ;
#5020 = CARTESIAN_POINT ( 'NONE',  ( 0.9101084105964901694, -20.09965846541680889, 1.806110379732760229 ) ) ;
#5021 = DIRECTION ( 'NONE',  ( 8.881784197001252323E-16, 0.000000000000000000, -1.000000000000000000 ) ) ;
#5022 = CARTESIAN_POINT ( 'NONE',  ( -0.9075883152297199441, -19.33754378531309115, 2.934814467914502956 ) ) ;
#5023 = TOROIDAL_SURFACE ( 'NONE', #452, 11.02812499999999929, 0.2999999999999999889 ) ;
#5024 = DIRECTION ( 'NONE',  ( -0.9937044044088076955, -0.000000000000000000, -0.1120337300036775285 ) ) ;
#5025 = VERTEX_POINT ( 'NONE', #1256 ) ;
#5026 = ORIENTED_EDGE ( 'NONE', *, *, #4864, .T. ) ;
#5027 = CARTESIAN_POINT ( 'NONE',  ( 0.1083824759169776664, -20.61166130683500342, -0.2308207939378634221 ) ) ;
#5028 = FACE_OUTER_BOUND ( 'NONE', #1006, .T. ) ;
#5029 = AXIS2_PLACEMENT_3D ( 'NONE', #3484, #2236, #3513 ) ;
#5030 = LINE ( 'NONE', #4189, #3894 ) ;
#5031 = VECTOR ( 'NONE', #4774, 1000.000000000000114 ) ;
#5032 = CARTESIAN_POINT ( 'NONE',  ( -2.055501703285390835, -18.83170379876437650, 5.938109789440341402 ) ) ;
#5033 = ORIENTED_EDGE ( 'NONE', *, *, #3425, .T. ) ;
#5034 = CARTESIAN_POINT ( 'NONE',  ( -3.396543002201438455, -6.061773215555091632, 12.50003054011985704 ) ) ;
#5035 = CARTESIAN_POINT ( 'NONE',  ( 3.306690562961585478, -5.771958487880150201, -0.6736816401139613664 ) ) ;
#5036 = EDGE_CURVE ( 'NONE', #1594, #1129, #4995, .T. ) ;
#5037 = CARTESIAN_POINT ( 'NONE',  ( 1.746425629107297706, -15.75391013364006731, -0.4031941259273199574 ) ) ;
#5038 = EDGE_LOOP ( 'NONE', ( #2120, #2016, #3509, #2899, #1339 ) ) ;
#5039 = DIRECTION ( 'NONE',  ( -1.000000000000000000, 0.000000000000000000, 2.040851148208014408E-16 ) ) ;
#5040 = B_SPLINE_CURVE_WITH_KNOTS ( 'NONE', 3,
 ( #2798, #756, #2428, #3140 ),
 .UNSPECIFIED., .F., .F.,
 ( 4, 4 ),
 ( 0.000000000000000000, 2.487198850225940983E-05 ),
 .UNSPECIFIED. ) ;
#5041 = CARTESIAN_POINT ( 'NONE',  ( -4.123347449528394826, -6.043954830987144256, 11.73746131650680447 ) ) ;
#5042 = CARTESIAN_POINT ( 'NONE',  ( -0.9503566215727858868, -21.76579953577380877, 0.5602054919025731827 ) ) ;
#5043 = FACE_OUTER_BOUND ( 'NONE', #3449, .T. ) ;
#5044 = DIRECTION ( 'NONE',  ( 0.000000000000000000, 0.000000000000000000, 1.000000000000000000 ) ) ;
#5045 = ORIENTED_EDGE ( 'NONE', *, *, #5167, .T. ) ;
#5046 = CARTESIAN_POINT ( 'NONE',  ( 4.152062214102383741, -5.223600000000002019, 11.46166178333885277 ) ) ;
#5047 = CIRCLE ( 'NONE', #823, 3.225122630638374233 ) ;
#5048 = CARTESIAN_POINT ( 'NONE',  ( 0.1249163921688754841, -6.023600000000001842, -1.679532115022702499 ) ) ;
#5049 = EDGE_CURVE ( 'NONE', #4981, #5227, #235, .T. ) ;
#5050 = CARTESIAN_POINT ( 'NONE',  ( 0.000000000000000000, -5.223600000000001131, -3.903127820947815962E-14 ) ) ;
#5051 = CARTESIAN_POINT ( 'NONE',  ( -2.308157432396750863, -18.54184487783141222, 5.978256798638281744 ) ) ;
#5052 = ORIENTED_EDGE ( 'NONE', *, *, #4266, .F. ) ;
#5053 = VECTOR ( 'NONE', #5024, 999.9999999999998863 ) ;
#5054 = CIRCLE ( 'NONE', #314, 34.39999999999999858 ) ;
#5055 = B_SPLINE_CURVE_WITH_KNOTS ( 'NONE', 3,
 ( #3881, #1125, #3477, #2674, #3049, #1035, #4319, #221, #1012, #1094, #2757, #5140, #3996, #2651, #1420, #1899 ),
 .UNSPECIFIED., .F., .F.,
 ( 4, 2, 2, 2, 2, 2, 2, 4 ),
 ( 0.000000000000000000, 0.0003040102044374598110, 0.0006080204088749196220, 0.001216040817749838594, 0.001824061226624757457, 0.002432081635499676320, 0.003648122453249522720, 0.004864163270999369119 ),
 .UNSPECIFIED. ) ;
#5056 = ORIENTED_EDGE ( 'NONE', *, *, #418, .F. ) ;
#5057 = CARTESIAN_POINT ( 'NONE',  ( -1.905831200902269318, -18.23449983119512297, 5.236228189771058084 ) ) ;
#5058 = CARTESIAN_POINT ( 'NONE',  ( -3.661219402665099931, -8.003506268135700097, 8.491872794085068676 ) ) ;
#5059 = VERTEX_POINT ( 'NONE', #896 ) ;
#5060 = AXIS2_PLACEMENT_3D ( 'NONE', #1055, #3823, #1000 ) ;
#5061 = AXIS2_PLACEMENT_3D ( 'NONE', #4747, #2007, #3638 ) ;
#5062 = CARTESIAN_POINT ( 'NONE',  ( -0.03447622921524245293, -6.023600000000001842, 0.06216180243901749808 ) ) ;
#5063 = ORIENTED_EDGE ( 'NONE', *, *, #2365, .F. ) ;
#5064 = CARTESIAN_POINT ( 'NONE',  ( 0.6503202544897052073, -6.023600000000001842, -3.089420301609855368 ) ) ;
#5065 = CIRCLE ( 'NONE', #1789, 3.225122630638373789 ) ;
#5066 = CARTESIAN_POINT ( 'NONE',  ( -1.000686008461066256, -20.91480337844004822, 0.9878657876899470391 ) ) ;
#5067 = DIRECTION ( 'NONE',  ( -0.000000000000000000, -1.000000000000000000, -0.000000000000000000 ) ) ;
#5068 = AXIS2_PLACEMENT_3D ( 'NONE', #2083, #887, #3660 ) ;
#5069 = EDGE_CURVE ( 'NONE', #4283, #4415, #952, .T. ) ;
#5070 = EDGE_CURVE ( 'NONE', #4898, #3144, #4622, .T. ) ;
#5071 = LINE ( 'NONE', #1376, #3482 ) ;
#5072 = CYLINDRICAL_SURFACE ( 'NONE', #2484, 0.8000000000000000444 ) ;
#5073 = CARTESIAN_POINT ( 'NONE',  ( -3.869521288007973236, -6.058168854143673343, 12.22669972183545006 ) ) ;
#5074 = CARTESIAN_POINT ( 'NONE',  ( -0.4740997832064506312, -21.62418521418584660, 1.543567409090100817 ) ) ;
#5075 = CARTESIAN_POINT ( 'NONE',  ( -4.241347665295657876, -8.223600000000001131, 8.200000000000001066 ) ) ;
#5076 = CARTESIAN_POINT ( 'NONE',  ( 4.031530122155844609, -8.495069740634006550, 7.972301805912781703 ) ) ;
#5077 = EDGE_LOOP ( 'NONE', ( #2661, #1821 ) ) ;
#5078 = CARTESIAN_POINT ( 'NONE',  ( 2.261847224781114107, -17.65493075651315991, 6.850136943633956754 ) ) ;
#5079 = CARTESIAN_POINT ( 'NONE',  ( 0.6919146747860510649, -20.60701312959509224, 0.08020947111463891388 ) ) ;
#5080 = B_SPLINE_CURVE_WITH_KNOTS ( 'NONE', 3,
 ( #1926, #2356, #4893, #3556 ),
 .UNSPECIFIED., .F., .F.,
 ( 4, 4 ),
 ( 1.394275562980818865E-16, 0.0002450129396884099479 ),
 .UNSPECIFIED. ) ;
#5081 = CARTESIAN_POINT ( 'NONE',  ( -4.241347665295657876, -8.223600000000001131, 8.200000000000001066 ) ) ;
#5082 = CARTESIAN_POINT ( 'NONE',  ( -2.934457645971366713, -17.32083042412474327, 6.237199152381570855 ) ) ;
#5083 = EDGE_LOOP ( 'NONE', ( #1635, #229, #1895, #4935 ) ) ;
#5084 = CARTESIAN_POINT ( 'NONE',  ( -4.066931172159860886, -6.524119845553983055, 11.17380156198531260 ) ) ;
#5085 = DIRECTION ( 'NONE',  ( 0.000000000000000000, 0.000000000000000000, 1.000000000000000000 ) ) ;
#5086 = VERTEX_POINT ( 'NONE', #3931 ) ;
#5087 = ORIENTED_EDGE ( 'NONE', *, *, #4692, .F. ) ;
#5088 = CARTESIAN_POINT ( 'NONE',  ( -1.739576869458931354E-17, -29.61166130683500697, -3.921601983822704400E-14 ) ) ;
#5089 = EDGE_CURVE ( 'NONE', #1884, #4646, #4314, .T. ) ;
#5090 = LINE ( 'NONE', #4701, #3404 ) ;
#5091 = ORIENTED_EDGE ( 'NONE', *, *, #2365, .T. ) ;
#5092 = LINE ( 'NONE', #2208, #874 ) ;
#5093 = CARTESIAN_POINT ( 'NONE',  ( -0.9333333333333333481, -14.87911484186691702, 7.535419098554304362 ) ) ;
#5094 = CARTESIAN_POINT ( 'NONE',  ( 0.000000000000000000, -13.46581578397376511, 0.000000000000000000 ) ) ;
#5095 = ORIENTED_EDGE ( 'NONE', *, *, #3752, .T. ) ;
#5096 = CYLINDRICAL_SURFACE ( 'NONE', #2736, 0.2999999999999999334 ) ;
#5097 = CARTESIAN_POINT ( 'NONE',  ( 3.729937417985120351, -6.034020321891631511, 8.499999999999998224 ) ) ;
#5098 = AXIS2_PLACEMENT_3D ( 'NONE', #457, #2111, #5044 ) ;
#5099 = CARTESIAN_POINT ( 'NONE',  ( -1.174473318048327997, -18.25779619044040203, 1.050325916844380147 ) ) ;
#5100 = EDGE_CURVE ( 'NONE', #1716, #4049, #2728, .T. ) ;
#5101 = DIRECTION ( 'NONE',  ( 0.000000000000000000, 0.02248526024238758220, -0.9997471745755683870 ) ) ;
#5102 = ORIENTED_EDGE ( 'NONE', *, *, #1669, .T. ) ;
#5103 = CARTESIAN_POINT ( 'NONE',  ( 2.476347204726509599, -17.20093019226433384, 6.502242452782193816 ) ) ;
#5104 = CARTESIAN_POINT ( 'NONE',  ( -3.141071397545293742, -10.22360000000000291, 0.6643396275701405340 ) ) ;
#5105 = CARTESIAN_POINT ( 'NONE',  ( -3.716901198177748000, -11.97375319334023125, 7.592333001098277911 ) ) ;
#5106 =( BOUNDED_SURFACE ( )  B_SPLINE_SURFACE ( 3, 2, ( 
 ( #4818, #2100, #47 ),
 ( #2077, #3811, #4956 ),
 ( #1721, #3702, #827 ),
 ( #3350, #1772, #22 ),
 ( #1694, #5005, #4114 ),
 ( #4982, #127, #1322 ),
 ( #2924, #4571, #4544 ),
 ( #4193, #907, #2978 ),
 ( #503, #1265, #1345 ),
 ( #3784, #3299, #2951 ) ),
 .UNSPECIFIED., .F., .F., .T. ) 
 B_SPLINE_SURFACE_WITH_KNOTS ( ( 4, 2, 2, 2, 4 ),
 ( 3, 3 ),
 ( 0.000000000000000000, 0.0004808226425508315511, 0.0009616452851016631023, 0.001442467927652494545, 0.001923290570203326205 ),
 ( 0.000000000000000000, 0.5225962138675869229 ),
 .UNSPECIFIED. ) 
 GEOMETRIC_REPRESENTATION_ITEM ( )  RATIONAL_B_SPLINE_SURFACE ( (
 ( 1.000000000000000000, 0.8648321830143705924, 0.8709407448156150089),
 ( 1.000000000000000000, 0.8648277854071440007, 0.8709365459469350368),
 ( 1.000000000000000000, 0.8683995321555905145, 0.8743468767885640425),
 ( 1.000000000000000000, 0.8810822334031647163, 0.8864564159765204732),
 ( 1.000000000000000000, 0.8898043011935277136, 0.8947843123485661465),
 ( 1.000000000000000000, 0.9092140405326012420, 0.9133168784452001532),
 ( 1.000000000000000000, 0.9195201985457478466, 0.9231572761571102959),
 ( 1.000000000000000000, 0.9394147965979802173, 0.9421527890245469106),
 ( 1.000000000000000000, 0.9491152277961735217, 0.9514148341868157166),
 ( 1.000000000000000000, 0.9575335270167866231, 0.9594526900282482895) ) ) 
 REPRESENTATION_ITEM ( '' )  SURFACE ( )  );
#5107 = EDGE_CURVE ( 'NONE', #4822, #1162, #4905, .T. ) ;
#5108 = ADVANCED_FACE ( 'NONE', ( #1464 ), #1563, .F. ) ;
#5109 = CARTESIAN_POINT ( 'NONE',  ( -2.012622863480501234, -18.88409305653502557, 5.930288112409844103 ) ) ;
#5110 = VERTEX_POINT ( 'NONE', #3902 ) ;
#5111 = CARTESIAN_POINT ( 'NONE',  ( -4.075636459813373413, -5.929150824903400618, 11.19771914324319440 ) ) ;
#5112 = DIRECTION ( 'NONE',  ( 0.04747190943355926451, -0.9988725733619538971, 5.490042382922675746E-16 ) ) ;
#5113 = B_SPLINE_CURVE_WITH_KNOTS ( 'NONE', 3,
 ( #4518, #938, #4220, #530, #4933, #1, #2478, #4117, #423, #2080 ),
 .UNSPECIFIED., .F., .F.,
 ( 4, 2, 2, 2, 4 ),
 ( 1.043529535987104908E-15, 0.0002896928677500668200, 0.0005793857354990900954, 0.0008690786032481133709, 0.001158771470997136538 ),
 .UNSPECIFIED. ) ;
#5114 = ORIENTED_EDGE ( 'NONE', *, *, #3488, .T. ) ;
#5115 = DIRECTION ( 'NONE',  ( 0.000000000000000000, 0.000000000000000000, 1.000000000000000000 ) ) ;
#5116 = DIRECTION ( 'NONE',  ( -1.000000000000000000, 0.000000000000000000, 0.000000000000000000 ) ) ;
#5117 = DIRECTION ( 'NONE',  ( -0.000000000000000000, 1.000000000000000000, -0.000000000000000000 ) ) ;
#5118 = ORIENTED_EDGE ( 'NONE', *, *, #1546, .F. ) ;
#5119 = CARTESIAN_POINT ( 'NONE',  ( -2.351595843561857357, -5.223600000000002019, 8.799999999999997158 ) ) ;
#5120 = CIRCLE ( 'NONE', #4941, 1.700000000000000178 ) ;
#5121 = ADVANCED_FACE ( 'NONE', ( #214 ), #2994, .T. ) ;
#5122 = CARTESIAN_POINT ( 'NONE',  ( -0.1516302537899206493, -14.69698022651288838, 7.207576790917057608 ) ) ;
#5123 = CARTESIAN_POINT ( 'NONE',  ( 0.9467953418817091071, -21.62356514384309847, 0.7620058426345974745 ) ) ;
#5124 = EDGE_LOOP ( 'NONE', ( #619, #3145, #70, #1016 ) ) ;
#5125 = CARTESIAN_POINT ( 'NONE',  ( 3.455232477688308101, -6.049889342557713157, 8.678888410068742232 ) ) ;
#5126 = DIRECTION ( 'NONE',  ( 0.000000000000000000, 0.000000000000000000, 1.000000000000000000 ) ) ;
#5127 = CARTESIAN_POINT ( 'NONE',  ( -1.179339945397809730, -20.25065244412616750, 0.5496041554645144656 ) ) ;
#5128 = ORIENTED_EDGE ( 'NONE', *, *, #1320, .F. ) ;
#5129 = CARTESIAN_POINT ( 'NONE',  ( 2.588429874877854253, -16.74199800161262530, 7.314746851825812968 ) ) ;
#5130 = CARTESIAN_POINT ( 'NONE',  ( -0.6503202544897052073, -10.22360000000000291, -3.144003853661382131 ) ) ;
#5131 = CARTESIAN_POINT ( 'NONE',  ( -3.455232477688288562, -6.049889342557712268, 8.678888410068742232 ) ) ;
#5132 = CARTESIAN_POINT ( 'NONE',  ( -3.454536624855684135, -14.87143545753646201, 6.891211734661794708 ) ) ;
#5133 = EDGE_CURVE ( 'NONE', #270, #2430, #4828, .T. ) ;
#5134 = ORIENTED_EDGE ( 'NONE', *, *, #98, .F. ) ;
#5135 = CARTESIAN_POINT ( 'NONE',  ( -10.94999999999999929, -8.223600000000001131, -6.122553444624003287E-17 ) ) ;
#5136 = CARTESIAN_POINT ( 'NONE',  ( 10.95000000000000107, -5.223600000000002019, 8.199999999999997513 ) ) ;
#5137 = EDGE_CURVE ( 'NONE', #568, #3891, #910, .T. ) ;
#5138 = EDGE_CURVE ( 'NONE', #4283, #3877, #3067, .T. ) ;
#5139 =( BOUNDED_SURFACE ( )  B_SPLINE_SURFACE ( 3, 2, ( 
 ( #3690, #3714, #1678 ),
 ( #4965, #2436, #3309 ),
 ( #4071, #380, #2033 ),
 ( #1782, #5201, #1381 ),
 ( #135, #2739, #1355 ),
 ( #3015, #256, #5174 ),
 ( #1807, #3949, #4609 ),
 ( #4383, #2961, #3541 ),
 ( #2709, #918, #666 ),
 ( #4786, #2615, #1480 ) ),
 .UNSPECIFIED., .F., .F., .F. ) 
 B_SPLINE_SURFACE_WITH_KNOTS ( ( 4, 2, 2, 2, 4 ),
 ( 3, 3 ),
 ( 0.000000000000000000, 0.0004808226425502217416, 0.0009616452851004434832, 0.001442467927650665279, 0.001923290570200886966 ),
 ( 0.4774037861318735088, 1.000000000000000000 ),
 .UNSPECIFIED. ) 
 GEOMETRIC_REPRESENTATION_ITEM ( )  RATIONAL_B_SPLINE_SURFACE ( (
 ( 0.8709407448156272213, 0.8648321830142308153, 1.000000000000000000),
 ( 0.8709365459469279314, 0.8648277854069837955, 1.000000000000000000),
 ( 0.8743468767885931303, 0.8683995321554720537, 1.000000000000000000),
 ( 0.8864564159764690698, 0.8810822334029765335, 1.000000000000000000),
 ( 0.8947843123484870986, 0.8898043011933203239, 1.000000000000000000),
 ( 0.9133168784451566324, 0.9092140405324531383, 1.000000000000000000),
 ( 0.9231572761570079333, 0.9195201985455497828, 1.000000000000000000),
 ( 0.9421527890244454362, 0.9394147965978054682, 1.000000000000000000),
 ( 0.9514148341866881520, 0.9491152277959824524, 1.000000000000000000),
 ( 0.9594526900281288295, 0.9575335270166136503, 1.000000000000000000) ) ) 
 REPRESENTATION_ITEM ( '' )  SURFACE ( )  );
#5140 = CARTESIAN_POINT ( 'NONE',  ( 2.542855549990392205, -16.91168253899428109, 7.228716362169080867 ) ) ;
#5141 = CARTESIAN_POINT ( 'NONE',  ( 0.7666337111510059810, -19.75884097835263731, 1.387538309964358785 ) ) ;
#5142 = DIRECTION ( 'NONE',  ( 0.1335222851235817743, 0.000000000000000000, -0.9910458109367987767 ) ) ;
#5143 = VERTEX_POINT ( 'NONE', #2669 ) ;
#5144 = PLANE ( 'NONE',  #1912 ) ;
#5145 = AXIS2_PLACEMENT_3D ( 'NONE', #554, #631, #4268 ) ;
#5146 = CIRCLE ( 'NONE', #4711, 6.060844484521613396 ) ;
#5147 = CONICAL_SURFACE ( 'NONE', #3755, 1.792363797108476042, 0.3317284379186984378 ) ;
#5148 = CARTESIAN_POINT ( 'NONE',  ( -0.02575603379641124360, -14.69295884451307543, 7.200338303317392885 ) ) ;
#5149 = CARTESIAN_POINT ( 'NONE',  ( 3.278218492456062005, -6.023600000000000065, 0.6453228415265582774 ) ) ;
#5150 = VERTEX_POINT ( 'NONE', #621 ) ;
#5151 = CARTESIAN_POINT ( 'NONE',  ( 3.699499672767931457, -5.223600000000002019, 1.445322841526558211 ) ) ;
#5152 = DIRECTION ( 'NONE',  ( 1.000000000000000000, 0.000000000000000000, 0.000000000000000000 ) ) ;
#5153 = CIRCLE ( 'NONE', #1625, 0.2999999999999994338 ) ;
#5154 = CARTESIAN_POINT ( 'NONE',  ( -6.776263578034402713E-18, -6.023600000000001842, 10.53529359296444490 ) ) ;
#5155 = CARTESIAN_POINT ( 'NONE',  ( 2.789048830347042429, -17.68398147587338443, 6.151473578042486068 ) ) ;
#5156 = ORIENTED_EDGE ( 'NONE', *, *, #5133, .F. ) ;
#5157 = ORIENTED_EDGE ( 'NONE', *, *, #3644, .T. ) ;
#5158 = CARTESIAN_POINT ( 'NONE',  ( 2.944998364066637730, -15.15189579060436209, 8.091316505603790787 ) ) ;
#5159 = DIRECTION ( 'NONE',  ( -0.000000000000000000, -0.000000000000000000, -1.000000000000000000 ) ) ;
#5160 = DIRECTION ( 'NONE',  ( 0.01832257718630355206, 0.000000000000000000, -0.9998321274920365376 ) ) ;
#5161 = CARTESIAN_POINT ( 'NONE',  ( -5.601338295965375025, -1.980173226765838734, 1.293170840271852695 ) ) ;
#5162 = EDGE_LOOP ( 'NONE', ( #3409, #961, #777, #3929, #210, #1580, #1450, #3803 ) ) ;
#5163 = CYLINDRICAL_SURFACE ( 'NONE', #498, 0.8000000000000000444 ) ;
#5164 = CARTESIAN_POINT ( 'NONE',  ( -4.015565759420093528, -8.512659597959155278, 8.314056082925025848 ) ) ;
#5165 = EDGE_CURVE ( 'NONE', #2425, #1357, #1860, .T. ) ;
#5166 = FACE_OUTER_BOUND ( 'NONE', #3810, .T. ) ;
#5167 = EDGE_CURVE ( 'NONE', #1060, #2549, #4744, .T. ) ;
#5168 = DIRECTION ( 'NONE',  ( 2.571407403092374569E-16, 0.000000000000000000, 1.000000000000000000 ) ) ;
#5169 = DIRECTION ( 'NONE',  ( 2.040851148208007998E-16, 0.000000000000000000, 1.000000000000000000 ) ) ;
#5170 = ORIENTED_EDGE ( 'NONE', *, *, #3650, .F. ) ;
#5171 = CARTESIAN_POINT ( 'NONE',  ( 0.7765292016777867179, -22.46274029736914457, 0.6301378211146023700 ) ) ;
#5172 = DIRECTION ( 'NONE',  ( 0.000000000000000000, 0.000000000000000000, -1.000000000000000000 ) ) ;
#5173 = DIRECTION ( 'NONE',  ( -0.000000000000000000, 1.000000000000000000, -0.000000000000000000 ) ) ;
#5174 = CARTESIAN_POINT ( 'NONE',  ( -3.203221525735364672, -5.569565472265296968, 9.204464690157188045 ) ) ;
#5175 = ORIENTED_EDGE ( 'NONE', *, *, #4637, .F. ) ;
#5176 = EDGE_CURVE ( 'NONE', #2076, #575, #2003, .T. ) ;
#5177 = CARTESIAN_POINT ( 'NONE',  ( -3.064378718170444493, -5.223600000000001131, 8.471087358527913835 ) ) ;
#5178 = ORIENTED_EDGE ( 'NONE', *, *, #648, .F. ) ;
#5179 = CARTESIAN_POINT ( 'NONE',  ( -2.220265609608294112E-16, -10.22360000000000291, 10.53529359296444490 ) ) ;
#5180 = FACE_OUTER_BOUND ( 'NONE', #2439, .T. ) ;
#5181 = ORIENTED_EDGE ( 'NONE', *, *, #4009, .T. ) ;
#5182 = ORIENTED_EDGE ( 'NONE', *, *, #4332, .F. ) ;
#5183 = CARTESIAN_POINT ( 'NONE',  ( 0.6953022067477084844, -20.97029500947175151, 0.000000000000000000 ) ) ;
#5184 = DIRECTION ( 'NONE',  ( -1.776356839400250465E-15, 0.000000000000000000, 1.000000000000000000 ) ) ;
#5185 = EDGE_CURVE ( 'NONE', #3983, #4688, #923, .T. ) ;
#5186 = CARTESIAN_POINT ( 'NONE',  ( -2.906433695288041630, -11.99097048300314761, 7.985360948945616322 ) ) ;
#5187 = CARTESIAN_POINT ( 'NONE',  ( 0.6677926086382146575, -20.61166130683506026, -0.1054815087424721270 ) ) ;
#5188 = CARTESIAN_POINT ( 'NONE',  ( 0.000000000000000000, -13.46581578397376511, 0.000000000000000000 ) ) ;
#5189 = ORIENTED_EDGE ( 'NONE', *, *, #1971, .T. ) ;
#5190 = CARTESIAN_POINT ( 'NONE',  ( 10.94999999999999929, -5.223600000000002019, 0.01776588295419893881 ) ) ;
#5191 = DIRECTION ( 'NONE',  ( 1.054993321578379898E-16, 0.5078128394489993536, -0.8614674225359567616 ) ) ;
#5192 = B_SPLINE_CURVE_WITH_KNOTS ( 'NONE', 3,
 ( #5187, #678, #2413, #4746 ),
 .UNSPECIFIED., .F., .F.,
 ( 4, 4 ),
 ( 1.347635475291160326E-14, 0.0002759680376198930655 ),
 .UNSPECIFIED. ) ;
#5193 = DIRECTION ( 'NONE',  ( -0.000000000000000000, 1.000000000000000000, -0.000000000000000000 ) ) ;
#5194 = TOROIDAL_SURFACE ( 'NONE', #366, 4.141517772942822972, 0.8000000000000000444 ) ;
#5195 = CARTESIAN_POINT ( 'NONE',  ( 0.3983718992937861914, -22.83198478799663178, 0.8560787041599230429 ) ) ;
#5196 = CARTESIAN_POINT ( 'NONE',  ( -0.1149630184508060593, -20.55745462425606007, 0.2347245848013488900 ) ) ;
#5197 = EDGE_LOOP ( 'NONE', ( #291, #1790, #982, #3971 ) ) ;
#5198 = CARTESIAN_POINT ( 'NONE',  ( 2.686141405425851225, -20.61166130683501763, 2.376845788157140760 ) ) ;
#5199 = CARTESIAN_POINT ( 'NONE',  ( -2.351595843561857357, -5.223600000000002019, 8.799999999999997158 ) ) ;
#5200 = CARTESIAN_POINT ( 'NONE',  ( 0.7815126093285736930, -21.64214345614162838, 1.174690973716723486 ) ) ;
#5201 = CARTESIAN_POINT ( 'NONE',  ( -3.266830890667197007, -5.855229579300379683, 9.000527256902211448 ) ) ;
#5202 = ORIENTED_EDGE ( 'NONE', *, *, #4044, .F. ) ;
#5203 = CARTESIAN_POINT ( 'NONE',  ( -0.6507065871322381678, -5.998740736633151549, -3.277942035544705757 ) ) ;
#5204 = CARTESIAN_POINT ( 'NONE',  ( 1.746425629107297040, 0.000000000000000000, -0.4031941259273197353 ) ) ;
#5205 = ADVANCED_FACE ( 'NONE', ( #4419 ), #4537, .F. ) ;
#5206 = CARTESIAN_POINT ( 'NONE',  ( 0.000000000000000000, -5.223599999999998467, 0.000000000000000000 ) ) ;
#5207 = CARTESIAN_POINT ( 'NONE',  ( -1.163260805893488126, -20.54324686466367567, 0.4844811465648293791 ) ) ;
#5208 = AXIS2_PLACEMENT_3D ( 'NONE', #1981, #1171, #2836 ) ;
#5209 = ORIENTED_EDGE ( 'NONE', *, *, #3868, .F. ) ;
#5210 = ORIENTED_EDGE ( 'NONE', *, *, #3706, .F. ) ;
#5211 = CARTESIAN_POINT ( 'NONE',  ( -0.4967235089307900919, -10.22360000000000291, 10.53529359296444490 ) ) ;
#5212 = CARTESIAN_POINT ( 'NONE',  ( 0.000000000000000000, -5.998740736633151549, 0.000000000000000000 ) ) ;
#5213 = DIRECTION ( 'NONE',  ( -0.000000000000000000, -1.000000000000000000, -0.000000000000000000 ) ) ;
#5214 = CARTESIAN_POINT ( 'NONE',  ( 3.610144095013741783, -5.291145279596270790, 1.066362716450254489 ) ) ;
#5215 = CARTESIAN_POINT ( 'NONE',  ( -3.729842896670244379, -6.044441069509983500, 8.500000000000000000 ) ) ;
#5216 = EDGE_LOOP ( 'NONE', ( #4289, #1237, #4262 ) ) ;
#5217 = EDGE_CURVE ( 'NONE', #2264, #4238, #837, .T. ) ;
#5218 = CARTESIAN_POINT ( 'NONE',  ( -0.04175567719878846284, -10.22360000000000291, -0.03947364217838960493 ) ) ;
#5219 = CARTESIAN_POINT ( 'NONE',  ( 1.889287375711351302, -16.83394425334788025, 8.394083602268917588 ) ) ;
#5220 = CARTESIAN_POINT ( 'NONE',  ( 0.7941754040957428318, -21.64371728214888080, 1.146105872694509031 ) ) ;
#5221 = CARTESIAN_POINT ( 'NONE',  ( 3.918722287873698473, -8.212240247162018392, 8.284511401916464735 ) ) ;
#5222 = ORIENTED_EDGE ( 'NONE', *, *, #557, .F. ) ;
#5223 = CARTESIAN_POINT ( 'NONE',  ( -0.5525819058618398616, -20.06580917649684892, 1.426312589725130087 ) ) ;
#5224 = CARTESIAN_POINT ( 'NONE',  ( -2.480776155944862893, -5.223600000000002019, 8.675478005142766236 ) ) ;
#5225 = CARTESIAN_POINT ( 'NONE',  ( -3.441322251701695922, -6.669534130760016666, 8.684977197778774638 ) ) ;
#5226 = CARTESIAN_POINT ( 'NONE',  ( 0.000000000000000000, -19.74704483549230716, -1.951563910473907981E-14 ) ) ;
#5227 = VERTEX_POINT ( 'NONE', #2410 ) ;
#5228 = CARTESIAN_POINT ( 'NONE',  ( -1.140094020701732269, -21.16756691606996910, 0.2925707823569665966 ) ) ;
#5229 = CIRCLE ( 'NONE', #2719, 11.02812499999999929 ) ;
#5230 = CARTESIAN_POINT ( 'NONE',  ( 1.450320254489704919, -5.223600000000002019, -3.879270630288404131 ) ) ;
#5231 = CARTESIAN_POINT ( 'NONE',  ( 3.673789469548743192, -8.077161938235335015, 8.460805410808294624 ) ) ;
#5232 = EDGE_CURVE ( 'NONE', #3563, #2532, #2706, .T. ) ;
#5233 = DIRECTION ( 'NONE',  ( 0.000000000000000000, 0.000000000000000000, -1.000000000000000000 ) ) ;
#5234 = ORIENTED_EDGE ( 'NONE', *, *, #1411, .T. ) ;
#5235 = ORIENTED_EDGE ( 'NONE', *, *, #5049, .F. ) ;
#5236 = CARTESIAN_POINT ( 'NONE',  ( -0.9666666666666670071, -18.82691367757014689, 4.264088259091348476 ) ) ;
#5237 = ADVANCED_FACE ( 'NONE', ( #3577 ), #4771, .T. ) ;
#5238 = CARTESIAN_POINT ( 'NONE',  ( 0.6245149436586280300, -19.98751686902476266, 1.612156252502915610 ) ) ;
#5239 = CARTESIAN_POINT ( 'NONE',  ( 0.000000000000000000, -5.223600000000002019, 0.000000000000000000 ) ) ;
#5240 = CARTESIAN_POINT ( 'NONE',  ( 3.281926122446857885, -5.881544032278863021, 0.6493527133658364425 ) ) ;
#5241 = CARTESIAN_POINT ( 'NONE',  ( -3.530820166722812736, -6.062213299389237697, 12.46352259067999135 ) ) ;
#5242 = VECTOR ( 'NONE', #170, 1000.000000000000114 ) ;
#5243 = ORIENTED_EDGE ( 'NONE', *, *, #335, .F. ) ;
#5244 = DIRECTION ( 'NONE',  ( -1.000000000000000000, 0.000000000000000000, -0.000000000000000000 ) ) ;
#5245 = CARTESIAN_POINT ( 'NONE',  ( 3.530323960820641815, -12.34451618903475101, 9.699485365714215490 ) ) ;
#5246 = DIRECTION ( 'NONE',  ( -0.000000000000000000, -1.000000000000000000, 0.000000000000000000 ) ) ;
#5247 = CARTESIAN_POINT ( 'NONE',  ( 0.8432431840816462243, -21.91834065599059400, 0.6823437622187306095 ) ) ;
#5248 = DIRECTION ( 'NONE',  ( -0.9999952515883353543, 0.000000000000000000, -0.003081687976090580813 ) ) ;
#5249 = VERTEX_POINT ( 'NONE', #1116 ) ;
#5250 = CARTESIAN_POINT ( 'NONE',  ( -0.1266983984601250945, -20.28389052387645464, 0.8724723790565849235 ) ) ;
#5251 = LINE ( 'NONE', #339, #4667 ) ;
#5252 = CARTESIAN_POINT ( 'NONE',  ( -1.746425629107296595, -15.75391013364006731, 0.4031941259273196243 ) ) ;
#5253 = CARTESIAN_POINT ( 'NONE',  ( -2.754752428372471584, -5.223600000000002019, 8.443349976652472222 ) ) ;
#5254 = EDGE_LOOP ( 'NONE', ( #3653, #4211, #3575, #4513 ) ) ;
#5255 = CARTESIAN_POINT ( 'NONE',  ( -1.204084902574610982, -19.74704483549230716, 6.868060804622598603 ) ) ;
#5256 = CARTESIAN_POINT ( 'NONE',  ( 3.245337696906309244, -5.223600000000002019, 8.224517237515513557 ) ) ;
#5257 = LINE ( 'NONE', #2769, #1949 ) ;
#5258 = CARTESIAN_POINT ( 'NONE',  ( -3.467531086039848276, -12.71660820907449008, 9.526963360151425420 ) ) ;
#5259 = ORIENTED_EDGE ( 'NONE', *, *, #1669, .F. ) ;
#5260 = ORIENTED_EDGE ( 'NONE', *, *, #2496, .T. ) ;
#5261 = CARTESIAN_POINT ( 'NONE',  ( 0.9666666666666663410, -19.48921168947786597, 4.562122364449822776 ) ) ;
#5262 = CARTESIAN_POINT ( 'NONE',  ( -3.718107110536930549, -8.469763107360005705, 8.143579046679381150 ) ) ;
#5263 = EDGE_CURVE ( 'NONE', #1083, #4913, #2432, .T. ) ;
#5264 = DIRECTION ( 'NONE',  ( 0.000000000000000000, 0.000000000000000000, 1.000000000000000000 ) ) ;
#5265 = EDGE_CURVE ( 'NONE', #814, #4574, #1787, .T. ) ;
#5266 = DIRECTION ( 'NONE',  ( 0.000000000000000000, 1.000000000000000000, -0.000000000000000000 ) ) ;
#5267 = CARTESIAN_POINT ( 'NONE',  ( -2.944998364066554242, -15.15189579060438341, 8.091316505603641573 ) ) ;
#5268 = EDGE_LOOP ( 'NONE', ( #2468, #4438, #3748, #1975 ) ) ;
#5269 = CARTESIAN_POINT ( 'NONE',  ( 1.027044558854334655, -5.292971886453011976, 3.616353486097789283 ) ) ;
#5270 = CARTESIAN_POINT ( 'NONE',  ( 3.716901198177351429, -11.97375319333938037, 7.592333001098624301 ) ) ;
#5271 = CARTESIAN_POINT ( 'NONE',  ( 1.046604068189070258, -19.33677803222981240, 5.969795288785544329 ) ) ;
#5272 = EDGE_CURVE ( 'NONE', #1555, #218, #67, .T. ) ;
#5273 = CIRCLE ( 'NONE', #3451, 4.141517772942822972 ) ;
#5274 = CARTESIAN_POINT ( 'NONE',  ( 2.264911175910484995E-17, -14.37846474612108238, 7.308348064154165158 ) ) ;
#5275 = ORIENTED_EDGE ( 'NONE', *, *, #2271, .F. ) ;
#5276 = CARTESIAN_POINT ( 'NONE',  ( -1.242803246419848184, -20.61166130683500342, 0.1929470946343248838 ) ) ;
#5277 = AXIS2_PLACEMENT_3D ( 'NONE', #4407, #4870, #2819 ) ;
#5278 = CARTESIAN_POINT ( 'NONE',  ( 0.000000000000000000, -12.85458479929957321, 1.792363797108475598 ) ) ;
#5279 = CARTESIAN_POINT ( 'NONE',  ( 3.204313995153545314, -5.591361150378236111, -0.7664282603872482058 ) ) ;
#5280 = B_SPLINE_CURVE_WITH_KNOTS ( 'NONE', 3,
 ( #4619, #2894, #3778, #4509, #4185, #4978, #5000, #2868 ),
 .UNSPECIFIED., .F., .F.,
 ( 4, 2, 2, 4 ),
 ( -8.582302011538939712E-06, 0.001532708559726768003, 0.002303353990595920567, 0.003073999421465073781 ),
 .UNSPECIFIED. ) ;
#5281 =( BOUNDED_SURFACE ( )  B_SPLINE_SURFACE ( 3, 2, ( 
 ( #2216, #1332, #3847 ),
 ( #3792, #5016, #511 ),
 ( #161, #110, #2989 ),
 ( #4635, #1756, #3387 ) ),
 .UNSPECIFIED., .F., .F., .T. ) 
 B_SPLINE_SURFACE_WITH_KNOTS ( ( 4, 4 ),
 ( 3, 3 ),
 ( -4.460407737605365242E-16, 0.0002531915311953280624 ),
 ( 0.000000000000000000, 1.000000000000000000 ),
 .UNSPECIFIED. ) 
 GEOMETRIC_REPRESENTATION_ITEM ( )  RATIONAL_B_SPLINE_SURFACE ( (
 ( 1.000000000000000000, 0.7948145652893848778, 1.000000000000000000),
 ( 1.000000000000000000, 0.7775062273736178531, 1.000000000000000000),
 ( 1.000000000000000000, 0.7592884826104232543, 1.000000000000000000),
 ( 1.000000000000000000, 0.7399665075371031353, 1.000000000000000000) ) ) 
 REPRESENTATION_ITEM ( '' )  SURFACE ( )  );
#5282 = ORIENTED_EDGE ( 'NONE', *, *, #1048, .T. ) ;
#5283 = DIRECTION ( 'NONE',  ( -2.040851148208007998E-16, -0.000000000000000000, -1.000000000000000000 ) ) ;
#5284 = CARTESIAN_POINT ( 'NONE',  ( 10.95000000000000107, -8.223600000000001131, 8.199999999999997513 ) ) ;
#5285 = EDGE_CURVE ( 'NONE', #3672, #2928, #2132, .T. ) ;
#5286 = CARTESIAN_POINT ( 'NONE',  ( 4.015565759421483527, -8.218129798979644463, 8.257028041462175949 ) ) ;
#5287 = CARTESIAN_POINT ( 'NONE',  ( -3.530259798403962090, -12.34494971105698369, 9.699309080923290693 ) ) ;
#5288 = VERTEX_POINT ( 'NONE', #1170 ) ;
#5289 = ORIENTED_EDGE ( 'NONE', *, *, #4874, .T. ) ;
#5290 = CARTESIAN_POINT ( 'NONE',  ( 0.9666666666666666741, -18.82691367757014689, 4.264088259091348476 ) ) ;
#5291 = AXIS2_PLACEMENT_3D ( 'NONE', #2479, #1267, #2927 ) ;
#5292 = DIRECTION ( 'NONE',  ( 0.000000000000000000, 0.000000000000000000, 1.000000000000000000 ) ) ;
#5293 = APPLICATION_CONTEXT ( 'automotive_design' ) ;
#5294 = CARTESIAN_POINT ( 'NONE',  ( -3.084422888646709104, -10.22360000000000291, -0.6299141292494767619 ) ) ;
#5295 = VECTOR ( 'NONE', #5160, 1000.000000000000114 ) ;
#5296 = DIRECTION ( 'NONE',  ( 0.000000000000000000, 1.000000000000000000, 0.000000000000000000 ) ) ;
#5297 = CARTESIAN_POINT ( 'NONE',  ( 10.94999999999999929, -7.923600000000001309, -2.234732007287768374E-15 ) ) ;
#5298 = EDGE_LOOP ( 'NONE', ( #4977, #130, #3109, #2617, #4570, #721, #1630, #3395, #1288, #4458, #3992, #4163, #2030, #5102, #643 ) ) ;
#5299 = CARTESIAN_POINT ( 'NONE',  ( 0.6356347698756612541, -20.58203711297361238, 0.2725032789347093254 ) ) ;
#5300 = CARTESIAN_POINT ( 'NONE',  ( 3.417628446107447537, -7.611828708632192075, 9.389856983765898946 ) ) ;
#5301 = CARTESIAN_POINT ( 'NONE',  ( 3.257673668124410060, -9.103872682333301825, 12.12070106010503778 ) ) ;
#5302 = EDGE_CURVE ( 'NONE', #10, #3401, #3789, .T. ) ;
#5303 = DIRECTION ( 'NONE',  ( 0.000000000000000000, 0.000000000000000000, -1.000000000000000000 ) ) ;
#5304 = EDGE_LOOP ( 'NONE', ( #1334, #5019, #3517, #173, #187, #4782 ) ) ;
#5305 = CARTESIAN_POINT ( 'NONE',  ( 0.7953988777469538363, -20.61166130683556474, 0.7982527075579782805 ) ) ;
#5306 = CARTESIAN_POINT ( 'NONE',  ( 0.6257719860729372696, -10.22360000000000291, 8.879243775374517256 ) ) ;
#5307 = CARTESIAN_POINT ( 'NONE',  ( -1.439318238251017457, -5.223600000000002019, 3.883366126524675277 ) ) ;
#5308 = ORIENTED_EDGE ( 'NONE', *, *, #3677, .T. ) ;
#5309 = CARTESIAN_POINT ( 'NONE',  ( 0.001911897430765803312, -10.22360000000000291, -0.6204029632861003396 ) ) ;
#5310 = CARTESIAN_POINT ( 'NONE',  ( -3.486049954859702815, -8.146261187926263858, 8.412829987641604390 ) ) ;
#5311 = TOROIDAL_SURFACE ( 'NONE', #1691, 4.141517772942822972, 0.8000000000000000444 ) ;
#5312 = DIRECTION ( 'NONE',  ( -0.000000000000000000, -1.000000000000000000, -0.000000000000000000 ) ) ;
#5313 = CARTESIAN_POINT ( 'NONE',  ( 1.400276565858553646, -5.223600000000002019, 3.718471967015575252 ) ) ;
#5314 = VECTOR ( 'NONE', #2327, 1000.000000000000114 ) ;
#5315 = ORIENTED_EDGE ( 'NONE', *, *, #1459, .T. ) ;
#5316 = CARTESIAN_POINT ( 'NONE',  ( 1.450320254489705141, -5.223600000000002019, -3.089420301609855368 ) ) ;
#5317 = CARTESIAN_POINT ( 'NONE',  ( -3.017832282475179539, -5.119137701125588968, 8.500000000000000000 ) ) ;
#5318 = AXIS2_PLACEMENT_3D ( 'NONE', #4947, #3745, #4153 ) ;
#5319 = CARTESIAN_POINT ( 'NONE',  ( 0.000000000000000000, -5.223600000000001131, -3.903127820947815962E-14 ) ) ;
#5320 = AXIS2_PLACEMENT_3D ( 'NONE', #273, #4699, #2281 ) ;
#5321 = CARTESIAN_POINT ( 'NONE',  ( -0.7765124805550424059, -22.46263221286043432, 0.6301225942644779199 ) ) ;
#5322 = ORIENTED_EDGE ( 'NONE', *, *, #3687, .F. ) ;
#5323 = CARTESIAN_POINT ( 'NONE',  ( 1.450320254489705141, -5.223600000000002019, -3.679093547527703123 ) ) ;
#5324 = CARTESIAN_POINT ( 'NONE',  ( 3.454536624855703231, -14.87143545753647800, 6.891211734661777832 ) ) ;
#5325 = B_SPLINE_CURVE_WITH_KNOTS ( 'NONE', 3,
 ( #4352, #180, #3080, #255 ),
 .UNSPECIFIED., .F., .F.,
 ( 4, 4 ),
 ( 0.0006534877451041179583, 0.001233082958627468566 ),
 .UNSPECIFIED. ) ;
#5326 = CARTESIAN_POINT ( 'NONE',  ( 4.417049169794422525, -7.241068519268797132, 12.13574285463213975 ) ) ;
#5327 = CIRCLE ( 'NONE', #2993, 0.8999999999999998002 ) ;
#5328 = CARTESIAN_POINT ( 'NONE',  ( -3.180314295829213211, -5.586782014198561797, -0.7508080756569538439 ) ) ;
#5329 = ORIENTED_EDGE ( 'NONE', *, *, #13, .T. ) ;
#5330 = CARTESIAN_POINT ( 'NONE',  ( -0.06320077617736684361, -20.29241643485717361, 0.8498198198939401760 ) ) ;
#5331 = ADVANCED_FACE ( 'NONE', ( #4855 ), #1703, .F. ) ;
#5332 = LINE ( 'NONE', #801, #1414 ) ;
#5333 = EDGE_CURVE ( 'NONE', #1407, #2172, #1880, .T. ) ;
#5334 = CARTESIAN_POINT ( 'NONE',  ( -3.635303554846197382, -5.663260784883379806, 8.500000000000000000 ) ) ;
#5335 = ORIENTED_EDGE ( 'NONE', *, *, #3468, .T. ) ;
#5336 = CARTESIAN_POINT ( 'NONE',  ( 0.000000000000000000, -5.223600000000002019, -4.141517772942822972 ) ) ;
#5337 = CARTESIAN_POINT ( 'NONE',  ( -11.02880496164289070, -5.223600000000002908, 0.01306851928290801886 ) ) ;
ENDSEC;
END-ISO-10303-21;
