ISO-10303-21;
HEADER;
FILE_DESCRIPTION (( 'STEP AP214' ),
    '1' );
FILE_NAME ('Coaxial Nozzle_OD 640microns ID 27G.STEP',
    '2025-05-19T07:24:19',
    ( '' ),
    ( '' ),
    'SwSTEP 2.0',
    'SolidWorks 2025',
    '' );
FILE_SCHEMA (( 'AUTOMOTIVE_DESIGN' ));
ENDSEC;

DATA;
#1 = ORIENTED_EDGE ( 'NONE', *, *, #3542, .F. ) ;
#2 = EDGE_CURVE ( 'NONE', #3938, #1708, #2253, .T. ) ;
#3 = EDGE_CURVE ( 'NONE', #4818, #2323, #5055, .T. ) ;
#4 = CARTESIAN_POINT ( 'NONE',  ( 0.02575603379641124360, -14.69295884451307543, 7.200338303317392885 ) ) ;
#5 = AXIS2_PLACEMENT_3D ( 'NONE', #4127, #1250, #402 ) ;
#6 = CARTESIAN_POINT ( 'NONE',  ( -3.613625233553305893, -8.092070391578459976, 8.452114637189145796 ) ) ;
#7 = CARTESIAN_POINT ( 'NONE',  ( -0.6235972676296347439, -19.98863026445406277, 1.609561390738400322 ) ) ;
#8 = CARTESIAN_POINT ( 'NONE',  ( 1.157010783100132167, -21.18017553209466897, -0.1827562052050522023 ) ) ;
#9 = ORIENTED_EDGE ( 'NONE', *, *, #2804, .T. ) ;
#10 = CARTESIAN_POINT ( 'NONE',  ( 3.048706215533453001, -5.378064000364948249, 8.563225447893930919 ) ) ;
#11 = ORIENTED_EDGE ( 'NONE', *, *, #418, .T. ) ;
#12 = CARTESIAN_POINT ( 'NONE',  ( -1.005061687047161811, -20.94173618124717251, 0.9398673184570062178 ) ) ;
#13 = CARTESIAN_POINT ( 'NONE',  ( -0.9617131821178572793, -20.11961686303912344, 2.146134024801622076 ) ) ;
#14 = CARTESIAN_POINT ( 'NONE',  ( -2.504057841219951452, -5.223600000000002019, 8.653035871033933901 ) ) ;
#15 = EDGE_CURVE ( 'NONE', #4258, #931, #3907, .T. ) ;
#16 = CARTESIAN_POINT ( 'NONE',  ( 3.058665985204038762, -8.919563329890147330, -0.7710664072876242114 ) ) ;
#17 = ORIENTED_EDGE ( 'NONE', *, *, #4442, .T. ) ;
#18 = AXIS2_PLACEMENT_3D ( 'NONE', #1116, #5156, #3069 ) ;
#19 = CARTESIAN_POINT ( 'NONE',  ( 3.285750000585141883, -6.023600000000001842, 9.027523932580587385 ) ) ;
#20 = DIRECTION ( 'NONE',  ( 0.000000000000000000, 0.000000000000000000, 1.000000000000000000 ) ) ;
#21 = DIRECTION ( 'NONE',  ( 1.000000000000000000, -0.000000000000000000, -2.571407403092368652E-16 ) ) ;
#22 = ADVANCED_FACE ( 'NONE', ( #4361 ), #4305, .T. ) ;
#23 = CARTESIAN_POINT ( 'NONE',  ( -2.750482925181235494, -17.52216483383709900, 7.556889729531347299 ) ) ;
#24 = CARTESIAN_POINT ( 'NONE',  ( 2.970726957970755588, -5.351560209311365668, 8.592343457098968074 ) ) ;
#25 = PRODUCT_DEFINITION_SHAPE ( 'NONE', 'NONE',  #5262 ) ;
#26 = LINE ( 'NONE', #4199, #3207 ) ;
#27 = DIRECTION ( 'NONE',  ( 0.000000000000000000, 0.000000000000000000, 1.000000000000000000 ) ) ;
#28 = AXIS2_PLACEMENT_3D ( 'NONE', #3866, #3950, #5092 ) ;
#29 = CARTESIAN_POINT ( 'NONE',  ( 0.000000000000000000, -18.45460168286246372, 4.096547861472892293 ) ) ;
#30 = ADVANCED_FACE ( 'NONE', ( #4276 ), #5110, .F. ) ;
#31 = CARTESIAN_POINT ( 'NONE',  ( -3.373356197374786092, -6.023600000000002730, 8.717061272554397888 ) ) ;
#32 = CARTESIAN_POINT ( 'NONE',  ( -1.051728540795508371, -5.291307612245110370, 3.509878341731116791 ) ) ;
#33 = ORIENTED_EDGE ( 'NONE', *, *, #1431, .T. ) ;
#34 = LINE ( 'NONE', #3298, #601 ) ;
#35 = VERTEX_POINT ( 'NONE', #4760 ) ;
#36 = DIRECTION ( 'NONE',  ( -0.000000000000000000, -1.000000000000000000, -0.000000000000000000 ) ) ;
#37 = CARTESIAN_POINT ( 'NONE',  ( -1.048742316702695465, -21.63336171770174943, 0.3595847498020827704 ) ) ;
#38 = CARTESIAN_POINT ( 'NONE',  ( -1.775646999949942948E-16, -20.55091524738701025, 0.2549999999999998379 ) ) ;
#39 = CIRCLE ( 'NONE', #203, 3.241904105585356799 ) ;
#40 = ORIENTED_EDGE ( 'NONE', *, *, #549, .F. ) ;
#41 = CARTESIAN_POINT ( 'NONE',  ( 2.928082121416283101, -5.223600000000002908, 8.326459689342268433 ) ) ;
#42 = ORIENTED_EDGE ( 'NONE', *, *, #5063, .T. ) ;
#43 = CARTESIAN_POINT ( 'NONE',  ( 3.284783660473897804, -5.780606891139095538, 8.757506906283573755 ) ) ;
#44 = DIRECTION ( 'NONE',  ( -1.000000000000000000, 0.000000000000000000, 0.000000000000000000 ) ) ;
#45 = CARTESIAN_POINT ( 'NONE',  ( -3.284537052107150856, -5.573446981992635330, -0.7607477118260889126 ) ) ;
#46 = DIRECTION ( 'NONE',  ( -0.3080669035911989262, 0.1241639774312046363, 0.9432274856153176623 ) ) ;
#47 = AXIS2_PLACEMENT_3D ( 'NONE', #4641, #1292, #2609 ) ;
#48 = CARTESIAN_POINT ( 'NONE',  ( 3.029371541970124149, -5.464257845207984410, 8.972655502048684895 ) ) ;
#49 = CARTESIAN_POINT ( 'NONE',  ( 2.108554070535742236E-15, -7.923600000000001309, 8.200000000000001066 ) ) ;
#50 = AXIS2_PLACEMENT_3D ( 'NONE', #4166, #2129, #3757 ) ;
#51 = CARTESIAN_POINT ( 'NONE',  ( 0.1570456199967035504, -18.46264444686208961, 4.100167105272724655 ) ) ;
#52 = FACE_OUTER_BOUND ( 'NONE', #3903, .T. ) ;
#53 = CARTESIAN_POINT ( 'NONE',  ( 2.014136922770156253E-16, -5.223600000000002019, 11.33529359296444383 ) ) ;
#54 = DIRECTION ( 'NONE',  ( 0.000000000000000000, 0.000000000000000000, -1.000000000000000000 ) ) ;
#55 = ORIENTED_EDGE ( 'NONE', *, *, #4711, .T. ) ;
#56 = CARTESIAN_POINT ( 'NONE',  ( 0.000000000000000000, -15.80840806009312516, 0.000000000000000000 ) ) ;
#57 = ORIENTED_EDGE ( 'NONE', *, *, #3586, .F. ) ;
#58 = EDGE_CURVE ( 'NONE', #4267, #4578, #3407, .T. ) ;
#59 = DIRECTION ( 'NONE',  ( -0.000000000000000000, -1.000000000000000000, -0.000000000000000000 ) ) ;
#60 = LINE ( 'NONE', #2497, #1768 ) ;
#61 = ORIENTED_EDGE ( 'NONE', *, *, #1864, .F. ) ;
#62 = CARTESIAN_POINT ( 'NONE',  ( 3.028642596459397929, -5.223600000000002908, 8.282213693751117489 ) ) ;
#63 = VERTEX_POINT ( 'NONE', #5180 ) ;
#64 = ADVANCED_FACE ( 'NONE', ( #1509 ), #664, .T. ) ;
#65 = CARTESIAN_POINT ( 'NONE',  ( 0.000000000000000000, -6.061773215555091632, -3.903127820947815962E-14 ) ) ;
#66 = CARTESIAN_POINT ( 'NONE',  ( 3.994365985433293798, -8.131659038715012500, 10.97443035001548139 ) ) ;
#67 = CARTESIAN_POINT ( 'NONE',  ( -3.530820166722813180, -6.062213299389237697, 12.46352259067999135 ) ) ;
#68 = CARTESIAN_POINT ( 'NONE',  ( 0.000000000000000000, -6.023600000000001842, 0.6309999999999758025 ) ) ;
#69 = CARTESIAN_POINT ( 'NONE',  ( -0.6313863326425324107, -5.998740736633152437, 3.179826021775939981 ) ) ;
#70 = CARTESIAN_POINT ( 'NONE',  ( 3.308941524987415228, -8.023405830874361655, 8.761319651581320755 ) ) ;
#71 = FACE_OUTER_BOUND ( 'NONE', #4718, .T. ) ;
#72 = DIRECTION ( 'NONE',  ( -1.000000000000000000, 0.000000000000000000, 6.242469211744370837E-16 ) ) ;
#73 = EDGE_CURVE ( 'NONE', #4165, #4111, #1162, .T. ) ;
#74 = CARTESIAN_POINT ( 'NONE',  ( 0.9666666666666663410, -19.48921168947786597, 4.562122364449822776 ) ) ;
#75 = CARTESIAN_POINT ( 'NONE',  ( -3.850024544417787187, -8.494772753030582990, 7.950175863090774619 ) ) ;
#76 = CARTESIAN_POINT ( 'NONE',  ( 0.000000000000000000, -18.61166130683499986, -0.2550000000000000044 ) ) ;
#77 = LINE ( 'NONE', #1698, #4108 ) ;
#78 = VERTEX_POINT ( 'NONE', #4385 ) ;
#79 = CARTESIAN_POINT ( 'NONE',  ( 3.655231808537426019, -6.061552706126228429, 12.39965488124967052 ) ) ;
#80 = ORIENTED_EDGE ( 'NONE', *, *, #4601, .T. ) ;
#81 = CARTESIAN_POINT ( 'NONE',  ( 0.9333333333333331261, -14.87911484186691702, 7.535419098554304362 ) ) ;
#82 = ADVANCED_FACE ( 'NONE', ( #2894 ), #2155, .F. ) ;
#83 = FACE_OUTER_BOUND ( 'NONE', #3969, .T. ) ;
#84 = CARTESIAN_POINT ( 'NONE',  ( 0.05828553974139644156, -20.55091524738699604, 0.2550000000000001155 ) ) ;
#85 = CIRCLE ( 'NONE', #3680, 0.7999999999999998224 ) ;
#86 = ORIENTED_EDGE ( 'NONE', *, *, #5131, .T. ) ;
#87 = CARTESIAN_POINT ( 'NONE',  ( 3.333741034371461520, -9.216328201860370939, 9.159378214244785710 ) ) ;
#88 = ORIENTED_EDGE ( 'NONE', *, *, #3150, .F. ) ;
#89 = CARTESIAN_POINT ( 'NONE',  ( 3.604574683782072242, -8.035041184636499523, 8.484007788485953938 ) ) ;
#90 = CARTESIAN_POINT ( 'NONE',  ( 0.9349320051570929602, -21.63580717779898421, 0.7933206265718573125 ) ) ;
#91 = EDGE_CURVE ( 'NONE', #4923, #2076, #3679, .T. ) ;
#92 = CARTESIAN_POINT ( 'NONE',  ( -3.434094362407280165, -6.023600000000002730, 8.500000000000000000 ) ) ;
#93 = EDGE_CURVE ( 'NONE', #2735, #3389, #3499, .T. ) ;
#94 = EDGE_CURVE ( 'NONE', #3055, #3918, #4163, .T. ) ;
#95 = CARTESIAN_POINT ( 'NONE',  ( 4.437123504770558391, -6.023600000000001842, 12.19089663668835222 ) ) ;
#96 = ORIENTED_EDGE ( 'NONE', *, *, #4277, .F. ) ;
#97 = CARTESIAN_POINT ( 'NONE',  ( -0.6309999999999992282, -6.023600000000002730, 3.179114782977803699 ) ) ;
#98 = CIRCLE ( 'NONE', #3092, 0.2550000000000000044 ) ;
#99 = CARTESIAN_POINT ( 'NONE',  ( 3.089420301609830055, -6.023600000000001842, -0.6310000000000240972 ) ) ;
#100 = CARTESIAN_POINT ( 'NONE',  ( 11.25000000000000178, -5.523600000000001842, 8.499999999999996447 ) ) ;
#101 = CARTESIAN_POINT ( 'NONE',  ( -3.959031543569522693, -6.055420464093786315, 12.11705743480102448 ) ) ;
#102 = CARTESIAN_POINT ( 'NONE',  ( -4.019034538076888374, -8.223600000000001131, 8.200000000000001066 ) ) ;
#103 = CARTESIAN_POINT ( 'NONE',  ( 0.000000000000000000, -19.08051392770499533, -3.903127820947815962E-14 ) ) ;
#104 = DIRECTION ( 'NONE',  ( 0.000000000000000000, 1.000000000000000000, 0.000000000000000000 ) ) ;
#105 = DIRECTION ( 'NONE',  ( -0.000000000000000000, 1.000000000000000000, -0.000000000000000000 ) ) ;
#106 = CIRCLE ( 'NONE', #4132, 1.700000000000000178 ) ;
#107 = VERTEX_POINT ( 'NONE', #888 ) ;
#108 = CARTESIAN_POINT ( 'NONE',  ( 4.141229837046689788, -6.034298647051013376, 11.46349725183788948 ) ) ;
#109 = ORIENTED_EDGE ( 'NONE', *, *, #514, .F. ) ;
#110 = CARTESIAN_POINT ( 'NONE',  ( 0.6489487262978608229, -14.74627372688717664, 7.296305091590773451 ) ) ;
#111 = TOROIDAL_SURFACE ( 'NONE', #4473, 6.817497284057141727, 1.000000000000000000 ) ;
#112 = CARTESIAN_POINT ( 'NONE',  ( 3.896617256500041204, -5.223600000000001131, 12.25114613100466521 ) ) ;
#113 = CARTESIAN_POINT ( 'NONE',  ( 0.2043546043426696379, -20.57519688089038468, 0.1630072329013575738 ) ) ;
#114 = ORIENTED_EDGE ( 'NONE', *, *, #2643, .F. ) ;
#115 = CARTESIAN_POINT ( 'NONE',  ( 0.000000000000000000, -13.46581578397376511, 0.000000000000000000 ) ) ;
#116 = ORIENTED_EDGE ( 'NONE', *, *, #73, .T. ) ;
#117 = CARTESIAN_POINT ( 'NONE',  ( 3.724372967604370643, -8.203907080474385438, 8.314355862663639130 ) ) ;
#118 = AXIS2_PLACEMENT_3D ( 'NONE', #4418, #1217, #2805 ) ;
#119 = CARTESIAN_POINT ( 'NONE',  ( 0.8432431840820976410, -21.91834065599147863, 0.6823437622179527873 ) ) ;
#120 = CARTESIAN_POINT ( 'NONE',  ( -3.869685544251772580, -6.058163887256618807, 12.22650065059871949 ) ) ;
#121 = CARTESIAN_POINT ( 'NONE',  ( 3.864317489770755731, -8.230981117267736735, 7.971252231432536028 ) ) ;
#122 = ORIENTED_EDGE ( 'NONE', *, *, #94, .T. ) ;
#123 = AXIS2_PLACEMENT_3D ( 'NONE', #5117, #1798, #3466 ) ;
#124 = EDGE_CURVE ( 'NONE', #489, #1125, #3319, .T. ) ;
#125 = CARTESIAN_POINT ( 'NONE',  ( 1.366293772803766071, -18.33747265112190306, 6.979425828235621410 ) ) ;
#126 = CARTESIAN_POINT ( 'NONE',  ( 2.949081830157513018, -17.27231922661277963, 6.139505646636699510 ) ) ;
#127 = DIRECTION ( 'NONE',  ( 0.000000000000000000, 0.000000000000000000, -1.000000000000000000 ) ) ;
#128 = CARTESIAN_POINT ( 'NONE',  ( 3.779696404344241589, -5.223600000000002019, 1.430999999999975625 ) ) ;
#129 =( BOUNDED_SURFACE ( )  B_SPLINE_SURFACE ( 3, 2, ( 
 ( #1038, #2706, #959 ),
 ( #2596, #4342, #3488 ),
 ( #1382, #3022, #4654 ),
 ( #4233, #1013, #5108 ) ),
 .UNSPECIFIED., .F., .F., .F. ) 
 B_SPLINE_SURFACE_WITH_KNOTS ( ( 4, 4 ),
 ( 3, 3 ),
 ( 0.000000000000000000, 0.001867549545076490052 ),
 ( 0.000000000000000000, 1.000000000000000000 ),
 .UNSPECIFIED. ) 
 GEOMETRIC_REPRESENTATION_ITEM ( )  RATIONAL_B_SPLINE_SURFACE ( (
 ( 1.000000000000000000, 0.7964895339868085511, 1.000000000000000000),
 ( 1.000000000000000000, 0.7901162256415263929, 1.000000000000000000),
 ( 1.000000000000000000, 0.7766965140620092356, 1.000000000000000000),
 ( 1.000000000000000000, 0.7551650684633347543, 1.000000000000000000) ) ) 
 REPRESENTATION_ITEM ( '' )  SURFACE ( )  );
#130 = CIRCLE ( 'NONE', #5085, 1.577190573871539936 ) ;
#131 = AXIS2_PLACEMENT_3D ( 'NONE', #4337, #3617, #746 ) ;
#132 = CARTESIAN_POINT ( 'NONE',  ( -0.6310000000000000053, -8.851919802070680632, -3.089420301609855368 ) ) ;
#133 = EDGE_CURVE ( 'NONE', #988, #2369, #1255, .T. ) ;
#134 = LINE ( 'NONE', #4524, #4483 ) ;
#135 = CARTESIAN_POINT ( 'NONE',  ( -0.6677926086384722293, -20.61166130683504605, -0.1054815087423521119 ) ) ;
#136 = CARTESIAN_POINT ( 'NONE',  ( -3.010136088000826327, -14.91274227212336534, 8.270280931267722124 ) ) ;
#137 = ORIENTED_EDGE ( 'NONE', *, *, #1824, .F. ) ;
#138 = DIRECTION ( 'NONE',  ( -0.000000000000000000, 1.000000000000000000, -0.000000000000000000 ) ) ;
#139 = ORIENTED_EDGE ( 'NONE', *, *, #5028, .T. ) ;
#140 = CARTESIAN_POINT ( 'NONE',  ( 0.2325607036558766938, -18.47333018915866987, 4.104975689306185060 ) ) ;
#141 = CARTESIAN_POINT ( 'NONE',  ( 3.322407740230535644, -5.223600000000002019, 11.46728376463501853 ) ) ;
#142 = LINE ( 'NONE', #1335, #4024 ) ;
#143 = ORIENTED_EDGE ( 'NONE', *, *, #4649, .F. ) ;
#144 = ADVANCED_FACE ( 'NONE', ( #4507 ), #835, .T. ) ;
#145 = LINE ( 'NONE', #3410, #3992 ) ;
#146 = VERTEX_POINT ( 'NONE', #861 ) ;
#147 = CARTESIAN_POINT ( 'NONE',  ( 0.8995135489778417481, -19.66518353144556741, 2.493125825624243230 ) ) ;
#148 = CARTESIAN_POINT ( 'NONE',  ( 0.9509101665807641046, -21.61768747981540528, 0.7520018365372104219 ) ) ;
#149 = CARTESIAN_POINT ( 'NONE',  ( 3.179114782977808140, -6.023600000000001842, 0.6309999999999758025 ) ) ;
#150 = CARTESIAN_POINT ( 'NONE',  ( -10.94999999999999929, -5.223600000000002019, 0.01776588295423203734 ) ) ;
#151 = ORIENTED_EDGE ( 'NONE', *, *, #4155, .F. ) ;
#152 = DIRECTION ( 'NONE',  ( 1.000000000000000000, 0.000000000000000000, -6.242469211744363934E-16 ) ) ;
#153 = CARTESIAN_POINT ( 'NONE',  ( -1.159580427369712563, -21.17252831789993905, 0.1974942072751094957 ) ) ;
#154 = CARTESIAN_POINT ( 'NONE',  ( -1.271108815669828918, -20.61166130683616160, 1.744072841152291442 ) ) ;
#155 = CARTESIAN_POINT ( 'NONE',  ( 1.051719100844425103, -5.291313192102782281, -3.509871243507571403 ) ) ;
#156 = CARTESIAN_POINT ( 'NONE',  ( -1.191754460268060312, -9.091287241322836721, -2.915051417621413954 ) ) ;
#157 = CARTESIAN_POINT ( 'NONE',  ( 1.034419483452273761E-16, -10.22360000000000291, 8.735293592964444187 ) ) ;
#158 = EDGE_CURVE ( 'NONE', #3389, #1761, #5247, .T. ) ;
#159 = FACE_OUTER_BOUND ( 'NONE', #3171, .T. ) ;
#160 = EDGE_CURVE ( 'NONE', #2583, #2574, #3080, .T. ) ;
#161 = ORIENTED_EDGE ( 'NONE', *, *, #350, .F. ) ;
#162 = EDGE_CURVE ( 'NONE', #2500, #566, #1514, .T. ) ;
#163 = FACE_OUTER_BOUND ( 'NONE', #3427, .T. ) ;
#164 = ORIENTED_EDGE ( 'NONE', *, *, #324, .F. ) ;
#165 = CARTESIAN_POINT ( 'NONE',  ( -0.6310000000000000053, -10.22360000000000291, -3.089420301609855368 ) ) ;
#166 = CARTESIAN_POINT ( 'NONE',  ( -3.207342261625042212, -5.769126375085073200, 0.6647630629849305972 ) ) ;
#167 = CARTESIAN_POINT ( 'NONE',  ( 1.045921680627295958, -5.292619052351132503, 3.409023183892278208 ) ) ;
#168 = VERTEX_POINT ( 'NONE', #1680 ) ;
#169 = DIRECTION ( 'NONE',  ( 1.000000000000000000, 0.000000000000000000, -2.040851148208014408E-16 ) ) ;
#170 = ORIENTED_EDGE ( 'NONE', *, *, #3334, .T. ) ;
#171 = CARTESIAN_POINT ( 'NONE',  ( 3.396081006787547096, -6.037887759586664238, 9.330655880787405820 ) ) ;
#172 = CARTESIAN_POINT ( 'NONE',  ( 0.9542466586124596084, -20.25483228201464669, 1.921000377597329889 ) ) ;
#173 = CARTESIAN_POINT ( 'NONE',  ( 0.9026830558629527212, -19.27544610474266662, 2.995223769128855018 ) ) ;
#174 = B_SPLINE_CURVE_WITH_KNOTS ( 'NONE', 3,
 ( #2427, #3311, #3286, #4063, #3259, #4087 ),
 .UNSPECIFIED., .F., .F.,
 ( 4, 2, 4 ),
 ( 7.541684126317335102E-17, 0.004708793036632097709, 0.009417586073264119090 ),
 .UNSPECIFIED. ) ;
#175 = EDGE_CURVE ( 'NONE', #4799, #1506, #4084, .T. ) ;
#176 = CARTESIAN_POINT ( 'NONE',  ( -2.351595843561847587, -5.223600000000002019, 8.800000000000000711 ) ) ;
#177 = CARTESIAN_POINT ( 'NONE',  ( 0.000000000000000000, -12.20178778921884266, 2.227767388195791565 ) ) ;
#178 = ORIENTED_EDGE ( 'NONE', *, *, #15, .F. ) ;
#179 = PRODUCT_DEFINITION_FORMATION_WITH_SPECIFIED_SOURCE ( 'ANY', '', #1591, .NOT_KNOWN. ) ;
#180 = CARTESIAN_POINT ( 'NONE',  ( 2.185696292628513601E-15, -8.223600000000001131, 8.500000000000000000 ) ) ;
#181 = CARTESIAN_POINT ( 'NONE',  ( 3.358574472521764775, -8.359706354281376761, 8.487443162943934638 ) ) ;
#182 = CARTESIAN_POINT ( 'NONE',  ( -0.3006892112259005878, -20.22996383691428335, 1.012831804188479179 ) ) ;
#183 = CARTESIAN_POINT ( 'NONE',  ( -3.335854097793995887, -5.223600000000002019, 11.52117995318844379 ) ) ;
#184 = CARTESIAN_POINT ( 'NONE',  ( -2.853173596541204837, -9.138896558107274970, -1.330357887381286019 ) ) ;
#185 = CARTESIAN_POINT ( 'NONE',  ( 3.980187398764591933, -8.223450211194025528, 8.209478968662150322 ) ) ;
#186 = DIRECTION ( 'NONE',  ( 0.3173306201622744238, 0.9454808424004144118, 0.07326154626561645622 ) ) ;
#187 = CARTESIAN_POINT ( 'NONE',  ( -3.345067343164080054, -13.39357723240036968, 9.190496991898356782 ) ) ;
#188 = ORIENTED_EDGE ( 'NONE', *, *, #175, .F. ) ;
#189 = ORIENTED_EDGE ( 'NONE', *, *, #4062, .F. ) ;
#190 = EDGE_CURVE ( 'NONE', #4929, #1506, #60, .T. ) ;
#191 = EDGE_CURVE ( 'NONE', #4550, #168, #4792, .T. ) ;
#192 = CARTESIAN_POINT ( 'NONE',  ( 2.870044400015752117, -5.313436247394498935, 8.626680637641554128 ) ) ;
#193 = CARTESIAN_POINT ( 'NONE',  ( 11.25000000000000000, -5.523600000000001842, -2.295957541734009343E-15 ) ) ;
#194 = CARTESIAN_POINT ( 'NONE',  ( 3.433965986680804328, -6.043475833177843981, 8.500000000000000000 ) ) ;
#195 = ORIENTED_EDGE ( 'NONE', *, *, #2743, .T. ) ;
#196 = CARTESIAN_POINT ( 'NONE',  ( 3.775109524382790127, -10.73085803754914913, 7.749123955274574982 ) ) ;
#197 = ORIENTED_EDGE ( 'NONE', *, *, #2808, .F. ) ;
#198 = CARTESIAN_POINT ( 'NONE',  ( 3.395905599118098639, -6.066457142857145435, 9.330173952176393115 ) ) ;
#199 = CARTESIAN_POINT ( 'NONE',  ( -0.8488011369846798493, -21.91304981680105612, 0.6763616577761922821 ) ) ;
#200 = FACE_OUTER_BOUND ( 'NONE', #4776, .T. ) ;
#201 = CARTESIAN_POINT ( 'NONE',  ( 2.519731749821877198, -14.43683126264923366, 10.10772066378478939 ) ) ;
#202 = ORIENTED_EDGE ( 'NONE', *, *, #519, .F. ) ;
#203 = AXIS2_PLACEMENT_3D ( 'NONE', #2487, #104, #477 ) ;
#204 = CARTESIAN_POINT ( 'NONE',  ( 3.568821446518080087, -14.50491527504234845, 9.805256338371817648 ) ) ;
#205 = CARTESIAN_POINT ( 'NONE',  ( 0.7765292016777691764, -22.46274029736919076, 0.6301378211146140274 ) ) ;
#206 = CARTESIAN_POINT ( 'NONE',  ( -0.6310000000000000053, -8.347283722441600773, -3.105431218849834085 ) ) ;
#207 = CARTESIAN_POINT ( 'NONE',  ( 1.235627119223744019, -20.61166130683500342, 0.2094110349274377336 ) ) ;
#208 = CARTESIAN_POINT ( 'NONE',  ( -3.986436187712512069, -5.223600000000014454, 12.13613003466818974 ) ) ;
#209 = TOROIDAL_SURFACE ( 'NONE', #4984, 1.699999999999999956, 0.8000000000000000444 ) ;
#210 = CARTESIAN_POINT ( 'NONE',  ( -1.986450169074562400, -9.287522755095276139, -2.436397076418381769 ) ) ;
#211 = CARTESIAN_POINT ( 'NONE',  ( 0.000000000000000000, -20.61166130683500342, 0.000000000000000000 ) ) ;
#212 = CARTESIAN_POINT ( 'NONE',  ( -0.6310000000000010045, -5.904882757158244289, -3.089420301609860253 ) ) ;
#213 = AXIS2_PLACEMENT_3D ( 'NONE', #5013, #5070, #3793 ) ;
#214 = ORIENTED_EDGE ( 'NONE', *, *, #3429, .T. ) ;
#215 = CARTESIAN_POINT ( 'NONE',  ( 2.333521417961200051, -9.297947552893200296, 2.106095853356992897 ) ) ;
#216 = VERTEX_POINT ( 'NONE', #4187 ) ;
#217 = CARTESIAN_POINT ( 'NONE',  ( 1.262148612326310593, -20.62272113323367861, -0.01139584450858901685 ) ) ;
#218 = CIRCLE ( 'NONE', #2104, 0.3000000000000000444 ) ;
#219 = CARTESIAN_POINT ( 'NONE',  ( 0.000000000000000000, -15.00555694826952369, 0.000000000000000000 ) ) ;
#220 = CARTESIAN_POINT ( 'NONE',  ( -2.888709462523173066, -15.36655443238306695, 7.936664019647297508 ) ) ;
#221 = ADVANCED_FACE ( 'NONE', ( #2844 ), #4348, .F. ) ;
#222 = EDGE_LOOP ( 'NONE', ( #4943, #2867, #1658, #2975 ) ) ;
#223 = LINE ( 'NONE', #3494, #1408 ) ;
#224 = ORIENTED_EDGE ( 'NONE', *, *, #4319, .F. ) ;
#225 = CARTESIAN_POINT ( 'NONE',  ( -0.02483617544653908896, -10.22360000000000291, 8.735293592964444187 ) ) ;
#226 = CARTESIAN_POINT ( 'NONE',  ( 0.9075883152340189497, -19.33754378532492879, 2.934814467912821190 ) ) ;
#227 = CARTESIAN_POINT ( 'NONE',  ( -0.1309623450905545161, -21.62124149257842021, 1.693332364320924821 ) ) ;
#228 = CARTESIAN_POINT ( 'NONE',  ( 0.6309999999999998943, -6.023600000000001842, -3.204467430200880873 ) ) ;
#229 = ADVANCED_FACE ( 'NONE', ( #3811 ), #3975, .F. ) ;
#230 = CARTESIAN_POINT ( 'NONE',  ( 0.6913866884183499373, -20.61166130683456643, -0.01626712833237304798 ) ) ;
#231 = ORIENTED_EDGE ( 'NONE', *, *, #1293, .T. ) ;
#232 = CARTESIAN_POINT ( 'NONE',  ( 1.109567248683040797, -21.16060833433267874, 0.3837745045682265932 ) ) ;
#233 = CARTESIAN_POINT ( 'NONE',  ( -1.406779597005523685, -18.93616121834302035, 6.154552808161369626 ) ) ;
#234 = EDGE_LOOP ( 'NONE', ( #3931, #2196, #4211, #677, #295, #2549 ) ) ;
#235 = CARTESIAN_POINT ( 'NONE',  ( -1.937629241717351514, -20.61166130683498565, 0.9051196921191668743 ) ) ;
#236 = CARTESIAN_POINT ( 'NONE',  ( -0.1995343588327779527, -22.92128558499417679, 0.9136673124775949173 ) ) ;
#237 = CARTESIAN_POINT ( 'NONE',  ( 1.169852074171045642, -19.07103850523909117, 6.105285341064242921 ) ) ;
#238 = CARTESIAN_POINT ( 'NONE',  ( 3.887547349791677931, -8.226177084546426599, 7.960471485110563350 ) ) ;
#239 = CARTESIAN_POINT ( 'NONE',  ( -1.237680890036682246, -5.223600000000003796, 3.546798091053900315 ) ) ;
#240 = VERTEX_POINT ( 'NONE', #2654 ) ;
#241 = CARTESIAN_POINT ( 'NONE',  ( 2.436405938927721948, -9.287523160191847538, 1.986441960422315356 ) ) ;
#242 = VERTEX_POINT ( 'NONE', #2572 ) ;
#243 = CARTESIAN_POINT ( 'NONE',  ( 1.234692148670132328, -20.61166130683626108, -0.1950264033712467426 ) ) ;
#244 = FACE_OUTER_BOUND ( 'NONE', #631, .T. ) ;
#245 = CARTESIAN_POINT ( 'NONE',  ( -3.552981944156835326, -13.60629592833806178, 7.154134519233509515 ) ) ;
#246 = ORIENTED_EDGE ( 'NONE', *, *, #811, .F. ) ;
#247 = CARTESIAN_POINT ( 'NONE',  ( 3.286877660718787286, -5.223600000000002019, 11.67662207178116773 ) ) ;
#248 = ORIENTED_EDGE ( 'NONE', *, *, #715, .T. ) ;
#249 = CARTESIAN_POINT ( 'NONE',  ( -1.045953057419801491, -21.08912882336893091, 0.6319025756475761257 ) ) ;
#250 = CARTESIAN_POINT ( 'NONE',  ( -1.075516975130255126, -21.13720721958664228, 0.4921237790804466328 ) ) ;
#251 = CARTESIAN_POINT ( 'NONE',  ( 0.09773713434215125506, -22.94260020552048474, 0.9280527102446192167 ) ) ;
#252 = DIRECTION ( 'NONE',  ( 0.000000000000000000, 0.000000000000000000, -1.000000000000000000 ) ) ;
#253 = DIRECTION ( 'NONE',  ( 0.000000000000000000, 1.000000000000000000, 0.000000000000000000 ) ) ;
#254 = ORIENTED_EDGE ( 'NONE', *, *, #1753, .F. ) ;
#255 = B_SPLINE_CURVE_WITH_KNOTS ( 'NONE', 3,
 ( #5211, #667, #4790, #5130, #2305, #1142 ),
 .UNSPECIFIED., .F., .F.,
 ( 4, 2, 4 ),
 ( 0.000000000000000000, 0.0002345473759661842808, 0.0004690947519323685616 ),
 .UNSPECIFIED. ) ;
#256 = CARTESIAN_POINT ( 'NONE',  ( 2.270968101447325083, -15.51653665222389833, 9.430123520689791761 ) ) ;
#257 = EDGE_CURVE ( 'NONE', #384, #216, #142, .T. ) ;
#258 = DIRECTION ( 'NONE',  ( 0.000000000000000000, 1.000000000000000000, 0.000000000000000000 ) ) ;
#259 = CARTESIAN_POINT ( 'NONE',  ( -0.6309999999999998943, -6.023600000000002730, -3.179114782977803699 ) ) ;
#260 = CARTESIAN_POINT ( 'NONE',  ( 0.7963207342924423227, -20.61166130683329456, 0.7994478833617625346 ) ) ;
#261 = CARTESIAN_POINT ( 'NONE',  ( -3.154564618061142411, -6.798161590276557753, -0.6310000000000348663 ) ) ;
#262 = CARTESIAN_POINT ( 'NONE',  ( 2.347453559915551935, -5.118506686860540889, 8.571932979311553069 ) ) ;
#263 = EDGE_CURVE ( 'NONE', #4295, #3522, #3783, .T. ) ;
#264 = CIRCLE ( 'NONE', #4616, 1.599912042076042429 ) ;
#265 = CARTESIAN_POINT ( 'NONE',  ( 4.019034538076889262, -8.223600000000001131, 8.199999999999999289 ) ) ;
#266 = CYLINDRICAL_SURFACE ( 'NONE', #4714, 3.225122630638384891 ) ;
#267 = ORIENTED_EDGE ( 'NONE', *, *, #2743, .F. ) ;
#268 = CARTESIAN_POINT ( 'NONE',  ( -0.06066215012660748640, -6.023600000000001842, 0.06066215012663156436 ) ) ;
#269 = ORIENTED_EDGE ( 'NONE', *, *, #3106, .T. ) ;
#270 = CARTESIAN_POINT ( 'NONE',  ( -1.016547040017828811E-16, -5.223600000000002019, -1.431000000000022032 ) ) ;
#271 = CARTESIAN_POINT ( 'NONE',  ( -3.409047223081991262, -5.292599787685682955, -1.045954263008660901 ) ) ;
#272 = CARTESIAN_POINT ( 'NONE',  ( -3.282018735452167491, -15.96939896186444585, 6.488281658395155915 ) ) ;
#273 = ORIENTED_EDGE ( 'NONE', *, *, #877, .F. ) ;
#274 = CARTESIAN_POINT ( 'NONE',  ( 0.06066215012660751416, -5.223600000000002019, -0.06066215012663156436 ) ) ;
#275 = VERTEX_POINT ( 'NONE', #3000 ) ;
#276 = CARTESIAN_POINT ( 'NONE',  ( 0.9707172452535095530, -21.56478776178784429, 0.7233843846127905319 ) ) ;
#277 = CARTESIAN_POINT ( 'NONE',  ( -0.5948640803712460512, -22.05280094920910372, 0.8866566273373177598 ) ) ;
#278 = CARTESIAN_POINT ( 'NONE',  ( 0.000000000000000000, -23.72360000000000113, 0.000000000000000000 ) ) ;
#279 = CARTESIAN_POINT ( 'NONE',  ( 3.080723645876856320, -11.01532598141180408, 11.63754488450375746 ) ) ;
#280 = CIRCLE ( 'NONE', #956, 0.5000000000000000000 ) ;
#281 = ORIENTED_EDGE ( 'NONE', *, *, #634, .T. ) ;
#282 = CARTESIAN_POINT ( 'NONE',  ( 3.254821714694970058, -9.141491316272832179, 12.11291195443249435 ) ) ;
#283 = CARTESIAN_POINT ( 'NONE',  ( 3.461810461317610610, -5.523600000000001842, 8.499999999999998224 ) ) ;
#284 = CIRCLE ( 'NONE', #5067, 0.2999999999999999334 ) ;
#285 = CARTESIAN_POINT ( 'NONE',  ( -0.6310000000000000053, -8.851919802070680632, -3.089420301609855368 ) ) ;
#286 = CARTESIAN_POINT ( 'NONE',  ( 2.448995980084934132, -20.61166130683503184, 1.757669752653146400 ) ) ;
#287 = CARTESIAN_POINT ( 'NONE',  ( -6.016179025193712535E-16, -21.62119274992384632, 1.701940561677000030 ) ) ;
#288 = ADVANCED_FACE ( 'NONE', ( #3492 ), #2659, .F. ) ;
#289 = DIRECTION ( 'NONE',  ( 0.000000000000000000, 0.000000000000000000, -1.000000000000000000 ) ) ;
#290 = ADVANCED_FACE ( 'NONE', ( #325 ), #4515, .T. ) ;
#291 = CARTESIAN_POINT ( 'NONE',  ( -3.397140196964366421, -15.08003029587506738, 6.739122336800416058 ) ) ;
#292 = AXIS2_PLACEMENT_3D ( 'NONE', #1276, #3293, #3343 ) ;
#293 = DIRECTION ( 'NONE',  ( 0.000000000000000000, 0.000000000000000000, 1.000000000000000000 ) ) ;
#294 = DIRECTION ( 'NONE',  ( 0.3420201433256692125, 0.000000000000000000, -0.9396926207859083169 ) ) ;
#295 = ORIENTED_EDGE ( 'NONE', *, *, #93, .F. ) ;
#296 = VERTEX_POINT ( 'NONE', #5219 ) ;
#297 = ADVANCED_FACE ( 'NONE', ( #1545 ), #5034, .T. ) ;
#298 = DIRECTION ( 'NONE',  ( 0.000000000000000000, 0.000000000000000000, 1.000000000000000000 ) ) ;
#299 = CARTESIAN_POINT ( 'NONE',  ( 4.074161836859266472, -5.223600000000001131, 11.19366764997448982 ) ) ;
#300 = DIRECTION ( 'NONE',  ( 0.000000000000000000, 0.000000000000000000, -1.000000000000000000 ) ) ;
#301 = ORIENTED_EDGE ( 'NONE', *, *, #3004, .F. ) ;
#302 = CARTESIAN_POINT ( 'NONE',  ( 3.377949078537431760, -5.494148954952608577, 8.500000000000042633 ) ) ;
#303 = ORIENTED_EDGE ( 'NONE', *, *, #3475, .F. ) ;
#304 =( BOUNDED_SURFACE ( )  B_SPLINE_SURFACE ( 3, 2, ( 
 ( #3032, #2319, #3922 ),
 ( #250, #3524, #3121 ),
 ( #4752, #1917, #1104 ),
 ( #2739, #708, #3677 ),
 ( #12, #1128, #3229 ),
 ( #3606, #5248, #4480 ),
 ( #3702, #4901, #784 ),
 ( #2071, #4505, #3276 ),
 ( #2818, #1628, #2045 ),
 ( #2869, #1579, #2024 ),
 ( #4802, #431, #4854 ),
 ( #758, #1526, #3657 ) ),
 .UNSPECIFIED., .F., .F., .F. ) 
 B_SPLINE_SURFACE_WITH_KNOTS ( ( 4, 2, 2, 2, 2, 4 ),
 ( 3, 3 ),
 ( -1.539567084929416296E-16, 0.0004158717872234159608, 0.0008317435744469858783, 0.001663487148894125713, 0.002495230723341265548, 0.003326974297788405383 ),
 ( 0.000000000000000000, 1.000000000000000000 ),
 .UNSPECIFIED. ) 
 GEOMETRIC_REPRESENTATION_ITEM ( )  RATIONAL_B_SPLINE_SURFACE ( (
 ( 1.000000000000000000, 0.6614944293721447544, 1.000000000000000000),
 ( 1.000000000000000000, 0.6708799258654971620, 1.000000000000000000),
 ( 1.000000000000000000, 0.6863330081452234666, 1.000000000000000000),
 ( 1.000000000000000000, 0.7250498712020001513, 1.000000000000000000),
 ( 1.000000000000000000, 0.7482657859419583612, 1.000000000000000000),
 ( 1.000000000000000000, 0.8179043778653833918, 1.000000000000000000),
 ( 1.000000000000000000, 0.8632061816840003177, 1.000000000000000000),
 ( 1.000000000000000000, 0.9326747365881274954, 1.000000000000000000),
 ( 1.000000000000000000, 0.9581726639249154021, 1.000000000000000000),
 ( 1.000000000000000000, 0.9917903417480330441, 1.000000000000000000),
 ( 1.000000000000000000, 0.9999628452169977422, 1.000000000000000000),
 ( 1.000000000000000000, 1.000000000000000000, 1.000000000000000000) ) ) 
 REPRESENTATION_ITEM ( '' )  SURFACE ( )  );
#305 = VECTOR ( 'NONE', #2989, 1000.000000000000114 ) ;
#306 = AXIS2_PLACEMENT_3D ( 'NONE', #1294, #575, #1345 ) ;
#307 = CARTESIAN_POINT ( 'NONE',  ( 0.9846548557380597755, -20.67114161871650069, 1.555399161462603264 ) ) ;
#308 = CARTESIAN_POINT ( 'NONE',  ( -0.2596837568361249349, -22.89771495881086949, 0.8983784691512327614 ) ) ;
#309 = CARTESIAN_POINT ( 'NONE',  ( -0.2043697920358144848, -20.57521194268005260, 0.1629267148898902451 ) ) ;
#310 = CARTESIAN_POINT ( 'NONE',  ( 3.349896520258402344, -8.012824196883576278, 8.491592366260492852 ) ) ;
#311 = VERTEX_POINT ( 'NONE', #1940 ) ;
#312 =( BOUNDED_SURFACE ( )  B_SPLINE_SURFACE ( 3, 2, ( 
 ( #3685, #4837, #413 ),
 ( #765, #2824, #466 ),
 ( #4061, #1610, #3258 ),
 ( #4860, #4439, #4514 ),
 ( #4885, #1212, #1265 ),
 ( #2801, #821, #2453 ) ),
 .UNSPECIFIED., .F., .F., .F. ) 
 B_SPLINE_SURFACE_WITH_KNOTS ( ( 4, 2, 4 ),
 ( 3, 3 ),
 ( 0.000000000000000000, 0.0003176428983125719309, 0.0006352857966251438619 ),
 ( 0.000000000000000000, 1.000000000000000000 ),
 .UNSPECIFIED. ) 
 GEOMETRIC_REPRESENTATION_ITEM ( )  RATIONAL_B_SPLINE_SURFACE ( (
 ( 1.000000000000000000, 0.8859664129544486677, 1.000000000000000000),
 ( 1.000000000000000000, 0.9187879564395760035, 1.000000000000000000),
 ( 1.000000000000000000, 0.9480346952278854156, 1.000000000000000000),
 ( 1.000000000000000000, 0.9887544397637996196, 1.000000000000000000),
 ( 1.000000000000000000, 1.000133807464286928, 1.000000000000000000),
 ( 1.000000000000000000, 1.000000000000000000, 1.000000000000000000) ) ) 
 REPRESENTATION_ITEM ( '' )  SURFACE ( )  );
#313 = FACE_OUTER_BOUND ( 'NONE', #2498, .T. ) ;
#314 = CARTESIAN_POINT ( 'NONE',  ( -1.739576869458931354E-17, -29.61166130683500697, -3.921601983822704400E-14 ) ) ;
#315 = CARTESIAN_POINT ( 'NONE',  ( 0.7593961210413818774, -19.78142107784920611, 2.071094289225278384 ) ) ;
#316 = CARTESIAN_POINT ( 'NONE',  ( -1.109567248682968632, -21.16060833433337152, 0.3837745045681389411 ) ) ;
#317 = CARTESIAN_POINT ( 'NONE',  ( -1.844082822706347269, -16.98008786888958355, 8.271493353614410182 ) ) ;
#318 = CYLINDRICAL_SURFACE ( 'NONE', #5079, 1.792363797108476042 ) ;
#319 = DIRECTION ( 'NONE',  ( -1.000000000000000000, 0.000000000000000000, 0.000000000000000000 ) ) ;
#320 = CARTESIAN_POINT ( 'NONE',  ( -6.776263578034402713E-18, -10.22360000000000291, 10.53529359296444490 ) ) ;
#321 = EDGE_LOOP ( 'NONE', ( #1446, #2635, #3241, #2764 ) ) ;
#322 = CARTESIAN_POINT ( 'NONE',  ( -4.303397968449046060E-16, -18.67766845861117986, 5.591869912673988807 ) ) ;
#323 = CARTESIAN_POINT ( 'NONE',  ( -3.335556195759517895, -5.775279348949639235, 9.272410165360927436 ) ) ;
#324 = EDGE_CURVE ( 'NONE', #1942, #4970, #1224, .T. ) ;
#325 = FACE_OUTER_BOUND ( 'NONE', #2377, .T. ) ;
#326 = ADVANCED_FACE ( 'NONE', ( #5194 ), #5213, .T. ) ;
#327 = VERTEX_POINT ( 'NONE', #803 ) ;
#328 = CARTESIAN_POINT ( 'NONE',  ( -2.563039658080485506, -5.223600000000002019, 8.824412863567461685 ) ) ;
#329 = ORIENTED_EDGE ( 'NONE', *, *, #579, .F. ) ;
#330 = AXIS2_PLACEMENT_3D ( 'NONE', #314, #1058, #2699 ) ;
#331 = CARTESIAN_POINT ( 'NONE',  ( -0.2165220344382296769, -10.22360000000000291, 8.760577076464318935 ) ) ;
#332 = FACE_OUTER_BOUND ( 'NONE', #1027, .T. ) ;
#333 = CARTESIAN_POINT ( 'NONE',  ( 0.000000000000000000, -28.05532062337107746, -0.3200000000000008393 ) ) ;
#334 = CARTESIAN_POINT ( 'NONE',  ( 0.000000000000000000, -23.72360000000000113, 0.000000000000000000 ) ) ;
#335 = ORIENTED_EDGE ( 'NONE', *, *, #3332, .F. ) ;
#336 = LINE ( 'NONE', #4083, #4046 ) ;
#337 = CARTESIAN_POINT ( 'NONE',  ( -2.827661277748265256, -15.71718240654878329, 7.768935510482464224 ) ) ;
#338 = DIRECTION ( 'NONE',  ( -2.040851148208007998E-16, -0.000000000000000000, -1.000000000000000000 ) ) ;
#339 = LINE ( 'NONE', #3507, #1288 ) ;
#340 = CARTESIAN_POINT ( 'NONE',  ( -1.018963504577500734, -19.13552882439832104, 6.046682240143275600 ) ) ;
#341 = DIRECTION ( 'NONE',  ( 0.000000000000000000, 0.000000000000000000, 1.000000000000000000 ) ) ;
#342 = CARTESIAN_POINT ( 'NONE',  ( 8.673617379884035472E-16, -5.523600000000001842, -9.700000000000001066 ) ) ;
#343 = CIRCLE ( 'NONE', #2398, 0.8000000000000003775 ) ;
#344 = CARTESIAN_POINT ( 'NONE',  ( -1.540728585022696384, -19.31257003612601508, 5.770360668151909955 ) ) ;
#345 = VERTEX_POINT ( 'NONE', #4098 ) ;
#346 = CIRCLE ( 'NONE', #3339, 0.3200000000000003952 ) ;
#347 = CARTESIAN_POINT ( 'NONE',  ( -3.349885251390165575, -8.012647184795390842, 8.491621055284406694 ) ) ;
#348 = CARTESIAN_POINT ( 'NONE',  ( -2.885977304051153602, -15.00555694826952191, -0.6662803598157099882 ) ) ;
#349 = CARTESIAN_POINT ( 'NONE',  ( -3.661669363746013151, -5.931174333216425509, 8.500000000000000000 ) ) ;
#350 = EDGE_CURVE ( 'NONE', #3463, #3321, #4112, .T. ) ;
#351 = EDGE_LOOP ( 'NONE', ( #1381, #2433, #4099, #2020, #1228 ) ) ;
#352 = CARTESIAN_POINT ( 'NONE',  ( -1.739576869458931354E-17, -21.18017553209466897, -3.921601983822704400E-14 ) ) ;
#353 = ORIENTED_EDGE ( 'NONE', *, *, #2, .F. ) ;
#354 = EDGE_CURVE ( 'NONE', #704, #462, #1945, .T. ) ;
#355 = AXIS2_PLACEMENT_3D ( 'NONE', #3798, #1723, #3365 ) ;
#356 = CARTESIAN_POINT ( 'NONE',  ( -1.000000000000000222, -22.36226537227254951, 0.000000000000000000 ) ) ;
#357 = CARTESIAN_POINT ( 'NONE',  ( -1.174473318049009229, -18.25779619045244218, 1.050325916841194029 ) ) ;
#358 = DIRECTION ( 'NONE',  ( 0.000000000000000000, 0.000000000000000000, 1.000000000000000000 ) ) ;
#359 = ORIENTED_EDGE ( 'NONE', *, *, #3719, .F. ) ;
#360 = ADVANCED_FACE ( 'NONE', ( #3344 ), #423, .F. ) ;
#361 = CYLINDRICAL_SURFACE ( 'NONE', #4214, 0.8000000000000000444 ) ;
#362 = CARTESIAN_POINT ( 'NONE',  ( 3.828352382997216363, -10.17586445951084784, 10.51831172600003939 ) ) ;
#363 = CARTESIAN_POINT ( 'NONE',  ( -2.920839161379682469, -5.223600000000002019, 8.518928281920272738 ) ) ;
#364 = CARTESIAN_POINT ( 'NONE',  ( -2.923530743439760826, -5.411291795002000526, 8.866034415397630042 ) ) ;
#365 = AXIS2_PLACEMENT_3D ( 'NONE', #989, #3490, #2262 ) ;
#366 = CARTESIAN_POINT ( 'NONE',  ( 2.557045517094365561, -5.222817116783511793, 8.823720792502092181 ) ) ;
#367 = DIRECTION ( 'NONE',  ( 0.000000000000000000, 0.000000000000000000, 1.000000000000000000 ) ) ;
#368 = CARTESIAN_POINT ( 'NONE',  ( -3.339166327848894777, -7.292947888971538006, 8.738341612751606036 ) ) ;
#369 = EDGE_LOOP ( 'NONE', ( #1229, #536, #1400, #1258 ) ) ;
#370 = CARTESIAN_POINT ( 'NONE',  ( -0.6489487262978609339, -14.74627372688717664, 7.296305091590772562 ) ) ;
#371 = AXIS2_PLACEMENT_3D ( 'NONE', #2733, #3917, #1414 ) ;
#372 = CARTESIAN_POINT ( 'NONE',  ( -6.016179025193712535E-16, -21.62119274992384632, 1.701940561677000030 ) ) ;
#373 = CARTESIAN_POINT ( 'NONE',  ( -3.300387357855504522, -5.717859926329072806, 9.238452127660071511 ) ) ;
#374 = CARTESIAN_POINT ( 'NONE',  ( -2.872495206980970384, -17.49011197506458615, 6.084973810171792508 ) ) ;
#375 = CIRCLE ( 'NONE', #2692, 0.3000000000000000444 ) ;
#376 = VERTEX_POINT ( 'NONE', #1277 ) ;
#377 = FACE_OUTER_BOUND ( 'NONE', #2041, .T. ) ;
#378 = ORIENTED_EDGE ( 'NONE', *, *, #4863, .F. ) ;
#379 = B_SPLINE_CURVE_WITH_KNOTS ( 'NONE', 3,
 ( #3906, #1923, #1869, #5179 ),
 .UNSPECIFIED., .F., .F.,
 ( 4, 4 ),
 ( 0.000000000000000000, 4.181363196446845505E-05 ),
 .UNSPECIFIED. ) ;
#380 = DIRECTION ( 'NONE',  ( 0.000000000000000000, 0.000000000000000000, 1.000000000000000000 ) ) ;
#381 = ADVANCED_FACE ( 'NONE', ( #1649 ), #3294, .F. ) ;
#382 = DIRECTION ( 'NONE',  ( -0.3420201433256695456, 0.000000000000000000, -0.9396926207859082059 ) ) ;
#383 = DIRECTION ( 'NONE',  ( 0.5479621445413218606, 0.000000000000000000, -0.8365031309861759024 ) ) ;
#384 = VERTEX_POINT ( 'NONE', #4896 ) ;
#385 = CIRCLE ( 'NONE', #1844, 9.131956998270137404 ) ;
#386 = CIRCLE ( 'NONE', #2782, 0.5000000000000000000 ) ;
#387 = B_SPLINE_CURVE_WITH_KNOTS ( 'NONE', 3,
 ( #847, #4540, #2803, #767, #1192, #4038, #443, #3238, #3261, #1268, #469, #795, #2429, #823, #2057, #871 ),
 .UNSPECIFIED., .F., .F.,
 ( 4, 2, 2, 2, 2, 2, 2, 4 ),
 ( 0.000000000000000000, 0.001357043576171198911, 0.002714087152342397821, 0.003392608940427992940, 0.004071130728513588058, 0.004749652516599183610, 0.005088913410641980953, 0.005428174304684777428 ),
 .UNSPECIFIED. ) ;
#388 = B_SPLINE_CURVE_WITH_KNOTS ( 'NONE', 3,
 ( #955, #3828, #1784, #135 ),
 .UNSPECIFIED., .F., .F.,
 ( 4, 4 ),
 ( 0.001452552116795978237, 0.002031893048466375772 ),
 .UNSPECIFIED. ) ;
#389 = DIRECTION ( 'NONE',  ( 0.000000000000000000, 0.9454808424004145229, 0.3256777190011662104 ) ) ;
#390 = CARTESIAN_POINT ( 'NONE',  ( 0.000000000000000000, -5.223599999999998467, 25.41077016679313516 ) ) ;
#391 = CIRCLE ( 'NONE', #50, 1.599912042076042429 ) ;
#392 = EDGE_CURVE ( 'NONE', #4823, #5246, #77, .T. ) ;
#393 = DIRECTION ( 'NONE',  ( -0.000000000000000000, 1.000000000000000000, -0.000000000000000000 ) ) ;
#394 = CARTESIAN_POINT ( 'NONE',  ( -2.179342245278031776, -17.58725615701966660, 5.987693608164913250 ) ) ;
#395 = CARTESIAN_POINT ( 'NONE',  ( 2.901524475848561657, -5.439142953667124303, 8.708728344747708405 ) ) ;
#396 = CARTESIAN_POINT ( 'NONE',  ( -3.610344617159354730, -7.923600000000001309, 8.500000000000000000 ) ) ;
#397 = CARTESIAN_POINT ( 'NONE',  ( -0.7607445856197581069, -5.573451967497732973, -3.284534556778631487 ) ) ;
#398 = ORIENTED_EDGE ( 'NONE', *, *, #4928, .T. ) ;
#399 = CARTESIAN_POINT ( 'NONE',  ( -1.000000000000000222, -22.36226537227254951, 0.000000000000000000 ) ) ;
#400 = CARTESIAN_POINT ( 'NONE',  ( -3.623404558135457254, -8.127747638291154431, 8.423873978818107844 ) ) ;
#401 = DIRECTION ( 'NONE',  ( 0.2249510543438620891, 0.000000000000000000, -0.9743700647852359120 ) ) ;
#402 = DIRECTION ( 'NONE',  ( 0.000000000000000000, 0.000000000000000000, 1.000000000000000000 ) ) ;
#403 = ORIENTED_EDGE ( 'NONE', *, *, #4971, .T. ) ;
#404 = CARTESIAN_POINT ( 'NONE',  ( 2.969875268067401652, -5.352638109070446681, 8.593785381420547154 ) ) ;
#405 = VERTEX_POINT ( 'NONE', #3247 ) ;
#406 = CARTESIAN_POINT ( 'NONE',  ( 0.000000000000000000, -13.46581578397376511, 0.000000000000000000 ) ) ;
#407 = CARTESIAN_POINT ( 'NONE',  ( -0.9379331117242171167, -21.63602164102632841, 0.7850760738627413637 ) ) ;
#408 = DIRECTION ( 'NONE',  ( 0.2622150509200184554, 0.000000000000000000, 0.9650094647572178275 ) ) ;
#409 = CYLINDRICAL_SURFACE ( 'NONE', #2868, 0.3200000000000003952 ) ;
#410 = ORIENTED_EDGE ( 'NONE', *, *, #2532, .T. ) ;
#411 = CARTESIAN_POINT ( 'NONE',  ( 3.087722476084829637, -5.539689873351620442, 8.533034301987004966 ) ) ;
#412 = CARTESIAN_POINT ( 'NONE',  ( 3.623871472038107111, -11.74242212584603173, 9.956505040430378983 ) ) ;
#413 = CARTESIAN_POINT ( 'NONE',  ( 2.969875268067773355, -5.352638109069977723, 8.593785381419918323 ) ) ;
#414 = CARTESIAN_POINT ( 'NONE',  ( 3.677861117362378973, -5.223600000000002019, 1.430999999999975625 ) ) ;
#415 = EDGE_CURVE ( 'NONE', #636, #1309, #1974, .T. ) ;
#416 = DIRECTION ( 'NONE',  ( 0.000000000000000000, 0.000000000000000000, 1.000000000000000000 ) ) ;
#417 = EDGE_CURVE ( 'NONE', #4782, #3812, #1987, .T. ) ;
#418 = EDGE_CURVE ( 'NONE', #2624, #4923, #597, .T. ) ;
#419 = DIRECTION ( 'NONE',  ( -0.8993568816253251219, -0.01381449973490863140, -0.4369969783307949274 ) ) ;
#420 = DIRECTION ( 'NONE',  ( 0.000000000000000000, 1.000000000000000000, 0.000000000000000000 ) ) ;
#421 = ORIENTED_EDGE ( 'NONE', *, *, #2413, .T. ) ;
#422 = CARTESIAN_POINT ( 'NONE',  ( 0.02759575049615507064, -20.81035036234944613, 0.000000000000000000 ) ) ;
#423 = CONICAL_SURFACE ( 'NONE', #5, 1.599912042076042429, 0.01489050658061445882 ) ;
#424 = DIRECTION ( 'NONE',  ( 0.000000000000000000, 0.000000000000000000, 1.000000000000000000 ) ) ;
#425 = PLANE ( 'NONE',  #4053 ) ;
#426 = DIRECTION ( 'NONE',  ( -1.000000000000000000, 0.000000000000000000, 6.242469211744370837E-16 ) ) ;
#427 = VERTEX_POINT ( 'NONE', #1302 ) ;
#428 = CARTESIAN_POINT ( 'NONE',  ( 3.958890709244196060, -6.055425215398534178, 12.11724184520423186 ) ) ;
#429 = AXIS2_PLACEMENT_3D ( 'NONE', #4709, #1068, #4627 ) ;
#430 = VERTEX_POINT ( 'NONE', #2888 ) ;
#431 = CARTESIAN_POINT ( 'NONE',  ( -0.9019258628638359143, -19.50372216748770526, 2.718174575637641865 ) ) ;
#432 = CARTESIAN_POINT ( 'NONE',  ( -0.9503566215708946219, -21.76579953577871152, 0.5602054919051790982 ) ) ;
#433 = CARTESIAN_POINT ( 'NONE',  ( 0.000000000000000000, -28.05532062337107746, 0.000000000000000000 ) ) ;
#434 = DIRECTION ( 'NONE',  ( -0.000000000000000000, -1.000000000000000000, 0.000000000000000000 ) ) ;
#435 = EDGE_LOOP ( 'NONE', ( #1464, #2472, #3436, #2314 ) ) ;
#436 = CARTESIAN_POINT ( 'NONE',  ( 1.192126185742407696, -9.091427416814234164, -2.914905744818404365 ) ) ;
#437 = ORIENTED_EDGE ( 'NONE', *, *, #3101, .F. ) ;
#438 = VECTOR ( 'NONE', #21, 1000.000000000000000 ) ;
#439 = CARTESIAN_POINT ( 'NONE',  ( 3.348240336999662059, -5.893452506905227928, 8.731797768915026126 ) ) ;
#440 = CARTESIAN_POINT ( 'NONE',  ( 0.000000000000000000, -20.61166130683500342, -0.2549999999999996714 ) ) ;
#441 = DIRECTION ( 'NONE',  ( -0.000000000000000000, -1.000000000000000000, -0.000000000000000000 ) ) ;
#442 = DIRECTION ( 'NONE',  ( 0.000000000000000000, 0.6948380447844797470, 0.7191662474839051189 ) ) ;
#443 = CARTESIAN_POINT ( 'NONE',  ( 2.632982913380295553, -18.04643958537055326, 5.955147576970007961 ) ) ;
#444 = EDGE_CURVE ( 'NONE', #2583, #3918, #2018, .T. ) ;
#445 = CARTESIAN_POINT ( 'NONE',  ( 3.310614347874471175, -5.731073593183701576, 9.248315908723196088 ) ) ;
#446 = FACE_OUTER_BOUND ( 'NONE', #2551, .T. ) ;
#447 = VECTOR ( 'NONE', #2652, 1000.000000000000000 ) ;
#448 = CARTESIAN_POINT ( 'NONE',  ( -0.4967235089307900919, -10.22360000000000291, 10.53529359296444490 ) ) ;
#449 = DIRECTION ( 'NONE',  ( -0.000000000000000000, -1.000000000000000000, -0.000000000000000000 ) ) ;
#450 = DIRECTION ( 'NONE',  ( 1.000000000000000000, 0.000000000000000000, -2.040851148208014408E-16 ) ) ;
#451 = AXIS2_PLACEMENT_3D ( 'NONE', #3631, #1629, #3658 ) ;
#452 = LINE ( 'NONE', #1599, #3602 ) ;
#453 = VERTEX_POINT ( 'NONE', #3749 ) ;
#454 = CARTESIAN_POINT ( 'NONE',  ( -3.812738248043460398, -9.607704960721777709, 7.850109400878587884 ) ) ;
#455 = ORIENTED_EDGE ( 'NONE', *, *, #654, .T. ) ;
#456 = CARTESIAN_POINT ( 'NONE',  ( -0.4967235089307900919, -10.22360000000000291, 10.53529359296444490 ) ) ;
#457 = CARTESIAN_POINT ( 'NONE',  ( 3.655480202587140681, -6.061551243594294647, 12.39952322765737236 ) ) ;
#458 = DIRECTION ( 'NONE',  ( 0.000000000000000000, 0.000000000000000000, 1.000000000000000000 ) ) ;
#459 = AXIS2_PLACEMENT_3D ( 'NONE', #1765, #3433, #2099 ) ;
#460 = ORIENTED_EDGE ( 'NONE', *, *, #1320, .F. ) ;
#461 = CARTESIAN_POINT ( 'NONE',  ( 0.6309999999999998943, -8.851919802070733923, -3.089420301609853592 ) ) ;
#462 = VERTEX_POINT ( 'NONE', #2942 ) ;
#463 = B_SPLINE_CURVE_WITH_KNOTS ( 'NONE', 3,
 ( #2058, #1347, #2140, #1722 ),
 .UNSPECIFIED., .F., .F.,
 ( 4, 4 ),
 ( -2.949029909160572061E-17, 0.001861591386454211627 ),
 .UNSPECIFIED. ) ;
#464 = CARTESIAN_POINT ( 'NONE',  ( 0.6671151808347302037, -20.59600754862596261, 0.1649429704033171240 ) ) ;
#465 = CARTESIAN_POINT ( 'NONE',  ( 1.241381558874951940, -5.223600000000002908, 3.648675259615930866 ) ) ;
#466 = CARTESIAN_POINT ( 'NONE',  ( 2.881331469271599222, -5.317868466330029520, 8.622961421454022002 ) ) ;
#467 = VECTOR ( 'NONE', #2349, 1000.000000000000000 ) ;
#468 = CARTESIAN_POINT ( 'NONE',  ( -3.434094290521766180, -5.912659632097307494, 8.500000000000000000 ) ) ;
#469 = CARTESIAN_POINT ( 'NONE',  ( 1.831403272718705066, -19.12999827587185919, 5.772644293605496024 ) ) ;
#470 = CIRCLE ( 'NONE', #1744, 2.227767388195792453 ) ;
#471 = CARTESIAN_POINT ( 'NONE',  ( 3.397140196966238257, -15.08003029585758448, 6.739122336805332125 ) ) ;
#472 = DIRECTION ( 'NONE',  ( 0.03027765257158835516, 0.9995170841968334940, -0.006990146880730761791 ) ) ;
#473 = CARTESIAN_POINT ( 'NONE',  ( -0.6309999999999992282, -8.515495766360675844, 3.100094794110743290 ) ) ;
#474 = CARTESIAN_POINT ( 'NONE',  ( 0.08226810138923414117, -20.81259078729983258, 0.000000000000000000 ) ) ;
#475 = DIRECTION ( 'NONE',  ( 0.000000000000000000, 0.000000000000000000, 1.000000000000000000 ) ) ;
#476 = ADVANCED_FACE ( 'NONE', ( #4572 ), #4871, .T. ) ;
#477 = DIRECTION ( 'NONE',  ( 0.000000000000000000, 0.000000000000000000, 1.000000000000000000 ) ) ;
#478 = CARTESIAN_POINT ( 'NONE',  ( 1.172055388901354522, -21.18017553209437409, -0.08751034955856303033 ) ) ;
#479 = ORIENTED_EDGE ( 'NONE', *, *, #4319, .T. ) ;
#480 = FACE_OUTER_BOUND ( 'NONE', #2520, .T. ) ;
#481 = ORIENTED_EDGE ( 'NONE', *, *, #1963, .F. ) ;
#482 = EDGE_CURVE ( 'NONE', #3282, #3323, #452, .T. ) ;
#483 = ADVANCED_FACE ( 'NONE', ( #830 ), #1695, .F. ) ;
#484 = CARTESIAN_POINT ( 'NONE',  ( 0.6721254665227845981, -18.56123144761066968, 4.144531255609582132 ) ) ;
#485 = EDGE_CURVE ( 'NONE', #4550, #4375, #3879, .T. ) ;
#486 = ADVANCED_FACE ( 'NONE', ( #2205 ), #3802, .T. ) ;
#487 = CARTESIAN_POINT ( 'NONE',  ( 3.529431143074115873, -6.062208752429101288, 12.46390024513065242 ) ) ;
#488 = CARTESIAN_POINT ( 'NONE',  ( 0.1611584434676185396, -20.61166130683496078, -0.2060397075616806906 ) ) ;
#489 = VERTEX_POINT ( 'NONE', #4597 ) ;
#490 = CARTESIAN_POINT ( 'NONE',  ( 3.395905599118100415, -6.066457142857145435, 9.330173952176400221 ) ) ;
#491 = VERTEX_POINT ( 'NONE', #3073 ) ;
#492 = CARTESIAN_POINT ( 'NONE',  ( 1.135359819055963504, -20.58784045929185424, 0.4922607657293844308 ) ) ;
#493 = CARTESIAN_POINT ( 'NONE',  ( 0.9853394533443011749, -20.73007619438786264, 1.495121695242522808 ) ) ;
#494 = CARTESIAN_POINT ( 'NONE',  ( -3.655921818073596175, -6.061544850672423657, 12.39918311450160537 ) ) ;
#495 = CARTESIAN_POINT ( 'NONE',  ( 3.410348764341891048, -8.419933885823436270, 8.369935707164517069 ) ) ;
#496 = CARTESIAN_POINT ( 'NONE',  ( 0.000000000000000000, -15.80840806009312516, 1.599912042076042429 ) ) ;
#497 = CARTESIAN_POINT ( 'NONE',  ( 2.596247357348191898, -15.10903890791584736, 7.133130989633601260 ) ) ;
#498 = CARTESIAN_POINT ( 'NONE',  ( 2.923530743441506541, -5.411291795013391415, 8.866034415386561562 ) ) ;
#499 = DIRECTION ( 'NONE',  ( -9.423982899561738482E-16, 0.000000000000000000, 1.000000000000000000 ) ) ;
#500 =( BOUNDED_CURVE ( )  B_SPLINE_CURVE ( 3, ( #2682, #3572, #3053, #3491 ),
 .UNSPECIFIED., .F., .F. ) 
 B_SPLINE_CURVE_WITH_KNOTS ( ( 4, 4 ),
 ( 0.000000000000000000, 1.570796326794896558 ),
 .UNSPECIFIED. ) 
 CURVE ( )  GEOMETRIC_REPRESENTATION_ITEM ( )  RATIONAL_B_SPLINE_CURVE ( ( 1.000000000000000000, 0.8047378541243649375, 0.8047378541243649375, 1.000000000000000000 ) ) 
 REPRESENTATION_ITEM ( '' )  );
#501 = CARTESIAN_POINT ( 'NONE',  ( -3.862559410143012517, -8.494970085560252571, 7.944084670649826485 ) ) ;
#502 = PLANE ( 'NONE',  #2422 ) ;
#503 = DIRECTION ( 'NONE',  ( 0.000000000000000000, 0.000000000000000000, -1.000000000000000000 ) ) ;
#504 = DIRECTION ( 'NONE',  ( 1.000000000000000000, 0.000000000000000000, -6.242469211744363934E-16 ) ) ;
#505 = ORIENTED_EDGE ( 'NONE', *, *, #870, .F. ) ;
#506 = CARTESIAN_POINT ( 'NONE',  ( 3.396081006805141911, -6.023600000000001842, 9.330655880835744043 ) ) ;
#507 = EDGE_LOOP ( 'NONE', ( #4951, #3167, #197 ) ) ;
#508 = CARTESIAN_POINT ( 'NONE',  ( 0.02759575049615507064, -20.81035036234944613, 0.000000000000000000 ) ) ;
#509 = CARTESIAN_POINT ( 'NONE',  ( 3.281685700045364751, -5.223600000000002019, 11.67411939349811512 ) ) ;
#510 = EDGE_CURVE ( 'NONE', #430, #3166, #388, .T. ) ;
#511 = VERTEX_POINT ( 'NONE', #2593 ) ;
#512 = CARTESIAN_POINT ( 'NONE',  ( 0.6309999999999998943, -8.515495766360171359, -3.100094794110758833 ) ) ;
#513 = ORIENTED_EDGE ( 'NONE', *, *, #4704, .F. ) ;
#514 = EDGE_CURVE ( 'NONE', #2449, #275, #2651, .T. ) ;
#515 = CARTESIAN_POINT ( 'NONE',  ( 0.000000000000000000, -13.46581578397376511, 1.792363797108476042 ) ) ;
#516 = CARTESIAN_POINT ( 'NONE',  ( 0.9376192393923807877, -19.71194068039982739, 2.571989309730631224 ) ) ;
#517 = CARTESIAN_POINT ( 'NONE',  ( 8.673617379884035472E-16, -5.523600000000001842, 1.328125000000000222 ) ) ;
#518 = ORIENTED_EDGE ( 'NONE', *, *, #930, .F. ) ;
#519 = EDGE_CURVE ( 'NONE', #4768, #4823, #1336, .T. ) ;
#520 = CARTESIAN_POINT ( 'NONE',  ( 2.177823153664523836, -17.59091054712911628, 5.983519938258641702 ) ) ;
#521 = CARTESIAN_POINT ( 'NONE',  ( 3.080217725646518190, -16.84120851230200344, 6.251335448821410345 ) ) ;
#522 = LINE ( 'NONE', #4937, #1566 ) ;
#523 = CARTESIAN_POINT ( 'NONE',  ( 0.6350266604097609680, -5.881647329906632748, -3.182814594191729629 ) ) ;
#524 = DIRECTION ( 'NONE',  ( 0.000000000000000000, 0.9998891384553271200, 0.01488995631502733168 ) ) ;
#525 = EDGE_CURVE ( 'NONE', #1816, #3758, #3422, .T. ) ;
#526 = CARTESIAN_POINT ( 'NONE',  ( 10.94999999999999929, -5.523600000000001842, -2.234732007287768768E-15 ) ) ;
#527 = CARTESIAN_POINT ( 'NONE',  ( 8.932973442006028962E-16, -6.023600000000001842, 1.430999999999974959 ) ) ;
#528 = AXIS2_PLACEMENT_3D ( 'NONE', #762, #2399, #1608 ) ;
#529 = CARTESIAN_POINT ( 'NONE',  ( -3.254446341547765797, -9.146064106385832559, 12.11188686022530625 ) ) ;
#530 = ORIENTED_EDGE ( 'NONE', *, *, #4317, .F. ) ;
#531 = CARTESIAN_POINT ( 'NONE',  ( 4.074161836859261143, -6.023600000000001842, 11.19366764997448094 ) ) ;
#532 = VERTEX_POINT ( 'NONE', #1036 ) ;
#533 = CARTESIAN_POINT ( 'NONE',  ( -0.8999999999999996891, -10.22360000000000291, 10.13201710189523297 ) ) ;
#534 = CARTESIAN_POINT ( 'NONE',  ( 3.324754572179560608, -5.223600000000002019, 11.60339059463952438 ) ) ;
#535 = CARTESIAN_POINT ( 'NONE',  ( -0.9944469889588878342, -19.45565425971205187, 5.822786072786756861 ) ) ;
#536 = ORIENTED_EDGE ( 'NONE', *, *, #3070, .F. ) ;
#537 = CARTESIAN_POINT ( 'NONE',  ( 0.6309999999999998943, -6.798161590276558641, -3.154564618061149073 ) ) ;
#538 = ORIENTED_EDGE ( 'NONE', *, *, #5039, .T. ) ;
#539 = CARTESIAN_POINT ( 'NONE',  ( 1.038895310898034552, -20.52891163135482344, 0.7805123869024658267 ) ) ;
#540 = AXIS2_PLACEMENT_3D ( 'NONE', #342, #319, #293 ) ;
#541 = CARTESIAN_POINT ( 'NONE',  ( 0.9419277798675839142, -22.08426854517158233, 0.4561064481849904650 ) ) ;
#542 = CARTESIAN_POINT ( 'NONE',  ( -3.100094794110754393, -8.515495766360475116, 0.6309999999999769127 ) ) ;
#543 = CARTESIAN_POINT ( 'NONE',  ( 3.827987363234214069, -8.220131914563760134, 8.256570888084219462 ) ) ;
#544 = VERTEX_POINT ( 'NONE', #3397 ) ;
#545 = B_SPLINE_CURVE_WITH_KNOTS ( 'NONE', 3,
 ( #2628, #196, #4294, #2268 ),
 .UNSPECIFIED., .F., .F.,
 ( 4, 4 ),
 ( 0.002456867485235597528, 0.009201899409043605774 ),
 .UNSPECIFIED. ) ;
#546 = CARTESIAN_POINT ( 'NONE',  ( 2.261971136330699128, -18.84249949810808999, 6.214714620526633482 ) ) ;
#547 = ADVANCED_FACE ( 'NONE', ( #2147 ), #3372, .T. ) ;
#548 = CARTESIAN_POINT ( 'NONE',  ( -3.373779827089002037, -6.033215767756942682, 8.715564450502848004 ) ) ;
#549 = EDGE_CURVE ( 'NONE', #931, #3250, #611, .T. ) ;
#550 = CARTESIAN_POINT ( 'NONE',  ( -1.188048110955643777, -20.61166130683380970, 1.481986433630842370 ) ) ;
#551 = DIRECTION ( 'NONE',  ( 2.040851148208007998E-16, 0.000000000000000000, 1.000000000000000000 ) ) ;
#552 = CIRCLE ( 'NONE', #2023, 1.171355532172413394 ) ;
#553 = CIRCLE ( 'NONE', #3642, 0.5000000000000001110 ) ;
#554 = CARTESIAN_POINT ( 'NONE',  ( -3.993146626967053248, -8.223549740791643359, 8.206330527947859110 ) ) ;
#555 = CARTESIAN_POINT ( 'NONE',  ( -1.430999999999999162, -5.223600000000002019, 3.779696404344232263 ) ) ;
#556 = CARTESIAN_POINT ( 'NONE',  ( -0.8167189195237964938, -5.500805454634723368, -3.235907786353448667 ) ) ;
#557 = VECTOR ( 'NONE', #2527, 1000.000000000000341 ) ;
#558 = CARTESIAN_POINT ( 'NONE',  ( -2.505361282319712668, -14.43854574808263891, 10.06872381198024513 ) ) ;
#559 = EDGE_LOOP ( 'NONE', ( #4686, #403, #55, #1702, #1602, #3139, #1355, #5271, #1473, #3756, #116, #5162, #96, #2275, #3752 ) ) ;
#560 = ORIENTED_EDGE ( 'NONE', *, *, #2715, .F. ) ;
#561 = CARTESIAN_POINT ( 'NONE',  ( 0.6953022067477084844, -20.97029500947175151, 0.000000000000000000 ) ) ;
#562 = CARTESIAN_POINT ( 'NONE',  ( 3.938998072610537223E-16, -10.22360000000000291, 0.6309999999999750253 ) ) ;
#563 = CARTESIAN_POINT ( 'NONE',  ( 0.8167023102609090035, -5.500825705633543450, 3.235894956463978289 ) ) ;
#564 = ORIENTED_EDGE ( 'NONE', *, *, #58, .T. ) ;
#565 = CARTESIAN_POINT ( 'NONE',  ( 0.6309999999999998943, -7.572722839544414164, -3.130003691552285527 ) ) ;
#566 = VERTEX_POINT ( 'NONE', #1847 ) ;
#567 = CARTESIAN_POINT ( 'NONE',  ( 1.643243917673342658E-16, -20.81035036234944613, 0.000000000000000000 ) ) ;
#568 = CARTESIAN_POINT ( 'NONE',  ( 0.9075883152340259441, -19.33754378532495366, 2.934814467912820302 ) ) ;
#569 = CARTESIAN_POINT ( 'NONE',  ( 0.9879289304011431572, -21.92789571697178985, 0.4060635779245096999 ) ) ;
#570 = DIRECTION ( 'NONE',  ( -1.000000000000000000, 0.000000000000000000, -0.000000000000000000 ) ) ;
#571 = CARTESIAN_POINT ( 'NONE',  ( -3.661669363746014039, -6.023600000000001842, 8.500000000000000000 ) ) ;
#572 = EDGE_LOOP ( 'NONE', ( #2797, #3604, #5244, #1518 ) ) ;
#573 = B_SPLINE_CURVE_WITH_KNOTS ( 'NONE', 3,
 ( #3585, #1895, #2300, #633 ),
 .UNSPECIFIED., .F., .F.,
 ( 4, 4 ),
 ( 0.000000000000000000, 0.0002759920686902083841 ),
 .UNSPECIFIED. ) ;
#574 = B_SPLINE_CURVE_WITH_KNOTS ( 'NONE', 3,
 ( #4204, #212, #5077, #1813, #556, #1010, #929, #4707 ),
 .UNSPECIFIED., .F., .F.,
 ( 4, 2, 2, 4 ),
 ( 8.741117365843378158E-19, 0.0003503373570524121491, 0.0007006747141048234309, 0.001401349428209645778 ),
 .UNSPECIFIED. ) ;
#575 = DIRECTION ( 'NONE',  ( 0.09862477730810127741, 0.9575222009911759091, 0.2709693486539419549 ) ) ;
#576 = CARTESIAN_POINT ( 'NONE',  ( 2.888709462525132832, -15.36655443236535667, 7.936664019652601709 ) ) ;
#577 = CARTESIAN_POINT ( 'NONE',  ( 0.8092568212900782543, -20.61166130683501052, -0.05097104226519294512 ) ) ;
#578 = CARTESIAN_POINT ( 'NONE',  ( -4.141216982270743863, -6.034268300656904671, 11.46266284811734160 ) ) ;
#579 = EDGE_CURVE ( 'NONE', #2158, #4923, #574, .T. ) ;
#580 = ADVANCED_FACE ( 'NONE', ( #2676 ), #1531, .T. ) ;
#581 = LINE ( 'NONE', #1725, #3722 ) ;
#582 = CARTESIAN_POINT ( 'NONE',  ( 3.434094284174943112, -5.912461876024488028, 8.499999999999998224 ) ) ;
#583 = CARTESIAN_POINT ( 'NONE',  ( 5.601338295965375025, -1.980173226765839178, 1.293170840271852917 ) ) ;
#584 = CARTESIAN_POINT ( 'NONE',  ( -3.633621767166348882, -11.77588493908542588, 9.983293756128322372 ) ) ;
#585 = ORIENTED_EDGE ( 'NONE', *, *, #3162, .F. ) ;
#586 = APPLICATION_PROTOCOL_DEFINITION ( 'draft international standard', 'automotive_design', 1998, #4094 ) ;
#587 = VERTEX_POINT ( 'NONE', #1728 ) ;
#588 = CARTESIAN_POINT ( 'NONE',  ( -3.179114782977808140, -6.023600000000002730, 0.6309999999999769127 ) ) ;
#589 = CARTESIAN_POINT ( 'NONE',  ( -6.776263578034402713E-18, -6.023600000000001842, 9.635293592964444542 ) ) ;
#590 = CARTESIAN_POINT ( 'NONE',  ( -2.747444821920224101, -13.62695591139326190, 7.548542609423323668 ) ) ;
#591 = EDGE_LOOP ( 'NONE', ( #1444, #2918, #4635, #530 ) ) ;
#592 = CARTESIAN_POINT ( 'NONE',  ( -3.244729748976111328, -5.728495092924682730, 8.771737509835853430 ) ) ;
#593 = ORIENTED_EDGE ( 'NONE', *, *, #2570, .T. ) ;
#594 = CARTESIAN_POINT ( 'NONE',  ( -0.9075883152340189497, -19.33754378532492879, 2.934814467912828295 ) ) ;
#595 = CARTESIAN_POINT ( 'NONE',  ( 0.9918071249298522352, -21.06760512618050640, 1.137368922367377744 ) ) ;
#596 = CARTESIAN_POINT ( 'NONE',  ( 1.174413937555192300, -18.25669673084679800, 1.050620440652284993 ) ) ;
#597 = CIRCLE ( 'NONE', #2988, 4.025122630638385601 ) ;
#598 = CARTESIAN_POINT ( 'NONE',  ( -0.8730146574444991314, -21.65025379601716082, 0.9663752009534497533 ) ) ;
#599 = CARTESIAN_POINT ( 'NONE',  ( 0.06066215012663156436, -6.023600000000001842, 0.06066215012660750028 ) ) ;
#600 = ORIENTED_EDGE ( 'NONE', *, *, #1497, .F. ) ;
#601 = VECTOR ( 'NONE', #1252, 1000.000000000000000 ) ;
#602 = LINE ( 'NONE', #4172, #4914 ) ;
#603 = CARTESIAN_POINT ( 'NONE',  ( 0.1000931355105576515, -22.94198926555779749, 0.9276379657099907972 ) ) ;
#604 = B_SPLINE_CURVE_WITH_KNOTS ( 'NONE', 3,
 ( #4620, #607, #2255, #1375, #3394, #4567 ),
 .UNSPECIFIED., .F., .F.,
 ( 4, 2, 4 ),
 ( -6.269368811516100673E-06, 0.0003259962447241998898, 0.0006582618582599158736 ),
 .UNSPECIFIED. ) ;
#605 = ORIENTED_EDGE ( 'NONE', *, *, #841, .T. ) ;
#606 = CARTESIAN_POINT ( 'NONE',  ( 0.1283503599249304628, -20.28362588583892645, 0.8731722489028705958 ) ) ;
#607 = CARTESIAN_POINT ( 'NONE',  ( -2.456801023159880248, -5.223599999999998467, 8.765378718916322143 ) ) ;
#608 = CARTESIAN_POINT ( 'NONE',  ( 0.000000000000000000, -15.80840806009312516, 1.599912042076042429 ) ) ;
#609 = EDGE_CURVE ( 'NONE', #491, #3206, #1024, .T. ) ;
#610 = CARTESIAN_POINT ( 'NONE',  ( -1.857469566535905559, -16.93687851202688321, 8.307795118094093212 ) ) ;
#611 = LINE ( 'NONE', #583, #1111 ) ;
#612 = EDGE_CURVE ( 'NONE', #4375, #2351, #343, .T. ) ;
#613 = EDGE_LOOP ( 'NONE', ( #114, #5273, #1795, #410 ) ) ;
#614 = CARTESIAN_POINT ( 'NONE',  ( 3.089420301609830055, -8.851919802071630983, 0.6309999999999758025 ) ) ;
#615 = ORIENTED_EDGE ( 'NONE', *, *, #354, .F. ) ;
#616 = B_SPLINE_CURVE_WITH_KNOTS ( 'NONE', 3,
 ( #3501, #230, #4330, #660 ),
 .UNSPECIFIED., .F., .F.,
 ( 4, 4 ),
 ( 1.477544938064655042E-14, 0.0002759680376251066143 ),
 .UNSPECIFIED. ) ;
#617 = CARTESIAN_POINT ( 'NONE',  ( -3.610344617159350733, -7.923600000000001309, 8.500000000000000000 ) ) ;
#618 = DIRECTION ( 'NONE',  ( 0.000000000000000000, 0.000000000000000000, -1.000000000000000000 ) ) ;
#619 = EDGE_CURVE ( 'NONE', #4313, #3918, #3201, .T. ) ;
#620 = CARTESIAN_POINT ( 'NONE',  ( 0.6310000000000027809, -5.904888436756229986, 3.089420301609814956 ) ) ;
#621 = EDGE_CURVE ( 'NONE', #345, #2517, #85, .T. ) ;
#622 = ORIENTED_EDGE ( 'NONE', *, *, #874, .F. ) ;
#623 = CARTESIAN_POINT ( 'NONE',  ( 0.06066215012663156436, -6.023600000000001842, 0.06066215012660750028 ) ) ;
#624 = ORIENTED_EDGE ( 'NONE', *, *, #417, .T. ) ;
#625 = AXIS2_PLACEMENT_3D ( 'NONE', #4893, #801, #3571 ) ;
#626 = FACE_OUTER_BOUND ( 'NONE', #1146, .T. ) ;
#627 = CARTESIAN_POINT ( 'NONE',  ( 0.9748580042469634499, -21.53884950425372580, 0.7310905310569411064 ) ) ;
#628 = CARTESIAN_POINT ( 'NONE',  ( 0.6267975876724287687, -22.64486164631756537, 0.7403805250194763765 ) ) ;
#629 = CARTESIAN_POINT ( 'NONE',  ( -0.9872239150166906008, -21.39790019991522740, 0.8202857686240295765 ) ) ;
#630 = CARTESIAN_POINT ( 'NONE',  ( 3.295611828589875447, -8.582786042476143962, 12.22432162560139624 ) ) ;
#631 = EDGE_LOOP ( 'NONE', ( #1151, #3970, #1287, #751, #3628, #1000, #4273, #2279 ) ) ;
#632 = AXIS2_PLACEMENT_3D ( 'NONE', #3567, #748, #725 ) ;
#633 = CARTESIAN_POINT ( 'NONE',  ( -0.6677926086384722293, -20.61166130683504605, -0.1054815087423521119 ) ) ;
#634 = EDGE_CURVE ( 'NONE', #661, #2610, #3568, .T. ) ;
#635 = DIRECTION ( 'NONE',  ( 0.000000000000000000, 1.000000000000000000, 0.000000000000000000 ) ) ;
#636 = VERTEX_POINT ( 'NONE', #4419 ) ;
#637 = CARTESIAN_POINT ( 'NONE',  ( 0.1123563444500237790, -20.61166130683386655, 0.3552295643319225982 ) ) ;
#638 = CARTESIAN_POINT ( 'NONE',  ( -1.746425629107296595, -15.69496271135054499, 0.4031941259273196243 ) ) ;
#639 = CARTESIAN_POINT ( 'NONE',  ( 1.953523317689653593, -18.29580904007786657, 6.453477461258577463 ) ) ;
#640 = CARTESIAN_POINT ( 'NONE',  ( -3.386050898181894642, -6.698402151800340043, 12.47136639473867525 ) ) ;
#641 = CARTESIAN_POINT ( 'NONE',  ( 3.627269551427731598E-16, -15.00555694826952369, -2.961890362146194722 ) ) ;
#642 = CIRCLE ( 'NONE', #2947, 11.32812499999999822 ) ;
#643 = ORIENTED_EDGE ( 'NONE', *, *, #811, .T. ) ;
#644 = EDGE_CURVE ( 'NONE', #2449, #1618, #4660, .T. ) ;
#645 = ORIENTED_EDGE ( 'NONE', *, *, #722, .T. ) ;
#646 = B_SPLINE_CURVE_WITH_KNOTS ( 'NONE', 3,
 ( #1244, #2826, #2008, #4441 ),
 .UNSPECIFIED., .F., .F.,
 ( 4, 4 ),
 ( 0.000000000000000000, 0.001867596183721616059 ),
 .UNSPECIFIED. ) ;
#647 = CARTESIAN_POINT ( 'NONE',  ( 0.6309999999999998943, -6.015313349267703558, -3.179377433029960009 ) ) ;
#648 = AXIS2_PLACEMENT_3D ( 'NONE', #4539, #921, #869 ) ;
#649 = CARTESIAN_POINT ( 'NONE',  ( 3.461810461316713106, -5.223600000000002019, 8.199999999999999289 ) ) ;
#650 = CARTESIAN_POINT ( 'NONE',  ( 3.661669363749426420, -6.023600000000051580, 8.499999999999998224 ) ) ;
#651 = ORIENTED_EDGE ( 'NONE', *, *, #1329, .T. ) ;
#652 = CARTESIAN_POINT ( 'NONE',  ( 2.133569266516484718E-30, -27.33455287310006199, -0.3200000000000396416 ) ) ;
#653 = ORIENTED_EDGE ( 'NONE', *, *, #5217, .T. ) ;
#654 = EDGE_CURVE ( 'NONE', #4504, #5126, #2050, .T. ) ;
#655 = CARTESIAN_POINT ( 'NONE',  ( -0.07678356129661811913, -14.69370565282986973, 7.201682558287624936 ) ) ;
#656 = EDGE_CURVE ( 'NONE', #2234, #1439, #4312, .T. ) ;
#657 = FACE_OUTER_BOUND ( 'NONE', #2545, .T. ) ;
#658 = CARTESIAN_POINT ( 'NONE',  ( 0.5387606874366455134, -22.73049399649094227, 0.7924422698033527501 ) ) ;
#659 = CARTESIAN_POINT ( 'NONE',  ( -0.9779704439127254734, -21.51812452028871903, 0.7384673045568120875 ) ) ;
#660 = CARTESIAN_POINT ( 'NONE',  ( 0.6671151808346749146, -20.59600754862597327, 0.1649429704033359978 ) ) ;
#661 = VERTEX_POINT ( 'NONE', #3937 ) ;
#662 = DIRECTION ( 'NONE',  ( -0.000000000000000000, -1.000000000000000000, -0.000000000000000000 ) ) ;
#663 = CARTESIAN_POINT ( 'NONE',  ( -11.24999999999999822, -7.923600000000001309, 8.500000000000000000 ) ) ;
#664 = PLANE ( 'NONE',  #5280 ) ;
#665 = CARTESIAN_POINT ( 'NONE',  ( -0.8870593329959854945, -19.44519706335950460, 2.743706513889968335 ) ) ;
#666 = LINE ( 'NONE', #3533, #1542 ) ;
#667 = CARTESIAN_POINT ( 'NONE',  ( 11.25000000000000355, -8.002908906830752400, -4.132779628772136564E-15 ) ) ;
#668 = CARTESIAN_POINT ( 'NONE',  ( 3.993146626967029711, -8.223549740791648688, 8.206330527947674369 ) ) ;
#669 = CARTESIAN_POINT ( 'NONE',  ( -1.219536304864846432, -19.43556179821788277, 5.790180215451754542 ) ) ;
#670 = ORIENTED_EDGE ( 'NONE', *, *, #2996, .T. ) ;
#671 = ORIENTED_EDGE ( 'NONE', *, *, #3600, .F. ) ;
#672 = AXIS2_PLACEMENT_3D ( 'NONE', #1630, #2872, #3279 ) ;
#673 = CARTESIAN_POINT ( 'NONE',  ( 0.6677926086410905793, -20.61166130683497144, -0.1054815087325854522 ) ) ;
#674 = FACE_OUTER_BOUND ( 'NONE', #4921, .T. ) ;
#675 = ORIENTED_EDGE ( 'NONE', *, *, #1166, .T. ) ;
#676 = DIRECTION ( 'NONE',  ( 0.000000000000000000, 0.000000000000000000, -1.000000000000000000 ) ) ;
#677 = ORIENTED_EDGE ( 'NONE', *, *, #3084, .T. ) ;
#678 = CARTESIAN_POINT ( 'NONE',  ( 0.8167023102609081153, -5.500825705633543450, -3.235894956463989391 ) ) ;
#679 = FACE_OUTER_BOUND ( 'NONE', #2259, .T. ) ;
#680 = EDGE_CURVE ( 'NONE', #168, #491, #1876, .T. ) ;
#681 = CARTESIAN_POINT ( 'NONE',  ( -0.6755516629511064686, -22.58873791107155782, 0.7069181454669677400 ) ) ;
#682 = DIRECTION ( 'NONE',  ( -0.000000000000000000, -1.000000000000000000, -0.000000000000000000 ) ) ;
#683 = CARTESIAN_POINT ( 'NONE',  ( -3.461810461317301080, -5.523600000000001842, 8.500000000000000000 ) ) ;
#684 = ORIENTED_EDGE ( 'NONE', *, *, #3033, .T. ) ;
#685 = AXIS2_PLACEMENT_3D ( 'NONE', #2647, #2258, #4283 ) ;
#686 = CARTESIAN_POINT ( 'NONE',  ( 1.069985777979947317, -21.13340590035235067, 0.5097242575211922144 ) ) ;
#687 = B_SPLINE_CURVE_WITH_KNOTS ( 'NONE', 3,
 ( #2976, #41, #62, #4607, #3383, #2919 ),
 .UNSPECIFIED., .F., .F.,
 ( 4, 2, 4 ),
 ( 0.000000000000000000, 0.0003295829904307862436, 0.0006591659808615724873 ),
 .UNSPECIFIED. ) ;
#688 = CARTESIAN_POINT ( 'NONE',  ( -1.797485784206274140, -18.53331710839620783, 6.336927364635511317 ) ) ;
#689 = CARTESIAN_POINT ( 'NONE',  ( 0.6309999999999998943, -10.22360000000000291, 0.000000000000000000 ) ) ;
#690 = DIRECTION ( 'NONE',  ( 0.000000000000000000, 1.000000000000000000, -0.000000000000000000 ) ) ;
#691 = EDGE_CURVE ( 'NONE', #1988, #3820, #3936, .T. ) ;
#692 = CARTESIAN_POINT ( 'NONE',  ( -3.661669363746013595, -6.034635503226865261, 8.500000000000000000 ) ) ;
#693 = AXIS2_PLACEMENT_3D ( 'NONE', #4182, #4969, #3322 ) ;
#694 = CARTESIAN_POINT ( 'NONE',  ( 2.244719670687529423, -18.68546006711070362, 5.830524252440906885 ) ) ;
#695 = DIRECTION ( 'NONE',  ( 0.9396926207859080948, 0.000000000000000000, 0.3420201433256694901 ) ) ;
#696 = CARTESIAN_POINT ( 'NONE',  ( -2.727097687548020843, -17.84462305020565509, 6.000683781037877473 ) ) ;
#697 = ORIENTED_EDGE ( 'NONE', *, *, #4513, .F. ) ;
#698 = CIRCLE ( 'NONE', #4961, 0.4999999999999998890 ) ;
#699 = EDGE_LOOP ( 'NONE', ( #4663, #1767, #5023, #214, #4050 ) ) ;
#700 = EDGE_CURVE ( 'NONE', #890, #2627, #3264, .T. ) ;
#701 = CARTESIAN_POINT ( 'NONE',  ( 0.000000000000000000, -13.46581578397376511, 0.000000000000000000 ) ) ;
#702 = CARTESIAN_POINT ( 'NONE',  ( 3.610344617159377378, -7.923600000000001309, 8.499999999999998224 ) ) ;
#703 = CARTESIAN_POINT ( 'NONE',  ( -3.134051005374796528, -5.406933905417411701, 8.540834226910940075 ) ) ;
#704 = VERTEX_POINT ( 'NONE', #1145 ) ;
#705 = CARTESIAN_POINT ( 'NONE',  ( -0.6671151808346963419, -20.59600754862598393, 0.1649429704032364663 ) ) ;
#706 = ORIENTED_EDGE ( 'NONE', *, *, #2374, .T. ) ;
#707 = B_SPLINE_CURVE_WITH_KNOTS ( 'NONE', 3,
 ( #4140, #4462, #789, #4033, #4115, #5257, #1211, #4537, #3737, #1160, #2400, #2451 ),
 .UNSPECIFIED., .F., .F.,
 ( 4, 2, 2, 2, 2, 4 ),
 ( 0.000000000000000000, 0.0003268241581358750274, 0.0004902362372038107522, 0.0006536483162717464769, 0.0009804724744076160833, 0.001307296632543485798 ),
 .UNSPECIFIED. ) ;
#708 = CARTESIAN_POINT ( 'NONE',  ( -1.068952161179946181, -20.55333653509919856, 0.6769391656009184910 ) ) ;
#709 = CARTESIAN_POINT ( 'NONE',  ( 0.7279983985231580634, -21.63726948382989690, 1.262488064728403137 ) ) ;
#710 = CARTESIAN_POINT ( 'NONE',  ( -0.1611662568477899848, -20.61166130683496434, -0.2060360387662708570 ) ) ;
#711 = CARTESIAN_POINT ( 'NONE',  ( 1.044249981478541534, -19.08051392770500243, 6.114397565854504890 ) ) ;
#712 = AXIS2_PLACEMENT_3D ( 'NONE', #714, #662, #2251 ) ;
#713 = ORIENTED_EDGE ( 'NONE', *, *, #1961, .T. ) ;
#714 = CARTESIAN_POINT ( 'NONE',  ( -0.06066215012663155048, -5.223600000000002019, -0.06066215012660750028 ) ) ;
#715 = EDGE_CURVE ( 'NONE', #2943, #1471, #1984, .T. ) ;
#716 = CARTESIAN_POINT ( 'NONE',  ( -1.044249981478517109, -19.08051392770499177, 6.114397565854524430 ) ) ;
#717 = AXIS2_PLACEMENT_3D ( 'NONE', #2446, #2871, #3278 ) ;
#718 = DIRECTION ( 'NONE',  ( -0.3173306201622744793, 0.9454808424004144118, 0.07326154626561645622 ) ) ;
#719 = CARTESIAN_POINT ( 'NONE',  ( 1.375169981440078626, -20.61166130683499986, 2.812369671598019316 ) ) ;
#720 = DIRECTION ( 'NONE',  ( -0.000000000000000000, 1.000000000000000000, -0.000000000000000000 ) ) ;
#721 = CARTESIAN_POINT ( 'NONE',  ( -3.089420301609846042, -8.851919802070742804, -0.6310000000000375309 ) ) ;
#722 = EDGE_CURVE ( 'NONE', #107, #5069, #5134, .T. ) ;
#723 = CARTESIAN_POINT ( 'NONE',  ( 1.174765826857939510, -19.22424191839490959, 5.898675653322188239 ) ) ;
#724 = AXIS2_PLACEMENT_3D ( 'NONE', #1326, #4596, #2592 ) ;
#725 = DIRECTION ( 'NONE',  ( 0.000000000000000000, 0.000000000000000000, -1.000000000000000000 ) ) ;
#726 = DIRECTION ( 'NONE',  ( -0.4949183714867589345, 0.8613943639229737492, -0.1142609091799559606 ) ) ;
#727 = EDGE_LOOP ( 'NONE', ( #4526, #4026, #57, #2037, #684 ) ) ;
#728 = CARTESIAN_POINT ( 'NONE',  ( -0.9944469889587841394, -19.45565425971205542, 5.822786072786770184 ) ) ;
#729 = CARTESIAN_POINT ( 'NONE',  ( -3.089420301609846042, -10.22360000000000291, -0.6310000000000375309 ) ) ;
#730 = CARTESIAN_POINT ( 'NONE',  ( -3.302766377453816737, -5.466439985732454154, 8.509072188322223340 ) ) ;
#731 = ORIENTED_EDGE ( 'NONE', *, *, #700, .T. ) ;
#732 = CARTESIAN_POINT ( 'NONE',  ( 3.661669363746035799, -6.023600000000001842, 8.499999999999998224 ) ) ;
#733 = ORIENTED_EDGE ( 'NONE', *, *, #133, .T. ) ;
#734 = VECTOR ( 'NONE', #442, 999.9999999999998863 ) ;
#735 = FACE_OUTER_BOUND ( 'NONE', #4528, .T. ) ;
#736 = CARTESIAN_POINT ( 'NONE',  ( -0.3115536160097662766, -21.62191937098148742, 1.638721635439131852 ) ) ;
#737 = CARTESIAN_POINT ( 'NONE',  ( -0.9291770168508208805, -19.61448715148584654, 2.664521083117322053 ) ) ;
#738 = AXIS2_PLACEMENT_3D ( 'NONE', #3946, #2241, #169 ) ;
#739 = DIRECTION ( 'NONE',  ( 0.000000000000000000, 0.000000000000000000, -1.000000000000000000 ) ) ;
#740 = ORIENTED_EDGE ( 'NONE', *, *, #4576, .T. ) ;
#741 = CARTESIAN_POINT ( 'NONE',  ( 3.235562057747507936, -5.681603490063264594, 8.621546649821437924 ) ) ;
#742 = CARTESIAN_POINT ( 'NONE',  ( -2.232389812237028259, -17.74610225659738560, 6.732792550577461732 ) ) ;
#743 = CARTESIAN_POINT ( 'NONE',  ( 2.686103179118078277, -20.61166130683499986, 2.376730752566104776 ) ) ;
#744 = LINE ( 'NONE', #3590, #1986 ) ;
#745 = CARTESIAN_POINT ( 'NONE',  ( -2.430295894858960359, -18.42001213543584015, 6.677183093717813378 ) ) ;
#746 = DIRECTION ( 'NONE',  ( 0.9743700647852359120, 0.000000000000000000, -0.2249510543438620613 ) ) ;
#747 = ADVANCED_FACE ( 'NONE', ( #1064 ), #266, .F. ) ;
#748 = DIRECTION ( 'NONE',  ( -0.000000000000000000, -1.000000000000000000, -0.000000000000000000 ) ) ;
#749 = CARTESIAN_POINT ( 'NONE',  ( -1.108641999946830881, -19.45565425971205542, 5.803283229403617405 ) ) ;
#750 = EDGE_CURVE ( 'NONE', #587, #2815, #783, .T. ) ;
#751 = ORIENTED_EDGE ( 'NONE', *, *, #4036, .F. ) ;
#752 = CARTESIAN_POINT ( 'NONE',  ( -2.436405938927628245, -9.287523160191765825, 1.986441960422434150 ) ) ;
#753 = CARTESIAN_POINT ( 'NONE',  ( -2.918800284459479588, -5.408935868933790303, 8.861267896673052036 ) ) ;
#754 = CARTESIAN_POINT ( 'NONE',  ( -3.461810461316728649, -5.223600000000002019, 8.200000000000001066 ) ) ;
#755 = ORIENTED_EDGE ( 'NONE', *, *, #3861, .F. ) ;
#756 = CARTESIAN_POINT ( 'NONE',  ( 3.385211783725034174, -5.496699506905049937, 8.500000000000133227 ) ) ;
#757 = ORIENTED_EDGE ( 'NONE', *, *, #1357, .F. ) ;
#758 = CARTESIAN_POINT ( 'NONE',  ( -0.9075883152311111646, -19.33754378531659412, 2.934814467914423464 ) ) ;
#759 = CARTESIAN_POINT ( 'NONE',  ( -0.9849016047762100268, -20.71608136783881804, 1.510111441024979406 ) ) ;
#760 = LINE ( 'NONE', #2796, #4410 ) ;
#761 = ORIENTED_EDGE ( 'NONE', *, *, #4421, .T. ) ;
#762 = CARTESIAN_POINT ( 'NONE',  ( -3.828402083309084158, -15.36655443238306518, 7.594643876321634401 ) ) ;
#763 = PLANE ( 'NONE',  #4394 ) ;
#764 = CARTESIAN_POINT ( 'NONE',  ( 0.6658366752216323681, -19.93053569768370537, 1.741386919645736331 ) ) ;
#765 = CARTESIAN_POINT ( 'NONE',  ( 2.745519233975005857, -5.223600000000002019, 8.446049914585117335 ) ) ;
#766 = CARTESIAN_POINT ( 'NONE',  ( -1.692323696905448038, -17.44594791843055503, 7.860197747241772781 ) ) ;
#767 = CARTESIAN_POINT ( 'NONE',  ( 3.098353716923599510, -16.80076389583406282, 6.261113841717000916 ) ) ;
#768 = CARTESIAN_POINT ( 'NONE',  ( -1.170626367395544154, -21.17452675688578978, 0.2013504098308503132 ) ) ;
#769 = AXIS2_PLACEMENT_3D ( 'NONE', #906, #5270, #426 ) ;
#770 = CARTESIAN_POINT ( 'NONE',  ( -1.240766972637562970, -5.223600000000002908, -3.648250597373868587 ) ) ;
#771 = VERTEX_POINT ( 'NONE', #1642 ) ;
#772 = ADVANCED_FACE ( 'NONE', ( #4091 ), #1593, .T. ) ;
#773 = AXIS2_PLACEMENT_3D ( 'NONE', #268, #1788, #5081 ) ;
#774 = CARTESIAN_POINT ( 'NONE',  ( 0.6721254665227845981, -18.56123144761066968, 4.144531255609582132 ) ) ;
#775 = FACE_OUTER_BOUND ( 'NONE', #814, .T. ) ;
#776 = CARTESIAN_POINT ( 'NONE',  ( -0.8658160081806435260, -19.54718277231099677, 2.560230490071988996 ) ) ;
#777 = CARTESIAN_POINT ( 'NONE',  ( -3.661669363746013595, -6.023600000000001842, 8.500000000000000000 ) ) ;
#778 = B_SPLINE_CURVE_WITH_KNOTS ( 'NONE', 3,
 ( #132, #1756, #2203, #156, #1780, #3423, #5045, #210, #982, #2227, #3017, #184, #1405, #1007, #2645, #721 ),
 .UNSPECIFIED., .F., .F.,
 ( 4, 2, 2, 2, 2, 2, 2, 4 ),
 ( 0.001064647378661918390, 0.001537771419938822491, 0.002010895461215726591, 0.002484019502492630909, 0.002957143543769535227, 0.003903391626323343862, 0.004376515667600247746, 0.004849639708877150762 ),
 .UNSPECIFIED. ) ;
#779 = ORIENTED_EDGE ( 'NONE', *, *, #2779, .F. ) ;
#780 = DIRECTION ( 'NONE',  ( 0.000000000000000000, 1.000000000000000000, 0.000000000000000000 ) ) ;
#781 = VERTEX_POINT ( 'NONE', #4040 ) ;
#782 = ADVANCED_FACE ( 'NONE', ( #1692 ), #4291, .F. ) ;
#783 = CIRCLE ( 'NONE', #3689, 0.9999999999999991118 ) ;
#784 = CARTESIAN_POINT ( 'NONE',  ( -0.6726356960596501233, -20.22706028294311409, 1.284559106378560855 ) ) ;
#785 = CARTESIAN_POINT ( 'NONE',  ( 3.179377433029964894, -6.015313349267703558, 0.6309999999999758025 ) ) ;
#786 = CARTESIAN_POINT ( 'NONE',  ( 3.089420301609830055, -8.851919802071320120, -0.6310000000000240972 ) ) ;
#787 = ORIENTED_EDGE ( 'NONE', *, *, #5129, .T. ) ;
#788 = CARTESIAN_POINT ( 'NONE',  ( 2.985326366505746343, -5.441909176834767159, 8.928317780106123536 ) ) ;
#789 = CARTESIAN_POINT ( 'NONE',  ( -3.309114984216771305, -8.131148267487613879, 8.717813025519120629 ) ) ;
#790 = FACE_OUTER_BOUND ( 'NONE', #572, .T. ) ;
#791 = AXIS2_PLACEMENT_3D ( 'NONE', #4666, #5146, #3551 ) ;
#792 = CARTESIAN_POINT ( 'NONE',  ( -1.367935931537896943, -18.33359766116371148, 6.983845426232955234 ) ) ;
#793 = B_SPLINE_CURVE_WITH_KNOTS ( 'NONE', 3,
 ( #1331, #1762, #2890, #1279, #454, #1677 ),
 .UNSPECIFIED., .F., .F.,
 ( 4, 2, 4 ),
 ( 0.000000000000000000, 0.003369374700971363053, 0.006738749401942726105 ),
 .UNSPECIFIED. ) ;
#794 = CIRCLE ( 'NONE', #1474, 11.32812499999999822 ) ;
#795 = CARTESIAN_POINT ( 'NONE',  ( 1.540701356765502794, -19.31262084517000588, 5.770350785411130445 ) ) ;
#796 = DIRECTION ( 'NONE',  ( 0.000000000000000000, 1.000000000000000000, -0.000000000000000000 ) ) ;
#797 = CARTESIAN_POINT ( 'NONE',  ( 3.372767536383886267, -6.033242799577515747, 8.719156112495682009 ) ) ;
#798 = ORIENTED_EDGE ( 'NONE', *, *, #2233, .F. ) ;
#799 = CARTESIAN_POINT ( 'NONE',  ( 0.2165220344382302875, -10.22360000000000291, 8.760577076464320712 ) ) ;
#800 = CIRCLE ( 'NONE', #5158, 11.02812499999999929 ) ;
#801 = DIRECTION ( 'NONE',  ( 1.000000000000000000, 0.000000000000000000, -6.242469211744370837E-16 ) ) ;
#802 = CARTESIAN_POINT ( 'NONE',  ( -0.2003231077496030188, -20.26578229544341525, 0.9197865029192429098 ) ) ;
#803 = CARTESIAN_POINT ( 'NONE',  ( -0.9075883152340189497, -19.33754378532492879, 2.934814467912828295 ) ) ;
#804 = AXIS2_PLACEMENT_3D ( 'NONE', #4719, #1502, #1174 ) ;
#805 = ORIENTED_EDGE ( 'NONE', *, *, #4055, .T. ) ;
#806 = CARTESIAN_POINT ( 'NONE',  ( -0.6309999999999992282, -6.023600000000002730, 3.179114782977803699 ) ) ;
#807 = VERTEX_POINT ( 'NONE', #3265 ) ;
#808 = CARTESIAN_POINT ( 'NONE',  ( 0.000000000000000000, -18.45460168286246372, 4.096547861472892293 ) ) ;
#809 = CARTESIAN_POINT ( 'NONE',  ( -1.179339945397304135, -20.25065244413724486, 0.5496041554619802705 ) ) ;
#810 = CARTESIAN_POINT ( 'NONE',  ( 3.661429804399131349, -6.056705642941200729, 8.499999999999998224 ) ) ;
#811 = EDGE_CURVE ( 'NONE', #4259, #1309, #4222, .T. ) ;
#812 = ADVANCED_FACE ( 'NONE', ( #4963 ), #4068, .F. ) ;
#813 = CARTESIAN_POINT ( 'NONE',  ( 3.184868220231988456, -5.587423875816960539, 0.7512100183545474819 ) ) ;
#814 = EDGE_LOOP ( 'NONE', ( #2101, #670, #1763 ) ) ;
#815 = AXIS2_PLACEMENT_3D ( 'NONE', #1802, #4588, #5011 ) ;
#816 = ADVANCED_FACE ( 'NONE', ( #446 ), #5265, .T. ) ;
#817 = AXIS2_PLACEMENT_3D ( 'NONE', #1001, #4564, #2637 ) ;
#818 = CARTESIAN_POINT ( 'NONE',  ( 3.245296423011966525, -5.729193812910063244, 8.771545125084525552 ) ) ;
#819 = CARTESIAN_POINT ( 'NONE',  ( 3.104958808639898482, -5.181676218139952717, 8.799999999999998934 ) ) ;
#820 = AXIS2_PLACEMENT_3D ( 'NONE', #3659, #1529, #3280 ) ;
#821 = CARTESIAN_POINT ( 'NONE',  ( 2.351595843561903987, -5.223600000000002019, 8.800000000000000711 ) ) ;
#822 = DIRECTION ( 'NONE',  ( -0.000000000000000000, -1.000000000000000000, -0.000000000000000000 ) ) ;
#823 = CARTESIAN_POINT ( 'NONE',  ( 1.222503306999674910, -19.43480410281523874, 5.789890694014075301 ) ) ;
#824 = CARTESIAN_POINT ( 'NONE',  ( -3.926031909180825341, -8.223034285652243369, 8.222636028885764503 ) ) ;
#825 = CARTESIAN_POINT ( 'NONE',  ( -0.6309999999999992282, -8.347283722441604326, 3.105431218849834529 ) ) ;
#826 = ORIENTED_EDGE ( 'NONE', *, *, #2927, .F. ) ;
#827 = CARTESIAN_POINT ( 'NONE',  ( 0.9333333333333331261, -14.87911484186691702, 7.535419098554304362 ) ) ;
#828 = CARTESIAN_POINT ( 'NONE',  ( 0.000000000000000000, -8.223600000000001131, 0.000000000000000000 ) ) ;
#829 = CARTESIAN_POINT ( 'NONE',  ( 8.673617379884035472E-16, -5.223600000000002019, 1.328125000000000222 ) ) ;
#830 = FACE_OUTER_BOUND ( 'NONE', #5137, .T. ) ;
#831 = ORIENTED_EDGE ( 'NONE', *, *, #700, .F. ) ;
#832 = CARTESIAN_POINT ( 'NONE',  ( 0.6310000000000006715, -7.572722839544415052, 3.130003691552285527 ) ) ;
#833 = ORIENTED_EDGE ( 'NONE', *, *, #4277, .T. ) ;
#834 = CARTESIAN_POINT ( 'NONE',  ( -0.07678356129661811913, -14.69370565282986973, 7.201682558287624936 ) ) ;
#835 = TOROIDAL_SURFACE ( 'NONE', #3832, 11.02812499999999929, 0.2999999999999999889 ) ;
#836 = CARTESIAN_POINT ( 'NONE',  ( 3.179114782977808140, -6.023600000000001842, 0.6309999999999758025 ) ) ;
#837 = CARTESIAN_POINT ( 'NONE',  ( -11.25000000000000000, -7.923600000000001309, 0.000000000000000000 ) ) ;
#838 = ORIENTED_EDGE ( 'NONE', *, *, #680, .F. ) ;
#839 = DIRECTION ( 'NONE',  ( -0.000000000000000000, 1.000000000000000000, -0.000000000000000000 ) ) ;
#840 = EDGE_LOOP ( 'NONE', ( #2601, #4128, #4899, #826 ) ) ;
#841 = EDGE_CURVE ( 'NONE', #1816, #2622, #1365, .T. ) ;
#842 = CARTESIAN_POINT ( 'NONE',  ( 3.047690569822181672, -5.479462967499187265, 8.990465808216391963 ) ) ;
#843 = CARTESIAN_POINT ( 'NONE',  ( 0.000000000000000000, -8.223600000000001131, 8.500000000000000000 ) ) ;
#844 = ADVANCED_FACE ( 'NONE', ( #2432 ), #4541, .F. ) ;
#845 = CARTESIAN_POINT ( 'NONE',  ( -2.445652105782358365, -5.223641044013764834, 8.744819795452192679 ) ) ;
#846 = FACE_OUTER_BOUND ( 'NONE', #2597, .T. ) ;
#847 = CARTESIAN_POINT ( 'NONE',  ( 3.397140196966237813, -15.08003029585758448, 6.739122336805331237 ) ) ;
#848 = EDGE_CURVE ( 'NONE', #1499, #4768, #2840, .T. ) ;
#849 = CARTESIAN_POINT ( 'NONE',  ( 0.000000000000000000, -23.72360000000000113, 0.000000000000000000 ) ) ;
#850 = DIRECTION ( 'NONE',  ( 0.5479621445447628858, 1.445602896647341559E-14, 0.8365031309839217055 ) ) ;
#851 =( BOUNDED_SURFACE ( )  B_SPLINE_SURFACE ( 3, 2, ( 
 ( #3213, #363, #5234 ),
 ( #2030, #3663, #5281 ),
 ( #1665, #1561, #4086 ),
 ( #2053, #1636, #3285 ),
 ( #1242, #845, #2477 ),
 ( #176, #1342, #2533 ) ),
 .UNSPECIFIED., .F., .F., .F. ) 
 B_SPLINE_SURFACE_WITH_KNOTS ( ( 4, 2, 4 ),
 ( 3, 3 ),
 ( -3.523657060577889411E-19, 0.0003176428983126779117, 0.0006352857966253561486 ),
 ( 0.000000000000000000, 1.000000000000000000 ),
 .UNSPECIFIED. ) 
 GEOMETRIC_REPRESENTATION_ITEM ( )  RATIONAL_B_SPLINE_SURFACE ( (
 ( 1.000000000000000000, 0.8859664129543930455, 1.000000000000000000),
 ( 1.000000000000000000, 0.9187879564395462495, 1.000000000000000000),
 ( 1.000000000000000000, 0.9480346952278460027, 1.000000000000000000),
 ( 1.000000000000000000, 0.9887544397638090565, 1.000000000000000000),
 ( 1.000000000000000000, 1.000133807464278934, 1.000000000000000000),
 ( 1.000000000000000000, 1.000000000000000000, 1.000000000000000000) ) ) 
 REPRESENTATION_ITEM ( '' )  SURFACE ( )  );
#852 = CARTESIAN_POINT ( 'NONE',  ( -0.9666666666666670071, -18.82691367757014689, 4.264088259091348476 ) ) ;
#853 = VECTOR ( 'NONE', #105, 1000.000000000000000 ) ;
#854 = CARTESIAN_POINT ( 'NONE',  ( -3.503146590824403717, -12.50907586902578750, 9.624816155329467549 ) ) ;
#855 = CARTESIAN_POINT ( 'NONE',  ( 7.916426401988504356E-16, -5.223600000000002019, 0.000000000000000000 ) ) ;
#856 = CARTESIAN_POINT ( 'NONE',  ( -0.7607477118260601578, -5.573446981992633553, 3.284537052107160182 ) ) ;
#857 = ORIENTED_EDGE ( 'NONE', *, *, #1171, .F. ) ;
#858 = LINE ( 'NONE', #2095, #943 ) ;
#859 = ORIENTED_EDGE ( 'NONE', *, *, #158, .F. ) ;
#860 = DIRECTION ( 'NONE',  ( 2.571407403092374569E-16, 0.000000000000000000, 1.000000000000000000 ) ) ;
#861 = CARTESIAN_POINT ( 'NONE',  ( -3.179826021775944866, -5.998740736633152437, 0.6313863326425102063 ) ) ;
#862 = ORIENTED_EDGE ( 'NONE', *, *, #15, .T. ) ;
#863 = CARTESIAN_POINT ( 'NONE',  ( 2.888709462525015148, -15.36655443236541885, 7.936664019652279300 ) ) ;
#864 = ORIENTED_EDGE ( 'NONE', *, *, #1204, .F. ) ;
#865 = TOROIDAL_SURFACE ( 'NONE', #3434, 0.6760719760784638099, 0.5000000000000000000 ) ;
#866 = CARTESIAN_POINT ( 'NONE',  ( 0.000000000000000000, -18.61166130683499986, 0.000000000000000000 ) ) ;
#867 = CARTESIAN_POINT ( 'NONE',  ( 4.018138935251731603, -7.712531165145751544, 11.03974599283546176 ) ) ;
#868 = CARTESIAN_POINT ( 'NONE',  ( 2.900196710734592671E-15, -5.223600000000002019, 8.200000000000001066 ) ) ;
#869 = DIRECTION ( 'NONE',  ( 0.000000000000000000, 0.000000000000000000, -1.000000000000000000 ) ) ;
#870 = EDGE_CURVE ( 'NONE', #975, #4478, #1624, .T. ) ;
#871 = CARTESIAN_POINT ( 'NONE',  ( 0.9944469889588108957, -19.45565425971204121, 5.822786072786773737 ) ) ;
#872 = PLANE ( 'NONE',  #889 ) ;
#873 = CARTESIAN_POINT ( 'NONE',  ( -0.6309999999999992282, -6.023600000000001842, 3.089420301609806074 ) ) ;
#874 = EDGE_CURVE ( 'NONE', #63, #5052, #4034, .T. ) ;
#875 = EDGE_CURVE ( 'NONE', #2076, #3154, #4763, .T. ) ;
#876 = AXIS2_PLACEMENT_3D ( 'NONE', #5191, #4044, #2338 ) ;
#877 = EDGE_CURVE ( 'NONE', #5031, #296, #1619, .T. ) ;
#878 = CARTESIAN_POINT ( 'NONE',  ( 0.2245413690470533241, -14.70232309766117851, 7.217193958983977531 ) ) ;
#879 = CARTESIAN_POINT ( 'NONE',  ( -4.060043599132009184, -6.874377856701559431, 11.15487811061644230 ) ) ;
#880 = CARTESIAN_POINT ( 'NONE',  ( 2.170669854362769602, -12.20178778921884444, 0.5011386228075153104 ) ) ;
#881 = CARTESIAN_POINT ( 'NONE',  ( -3.610344617159349401, -7.923599999999999532, 8.800000000000002487 ) ) ;
#882 = ORIENTED_EDGE ( 'NONE', *, *, #3825, .F. ) ;
#883 = CARTESIAN_POINT ( 'NONE',  ( 4.335773627591050783, -6.023600000000001842, 8.988635737510076495 ) ) ;
#884 = ORIENTED_EDGE ( 'NONE', *, *, #4495, .F. ) ;
#885 = VECTOR ( 'NONE', #5164, 1000.000000000000000 ) ;
#886 = CARTESIAN_POINT ( 'NONE',  ( 0.08226810138923414117, -20.81259078729983258, 0.000000000000000000 ) ) ;
#887 = CARTESIAN_POINT ( 'NONE',  ( 3.179826021775944866, -5.998740736633152437, 0.6313863326425088740 ) ) ;
#888 = CARTESIAN_POINT ( 'NONE',  ( 2.793298356336731559E-16, -15.80840806009312516, -1.599912042076042429 ) ) ;
#889 = AXIS2_PLACEMENT_3D ( 'NONE', #2882, #4519, #2086 ) ;
#890 = VERTEX_POINT ( 'NONE', #873 ) ;
#891 = LINE ( 'NONE', #1739, #4664 ) ;
#892 = B_SPLINE_CURVE_WITH_KNOTS ( 'NONE', 3,
 ( #3621, #3671, #2388, #2811, #2015, #1938, #1221, #752, #3244, #4796, #1543, #4499, #4447, #1122, #2758, #3269 ),
 .UNSPECIFIED., .F., .F.,
 ( 4, 2, 2, 2, 2, 2, 2, 4 ),
 ( 0.0009393323035118272954, 0.001412308275893313109, 0.001885284248274798815, 0.002358260220656284521, 0.002831236193037770660, 0.003777188137800744239, 0.004250164110182231246, 0.004723140082563717819 ),
 .UNSPECIFIED. ) ;
#893 = ORIENTED_EDGE ( 'NONE', *, *, #1080, .T. ) ;
#894 = CARTESIAN_POINT ( 'NONE',  ( 3.623544273428843443, -8.129261895271952199, 8.425350274876722168 ) ) ;
#895 = CARTESIAN_POINT ( 'NONE',  ( 1.080228083015416729, -21.41695408612183726, 0.3598987709093767751 ) ) ;
#896 = CARTESIAN_POINT ( 'NONE',  ( -4.123343215522716321, -6.043955288341607002, 11.73747559687373787 ) ) ;
#897 = CONICAL_SURFACE ( 'NONE', #2608, 1.577190573871539936, 0.8026016490781086032 ) ;
#898 = CARTESIAN_POINT ( 'NONE',  ( 3.671178651162412709, -8.256741006385929893, 8.082441872492818646 ) ) ;
#899 = CARTESIAN_POINT ( 'NONE',  ( -3.179614586540017829, -6.007024849792318655, 0.6311287870812078982 ) ) ;
#900 = AXIS2_PLACEMENT_3D ( 'NONE', #3058, #4693, #2810 ) ;
#901 = CARTESIAN_POINT ( 'NONE',  ( 3.282101864446611117, -15.96871543210006905, 6.488477882642094130 ) ) ;
#902 = CARTESIAN_POINT ( 'NONE',  ( 10.95000000000000107, -5.223600000000002019, 8.199999999999997513 ) ) ;
#903 = CARTESIAN_POINT ( 'NONE',  ( 0.7607445856197586620, -5.573451967497732085, -3.284534556778632819 ) ) ;
#904 = CARTESIAN_POINT ( 'NONE',  ( -3.065604314693568977, -14.70332811102742276, 8.422678631603222499 ) ) ;
#905 = DIRECTION ( 'NONE',  ( -0.000000000000000000, -1.000000000000000000, -0.000000000000000000 ) ) ;
#906 = CARTESIAN_POINT ( 'NONE',  ( -3.938998072610836497E-16, -10.22360000000000291, -0.6310000000000222098 ) ) ;
#907 = EDGE_CURVE ( 'NONE', #4313, #4497, #2114, .T. ) ;
#908 = ORIENTED_EDGE ( 'NONE', *, *, #940, .T. ) ;
#909 = CARTESIAN_POINT ( 'NONE',  ( -1.739576869458931354E-17, -27.33455287310006199, -3.921601983822704400E-14 ) ) ;
#910 = ORIENTED_EDGE ( 'NONE', *, *, #4191, .F. ) ;
#911 = CARTESIAN_POINT ( 'NONE',  ( 0.6919146747398821073, -20.60701312959547238, 0.08020947109092485539 ) ) ;
#912 = CARTESIAN_POINT ( 'NONE',  ( 3.187009908993400309, -5.223600000000002019, 11.72890234814082255 ) ) ;
#913 = CARTESIAN_POINT ( 'NONE',  ( 0.1083824759170874813, -20.61166130683500342, -0.2308207939378118245 ) ) ;
#914 = EDGE_CURVE ( 'NONE', #4111, #2491, #604, .T. ) ;
#915 = EDGE_LOOP ( 'NONE', ( #481, #5037, #2122, #3297 ) ) ;
#916 = DIRECTION ( 'NONE',  ( -0.000000000000000000, 1.000000000000000000, -0.000000000000000000 ) ) ;
#917 = ORIENTED_EDGE ( 'NONE', *, *, #160, .F. ) ;
#918 = DIRECTION ( 'NONE',  ( -0.000000000000000000, -1.000000000000000000, -0.000000000000000000 ) ) ;
#919 = CARTESIAN_POINT ( 'NONE',  ( 0.9831065303261413701, -21.46914480474187670, 0.7655277424197376446 ) ) ;
#920 = CYLINDRICAL_SURFACE ( 'NONE', #4532, 0.8000000000000000444 ) ;
#921 = DIRECTION ( 'NONE',  ( 0.000000000000000000, 1.000000000000000000, 0.000000000000000000 ) ) ;
#922 = ORIENTED_EDGE ( 'NONE', *, *, #2643, .T. ) ;
#923 = CARTESIAN_POINT ( 'NONE',  ( 1.197139988399888333, -18.75011190729767208, 6.523681652648765983 ) ) ;
#924 = CARTESIAN_POINT ( 'NONE',  ( -3.285310639283832490, -6.058716998635823359, 9.026316797326339625 ) ) ;
#925 = CYLINDRICAL_SURFACE ( 'NONE', #2512, 0.2549999999999998379 ) ;
#926 = CARTESIAN_POINT ( 'NONE',  ( 3.182814594191733182, -5.881647329906632748, 0.6350266604097365430 ) ) ;
#927 = CARTESIAN_POINT ( 'NONE',  ( -3.887600974578999224, -8.495069740634006550, 7.931837283190308341 ) ) ;
#928 = CARTESIAN_POINT ( 'NONE',  ( -10.94999999999999751, -8.223600000000001131, 8.200000000000001066 ) ) ;
#929 = CARTESIAN_POINT ( 'NONE',  ( -1.237680890036798154, -5.223600000000003796, -3.546798091053786184 ) ) ;
#930 = EDGE_CURVE ( 'NONE', #2369, #3228, #3773, .T. ) ;
#931 = VERTEX_POINT ( 'NONE', #2538 ) ;
#932 = CARTESIAN_POINT ( 'NONE',  ( -3.779696404344228711, -5.223600000000002019, -1.431000000000008932 ) ) ;
#933 = ORIENTED_EDGE ( 'NONE', *, *, #3096, .F. ) ;
#934 = CARTESIAN_POINT ( 'NONE',  ( 1.169949169925743826, -21.17437238872902938, 0.2033736483689737862 ) ) ;
#935 = CARTESIAN_POINT ( 'NONE',  ( 4.085487133502055279, -6.048330826240035485, 11.87307851193609309 ) ) ;
#936 = CARTESIAN_POINT ( 'NONE',  ( -1.780168896003880397, -19.16926753240761272, 5.770213732130542006 ) ) ;
#937 = ORIENTED_EDGE ( 'NONE', *, *, #1031, .F. ) ;
#938 = DIRECTION ( 'NONE',  ( -1.000000000000000000, -0.000000000000000000, 6.242469211744363934E-16 ) ) ;
#939 = ORIENTED_EDGE ( 'NONE', *, *, #1110, .T. ) ;
#940 = EDGE_CURVE ( 'NONE', #4818, #2158, #1323, .T. ) ;
#941 = EDGE_CURVE ( 'NONE', #3067, #1761, #2560, .T. ) ;
#942 = CARTESIAN_POINT ( 'NONE',  ( 0.7878911170597506786, -19.87498001287484328, 1.986330550248326610 ) ) ;
#943 = VECTOR ( 'NONE', #1354, 1000.000000000000000 ) ;
#944 = CARTESIAN_POINT ( 'NONE',  ( 0.9441298505046387124, -21.76702586929992478, 0.5712201586086169680 ) ) ;
#945 = CARTESIAN_POINT ( 'NONE',  ( -4.085359875748125091, -6.048341036514350400, 11.87340942708055991 ) ) ;
#946 = DIRECTION ( 'NONE',  ( -1.000000000000000000, -0.000000000000000000, 4.182454371868921091E-14 ) ) ;
#947 = AXIS2_PLACEMENT_3D ( 'NONE', #49, #1194, #2458 ) ;
#948 = ORIENTED_EDGE ( 'NONE', *, *, #4704, .T. ) ;
#949 = CARTESIAN_POINT ( 'NONE',  ( -6.776263578034402713E-18, -5.223600000000002019, 9.635293592964444542 ) ) ;
#950 = CARTESIAN_POINT ( 'NONE',  ( 3.409023183892300857, -5.292619052351134279, -1.045921680627318828 ) ) ;
#951 = DIRECTION ( 'NONE',  ( -0.4370386826397514857, 0.000000000000000000, 0.8994427107250970721 ) ) ;
#952 = CARTESIAN_POINT ( 'NONE',  ( -4.123347449528400155, -6.043954830987144256, 11.73746131650677960 ) ) ;
#953 = CARTESIAN_POINT ( 'NONE',  ( -0.6311287870812308798, -6.007024849792318655, -3.179614586540012944 ) ) ;
#954 = CYLINDRICAL_SURFACE ( 'NONE', #5239, 0.2999999999999999334 ) ;
#955 = CARTESIAN_POINT ( 'NONE',  ( -0.1083824759303400331, -20.61166130683500342, -0.2308207939315890522 ) ) ;
#956 = AXIS2_PLACEMENT_3D ( 'NONE', #1441, #2287, #4371 ) ;
#957 = CARTESIAN_POINT ( 'NONE',  ( -3.366847443743546719, -7.255074918864578670, 12.41890209022541036 ) ) ;
#958 = ORIENTED_EDGE ( 'NONE', *, *, #1733, .T. ) ;
#959 = CARTESIAN_POINT ( 'NONE',  ( 3.372500483468475529, -6.052526428691511029, 8.719362653349683967 ) ) ;
#960 = ORIENTED_EDGE ( 'NONE', *, *, #5259, .F. ) ;
#961 = CARTESIAN_POINT ( 'NONE',  ( 0.4967235089307897034, -10.22360000000000291, 10.53529359296444490 ) ) ;
#962 = VECTOR ( 'NONE', #3718, 1000.000000000000227 ) ;
#963 = CARTESIAN_POINT ( 'NONE',  ( 2.585281691866124110, -16.74668657967592011, 7.250515089611227815 ) ) ;
#964 = CARTESIAN_POINT ( 'NONE',  ( -1.171728179033169948, -19.22438067420214125, 5.899130468550235484 ) ) ;
#965 = VERTEX_POINT ( 'NONE', #4593 ) ;
#966 = CARTESIAN_POINT ( 'NONE',  ( 3.901257634669033969, -6.042647619047621710, 8.087719823156220400 ) ) ;
#967 = ORIENTED_EDGE ( 'NONE', *, *, #978, .F. ) ;
#968 = CARTESIAN_POINT ( 'NONE',  ( 0.9194803327783670488, -19.52903840403154234, 2.739039036610970701 ) ) ;
#969 = AXIS2_PLACEMENT_3D ( 'NONE', #562, #2126, #3810 ) ;
#970 = EDGE_CURVE ( 'NONE', #544, #2945, #3738, .T. ) ;
#971 = FACE_OUTER_BOUND ( 'NONE', #3890, .T. ) ;
#972 = LINE ( 'NONE', #2606, #5254 ) ;
#973 = EDGE_CURVE ( 'NONE', #4429, #988, #2340, .T. ) ;
#974 = PLANE ( 'NONE',  #47 ) ;
#975 = VERTEX_POINT ( 'NONE', #2202 ) ;
#976 = LINE ( 'NONE', #4590, #4066 ) ;
#977 = CARTESIAN_POINT ( 'NONE',  ( 0.000000000000000000, -17.33419824958559730, 1.577190573871539936 ) ) ;
#978 = EDGE_CURVE ( 'NONE', #2622, #5050, #2999, .T. ) ;
#979 = CARTESIAN_POINT ( 'NONE',  ( -2.447722205145308916, -20.61166130683503184, 1.754829233600557536 ) ) ;
#980 = CARTESIAN_POINT ( 'NONE',  ( 3.648250597373877913, -5.223600000000003796, 1.240766972637538990 ) ) ;
#981 = VECTOR ( 'NONE', #1479, 1000.000000000000000 ) ;
#982 = CARTESIAN_POINT ( 'NONE',  ( -2.106301852363916538, -9.297982914449136160, -2.333372311985095315 ) ) ;
#983 = CARTESIAN_POINT ( 'NONE',  ( 3.372767536383886267, -6.023600000000001842, 8.719156112495680233 ) ) ;
#984 = DIRECTION ( 'NONE',  ( 0.008184510384454743090, 0.9997136387627338916, 0.02248675747058137553 ) ) ;
#985 = CIRCLE ( 'NONE', #3385, 0.8000000000000000444 ) ;
#986 = CARTESIAN_POINT ( 'NONE',  ( -4.066862238447203737, -6.529689847687971671, 11.17361216816634872 ) ) ;
#987 = ORIENTED_EDGE ( 'NONE', *, *, #1137, .T. ) ;
#988 = VERTEX_POINT ( 'NONE', #1779 ) ;
#989 = CARTESIAN_POINT ( 'NONE',  ( 0.000000000000000000, -15.69496271135054499, 0.000000000000000000 ) ) ;
#990 = CARTESIAN_POINT ( 'NONE',  ( 0.2037221835282333471, -20.61166130683498920, -0.2249121562857787915 ) ) ;
#991 = CARTESIAN_POINT ( 'NONE',  ( -1.297249060192565917, -19.01157019001010084, 6.124554253184119723 ) ) ;
#992 = ORIENTED_EDGE ( 'NONE', *, *, #1674, .F. ) ;
#993 = DIRECTION ( 'NONE',  ( -1.000000000000000000, 0.000000000000000000, 2.040851148208014408E-16 ) ) ;
#994 = ORIENTED_EDGE ( 'NONE', *, *, #3687, .T. ) ;
#995 = CARTESIAN_POINT ( 'NONE',  ( 0.000000000000000000, -12.20178778921884266, 0.000000000000000000 ) ) ;
#996 = CARTESIAN_POINT ( 'NONE',  ( -3.089420301609830055, -6.023600000000001842, 0.6309999999999769127 ) ) ;
#997 = CARTESIAN_POINT ( 'NONE',  ( 0.8599554411775097718, -22.29275452717059025, 0.5459904918899438631 ) ) ;
#998 = CARTESIAN_POINT ( 'NONE',  ( -3.661669363746013151, -6.023600000000001842, 8.500000000000000000 ) ) ;
#999 = DIRECTION ( 'NONE',  ( 1.980475968406855305E-12, 0.000000000000000000, -1.000000000000000000 ) ) ;
#1000 = ORIENTED_EDGE ( 'NONE', *, *, #2577, .F. ) ;
#1001 = CARTESIAN_POINT ( 'NONE',  ( 0.000000000000000000, -28.05532062337107746, 0.000000000000000000 ) ) ;
#1002 = DIRECTION ( 'NONE',  ( 0.000000000000000000, 1.000000000000000000, 0.000000000000000000 ) ) ;
#1003 = CARTESIAN_POINT ( 'NONE',  ( 3.545290163061782351, -5.223600000000002019, -1.235456683062647665 ) ) ;
#1004 = CARTESIAN_POINT ( 'NONE',  ( -0.9110587895316691887, -19.31977204540444504, 2.966473593575344569 ) ) ;
#1005 = CARTESIAN_POINT ( 'NONE',  ( -4.074161836859235386, -6.023600000000001842, 11.19366764997448804 ) ) ;
#1006 = ADVANCED_FACE ( 'NONE', ( #1348 ), #5049, .T. ) ;
#1007 = CARTESIAN_POINT ( 'NONE',  ( -3.017417385300016353, -8.982224660875639088, -0.9134643807464816190 ) ) ;
#1008 = EDGE_CURVE ( 'NONE', #4267, #781, #2521, .T. ) ;
#1009 = CARTESIAN_POINT ( 'NONE',  ( -3.250080766430869517, -9.199622076930644710, 12.09996491269950170 ) ) ;
#1010 = CARTESIAN_POINT ( 'NONE',  ( -1.045954263008638474, -5.292599787685681179, -3.409047223082016576 ) ) ;
#1011 = CARTESIAN_POINT ( 'NONE',  ( 3.661669363746035799, -6.023600000000001842, 8.499999999999998224 ) ) ;
#1012 = EDGE_LOOP ( 'NONE', ( #4769, #1226, #5177, #1731, #4584, #3601 ) ) ;
#1013 = CARTESIAN_POINT ( 'NONE',  ( 3.350101400371541693, -7.913994611536852908, 8.499999999999998224 ) ) ;
#1014 = ORIENTED_EDGE ( 'NONE', *, *, #3485, .T. ) ;
#1015 = CARTESIAN_POINT ( 'NONE',  ( 1.157010783100136386, -21.18017553209463344, -0.1827562052050523966 ) ) ;
#1016 = CARTESIAN_POINT ( 'NONE',  ( -11.24999999999999822, -5.523600000000001842, 8.500000000000000000 ) ) ;
#1017 = CARTESIAN_POINT ( 'NONE',  ( -3.671956022331800629, -12.11602279611298094, 7.472762276970684958 ) ) ;
#1018 = ORIENTED_EDGE ( 'NONE', *, *, #324, .T. ) ;
#1019 = EDGE_CURVE ( 'NONE', #2952, #771, #666, .T. ) ;
#1020 = ORIENTED_EDGE ( 'NONE', *, *, #2577, .T. ) ;
#1021 = CARTESIAN_POINT ( 'NONE',  ( 3.285407691030145738, -6.047013112713961469, 9.026583444807760870 ) ) ;
#1022 = CARTESIAN_POINT ( 'NONE',  ( 0.6245149436585393232, -19.98751686902490832, 1.612156252502628506 ) ) ;
#1023 = CARTESIAN_POINT ( 'NONE',  ( -0.4061598129368309551, -22.82736469365011089, 0.8531381752111579786 ) ) ;
#1024 = CIRCLE ( 'NONE', #3077, 0.8000000000000003775 ) ;
#1025 = CARTESIAN_POINT ( 'NONE',  ( -0.1149630184525559234, -20.55745462425625192, 0.2347245848006786484 ) ) ;
#1026 = CARTESIAN_POINT ( 'NONE',  ( 3.607064876032070266, -7.968030035600246030, 8.499999999999998224 ) ) ;
#1027 = EDGE_LOOP ( 'NONE', ( #2714, #3110, #5057, #3750, #1152 ) ) ;
#1028 = CARTESIAN_POINT ( 'NONE',  ( 2.926758573921993900, -12.16994666928521340, 11.21723025212733127 ) ) ;
#1029 = CARTESIAN_POINT ( 'NONE',  ( -2.970726957977528393, -5.351560209316974515, 8.592343457099161697 ) ) ;
#1030 = ORIENTED_EDGE ( 'NONE', *, *, #4037, .T. ) ;
#1031 = EDGE_CURVE ( 'NONE', #3522, #5090, #1709, .T. ) ;
#1032 = CARTESIAN_POINT ( 'NONE',  ( 0.4330687619405107491, -20.61166130682774877, 0.4732150375573265233 ) ) ;
#1033 = CARTESIAN_POINT ( 'NONE',  ( -3.407042176155776314, -5.223600000000001131, 12.53866982570878541 ) ) ;
#1034 = CARTESIAN_POINT ( 'NONE',  ( 1.948716020932268256, -19.01986798915495314, 5.783980881751530134 ) ) ;
#1035 = CARTESIAN_POINT ( 'NONE',  ( -3.677861117362391852, -5.223600000000002019, 1.430999999999977401 ) ) ;
#1036 = CARTESIAN_POINT ( 'NONE',  ( 3.779696404344222493, -5.223600000000002019, -1.431000000000024475 ) ) ;
#1037 = ORIENTED_EDGE ( 'NONE', *, *, #1433, .F. ) ;
#1038 = CARTESIAN_POINT ( 'NONE',  ( 3.661429804399135346, -6.056705642941200729, 8.499999999999998224 ) ) ;
#1039 = EDGE_LOOP ( 'NONE', ( #1371, #1967, #1914, #593 ) ) ;
#1040 = CARTESIAN_POINT ( 'NONE',  ( -6.776263578034402713E-18, -5.223600000000002019, 7.935293592964444365 ) ) ;
#1041 = DIRECTION ( 'NONE',  ( 0.000000000000000000, 0.000000000000000000, -1.000000000000000000 ) ) ;
#1042 = CIRCLE ( 'NONE', #2677, 1.792363797108476042 ) ;
#1043 = CARTESIAN_POINT ( 'NONE',  ( -3.839690587820970169, -9.103539269609898454, 7.922306024418594106 ) ) ;
#1044 = EDGE_CURVE ( 'NONE', #4111, #3820, #744, .T. ) ;
#1045 = ORIENTED_EDGE ( 'NONE', *, *, #3402, .F. ) ;
#1046 = DIRECTION ( 'NONE',  ( -0.000000000000000000, -1.000000000000000000, -0.000000000000000000 ) ) ;
#1047 = EDGE_LOOP ( 'NONE', ( #2151, #560, #4031, #3862 ) ) ;
#1048 =( BOUNDED_SURFACE ( )  B_SPLINE_SURFACE ( 3, 2, ( 
 ( #364, #3640, #5260 ),
 ( #2478, #1587, #4116 ),
 ( #3237, #4861, #1190 ),
 ( #4464, #2220, #2957 ),
 ( #3008, #468, #2534 ),
 ( #3335, #4614, #571 ) ),
 .UNSPECIFIED., .F., .F., .F. ) 
 B_SPLINE_SURFACE_WITH_KNOTS ( ( 4, 2, 4 ),
 ( 3, 3 ),
 ( 0.000000000000000000, 0.0005191489617066347758, 0.001038297923413269552 ),
 ( 0.000000000000000000, 1.000000000000000000 ),
 .UNSPECIFIED. ) 
 GEOMETRIC_REPRESENTATION_ITEM ( )  RATIONAL_B_SPLINE_SURFACE ( (
 ( 1.000000000000000000, 0.6244538742004501763, 1.000000000000000000),
 ( 1.000000000000000000, 0.6674328895064056688, 1.000000000000000000),
 ( 1.000000000000000000, 0.7059486017259725132, 1.000000000000000000),
 ( 1.000000000000000000, 0.7704698272578930363, 1.000000000000000000),
 ( 1.000000000000000000, 0.7964595855073095532, 1.000000000000000000),
 ( 1.000000000000000000, 0.7967055996459445621, 1.000000000000000000) ) ) 
 REPRESENTATION_ITEM ( '' )  SURFACE ( )  );
#1049 = CARTESIAN_POINT ( 'NONE',  ( -0.02667589214628307559, -18.45460168286246372, 4.096547861472892293 ) ) ;
#1050 = CARTESIAN_POINT ( 'NONE',  ( 0.7815126093285371667, -21.64214345614161772, 1.174690973716798092 ) ) ;
#1051 = CARTESIAN_POINT ( 'NONE',  ( -0.1615523495774988660, -22.11818301233650885, 1.032249208240939353 ) ) ;
#1052 = CARTESIAN_POINT ( 'NONE',  ( 7.916426401988504356E-16, -5.523600000000001842, 8.200000000000001066 ) ) ;
#1053 = CARTESIAN_POINT ( 'NONE',  ( 2.108554070535742236E-15, -8.223600000000001131, 8.200000000000001066 ) ) ;
#1054 = ORIENTED_EDGE ( 'NONE', *, *, #3726, .T. ) ;
#1055 = AXIS2_PLACEMENT_3D ( 'NONE', #2514, #905, #2146 ) ;
#1056 = CARTESIAN_POINT ( 'NONE',  ( 0.9305691878754785984, -19.70771142811082655, 2.556351559888450975 ) ) ;
#1057 = CARTESIAN_POINT ( 'NONE',  ( -3.677861117362404730, -5.223600000000002019, -1.431000000000013150 ) ) ;
#1058 = DIRECTION ( 'NONE',  ( -0.000000000000000000, 1.000000000000000000, -0.000000000000000000 ) ) ;
#1059 = CARTESIAN_POINT ( 'NONE',  ( -1.091578100164501297, -20.61166130683499276, 0.1075727334572188498 ) ) ;
#1060 = CARTESIAN_POINT ( 'NONE',  ( -3.375078033273088529, -5.864707687888309984, 9.310523903904309506 ) ) ;
#1061 = VECTOR ( 'NONE', #338, 1000.000000000000000 ) ;
#1062 = FACE_OUTER_BOUND ( 'NONE', #1493, .T. ) ;
#1063 = CARTESIAN_POINT ( 'NONE',  ( -3.089420301609829167, -5.904882757158243400, 0.6309999999999769127 ) ) ;
#1064 = FACE_OUTER_BOUND ( 'NONE', #1088, .T. ) ;
#1065 = AXIS2_PLACEMENT_3D ( 'NONE', #4680, #2143, #3367 ) ;
#1066 = CIRCLE ( 'NONE', #306, 1.000000000000000000 ) ;
#1067 = ORIENTED_EDGE ( 'NONE', *, *, #4603, .T. ) ;
#1068 = DIRECTION ( 'NONE',  ( -0.000000000000000000, -1.000000000000000000, -0.000000000000000000 ) ) ;
#1069 = VERTEX_POINT ( 'NONE', #287 ) ;
#1070 = EDGE_CURVE ( 'NONE', #4949, #3166, #698, .T. ) ;
#1071 = CARTESIAN_POINT ( 'NONE',  ( 0.6313863326425331879, -5.998740736633152437, -3.179826021775939981 ) ) ;
#1072 = CIRCLE ( 'NONE', #1749, 0.3200000000000003952 ) ;
#1073 = CARTESIAN_POINT ( 'NONE',  ( 3.122849337825750543E-17, -18.61166130683499986, 0.2550000000000000044 ) ) ;
#1074 = CARTESIAN_POINT ( 'NONE',  ( -2.617705732875470925, -15.51321120174012513, 6.988334486967627157 ) ) ;
#1075 = ORIENTED_EDGE ( 'NONE', *, *, #3462, .T. ) ;
#1076 = CARTESIAN_POINT ( 'NONE',  ( -3.284578323876726103, -5.780307012107014586, 8.757584056844123666 ) ) ;
#1077 = ORIENTED_EDGE ( 'NONE', *, *, #1864, .T. ) ;
#1078 = CARTESIAN_POINT ( 'NONE',  ( 3.285456217775814203, -6.023600000000000954, 9.026716770945737878 ) ) ;
#1079 = CARTESIAN_POINT ( 'NONE',  ( 0.9933996766896951991, -21.19924169284560733, 0.9970076604211484117 ) ) ;
#1080 = EDGE_CURVE ( 'NONE', #2815, #4799, #4621, .T. ) ;
#1081 = CARTESIAN_POINT ( 'NONE',  ( -0.6337519327675872338, -22.63723576925417191, 0.7358131158442133835 ) ) ;
#1082 = CYLINDRICAL_SURFACE ( 'NONE', #4568, 0.3200000000000003952 ) ;
#1083 = B_SPLINE_CURVE_WITH_KNOTS ( 'NONE', 3,
 ( #2210, #3835, #166, #3379, #1307, #1792, #5002, #4658 ),
 .UNSPECIFIED., .F., .F.,
 ( 4, 2, 2, 4 ),
 ( 0.000000000000000000, 0.0003457210995635269708, 0.0006914421991270539416, 0.001382884398254107233 ),
 .UNSPECIFIED. ) ;
#1084 = CARTESIAN_POINT ( 'NONE',  ( 1.387579325932972063, -18.28297150324756970, 7.036829765307689222 ) ) ;
#1085 = ORIENTED_EDGE ( 'NONE', *, *, #691, .T. ) ;
#1086 = CARTESIAN_POINT ( 'NONE',  ( 4.447199790133674391, -5.975108456772848520, 12.21858100319549578 ) ) ;
#1087 = CARTESIAN_POINT ( 'NONE',  ( 3.661669363746036243, -5.930913127828537412, 8.499999999999998224 ) ) ;
#1088 = EDGE_LOOP ( 'NONE', ( #5122, #3698, #5187, #1121 ) ) ;
#1089 = DIRECTION ( 'NONE',  ( -0.000000000000000000, 1.000000000000000000, -0.000000000000000000 ) ) ;
#1090 = CARTESIAN_POINT ( 'NONE',  ( -3.528724820554554498, -6.062206436316151859, 12.46409228370194100 ) ) ;
#1091 = B_SPLINE_CURVE_WITH_KNOTS ( 'NONE', 3,
 ( #1318, #899, #2535, #1806 ),
 .UNSPECIFIED., .F., .F.,
 ( 4, 4 ),
 ( 0.000000000000000000, 2.487243632379206032E-05 ),
 .UNSPECIFIED. ) ;
#1092 = CARTESIAN_POINT ( 'NONE',  ( -0.6310000000000001164, -10.22360000000000291, 1.969499036305349470E-16 ) ) ;
#1093 = CARTESIAN_POINT ( 'NONE',  ( 3.104958808636275158, -5.181676218137088341, 8.500000000000000000 ) ) ;
#1094 = CARTESIAN_POINT ( 'NONE',  ( -1.824761054904216362, -19.12038464238018420, 5.776548461575838012 ) ) ;
#1095 = ORIENTED_EDGE ( 'NONE', *, *, #418, .F. ) ;
#1096 = ORIENTED_EDGE ( 'NONE', *, *, #3211, .F. ) ;
#1097 = CARTESIAN_POINT ( 'NONE',  ( 0.000000000000000000, -5.223599999999998467, 0.000000000000000000 ) ) ;
#1098 = CARTESIAN_POINT ( 'NONE',  ( 0.1083824759170874813, -20.61166130683500342, -0.2308207939378118245 ) ) ;
#1099 = CARTESIAN_POINT ( 'NONE',  ( -3.048179901527908520, -5.377894243134650587, 8.563429479706156755 ) ) ;
#1100 = ORIENTED_EDGE ( 'NONE', *, *, #2033, .T. ) ;
#1101 = DIRECTION ( 'NONE',  ( 1.000000000000000000, 0.000000000000000000, -3.121234605872185418E-16 ) ) ;
#1102 = ORIENTED_EDGE ( 'NONE', *, *, #1522, .F. ) ;
#1103 = EDGE_CURVE ( 'NONE', #4429, #4370, #339, .T. ) ;
#1104 = CARTESIAN_POINT ( 'NONE',  ( -0.6177266109621454282, -20.55925438592973009, 0.3811080264053095523 ) ) ;
#1105 = CARTESIAN_POINT ( 'NONE',  ( -0.8102543265758384017, -21.94498974402118208, 0.7168047527448296874 ) ) ;
#1106 = DIRECTION ( 'NONE',  ( 3.805477163921707666E-18, 0.9995170841968334940, -0.03107407920856225178 ) ) ;
#1107 = ADVANCED_FACE ( 'NONE', ( #1872 ), #3562, .F. ) ;
#1108 = CARTESIAN_POINT ( 'NONE',  ( -3.295443156185320355, -5.463816715490175113, 8.510184255252461583 ) ) ;
#1109 = ORIENTED_EDGE ( 'NONE', *, *, #1682, .F. ) ;
#1110 = EDGE_CURVE ( 'NONE', #1676, #3039, #3486, .T. ) ;
#1111 = VECTOR ( 'NONE', #186, 1000.000000000000000 ) ;
#1112 = CARTESIAN_POINT ( 'NONE',  ( 1.000692734389125649, -20.91485313060975315, 0.9877815992977022619 ) ) ;
#1113 = CARTESIAN_POINT ( 'NONE',  ( 3.789997606039013621E-16, -10.73146821626741421, -3.094767902613028809 ) ) ;
#1114 = CARTESIAN_POINT ( 'NONE',  ( -0.6310000000000000053, -7.572722839544413276, -3.130003691552285527 ) ) ;
#1115 = FACE_OUTER_BOUND ( 'NONE', #1965, .T. ) ;
#1116 = CARTESIAN_POINT ( 'NONE',  ( -3.111921834863226462E-15, -5.223599999999998467, -25.41077016679313516 ) ) ;
#1117 = CARTESIAN_POINT ( 'NONE',  ( -4.303983955098063419, -9.166726553391514543, 11.82509873032739023 ) ) ;
#1118 = CARTESIAN_POINT ( 'NONE',  ( 2.372494503043482084, -18.50130141062316014, 5.862991098334512152 ) ) ;
#1119 = DIRECTION ( 'NONE',  ( -0.000000000000000000, -1.000000000000000000, -0.000000000000000000 ) ) ;
#1120 = CARTESIAN_POINT ( 'NONE',  ( -1.993486590493924293, -18.96680306786439729, 5.791810967001094212 ) ) ;
#1121 = ORIENTED_EDGE ( 'NONE', *, *, #4054, .F. ) ;
#1122 = CARTESIAN_POINT ( 'NONE',  ( -0.9133295318429228704, -8.982171990840130960, 3.017467276335187965 ) ) ;
#1123 = CARTESIAN_POINT ( 'NONE',  ( -3.346396549066625425, -5.869036807958453394, 8.695503608423910791 ) ) ;
#1124 = CARTESIAN_POINT ( 'NONE',  ( -2.074771047330199902, -18.31430119138057933, 6.067378780376094127 ) ) ;
#1125 = VERTEX_POINT ( 'NONE', #638 ) ;
#1126 = CARTESIAN_POINT ( 'NONE',  ( 3.132932747944067398, -5.406548806599692725, 8.541106845588103624 ) ) ;
#1127 = ORIENTED_EDGE ( 'NONE', *, *, #2996, .F. ) ;
#1128 = CARTESIAN_POINT ( 'NONE',  ( -1.038876101809054431, -20.52888662709441903, 0.7805974660457178915 ) ) ;
#1129 = CARTESIAN_POINT ( 'NONE',  ( 0.4135529246866253006, -21.62307320861510007, 1.584930038436550115 ) ) ;
#1130 = CARTESIAN_POINT ( 'NONE',  ( 0.6309999999999998943, -6.023600000000001842, -3.089420301609853592 ) ) ;
#1131 = CARTESIAN_POINT ( 'NONE',  ( 3.545290163062238875, -5.223600000000000243, 1.235456683062269301 ) ) ;
#1132 = CIRCLE ( 'NONE', #2761, 3.094767902613028809 ) ;
#1133 = EDGE_LOOP ( 'NONE', ( #4400, #1383, #1419, #3116 ) ) ;
#1134 = ADVANCED_FACE ( 'NONE', ( #4811 ), #2248, .F. ) ;
#1135 = FILL_AREA_STYLE ('',( #3529 ) ) ;
#1136 = CARTESIAN_POINT ( 'NONE',  ( -3.461810461316728649, -5.223600000000002019, 8.200000000000001066 ) ) ;
#1137 = EDGE_CURVE ( 'NONE', #5114, #4478, #5007, .T. ) ;
#1138 = CARTESIAN_POINT ( 'NONE',  ( 11.12573593128807303, -8.223600000000001131, 8.375735931288067704 ) ) ;
#1139 = CARTESIAN_POINT ( 'NONE',  ( -2.923530743448874869, -5.411291795017092454, 8.866034415394020485 ) ) ;
#1140 = CARTESIAN_POINT ( 'NONE',  ( -4.416149852699196465, -7.265696689866724789, 12.13327200121793759 ) ) ;
#1141 = AXIS2_PLACEMENT_3D ( 'NONE', #3318, #1301, #4941 ) ;
#1142 = CARTESIAN_POINT ( 'NONE',  ( 10.94999999999999929, -8.223600000000001131, 0.01776588295419893881 ) ) ;
#1143 = AXIS2_PLACEMENT_3D ( 'NONE', #2562, #4229, #2887 ) ;
#1144 = CARTESIAN_POINT ( 'NONE',  ( -1.249744240001863016, -20.62227096840059204, 0.1710694342729218720 ) ) ;
#1145 = CARTESIAN_POINT ( 'NONE',  ( -3.395905599118075990, -6.066457142857145435, 9.330173952176410879 ) ) ;
#1146 = EDGE_LOOP ( 'NONE', ( #4460, #4157, #2232, #3780, #3578 ) ) ;
#1147 = CARTESIAN_POINT ( 'NONE',  ( -3.610344617159352065, -7.923600000000001309, 8.500000000000000000 ) ) ;
#1148 = CARTESIAN_POINT ( 'NONE',  ( -2.985326366506186879, -5.441909176834943906, 8.928317780106949542 ) ) ;
#1149 = CARTESIAN_POINT ( 'NONE',  ( -2.462746659237494917, -17.16760962587792250, 6.416264649531035147 ) ) ;
#1150 = CIRCLE ( 'NONE', #3809, 2.227767388195791565 ) ;
#1151 = ORIENTED_EDGE ( 'NONE', *, *, #722, .F. ) ;
#1152 = ORIENTED_EDGE ( 'NONE', *, *, #4358, .F. ) ;
#1153 = AXIS2_PLACEMENT_3D ( 'NONE', #4490, #2054, #3686 ) ;
#1154 = CARTESIAN_POINT ( 'NONE',  ( -0.9666666666666670071, -18.82691367757014689, 4.264088259091348476 ) ) ;
#1155 = CARTESIAN_POINT ( 'NONE',  ( -0.9372360316035309724, -19.70730734743540680, 2.576444250897283350 ) ) ;
#1156 = DIRECTION ( 'NONE',  ( -0.000000000000000000, 1.000000000000000000, -0.000000000000000000 ) ) ;
#1157 = CARTESIAN_POINT ( 'NONE',  ( 1.986441960422339559, -9.287523160190952254, -2.436405938927737935 ) ) ;
#1158 = ORIENTED_EDGE ( 'NONE', *, *, #2642, .F. ) ;
#1159 = CARTESIAN_POINT ( 'NONE',  ( 3.272888331890464908, -5.730960675665353499, 8.645178580633173127 ) ) ;
#1160 = CARTESIAN_POINT ( 'NONE',  ( -3.660871520537322343, -8.490903766569177336, 8.062742136634266643 ) ) ;
#1161 = CYLINDRICAL_SURFACE ( 'NONE', #3552, 0.8999999999999998002 ) ;
#1162 = B_SPLINE_CURVE_WITH_KNOTS ( 'NONE', 3,
 ( #3478, #1432, #14, #4554 ),
 .UNSPECIFIED., .F., .F.,
 ( 4, 4 ),
 ( 0.000000000000000000, 0.0006352857966253604854 ),
 .UNSPECIFIED. ) ;
#1163 = CARTESIAN_POINT ( 'NONE',  ( -3.652425665755468565, -6.679205354236378511, 8.500000000000000000 ) ) ;
#1164 = EDGE_CURVE ( 'NONE', #3282, #3067, #98, .T. ) ;
#1165 = LINE ( 'NONE', #3713, #734 ) ;
#1166 = EDGE_CURVE ( 'NONE', #636, #2131, #2080, .T. ) ;
#1167 = CARTESIAN_POINT ( 'NONE',  ( 2.923530743442438240, -5.411291795012212802, 8.866034415393230006 ) ) ;
#1168 = CYLINDRICAL_SURFACE ( 'NONE', #118, 0.8000000000000000444 ) ;
#1169 = DIRECTION ( 'NONE',  ( 0.000000000000000000, 1.000000000000000000, 0.000000000000000000 ) ) ;
#1170 = ORIENTED_EDGE ( 'NONE', *, *, #4037, .F. ) ;
#1171 = EDGE_CURVE ( 'NONE', #1439, #311, #1370, .T. ) ;
#1172 = PRODUCT_CONTEXT ( 'NONE', #4094, 'mechanical' ) ;
#1173 = ADVANCED_FACE ( 'NONE', ( #4463 ), #312, .T. ) ;
#1174 = DIRECTION ( 'NONE',  ( 0.000000000000000000, 0.000000000000000000, -1.000000000000000000 ) ) ;
#1175 = CARTESIAN_POINT ( 'NONE',  ( -3.399512107982446185, -8.158547640506688126, 8.400341274721526474 ) ) ;
#1176 = CARTESIAN_POINT ( 'NONE',  ( -3.373357052931463151, -5.986730950879736390, 8.717061975780843852 ) ) ;
#1177 = CARTESIAN_POINT ( 'NONE',  ( -3.461810461317301080, -5.523600000000001842, 8.500000000000000000 ) ) ;
#1178 = ORIENTED_EDGE ( 'NONE', *, *, #1828, .F. ) ;
#1179 = CARTESIAN_POINT ( 'NONE',  ( 3.011905479095803972, -5.223600000000002019, 8.483456600291244598 ) ) ;
#1180 = ORIENTED_EDGE ( 'NONE', *, *, #350, .T. ) ;
#1181 = DIRECTION ( 'NONE',  ( -0.000000000000000000, 1.000000000000000000, -0.000000000000000000 ) ) ;
#1182 = CARTESIAN_POINT ( 'NONE',  ( -0.9853127315647504103, -21.62980238394692734, 0.5408962797767915553 ) ) ;
#1183 = ADVANCED_FACE ( 'NONE', ( #1189 ), #2067, .T. ) ;
#1184 = CARTESIAN_POINT ( 'NONE',  ( 3.980187398764592821, -8.523300422388052411, 8.218957937324301355 ) ) ;
#1185 = ORIENTED_EDGE ( 'NONE', *, *, #1359, .F. ) ;
#1186 = DIRECTION ( 'NONE',  ( 1.000000000000000000, 0.000000000000000000, -4.182454371868921091E-14 ) ) ;
#1187 =( BOUNDED_SURFACE ( )  B_SPLINE_SURFACE ( 3, 2, ( 
 ( #2625, #4687, #3515 ),
 ( #2681, #4289, #1852 ),
 ( #2708, #5111, #4318 ),
 ( #1467, #3916, #617 ) ),
 .UNSPECIFIED., .F., .F., .F. ) 
 B_SPLINE_SURFACE_WITH_KNOTS ( ( 4, 4 ),
 ( 3, 3 ),
 ( 0.000000000000000000, 0.001867549545076379897 ),
 ( 0.000000000000000000, 1.000000000000000000 ),
 .UNSPECIFIED. ) 
 GEOMETRIC_REPRESENTATION_ITEM ( )  RATIONAL_B_SPLINE_SURFACE ( (
 ( 1.000000000000000000, 0.7964895339868104385, 1.000000000000000000),
 ( 1.000000000000000000, 0.7901162256415229512, 1.000000000000000000),
 ( 1.000000000000000000, 0.7766965140620263330, 1.000000000000000000),
 ( 1.000000000000000000, 0.7551650684633385291, 1.000000000000000000) ) ) 
 REPRESENTATION_ITEM ( '' )  SURFACE ( )  );
#1188 = CARTESIAN_POINT ( 'NONE',  ( 3.437470808786748044, -12.88724248102820447, 9.444373427175902336 ) ) ;
#1189 = FACE_OUTER_BOUND ( 'NONE', #1907, .T. ) ;
#1190 = CARTESIAN_POINT ( 'NONE',  ( -3.371306090504172293, -5.404621405132263412, 8.500000000000000000 ) ) ;
#1191 = B_SPLINE_CURVE_WITH_KNOTS ( 'NONE', 3,
 ( #711, #1426, #1084, #2322, #2665, #3953, #201, #1949, #279, #4300, #630, #3582, #3125, #1399 ),
 .UNSPECIFIED., .F., .F.,
 ( 4, 2, 2, 2, 2, 2, 4 ),
 ( 0.0002464275167940320650, 0.002143202173963990650, 0.004039976831133947066, 0.007833526145473865970, 0.01162707545981378314, 0.01352385011698374433, 0.01542062477415370725 ),
 .UNSPECIFIED. ) ;
#1192 = CARTESIAN_POINT ( 'NONE',  ( 2.976985984754518366, -17.22575063218283375, 6.148671576076482737 ) ) ;
#1193 = DIRECTION ( 'NONE',  ( 0.000000000000000000, 0.000000000000000000, -1.000000000000000000 ) ) ;
#1194 = DIRECTION ( 'NONE',  ( -1.000000000000000000, 0.000000000000000000, 2.571407403092368652E-16 ) ) ;
#1195 = ORIENTED_EDGE ( 'NONE', *, *, #4284, .T. ) ;
#1196 = CARTESIAN_POINT ( 'NONE',  ( -0.5335178429256638433, -19.78793501619579942, 4.696547861472891938 ) ) ;
#1197 = CARTESIAN_POINT ( 'NONE',  ( -2.969875268067533103, -5.352638109070499972, 8.593785381420488534 ) ) ;
#1198 = DIRECTION ( 'NONE',  ( 0.000000000000000000, 1.000000000000000000, 0.000000000000000000 ) ) ;
#1199 = CARTESIAN_POINT ( 'NONE',  ( -3.044919185485090996, -13.84995503587851573, 8.365846706184429493 ) ) ;
#1200 = ORIENTED_EDGE ( 'NONE', *, *, #1682, .T. ) ;
#1201 = DIRECTION ( 'NONE',  ( 0.4949183714867589345, 0.8613943639229736382, -0.1142609091799559468 ) ) ;
#1202 = EDGE_LOOP ( 'NONE', ( #505, #1353, #3864, #2299 ) ) ;
#1203 = DIRECTION ( 'NONE',  ( 0.000000000000000000, 0.5078128394490009079, 0.8614674225359558735 ) ) ;
#1204 = EDGE_CURVE ( 'NONE', #4852, #427, #2614, .T. ) ;
#1205 = CARTESIAN_POINT ( 'NONE',  ( -1.013588463637978831, -21.21373728075010234, 0.6413735517394603125 ) ) ;
#1206 = CARTESIAN_POINT ( 'NONE',  ( -11.21743489690566342, -8.080445100380387657, 0.001912952166033254518 ) ) ;
#1207 = CARTESIAN_POINT ( 'NONE',  ( 0.7710350344851676363, -8.919548178741518285, -3.058672873715801543 ) ) ;
#1208 = B_SPLINE_CURVE_WITH_KNOTS ( 'NONE', 3,
 ( #3662, #1585, #2029, #4858, #2003, #2052, #465, #2799 ),
 .UNSPECIFIED., .F., .F.,
 ( 4, 2, 2, 4 ),
 ( 0.000000000000000000, 0.0003457210995635267539, 0.0006914421991270535079, 0.001382884398254105281 ),
 .UNSPECIFIED. ) ;
#1209 = ORIENTED_EDGE ( 'NONE', *, *, #1901, .F. ) ;
#1210 = CARTESIAN_POINT ( 'NONE',  ( 3.009647892853006379, -5.526683611031139698, 8.732629369536148545 ) ) ;
#1211 = CARTESIAN_POINT ( 'NONE',  ( -3.380060386678624074, -8.379874931616384970, 8.443179758753569075 ) ) ;
#1212 = CARTESIAN_POINT ( 'NONE',  ( 2.445652105781632724, -5.223641044587403748, 8.744819795451800104 ) ) ;
#1213 = CONICAL_SURFACE ( 'NONE', #4389, 1.792363797108476042, 0.3317284379186984378 ) ;
#1214 = CARTESIAN_POINT ( 'NONE',  ( 10.94999999999999929, -5.223600000000002019, -2.234732007287768374E-15 ) ) ;
#1215 = CIRCLE ( 'NONE', #459, 5.907094248722373209 ) ;
#1216 = LINE ( 'NONE', #1668, #2098 ) ;
#1217 = DIRECTION ( 'NONE',  ( 0.000000000000000000, 0.000000000000000000, -1.000000000000000000 ) ) ;
#1218 = DIRECTION ( 'NONE',  ( -0.000000000000000000, 1.000000000000000000, -0.000000000000000000 ) ) ;
#1219 = EDGE_LOOP ( 'NONE', ( #1180, #2464, #2181, #2391, #1605 ) ) ;
#1220 = CARTESIAN_POINT ( 'NONE',  ( -0.8999999999999996891, -10.22360000000000291, 10.13201710189523297 ) ) ;
#1221 = CARTESIAN_POINT ( 'NONE',  ( -2.623149450976688168, -9.247103862731556490, 1.734648288372296676 ) ) ;
#1222 = CARTESIAN_POINT ( 'NONE',  ( -3.239959563060421655, -5.809880861669774355, 8.963848284135570665 ) ) ;
#1223 = CARTESIAN_POINT ( 'NONE',  ( 1.159253565647909268, -21.17243747472472037, 0.1994800248996427827 ) ) ;
#1224 = B_SPLINE_CURVE_WITH_KNOTS ( 'NONE', 3,
 ( #777, #349, #3574, #4001, #3225, #1177 ),
 .UNSPECIFIED., .F., .F.,
 ( 4, 2, 4 ),
 ( 0.000000000000000000, 0.0002730919826330742927, 0.0005461839652661485854 ),
 .UNSPECIFIED. ) ;
#1225 = EDGE_CURVE ( 'NONE', #3023, #4983, #4035, .T. ) ;
#1226 = ORIENTED_EDGE ( 'NONE', *, *, #5189, .T. ) ;
#1227 = CARTESIAN_POINT ( 'NONE',  ( -0.6864622696819551173, -20.18768186487329785, 1.368017507891980955 ) ) ;
#1228 = ORIENTED_EDGE ( 'NONE', *, *, #1171, .T. ) ;
#1229 = ORIENTED_EDGE ( 'NONE', *, *, #3649, .T. ) ;
#1230 = CARTESIAN_POINT ( 'NONE',  ( -0.02667589214628307559, -18.45460168286246372, 4.096547861472892293 ) ) ;
#1231 = CARTESIAN_POINT ( 'NONE',  ( -0.9913829119620278796, -21.28683353033557779, 0.9159656594955128961 ) ) ;
#1232 = CARTESIAN_POINT ( 'NONE',  ( 0.2358147361083313132, -20.58552403954850973, 0.1128703448409407450 ) ) ;
#1233 = B_SPLINE_CURVE_WITH_KNOTS ( 'NONE', 3,
 ( #2370, #4800, #4851, #3274, #302, #2392 ),
 .UNSPECIFIED., .F., .F.,
 ( 4, 2, 4 ),
 ( 0.000000000000000000, 0.0002652151385314449020, 0.0005304302770628898040 ),
 .UNSPECIFIED. ) ;
#1234 = CARTESIAN_POINT ( 'NONE',  ( 3.094757824535585566, -8.683707792995654984, 0.6309999999999758025 ) ) ;
#1235 = ORIENTED_EDGE ( 'NONE', *, *, #175, .T. ) ;
#1236 = CIRCLE ( 'NONE', #3901, 0.4999999999999998335 ) ;
#1237 = CIRCLE ( 'NONE', #3378, 0.2999999999999999334 ) ;
#1238 = ADVANCED_FACE ( 'NONE', ( #790 ), #865, .F. ) ;
#1239 = CARTESIAN_POINT ( 'NONE',  ( 3.373357052931824196, -5.986730950879630697, 8.717061975781312810 ) ) ;
#1240 = CARTESIAN_POINT ( 'NONE',  ( 0.6671151808346749146, -20.59600754862597327, 0.1649429704033359978 ) ) ;
#1241 = CIRCLE ( 'NONE', #4243, 0.2999999999999994893 ) ;
#1242 = CARTESIAN_POINT ( 'NONE',  ( -2.463518339743160812, -5.223600000000006460, 8.763168546311183249 ) ) ;
#1243 = DIRECTION ( 'NONE',  ( 0.000000000000000000, 0.000000000000000000, 1.000000000000000000 ) ) ;
#1244 = CARTESIAN_POINT ( 'NONE',  ( 3.661429804399131793, -6.056705642941200729, 8.499999999999998224 ) ) ;
#1245 = DIRECTION ( 'NONE',  ( 0.000000000000000000, 0.000000000000000000, -1.000000000000000000 ) ) ;
#1246 = ADVANCED_FACE ( 'NONE', ( #2426 ), #851, .T. ) ;
#1247 = CARTESIAN_POINT ( 'NONE',  ( 0.1624609862034866181, -20.82241450834888852, 0.000000000000000000 ) ) ;
#1248 = DIRECTION ( 'NONE',  ( 0.000000000000000000, 0.000000000000000000, 1.000000000000000000 ) ) ;
#1249 = FACE_BOUND ( 'NONE', #3927, .T. ) ;
#1250 = DIRECTION ( 'NONE',  ( 0.000000000000000000, 1.000000000000000000, 0.000000000000000000 ) ) ;
#1251 = ORIENTED_EDGE ( 'NONE', *, *, #4998, .F. ) ;
#1252 = DIRECTION ( 'NONE',  ( 1.000000000000000000, -0.000000000000000000, -2.571407403092368652E-16 ) ) ;
#1253 = ORIENTED_EDGE ( 'NONE', *, *, #3575, .T. ) ;
#1254 = CARTESIAN_POINT ( 'NONE',  ( 0.8999999999999996891, -10.22360000000000291, 9.237914785819810959 ) ) ;
#1255 = CIRCLE ( 'NONE', #3401, 3.241904105585356799 ) ;
#1256 = FACE_OUTER_BOUND ( 'NONE', #2603, .T. ) ;
#1257 = CARTESIAN_POINT ( 'NONE',  ( 0.000000000000000000, -5.998740736633151549, 0.000000000000000000 ) ) ;
#1258 = ORIENTED_EDGE ( 'NONE', *, *, #4184, .F. ) ;
#1259 = EDGE_CURVE ( 'NONE', #532, #1499, #3584, .T. ) ;
#1260 = CARTESIAN_POINT ( 'NONE',  ( 3.130003691552290856, -7.572722839544415052, 0.6309999999999758025 ) ) ;
#1261 = ORIENTED_EDGE ( 'NONE', *, *, #2484, .T. ) ;
#1262 = CARTESIAN_POINT ( 'NONE',  ( 3.368890233183709615, -5.950593994737190862, 8.713015286557912020 ) ) ;
#1263 = DIRECTION ( 'NONE',  ( 1.000000000000000000, 0.000000000000000000, 0.000000000000000000 ) ) ;
#1264 = ADVANCED_FACE ( 'NONE', ( #2163 ), #920, .T. ) ;
#1265 = CARTESIAN_POINT ( 'NONE',  ( 2.463518339743725249, -5.223599999999997578, 8.763168546312888552 ) ) ;
#1266 = EDGE_CURVE ( 'NONE', #1988, #2517, #1643, .T. ) ;
#1267 = CARTESIAN_POINT ( 'NONE',  ( -3.182814635206075327, -5.881645722948627864, -0.6350267103686609849 ) ) ;
#1268 = CARTESIAN_POINT ( 'NONE',  ( 1.998348704916915297, -18.97106916132691268, 5.789527470256405017 ) ) ;
#1269 = B_SPLINE_CURVE_WITH_KNOTS ( 'NONE', 3,
 ( #1428, #1056, #3905, #4408, #3127, #1112, #3182, #4359, #686, #232 ),
 .UNSPECIFIED., .F., .F.,
 ( 4, 2, 2, 2, 4 ),
 ( -9.723708864383119499E-06, 0.001579954682041706700, 0.002374793877494751383, 0.002772213475221276761, 0.003169633072947802138 ),
 .UNSPECIFIED. ) ;
#1270 = FACE_OUTER_BOUND ( 'NONE', #1729, .T. ) ;
#1271 = CARTESIAN_POINT ( 'NONE',  ( -1.739576869458931354E-17, -29.61166130683500697, -3.921601983822704400E-14 ) ) ;
#1272 = B_SPLINE_CURVE_WITH_KNOTS ( 'NONE', 3,
 ( #836, #785, #1604, #5026 ),
 .UNSPECIFIED., .F., .F.,
 ( 4, 4 ),
 ( 0.000000000000000000, 2.487243632379117263E-05 ),
 .UNSPECIFIED. ) ;
#1273 = CARTESIAN_POINT ( 'NONE',  ( -0.9333333333333333481, -15.21026384782077656, 8.131487309271250297 ) ) ;
#1274 = AXIS2_PLACEMENT_3D ( 'NONE', #527, #504, #5047 ) ;
#1275 = CARTESIAN_POINT ( 'NONE',  ( -3.828122380191546714, -8.220196444602485997, 8.256441959361835004 ) ) ;
#1276 = CARTESIAN_POINT ( 'NONE',  ( 1.147711439990521498, -19.86937676727198721, 6.720195508210907498 ) ) ;
#1277 = CARTESIAN_POINT ( 'NONE',  ( 3.461810461317610610, -5.523600000000001842, 8.499999999999998224 ) ) ;
#1278 = EDGE_LOOP ( 'NONE', ( #4420, #893, #4181, #2027, #2414, #4975, #398, #3881 ) ) ;
#1279 = CARTESIAN_POINT ( 'NONE',  ( -3.756511737966119036, -10.71362108183482142, 7.699259604488633890 ) ) ;
#1280 = VECTOR ( 'NONE', #3751, 1000.000000000000000 ) ;
#1281 = ORIENTED_EDGE ( 'NONE', *, *, #1653, .F. ) ;
#1282 = CARTESIAN_POINT ( 'NONE',  ( -11.12573593128806948, -5.223599999999999355, 8.375735931288071257 ) ) ;
#1283 = CARTESIAN_POINT ( 'NONE',  ( 1.238144369624959440, -19.03464511551869975, 6.118231322649819504 ) ) ;
#1284 = CARTESIAN_POINT ( 'NONE',  ( -0.6310000000000030029, -10.22360000000000291, -5.946533209623484803E-16 ) ) ;
#1285 = ORIENTED_EDGE ( 'NONE', *, *, #4603, .F. ) ;
#1286 = CARTESIAN_POINT ( 'NONE',  ( 3.154564618061153958, -6.798161590276558641, 0.6309999999999758025 ) ) ;
#1287 = ORIENTED_EDGE ( 'NONE', *, *, #2162, .T. ) ;
#1288 = VECTOR ( 'NONE', #2356, 1000.000000000000000 ) ;
#1289 = CARTESIAN_POINT ( 'NONE',  ( 1.205623204703050844, -20.60352363274781951, 0.3418141164583352598 ) ) ;
#1290 = CARTESIAN_POINT ( 'NONE',  ( 0.9795167122155076234, -20.73778897263038701, 0.8641100656368154720 ) ) ;
#1291 = CARTESIAN_POINT ( 'NONE',  ( -3.661429804400198051, -6.056705642941200729, 8.500000000000000000 ) ) ;
#1292 = DIRECTION ( 'NONE',  ( -1.000000000000000000, 0.000000000000000000, 2.040851148208007998E-16 ) ) ;
#1293 = EDGE_CURVE ( 'NONE', #489, #2049, #3762, .T. ) ;
#1294 = CARTESIAN_POINT ( 'NONE',  ( 3.828402083310960879, -15.36655443236507246, 7.594643876326709453 ) ) ;
#1295 = ADVANCED_FACE ( 'NONE', ( #2923 ), #2495, .F. ) ;
#1296 = CARTESIAN_POINT ( 'NONE',  ( 3.349920995714518845, -15.52656380796659263, 6.613375897697127748 ) ) ;
#1297 = CARTESIAN_POINT ( 'NONE',  ( 0.000000000000000000, -10.22360000000000291, 0.6309999999999758025 ) ) ;
#1298 = CARTESIAN_POINT ( 'NONE',  ( -3.676326382258687353, -5.223599999999977150, 12.43378829214460346 ) ) ;
#1299 = CARTESIAN_POINT ( 'NONE',  ( 3.218725199566341288E-16, -10.22360000000000291, 8.735293592964444187 ) ) ;
#1300 = CARTESIAN_POINT ( 'NONE',  ( -3.015449201764321518, -10.73146821626743552, -0.6961713026423426154 ) ) ;
#1301 = DIRECTION ( 'NONE',  ( -0.000000000000000000, -1.000000000000000000, -0.000000000000000000 ) ) ;
#1302 = CARTESIAN_POINT ( 'NONE',  ( 0.6310000000000006715, -6.023600000000002730, 3.179114782977803699 ) ) ;
#1303 = VERTEX_POINT ( 'NONE', #149 ) ;
#1304 = CARTESIAN_POINT ( 'NONE',  ( 1.260539116192597086E-16, -21.18017553209466897, -1.171355532172452474 ) ) ;
#1305 = ORIENTED_EDGE ( 'NONE', *, *, #5019, .F. ) ;
#1306 = CARTESIAN_POINT ( 'NONE',  ( 0.2405800382647002578, -20.83844312179375535, 0.000000000000000000 ) ) ;
#1307 = CARTESIAN_POINT ( 'NONE',  ( -3.336689490290079885, -5.490078635402475982, 0.8265335420794831522 ) ) ;
#1308 = CARTESIAN_POINT ( 'NONE',  ( 3.187009908993409635, -6.023600000000000954, 11.72890234814082078 ) ) ;
#1309 = VERTEX_POINT ( 'NONE', #4981 ) ;
#1310 = CARTESIAN_POINT ( 'NONE',  ( 5.612235134012151443E-16, -28.05532062337107746, 0.3200000000000008393 ) ) ;
#1311 = ORIENTED_EDGE ( 'NONE', *, *, #2390, .T. ) ;
#1312 = CARTESIAN_POINT ( 'NONE',  ( 1.170827571459689631, -20.59740343260441975, 0.4133457589870178084 ) ) ;
#1313 = CARTESIAN_POINT ( 'NONE',  ( 0.8936571508391926155, -22.21836818016208071, 0.5096889054831761356 ) ) ;
#1314 = CARTESIAN_POINT ( 'NONE',  ( -3.433965986662270264, -6.043475833179253520, 8.500000000000001776 ) ) ;
#1315 = VECTOR ( 'NONE', #2403, 1000.000000000000000 ) ;
#1316 = CARTESIAN_POINT ( 'NONE',  ( 1.034419483452274007E-16, -6.023600000000001842, 8.735293592964444187 ) ) ;
#1317 = VERTEX_POINT ( 'NONE', #2980 ) ;
#1318 = CARTESIAN_POINT ( 'NONE',  ( -3.179826021775944866, -5.998740736633152437, 0.6313863326425102063 ) ) ;
#1319 = CIRCLE ( 'NONE', #5169, 3.241904105585356799 ) ;
#1320 = EDGE_CURVE ( 'NONE', #4504, #511, #4751, .T. ) ;
#1321 = CARTESIAN_POINT ( 'NONE',  ( -3.285456217775788446, -6.023600000000002730, 9.026716770945743207 ) ) ;
#1322 = PLANE ( 'NONE',  #4563 ) ;
#1323 = LINE ( 'NONE', #4253, #2407 ) ;
#1324 = CARTESIAN_POINT ( 'NONE',  ( -3.396081006805117042, -6.023600000000001842, 9.330655880835756477 ) ) ;
#1325 = CARTESIAN_POINT ( 'NONE',  ( 0.3803788195380239934, -22.84673846357391014, 0.8654241768516747202 ) ) ;
#1326 = CARTESIAN_POINT ( 'NONE',  ( 8.673617379884035472E-16, -8.223600000000001131, 1.328125000000000222 ) ) ;
#1327 = B_SPLINE_CURVE_WITH_KNOTS ( 'NONE', 3,
 ( #2940, #603, #4570, #1325, #2252, #3872, #205, #1430, #3066, #4409, #1508, #3986 ),
 .UNSPECIFIED., .F., .F.,
 ( 4, 2, 2, 2, 2, 4 ),
 ( 0.002966507810110727804, 0.003267120083631410484, 0.003567732357152093164, 0.004168956904193452453, 0.004770181451234810875, 0.005371405998276170164 ),
 .UNSPECIFIED. ) ;
#1328 = CARTESIAN_POINT ( 'NONE',  ( -1.147711439991270455, -19.86937676726181223, 6.720195508215468294 ) ) ;
#1329 = EDGE_CURVE ( 'NONE', #2302, #4444, #3971, .T. ) ;
#1330 = ORIENTED_EDGE ( 'NONE', *, *, #190, .T. ) ;
#1331 = CARTESIAN_POINT ( 'NONE',  ( -3.397140196964366421, -15.08003029587506738, 6.739122336800416058 ) ) ;
#1332 = EDGE_LOOP ( 'NONE', ( #4286, #882, #884, #378, #3549 ) ) ;
#1333 = CARTESIAN_POINT ( 'NONE',  ( 0.000000000000000000, -15.69496271135054499, 0.000000000000000000 ) ) ;
#1334 = CARTESIAN_POINT ( 'NONE',  ( 1.404687347596034419, -18.93749577252055261, 6.154039108137166814 ) ) ;
#1335 = CARTESIAN_POINT ( 'NONE',  ( 10.94999999999999929, -8.223600000000001131, -2.234732007287768374E-15 ) ) ;
#1336 = B_SPLINE_CURVE_WITH_KNOTS ( 'NONE', 3,
 ( #2967, #3852, #3019, #2990, #4682, #4651, #1759 ),
 .UNSPECIFIED., .F., .F.,
 ( 4, 3, 4 ),
 ( 0.003821923036320962370, 0.006146774710475100441, 0.006651664720329788713 ),
 .UNSPECIFIED. ) ;
#1337 = EDGE_LOOP ( 'NONE', ( #2221, #1492, #4476 ) ) ;
#1338 = CARTESIAN_POINT ( 'NONE',  ( -11.25000000000000000, -8.223600000000001131, 2.295957541734009343E-15 ) ) ;
#1339 = ORIENTED_EDGE ( 'NONE', *, *, #525, .F. ) ;
#1340 = DIRECTION ( 'NONE',  ( 0.000000000000000000, 0.000000000000000000, -1.000000000000000000 ) ) ;
#1341 = CARTESIAN_POINT ( 'NONE',  ( 0.7211494695598474891, -22.00187092531090371, 0.7972555695887380001 ) ) ;
#1342 = CARTESIAN_POINT ( 'NONE',  ( -2.351595843561842258, -5.223600000000002019, 8.800000000000000711 ) ) ;
#1343 = CARTESIAN_POINT ( 'NONE',  ( 3.469678353327043663, -8.453426493525604712, 8.266104310001107791 ) ) ;
#1344 = ORIENTED_EDGE ( 'NONE', *, *, #848, .F. ) ;
#1345 = DIRECTION ( 'NONE',  ( 0.000000000000000000, -0.2722968797179530220, 0.9622132868007315931 ) ) ;
#1346 = CARTESIAN_POINT ( 'NONE',  ( 2.873635898282728363, -17.48717566720931771, 6.085685622398362860 ) ) ;
#1347 = CARTESIAN_POINT ( 'NONE',  ( 3.339166327848919202, -7.292947888971539783, 8.738341612751606036 ) ) ;
#1348 = FACE_OUTER_BOUND ( 'NONE', #1699, .T. ) ;
#1349 = CARTESIAN_POINT ( 'NONE',  ( -1.746425629107297040, -13.46581578397376511, 0.4031941259273197353 ) ) ;
#1350 = CARTESIAN_POINT ( 'NONE',  ( 2.126572341509307586E-16, -10.22360000000000291, 8.735293592964444187 ) ) ;
#1351 = CARTESIAN_POINT ( 'NONE',  ( -11.02880496164289070, -5.223600000000002908, 0.01306851928290801886 ) ) ;
#1352 = CARTESIAN_POINT ( 'NONE',  ( -3.661589410590443627, -6.045671293964764992, 8.500000000000000000 ) ) ;
#1353 = ORIENTED_EDGE ( 'NONE', *, *, #3332, .T. ) ;
#1354 = DIRECTION ( 'NONE',  ( 0.000000000000000000, 1.000000000000000000, 0.000000000000000000 ) ) ;
#1355 = ORIENTED_EDGE ( 'NONE', *, *, #3114, .T. ) ;
#1356 = AXIS2_PLACEMENT_3D ( 'NONE', #4948, #2949, #2548 ) ;
#1357 = EDGE_CURVE ( 'NONE', #3918, #4882, #642, .T. ) ;
#1358 = CARTESIAN_POINT ( 'NONE',  ( 0.5335178429256629551, -19.78793501619579942, 4.696547861472891938 ) ) ;
#1359 = EDGE_CURVE ( 'NONE', #4970, #3055, #972, .T. ) ;
#1360 = DIRECTION ( 'NONE',  ( 0.000000000000000000, 0.000000000000000000, -1.000000000000000000 ) ) ;
#1361 = CARTESIAN_POINT ( 'NONE',  ( -3.333741034369117173, -9.216328201865101377, 9.159378214238422800 ) ) ;
#1362 = ORIENTED_EDGE ( 'NONE', *, *, #2233, .T. ) ;
#1363 = CARTESIAN_POINT ( 'NONE',  ( 3.552981944157209693, -13.60629592832391843, 7.154134519237117296 ) ) ;
#1364 = ORIENTED_EDGE ( 'NONE', *, *, #549, .T. ) ;
#1365 = B_SPLINE_CURVE_WITH_KNOTS ( 'NONE', 3,
 ( #2059, #1670, #797, #2806 ),
 .UNSPECIFIED., .F., .F.,
 ( 4, 4 ),
 ( 0.000000000000000000, 2.892839873254135394E-05 ),
 .UNSPECIFIED. ) ;
#1366 = CARTESIAN_POINT ( 'NONE',  ( 0.8843764520444795663, -19.47835296647188486, 2.697388634527931650 ) ) ;
#1367 = CARTESIAN_POINT ( 'NONE',  ( 1.205126340432502552, -18.82502559212259285, 0.8983730040056671085 ) ) ;
#1368 = CARTESIAN_POINT ( 'NONE',  ( -3.372500483469572430, -6.052526428691503924, 8.719362653349563175 ) ) ;
#1369 = DIRECTION ( 'NONE',  ( 1.000000000000000000, 0.000000000000000000, 0.000000000000000000 ) ) ;
#1370 = CIRCLE ( 'NONE', #4376, 1.792363797108476042 ) ;
#1371 = ORIENTED_EDGE ( 'NONE', *, *, #1754, .T. ) ;
#1372 = CARTESIAN_POINT ( 'NONE',  ( 3.372500483468472865, -6.052526428691510141, 8.719362653349685743 ) ) ;
#1373 = CARTESIAN_POINT ( 'NONE',  ( -4.006088556222494823, -8.223600000000001131, 8.203172582207447050 ) ) ;
#1374 = CARTESIAN_POINT ( 'NONE',  ( -0.4270855362183568760, -20.61166130684616959, 0.4695211430293557697 ) ) ;
#1375 = CARTESIAN_POINT ( 'NONE',  ( -2.769465471640580656, -5.280430006136659138, 8.661247037227298051 ) ) ;
#1376 = CARTESIAN_POINT ( 'NONE',  ( -3.396081006805117486, -6.037886737116670233, 9.330655880835756477 ) ) ;
#1377 = CARTESIAN_POINT ( 'NONE',  ( -3.235907786353414473, -5.500805454634723368, 0.8167189195237729571 ) ) ;
#1378 = DIRECTION ( 'NONE',  ( 0.000000000000000000, 0.000000000000000000, 1.000000000000000000 ) ) ;
#1379 = AXIS2_PLACEMENT_3D ( 'NONE', #701, #3459, #3142 ) ;
#1380 = CARTESIAN_POINT ( 'NONE',  ( 3.015449201764337062, -10.73146821626737513, -0.6961713026423462791 ) ) ;
#1381 = ORIENTED_EDGE ( 'NONE', *, *, #3315, .F. ) ;
#1382 = CARTESIAN_POINT ( 'NONE',  ( 3.633310370032168279, -7.301378320128309340, 8.499999999999998224 ) ) ;
#1383 = ORIENTED_EDGE ( 'NONE', *, *, #5255, .T. ) ;
#1384 =( BOUNDED_SURFACE ( )  B_SPLINE_SURFACE ( 3, 2, ( 
 ( #966, #2499, #490 ),
 ( #4136, #1684, #2602 ),
 ( #4212, #4634, #87 ),
 ( #4241, #2896, #5005 ),
 ( #1363, #3328, #3002 ),
 ( #4534, #3813, #863 ) ),
 .UNSPECIFIED., .F., .F., .F. ) 
 B_SPLINE_SURFACE_WITH_KNOTS ( ( 4, 2, 4 ),
 ( 3, 3 ),
 ( 0.000000000000000000, 0.004708793036632036993, 0.009417586073264073987 ),
 ( 0.000000000000000000, 1.000000000000000000 ),
 .UNSPECIFIED. ) 
 GEOMETRIC_REPRESENTATION_ITEM ( )  RATIONAL_B_SPLINE_SURFACE ( (
 ( 1.000000000000000000, 0.7416805518586145896, 1.000000000000000000),
 ( 1.000000000000000000, 0.7417761686687069922, 1.000000000000000000),
 ( 1.000000000000000000, 0.7421119110418290532, 1.000000000000000000),
 ( 1.000000000000000000, 0.7434131063973175024, 1.000000000000000000),
 ( 1.000000000000000000, 0.7443725714443494290, 1.000000000000000000),
 ( 1.000000000000000000, 0.7458713068147371228, 1.000000000000000000) ) ) 
 REPRESENTATION_ITEM ( '' )  SURFACE ( )  );
#1385 = CARTESIAN_POINT ( 'NONE',  ( 3.677861117362404286, -5.223600000000002019, -1.431000000000024253 ) ) ;
#1386 = AXIS2_PLACEMENT_3D ( 'NONE', #2669, #258, #2301 ) ;
#1387 = CARTESIAN_POINT ( 'NONE',  ( 0.000000000000000000, -6.023600000000001842, 0.000000000000000000 ) ) ;
#1388 = CARTESIAN_POINT ( 'NONE',  ( 3.661669363670912336, -6.034635792617455863, 8.499999999999998224 ) ) ;
#1389 = ADVANCED_FACE ( 'NONE', ( #2633 ), #2440, .T. ) ;
#1390 = ORIENTED_EDGE ( 'NONE', *, *, #162, .F. ) ;
#1391 = DIRECTION ( 'NONE',  ( -0.000000000000000000, -1.000000000000000000, -0.000000000000000000 ) ) ;
#1392 = ORIENTED_EDGE ( 'NONE', *, *, #4191, .T. ) ;
#1393 = CARTESIAN_POINT ( 'NONE',  ( -0.9686685335937420538, -20.55213133075339016, 1.539460849852001489 ) ) ;
#1394 = CARTESIAN_POINT ( 'NONE',  ( 3.647840094549724910, -8.163414082713208231, 8.384766145226990375 ) ) ;
#1395 = CIRCLE ( 'NONE', #2182, 0.2549999999999996714 ) ;
#1396 = CARTESIAN_POINT ( 'NONE',  ( 0.8971626482503141098, -21.65108312665645585, 0.9011742620034397522 ) ) ;
#1397 = CARTESIAN_POINT ( 'NONE',  ( -3.433709647558126132, -6.053411787816522782, 8.500000000000000000 ) ) ;
#1398 = B_SPLINE_CURVE_WITH_KNOTS ( 'NONE', 3,
 ( #283, #2724, #3613, #5205, #1087, #2277 ),
 .UNSPECIFIED., .F., .F.,
 ( 4, 2, 4 ),
 ( 0.0004942320360625575022, 0.0007679229044423258130, 0.001041613772822094124 ),
 .UNSPECIFIED. ) ;
#1399 = CARTESIAN_POINT ( 'NONE',  ( 3.396543002201467765, -6.061773215555091632, 12.50003054011984993 ) ) ;
#1400 = ORIENTED_EDGE ( 'NONE', *, *, #654, .F. ) ;
#1401 = CARTESIAN_POINT ( 'NONE',  ( 11.25000000000000178, -8.223600000000001131, 8.499999999999996447 ) ) ;
#1402 = CARTESIAN_POINT ( 'NONE',  ( 3.136259717752631015, -16.62407206511976554, 6.309549756080762961 ) ) ;
#1403 = CARTESIAN_POINT ( 'NONE',  ( -0.9428845370988245822, -20.61166130683588094, 1.004323889687549709 ) ) ;
#1404 = AXIS2_PLACEMENT_3D ( 'NONE', #1866, #2274, #999 ) ;
#1405 = CARTESIAN_POINT ( 'NONE',  ( -2.914803351257961861, -9.091518004709048029, -1.192374630911083422 ) ) ;
#1406 = CARTESIAN_POINT ( 'NONE',  ( 2.872324510508467377, -5.476098464800601029, 8.500000000000001776 ) ) ;
#1407 = DIRECTION ( 'NONE',  ( 0.000000000000000000, -0.02248751065975306690, 0.9997471239590176584 ) ) ;
#1408 = VECTOR ( 'NONE', #2292, 1000.000000000000000 ) ;
#1409 = CARTESIAN_POINT ( 'NONE',  ( -2.621829964595576268, -16.31080057646697057, 7.203418625375840101 ) ) ;
#1410 = ORIENTED_EDGE ( 'NONE', *, *, #941, .F. ) ;
#1411 = CARTESIAN_POINT ( 'NONE',  ( 2.707684915284547245, -9.216641532663496506, 1.601078896409691366 ) ) ;
#1412 = ORIENTED_EDGE ( 'NONE', *, *, #4055, .F. ) ;
#1413 = DIRECTION ( 'NONE',  ( 0.000000000000000000, 1.000000000000000000, 0.000000000000000000 ) ) ;
#1414 = DIRECTION ( 'NONE',  ( 0.000000000000000000, 0.000000000000000000, -1.000000000000000000 ) ) ;
#1415 = CARTESIAN_POINT ( 'NONE',  ( -3.901257634669009988, -6.042647619047619045, 8.087719823156225729 ) ) ;
#1416 = B_SPLINE_CURVE_WITH_KNOTS ( 'NONE', 3,
 ( #1758, #4966, #3396, #3720 ),
 .UNSPECIFIED., .F., .F.,
 ( 4, 4 ),
 ( 0.000000000000000000, 2.892839873254133361E-05 ),
 .UNSPECIFIED. ) ;
#1417 = VERTEX_POINT ( 'NONE', #2321 ) ;
#1418 = CYLINDRICAL_SURFACE ( 'NONE', #3134, 0.8000000000000000444 ) ;
#1419 = ORIENTED_EDGE ( 'NONE', *, *, #715, .F. ) ;
#1420 = CARTESIAN_POINT ( 'NONE',  ( 1.045921680627295514, -5.292619052351133391, -3.409023183892291975 ) ) ;
#1421 = ADVANCED_FACE ( 'NONE', ( #2273 ), #1528, .T. ) ;
#1422 = CARTESIAN_POINT ( 'NONE',  ( 0.4060964683849449530, -20.17354013737373819, 1.156721240255128347 ) ) ;
#1423 = CARTESIAN_POINT ( 'NONE',  ( 0.4521512804726865453, -22.08781477909832702, 0.9585789796441182009 ) ) ;
#1424 = EDGE_CURVE ( 'NONE', #2650, #2369, #4804, .T. ) ;
#1425 = DIRECTION ( 'NONE',  ( -0.000000000000000000, -1.000000000000000000, -0.000000000000000000 ) ) ;
#1426 = CARTESIAN_POINT ( 'NONE',  ( 1.220533373455618964, -18.69476201224503953, 6.586612465485607082 ) ) ;
#1427 = EDGE_LOOP ( 'NONE', ( #3884, #2920, #1627, #4737 ) ) ;
#1428 = CARTESIAN_POINT ( 'NONE',  ( 0.9075883152340189497, -19.33754378532492879, 2.934814467912821190 ) ) ;
#1429 = ADVANCED_FACE ( 'NONE', ( #200 ), #1082, .F. ) ;
#1430 = CARTESIAN_POINT ( 'NONE',  ( 0.9340647300170983325, -22.13386773902441007, 0.4691483876933256192 ) ) ;
#1431 = EDGE_CURVE ( 'NONE', #4370, #2317, #1491, .T. ) ;
#1432 = CARTESIAN_POINT ( 'NONE',  ( -2.656233665743036987, -5.223600000000002019, 8.504537519829773018 ) ) ;
#1433 = EDGE_CURVE ( 'NONE', #1761, #430, #2178, .T. ) ;
#1434 = CARTESIAN_POINT ( 'NONE',  ( 1.828232491404131466, -20.61166130683499986, 0.7837235796719006498 ) ) ;
#1435 = CARTESIAN_POINT ( 'NONE',  ( -0.1002248332962457911, -22.94198926555782236, 0.9276379657099831366 ) ) ;
#1436 = CARTESIAN_POINT ( 'NONE',  ( 2.699697973149898012, -17.90548789034567534, 5.986733885748052764 ) ) ;
#1437 = CARTESIAN_POINT ( 'NONE',  ( 3.372552314694398756, -5.405912340627020640, 8.499999999999998224 ) ) ;
#1438 = DIRECTION ( 'NONE',  ( -1.224646799147352714E-16, 0.000000000000000000, -1.000000000000000000 ) ) ;
#1439 = VERTEX_POINT ( 'NONE', #1863 ) ;
#1440 = ORIENTED_EDGE ( 'NONE', *, *, #4632, .T. ) ;
#1441 = CARTESIAN_POINT ( 'NONE',  ( -1.739576869458931354E-17, -21.11166130683500697, -0.6760719760785030008 ) ) ;
#1442 = LINE ( 'NONE', #4713, #1922 ) ;
#1443 = CARTESIAN_POINT ( 'NONE',  ( 0.6310000000000006715, -6.023600000000001842, 3.089420301609806074 ) ) ;
#1444 = ORIENTED_EDGE ( 'NONE', *, *, #482, .F. ) ;
#1445 = CARTESIAN_POINT ( 'NONE',  ( 3.322407740230535644, -5.223600000000002019, 11.46728376463501853 ) ) ;
#1446 = ORIENTED_EDGE ( 'NONE', *, *, #619, .T. ) ;
#1447 = CARTESIAN_POINT ( 'NONE',  ( 3.218725199566341288E-16, -10.22360000000000291, 8.735293592964444187 ) ) ;
#1448 = CARTESIAN_POINT ( 'NONE',  ( 0.8974718130290275653, -21.65030429743085705, 0.9002100905204438730 ) ) ;
#1449 = CARTESIAN_POINT ( 'NONE',  ( -0.4740997832039370863, -21.62418521418590700, 1.543567409091826104 ) ) ;
#1450 = AXIS2_PLACEMENT_3D ( 'NONE', #5021, #984, #1407 ) ;
#1451 = DIRECTION ( 'NONE',  ( -1.000000000000000000, 0.000000000000000000, 0.000000000000000000 ) ) ;
#1452 = CARTESIAN_POINT ( 'NONE',  ( 3.309852927362107788, -8.001379674755719762, 8.760626727089540822 ) ) ;
#1453 = ORIENTED_EDGE ( 'NONE', *, *, #417, .F. ) ;
#1454 = CARTESIAN_POINT ( 'NONE',  ( 3.983880003888560228, -8.328984624617813637, 10.94562035250050336 ) ) ;
#1455 = CARTESIAN_POINT ( 'NONE',  ( -3.241950694283775025, -5.223600000000002908, 8.218144375702145510 ) ) ;
#1456 = ORIENTED_EDGE ( 'NONE', *, *, #2644, .T. ) ;
#1457 = CARTESIAN_POINT ( 'NONE',  ( -1.229382167400220993, -20.61166130683501052, 0.2047085124415469470 ) ) ;
#1458 = CARTESIAN_POINT ( 'NONE',  ( -3.269502586387545318, -5.676300618911392704, 9.208484537541366421 ) ) ;
#1459 = EDGE_CURVE ( 'NONE', #1471, #3954, #3581, .T. ) ;
#1460 = AXIS2_PLACEMENT_3D ( 'NONE', #3933, #4788, #3960 ) ;
#1461 = FACE_OUTER_BOUND ( 'NONE', #507, .T. ) ;
#1462 = CARTESIAN_POINT ( 'NONE',  ( 1.586318367774069415E-15, -6.061773215555091632, 12.95327247724422293 ) ) ;
#1463 = DIRECTION ( 'NONE',  ( 0.2622150509200164015, 0.000000000000000000, -0.9650094647572183826 ) ) ;
#1464 = ORIENTED_EDGE ( 'NONE', *, *, #485, .F. ) ;
#1465 = CARTESIAN_POINT ( 'NONE',  ( 0.7710664072876101116, -8.919563329891042613, 3.058665985204013893 ) ) ;
#1466 = VERTEX_POINT ( 'NONE', #4379 ) ;
#1467 = CARTESIAN_POINT ( 'NONE',  ( -3.313524590675757331, -7.912644588007943014, 8.757835431623657740 ) ) ;
#1468 = CYLINDRICAL_SURFACE ( 'NONE', #2266, 0.2549999999999998379 ) ;
#1469 = CIRCLE ( 'NONE', #365, 1.792363797108476042 ) ;
#1470 = CARTESIAN_POINT ( 'NONE',  ( -3.241950693888405954, -5.223600000000002019, 8.218144373439454142 ) ) ;
#1471 = VERTEX_POINT ( 'NONE', #1130 ) ;
#1472 = CARTESIAN_POINT ( 'NONE',  ( 3.337339725020711079, -5.223600000000002908, 11.57908764817228686 ) ) ;
#1473 = ORIENTED_EDGE ( 'NONE', *, *, #4508, .T. ) ;
#1474 = AXIS2_PLACEMENT_3D ( 'NONE', #1635, #1663, #3309 ) ;
#1475 = CARTESIAN_POINT ( 'NONE',  ( 0.6580256276122160575, -5.789346611370204343, -3.111294571240740936 ) ) ;
#1476 = CARTESIAN_POINT ( 'NONE',  ( 0.05500110889109591228, -20.29241098832034851, 0.8498342873605804204 ) ) ;
#1477 = CARTESIAN_POINT ( 'NONE',  ( -0.2021153278021622646, -22.11625456152300728, 1.026849661512733380 ) ) ;
#1478 = CARTESIAN_POINT ( 'NONE',  ( -0.9700735108840466969, -21.56510260066534101, 0.7254200105683744626 ) ) ;
#1479 = DIRECTION ( 'NONE',  ( 0.000000000000000000, 1.000000000000000000, 0.000000000000000000 ) ) ;
#1480 = EDGE_LOOP ( 'NONE', ( #518, #3940, #5006, #5195 ) ) ;
#1481 = CARTESIAN_POINT ( 'NONE',  ( -2.757434606840071023, -5.316182033633809922, 8.694889986451089570 ) ) ;
#1482 = CARTESIAN_POINT ( 'NONE',  ( -0.6310000000000000053, -8.683707792995020824, -3.094757824535600665 ) ) ;
#1483 = CARTESIAN_POINT ( 'NONE',  ( 0.5499563590550556880, -20.06141618636088708, 1.433568591775488343 ) ) ;
#1484 = CARTESIAN_POINT ( 'NONE',  ( -3.100094794110751284, -8.515495766360171359, -0.6310000000000370868 ) ) ;
#1485 = CIRCLE ( 'NONE', #4486, 1.792363797108476042 ) ;
#1486 = CARTESIAN_POINT ( 'NONE',  ( 2.125525842558598999, -17.97878913947759827, 6.613371527215274881 ) ) ;
#1487 = EDGE_CURVE ( 'NONE', #1069, #327, #3904, .T. ) ;
#1488 = CARTESIAN_POINT ( 'NONE',  ( 3.864317489770761949, -8.230981117267743841, 7.971252231432544910 ) ) ;
#1489 = CARTESIAN_POINT ( 'NONE',  ( 0.000000000000000000, -19.86937676726181579, 6.817497284057122187 ) ) ;
#1490 = VECTOR ( 'NONE', #4911, 1000.000000000000000 ) ;
#1491 = CIRCLE ( 'NONE', #3896, 4.025122630638374943 ) ;
#1492 = ORIENTED_EDGE ( 'NONE', *, *, #4866, .T. ) ;
#1493 = EDGE_LOOP ( 'NONE', ( #5109, #170, #2707 ) ) ;
#1494 = CARTESIAN_POINT ( 'NONE',  ( 2.456801023159679964, -5.223599999999998467, 8.765378718915650680 ) ) ;
#1495 = AXIS2_PLACEMENT_3D ( 'NONE', #3548, #4374, #5167 ) ;
#1496 = CARTESIAN_POINT ( 'NONE',  ( -3.184876652152388132, -5.587405862853894511, -0.7512207744492294115 ) ) ;
#1497 = EDGE_CURVE ( 'NONE', #4293, #3250, #1150, .T. ) ;
#1498 = CARTESIAN_POINT ( 'NONE',  ( -3.135818020468704947, -16.62590111667976345, 6.309055206938880112 ) ) ;
#1499 = VERTEX_POINT ( 'NONE', #4007 ) ;
#1500 = CARTESIAN_POINT ( 'NONE',  ( -3.372767536383865838, -5.956451439036724693, 8.719156112495678457 ) ) ;
#1501 = ORIENTED_EDGE ( 'NONE', *, *, #1933, .F. ) ;
#1502 = DIRECTION ( 'NONE',  ( -0.000000000000000000, -1.000000000000000000, -0.000000000000000000 ) ) ;
#1503 = CARTESIAN_POINT ( 'NONE',  ( -0.7992800991633777219, -21.64425596022626763, 1.136004827551102769 ) ) ;
#1504 = CARTESIAN_POINT ( 'NONE',  ( -0.9466366841231665941, -19.88544577355954246, 2.388120851341351880 ) ) ;
#1505 = CARTESIAN_POINT ( 'NONE',  ( 3.610344617159372493, -7.923600000000001309, 8.499999999999998224 ) ) ;
#1506 = VERTEX_POINT ( 'NONE', #333 ) ;
#1507 = CARTESIAN_POINT ( 'NONE',  ( 3.388620832951985129, -6.606305937294743913, 12.47838730166747112 ) ) ;
#1508 = CARTESIAN_POINT ( 'NONE',  ( 1.089045895873336889, -21.35843541453798267, 0.3593860633600223786 ) ) ;
#1509 = FACE_OUTER_BOUND ( 'NONE', #234, .T. ) ;
#1510 = CARTESIAN_POINT ( 'NONE',  ( 4.006088556222503705, -8.223600000000001131, 8.203172582207443497 ) ) ;
#1511 = CARTESIAN_POINT ( 'NONE',  ( -3.094757824535592228, -8.683707792995061681, -0.6310000000000373088 ) ) ;
#1512 = PLANE ( 'NONE',  #2953 ) ;
#1513 = CARTESIAN_POINT ( 'NONE',  ( 0.6677926086402546924, -21.11166130683492526, -0.1054815087307034854 ) ) ;
#1514 = CIRCLE ( 'NONE', #2216, 0.8000000000000002665 ) ;
#1515 = CARTESIAN_POINT ( 'NONE',  ( 8.673617379884035472E-16, -8.223600000000001131, 1.328125000000000222 ) ) ;
#1516 = CARTESIAN_POINT ( 'NONE',  ( 10.94999999999999929, -5.223600000000002019, 0.01776588295419893881 ) ) ;
#1517 = ORIENTED_EDGE ( 'NONE', *, *, #3217, .F. ) ;
#1518 = ORIENTED_EDGE ( 'NONE', *, *, #5028, .F. ) ;
#1519 = LINE ( 'NONE', #5268, #3624 ) ;
#1520 = DIRECTION ( 'NONE',  ( 2.040851148208007998E-16, 0.000000000000000000, 1.000000000000000000 ) ) ;
#1521 = CARTESIAN_POINT ( 'NONE',  ( -2.530287790087446087, -16.92216275616274501, 7.159240138144427945 ) ) ;
#1522 = EDGE_CURVE ( 'NONE', #2443, #4945, #1711, .T. ) ;
#1523 = ORIENTED_EDGE ( 'NONE', *, *, #4422, .F. ) ;
#1524 = CARTESIAN_POINT ( 'NONE',  ( 10.95000000000000107, -5.223600000000002019, 8.199999999999997513 ) ) ;
#1525 = EDGE_LOOP ( 'NONE', ( #4535, #2310, #329, #4997, #3352 ) ) ;
#1526 = CARTESIAN_POINT ( 'NONE',  ( -0.9075883152313277691, -19.33754378531745388, 2.934814467914020231 ) ) ;
#1527 = CARTESIAN_POINT ( 'NONE',  ( 0.5875211246600113846, -22.05507566193843516, 0.8910476673315527174 ) ) ;
#1528 = CYLINDRICAL_SURFACE ( 'NONE', #1840, 0.2999999999999999334 ) ;
#1529 = DIRECTION ( 'NONE',  ( 0.000000000000000000, 1.000000000000000000, 0.000000000000000000 ) ) ;
#1530 = ORIENTED_EDGE ( 'NONE', *, *, #2591, .F. ) ;
#1531 = TOROIDAL_SURFACE ( 'NONE', #685, 4.041517772942823328, 0.8000000000000000444 ) ;
#1532 = PRESENTATION_STYLE_ASSIGNMENT (( #2276 ) ) ;
#1533 = CARTESIAN_POINT ( 'NONE',  ( -1.237685501718740255, -19.03502577419966713, 6.118069423759046721 ) ) ;
#1534 = CARTESIAN_POINT ( 'NONE',  ( 1.296825401314745552, -20.61166130683786335, 1.877081590308008252 ) ) ;
#1535 = CARTESIAN_POINT ( 'NONE',  ( -1.089002206389676486, -21.35885658381602781, 0.3593341409392337149 ) ) ;
#1536 = CARTESIAN_POINT ( 'NONE',  ( -1.739576869458931354E-17, -21.18017553209466897, -3.921601983822704400E-14 ) ) ;
#1537 = CARTESIAN_POINT ( 'NONE',  ( 2.203538188791570374, -17.81119298356369995, 6.699389109690996769 ) ) ;
#1538 = B_SPLINE_CURVE_WITH_KNOTS ( 'NONE', 3,
 ( #4622, #501, #4648, #2938 ),
 .UNSPECIFIED., .F., .F.,
 ( 4, 4 ),
 ( 4.336808689942017736E-19, 4.181363196448942081E-05 ),
 .UNSPECIFIED. ) ;
#1539 = CARTESIAN_POINT ( 'NONE',  ( 0.000000000000000000, -5.223600000000002019, 0.000000000000000000 ) ) ;
#1540 = CARTESIAN_POINT ( 'NONE',  ( -1.045954263008637586, -5.292599787685679402, 3.409047223081959732 ) ) ;
#1541 = VERTEX_POINT ( 'NONE', #977 ) ;
#1542 = VECTOR ( 'NONE', #1978, 1000.000000000000114 ) ;
#1543 = CARTESIAN_POINT ( 'NONE',  ( -1.739079521917940463, -9.256198842510842795, 2.633403228964863452 ) ) ;
#1544 = CARTESIAN_POINT ( 'NONE',  ( -3.272888331890559943, -5.730960675665579096, 8.645178580633384513 ) ) ;
#1545 = FACE_OUTER_BOUND ( 'NONE', #1738, .T. ) ;
#1546 = ORIENTED_EDGE ( 'NONE', *, *, #2613, .T. ) ;
#1547 = CARTESIAN_POINT ( 'NONE',  ( 2.834791727495646452, -5.223600000000002019, 8.387570762839835936 ) ) ;
#1548 = ORIENTED_EDGE ( 'NONE', *, *, #3236, .F. ) ;
#1549 = CARTESIAN_POINT ( 'NONE',  ( -0.1462148875831374151, -10.22360000000000291, 8.746151324363943047 ) ) ;
#1550 = EDGE_CURVE ( 'NONE', #2317, #5246, #2929, .T. ) ;
#1551 = CARTESIAN_POINT ( 'NONE',  ( -0.9185974730566159874, -21.82345049670843196, 0.5989905270225879264 ) ) ;
#1552 = CARTESIAN_POINT ( 'NONE',  ( -0.9075883152340189497, -19.33754378532492879, 2.934814467912828295 ) ) ;
#1553 = ADVANCED_FACE ( 'NONE', ( #3822 ), #3042, .F. ) ;
#1554 = CARTESIAN_POINT ( 'NONE',  ( 2.853093912904173468, -9.138939787566567219, -1.330507207058732044 ) ) ;
#1555 = TOROIDAL_SURFACE ( 'NONE', #5061, -25.41077016679313516, 34.39999999999999858 ) ;
#1556 = ORIENTED_EDGE ( 'NONE', *, *, #2132, .F. ) ;
#1557 = CARTESIAN_POINT ( 'NONE',  ( 2.923530743441506541, -5.411291795013391415, 8.866034415386561562 ) ) ;
#1558 = CARTESIAN_POINT ( 'NONE',  ( -2.901524475854439178, -5.439142953672178926, 8.708728344748232431 ) ) ;
#1559 = CARTESIAN_POINT ( 'NONE',  ( 2.122050892048946924, -20.61166130683511000, 1.186630016575900060 ) ) ;
#1560 = EDGE_CURVE ( 'NONE', #4949, #1676, #2870, .T. ) ;
#1561 = CARTESIAN_POINT ( 'NONE',  ( -2.731813411984777229, -5.223600000000002019, 8.590603470519353024 ) ) ;
#1562 = EDGE_CURVE ( 'NONE', #405, #4188, #4156, .T. ) ;
#1563 = CARTESIAN_POINT ( 'NONE',  ( -2.020673809357784734, -17.98118259699371535, 5.551755663293853615 ) ) ;
#1564 = AXIS2_PLACEMENT_3D ( 'NONE', #1387, #59, #1360 ) ;
#1565 = FACE_OUTER_BOUND ( 'NONE', #591, .T. ) ;
#1566 = VECTOR ( 'NONE', #472, 1000.000000000000227 ) ;
#1567 = CARTESIAN_POINT ( 'NONE',  ( -0.6677926086382334203, -20.61166130683515618, -0.1054815087427073139 ) ) ;
#1568 = CARTESIAN_POINT ( 'NONE',  ( 11.21744946452858116, -5.366787503258612979, 0.001912096936273270350 ) ) ;
#1569 = B_SPLINE_CURVE_WITH_KNOTS ( 'NONE', 3,
 ( #4781, #3153, #5096, #1108, #5149, #683 ),
 .UNSPECIFIED., .F., .F.,
 ( 4, 2, 4 ),
 ( 4.207171616196348576E-16, 0.0002656511765618889106, 0.0005313023531233570422 ),
 .UNSPECIFIED. ) ;
#1570 = ORIENTED_EDGE ( 'NONE', *, *, #1571, .T. ) ;
#1571 = EDGE_CURVE ( 'NONE', #311, #661, #4145, .T. ) ;
#1572 = CARTESIAN_POINT ( 'NONE',  ( -3.322377683244206903, -8.245946784993071432, 8.632467606972682006 ) ) ;
#1573 = CARTESIAN_POINT ( 'NONE',  ( 2.264911175910456337E-17, -14.37846474612108771, 7.308348064154163382 ) ) ;
#1574 = CARTESIAN_POINT ( 'NONE',  ( -2.947955680448298477, -17.27572585516981007, 6.138638956059763174 ) ) ;
#1575 = VECTOR ( 'NONE', #2481, 1000.000000000000114 ) ;
#1576 = ORIENTED_EDGE ( 'NONE', *, *, #1719, .T. ) ;
#1577 = CARTESIAN_POINT ( 'NONE',  ( 2.834791727493152003, -5.223600000000002019, 8.387570762841466632 ) ) ;
#1578 = ORIENTED_EDGE ( 'NONE', *, *, #3, .F. ) ;
#1579 = CARTESIAN_POINT ( 'NONE',  ( -0.8995131166201018047, -19.66511819575712394, 2.493223680744062420 ) ) ;
#1580 = CARTESIAN_POINT ( 'NONE',  ( -0.3287057722825106332, -18.87058053269525715, 1.868899110009958120 ) ) ;
#1581 = DIRECTION ( 'NONE',  ( 0.000000000000000000, 0.000000000000000000, 1.000000000000000000 ) ) ;
#1582 = ORIENTED_EDGE ( 'NONE', *, *, #5123, .T. ) ;
#1583 = ADVANCED_FACE ( 'NONE', ( #2930 ), #3599, .F. ) ;
#1584 = CYLINDRICAL_SURFACE ( 'NONE', #3873, 3.225122630638346255 ) ;
#1585 = CARTESIAN_POINT ( 'NONE',  ( 0.6350267103686279002, -5.881645722948625199, 3.182814635206081988 ) ) ;
#1586 = CARTESIAN_POINT ( 'NONE',  ( 0.6310000000000005604, -6.015313349267702669, 3.179377433029960009 ) ) ;
#1587 = CARTESIAN_POINT ( 'NONE',  ( -3.012472003038287660, -5.536353066031401760, 8.500000000000000000 ) ) ;
#1588 = ADVANCED_FACE ( 'NONE', ( #3100 ), #318, .F. ) ;
#1589 =( BOUNDED_SURFACE ( )  B_SPLINE_SURFACE ( 3, 2, ( 
 ( #2582, #121, #1716 ),
 ( #1746, #1774, #4562 ),
 ( #3388, #898, #543 ),
 ( #1343, #4171, #2981 ),
 ( #495, #4220, #2195 ),
 ( #3819, #1836, #4697 ),
 ( #2744, #1920, #2350 ),
 ( #3527, #310, #4272 ),
 ( #1452, #4380, #1026 ),
 ( #3091, #2634, #1505 ) ),
 .UNSPECIFIED., .F., .F., .F. ) 
 B_SPLINE_SURFACE_WITH_KNOTS ( ( 4, 2, 2, 2, 4 ),
 ( 3, 3 ),
 ( -2.520770051028797809E-18, 0.0002646454280914635211, 0.0005292908561829295358, 0.0007939362842743955505, 0.001058581712365861674 ),
 ( 0.000000000000000000, 1.000000000000000000 ),
 .UNSPECIFIED. ) 
 GEOMETRIC_REPRESENTATION_ITEM ( )  RATIONAL_B_SPLINE_SURFACE ( (
 ( 1.000000000000000000, 0.7494509269400080331, 1.000000000000000000),
 ( 1.000000000000000000, 0.7676701219299615353, 1.000000000000000000),
 ( 1.000000000000000000, 0.7881264384560904279, 1.000000000000000000),
 ( 1.000000000000000000, 0.8116047693974481891, 1.000000000000000000),
 ( 1.000000000000000000, 0.8138070996606694418, 1.000000000000000000),
 ( 1.000000000000000000, 0.7997011461333569660, 1.000000000000000000),
 ( 1.000000000000000000, 0.7845823806026764879, 1.000000000000000000),
 ( 1.000000000000000000, 0.7613631298141868564, 1.000000000000000000),
 ( 1.000000000000000000, 0.7534842689685655737, 1.000000000000000000),
 ( 1.000000000000000000, 0.7551650684633348654, 1.000000000000000000) ) ) 
 REPRESENTATION_ITEM ( '' )  SURFACE ( )  );
#1590 = CARTESIAN_POINT ( 'NONE',  ( 0.000000000000000000, -6.023600000000001842, 0.000000000000000000 ) ) ;
#1591 = PRODUCT ( 'Coaxial Nozzle_OD 640microns ID 27G', 'Coaxial Nozzle_OD 640microns ID 27G', '', ( #1172 ) ) ;
#1592 = CARTESIAN_POINT ( 'NONE',  ( 0.000000000000000000, -5.223600000000002019, 3.266002527742168926 ) ) ;
#1593 = CYLINDRICAL_SURFACE ( 'NONE', #2912, 0.8000000000000000444 ) ;
#1594 = ORIENTED_EDGE ( 'NONE', *, *, #3693, .T. ) ;
#1595 = ADVANCED_FACE ( 'NONE', ( #1062 ), #2332, .T. ) ;
#1596 = CARTESIAN_POINT ( 'NONE',  ( -0.2325607036558766938, -18.47333018915866987, 4.104975689306183284 ) ) ;
#1597 = DIRECTION ( 'NONE',  ( 0.000000000000000000, 0.000000000000000000, 1.000000000000000000 ) ) ;
#1598 = CARTESIAN_POINT ( 'NONE',  ( -3.285750510747544428, -5.982830059884097551, 9.027525327460509175 ) ) ;
#1599 = CARTESIAN_POINT ( 'NONE',  ( 1.931501387937158537E-16, -17.33419824958559730, -1.577190573871539936 ) ) ;
#1600 = ORIENTED_EDGE ( 'NONE', *, *, #5060, .F. ) ;
#1601 = CARTESIAN_POINT ( 'NONE',  ( 3.388293637722305629, -5.223600000000002019, 8.474181825063471507 ) ) ;
#1602 = ORIENTED_EDGE ( 'NONE', *, *, #4184, .T. ) ;
#1603 = CARTESIAN_POINT ( 'NONE',  ( -0.1516302537899206493, -14.69698022651288838, 7.207576790917057608 ) ) ;
#1604 = CARTESIAN_POINT ( 'NONE',  ( 3.179614586540017385, -6.007024849792318655, 0.6311287870812066769 ) ) ;
#1605 = ORIENTED_EDGE ( 'NONE', *, *, #2516, .F. ) ;
#1606 = CARTESIAN_POINT ( 'NONE',  ( 10.94999999999999929, -5.223600000000002019, 0.01776588295419893881 ) ) ;
#1607 = ORIENTED_EDGE ( 'NONE', *, *, #444, .T. ) ;
#1608 = DIRECTION ( 'NONE',  ( 0.000000000000000000, 0.2722968797185516543, -0.9622132868005620621 ) ) ;
#1609 = DIRECTION ( 'NONE',  ( -0.000000000000000000, 0.000000000000000000, 1.000000000000000000 ) ) ;
#1610 = CARTESIAN_POINT ( 'NONE',  ( 2.731813411984679085, -5.223600000000001131, 8.590603470519406315 ) ) ;
#1611 = CARTESIAN_POINT ( 'NONE',  ( -1.196586930168078489, -18.75130709778903437, 6.522201125152751189 ) ) ;
#1612 = AXIS2_PLACEMENT_3D ( 'NONE', #2066, #3697, #1378 ) ;
#1613 = DIRECTION ( 'NONE',  ( 0.000000000000000000, 1.000000000000000000, 0.000000000000000000 ) ) ;
#1614 = ADVANCED_FACE ( 'NONE', ( #4417 ), #5184, .F. ) ;
#1615 = FACE_OUTER_BOUND ( 'NONE', #2416, .T. ) ;
#1616 = CIRCLE ( 'NONE', #2567, 0.2999999999999999889 ) ;
#1617 = DIRECTION ( 'NONE',  ( 0.000000000000000000, 0.000000000000000000, 1.000000000000000000 ) ) ;
#1618 = VERTEX_POINT ( 'NONE', #291 ) ;
#1619 = B_SPLINE_CURVE_WITH_KNOTS ( 'NONE', 3,
 ( #2857, #4147, #4494, #825, #473, #4120, #2087 ),
 .UNSPECIFIED., .F., .F.,
 ( 4, 3, 4 ),
 ( 0.003821923036320963672, 0.006146774710475097839, 0.006651664720330711586 ),
 .UNSPECIFIED. ) ;
#1620 = CARTESIAN_POINT ( 'NONE',  ( -0.1570456199967035504, -18.46264444686208961, 4.100167105272724655 ) ) ;
#1621 = CARTESIAN_POINT ( 'NONE',  ( -3.409209320129121590, -8.418911276579791547, 8.372284033336274689 ) ) ;
#1622 = CARTESIAN_POINT ( 'NONE',  ( -3.396081006805117042, -6.023600000000001842, 9.330655880835756477 ) ) ;
#1623 = CARTESIAN_POINT ( 'NONE',  ( -0.6313863326425324107, -5.998740736633152437, 3.179826021775939981 ) ) ;
#1624 = CIRCLE ( 'NONE', #3345, 0.9999999999999991118 ) ;
#1625 = ORIENTED_EDGE ( 'NONE', *, *, #124, .F. ) ;
#1626 = CARTESIAN_POINT ( 'NONE',  ( -0.5969682281191616147, -20.48399690036356446, 0.6631000010887461160 ) ) ;
#1627 = ORIENTED_EDGE ( 'NONE', *, *, #1831, .T. ) ;
#1628 = CARTESIAN_POINT ( 'NONE',  ( -0.9034297955834394989, -19.96128770257658402, 2.040798278700686197 ) ) ;
#1629 = DIRECTION ( 'NONE',  ( 0.2249510543438620891, 0.000000000000000000, -0.9743700647852359120 ) ) ;
#1630 = CARTESIAN_POINT ( 'NONE',  ( 0.000000000000000000, -20.61166130683500342, 0.000000000000000000 ) ) ;
#1631 = CARTESIAN_POINT ( 'NONE',  ( 0.6309999999999998943, -8.851919802070733923, -3.089420301609853592 ) ) ;
#1632 = EDGE_LOOP ( 'NONE', ( #4350, #3198, #4322, #3874 ) ) ;
#1633 = CARTESIAN_POINT ( 'NONE',  ( 3.023592574623407803, -5.496116521807350885, 8.495971411676331186 ) ) ;
#1634 = ADVANCED_FACE ( 'NONE', ( #4815 ), #4831, .T. ) ;
#1635 = CARTESIAN_POINT ( 'NONE',  ( 8.673617379884035472E-16, -5.523600000000001842, 1.328125000000000222 ) ) ;
#1636 = CARTESIAN_POINT ( 'NONE',  ( -2.541850148011764343, -5.223600000000001131, 8.688550630902616589 ) ) ;
#1637 = STYLED_ITEM ( 'NONE', ( #1532 ), #1894 ) ;
#1638 = DIRECTION ( 'NONE',  ( -0.000000000000000000, -1.000000000000000000, -0.000000000000000000 ) ) ;
#1639 = CIRCLE ( 'NONE', #2173, 2.961890362146194722 ) ;
#1640 = DIRECTION ( 'NONE',  ( 0.9505833727517921661, 0.000000000000000000, 0.3104694050109086390 ) ) ;
#1641 = CARTESIAN_POINT ( 'NONE',  ( 11.25000000000000178, -5.347864068711929875, 8.499999999999996447 ) ) ;
#1642 = CARTESIAN_POINT ( 'NONE',  ( 2.351595843561888000, -5.223600000000002019, 8.800000000000002487 ) ) ;
#1643 = B_SPLINE_CURVE_WITH_KNOTS ( 'NONE', 3,
 ( #2108, #1715, #3818, #896, #945, #2554, #120, #494, #67, #3333 ),
 .UNSPECIFIED., .F., .F.,
 ( 4, 2, 2, 2, 4 ),
 ( 0.000000000000000000, 0.0004115211904461681461, 0.0008230423808923362922, 0.001234563571338503354, 0.001646084761784670416 ),
 .UNSPECIFIED. ) ;
#1644 = CARTESIAN_POINT ( 'NONE',  ( -0.9333333333333333481, -14.87911484186691702, 7.535419098554304362 ) ) ;
#1645 = AXIS2_PLACEMENT_3D ( 'NONE', #4994, #1727, #4623 ) ;
#1646 = DIRECTION ( 'NONE',  ( 0.000000000000000000, 0.000000000000000000, -1.000000000000000000 ) ) ;
#1647 = CARTESIAN_POINT ( 'NONE',  ( -3.396081003381910879, -5.959234507753033760, 9.330655871430575843 ) ) ;
#1648 = B_SPLINE_CURVE_WITH_KNOTS ( 'NONE', 3,
 ( #4360, #337, #3504, #1897, #4384, #3157, #742, #2697, #4700, #688, #5125, #5232, #233, #1533, #4809, #716 ),
 .UNSPECIFIED., .F., .F.,
 ( 4, 2, 2, 2, 2, 2, 2, 4 ),
 ( 1.414843540416075992E-16, 0.001177813065876833279, 0.002355626131753525178, 0.002944532664691866357, 0.003533439197630207536, 0.004122345730568549582, 0.004416798997037716702, 0.004711252263506882955 ),
 .UNSPECIFIED. ) ;
#1649 = FACE_OUTER_BOUND ( 'NONE', #4057, .T. ) ;
#1650 = ORIENTED_EDGE ( 'NONE', *, *, #1487, .F. ) ;
#1651 = DIRECTION ( 'NONE',  ( 0.000000000000000000, 0.000000000000000000, -1.000000000000000000 ) ) ;
#1652 = ORIENTED_EDGE ( 'NONE', *, *, #3994, .T. ) ;
#1653 = EDGE_CURVE ( 'NONE', #3812, #2885, #553, .T. ) ;
#1654 = CARTESIAN_POINT ( 'NONE',  ( 0.02483617544653973427, -10.22360000000000291, 8.735293592964444187 ) ) ;
#1655 = EDGE_CURVE ( 'NONE', #2393, #384, #255, .T. ) ;
#1656 = CARTESIAN_POINT ( 'NONE',  ( -0.7517540966287012960, -6.023600000000001842, 0.2736161146605264327 ) ) ;
#1657 = DIRECTION ( 'NONE',  ( -2.040851148208007998E-16, 0.000000000000000000, -1.000000000000000000 ) ) ;
#1658 = ORIENTED_EDGE ( 'NONE', *, *, #1681, .F. ) ;
#1659 = CARTESIAN_POINT ( 'NONE',  ( 0.000000000000000000, -8.495069740634006550, -8.833316705776791622 ) ) ;
#1660 = ORIENTED_EDGE ( 'NONE', *, *, #2937, .T. ) ;
#1661 = AXIS2_PLACEMENT_3D ( 'NONE', #1890, #5276, #358 ) ;
#1662 = CARTESIAN_POINT ( 'NONE',  ( 3.396081006805142799, -6.023600000000001842, 9.330655880835745819 ) ) ;
#1663 = DIRECTION ( 'NONE',  ( -0.000000000000000000, -1.000000000000000000, -0.000000000000000000 ) ) ;
#1664 = AXIS2_PLACEMENT_3D ( 'NONE', #274, #1391, #5089 ) ;
#1665 = CARTESIAN_POINT ( 'NONE',  ( -2.784111393472250118, -5.284586853223183667, 8.656301431719310102 ) ) ;
#1666 = DIRECTION ( 'NONE',  ( -0.000000000000000000, -1.000000000000000000, -0.000000000000000000 ) ) ;
#1667 = ADVANCED_FACE ( 'NONE', ( #1461 ), #4141, .F. ) ;
#1668 = CARTESIAN_POINT ( 'NONE',  ( -1.739576869458931354E-17, -29.61166130683500697, 0.004999999999960797088 ) ) ;
#1669 = DIRECTION ( 'NONE',  ( -0.000000000000000000, -1.000000000000000000, 0.000000000000000000 ) ) ;
#1670 = CARTESIAN_POINT ( 'NONE',  ( 3.372678321716218175, -6.042886250881423393, 8.719225070503220820 ) ) ;
#1671 = CARTESIAN_POINT ( 'NONE',  ( 0.1516302537899206493, -14.69698022651288838, 7.207576790917057608 ) ) ;
#1672 = CARTESIAN_POINT ( 'NONE',  ( -3.678986446776238317, -11.35374236266214609, 10.10793218899728529 ) ) ;
#1673 = DIRECTION ( 'NONE',  ( 2.040851148208007998E-16, 0.000000000000000000, 1.000000000000000000 ) ) ;
#1674 = EDGE_CURVE ( 'NONE', #1317, #3039, #1216, .T. ) ;
#1675 = CARTESIAN_POINT ( 'NONE',  ( -0.6350267103686264569, -5.881645722948626087, 3.182814635206082432 ) ) ;
#1676 = VERTEX_POINT ( 'NONE', #4465 ) ;
#1677 = CARTESIAN_POINT ( 'NONE',  ( -3.850024544417778305, -8.494772753030231272, 7.950175863090722217 ) ) ;
#1678 = ORIENTED_EDGE ( 'NONE', *, *, #1794, .T. ) ;
#1679 = PLANE ( 'NONE',  #969 ) ;
#1680 = CARTESIAN_POINT ( 'NONE',  ( -2.220265609608294112E-16, -10.22360000000000291, 10.53529359296444490 ) ) ;
#1681 = EDGE_CURVE ( 'NONE', #4557, #3093, #646, .T. ) ;
#1682 = EDGE_CURVE ( 'NONE', #4782, #3985, #386, .T. ) ;
#1683 = ORIENTED_EDGE ( 'NONE', *, *, #750, .F. ) ;
#1684 = CARTESIAN_POINT ( 'NONE',  ( 3.074138204973983601, -7.587327701243100186, 8.446125302444050575 ) ) ;
#1685 = ORIENTED_EDGE ( 'NONE', *, *, #3831, .T. ) ;
#1686 = ADVANCED_FACE ( 'NONE', ( #3714 ), #3130, .F. ) ;
#1687 = CARTESIAN_POINT ( 'NONE',  ( -0.06066215012663155048, -10.22360000000000291, -0.06066215012660750028 ) ) ;
#1688 = CARTESIAN_POINT ( 'NONE',  ( 3.336685909133355388, -5.490084029051728542, -0.8265289906749305748 ) ) ;
#1689 = LINE ( 'NONE', #4195, #4065 ) ;
#1690 = DIRECTION ( 'NONE',  ( -1.000000000000000000, 0.000000000000000000, 2.571407403092368652E-16 ) ) ;
#1691 = FACE_OUTER_BOUND ( 'NONE', #4795, .T. ) ;
#1692 = FACE_OUTER_BOUND ( 'NONE', #5144, .T. ) ;
#1693 = B_SPLINE_CURVE_WITH_KNOTS ( 'NONE', 3,
 ( #5030, #537, #565, #1707, #512, #3707, #461 ),
 .UNSPECIFIED., .F., .F.,
 ( 4, 3, 4 ),
 ( 0.003821923036320964105, 0.006146774710475097839, 0.006651664720329201509 ),
 .UNSPECIFIED. ) ;
#1694 = CARTESIAN_POINT ( 'NONE',  ( 0.07952583134292616485, -18.45609529949605587, 4.097219988958008763 ) ) ;
#1695 = CONICAL_SURFACE ( 'NONE', #1612, 3.266002527742168926, 0.03107908222963032263 ) ;
#1696 = LINE ( 'NONE', #2886, #1915 ) ;
#1697 = FACE_BOUND ( 'NONE', #4190, .T. ) ;
#1698 = CARTESIAN_POINT ( 'NONE',  ( 3.089420301609830055, -10.22360000000000291, -0.6310000000000240972 ) ) ;
#1699 = EDGE_LOOP ( 'NONE', ( #1804, #4002, #2214, #833 ) ) ;
#1700 = CARTESIAN_POINT ( 'NONE',  ( 11.25000000000000000, -5.523600000000001842, -4.133182947122316772E-15 ) ) ;
#1701 = AXIS2_PLACEMENT_3D ( 'NONE', #3456, #2434, #3140 ) ;
#1702 = ORIENTED_EDGE ( 'NONE', *, *, #1225, .T. ) ;
#1703 = CARTESIAN_POINT ( 'NONE',  ( 1.109567248682926000, -21.16060833433329691, 0.3837745045682927625 ) ) ;
#1704 = CARTESIAN_POINT ( 'NONE',  ( 2.827646141290470982, -15.71726934224259864, 7.768893923403810575 ) ) ;
#1705 = DIRECTION ( 'NONE',  ( 0.000000000000000000, 0.000000000000000000, 1.000000000000000000 ) ) ;
#1706 = VERTEX_POINT ( 'NONE', #4887 ) ;
#1707 = CARTESIAN_POINT ( 'NONE',  ( 0.6309999999999998943, -8.347283722441602549, -3.105431218849834085 ) ) ;
#1708 = VERTEX_POINT ( 'NONE', #5261 ) ;
#1709 = CIRCLE ( 'NONE', #1460, 3.225122630638346699 ) ;
#1710 = EDGE_CURVE ( 'NONE', #405, #3221, #2854, .T. ) ;
#1711 = B_SPLINE_CURVE_WITH_KNOTS ( 'NONE', 3,
 ( #1971, #3609, #4828, #5226, #4405, #181, #4644, #2960, #70, #3043 ),
 .UNSPECIFIED., .F., .F.,
 ( 4, 2, 2, 2, 4 ),
 ( 5.898697549827395015E-18, 0.0003263278768253250828, 0.0006526557536506442025, 0.0009789836304759634306, 0.001305311507301282550 ),
 .UNSPECIFIED. ) ;
#1712 = CARTESIAN_POINT ( 'NONE',  ( 3.926075475921931623, -8.223034620253983462, 8.222625444358856228 ) ) ;
#1713 = UNCERTAINTY_MEASURE_WITH_UNIT (LENGTH_MEASURE( 1.000000000000000082E-05 ), #3955, 'distance_accuracy_value', 'NONE');
#1714 = CARTESIAN_POINT ( 'NONE',  ( 1.009084236578094762, -21.11028867853504210, 0.6881225314357718448 ) ) ;
#1715 = CARTESIAN_POINT ( 'NONE',  ( -4.121718905447169234, -6.028994628972717429, 11.32432962205529137 ) ) ;
#1716 = CARTESIAN_POINT ( 'NONE',  ( 3.980187398764587048, -8.223450211194025528, 8.209478968662144993 ) ) ;
#1717 = EDGE_LOOP ( 'NONE', ( #189, #1775, #2267, #353, #1848 ) ) ;
#1718 = DIRECTION ( 'NONE',  ( 0.000000000000000000, 1.000000000000000000, 0.000000000000000000 ) ) ;
#1719 = EDGE_CURVE ( 'NONE', #1439, #453, #4862, .T. ) ;
#1720 = AXIS2_PLACEMENT_3D ( 'NONE', #65, #3355, #4168 ) ;
#1721 = CARTESIAN_POINT ( 'NONE',  ( -3.373741367687051351, -6.042830187817209264, 8.715453195107283335 ) ) ;
#1722 = CARTESIAN_POINT ( 'NONE',  ( 3.372500483468472865, -6.052526428691510141, 8.719362653349685743 ) ) ;
#1723 = DIRECTION ( 'NONE',  ( -1.000000000000000000, 0.000000000000000000, 0.000000000000000000 ) ) ;
#1724 = AXIS2_PLACEMENT_3D ( 'NONE', #103, #4940, #424 ) ;
#1725 = CARTESIAN_POINT ( 'NONE',  ( -3.938998072610836497E-16, -6.023600000000001842, -0.6310000000000222098 ) ) ;
#1726 = CARTESIAN_POINT ( 'NONE',  ( -3.224983485889241663, -14.00151227814519572, 8.860569305594726330 ) ) ;
#1727 = DIRECTION ( 'NONE',  ( -0.000000000000000000, -1.000000000000000000, -0.000000000000000000 ) ) ;
#1728 = CARTESIAN_POINT ( 'NONE',  ( 1.172978979143942905E-15, -19.08051392770499533, 6.202927987422187428 ) ) ;
#1729 = EDGE_LOOP ( 'NONE', ( #1410, #4082, #2680, #2968, #3856 ) ) ;
#1730 = DIRECTION ( 'NONE',  ( 0.000000000000000000, -1.000000000000000000, 0.000000000000000000 ) ) ;
#1731 = ORIENTED_EDGE ( 'NONE', *, *, #4952, .T. ) ;
#1732 = VECTOR ( 'NONE', #2360, 1000.000000000000227 ) ;
#1733 = EDGE_CURVE ( 'NONE', #3758, #5203, #2250, .T. ) ;
#1734 = FACE_OUTER_BOUND ( 'NONE', #2345, .T. ) ;
#1735 = CARTESIAN_POINT ( 'NONE',  ( 3.959249519894960212, -6.055412258143842763, 12.11674836335561345 ) ) ;
#1736 = CARTESIAN_POINT ( 'NONE',  ( -10.94999999999999929, -8.223600000000001131, 0.01776588295423203734 ) ) ;
#1737 = VECTOR ( 'NONE', #2215, 1000.000000000000227 ) ;
#1738 = EDGE_LOOP ( 'NONE', ( #3465, #922, #3620, #2240 ) ) ;
#1739 = CARTESIAN_POINT ( 'NONE',  ( 1.684939984399453332E-15, -5.223600000000002019, 1.430999999999974959 ) ) ;
#1740 = ORIENTED_EDGE ( 'NONE', *, *, #5095, .T. ) ;
#1741 = CARTESIAN_POINT ( 'NONE',  ( 0.6025115895886007378, -20.49877328275592347, 0.6022017572317254208 ) ) ;
#1742 = CARTESIAN_POINT ( 'NONE',  ( 0.7878889607292757224, -22.42802825810371559, 0.6157364449999539469 ) ) ;
#1743 = DIRECTION ( 'NONE',  ( 0.000000000000000000, 1.000000000000000000, 0.000000000000000000 ) ) ;
#1744 = AXIS2_PLACEMENT_3D ( 'NONE', #2473, #839, #1581 ) ;
#1745 = CIRCLE ( 'NONE', #817, 0.3200000000000008393 ) ;
#1746 = CARTESIAN_POINT ( 'NONE',  ( 3.736891642228262977, -8.493939728157524627, 8.005051046897955658 ) ) ;
#1747 = ORIENTED_EDGE ( 'NONE', *, *, #5255, .F. ) ;
#1748 = CARTESIAN_POINT ( 'NONE',  ( 2.746256659941483935, -17.53460138490375542, 7.545278161215708046 ) ) ;
#1749 = AXIS2_PLACEMENT_3D ( 'NONE', #1994, #2344, #4025 ) ;
#1750 = CARTESIAN_POINT ( 'NONE',  ( 2.463392645675949844, -17.16442667113201281, 6.417314622530071233 ) ) ;
#1751 = DIRECTION ( 'NONE',  ( 0.008184510384454866255, -0.9997136387627340026, -0.02248675747058130614 ) ) ;
#1752 = CARTESIAN_POINT ( 'NONE',  ( 1.431000000000000050, -5.223600000000002019, -3.779696404344232263 ) ) ;
#1753 = EDGE_CURVE ( 'NONE', #3023, #376, #1237, .T. ) ;
#1754 = EDGE_CURVE ( 'NONE', #1988, #4478, #4840, .T. ) ;
#1755 = EDGE_CURVE ( 'NONE', #35, #242, #387, .T. ) ;
#1756 = CARTESIAN_POINT ( 'NONE',  ( -0.7715820864607773055, -8.919812371463521572, -3.058552757765998997 ) ) ;
#1757 = B_SPLINE_CURVE_WITH_KNOTS ( 'NONE', 3,
 ( #1445, #4717, #1472, #247, #4662, #2687 ),
 .UNSPECIFIED., .F., .F.,
 ( 4, 2, 4 ),
 ( 0.000000000000000000, 0.0001651169207576570861, 0.0003302338415153141722 ),
 .UNSPECIFIED. ) ;
#1758 = CARTESIAN_POINT ( 'NONE',  ( -3.372767536383865394, -6.023600000000001842, 8.719156112495678457 ) ) ;
#1759 = CARTESIAN_POINT ( 'NONE',  ( 3.089420301609830055, -8.851919802071320120, -0.6310000000000240972 ) ) ;
#1760 = CARTESIAN_POINT ( 'NONE',  ( -4.437858371928386170, -6.615740456796347146, 12.19291566759985557 ) ) ;
#1761 = VERTEX_POINT ( 'NONE', #2111 ) ;
#1762 = CARTESIAN_POINT ( 'NONE',  ( -3.510921111096324765, -14.00404875353182454, 7.042125006733119363 ) ) ;
#1763 = ORIENTED_EDGE ( 'NONE', *, *, #4442, .F. ) ;
#1764 = CARTESIAN_POINT ( 'NONE',  ( 0.1462148875831380812, -10.22360000000000291, 8.746151324363943047 ) ) ;
#1765 = CARTESIAN_POINT ( 'NONE',  ( 0.000000000000000000, -19.45565425971203766, 0.000000000000000000 ) ) ;
#1766 = CARTESIAN_POINT ( 'NONE',  ( -3.164725615851339047, -12.31638392390786230, 8.695012168321156310 ) ) ;
#1767 = ORIENTED_EDGE ( 'NONE', *, *, #941, .T. ) ;
#1768 = VECTOR ( 'NONE', #4134, 1000.000000000000000 ) ;
#1769 = CARTESIAN_POINT ( 'NONE',  ( 3.105431218849839414, -8.347283722441604326, 0.6309999999999758025 ) ) ;
#1770 = ORIENTED_EDGE ( 'NONE', *, *, #162, .T. ) ;
#1771 = CARTESIAN_POINT ( 'NONE',  ( 1.005068558491703623, -20.94178511600009429, 0.9397837737036552896 ) ) ;
#1772 = CARTESIAN_POINT ( 'NONE',  ( 0.6688101166435350686, -22.59692169508468140, 0.7117411945225451397 ) ) ;
#1773 = CARTESIAN_POINT ( 'NONE',  ( 3.207341578811871319, -5.769129445837284820, -0.6647622374642611076 ) ) ;
#1774 = CARTESIAN_POINT ( 'NONE',  ( 3.762720805583225303, -8.244470084217926598, 8.018144486163885531 ) ) ;
#1775 = ORIENTED_EDGE ( 'NONE', *, *, #3106, .F. ) ;
#1776 = CARTESIAN_POINT ( 'NONE',  ( 2.898043526596170594, -17.06104847915157663, 7.962309149918900708 ) ) ;
#1777 = CARTESIAN_POINT ( 'NONE',  ( -1.140094020701805988, -21.16756691606983409, 0.2925707823568104438 ) ) ;
#1778 = CARTESIAN_POINT ( 'NONE',  ( -0.8011589232415964323, -20.61166130683499276, -0.05485681246120800020 ) ) ;
#1779 = CARTESIAN_POINT ( 'NONE',  ( 0.6313863326425331879, -5.998740736633152437, -3.179826021775939981 ) ) ;
#1780 = CARTESIAN_POINT ( 'NONE',  ( -1.329477025996842698, -9.138599090916116552, -2.853575086808806116 ) ) ;
#1781 = EDGE_CURVE ( 'NONE', #4295, #3145, #4912, .T. ) ;
#1782 = B_SPLINE_CURVE_WITH_KNOTS ( 'NONE', 3,
 ( #3661, #4883, #439, #43, #818, #2822, #3612, #1557 ),
 .UNSPECIFIED., .F., .F.,
 ( 4, 2, 2, 4 ),
 ( 0.000000000000000000, 0.0001975126399997127876, 0.0003950252799994255753, 0.0007900505599988481148 ),
 .UNSPECIFIED. ) ;
#1783 = CARTESIAN_POINT ( 'NONE',  ( -2.518503626189259936, -14.44309622921043434, 10.10437428403276883 ) ) ;
#1784 = CARTESIAN_POINT ( 'NONE',  ( -0.4893427348978375835, -20.61166130683497144, -0.1748222930772739825 ) ) ;
#1785 = ADVANCED_FACE ( 'NONE', ( #1565 ), #897, .F. ) ;
#1786 = CARTESIAN_POINT ( 'NONE',  ( -2.926615014438665341, -12.17141860092483796, 11.21683734797772303 ) ) ;
#1787 = ORIENTED_EDGE ( 'NONE', *, *, #5083, .T. ) ;
#1788 = DIRECTION ( 'NONE',  ( 0.000000000000000000, 1.000000000000000000, 0.000000000000000000 ) ) ;
#1789 = EDGE_LOOP ( 'NONE', ( #3676, #1660, #779, #3232 ) ) ;
#1790 = AXIS2_PLACEMENT_3D ( 'NONE', #3511, #294, #3966 ) ;
#1791 = DIRECTION ( 'NONE',  ( 0.000000000000000000, 0.000000000000000000, -1.000000000000000000 ) ) ;
#1792 = CARTESIAN_POINT ( 'NONE',  ( -3.509878341731124340, -5.291307612245110370, 1.051728540795487055 ) ) ;
#1793 = CARTESIAN_POINT ( 'NONE',  ( 3.434094362318933946, -6.033537280088587806, 8.499999999999971578 ) ) ;
#1794 = EDGE_CURVE ( 'NONE', #2302, #2094, #602, .T. ) ;
#1795 = ORIENTED_EDGE ( 'NONE', *, *, #3402, .T. ) ;
#1796 = FACE_OUTER_BOUND ( 'NONE', #321, .T. ) ;
#1797 = ORIENTED_EDGE ( 'NONE', *, *, #3462, .F. ) ;
#1798 = DIRECTION ( 'NONE',  ( 0.000000000000000000, 1.000000000000000000, 0.000000000000000000 ) ) ;
#1799 = CARTESIAN_POINT ( 'NONE',  ( 0.6053395011315989560, -20.46074613626799277, 0.7153609211489365682 ) ) ;
#1800 = CARTESIAN_POINT ( 'NONE',  ( 0.9755044446857930041, -21.53704961300994825, 0.7300552344005203365 ) ) ;
#1801 = CARTESIAN_POINT ( 'NONE',  ( 3.648250597373853932, -5.223600000000000243, -1.240766972637590504 ) ) ;
#1802 = CARTESIAN_POINT ( 'NONE',  ( 0.000000000000000000, -17.33419824958559730, 0.000000000000000000 ) ) ;
#1803 = AXIS2_PLACEMENT_3D ( 'NONE', #3644, #3716, #4865 ) ;
#1804 = ORIENTED_EDGE ( 'NONE', *, *, #691, .F. ) ;
#1805 = ADVANCED_FACE ( 'NONE', ( #2557 ), #4250, .F. ) ;
#1806 = CARTESIAN_POINT ( 'NONE',  ( -3.179114782977808140, -6.023600000000002730, 0.6309999999999769127 ) ) ;
#1807 = EDGE_CURVE ( 'NONE', #240, #2970, #3040, .T. ) ;
#1808 = CARTESIAN_POINT ( 'NONE',  ( 2.734902325897635489, -16.16553319437489833, 7.546148392368534630 ) ) ;
#1809 = CARTESIAN_POINT ( 'NONE',  ( -0.5896216427348249800, -20.02150240229170919, 1.529484761635903967 ) ) ;
#1810 = DIRECTION ( 'NONE',  ( 0.000000000000000000, -1.000000000000000000, -0.000000000000000000 ) ) ;
#1811 = CARTESIAN_POINT ( 'NONE',  ( -0.6309999999999998943, -6.023600000000002730, -3.179114782977803699 ) ) ;
#1812 = CARTESIAN_POINT ( 'NONE',  ( 3.862559771235343220, -8.494970091895741149, 7.944084495111543909 ) ) ;
#1813 = CARTESIAN_POINT ( 'NONE',  ( -0.7512207744491977701, -5.587405862853890959, -3.184876652152416554 ) ) ;
#1814 = VECTOR ( 'NONE', #3025, 1000.000000000000000 ) ;
#1815 = CARTESIAN_POINT ( 'NONE',  ( 3.661669363746034467, -6.034635503226864373, 8.499999999999998224 ) ) ;
#1816 = VERTEX_POINT ( 'NONE', #1372 ) ;
#1817 = CARTESIAN_POINT ( 'NONE',  ( 1.739079521918081017, -9.256198842510627856, 2.633403228964774190 ) ) ;
#1818 = ORIENTED_EDGE ( 'NONE', *, *, #4062, .T. ) ;
#1819 = ADVANCED_FACE ( 'NONE', ( #3821 ), #4671, .T. ) ;
#1820 = CARTESIAN_POINT ( 'NONE',  ( 2.969875268067401652, -5.352638109070446681, 8.593785381420547154 ) ) ;
#1821 = CARTESIAN_POINT ( 'NONE',  ( 3.331779747207943565, -5.223600000000002019, 11.49303340951076358 ) ) ;
#1822 = CARTESIAN_POINT ( 'NONE',  ( 3.372678400237097751, -6.042881999085230049, 8.719225009516378577 ) ) ;
#1823 = AXIS2_PLACEMENT_3D ( 'NONE', #3643, #2457, #4791 ) ;
#1824 = EDGE_CURVE ( 'NONE', #35, #4807, #1066, .T. ) ;
#1825 = VERTEX_POINT ( 'NONE', #3390 ) ;
#1826 = FACE_OUTER_BOUND ( 'NONE', #4205, .T. ) ;
#1827 = VERTEX_POINT ( 'NONE', #496 ) ;
#1828 = EDGE_CURVE ( 'NONE', #4293, #807, #976, .T. ) ;
#1829 = EDGE_CURVE ( 'NONE', #1506, #4799, #1745, .T. ) ;
#1830 = DIRECTION ( 'NONE',  ( -0.000000000000000000, 1.000000000000000000, -0.000000000000000000 ) ) ;
#1831 = EDGE_CURVE ( 'NONE', #1125, #3938, #4274, .T. ) ;
#1832 = CARTESIAN_POINT ( 'NONE',  ( 0.2416806920308978424, -20.25202331719006921, 0.9555990096204711737 ) ) ;
#1833 = AXIS2_PLACEMENT_3D ( 'NONE', #4107, #3561, #3212 ) ;
#1834 = CARTESIAN_POINT ( 'NONE',  ( 0.6091349363351573620, -21.62897223347095021, 1.420043876968102303 ) ) ;
#1835 = DIRECTION ( 'NONE',  ( 0.000000000000000000, 0.000000000000000000, -1.000000000000000000 ) ) ;
#1836 = CARTESIAN_POINT ( 'NONE',  ( 3.399879739901800590, -8.159247738970144326, 8.399663961247803456 ) ) ;
#1837 = EDGE_LOOP ( 'NONE', ( #5253, #645, #4897, #2423, #301, #1818, #1625, #4598 ) ) ;
#1838 = CARTESIAN_POINT ( 'NONE',  ( 3.941371466005329616, -8.918448950188981428, 10.82882910453229819 ) ) ;
#1839 = CARTESIAN_POINT ( 'NONE',  ( -3.864317489770753955, -8.230981117268116876, 7.971252231432599977 ) ) ;
#1840 = AXIS2_PLACEMENT_3D ( 'NONE', #1052, #1451, #3900 ) ;
#1841 = CARTESIAN_POINT ( 'NONE',  ( 1.746425629107301036, -5.328565463203272214E-16, 0.4031941259273207345 ) ) ;
#1842 = CARTESIAN_POINT ( 'NONE',  ( 0.4595914101228312787, -20.13695313443012935, 1.248416839681207202 ) ) ;
#1843 = CARTESIAN_POINT ( 'NONE',  ( -3.869521288008054949, -6.058168854143674231, 12.22669972183538434 ) ) ;
#1844 = AXIS2_PLACEMENT_3D ( 'NONE', #4484, #3610, #4008 ) ;
#1845 = CARTESIAN_POINT ( 'NONE',  ( -0.6309999999999998943, -6.015313349267702669, -3.179377433029960009 ) ) ;
#1846 = DIRECTION ( 'NONE',  ( 0.000000000000000000, 0.000000000000000000, -1.000000000000000000 ) ) ;
#1847 = CARTESIAN_POINT ( 'NONE',  ( 3.187009908993432727, -5.223600000000002019, 11.72890234814081722 ) ) ;
#1848 = ORIENTED_EDGE ( 'NONE', *, *, #1831, .F. ) ;
#1849 = CARTESIAN_POINT ( 'NONE',  ( 2.853416274825590015, -9.138676620004941853, 1.329760704095163781 ) ) ;
#1850 = ORIENTED_EDGE ( 'NONE', *, *, #4382, .F. ) ;
#1851 = EDGE_CURVE ( 'NONE', #5031, #3463, #2814, .T. ) ;
#1852 = CARTESIAN_POINT ( 'NONE',  ( -3.652425538197098476, -6.679214130926864890, 8.500000000000000000 ) ) ;
#1853 = B_SPLINE_CURVE_WITH_KNOTS ( 'NONE', 3,
 ( #4261, #1494, #3857, #3052, #192, #1820 ),
 .UNSPECIFIED., .F., .F.,
 ( 4, 2, 4 ),
 ( -6.269368812558101123E-06, 0.0003259962447230717775, 0.0006582618582587016756 ),
 .UNSPECIFIED. ) ;
#1854 = CARTESIAN_POINT ( 'NONE',  ( 0.000000000000000000, -23.72360000000000113, 0.000000000000000000 ) ) ;
#1855 = CARTESIAN_POINT ( 'NONE',  ( -3.382942878848121282, -7.649814922521047222, 9.294559170940006609 ) ) ;
#1856 = ORIENTED_EDGE ( 'NONE', *, *, #1933, .T. ) ;
#1857 = CARTESIAN_POINT ( 'NONE',  ( 3.313524590675817283, -7.912644588007944790, 8.757835431623632871 ) ) ;
#1858 = ORIENTED_EDGE ( 'NONE', *, *, #970, .F. ) ;
#1859 = CARTESIAN_POINT ( 'NONE',  ( 3.285456217771779208, -6.035307379192387245, 9.026716770934651635 ) ) ;
#1860 = CARTESIAN_POINT ( 'NONE',  ( 0.9880673507491777308, -21.37754957567210923, 0.8374630475252287098 ) ) ;
#1861 = ADVANCED_FACE ( 'NONE', ( #2928 ), #3845, .F. ) ;
#1862 = CARTESIAN_POINT ( 'NONE',  ( 0.6912372591194406724, -21.63412723951891792, 1.317663211344658025 ) ) ;
#1863 = CARTESIAN_POINT ( 'NONE',  ( 1.746425629107297040, -13.46581578397376511, -0.4031941259273197353 ) ) ;
#1864 = EDGE_CURVE ( 'NONE', #3206, #2351, #106, .T. ) ;
#1865 = EDGE_CURVE ( 'NONE', #146, #2302, #1091, .T. ) ;
#1866 = CARTESIAN_POINT ( 'NONE',  ( -3.461810461316728649, -5.523600000000001842, 8.200000000000001066 ) ) ;
#1867 = ORIENTED_EDGE ( 'NONE', *, *, #3236, .T. ) ;
#1868 = CARTESIAN_POINT ( 'NONE',  ( 1.841253172161707141, -16.98938086639335765, 8.263818160688693126 ) ) ;
#1869 = CARTESIAN_POINT ( 'NONE',  ( 3.862559410143030725, -8.494970085560252571, 7.944084670649822932 ) ) ;
#1870 = DIRECTION ( 'NONE',  ( -1.000000000000000000, 0.000000000000000000, 0.000000000000000000 ) ) ;
#1871 = CARTESIAN_POINT ( 'NONE',  ( -0.7080931625041437805, -20.61166130683499276, 0.6978989208861842153 ) ) ;
#1872 = FACE_OUTER_BOUND ( 'NONE', #4606, .T. ) ;
#1873 = ADVANCED_FACE ( 'NONE', ( #4643 ), #2125, .T. ) ;
#1874 = DIRECTION ( 'NONE',  ( 0.1560211226948656771, -3.943795127224395933E-12, 0.9877537189365748205 ) ) ;
#1875 = CARTESIAN_POINT ( 'NONE',  ( 3.875085217161001516, -8.495069739885074966, 7.937971583432562817 ) ) ;
#1876 = LINE ( 'NONE', #320, #2235 ) ;
#1877 = ORIENTED_EDGE ( 'NONE', *, *, #2333, .F. ) ;
#1878 = CARTESIAN_POINT ( 'NONE',  ( 2.623149450976772989, -9.247103862731727020, 1.734648288372160119 ) ) ;
#1879 = ORIENTED_EDGE ( 'NONE', *, *, #4711, .F. ) ;
#1880 = CARTESIAN_POINT ( 'NONE',  ( 1.746425629107296817, -15.69496271135054499, -0.4031941259273196243 ) ) ;
#1881 = CARTESIAN_POINT ( 'NONE',  ( 0.4883762037613296192, -20.61166130683503184, -0.1682005419002854385 ) ) ;
#1882 = CARTESIAN_POINT ( 'NONE',  ( -1.200744078835079165, -19.45565421212184631, 5.787553558738992798 ) ) ;
#1883 = EDGE_LOOP ( 'NONE', ( #3502, #3541, #1787, #4041 ) ) ;
#1884 = FACE_OUTER_BOUND ( 'NONE', #4725, .T. ) ;
#1885 = ORIENTED_EDGE ( 'NONE', *, *, #1941, .F. ) ;
#1886 = CARTESIAN_POINT ( 'NONE',  ( -1.011306254070224453, -20.97977963851981187, 0.8708333465857620581 ) ) ;
#1887 = CARTESIAN_POINT ( 'NONE',  ( 0.9740098578267526452, -20.41075833547427720, 1.837639111496072175 ) ) ;
#1888 = CARTESIAN_POINT ( 'NONE',  ( -0.05581188701125380097, -22.94166260249282985, 0.9274162016244259510 ) ) ;
#1889 = CARTESIAN_POINT ( 'NONE',  ( -0.2038362986638081187, -20.61139085204025534, -0.1638343869821494436 ) ) ;
#1890 = CARTESIAN_POINT ( 'NONE',  ( 0.000000000000000000, -8.495069740634006550, 0.000000000000000000 ) ) ;
#1891 = ORIENTED_EDGE ( 'NONE', *, *, #1103, .F. ) ;
#1892 = EDGE_CURVE ( 'NONE', #3348, #3166, #573, .T. ) ;
#1893 = CIRCLE ( 'NONE', #4200, 0.2999999999999998779 ) ;
#1894 = MANIFOLD_SOLID_BREP ( 'Fillet7', #3748 ) ;
#1895 = CARTESIAN_POINT ( 'NONE',  ( -0.6928653942055896797, -20.60743502292970675, 0.07696127518834408598 ) ) ;
#1896 = EDGE_CURVE ( 'NONE', #4867, #4782, #1269, .T. ) ;
#1897 = CARTESIAN_POINT ( 'NONE',  ( -2.585280741897356904, -16.74669648413756207, 7.250510421949364570 ) ) ;
#1898 = ORIENTED_EDGE ( 'NONE', *, *, #1459, .T. ) ;
#1899 = CARTESIAN_POINT ( 'NONE',  ( -0.5482189698219571694, -20.06307595843372127, 1.429559046954415935 ) ) ;
#1900 = CARTESIAN_POINT ( 'NONE',  ( -3.105431218849826980, -8.347283722441598997, -0.6310000000000368647 ) ) ;
#1901 = EDGE_CURVE ( 'NONE', #4196, #4295, #4304, .T. ) ;
#1902 = CARTESIAN_POINT ( 'NONE',  ( 2.347867082639114589, -5.223409059510945696, 8.661579769216361413 ) ) ;
#1903 = CARTESIAN_POINT ( 'NONE',  ( 3.899014941935394774, -8.223600000000001131, 7.955125098071149203 ) ) ;
#1904 = DIRECTION ( 'NONE',  ( 0.000000000000000000, 0.000000000000000000, 1.000000000000000000 ) ) ;
#1905 = ORIENTED_EDGE ( 'NONE', *, *, #263, .F. ) ;
#1906 = CARTESIAN_POINT ( 'NONE',  ( 1.994618890296285585, -9.298078770705947349, 2.445209496697972273 ) ) ;
#1907 = EDGE_LOOP ( 'NONE', ( #1548, #4315, #1170, #2179 ) ) ;
#1908 = FACE_OUTER_BOUND ( 'NONE', #5166, .T. ) ;
#1909 = CARTESIAN_POINT ( 'NONE',  ( 4.123425704866196639, -6.043933928293660607, 11.73685303947373271 ) ) ;
#1910 = TOROIDAL_SURFACE ( 'NONE', #28, 1.699999999999999956, 0.8000000000000000444 ) ;
#1911 = CARTESIAN_POINT ( 'NONE',  ( -3.029998463134270015, -5.223600000000002019, 8.281668457026878372 ) ) ;
#1912 = ORIENTED_EDGE ( 'NONE', *, *, #5095, .F. ) ;
#1913 = CYLINDRICAL_SURFACE ( 'NONE', #738, 0.2999999999999999334 ) ;
#1914 = ORIENTED_EDGE ( 'NONE', *, *, #354, .T. ) ;
#1915 = VECTOR ( 'NONE', #1002, 1000.000000000000000 ) ;
#1916 = FACE_OUTER_BOUND ( 'NONE', #4875, .T. ) ;
#1917 = CARTESIAN_POINT ( 'NONE',  ( -1.135364721544707800, -20.58784416589738342, 0.4922445731021443116 ) ) ;
#1918 = CARTESIAN_POINT ( 'NONE',  ( -0.7337647626085800345, -21.63779645420966347, 1.253299184295629587 ) ) ;
#1919 = DIRECTION ( 'NONE',  ( -0.000000000000000000, -1.000000000000000000, -0.000000000000000000 ) ) ;
#1920 = CARTESIAN_POINT ( 'NONE',  ( 3.377164840781214483, -8.110527926756979866, 8.441524582280427680 ) ) ;
#1921 = ORIENTED_EDGE ( 'NONE', *, *, #973, .T. ) ;
#1922 = VECTOR ( 'NONE', #3112, 1000.000000000000227 ) ;
#1923 = CARTESIAN_POINT ( 'NONE',  ( 3.875085519889731156, -8.495069740634006550, 7.937971434977611374 ) ) ;
#1924 = CARTESIAN_POINT ( 'NONE',  ( -3.179614586540006282, -6.007024849792312438, -0.6311287870812650747 ) ) ;
#1925 = FACE_OUTER_BOUND ( 'NONE', #1837, .T. ) ;
#1926 = DIRECTION ( 'NONE',  ( 0.1560211227132534961, 6.563698547787055999E-14, -0.9877537189336702550 ) ) ;
#1927 = CARTESIAN_POINT ( 'NONE',  ( 4.019034538076889262, -8.523600000000001842, 8.199999999999997513 ) ) ;
#1928 = CARTESIAN_POINT ( 'NONE',  ( 0.06066215012660751416, -6.023600000000001842, -0.06066215012663156436 ) ) ;
#1929 = ADVANCED_FACE ( 'NONE', ( #5124 ), #4479, .F. ) ;
#1930 = CARTESIAN_POINT ( 'NONE',  ( -3.980187398764564399, -8.223450211194027304, 8.209478968662152099 ) ) ;
#1931 = CARTESIAN_POINT ( 'NONE',  ( -0.6309999999999993392, -5.904882757158243400, 3.089420301609806518 ) ) ;
#1932 = CIRCLE ( 'NONE', #2529, 0.2999999999999994893 ) ;
#1933 = EDGE_CURVE ( 'NONE', #2131, #4259, #5150, .T. ) ;
#1934 = VECTOR ( 'NONE', #3288, 999.9999999999998863 ) ;
#1935 = ORIENTED_EDGE ( 'NONE', *, *, #5039, .F. ) ;
#1936 = EDGE_CURVE ( 'NONE', #2049, #4293, #336, .T. ) ;
#1937 = ORIENTED_EDGE ( 'NONE', *, *, #2925, .F. ) ;
#1938 = CARTESIAN_POINT ( 'NONE',  ( -2.707684915284465976, -9.216641532663283343, 1.601078896409839025 ) ) ;
#1939 = CARTESIAN_POINT ( 'NONE',  ( 0.6309999999999987841, -6.023600000000001842, -3.938998072610690065E-16 ) ) ;
#1940 = CARTESIAN_POINT ( 'NONE',  ( -1.746425629107297040, -13.46581578397376688, -0.4031941259273198463 ) ) ;
#1941 = EDGE_CURVE ( 'NONE', #5229, #2624, #3209, .T. ) ;
#1942 = VERTEX_POINT ( 'NONE', #1975 ) ;
#1943 = CARTESIAN_POINT ( 'NONE',  ( 3.240429041870044991, -5.223600000000002019, 8.218463436056046234 ) ) ;
#1944 = ORIENTED_EDGE ( 'NONE', *, *, #5063, .F. ) ;
#1945 = B_SPLINE_CURVE_WITH_KNOTS ( 'NONE', 3,
 ( #4547, #4153, #3320, #4942, #1199, #2489 ),
 .UNSPECIFIED., .F., .F.,
 ( 4, 2, 4 ),
 ( 0.000000000000000000, 0.004708793036640689794, 0.009417586073281379588 ),
 .UNSPECIFIED. ) ;
#1946 = CARTESIAN_POINT ( 'NONE',  ( 0.8009009252000827139, -19.73569002711202103, 2.180452443765084958 ) ) ;
#1947 = CARTESIAN_POINT ( 'NONE',  ( -0.1068146315419892661, -22.93619816391748500, 0.9237142783132733515 ) ) ;
#1948 = CARTESIAN_POINT ( 'NONE',  ( -0.7743289739345653455, -21.64139753713046943, 1.187786469957954116 ) ) ;
#1949 = CARTESIAN_POINT ( 'NONE',  ( 2.924099731277416847, -12.18466332365761140, 11.20998275887753159 ) ) ;
#1950 = ORIENTED_EDGE ( 'NONE', *, *, #2757, .T. ) ;
#1951 = CARTESIAN_POINT ( 'NONE',  ( -2.347867082639035541, -5.223409059510942143, 8.661579769216318780 ) ) ;
#1952 = ORIENTED_EDGE ( 'NONE', *, *, #3941, .F. ) ;
#1953 = CARTESIAN_POINT ( 'NONE',  ( 1.157010783100132167, -21.18017553209466897, -0.1827562052050522023 ) ) ;
#1954 = CARTESIAN_POINT ( 'NONE',  ( -0.9335902751846711922, -22.13500076023531093, 0.4696654584637467988 ) ) ;
#1955 = DIRECTION ( 'NONE',  ( 0.9396926207859082059, 0.000000000000000000, 0.3420201433256694901 ) ) ;
#1956 = DIRECTION ( 'NONE',  ( 1.000000000000000000, 0.000000000000000000, -3.121234605872185418E-16 ) ) ;
#1957 = CARTESIAN_POINT ( 'NONE',  ( -0.6313863326425324107, -5.998740736633152437, 3.179826021775939981 ) ) ;
#1958 = CARTESIAN_POINT ( 'NONE',  ( -0.9944469889587841394, -19.45565425971205542, 5.822786072786770184 ) ) ;
#1959 = ORIENTED_EDGE ( 'NONE', *, *, #4928, .F. ) ;
#1960 = SHAPE_DEFINITION_REPRESENTATION ( #25, #2079 ) ;
#1961 = EDGE_CURVE ( 'NONE', #2622, #2787, #1782, .T. ) ;
#1962 = CARTESIAN_POINT ( 'NONE',  ( -4.067647114575144629E-16, -14.72209648163333284, 8.665347885331913247 ) ) ;
#1963 = EDGE_CURVE ( 'NONE', #3323, #107, #4833, .T. ) ;
#1964 = DIRECTION ( 'NONE',  ( 0.000000000000000000, 0.000000000000000000, -1.000000000000000000 ) ) ;
#1965 = EDGE_LOOP ( 'NONE', ( #5141, #3920, #4642, #838 ) ) ;
#1966 = CARTESIAN_POINT ( 'NONE',  ( -2.761694765295572118, -5.288792618372967880, 8.847349169557123361 ) ) ;
#1967 = ORIENTED_EDGE ( 'NONE', *, *, #3962, .T. ) ;
#1968 = CARTESIAN_POINT ( 'NONE',  ( -0.07404129125031000402, -10.22360000000000291, 8.737309975419792707 ) ) ;
#1969 = EDGE_CURVE ( 'NONE', #1618, #462, #4724, .T. ) ;
#1970 = CARTESIAN_POINT ( 'NONE',  ( 2.761694765289853581, -5.288792618371102705, 8.847349169556460780 ) ) ;
#1971 = CARTESIAN_POINT ( 'NONE',  ( 3.850024544417803174, -8.494772753030204626, 7.950175863090718664 ) ) ;
#1972 = DIRECTION ( 'NONE',  ( 1.000000000000000000, 0.000000000000000000, 0.000000000000000000 ) ) ;
#1973 = ORIENTED_EDGE ( 'NONE', *, *, #609, .F. ) ;
#1974 = CIRCLE ( 'NONE', #4280, 0.3000000000000000444 ) ;
#1975 = CARTESIAN_POINT ( 'NONE',  ( -3.661669363746013595, -6.023600000000001842, 8.500000000000000000 ) ) ;
#1976 = CARTESIAN_POINT ( 'NONE',  ( -2.347453559915466670, -5.118506686860492927, 8.571932979311510437 ) ) ;
#1977 = CARTESIAN_POINT ( 'NONE',  ( 0.6996938742247739151, -19.88223298382150261, 1.850775375285929503 ) ) ;
#1978 = DIRECTION ( 'NONE',  ( -0.3420201433256694901, -0.000000000000000000, -0.9396926207859080948 ) ) ;
#1979 = DIRECTION ( 'NONE',  ( 0.000000000000000000, 0.000000000000000000, -1.000000000000000000 ) ) ;
#1980 = CONICAL_SURFACE ( 'NONE', #4954, 2.227767388195791565, 0.5327878586222951629 ) ;
#1981 = ADVANCED_FACE ( 'NONE', ( #4032 ), #361, .T. ) ;
#1982 = CARTESIAN_POINT ( 'NONE',  ( 1.406964090440524950, -19.38778526668033209, 5.771828352824208253 ) ) ;
#1983 = CARTESIAN_POINT ( 'NONE',  ( 8.673617379884035472E-16, -7.923600000000001309, 1.328125000000000222 ) ) ;
#1984 = LINE ( 'NONE', #2307, #2480 ) ;
#1985 = ORIENTED_EDGE ( 'NONE', *, *, #4516, .F. ) ;
#1986 = VECTOR ( 'NONE', #5182, 999.9999999999998863 ) ;
#1987 = B_SPLINE_CURVE_WITH_KNOTS ( 'NONE', 3,
 ( #4967, #3271, #1223, #4920, #478, #8 ),
 .UNSPECIFIED., .F., .F.,
 ( 4, 2, 4 ),
 ( 3.938598499139023593E-17, 0.0002852244065813909425, 0.0005704488131627424201 ),
 .UNSPECIFIED. ) ;
#1988 = VERTEX_POINT ( 'NONE', #3635 ) ;
#1989 = CARTESIAN_POINT ( 'NONE',  ( -3.605774952788773913, -8.012405580849126352, 8.489926942407331367 ) ) ;
#1990 = CARTESIAN_POINT ( 'NONE',  ( -3.023592574624027307, -5.496116521807788757, 8.495971411676705998 ) ) ;
#1991 = B_SPLINE_CURVE_WITH_KNOTS ( 'NONE', 3,
 ( #372, #322, #1962, #2861 ),
 .UNSPECIFIED., .F., .F.,
 ( 4, 4 ),
 ( 0.1241288673817298044, 1.000000000000000000 ),
 .UNSPECIFIED. ) ;
#1992 = CARTESIAN_POINT ( 'NONE',  ( -2.203247006579128531, -17.81177278326335056, 6.699092726521157282 ) ) ;
#1993 = ORIENTED_EDGE ( 'NONE', *, *, #1225, .F. ) ;
#1994 = CARTESIAN_POINT ( 'NONE',  ( -1.739576869458931354E-17, -27.33455287310006199, -3.921601983822704400E-14 ) ) ;
#1995 = EDGE_LOOP ( 'NONE', ( #1959, #3375, #994, #4373, #3445, #137 ) ) ;
#1996 = CARTESIAN_POINT ( 'NONE',  ( -0.6953022067477083734, -20.97029500947174796, 0.000000000000000000 ) ) ;
#1997 = CARTESIAN_POINT ( 'NONE',  ( -0.9943131121068689016, -21.57746955316906678, 0.5420342159175687291 ) ) ;
#1998 = CARTESIAN_POINT ( 'NONE',  ( 1.329760704095191093, -9.138676620004035911, -2.853416274825607779 ) ) ;
#1999 = EDGE_LOOP ( 'NONE', ( #5107, #2667, #1517, #3913 ) ) ;
#2000 = B_SPLINE_CURVE_WITH_KNOTS ( 'NONE', 3,
 ( #3826, #953, #1845, #1811 ),
 .UNSPECIFIED., .F., .F.,
 ( 4, 4 ),
 ( 0.000000000000000000, 2.487243632379205354E-05 ),
 .UNSPECIFIED. ) ;
#2001 = ADVANCED_FACE ( 'NONE', ( #5256 ), #1584, .F. ) ;
#2002 = DIRECTION ( 'NONE',  ( 0.000000000000000000, 0.000000000000000000, -1.000000000000000000 ) ) ;
#2003 = CARTESIAN_POINT ( 'NONE',  ( 0.8265335420795063559, -5.490078635402476870, 3.336689490290072335 ) ) ;
#2004 = DIRECTION ( 'NONE',  ( -0.000000000000000000, -1.000000000000000000, -0.000000000000000000 ) ) ;
#2005 = EDGE_CURVE ( 'NONE', #3067, #3282, #3277, .T. ) ;
#2006 = CARTESIAN_POINT ( 'NONE',  ( -3.336689490290063009, -5.490078635402477758, -0.8265335420795306698 ) ) ;
#2007 = CIRCLE ( 'NONE', #2852, 4.041517772942823328 ) ;
#2008 = CARTESIAN_POINT ( 'NONE',  ( 3.633307024924826933, -7.301468902967021890, 8.499999999999998224 ) ) ;
#2009 = VECTOR ( 'NONE', #3618, 1000.000000000000000 ) ;
#2010 = FACE_OUTER_BOUND ( 'NONE', #3222, .T. ) ;
#2011 = CARTESIAN_POINT ( 'NONE',  ( -1.430999999999999606, -5.223600000000002019, -3.779696404344232263 ) ) ;
#2012 = ORIENTED_EDGE ( 'NONE', *, *, #3980, .T. ) ;
#2013 = APPLICATION_PROTOCOL_DEFINITION ( 'draft international standard', 'automotive_design', 1998, #2991 ) ;
#2014 = CARTESIAN_POINT ( 'NONE',  ( 0.6257719860729372696, -10.22360000000000291, 8.879243775374517256 ) ) ;
#2015 = CARTESIAN_POINT ( 'NONE',  ( -2.853416274825516741, -9.138676620004648754, 1.329760704095339641 ) ) ;
#2016 = B_SPLINE_CURVE_WITH_KNOTS ( 'NONE', 3,
 ( #3603, #4401, #2792, #1547 ),
 .UNSPECIFIED., .F., .F.,
 ( 4, 4 ),
 ( -5.082211190390832391E-06, 0.0006302035854347505604 ),
 .UNSPECIFIED. ) ;
#2017 = CARTESIAN_POINT ( 'NONE',  ( -3.161365723536150529, -5.564409057383399748, 9.102844501041440495 ) ) ;
#2018 = LINE ( 'NONE', #2118, #2055 ) ;
#2019 = VECTOR ( 'NONE', #1718, 1000.000000000000000 ) ;
#2020 = ORIENTED_EDGE ( 'NONE', *, *, #656, .T. ) ;
#2021 = CARTESIAN_POINT ( 'NONE',  ( 2.920839161376430848, -5.223600000000002019, 8.518928281921038348 ) ) ;
#2022 = ORIENTED_EDGE ( 'NONE', *, *, #4249, .T. ) ;
#2023 = AXIS2_PLACEMENT_3D ( 'NONE', #1536, #3961, #289 ) ;
#2024 = CARTESIAN_POINT ( 'NONE',  ( -0.8551865754242073958, -19.61462276162762919, 2.460115456610886930 ) ) ;
#2025 = PLANE ( 'NONE',  #451 ) ;
#2026 = CARTESIAN_POINT ( 'NONE',  ( -10.94999999999999751, -5.223600000000002019, 8.200000000000001066 ) ) ;
#2027 = ORIENTED_EDGE ( 'NONE', *, *, #2757, .F. ) ;
#2028 = CARTESIAN_POINT ( 'NONE',  ( 3.143042454051643730, -5.586316964330640289, 8.565551497892940347 ) ) ;
#2029 = CARTESIAN_POINT ( 'NONE',  ( 0.6647630629849542450, -5.769126375085072311, 3.207342261625037771 ) ) ;
#2030 = CARTESIAN_POINT ( 'NONE',  ( -2.881331469271675161, -5.317868466329993105, 8.622961421453927855 ) ) ;
#2031 = CARTESIAN_POINT ( 'NONE',  ( 4.074161836859261143, -6.023600000000001842, 11.19366764997448094 ) ) ;
#2032 = DIRECTION ( 'NONE',  ( 6.242469211744370837E-16, -0.000000000000000000, 1.000000000000000000 ) ) ;
#2033 = EDGE_CURVE ( 'NONE', #3093, #3682, #4414, .T. ) ;
#2034 = CARTESIAN_POINT ( 'NONE',  ( -0.6647622374642366827, -5.769129445837283932, -3.207341578811875316 ) ) ;
#2035 = EDGE_LOOP ( 'NONE', ( #2459, #2167, #1390, #1582 ) ) ;
#2036 = CARTESIAN_POINT ( 'NONE',  ( -0.9666666666666670071, -19.48921168947786597, 4.562122364449820999 ) ) ;
#2037 = ORIENTED_EDGE ( 'NONE', *, *, #3575, .F. ) ;
#2038 = CARTESIAN_POINT ( 'NONE',  ( 0.000000000000000000, -12.20178778921884266, 0.000000000000000000 ) ) ;
#2039 = CARTESIAN_POINT ( 'NONE',  ( 3.918869757271535144E-17, -23.72360000000000113, 0.3200000000000003952 ) ) ;
#2040 = DIRECTION ( 'NONE',  ( 0.03688416003543407845, -0.9993195478616839766, 5.458557840734843348E-15 ) ) ;
#2041 = EDGE_LOOP ( 'NONE', ( #3633, #2696, #254, #1879 ) ) ;
#2042 = CARTESIAN_POINT ( 'NONE',  ( -0.7987075918967507793, -19.84845552392311063, 2.049560259103836657 ) ) ;
#2043 = ORIENTED_EDGE ( 'NONE', *, *, #1710, .T. ) ;
#2044 = B_SPLINE_CURVE_WITH_KNOTS ( 'NONE', 3,
 ( #4973, #4162, #1283, #1334, #5054, #3325, #4186, #2547, #2998, #4630, #3026, #4947, #963, #2184, #1704, #4553 ),
 .UNSPECIFIED., .F., .F.,
 ( 4, 2, 2, 2, 2, 2, 2, 4 ),
 ( 1.301042606982605321E-18, 0.0002987222190341917347, 0.0005974444380683821684, 0.001194888876136769107, 0.001792333314205156155, 0.002389777752273542985, 0.003584666628410326187, 0.004779555504547110256 ),
 .UNSPECIFIED. ) ;
#2045 = CARTESIAN_POINT ( 'NONE',  ( -0.7878857515128466771, -19.87500286220056722, 1.986289944633832460 ) ) ;
#2046 = CARTESIAN_POINT ( 'NONE',  ( -0.9721050659828035512, -21.55676511791866901, 0.7252774010203592026 ) ) ;
#2047 = DIRECTION ( 'NONE',  ( -9.423982899561738482E-16, 0.000000000000000000, 1.000000000000000000 ) ) ;
#2048 = DIRECTION ( 'NONE',  ( 0.000000000000000000, 0.000000000000000000, -1.000000000000000000 ) ) ;
#2049 = VERTEX_POINT ( 'NONE', #515 ) ;
#2050 = B_SPLINE_CURVE_WITH_KNOTS ( 'NONE', 3,
 ( #1516, #4017, #3103, #1568, #3912, #4736 ),
 .UNSPECIFIED., .F., .F.,
 ( 4, 2, 4 ),
 ( -1.005094296077305877E-05, 0.0002267505692849962958, 0.0004635520815307656419 ),
 .UNSPECIFIED. ) ;
#2051 = CARTESIAN_POINT ( 'NONE',  ( -3.089420301609879349, -5.223600000000002019, -1.431000000000037797 ) ) ;
#2052 = CARTESIAN_POINT ( 'NONE',  ( 1.051728540795510147, -5.291307612245110370, 3.509878341731117235 ) ) ;
#2053 = CARTESIAN_POINT ( 'NONE',  ( -2.575086999176981362, -5.237267500750302673, 8.726368326413840748 ) ) ;
#2054 = DIRECTION ( 'NONE',  ( -1.000000000000000000, 0.000000000000000000, 0.000000000000000000 ) ) ;
#2055 = VECTOR ( 'NONE', #4525, 1000.000000000000000 ) ;
#2056 = EDGE_CURVE ( 'NONE', #3428, #2517, #3099, .T. ) ;
#2057 = CARTESIAN_POINT ( 'NONE',  ( 1.108342643965780416, -19.45565425972001705, 5.803334355038147763 ) ) ;
#2058 = CARTESIAN_POINT ( 'NONE',  ( 3.313524590675817283, -7.912644588007944790, 8.757835431623632871 ) ) ;
#2059 = CARTESIAN_POINT ( 'NONE',  ( 3.372500483468472865, -6.052526428691510141, 8.719362653349685743 ) ) ;
#2060 = EDGE_LOOP ( 'NONE', ( #4048, #2148, #831, #224 ) ) ;
#2061 = ADVANCED_FACE ( 'NONE', ( #3441 ), #4536, .F. ) ;
#2062 = ADVANCED_FACE ( 'NONE', ( #2954 ), #3414, .F. ) ;
#2063 = CARTESIAN_POINT ( 'NONE',  ( 1.643243917673342658E-16, -20.81035036234944613, 0.000000000000000000 ) ) ;
#2064 = DIRECTION ( 'NONE',  ( 0.000000000000000000, 1.000000000000000000, 0.000000000000000000 ) ) ;
#2065 = CARTESIAN_POINT ( 'NONE',  ( -3.285750000585114794, -6.023600000000001842, 9.027523932580590937 ) ) ;
#2066 = CARTESIAN_POINT ( 'NONE',  ( 0.000000000000000000, -5.223600000000002019, 0.000000000000000000 ) ) ;
#2067 = TOROIDAL_SURFACE ( 'NONE', #2750, 4.041517772942823328, 0.8000000000000000444 ) ;
#2068 = ORIENTED_EDGE ( 'NONE', *, *, #2674, .F. ) ;
#2069 = DIRECTION ( 'NONE',  ( 0.000000000000000000, 0.000000000000000000, 1.000000000000000000 ) ) ;
#2070 = ORIENTED_EDGE ( 'NONE', *, *, #1969, .F. ) ;
#2071 = CARTESIAN_POINT ( 'NONE',  ( -0.9542506481587396117, -20.25492642659424902, 1.920886265853031016 ) ) ;
#2072 = CARTESIAN_POINT ( 'NONE',  ( -0.9926597769509186708, -21.91988434265757846, 0.3979307601475604583 ) ) ;
#2073 = DIRECTION ( 'NONE',  ( -0.000000000000000000, -1.000000000000000000, -0.000000000000000000 ) ) ;
#2074 = EDGE_LOOP ( 'NONE', ( #5029, #2895, #3979, #4343, #1985 ) ) ;
#2075 = CARTESIAN_POINT ( 'NONE',  ( -3.179826021775933320, -5.998740736633152437, -0.6313863326425670497 ) ) ;
#2076 = VERTEX_POINT ( 'NONE', #3841 ) ;
#2077 = CARTESIAN_POINT ( 'NONE',  ( 3.285750510747937447, -5.982830059884003404, 9.027525327461082938 ) ) ;
#2078 = CARTESIAN_POINT ( 'NONE',  ( 4.074161836859261143, -6.023600000000001842, 11.19366764997448094 ) ) ;
#2079 = ADVANCED_BREP_SHAPE_REPRESENTATION ( 'Coaxial Nozzle_OD 640microns ID 27G', ( #1894, #1701 ), #4114 ) ;
#2080 = B_SPLINE_CURVE_WITH_KNOTS ( 'NONE', 3,
 ( #4934, #2081, #1163, #4489 ),
 .UNSPECIFIED., .F., .F.,
 ( 4, 4 ),
 ( 0.000000000000000000, 0.001867661607294660584 ),
 .UNSPECIFIED. ) ;
#2081 = CARTESIAN_POINT ( 'NONE',  ( -3.633307024924805617, -7.301468902967021890, 8.500000000000000000 ) ) ;
#2082 = AXIS2_PLACEMENT_3D ( 'NONE', #4344, #2236, #3078 ) ;
#2083 = DIRECTION ( 'NONE',  ( 0.000000000000000000, 0.000000000000000000, -1.000000000000000000 ) ) ;
#2084 = CIRCLE ( 'NONE', #2589, 17.56568218562516748 ) ;
#2085 = CARTESIAN_POINT ( 'NONE',  ( 2.805402017145788740, -5.213633082189216061, 8.586386887850151695 ) ) ;
#2086 = DIRECTION ( 'NONE',  ( -0.3420201433256695456, 0.000000000000000000, -0.9396926207859080948 ) ) ;
#2087 = CARTESIAN_POINT ( 'NONE',  ( -0.6309999999999992282, -8.851919802072245602, 3.089420301609806074 ) ) ;
#2088 = CARTESIAN_POINT ( 'NONE',  ( 0.5519150099230999418, -22.81035036234944968, 0.000000000000000000 ) ) ;
#2089 = VECTOR ( 'NONE', #2626, 1000.000000000000000 ) ;
#2090 = ADVANCED_FACE ( 'NONE', ( #5064 ), #2419, .T. ) ;
#2091 = CARTESIAN_POINT ( 'NONE',  ( -3.396543002201438455, -6.061773215555091632, 12.50003054011985704 ) ) ;
#2092 = CARTESIAN_POINT ( 'NONE',  ( 1.931501387937158537E-16, -17.33419824958559730, -1.577190573871539936 ) ) ;
#2093 = DIRECTION ( 'NONE',  ( 1.000000000000000000, 0.000000000000000000, 9.423982899561738482E-16 ) ) ;
#2094 = VERTEX_POINT ( 'NONE', #996 ) ;
#2095 = CARTESIAN_POINT ( 'NONE',  ( 11.25000000000000000, -8.223600000000001131, -4.133182947122316772E-15 ) ) ;
#2096 = ORIENTED_EDGE ( 'NONE', *, *, #2261, .F. ) ;
#2097 = CARTESIAN_POINT ( 'NONE',  ( 0.2165220344382302875, -10.22360000000000291, 8.760577076464320712 ) ) ;
#2098 = VECTOR ( 'NONE', #2456, 1000.000000000000114 ) ;
#2099 = DIRECTION ( 'NONE',  ( -8.881784197001252323E-15, 0.000000000000000000, 1.000000000000000000 ) ) ;
#2100 = CARTESIAN_POINT ( 'NONE',  ( 0.1146089554902369884, -20.55739639785565487, 0.2349403107507167243 ) ) ;
#2101 = ORIENTED_EDGE ( 'NONE', *, *, #5230, .F. ) ;
#2102 = CARTESIAN_POINT ( 'NONE',  ( 3.179114782977808140, -6.023600000000001842, 0.6309999999999758025 ) ) ;
#2103 = ORIENTED_EDGE ( 'NONE', *, *, #4574, .T. ) ;
#2104 = AXIS2_PLACEMENT_3D ( 'NONE', #1184, #4806, #2376 ) ;
#2105 = CARTESIAN_POINT ( 'NONE',  ( 3.610344617159377378, -7.923600000000001309, 8.499999999999998224 ) ) ;
#2106 = CARTESIAN_POINT ( 'NONE',  ( 3.066359474964944543, -14.70049681230426231, 8.424753417396818378 ) ) ;
#2107 = CIRCLE ( 'NONE', #2186, 1.171355532172413394 ) ;
#2108 = CARTESIAN_POINT ( 'NONE',  ( -4.074161836859234498, -6.023600000000001842, 11.19366764997448804 ) ) ;
#2109 = DIRECTION ( 'NONE',  ( 0.000000000000000000, 0.000000000000000000, -1.000000000000000000 ) ) ;
#2110 = B_SPLINE_CURVE_WITH_KNOTS ( 'NONE', 3,
 ( #4125, #904, #1726, #3342, #854, #4965, #1672, #3317, #2965, #4545, #879, #4595 ),
 .UNSPECIFIED., .F., .F.,
 ( 4, 2, 2, 2, 2, 4 ),
 ( 0.002345571413905696029, 0.004868385668780457476, 0.006129792796217838416, 0.007391199923655221091, 0.009914014178529986440, 0.01243682843340475352 ),
 .UNSPECIFIED. ) ;
#2111 = CARTESIAN_POINT ( 'NONE',  ( -1.775646999949942948E-16, -20.55091524738701025, 0.2549999999999998379 ) ) ;
#2112 = CARTESIAN_POINT ( 'NONE',  ( 3.089420301609839381, -5.904888436756229098, -0.6310000000000260956 ) ) ;
#2113 = DIRECTION ( 'NONE',  ( -0.8393880683067295179, 0.5078128394490009079, -0.1937880049823526019 ) ) ;
#2114 = LINE ( 'NONE', #3744, #3262 ) ;
#2115 = CARTESIAN_POINT ( 'NONE',  ( 0.5151206759282263015, -15.35962551117974328, 8.400338303317392175 ) ) ;
#2116 = CARTESIAN_POINT ( 'NONE',  ( -3.713677898253865184, -8.200052604487257923, 8.321363516757095624 ) ) ;
#2117 = FACE_OUTER_BOUND ( 'NONE', #369, .T. ) ;
#2118 = CARTESIAN_POINT ( 'NONE',  ( -11.25000000000000000, -8.223600000000001131, 0.000000000000000000 ) ) ;
#2119 = ADVANCED_FACE ( 'NONE', ( #679 ), #1910, .T. ) ;
#2120 = EDGE_LOOP ( 'NONE', ( #600, #4690, #4341, #3776 ) ) ;
#2121 = DIRECTION ( 'NONE',  ( -0.000000000000000000, -1.000000000000000000, -0.000000000000000000 ) ) ;
#2122 = ORIENTED_EDGE ( 'NONE', *, *, #3997, .T. ) ;
#2123 = EDGE_CURVE ( 'NONE', #1706, #4867, #2689, .T. ) ;
#2124 = CARTESIAN_POINT ( 'NONE',  ( -0.5335178429256638433, -19.78793501619579942, 4.696547861472891938 ) ) ;
#2125 =( BOUNDED_SURFACE ( )  B_SPLINE_SURFACE ( 3, 2, ( 
 ( #3446, #2138, #2611 ),
 ( #2959, #546, #923 ),
 ( #520, #2168, #125 ),
 ( #2198, #1748, #5040 ),
 ( #4223, #1776, #1868 ),
 ( #3156, #4302, #256 ),
 ( #2774, #204, #5098 ),
 ( #4758, #5178, #1028 ),
 ( #4808, #3557, #4784 ),
 ( #1838, #4699, #282 ),
 ( #1454, #4332, #3928 ),
 ( #2324, #2668, #5204 ),
 ( #2353, #3065, #1507 ),
 ( #4726, #1086, #3476 ) ),
 .UNSPECIFIED., .F., .F., .F. ) 
 B_SPLINE_SURFACE_WITH_KNOTS ( ( 4, 2, 2, 2, 2, 2, 4 ),
 ( 3, 3 ),
 ( 0.003956535753055216015, 0.005773764756372843504, 0.007590993759690471861, 0.01122545176632572771, 0.01485990977296098442, 0.01667713877627861191, 0.01849436777959623940 ),
 ( 0.000000000000000000, 1.000000000000000000 ),
 .UNSPECIFIED. ) 
 GEOMETRIC_REPRESENTATION_ITEM ( )  RATIONAL_B_SPLINE_SURFACE ( (
 ( 1.000000000000000000, 0.6668677542689562809, 1.000000000000000000),
 ( 1.000000000000000000, 0.6684670189248649308, 1.000000000000000000),
 ( 1.000000000000000000, 0.6696244233256892775, 1.000000000000000000),
 ( 1.000000000000000000, 0.6715126016061839787, 1.000000000000000000),
 ( 1.000000000000000000, 0.6722426956639532269, 1.000000000000000000),
 ( 1.000000000000000000, 0.6740633186854410042, 1.000000000000000000),
 ( 1.000000000000000000, 0.6747995369833710289, 1.000000000000000000),
 ( 1.000000000000000000, 0.6759198782900475155, 1.000000000000000000),
 ( 1.000000000000000000, 0.6762707836000189099, 1.000000000000000000),
 ( 1.000000000000000000, 0.6766358304676847180, 1.000000000000000000),
 ( 1.000000000000000000, 0.6767285150089754620, 1.000000000000000000),
 ( 1.000000000000000000, 0.6768639413937065363, 1.000000000000000000),
 ( 1.000000000000000000, 0.6769054547490501728, 1.000000000000000000),
 ( 1.000000000000000000, 0.6769237921787802925, 1.000000000000000000) ) ) 
 REPRESENTATION_ITEM ( '' )  SURFACE ( )  );
#2126 = DIRECTION ( 'NONE',  ( 6.242469211744363934E-16, -0.000000000000000000, 1.000000000000000000 ) ) ;
#2127 = CARTESIAN_POINT ( 'NONE',  ( -1.431000000000002936, -5.223600000000002019, -1.348571952927288466E-15 ) ) ;
#2128 = ORIENTED_EDGE ( 'NONE', *, *, #4180, .F. ) ;
#2129 = DIRECTION ( 'NONE',  ( -0.000000000000000000, -1.000000000000000000, -0.000000000000000000 ) ) ;
#2130 = VECTOR ( 'NONE', #718, 1000.000000000000114 ) ;
#2131 = VERTEX_POINT ( 'NONE', #4269 ) ;
#2132 = EDGE_CURVE ( 'NONE', #4867, #1069, #4088, .T. ) ;
#2133 = B_SPLINE_CURVE_WITH_KNOTS ( 'NONE', 3,
 ( #3517, #3943, #4688, #1496, #5193, #271, #3143, #2288 ),
 .UNSPECIFIED., .F., .F.,
 ( 4, 2, 2, 4 ),
 ( 8.741117365843378158E-19, 0.0003503373570524074328, 0.0007006747141048139983, 0.001401349428209629081 ),
 .UNSPECIFIED. ) ;
#2134 = CARTESIAN_POINT ( 'NONE',  ( 1.016724625991928699, -21.00240088007089767, 0.8256408262973952139 ) ) ;
#2135 = CARTESIAN_POINT ( 'NONE',  ( 1.002859994217849327, -21.86743899058332019, 0.3910261733657964256 ) ) ;
#2136 = DIRECTION ( 'NONE',  ( -1.000000000000000000, 0.000000000000000000, 4.182454371868921091E-14 ) ) ;
#2137 = DIRECTION ( 'NONE',  ( 0.000000000000000000, 0.000000000000000000, -1.000000000000000000 ) ) ;
#2138 = CARTESIAN_POINT ( 'NONE',  ( 2.088086536581421626, -19.23400506346770555, 5.736970609124569798 ) ) ;
#2139 = CARTESIAN_POINT ( 'NONE',  ( -3.396081006787522671, -6.037887759586669567, 9.330655880787416478 ) ) ;
#2140 = CARTESIAN_POINT ( 'NONE',  ( 3.361830153940590371, -6.672954624437744009, 8.725440094243900546 ) ) ;
#2141 = CARTESIAN_POINT ( 'NONE',  ( -4.121177484201205665, -6.028933215842004145, 11.32284207940759124 ) ) ;
#2142 = ADVANCED_FACE ( 'NONE', ( #657 ), #304, .F. ) ;
#2143 = DIRECTION ( 'NONE',  ( -0.000000000000000000, -1.000000000000000000, -0.000000000000000000 ) ) ;
#2144 = VECTOR ( 'NONE', #3219, 1000.000000000000000 ) ;
#2145 = CARTESIAN_POINT ( 'NONE',  ( -3.468476468309877880, -8.453081022861526961, 8.267592414090946917 ) ) ;
#2146 = DIRECTION ( 'NONE',  ( 0.000000000000000000, 0.000000000000000000, -1.000000000000000000 ) ) ;
#2147 = FACE_OUTER_BOUND ( 'NONE', #3570, .T. ) ;
#2148 = ORIENTED_EDGE ( 'NONE', *, *, #4841, .F. ) ;
#2149 = DIRECTION ( 'NONE',  ( -0.000000000000000000, 1.000000000000000000, -0.000000000000000000 ) ) ;
#2150 = CIRCLE ( 'NONE', #773, 3.225122630638374677 ) ;
#2151 = ORIENTED_EDGE ( 'NONE', *, *, #4513, .T. ) ;
#2152 =( BOUNDED_SURFACE ( )  B_SPLINE_SURFACE ( 3, 2, ( 
 ( #4477, #2021, #1577 ),
 ( #10, #1179, #3249 ),
 ( #1126, #3197, #4003 ),
 ( #2816, #4898, #1943 ),
 ( #756, #1601, #5272 ),
 ( #2765, #4874, #3655 ) ),
 .UNSPECIFIED., .F., .F., .T. ) 
 B_SPLINE_SURFACE_WITH_KNOTS ( ( 4, 2, 4 ),
 ( 3, 3 ),
 ( 0.000000000000000000, 0.0003295829904327467522, 0.0006591659808654935044 ),
 ( 0.000000000000000000, 1.000000000000000000 ),
 .UNSPECIFIED. ) 
 GEOMETRIC_REPRESENTATION_ITEM ( )  RATIONAL_B_SPLINE_SURFACE ( (
 ( 1.000000000000000000, 0.8859664129557957013, 1.000000000000000000),
 ( 1.000000000000000000, 0.8620798312322516255, 1.000000000000000000),
 ( 1.000000000000000000, 0.8342879860673964032, 1.000000000000000000),
 ( 1.000000000000000000, 0.7726076129684373850, 1.000000000000000000),
 ( 1.000000000000000000, 0.7389390443257695118, 1.000000000000000000),
 ( 1.000000000000000000, 0.7071067811872242537, 1.000000000000000000) ) ) 
 REPRESENTATION_ITEM ( '' )  SURFACE ( )  );
#2153 = CARTESIAN_POINT ( 'NONE',  ( -0.9333333333333333481, -15.21026384782077656, 8.131487309271250297 ) ) ;
#2154 = CARTESIAN_POINT ( 'NONE',  ( 3.986653956583817493, -5.223599999999989585, 12.13580543098799147 ) ) ;
#2155 = PLANE ( 'NONE',  #4092 ) ;
#2156 = ORIENTED_EDGE ( 'NONE', *, *, #5252, .F. ) ;
#2157 = DIRECTION ( 'NONE',  ( 2.040851148208007998E-16, 0.000000000000000000, 1.000000000000000000 ) ) ;
#2158 = VERTEX_POINT ( 'NONE', #2768 ) ;
#2159 = CARTESIAN_POINT ( 'NONE',  ( 0.6726609859916115042, -20.22698841277118476, 1.284712941050605295 ) ) ;
#2160 = ADVANCED_FACE ( 'NONE', ( #4403 ), #1213, .F. ) ;
#2161 = CARTESIAN_POINT ( 'NONE',  ( 0.9623191217612715453, -20.12999213847038504, 2.135197898569249020 ) ) ;
#2162 = EDGE_CURVE ( 'NONE', #1827, #489, #5274, .T. ) ;
#2163 = FACE_OUTER_BOUND ( 'NONE', #3411, .T. ) ;
#2164 = ADVANCED_FACE ( 'NONE', ( #735 ), #4458, .F. ) ;
#2165 = ADVANCED_FACE ( 'NONE', ( #1734 ), #5001, .T. ) ;
#2166 = LINE ( 'NONE', #95, #4573 ) ;
#2167 = ORIENTED_EDGE ( 'NONE', *, *, #4842, .T. ) ;
#2168 = CARTESIAN_POINT ( 'NONE',  ( 2.428684238823846542, -18.42393333609195594, 6.672755105154054789 ) ) ;
#2169 = CARTESIAN_POINT ( 'NONE',  ( 2.534468153500365251, -16.75987748208512329, 6.552574900310522032 ) ) ;
#2170 = EDGE_CURVE ( 'NONE', #1825, #5069, #1042, .T. ) ;
#2171 = DIRECTION ( 'NONE',  ( 4.182454371868921091E-14, -0.000000000000000000, 1.000000000000000000 ) ) ;
#2172 = CARTESIAN_POINT ( 'NONE',  ( 0.6313863326425331879, -5.998740736633152437, -3.179826021775939981 ) ) ;
#2173 = AXIS2_PLACEMENT_3D ( 'NONE', #3477, #449, #1646 ) ;
#2174 = CARTESIAN_POINT ( 'NONE',  ( -4.006095642890127095, -8.223600000000001131, 8.203170845565036728 ) ) ;
#2175 = DIRECTION ( 'NONE',  ( 0.000000000000000000, 0.000000000000000000, 1.000000000000000000 ) ) ;
#2176 = CARTESIAN_POINT ( 'NONE',  ( -10.94999999999999929, -5.223600000000002019, 0.01776588295423203734 ) ) ;
#2177 = CARTESIAN_POINT ( 'NONE',  ( -4.134623662842788150, -11.01648240840794202, 11.35978515160231872 ) ) ;
#2178 = B_SPLINE_CURVE_WITH_KNOTS ( 'NONE', 3,
 ( #3983, #5148, #1025, #309, #2719, #2246, #3925, #1889, #710, #2742 ),
 .UNSPECIFIED., .F., .F.,
 ( 4, 2, 2, 2, 4 ),
 ( 0.0006897386037831289242, 0.0008621849488646278177, 0.001034631293946126820, 0.001207077639027625713, 0.001379523984109124607 ),
 .UNSPECIFIED. ) ;
#2179 = ORIENTED_EDGE ( 'NONE', *, *, #875, .T. ) ;
#2180 = CARTESIAN_POINT ( 'NONE',  ( 0.6310000000000006715, -6.798161590276559529, 3.154564618061149073 ) ) ;
#2181 = ORIENTED_EDGE ( 'NONE', *, *, #2759, .F. ) ;
#2182 = AXIS2_PLACEMENT_3D ( 'NONE', #211, #5159, #1846 ) ;
#2183 = CARTESIAN_POINT ( 'NONE',  ( 0.5151206759282263015, -15.35962551117974328, 8.400338303317392175 ) ) ;
#2184 = CARTESIAN_POINT ( 'NONE',  ( 2.756453174907506298, -16.06337323702549469, 7.597114599675321323 ) ) ;
#2185 = CARTESIAN_POINT ( 'NONE',  ( -1.653872362990587375, -18.71198194805777959, 6.252526145131065860 ) ) ;
#2186 = AXIS2_PLACEMENT_3D ( 'NONE', #352, #780, #2837 ) ;
#2187 = ORIENTED_EDGE ( 'NONE', *, *, #1044, .F. ) ;
#2188 = LINE ( 'NONE', #2575, #557 ) ;
#2189 = EDGE_LOOP ( 'NONE', ( #248, #1898, #948 ) ) ;
#2190 = CARTESIAN_POINT ( 'NONE',  ( 1.068968597382566443, -20.55334617246582241, 0.6768910345523955208 ) ) ;
#2191 = CARTESIAN_POINT ( 'NONE',  ( 0.7941754040958686200, -21.64371728214964108, 1.146105872693087502 ) ) ;
#2192 = DIRECTION ( 'NONE',  ( 0.000000000000000000, 0.000000000000000000, -1.000000000000000000 ) ) ;
#2193 = AXIS2_PLACEMENT_3D ( 'NONE', #599, #253, #3902 ) ;
#2194 = AXIS2_PLACEMENT_3D ( 'NONE', #5066, #1743, #3789 ) ;
#2195 = CARTESIAN_POINT ( 'NONE',  ( 3.673386714864389280, -8.182309198622284896, 8.357730618584128024 ) ) ;
#2196 = ORIENTED_EDGE ( 'NONE', *, *, #4355, .T. ) ;
#2197 = EDGE_CURVE ( 'NONE', #4497, #3055, #2488, .T. ) ;
#2198 = CARTESIAN_POINT ( 'NONE',  ( 2.476528834980130878, -16.76175445074342818, 6.804207052736077621 ) ) ;
#2199 = CIRCLE ( 'NONE', #820, 3.241904105585356799 ) ;
#2200 = CARTESIAN_POINT ( 'NONE',  ( -1.175388902200233510, -21.17880114166531769, 0.007596679981839919542 ) ) ;
#2201 = CARTESIAN_POINT ( 'NONE',  ( -0.1069796765646061354, -20.61166130683614739, 0.3544590228196416448 ) ) ;
#2202 = CARTESIAN_POINT ( 'NONE',  ( -3.372767536383865394, -6.023600000000001842, 8.719156112495678457 ) ) ;
#2203 = CARTESIAN_POINT ( 'NONE',  ( -0.9133213424056614294, -8.982156320715485975, -3.017450056981311857 ) ) ;
#2204 = CARTESIAN_POINT ( 'NONE',  ( -0.6671151808346963419, -20.59600754862598393, 0.1649429704032364663 ) ) ;
#2205 = FACE_OUTER_BOUND ( 'NONE', #3107, .T. ) ;
#2206 = CARTESIAN_POINT ( 'NONE',  ( 0.000000000000000000, 0.000000000000000000, 0.000000000000000000 ) ) ;
#2207 = ORIENTED_EDGE ( 'NONE', *, *, #3693, .F. ) ;
#2208 = EDGE_LOOP ( 'NONE', ( #4628, #2889, #1109 ) ) ;
#2209 = CARTESIAN_POINT ( 'NONE',  ( 0.07678356129661835505, -14.69370565282986973, 7.201682558287624936 ) ) ;
#2210 = CARTESIAN_POINT ( 'NONE',  ( -3.179826021775944866, -5.998740736633152437, 0.6313863326425102063 ) ) ;
#2211 = CARTESIAN_POINT ( 'NONE',  ( -1.859943024223906782, -18.44464165774069997, 6.379912109363171879 ) ) ;
#2212 = EDGE_LOOP ( 'NONE', ( #857, #1576, #4159, #2705 ) ) ;
#2213 = DIRECTION ( 'NONE',  ( -0.8979455336411815702, 0.000000000000000000, -0.4401065991482673856 ) ) ;
#2214 = ORIENTED_EDGE ( 'NONE', *, *, #621, .F. ) ;
#2215 = DIRECTION ( 'NONE',  ( -0.03027765257158835516, 0.9995170841968334940, -0.006990146880730762659 ) ) ;
#2216 = AXIS2_PLACEMENT_3D ( 'NONE', #1308, #2917, #408 ) ;
#2217 = CARTESIAN_POINT ( 'NONE',  ( 0.6177268639376356507, -20.55924919615443969, 0.3811237440351767369 ) ) ;
#2218 = CARTESIAN_POINT ( 'NONE',  ( 0.7666337111538961135, -19.75884097835080411, 1.387538309966101835 ) ) ;
#2219 = CARTESIAN_POINT ( 'NONE',  ( 0.000000000000000000, -12.85458479929957321, 1.792363797108475598 ) ) ;
#2220 = CARTESIAN_POINT ( 'NONE',  ( -3.359265472736336910, -5.799104956763244445, 8.499999999999856115 ) ) ;
#2221 = ORIENTED_EDGE ( 'NONE', *, *, #1137, .F. ) ;
#2222 = CARTESIAN_POINT ( 'NONE',  ( -1.746425629107301036, -5.328565463203271227E-16, 0.4031941259273206790 ) ) ;
#2223 = CARTESIAN_POINT ( 'NONE',  ( 2.617694969252616133, -15.51300849327400933, 6.988407108852747740 ) ) ;
#2224 = CARTESIAN_POINT ( 'NONE',  ( 0.9457070182772141509, -20.61166130683673359, 1.008880314481428009 ) ) ;
#2225 = DIRECTION ( 'NONE',  ( -0.000000000000000000, -1.000000000000000000, -0.000000000000000000 ) ) ;
#2226 = ADVANCED_FACE ( 'NONE', ( #4602 ), #4679, .F. ) ;
#2227 = CARTESIAN_POINT ( 'NONE',  ( -2.446515055891378410, -9.298008444366312020, -1.993200183412197957 ) ) ;
#2228 = CARTESIAN_POINT ( 'NONE',  ( 3.323551316169794934, -5.830457048012883448, 8.744270207685453045 ) ) ;
#2229 = DIRECTION ( 'NONE',  ( 0.9857276399553258628, 9.699610695186466331E-16, 0.1683479130494447140 ) ) ;
#2230 = EDGE_CURVE ( 'NONE', #5069, #2234, #1469, .T. ) ;
#2231 = CARTESIAN_POINT ( 'NONE',  ( -2.351595843561857357, -5.223600000000002019, 8.799999999999997158 ) ) ;
#2232 = ORIENTED_EDGE ( 'NONE', *, *, #3162, .T. ) ;
#2233 = EDGE_CURVE ( 'NONE', #3321, #2627, #3942, .T. ) ;
#2234 = VERTEX_POINT ( 'NONE', #1880 ) ;
#2235 = VECTOR ( 'NONE', #2755, 1000.000000000000000 ) ;
#2236 = DIRECTION ( 'NONE',  ( -0.000000000000000000, -1.000000000000000000, -0.000000000000000000 ) ) ;
#2237 = CARTESIAN_POINT ( 'NONE',  ( 0.5793787745400128530, -20.61166130683496789, -0.1398367283562206298 ) ) ;
#2238 = CARTESIAN_POINT ( 'NONE',  ( -2.863090919350467001, -12.13372403416876288, 7.866277650761416496 ) ) ;
#2239 = AXIS2_PLACEMENT_3D ( 'NONE', #3775, #2121, #4577 ) ;
#2240 = ORIENTED_EDGE ( 'NONE', *, *, #4446, .T. ) ;
#2241 = DIRECTION ( 'NONE',  ( 2.040851148208007998E-16, 0.000000000000000000, 1.000000000000000000 ) ) ;
#2242 = ORIENTED_EDGE ( 'NONE', *, *, #257, .T. ) ;
#2243 = CARTESIAN_POINT ( 'NONE',  ( 0.7512100183545716847, -5.587423875816959651, -3.184868220232011549 ) ) ;
#2244 = CARTESIAN_POINT ( 'NONE',  ( 0.9866347773694669199, -21.41393684141186782, 0.8063819260824034441 ) ) ;
#2245 = CARTESIAN_POINT ( 'NONE',  ( 1.031285833797786156, -21.73210124482762140, 0.3684147798091012005 ) ) ;
#2246 = CARTESIAN_POINT ( 'NONE',  ( -0.2614019763735573321, -20.60121038146253980, 0.0003355277044814559332 ) ) ;
#2247 = CARTESIAN_POINT ( 'NONE',  ( 0.000000000000000000, -23.72360000000000113, -0.2549999999999998379 ) ) ;
#2248 = TOROIDAL_SURFACE ( 'NONE', #2666, 9.131956998270137404, 0.2999999999999999889 ) ;
#2249 = ORIENTED_EDGE ( 'NONE', *, *, #5227, .T. ) ;
#2250 = B_SPLINE_CURVE_WITH_KNOTS ( 'NONE', 3,
 ( #2506, #4518, #4118, #4491 ),
 .UNSPECIFIED., .F., .F.,
 ( 4, 4 ),
 ( 0.000000000000000000, 4.286021135000326015E-05 ),
 .UNSPECIFIED. ) ;
#2251 = DIRECTION ( 'NONE',  ( 0.000000000000000000, 0.000000000000000000, -1.000000000000000000 ) ) ;
#2252 = CARTESIAN_POINT ( 'NONE',  ( 0.4610001313657531297, -22.79464233709940757, 0.8322145765709415555 ) ) ;
#2253 = LINE ( 'NONE', #3560, #2130 ) ;
#2254 = CARTESIAN_POINT ( 'NONE',  ( 1.098011055405639036, -20.61166130683501052, 0.1118471757846059844 ) ) ;
#2255 = CARTESIAN_POINT ( 'NONE',  ( -2.563748523948029323, -5.235655270935814620, 8.730128065609841670 ) ) ;
#2256 = DIRECTION ( 'NONE',  ( -0.000000000000000000, -1.000000000000000000, -0.000000000000000000 ) ) ;
#2257 = CARTESIAN_POINT ( 'NONE',  ( 3.089420301609830055, -8.851919802071630983, 0.6309999999999758025 ) ) ;
#2258 = DIRECTION ( 'NONE',  ( -0.000000000000000000, -1.000000000000000000, -0.000000000000000000 ) ) ;
#2259 = EDGE_LOOP ( 'NONE', ( #2269, #3076, #4468, #4427 ) ) ;
#2260 = ORIENTED_EDGE ( 'NONE', *, *, #3997, .F. ) ;
#2261 = EDGE_CURVE ( 'NONE', #2323, #2158, #3430, .T. ) ;
#2262 = DIRECTION ( 'NONE',  ( -8.881784197001252323E-16, 0.000000000000000000, 1.000000000000000000 ) ) ;
#2263 = ADVANCED_FACE ( 'NONE', ( #3886 ), #1187, .F. ) ;
#2264 = CARTESIAN_POINT ( 'NONE',  ( 4.120934238269803096, -6.028905619640466007, 11.32217376670361375 ) ) ;
#2265 = CARTESIAN_POINT ( 'NONE',  ( -3.074138204973602129, -7.587327701245887290, 8.446125302442650806 ) ) ;
#2266 = AXIS2_PLACEMENT_3D ( 'NONE', #1854, #5112, #618 ) ;
#2267 = ORIENTED_EDGE ( 'NONE', *, *, #2445, .F. ) ;
#2268 = CARTESIAN_POINT ( 'NONE',  ( 3.397140196966237813, -15.08003029585758448, 6.739122336805331237 ) ) ;
#2269 = ORIENTED_EDGE ( 'NONE', *, *, #4347, .F. ) ;
#2270 = FACE_OUTER_BOUND ( 'NONE', #2568, .T. ) ;
#2271 = CARTESIAN_POINT ( 'NONE',  ( 0.9467953418816711375, -21.62356514384314110, 0.7620058426347072755 ) ) ;
#2272 = CARTESIAN_POINT ( 'NONE',  ( 0.4069694196330126967, -22.09536712970761485, 0.9757053597061181582 ) ) ;
#2273 = FACE_OUTER_BOUND ( 'NONE', #2791, .T. ) ;
#2274 = DIRECTION ( 'NONE',  ( 1.000000000000000000, -0.000000000000000000, 1.980475968406855305E-12 ) ) ;
#2275 = ORIENTED_EDGE ( 'NONE', *, *, #3211, .T. ) ;
#2276 = SURFACE_STYLE_USAGE ( .BOTH. , #3503 ) ;
#2277 = CARTESIAN_POINT ( 'NONE',  ( 3.661669363746035799, -6.023600000000001842, 8.499999999999998224 ) ) ;
#2278 = VECTOR ( 'NONE', #2032, 1000.000000000000000 ) ;
#2279 = ORIENTED_EDGE ( 'NONE', *, *, #2230, .F. ) ;
#2280 = CARTESIAN_POINT ( 'NONE',  ( -0.3260709428590484737, -20.61166130683509579, -0.2113215947112231097 ) ) ;
#2281 = CIRCLE ( 'NONE', #1661, 8.833316705776791622 ) ;
#2282 = CARTESIAN_POINT ( 'NONE',  ( 4.006095642890117325, -8.223600000000001131, 8.203170845564974556 ) ) ;
#2283 = DIRECTION ( 'NONE',  ( 1.054993321578378788E-16, 0.5078128394490009079, -0.8614674225359558735 ) ) ;
#2284 = VERTEX_POINT ( 'NONE', #5138 ) ;
#2285 = ORIENTED_EDGE ( 'NONE', *, *, #3334, .F. ) ;
#2286 = B_SPLINE_CURVE_WITH_KNOTS ( 'NONE', 3,
 ( #4906, #1234, #3734, #1769, #1260, #1286, #2102 ),
 .UNSPECIFIED., .F., .F.,
 ( 4, 3, 4 ),
 ( 0.005641884701928926230, 0.006146774711684578271, 0.008471626385381261087 ),
 .UNSPECIFIED. ) ;
#2287 = DIRECTION ( 'NONE',  ( -1.000000000000000000, 0.000000000000000000, 0.000000000000000000 ) ) ;
#2288 = CARTESIAN_POINT ( 'NONE',  ( -3.677861117362404730, -5.223600000000002019, -1.431000000000013150 ) ) ;
#2289 = CARTESIAN_POINT ( 'NONE',  ( -1.407373439873462306, -19.38740452909306100, 5.771866839742836319 ) ) ;
#2290 = EDGE_CURVE ( 'NONE', #3954, #988, #3205, .T. ) ;
#2291 = ORIENTED_EDGE ( 'NONE', *, *, #970, .T. ) ;
#2292 = DIRECTION ( 'NONE',  ( -1.000000000000000000, 0.000000000000000000, 2.571407403092368652E-16 ) ) ;
#2293 = ORIENTED_EDGE ( 'NONE', *, *, #4508, .F. ) ;
#2294 = CARTESIAN_POINT ( 'NONE',  ( -0.5005445492726228185, -22.76199733898067734, 0.8120409631743682466 ) ) ;
#2295 =( BOUNDED_SURFACE ( )  B_SPLINE_SURFACE ( 3, 2, ( 
 ( #4727, #1951, #1976 ),
 ( #2775, #2325, #4303 ),
 ( #2379, #1481, #3930 ),
 ( #3957, #1558, #1029 ) ),
 .UNSPECIFIED., .F., .F., .F. ) 
 B_SPLINE_SURFACE_WITH_KNOTS ( ( 4, 4 ),
 ( 3, 3 ),
 ( 4.708194040857747176, 5.411545568208507184 ),
 ( 0.000000000000000000, 0.5468713727832796856 ),
 .UNSPECIFIED. ) 
 GEOMETRIC_REPRESENTATION_ITEM ( )  RATIONAL_B_SPLINE_SURFACE ( (
 ( 1.000000000000000000, 0.8401023902126040221, 0.8550916311636048706),
 ( 1.000000000000000000, 0.8246312919794271945, 0.8410708361557359680),
 ( 1.000000000000000000, 0.8080779893114204970, 0.8260692855280225011),
 ( 1.000000000000000000, 0.7946245746432241130, 0.8138770308880682869) ) ) 
 REPRESENTATION_ITEM ( '' )  SURFACE ( )  );
#2296 = CARTESIAN_POINT ( 'NONE',  ( -0.9915399348844526894, -21.08334119612367274, 1.121782377102835238 ) ) ;
#2297 = EDGE_CURVE ( 'NONE', #78, #5161, #280, .T. ) ;
#2298 = CARTESIAN_POINT ( 'NONE',  ( 3.610344617159372493, -7.923600000000001309, 8.799999999999998934 ) ) ;
#2299 = ORIENTED_EDGE ( 'NONE', *, *, #3962, .F. ) ;
#2300 = CARTESIAN_POINT ( 'NONE',  ( -0.6913611902238191442, -20.61166130683500697, -0.01636354259837256853 ) ) ;
#2301 = DIRECTION ( 'NONE',  ( 0.000000000000000000, 0.000000000000000000, 1.000000000000000000 ) ) ;
#2302 = VERTEX_POINT ( 'NONE', #588 ) ;
#2303 = CARTESIAN_POINT ( 'NONE',  ( -1.373336635482995449, -20.61166130683387010, 2.275642424660462293 ) ) ;
#2304 = CARTESIAN_POINT ( 'NONE',  ( -3.396081006805117042, -6.023600000000001842, 9.330655880835756477 ) ) ;
#2305 = CARTESIAN_POINT ( 'NONE',  ( 11.02805480966385865, -8.223600000000001131, 0.01311323393778310829 ) ) ;
#2306 = CARTESIAN_POINT ( 'NONE',  ( 3.157484555369665991, -5.620916911867262833, 8.801286583699830857 ) ) ;
#2307 = CARTESIAN_POINT ( 'NONE',  ( 0.6309999999999998943, -10.22360000000000291, -3.089420301609853592 ) ) ;
#2308 = ORIENTED_EDGE ( 'NONE', *, *, #3037, .F. ) ;
#2309 = DIRECTION ( 'NONE',  ( -0.7846290744389842198, -0.6199654954471444102, -0.000000000000000000 ) ) ;
#2310 = ORIENTED_EDGE ( 'NONE', *, *, #91, .F. ) ;
#2311 = LINE ( 'NONE', #270, #1814 ) ;
#2312 = CARTESIAN_POINT ( 'NONE',  ( 4.141175136267345458, -6.034269422870092825, 11.46271000137557650 ) ) ;
#2313 = CARTESIAN_POINT ( 'NONE',  ( -3.461810461317278875, -5.223600000000001131, 8.499999999999564793 ) ) ;
#2314 = ORIENTED_EDGE ( 'NONE', *, *, #4347, .T. ) ;
#2315 = VECTOR ( 'NONE', #2283, 1000.000000000000227 ) ;
#2316 = LINE ( 'NONE', #3227, #4416 ) ;
#2317 = VERTEX_POINT ( 'NONE', #1385 ) ;
#2318 = CARTESIAN_POINT ( 'NONE',  ( 3.373779827089019800, -6.033215767756941794, 8.715564450502863991 ) ) ;
#2319 = CARTESIAN_POINT ( 'NONE',  ( -1.205623204702853224, -20.60352363274904519, 0.3418141164582850222 ) ) ;
#2320 = CARTESIAN_POINT ( 'NONE',  ( 0.2024946220714982648, -22.92166595224781389, 0.9138688706364874736 ) ) ;
#2321 = CARTESIAN_POINT ( 'NONE',  ( -3.887600974578998780, -8.495069740634006550, 7.931837283190306565 ) ) ;
#2322 = CARTESIAN_POINT ( 'NONE',  ( 1.704746213770315544, -17.40849715810975340, 7.893850234484864892 ) ) ;
#2323 = VERTEX_POINT ( 'NONE', #4741 ) ;
#2324 = CARTESIAN_POINT ( 'NONE',  ( 4.046903744004567649, -7.128941314867638823, 11.11877665535881299 ) ) ;
#2325 = CARTESIAN_POINT ( 'NONE',  ( -2.561593120857367900, -5.233968828386771577, 8.677882114994723395 ) ) ;
#2326 = EDGE_CURVE ( 'NONE', #2049, #931, #2924, .T. ) ;
#2327 = CARTESIAN_POINT ( 'NONE',  ( -3.179377433030572409, -6.015313349267709775, -0.6310000000000338671 ) ) ;
#2328 = CARTESIAN_POINT ( 'NONE',  ( 2.209100813623922299, -20.61166130683503184, 1.326534532330003735 ) ) ;
#2329 = VECTOR ( 'NONE', #2225, 1000.000000000000000 ) ;
#2330 = CARTESIAN_POINT ( 'NONE',  ( -3.396543002201450889, -6.061773215555089855, 12.50003054012043435 ) ) ;
#2331 = CARTESIAN_POINT ( 'NONE',  ( -3.661669363746013595, -6.023600000000001842, 8.500000000000000000 ) ) ;
#2332 = PLANE ( 'NONE',  #3216 ) ;
#2333 = EDGE_CURVE ( 'NONE', #2500, #3428, #3963, .T. ) ;
#2334 = CARTESIAN_POINT ( 'NONE',  ( 3.583896516137835775, -5.683496903884041274, 8.499999999999998224 ) ) ;
#2335 = CARTESIAN_POINT ( 'NONE',  ( -2.975840043196263274, -17.22886947195366858, 6.147901585853451145 ) ) ;
#2336 = ORIENTED_EDGE ( 'NONE', *, *, #1550, .T. ) ;
#2337 = ORIENTED_EDGE ( 'NONE', *, *, #978, .T. ) ;
#2338 = DIRECTION ( 'NONE',  ( 0.000000000000000000, 0.000000000000000000, -1.000000000000000000 ) ) ;
#2339 = LINE ( 'NONE', #193, #4559 ) ;
#2340 = B_SPLINE_CURVE_WITH_KNOTS ( 'NONE', 3,
 ( #1752, #2617, #155, #4201, #903, #4279, #523, #2172 ),
 .UNSPECIFIED., .F., .F.,
 ( 4, 2, 2, 4 ),
 ( -5.849518458360493308E-06, 0.0006878337646950692013, 0.001034675406271783234, 0.001381517047848497375 ),
 .UNSPECIFIED. ) ;
#2341 = AXIS2_PLACEMENT_3D ( 'NONE', #1687, #3330, #3386 ) ;
#2342 = CARTESIAN_POINT ( 'NONE',  ( -3.079610043519414031, -16.84349800616281811, 6.250724791715148498 ) ) ;
#2343 = ORIENTED_EDGE ( 'NONE', *, *, #3893, .F. ) ;
#2344 = DIRECTION ( 'NONE',  ( 0.000000000000000000, -1.000000000000000000, 0.000000000000000000 ) ) ;
#2345 = EDGE_LOOP ( 'NONE', ( #4575, #3998, #2595, #1993 ) ) ;
#2346 = AXIS2_PLACEMENT_3D ( 'NONE', #3684, #2823, #20 ) ;
#2347 = CARTESIAN_POINT ( 'NONE',  ( 0.1002712494887863792, -21.62119274992384632, 1.701940561676998254 ) ) ;
#2348 = CARTESIAN_POINT ( 'NONE',  ( 0.4924316604529572761, -22.76826874486830121, 0.8159536854496322045 ) ) ;
#2349 = DIRECTION ( 'NONE',  ( -0.000000000000000000, 0.000000000000000000, -1.000000000000000000 ) ) ;
#2350 = CARTESIAN_POINT ( 'NONE',  ( 3.613678682292204680, -8.092365890932187611, 8.451933243442256938 ) ) ;
#2351 = VERTEX_POINT ( 'NONE', #1040 ) ;
#2352 = AXIS2_PLACEMENT_3D ( 'NONE', #219, #2653, #3169 ) ;
#2353 = CARTESIAN_POINT ( 'NONE',  ( 4.066886429173106166, -6.527589611970919137, 11.17367863163944186 ) ) ;
#2354 = EDGE_LOOP ( 'NONE', ( #1877, #1770, #1096, #3626, #2576 ) ) ;
#2355 = CARTESIAN_POINT ( 'NONE',  ( -6.776263578034402713E-18, -10.22360000000000291, 9.635293592964444542 ) ) ;
#2356 = DIRECTION ( 'NONE',  ( 0.000000000000000000, 0.000000000000000000, 1.000000000000000000 ) ) ;
#2357 = EDGE_CURVE ( 'NONE', #2317, #532, #2311, .T. ) ;
#2358 = CARTESIAN_POINT ( 'NONE',  ( -2.618425158600115932, -13.88676411975708014, 10.37674880894319074 ) ) ;
#2359 = CARTESIAN_POINT ( 'NONE',  ( 1.782121546647905230, -19.16798316754886500, 5.770245541692107238 ) ) ;
#2360 = DIRECTION ( 'NONE',  ( 0.000000000000000000, 0.9995170841968334940, 0.03107407920856225178 ) ) ;
#2361 = CARTESIAN_POINT ( 'NONE',  ( -2.288805162562117523, -18.62562119114530645, 5.840569269278103270 ) ) ;
#2362 = CIRCLE ( 'NONE', #4492, 0.3000000000000000444 ) ;
#2363 = ORIENTED_EDGE ( 'NONE', *, *, #5019, .T. ) ;
#2364 = ADVANCED_FACE ( 'NONE', ( #1908 ), #1555, .T. ) ;
#2365 = FACE_OUTER_BOUND ( 'NONE', #435, .T. ) ;
#2366 = AXIS2_PLACEMENT_3D ( 'NONE', #3632, #5202, #383 ) ;
#2367 = CARTESIAN_POINT ( 'NONE',  ( -0.6313863326425331879, -5.998740736633152437, -3.179826021775939981 ) ) ;
#2368 = CARTESIAN_POINT ( 'NONE',  ( -2.834791727493604530, -5.223600000000002019, 8.387570762842180727 ) ) ;
#2369 = VERTEX_POINT ( 'NONE', #4656 ) ;
#2370 = CARTESIAN_POINT ( 'NONE',  ( 2.969875268067401652, -5.352638109070446681, 8.593785381420547154 ) ) ;
#2371 = ORIENTED_EDGE ( 'NONE', *, *, #3726, .F. ) ;
#2372 = CARTESIAN_POINT ( 'NONE',  ( 3.218725199566341288E-16, -10.22360000000000291, 8.735293592964444187 ) ) ;
#2373 = CARTESIAN_POINT ( 'NONE',  ( -0.6974343925545574141, -21.63460903382986444, 1.308822370729090911 ) ) ;
#2374 = EDGE_CURVE ( 'NONE', #771, #5052, #1853, .T. ) ;
#2375 = CARTESIAN_POINT ( 'NONE',  ( 0.000000000000000000, -12.20178778921884266, 0.000000000000000000 ) ) ;
#2376 = DIRECTION ( 'NONE',  ( -0.4370386826397514857, 0.000000000000000000, -0.8994427107250970721 ) ) ;
#2377 = EDGE_LOOP ( 'NONE', ( #4857, #2556, #1523, #143 ) ) ;
#2378 = CARTESIAN_POINT ( 'NONE',  ( 2.918800284458834327, -5.408935868933457236, 8.861267896672366362 ) ) ;
#2379 = CARTESIAN_POINT ( 'NONE',  ( -2.763461982716270970, -5.290130285570871393, 8.847553208800038149 ) ) ;
#2380 = CARTESIAN_POINT ( 'NONE',  ( 10.95000000000000107, -8.223600000000001131, 8.199999999999999289 ) ) ;
#2381 = CARTESIAN_POINT ( 'NONE',  ( -3.132731113875032669, -5.530795026454807584, 9.074910253836526053 ) ) ;
#2382 = CARTESIAN_POINT ( 'NONE',  ( -3.779696404344228711, -5.223600000000002019, -1.431000000000008932 ) ) ;
#2383 = DIRECTION ( 'NONE',  ( -0.000000000000000000, -1.000000000000000000, -0.000000000000000000 ) ) ;
#2384 = CARTESIAN_POINT ( 'NONE',  ( -1.109567248682944651, -21.16060833433349586, 0.3837745045681555389 ) ) ;
#2385 = CARTESIAN_POINT ( 'NONE',  ( -3.285374403148908051, -15.94735767455410169, 6.494513010424531885 ) ) ;
#2386 = EDGE_CURVE ( 'NONE', #965, #807, #1132, .T. ) ;
#2387 = ORIENTED_EDGE ( 'NONE', *, *, #914, .F. ) ;
#2388 = CARTESIAN_POINT ( 'NONE',  ( -3.017469701626994905, -8.982150440692862503, 0.9132922713617872557 ) ) ;
#2389 = CARTESIAN_POINT ( 'NONE',  ( -0.9075883152340189497, -19.33754378532492879, 2.934814467912828295 ) ) ;
#2390 = EDGE_CURVE ( 'NONE', #4444, #296, #892, .T. ) ;
#2391 = ORIENTED_EDGE ( 'NONE', *, *, #4421, .F. ) ;
#2392 = CARTESIAN_POINT ( 'NONE',  ( 3.461810461317610610, -5.523600000000001842, 8.499999999999998224 ) ) ;
#2393 = VERTEX_POINT ( 'NONE', #5240 ) ;
#2394 = CARTESIAN_POINT ( 'NONE',  ( -0.8999999999999994671, -10.22360000000000291, 9.237914785819810959 ) ) ;
#2395 = CARTESIAN_POINT ( 'NONE',  ( -0.9540411034960040171, -21.62182498119090113, 0.7362481293035126884 ) ) ;
#2396 = CARTESIAN_POINT ( 'NONE',  ( 2.126572341509307586E-16, -10.22360000000000291, 8.735293592964444187 ) ) ;
#2397 = ORIENTED_EDGE ( 'NONE', *, *, #1851, .F. ) ;
#2398 = AXIS2_PLACEMENT_3D ( 'NONE', #3772, #2563, #4995 ) ;
#2399 = DIRECTION ( 'NONE',  ( 0.09862477730804025677, -0.9575222009910129284, -0.2709693486545405317 ) ) ;
#2400 = CARTESIAN_POINT ( 'NONE',  ( -3.751167837830387874, -8.494044781928023369, 7.998126376369542712 ) ) ;
#2401 = DIRECTION ( 'NONE',  ( 0.000000000000000000, 0.000000000000000000, -1.000000000000000000 ) ) ;
#2402 = CARTESIAN_POINT ( 'NONE',  ( -3.372500483468451549, -6.052526428691510141, 8.719362653349683967 ) ) ;
#2403 = DIRECTION ( 'NONE',  ( -1.000000000000000000, 0.000000000000000000, -0.000000000000000000 ) ) ;
#2404 = CARTESIAN_POINT ( 'NONE',  ( -3.606209331355360703, -7.979619602126669875, 8.499999999999998224 ) ) ;
#2405 = DIRECTION ( 'NONE',  ( 6.242469211744370837E-16, 0.000000000000000000, 1.000000000000000000 ) ) ;
#2406 = ORIENTED_EDGE ( 'NONE', *, *, #1424, .F. ) ;
#2407 = VECTOR ( 'NONE', #499, 1000.000000000000000 ) ;
#2408 = CARTESIAN_POINT ( 'NONE',  ( -0.2405800382646998969, -20.83844312179375535, 0.000000000000000000 ) ) ;
#2409 = DIRECTION ( 'NONE',  ( -0.000000000000000000, 1.000000000000000000, -0.000000000000000000 ) ) ;
#2410 = B_SPLINE_CURVE_WITH_KNOTS ( 'NONE', 3,
 ( #2454, #1267, #3616, #45, #2006, #4935, #4886, #2382 ),
 .UNSPECIFIED., .F., .F.,
 ( 4, 2, 2, 4 ),
 ( 0.000000000000000000, 0.0003457210995635227424, 0.0006914421991270454848, 0.001382884398254090970 ),
 .UNSPECIFIED. ) ;
#2411 = CARTESIAN_POINT ( 'NONE',  ( -0.5526476166414995284, -20.06736080885969642, 1.420939009852187240 ) ) ;
#2412 = CARTESIAN_POINT ( 'NONE',  ( -2.601476346819192820, -18.10889641657075089, 5.941580587022146531 ) ) ;
#2413 = EDGE_CURVE ( 'NONE', #532, #544, #3447, .T. ) ;
#2414 = ORIENTED_EDGE ( 'NONE', *, *, #3825, .T. ) ;
#2415 = DIRECTION ( 'NONE',  ( -0.9998954057279961782, 0.01446297355477479951, 0.000000000000000000 ) ) ;
#2416 = EDGE_LOOP ( 'NONE', ( #3360, #1858, #4692, #3147 ) ) ;
#2417 = ADVANCED_FACE ( 'NONE', ( #775 ), #5216, .F. ) ;
#2418 = CARTESIAN_POINT ( 'NONE',  ( -0.02759575049615474798, -20.81035036234944613, 0.000000000000000000 ) ) ;
#2419 = TOROIDAL_SURFACE ( 'NONE', #791, 12.15418374273840207, 0.8000000000000000444 ) ;
#2420 = CARTESIAN_POINT ( 'NONE',  ( -0.9621264216225615673, -22.02612712891376390, 0.4336289085766266149 ) ) ;
#2421 = DIRECTION ( 'NONE',  ( 0.000000000000000000, -1.000000000000000000, 0.000000000000000000 ) ) ;
#2422 = AXIS2_PLACEMENT_3D ( 'NONE', #828, #4275, #2638 ) ;
#2423 = ORIENTED_EDGE ( 'NONE', *, *, #3637, .T. ) ;
#2424 = CARTESIAN_POINT ( 'NONE',  ( 3.383571904507128192, -5.896745182863631030, 9.318668486387842620 ) ) ;
#2425 = DIRECTION ( 'NONE',  ( 0.000000000000000000, 0.000000000000000000, 1.000000000000000000 ) ) ;
#2426 = FACE_OUTER_BOUND ( 'NONE', #3327, .T. ) ;
#2427 = CARTESIAN_POINT ( 'NONE',  ( 2.888709462525022253, -15.36655443236539043, 7.936664019652298840 ) ) ;
#2428 = AXIS2_PLACEMENT_3D ( 'NONE', #2827, #3164, #4888 ) ;
#2429 = CARTESIAN_POINT ( 'NONE',  ( 1.437523878787913878, -19.36346196119797725, 5.773535983643577119 ) ) ;
#2430 = CIRCLE ( 'NONE', #123, 3.094767902613028809 ) ;
#2431 = CARTESIAN_POINT ( 'NONE',  ( -1.234692148667089651, -20.61166130683504960, -0.1950264033915582451 ) ) ;
#2432 = FACE_OUTER_BOUND ( 'NONE', #3487, .T. ) ;
#2433 = ORIENTED_EDGE ( 'NONE', *, *, #2170, .T. ) ;
#2434 = DIRECTION ( 'NONE',  ( 0.000000000000000000, 0.000000000000000000, 1.000000000000000000 ) ) ;
#2435 = CARTESIAN_POINT ( 'NONE',  ( 0.07678356129661835505, -14.69370565282986973, 7.201682558287624936 ) ) ;
#2436 = CARTESIAN_POINT ( 'NONE',  ( -3.313524590675759107, -7.912644588007941238, 8.757835431623655964 ) ) ;
#2437 = FACE_OUTER_BOUND ( 'NONE', #1337, .T. ) ;
#2438 = CARTESIAN_POINT ( 'NONE',  ( -0.6647630629849524686, -5.769126375085073200, 3.207342261625037771 ) ) ;
#2439 = AXIS2_PLACEMENT_3D ( 'NONE', #4415, #1638, #1243 ) ;
#2440 = TOROIDAL_SURFACE ( 'NONE', #4237, 4.025122630638347410, 0.8000000000000000444 ) ;
#2441 = ORIENTED_EDGE ( 'NONE', *, *, #415, .F. ) ;
#2442 = LINE ( 'NONE', #5221, #2655 ) ;
#2443 = VERTEX_POINT ( 'NONE', #3972 ) ;
#2444 = CARTESIAN_POINT ( 'NONE',  ( -0.6721254665227847092, -18.56123144761066612, 4.144531255609582132 ) ) ;
#2445 = EDGE_CURVE ( 'NONE', #1708, #965, #1519, .T. ) ;
#2446 = CARTESIAN_POINT ( 'NONE',  ( 0.000000000000000000, -13.46581578397376511, 0.000000000000000000 ) ) ;
#2447 = DIRECTION ( 'NONE',  ( 0.000000000000000000, 1.000000000000000000, 0.000000000000000000 ) ) ;
#2448 = CARTESIAN_POINT ( 'NONE',  ( 3.887600974579000113, -8.495069740634006550, 7.931837283190304788 ) ) ;
#2449 = VERTEX_POINT ( 'NONE', #728 ) ;
#2450 = DIRECTION ( 'NONE',  ( 1.000000000000000000, 0.000000000000000000, 0.000000000000000000 ) ) ;
#2451 = CARTESIAN_POINT ( 'NONE',  ( -3.850024544417778305, -8.494772753030231272, 7.950175863090722217 ) ) ;
#2452 = ADVANCED_FACE ( 'NONE', ( #4869 ), #3790, .F. ) ;
#2453 = CARTESIAN_POINT ( 'NONE',  ( 2.351595843561898658, -5.223600000000002019, 8.800000000000000711 ) ) ;
#2454 = CARTESIAN_POINT ( 'NONE',  ( -3.179826021775933320, -5.998740736633152437, -0.6313863326425670497 ) ) ;
#2455 = B_SPLINE_CURVE_WITH_KNOTS ( 'NONE', 3,
 ( #3855, #1465, #3109, #2679, #3883, #1817, #1906, #215, #241, #1878, #1411, #1849, #4287, #4738, #3513, #614 ),
 .UNSPECIFIED., .F., .F.,
 ( 4, 2, 2, 2, 2, 2, 2, 4 ),
 ( 0.0009903565932364141646, 0.001463018664525902578, 0.001935680735815390558, 0.002881004878394367169, 0.003353666949683855800, 0.003826329020973343563, 0.004298991092262831326, 0.004771653163552319957 ),
 .UNSPECIFIED. ) ;
#2456 = DIRECTION ( 'NONE',  ( 0.000000000000000000, 0.9905671121878985019, 0.1370284505193259394 ) ) ;
#2457 = DIRECTION ( 'NONE',  ( -0.000000000000000000, -1.000000000000000000, -0.000000000000000000 ) ) ;
#2458 = DIRECTION ( 'NONE',  ( 2.571407403092374569E-16, 0.000000000000000000, 1.000000000000000000 ) ) ;
#2459 = ORIENTED_EDGE ( 'NONE', *, *, #4873, .F. ) ;
#2460 = CARTESIAN_POINT ( 'NONE',  ( 0.6489487262978608229, -14.74627372688717664, 7.296305091590773451 ) ) ;
#2461 = DIRECTION ( 'NONE',  ( 0.000000000000000000, 1.000000000000000000, 0.000000000000000000 ) ) ;
#2462 = CARTESIAN_POINT ( 'NONE',  ( 1.431000000000001160, -5.223600000000002019, 3.779696404344232263 ) ) ;
#2463 = CARTESIAN_POINT ( 'NONE',  ( -0.8265335420795044685, -5.490078635402475982, 3.336689490290073223 ) ) ;
#2464 = ORIENTED_EDGE ( 'NONE', *, *, #3485, .F. ) ;
#2465 = CARTESIAN_POINT ( 'NONE',  ( 3.089420301609830055, -6.023600000000001842, 0.6309999999999758025 ) ) ;
#2466 = ORIENTED_EDGE ( 'NONE', *, *, #4863, .T. ) ;
#2467 = B_SPLINE_CURVE_WITH_KNOTS ( 'NONE', 3,
 ( #4266, #3117, #4747, #592, #1076, #3029, #1500, #2713 ),
 .UNSPECIFIED., .F., .F.,
 ( 4, 2, 2, 4 ),
 ( 1.100882478212397526E-14, 0.0003952727895178719301, 0.0005929091842713034820, 0.0007905455790247351965 ),
 .UNSPECIFIED. ) ;
#2468 = CARTESIAN_POINT ( 'NONE',  ( -0.02483617544653908896, -10.22360000000000291, 8.735293592964444187 ) ) ;
#2469 = CARTESIAN_POINT ( 'NONE',  ( -1.083493271030069316, -21.39141232112104873, 0.3612822771580750381 ) ) ;
#2470 = CARTESIAN_POINT ( 'NONE',  ( -11.25000000000000533, -8.002908906830754177, 3.573420246229078592E-19 ) ) ;
#2471 = CARTESIAN_POINT ( 'NONE',  ( 0.8539583989319059487, -19.56422101961313231, 2.517704695929414704 ) ) ;
#2472 = ORIENTED_EDGE ( 'NONE', *, *, #5131, .F. ) ;
#2473 = CARTESIAN_POINT ( 'NONE',  ( 0.000000000000000000, -12.20178778921884266, 0.000000000000000000 ) ) ;
#2474 = ORIENTED_EDGE ( 'NONE', *, *, #4745, .T. ) ;
#2475 = CARTESIAN_POINT ( 'NONE',  ( 3.149927830352062141, -5.665646474896619544, 8.865081096973167263 ) ) ;
#2476 = CARTESIAN_POINT ( 'NONE',  ( 3.503302766034870785, -12.50810495816917722, 9.625245243193624844 ) ) ;
#2477 = CARTESIAN_POINT ( 'NONE',  ( -2.427955787621265404, -5.223600000000002019, 8.726393640128804918 ) ) ;
#2478 = CARTESIAN_POINT ( 'NONE',  ( -3.045515539839573904, -5.516951880985966561, 8.833782505727878487 ) ) ;
#2479 = ADVANCED_FACE ( 'NONE', ( #2365 ), #3999, .F. ) ;
#2480 = VECTOR ( 'NONE', #1169, 1000.000000000000000 ) ;
#2481 = DIRECTION ( 'NONE',  ( 0.3173306201622744793, 0.9454808424004144118, -0.07326154626561645622 ) ) ;
#2482 = CARTESIAN_POINT ( 'NONE',  ( -3.980187398764564399, -8.523300422388054187, 8.218957937324301355 ) ) ;
#2483 = DIRECTION ( 'NONE',  ( 0.000000000000000000, 0.000000000000000000, 1.000000000000000000 ) ) ;
#2484 = EDGE_CURVE ( 'NONE', #1069, #168, #1991, .T. ) ;
#2485 = CARTESIAN_POINT ( 'NONE',  ( 0.9333333333333329040, -15.21026384782077656, 8.131487309271253849 ) ) ;
#2486 = CARTESIAN_POINT ( 'NONE',  ( -3.980187398764579054, -8.223450211194382575, 8.209478968662184073 ) ) ;
#2487 = CARTESIAN_POINT ( 'NONE',  ( 0.000000000000000000, -5.998740736633151549, 0.000000000000000000 ) ) ;
#2488 =( BOUNDED_CURVE ( )  B_SPLINE_CURVE ( 3, ( #3324, #1282, #4551, #4160 ),
 .UNSPECIFIED., .F., .F. ) 
 B_SPLINE_CURVE_WITH_KNOTS ( ( 4, 4 ),
 ( 1.570796326794896558, 3.141592653589793116 ),
 .UNSPECIFIED. ) 
 CURVE ( )  GEOMETRIC_REPRESENTATION_ITEM ( )  RATIONAL_B_SPLINE_CURVE ( ( 1.000000000000000000, 0.8047378541243649375, 0.8047378541243649375, 1.000000000000000000 ) ) 
 REPRESENTATION_ITEM ( '' )  );
#2489 = CARTESIAN_POINT ( 'NONE',  ( -2.888709462520831384, -15.36655443238100283, 7.936664019640863543 ) ) ;
#2490 = VECTOR ( 'NONE', #3443, 1000.000000000000000 ) ;
#2491 = VERTEX_POINT ( 'NONE', #1197 ) ;
#2492 = CARTESIAN_POINT ( 'NONE',  ( 4.121718540860166868, -6.028994587615844836, 11.32432862036065302 ) ) ;
#2493 = ORIENTED_EDGE ( 'NONE', *, *, #1754, .F. ) ;
#2494 = CARTESIAN_POINT ( 'NONE',  ( -0.5151206759282270786, -15.35962551117974328, 8.400338303317392175 ) ) ;
#2495 =( BOUNDED_SURFACE ( )  B_SPLINE_SURFACE ( 3, 2, ( 
 ( #3357, #92, #998 ),
 ( #4639, #4246, #5035 ),
 ( #4561, #1314, #4957 ),
 ( #1368, #1397, #1291 ) ),
 .UNSPECIFIED., .F., .F., .F. ) 
 B_SPLINE_SURFACE_WITH_KNOTS ( ( 4, 4 ),
 ( 3, 3 ),
 ( 0.000000000000000000, 3.310650968058746659E-05 ),
 ( 0.000000000000000000, 1.000000000000000000 ),
 .UNSPECIFIED. ) 
 GEOMETRIC_REPRESENTATION_ITEM ( )  RATIONAL_B_SPLINE_SURFACE ( (
 ( 1.000000000000000000, 0.7967055996459444511, 1.000000000000000000),
 ( 1.000000000000000000, 0.7967056023942361564, 1.000000000000000000),
 ( 1.000000000000000000, 0.7966335473192318606, 1.000000000000000000),
 ( 1.000000000000000000, 0.7964895339869373370, 1.000000000000000000) ) ) 
 REPRESENTATION_ITEM ( '' )  SURFACE ( )  );
#2496 = FACE_OUTER_BOUND ( 'NONE', #2035, .T. ) ;
#2497 = CARTESIAN_POINT ( 'NONE',  ( 0.000000000000000000, -23.72360000000000113, -0.3200000000000003952 ) ) ;
#2498 = EDGE_LOOP ( 'NONE', ( #2865, #3400, #3839 ) ) ;
#2499 = CARTESIAN_POINT ( 'NONE',  ( 3.086681584811130197, -6.044815664158484481, 8.480587955314890181 ) ) ;
#2500 = VERTEX_POINT ( 'NONE', #2833 ) ;
#2501 = CARTESIAN_POINT ( 'NONE',  ( 2.923530743441506541, -5.411291795013391415, 8.866034415386561562 ) ) ;
#2502 = CARTESIAN_POINT ( 'NONE',  ( 0.6310000000000006715, -6.023600000000002730, 3.179114782977803699 ) ) ;
#2503 = VECTOR ( 'NONE', #1186, 1000.000000000000000 ) ;
#2504 = B_SPLINE_CURVE_WITH_KNOTS ( 'NONE', 3,
 ( #4290, #2237, #1881, #4320, #990, #1098 ),
 .UNSPECIFIED., .F., .F.,
 ( 4, 2, 4 ),
 ( 0.0006549475773733696169, 0.0009438737954915361623, 0.001232800013609703033 ),
 .UNSPECIFIED. ) ;
#2505 = DIRECTION ( 'NONE',  ( 0.000000000000000000, 1.000000000000000000, 0.000000000000000000 ) ) ;
#2506 = CARTESIAN_POINT ( 'NONE',  ( 3.395905599118098639, -6.066457142857145435, 9.330173952176393115 ) ) ;
#2507 = ADVANCED_FACE ( 'NONE', ( #4471 ), #4340, .F. ) ;
#2508 = CARTESIAN_POINT ( 'NONE',  ( -0.6313863326425331879, -5.998740736633152437, -3.179826021775939981 ) ) ;
#2509 = AXIS2_PLACEMENT_3D ( 'NONE', #589, #5139, #1041 ) ;
#2510 = EDGE_CURVE ( 'NONE', #2629, #2821, #4096, .T. ) ;
#2511 = CARTESIAN_POINT ( 'NONE',  ( -0.1624609862034862573, -20.82241450834888852, 0.000000000000000000 ) ) ;
#2512 = AXIS2_PLACEMENT_3D ( 'NONE', #849, #3767, #127 ) ;
#2513 = CARTESIAN_POINT ( 'NONE',  ( -3.762281398529436771, -8.244528424623432272, 8.018347277614140012 ) ) ;
#2514 = CARTESIAN_POINT ( 'NONE',  ( 8.673617379884035472E-16, -5.523600000000001842, 1.328125000000000222 ) ) ;
#2515 = DIRECTION ( 'NONE',  ( -0.9993195478616838656, -0.03688416003543489030, 0.000000000000000000 ) ) ;
#2516 = EDGE_CURVE ( 'NONE', #3463, #3654, #4895, .T. ) ;
#2517 = VERTEX_POINT ( 'NONE', #2091 ) ;
#2518 = ADVANCED_FACE ( 'NONE', ( #52 ), #502, .F. ) ;
#2519 = CARTESIAN_POINT ( 'NONE',  ( -3.850024544417778305, -8.494772753030231272, 7.950175863090722217 ) ) ;
#2520 = EDGE_LOOP ( 'NONE', ( #2793, #303, #3595, #3095 ) ) ;
#2521 = B_SPLINE_CURVE_WITH_KNOTS ( 'NONE', 3,
 ( #3160, #261, #4336, #1900, #1484, #1511, #5208 ),
 .UNSPECIFIED., .F., .F.,
 ( 4, 3, 4 ),
 ( 0.003821923036320963672, 0.006146774710475093502, 0.006651664720329209315 ),
 .UNSPECIFIED. ) ;
#2522 = CARTESIAN_POINT ( 'NONE',  ( 0.1516302537899206493, -14.69698022651288838, 7.207576790917057608 ) ) ;
#2523 = PRODUCT_DEFINITION_CONTEXT ( 'detailed design', #2991, 'design' ) ;
#2524 = CARTESIAN_POINT ( 'NONE',  ( 3.407042176155798519, -5.223600000000002019, 12.53866982570820099 ) ) ;
#2525 = CARTESIAN_POINT ( 'NONE',  ( 0.2038952522338698947, -20.61139491620323483, -0.1638242866518680452 ) ) ;
#2526 = ORIENTED_EDGE ( 'NONE', *, *, #1674, .T. ) ;
#2527 = DIRECTION ( 'NONE',  ( -0.8393880683067295179, -0.5078128394490009079, -0.1937880049823526019 ) ) ;
#2528 = ORIENTED_EDGE ( 'NONE', *, *, #4456, .F. ) ;
#2529 = AXIS2_PLACEMENT_3D ( 'NONE', #1927, #3187, #4813 ) ;
#2530 = CARTESIAN_POINT ( 'NONE',  ( 3.980187398764587936, -8.223450211194027304, 8.209478968662148546 ) ) ;
#2531 = CARTESIAN_POINT ( 'NONE',  ( 0.3281995862652405394, -18.86974185771082446, 1.869349431673970496 ) ) ;
#2532 = EDGE_CURVE ( 'NONE', #275, #587, #4728, .T. ) ;
#2533 = CARTESIAN_POINT ( 'NONE',  ( -2.351595843561836485, -5.223600000000002019, 8.800000000000000711 ) ) ;
#2534 = CARTESIAN_POINT ( 'NONE',  ( -3.661669282618693622, -5.846164273030153069, 8.500000000000000000 ) ) ;
#2535 = CARTESIAN_POINT ( 'NONE',  ( -3.179377433029964450, -6.015313349267702669, 0.6309999999999769127 ) ) ;
#2536 = CARTESIAN_POINT ( 'NONE',  ( 2.615170016710619993, -15.93090420753880032, 6.839340517541190323 ) ) ;
#2537 = DIRECTION ( 'NONE',  ( 0.000000000000000000, 0.000000000000000000, 1.000000000000000000 ) ) ;
#2538 = CARTESIAN_POINT ( 'NONE',  ( 1.746425629107297040, -13.46581578397376688, 0.4031941259273198463 ) ) ;
#2539 = CARTESIAN_POINT ( 'NONE',  ( -3.864317489770740188, -8.230981117267743841, 7.971252231432551127 ) ) ;
#2540 = CARTESIAN_POINT ( 'NONE',  ( -3.900527597593151707, -8.222838407059866128, 8.228832297645801930 ) ) ;
#2541 = DIRECTION ( 'NONE',  ( 0.000000000000000000, -1.000000000000000000, -0.000000000000000000 ) ) ;
#2542 = DIRECTION ( 'NONE',  ( -9.423982899561738482E-16, 0.000000000000000000, 1.000000000000000000 ) ) ;
#2543 = EDGE_LOOP ( 'NONE', ( #585, #42, #4589, #4324, #1037, #859, #4070, #3306, #9, #3837 ) ) ;
#2544 = DIRECTION ( 'NONE',  ( 0.000000000000000000, 0.000000000000000000, 1.000000000000000000 ) ) ;
#2545 = EDGE_LOOP ( 'NONE', ( #4748, #1944, #3196 ) ) ;
#2546 = CARTESIAN_POINT ( 'NONE',  ( 0.2245413690470533241, -14.70232309766117851, 7.217193958983977531 ) ) ;
#2547 = CARTESIAN_POINT ( 'NONE',  ( 1.993828561523395493, -18.22880113493727450, 6.486780067185414111 ) ) ;
#2548 = DIRECTION ( 'NONE',  ( 0.000000000000000000, 0.000000000000000000, 1.000000000000000000 ) ) ;
#2549 = ORIENTED_EDGE ( 'NONE', *, *, #3429, .F. ) ;
#2550 = PLANE ( 'NONE',  #3300 ) ;
#2551 = EDGE_LOOP ( 'NONE', ( #5188, #3806, #3074, #4600, #1100 ) ) ;
#2552 = DIRECTION ( 'NONE',  ( 0.000000000000000000, 0.000000000000000000, 1.000000000000000000 ) ) ;
#2553 = CARTESIAN_POINT ( 'NONE',  ( 0.8750261559073587714, -21.65057664318710806, 0.9624831440054932852 ) ) ;
#2554 = CARTESIAN_POINT ( 'NONE',  ( -3.959113352804251473, -6.055416818543941204, 12.11692574521542554 ) ) ;
#2555 = CARTESIAN_POINT ( 'NONE',  ( -6.776263578034402713E-18, -6.023600000000001842, 9.635293592964444542 ) ) ;
#2556 = ORIENTED_EDGE ( 'NONE', *, *, #4450, .T. ) ;
#2557 = FACE_OUTER_BOUND ( 'NONE', #1133, .T. ) ;
#2558 = DIRECTION ( 'NONE',  ( -0.3173306201622744238, 0.9454808424004144118, -0.07326154626561645622 ) ) ;
#2559 = CARTESIAN_POINT ( 'NONE',  ( -4.335598219903982198, -6.066457142857145435, 8.988153808850738002 ) ) ;
#2560 = LINE ( 'NONE', #5016, #2329 ) ;
#2561 = LINE ( 'NONE', #4992, #305 ) ;
#2562 = CARTESIAN_POINT ( 'NONE',  ( 0.000000000000000000, -5.223600000000002019, -3.903127820947815962E-14 ) ) ;
#2563 = DIRECTION ( 'NONE',  ( -1.000000000000000000, 0.000000000000000000, 0.000000000000000000 ) ) ;
#2564 = B_SPLINE_CURVE_WITH_KNOTS ( 'NONE', 3,
 ( #4351, #2660, #1420, #678, #2243, #1475, #3120, #3865 ),
 .UNSPECIFIED., .F., .F.,
 ( 4, 2, 2, 4 ),
 ( -5.869699717328932146E-06, 0.0007028665329111934883, 0.001057234649225455942, 0.001411602765539718505 ),
 .UNSPECIFIED. ) ;
#2565 = ORIENTED_EDGE ( 'NONE', *, *, #2783, .T. ) ;
#2566 = CARTESIAN_POINT ( 'NONE',  ( 3.530819135935928443, -6.062213296010906305, 12.46352287093549371 ) ) ;
#2567 = AXIS2_PLACEMENT_3D ( 'NONE', #4428, #4452, #2415 ) ;
#2568 = EDGE_LOOP ( 'NONE', ( #1392, #3001, #3977, #2260 ) ) ;
#2569 = CARTESIAN_POINT ( 'NONE',  ( 0.6671151808348384504, -20.59600754862590577, 0.1649429704033237298 ) ) ;
#2570 = EDGE_CURVE ( 'NONE', #462, #1988, #2110, .T. ) ;
#2571 = CARTESIAN_POINT ( 'NONE',  ( 4.109837019313250295, -5.223600000000013566, 11.88150328818063528 ) ) ;
#2572 = CARTESIAN_POINT ( 'NONE',  ( 0.9944469889588108957, -19.45565425971204121, 5.822786072786773737 ) ) ;
#2573 = ADVANCED_FACE ( 'NONE', ( #5099 ), #111, .F. ) ;
#2574 = VERTEX_POINT ( 'NONE', #3695 ) ;
#2575 = CARTESIAN_POINT ( 'NONE',  ( 0.000000000000000000, -16.75151496779673366, 0.000000000000000000 ) ) ;
#2576 = ORIENTED_EDGE ( 'NONE', *, *, #2056, .F. ) ;
#2577 = EDGE_CURVE ( 'NONE', #5059, #2821, #1639, .T. ) ;
#2578 = CARTESIAN_POINT ( 'NONE',  ( 0.9784558220098903414, -20.74187682778474695, 1.276327362034491042 ) ) ;
#2579 = EDGE_LOOP ( 'NONE', ( #4977, #246, #1501, #3021 ) ) ;
#2580 = CARTESIAN_POINT ( 'NONE',  ( 0.5750798439227601255, -19.27867627957462560, 1.649775694707819484 ) ) ;
#2581 = CARTESIAN_POINT ( 'NONE',  ( 3.509871243507563410, -5.291313192102783169, -1.051719100844447974 ) ) ;
#2582 = CARTESIAN_POINT ( 'NONE',  ( 3.850024544417799621, -8.494772753030231272, 7.950175863090707118 ) ) ;
#2583 = VERTEX_POINT ( 'NONE', #4523 ) ;
#2584 = DIRECTION ( 'NONE',  ( -0.000000000000000000, -1.000000000000000000, -0.000000000000000000 ) ) ;
#2585 = AXIS2_PLACEMENT_3D ( 'NONE', #3405, #3777, #860 ) ;
#2586 = CARTESIAN_POINT ( 'NONE',  ( 2.346406166594945386, -17.46507188314237169, 6.878090196995953143 ) ) ;
#2587 = CARTESIAN_POINT ( 'NONE',  ( -1.375178508331067029, -20.61166130683501407, 2.812224065933724759 ) ) ;
#2588 = CARTESIAN_POINT ( 'NONE',  ( -4.085361099236685334, -6.048341906981731242, 11.87343316230478507 ) ) ;
#2589 = AXIS2_PLACEMENT_3D ( 'NONE', #3128, #3558, #3183 ) ;
#2590 = CARTESIAN_POINT ( 'NONE',  ( -3.862559771235325901, -8.494970091895718056, 7.944084495111551014 ) ) ;
#2591 = EDGE_CURVE ( 'NONE', #3409, #5090, #1696, .T. ) ;
#2592 = DIRECTION ( 'NONE',  ( 0.000000000000000000, 0.000000000000000000, 1.000000000000000000 ) ) ;
#2593 = CARTESIAN_POINT ( 'NONE',  ( 8.673617379884035472E-16, -5.223600000000002019, -9.700000000000001066 ) ) ;
#2594 = DIRECTION ( 'NONE',  ( 0.8393880683067295179, -0.5078128394490009079, -0.1937880049823525741 ) ) ;
#2595 = ORIENTED_EDGE ( 'NONE', *, *, #3649, .F. ) ;
#2596 = CARTESIAN_POINT ( 'NONE',  ( 3.652425538191314658, -6.679214130927096704, 8.499999999999998224 ) ) ;
#2597 = EDGE_LOOP ( 'NONE', ( #1067, #4023, #2156, #3083, #164 ) ) ;
#2598 = CARTESIAN_POINT ( 'NONE',  ( 0.9666666666666663410, -19.48921168947786597, 4.562122364449822776 ) ) ;
#2599 = CARTESIAN_POINT ( 'NONE',  ( 11.25000000000000178, -5.523600000000001842, 8.499999999999996447 ) ) ;
#2600 = CARTESIAN_POINT ( 'NONE',  ( -1.624158159160927539, -18.94523119076403361, 5.920983949830162629 ) ) ;
#2601 = ORIENTED_EDGE ( 'NONE', *, *, #160, .T. ) ;
#2602 = CARTESIAN_POINT ( 'NONE',  ( 3.382942878848347323, -7.649814922516968707, 9.294559170940546622 ) ) ;
#2603 = EDGE_LOOP ( 'NONE', ( #4101, #4653, #4850, #40 ) ) ;
#2604 = CARTESIAN_POINT ( 'NONE',  ( 0.9075883152340207261, -19.33754378532494300, 2.934814467912816749 ) ) ;
#2605 = CARTESIAN_POINT ( 'NONE',  ( 1.109228607254656218, -21.17623713189124501, 0.3781417770243456489 ) ) ;
#2606 = CARTESIAN_POINT ( 'NONE',  ( -11.24999999999999822, -5.523600000000001842, 8.500000000000000000 ) ) ;
#2607 = AXIS2_PLACEMENT_3D ( 'NONE', #2555, #2505, #2137 ) ;
#2608 = AXIS2_PLACEMENT_3D ( 'NONE', #3665, #1613, #4985 ) ;
#2609 = DIRECTION ( 'NONE',  ( 2.040851148208007998E-16, 0.000000000000000000, 1.000000000000000000 ) ) ;
#2610 = VERTEX_POINT ( 'NONE', #1300 ) ;
#2611 = CARTESIAN_POINT ( 'NONE',  ( 1.018957008852871660, -19.13554287544383570, 6.046664850322693852 ) ) ;
#2612 = CONICAL_SURFACE ( 'NONE', #4069, 1.792363797108476042, 0.3317284379186990484 ) ;
#2613 = EDGE_CURVE ( 'NONE', #3039, #4782, #1327, .T. ) ;
#2614 = B_SPLINE_CURVE_WITH_KNOTS ( 'NONE', 3,
 ( #2901, #3235, #1586, #2502 ),
 .UNSPECIFIED., .F., .F.,
 ( 4, 4 ),
 ( 0.000000000000000000, 2.487243632379205354E-05 ),
 .UNSPECIFIED. ) ;
#2615 = CARTESIAN_POINT ( 'NONE',  ( -3.395905599118073770, -6.066457142857145435, 9.330173952176407326 ) ) ;
#2616 = CARTESIAN_POINT ( 'NONE',  ( -0.06144576336430492003, -20.29254100793923499, 0.8494889858535420446 ) ) ;
#2617 = CARTESIAN_POINT ( 'NONE',  ( 1.240766972637590726, -5.223600000000003796, -3.648250597373829507 ) ) ;
#2618 = CARTESIAN_POINT ( 'NONE',  ( 0.6309999999999998943, -6.023600000000001842, -3.179114782977803699 ) ) ;
#2619 = CARTESIAN_POINT ( 'NONE',  ( 3.012073022788076759, -5.536181528020994946, 8.500000000000000000 ) ) ;
#2620 = CARTESIAN_POINT ( 'NONE',  ( 1.430999999999998717, -6.023600000000001842, -8.932973442006186735E-16 ) ) ;
#2621 = CARTESIAN_POINT ( 'NONE',  ( -2.886646316735642870, -15.39210574987455260, 7.930995573183015956 ) ) ;
#2622 = VERTEX_POINT ( 'NONE', #3587 ) ;
#2623 = CARTESIAN_POINT ( 'NONE',  ( -3.104958808641536727, -5.181676218141269885, 8.800000000000000711 ) ) ;
#2624 = VERTEX_POINT ( 'NONE', #1057 ) ;
#2625 = CARTESIAN_POINT ( 'NONE',  ( -3.372500483468451549, -6.052526428691511917, 8.719362653349683967 ) ) ;
#2626 = DIRECTION ( 'NONE',  ( 0.000000000000000000, 1.000000000000000000, 0.000000000000000000 ) ) ;
#2627 = VERTEX_POINT ( 'NONE', #4785 ) ;
#2628 = CARTESIAN_POINT ( 'NONE',  ( 3.850024544417803174, -8.494772753030204626, 7.950175863090718664 ) ) ;
#2629 = VERTEX_POINT ( 'NONE', #2747 ) ;
#2630 = CARTESIAN_POINT ( 'NONE',  ( -1.069999590509434828, -21.13341539303723593, 0.5096803055242125069 ) ) ;
#2631 = CARTESIAN_POINT ( 'NONE',  ( 1.321313259014217396E-16, -20.29241098832034140, 0.8498342873605791992 ) ) ;
#2632 = CARTESIAN_POINT ( 'NONE',  ( 0.9918525523676213762, -21.20970602467012256, 0.9932704531848653984 ) ) ;
#2633 = FACE_OUTER_BOUND ( 'NONE', #2772, .T. ) ;
#2634 = CARTESIAN_POINT ( 'NONE',  ( 3.350101400371542137, -7.913994611536743662, 8.499999999999998224 ) ) ;
#2635 = ORIENTED_EDGE ( 'NONE', *, *, #94, .F. ) ;
#2636 = B_SPLINE_CURVE_WITH_KNOTS ( 'NONE', 3,
 ( #5181, #1510, #3159, #4438 ),
 .UNSPECIFIED., .F., .F.,
 ( 4, 4 ),
 ( 0.000000000000000000, 3.998716689556533569E-05 ),
 .UNSPECIFIED. ) ;
#2637 = DIRECTION ( 'NONE',  ( 0.000000000000000000, 0.000000000000000000, -1.000000000000000000 ) ) ;
#2638 = DIRECTION ( 'NONE',  ( 0.000000000000000000, 0.000000000000000000, 1.000000000000000000 ) ) ;
#2639 = ORIENTED_EDGE ( 'NONE', *, *, #4576, .F. ) ;
#2640 = CARTESIAN_POINT ( 'NONE',  ( -0.4573401981274103356, -20.13861815472159478, 1.244274201743196473 ) ) ;
#2641 = CARTESIAN_POINT ( 'NONE',  ( 3.207341578811881533, -5.769129445837283043, 0.6647622374642128129 ) ) ;
#2642 = EDGE_CURVE ( 'NONE', #376, #5050, #1398, .T. ) ;
#2643 = EDGE_CURVE ( 'NONE', #3428, #587, #2084, .T. ) ;
#2644 = EDGE_CURVE ( 'NONE', #2712, #3055, #4011, .T. ) ;
#2645 = CARTESIAN_POINT ( 'NONE',  ( -3.058584008802336385, -8.919743635410306126, -0.7714397578091755081 ) ) ;
#2646 = CARTESIAN_POINT ( 'NONE',  ( -3.080806627199652592, -11.01437190212614148, 11.63777147961526381 ) ) ;
#2647 = CARTESIAN_POINT ( 'NONE',  ( 0.000000000000000000, -6.023600000000001842, 0.000000000000000000 ) ) ;
#2648 = ORIENTED_EDGE ( 'NONE', *, *, #1080, .F. ) ;
#2649 =( NAMED_UNIT ( * ) PLANE_ANGLE_UNIT ( ) SI_UNIT ( $, .RADIAN. ) );
#2650 = VERTEX_POINT ( 'NONE', #1113 ) ;
#2651 = CIRCLE ( 'NONE', #4612, 1.000000000000000222 ) ;
#2652 = DIRECTION ( 'NONE',  ( 0.000000000000000000, 1.000000000000000000, 0.000000000000000000 ) ) ;
#2653 = DIRECTION ( 'NONE',  ( 0.000000000000000000, 1.000000000000000000, 0.000000000000000000 ) ) ;
#2654 = CARTESIAN_POINT ( 'NONE',  ( 11.25000000000000178, -7.923600000000001309, 8.499999999999996447 ) ) ;
#2655 = VECTOR ( 'NONE', #4076, 1000.000000000000114 ) ;
#2656 = ORIENTED_EDGE ( 'NONE', *, *, #2357, .F. ) ;
#2657 = DIRECTION ( 'NONE',  ( -0.3420201433256689350, 0.000000000000000000, -0.9396926207859085389 ) ) ;
#2658 = ORIENTED_EDGE ( 'NONE', *, *, #1259, .F. ) ;
#2659 =( BOUNDED_SURFACE ( )  B_SPLINE_SURFACE ( 3, 2, ( 
 ( #535, #2684, #4715 ),
 ( #1882, #964, #4321 ),
 ( #2289, #4659, #991 ),
 ( #936, #2600, #3408 ),
 ( #5003, #2973, #2185 ),
 ( #4605, #5027, #2211 ),
 ( #3836, #1124, #4425 ),
 ( #2412, #4849, #4022 ),
 ( #4744, #4047, #1992 ),
 ( #374, #3113, #2813 ),
 ( #1574, #1149, #3195 ),
 ( #2342, #3974, #1521 ),
 ( #1498, #4773, #4346 ),
 ( #272, #3170, #4798 ),
 ( #3625, #1074, #2762 ),
 ( #2790, #5242, #5165 ) ),
 .UNSPECIFIED., .F., .F., .F. ) 
 B_SPLINE_SURFACE_WITH_KNOTS ( ( 4, 2, 2, 2, 2, 2, 2, 4 ),
 ( 3, 3 ),
 ( -1.200753906027696161E-16, 0.0007183692781595195668, 0.001436738556319159263, 0.002155107834478798851, 0.002873477112638438656, 0.003591846390798078461, 0.004310215668957718266, 0.005746954225276997008 ),
 ( 0.000000000000000000, 1.000000000000000000 ),
 .UNSPECIFIED. ) 
 GEOMETRIC_REPRESENTATION_ITEM ( )  RATIONAL_B_SPLINE_SURFACE ( (
 ( 1.000000000000000000, 0.9710499640014036427, 1.000000000000000000),
 ( 1.000000000000000000, 0.9692477445604330555, 1.000000000000000000),
 ( 1.000000000000000000, 0.9654488686696049982, 1.000000000000000000),
 ( 1.000000000000000000, 0.9554504472152915984, 1.000000000000000000),
 ( 1.000000000000000000, 0.9491765497875052082, 1.000000000000000000),
 ( 1.000000000000000000, 0.9350152163167214647, 1.000000000000000000),
 ( 1.000000000000000000, 0.9269468813780565863, 1.000000000000000000),
 ( 1.000000000000000000, 0.9094944071689463616, 1.000000000000000000),
 ( 1.000000000000000000, 0.9001150432845650418, 1.000000000000000000),
 ( 1.000000000000000000, 0.8800832129909383905, 1.000000000000000000),
 ( 1.000000000000000000, 0.8693827794885076177, 1.000000000000000000),
 ( 1.000000000000000000, 0.8470213049303170205, 1.000000000000000000),
 ( 1.000000000000000000, 0.8353792686214294161, 1.000000000000000000),
 ( 1.000000000000000000, 0.7991542931289712381, 1.000000000000000000),
 ( 1.000000000000000000, 0.7732742361748919935, 1.000000000000000000),
 ( 1.000000000000000000, 0.7458713068157900583, 1.000000000000000000) ) ) 
 REPRESENTATION_ITEM ( '' )  SURFACE ( )  );
#2660 = CARTESIAN_POINT ( 'NONE',  ( 1.235456683062601257, -5.223600000000002019, -3.545290163061807664 ) ) ;
#2661 = CARTESIAN_POINT ( 'NONE',  ( 0.9463261312228462563, -19.88067425478721972, 2.392993180916116014 ) ) ;
#2662 = CARTESIAN_POINT ( 'NONE',  ( 0.3983718992951119642, -22.83198478799614151, 0.8560787041593951319 ) ) ;
#2663 =( BOUNDED_SURFACE ( )  B_SPLINE_SURFACE ( 3, 2, ( 
 ( #596, #2531, #173 ),
 ( #1367, #2580, #516 ),
 ( #3034, #2218, #2161 ),
 ( #4193, #3356, #493 ),
 ( #4270, #1290, #3006 ),
 ( #4955, #1714, #2632 ),
 ( #2605, #4638, #4586 ),
 ( #895, #4169, #2922 ),
 ( #4245, #3787, #919 ),
 ( #3387, #3413, #1800 ),
 ( #2245, #4980, #4560 ),
 ( #2135, #3761, #4667 ),
 ( #569, #944, #148 ),
 ( #3442, #4216, #90 ),
 ( #541, #5065, #5009 ),
 ( #1313, #119, #1396 ),
 ( #997, #2955, #2553 ),
 ( #1742, #1341, #3867 ),
 ( #2979, #4611, #2191 ),
 ( #1772, #1527, #709 ),
 ( #628, #2693, #1862 ),
 ( #658, #1423, #1834 ),
 ( #2348, #2272, #4298 ),
 ( #2662, #3899, #3498 ),
 ( #3177, #3982, #1129 ),
 ( #2320, #4404, #3060 ),
 ( #251, #4803, #5119 ),
 ( #1888, #4695, #3089 ),
 ( #1947, #3123, #227 ),
 ( #2769, #1051, #2718 ),
 ( #308, #1477, #736 ),
 ( #4721, #4327, #3553 ),
 ( #1023, #3580, #1449 ),
 ( #2294, #3469, #3525 ),
 ( #3924, #5147, #4753 ),
 ( #1081, #4353, #2373 ),
 ( #681, #277, #1918 ),
 ( #3951, #5173, #1503 ),
 ( #5200, #3151, #4779 ),
 ( #5093, #1105, #2741 ),
 ( #4378, #199, #3252 ),
 ( #2420, #1551, #407 ),
 ( #2072, #432, #2395 ),
 ( #2795, #1182, #2046 ),
 ( #37, #1997, #4006 ),
 ( #4431, #2893, #4827 ),
 ( #2469, #3678, #4877 ),
 ( #3302, #1205, #1231 ),
 ( #4052, #2843, #4105 ),
 ( #4079, #4457, #5225 ),
 ( #809, #4506, #759 ),
 ( #3607, #4903, #13 ),
 ( #4029, #3200, #1155 ),
 ( #357, #1580, #4926 ) ),
 .UNSPECIFIED., .F., .F., .F. ) 
 B_SPLINE_SURFACE_WITH_KNOTS ( ( 4, 2, 2, 2, 2, 2, 2, 2, 2, 2, 2, 2, 2, 2, 2, 2, 2, 2, 2, 2, 2, 2, 2, 2, 2, 2, 4 ),
 ( 3, 3 ),
 ( 0.006000107207337356668, 0.007963841465270370124, 0.008945708594236876851, 0.009436642158720129347, 0.009682108940961756463, 0.009927575723203383579, 0.01017304250544501069, 0.01041850928768663781, 0.01090944285216989031, 0.01140037641665314280, 0.01189130998113639703, 0.01238224354561964953, 0.01287317711010290203, 0.01385504423906940875, 0.01434597780355266125, 0.01483691136803591548, 0.01532784493251916798, 0.01581877849700242047, 0.01630971206148567471, 0.01680064562596892547, 0.01729157919045217970, 0.01778251275493543393, 0.01802797953717705931, 0.01827344631941868816, 0.01876437988390194239, 0.01974624701286844738, 0.02170998127080146084 ),
 ( 0.000000000000000000, 1.000000000000000000 ),
 .UNSPECIFIED. ) 
 GEOMETRIC_REPRESENTATION_ITEM ( )  RATIONAL_B_SPLINE_SURFACE ( (
 ( 1.000000000000000000, 0.8331727737990248794, 1.000000000000000000),
 ( 1.000000000000000000, 0.8828436724576298467, 1.000000000000000000),
 ( 1.000000000000000000, 0.9223301103082556240, 1.000000000000000000),
 ( 1.000000000000000000, 0.9644491846797860202, 1.000000000000000000),
 ( 1.000000000000000000, 0.9756454840623745017, 1.000000000000000000),
 ( 1.000000000000000000, 0.9875905052978635190, 1.000000000000000000),
 ( 1.000000000000000000, 0.9907718419846940350, 1.000000000000000000),
 ( 1.000000000000000000, 0.9938586262513580127, 1.000000000000000000),
 ( 1.000000000000000000, 0.9945864274012701234, 1.000000000000000000),
 ( 1.000000000000000000, 0.9952162409575551205, 1.000000000000000000),
 ( 1.000000000000000000, 0.9951036334049354615, 1.000000000000000000),
 ( 1.000000000000000000, 0.9941162095717706038, 1.000000000000000000),
 ( 1.000000000000000000, 0.9932530645051778073, 1.000000000000000000),
 ( 1.000000000000000000, 0.9910778171634468947, 1.000000000000000000),
 ( 1.000000000000000000, 0.9897457146352869328, 1.000000000000000000),
 ( 1.000000000000000000, 0.9852801279666595358, 1.000000000000000000),
 ( 1.000000000000000000, 0.9817001095952740952, 1.000000000000000000),
 ( 1.000000000000000000, 0.9738771418871575714, 1.000000000000000000),
 ( 1.000000000000000000, 0.9695967363316752019, 1.000000000000000000),
 ( 1.000000000000000000, 0.9610090146633785135, 1.000000000000000000),
 ( 1.000000000000000000, 0.9566865529609898111, 1.000000000000000000),
 ( 1.000000000000000000, 0.9483799307746407781, 1.000000000000000000),
 ( 1.000000000000000000, 0.9443783037292490246, 1.000000000000000000),
 ( 1.000000000000000000, 0.9373139332360258535, 1.000000000000000000),
 ( 1.000000000000000000, 0.9342151469117744300, 1.000000000000000000),
 ( 1.000000000000000000, 0.9265623604185744266, 1.000000000000000000),
 ( 1.000000000000000000, 0.9237697193354380554, 1.000000000000000000),
 ( 1.000000000000000000, 0.9238914145568600800, 1.000000000000000000),
 ( 1.000000000000000000, 0.9246051609229816171, 1.000000000000000000),
 ( 1.000000000000000000, 0.9273904779707758950, 1.000000000000000000),
 ( 1.000000000000000000, 0.9294633706715275112, 1.000000000000000000),
 ( 1.000000000000000000, 0.9346854501032161311, 1.000000000000000000),
 ( 1.000000000000000000, 0.9378463511752570536, 1.000000000000000000),
 ( 1.000000000000000000, 0.9450497886032371841, 1.000000000000000000),
 ( 1.000000000000000000, 0.9490677136526224356, 1.000000000000000000),
 ( 1.000000000000000000, 0.9573849169644139678, 1.000000000000000000),
 ( 1.000000000000000000, 0.9617128727950212674, 1.000000000000000000),
 ( 1.000000000000000000, 0.9703116437635834757, 1.000000000000000000),
 ( 1.000000000000000000, 0.9745520751360670086, 1.000000000000000000),
 ( 1.000000000000000000, 0.9822621194975900139, 1.000000000000000000),
 ( 1.000000000000000000, 0.9857739566393591835, 1.000000000000000000),
 ( 1.000000000000000000, 0.9915649437984060954, 1.000000000000000000),
 ( 1.000000000000000000, 0.9938898003134000181, 1.000000000000000000),
 ( 1.000000000000000000, 0.9951716617997727887, 1.000000000000000000),
 ( 1.000000000000000000, 0.9951947312829190206, 1.000000000000000000),
 ( 1.000000000000000000, 0.9943846480990794490, 1.000000000000000000),
 ( 1.000000000000000000, 0.9935872205855328376, 1.000000000000000000),
 ( 1.000000000000000000, 0.9902859831494891241, 1.000000000000000000),
 ( 1.000000000000000000, 0.9869966198675248492, 1.000000000000000000),
 ( 1.000000000000000000, 0.9748853852995792435, 1.000000000000000000),
 ( 1.000000000000000000, 0.9635714797679248989, 1.000000000000000000),
 ( 1.000000000000000000, 0.9213823057699783714, 1.000000000000000000),
 ( 1.000000000000000000, 0.8822788924496143270, 1.000000000000000000),
 ( 1.000000000000000000, 0.8332689987598563830, 1.000000000000000000) ) ) 
 REPRESENTATION_ITEM ( '' )  SURFACE ( )  );
#2664 = CARTESIAN_POINT ( 'NONE',  ( 3.999699541606611942E-16, -5.223600000000002019, -3.266002527742168926 ) ) ;
#2665 = CARTESIAN_POINT ( 'NONE',  ( 1.855376856933128371, -16.94383776813592490, 8.302117718653812872 ) ) ;
#2666 = AXIS2_PLACEMENT_3D ( 'NONE', #2777, #690, #4412 ) ;
#2667 = ORIENTED_EDGE ( 'NONE', *, *, #2937, .F. ) ;
#2668 = CARTESIAN_POINT ( 'NONE',  ( 4.416624284863332583, -7.254522522003483687, 12.13457549287774562 ) ) ;
#2669 = CARTESIAN_POINT ( 'NONE',  ( 0.000000000000000000, -19.08051392770499533, -3.903127820947815962E-14 ) ) ;
#2670 = ORIENTED_EDGE ( 'NONE', *, *, #2831, .F. ) ;
#2671 = CARTESIAN_POINT ( 'NONE',  ( -0.4073218905048555660, -20.17289061158082575, 1.158138540110856818 ) ) ;
#2672 = CARTESIAN_POINT ( 'NONE',  ( -1.199471146599106582E-14, -22.94198926555779039, 0.9276379657099758091 ) ) ;
#2673 = CARTESIAN_POINT ( 'NONE',  ( 1.333690672916481912, -19.15551354982703813, 5.896303946630355952 ) ) ;
#2674 = EDGE_CURVE ( 'NONE', #462, #275, #1648, .T. ) ;
#2675 = CARTESIAN_POINT ( 'NONE',  ( 0.7517540966287266091, -6.023600000000001842, 0.2736161146605353145 ) ) ;
#2676 = FACE_OUTER_BOUND ( 'NONE', #1480, .T. ) ;
#2677 = AXIS2_PLACEMENT_3D ( 'NONE', #1333, #36, #5025 ) ;
#2678 = ORIENTED_EDGE ( 'NONE', *, *, #3361, .T. ) ;
#2679 = CARTESIAN_POINT ( 'NONE',  ( 1.192520124785409585, -9.091574846062028925, 2.914749543814633803 ) ) ;
#2680 = ORIENTED_EDGE ( 'NONE', *, *, #4433, .T. ) ;
#2681 = CARTESIAN_POINT ( 'NONE',  ( -3.361845866392538795, -6.672041017257257067, 8.725431145189046944 ) ) ;
#2682 = CARTESIAN_POINT ( 'NONE',  ( -11.24999999999999822, -7.923600000000001309, 8.500000000000000000 ) ) ;
#2683 = EDGE_CURVE ( 'NONE', #2284, #4165, #4794, .T. ) ;
#2684 = CARTESIAN_POINT ( 'NONE',  ( -1.011580591158758535, -19.23169682141900338, 5.923108464401290796 ) ) ;
#2685 = TOROIDAL_SURFACE ( 'NONE', #1823, 4.041517772942823328, 0.8000000000000000444 ) ;
#2686 = EDGE_LOOP ( 'NONE', ( #3226, #3892, #1570, #281, #2738 ) ) ;
#2687 = CARTESIAN_POINT ( 'NONE',  ( 3.187009908993432727, -5.223600000000002019, 11.72890234814081722 ) ) ;
#2688 = ORIENTED_EDGE ( 'NONE', *, *, #1110, .F. ) ;
#2689 = B_SPLINE_CURVE_WITH_KNOTS ( 'NONE', 3,
 ( #2631, #1476, #5172, #3468, #1832, #5118, #1422, #3059, #1022, #1946, #4377, #3149 ),
 .UNSPECIFIED., .F., .F.,
 ( 4, 2, 2, 2, 2, 4 ),
 ( 0.002577865256127098194, 0.002739702725622672301, 0.002901540195118245975, 0.003225215134109396357, 0.003872565012091697123, 0.005167264768056302124 ),
 .UNSPECIFIED. ) ;
#2690 = CARTESIAN_POINT ( 'NONE',  ( -0.08226810138923357218, -20.81259078729983258, 0.000000000000000000 ) ) ;
#2691 = CARTESIAN_POINT ( 'NONE',  ( 0.1979853017063223364, -21.62125739046093642, 1.682618776116338033 ) ) ;
#2692 = AXIS2_PLACEMENT_3D ( 'NONE', #2482, #419, #951 ) ;
#2693 = CARTESIAN_POINT ( 'NONE',  ( 0.5423257045656051378, -22.06763149133120550, 0.9162352796561500368 ) ) ;
#2694 = CARTESIAN_POINT ( 'NONE',  ( -0.9855741685912252636, -21.43511955831920801, 0.7893520298534744128 ) ) ;
#2695 = CARTESIAN_POINT ( 'NONE',  ( -3.396081006805117042, -6.023600000000001842, 9.330655880835756477 ) ) ;
#2696 = ORIENTED_EDGE ( 'NONE', *, *, #4998, .T. ) ;
#2697 = CARTESIAN_POINT ( 'NONE',  ( -2.079820002373919063, -18.06816296467718530, 6.568028656097127715 ) ) ;
#2698 = CIRCLE ( 'NONE', #1404, 0.2999999999999999334 ) ;
#2699 = DIRECTION ( 'NONE',  ( 0.000000000000000000, 0.000000000000000000, 1.000000000000000000 ) ) ;
#2700 = CARTESIAN_POINT ( 'NONE',  ( 0.4096641768600519096, -20.17138372746546082, 1.161936926525864777 ) ) ;
#2701 = CARTESIAN_POINT ( 'NONE',  ( -3.396081006805118374, -5.942552752153557272, 9.330655880835758254 ) ) ;
#2702 = VECTOR ( 'NONE', #3926, 1000.000000000000000 ) ;
#2703 = CARTESIAN_POINT ( 'NONE',  ( 1.653712034175909507, -18.71223290228925151, 6.252402495710055241 ) ) ;
#2704 = CARTESIAN_POINT ( 'NONE',  ( 0.06066215012663156436, -10.22360000000000291, 0.06066215012660750028 ) ) ;
#2705 = ORIENTED_EDGE ( 'NONE', *, *, #1571, .F. ) ;
#2706 = CARTESIAN_POINT ( 'NONE',  ( 3.433709647556962619, -6.053411787816526335, 8.499999999999998224 ) ) ;
#2707 = ORIENTED_EDGE ( 'NONE', *, *, #877, .T. ) ;
#2708 = CARTESIAN_POINT ( 'NONE',  ( -3.339222270705985984, -7.291595891344798019, 8.738299082509133342 ) ) ;
#2709 = LINE ( 'NONE', #4345, #2089 ) ;
#2710 = CARTESIAN_POINT ( 'NONE',  ( -3.011317387976995441, -5.223600000000002019, 8.483685665006429844 ) ) ;
#2711 = ADVANCED_FACE ( 'NONE', ( #313 ), #2295, .F. ) ;
#2712 = VERTEX_POINT ( 'NONE', #663 ) ;
#2713 = CARTESIAN_POINT ( 'NONE',  ( -3.372767536383865394, -6.023600000000001842, 8.719156112495678457 ) ) ;
#2714 = ORIENTED_EDGE ( 'NONE', *, *, #3699, .T. ) ;
#2715 = EDGE_CURVE ( 'NONE', #4548, #2443, #379, .T. ) ;
#2716 = CARTESIAN_POINT ( 'NONE',  ( -1.109567248682968632, -21.16060833433337152, 0.3837745045681389411 ) ) ;
#2717 = CARTESIAN_POINT ( 'NONE',  ( 0.9560506267929833601, -21.61014254390658351, 0.7390573650878459189 ) ) ;
#2718 = CARTESIAN_POINT ( 'NONE',  ( -0.2525788504582678895, -21.62160024729551466, 1.661976853527453724 ) ) ;
#2719 = CARTESIAN_POINT ( 'NONE',  ( -0.2359628398216509215, -20.58558693107410775, 0.1124839724322720946 ) ) ;
#2720 = CARTESIAN_POINT ( 'NONE',  ( 0.6310000000000006715, -10.22360000000000291, 3.089420301609806074 ) ) ;
#2721 = ORIENTED_EDGE ( 'NONE', *, *, #1794, .F. ) ;
#2722 = EDGE_CURVE ( 'NONE', #587, #5000, #3016, .T. ) ;
#2723 = SURFACE_STYLE_FILL_AREA ( #1135 ) ;
#2724 = CARTESIAN_POINT ( 'NONE',  ( 3.518963208296154832, -5.595572410975305999, 8.499999999999998224 ) ) ;
#2725 = ORIENTED_EDGE ( 'NONE', *, *, #3004, .T. ) ;
#2726 = CARTESIAN_POINT ( 'NONE',  ( 0.9110718759175477910, -19.31970364849598809, 2.966595071773029169 ) ) ;
#2727 = CARTESIAN_POINT ( 'NONE',  ( -0.3807763984704900517, -22.84670663170535931, 0.8654000290242924720 ) ) ;
#2728 = CARTESIAN_POINT ( 'NONE',  ( 2.305307277557776757, -17.75821642252608967, 6.228298297137216721 ) ) ;
#2729 = CARTESIAN_POINT ( 'NONE',  ( 3.151657166561618872, -5.613244220487858982, 8.499999999999996447 ) ) ;
#2730 = CARTESIAN_POINT ( 'NONE',  ( -2.414646756986397413, -18.43548177922664522, 5.875370649567558168 ) ) ;
#2731 = ORIENTED_EDGE ( 'NONE', *, *, #1560, .T. ) ;
#2732 = ORIENTED_EDGE ( 'NONE', *, *, #5217, .F. ) ;
#2733 = CARTESIAN_POINT ( 'NONE',  ( 0.000000000000000000, -15.00555694826952369, 0.000000000000000000 ) ) ;
#2734 = DIRECTION ( 'NONE',  ( -0.000000000000000000, -1.000000000000000000, -0.000000000000000000 ) ) ;
#2735 = VERTEX_POINT ( 'NONE', #440 ) ;
#2736 = AXIS2_PLACEMENT_3D ( 'NONE', #3721, #3673, #54 ) ;
#2737 = DIRECTION ( 'NONE',  ( -0.9396926207859082059, 0.000000000000000000, 0.3420201433256692125 ) ) ;
#2738 = ORIENTED_EDGE ( 'NONE', *, *, #3889, .F. ) ;
#2739 = CARTESIAN_POINT ( 'NONE',  ( -1.016716191856654072, -21.00237381050716579, 0.8256996665907410105 ) ) ;
#2740 = ADVANCED_FACE ( 'NONE', ( #3636 ), #763, .T. ) ;
#2741 = CARTESIAN_POINT ( 'NONE',  ( -0.8785715855026815513, -21.65062749090570549, 0.9531545261888921816 ) ) ;
#2742 = CARTESIAN_POINT ( 'NONE',  ( -0.1083824759303400331, -20.61166130683500342, -0.2308207939315890522 ) ) ;
#2743 = EDGE_CURVE ( 'NONE', #1309, #5206, #707, .T. ) ;
#2744 = CARTESIAN_POINT ( 'NONE',  ( 3.322461954116517457, -8.246524885098265756, 8.631971076288076361 ) ) ;
#2745 = ORIENTED_EDGE ( 'NONE', *, *, #392, .F. ) ;
#2746 =( NAMED_UNIT ( * ) PLANE_ANGLE_UNIT ( ) SI_UNIT ( $, .RADIAN. ) );
#2747 = CARTESIAN_POINT ( 'NONE',  ( 3.015449201764322851, -10.73146821626743375, 0.6961713026423431705 ) ) ;
#2748 = DIRECTION ( 'NONE',  ( 0.000000000000000000, 0.000000000000000000, -1.000000000000000000 ) ) ;
#2749 = CARTESIAN_POINT ( 'NONE',  ( 0.000000000000000000, -8.495069740634006550, 0.000000000000000000 ) ) ;
#2750 = AXIS2_PLACEMENT_3D ( 'NONE', #3638, #2004, #2401 ) ;
#2751 = CARTESIAN_POINT ( 'NONE',  ( -3.544708062224287026, -5.223600000000002019, 12.50173453768669773 ) ) ;
#2752 = CARTESIAN_POINT ( 'NONE',  ( -4.046457742160379567, -7.139424703983634046, 11.11755127536295262 ) ) ;
#2753 = CARTESIAN_POINT ( 'NONE',  ( 1.011580591158758757, -19.23169682142189174, 5.923108464399986062 ) ) ;
#2754 = FACE_OUTER_BOUND ( 'NONE', #1278, .T. ) ;
#2755 = DIRECTION ( 'NONE',  ( -0.000000000000000000, 1.000000000000000000, -0.000000000000000000 ) ) ;
#2756 = ORIENTED_EDGE ( 'NONE', *, *, #4475, .F. ) ;
#2757 = EDGE_CURVE ( 'NONE', #4739, #1506, #4640, .T. ) ;
#2758 = CARTESIAN_POINT ( 'NONE',  ( -0.7710664072873643082, -8.919563329891500914, 3.058665985204060522 ) ) ;
#2759 = EDGE_CURVE ( 'NONE', #4852, #3145, #1208, .T. ) ;
#2760 = CARTESIAN_POINT ( 'NONE',  ( -0.1075961245653314774, -20.28598042926057587, 0.8668909406225384640 ) ) ;
#2761 = AXIS2_PLACEMENT_3D ( 'NONE', #5084, #1413, #298 ) ;
#2762 = CARTESIAN_POINT ( 'NONE',  ( -2.817948713452130605, -15.77296615582086581, 7.742250459391761375 ) ) ;
#2763 = B_SPLINE_CURVE_WITH_KNOTS ( 'NONE', 3,
 ( #1324, #1376, #4202, #3800 ),
 .UNSPECIFIED., .F., .F.,
 ( 4, 4 ),
 ( 0.000000000000000000, 4.286021135000325338E-05 ),
 .UNSPECIFIED. ) ;
#2764 = ORIENTED_EDGE ( 'NONE', *, *, #907, .F. ) ;
#2765 = CARTESIAN_POINT ( 'NONE',  ( 3.461810461317436527, -5.523599999999426302, 8.499999999999998224 ) ) ;
#2766 = ORIENTED_EDGE ( 'NONE', *, *, #4672, .T. ) ;
#2767 = AXIS2_PLACEMENT_3D ( 'NONE', #1656, #382, #4481 ) ;
#2768 = CARTESIAN_POINT ( 'NONE',  ( -0.6310000000000000053, -6.023600000000001842, -3.089420301609855368 ) ) ;
#2769 = CARTESIAN_POINT ( 'NONE',  ( -0.2089515309222118589, -22.91423260966602271, 0.9092019441281994352 ) ) ;
#2770 = CARTESIAN_POINT ( 'NONE',  ( -0.6061993065974883299, -21.62849583437300893, 1.427622467800121475 ) ) ;
#2771 = CARTESIAN_POINT ( 'NONE',  ( 3.089420301609830055, -6.023600000000001842, 0.6309999999999758025 ) ) ;
#2772 = EDGE_LOOP ( 'NONE', ( #740, #937, #1905, #1209 ) ) ;
#2773 = TOROIDAL_SURFACE ( 'NONE', #1055, 11.02812499999999929, 0.2999999999999999889 ) ;
#2774 = CARTESIAN_POINT ( 'NONE',  ( 3.250000421320937249, -13.92717061275499546, 8.929302770797182376 ) ) ;
#2775 = CARTESIAN_POINT ( 'NONE',  ( -2.557045517097222387, -5.222817116783491365, 8.823720792502422583 ) ) ;
#2776 = DIRECTION ( 'NONE',  ( 0.000000000000000000, 0.000000000000000000, 1.000000000000000000 ) ) ;
#2777 = CARTESIAN_POINT ( 'NONE',  ( 0.000000000000000000, -8.523600000000001842, 0.000000000000000000 ) ) ;
#2778 = DIRECTION ( 'NONE',  ( 0.3420201433256694901, 0.000000000000000000, -0.9396926207859082059 ) ) ;
#2779 = EDGE_CURVE ( 'NONE', #4135, #4807, #3652, .T. ) ;
#2780 = CARTESIAN_POINT ( 'NONE',  ( 2.237478863270816465, -17.95051032938525282, 6.170289816197078281 ) ) ;
#2781 = EDGE_CURVE ( 'NONE', #4075, #2650, #3281, .T. ) ;
#2782 = AXIS2_PLACEMENT_3D ( 'NONE', #2881, #46, #1640 ) ;
#2783 = EDGE_CURVE ( 'NONE', #4882, #5126, #794, .T. ) ;
#2784 = CARTESIAN_POINT ( 'NONE',  ( -0.6921934833505508644, -20.60713685042663812, 0.07925693688185848906 ) ) ;
#2785 = CARTESIAN_POINT ( 'NONE',  ( -6.812502473916191015, -4.122781861947250270, -1.572790123191433409 ) ) ;
#2786 = CIRCLE ( 'NONE', #1065, 1.792363797108475598 ) ;
#2787 = VERTEX_POINT ( 'NONE', #2501 ) ;
#2788 = CARTESIAN_POINT ( 'NONE',  ( -3.345643189730589828, -7.963151240262889452, 8.501406258837739927 ) ) ;
#2789 = DIRECTION ( 'NONE',  ( -0.000000000000000000, -1.000000000000000000, -0.000000000000000000 ) ) ;
#2790 = CARTESIAN_POINT ( 'NONE',  ( -3.397140196964368641, -15.08003029587507449, 6.739122336800422275 ) ) ;
#2791 = EDGE_LOOP ( 'NONE', ( #3417, #1185, #3539, #2293 ) ) ;
#2792 = CARTESIAN_POINT ( 'NONE',  ( 2.656233665742985917, -5.223600000000002019, 8.504537519829854730 ) ) ;
#2793 = ORIENTED_EDGE ( 'NONE', *, *, #4180, .T. ) ;
#2794 = CARTESIAN_POINT ( 'NONE',  ( -0.9333333333333333481, -14.87911484186691702, 7.535419098554304362 ) ) ;
#2795 = CARTESIAN_POINT ( 'NONE',  ( -1.035514131060684573, -21.70957625501896260, 0.3657959100011521913 ) ) ;
#2796 = CARTESIAN_POINT ( 'NONE',  ( -2.242404773281997610, -5.223600000000002019, 8.200000000000001066 ) ) ;
#2797 = ORIENTED_EDGE ( 'NONE', *, *, #2297, .F. ) ;
#2798 = CARTESIAN_POINT ( 'NONE',  ( 1.959327161245730781E-16, -15.80840806009312516, -1.599912042076042429 ) ) ;
#2799 = CARTESIAN_POINT ( 'NONE',  ( 1.431000000000001160, -5.223600000000002019, 3.779696404344232263 ) ) ;
#2800 = CARTESIAN_POINT ( 'NONE',  ( 11.25000000000000178, -7.923600000000001309, 8.499999999999996447 ) ) ;
#2801 = CARTESIAN_POINT ( 'NONE',  ( 2.351595843561909760, -5.223600000000002019, 8.800000000000000711 ) ) ;
#2802 = CARTESIAN_POINT ( 'NONE',  ( 0.000000000000000000, -5.223600000000002019, 0.000000000000000000 ) ) ;
#2803 = CARTESIAN_POINT ( 'NONE',  ( 3.285417893078462104, -15.94696499115039146, 6.494626206801283885 ) ) ;
#2804 = EDGE_CURVE ( 'NONE', #3985, #4867, #3516, .T. ) ;
#2805 = DIRECTION ( 'NONE',  ( -1.000000000000000000, 0.000000000000000000, 0.000000000000000000 ) ) ;
#2806 = CARTESIAN_POINT ( 'NONE',  ( 3.372767536383886711, -6.023600000000001842, 8.719156112495680233 ) ) ;
#2807 = VECTOR ( 'NONE', #4106, 1000.000000000000000 ) ;
#2808 = EDGE_CURVE ( 'NONE', #5052, #2787, #284, .T. ) ;
#2809 = ORIENTED_EDGE ( 'NONE', *, *, #3037, .T. ) ;
#2810 = DIRECTION ( 'NONE',  ( 0.000000000000000000, 0.000000000000000000, 1.000000000000000000 ) ) ;
#2811 = CARTESIAN_POINT ( 'NONE',  ( -2.914905744818315103, -9.091427416814795492, 1.192126185742573563 ) ) ;
#2812 = CARTESIAN_POINT ( 'NONE',  ( -3.280981429014023121, -5.942974238478946347, 9.019546194032514563 ) ) ;
#2813 = CARTESIAN_POINT ( 'NONE',  ( -2.345450150167812442, -17.46751252939724353, 6.876827160577083653 ) ) ;
#2814 = B_SPLINE_CURVE_WITH_KNOTS ( 'NONE', 3,
 ( #97, #3765, #4959, #69 ),
 .UNSPECIFIED., .F., .F.,
 ( 4, 4 ),
 ( 8.673617379884034509E-19, 2.487243632379118618E-05 ),
 .UNSPECIFIED. ) ;
#2815 = VERTEX_POINT ( 'NONE', #2878 ) ;
#2816 = CARTESIAN_POINT ( 'NONE',  ( 3.301593582608228328, -5.466017153540089879, 8.509231716635508036 ) ) ;
#2817 = ORIENTED_EDGE ( 'NONE', *, *, #444, .F. ) ;
#2818 = CARTESIAN_POINT ( 'NONE',  ( -0.9469254474693867829, -20.07957442484811850, 2.129524430861725381 ) ) ;
#2819 = LINE ( 'NONE', #3778, #2846 ) ;
#2820 = DIRECTION ( 'NONE',  ( 0.000000000000000000, 1.000000000000000000, 0.000000000000000000 ) ) ;
#2821 = VERTEX_POINT ( 'NONE', #3842 ) ;
#2822 = CARTESIAN_POINT ( 'NONE',  ( 3.117769283421375270, -5.582633067923247872, 8.813046170133173263 ) ) ;
#2823 = DIRECTION ( 'NONE',  ( 0.000000000000000000, 1.000000000000000000, 0.000000000000000000 ) ) ;
#2824 = CARTESIAN_POINT ( 'NONE',  ( 2.828885596315882545, -5.223600000000001131, 8.548005757992251930 ) ) ;
#2825 = CARTESIAN_POINT ( 'NONE',  ( -2.480506799922922667, -16.75013959247434769, 6.815136421591857285 ) ) ;
#2826 = CARTESIAN_POINT ( 'NONE',  ( 3.652425665755492989, -6.679205354236378511, 8.499999999999998224 ) ) ;
#2827 = CARTESIAN_POINT ( 'NONE',  ( 0.000000000000000000, -5.223599999999998467, 0.000000000000000000 ) ) ;
#2828 = CARTESIAN_POINT ( 'NONE',  ( -0.8265289906749062609, -5.490084029051724990, -3.336685909133359829 ) ) ;
#2829 =( BOUNDED_SURFACE ( )  B_SPLINE_SURFACE ( 3, 2, ( 
 ( #4665, #1078, #3148 ),
 ( #2318, #1859, #171 ),
 ( #3921, #1021, #5091 ),
 ( #5170, #3948, #198 ) ),
 .UNSPECIFIED., .F., .F., .F. ) 
 B_SPLINE_SURFACE_WITH_KNOTS ( ( 4, 4 ),
 ( 3, 3 ),
 ( 0.000000000000000000, 4.286021135000326693E-05 ),
 ( 0.5711948729912175171, 1.000000000000000000 ),
 .UNSPECIFIED. ) 
 GEOMETRIC_REPRESENTATION_ITEM ( )  RATIONAL_B_SPLINE_SURFACE ( (
 ( 0.8734628132504600462, 0.8892346616428001838, 1.000000000000000000),
 ( 0.8734628131959951691, 0.8892346615951238764, 1.000000000000000000),
 ( 0.8734615317995757522, 0.8892335399145205876, 1.000000000000000000),
 ( 0.8734589686384082174, 0.8892312962308946966, 1.000000000000000000) ) ) 
 REPRESENTATION_ITEM ( '' )  SURFACE ( )  );
#2830 = ORIENTED_EDGE ( 'NONE', *, *, #3472, .F. ) ;
#2831 = EDGE_CURVE ( 'NONE', #544, #4196, #5033, .T. ) ;
#2832 = CARTESIAN_POINT ( 'NONE',  ( 0.6953022067477084844, -20.97029500947175151, 0.000000000000000000 ) ) ;
#2833 = CARTESIAN_POINT ( 'NONE',  ( 3.396543002201467765, -6.061773215555091632, 12.50003054011984993 ) ) ;
#2834 = LINE ( 'NONE', #729, #3799 ) ;
#2835 = DIRECTION ( 'NONE',  ( 8.807246430359776567E-17, 0.6948380447844797470, -0.7191662474839051189 ) ) ;
#2836 = ORIENTED_EDGE ( 'NONE', *, *, #1459, .F. ) ;
#2837 = DIRECTION ( 'NONE',  ( 0.000000000000000000, 0.000000000000000000, -1.000000000000000000 ) ) ;
#2838 = ORIENTED_EDGE ( 'NONE', *, *, #1892, .F. ) ;
#2839 = ADVANCED_FACE ( 'NONE', ( #971 ), #2663, .T. ) ;
#2840 = B_SPLINE_CURVE_WITH_KNOTS ( 'NONE', 3,
 ( #3240, #4520, #3692, #5286 ),
 .UNSPECIFIED., .F., .F.,
 ( 4, 4 ),
 ( 0.000000000000000000, 2.487243632379118957E-05 ),
 .UNSPECIFIED. ) ;
#2841 = CARTESIAN_POINT ( 'NONE',  ( -0.2245413690470533241, -14.70232309766117851, 7.217193958983975755 ) ) ;
#2842 = AXIS2_PLACEMENT_3D ( 'NONE', #3283, #4010, #4908 ) ;
#2843 = CARTESIAN_POINT ( 'NONE',  ( -1.007930633363175010, -21.08927288845909942, 0.6976244956869728231 ) ) ;
#2844 = FACE_OUTER_BOUND ( 'NONE', #3583, .T. ) ;
#2845 = CARTESIAN_POINT ( 'NONE',  ( -3.661669363746013595, -6.023600000000001842, 8.800000000000000711 ) ) ;
#2846 = VECTOR ( 'NONE', #4238, 1000.000000000000000 ) ;
#2847 = ORIENTED_EDGE ( 'NONE', *, *, #3114, .F. ) ;
#2848 = CARTESIAN_POINT ( 'NONE',  ( 3.373356197374806076, -6.023600000000001842, 8.717061272554401441 ) ) ;
#2849 = CARTESIAN_POINT ( 'NONE',  ( 4.054503238146146771, -6.870480574182680655, 11.13965609391207856 ) ) ;
#2850 = DIRECTION ( 'NONE',  ( 0.000000000000000000, 0.000000000000000000, -1.000000000000000000 ) ) ;
#2851 = CARTESIAN_POINT ( 'NONE',  ( 0.000000000000000000, -17.33419824958559730, 0.000000000000000000 ) ) ;
#2852 = AXIS2_PLACEMENT_3D ( 'NONE', #1539, #1119, #1193 ) ;
#2853 = ADVANCED_FACE ( 'NONE', ( #332 ), #5275, .T. ) ;
#2854 = LINE ( 'NONE', #3312, #1315 ) ;
#2855 = AXIS2_PLACEMENT_3D ( 'NONE', #2559, #1751, #4592 ) ;
#2856 = LINE ( 'NONE', #5212, #2009 ) ;
#2857 = CARTESIAN_POINT ( 'NONE',  ( -0.6309999999999992282, -6.023600000000002730, 3.179114782977803699 ) ) ;
#2858 = ORIENTED_EDGE ( 'NONE', *, *, #2783, .F. ) ;
#2859 = CARTESIAN_POINT ( 'NONE',  ( -0.07404129125031000402, -10.22360000000000291, 8.737309975419792707 ) ) ;
#2860 = ORIENTED_EDGE ( 'NONE', *, *, #2357, .T. ) ;
#2861 = CARTESIAN_POINT ( 'NONE',  ( -2.220265609608294112E-16, -10.22360000000000291, 10.53529359296444490 ) ) ;
#2862 = DIRECTION ( 'NONE',  ( 0.000000000000000000, 1.000000000000000000, 0.000000000000000000 ) ) ;
#2863 = DIRECTION ( 'NONE',  ( -0.000000000000000000, -1.000000000000000000, -0.000000000000000000 ) ) ;
#2864 = CIRCLE ( 'NONE', #4749, 4.041517772942823328 ) ;
#2865 = ORIENTED_EDGE ( 'NONE', *, *, #5252, .T. ) ;
#2866 = CARTESIAN_POINT ( 'NONE',  ( -0.5943414570151844822, -20.56371189938389321, 0.4135916125135399302 ) ) ;
#2867 = ORIENTED_EDGE ( 'NONE', *, *, #4413, .F. ) ;
#2868 = AXIS2_PLACEMENT_3D ( 'NONE', #334, #2874, #2048 ) ;
#2869 = CARTESIAN_POINT ( 'NONE',  ( -0.9294772705599203544, -19.71637762252486681, 2.539064064559662715 ) ) ;
#2870 = B_SPLINE_CURVE_WITH_KNOTS ( 'NONE', 3,
 ( #4675, #4591, #2200, #153, #1777, #5041 ),
 .UNSPECIFIED., .F., .F.,
 ( 4, 2, 4 ),
 ( 8.131516293641283255E-20, 0.0002852106760166575172, 0.0005704213520333149259 ),
 .UNSPECIFIED. ) ;
#2871 = DIRECTION ( 'NONE',  ( -0.000000000000000000, 1.000000000000000000, -0.000000000000000000 ) ) ;
#2872 = DIRECTION ( 'NONE',  ( -0.000000000000000000, -1.000000000000000000, -0.000000000000000000 ) ) ;
#2873 = ADVANCED_FACE ( 'NONE', ( #4530 ), #2025, .F. ) ;
#2874 = DIRECTION ( 'NONE',  ( -0.000000000000000000, -1.000000000000000000, -0.000000000000000000 ) ) ;
#2875 = EDGE_LOOP ( 'NONE', ( #2817, #3057, #1456, #122 ) ) ;
#2876 = EDGE_CURVE ( 'NONE', #2787, #771, #3564, .T. ) ;
#2877 = CARTESIAN_POINT ( 'NONE',  ( 3.258093916291462389, -5.855892182548275038, 8.987527843469869993 ) ) ;
#2878 = CARTESIAN_POINT ( 'NONE',  ( 7.234104063959591672E-16, -19.45565425971203766, 5.907094248722372321 ) ) ;
#2879 = CARTESIAN_POINT ( 'NONE',  ( -1.739576869458931354E-17, -21.11166130683500697, -3.921601983822704400E-14 ) ) ;
#2880 = CARTESIAN_POINT ( 'NONE',  ( 1.746425629107296373, -15.69496271135054499, 0.4031941259273196243 ) ) ;
#2881 = CARTESIAN_POINT ( 'NONE',  ( 0.6414912363527462968, -21.09209410907367044, 0.2218774767445953755 ) ) ;
#2882 = CARTESIAN_POINT ( 'NONE',  ( 2.509763678576338100E-14, 0.000000000000000000, -9.134792740442378775E-15 ) ) ;
#2883 = CARTESIAN_POINT ( 'NONE',  ( -3.372500483468451549, -6.052526428691510141, 8.719362653349683967 ) ) ;
#2884 = CARTESIAN_POINT ( 'NONE',  ( -10.94999999999999929, -7.923600000000001309, 2.234732007287768768E-15 ) ) ;
#2885 = VERTEX_POINT ( 'NONE', #3704 ) ;
#2886 = CARTESIAN_POINT ( 'NONE',  ( 3.089420301609830055, -10.22360000000000291, 0.6309999999999758025 ) ) ;
#2887 = DIRECTION ( 'NONE',  ( 2.664535259100375303E-15, 0.000000000000000000, -1.000000000000000000 ) ) ;
#2888 = CARTESIAN_POINT ( 'NONE',  ( -0.1083824759303400331, -20.61166130683500342, -0.2308207939315890522 ) ) ;
#2889 = ORIENTED_EDGE ( 'NONE', *, *, #2804, .F. ) ;
#2890 = CARTESIAN_POINT ( 'NONE',  ( -3.605691741563802566, -12.91134141671307312, 7.295517475542885322 ) ) ;
#2891 = ORIENTED_EDGE ( 'NONE', *, *, #4783, .T. ) ;
#2892 = CARTESIAN_POINT ( 'NONE',  ( 0.6257719860729372696, -10.22360000000000291, 8.879243775374517256 ) ) ;
#2893 = CARTESIAN_POINT ( 'NONE',  ( -1.006762459796148423, -21.46108085588146608, 0.5610165515230504107 ) ) ;
#2894 = FACE_OUTER_BOUND ( 'NONE', #3191, .T. ) ;
#2895 = ORIENTED_EDGE ( 'NONE', *, *, #2781, .T. ) ;
#2896 = CARTESIAN_POINT ( 'NONE',  ( 2.863090919349080110, -12.13372403415714373, 7.866277650756329010 ) ) ;
#2897 = ORIENTED_EDGE ( 'NONE', *, *, #5129, .F. ) ;
#2898 = ADVANCED_FACE ( 'NONE', ( #1256 ), #3538, .F. ) ;
#2899 = CARTESIAN_POINT ( 'NONE',  ( 3.346396549066520176, -5.869036807958306845, 8.695503608423781117 ) ) ;
#2900 = CARTESIAN_POINT ( 'NONE',  ( 0.6449263989237249417, -20.29551176493002984, 1.138786593972045624 ) ) ;
#2901 = CARTESIAN_POINT ( 'NONE',  ( 0.6313863326425338540, -5.998740736633152437, 3.179826021775939981 ) ) ;
#2902 = CARTESIAN_POINT ( 'NONE',  ( 1.431000000000001160, -5.223600000000002019, 3.677861117362383414 ) ) ;
#2903 = AXIS2_PLACEMENT_3D ( 'NONE', #3545, #2734, #300 ) ;
#2904 = CARTESIAN_POINT ( 'NONE',  ( 0.000000000000000000, -19.86937676726181579, -1.951563910473907981E-14 ) ) ;
#2905 = DIRECTION ( 'NONE',  ( -0.000000000000000000, 0.000000000000000000, 1.000000000000000000 ) ) ;
#2906 = CIRCLE ( 'NONE', #4878, 1.000000000000000888 ) ;
#2907 = DIRECTION ( 'NONE',  ( 0.000000000000000000, -1.000000000000000000, 0.000000000000000000 ) ) ;
#2908 = CARTESIAN_POINT ( 'NONE',  ( -0.5519150099231002748, -22.81035036234944968, 0.000000000000000000 ) ) ;
#2909 = CARTESIAN_POINT ( 'NONE',  ( -3.736324352422093487, -8.493935556323235048, 8.005326210609524651 ) ) ;
#2910 = CARTESIAN_POINT ( 'NONE',  ( 0.1083824759170874813, -20.61166130683500342, -0.2308207939378118245 ) ) ;
#2911 = DIRECTION ( 'NONE',  ( 0.000000000000000000, 1.000000000000000000, 0.000000000000000000 ) ) ;
#2912 = AXIS2_PLACEMENT_3D ( 'NONE', #3290, #72, #2405 ) ;
#2913 = ORIENTED_EDGE ( 'NONE', *, *, #3956, .T. ) ;
#2914 = CARTESIAN_POINT ( 'NONE',  ( 4.123271025260742739, -6.043958810867598785, 11.73760081375446696 ) ) ;
#2915 = ORIENTED_EDGE ( 'NONE', *, *, #2532, .F. ) ;
#2916 = CARTESIAN_POINT ( 'NONE',  ( 1.000000000000000000, -22.36226537227254951, 0.000000000000000000 ) ) ;
#2917 = DIRECTION ( 'NONE',  ( -0.9650094647572180495, -9.091115330467482672E-17, 0.2622150509200183444 ) ) ;
#2918 = ORIENTED_EDGE ( 'NONE', *, *, #1164, .T. ) ;
#2919 = CARTESIAN_POINT ( 'NONE',  ( 3.461810461316713106, -5.223600000000002019, 8.199999999999999289 ) ) ;
#2920 = ORIENTED_EDGE ( 'NONE', *, *, #124, .T. ) ;
#2921 = CARTESIAN_POINT ( 'NONE',  ( 0.6356572810606110346, -20.58204710314758046, 0.2724263630875494169 ) ) ;
#2922 = CARTESIAN_POINT ( 'NONE',  ( 0.9857077080744492958, -21.42917705425881891, 0.7948889231759048712 ) ) ;
#2923 = FACE_OUTER_BOUND ( 'NONE', #3814, .T. ) ;
#2924 = CIRCLE ( 'NONE', #1379, 1.792363797108476042 ) ;
#2925 = EDGE_CURVE ( 'NONE', #1303, #2945, #1272, .T. ) ;
#2926 = FACE_OUTER_BOUND ( 'NONE', #4183, .T. ) ;
#2927 = EDGE_CURVE ( 'NONE', #2583, #2712, #2819, .T. ) ;
#2928 = FACE_OUTER_BOUND ( 'NONE', #1012, .T. ) ;
#2929 = B_SPLINE_CURVE_WITH_KNOTS ( 'NONE', 3,
 ( #3363, #1003, #950, #3419, #3448, #3742, #2112, #99 ),
 .UNSPECIFIED., .F., .F.,
 ( 4, 2, 2, 4 ),
 ( -5.869699717329060048E-06, 0.0007028665329111926209, 0.001057234649225453774, 0.001411602765539714819 ),
 .UNSPECIFIED. ) ;
#2930 = FACE_OUTER_BOUND ( 'NONE', #1999, .T. ) ;
#2931 = DIRECTION ( 'NONE',  ( 1.000000000000000000, 0.000000000000000000, 0.000000000000000000 ) ) ;
#2932 = CARTESIAN_POINT ( 'NONE',  ( 3.284534556778639036, -5.573451967497734749, 0.7607445856197345702 ) ) ;
#2933 = CIRCLE ( 'NONE', #1141, 1.700000000000000178 ) ;
#2934 = EDGE_CURVE ( 'NONE', #242, #2815, #1215, .T. ) ;
#2935 = ADVANCED_FACE ( 'NONE', ( #3406 ), #3287, .T. ) ;
#2936 = ADVANCED_FACE ( 'NONE', ( #83 ), #1679, .F. ) ;
#2937 = EDGE_CURVE ( 'NONE', #5000, #4807, #2044, .T. ) ;
#2938 = CARTESIAN_POINT ( 'NONE',  ( -3.887600974578998780, -8.495069740634006550, 7.931837283190306565 ) ) ;
#2939 = AXIS2_PLACEMENT_3D ( 'NONE', #2749, #434, #4411 ) ;
#2940 = CARTESIAN_POINT ( 'NONE',  ( -1.199471146599106582E-14, -22.94198926555779039, 0.9276379657099758091 ) ) ;
#2941 = PLANE ( 'NONE',  #4227 ) ;
#2942 = CARTESIAN_POINT ( 'NONE',  ( -2.888709462520831384, -15.36655443238100283, 7.936664019640863543 ) ) ;
#2943 = VERTEX_POINT ( 'NONE', #3350 ) ;
#2944 = CARTESIAN_POINT ( 'NONE',  ( 0.000000000000000000, -12.20178778921884266, 0.000000000000000000 ) ) ;
#2945 = VERTEX_POINT ( 'NONE', #887 ) ;
#2946 = CARTESIAN_POINT ( 'NONE',  ( 0.02667589214628307559, -18.45460168286246372, 4.096547861472892293 ) ) ;
#2947 = AXIS2_PLACEMENT_3D ( 'NONE', #517, #4613, #2192 ) ;
#2948 = CARTESIAN_POINT ( 'NONE',  ( 3.213588955051055240, -5.223600000000002019, 11.72168009733027105 ) ) ;
#2949 = DIRECTION ( 'NONE',  ( 0.000000000000000000, 1.000000000000000000, 0.000000000000000000 ) ) ;
#2950 = ORIENTED_EDGE ( 'NONE', *, *, #1329, .F. ) ;
#2951 = FACE_OUTER_BOUND ( 'NONE', #2875, .T. ) ;
#2952 = VERTEX_POINT ( 'NONE', #141 ) ;
#2953 = AXIS2_PLACEMENT_3D ( 'NONE', #2206, #1955, #2778 ) ;
#2954 = FACE_OUTER_BOUND ( 'NONE', #2208, .T. ) ;
#2955 = CARTESIAN_POINT ( 'NONE',  ( 0.8041533419308569686, -21.94969445202762515, 0.7228390322657712863 ) ) ;
#2956 = CARTESIAN_POINT ( 'NONE',  ( -3.154564618061153958, -6.798161590276559529, 0.6309999999999769127 ) ) ;
#2957 = CARTESIAN_POINT ( 'NONE',  ( -3.583289605264032840, -5.682356902796402487, 8.500000000000000000 ) ) ;
#2958 = EDGE_LOOP ( 'NONE', ( #3063, #671, #917, #4167 ) ) ;
#2959 = CARTESIAN_POINT ( 'NONE',  ( 2.021183124640327566, -17.98005466690778675, 5.553154995531945026 ) ) ;
#2960 = CARTESIAN_POINT ( 'NONE',  ( 3.308952906763933832, -8.129888637140018304, 8.718805860661511531 ) ) ;
#2961 = CARTESIAN_POINT ( 'NONE',  ( -2.639128708649987019E-14, -10.22360000000000291, -0.6310000000001667608 ) ) ;
#2962 = CARTESIAN_POINT ( 'NONE',  ( 3.179826021775944866, -5.998740736633152437, 0.6313863326425088740 ) ) ;
#2963 = B_SPLINE_CURVE_WITH_KNOTS ( 'NONE', 3,
 ( #4922, #2566, #79, #4100, #428, #3403, #2914, #108, #2492, #531 ),
 .UNSPECIFIED., .F., .F.,
 ( 4, 2, 2, 2, 4 ),
 ( 0.000000000000000000, 0.0004115398438679970642, 0.0008230796877359941284, 0.001234619531603990163, 0.001646159375471986088 ),
 .UNSPECIFIED. ) ;
#2964 = FACE_OUTER_BOUND ( 'NONE', #5222, .T. ) ;
#2965 = CARTESIAN_POINT ( 'NONE',  ( -3.907377481286544718, -9.369682007014004554, 10.73543139912023037 ) ) ;
#2966 = FACE_OUTER_BOUND ( 'NONE', #1632, .T. ) ;
#2967 = CARTESIAN_POINT ( 'NONE',  ( 3.179114782977798814, -6.023600000000001842, -0.6310000000000240972 ) ) ;
#2968 = ORIENTED_EDGE ( 'NONE', *, *, #93, .T. ) ;
#2969 = LINE ( 'NONE', #4503, #3519 ) ;
#2970 = VERTEX_POINT ( 'NONE', #2599 ) ;
#2971 = CARTESIAN_POINT ( 'NONE',  ( 0.02575603379641124360, -14.69295884451307543, 7.200338303317392885 ) ) ;
#2972 = CARTESIAN_POINT ( 'NONE',  ( 3.299530334202828818, -5.223600000000002019, 11.65218856086582910 ) ) ;
#2973 = CARTESIAN_POINT ( 'NONE',  ( -1.754608102696171068, -18.80333915874554052, 5.948535801573013870 ) ) ;
#2974 = EDGE_CURVE ( 'NONE', #146, #5116, #1083, .T. ) ;
#2975 = ORIENTED_EDGE ( 'NONE', *, *, #5060, .T. ) ;
#2976 = CARTESIAN_POINT ( 'NONE',  ( 2.834791727495646452, -5.223600000000002019, 8.387570762839835936 ) ) ;
#2977 = ORIENTED_EDGE ( 'NONE', *, *, #5192, .F. ) ;
#2978 = CARTESIAN_POINT ( 'NONE',  ( 0.9101247634849144452, -20.09989502768082659, 1.805691188685210724 ) ) ;
#2979 = CARTESIAN_POINT ( 'NONE',  ( 0.7493000755564310778, -22.48862949599142169, 0.6495223517330831475 ) ) ;
#2980 = CARTESIAN_POINT ( 'NONE',  ( 3.918869757271188168E-17, -27.33455287310006199, 0.3199999999999612044 ) ) ;
#2981 = CARTESIAN_POINT ( 'NONE',  ( 3.714514866276197758, -8.200240436225049834, 8.320836711220973569 ) ) ;
#2982 = ORIENTED_EDGE ( 'NONE', *, *, #4117, .F. ) ;
#2983 = ADVANCED_FACE ( 'NONE', ( #2496 ), #4880, .T. ) ;
#2984 = DIRECTION ( 'NONE',  ( 0.9743700647852359120, 0.000000000000000000, -0.2249510543438620613 ) ) ;
#2985 = CARTESIAN_POINT ( 'NONE',  ( -3.285407691030110655, -6.047013112713959693, 9.026583444807753764 ) ) ;
#2986 = CARTESIAN_POINT ( 'NONE',  ( 11.12573593128807303, -5.223599999999999355, 8.375735931288067704 ) ) ;
#2987 = CARTESIAN_POINT ( 'NONE',  ( -3.331828467897159030, -5.223600000000002019, 11.49316733375401967 ) ) ;
#2988 = AXIS2_PLACEMENT_3D ( 'NONE', #4474, #2863, #4179 ) ;
#2989 = DIRECTION ( 'NONE',  ( 0.4949183714867591566, 0.8613943639229734162, 0.1142609091799560023 ) ) ;
#2990 = CARTESIAN_POINT ( 'NONE',  ( 3.105431218849829200, -8.347283722441604326, -0.6310000000000240972 ) ) ;
#2991 = APPLICATION_CONTEXT ( 'automotive_design' ) ;
#2992 = CARTESIAN_POINT ( 'NONE',  ( -3.983462461885653116, -8.334916560723476309, 10.94447316527592662 ) ) ;
#2993 = ORIENTED_EDGE ( 'NONE', *, *, #3980, .F. ) ;
#2994 = ORIENTED_EDGE ( 'NONE', *, *, #2386, .F. ) ;
#2995 = ORIENTED_EDGE ( 'NONE', *, *, #612, .T. ) ;
#2996 = EDGE_CURVE ( 'NONE', #427, #3522, #4742, .T. ) ;
#2997 = CARTESIAN_POINT ( 'NONE',  ( 0.1624609862034866181, -20.82241450834888852, 0.000000000000000000 ) ) ;
#2998 = CARTESIAN_POINT ( 'NONE',  ( 2.079030746982752476, -18.06973279135715060, 6.567229807939254371 ) ) ;
#2999 = CIRCLE ( 'NONE', #3859, 0.2999999999999999334 ) ;
#3000 = CARTESIAN_POINT ( 'NONE',  ( -1.044249981478517109, -19.08051392770499177, 6.114397565854524430 ) ) ;
#3001 = ORIENTED_EDGE ( 'NONE', *, *, #1963, .T. ) ;
#3002 = CARTESIAN_POINT ( 'NONE',  ( 3.044916548827068414, -13.84998063383959810, 8.365839462025968842 ) ) ;
#3003 = ORIENTED_EDGE ( 'NONE', *, *, #1357, .T. ) ;
#3004 = EDGE_CURVE ( 'NONE', #4402, #3181, #4399, .T. ) ;
#3005 = CARTESIAN_POINT ( 'NONE',  ( 0.9019275470405219153, -19.50367296506003001, 2.718238711699733745 ) ) ;
#3006 = CARTESIAN_POINT ( 'NONE',  ( 0.9907372072797909768, -20.92627713415667401, 1.282721689680844657 ) ) ;
#3007 = CARTESIAN_POINT ( 'NONE',  ( -3.094757824535585122, -8.683707792995662089, 0.6309999999999769127 ) ) ;
#3008 = CARTESIAN_POINT ( 'NONE',  ( -3.372767526222198775, -5.932543925477983926, 8.719156148809174667 ) ) ;
#3009 = ORIENTED_EDGE ( 'NONE', *, *, #1031, .T. ) ;
#3010 = DIRECTION ( 'NONE',  ( 0.000000000000000000, 0.000000000000000000, -1.000000000000000000 ) ) ;
#3011 = VECTOR ( 'NONE', #5053, 1000.000000000000000 ) ;
#3012 = B_SPLINE_CURVE_WITH_KNOTS ( 'NONE', 3,
 ( #3136, #640, #4282, #3935, #1009, #2646, #5133, #1783, #4255, #610, #4735, #3536, #3047, #3424 ),
 .UNSPECIFIED., .F., .F.,
 ( 4, 2, 2, 2, 2, 2, 4 ),
 ( 1.734723475976806902E-18, 0.001911029319248218426, 0.003822058638496437719, 0.007644117276992875437, 0.01146617591548931316, 0.01337720523473753115, 0.01528823455398574914 ),
 .UNSPECIFIED. ) ;
#3013 = CARTESIAN_POINT ( 'NONE',  ( -5.601338295965375025, -1.980173226765839178, -1.293170840271852917 ) ) ;
#3014 = CARTESIAN_POINT ( 'NONE',  ( -0.1611669937293271904, -20.61166130683500342, -0.2345539507091711773 ) ) ;
#3015 = DIRECTION ( 'NONE',  ( 0.000000000000000000, 0.000000000000000000, -1.000000000000000000 ) ) ;
#3016 = CIRCLE ( 'NONE', #1386, 6.202927987422225620 ) ;
#3017 = CARTESIAN_POINT ( 'NONE',  ( -2.633259661995392520, -9.256276868001373614, -1.739348776350419845 ) ) ;
#3018 = CYLINDRICAL_SURFACE ( 'NONE', #4143, 0.8000000000000001554 ) ;
#3019 = CARTESIAN_POINT ( 'NONE',  ( 3.130003691552280642, -7.572722839544415052, -0.6310000000000240972 ) ) ;
#3020 = CARTESIAN_POINT ( 'NONE',  ( -3.557500611034392080, -14.49035221148450425, 9.774152598513387247 ) ) ;
#3021 = ORIENTED_EDGE ( 'NONE', *, *, #1166, .F. ) ;
#3022 = CARTESIAN_POINT ( 'NONE',  ( 3.389205340724727122, -7.310571387753365791, 8.500000000000000000 ) ) ;
#3023 = VERTEX_POINT ( 'NONE', #649 ) ;
#3024 = VECTOR ( 'NONE', #4178, 1000.000000000000000 ) ;
#3025 = DIRECTION ( 'NONE',  ( 1.000000000000000000, -0.000000000000000000, -6.242469211744370837E-16 ) ) ;
#3026 = CARTESIAN_POINT ( 'NONE',  ( 2.299995493599571006, -17.58254697614144035, 6.817386559536442014 ) ) ;
#3027 = CARTESIAN_POINT ( 'NONE',  ( 0.6580256276122165016, -5.789346611370204343, 3.111294571240730278 ) ) ;
#3028 = ORIENTED_EDGE ( 'NONE', *, *, #4841, .T. ) ;
#3029 = CARTESIAN_POINT ( 'NONE',  ( -3.348136209351589176, -5.893202379964664672, 8.731845966808464254 ) ) ;
#3030 = ORIENTED_EDGE ( 'NONE', *, *, #644, .T. ) ;
#3031 = FACE_OUTER_BOUND ( 'NONE', #2120, .T. ) ;
#3032 = CARTESIAN_POINT ( 'NONE',  ( -1.109567248682757912, -21.16060833433468957, 0.3837745045681493217 ) ) ;
#3033 = EDGE_CURVE ( 'NONE', #2712, #3221, #500, .T. ) ;
#3034 = CARTESIAN_POINT ( 'NONE',  ( 1.209444661811099220, -19.39710221043949900, 0.7485732151852122485 ) ) ;
#3035 = CARTESIAN_POINT ( 'NONE',  ( -3.089420301609830055, -8.851919802071641641, 0.6309999999999769127 ) ) ;
#3036 = VECTOR ( 'NONE', #1369, 1000.000000000000000 ) ;
#3037 = EDGE_CURVE ( 'NONE', #1466, #2624, #2133, .T. ) ;
#3038 = LINE ( 'NONE', #1053, #4996 ) ;
#3039 = VERTEX_POINT ( 'NONE', #4772 ) ;
#3040 = LINE ( 'NONE', #1401, #2019 ) ;
#3041 = TOROIDAL_SURFACE ( 'NONE', #3565, 4.025122630638385601, 0.8000000000000000444 ) ;
#3042 =( BOUNDED_SURFACE ( )  B_SPLINE_SURFACE ( 3, 2, ( 
 ( #3846, #1321, #4565 ),
 ( #2139, #4224, #548 ),
 ( #4173, #2985, #1721 ),
 ( #2615, #924, #4987 ) ),
 .UNSPECIFIED., .F., .F., .F. ) 
 B_SPLINE_SURFACE_WITH_KNOTS ( ( 4, 4 ),
 ( 3, 3 ),
 ( 0.000000000000000000, 4.286021135000328726E-05 ),
 ( 0.000000000000000000, 0.4288051270087908096 ),
 .UNSPECIFIED. ) 
 GEOMETRIC_REPRESENTATION_ITEM ( )  RATIONAL_B_SPLINE_SURFACE ( (
 ( 1.000000000000000000, 0.8892346616427975192, 0.8734628132504589360),
 ( 1.000000000000000000, 0.8892346615951213229, 0.8734628131959940589),
 ( 1.000000000000000000, 0.8892335399145182562, 0.8734615317995748640),
 ( 1.000000000000000000, 0.8892312962308921431, 0.8734589686384071072) ) ) 
 REPRESENTATION_ITEM ( '' )  SURFACE ( )  );
#3043 = CARTESIAN_POINT ( 'NONE',  ( 3.313524590675817283, -7.912644588007944790, 8.757835431623632871 ) ) ;
#3044 = CARTESIAN_POINT ( 'NONE',  ( -0.7029031496510678156, -19.88651169394882245, 1.844023140762859780 ) ) ;
#3045 = CARTESIAN_POINT ( 'NONE',  ( -3.281593754267806418, -5.223600000000002019, 11.67420371218414310 ) ) ;
#3046 = CARTESIAN_POINT ( 'NONE',  ( -3.875085217160995299, -8.495069739885058979, 7.937971583432569922 ) ) ;
#3047 = CARTESIAN_POINT ( 'NONE',  ( -1.221167823672717034, -18.69337367733852773, 6.588311983756973689 ) ) ;
#3048 = LINE ( 'NONE', #4683, #3471 ) ;
#3049 = ORIENTED_EDGE ( 'NONE', *, *, #519, .T. ) ;
#3050 = DIRECTION ( 'NONE',  ( 0.6199654954471451873, -0.7846290744389833316, 0.000000000000000000 ) ) ;
#3051 = EDGE_LOOP ( 'NONE', ( #2187, #4708, #987, #2493, #1085 ) ) ;
#3052 = CARTESIAN_POINT ( 'NONE',  ( 2.769465471640510490, -5.280430006136631604, 8.661247037227331802 ) ) ;
#3053 = CARTESIAN_POINT ( 'NONE',  ( -11.12573593128806948, -8.223600000000001131, 8.375735931288071257 ) ) ;
#3054 = CARTESIAN_POINT ( 'NONE',  ( 3.661589415093096100, -6.045671005300015111, 8.499999999999998224 ) ) ;
#3055 = VERTEX_POINT ( 'NONE', #1016 ) ;
#3056 = DIRECTION ( 'NONE',  ( -0.4401065991482684958, 0.000000000000000000, 0.8979455336411809041 ) ) ;
#3057 = ORIENTED_EDGE ( 'NONE', *, *, #2927, .T. ) ;
#3058 = CARTESIAN_POINT ( 'NONE',  ( 0.000000000000000000, -15.80840806009312516, 0.000000000000000000 ) ) ;
#3059 = CARTESIAN_POINT ( 'NONE',  ( 0.5533679643744134902, -20.06652935248708403, 1.422934725735490735 ) ) ;
#3060 = CARTESIAN_POINT ( 'NONE',  ( 0.2468932002204468068, -21.62124553940654081, 1.671523149091206140 ) ) ;
#3061 = CARTESIAN_POINT ( 'NONE',  ( -0.9633454161688334016, -21.59161369763512894, 0.7279508079004087806 ) ) ;
#3062 = DIRECTION ( 'NONE',  ( -0.9993195478616838656, 0.03688416003543489030, 0.000000000000000000 ) ) ;
#3063 = ORIENTED_EDGE ( 'NONE', *, *, #1655, .T. ) ;
#3064 = ADVANCED_FACE ( 'NONE', ( #244 ), #3976, .F. ) ;
#3065 = CARTESIAN_POINT ( 'NONE',  ( 4.437884102255086560, -6.613502050454975745, 12.19298636110094591 ) ) ;
#3066 = CARTESIAN_POINT ( 'NONE',  ( 0.9880081395776890707, -21.94937897582489228, 0.3992344134122981503 ) ) ;
#3067 = VERTEX_POINT ( 'NONE', #1073 ) ;
#3068 = CARTESIAN_POINT ( 'NONE',  ( 1.128849546642727075, -20.61166130683383813, 1.361674469377302854 ) ) ;
#3069 = DIRECTION ( 'NONE',  ( -1.224646799147353207E-16, 0.000000000000000000, -1.000000000000000000 ) ) ;
#3070 = EDGE_CURVE ( 'NONE', #5126, #2970, #2339, .T. ) ;
#3071 = DIRECTION ( 'NONE',  ( 0.000000000000000000, 0.000000000000000000, -1.000000000000000000 ) ) ;
#3072 = CARTESIAN_POINT ( 'NONE',  ( -3.089420301609830055, -6.023600000000001842, 0.6309999999999769127 ) ) ;
#3073 = CARTESIAN_POINT ( 'NONE',  ( -6.776263578034402713E-18, -6.023600000000001842, 10.53529359296444490 ) ) ;
#3074 = ORIENTED_EDGE ( 'NONE', *, *, #3755, .F. ) ;
#3075 = CARTESIAN_POINT ( 'NONE',  ( 0.6310000000000006715, -8.683707792996059993, 3.094757824535568247 ) ) ;
#3076 = ORIENTED_EDGE ( 'NONE', *, *, #609, .T. ) ;
#3077 = AXIS2_PLACEMENT_3D ( 'NONE', #3484, #5106, #1438 ) ;
#3078 = DIRECTION ( 'NONE',  ( 4.440892098500626951E-15, 0.000000000000000000, 1.000000000000000000 ) ) ;
#3079 = CARTESIAN_POINT ( 'NONE',  ( 3.332327818055422775, -5.223600000000002019, 11.57610570382059123 ) ) ;
#3080 = B_SPLINE_CURVE_WITH_KNOTS ( 'NONE', 3,
 ( #837, #2470, #1206, #3732, #3326, #1736 ),
 .UNSPECIFIED., .F., .F.,
 ( 4, 2, 4 ),
 ( 4.653782070334795874E-54, 0.0002345473759661837929, 0.0004690947519323675858 ),
 .UNSPECIFIED. ) ;
#3081 = CARTESIAN_POINT ( 'NONE',  ( -3.888415032231533175, -7.581277731667803721, 8.053229802415957650 ) ) ;
#3082 = TOROIDAL_SURFACE ( 'NONE', #2239, 4.041517772942823328, 0.8000000000000000444 ) ;
#3083 = ORIENTED_EDGE ( 'NONE', *, *, #4422, .T. ) ;
#3084 = EDGE_CURVE ( 'NONE', #2885, #3389, #2504, .T. ) ;
#3085 = CARTESIAN_POINT ( 'NONE',  ( 3.322407740230535644, -6.023600000000001842, 11.46728376463501853 ) ) ;
#3086 = ORIENTED_EDGE ( 'NONE', *, *, #1936, .F. ) ;
#3087 = LINE ( 'NONE', #3496, #1737 ) ;
#3088 = CARTESIAN_POINT ( 'NONE',  ( 0.8805089721370695788, -21.65032985114224573, 0.9468585686741523011 ) ) ;
#3089 = CARTESIAN_POINT ( 'NONE',  ( -0.06884706587482709861, -21.62119608618544575, 1.701454812572758213 ) ) ;
#3090 = CARTESIAN_POINT ( 'NONE',  ( -0.9910508296868524303, -21.28858552755922773, 0.9156446307533763207 ) ) ;
#3091 = CARTESIAN_POINT ( 'NONE',  ( 3.313524590675778647, -7.912644588007944790, 8.757835431623659517 ) ) ;
#3092 = AXIS2_PLACEMENT_3D ( 'NONE', #3310, #4910, #2850 ) ;
#3093 = VERTEX_POINT ( 'NONE', #702 ) ;
#3094 = CARTESIAN_POINT ( 'NONE',  ( -2.834791727495772129, -5.223600000000002019, 8.387570762839734684 ) ) ;
#3095 = ORIENTED_EDGE ( 'NONE', *, *, #4672, .F. ) ;
#3096 = EDGE_CURVE ( 'NONE', #4375, #491, #3458, .T. ) ;
#3097 = CARTESIAN_POINT ( 'NONE',  ( -0.7925523465752135621, -20.61166130683415076, 0.7947843984114710825 ) ) ;
#3098 = CARTESIAN_POINT ( 'NONE',  ( -3.310614347876167596, -5.731073593186512660, 9.248315908724871193 ) ) ;
#3099 = CIRCLE ( 'NONE', #1720, 12.95327247724426023 ) ;
#3100 = FACE_OUTER_BOUND ( 'NONE', #351, .T. ) ;
#3101 = EDGE_CURVE ( 'NONE', #296, #890, #2709, .T. ) ;
#3102 = CARTESIAN_POINT ( 'NONE',  ( 3.241037857589009974, -5.289197435369229261, 8.500000000000000000 ) ) ;
#3103 = CARTESIAN_POINT ( 'NONE',  ( 11.10682268589476251, -5.256156509894806206, 0.008445027396350661408 ) ) ;
#3104 = ADVANCED_FACE ( 'NONE', ( #4262 ), #1468, .F. ) ;
#3105 = AXIS2_PLACEMENT_3D ( 'NONE', #390, #44, #2425 ) ;
#3106 = EDGE_CURVE ( 'NONE', #965, #4402, #1442, .T. ) ;
#3107 = EDGE_LOOP ( 'NONE', ( #3354, #3266, #4582, #2721, #4264 ) ) ;
#3108 = ADVANCED_FACE ( 'NONE', ( #674 ), #425, .T. ) ;
#3109 = CARTESIAN_POINT ( 'NONE',  ( 0.9133295318431504661, -8.982171990839704634, 3.017467276335132453 ) ) ;
#3110 = ORIENTED_EDGE ( 'NONE', *, *, #2876, .T. ) ;
#3111 = CARTESIAN_POINT ( 'NONE',  ( 0.6311287870812308798, -6.007024849792318655, -3.179614586540012500 ) ) ;
#3112 = DIRECTION ( 'NONE',  ( 0.03027765257158835516, -0.9995170841968334940, -0.006990146880730761791 ) ) ;
#3113 = CARTESIAN_POINT ( 'NONE',  ( -2.417570097557794728, -17.36900795770508310, 6.350536472954003031 ) ) ;
#3114 = EDGE_CURVE ( 'NONE', #511, #4313, #800, .T. ) ;
#3115 = AXIS2_PLACEMENT_3D ( 'NONE', #4546, #4126, #2175 ) ;
#3116 = ORIENTED_EDGE ( 'NONE', *, *, #4632, .F. ) ;
#3117 = CARTESIAN_POINT ( 'NONE',  ( -3.021457601879790289, -5.496113516362685303, 8.840143249231775968 ) ) ;
#3118 = ORIENTED_EDGE ( 'NONE', *, *, #4743, .T. ) ;
#3119 = B_SPLINE_CURVE_WITH_KNOTS ( 'NONE', 3,
 ( #5068, #3359, #4958, #5036, #4247, #3416 ),
 .UNSPECIFIED., .F., .F.,
 ( 4, 2, 4 ),
 ( 4.336808689942017736E-19, 0.0001651450508328598452, 0.0003302901016657192566 ),
 .UNSPECIFIED. ) ;
#3120 = CARTESIAN_POINT ( 'NONE',  ( 0.6309999999999981179, -5.904888436756230874, -3.089420301609845154 ) ) ;
#3121 = CARTESIAN_POINT ( 'NONE',  ( -0.6356645556070722458, -20.58205033147281426, 0.2724015077651096295 ) ) ;
#3122 = TOROIDAL_SURFACE ( 'NONE', #804, 11.02812499999999929, 0.2999999999999999889 ) ;
#3123 = CARTESIAN_POINT ( 'NONE',  ( -0.08180008311944778066, -22.12063478505218583, 1.039356549428582577 ) ) ;
#3124 = CARTESIAN_POINT ( 'NONE',  ( -0.1950465246683168175, -21.62125955061841864, 1.683125530535081849 ) ) ;
#3125 = CARTESIAN_POINT ( 'NONE',  ( 3.386080944386470115, -6.696579039562546853, 12.47144848015962815 ) ) ;
#3126 = ORIENTED_EDGE ( 'NONE', *, *, #4495, .T. ) ;
#3127 = CARTESIAN_POINT ( 'NONE',  ( 0.9761512585264703334, -20.70767324824154088, 1.326374529633829180 ) ) ;
#3128 = CARTESIAN_POINT ( 'NONE',  ( -5.624069133995607360E-16, -5.223600000000001131, -4.592400958310062009 ) ) ;
#3129 = CIRCLE ( 'NONE', #3645, 4.041517772942823328 ) ;
#3130 = TOROIDAL_SURFACE ( 'NONE', #3559, 6.817497284057141727, 1.000000000000000000 ) ;
#3131 = DIRECTION ( 'NONE',  ( 2.896730386972609769E-16, 1.000000000000000000, 6.687629046188098519E-17 ) ) ;
#3132 = CARTESIAN_POINT ( 'NONE',  ( 0.3036812270661099489, -20.22860320649822796, 1.016332161829521574 ) ) ;
#3133 = CARTESIAN_POINT ( 'NONE',  ( -0.4612076686911646961, -22.79445143736131030, 0.8320976321992463731 ) ) ;
#3134 = AXIS2_PLACEMENT_3D ( 'NONE', #3146, #5115, #1101 ) ;
#3135 = CARTESIAN_POINT ( 'NONE',  ( 2.561593120854412486, -5.233968828386852401, 8.677882114994536877 ) ) ;
#3136 = CARTESIAN_POINT ( 'NONE',  ( -3.396543002201438455, -6.061773215555091632, 12.50003054011985704 ) ) ;
#3137 = CARTESIAN_POINT ( 'NONE',  ( -1.733769988298408338, -19.19136630382188358, 5.771864377969543547 ) ) ;
#3138 = EDGE_CURVE ( 'NONE', #781, #1466, #2834, .T. ) ;
#3139 = ORIENTED_EDGE ( 'NONE', *, *, #1320, .T. ) ;
#3140 = DIRECTION ( 'NONE',  ( 1.000000000000000000, 0.000000000000000000, 0.000000000000000000 ) ) ;
#3141 = ORIENTED_EDGE ( 'NONE', *, *, #1941, .T. ) ;
#3142 = DIRECTION ( 'NONE',  ( 0.000000000000000000, 0.000000000000000000, 1.000000000000000000 ) ) ;
#3143 = CARTESIAN_POINT ( 'NONE',  ( -3.546798091053763091, -5.223600000000002019, -1.237680890036816805 ) ) ;
#3144 = CARTESIAN_POINT ( 'NONE',  ( -2.927431211700868730, -5.223600000000002019, 8.326886176632756431 ) ) ;
#3145 = VERTEX_POINT ( 'NONE', #2462 ) ;
#3146 = CARTESIAN_POINT ( 'NONE',  ( -1.431000000000000272, -6.023600000000001842, 4.466486721003101256E-16 ) ) ;
#3147 = ORIENTED_EDGE ( 'NONE', *, *, #1259, .T. ) ;
#3148 = CARTESIAN_POINT ( 'NONE',  ( 3.396081006805141467, -6.023600000000001842, 9.330655880835744043 ) ) ;
#3149 = CARTESIAN_POINT ( 'NONE',  ( 0.9075883152340189497, -19.33754378532492879, 2.934814467912821190 ) ) ;
#3150 = EDGE_CURVE ( 'NONE', #1317, #4799, #3597, .T. ) ;
#3151 = CARTESIAN_POINT ( 'NONE',  ( -0.7282009011107266616, -21.99818590124725048, 0.7914183238979289881 ) ) ;
#3152 = DIRECTION ( 'NONE',  ( 0.000000000000000000, 0.000000000000000000, -1.000000000000000000 ) ) ;
#3153 = CARTESIAN_POINT ( 'NONE',  ( -3.049230305224117199, -5.378233011133606745, 8.563022254294308411 ) ) ;
#3154 = VERTEX_POINT ( 'NONE', #2367 ) ;
#3155 = AXIS2_PLACEMENT_3D ( 'NONE', #4482, #4927, #4581 ) ;
#3156 = CARTESIAN_POINT ( 'NONE',  ( 3.019905721978886959, -14.93056814039489311, 8.297122780018701960 ) ) ;
#3157 = CARTESIAN_POINT ( 'NONE',  ( -2.300061320215044169, -17.58235874129380605, 6.817484114752486946 ) ) ;
#3158 = CARTESIAN_POINT ( 'NONE',  ( 0.000000000000000000, -20.61166130683500342, 0.000000000000000000 ) ) ;
#3159 = CARTESIAN_POINT ( 'NONE',  ( 3.993139322258344670, -8.223549684688547856, 8.206332302668934986 ) ) ;
#3160 = CARTESIAN_POINT ( 'NONE',  ( -3.179114782977796594, -6.023600000000002730, -0.6310000000000338671 ) ) ;
#3161 = CARTESIAN_POINT ( 'NONE',  ( 3.661589410590465832, -6.045671293964764992, 8.499999999999998224 ) ) ;
#3162 = EDGE_CURVE ( 'NONE', #327, #1706, #3784, .T. ) ;
#3163 = CARTESIAN_POINT ( 'NONE',  ( 2.073670658073674122, -18.31649781497705121, 6.066780645885107681 ) ) ;
#3164 = DIRECTION ( 'NONE',  ( -0.000000000000000000, -1.000000000000000000, -0.000000000000000000 ) ) ;
#3165 = CARTESIAN_POINT ( 'NONE',  ( 1.746425629107297040, 0.000000000000000000, -0.4031941259273197353 ) ) ;
#3166 = VERTEX_POINT ( 'NONE', #4448 ) ;
#3167 = ORIENTED_EDGE ( 'NONE', *, *, #2876, .F. ) ;
#3168 = DIRECTION ( 'NONE',  ( 0.000000000000000000, 0.000000000000000000, 1.000000000000000000 ) ) ;
#3169 = DIRECTION ( 'NONE',  ( 0.000000000000000000, 0.000000000000000000, 1.000000000000000000 ) ) ;
#3170 = CARTESIAN_POINT ( 'NONE',  ( -2.615191630583166837, -15.93150547419660334, 6.839122671015275934 ) ) ;
#3171 = EDGE_LOOP ( 'NONE', ( #4369, #3381, #1045, #4701 ) ) ;
#3172 = AXIS2_PLACEMENT_3D ( 'NONE', #4501, #2542, #2093 ) ;
#3173 = CARTESIAN_POINT ( 'NONE',  ( -2.923530743448874869, -5.411291795017092454, 8.866034415394020485 ) ) ;
#3174 = EDGE_LOOP ( 'NONE', ( #4890, #3646, #5197 ) ) ;
#3175 = ADVANCED_FACE ( 'NONE', ( #2437 ), #5250, .F. ) ;
#3176 = CARTESIAN_POINT ( 'NONE',  ( -0.1570456199967035504, -18.46264444686208961, 4.100167105272724655 ) ) ;
#3177 = CARTESIAN_POINT ( 'NONE',  ( 0.3503304046528820659, -22.85829551605572618, 0.8729264845067370437 ) ) ;
#3178 = CARTESIAN_POINT ( 'NONE',  ( -0.06066215012660748640, -5.223600000000002019, 0.06066215012663156436 ) ) ;
#3179 = EDGE_CURVE ( 'NONE', #1706, #4550, #4673, .T. ) ;
#3180 = CARTESIAN_POINT ( 'NONE',  ( 3.677861117362378973, -5.223600000000002019, 1.430999999999975625 ) ) ;
#3181 = VERTEX_POINT ( 'NONE', #348 ) ;
#3182 = CARTESIAN_POINT ( 'NONE',  ( 1.011318274121702387, -20.97982419869783044, 0.8707411354740659526 ) ) ;
#3183 = DIRECTION ( 'NONE',  ( -1.224646799147353207E-16, 0.000000000000000000, -1.000000000000000000 ) ) ;
#3184 = CARTESIAN_POINT ( 'NONE',  ( 0.7854325586464787623, -19.72874595435261114, 2.182444917143715912 ) ) ;
#3185 = AXIS2_PLACEMENT_3D ( 'NONE', #4703, #720, #3990 ) ;
#3186 = CARTESIAN_POINT ( 'NONE',  ( -0.6731117271383859624, -22.61351841619929814, 0.7204297697170556347 ) ) ;
#3187 = DIRECTION ( 'NONE',  ( -0.8979455336411810151, 1.025356613541572895E-16, 0.4401065991482684958 ) ) ;
#3188 = CARTESIAN_POINT ( 'NONE',  ( 1.860578967929877425, -18.44377357827895736, 6.380329824453568222 ) ) ;
#3189 = FACE_OUTER_BOUND ( 'NONE', #3576, .T. ) ;
#3190 = CARTESIAN_POINT ( 'NONE',  ( -1.430999999999999162, -5.223600000000002019, 3.677861117362368759 ) ) ;
#3191 = EDGE_LOOP ( 'NONE', ( #1578, #908, #2096 ) ) ;
#3192 = CARTESIAN_POINT ( 'NONE',  ( -6.776263578034402713E-18, -10.22360000000000291, 9.635293592964444542 ) ) ;
#3193 = CARTESIAN_POINT ( 'NONE',  ( -3.047690569822656403, -5.479462967499518555, 8.990465808216892896 ) ) ;
#3194 = MECHANICAL_DESIGN_GEOMETRIC_PRESENTATION_REPRESENTATION (  '', ( #1637 ), #4891 ) ;
#3195 = CARTESIAN_POINT ( 'NONE',  ( -2.410691400914581450, -17.28819466862899645, 6.969908784860565198 ) ) ;
#3196 = ORIENTED_EDGE ( 'NONE', *, *, #3831, .F. ) ;
#3197 = CARTESIAN_POINT ( 'NONE',  ( 3.107981218872909235, -5.223600000000002019, 8.466281770813445462 ) ) ;
#3198 = ORIENTED_EDGE ( 'NONE', *, *, #2297, .T. ) ;
#3199 = CARTESIAN_POINT ( 'NONE',  ( -0.6257719860729369366, -10.22360000000000291, 8.879243775374515479 ) ) ;
#3200 = CARTESIAN_POINT ( 'NONE',  ( -0.5725662945326259745, -19.27472935974000734, 1.651892531724017399 ) ) ;
#3201 = B_SPLINE_CURVE_WITH_KNOTS ( 'NONE', 3,
 ( #2176, #1351, #4624, #4230, #3619, #4767 ),
 .UNSPECIFIED., .F., .F.,
 ( 4, 2, 4 ),
 ( -1.005094296077571337E-05, 0.0002267505692849941816, 0.0004635520815307640698 ),
 .UNSPECIFIED. ) ;
#3202 = AXIS2_PLACEMENT_3D ( 'NONE', #3239, #4864, #367 ) ;
#3203 = DIRECTION ( 'NONE',  ( 0.000000000000000000, 0.000000000000000000, 1.000000000000000000 ) ) ;
#3204 = CARTESIAN_POINT ( 'NONE',  ( 2.445209496697988705, -9.298078770705025420, -1.994618890296306901 ) ) ;
#3205 = B_SPLINE_CURVE_WITH_KNOTS ( 'NONE', 3,
 ( #3543, #647, #3111, #1071 ),
 .UNSPECIFIED., .F., .F.,
 ( 4, 4 ),
 ( 0.000000000000000000, 2.487243632379117263E-05 ),
 .UNSPECIFIED. ) ;
#3206 = VERTEX_POINT ( 'NONE', #53 ) ;
#3207 = VECTOR ( 'NONE', #2113, 1000.000000000000341 ) ;
#3208 = ADVANCED_FACE ( 'NONE', ( #2966 ), #3366, .F. ) ;
#3209 = LINE ( 'NONE', #2051, #2503 ) ;
#3210 = CARTESIAN_POINT ( 'NONE',  ( 0.5943318275050820665, -20.56370762598320212, 0.4136245140128582132 ) ) ;
#3211 = EDGE_CURVE ( 'NONE', #345, #566, #4647, .T. ) ;
#3212 = DIRECTION ( 'NONE',  ( 0.000000000000000000, 0.000000000000000000, 1.000000000000000000 ) ) ;
#3213 = CARTESIAN_POINT ( 'NONE',  ( -2.969875268067897256, -5.352638109070036343, 8.593785381419866809 ) ) ;
#3214 = CYLINDRICAL_SURFACE ( 'NONE', #1153, 0.2999999999999999334 ) ;
#3215 = DIRECTION ( 'NONE',  ( 3.525825464922861227E-12, -1.000000000000000000, 0.000000000000000000 ) ) ;
#3216 = AXIS2_PLACEMENT_3D ( 'NONE', #1092, #1956, #3592 ) ;
#3217 = EDGE_CURVE ( 'NONE', #242, #5000, #5074, .T. ) ;
#3218 = CARTESIAN_POINT ( 'NONE',  ( -1.186981297413047809, -21.18017555642924421, 0.006984067281170245126 ) ) ;
#3219 = DIRECTION ( 'NONE',  ( -0.000000000000000000, 1.000000000000000000, 0.000000000000000000 ) ) ;
#3220 = CIRCLE ( 'NONE', #815, 1.577190573871539936 ) ;
#3221 = VERTEX_POINT ( 'NONE', #928 ) ;
#3222 = EDGE_LOOP ( 'NONE', ( #4485, #2836, #755, #1891, #1921 ) ) ;
#3223 = CARTESIAN_POINT ( 'NONE',  ( -3.377024272365277913, -8.110156111587132344, 8.441774964187493069 ) ) ;
#3224 = CARTESIAN_POINT ( 'NONE',  ( 1.321313259014217396E-16, -20.29241098832034140, 0.8498342873605791992 ) ) ;
#3225 = CARTESIAN_POINT ( 'NONE',  ( -3.518605190946467509, -5.595121559998052163, 8.500000000000000000 ) ) ;
#3226 = ORIENTED_EDGE ( 'NONE', *, *, #3637, .F. ) ;
#3227 = CARTESIAN_POINT ( 'NONE',  ( 6.812502473916191015, -4.122781861947249382, -1.572790123191433409 ) ) ;
#3228 = VERTEX_POINT ( 'NONE', #4203 ) ;
#3229 = CARTESIAN_POINT ( 'NONE',  ( -0.6053456404444058636, -20.46071469325250192, 0.7154450696745189298 ) ) ;
#3230 = CARTESIAN_POINT ( 'NONE',  ( 2.563039658077366223, -5.223600000000002019, 8.824412863567095755 ) ) ;
#3231 = CARTESIAN_POINT ( 'NONE',  ( 3.409023183892271991, -5.292619052351132503, 1.045921680627271311 ) ) ;
#3232 = ORIENTED_EDGE ( 'NONE', *, *, #5123, .F. ) ;
#3233 = CARTESIAN_POINT ( 'NONE',  ( 0.06066215012660751416, -10.22360000000000291, -0.06066215012663156436 ) ) ;
#3234 = CARTESIAN_POINT ( 'NONE',  ( 4.067121672926921505, -6.447846686938363270, 11.17432495854112062 ) ) ;
#3235 = CARTESIAN_POINT ( 'NONE',  ( 0.6311287870812315459, -6.007024849792318655, 3.179614586540012944 ) ) ;
#3236 = EDGE_CURVE ( 'NONE', #2369, #3154, #39, .T. ) ;
#3237 = CARTESIAN_POINT ( 'NONE',  ( -3.156456160691334389, -5.619839603512395421, 8.801606386383086900 ) ) ;
#3238 = CARTESIAN_POINT ( 'NONE',  ( 2.412922908785366083, -18.43833633688418772, 5.874811482629451298 ) ) ;
#3239 = CARTESIAN_POINT ( 'NONE',  ( 0.000000000000000000, -10.73146821626741421, 0.000000000000000000 ) ) ;
#3240 = CARTESIAN_POINT ( 'NONE',  ( 3.179826021775935541, -5.998740736633152437, -0.6313863326425571687 ) ) ;
#3241 = ORIENTED_EDGE ( 'NONE', *, *, #2197, .F. ) ;
#3242 = ADVANCED_FACE ( 'NONE', ( #2117 ), #954, .T. ) ;
#3243 = CARTESIAN_POINT ( 'NONE',  ( 1.000000000000000000, -22.36226537227254951, 0.000000000000000000 ) ) ;
#3244 = CARTESIAN_POINT ( 'NONE',  ( -2.333521417961100131, -9.297947552893162992, 2.106095853357103476 ) ) ;
#3245 = CARTESIAN_POINT ( 'NONE',  ( -3.061904904794118476, -5.571993876117746325, 8.780272927595428101 ) ) ;
#3246 =( BOUNDED_CURVE ( )  B_SPLINE_CURVE ( 3, ( #902, #2986, #1641, #100 ),
 .UNSPECIFIED., .F., .F. ) 
 B_SPLINE_CURVE_WITH_KNOTS ( ( 4, 4 ),
 ( 1.570796326794896558, 3.141592653589793116 ),
 .UNSPECIFIED. ) 
 CURVE ( )  GEOMETRIC_REPRESENTATION_ITEM ( )  RATIONAL_B_SPLINE_CURVE ( ( 1.000000000000000000, 0.8047378541243649375, 0.8047378541243649375, 1.000000000000000000 ) ) 
 REPRESENTATION_ITEM ( '' )  );
#3247 = CARTESIAN_POINT ( 'NONE',  ( -4.019034538076888374, -8.223600000000001131, 8.200000000000001066 ) ) ;
#3248 = ORIENTED_EDGE ( 'NONE', *, *, #4674, .T. ) ;
#3249 = CARTESIAN_POINT ( 'NONE',  ( 2.928009775174904572, -5.223600000000002019, 8.326507188281100369 ) ) ;
#3250 = VERTEX_POINT ( 'NONE', #880 ) ;
#3251 = CARTESIAN_POINT ( 'NONE',  ( -0.07952583134292592892, -18.45609529949605587, 4.097219988958008763 ) ) ;
#3252 = CARTESIAN_POINT ( 'NONE',  ( -0.9002567347016785515, -21.65081208540033231, 0.8924022401613451727 ) ) ;
#3253 = ORIENTED_EDGE ( 'NONE', *, *, #2722, .F. ) ;
#3254 = CARTESIAN_POINT ( 'NONE',  ( 3.661429804399131793, -6.056705642941200729, 8.499999999999998224 ) ) ;
#3255 = ORIENTED_EDGE ( 'NONE', *, *, #91, .T. ) ;
#3256 = CARTESIAN_POINT ( 'NONE',  ( 0.000000000000000000, -6.023600000000001842, 1.430999999999975625 ) ) ;
#3257 = CARTESIAN_POINT ( 'NONE',  ( 0.7969893806391772362, -19.84236000551228329, 2.046870539580881942 ) ) ;
#3258 = CARTESIAN_POINT ( 'NONE',  ( 2.784111393472105789, -5.284586853223096625, 8.656301431719260364 ) ) ;
#3259 = CARTESIAN_POINT ( 'NONE',  ( 3.382942672251087135, -7.649840164992479430, 9.294558603319240220 ) ) ;
#3260 = TOROIDAL_SURFACE ( 'NONE', #429, 4.025122630638374943, 0.8000000000000000444 ) ;
#3261 = CARTESIAN_POINT ( 'NONE',  ( 2.289066810589256651, -18.62530153502935093, 5.840617887321353230 ) ) ;
#3262 = VECTOR ( 'NONE', #551, 1000.000000000000000 ) ;
#3263 = CARTESIAN_POINT ( 'NONE',  ( -3.723895980918514592, -8.203691828651123785, 8.314763789176714326 ) ) ;
#3264 = B_SPLINE_CURVE_WITH_KNOTS ( 'NONE', 3,
 ( #4393, #1931, #3594, #4844, #5214, #1540, #239, #3190 ),
 .UNSPECIFIED., .F., .F.,
 ( 4, 2, 2, 4 ),
 ( 0.000000000000000000, 0.0003503373570524108481, 0.0007006747141048216962, 0.001401349428209644043 ),
 .UNSPECIFIED. ) ;
#3265 = CARTESIAN_POINT ( 'NONE',  ( 0.000000000000000000, -10.73146821626741421, 3.094767902613028809 ) ) ;
#3266 = ORIENTED_EDGE ( 'NONE', *, *, #4743, .F. ) ;
#3267 = CARTESIAN_POINT ( 'NONE',  ( 0.02483617544653973427, -10.22360000000000291, 8.735293592964444187 ) ) ;
#3268 = ADVANCED_FACE ( 'NONE', ( #3371 ), #4310, .F. ) ;
#3269 = CARTESIAN_POINT ( 'NONE',  ( -0.6309999999999992282, -8.851919802072245602, 3.089420301609806074 ) ) ;
#3270 = CARTESIAN_POINT ( 'NONE',  ( -3.149927830352286851, -5.665646474896930407, 8.865081096973403518 ) ) ;
#3271 = CARTESIAN_POINT ( 'NONE',  ( 1.140091606783117273, -21.16756636581666839, 0.2925779943336176414 ) ) ;
#3272 = B_SPLINE_SURFACE_WITH_KNOTS ( 'NONE', 3, 3, ( 
 ( #567, #3840, #3895, #1447 ),
 ( #3439, #1049, #5062, #225 ),
 ( #2690, #4325, #655, #2859 ),
 ( #2511, #1620, #4445, #4071 ),
 ( #2408, #1596, #4095, #4498 ),
 ( #4892, #4868, #370, #3745 ),
 ( #4521, #852, #1644, #4469 ),
 ( #399, #2036, #1273, #1220 ),
 ( #2908, #1196, #4124, #448 ),
 ( #2088, #5267, #2115, #3717 ),
 ( #3243, #74, #2485, #4544 ),
 ( #3341, #3316, #827, #4939 ),
 ( #2832, #774, #2460, #2014 ),
 ( #4043, #4149, #878, #799 ),
 ( #1247, #51, #1671, #3647 ),
 ( #474, #1694, #2435, #3694 ),
 ( #422, #3670, #4, #3267 ),
 ( #2063, #29, #4964, #1299 ) ),
 .UNSPECIFIED., .T., .F., .F.,
 ( 4, 1, 1, 1, 1, 2, 2, 2, 1, 1, 1, 1, 4 ),
 ( 4, 4 ),
 ( 0.000000000000000000, 0.01249999999999995559, 0.02499999999999991118, 0.03750000000000008882, 0.05000000000000004441, 0.2500000000000000000, 0.5000000000000000000, 0.7500000000000000000, 0.9499999999999999556, 0.9625000000000000222, 0.9749999999999999778, 0.9875000000000000444, 1.000000000000000000 ),
 ( 0.000000000000000000, 1.000000000000000000 ),
 .UNSPECIFIED. ) ;
#3273 = EDGE_LOOP ( 'NONE', ( #4234, #3723, #1607, #3003, #2565 ) ) ;
#3274 = CARTESIAN_POINT ( 'NONE',  ( 3.295054550990926590, -5.463677094722746652, 8.510240734106712779 ) ) ;
#3275 = ORIENTED_EDGE ( 'NONE', *, *, #1431, .F. ) ;
#3276 = CARTESIAN_POINT ( 'NONE',  ( -0.7495242646719501023, -19.99879134539521885, 1.750633187256243062 ) ) ;
#3277 = CIRCLE ( 'NONE', #4552, 0.2550000000000000044 ) ;
#3278 = DIRECTION ( 'NONE',  ( 0.000000000000000000, 0.000000000000000000, 1.000000000000000000 ) ) ;
#3279 = DIRECTION ( 'NONE',  ( 0.000000000000000000, 0.000000000000000000, -1.000000000000000000 ) ) ;
#3280 = DIRECTION ( 'NONE',  ( 0.000000000000000000, 0.000000000000000000, 1.000000000000000000 ) ) ;
#3281 = CIRCLE ( 'NONE', #2346, 3.094767902613028809 ) ;
#3282 = VERTEX_POINT ( 'NONE', #76 ) ;
#3283 = CARTESIAN_POINT ( 'NONE',  ( -3.661429804399110921, -6.056705642941200729, 8.800000000000000711 ) ) ;
#3284 = DIRECTION ( 'NONE',  ( -0.7846290744445750809, 0.6199654954400684037, -0.000000000000000000 ) ) ;
#3285 = CARTESIAN_POINT ( 'NONE',  ( -2.504307510676710979, -5.223600000000002019, 8.652736640448928540 ) ) ;
#3286 = CARTESIAN_POINT ( 'NONE',  ( 3.164725615851486484, -12.31638392389543846, 8.695012168321479606 ) ) ;
#3287 = TOROIDAL_SURFACE ( 'NONE', #1564, 4.041517772942823328, 0.8000000000000000444 ) ;
#3288 = DIRECTION ( 'NONE',  ( 0.3420201433256694901, -0.000000000000000000, -0.9396926207859082059 ) ) ;
#3289 = CARTESIAN_POINT ( 'NONE',  ( 3.269502586385144571, -5.676300618908252105, 9.208484537538998538 ) ) ;
#3290 = CARTESIAN_POINT ( 'NONE',  ( -8.932973442006332674E-16, -6.023600000000001842, -1.431000000000022032 ) ) ;
#3291 = FACE_OUTER_BOUND ( 'NONE', #840, .T. ) ;
#3292 = CARTESIAN_POINT ( 'NONE',  ( -3.632645409068672393, -8.489810775642942176, 8.083961918616457965 ) ) ;
#3293 = DIRECTION ( 'NONE',  ( 0.9857276399553254187, 1.283772003744544817E-15, -0.1683479130494478226 ) ) ;
#3294 = PLANE ( 'NONE',  #769 ) ;
#3295 = CIRCLE ( 'NONE', #4154, 0.6760719760784638099 ) ;
#3296 = ADVANCED_FACE ( 'NONE', ( #4152 ), #3747, .T. ) ;
#3297 = ORIENTED_EDGE ( 'NONE', *, *, #5142, .F. ) ;
#3298 = CARTESIAN_POINT ( 'NONE',  ( 2.185696292628513601E-15, -7.923600000000001309, 8.500000000000000000 ) ) ;
#3299 = ORIENTED_EDGE ( 'NONE', *, *, #2123, .T. ) ;
#3300 = AXIS2_PLACEMENT_3D ( 'NONE', #1338, #4189, #2157 ) ;
#3301 = CARTESIAN_POINT ( 'NONE',  ( 1.643243917673342658E-16, -20.81035036234944613, 0.000000000000000000 ) ) ;
#3302 = CARTESIAN_POINT ( 'NONE',  ( -1.111949604797523250, -21.14962541693592257, 0.3815836912387250979 ) ) ;
#3303 = DIRECTION ( 'NONE',  ( -1.000000000000000000, 0.000000000000000000, -9.423982899561738482E-16 ) ) ;
#3304 = B_SPLINE_CURVE_WITH_KNOTS ( 'NONE', 3,
 ( #1011, #1815, #3161, #3454 ),
 .UNSPECIFIED., .F., .F.,
 ( 4, 4 ),
 ( 0.000000000000000000, 3.310650968058753436E-05 ),
 .UNSPECIFIED. ) ;
#3305 = ORIENTED_EDGE ( 'NONE', *, *, #2005, .T. ) ;
#3306 = ORIENTED_EDGE ( 'NONE', *, *, #4475, .T. ) ;
#3307 = ADVANCED_FACE ( 'NONE', ( #3801, #1249, #1697 ), #2941, .F. ) ;
#3308 = CARTESIAN_POINT ( 'NONE',  ( 3.335556195759401543, -5.775279348949429625, 9.272410165360712497 ) ) ;
#3309 = DIRECTION ( 'NONE',  ( 0.000000000000000000, 0.000000000000000000, -1.000000000000000000 ) ) ;
#3310 = CARTESIAN_POINT ( 'NONE',  ( 0.000000000000000000, -18.61166130683499986, 0.000000000000000000 ) ) ;
#3311 = CARTESIAN_POINT ( 'NONE',  ( 3.044919185486421931, -13.84995503586287313, 8.365846706188003523 ) ) ;
#3312 = CARTESIAN_POINT ( 'NONE',  ( -11.24999999999999822, -8.223600000000001131, 8.200000000000001066 ) ) ;
#3313 = CARTESIAN_POINT ( 'NONE',  ( 0.000000000000000000, -13.46581578397376511, 0.000000000000000000 ) ) ;
#3314 = DIRECTION ( 'NONE',  ( -1.000000000000000000, 0.000000000000000000, 0.000000000000000000 ) ) ;
#3315 = EDGE_CURVE ( 'NONE', #1825, #311, #134, .T. ) ;
#3316 = CARTESIAN_POINT ( 'NONE',  ( 0.9666666666666666741, -18.82691367757014689, 4.264088259091348476 ) ) ;
#3317 = CARTESIAN_POINT ( 'NONE',  ( -3.828495384219429365, -10.17459025264197336, 10.51870461862910311 ) ) ;
#3318 = CARTESIAN_POINT ( 'NONE',  ( -6.776263578034402713E-18, -5.223600000000002019, 9.635293592964444542 ) ) ;
#3319 = CIRCLE ( 'NONE', #3155, 1.792363797108475598 ) ;
#3320 = CARTESIAN_POINT ( 'NONE',  ( -3.333741034369803735, -9.216328201865149339, 9.159378214240311067 ) ) ;
#3321 = VERTEX_POINT ( 'NONE', #555 ) ;
#3322 = DIRECTION ( 'NONE',  ( 0.000000000000000000, 0.000000000000000000, 1.000000000000000000 ) ) ;
#3323 = VERTEX_POINT ( 'NONE', #2092 ) ;
#3324 = CARTESIAN_POINT ( 'NONE',  ( -10.94999999999999751, -5.223600000000002019, 8.200000000000001066 ) ) ;
#3325 = CARTESIAN_POINT ( 'NONE',  ( 1.684878733431461884, -18.68247518131463636, 6.265644897552189008 ) ) ;
#3326 = CARTESIAN_POINT ( 'NONE',  ( -11.02805480966385865, -8.223600000000001131, 0.01311323393780364048 ) ) ;
#3327 = EDGE_LOOP ( 'NONE', ( #4130, #5082, #2387 ) ) ;
#3328 = CARTESIAN_POINT ( 'NONE',  ( 2.747444821913213264, -13.62695591137176621, 7.548542609409984117 ) ) ;
#3329 = ORIENTED_EDGE ( 'NONE', *, *, #3475, .T. ) ;
#3330 = DIRECTION ( 'NONE',  ( 0.000000000000000000, 1.000000000000000000, 0.000000000000000000 ) ) ;
#3331 = DIRECTION ( 'NONE',  ( -1.000000000000000000, -0.000000000000000000, -0.000000000000000000 ) ) ;
#3332 = EDGE_CURVE ( 'NONE', #975, #4259, #1416, .T. ) ;
#3333 = CARTESIAN_POINT ( 'NONE',  ( -3.396543002201438455, -6.061773215555091632, 12.50003054011985704 ) ) ;
#3334 = EDGE_CURVE ( 'NONE', #890, #5031, #4571, .T. ) ;
#3335 = CARTESIAN_POINT ( 'NONE',  ( -3.372767536383866283, -6.023600000000001842, 8.719156112495678457 ) ) ;
#3336 = AXIS2_PLACEMENT_3D ( 'NONE', #2620, #4256, #3453 ) ;
#3337 = DIRECTION ( 'NONE',  ( 0.000000000000000000, 0.8613943639229734162, 0.5079367576792765959 ) ) ;
#3338 = FACE_OUTER_BOUND ( 'NONE', #2543, .T. ) ;
#3339 = AXIS2_PLACEMENT_3D ( 'NONE', #909, #1730, #4999 ) ;
#3340 = CARTESIAN_POINT ( 'NONE',  ( 0.000000000000000000, -5.223600000000002019, 0.000000000000000000 ) ) ;
#3341 = CARTESIAN_POINT ( 'NONE',  ( 1.000000000000000444, -21.36881835441096555, 0.000000000000000000 ) ) ;
#3342 = CARTESIAN_POINT ( 'NONE',  ( -3.437092673130521359, -12.88939280099344131, 9.443334507999010086 ) ) ;
#3343 = DIRECTION ( 'NONE',  ( -0.1683479130494478226, 0.000000000000000000, -0.9857276399553254187 ) ) ;
#3344 = FACE_OUTER_BOUND ( 'NONE', #915, .T. ) ;
#3345 = AXIS2_PLACEMENT_3D ( 'NONE', #4443, #2907, #1245 ) ;
#3346 = ORIENTED_EDGE ( 'NONE', *, *, #4054, .T. ) ;
#3347 = CARTESIAN_POINT ( 'NONE',  ( 0.000000000000000000, -12.20178778921884266, 0.000000000000000000 ) ) ;
#3348 = VERTEX_POINT ( 'NONE', #2204 ) ;
#3349 = CARTESIAN_POINT ( 'NONE',  ( 1.205623204703042406, -20.60352363274786214, 0.3418141164584104774 ) ) ;
#3350 = CARTESIAN_POINT ( 'NONE',  ( 0.6309999999999998943, -8.851919802070733923, -3.089420301609853592 ) ) ;
#3351 = CARTESIAN_POINT ( 'NONE',  ( 0.2614346877717026452, -20.60120253118518718, 0.0004566618740254739820 ) ) ;
#3352 = ORIENTED_EDGE ( 'NONE', *, *, #4019, .F. ) ;
#3353 = CARTESIAN_POINT ( 'NONE',  ( 1.109567248683040797, -21.16060833433267874, 0.3837745045682265932 ) ) ;
#3354 = ORIENTED_EDGE ( 'NONE', *, *, #2974, .T. ) ;
#3355 = DIRECTION ( 'NONE',  ( -0.000000000000000000, -1.000000000000000000, -0.000000000000000000 ) ) ;
#3356 = CARTESIAN_POINT ( 'NONE',  ( 0.9391351128696608930, -20.49242996907615222, 0.9951882010112285126 ) ) ;
#3357 = CARTESIAN_POINT ( 'NONE',  ( -3.372767536383864950, -6.023600000000001842, 8.719156112495678457 ) ) ;
#3358 = VECTOR ( 'NONE', #1203, 1000.000000000000227 ) ;
#3359 = CARTESIAN_POINT ( 'NONE',  ( -3.240752534748796876, -5.223600000000002908, 11.71429925266489747 ) ) ;
#3360 = ORIENTED_EDGE ( 'NONE', *, *, #4601, .F. ) ;
#3361 = EDGE_CURVE ( 'NONE', #2351, #3206, #2933, .T. ) ;
#3362 = DIRECTION ( 'NONE',  ( 0.2249510543438620613, 0.000000000000000000, 0.9743700647852359120 ) ) ;
#3363 = CARTESIAN_POINT ( 'NONE',  ( 3.677861117362404286, -5.223600000000002019, -1.431000000000024253 ) ) ;
#3364 = PLANE ( 'NONE',  #3368 ) ;
#3365 = DIRECTION ( 'NONE',  ( 0.000000000000000000, 0.000000000000000000, 1.000000000000000000 ) ) ;
#3366 = TOROIDAL_SURFACE ( 'NONE', #1645, 0.6760719760784638099, 0.5000000000000000000 ) ;
#3367 = DIRECTION ( 'NONE',  ( -1.776356839400250465E-15, 0.000000000000000000, 1.000000000000000000 ) ) ;
#3368 = AXIS2_PLACEMENT_3D ( 'NONE', #1297, #2905, #2931 ) ;
#3369 = ADVANCED_FACE ( 'NONE', ( #3827 ), #2773, .T. ) ;
#3370 = CARTESIAN_POINT ( 'NONE',  ( -3.672600639771476772, -8.181770267833156751, 8.358568374585425786 ) ) ;
#3371 = FACE_OUTER_BOUND ( 'NONE', #4451, .T. ) ;
#3372 = CYLINDRICAL_SURFACE ( 'NONE', #3336, 0.8000000000000000444 ) ;
#3373 = ORIENTED_EDGE ( 'NONE', *, *, #1901, .T. ) ;
#3374 = LINE ( 'NONE', #4527, #1280 ) ;
#3375 = ORIENTED_EDGE ( 'NONE', *, *, #1522, .T. ) ;
#3376 = CARTESIAN_POINT ( 'NONE',  ( 0.07952583134292616485, -18.45609529949605587, 4.097219988958008763 ) ) ;
#3377 = AXIS2_PLACEMENT_3D ( 'NONE', #4856, #2820, #4406 ) ;
#3378 = AXIS2_PLACEMENT_3D ( 'NONE', #4936, #3688, #3215 ) ;
#3379 = CARTESIAN_POINT ( 'NONE',  ( -3.284537052107164623, -5.573446981992633553, 0.7607477118260381754 ) ) ;
#3380 = CARTESIAN_POINT ( 'NONE',  ( 3.433709647556956401, -6.053411787816525447, 8.500000000000000000 ) ) ;
#3381 = ORIENTED_EDGE ( 'NONE', *, *, #2674, .T. ) ;
#3382 =( BOUNDED_SURFACE ( )  B_SPLINE_SURFACE ( 3, 2, ( 
 ( #102, #3849, #927 ),
 ( #2174, #4228, #3046 ),
 ( #554, #4281, #2590 ),
 ( #4254, #2539, #4176 ) ),
 .UNSPECIFIED., .F., .F., .F. ) 
 B_SPLINE_SURFACE_WITH_KNOTS ( ( 4, 4 ),
 ( 3, 3 ),
 ( 0.000000000000000000, 4.322722946348520496E-05 ),
 ( 0.000000000000000000, 1.000000000000000000 ),
 .UNSPECIFIED. ) 
 GEOMETRIC_REPRESENTATION_ITEM ( )  RATIONAL_B_SPLINE_SURFACE ( (
 ( 1.000000000000000000, 0.7399665075371030243, 1.000000000000000000),
 ( 1.000000000000000000, 0.7431584770514265692, 1.000000000000000000),
 ( 1.000000000000000000, 0.7463196069013086076, 1.000000000000000000),
 ( 1.000000000000000000, 0.7494509269400165818, 1.000000000000000000) ) ) 
 REPRESENTATION_ITEM ( '' )  SURFACE ( )  );
#3383 = CARTESIAN_POINT ( 'NONE',  ( 3.350422620616897440, -5.223600000000002019, 8.200000000000267519 ) ) ;
#3384 = ORIENTED_EDGE ( 'NONE', *, *, #3150, .T. ) ;
#3385 = AXIS2_PLACEMENT_3D ( 'NONE', #3085, #2657, #2737 ) ;
#3386 = DIRECTION ( 'NONE',  ( 0.000000000000000000, 0.000000000000000000, 1.000000000000000000 ) ) ;
#3387 = CARTESIAN_POINT ( 'NONE',  ( 1.044869391424282590, -21.65637636665267252, 0.3610694063997458847 ) ) ;
#3388 = CARTESIAN_POINT ( 'NONE',  ( 3.632450455028858549, -8.489690110835059755, 8.084324616646755501 ) ) ;
#3389 = VERTEX_POINT ( 'NONE', #2910 ) ;
#3390 = CARTESIAN_POINT ( 'NONE',  ( -1.746425629107295929, -15.69496271135054855, -0.4031941259273195688 ) ) ;
#3391 = ADVANCED_FACE ( 'NONE', ( #3771 ), #3018, .T. ) ;
#3392 = CARTESIAN_POINT ( 'NONE',  ( 2.560275573633973956, -16.55573026096003275, 6.622473962295242877 ) ) ;
#3393 = CARTESIAN_POINT ( 'NONE',  ( -6.776263578034402713E-18, -6.023600000000001842, 9.635293592964444542 ) ) ;
#3394 = CARTESIAN_POINT ( 'NONE',  ( -2.870044400015847597, -5.313436247394541567, 8.626680637641509719 ) ) ;
#3395 = DIRECTION ( 'NONE',  ( -0.9505833727517981613, 0.000000000000000000, 0.3104694050108900982 ) ) ;
#3396 = CARTESIAN_POINT ( 'NONE',  ( -3.372678321716198635, -6.042886250881423393, 8.719225070503215491 ) ) ;
#3397 = CARTESIAN_POINT ( 'NONE',  ( 3.779696404344241589, -5.223600000000002019, 1.430999999999975625 ) ) ;
#3398 = ADVANCED_FACE ( 'NONE', ( #4650 ), #3788, .F. ) ;
#3399 = CARTESIAN_POINT ( 'NONE',  ( -3.084692767448725004, -10.98549800196764714, 11.64837859463279202 ) ) ;
#3400 = ORIENTED_EDGE ( 'NONE', *, *, #4956, .F. ) ;
#3401 = AXIS2_PLACEMENT_3D ( 'NONE', #1257, #2447, #1705 ) ;
#3402 = EDGE_CURVE ( 'NONE', #2517, #275, #3012, .T. ) ;
#3403 = CARTESIAN_POINT ( 'NONE',  ( 4.085232793243722682, -6.048352229588950912, 11.87376759857481545 ) ) ;
#3404 = EDGE_LOOP ( 'NONE', ( #3253, #4757, #3505, #4093 ) ) ;
#3405 = CARTESIAN_POINT ( 'NONE',  ( 2.108554070535742236E-15, -5.523600000000001842, 8.200000000000001066 ) ) ;
#3406 = FACE_OUTER_BOUND ( 'NONE', #1219, .T. ) ;
#3407 = B_SPLINE_CURVE_WITH_KNOTS ( 'NONE', 3,
 ( #4334, #2327, #1924, #5100 ),
 .UNSPECIFIED., .F., .F.,
 ( 4, 4 ),
 ( 1.822266169262295308E-17, 2.487243632377347642E-05 ),
 .UNSPECIFIED. ) ;
#3408 = CARTESIAN_POINT ( 'NONE',  ( -1.539659805695639871, -18.83203425643011997, 6.198022327011607047 ) ) ;
#3409 = VERTEX_POINT ( 'NONE', #2257 ) ;
#3410 = CARTESIAN_POINT ( 'NONE',  ( -3.089420301609830055, -10.22360000000000291, 0.6309999999999769127 ) ) ;
#3411 = EDGE_LOOP ( 'NONE', ( #2809, #1885, #2128, #3854, #1850 ) ) ;
#3412 = CARTESIAN_POINT ( 'NONE',  ( 0.8551720256146438937, -19.61468114362996218, 2.460010190424692045 ) ) ;
#3413 = CARTESIAN_POINT ( 'NONE',  ( 0.9918152550809796741, -21.59346493180683524, 0.5410954837413903817 ) ) ;
#3414 =( BOUNDED_SURFACE ( )  B_SPLINE_SURFACE ( 3, 2, ( 
 ( #464, #1289, #4192 ),
 ( #2921, #1312, #4558 ),
 ( #2217, #492, #4610 ),
 ( #1741, #2190, #2134 ),
 ( #1799, #539, #1771 ),
 ( #3760, #4585, #2578 ),
 ( #2159, #3786, #5008 ),
 ( #4637, #2978, #172 ),
 ( #942, #4215, #3816 ),
 ( #3412, #147, #5032 ),
 ( #1366, #3005, #968 ),
 ( #2604, #4244, #568 ) ),
 .UNSPECIFIED., .F., .F., .F. ) 
 B_SPLINE_SURFACE_WITH_KNOTS ( ( 4, 2, 2, 2, 2, 4 ),
 ( 3, 3 ),
 ( 0.000000000000000000, 0.0004157834552931543334, 0.0008315669105863086668, 0.001663133821172617334, 0.002494700731758925892, 0.003326267642345234667 ),
 ( 0.000000000000000000, 1.000000000000000000 ),
 .UNSPECIFIED. ) 
 GEOMETRIC_REPRESENTATION_ITEM ( )  RATIONAL_B_SPLINE_SURFACE ( (
 ( 1.000000000000000000, 0.6614944293722162527, 1.000000000000000000),
 ( 1.000000000000000000, 0.6708824556192589661, 1.000000000000000000),
 ( 1.000000000000000000, 0.6863361971477817125, 1.000000000000000000),
 ( 1.000000000000000000, 0.7250392381701202815, 1.000000000000000000),
 ( 1.000000000000000000, 0.7482485341681706092, 1.000000000000000000),
 ( 1.000000000000000000, 0.8179287349657196060, 1.000000000000000000),
 ( 1.000000000000000000, 0.8632329144507880914, 1.000000000000000000),
 ( 1.000000000000000000, 0.9326899916128382761, 1.000000000000000000),
 ( 1.000000000000000000, 0.9581747518723284784, 1.000000000000000000),
 ( 1.000000000000000000, 0.9917836660565069185, 1.000000000000000000),
 ( 1.000000000000000000, 0.9999678053810192591, 1.000000000000000000),
 ( 1.000000000000000000, 1.000000000000000000, 1.000000000000000000) ) ) 
 REPRESENTATION_ITEM ( '' )  SURFACE ( )  );
#3415 = CARTESIAN_POINT ( 'NONE',  ( 3.182814594191723412, -5.881647329906633637, -0.6350266604097849488 ) ) ;
#3416 = CARTESIAN_POINT ( 'NONE',  ( -3.322407740230508111, -5.223600000000002019, 11.46728376463502386 ) ) ;
#3417 = ORIENTED_EDGE ( 'NONE', *, *, #2197, .T. ) ;
#3418 = CARTESIAN_POINT ( 'NONE',  ( 0.000000000000000000, 0.000000000000000000, 0.000000000000000000 ) ) ;
#3419 = CARTESIAN_POINT ( 'NONE',  ( 3.235894956463999605, -5.500825705633542562, -0.8167023102609317631 ) ) ;
#3420 = CARTESIAN_POINT ( 'NONE',  ( 0.6581264008867968585, -20.61166130683468012, -0.1167502176913135098 ) ) ;
#3421 = CARTESIAN_POINT ( 'NONE',  ( -4.074161836859236274, -5.223600000000001131, 11.19366764997448804 ) ) ;
#3422 = CIRCLE ( 'NONE', #1450, 0.9999999999999994449 ) ;
#3423 = CARTESIAN_POINT ( 'NONE',  ( -1.601571466672076616, -9.216779085105265779, -2.707413897477304321 ) ) ;
#3424 = CARTESIAN_POINT ( 'NONE',  ( -1.044249981478517109, -19.08051392770499177, 6.114397565854524430 ) ) ;
#3425 = DIRECTION ( 'NONE',  ( 0.1683479130494447418, 0.000000000000000000, -0.9857276399553259738 ) ) ;
#3426 = CARTESIAN_POINT ( 'NONE',  ( -3.239262421448023677, -13.91394638146938334, 8.899800358616325013 ) ) ;
#3427 = EDGE_LOOP ( 'NONE', ( #4242, #1747, #3588, #3275 ) ) ;
#3428 = VERTEX_POINT ( 'NONE', #1462 ) ;
#3429 = EDGE_CURVE ( 'NONE', #430, #2735, #1395, .T. ) ;
#3430 = LINE ( 'NONE', #165, #447 ) ;
#3431 = EDGE_CURVE ( 'NONE', #2094, #4626, #4426, .T. ) ;
#3432 = ADVANCED_FACE ( 'NONE', ( #4311 ), #4308, .F. ) ;
#3433 = DIRECTION ( 'NONE',  ( -0.000000000000000000, -1.000000000000000000, -0.000000000000000000 ) ) ;
#3434 = AXIS2_PLACEMENT_3D ( 'NONE', #2879, #441, #3615 ) ;
#3435 = CARTESIAN_POINT ( 'NONE',  ( 0.7512100183545719068, -5.587423875816960539, 3.184868220231999558 ) ) ;
#3436 = ORIENTED_EDGE ( 'NONE', *, *, #680, .T. ) ;
#3437 = CYLINDRICAL_SURFACE ( 'NONE', #3727, 0.2999999999999999334 ) ;
#3438 = ORIENTED_EDGE ( 'NONE', *, *, #190, .F. ) ;
#3439 = CARTESIAN_POINT ( 'NONE',  ( -0.02759575049615474798, -20.81035036234944613, 0.000000000000000000 ) ) ;
#3440 = ADVANCED_FACE ( 'NONE', ( #1615 ), #2685, .T. ) ;
#3441 = FACE_OUTER_BOUND ( 'NONE', #4608, .T. ) ;
#3442 = CARTESIAN_POINT ( 'NONE',  ( 0.9576234026248672260, -22.03565911132844590, 0.4384418737300479485 ) ) ;
#3443 = DIRECTION ( 'NONE',  ( -0.000000000000000000, 1.000000000000000000, -0.000000000000000000 ) ) ;
#3444 = DIRECTION ( 'NONE',  ( -0.000000000000000000, -1.000000000000000000, -0.000000000000000000 ) ) ;
#3445 = ORIENTED_EDGE ( 'NONE', *, *, #4150, .F. ) ;
#3446 = CARTESIAN_POINT ( 'NONE',  ( 1.857196792447746825, -18.34354728264934664, 5.102606250733646043 ) ) ;
#3447 = CIRCLE ( 'NONE', #876, 4.041517772942823328 ) ;
#3448 = CARTESIAN_POINT ( 'NONE',  ( 3.184868220232023095, -5.587423875816959651, -0.7512100183545952214 ) ) ;
#3449 = CARTESIAN_POINT ( 'NONE',  ( -0.2162777725882761015, -20.61166130682406461, 0.3780369382587328020 ) ) ;
#3450 = CARTESIAN_POINT ( 'NONE',  ( -4.109718972182282215, -5.223599999999989585, 11.88187104171969111 ) ) ;
#3451 = AXIS2_PLACEMENT_3D ( 'NONE', #3770, #2461, #475 ) ;
#3452 = DIRECTION ( 'NONE',  ( 0.000000000000000000, 0.000000000000000000, -1.000000000000000000 ) ) ;
#3453 = DIRECTION ( 'NONE',  ( -1.000000000000000000, 0.000000000000000000, 6.242469211744370837E-16 ) ) ;
#3454 = CARTESIAN_POINT ( 'NONE',  ( 3.661429804399131793, -6.056705642941200729, 8.499999999999998224 ) ) ;
#3455 = ORIENTED_EDGE ( 'NONE', *, *, #2613, .F. ) ;
#3456 = CARTESIAN_POINT ( 'NONE',  ( 0.000000000000000000, 0.000000000000000000, 0.000000000000000000 ) ) ;
#3457 = ORIENTED_EDGE ( 'NONE', *, *, #5103, .T. ) ;
#3458 = CIRCLE ( 'NONE', #2509, 0.8999999999999998002 ) ;
#3459 = DIRECTION ( 'NONE',  ( -0.000000000000000000, 1.000000000000000000, -0.000000000000000000 ) ) ;
#3460 = CARTESIAN_POINT ( 'NONE',  ( 4.152062214102391735, -5.223600000000002019, 11.46166178333874441 ) ) ;
#3461 = DIRECTION ( 'NONE',  ( 2.040851148208007998E-16, 0.000000000000000000, 1.000000000000000000 ) ) ;
#3462 = EDGE_CURVE ( 'NONE', #807, #3654, #5264, .T. ) ;
#3463 = VERTEX_POINT ( 'NONE', #1957 ) ;
#3464 = CARTESIAN_POINT ( 'NONE',  ( -1.430999999999999828, -5.223600000000002019, -3.677861117362425158 ) ) ;
#3465 = ORIENTED_EDGE ( 'NONE', *, *, #2333, .T. ) ;
#3466 = DIRECTION ( 'NONE',  ( 0.000000000000000000, 0.000000000000000000, 1.000000000000000000 ) ) ;
#3467 = VECTOR ( 'NONE', #1106, 1000.000000000000227 ) ;
#3468 = CARTESIAN_POINT ( 'NONE',  ( 0.2010784491917345096, -20.26556142579698516, 0.9203626165287429606 ) ) ;
#3469 = CARTESIAN_POINT ( 'NONE',  ( -0.4147458978629046666, -22.09414174686536114, 0.9729131631704265315 ) ) ;
#3470 = CARTESIAN_POINT ( 'NONE',  ( -0.3768717046047188601, -21.62243568100440783, 1.610512137041503422 ) ) ;
#3471 = VECTOR ( 'NONE', #2594, 1000.000000000000341 ) ;
#3472 = EDGE_CURVE ( 'NONE', #2650, #2610, #4139, .T. ) ;
#3473 = CARTESIAN_POINT ( 'NONE',  ( 0.000000000000000000, -5.998740736633151549, 0.000000000000000000 ) ) ;
#3474 = ORIENTED_EDGE ( 'NONE', *, *, #1733, .F. ) ;
#3475 = EDGE_CURVE ( 'NONE', #5116, #5229, #4734, .T. ) ;
#3476 = CARTESIAN_POINT ( 'NONE',  ( 3.397954478126269606, -5.971228301685178153, 12.50388666130147897 ) ) ;
#3477 = CARTESIAN_POINT ( 'NONE',  ( 0.000000000000000000, -15.00555694826952369, 0.000000000000000000 ) ) ;
#3478 = CARTESIAN_POINT ( 'NONE',  ( -2.834791727495772129, -5.223600000000002019, 8.387570762839734684 ) ) ;
#3479 = CARTESIAN_POINT ( 'NONE',  ( -1.484385542780479739, -20.61166130683501052, 0.4169729905750564902 ) ) ;
#3480 = CARTESIAN_POINT ( 'NONE',  ( -3.655500738235257785, -6.061549135176968583, 12.39945670722235604 ) ) ;
#3481 = LINE ( 'NONE', #608, #4236 ) ;
#3482 = ADVANCED_FACE ( 'NONE', ( #2754 ), #4819, .T. ) ;
#3483 = CARTESIAN_POINT ( 'NONE',  ( 3.434094362407299261, -6.023600000000002730, 8.499999999999996447 ) ) ;
#3484 = CARTESIAN_POINT ( 'NONE',  ( 2.014136922770156253E-16, -6.023600000000001842, 11.33529359296444383 ) ) ;
#3485 = EDGE_CURVE ( 'NONE', #3145, #3321, #2007, .T. ) ;
#3486 = B_SPLINE_CURVE_WITH_KNOTS ( 'NONE', 3,
 ( #316, #1535, #5102, #4731, #1954, #3909, #3186, #3133, #2727, #236, #1435, #2672 ),
 .UNSPECIFIED., .F., .F.,
 ( 4, 2, 2, 2, 2, 4 ),
 ( 0.0005584453713250805713, 0.001160460981021492434, 0.001762476590717904296, 0.002364492200414316375, 0.002665500005262521656, 0.002966507810110727804 ),
 .UNSPECIFIED. ) ;
#3487 = EDGE_LOOP ( 'NONE', ( #2363, #538, #139, #2731, #939, #992 ) ) ;
#3488 = CARTESIAN_POINT ( 'NONE',  ( 3.361845866390821946, -6.672041017257577700, 8.725431145195258864 ) ) ;
#3489 = ORIENTED_EDGE ( 'NONE', *, *, #3699, .F. ) ;
#3490 = DIRECTION ( 'NONE',  ( -0.000000000000000000, -1.000000000000000000, -0.000000000000000000 ) ) ;
#3491 = CARTESIAN_POINT ( 'NONE',  ( -10.94999999999999751, -8.223600000000001131, 8.200000000000001066 ) ) ;
#3492 = FACE_OUTER_BOUND ( 'NONE', #3706, .T. ) ;
#3493 = ORIENTED_EDGE ( 'NONE', *, *, #1562, .F. ) ;
#3494 = CARTESIAN_POINT ( 'NONE',  ( 2.185696292628513601E-15, -5.523600000000001842, 8.500000000000000000 ) ) ;
#3495 = EDGE_LOOP ( 'NONE', ( #1339, #605, #1740, #3474 ) ) ;
#3496 = CARTESIAN_POINT ( 'NONE',  ( 0.000000000000000000, -110.2766025877275382, 0.000000000000000000 ) ) ;
#3497 = CARTESIAN_POINT ( 'NONE',  ( 0.9222343261817724791, -21.64265371073341981, 0.8298403236641933578 ) ) ;
#3498 = CARTESIAN_POINT ( 'NONE',  ( 0.4657712568052492230, -21.62400191479760991, 1.549672476219103423 ) ) ;
#3499 = CIRCLE ( 'NONE', #672, 0.2549999999999996714 ) ;
#3500 = CARTESIAN_POINT ( 'NONE',  ( -0.09845851591647697409, -21.62119274992386408, 1.701940561676999142 ) ) ;
#3501 = CARTESIAN_POINT ( 'NONE',  ( 0.6677926086368004555, -20.61166130683511000, -0.1054815087430554243 ) ) ;
#3502 = ORIENTED_EDGE ( 'NONE', *, *, #1807, .F. ) ;
#3503 = SURFACE_SIDE_STYLE ('',( #2723 ) ) ;
#3504 = CARTESIAN_POINT ( 'NONE',  ( -2.756478979449973554, -16.06326411268519649, 7.597169594945111015 ) ) ;
#3505 = ORIENTED_EDGE ( 'NONE', *, *, #2934, .F. ) ;
#3506 = CARTESIAN_POINT ( 'NONE',  ( -1.009738374982156461, -20.61166130683556119, 1.118307900304232216 ) ) ;
#3507 = CARTESIAN_POINT ( 'NONE',  ( 1.431000000000000050, -5.223600000000002019, -3.089420301609853592 ) ) ;
#3508 = CARTESIAN_POINT ( 'NONE',  ( 1.625685989431401302, -18.94399484573932213, 5.921158916309362752 ) ) ;
#3509 = ADVANCED_FACE ( 'NONE', ( #2010 ), #1168, .T. ) ;
#3510 = CARTESIAN_POINT ( 'NONE',  ( -3.184876652152381027, -5.587405862853892735, 0.7512207744491743444 ) ) ;
#3511 = CARTESIAN_POINT ( 'NONE',  ( -3.322407740230508555, -6.023600000000001842, 11.46728376463502563 ) ) ;
#3512 = ORIENTED_EDGE ( 'NONE', *, *, #2290, .T. ) ;
#3513 = CARTESIAN_POINT ( 'NONE',  ( 3.058672873715778451, -8.919548178742415345, 0.7710350344851472082 ) ) ;
#3514 = ORIENTED_EDGE ( 'NONE', *, *, #3794, .F. ) ;
#3515 = CARTESIAN_POINT ( 'NONE',  ( -3.661429804399110477, -6.056705642941200729, 8.500000000000000000 ) ) ;
#3516 = B_SPLINE_CURVE_WITH_KNOTS ( 'NONE', 3,
 ( #1240, #3210, #4060, #2900, #5279, #4933, #3257, #4834, #4884, #4488 ),
 .UNSPECIFIED., .F., .F.,
 ( 4, 2, 2, 2, 4 ),
 ( 9.568084172184576630E-18, 0.0007671507707087011491, 0.001534301541417392540, 0.002301452312126083932, 0.003068603082834774672 ),
 .UNSPECIFIED. ) ;
#3517 = CARTESIAN_POINT ( 'NONE',  ( -3.089420301609846042, -6.023600000000001842, -0.6310000000000375309 ) ) ;
#3518 = CARTESIAN_POINT ( 'NONE',  ( -3.461810461317278431, -5.523599999999565746, 8.500000000000000000 ) ) ;
#3519 = VECTOR ( 'NONE', #4599, 1000.000000000000341 ) ;
#3520 = ORIENTED_EDGE ( 'NONE', *, *, #2591, .T. ) ;
#3521 = CARTESIAN_POINT ( 'NONE',  ( 0.6313863326425338540, -5.998740736633152437, 3.179826021775939981 ) ) ;
#3522 = VERTEX_POINT ( 'NONE', #4466 ) ;
#3523 = CARTESIAN_POINT ( 'NONE',  ( -0.9761552114773839328, -20.70769255847123347, 1.326337211959655704 ) ) ;
#3524 = CARTESIAN_POINT ( 'NONE',  ( -1.170835530742666108, -20.59740483227745145, 0.4133293966283484444 ) ) ;
#3525 = CARTESIAN_POINT ( 'NONE',  ( -0.5715708715756337988, -21.62725252513282115, 1.459532652661948537 ) ) ;
#3526 = CARTESIAN_POINT ( 'NONE',  ( -0.8901530296879639481, -21.65059946460718265, 0.9204516689337554070 ) ) ;
#3527 = CARTESIAN_POINT ( 'NONE',  ( 3.309086902763912708, -8.089652355829786146, 8.734733136101608508 ) ) ;
#3528 = ORIENTED_EDGE ( 'NONE', *, *, #841, .F. ) ;
#3529 = FILL_AREA_STYLE_COLOUR ( '', #4814 ) ;
#3530 = CARTESIAN_POINT ( 'NONE',  ( -3.029998462741938958, -5.223600000000002019, 8.281668454763275733 ) ) ;
#3531 = ORIENTED_EDGE ( 'NONE', *, *, #257, .F. ) ;
#3532 = CARTESIAN_POINT ( 'NONE',  ( 0.1692607190977197529, -20.61166130683500342, -0.2337907363826101925 ) ) ;
#3533 = CARTESIAN_POINT ( 'NONE',  ( 2.322743579312094742, -5.223600000000002019, 8.720729055473558589 ) ) ;
#3534 = ADVANCED_FACE ( 'NONE', ( #3189 ), #3967, .F. ) ;
#3535 = CARTESIAN_POINT ( 'NONE',  ( 2.347867863069662775, -5.223607038996733287, 8.799569575116937159 ) ) ;
#3536 = CARTESIAN_POINT ( 'NONE',  ( -1.389733480663830623, -18.27761867588951716, 7.042635130348043226 ) ) ;
#3537 = CARTESIAN_POINT ( 'NONE',  ( -1.436153963006453260, -19.36413872685367465, 5.773577598735229799 ) ) ;
#3538 = CONICAL_SURFACE ( 'NONE', #717, 1.792363797108476042, 0.3317284379186984378 ) ;
#3539 = ORIENTED_EDGE ( 'NONE', *, *, #4450, .F. ) ;
#3540 =( LENGTH_UNIT ( ) NAMED_UNIT ( * ) SI_UNIT ( .MILLI., .METRE. ) );
#3541 = ORIENTED_EDGE ( 'NONE', *, *, #3794, .T. ) ;
#3542 = EDGE_CURVE ( 'NONE', #511, #4882, #4979, .T. ) ;
#3543 = CARTESIAN_POINT ( 'NONE',  ( 0.6309999999999998943, -6.023600000000001842, -3.179114782977803699 ) ) ;
#3544 = CARTESIAN_POINT ( 'NONE',  ( 4.144059359582243474, -5.223600000000002019, 11.74078171449072983 ) ) ;
#3545 = CARTESIAN_POINT ( 'NONE',  ( 0.000000000000000000, -5.223600000000001131, -3.903127820947815962E-14 ) ) ;
#3546 = CIRCLE ( 'NONE', #5163, 11.32812500000000178 ) ;
#3547 = ORIENTED_EDGE ( 'NONE', *, *, #1204, .T. ) ;
#3548 = CARTESIAN_POINT ( 'NONE',  ( -1.739576869458931354E-17, -20.61166130683500342, -3.921601983822704400E-14 ) ) ;
#3549 = ORIENTED_EDGE ( 'NONE', *, *, #4574, .F. ) ;
#3550 = CARTESIAN_POINT ( 'NONE',  ( -0.9452445866130584351, -20.06387724600619649, 2.162789855537146977 ) ) ;
#3551 = DIRECTION ( 'NONE',  ( 0.000000000000000000, 0.000000000000000000, -1.000000000000000000 ) ) ;
#3552 = AXIS2_PLACEMENT_3D ( 'NONE', #2355, #1089, #2776 ) ;
#3553 = CARTESIAN_POINT ( 'NONE',  ( -0.4220554728597957772, -21.62320776706997805, 1.579580260939165814 ) ) ;
#3554 = CARTESIAN_POINT ( 'NONE',  ( -0.9145962201503926581, -21.64542230438820525, 0.8516816550823996801 ) ) ;
#3555 = CARTESIAN_POINT ( 'NONE',  ( -3.089420301609830055, -8.851919802071641641, 0.6309999999999769127 ) ) ;
#3556 = ORIENTED_EDGE ( 'NONE', *, *, #656, .F. ) ;
#3557 = CARTESIAN_POINT ( 'NONE',  ( 4.134831554461706915, -11.01522227967212508, 11.36035632912980198 ) ) ;
#3558 = DIRECTION ( 'NONE',  ( 1.000000000000000000, 0.000000000000000000, -1.224646799147353207E-16 ) ) ;
#3559 = AXIS2_PLACEMENT_3D ( 'NONE', #2904, #5284, #416 ) ;
#3560 = CARTESIAN_POINT ( 'NONE',  ( -5.601338295965375025, -1.980173226765838734, 1.293170840271852695 ) ) ;
#3561 = DIRECTION ( 'NONE',  ( 0.000000000000000000, 1.000000000000000000, 0.000000000000000000 ) ) ;
#3562 = CYLINDRICAL_SURFACE ( 'NONE', #3185, 1.792363797108475598 ) ;
#3563 = CARTESIAN_POINT ( 'NONE',  ( -3.397962606069474756, -5.970675057050407020, 12.50390886670416002 ) ) ;
#3564 =( BOUNDED_CURVE ( )  B_SPLINE_CURVE ( 3, ( #5249, #1970, #3230, #4855 ),
 .UNSPECIFIED., .F., .F. ) 
 B_SPLINE_CURVE_WITH_KNOTS ( ( 4, 4 ),
 ( 4.013232392570864171, 4.712388980384687898 ),
 .UNSPECIFIED. ) 
 CURVE ( )  GEOMETRIC_REPRESENTATION_ITEM ( )  RATIONAL_B_SPLINE_CURVE ( ( 1.000000000000000000, 0.9596781542737655712, 0.9596781542737655712, 1.000000000000000000 ) ) 
 REPRESENTATION_ITEM ( '' )  );
#3565 = AXIS2_PLACEMENT_3D ( 'NONE', #623, #1046, #676 ) ;
#3566 = CARTESIAN_POINT ( 'NONE',  ( 0.000000000000000000, -12.85458479929957321, 0.000000000000000000 ) ) ;
#3567 = CARTESIAN_POINT ( 'NONE',  ( 0.000000000000000000, -5.223600000000002019, 0.000000000000000000 ) ) ;
#3568 = LINE ( 'NONE', #2785, #4367 ) ;
#3569 = ORIENTED_EDGE ( 'NONE', *, *, #2445, .T. ) ;
#3570 = EDGE_LOOP ( 'NONE', ( #5097, #4661, #4655, #1127, #864 ) ) ;
#3571 = DIRECTION ( 'NONE',  ( -6.242469211744370837E-16, 0.000000000000000000, -1.000000000000000000 ) ) ;
#3572 = CARTESIAN_POINT ( 'NONE',  ( -11.25000000000000000, -8.099335931288072388, 8.500000000000000000 ) ) ;
#3573 = EDGE_CURVE ( 'NONE', #2393, #2583, #3546, .T. ) ;
#3574 = CARTESIAN_POINT ( 'NONE',  ( -3.640476794706152486, -5.841078676738816533, 8.500000000000000000 ) ) ;
#3575 = EDGE_CURVE ( 'NONE', #2712, #636, #2856, .T. ) ;
#3576 = EDGE_LOOP ( 'NONE', ( #4301, #2838, #1952, #3764 ) ) ;
#3577 = CARTESIAN_POINT ( 'NONE',  ( -2.351595843561857357, -5.223600000000002019, 8.799999999999997158 ) ) ;
#3578 = ORIENTED_EDGE ( 'NONE', *, *, #191, .T. ) ;
#3579 = CARTESIAN_POINT ( 'NONE',  ( 0.6143778069808890629, -21.62888390363056601, 1.418850379060202505 ) ) ;
#3580 = CARTESIAN_POINT ( 'NONE',  ( -0.3269995154765401035, -22.10608026189143160, 1.000823799558608229 ) ) ;
#3581 = LINE ( 'NONE', #228, #467 ) ;
#3582 = CARTESIAN_POINT ( 'NONE',  ( 3.363741817653753241, -7.328987879761683644, 12.41041816261256869 ) ) ;
#3583 = EDGE_LOOP ( 'NONE', ( #967, #3528, #1600, #2982 ) ) ;
#3584 = B_SPLINE_CURVE_WITH_KNOTS ( 'NONE', 3,
 ( #4271, #1801, #2581, #1688, #5010, #1773, #3415, #4170 ),
 .UNSPECIFIED., .F., .F.,
 ( 4, 2, 2, 4 ),
 ( -5.849518458360534813E-06, 0.0006878337646950667076, 0.001034675406271781282, 0.001381517047848495857 ),
 .UNSPECIFIED. ) ;
#3585 = CARTESIAN_POINT ( 'NONE',  ( -0.6671151808346963419, -20.59600754862598393, 0.1649429704032364663 ) ) ;
#3586 = EDGE_CURVE ( 'NONE', #636, #4188, #4986, .T. ) ;
#3587 = CARTESIAN_POINT ( 'NONE',  ( 3.372767536383886711, -6.023600000000001842, 8.719156112495680233 ) ) ;
#3588 = ORIENTED_EDGE ( 'NONE', *, *, #1550, .F. ) ;
#3589 = CARTESIAN_POINT ( 'NONE',  ( 1.263442496525629899, -20.61166130683337272, 1.745819137927819842 ) ) ;
#3590 = CARTESIAN_POINT ( 'NONE',  ( 0.7517540966287263871, -5.223600000000002019, 0.2736161146605352035 ) ) ;
#3591 = CARTESIAN_POINT ( 'NONE',  ( -3.941019412161395064, -8.922761415086066350, 10.82786184454573508 ) ) ;
#3592 = DIRECTION ( 'NONE',  ( -3.121234605872185418E-16, 0.000000000000000000, -1.000000000000000000 ) ) ;
#3593 = DIRECTION ( 'NONE',  ( 0.000000000000000000, 0.000000000000000000, 1.000000000000000000 ) ) ;
#3594 = CARTESIAN_POINT ( 'NONE',  ( -0.6580282466339678615, -5.789335642341114863, 3.111296699622336348 ) ) ;
#3595 = ORIENTED_EDGE ( 'NONE', *, *, #2974, .F. ) ;
#3596 = CARTESIAN_POINT ( 'NONE',  ( -3.350101400371526594, -7.913994611536741886, 8.500000000000001776 ) ) ;
#3597 = LINE ( 'NONE', #2039, #4905 ) ;
#3598 = CARTESIAN_POINT ( 'NONE',  ( -3.350357499464726718, -5.223600000000002019, 8.200000061888935932 ) ) ;
#3599 =( BOUNDED_SURFACE ( )  B_SPLINE_SURFACE ( 3, 2, ( 
 ( #471, #497, #576 ),
 ( #1296, #2223, #4198 ),
 ( #901, #2536, #1808 ),
 ( #1402, #3392, #3766 ),
 ( #521, #2169, #3795 ),
 ( #126, #1750, #5014 ),
 ( #1346, #4618, #2586 ),
 ( #1436, #2728, #1537 ),
 ( #4365, #2780, #1486 ),
 ( #1118, #3163, #639 ),
 ( #694, #4390, #3188 ),
 ( #1034, #4705, #2703 ),
 ( #2359, #3508, #4764 ),
 ( #1982, #2673, #4309 ),
 ( #3964, #723, #237 ),
 ( #4015, #2753, #3993 ) ),
 .UNSPECIFIED., .F., .F., .T. ) 
 B_SPLINE_SURFACE_WITH_KNOTS ( ( 4, 2, 2, 2, 2, 2, 2, 4 ),
 ( 3, 3 ),
 ( 0.000000000000000000, 0.001430789115438886117, 0.002146183673158329284, 0.002861578230877772234, 0.003576972788597215618, 0.004292367346316658568, 0.005007761904036101518, 0.005723156461755544468 ),
 ( 0.000000000000000000, 1.000000000000000000 ),
 .UNSPECIFIED. ) 
 GEOMETRIC_REPRESENTATION_ITEM ( )  RATIONAL_B_SPLINE_SURFACE ( (
 ( 1.000000000000000000, 0.7458713068146345382, 1.000000000000000000),
 ( 1.000000000000000000, 0.7732600691874983445, 1.000000000000000000),
 ( 1.000000000000000000, 0.7991133678201367552, 1.000000000000000000),
 ( 1.000000000000000000, 0.8352799403549029389, 1.000000000000000000),
 ( 1.000000000000000000, 0.8468994726957006502, 1.000000000000000000),
 ( 1.000000000000000000, 0.8692098762061213346, 1.000000000000000000),
 ( 1.000000000000000000, 0.8799396553123727260, 1.000000000000000000),
 ( 1.000000000000000000, 0.9000828337332499318, 1.000000000000000000),
 ( 1.000000000000000000, 0.9095647507130785181, 1.000000000000000000),
 ( 1.000000000000000000, 0.9270501564146956808, 1.000000000000000000),
 ( 1.000000000000000000, 0.9349691321782456210, 1.000000000000000000),
 ( 1.000000000000000000, 0.9491899438373248010, 1.000000000000000000),
 ( 1.000000000000000000, 0.9553932671985309044, 1.000000000000000000),
 ( 1.000000000000000000, 0.9654646374061323089, 1.000000000000000000),
 ( 1.000000000000000000, 0.9691760941168418020, 1.000000000000000000),
 ( 1.000000000000000000, 0.9710499640013894318, 1.000000000000000000) ) ) 
 REPRESENTATION_ITEM ( '' )  SURFACE ( )  );
#3600 = EDGE_CURVE ( 'NONE', #2574, #384, #4822, .T. ) ;
#3601 = ORIENTED_EDGE ( 'NONE', *, *, #4117, .T. ) ;
#3602 = VECTOR ( 'NONE', #2835, 999.9999999999998863 ) ;
#3603 = CARTESIAN_POINT ( 'NONE',  ( 2.351595843561888000, -5.223600000000002019, 8.800000000000002487 ) ) ;
#3604 = ORIENTED_EDGE ( 'NONE', *, *, #4355, .F. ) ;
#3605 = ADVANCED_FACE ( 'NONE', ( #1270 ), #925, .F. ) ;
#3606 = CARTESIAN_POINT ( 'NONE',  ( -0.9784656897616520466, -20.74194558762611962, 1.276209278095433275 ) ) ;
#3607 = CARTESIAN_POINT ( 'NONE',  ( -1.209405172319061306, -19.38281696127177867, 0.7523093894504524481 ) ) ;
#3608 = CIRCLE ( 'NONE', #5038, 2.227767388195791565 ) ;
#3609 = CARTESIAN_POINT ( 'NONE',  ( 3.751083228104154177, -8.494044158870291739, 7.998167416375219219 ) ) ;
#3610 = DIRECTION ( 'NONE',  ( 0.000000000000000000, 1.000000000000000000, -0.000000000000000000 ) ) ;
#3611 = EDGE_LOOP ( 'NONE', ( #3556, #2249, #1054, #3701, #4349 ) ) ;
#3612 = CARTESIAN_POINT ( 'NONE',  ( 3.021560287996757577, -5.496202460431115711, 8.840116099751451628 ) ) ;
#3613 = CARTESIAN_POINT ( 'NONE',  ( 3.568256446519052272, -5.672223464216849642, 8.499999999999996447 ) ) ;
#3614 = CARTESIAN_POINT ( 'NONE',  ( 1.373534851977815219, -20.61166130682922315, 2.278167267464296319 ) ) ;
#3615 = DIRECTION ( 'NONE',  ( 0.000000000000000000, 0.000000000000000000, -1.000000000000000000 ) ) ;
#3616 = CARTESIAN_POINT ( 'NONE',  ( -3.207342261625030666, -5.769126375085076752, -0.6647630629849856643 ) ) ;
#3617 = DIRECTION ( 'NONE',  ( 0.2249510543438620613, 0.000000000000000000, 0.9743700647852359120 ) ) ;
#3618 = DIRECTION ( 'NONE',  ( 1.000000000000000000, -0.000000000000000000, 0.000000000000000000 ) ) ;
#3619 = CARTESIAN_POINT ( 'NONE',  ( -11.25000000000000178, -5.444307619628869332, -5.293955920339370499E-20 ) ) ;
#3620 = ORIENTED_EDGE ( 'NONE', *, *, #2722, .T. ) ;
#3621 = CARTESIAN_POINT ( 'NONE',  ( -3.089420301609830055, -8.851919802071641641, 0.6309999999999769127 ) ) ;
#3622 = CARTESIAN_POINT ( 'NONE',  ( 1.321313259014217396E-16, -20.29241098832034140, 0.8498342873605791992 ) ) ;
#3623 =( BOUNDED_SURFACE ( )  B_SPLINE_SURFACE ( 3, 2, ( 
 ( #4364, #4388, #3563 ),
 ( #986, #1760, #3853 ),
 ( #2752, #1140, #957 ),
 ( #2992, #4231, #3829 ),
 ( #3591, #1117, #529 ),
 ( #5183, #2177, #3399 ),
 ( #584, #3803, #1786 ),
 ( #187, #5022, #2358 ),
 ( #3426, #3020, #558 ),
 ( #136, #4652, #4789 ),
 ( #2621, #4257, #5078 ),
 ( #1409, #3991, #317 ),
 ( #2825, #23, #766 ),
 ( #394, #745, #792 ),
 ( #1563, #5283, #1611 ),
 ( #3664, #4838, #340 ) ),
 .UNSPECIFIED., .F., .F., .F. ) 
 B_SPLINE_SURFACE_WITH_KNOTS ( ( 4, 2, 2, 2, 2, 2, 2, 4 ),
 ( 3, 3 ),
 ( 0.003806018055396761385, 0.005611352039272250389, 0.007416686023147739393, 0.01102735399089871740, 0.01283268797477420640, 0.01463802195864969541, 0.01644335594252518268, 0.01824868992640067342 ),
 ( 0.000000000000000000, 1.000000000000000000 ),
 .UNSPECIFIED. ) 
 GEOMETRIC_REPRESENTATION_ITEM ( )  RATIONAL_B_SPLINE_SURFACE ( (
 ( 1.000000000000000000, 0.6769238080865065399, 1.000000000000000000),
 ( 1.000000000000000000, 0.6769055771575075431, 1.000000000000000000),
 ( 1.000000000000000000, 0.6768629974120693449, 1.000000000000000000),
 ( 1.000000000000000000, 0.6767276031956196425, 1.000000000000000000),
 ( 1.000000000000000000, 0.6766350425397009705, 1.000000000000000000),
 ( 1.000000000000000000, 0.6762702983142437896, 1.000000000000000000),
 ( 1.000000000000000000, 0.6759196870754128339, 1.000000000000000000),
 ( 1.000000000000000000, 0.6750769743374184229, 1.000000000000000000),
 ( 1.000000000000000000, 0.6747456840964575209, 1.000000000000000000),
 ( 1.000000000000000000, 0.6739353893324998568, 1.000000000000000000),
 ( 1.000000000000000000, 0.6734572211114342455, 1.000000000000000000),
 ( 1.000000000000000000, 0.6722553088659422027, 1.000000000000000000),
 ( 1.000000000000000000, 0.6715355290604753113, 1.000000000000000000),
 ( 1.000000000000000000, 0.6696362037213424712, 1.000000000000000000),
 ( 1.000000000000000000, 0.6684642780718166311, 1.000000000000000000),
 ( 1.000000000000000000, 0.6668678128696279295, 1.000000000000000000) ) ) 
 REPRESENTATION_ITEM ( '' )  SURFACE ( )  );
#3624 = VECTOR ( 'NONE', #4396, 1000.000000000000227 ) ;
#3625 = CARTESIAN_POINT ( 'NONE',  ( -3.349896347822095333, -15.52679689358748405, 6.613310259419975523 ) ) ;
#3626 = ORIENTED_EDGE ( 'NONE', *, *, #621, .T. ) ;
#3627 = CARTESIAN_POINT ( 'NONE',  ( -0.9075883152340189497, -19.33754378532492879, 2.934814467912828295 ) ) ;
#3628 = ORIENTED_EDGE ( 'NONE', *, *, #4745, .F. ) ;
#3629 = CARTESIAN_POINT ( 'NONE',  ( -0.9666666666666670071, -19.48921168947786597, 4.562122364449820999 ) ) ;
#3630 = ADVANCED_FACE ( 'NONE', ( #1691 ), #209, .T. ) ;
#3631 = CARTESIAN_POINT ( 'NONE',  ( 0.000000000000000000, 0.000000000000000000, 0.000000000000000000 ) ) ;
#3632 = CARTESIAN_POINT ( 'NONE',  ( -2.834791727495772129, -5.523600000000001842, 8.387570762839734684 ) ) ;
#3633 = ORIENTED_EDGE ( 'NONE', *, *, #874, .T. ) ;
#3634 = AXIS2_PLACEMENT_3D ( 'NONE', #995, #1830, #4846 ) ;
#3635 = CARTESIAN_POINT ( 'NONE',  ( -4.074161836859234498, -6.023600000000001842, 11.19366764997448804 ) ) ;
#3636 = FACE_OUTER_BOUND ( 'NONE', #3804, .T. ) ;
#3637 = EDGE_CURVE ( 'NONE', #1825, #3181, #26, .T. ) ;
#3638 = CARTESIAN_POINT ( 'NONE',  ( 0.000000000000000000, -6.023600000000001842, 0.000000000000000000 ) ) ;
#3639 = EDGE_CURVE ( 'NONE', #4259, #704, #3885, .T. ) ;
#3640 = CARTESIAN_POINT ( 'NONE',  ( -2.872324510511961471, -5.476098464796946175, 8.500000000000000000 ) ) ;
#3641 = CARTESIAN_POINT ( 'NONE',  ( 2.763461982710805120, -5.290130285568969803, 8.847553208799679325 ) ) ;
#3642 = AXIS2_PLACEMENT_3D ( 'NONE', #1513, #1874, #3910 ) ;
#3643 = CARTESIAN_POINT ( 'NONE',  ( 0.000000000000000000, -6.023600000000001842, 0.000000000000000000 ) ) ;
#3644 = CARTESIAN_POINT ( 'NONE',  ( 0.000000000000000000, -12.85458479929957321, 0.000000000000000000 ) ) ;
#3645 = AXIS2_PLACEMENT_3D ( 'NONE', #5075, #2256, #3452 ) ;
#3646 = ORIENTED_EDGE ( 'NONE', *, *, #4382, .T. ) ;
#3647 = CARTESIAN_POINT ( 'NONE',  ( 0.1462148875831380812, -10.22360000000000291, 8.746151324363943047 ) ) ;
#3648 = ORIENTED_EDGE ( 'NONE', *, *, #3, .T. ) ;
#3649 = EDGE_CURVE ( 'NONE', #4983, #2970, #3246, .T. ) ;
#3650 = DIRECTION ( 'NONE',  ( -0.000000000000000000, 1.000000000000000000, -0.000000000000000000 ) ) ;
#3651 = CARTESIAN_POINT ( 'NONE',  ( -3.143042454052076717, -5.586316964331061286, 8.565551497893235222 ) ) ;
#3652 = B_SPLINE_CURVE_WITH_KNOTS ( 'NONE', 3,
 ( #2078, #3234, #2849, #867, #66, #4437, #362, #4085, #412, #2476, #1188, #3711, #2106, #4512 ),
 .UNSPECIFIED., .F., .F.,
 ( 4, 2, 2, 2, 2, 2, 4 ),
 ( 0.000000000000000000, 0.001272639442786963884, 0.002545278885573927768, 0.005090557771147853801, 0.006363197213934815299, 0.007635836656721776798, 0.01018111554229569893 ),
 .UNSPECIFIED. ) ;
#3653 = CARTESIAN_POINT ( 'NONE',  ( -1.430999999999999162, -5.223600000000002019, 3.779696404344232263 ) ) ;
#3654 = VERTEX_POINT ( 'NONE', #4090 ) ;
#3655 = CARTESIAN_POINT ( 'NONE',  ( 3.461810461316712662, -5.223600000000002019, 8.199999999999999289 ) ) ;
#3656 = ORIENTED_EDGE ( 'NONE', *, *, #3179, .F. ) ;
#3657 = CARTESIAN_POINT ( 'NONE',  ( -0.9075883152315443736, -19.33754378531831719, 2.934814467913616998 ) ) ;
#3658 = DIRECTION ( 'NONE',  ( -0.9743700647852359120, 0.000000000000000000, -0.2249510543438620891 ) ) ;
#3659 = CARTESIAN_POINT ( 'NONE',  ( 0.000000000000000000, -5.998740736633151549, 0.000000000000000000 ) ) ;
#3660 = ORIENTED_EDGE ( 'NONE', *, *, #4971, .F. ) ;
#3661 = CARTESIAN_POINT ( 'NONE',  ( 3.372767536383886711, -6.023600000000001842, 8.719156112495680233 ) ) ;
#3662 = CARTESIAN_POINT ( 'NONE',  ( 0.6313863326425338540, -5.998740736633152437, 3.179826021775939981 ) ) ;
#3663 = CARTESIAN_POINT ( 'NONE',  ( -2.828885596315962925, -5.223600000000003796, 8.548005757992164888 ) ) ;
#3664 = CARTESIAN_POINT ( 'NONE',  ( -1.857202770564486016, -18.34353403151841988, 5.102622675474475678 ) ) ;
#3665 = CARTESIAN_POINT ( 'NONE',  ( 0.000000000000000000, -17.33419824958559730, 0.000000000000000000 ) ) ;
#3666 = CARTESIAN_POINT ( 'NONE',  ( -3.623210566829669688, -8.128085254674768834, 8.426203848156283982 ) ) ;
#3667 = CARTESIAN_POINT ( 'NONE',  ( -0.6350266604097605239, -5.881647329906629196, -3.182814594191728741 ) ) ;
#3668 = VECTOR ( 'NONE', #1657, 1000.000000000000000 ) ;
#3669 = ORIENTED_EDGE ( 'NONE', *, *, #1829, .T. ) ;
#3670 = CARTESIAN_POINT ( 'NONE',  ( 0.02667589214628307559, -18.45460168286246372, 4.096547861472892293 ) ) ;
#3671 = CARTESIAN_POINT ( 'NONE',  ( -3.058672873715733598, -8.919548178741994349, 0.7710350344853775795 ) ) ;
#3672 = CARTESIAN_POINT ( 'NONE',  ( -3.185883504041608916, -5.714711193634885333, 8.902616492972695639 ) ) ;
#3673 = DIRECTION ( 'NONE',  ( -0.000000000000000000, -1.000000000000000000, -0.000000000000000000 ) ) ;
#3674 = ORIENTED_EDGE ( 'NONE', *, *, #4783, .F. ) ;
#3675 = CARTESIAN_POINT ( 'NONE',  ( -0.6449516249636250143, -20.29545154131598395, 1.138911479687271244 ) ) ;
#3676 = ORIENTED_EDGE ( 'NONE', *, *, #4446, .F. ) ;
#3677 = CARTESIAN_POINT ( 'NONE',  ( -0.6025089163962911165, -20.49875646118459116, 0.6022599958663312769 ) ) ;
#3678 = CARTESIAN_POINT ( 'NONE',  ( -1.010001931991432400, -21.40032456720828336, 0.5779143502137306099 ) ) ;
#3679 = LINE ( 'NONE', #2127, #2807 ) ;
#3680 = AXIS2_PLACEMENT_3D ( 'NONE', #4368, #4817, #1463 ) ;
#3681 = CARTESIAN_POINT ( 'NONE',  ( -3.677861117362391852, -5.223600000000002019, 1.430999999999977401 ) ) ;
#3682 = VERTEX_POINT ( 'NONE', #4119 ) ;
#3683 = CARTESIAN_POINT ( 'NONE',  ( 3.239959563060309300, -5.809880861669491914, 8.963848284135552902 ) ) ;
#3684 = CARTESIAN_POINT ( 'NONE',  ( 0.000000000000000000, -10.73146821626741421, 0.000000000000000000 ) ) ;
#3685 = CARTESIAN_POINT ( 'NONE',  ( 2.834791727495646896, -5.223600000000002019, 8.387570762839835936 ) ) ;
#3686 = DIRECTION ( 'NONE',  ( 0.000000000000000000, 0.000000000000000000, 1.000000000000000000 ) ) ;
#3687 = EDGE_CURVE ( 'NONE', #4945, #1816, #463, .T. ) ;
#3688 = DIRECTION ( 'NONE',  ( 1.000000000000000000, 3.525825464922861631E-12, -0.000000000000000000 ) ) ;
#3689 = AXIS2_PLACEMENT_3D ( 'NONE', #1489, #3314, #1617 ) ;
#3690 = ADVANCED_FACE ( 'NONE', ( #4619 ), #872, .T. ) ;
#3691 = CARTESIAN_POINT ( 'NONE',  ( 3.396081006805143243, -5.942552752152614026, 9.330655880835745819 ) ) ;
#3692 = CARTESIAN_POINT ( 'NONE',  ( 3.179377433029955569, -6.015313349267702669, -0.6310000000000239861 ) ) ;
#3693 = EDGE_CURVE ( 'NONE', #4188, #5206, #375, .T. ) ;
#3694 = CARTESIAN_POINT ( 'NONE',  ( 0.07404129125031087832, -10.22360000000000291, 8.737309975419792707 ) ) ;
#3695 = CARTESIAN_POINT ( 'NONE',  ( -10.94999999999999929, -8.223600000000001131, 0.01776588295423203734 ) ) ;
#3696 = CARTESIAN_POINT ( 'NONE',  ( -0.05475611121637347090, -20.29241098832034851, 0.8498342873605804204 ) ) ;
#3697 = DIRECTION ( 'NONE',  ( 0.000000000000000000, 1.000000000000000000, 0.000000000000000000 ) ) ;
#3698 = ORIENTED_EDGE ( 'NONE', *, *, #4456, .T. ) ;
#3699 = EDGE_CURVE ( 'NONE', #5203, #2787, #3850, .T. ) ;
#3700 = DIRECTION ( 'NONE',  ( -0.000000000000000000, -1.000000000000000000, -0.000000000000000000 ) ) ;
#3701 = ORIENTED_EDGE ( 'NONE', *, *, #4960, .F. ) ;
#3702 = CARTESIAN_POINT ( 'NONE',  ( -0.9704666954086721420, -20.58562842273200744, 1.494289914874829206 ) ) ;
#3703 = VECTOR ( 'NONE', #4436, 1000.000000000000114 ) ;
#3704 = CARTESIAN_POINT ( 'NONE',  ( 0.6677926086368004555, -20.61166130683511000, -0.1054815087430554243 ) ) ;
#3705 = DIRECTION ( 'NONE',  ( 0.000000000000000000, 0.000000000000000000, -1.000000000000000000 ) ) ;
#3706 = EDGE_LOOP ( 'NONE', ( #3833, #2068, #2070, #5004 ) ) ;
#3707 = CARTESIAN_POINT ( 'NONE',  ( 0.6309999999999998943, -8.683707792995058128, -3.094757824535599777 ) ) ;
#3708 = VECTOR ( 'NONE', #635, 1000.000000000000000 ) ;
#3709 = ORIENTED_EDGE ( 'NONE', *, *, #482, .T. ) ;
#3710 = CARTESIAN_POINT ( 'NONE',  ( 3.161365723535813466, -5.564409057383085333, 9.102844501041065683 ) ) ;
#3711 = CARTESIAN_POINT ( 'NONE',  ( 3.225808794766759746, -13.99751858961971074, 8.862836823099705441 ) ) ;
#3712 = CARTESIAN_POINT ( 'NONE',  ( 0.000000000000000000, -13.46581578397376511, 0.000000000000000000 ) ) ;
#3713 = CARTESIAN_POINT ( 'NONE',  ( 0.000000000000000000, -17.33419824958559730, 1.577190573871539936 ) ) ;
#3714 = FACE_OUTER_BOUND ( 'NONE', #4240, .T. ) ;
#3715 = CARTESIAN_POINT ( 'NONE',  ( 3.132731113870355966, -5.530795026450922691, 9.074910253831895091 ) ) ;
#3716 = DIRECTION ( 'NONE',  ( -0.000000000000000000, 1.000000000000000000, -0.000000000000000000 ) ) ;
#3717 = CARTESIAN_POINT ( 'NONE',  ( 0.4967235089307897034, -10.22360000000000291, 10.53529359296444490 ) ) ;
#3718 = DIRECTION ( 'NONE',  ( -0.03027765257158835516, -0.9995170841968334940, -0.006990146880730762659 ) ) ;
#3719 = EDGE_CURVE ( 'NONE', #3938, #2049, #1485, .T. ) ;
#3720 = CARTESIAN_POINT ( 'NONE',  ( -3.372500483468451549, -6.052526428691510141, 8.719362653349683967 ) ) ;
#3721 = CARTESIAN_POINT ( 'NONE',  ( 0.000000000000000000, -5.223600000000001131, -3.903127820947815962E-14 ) ) ;
#3722 = VECTOR ( 'NONE', #5018, 1000.000000000000000 ) ;
#3723 = ORIENTED_EDGE ( 'NONE', *, *, #3573, .T. ) ;
#3724 = CARTESIAN_POINT ( 'NONE',  ( 0.6310000000000006715, -8.851919802072238497, 3.089420301609806074 ) ) ;
#3725 = ORIENTED_EDGE ( 'NONE', *, *, #4413, .T. ) ;
#3726 = EDGE_CURVE ( 'NONE', #5059, #4075, #522, .T. ) ;
#3727 = AXIS2_PLACEMENT_3D ( 'NONE', #3863, #4691, #993 ) ;
#3728 = ADVANCED_FACE ( 'NONE', ( #71 ), #3364, .F. ) ;
#3729 = CARTESIAN_POINT ( 'NONE',  ( 0.000000000000000000, -18.45460168286246372, 4.096547861472892293 ) ) ;
#3730 = ADVANCED_FACE ( 'NONE', ( #4988 ), #1322, .T. ) ;
#3731 = ADVANCED_FACE ( 'NONE', ( #3338 ), #4103, .T. ) ;
#3732 = CARTESIAN_POINT ( 'NONE',  ( -11.10676807627890383, -8.191080055062217369, 0.008448257347828294628 ) ) ;
#3733 = ORIENTED_EDGE ( 'NONE', *, *, #4102, .T. ) ;
#3734 = CARTESIAN_POINT ( 'NONE',  ( 3.100094794110754393, -8.515495766360469787, 0.6309999999999758025 ) ) ;
#3735 = ORIENTED_EDGE ( 'NONE', *, *, #579, .T. ) ;
#3736 = CARTESIAN_POINT ( 'NONE',  ( 3.606204443887461863, -7.979685811337175139, 8.500000000000000000 ) ) ;
#3737 = CARTESIAN_POINT ( 'NONE',  ( -3.508461580150922465, -8.465264641368305476, 8.216386366119101226 ) ) ;
#3738 = B_SPLINE_CURVE_WITH_KNOTS ( 'NONE', 3,
 ( #128, #980, #3824, #4989, #2932, #2641, #926, #2962 ),
 .UNSPECIFIED., .F., .F.,
 ( 4, 2, 2, 4 ),
 ( -5.849518458360713536E-06, 0.0006878337646950699602, 0.001034675406271784535, 0.001381517047848499326 ),
 .UNSPECIFIED. ) ;
#3739 = CARTESIAN_POINT ( 'NONE',  ( -5.905927942125239242E-14, -6.023600000000001842, -1.431000000000167027 ) ) ;
#3740 = DIRECTION ( 'NONE',  ( 0.3420201433256694901, 0.000000000000000000, 0.9396926207859080948 ) ) ;
#3741 = DIRECTION ( 'NONE',  ( -2.896730386972610262E-16, 1.000000000000000000, 6.687629046188098519E-17 ) ) ;
#3742 = CARTESIAN_POINT ( 'NONE',  ( 3.111294571240755591, -5.789346611370205231, -0.6580256276122401493 ) ) ;
#3743 = DIRECTION ( 'NONE',  ( 1.000000000000000000, 0.000000000000000000, -4.182454371868921091E-14 ) ) ;
#3744 = CARTESIAN_POINT ( 'NONE',  ( -10.94999999999999751, -5.223600000000002019, 8.500000000000000000 ) ) ;
#3745 = CARTESIAN_POINT ( 'NONE',  ( -0.6257719860729369366, -10.22360000000000291, 8.879243775374515479 ) ) ;
#3746 = CARTESIAN_POINT ( 'NONE',  ( 0.000000000000000000, -19.86937676726181579, -1.951563910473907981E-14 ) ) ;
#3747 = CYLINDRICAL_SURFACE ( 'NONE', #724, 11.32812500000000178 ) ;
#3748 = CLOSED_SHELL ( 'NONE', ( #3208, #844, #3894, #2573, #2119, #1183, #3796, #297, #3882, #2898, #1107, #3897, #3268, #3104, #1429, #3759, #782, #3482, #2164, #3923, #2364, #2853, #1929, #3871, #4676, #3307, #483, #3064, #4609, #64, #3605, #1785, #360, #2452, #4733, #1588, #1819, #2873, #812, #2160, #5199, #1614, #3108, #2061, #3728, #2417, #1805, #22, #381, #747, #3730, #82, #2001, #1595, #2936, #326, #3690, #4122, #2479, #476, #4832, #580, #1264, #3509, #5210, #5263, #486, #772, #1634, #3440, #4839, #1981, #2935, #1389, #547, #3391, #2090, #3630, #1873, #2983, #4123, #1006, #1583, #1686, #288, #229, #1553, #3175, #2518, #1861, #2740, #4805, #3296, #4285, #221, #1667, #5282, #3398, #1173, #4391, #816, #4900, #5017, #3432, #144, #2165, #1134, #3934, #3242, #4027, #4217, #3369, #2507, #4902, #2263, #1421, #1295, #290, #4265, #1246, #2711, #30, #3731, #2839, #2062, #2226, #1238, #3534, #2142 ) ) ;
#3749 = CARTESIAN_POINT ( 'NONE',  ( 2.170669854362770490, -12.20178778921884266, -0.5011386228075154214 ) ) ;
#3750 = ORIENTED_EDGE ( 'NONE', *, *, #4873, .T. ) ;
#3751 = DIRECTION ( 'NONE',  ( -2.040851148208007998E-16, -0.000000000000000000, -1.000000000000000000 ) ) ;
#3752 = ORIENTED_EDGE ( 'NONE', *, *, #4842, .F. ) ;
#3753 = CARTESIAN_POINT ( 'NONE',  ( 3.218725199566341288E-16, -10.22360000000000291, 8.735293592964444187 ) ) ;
#3754 = CARTESIAN_POINT ( 'NONE',  ( 3.238796602611440090, -5.223600000000002019, 11.70879886500040179 ) ) ;
#3755 = EDGE_CURVE ( 'NONE', #240, #216, #5190, .T. ) ;
#3756 = ORIENTED_EDGE ( 'NONE', *, *, #2683, .T. ) ;
#3757 = DIRECTION ( 'NONE',  ( 0.000000000000000000, 0.000000000000000000, -1.000000000000000000 ) ) ;
#3758 = VERTEX_POINT ( 'NONE', #4012 ) ;
#3759 = ADVANCED_FACE ( 'NONE', ( #1925 ), #5243, .F. ) ;
#3760 = CARTESIAN_POINT ( 'NONE',  ( 0.6325005532648260154, -20.33191911659639572, 1.055113741080012657 ) ) ;
#3761 = CARTESIAN_POINT ( 'NONE',  ( 0.9583105063056115425, -21.73122061761331736, 0.5570364178798400401 ) ) ;
#3762 = LINE ( 'NONE', #2219, #2490 ) ;
#3763 = CARTESIAN_POINT ( 'NONE',  ( 1.431000000000000050, -5.223600000000002019, -3.677861117362398513 ) ) ;
#3764 = ORIENTED_EDGE ( 'NONE', *, *, #1560, .F. ) ;
#3765 = CARTESIAN_POINT ( 'NONE',  ( -0.6309999999999992282, -6.015313349267703558, 3.179377433029960009 ) ) ;
#3766 = CARTESIAN_POINT ( 'NONE',  ( 2.585062856159181965, -16.73411115277992778, 7.256171721034039734 ) ) ;
#3767 = DIRECTION ( 'NONE',  ( -0.000000000000000000, -1.000000000000000000, -0.000000000000000000 ) ) ;
#3768 = CARTESIAN_POINT ( 'NONE',  ( 3.661669363746034467, -6.023600000000001842, 8.799999999999998934 ) ) ;
#3769 = CARTESIAN_POINT ( 'NONE',  ( -0.6414912363527838224, -21.09209410907369531, 0.2218774767444655904 ) ) ;
#3770 = CARTESIAN_POINT ( 'NONE',  ( 0.000000000000000000, -5.998740736633151549, 0.000000000000000000 ) ) ;
#3771 = FACE_OUTER_BOUND ( 'NONE', #3051, .T. ) ;
#3772 = CARTESIAN_POINT ( 'NONE',  ( -6.776263578034402713E-18, -6.023600000000001842, 7.935293592964444365 ) ) ;
#3773 = CIRCLE ( 'NONE', #355, 0.7999999999999999334 ) ;
#3774 = ORIENTED_EDGE ( 'NONE', *, *, #3889, .T. ) ;
#3775 = CARTESIAN_POINT ( 'NONE',  ( 0.000000000000000000, -6.023600000000001842, 0.000000000000000000 ) ) ;
#3776 = ORIENTED_EDGE ( 'NONE', *, *, #3956, .F. ) ;
#3777 = DIRECTION ( 'NONE',  ( -1.000000000000000000, 0.000000000000000000, 2.571407403092368652E-16 ) ) ;
#3778 = CARTESIAN_POINT ( 'NONE',  ( -11.24999999999999822, -7.923600000000001309, 8.500000000000000000 ) ) ;
#3779 = CARTESIAN_POINT ( 'NONE',  ( 3.372500483468470645, -6.052526428691511029, 8.719362653349687520 ) ) ;
#3780 = ORIENTED_EDGE ( 'NONE', *, *, #3179, .T. ) ;
#3781 = CARTESIAN_POINT ( 'NONE',  ( 2.888709462525022253, -15.36655443236539043, 7.936664019652298840 ) ) ;
#3782 = ORIENTED_EDGE ( 'NONE', *, *, #5259, .T. ) ;
#3783 = B_SPLINE_CURVE_WITH_KNOTS ( 'NONE', 3,
 ( #5087, #4292, #167, #563, #3435, #3027, #620, #1443 ),
 .UNSPECIFIED., .F., .F.,
 ( 4, 2, 2, 4 ),
 ( -5.869699717328886406E-06, 0.0007028665329111931630, 0.001057234649225455292, 0.001411602765539717204 ),
 .UNSPECIFIED. ) ;
#3784 = B_SPLINE_CURVE_WITH_KNOTS ( 'NONE', 3,
 ( #2389, #776, #4894, #7, #2411, #4097, #4848, #5269, #802, #2760, #3696, #3224 ),
 .UNSPECIFIED., .F., .F.,
 ( 4, 2, 2, 2, 2, 4 ),
 ( 0.000000000000000000, 0.001288932628063549747, 0.001933398942095322561, 0.002255632099111210161, 0.002416748677619154611, 0.002577865256127098194 ),
 .UNSPECIFIED. ) ;
#3785 = EDGE_CURVE ( 'NONE', #4077, #3682, #2636, .T. ) ;
#3786 = CARTESIAN_POINT ( 'NONE',  ( 0.9415952990055564964, -20.33579658131855084, 1.339825084318101212 ) ) ;
#3787 = CARTESIAN_POINT ( 'NONE',  ( 1.005243570610584003, -21.48065950250023093, 0.5566024407030343291 ) ) ;
#3788 =( BOUNDED_SURFACE ( )  B_SPLINE_SURFACE ( 3, 2, ( 
 ( #983, #3483, #4681 ),
 ( #4366, #582, #3878 ),
 ( #2228, #5076, #2334 ),
 ( #2306, #2729, #1437 ),
 ( #3965, #2619, #3102 ),
 ( #4766, #1406, #1093 ) ),
 .UNSPECIFIED., .F., .F., .F. ) 
 B_SPLINE_SURFACE_WITH_KNOTS ( ( 4, 2, 4 ),
 ( 3, 3 ),
 ( 0.000000000000000000, 0.0005197374788293521869, 0.001039474957658704374 ),
 ( 0.000000000000000000, 1.000000000000000000 ),
 .UNSPECIFIED. ) 
 GEOMETRIC_REPRESENTATION_ITEM ( )  RATIONAL_B_SPLINE_SURFACE ( (
 ( 1.000000000000000000, 0.7967055996459404543, 1.000000000000000000),
 ( 1.000000000000000000, 0.7963550682199470598, 1.000000000000000000),
 ( 1.000000000000000000, 0.7706606686257103656, 1.000000000000000000),
 ( 1.000000000000000000, 0.7063218505833160910, 1.000000000000000000),
 ( 1.000000000000000000, 0.6673158329603396943, 1.000000000000000000),
 ( 1.000000000000000000, 0.6244538742007788024, 1.000000000000000000) ) ) 
 REPRESENTATION_ITEM ( '' )  SURFACE ( )  );
#3789 = DIRECTION ( 'NONE',  ( 8.881784197001252323E-16, 0.000000000000000000, -1.000000000000000000 ) ) ;
#3790 = CONICAL_SURFACE ( 'NONE', #4219, 2.227767388195792453, 0.5327878586222940527 ) ;
#3791 = CARTESIAN_POINT ( 'NONE',  ( -3.179114782977796594, -6.023600000000002730, -0.6310000000000338671 ) ) ;
#3792 = ORIENTED_EDGE ( 'NONE', *, *, #2925, .T. ) ;
#3793 = DIRECTION ( 'NONE',  ( 0.000000000000000000, 0.000000000000000000, 1.000000000000000000 ) ) ;
#3794 = EDGE_CURVE ( 'NONE', #240, #2393, #4810, .T. ) ;
#3795 = CARTESIAN_POINT ( 'NONE',  ( 2.530868967542343917, -16.92020452960727184, 7.160250183233596744 ) ) ;
#3796 = ADVANCED_FACE ( 'NONE', ( #1115 ), #1161, .F. ) ;
#3797 = DIRECTION ( 'NONE',  ( -0.000000000000000000, 1.000000000000000000, -0.000000000000000000 ) ) ;
#3798 = CARTESIAN_POINT ( 'NONE',  ( 0.000000000000000000, -6.023600000000001842, -4.041517772942823328 ) ) ;
#3799 = VECTOR ( 'NONE', #2862, 1000.000000000000000 ) ;
#3800 = CARTESIAN_POINT ( 'NONE',  ( -3.395905599118075990, -6.066457142857145435, 9.330173952176410879 ) ) ;
#3801 = FACE_OUTER_BOUND ( 'NONE', #559, .T. ) ;
#3802 = CYLINDRICAL_SURFACE ( 'NONE', #1274, 0.8000000000000000444 ) ;
#3803 = CARTESIAN_POINT ( 'NONE',  ( -3.976842324512476434, -12.20959746815379354, 10.92628448732769009 ) ) ;
#3804 = EDGE_LOOP ( 'NONE', ( #4453, #1253, #675, #805, #1018, #5238 ) ) ;
#3805 = CARTESIAN_POINT ( 'NONE',  ( -3.779696404344240701, -5.223600000000002019, 1.430999999999977401 ) ) ;
#3806 = ORIENTED_EDGE ( 'NONE', *, *, #4432, .F. ) ;
#3807 = CARTESIAN_POINT ( 'NONE',  ( 0.9333333333333329040, -15.21026384782077656, 8.131487309271253849 ) ) ;
#3808 = AXIS2_PLACEMENT_3D ( 'NONE', #2884, #3877, #4594 ) ;
#3809 = AXIS2_PLACEMENT_3D ( 'NONE', #2375, #1156, #3203 ) ;
#3810 = DIRECTION ( 'NONE',  ( 1.000000000000000000, 0.000000000000000000, -6.242469211744363934E-16 ) ) ;
#3811 = FACE_OUTER_BOUND ( 'NONE', #4004, .T. ) ;
#3812 = VERTEX_POINT ( 'NONE', #1953 ) ;
#3813 = CARTESIAN_POINT ( 'NONE',  ( 2.596247357348421936, -15.10903890791600190, 7.133130989633430730 ) ) ;
#3814 = EDGE_LOOP ( 'NONE', ( #1856, #335, #1285, #1412 ) ) ;
#3815 = CIRCLE ( 'NONE', #1495, 0.6760719760784638099 ) ;
#3816 = CARTESIAN_POINT ( 'NONE',  ( 0.9469238468974986445, -20.07954280068312158, 2.129559059811850563 ) ) ;
#3817 = CARTESIAN_POINT ( 'NONE',  ( 7.916426401988504356E-16, -5.223600000000002019, 1.430999999999975625 ) ) ;
#3818 = CARTESIAN_POINT ( 'NONE',  ( -4.141218109986073870, -6.034269526808935247, 11.46269632760063750 ) ) ;
#3819 = CARTESIAN_POINT ( 'NONE',  ( 3.337615842796846088, -8.316293544271612603, 8.553291541561970135 ) ) ;
#3820 = VERTEX_POINT ( 'NONE', #4836 ) ;
#3821 = FACE_OUTER_BOUND ( 'NONE', #3611, .T. ) ;
#3822 = FACE_OUTER_BOUND ( 'NONE', #1202, .T. ) ;
#3823 = CARTESIAN_POINT ( 'NONE',  ( -1.603092554517558055, -20.61166130683498565, 0.5329619486949455087 ) ) ;
#3824 = CARTESIAN_POINT ( 'NONE',  ( 3.509871243507579841, -5.291313192102782281, 1.051719100844400234 ) ) ;
#3825 = EDGE_CURVE ( 'NONE', #4739, #4548, #4058, .T. ) ;
#3826 = CARTESIAN_POINT ( 'NONE',  ( -0.6313863326425331879, -5.998740736633152437, -3.179826021775939981 ) ) ;
#3827 = FACE_OUTER_BOUND ( 'NONE', #4684, .T. ) ;
#3828 = CARTESIAN_POINT ( 'NONE',  ( -0.2981939295306194060, -20.61166130683502473, -0.2190573101819226209 ) ) ;
#3829 = CARTESIAN_POINT ( 'NONE',  ( -3.299694294357911506, -8.522733550414967496, 12.23547201011095531 ) ) ;
#3830 = EDGE_LOOP ( 'NONE', ( #1594, #267, #2441, #4879 ) ) ;
#3831 = EDGE_CURVE ( 'NONE', #1676, #327, #4925, .T. ) ;
#3832 = AXIS2_PLACEMENT_3D ( 'NONE', #4974, #4080, #458 ) ;
#3833 = ORIENTED_EDGE ( 'NONE', *, *, #514, .T. ) ;
#3834 = DIRECTION ( 'NONE',  ( -0.000000000000000000, -1.000000000000000000, -0.000000000000000000 ) ) ;
#3835 = CARTESIAN_POINT ( 'NONE',  ( -3.182814635206086873, -5.881645722948626087, 0.6350267103686043635 ) ) ;
#3836 = CARTESIAN_POINT ( 'NONE',  ( -2.374005705630864771, -18.49894826218796595, 5.863432885476163037 ) ) ;
#3837 = ORIENTED_EDGE ( 'NONE', *, *, #2123, .F. ) ;
#3838 = CARTESIAN_POINT ( 'NONE',  ( 8.673617379884035472E-16, -5.523600000000001842, -9.999999999999998224 ) ) ;
#3839 = ORIENTED_EDGE ( 'NONE', *, *, #914, .T. ) ;
#3840 = CARTESIAN_POINT ( 'NONE',  ( 0.000000000000000000, -18.45460168286246372, 4.096547861472892293 ) ) ;
#3841 = CARTESIAN_POINT ( 'NONE',  ( -1.430999999999999606, -5.223600000000002019, -3.779696404344232263 ) ) ;
#3842 = CARTESIAN_POINT ( 'NONE',  ( 2.885977304051153602, -15.00555694826952191, 0.6662803598157099882 ) ) ;
#3843 = LINE ( 'NONE', #68, #3036 ) ;
#3844 = EDGE_LOOP ( 'NONE', ( #2337, #1158, #1251, #4502, #4825 ) ) ;
#3845 = PLANE ( 'NONE',  #4042 ) ;
#3846 = CARTESIAN_POINT ( 'NONE',  ( -3.396081006805117042, -6.023600000000001842, 9.330655880835756477 ) ) ;
#3847 = CARTESIAN_POINT ( 'NONE',  ( 0.5910229830588181743, -20.01997435214189736, 1.533100681304946589 ) ) ;
#3848 = CARTESIAN_POINT ( 'NONE',  ( -4.152103377600901979, -5.223600000000002019, 11.46161299477978446 ) ) ;
#3849 = CARTESIAN_POINT ( 'NONE',  ( -3.899014941935394774, -8.223600000000001131, 7.955125098071150092 ) ) ;
#3850 = B_SPLINE_CURVE_WITH_KNOTS ( 'NONE', 3,
 ( #4146, #3691, #4542, #445, #3289, #3715, #48, #498 ),
 .UNSPECIFIED., .F., .F.,
 ( 4, 2, 2, 4 ),
 ( 8.673617379884035472E-19, 0.0002391916010718477925, 0.0004783832021436947176, 0.0009567664042873894352 ),
 .UNSPECIFIED. ) ;
#3851 = CARTESIAN_POINT ( 'NONE',  ( 3.875979752522320521, -8.228637546900971600, 7.965848534062822672 ) ) ;
#3852 = CARTESIAN_POINT ( 'NONE',  ( 3.154564618061144188, -6.798161590276558641, -0.6310000000000240972 ) ) ;
#3853 = CARTESIAN_POINT ( 'NONE',  ( -3.388595049834602690, -6.608532951990844673, 12.47831686208471247 ) ) ;
#3854 = ORIENTED_EDGE ( 'NONE', *, *, #58, .F. ) ;
#3855 = CARTESIAN_POINT ( 'NONE',  ( 0.6310000000000006715, -8.851919802072238497, 3.089420301609806074 ) ) ;
#3856 = ORIENTED_EDGE ( 'NONE', *, *, #158, .T. ) ;
#3857 = CARTESIAN_POINT ( 'NONE',  ( 2.563748523948012892, -5.235655270935806627, 8.730128065609859433 ) ) ;
#3858 = CARTESIAN_POINT ( 'NONE',  ( 4.074161836859265584, -6.023600000000001842, 11.19366764997448982 ) ) ;
#3859 = AXIS2_PLACEMENT_3D ( 'NONE', #3768, #1810, #3015 ) ;
#3860 = CARTESIAN_POINT ( 'NONE',  ( -3.395905599118074658, -6.066457142857142770, 9.330173952176407326 ) ) ;
#3861 = EDGE_CURVE ( 'NONE', #4370, #1471, #2564, .T. ) ;
#3862 = ORIENTED_EDGE ( 'NONE', *, *, #3785, .T. ) ;
#3863 = CARTESIAN_POINT ( 'NONE',  ( -10.94999999999999929, -5.523600000000001842, 2.234732007287768374E-15 ) ) ;
#3864 = ORIENTED_EDGE ( 'NONE', *, *, #3639, .T. ) ;
#3865 = CARTESIAN_POINT ( 'NONE',  ( 0.6309999999999998943, -6.023600000000001842, -3.089420301609853592 ) ) ;
#3866 = CARTESIAN_POINT ( 'NONE',  ( -6.776263578034402713E-18, -6.023600000000001842, 9.635293592964444542 ) ) ;
#3867 = CARTESIAN_POINT ( 'NONE',  ( 0.8236578360281904265, -21.64711136567074945, 1.084511215289987396 ) ) ;
#3868 = CARTESIAN_POINT ( 'NONE',  ( -0.9225176530322014568, -21.64279571140307823, 0.8287914863514002084 ) ) ;
#3869 = CARTESIAN_POINT ( 'NONE',  ( 1.431000000000000050, -5.223600000000002019, -3.779696404344232263 ) ) ;
#3870 = ORIENTED_EDGE ( 'NONE', *, *, #1424, .T. ) ;
#3871 = ADVANCED_FACE ( 'NONE', ( #4750 ), #2829, .F. ) ;
#3872 = CARTESIAN_POINT ( 'NONE',  ( 0.6737891762558393394, -22.61291256449921505, 0.7200576025099776345 ) ) ;
#3873 = AXIS2_PLACEMENT_3D ( 'NONE', #3233, #4138, #2552 ) ;
#3874 = ORIENTED_EDGE ( 'NONE', *, *, #1653, .T. ) ;
#3875 = CARTESIAN_POINT ( 'NONE',  ( 0.7120632383881650984, -20.61166130683501763, 0.7021574484855829246 ) ) ;
#3876 = CARTESIAN_POINT ( 'NONE',  ( -4.126345861049580677, -5.223600000000001131, 11.32140295958730647 ) ) ;
#3877 = DIRECTION ( 'NONE',  ( -2.040851148208007998E-16, 0.000000000000000000, -1.000000000000000000 ) ) ;
#3878 = CARTESIAN_POINT ( 'NONE',  ( 3.661669275515470279, -5.845918611352998617, 8.499999999999998224 ) ) ;
#3879 = LINE ( 'NONE', #157, #853 ) ;
#3880 = B_SPLINE_CURVE_WITH_KNOTS ( 'NONE', 3,
 ( #786, #16, #4056, #5228, #1554, #4509, #3204, #4829, #1157, #4434, #4030, #1998, #436, #4881, #1207, #1631 ),
 .UNSPECIFIED., .F., .F.,
 ( 4, 2, 2, 2, 2, 2, 2, 4 ),
 ( 0.0009903565932369070429, 0.001463018664526395457, 0.001935680735815883654, 0.002881004878394861565, 0.003353666949684350196, 0.003826329020973837959, 0.004298991092263326590, 0.004771653163552815220 ),
 .UNSPECIFIED. ) ;
#3881 = ORIENTED_EDGE ( 'NONE', *, *, #1755, .T. ) ;
#3882 = ADVANCED_FACE ( 'NONE', ( #3031 ), #4740, .F. ) ;
#3883 = CARTESIAN_POINT ( 'NONE',  ( 1.330507207058714281, -9.138939787567483819, 2.853093912904149931 ) ) ;
#3884 = ORIENTED_EDGE ( 'NONE', *, *, #1293, .F. ) ;
#3885 = CIRCLE ( 'NONE', #2855, 0.9999999999999994449 ) ;
#3886 = FACE_OUTER_BOUND ( 'NONE', #2579, .T. ) ;
#3887 = CARTESIAN_POINT ( 'NONE',  ( 4.126073350802015760, -5.223600000000002019, 11.32073563455430154 ) ) ;
#3888 = CARTESIAN_POINT ( 'NONE',  ( -3.044916548832958814, -13.84998063386113110, 8.365839462042231389 ) ) ;
#3889 = EDGE_CURVE ( 'NONE', #3181, #2610, #3087, .T. ) ;
#3890 = EDGE_LOOP ( 'NONE', ( #2688, #1685, #1650, #1556, #4213, #3455 ) ) ;
#3891 = CARTESIAN_POINT ( 'NONE',  ( -4.019034538076888374, -8.523600000000001842, 8.200000000000001066 ) ) ;
#3892 = ORIENTED_EDGE ( 'NONE', *, *, #3315, .T. ) ;
#3893 = EDGE_CURVE ( 'NONE', #807, #2629, #2430, .T. ) ;
#3894 = ADVANCED_FACE ( 'NONE', ( #1916 ), #3122, .T. ) ;
#3895 = CARTESIAN_POINT ( 'NONE',  ( 0.000000000000000000, -14.69295884451307543, 7.200338303317392885 ) ) ;
#3896 = AXIS2_PLACEMENT_3D ( 'NONE', #3178, #1919, #3152 ) ;
#3897 = ADVANCED_FACE ( 'NONE', ( #2270 ), #4990, .F. ) ;
#3898 = CARTESIAN_POINT ( 'NONE',  ( 0.9302674037597612466, -21.63896670154731083, 0.8065207680000273660 ) ) ;
#3899 = CARTESIAN_POINT ( 'NONE',  ( 0.3200473221973037519, -22.10682619944340388, 1.002654534210759785 ) ) ;
#3900 = DIRECTION ( 'NONE',  ( 0.000000000000000000, 0.000000000000000000, 1.000000000000000000 ) ) ;
#3901 = AXIS2_PLACEMENT_3D ( 'NONE', #3769, #5104, #3395 ) ;
#3902 = DIRECTION ( 'NONE',  ( 0.000000000000000000, 0.000000000000000000, -1.000000000000000000 ) ) ;
#3903 = EDGE_LOOP ( 'NONE', ( #4907, #2242, #4555, #2103, #2043, #3457 ) ) ;
#3904 = B_SPLINE_CURVE_WITH_KNOTS ( 'NONE', 3,
 ( #4328, #3500, #3124, #3470, #5120, #2770, #4780, #1948, #4299, #598, #3526, #3554, #3868, #3952, #5094, #3061, #1478, #659, #4696, #2694, #629, #3090, #4722, #2296, #4754, #4354, #5174, #1504, #737, #1552 ),
 .UNSPECIFIED., .F., .F.,
 ( 4, 2, 2, 2, 2, 2, 2, 2, 2, 2, 2, 2, 2, 2, 4 ),
 ( 0.004608656848791635972, 0.004891490609723687412, 0.005174324370655739719, 0.005457158131587791158, 0.005739991892519842598, 0.005881408772985869185, 0.005952117213218881611, 0.006022825653451894905, 0.006093534093684908198, 0.006164242533917920625, 0.006305659414383954151, 0.006588493175316022937, 0.006871326936248090857, 0.008002661979976356463, 0.009133997023704622936 ),
 .UNSPECIFIED. ) ;
#3905 = CARTESIAN_POINT ( 'NONE',  ( 0.9452439323687493733, -20.06385718835277387, 2.162811276364402957 ) ) ;
#3906 = CARTESIAN_POINT ( 'NONE',  ( 3.887600974579000113, -8.495069740634006550, 7.931837283190304788 ) ) ;
#3907 = LINE ( 'NONE', #1841, #4859 ) ;
#3908 = CARTESIAN_POINT ( 'NONE',  ( 0.06453186880308403595, -20.29227774462448153, 0.8501881516554644636 ) ) ;
#3909 = CARTESIAN_POINT ( 'NONE',  ( -0.7765124805550648324, -22.46263221286040590, 0.6301225942644553824 ) ) ;
#3910 = DIRECTION ( 'NONE',  ( 0.9877537189365745984, 0.000000000000000000, -0.1560211226948656493 ) ) ;
#3911 = CARTESIAN_POINT ( 'NONE',  ( 3.850024544417804506, -8.494772753030231272, 7.950175863090716888 ) ) ;
#3912 = CARTESIAN_POINT ( 'NONE',  ( 11.25000000000000178, -5.444307619628869332, -4.133150205686561898E-15 ) ) ;
#3913 = ORIENTED_EDGE ( 'NONE', *, *, #1755, .F. ) ;
#3914 = FACE_OUTER_BOUND ( 'NONE', #222, .T. ) ;
#3915 = ORIENTED_EDGE ( 'NONE', *, *, #4674, .F. ) ;
#3916 = CARTESIAN_POINT ( 'NONE',  ( -3.350101400371523486, -7.913994611536743662, 8.500000000000000000 ) ) ;
#3917 = DIRECTION ( 'NONE',  ( -0.000000000000000000, -1.000000000000000000, -0.000000000000000000 ) ) ;
#3918 = VERTEX_POINT ( 'NONE', #4296 ) ;
#3919 = CARTESIAN_POINT ( 'NONE',  ( -1.157010783096828144, -21.18017553209466897, -0.1827562052259701364 ) ) ;
#3920 = ORIENTED_EDGE ( 'NONE', *, *, #485, .T. ) ;
#3921 = CARTESIAN_POINT ( 'NONE',  ( 3.373741367687071779, -6.042830187817208376, 8.715453195107290441 ) ) ;
#3922 = CARTESIAN_POINT ( 'NONE',  ( -0.6671151808343989131, -20.59600754862729843, 0.1649429704033227029 ) ) ;
#3923 = ADVANCED_FACE ( 'NONE', ( #626 ), #3272, .F. ) ;
#3924 = CARTESIAN_POINT ( 'NONE',  ( -0.5464279819826406426, -22.72376485024241788, 0.7882928171388922101 ) ) ;
#3925 = CARTESIAN_POINT ( 'NONE',  ( -0.2546532291702794382, -20.60625818956649979, -0.05952038208821434917 ) ) ;
#3926 = DIRECTION ( 'NONE',  ( -0.000000000000000000, -1.000000000000000000, -0.000000000000000000 ) ) ;
#3927 = EDGE_LOOP ( 'NONE', ( #3373, #4716, #1014, #1362, #3028, #3118, #3329, #3141, #11, #3255, #1030, #4830, #4331, #33, #2860, #421, #4435 ) ) ;
#3928 = CARTESIAN_POINT ( 'NONE',  ( 3.300139433422993207, -8.516443528472938951, 12.23668780311588833 ) ) ;
#3929 = B_SPLINE_CURVE_WITH_KNOTS ( 'NONE', 3,
 ( #4206, #2180, #832, #3939, #4685, #3075, #5051 ),
 .UNSPECIFIED., .F., .F.,
 ( 4, 3, 4 ),
 ( 0.003821923036320963672, 0.006146774710475097839, 0.006651664720330704647 ),
 .UNSPECIFIED. ) ;
#3930 = CARTESIAN_POINT ( 'NONE',  ( -2.805402017151704008, -5.213633082191758028, 8.586386887850235183 ) ) ;
#3931 = ORIENTED_EDGE ( 'NONE', *, *, #510, .T. ) ;
#3932 = CARTESIAN_POINT ( 'NONE',  ( 0.3387694093742513179, -20.61166130683468012, -0.2087410132235889559 ) ) ;
#3933 = CARTESIAN_POINT ( 'NONE',  ( -0.06066215012663155048, -6.023600000000001842, -0.06066215012660750028 ) ) ;
#3934 = ADVANCED_FACE ( 'NONE', ( #3291 ), #4917, .T. ) ;
#3935 = CARTESIAN_POINT ( 'NONE',  ( -3.295455100569805396, -8.584772765756230939, 12.22389357628237860 ) ) ;
#3936 = CIRCLE ( 'NONE', #1790, 0.8000000000000000444 ) ;
#3937 = CARTESIAN_POINT ( 'NONE',  ( -2.170669854362770490, -12.20178778921884444, -0.5011386228075155325 ) ) ;
#3938 = VERTEX_POINT ( 'NONE', #1349 ) ;
#3939 = CARTESIAN_POINT ( 'NONE',  ( 0.6310000000000006715, -8.347283722441604326, 3.105431218849834085 ) ) ;
#3940 = ORIENTED_EDGE ( 'NONE', *, *, #133, .F. ) ;
#3941 = EDGE_CURVE ( 'NONE', #1676, #3348, #1236, .T. ) ;
#3942 = LINE ( 'NONE', #4712, #3011 ) ;
#3943 = CARTESIAN_POINT ( 'NONE',  ( -3.089420301609840713, -5.904882757158243400, -0.6310000000000366427 ) ) ;
#3944 = CARTESIAN_POINT ( 'NONE',  ( -3.109247569739309380, -5.223600000000002019, 8.466104845450280081 ) ) ;
#3945 = EDGE_LOOP ( 'NONE', ( #4137, #1344, #2658, #2656, #2336 ) ) ;
#3946 = CARTESIAN_POINT ( 'NONE',  ( 10.94999999999999929, -7.923600000000001309, -2.234732007287768374E-15 ) ) ;
#3947 = EDGE_LOOP ( 'NONE', ( #731, #798, #161, #2397, #2285 ) ) ;
#3948 = CARTESIAN_POINT ( 'NONE',  ( 3.285310639283860024, -6.058716998635822470, 9.026316797326332519 ) ) ;
#3949 = AXIS2_PLACEMENT_3D ( 'NONE', #4543, #4916, #850 ) ;
#3950 = DIRECTION ( 'NONE',  ( -0.000000000000000000, -1.000000000000000000, -0.000000000000000000 ) ) ;
#3951 = CARTESIAN_POINT ( 'NONE',  ( -0.7558297897180218383, -22.47879893595193579, 0.6440168708387247198 ) ) ;
#3952 = CARTESIAN_POINT ( 'NONE',  ( -0.9385760419841788771, -21.63227511641177259, 0.7837530128677122621 ) ) ;
#3953 = CARTESIAN_POINT ( 'NONE',  ( 2.277625789418005642, -15.48761608656916344, 9.448265941125310263 ) ) ;
#3954 = VERTEX_POINT ( 'NONE', #2618 ) ;
#3955 =( LENGTH_UNIT ( ) NAMED_UNIT ( * ) SI_UNIT ( .MILLI., .METRE. ) );
#3956 = EDGE_CURVE ( 'NONE', #3250, #2629, #2561, .T. ) ;
#3957 = CARTESIAN_POINT ( 'NONE',  ( -2.923530743448869984, -5.411291795017101336, 8.866034415393976076 ) ) ;
#3958 = ORIENTED_EDGE ( 'NONE', *, *, #5230, .T. ) ;
#3959 = CARTESIAN_POINT ( 'NONE',  ( 1.179524379157724123, -20.61166130683681885, 1.488524013457401596 ) ) ;
#3960 = DIRECTION ( 'NONE',  ( 1.775418605495239007E-15, 0.000000000000000000, -1.000000000000000000 ) ) ;
#3961 = DIRECTION ( 'NONE',  ( 0.000000000000000000, 1.000000000000000000, 0.000000000000000000 ) ) ;
#3962 = EDGE_CURVE ( 'NONE', #4478, #704, #2763, .T. ) ;
#3963 = CIRCLE ( 'NONE', #2082, 12.95327247724426023 ) ;
#3964 = CARTESIAN_POINT ( 'NONE',  ( 1.204570129892799102, -19.45565422729224636, 5.786900117992574089 ) ) ;
#3965 = CARTESIAN_POINT ( 'NONE',  ( 3.045144533672432097, -5.516630524880290487, 8.833880597578593452 ) ) ;
#3966 = DIRECTION ( 'NONE',  ( -0.9396926207859082059, 0.000000000000000000, -0.3420201433256692125 ) ) ;
#3967 =( BOUNDED_SURFACE ( )  B_SPLINE_SURFACE ( 3, 2, ( 
 ( #3995, #2431, #1567 ),
 ( #3218, #4392, #4843 ),
 ( #768, #1144, #2784 ),
 ( #2384, #4016, #4067 ) ),
 .UNSPECIFIED., .F., .F., .F. ) 
 B_SPLINE_SURFACE_WITH_KNOTS ( ( 4, 4 ),
 ( 3, 3 ),
 ( -7.860465750519907147E-19, 0.0003299185307384656625 ),
 ( 0.000000000000000000, 1.000000000000000000 ),
 .UNSPECIFIED. ) 
 GEOMETRIC_REPRESENTATION_ITEM ( )  RATIONAL_B_SPLINE_SURFACE ( (
 ( 1.000000000000000000, 0.6568757681177206376, 1.000000000000000000),
 ( 1.000000000000000000, 0.6641521592517658501, 1.000000000000000000),
 ( 1.000000000000000000, 0.6670307070477488054, 1.000000000000000000),
 ( 1.000000000000000000, 0.6614944293705798950, 1.000000000000000000) ) ) 
 REPRESENTATION_ITEM ( '' )  SURFACE ( )  );
#3968 = AXIS2_PLACEMENT_3D ( 'NONE', #3192, #3650, #3168 ) ;
#3969 = EDGE_LOOP ( 'NONE', ( #2950, #1678, #3674 ) ) ;
#3970 = ORIENTED_EDGE ( 'NONE', *, *, #5142, .T. ) ;
#3971 = B_SPLINE_CURVE_WITH_KNOTS ( 'NONE', 3,
 ( #4218, #2956, #4587, #4194, #542, #3007, #3035 ),
 .UNSPECIFIED., .F., .F.,
 ( 4, 3, 4 ),
 ( 0.003821923036320963672, 0.006146774710475097839, 0.006651664720330107035 ),
 .UNSPECIFIED. ) ;
#3972 = CARTESIAN_POINT ( 'NONE',  ( 3.850024544417803174, -8.494772753030204626, 7.950175863090718664 ) ) ;
#3973 = CARTESIAN_POINT ( 'NONE',  ( 3.322407740230536533, -5.223600000000002019, 11.46728376463501853 ) ) ;
#3974 = CARTESIAN_POINT ( 'NONE',  ( -2.534180680571456179, -16.76201401644721400, 6.551846127199901559 ) ) ;
#3975 =( BOUNDED_SURFACE ( )  B_SPLINE_SURFACE ( 3, 2, ( 
 ( #4689, #5056, #220 ),
 ( #245, #590, #3888 ),
 ( #1017, #2238, #1766 ),
 ( #1043, #4631, #1361 ),
 ( #3081, #2265, #1855 ),
 ( #1415, #4210, #3860 ) ),
 .UNSPECIFIED., .F., .F., .F. ) 
 B_SPLINE_SURFACE_WITH_KNOTS ( ( 4, 2, 4 ),
 ( 3, 3 ),
 ( 0.000000000000000000, 0.004708793036641171180, 0.009417586073282342360 ),
 ( 0.000000000000000000, 1.000000000000000000 ),
 .UNSPECIFIED. ) 
 GEOMETRIC_REPRESENTATION_ITEM ( )  RATIONAL_B_SPLINE_SURFACE ( (
 ( 1.000000000000000000, 0.7458713068147538872, 1.000000000000000000),
 ( 1.000000000000000000, 0.7443725714442946950, 1.000000000000000000),
 ( 1.000000000000000000, 0.7434131063974086517, 1.000000000000000000),
 ( 1.000000000000000000, 0.7421119110417434550, 1.000000000000000000),
 ( 1.000000000000000000, 0.7417761686687699418, 1.000000000000000000),
 ( 1.000000000000000000, 0.7416805518586138124, 1.000000000000000000) ) ) 
 REPRESENTATION_ITEM ( '' )  SURFACE ( )  );
#3976 = CONICAL_SURFACE ( 'NONE', #2352, 2.961890362146194722, 1.038152319793243183 ) ;
#3977 = ORIENTED_EDGE ( 'NONE', *, *, #4765, .F. ) ;
#3978 = CARTESIAN_POINT ( 'NONE',  ( 2.195012587036490105E-16, -15.69496271135054499, -1.792363797108475376 ) ) ;
#3979 = ORIENTED_EDGE ( 'NONE', *, *, #3472, .T. ) ;
#3980 = EDGE_CURVE ( 'NONE', #5206, #1417, #1538, .T. ) ;
#3981 = CARTESIAN_POINT ( 'NONE',  ( 0.9806501191933505446, -21.49333822618940815, 0.7517717221728440480 ) ) ;
#3982 = CARTESIAN_POINT ( 'NONE',  ( 0.2780477052386189363, -22.11078486096756990, 1.012626948535700233 ) ) ;
#3983 = CARTESIAN_POINT ( 'NONE',  ( -1.775646999949942948E-16, -20.55091524738701025, 0.2549999999999998379 ) ) ;
#3984 = DIRECTION ( 'NONE',  ( 0.03688416003543214944, 0.9993195478616841987, 0.000000000000000000 ) ) ;
#3985 = VERTEX_POINT ( 'NONE', #4569 ) ;
#3986 = CARTESIAN_POINT ( 'NONE',  ( 1.109567248683040797, -21.16060833433267874, 0.3837745045682265932 ) ) ;
#3987 = CIRCLE ( 'NONE', #2193, 3.225122630638384891 ) ;
#3988 = CARTESIAN_POINT ( 'NONE',  ( -0.6309999999999998943, -6.798161590276558641, -3.154564618061149073 ) ) ;
#3989 = CARTESIAN_POINT ( 'NONE',  ( 11.25000000000000178, -8.099335931288072388, 8.499999999999996447 ) ) ;
#3990 = DIRECTION ( 'NONE',  ( 0.000000000000000000, 0.000000000000000000, 1.000000000000000000 ) ) ;
#3991 = CARTESIAN_POINT ( 'NONE',  ( -2.900849987599875224, -17.05166455119003999, 7.970019838155612213 ) ) ;
#3992 = VECTOR ( 'NONE', #4976, 1000.000000000000000 ) ;
#3993 = CARTESIAN_POINT ( 'NONE',  ( 1.044249981478439171, -19.08051392770788723, 6.114397565853318284 ) ) ;
#3994 = EDGE_CURVE ( 'NONE', #4768, #5246, #581, .T. ) ;
#3995 = CARTESIAN_POINT ( 'NONE',  ( -1.157010783096806605, -21.18017553209482173, -0.1827562052259667225 ) ) ;
#3996 = CARTESIAN_POINT ( 'NONE',  ( -3.097991940708186398, -16.80222050894369445, 6.260721271594083426 ) ) ;
#3997 = EDGE_CURVE ( 'NONE', #1541, #1827, #3481, .T. ) ;
#3998 = ORIENTED_EDGE ( 'NONE', *, *, #4952, .F. ) ;
#3999 = CYLINDRICAL_SURFACE ( 'NONE', #3968, 0.8999999999999998002 ) ;
#4000 = B_SPLINE_CURVE_WITH_KNOTS ( 'NONE', 3,
 ( #3627, #5245, #2042, #1227, #3675, #1626, #2866, #705 ),
 .UNSPECIFIED., .F., .F.,
 ( 4, 2, 2, 4 ),
 ( -8.582302023812326839E-06, 0.001532708559712828416, 0.002303353990581148529, 0.003073999421449469076 ),
 .UNSPECIFIED. ) ;
#4001 = CARTESIAN_POINT ( 'NONE',  ( -3.568526744765995851, -5.672783287467518143, 8.500000000000000000 ) ) ;
#4002 = ORIENTED_EDGE ( 'NONE', *, *, #1266, .T. ) ;
#4003 = CARTESIAN_POINT ( 'NONE',  ( 3.028642594147100908, -5.223600000000002019, 8.282213688391204087 ) ) ;
#4004 = EDGE_LOOP ( 'NONE', ( #4109, #643, #195, #2977, #4232, #615 ) ) ;
#4005 = CARTESIAN_POINT ( 'NONE',  ( -0.1624609862034862573, -20.82241450834888852, 0.000000000000000000 ) ) ;
#4006 = CARTESIAN_POINT ( 'NONE',  ( -0.9768445371719364223, -21.52798736712947303, 0.7333274780554157601 ) ) ;
#4007 = CARTESIAN_POINT ( 'NONE',  ( 3.179826021775935541, -5.998740736633152437, -0.6313863326425571687 ) ) ;
#4008 = DIRECTION ( 'NONE',  ( 0.000000000000000000, 0.000000000000000000, 1.000000000000000000 ) ) ;
#4009 = ORIENTED_EDGE ( 'NONE', *, *, #4284, .F. ) ;
#4010 = DIRECTION ( 'NONE',  ( 0.01446297355477386276, -0.9998954057279961782, 0.000000000000000000 ) ) ;
#4011 = LINE ( 'NONE', #4759, #3708 ) ;
#4012 = CARTESIAN_POINT ( 'NONE',  ( 3.395905599118098639, -6.066457142857145435, 9.330173952176393115 ) ) ;
#4013 = CARTESIAN_POINT ( 'NONE',  ( -3.213447690337499107, -5.223600000000002019, 11.72171850692859785 ) ) ;
#4014 = CARTESIAN_POINT ( 'NONE',  ( -3.980187398764564399, -8.223450211194027304, 8.209478968662152099 ) ) ;
#4015 = CARTESIAN_POINT ( 'NONE',  ( 0.9944469889590595857, -19.45565425971499351, 5.822786072785376632 ) ) ;
#4016 = CARTESIAN_POINT ( 'NONE',  ( -1.205623204704120655, -20.60352363274577669, 0.3418141164561609435 ) ) ;
#4017 = CARTESIAN_POINT ( 'NONE',  ( 11.02880496164289781, -5.223600000000002908, 0.01306851928301041091 ) ) ;
#4018 = ORIENTED_EDGE ( 'NONE', *, *, #1865, .T. ) ;
#4019 = EDGE_CURVE ( 'NONE', #3154, #4818, #2000, .T. ) ;
#4020 = CARTESIAN_POINT ( 'NONE',  ( -3.309095192506264382, -8.089336943667882807, 8.734821241605347453 ) ) ;
#4021 = CARTESIAN_POINT ( 'NONE',  ( -3.213448819892546382, -5.612579086213836277, 9.153828775135433915 ) ) ;
#4022 = CARTESIAN_POINT ( 'NONE',  ( -2.126116427130144704, -17.97754136672251590, 6.614010688298336049 ) ) ;
#4023 = ORIENTED_EDGE ( 'NONE', *, *, #4866, .F. ) ;
#4024 = VECTOR ( 'NONE', #3461, 1000.000000000000000 ) ;
#4025 = DIRECTION ( 'NONE',  ( 0.000000000000000000, 0.000000000000000000, 1.000000000000000000 ) ) ;
#4026 = ORIENTED_EDGE ( 'NONE', *, *, #1562, .T. ) ;
#4027 = ADVANCED_FACE ( 'NONE', ( #2964 ), #3382, .F. ) ;
#4028 = CARTESIAN_POINT ( 'NONE',  ( -0.08226810138923357218, -20.81259078729983258, 0.000000000000000000 ) ) ;
#4029 = CARTESIAN_POINT ( 'NONE',  ( -1.204767240217467839, -18.81902591343346387, 0.8999865728523752662 ) ) ;
#4030 = CARTESIAN_POINT ( 'NONE',  ( 1.601078896409715568, -9.216641532662588787, -2.707684915284565452 ) ) ;
#4031 = ORIENTED_EDGE ( 'NONE', *, *, #4121, .F. ) ;
#4032 = FACE_OUTER_BOUND ( 'NONE', #4710, .T. ) ;
#4033 = CARTESIAN_POINT ( 'NONE',  ( -3.326886955066457485, -8.256132381991301727, 8.614819509151839583 ) ) ;
#4034 = CIRCLE ( 'NONE', #3949, 0.2999999999999995448 ) ;
#4035 = LINE ( 'NONE', #868, #438 ) ;
#4036 = EDGE_CURVE ( 'NONE', #4258, #489, #2786, .T. ) ;
#4037 = EDGE_CURVE ( 'NONE', #2076, #3228, #3129, .T. ) ;
#4038 = CARTESIAN_POINT ( 'NONE',  ( 2.727345031988386292, -17.84415111259604458, 6.000784514052274865 ) ) ;
#4039 = CARTESIAN_POINT ( 'NONE',  ( -3.604715310073144163, -8.035253781306231247, 8.483753120546962734 ) ) ;
#4040 = CARTESIAN_POINT ( 'NONE',  ( -3.089420301609846042, -8.851919802070742804, -0.6310000000000375309 ) ) ;
#4041 = ORIENTED_EDGE ( 'NONE', *, *, #3070, .T. ) ;
#4042 = AXIS2_PLACEMENT_3D ( 'NONE', #180, #4617, #1690 ) ;
#4043 = CARTESIAN_POINT ( 'NONE',  ( 0.2405800382647002578, -20.83844312179375535, 0.000000000000000000 ) ) ;
#4044 = DIRECTION ( 'NONE',  ( -0.000000000000000000, -1.000000000000000000, -0.000000000000000000 ) ) ;
#4045 = CARTESIAN_POINT ( 'NONE',  ( -3.258093916291565861, -5.855892182548425140, 8.987527843470051181 ) ) ;
#4046 = VECTOR ( 'NONE', #389, 1000.000000000000000 ) ;
#4047 = CARTESIAN_POINT ( 'NONE',  ( -2.305034277837217704, -17.75890863999485347, 6.228094921900159342 ) ) ;
#4048 = ORIENTED_EDGE ( 'NONE', *, *, #3431, .T. ) ;
#4049 = CARTESIAN_POINT ( 'NONE',  ( 1.044249981478541534, -19.08051392770500243, 6.114397565854504890 ) ) ;
#4050 = ORIENTED_EDGE ( 'NONE', *, *, #4433, .F. ) ;
#4051 = CARTESIAN_POINT ( 'NONE',  ( 0.000000000000000000, -14.69295884451307543, 7.200338303317392885 ) ) ;
#4052 = CARTESIAN_POINT ( 'NONE',  ( -1.126372155203470005, -20.99534713271252429, 0.4053684366117258908 ) ) ;
#4053 = AXIS2_PLACEMENT_3D ( 'NONE', #4397, #401, #4472 ) ;
#4054 = EDGE_CURVE ( 'NONE', #2323, #781, #778, .T. ) ;
#4055 = EDGE_CURVE ( 'NONE', #2131, #1942, #4454, .T. ) ;
#4056 = CARTESIAN_POINT ( 'NONE',  ( 3.017467276335156878, -8.982171990838786257, -0.9133295318431707832 ) ) ;
#4057 = EDGE_LOOP ( 'NONE', ( #202, #1652, #2745 ) ) ;
#4058 = CIRCLE ( 'NONE', #2939, 8.833316705776791622 ) ;
#4059 = CARTESIAN_POINT ( 'NONE',  ( 2.949504610657603276, -5.484603033834348551, 8.680052310556970241 ) ) ;
#4060 = CARTESIAN_POINT ( 'NONE',  ( 0.5969527418216418191, -20.48409668431225938, 0.6628210700719410209 ) ) ;
#4061 = CARTESIAN_POINT ( 'NONE',  ( 2.663111012927003696, -5.223600000000002019, 8.512602875817352199 ) ) ;
#4062 = EDGE_CURVE ( 'NONE', #4402, #1125, #3048, .T. ) ;
#4063 = CARTESIAN_POINT ( 'NONE',  ( 3.333741034370011569, -9.216328201859296243, 9.159378214240801341 ) ) ;
#4064 = CARTESIAN_POINT ( 'NONE',  ( 2.757434606834787250, -5.316182033631384307, 8.694889986450826669 ) ) ;
#4065 = VECTOR ( 'NONE', #946, 1000.000000000000000 ) ;
#4066 = VECTOR ( 'NONE', #3337, 1000.000000000000000 ) ;
#4067 = CARTESIAN_POINT ( 'NONE',  ( -0.6671151808332353994, -20.59600754862629302, 0.1649429704008613662 ) ) ;
#4068 = CYLINDRICAL_SURFACE ( 'NONE', #1803, 1.792363797108475598 ) ;
#4069 = AXIS2_PLACEMENT_3D ( 'NONE', #115, #916, #4556 ) ;
#4070 = ORIENTED_EDGE ( 'NONE', *, *, #3084, .F. ) ;
#4071 = CARTESIAN_POINT ( 'NONE',  ( -0.1462148875831374151, -10.22360000000000291, 8.746151324363943047 ) ) ;
#4072 = CARTESIAN_POINT ( 'NONE',  ( -3.309879745670691431, -8.000731588648283932, 8.760606327005064031 ) ) ;
#4073 = CARTESIAN_POINT ( 'NONE',  ( -3.368890233183617688, -5.950593994737254810, 8.713015286557819650 ) ) ;
#4074 = CARTESIAN_POINT ( 'NONE',  ( -1.241381558874947055, -5.223600000000001131, 3.648675259615935751 ) ) ;
#4075 = VERTEX_POINT ( 'NONE', #1380 ) ;
#4076 = DIRECTION ( 'NONE',  ( 1.678114533206139807E-17, 0.9905671121878985019, -0.1370284505193259394 ) ) ;
#4077 = VERTEX_POINT ( 'NONE', #5048 ) ;
#4078 = CARTESIAN_POINT ( 'NONE',  ( 1.643243917673342658E-16, -20.81035036234944613, 0.000000000000000000 ) ) ;
#4079 = CARTESIAN_POINT ( 'NONE',  ( -1.163260805892951000, -20.54324686467276706, 0.4844811465628255376 ) ) ;
#4080 = DIRECTION ( 'NONE',  ( 0.000000000000000000, 1.000000000000000000, -0.000000000000000000 ) ) ;
#4081 = CARTESIAN_POINT ( 'NONE',  ( 3.111294571240719176, -5.789346611370203455, 0.6580256276121918546 ) ) ;
#4082 = ORIENTED_EDGE ( 'NONE', *, *, #1164, .F. ) ;
#4083 = CARTESIAN_POINT ( 'NONE',  ( 0.000000000000000000, -13.46581578397376511, 1.792363797108476042 ) ) ;
#4084 = CIRCLE ( 'NONE', #4770, 0.3200000000000008393 ) ;
#4085 = CARTESIAN_POINT ( 'NONE',  ( 3.678879198027563469, -11.35451489430606742, 10.10763752548195704 ) ) ;
#4086 = CARTESIAN_POINT ( 'NONE',  ( -2.663111012927104948, -5.223600000000002019, 8.512602875817371739 ) ) ;
#4087 = CARTESIAN_POINT ( 'NONE',  ( 3.395905599118098639, -6.066457142857145435, 9.330173952176393115 ) ) ;
#4088 = B_SPLINE_CURVE_WITH_KNOTS ( 'NONE', 3,
 ( #226, #4694, #2661, #1887, #307, #595, #1079, #1860, #2244, #4297, #3981, #627, #276, #2717, #2271, #3898, #3497, #1448, #3088, #4720, #1050, #4352, #3579, #4777, #5198, #2691, #2347, #4326 ),
 .UNSPECIFIED., .F., .F.,
 ( 4, 2, 2, 2, 2, 2, 2, 2, 2, 2, 2, 2, 2, 4 ),
 ( 4.615187714156364613E-18, 0.001152164212197927858, 0.002304328424395851380, 0.002880410530494812923, 0.003024431057019549406, 0.003096441320281917431, 0.003168451583544285455, 0.003240461846806653480, 0.003312472110069021938, 0.003456492636593757120, 0.003744533689643226616, 0.004032574742692696113, 0.004320615795742165609, 0.004608656848791635972 ),
 .UNSPECIFIED. ) ;
#4089 = CARTESIAN_POINT ( 'NONE',  ( 5.601338295965375025, -1.980173226765838734, -1.293170840271852695 ) ) ;
#4090 = CARTESIAN_POINT ( 'NONE',  ( 0.000000000000000000, -5.998740736633151549, 3.241904105585356355 ) ) ;
#4091 = FACE_OUTER_BOUND ( 'NONE', #3945, .T. ) ;
#4092 = AXIS2_PLACEMENT_3D ( 'NONE', #1284, #3303, #2047 ) ;
#4093 = ORIENTED_EDGE ( 'NONE', *, *, #3217, .T. ) ;
#4094 = APPLICATION_CONTEXT ( 'automotive_design' ) ;
#4095 = CARTESIAN_POINT ( 'NONE',  ( -0.2245413690470533241, -14.70232309766117851, 7.217193958983975755 ) ) ;
#4096 = LINE ( 'NONE', #4151, #962 ) ;
#4097 = CARTESIAN_POINT ( 'NONE',  ( -0.4041873373551821969, -20.17476977666484572, 1.153625033118947707 ) ) ;
#4098 = CARTESIAN_POINT ( 'NONE',  ( -3.187009908993384322, -5.223600000000002019, 11.72890234814083499 ) ) ;
#4099 = ORIENTED_EDGE ( 'NONE', *, *, #2230, .T. ) ;
#4100 = CARTESIAN_POINT ( 'NONE',  ( 3.869623997129740811, -6.058167907988096346, 12.22663570609213401 ) ) ;
#4101 = ORIENTED_EDGE ( 'NONE', *, *, #2326, .F. ) ;
#4102 = EDGE_CURVE ( 'NONE', #3812, #5161, #552, .T. ) ;
#4103 =( BOUNDED_SURFACE ( )  B_SPLINE_SURFACE ( 3, 2, ( 
 ( #4566, #2587, #1004 ),
 ( #4306, #4225, #665 ),
 ( #979, #2303, #4702 ),
 ( #5127, #154, #5042 ),
 ( #235, #550, #3044 ),
 ( #3823, #3506, #1809 ),
 ( #3479, #1403, #1899 ),
 ( #1457, #3097, #2640 ),
 ( #1059, #1871, #2671 ),
 ( #1778, #4278, #182 ),
 ( #5155, #1374, #4677 ),
 ( #2280, #3449, #4645 ),
 ( #3014, #2201, #2616 ),
 ( #3532, #637, #3908 ),
 ( #3932, #4252, #606 ),
 ( #3420, #1032, #5072 ),
 ( #577, #4730, #3132 ),
 ( #2254, #3875, #2700 ),
 ( #207, #260, #1842 ),
 ( #4335, #2224, #1483 ),
 ( #5101, #4761, #3847 ),
 ( #1434, #3068, #764 ),
 ( #4787, #3959, #1977 ),
 ( #1559, #3589, #315 ),
 ( #2328, #1534, #3184 ),
 ( #286, #3614, #2471 ),
 ( #5233, #5207, #4362 ),
 ( #743, #719, #2726 ) ),
 .UNSPECIFIED., .F., .F., .F. ) 
 B_SPLINE_SURFACE_WITH_KNOTS ( ( 4, 2, 2, 2, 2, 2, 2, 2, 2, 2, 2, 2, 2, 4 ),
 ( 3, 3 ),
 ( 0.006666094641200949120, 0.007658624505283466270, 0.008651154369365983421, 0.009147419301407241563, 0.009643684233448499704, 0.01013994916548975785, 0.01063621409753101599, 0.01113247902957227413, 0.01162874396161353227, 0.01212500889365479041, 0.01262127382569604855, 0.01311753875773730670, 0.01361380368977856484, 0.01460633355386108112 ),
 ( 0.000000000000000000, 1.000000000000000000 ),
 .UNSPECIFIED. ) 
 GEOMETRIC_REPRESENTATION_ITEM ( )  RATIONAL_B_SPLINE_SURFACE ( (
 ( 1.000000000000000000, 0.8228169204886092158, 1.000000000000000000),
 ( 1.000000000000000000, 0.8418885074154454085, 1.000000000000000000),
 ( 1.000000000000000000, 0.8594552413840305105, 1.000000000000000000),
 ( 1.000000000000000000, 0.8908607870292303277, 1.000000000000000000),
 ( 1.000000000000000000, 0.9049105084082803563, 1.000000000000000000),
 ( 1.000000000000000000, 0.9233081187565291836, 1.000000000000000000),
 ( 1.000000000000000000, 0.9289129224303303012, 1.000000000000000000),
 ( 1.000000000000000000, 0.9390233049989273884, 1.000000000000000000),
 ( 1.000000000000000000, 0.9435684945391947798, 1.000000000000000000),
 ( 1.000000000000000000, 0.9510992645712413873, 1.000000000000000000),
 ( 1.000000000000000000, 0.9540989546839124813, 1.000000000000000000),
 ( 1.000000000000000000, 0.9582376402002994453, 1.000000000000000000),
 ( 1.000000000000000000, 0.9592809419312501307, 1.000000000000000000),
 ( 1.000000000000000000, 0.9592466365640016646, 1.000000000000000000),
 ( 1.000000000000000000, 0.9581208347847625095, 1.000000000000000000),
 ( 1.000000000000000000, 0.9539309529655581876, 1.000000000000000000),
 ( 1.000000000000000000, 0.9509204656030411096, 1.000000000000000000),
 ( 1.000000000000000000, 0.9433688893126309649, 1.000000000000000000),
 ( 1.000000000000000000, 0.9388016408659110024, 1.000000000000000000),
 ( 1.000000000000000000, 0.9286895514989967904, 1.000000000000000000),
 ( 1.000000000000000000, 0.9231009808658188209, 1.000000000000000000),
 ( 1.000000000000000000, 0.9109093021145697744, 1.000000000000000000),
 ( 1.000000000000000000, 0.9042633648158467929, 1.000000000000000000),
 ( 1.000000000000000000, 0.8902186562699726524, 1.000000000000000000),
 ( 1.000000000000000000, 0.8827981348740091549, 1.000000000000000000),
 ( 1.000000000000000000, 0.8592935862002171188, 1.000000000000000000),
 ( 1.000000000000000000, 0.8419564219106971947, 1.000000000000000000),
 ( 1.000000000000000000, 0.8228065297597287886, 1.000000000000000000) ) ) 
 REPRESENTATION_ITEM ( '' )  SURFACE ( )  );
#4104 = CARTESIAN_POINT ( 'NONE',  ( -0.2325607036558766938, -18.47333018915866987, 4.104975689306183284 ) ) ;
#4105 = CARTESIAN_POINT ( 'NONE',  ( -0.9919143745924230426, -21.19393601830581630, 1.009043173440526298 ) ) ;
#4106 = DIRECTION ( 'NONE',  ( 9.423982899561738482E-16, -0.000000000000000000, -1.000000000000000000 ) ) ;
#4107 = CARTESIAN_POINT ( 'NONE',  ( 0.000000000000000000, -15.00555694826952369, 0.000000000000000000 ) ) ;
#4108 = VECTOR ( 'NONE', #2911, 1000.000000000000000 ) ;
#4109 = ORIENTED_EDGE ( 'NONE', *, *, #3639, .F. ) ;
#4110 = CARTESIAN_POINT ( 'NONE',  ( 3.089420301609821173, -5.904888436756231762, 0.6309999999999736930 ) ) ;
#4111 = VERTEX_POINT ( 'NONE', #2231 ) ;
#4112 = B_SPLINE_CURVE_WITH_KNOTS ( 'NONE', 3,
 ( #1623, #1675, #2438, #856, #2463, #32, #4074, #3653 ),
 .UNSPECIFIED., .F., .F.,
 ( 4, 2, 2, 4 ),
 ( 0.000000000000000000, 0.0003457210995635264829, 0.0006914421991270529658, 0.001382884398254105281 ),
 .UNSPECIFIED. ) ;
#4113 = CARTESIAN_POINT ( 'NONE',  ( 3.213448819892297692, -5.612579086213612456, 9.153828775135067986 ) ) ;
#4114 =( GEOMETRIC_REPRESENTATION_CONTEXT ( 3 ) GLOBAL_UNCERTAINTY_ASSIGNED_CONTEXT ( ( #4778 ) ) GLOBAL_UNIT_ASSIGNED_CONTEXT ( ( #3540, #2649, #4314 ) ) REPRESENTATION_CONTEXT ( 'NONE', 'WORKASPACE' ) );
#4115 = CARTESIAN_POINT ( 'NONE',  ( -3.336222809727785954, -8.293172127229711421, 8.573690726042819676 ) ) ;
#4116 = CARTESIAN_POINT ( 'NONE',  ( -3.241548134128871439, -5.289600626279561624, 8.500000000000000000 ) ) ;
#4117 = EDGE_CURVE ( 'NONE', #5050, #4557, #3304, .T. ) ;
#4118 = CARTESIAN_POINT ( 'NONE',  ( 3.396081006805142355, -6.037886737116671121, 9.330655880835744043 ) ) ;
#4119 = CARTESIAN_POINT ( 'NONE',  ( 3.980187398764587936, -8.223450211194027304, 8.209478968662148546 ) ) ;
#4120 = CARTESIAN_POINT ( 'NONE',  ( -0.6309999999999992282, -8.683707792996065322, 3.094757824535568247 ) ) ;
#4121 = EDGE_CURVE ( 'NONE', #4077, #4548, #1932, .T. ) ;
#4122 = ADVANCED_FACE ( 'NONE', ( #4625 ), #1512, .F. ) ;
#4123 = ADVANCED_FACE ( 'NONE', ( #159 ), #3623, .T. ) ;
#4124 = CARTESIAN_POINT ( 'NONE',  ( -0.5151206759282270786, -15.35962551117974328, 8.400338303317392175 ) ) ;
#4125 = CARTESIAN_POINT ( 'NONE',  ( -2.888709462520831384, -15.36655443238100283, 7.936664019640863543 ) ) ;
#4126 = DIRECTION ( 'NONE',  ( 0.000000000000000000, 1.000000000000000000, 0.000000000000000000 ) ) ;
#4127 = CARTESIAN_POINT ( 'NONE',  ( 0.000000000000000000, -15.80840806009312516, 0.000000000000000000 ) ) ;
#4128 = ORIENTED_EDGE ( 'NONE', *, *, #5103, .F. ) ;
#4129 = DIRECTION ( 'NONE',  ( 0.000000000000000000, 0.000000000000000000, 1.000000000000000000 ) ) ;
#4130 = ORIENTED_EDGE ( 'NONE', *, *, #73, .F. ) ;
#4131 = CARTESIAN_POINT ( 'NONE',  ( -0.5519150099231002748, -22.81035036234944968, 0.000000000000000000 ) ) ;
#4132 = AXIS2_PLACEMENT_3D ( 'NONE', #949, #2584, #3010 ) ;
#4133 = CARTESIAN_POINT ( 'NONE',  ( 3.396543002201466432, -6.061773215555092520, 12.50003054011984993 ) ) ;
#4134 = DIRECTION ( 'NONE',  ( -0.000000000000000000, -1.000000000000000000, -0.000000000000000000 ) ) ;
#4135 = VERTEX_POINT ( 'NONE', #2031 ) ;
#4136 = CARTESIAN_POINT ( 'NONE',  ( 3.888415032231862245, -7.581277731664445518, 8.053229802415891925 ) ) ;
#4137 = ORIENTED_EDGE ( 'NONE', *, *, #3994, .F. ) ;
#4138 = DIRECTION ( 'NONE',  ( 0.000000000000000000, 1.000000000000000000, 0.000000000000000000 ) ) ;
#4139 = CIRCLE ( 'NONE', #3202, 3.094767902613028809 ) ;
#4140 = CARTESIAN_POINT ( 'NONE',  ( -3.313524590675756443, -7.912644588007941238, 8.757835431623657740 ) ) ;
#4141 =( BOUNDED_SURFACE ( )  B_SPLINE_SURFACE ( 3, 2, ( 
 ( #262, #1902, #3535 ),
 ( #5157, #3135, #366 ),
 ( #2085, #4064, #3641 ),
 ( #24, #395, #1167 ) ),
 .UNSPECIFIED., .F., .F., .F. ) 
 B_SPLINE_SURFACE_WITH_KNOTS ( ( 4, 4 ),
 ( 3, 3 ),
 ( 1.566601387268010681, 2.269952914609219885 ),
 ( 0.4531286272168460472, 1.000000000000000000 ),
 .UNSPECIFIED. ) 
 GEOMETRIC_REPRESENTATION_ITEM ( )  RATIONAL_B_SPLINE_SURFACE ( (
 ( 0.8550916311635941014, 0.8401023902126364407, 1.000000000000000000),
 ( 0.8410708361559136037, 0.8246312919796718877, 1.000000000000000000),
 ( 0.8260692855284188507, 0.8080779893119109936, 1.000000000000000000),
 ( 0.8138770308885530103, 0.7946245746438158619, 1.000000000000000000) ) ) 
 REPRESENTATION_ITEM ( '' )  SURFACE ( )  );
#4142 = CARTESIAN_POINT ( 'NONE',  ( -1.739576869458931354E-17, -20.61166130683500342, -3.921601983822704400E-14 ) ) ;
#4143 = AXIS2_PLACEMENT_3D ( 'NONE', #2675, #5105, #695 ) ;
#4144 = CARTESIAN_POINT ( 'NONE',  ( 1.430999999999998717, -5.223600000000002019, -8.932973442006180818E-16 ) ) ;
#4145 = LINE ( 'NONE', #3013, #5171 ) ;
#4146 = CARTESIAN_POINT ( 'NONE',  ( 3.396081006805141911, -6.023600000000001842, 9.330655880835744043 ) ) ;
#4147 = CARTESIAN_POINT ( 'NONE',  ( -0.6309999999999992282, -6.798161590276559529, 3.154564618061149517 ) ) ;
#4148 = AXIS2_PLACEMENT_3D ( 'NONE', #1928, #2383, #3071 ) ;
#4149 = CARTESIAN_POINT ( 'NONE',  ( 0.2325607036558766938, -18.47333018915866987, 4.104975689306185060 ) ) ;
#4150 = EDGE_CURVE ( 'NONE', #4807, #3758, #174, .T. ) ;
#4151 = CARTESIAN_POINT ( 'NONE',  ( 0.000000000000000000, -110.2766025877275382, 0.000000000000000000 ) ) ;
#4152 = FACE_OUTER_BOUND ( 'NONE', #3273, .T. ) ;
#4153 = CARTESIAN_POINT ( 'NONE',  ( -3.382942672251038729, -7.649840164995447722, 9.294558603319185153 ) ) ;
#4154 = AXIS2_PLACEMENT_3D ( 'NONE', #4142, #3444, #2109 ) ;
#4155 = EDGE_CURVE ( 'NONE', #3067, #1541, #1165, .T. ) ;
#4156 = B_SPLINE_CURVE_WITH_KNOTS ( 'NONE', 3,
 ( #4251, #1373, #5071, #4962 ),
 .UNSPECIFIED., .F., .F.,
 ( 4, 4 ),
 ( 0.000000000000000000, 3.998716689558722302E-05 ),
 .UNSPECIFIED. ) ;
#4157 = ORIENTED_EDGE ( 'NONE', *, *, #1487, .T. ) ;
#4158 = DIRECTION ( 'NONE',  ( 0.000000000000000000, 1.000000000000000000, 0.000000000000000000 ) ) ;
#4159 = ORIENTED_EDGE ( 'NONE', *, *, #4516, .T. ) ;
#4160 = CARTESIAN_POINT ( 'NONE',  ( -11.24999999999999822, -5.523600000000001842, 8.500000000000000000 ) ) ;
#4161 = PRODUCT_RELATED_PRODUCT_CATEGORY ( 'part', '', ( #1591 ) ) ;
#4162 = CARTESIAN_POINT ( 'NONE',  ( 1.144107639994988768, -19.07298067942954489, 6.107153039154484375 ) ) ;
#4163 = LINE ( 'NONE', #4904, #3668 ) ;
#4164 = EDGE_CURVE ( 'NONE', #3228, #4429, #2864, .T. ) ;
#4165 = VERTEX_POINT ( 'NONE', #4440 ) ;
#4166 = CARTESIAN_POINT ( 'NONE',  ( 0.000000000000000000, -15.80840806009312516, 0.000000000000000000 ) ) ;
#4167 = ORIENTED_EDGE ( 'NONE', *, *, #3573, .F. ) ;
#4168 = DIRECTION ( 'NONE',  ( 0.000000000000000000, 0.000000000000000000, 1.000000000000000000 ) ) ;
#4169 = CARTESIAN_POINT ( 'NONE',  ( 1.009094682378706809, -21.41964120203505573, 0.5723269716849489486 ) ) ;
#4170 = CARTESIAN_POINT ( 'NONE',  ( 3.179826021775935541, -5.998740736633152437, -0.6313863326425571687 ) ) ;
#4171 = CARTESIAN_POINT ( 'NONE',  ( 3.529249235348115743, -8.249557541164197261, 8.215737801903536308 ) ) ;
#4172 = CARTESIAN_POINT ( 'NONE',  ( 3.938998072610537223E-16, -6.023600000000001842, 0.6309999999999750253 ) ) ;
#4173 = CARTESIAN_POINT ( 'NONE',  ( -3.396022537417438425, -6.052173474734593661, 9.330495237513382278 ) ) ;
#4174 = DIRECTION ( 'NONE',  ( 0.000000000000000000, 0.000000000000000000, -1.000000000000000000 ) ) ;
#4175 = CARTESIAN_POINT ( 'NONE',  ( -3.322407740230508555, -5.223600000000002019, 11.46728376463502386 ) ) ;
#4176 = CARTESIAN_POINT ( 'NONE',  ( -3.850024544417780969, -8.494772753030231272, 7.950175863090723993 ) ) ;
#4177 = CARTESIAN_POINT ( 'NONE',  ( -3.671368244214198384, -8.256815997433486487, 8.082182643051895710 ) ) ;
#4178 = DIRECTION ( 'NONE',  ( 3.121234605872185418E-16, -0.000000000000000000, 1.000000000000000000 ) ) ;
#4179 = DIRECTION ( 'NONE',  ( 0.000000000000000000, 0.000000000000000000, -1.000000000000000000 ) ) ;
#4180 = EDGE_CURVE ( 'NONE', #4578, #5229, #2410, .T. ) ;
#4181 = ORIENTED_EDGE ( 'NONE', *, *, #1829, .F. ) ;
#4182 = CARTESIAN_POINT ( 'NONE',  ( -6.776263578034402713E-18, -10.22360000000000291, 9.635293592964444542 ) ) ;
#4183 = EDGE_LOOP ( 'NONE', ( #5277, #3725, #1102, #697 ) ) ;
#4184 = EDGE_CURVE ( 'NONE', #4983, #4504, #4517, .T. ) ;
#4185 = CARTESIAN_POINT ( 'NONE',  ( 0.1570456199967035504, -18.46264444686208961, 4.100167105272724655 ) ) ;
#4186 = CARTESIAN_POINT ( 'NONE',  ( 1.797089603193815055, -18.53380930612818034, 6.336694893041023846 ) ) ;
#4187 = CARTESIAN_POINT ( 'NONE',  ( 10.95000000000000107, -8.223600000000001131, 8.199999999999999289 ) ) ;
#4188 = VERTEX_POINT ( 'NONE', #4014 ) ;
#4189 = DIRECTION ( 'NONE',  ( -1.000000000000000000, 0.000000000000000000, 2.040851148208007998E-16 ) ) ;
#4190 = EDGE_LOOP ( 'NONE', ( #2678, #1077 ) ) ;
#4191 = EDGE_CURVE ( 'NONE', #1541, #3323, #130, .T. ) ;
#4192 = CARTESIAN_POINT ( 'NONE',  ( 1.109567248682945761, -21.16060833433335375, 0.3837745045682174339 ) ) ;
#4193 = CARTESIAN_POINT ( 'NONE',  ( 1.178339602527764596, -20.27143935880811298, 0.5449582783413737808 ) ) ;
#4194 = CARTESIAN_POINT ( 'NONE',  ( -3.105431218849839414, -8.347283722441604326, 0.6309999999999769127 ) ) ;
#4195 = CARTESIAN_POINT ( 'NONE',  ( -3.204467430200874212, -6.023600000000001842, -0.6310000000000327569 ) ) ;
#4196 = VERTEX_POINT ( 'NONE', #414 ) ;
#4197 = B_SPLINE_CURVE_WITH_KNOTS ( 'NONE', 3,
 ( #3180, #1131, #3231, #5251, #813, #4081, #4110, #2771 ),
 .UNSPECIFIED., .F., .F.,
 ( 4, 2, 2, 4 ),
 ( -5.869699717328887253E-06, 0.0007028665329111950062, 0.001057234649225457894, 0.001411602765539720890 ),
 .UNSPECIFIED. ) ;
#4198 = CARTESIAN_POINT ( 'NONE',  ( 2.817985551616086326, -15.77275458099966166, 7.742351671414280823 ) ) ;
#4199 = CARTESIAN_POINT ( 'NONE',  ( 0.000000000000000000, -16.75151496779673366, 0.000000000000000000 ) ) ;
#4200 = AXIS2_PLACEMENT_3D ( 'NONE', #2623, #2309, #3050 ) ;
#4201 = CARTESIAN_POINT ( 'NONE',  ( 0.8265289906749065940, -5.490084029051724102, -3.336685909133360273 ) ) ;
#4202 = CARTESIAN_POINT ( 'NONE',  ( -3.396022529066365259, -6.052174496908194534, 9.330495214568996332 ) ) ;
#4203 = CARTESIAN_POINT ( 'NONE',  ( 0.000000000000000000, -5.223600000000002019, -4.041517772942823328 ) ) ;
#4204 = CARTESIAN_POINT ( 'NONE',  ( -0.6310000000000000053, -6.023600000000001842, -3.089420301609855368 ) ) ;
#4205 = EDGE_LOOP ( 'NONE', ( #5151, #3531, #4221, #3514 ) ) ;
#4206 = CARTESIAN_POINT ( 'NONE',  ( 0.6310000000000006715, -6.023600000000002730, 3.179114782977803699 ) ) ;
#4207 = ORIENTED_EDGE ( 'NONE', *, *, #2326, .T. ) ;
#4208 = CARTESIAN_POINT ( 'NONE',  ( 1.187313948558402776, -21.18017555601302959, 0.009090047203329117836 ) ) ;
#4209 = CARTESIAN_POINT ( 'NONE',  ( 3.676306610973849143, -5.223600000000001131, 12.43385903482424837 ) ) ;
#4210 = CARTESIAN_POINT ( 'NONE',  ( -3.086681584811103551, -6.044815664158480040, 8.480587955314893733 ) ) ;
#4211 = ORIENTED_EDGE ( 'NONE', *, *, #4812, .T. ) ;
#4212 = CARTESIAN_POINT ( 'NONE',  ( 3.839690587820622003, -9.103539269604349116, 7.922306024419293102 ) ) ;
#4213 = ORIENTED_EDGE ( 'NONE', *, *, #1896, .T. ) ;
#4214 = AXIS2_PLACEMENT_3D ( 'NONE', #3256, #2450, #2002 ) ;
#4215 = CARTESIAN_POINT ( 'NONE',  ( 0.9034298740699509001, -19.96125984620659111, 2.040838812096353649 ) ) ;
#4216 = CARTESIAN_POINT ( 'NONE',  ( 0.9134326880796473924, -21.82724535834915969, 0.6042713829735079090 ) ) ;
#4217 = ADVANCED_FACE ( 'NONE', ( #5235 ), #3214, .T. ) ;
#4218 = CARTESIAN_POINT ( 'NONE',  ( -3.179114782977808140, -6.023600000000002730, 0.6309999999999769127 ) ) ;
#4219 = AXIS2_PLACEMENT_3D ( 'NONE', #2038, #2409, #1597 ) ;
#4220 = CARTESIAN_POINT ( 'NONE',  ( 3.474677929840701118, -8.229136829496610517, 8.287146044779412080 ) ) ;
#4221 = ORIENTED_EDGE ( 'NONE', *, *, #1655, .F. ) ;
#4222 = B_SPLINE_CURVE_WITH_KNOTS ( 'NONE', 3,
 ( #2883, #4889, #368, #4938 ),
 .UNSPECIFIED., .F., .F.,
 ( 4, 4 ),
 ( 0.000000000000000000, 0.001861459088787176166 ),
 .UNSPECIFIED. ) ;
#4223 = CARTESIAN_POINT ( 'NONE',  ( 2.619192867725763652, -16.31956453114463201, 7.196173261273036026 ) ) ;
#4224 = CARTESIAN_POINT ( 'NONE',  ( -3.285456217771753895, -6.035307379192389021, 9.026716770934644529 ) ) ;
#4225 = CARTESIAN_POINT ( 'NONE',  ( -1.390461462330517373, -20.61166130684063447, 2.551147966829424796 ) ) ;
#4226 = CARTESIAN_POINT ( 'NONE',  ( -3.299486775632212154, -5.223600000000002019, 11.65225045427089512 ) ) ;
#4227 = AXIS2_PLACEMENT_3D ( 'NONE', #855, #2541, #503 ) ;
#4228 = CARTESIAN_POINT ( 'NONE',  ( -3.887547349791734774, -8.226177084546481666, 7.960471485110673484 ) ) ;
#4229 = DIRECTION ( 'NONE',  ( 0.000000000000000000, 1.000000000000000000, 0.000000000000000000 ) ) ;
#4230 = CARTESIAN_POINT ( 'NONE',  ( -11.21744946452858116, -5.366787503258612979, 0.001912096936294733433 ) ) ;
#4231 = CARTESIAN_POINT ( 'NONE',  ( -4.349139015479967618, -8.540030593915934887, 11.94916123910121541 ) ) ;
#4232 = ORIENTED_EDGE ( 'NONE', *, *, #1969, .T. ) ;
#4233 = CARTESIAN_POINT ( 'NONE',  ( 3.610344617159372493, -7.923600000000112331, 8.499999999999998224 ) ) ;
#4234 = ORIENTED_EDGE ( 'NONE', *, *, #5083, .F. ) ;
#4235 = CARTESIAN_POINT ( 'NONE',  ( 0.5519150099230999418, -22.81035036234944968, 0.000000000000000000 ) ) ;
#4236 = VECTOR ( 'NONE', #524, 1000.000000000000114 ) ;
#4237 = AXIS2_PLACEMENT_3D ( 'NONE', #5201, #1425, #252 ) ;
#4238 = DIRECTION ( 'NONE',  ( 2.040851148208007998E-16, -0.000000000000000000, 1.000000000000000000 ) ) ;
#4239 = CARTESIAN_POINT ( 'NONE',  ( 3.372767536375335773, -6.033241253237142665, 8.719156112538357206 ) ) ;
#4240 = EDGE_LOOP ( 'NONE', ( #1683, #2915, #109, #4670 ) ) ;
#4241 = CARTESIAN_POINT ( 'NONE',  ( 3.671956022333175085, -12.11602279610084665, 7.472762276972598094 ) ) ;
#4242 = ORIENTED_EDGE ( 'NONE', *, *, #3861, .T. ) ;
#4243 = AXIS2_PLACEMENT_3D ( 'NONE', #3891, #2213, #3056 ) ;
#4244 = CARTESIAN_POINT ( 'NONE',  ( 0.9075883152340232796, -19.33754378532495011, 2.934814467912818525 ) ) ;
#4245 = CARTESIAN_POINT ( 'NONE',  ( 1.069333873206487207, -21.49854244012350080, 0.3569291368095479089 ) ) ;
#4246 = CARTESIAN_POINT ( 'NONE',  ( -3.434094362376514997, -6.033537280087543309, 8.500000000000000000 ) ) ;
#4247 = CARTESIAN_POINT ( 'NONE',  ( -3.341454648537909300, -5.223600000000002019, 11.51961471512002966 ) ) ;
#4248 = ORIENTED_EDGE ( 'NONE', *, *, #4019, .T. ) ;
#4249 = EDGE_CURVE ( 'NONE', #2815, #2449, #4329, .T. ) ;
#4250 = CYLINDRICAL_SURFACE ( 'NONE', #213, 3.225122630638374677 ) ;
#4251 = CARTESIAN_POINT ( 'NONE',  ( -4.019034538076888374, -8.223600000000001131, 8.200000000000001066 ) ) ;
#4252 = CARTESIAN_POINT ( 'NONE',  ( 0.2246308529431249590, -20.61166130684158304, 0.3806419834987934125 ) ) ;
#4253 = CARTESIAN_POINT ( 'NONE',  ( -0.6310000000000030029, -6.023600000000001842, -5.946533209623484803E-16 ) ) ;
#4254 = CARTESIAN_POINT ( 'NONE',  ( -3.980187398764567952, -8.223450211194025528, 8.209478968662153875 ) ) ;
#4255 = CARTESIAN_POINT ( 'NONE',  ( -2.276469301113146937, -15.49108583367052638, 9.445132874564322378 ) ) ;
#4256 = DIRECTION ( 'NONE',  ( -6.242469211744370837E-16, 0.000000000000000000, -1.000000000000000000 ) ) ;
#4257 = CARTESIAN_POINT ( 'NONE',  ( -3.182445779929168772, -16.06919029331488247, 8.743697918994273621 ) ) ;
#4258 = VERTEX_POINT ( 'NONE', #2880 ) ;
#4259 = VERTEX_POINT ( 'NONE', #2402 ) ;
#4260 = AXIS2_PLACEMENT_3D ( 'NONE', #689, #1870, #4729 ) ;
#4261 = CARTESIAN_POINT ( 'NONE',  ( 2.351595843561888000, -5.223600000000002019, 8.800000000000002487 ) ) ;
#4262 = FACE_OUTER_BOUND ( 'NONE', #699, .T. ) ;
#4263 = CARTESIAN_POINT ( 'NONE',  ( 3.434094362410998080, -6.023600000000067567, 8.500000000000001776 ) ) ;
#4264 = ORIENTED_EDGE ( 'NONE', *, *, #1865, .F. ) ;
#4265 = ADVANCED_FACE ( 'NONE', ( #846 ), #1048, .F. ) ;
#4266 = CARTESIAN_POINT ( 'NONE',  ( -2.923530743448874869, -5.411291795017092454, 8.866034415394020485 ) ) ;
#4267 = VERTEX_POINT ( 'NONE', #3791 ) ;
#4268 = CARTESIAN_POINT ( 'NONE',  ( -1.000686008461134868, -20.91480337844047099, 0.9878657876891847600 ) ) ;
#4269 = CARTESIAN_POINT ( 'NONE',  ( -3.661429804399109589, -6.056705642941200729, 8.500000000000000000 ) ) ;
#4270 = CARTESIAN_POINT ( 'NONE',  ( 1.161955129575557688, -20.56466098294310640, 0.4798605428509746806 ) ) ;
#4271 = CARTESIAN_POINT ( 'NONE',  ( 3.779696404344222493, -5.223600000000002019, -1.431000000000024475 ) ) ;
#4272 = CARTESIAN_POINT ( 'NONE',  ( 3.605766431043583520, -8.012564604372851562, 8.489892366685038994 ) ) ;
#4273 = ORIENTED_EDGE ( 'NONE', *, *, #5227, .F. ) ;
#4274 = LINE ( 'NONE', #2222, #5236 ) ;
#4275 = DIRECTION ( 'NONE',  ( 0.000000000000000000, 1.000000000000000000, -0.000000000000000000 ) ) ;
#4276 = FACE_OUTER_BOUND ( 'NONE', #4633, .T. ) ;
#4277 = EDGE_CURVE ( 'NONE', #345, #3820, #3119, .T. ) ;
#4278 = CARTESIAN_POINT ( 'NONE',  ( -0.5253128814990781770, -20.61166130683498920, 0.5356249744018805048 ) ) ;
#4279 = CARTESIAN_POINT ( 'NONE',  ( 0.6647622374642370158, -5.769129445837284820, -3.207341578811876648 ) ) ;
#4280 = AXIS2_PLACEMENT_3D ( 'NONE', #881, #2040, #2515 ) ;
#4281 = CARTESIAN_POINT ( 'NONE',  ( -3.875979752522431987, -8.228637546901151012, 7.965848534063026065 ) ) ;
#4282 = CARTESIAN_POINT ( 'NONE',  ( -3.363483725806946101, -7.334629638355845138, 12.40971313499734663 ) ) ;
#4283 = DIRECTION ( 'NONE',  ( 0.000000000000000000, 0.000000000000000000, -1.000000000000000000 ) ) ;
#4284 = EDGE_CURVE ( 'NONE', #5090, #1303, #3843, .T. ) ;
#4285 = ADVANCED_FACE ( 'NONE', ( #4982 ), #974, .F. ) ;
#4286 = ORIENTED_EDGE ( 'NONE', *, *, #4121, .T. ) ;
#4287 = CARTESIAN_POINT ( 'NONE',  ( 2.914905744818384381, -9.091427416815122342, 1.192126185742384825 ) ) ;
#4288 = EDGE_LOOP ( 'NONE', ( #1912, #713, #3489 ) ) ;
#4289 = CARTESIAN_POINT ( 'NONE',  ( -3.419661568739531976, -6.678516728571965544, 8.500000000000001776 ) ) ;
#4290 = CARTESIAN_POINT ( 'NONE',  ( 0.6677926086368004555, -20.61166130683511000, -0.1054815087430554243 ) ) ;
#4291 = CONICAL_SURFACE ( 'NONE', #5223, 3.266002527742168926, 0.03107908222963032263 ) ;
#4292 = CARTESIAN_POINT ( 'NONE',  ( 1.235456683062295058, -5.223600000000000243, 3.545290163062244204 ) ) ;
#4293 = VERTEX_POINT ( 'NONE', #177 ) ;
#4294 = CARTESIAN_POINT ( 'NONE',  ( 3.624916311566135363, -12.92604078921327648, 7.345698328896820506 ) ) ;
#4295 = VERTEX_POINT ( 'NONE', #2902 ) ;
#4296 = CARTESIAN_POINT ( 'NONE',  ( -11.25000000000000000, -5.523600000000001842, 0.000000000000000000 ) ) ;
#4297 = CARTESIAN_POINT ( 'NONE',  ( 0.9823704894849477620, -21.47300288816028768, 0.7648717042053246873 ) ) ;
#4298 = CARTESIAN_POINT ( 'NONE',  ( 0.5634339872761868762, -21.62693000137474897, 1.467455493871442807 ) ) ;
#4299 = CARTESIAN_POINT ( 'NONE',  ( -0.8172863075979261982, -21.64698990024087166, 1.101099550475248545 ) ) ;
#4300 = CARTESIAN_POINT ( 'NONE',  ( 3.250153994888496545, -9.198804774485193292, 12.10016486850973649 ) ) ;
#4301 = ORIENTED_EDGE ( 'NONE', *, *, #1070, .T. ) ;
#4302 = CARTESIAN_POINT ( 'NONE',  ( 3.323762693998944862, -15.57694879782278896, 9.131962949388901407 ) ) ;
#4303 = CARTESIAN_POINT ( 'NONE',  ( -2.584273109266748580, -5.125947338325292257, 8.579028005510558330 ) ) ;
#4304 = CIRCLE ( 'NONE', #712, 4.025122630638347410 ) ;
#4305 = PLANE ( 'NONE',  #4260 ) ;
#4306 = CARTESIAN_POINT ( 'NONE',  ( -2.581382454357943335, -20.61166130683501052, 2.061637693187930331 ) ) ;
#4307 = CARTESIAN_POINT ( 'NONE',  ( -3.238800709983936432, -5.223600000000002019, 11.70878555075644023 ) ) ;
#4308 =( BOUNDED_SURFACE ( )  B_SPLINE_SURFACE ( 3, 2, ( 
 ( #185, #1488, #3911 ),
 ( #668, #3851, #1812 ),
 ( #2282, #238, #1875 ),
 ( #265, #1903, #4816 ) ),
 .UNSPECIFIED., .F., .F., .F. ) 
 B_SPLINE_SURFACE_WITH_KNOTS ( ( 4, 4 ),
 ( 3, 3 ),
 ( 2.710505431213761085E-20, 4.322722946346190139E-05 ),
 ( 0.000000000000000000, 1.000000000000000000 ),
 .UNSPECIFIED. ) 
 GEOMETRIC_REPRESENTATION_ITEM ( )  RATIONAL_B_SPLINE_SURFACE ( (
 ( 1.000000000000000000, 0.7494509269400131402, 1.000000000000000000),
 ( 1.000000000000000000, 0.7463196069013044998, 1.000000000000000000),
 ( 1.000000000000000000, 0.7431584770514259031, 1.000000000000000000),
 ( 1.000000000000000000, 0.7399665075371030243, 1.000000000000000000) ) ) 
 REPRESENTATION_ITEM ( '' )  SURFACE ( )  );
#4309 = CARTESIAN_POINT ( 'NONE',  ( 1.296970439609688608, -19.01187458603716607, 6.124414861568975965 ) ) ;
#4310 = CONICAL_SURFACE ( 'NONE', #3115, 1.577190573871539936, 0.8026016490781086032 ) ;
#4311 = FACE_OUTER_BOUND ( 'NONE', #1047, .T. ) ;
#4312 = LINE ( 'NONE', #3165, #2144 ) ;
#4313 = VERTEX_POINT ( 'NONE', #150 ) ;
#4314 =( NAMED_UNIT ( * ) SI_UNIT ( $, .STERADIAN. ) SOLID_ANGLE_UNIT ( ) );
#4315 = ORIENTED_EDGE ( 'NONE', *, *, #930, .T. ) ;
#4316 = AXIS2_PLACEMENT_3D ( 'NONE', #1515, #1669, #5015 ) ;
#4317 = EDGE_CURVE ( 'NONE', #3323, #1541, #3220, .T. ) ;
#4318 = CARTESIAN_POINT ( 'NONE',  ( -3.633310370035025105, -7.301378320128652177, 8.500000000000000000 ) ) ;
#4319 = EDGE_CURVE ( 'NONE', #2094, #890, #4657, .T. ) ;
#4320 = CARTESIAN_POINT ( 'NONE',  ( 0.3003140815837965771, -20.61166130683502473, -0.2109098137457837419 ) ) ;
#4321 = CARTESIAN_POINT ( 'NONE',  ( -1.167386655122647499, -19.07122448849751351, 6.105464213523474015 ) ) ;
#4322 = ORIENTED_EDGE ( 'NONE', *, *, #4102, .F. ) ;
#4323 = CARTESIAN_POINT ( 'NONE',  ( 0.9075883152340189497, -19.33754378532492879, 2.934814467912821190 ) ) ;
#4324 = ORIENTED_EDGE ( 'NONE', *, *, #510, .F. ) ;
#4325 = CARTESIAN_POINT ( 'NONE',  ( -0.07952583134292592892, -18.45609529949605587, 4.097219988958008763 ) ) ;
#4326 = CARTESIAN_POINT ( 'NONE',  ( -6.016179025193712535E-16, -21.62119274992384632, 1.701940561677000030 ) ) ;
#4327 = CARTESIAN_POINT ( 'NONE',  ( -0.2847271490173503006, -22.11019344728682512, 1.011131961643787269 ) ) ;
#4328 = CARTESIAN_POINT ( 'NONE',  ( -6.016179025193712535E-16, -21.62119274992384632, 1.701940561677000030 ) ) ;
#4329 = CIRCLE ( 'NONE', #2439, 5.907094248722373209 ) ;
#4330 = CARTESIAN_POINT ( 'NONE',  ( 0.6928926488742424006, -20.60744711805374152, 0.07686815316562765898 ) ) ;
#4331 = ORIENTED_EDGE ( 'NONE', *, *, #1103, .T. ) ;
#4332 = CARTESIAN_POINT ( 'NONE',  ( 4.349583168123229981, -8.533707374862355977, 11.95038153845742634 ) ) ;
#4333 = CARTESIAN_POINT ( 'NONE',  ( -2.927978264250822971, -5.223600000000002019, 8.326527722315498536 ) ) ;
#4334 = CARTESIAN_POINT ( 'NONE',  ( -3.179114782977796594, -6.023600000000002730, -0.6310000000000338671 ) ) ;
#4335 = CARTESIAN_POINT ( 'NONE',  ( 1.489335736293107892, -20.61166130683500342, 0.4216116538132618774 ) ) ;
#4336 = CARTESIAN_POINT ( 'NONE',  ( -3.130003691552278422, -7.572722839544412388, -0.6310000000000359766 ) ) ;
#4337 = CARTESIAN_POINT ( 'NONE',  ( 0.000000000000000000, 0.000000000000000000, 0.000000000000000000 ) ) ;
#4338 = CARTESIAN_POINT ( 'NONE',  ( -3.409047223081983269, -5.292599787685682067, 1.045954263008615159 ) ) ;
#4339 = DIRECTION ( 'NONE',  ( 0.000000000000000000, 1.000000000000000000, 0.000000000000000000 ) ) ;
#4340 =( BOUNDED_SURFACE ( )  B_SPLINE_SURFACE ( 3, 2, ( 
 ( #2436, #3596, #1147 ),
 ( #4072, #2788, #4423 ),
 ( #4020, #347, #1989 ),
 ( #1572, #3223, #6 ),
 ( #4847, #1175, #400 ),
 ( #1621, #4918, #3370 ),
 ( #2145, #4993, #2116 ),
 ( #3292, #4177, #1275 ),
 ( #2909, #2513, #2540 ),
 ( #75, #1839, #2486 ) ),
 .UNSPECIFIED., .F., .F., .F. ) 
 B_SPLINE_SURFACE_WITH_KNOTS ( ( 4, 2, 2, 2, 4 ),
 ( 3, 3 ),
 ( -1.707618421664669484E-18, 0.0002646168304449243768, 0.0005292336608898504883, 0.0007938504913347765998, 0.001058467321779702711 ),
 ( 0.000000000000000000, 1.000000000000000000 ),
 .UNSPECIFIED. ) 
 GEOMETRIC_REPRESENTATION_ITEM ( )  RATIONAL_B_SPLINE_SURFACE ( (
 ( 1.000000000000000000, 0.7551650684633400834, 1.000000000000000000),
 ( 1.000000000000000000, 0.7534465288854305109, 1.000000000000000000),
 ( 1.000000000000000000, 0.7613339716615683539, 1.000000000000000000),
 ( 1.000000000000000000, 0.7844793861130228141, 1.000000000000000000),
 ( 1.000000000000000000, 0.7994942372139048903, 1.000000000000000000),
 ( 1.000000000000000000, 0.8137371496456142772, 1.000000000000000000),
 ( 1.000000000000000000, 0.8117567208830558378, 1.000000000000000000),
 ( 1.000000000000000000, 0.7881195967517609091, 1.000000000000000000),
 ( 1.000000000000000000, 0.7677333190304371779, 1.000000000000000000),
 ( 1.000000000000000000, 0.7494509269400375651, 1.000000000000000000) ) ) 
 REPRESENTATION_ITEM ( '' )  SURFACE ( )  );
#4341 = ORIENTED_EDGE ( 'NONE', *, *, #3893, .T. ) ;
#4342 = CARTESIAN_POINT ( 'NONE',  ( 3.419661568730028911, -6.678516728572728489, 8.499999999999998224 ) ) ;
#4343 = ORIENTED_EDGE ( 'NONE', *, *, #634, .F. ) ;
#4344 = CARTESIAN_POINT ( 'NONE',  ( 0.000000000000000000, -6.061773215555091632, -3.903127820947815962E-14 ) ) ;
#4345 = CARTESIAN_POINT ( 'NONE',  ( -0.6309999999999992282, -10.22360000000000291, 3.089420301609806074 ) ) ;
#4346 = CARTESIAN_POINT ( 'NONE',  ( -2.584624237329292917, -16.73568787135778280, 7.255363133492741312 ) ) ;
#4347 = EDGE_CURVE ( 'NONE', #491, #4375, #4913, .T. ) ;
#4348 =( BOUNDED_SURFACE ( )  B_SPLINE_SURFACE ( 3, 2, ( 
 ( #3779, #3380, #810 ),
 ( #1822, #194, #3054 ),
 ( #4239, #1793, #1388 ),
 ( #5113, #4263, #650 ) ),
 .UNSPECIFIED., .F., .F., .F. ) 
 B_SPLINE_SURFACE_WITH_KNOTS ( ( 4, 4 ),
 ( 3, 3 ),
 ( 0.000000000000000000, 3.310650968058781218E-05 ),
 ( 0.000000000000000000, 1.000000000000000000 ),
 .UNSPECIFIED. ) 
 GEOMETRIC_REPRESENTATION_ITEM ( )  RATIONAL_B_SPLINE_SURFACE ( (
 ( 1.000000000000000000, 0.7964895339868049984, 1.000000000000000000),
 ( 1.000000000000000000, 0.7966335473195808037, 1.000000000000000000),
 ( 1.000000000000000000, 0.7967056023936275322, 1.000000000000000000),
 ( 1.000000000000000000, 0.7967055996463349166, 1.000000000000000000) ) ) 
 REPRESENTATION_ITEM ( '' )  SURFACE ( )  );
#4349 = ORIENTED_EDGE ( 'NONE', *, *, #1719, .F. ) ;
#4350 = ORIENTED_EDGE ( 'NONE', *, *, #4812, .F. ) ;
#4351 = CARTESIAN_POINT ( 'NONE',  ( 1.431000000000000050, -5.223600000000002019, -3.677861117362398513 ) ) ;
#4352 = CARTESIAN_POINT ( 'NONE',  ( 0.6758329160340303954, -21.63280569101072004, 1.342135686673478157 ) ) ;
#4353 = CARTESIAN_POINT ( 'NONE',  ( -0.5497033473194040676, -22.06567335803540786, 0.9122925294932139328 ) ) ;
#4354 = CARTESIAN_POINT ( 'NONE',  ( -0.9851032368597054667, -20.68265590505886564, 1.542821119167432808 ) ) ;
#4355 = EDGE_CURVE ( 'NONE', #3166, #78, #3295, .T. ) ;
#4356 = DIRECTION ( 'NONE',  ( 0.000000000000000000, 0.000000000000000000, 1.000000000000000000 ) ) ;
#4357 = ORIENTED_EDGE ( 'NONE', *, *, #3542, .T. ) ;
#4358 = EDGE_CURVE ( 'NONE', #5203, #4135, #2166, .T. ) ;
#4359 = CARTESIAN_POINT ( 'NONE',  ( 1.045951596190984212, -21.08911758599598940, 0.6319219740046753131 ) ) ;
#4360 = CARTESIAN_POINT ( 'NONE',  ( -2.888709462520831384, -15.36655443238100283, 7.936664019640863543 ) ) ;
#4361 = FACE_OUTER_BOUND ( 'NONE', #2189, .T. ) ;
#4362 = CARTESIAN_POINT ( 'NONE',  ( 0.8869646077352487668, -19.44571184334848368, 2.742797346242596301 ) ) ;
#4363 = CARTESIAN_POINT ( 'NONE',  ( -0.6677926086383373372, -21.11166130683500697, -0.1054815087427750792 ) ) ;
#4364 = CARTESIAN_POINT ( 'NONE',  ( -4.075651170679572388, -5.928144681676669414, 11.19775956101589820 ) ) ;
#4365 = CARTESIAN_POINT ( 'NONE',  ( 2.600723022681363794, -18.11042397927064940, 5.941245158580469088 ) ) ;
#4366 = CARTESIAN_POINT ( 'NONE',  ( 3.372767525319364079, -5.932301317396994733, 8.719156152035598240 ) ) ;
#4367 = VECTOR ( 'NONE', #726, 999.9999999999998863 ) ;
#4368 = CARTESIAN_POINT ( 'NONE',  ( -3.187009908993383434, -6.023600000000001842, 11.72890234814083144 ) ) ;
#4369 = ORIENTED_EDGE ( 'NONE', *, *, #2570, .F. ) ;
#4370 = VERTEX_POINT ( 'NONE', #3763 ) ;
#4371 = DIRECTION ( 'NONE',  ( 0.000000000000000000, 0.000000000000000000, 1.000000000000000000 ) ) ;
#4372 = CARTESIAN_POINT ( 'NONE',  ( -2.920839161377379423, -5.223600000000001131, 8.518928281920564061 ) ) ;
#4373 = ORIENTED_EDGE ( 'NONE', *, *, #525, .T. ) ;
#4374 = DIRECTION ( 'NONE',  ( -0.000000000000000000, -1.000000000000000000, -0.000000000000000000 ) ) ;
#4375 = VERTEX_POINT ( 'NONE', #1316 ) ;
#4376 = AXIS2_PLACEMENT_3D ( 'NONE', #3712, #393, #4538 ) ;
#4377 = CARTESIAN_POINT ( 'NONE',  ( 0.8658282859409801580, -19.54712115499986069, 2.560340588187955735 ) ) ;
#4378 = CARTESIAN_POINT ( 'NONE',  ( -0.8985311636717613348, -22.20658999713358739, 0.5043267485387927795 ) ) ;
#4379 = CARTESIAN_POINT ( 'NONE',  ( -3.089420301609846042, -6.023600000000001842, -0.6310000000000375309 ) ) ;
#4380 = CARTESIAN_POINT ( 'NONE',  ( 3.345609991213921663, -7.963517232417768099, 8.501416734976984912 ) ) ;
#4381 = ORIENTED_EDGE ( 'NONE', *, *, #4036, .T. ) ;
#4382 = EDGE_CURVE ( 'NONE', #1466, #4267, #1689, .T. ) ;
#4383 =( NAMED_UNIT ( * ) SI_UNIT ( $, .STERADIAN. ) SOLID_ANGLE_UNIT ( ) );
#4384 = CARTESIAN_POINT ( 'NONE',  ( -2.485447380446462073, -17.08495092335129328, 7.075066498446387797 ) ) ;
#4385 = CARTESIAN_POINT ( 'NONE',  ( -1.739576869458931354E-17, -20.61166130683500342, -0.6760719760785030008 ) ) ;
#4386 = CARTESIAN_POINT ( 'NONE',  ( 11.25000000000000000, -7.923600000000001309, -2.295957541734009343E-15 ) ) ;
#4387 = DIRECTION ( 'NONE',  ( -0.9877537189336702550, 0.000000000000000000, -0.1560211227132534961 ) ) ;
#4388 = CARTESIAN_POINT ( 'NONE',  ( -4.447207902217914288, -5.974552338643749572, 12.21860329096385733 ) ) ;
#4389 = AXIS2_PLACEMENT_3D ( 'NONE', #406, #1181, #380 ) ;
#4390 = CARTESIAN_POINT ( 'NONE',  ( 1.979031523667561299, -18.48943308387559270, 6.021322161600143552 ) ) ;
#4391 = ADVANCED_FACE ( 'NONE', ( #2926 ), #1589, .F. ) ;
#4392 = CARTESIAN_POINT ( 'NONE',  ( -1.261856385379751977, -20.62260342420561088, -0.01335005526014644735 ) ) ;
#4393 = CARTESIAN_POINT ( 'NONE',  ( -0.6309999999999992282, -6.023600000000001842, 3.089420301609806074 ) ) ;
#4394 = AXIS2_PLACEMENT_3D ( 'NONE', #843, #1609, #1263 ) ;
#4395 = ORIENTED_EDGE ( 'NONE', *, *, #2510, .T. ) ;
#4396 = DIRECTION ( 'NONE',  ( -0.4949183714867592121, 0.8613943639229734162, 0.1142609091799560300 ) ) ;
#4397 = CARTESIAN_POINT ( 'NONE',  ( 0.000000000000000000, 0.000000000000000000, 0.000000000000000000 ) ) ;
#4398 = CARTESIAN_POINT ( 'NONE',  ( -3.387757062522798179, -5.223600000000002019, 8.473993392144295811 ) ) ;
#4399 = CIRCLE ( 'NONE', #371, 2.961890362146194722 ) ;
#4400 = ORIENTED_EDGE ( 'NONE', *, *, #392, .T. ) ;
#4401 = CARTESIAN_POINT ( 'NONE',  ( 2.504057841221295266, -5.223599999999995802, 8.653035871035358539 ) ) ;
#4402 = VERTEX_POINT ( 'NONE', #4723 ) ;
#4403 = FACE_OUTER_BOUND ( 'NONE', #4522, .T. ) ;
#4404 = CARTESIAN_POINT ( 'NONE',  ( 0.1541742039000334186, -22.11954095569777934, 1.035460156202774762 ) ) ;
#4405 = CARTESIAN_POINT ( 'NONE',  ( 3.446402889710584727, -8.442472563096504956, 8.306172904181893912 ) ) ;
#4406 = DIRECTION ( 'NONE',  ( 0.000000000000000000, 0.000000000000000000, 1.000000000000000000 ) ) ;
#4407 = ORIENTED_EDGE ( 'NONE', *, *, #1851, .T. ) ;
#4408 = CARTESIAN_POINT ( 'NONE',  ( 0.9686666536346246748, -20.55209535422181588, 1.539508871829359471 ) ) ;
#4409 = CARTESIAN_POINT ( 'NONE',  ( 1.064533160154917057, -21.55956692859339441, 0.3465224017322078853 ) ) ;
#4410 = VECTOR ( 'NONE', #1972, 1000.000000000000000 ) ;
#4411 = DIRECTION ( 'NONE',  ( 0.000000000000000000, 0.000000000000000000, 1.000000000000000000 ) ) ;
#4412 = DIRECTION ( 'NONE',  ( 0.000000000000000000, 0.000000000000000000, 1.000000000000000000 ) ) ;
#4413 = EDGE_CURVE ( 'NONE', #3093, #4945, #2362, .T. ) ;
#4414 = B_SPLINE_CURVE_WITH_KNOTS ( 'NONE', 3,
 ( #2105, #3736, #89, #894, #1394, #117, #4978, #4953, #1712, #2530 ),
 .UNSPECIFIED., .F., .F.,
 ( 4, 2, 2, 2, 4 ),
 ( 0.000000000000000000, 0.0001672395743396501010, 0.0003344791486793002020, 0.0005017187230189503301, 0.0006689582973586004041 ),
 .UNSPECIFIED. ) ;
#4415 = CARTESIAN_POINT ( 'NONE',  ( 0.000000000000000000, -19.45565425971203766, 0.000000000000000000 ) ) ;
#4416 = VECTOR ( 'NONE', #1201, 1000.000000000000114 ) ;
#4417 = FACE_OUTER_BOUND ( 'NONE', #1717, .T. ) ;
#4418 = CARTESIAN_POINT ( 'NONE',  ( 1.431000000000000050, -6.023600000000001842, 0.000000000000000000 ) ) ;
#4419 = CARTESIAN_POINT ( 'NONE',  ( -3.610344617159354730, -7.923600000000001309, 8.500000000000000000 ) ) ;
#4420 = ORIENTED_EDGE ( 'NONE', *, *, #2934, .T. ) ;
#4421 = EDGE_CURVE ( 'NONE', #3654, #4852, #1319, .T. ) ;
#4422 = EDGE_CURVE ( 'NONE', #2491, #4970, #1569, .T. ) ;
#4423 = CARTESIAN_POINT ( 'NONE',  ( -3.607089138344468537, -7.967701388842200139, 8.500000000000000000 ) ) ;
#4424 = CARTESIAN_POINT ( 'NONE',  ( -2.949504610658180592, -5.484603033834773100, 8.680052310557501372 ) ) ;
#4425 = CARTESIAN_POINT ( 'NONE',  ( -1.954639601155751194, -18.29390928683429252, 6.454425902704278073 ) ) ;
#4426 = B_SPLINE_CURVE_WITH_KNOTS ( 'NONE', 3,
 ( #3072, #1063, #5046, #3510, #1377, #4338, #4706, #1035 ),
 .UNSPECIFIED., .F., .F.,
 ( 4, 2, 2, 4 ),
 ( 0.000000000000000000, 0.0003503373570524109023, 0.0007006747141048218046, 0.001401349428209643609 ),
 .UNSPECIFIED. ) ;
#4427 = ORIENTED_EDGE ( 'NONE', *, *, #612, .F. ) ;
#4428 = CARTESIAN_POINT ( 'NONE',  ( 3.661429804399131793, -6.056705642941200729, 8.799999999999998934 ) ) ;
#4429 = VERTEX_POINT ( 'NONE', #3869 ) ;
#4430 = CARTESIAN_POINT ( 'NONE',  ( 0.000000000000000000, -15.00555694826952369, 2.961890362146194722 ) ) ;
#4431 = CARTESIAN_POINT ( 'NONE',  ( -1.073024850700519561, -21.47203474081053898, 0.3574370873009508065 ) ) ;
#4432 = EDGE_CURVE ( 'NONE', #216, #4077, #3038, .T. ) ;
#4433 = EDGE_CURVE ( 'NONE', #3282, #2735, #5176, .T. ) ;
#4434 = CARTESIAN_POINT ( 'NONE',  ( 1.734648288372182989, -9.247103862730837065, -2.623149450976791197 ) ) ;
#4435 = ORIENTED_EDGE ( 'NONE', *, *, #2831, .T. ) ;
#4436 = DIRECTION ( 'NONE',  ( 1.823493734064213855E-18, 0.9998891384553271200, -0.01488995631502733168 ) ) ;
#4437 = CARTESIAN_POINT ( 'NONE',  ( 3.907358398743906669, -9.370279448204129835, 10.73537897026515076 ) ) ;
#4438 = CARTESIAN_POINT ( 'NONE',  ( 3.980187398764587936, -8.223450211194027304, 8.209478968662148546 ) ) ;
#4439 = CARTESIAN_POINT ( 'NONE',  ( 2.541850148011774557, -5.223600000000001131, 8.688550630902637906 ) ) ;
#4440 = CARTESIAN_POINT ( 'NONE',  ( -2.834791727495772129, -5.223600000000002019, 8.387570762839734684 ) ) ;
#4441 = CARTESIAN_POINT ( 'NONE',  ( 3.610344617159377378, -7.923600000000001309, 8.499999999999998224 ) ) ;
#4442 = EDGE_CURVE ( 'NONE', #5080, #3522, #4756, .T. ) ;
#4443 = CARTESIAN_POINT ( 'NONE',  ( -4.335773627591025026, -6.023600000000001842, 8.988635737510087154 ) ) ;
#4444 = VERTEX_POINT ( 'NONE', #3555 ) ;
#4445 = CARTESIAN_POINT ( 'NONE',  ( -0.1516302537899206493, -14.69698022651288838, 7.207576790917057608 ) ) ;
#4446 = EDGE_CURVE ( 'NONE', #5000, #2500, #1191, .T. ) ;
#4447 = CARTESIAN_POINT ( 'NONE',  ( -1.192520124785211966, -9.091574846062387749, 2.914749543814703081 ) ) ;
#4448 = CARTESIAN_POINT ( 'NONE',  ( -0.6677926086384722293, -20.61166130683504605, -0.1054815087423521119 ) ) ;
#4449 = CARTESIAN_POINT ( 'NONE',  ( -3.384624318692730061, -5.496493196882497934, 8.500000000000103029 ) ) ;
#4450 = EDGE_CURVE ( 'NONE', #2284, #4970, #2698, .T. ) ;
#4451 = EDGE_LOOP ( 'NONE', ( #3305, #3709, #910, #151 ) ) ;
#4452 = DIRECTION ( 'NONE',  ( 0.01446297355477375521, 0.9998954057279961782, 0.000000000000000000 ) ) ;
#4453 = ORIENTED_EDGE ( 'NONE', *, *, #2644, .F. ) ;
#4454 = B_SPLINE_CURVE_WITH_KNOTS ( 'NONE', 3,
 ( #5209, #1352, #692, #2331 ),
 .UNSPECIFIED., .F., .F.,
 ( 4, 4 ),
 ( 0.000000000000000000, 3.310650968058754791E-05 ),
 .UNSPECIFIED. ) ;
#4455 = CARTESIAN_POINT ( 'NONE',  ( -0.02575603379641124360, -14.69295884451307543, 7.200338303317392885 ) ) ;
#4456 = EDGE_CURVE ( 'NONE', #2158, #1466, #3987, .T. ) ;
#4457 = CARTESIAN_POINT ( 'NONE',  ( -0.9769233608654462886, -20.71999046488156182, 0.8734996083686018542 ) ) ;
#4458 = B_SPLINE_SURFACE_WITH_KNOTS ( 'NONE', 3, 3, ( 
 ( #4078, #808, #4051, #2372 ),
 ( #2418, #1230, #4455, #2468 ),
 ( #4028, #3251, #834, #1968 ),
 ( #4005, #3176, #1603, #1549 ),
 ( #4876, #4104, #2841, #331 ),
 ( #1996, #2444, #5224, #3199 ),
 ( #4826, #1154, #2794, #2394 ),
 ( #356, #3629, #2153, #533 ),
 ( #4131, #2124, #2494, #456 ),
 ( #4235, #1358, #2183, #961 ),
 ( #2916, #2598, #3807, #4924 ),
 ( #4946, #4629, #81, #1254 ),
 ( #561, #484, #110, #2892 ),
 ( #1306, #140, #2546, #2097 ),
 ( #2997, #4185, #2522, #1764 ),
 ( #886, #3376, #2209, #4529 ),
 ( #508, #2946, #2971, #1654 ),
 ( #3301, #3729, #4972, #3753 ) ),
 .UNSPECIFIED., .T., .F., .F.,
 ( 4, 1, 1, 1, 1, 2, 2, 2, 1, 1, 1, 1, 4 ),
 ( 4, 4 ),
 ( 0.000000000000000000, 0.01249999999999995559, 0.02499999999999991118, 0.03750000000000008882, 0.05000000000000004441, 0.2500000000000000000, 0.5000000000000000000, 0.7500000000000000000, 0.9499999999999999556, 0.9625000000000000222, 0.9749999999999999778, 0.9875000000000000444, 1.000000000000000000 ),
 ( 0.000000000000000000, 1.000000000000000000 ),
 .UNSPECIFIED. ) ;
#4459 = FACE_OUTER_BOUND ( 'NONE', #5088, .T. ) ;
#4460 = ORIENTED_EDGE ( 'NONE', *, *, #2484, .F. ) ;
#4461 = CARTESIAN_POINT ( 'NONE',  ( 3.300387357855364634, -5.717859926328762832, 9.238452127659989799 ) ) ;
#4462 = CARTESIAN_POINT ( 'NONE',  ( -3.308949023841551540, -8.023224602311808340, 8.761313950668636608 ) ) ;
#4463 = FACE_OUTER_BOUND ( 'NONE', #4845, .T. ) ;
#4464 = CARTESIAN_POINT ( 'NONE',  ( -3.323123155361909831, -5.829698419733996495, 8.744450200383958816 ) ) ;
#4465 = CARTESIAN_POINT ( 'NONE',  ( -1.109567248682968632, -21.16060833433337152, 0.3837745045681389411 ) ) ;
#4466 = CARTESIAN_POINT ( 'NONE',  ( 0.6310000000000006715, -6.023600000000001842, 3.089420301609806074 ) ) ;
#4467 = CARTESIAN_POINT ( 'NONE',  ( -1.051719100844424659, -5.291313192102784058, -3.509871243507572292 ) ) ;
#4468 = ORIENTED_EDGE ( 'NONE', *, *, #3361, .F. ) ;
#4469 = CARTESIAN_POINT ( 'NONE',  ( -0.8999999999999994671, -10.22360000000000291, 9.237914785819810959 ) ) ;
#4470 = ORIENTED_EDGE ( 'NONE', *, *, #2, .T. ) ;
#4471 = FACE_OUTER_BOUND ( 'NONE', #3830, .T. ) ;
#4472 = DIRECTION ( 'NONE',  ( -0.9743700647852359120, 0.000000000000000000, -0.2249510543438620891 ) ) ;
#4473 = AXIS2_PLACEMENT_3D ( 'NONE', #3746, #2064, #1248 ) ;
#4474 = CARTESIAN_POINT ( 'NONE',  ( 0.06066215012663156436, -5.223600000000002019, 0.06066215012660750028 ) ) ;
#4475 = EDGE_CURVE ( 'NONE', #2885, #3985, #616, .T. ) ;
#4476 = ORIENTED_EDGE ( 'NONE', *, *, #870, .T. ) ;
#4477 = CARTESIAN_POINT ( 'NONE',  ( 2.969875268064713580, -5.352638109068545980, 8.593785381420733671 ) ) ;
#4478 = VERTEX_POINT ( 'NONE', #2695 ) ;
#4479 =( BOUNDED_SURFACE ( )  B_SPLINE_SURFACE ( 3, 2, ( 
 ( #1662, #19, #2848 ),
 ( #4932, #2077, #1239 ),
 ( #2424, #4487, #1262 ),
 ( #3308, #2877, #2899 ),
 ( #4461, #3683, #5231 ),
 ( #4113, #5278, #1159 ),
 ( #3710, #2475, #741 ),
 ( #842, #4511, #2028 ),
 ( #788, #1210, #411 ),
 ( #2378, #4059, #1633 ) ),
 .UNSPECIFIED., .F., .F., .F. ) 
 B_SPLINE_SURFACE_WITH_KNOTS ( ( 4, 2, 2, 2, 4 ),
 ( 3, 3 ),
 ( 0.000000000000000000, 0.0004273601324811550622, 0.0008547202649623101244, 0.001282080397443465187, 0.001709440529924620249 ),
 ( 0.000000000000000000, 0.4277922002472844820 ),
 .UNSPECIFIED. ) 
 GEOMETRIC_REPRESENTATION_ITEM ( )  RATIONAL_B_SPLINE_SURFACE ( (
 ( 1.000000000000000000, 0.8894963123750359024, 0.8735378560791158264),
 ( 1.000000000000000000, 0.8894940342286206114, 0.8735352489328203074),
 ( 1.000000000000000000, 0.8917957248002486015, 0.8761693395282259544),
 ( 1.000000000000000000, 0.9000941766905604657, 0.8856662173232441315),
 ( 1.000000000000000000, 0.9059974868057143471, 0.8924220575077443929),
 ( 1.000000000000000000, 0.9193375126917524565, 0.9076885912295327152),
 ( 1.000000000000000000, 0.9267992286278905478, 0.9162278953459273012),
 ( 1.000000000000000000, 0.9414222121113748898, 0.9329626657557370528),
 ( 1.000000000000000000, 0.9487072060104428939, 0.9412997264161324651),
 ( 1.000000000000000000, 0.9555282772598550078, 0.9491058667592977560) ) ) 
 REPRESENTATION_ITEM ( '' )  SURFACE ( )  );
#4480 = CARTESIAN_POINT ( 'NONE',  ( -0.6324922298130429832, -20.33196324345045269, 1.054994916948825745 ) ) ;
#4481 = DIRECTION ( 'NONE',  ( -0.9396926207859080948, 0.000000000000000000, 0.3420201433256694346 ) ) ;
#4482 = CARTESIAN_POINT ( 'NONE',  ( 0.000000000000000000, -15.69496271135054499, 0.000000000000000000 ) ) ;
#4483 = VECTOR ( 'NONE', #4919, 1000.000000000000000 ) ;
#4484 = CARTESIAN_POINT ( 'NONE',  ( 0.000000000000000000, -8.223600000000001131, 0.000000000000000000 ) ) ;
#4485 = ORIENTED_EDGE ( 'NONE', *, *, #2290, .F. ) ;
#4486 = AXIS2_PLACEMENT_3D ( 'NONE', #3313, #3797, #2537 ) ;
#4487 = CARTESIAN_POINT ( 'NONE',  ( 3.280981429014127038, -5.942974238478873517, 9.019546194032610487 ) ) ;
#4488 = CARTESIAN_POINT ( 'NONE',  ( 0.9075883152340189497, -19.33754378532492879, 2.934814467912821190 ) ) ;
#4489 = CARTESIAN_POINT ( 'NONE',  ( -3.661429804399109589, -6.056705642941200729, 8.500000000000000000 ) ) ;
#4490 = CARTESIAN_POINT ( 'NONE',  ( 0.000000000000000000, -7.923600000000001309, 8.200000000000001066 ) ) ;
#4491 = CARTESIAN_POINT ( 'NONE',  ( 3.396081006805141911, -6.023600000000001842, 9.330655880835744043 ) ) ;
#4492 = AXIS2_PLACEMENT_3D ( 'NONE', #2298, #3984, #3062 ) ;
#4493 = CARTESIAN_POINT ( 'NONE',  ( -3.872752106630178215, -8.221849890418317486, 8.239913477279973364 ) ) ;
#4494 = CARTESIAN_POINT ( 'NONE',  ( -0.6309999999999992282, -7.572722839544415052, 3.130003691552285972 ) ) ;
#4495 = EDGE_CURVE ( 'NONE', #1417, #4739, #2281, .T. ) ;
#4496 = CIRCLE ( 'NONE', #1664, 4.025122630638346521 ) ;
#4497 = VERTEX_POINT ( 'NONE', #2026 ) ;
#4498 = CARTESIAN_POINT ( 'NONE',  ( -0.2165220344382296769, -10.22360000000000291, 8.760577076464318935 ) ) ;
#4499 = CARTESIAN_POINT ( 'NONE',  ( -1.330507207058528429, -9.138939787567819550, 2.853093912904227203 ) ) ;
#4500 = CARTESIAN_POINT ( 'NONE',  ( -3.235562057747733533, -5.681603490063567463, 8.621546649821562269 ) ) ;
#4501 = CARTESIAN_POINT ( 'NONE',  ( -1.431000000000002936, -6.023600000000001842, -1.348571952927287480E-15 ) ) ;
#4502 = ORIENTED_EDGE ( 'NONE', *, *, #2808, .T. ) ;
#4503 = CARTESIAN_POINT ( 'NONE',  ( 0.000000000000000000, -16.75151496779673366, 0.000000000000000000 ) ) ;
#4504 = VERTEX_POINT ( 'NONE', #1606 ) ;
#4505 = CARTESIAN_POINT ( 'NONE',  ( -0.9101295130209237083, -20.09996780829142438, 1.805563106204800317 ) ) ;
#4506 = CARTESIAN_POINT ( 'NONE',  ( -0.9358289339036583998, -20.47523751475312892, 1.004293029283290117 ) ) ;
#4507 = FACE_OUTER_BOUND ( 'NONE', #2958, .T. ) ;
#4508 = EDGE_CURVE ( 'NONE', #4497, #2284, #760, .T. ) ;
#4509 = CARTESIAN_POINT ( 'NONE',  ( 2.633403228964793286, -9.256198842509705926, -1.739079521918103222 ) ) ;
#4510 = ORIENTED_EDGE ( 'NONE', *, *, #2779, .T. ) ;
#4511 = CARTESIAN_POINT ( 'NONE',  ( 3.061904904793726789, -5.571993876117343092, 8.780272927595010657 ) ) ;
#4512 = CARTESIAN_POINT ( 'NONE',  ( 2.888709462525022253, -15.36655443236539043, 7.936664019652298840 ) ) ;
#4513 = EDGE_CURVE ( 'NONE', #3682, #2443, #218, .T. ) ;
#4514 = CARTESIAN_POINT ( 'NONE',  ( 2.575086999177032432, -5.237267500750355964, 8.726368326413936671 ) ) ;
#4515 =( BOUNDED_SURFACE ( )  B_SPLINE_SURFACE ( 3, 2, ( 
 ( #3518, #2313, #754 ),
 ( #4449, #4398, #3598 ),
 ( #730, #5140, #1470 ),
 ( #703, #3944, #1911 ),
 ( #1099, #2710, #3144 ),
 ( #4821, #4372, #2368 ) ),
 .UNSPECIFIED., .F., .F., .F. ) 
 B_SPLINE_SURFACE_WITH_KNOTS ( ( 4, 2, 4 ),
 ( 3, 3 ),
 ( -5.421010862427522170E-20, 0.0003295661520249650945, 0.0006591323040499302973 ),
 ( 0.000000000000000000, 1.000000000000000000 ),
 .UNSPECIFIED. ) 
 GEOMETRIC_REPRESENTATION_ITEM ( )  RATIONAL_B_SPLINE_SURFACE ( (
 ( 1.000000000000000000, 0.7071067811870607178, 1.000000000000000000),
 ( 1.000000000000000000, 0.7391560999897466289, 1.000000000000000000),
 ( 1.000000000000000000, 0.7721528378531441472, 1.000000000000000000),
 ( 1.000000000000000000, 0.8339045592637168713, 1.000000000000000000),
 ( 1.000000000000000000, 0.8622815781674282309, 1.000000000000000000),
 ( 1.000000000000000000, 0.8859664129566708901, 1.000000000000000000) ) ) 
 REPRESENTATION_ITEM ( '' )  SURFACE ( )  );
#4516 = EDGE_CURVE ( 'NONE', #453, #661, #470, .T. ) ;
#4517 = LINE ( 'NONE', #1214, #1490 ) ;
#4518 = CARTESIAN_POINT ( 'NONE',  ( 3.396022529066390128, -6.052174496908194534, 9.330495214568982121 ) ) ;
#4519 = DIRECTION ( 'NONE',  ( 0.9396926207859080948, 0.000000000000000000, -0.3420201433256695456 ) ) ;
#4520 = CARTESIAN_POINT ( 'NONE',  ( 3.179614586540008503, -6.007024849792318655, -0.6311287870812549716 ) ) ;
#4521 = CARTESIAN_POINT ( 'NONE',  ( -1.000000000000000222, -21.36881835441096555, 0.000000000000000000 ) ) ;
#4522 = EDGE_LOOP ( 'NONE', ( #3086, #359, #4470, #787 ) ) ;
#4523 = CARTESIAN_POINT ( 'NONE',  ( -11.25000000000000000, -7.923600000000001309, 0.000000000000000000 ) ) ;
#4524 = CARTESIAN_POINT ( 'NONE',  ( -1.746425629107297040, 0.000000000000000000, -0.4031941259273198463 ) ) ;
#4525 = DIRECTION ( 'NONE',  ( 0.000000000000000000, 1.000000000000000000, 0.000000000000000000 ) ) ;
#4526 = ORIENTED_EDGE ( 'NONE', *, *, #1710, .F. ) ;
#4527 = CARTESIAN_POINT ( 'NONE',  ( -10.94999999999999929, -8.223600000000001131, -6.122553444624003287E-17 ) ) ;
#4528 = EDGE_LOOP ( 'NONE', ( #4774, #1261, #86, #3656, #3299 ) ) ;
#4529 = CARTESIAN_POINT ( 'NONE',  ( 0.07404129125031087832, -10.22360000000000291, 8.737309975419792707 ) ) ;
#4530 = FACE_OUTER_BOUND ( 'NONE', #2686, .T. ) ;
#4531 = CARTESIAN_POINT ( 'NONE',  ( 0.2547808928740841194, -20.60623523972513382, -0.05914699829062591840 ) ) ;
#4532 = AXIS2_PLACEMENT_3D ( 'NONE', #3739, #2136, #4668 ) ;
#4533 = ORIENTED_EDGE ( 'NONE', *, *, #619, .F. ) ;
#4534 = CARTESIAN_POINT ( 'NONE',  ( 3.397140196966201398, -15.08003029585792021, 6.739122336805233537 ) ) ;
#4535 = ORIENTED_EDGE ( 'NONE', *, *, #875, .F. ) ;
#4536 = CYLINDRICAL_SURFACE ( 'NONE', #2341, 3.225122630638346699 ) ;
#4537 = CARTESIAN_POINT ( 'NONE',  ( -3.446470291155956822, -8.442692417134125549, 8.305872066057865766 ) ) ;
#4538 = DIRECTION ( 'NONE',  ( 0.000000000000000000, 0.000000000000000000, 1.000000000000000000 ) ) ;
#4539 = CARTESIAN_POINT ( 'NONE',  ( 0.06066215012660751416, -6.023600000000001842, -0.06066215012663156436 ) ) ;
#4540 = CARTESIAN_POINT ( 'NONE',  ( 3.351091598442440755, -15.51549385704058892, 6.616493261394527536 ) ) ;
#4541 = CONICAL_SURFACE ( 'NONE', #5044, 0.005000000000000013115, 0.1374609408134795374 ) ;
#4542 = CARTESIAN_POINT ( 'NONE',  ( 3.375078033272582712, -5.864707687886457244, 9.310523903903790810 ) ) ;
#4543 = CARTESIAN_POINT ( 'NONE',  ( 2.834791727493719105, -5.523600000000001842, 8.387570762841097149 ) ) ;
#4544 = CARTESIAN_POINT ( 'NONE',  ( 0.8999999999999994671, -10.22360000000000291, 10.13201710189523475 ) ) ;
#4545 = CARTESIAN_POINT ( 'NONE',  ( -4.023172534596730188, -7.721900781228776545, 11.05357569337450840 ) ) ;
#4546 = CARTESIAN_POINT ( 'NONE',  ( 0.000000000000000000, -17.33419824958559730, 0.000000000000000000 ) ) ;
#4547 = CARTESIAN_POINT ( 'NONE',  ( -3.395905599118075990, -6.066457142857145435, 9.330173952176410879 ) ) ;
#4548 = VERTEX_POINT ( 'NONE', #2448 ) ;
#4549 = FACE_OUTER_BOUND ( 'NONE', #5168, .T. ) ;
#4550 = VERTEX_POINT ( 'NONE', #2396 ) ;
#4551 = CARTESIAN_POINT ( 'NONE',  ( -11.25000000000000000, -5.347864068711929875, 8.500000000000000000 ) ) ;
#4552 = AXIS2_PLACEMENT_3D ( 'NONE', #866, #918, #1340 ) ;
#4553 = CARTESIAN_POINT ( 'NONE',  ( 2.888709462525022253, -15.36655443236539043, 7.936664019652298840 ) ) ;
#4554 = CARTESIAN_POINT ( 'NONE',  ( -2.351595843561857357, -5.223600000000002019, 8.799999999999997158 ) ) ;
#4555 = ORIENTED_EDGE ( 'NONE', *, *, #4432, .T. ) ;
#4556 = DIRECTION ( 'NONE',  ( 0.000000000000000000, 0.000000000000000000, 1.000000000000000000 ) ) ;
#4557 = VERTEX_POINT ( 'NONE', #3254 ) ;
#4558 = CARTESIAN_POINT ( 'NONE',  ( 1.075509066420816451, -21.13720178455429632, 0.4921489447938686701 ) ) ;
#4559 = VECTOR ( 'NONE', #1520, 1000.000000000000000 ) ;
#4560 = CARTESIAN_POINT ( 'NONE',  ( 0.9704550727111885822, -21.56452085839829635, 0.7246292389025160707 ) ) ;
#4561 = CARTESIAN_POINT ( 'NONE',  ( -3.372678400236326368, -6.042881999085506273, 8.719225009522951098 ) ) ;
#4562 = CARTESIAN_POINT ( 'NONE',  ( 3.900867016609038895, -8.222841013613434669, 8.228749843976746803 ) ) ;
#4563 = AXIS2_PLACEMENT_3D ( 'NONE', #2961, #2171, #3743 ) ;
#4564 = DIRECTION ( 'NONE',  ( -0.000000000000000000, -1.000000000000000000, -0.000000000000000000 ) ) ;
#4565 = CARTESIAN_POINT ( 'NONE',  ( -3.373779827080737537, -6.023600000000003618, 8.715564450517526041 ) ) ;
#4566 = CARTESIAN_POINT ( 'NONE',  ( -2.686046126966652015, -20.61166130683501052, 2.376559079541216146 ) ) ;
#4567 = CARTESIAN_POINT ( 'NONE',  ( -2.969875268067533103, -5.352638109070499972, 8.593785381420488534 ) ) ;
#4568 = AXIS2_PLACEMENT_3D ( 'NONE', #278, #682, #1835 ) ;
#4569 = CARTESIAN_POINT ( 'NONE',  ( 0.6671151808346749146, -20.59600754862597327, 0.1649429704033359978 ) ) ;
#4570 = CARTESIAN_POINT ( 'NONE',  ( 0.2018046292421598331, -22.92048178833663385, 0.9131435882160172657 ) ) ;
#4571 = LINE ( 'NONE', #5020, #3024 ) ;
#4572 = FACE_OUTER_BOUND ( 'NONE', #1525, .T. ) ;
#4573 = VECTOR ( 'NONE', #3740, 1000.000000000000114 ) ;
#4574 = EDGE_CURVE ( 'NONE', #4077, #405, #385, .T. ) ;
#4575 = ORIENTED_EDGE ( 'NONE', *, *, #1753, .T. ) ;
#4576 = EDGE_CURVE ( 'NONE', #4196, #5090, #4197, .T. ) ;
#4577 = DIRECTION ( 'NONE',  ( 0.000000000000000000, 0.000000000000000000, -1.000000000000000000 ) ) ;
#4578 = VERTEX_POINT ( 'NONE', #2075 ) ;
#4579 = CARTESIAN_POINT ( 'NONE',  ( 1.249257034774327701, -20.62206394616855931, 0.1729547679846879793 ) ) ;
#4580 = CARTESIAN_POINT ( 'NONE',  ( 3.869981129574204370, -6.058159803595764004, 12.22627849210833517 ) ) ;
#4581 = DIRECTION ( 'NONE',  ( 0.000000000000000000, 0.000000000000000000, 1.000000000000000000 ) ) ;
#4582 = ORIENTED_EDGE ( 'NONE', *, *, #3431, .F. ) ;
#4583 = CARTESIAN_POINT ( 'NONE',  ( 3.179114782977798814, -6.023600000000001842, -0.6310000000000240972 ) ) ;
#4584 = ORIENTED_EDGE ( 'NONE', *, *, #2642, .T. ) ;
#4585 = CARTESIAN_POINT ( 'NONE',  ( 0.9691981732605687849, -20.43264142164469988, 1.100133374171579081 ) ) ;
#4586 = CARTESIAN_POINT ( 'NONE',  ( 0.9911308084766782267, -21.30222721572381062, 0.9012437888296630506 ) ) ;
#4587 = CARTESIAN_POINT ( 'NONE',  ( -3.130003691552290856, -7.572722839544415052, 0.6309999999999769127 ) ) ;
#4588 = DIRECTION ( 'NONE',  ( -0.000000000000000000, -1.000000000000000000, -0.000000000000000000 ) ) ;
#4589 = ORIENTED_EDGE ( 'NONE', *, *, #1892, .T. ) ;
#4590 = CARTESIAN_POINT ( 'NONE',  ( 0.000000000000000000, -12.20178778921884266, 2.227767388195791565 ) ) ;
#4591 = CARTESIAN_POINT ( 'NONE',  ( -1.172056200104221402, -21.18017553209458725, -0.08750521392743196292 ) ) ;
#4592 = DIRECTION ( 'NONE',  ( 0.000000000000000000, 0.02248751065975306690, -0.9997471239590176584 ) ) ;
#4593 = CARTESIAN_POINT ( 'NONE',  ( -3.015449201764325959, -10.73146821626741421, 0.6961713026423439477 ) ) ;
#4594 = DIRECTION ( 'NONE',  ( -1.000000000000000000, 0.000000000000000000, 2.040851148208014408E-16 ) ) ;
#4595 = CARTESIAN_POINT ( 'NONE',  ( -4.074161836859234498, -6.023600000000001842, 11.19366764997448804 ) ) ;
#4596 = DIRECTION ( 'NONE',  ( 0.000000000000000000, 1.000000000000000000, 0.000000000000000000 ) ) ;
#4597 = CARTESIAN_POINT ( 'NONE',  ( 0.000000000000000000, -15.69496271135054499, 1.792363797108475376 ) ) ;
#4598 = ORIENTED_EDGE ( 'NONE', *, *, #2162, .F. ) ;
#4599 = DIRECTION ( 'NONE',  ( 0.8393880683067295179, 0.5078128394490009079, -0.1937880049823525741 ) ) ;
#4600 = ORIENTED_EDGE ( 'NONE', *, *, #5189, .F. ) ;
#4601 = EDGE_CURVE ( 'NONE', #2945, #1499, #4835, .T. ) ;
#4602 = FACE_OUTER_BOUND ( 'NONE', #4615, .T. ) ;
#4603 = EDGE_CURVE ( 'NONE', #1942, #975, #5258, .T. ) ;
#4604 = CARTESIAN_POINT ( 'NONE',  ( 3.545441705109031894, -5.223600000000097943, 12.50153757302750179 ) ) ;
#4605 = CARTESIAN_POINT ( 'NONE',  ( -2.243817867063847782, -18.68654130826367421, 5.830363155617600768 ) ) ;
#4606 = EDGE_LOOP ( 'NONE', ( #4381, #231, #4207, #178 ) ) ;
#4607 = CARTESIAN_POINT ( 'NONE',  ( 3.240429039559649116, -5.223600000000002019, 8.218463430695559069 ) ) ;
#4608 = EDGE_LOOP ( 'NONE', ( #17, #3009, #1530, #960 ) ) ;
#4609 = ADVANCED_FACE ( 'NONE', ( #4459 ), #409, .F. ) ;
#4610 = CARTESIAN_POINT ( 'NONE',  ( 1.051850310971422786, -21.10002912825096644, 0.6021590881355404212 ) ) ;
#4611 = CARTESIAN_POINT ( 'NONE',  ( 0.6768480097174989218, -22.02219875591160658, 0.8316694415189828105 ) ) ;
#4612 = AXIS2_PLACEMENT_3D ( 'NONE', #1328, #2229, #3425 ) ;
#4613 = DIRECTION ( 'NONE',  ( -0.000000000000000000, -1.000000000000000000, -0.000000000000000000 ) ) ;
#4614 = CARTESIAN_POINT ( 'NONE',  ( -3.434094362407281054, -6.023600000000003618, 8.500000000000000000 ) ) ;
#4615 = EDGE_LOOP ( 'NONE', ( #1200, #2756, #1281, #1453 ) ) ;
#4616 = AXIS2_PLACEMENT_3D ( 'NONE', #56, #3700, #1651 ) ;
#4617 = DIRECTION ( 'NONE',  ( -2.571407403092368652E-16, 0.000000000000000000, -1.000000000000000000 ) ) ;
#4618 = CARTESIAN_POINT ( 'NONE',  ( 2.418295941608456623, -17.36623141952880900, 6.351422846465195171 ) ) ;
#4619 = FACE_OUTER_BOUND ( 'NONE', #4931, .T. ) ;
#4620 = CARTESIAN_POINT ( 'NONE',  ( -2.351595843561857357, -5.223600000000002019, 8.799999999999997158 ) ) ;
#4621 = CIRCLE ( 'NONE', #18, 34.39999999999999858 ) ;
#4622 = CARTESIAN_POINT ( 'NONE',  ( -3.850024544417778305, -8.494772753030231272, 7.950175863090722217 ) ) ;
#4623 = DIRECTION ( 'NONE',  ( 0.000000000000000000, 0.000000000000000000, -1.000000000000000000 ) ) ;
#4624 = CARTESIAN_POINT ( 'NONE',  ( -11.10682268589476251, -5.256156509894807094, 0.008445027396364535727 ) ) ;
#4625 = FACE_OUTER_BOUND ( 'NONE', #1039, .T. ) ;
#4626 = VERTEX_POINT ( 'NONE', #3681 ) ;
#4627 = DIRECTION ( 'NONE',  ( 0.000000000000000000, 0.000000000000000000, -1.000000000000000000 ) ) ;
#4628 = ORIENTED_EDGE ( 'NONE', *, *, #1896, .F. ) ;
#4629 = CARTESIAN_POINT ( 'NONE',  ( 0.9666666666666666741, -18.82691367757014689, 4.264088259091348476 ) ) ;
#4630 = CARTESIAN_POINT ( 'NONE',  ( 2.232153120534576374, -17.74669746643166235, 6.732483810410538005 ) ) ;
#4631 = CARTESIAN_POINT ( 'NONE',  ( -3.026586516086285705, -9.112535141656957549, 8.315478110972430059 ) ) ;
#4632 = EDGE_CURVE ( 'NONE', #4823, #2943, #3880, .T. ) ;
#4633 = EDGE_LOOP ( 'NONE', ( #1935, #653, #2526, #1546, #624, #3733 ) ) ;
#4634 = CARTESIAN_POINT ( 'NONE',  ( 3.026586516088666023, -9.112535141651205706, 8.315478110980086157 ) ) ;
#4635 = ORIENTED_EDGE ( 'NONE', *, *, #4155, .T. ) ;
#4636 = PRESENTATION_LAYER_ASSIGNMENT (  '', '', ( #1637 ) ) ;
#4637 = CARTESIAN_POINT ( 'NONE',  ( 0.7495454498961778844, -19.99872523689075621, 1.750761069875813591 ) ) ;
#4638 = CARTESIAN_POINT ( 'NONE',  ( 1.014034452297062572, -21.23486985749777745, 0.6326226111799493346 ) ) ;
#4639 = CARTESIAN_POINT ( 'NONE',  ( -3.372767536377650810, -6.033241253236973023, 8.719156112517886470 ) ) ;
#4640 = CIRCLE ( 'NONE', #3105, 34.39999999999999858 ) ;
#4641 = CARTESIAN_POINT ( 'NONE',  ( 11.25000000000000000, -8.223600000000001131, -2.295957541734009343E-15 ) ) ;
#4642 = ORIENTED_EDGE ( 'NONE', *, *, #3096, .T. ) ;
#4643 = FACE_OUTER_BOUND ( 'NONE', #1789, .T. ) ;
#4644 = CARTESIAN_POINT ( 'NONE',  ( 3.332934521588962085, -8.298782426073973539, 8.579718712998571917 ) ) ;
#4645 = CARTESIAN_POINT ( 'NONE',  ( -0.1235822652615176515, -20.28452167631538572, 0.8708151186136726674 ) ) ;
#4646 = CARTESIAN_POINT ( 'NONE',  ( -4.144001371221240682, -5.223600000000001131, 11.74140586148671517 ) ) ;
#4647 = CIRCLE ( 'NONE', #1143, 12.15418374273840385 ) ;
#4648 = CARTESIAN_POINT ( 'NONE',  ( -3.875085519889721386, -8.495069740634006550, 7.937971434977613150 ) ) ;
#4649 = EDGE_CURVE ( 'NONE', #4165, #2491, #4755, .T. ) ;
#4650 = FACE_OUTER_BOUND ( 'NONE', #3844, .T. ) ;
#4651 = CARTESIAN_POINT ( 'NONE',  ( 3.094757824535582458, -8.683707792995448926, -0.6310000000000240972 ) ) ;
#4652 = CARTESIAN_POINT ( 'NONE',  ( -3.313823533117135955, -15.55690908273387052, 9.104655329296246435 ) ) ;
#4653 = ORIENTED_EDGE ( 'NONE', *, *, #1936, .T. ) ;
#4654 = CARTESIAN_POINT ( 'NONE',  ( 3.339222270705509921, -7.291595891344321068, 8.738299082512796190 ) ) ;
#4655 = ORIENTED_EDGE ( 'NONE', *, *, #263, .T. ) ;
#4656 = CARTESIAN_POINT ( 'NONE',  ( 3.970187486047769875E-16, -5.998740736633151549, -3.241904105585356355 ) ) ;
#4657 = CIRCLE ( 'NONE', #648, 3.225122630638346255 ) ;
#4658 = CARTESIAN_POINT ( 'NONE',  ( -3.779696404344240701, -5.223600000000002019, 1.430999999999977401 ) ) ;
#4659 = CARTESIAN_POINT ( 'NONE',  ( -1.333996665787355207, -19.15516310270997735, 5.896374628142872609 ) ) ;
#4660 = B_SPLINE_CURVE_WITH_KNOTS ( 'NONE', 3,
 ( #1958, #749, #669, #3537, #344, #3137, #1094, #1120, #4793, #2361, #2730, #5160, #696, #2335, #3996, #2385, #5186, #5237 ),
 .UNSPECIFIED., .F., .F.,
 ( 4, 2, 2, 2, 2, 2, 2, 2, 4 ),
 ( 0.000000000000000000, 0.0003403149971162194886, 0.0006806299942324389772, 0.001020944991348658520, 0.001361259988464877304, 0.002041889982697308800, 0.002722519976929739863, 0.004083779965394593314, 0.005445039953859446766 ),
 .UNSPECIFIED. ) ;
#4661 = ORIENTED_EDGE ( 'NONE', *, *, #1781, .F. ) ;
#4662 = CARTESIAN_POINT ( 'NONE',  ( 3.240752185720473744, -5.223600000000002019, 11.71429934750390167 ) ) ;
#4663 = ORIENTED_EDGE ( 'NONE', *, *, #2005, .F. ) ;
#4664 = VECTOR ( 'NONE', #938, 1000.000000000000000 ) ;
#4665 = CARTESIAN_POINT ( 'NONE',  ( 3.373779827080758409, -6.023600000000002730, 8.715564450517526041 ) ) ;
#4666 = CARTESIAN_POINT ( 'NONE',  ( 0.000000000000000000, -6.023600000000001842, -3.903127820947815962E-14 ) ) ;
#4667 = CARTESIAN_POINT ( 'NONE',  ( 0.9581627386062665508, -21.60453946501525024, 0.7359690033182330060 ) ) ;
#4668 = DIRECTION ( 'NONE',  ( 4.182454371868921091E-14, 0.000000000000000000, 1.000000000000000000 ) ) ;
#4669 = DIRECTION ( 'NONE',  ( -1.000000000000000000, 0.000000000000000000, 2.571407403092368652E-16 ) ) ;
#4670 = ORIENTED_EDGE ( 'NONE', *, *, #4249, .F. ) ;
#4671 = PLANE ( 'NONE',  #4991 ) ;
#4672 = EDGE_CURVE ( 'NONE', #4578, #146, #2199, .T. ) ;
#4673 = B_SPLINE_CURVE_WITH_KNOTS ( 'NONE', 3,
 ( #3622, #5241, #1573, #1350 ),
 .UNSPECIFIED., .F., .F.,
 ( 4, 4 ),
 ( 0.07036671463023956574, 1.000000000000000000 ),
 .UNSPECIFIED. ) ;
#4674 = EDGE_CURVE ( 'NONE', #3409, #1303, #2286, .T. ) ;
#4675 = CARTESIAN_POINT ( 'NONE',  ( -1.157010783096828144, -21.18017553209466897, -0.1827562052259701364 ) ) ;
#4676 = ADVANCED_FACE ( 'NONE', ( #4930 ), #1384, .F. ) ;
#4677 = CARTESIAN_POINT ( 'NONE',  ( -0.2442322013281160165, -20.25286344162149277, 0.9534522712455988369 ) ) ;
#4678 = CARTESIAN_POINT ( 'NONE',  ( -3.896147622238542940, -5.223600000000026000, 12.25158973355135927 ) ) ;
#4679 =( BOUNDED_SURFACE ( )  B_SPLINE_SURFACE ( 3, 2, ( 
 ( #1703, #3349, #2569 ),
 ( #934, #4579, #911 ),
 ( #4208, #217, #4771 ),
 ( #1015, #243, #673 ) ),
 .UNSPECIFIED., .F., .F., .T. ) 
 B_SPLINE_SURFACE_WITH_KNOTS ( ( 4, 4 ),
 ( 3, 3 ),
 ( -3.767602549387127908E-17, 0.0003299280126502436485 ),
 ( 0.000000000000000000, 1.000000000000000000 ),
 .UNSPECIFIED. ) 
 GEOMETRIC_REPRESENTATION_ITEM ( )  RATIONAL_B_SPLINE_SURFACE ( (
 ( 1.000000000000000000, 0.6614944293722739843, 1.000000000000000000),
 ( 1.000000000000000000, 0.6670045983374008891, 1.000000000000000000),
 ( 1.000000000000000000, 0.6642169008253184792, 1.000000000000000000),
 ( 1.000000000000000000, 0.6568757681186356834, 1.000000000000000000) ) ) 
 REPRESENTATION_ITEM ( '' )  SURFACE ( )  );
#4680 = CARTESIAN_POINT ( 'NONE',  ( 0.000000000000000000, -15.69496271135054499, 0.000000000000000000 ) ) ;
#4681 = CARTESIAN_POINT ( 'NONE',  ( 3.661669363746035355, -6.023600000000001842, 8.499999999999998224 ) ) ;
#4682 = CARTESIAN_POINT ( 'NONE',  ( 3.100094794110747731, -8.515495766360366758, -0.6310000000000240972 ) ) ;
#4683 = CARTESIAN_POINT ( 'NONE',  ( 0.000000000000000000, -16.75151496779673366, 0.000000000000000000 ) ) ;
#4684 = EDGE_LOOP ( 'NONE', ( #1, #460, #455, #2858 ) ) ;
#4685 = CARTESIAN_POINT ( 'NONE',  ( 0.6310000000000006715, -8.515495766360672292, 3.100094794110743290 ) ) ;
#4686 = ORIENTED_EDGE ( 'NONE', *, *, #1019, .T. ) ;
#4687 = CARTESIAN_POINT ( 'NONE',  ( -3.433709647556939526, -6.053411787816528111, 8.500000000000000000 ) ) ;
#4688 = CARTESIAN_POINT ( 'NONE',  ( -3.111296699622367434, -5.789335642341115751, -0.6580282466340050540 ) ) ;
#4689 = CARTESIAN_POINT ( 'NONE',  ( -3.397140196964366421, -15.08003029587507093, 6.739122336800416058 ) ) ;
#4690 = ORIENTED_EDGE ( 'NONE', *, *, #1828, .T. ) ;
#4691 = DIRECTION ( 'NONE',  ( -2.040851148208007998E-16, 0.000000000000000000, -1.000000000000000000 ) ) ;
#4692 = ORIENTED_EDGE ( 'NONE', *, *, #2413, .F. ) ;
#4693 = DIRECTION ( 'NONE',  ( 0.000000000000000000, 1.000000000000000000, 0.000000000000000000 ) ) ;
#4694 = CARTESIAN_POINT ( 'NONE',  ( 0.9289860171802439837, -19.61203697673037283, 2.666912424123884851 ) ) ;
#4695 = CARTESIAN_POINT ( 'NONE',  ( -0.04298805608832779318, -22.12115867407220904, 1.041074523912195016 ) ) ;
#4696 = CARTESIAN_POINT ( 'NONE',  ( -0.9801497811938481020, -21.49695888409876687, 0.7502843679707382751 ) ) ;
#4697 = CARTESIAN_POINT ( 'NONE',  ( 3.623585265698080704, -8.128264086397120280, 8.423432337028346595 ) ) ;
#4698 = ORIENTED_EDGE ( 'NONE', *, *, #2781, .F. ) ;
#4699 = CARTESIAN_POINT ( 'NONE',  ( 4.304358425843433089, -9.162129476591811539, 11.82612758024500721 ) ) ;
#4700 = CARTESIAN_POINT ( 'NONE',  ( -1.994728634840596593, -18.22728292037467313, 6.487536921983034333 ) ) ;
#4701 = ORIENTED_EDGE ( 'NONE', *, *, #1266, .F. ) ;
#4702 = CARTESIAN_POINT ( 'NONE',  ( -0.8536330413389360272, -19.56532824783866076, 2.515579901647201133 ) ) ;
#4703 = CARTESIAN_POINT ( 'NONE',  ( 0.000000000000000000, -12.85458479929957321, 0.000000000000000000 ) ) ;
#4704 = EDGE_CURVE ( 'NONE', #3954, #2943, #1693, .T. ) ;
#4705 = CARTESIAN_POINT ( 'NONE',  ( 1.754450307783548269, -18.80362195938236880, 5.948462104434866227 ) ) ;
#4706 = CARTESIAN_POINT ( 'NONE',  ( -3.546798091053704027, -5.223600000000002908, 1.237680890036808368 ) ) ;
#4707 = CARTESIAN_POINT ( 'NONE',  ( -1.430999999999999828, -5.223600000000002019, -3.677861117362425158 ) ) ;
#4708 = ORIENTED_EDGE ( 'NONE', *, *, #4956, .T. ) ;
#4709 = CARTESIAN_POINT ( 'NONE',  ( -0.06066215012660748640, -6.023600000000001842, 0.06066215012663156436 ) ) ;
#4710 = EDGE_LOOP ( 'NONE', ( #1937, #4009, #2639, #2670, #2291 ) ) ;
#4711 = EDGE_CURVE ( 'NONE', #63, #3023, #687, .T. ) ;
#4712 = CARTESIAN_POINT ( 'NONE',  ( -1.430999999999999384, -5.223600000000002019, 3.089420301609806518 ) ) ;
#4713 = CARTESIAN_POINT ( 'NONE',  ( 0.000000000000000000, -110.2766025877275382, 0.000000000000000000 ) ) ;
#4714 = AXIS2_PLACEMENT_3D ( 'NONE', #2704, #4339, #1904 ) ;
#4715 = CARTESIAN_POINT ( 'NONE',  ( -1.044249981478577283, -19.08051392770499177, 6.114397565854513772 ) ) ;
#4716 = ORIENTED_EDGE ( 'NONE', *, *, #1781, .T. ) ;
#4717 = CARTESIAN_POINT ( 'NONE',  ( 3.341454533383596992, -5.223600000000002908, 11.51961439873608839 ) ) ;
#4718 = EDGE_LOOP ( 'NONE', ( #3520, #1195, #3915 ) ) ;
#4719 = CARTESIAN_POINT ( 'NONE',  ( 8.673617379884035472E-16, -5.523600000000001842, 1.328125000000000222 ) ) ;
#4720 = CARTESIAN_POINT ( 'NONE',  ( 0.8249249158658624737, -21.64798552215553329, 1.084722166905731200 ) ) ;
#4721 = CARTESIAN_POINT ( 'NONE',  ( -0.3580695330846321300, -22.85431751542110135, 0.8703752723368024524 ) ) ;
#4722 = CARTESIAN_POINT ( 'NONE',  ( -0.9915763515739470790, -21.21966277233250864, 0.9840120994155832079 ) ) ;
#4723 = CARTESIAN_POINT ( 'NONE',  ( -2.885977304051153602, -15.00555694826952369, 0.6662803598157099882 ) ) ;
#4724 = CIRCLE ( 'NONE', #528, 0.9999999999999994449 ) ;
#4725 = EDGE_LOOP ( 'NONE', ( #3735, #1095, #2308, #2528 ) ) ;
#4726 = CARTESIAN_POINT ( 'NONE',  ( 4.075643544790851003, -5.928666430544358157, 11.19773860905874763 ) ) ;
#4727 = CARTESIAN_POINT ( 'NONE',  ( -2.347867863069583283, -5.223607038996733287, 8.799569575116930054 ) ) ;
#4728 = CIRCLE ( 'NONE', #1724, 6.202927987422225620 ) ;
#4729 = DIRECTION ( 'NONE',  ( 0.000000000000000000, 0.000000000000000000, 1.000000000000000000 ) ) ;
#4730 = CARTESIAN_POINT ( 'NONE',  ( 0.5304814923697288576, -20.61166130683501052, 0.5395214112127117989 ) ) ;
#4731 = CARTESIAN_POINT ( 'NONE',  ( -0.9875580527496529148, -21.95132870880323495, 0.3996595379019958205 ) ) ;
#4732 = DIRECTION ( 'NONE',  ( -0.000000000000000000, 1.000000000000000000, -0.000000000000000000 ) ) ;
#4733 = ADVANCED_FACE ( 'NONE', ( #4950 ), #2612, .F. ) ;
#4734 = CIRCLE ( 'NONE', #632, 4.041517772942823328 ) ;
#4735 = CARTESIAN_POINT ( 'NONE',  ( -1.708297064132371812, -17.39810987803001296, 7.903460710919761212 ) ) ;
#4736 = CARTESIAN_POINT ( 'NONE',  ( 11.25000000000000000, -5.523600000000001842, -4.133182947122316772E-15 ) ) ;
#4737 = ORIENTED_EDGE ( 'NONE', *, *, #3719, .T. ) ;
#4738 = CARTESIAN_POINT ( 'NONE',  ( 3.017469701627047751, -8.982150440693258631, 0.9132922713615692079 ) ) ;
#4739 = VERTEX_POINT ( 'NONE', #1659 ) ;
#4740 = CONICAL_SURFACE ( 'NONE', #3634, 2.227767388195791565, 0.5327878586222951629 ) ;
#4741 = CARTESIAN_POINT ( 'NONE',  ( -0.6310000000000000053, -8.851919802070680632, -3.089420301609855368 ) ) ;
#4742 = LINE ( 'NONE', #1939, #885 ) ;
#4743 = EDGE_CURVE ( 'NONE', #4626, #5116, #891, .T. ) ;
#4744 = CARTESIAN_POINT ( 'NONE',  ( -2.699320028955454642, -17.90620212648729748, 5.986582313729233107 ) ) ;
#4745 = EDGE_CURVE ( 'NONE', #2821, #4258, #2188, .T. ) ;
#4746 = ORIENTED_EDGE ( 'NONE', *, *, #2386, .T. ) ;
#4747 = CARTESIAN_POINT ( 'NONE',  ( -3.117524205674019999, -5.582447126414362693, 8.813109850171386483 ) ) ;
#4748 = ORIENTED_EDGE ( 'NONE', *, *, #3941, .T. ) ;
#4749 = AXIS2_PLACEMENT_3D ( 'NONE', #2802, #822, #2083 ) ;
#4750 = FACE_OUTER_BOUND ( 'NONE', #3495, .T. ) ;
#4751 = CIRCLE ( 'NONE', #2194, 11.02812499999999929 ) ;
#4752 = CARTESIAN_POINT ( 'NONE',  ( -1.051851989371754392, -21.10003742023899065, 0.6021432311611129018 ) ) ;
#4753 = CARTESIAN_POINT ( 'NONE',  ( -0.6165292801128362532, -21.62935814028832127, 1.411764448225889090 ) ) ;
#4754 = CARTESIAN_POINT ( 'NONE',  ( -0.9908121537115039956, -21.01623667079229563, 1.191655661358107965 ) ) ;
#4755 = CIRCLE ( 'NONE', #2366, 0.2999999999999998779 ) ;
#4756 = LINE ( 'NONE', #2720, #981 ) ;
#4757 = ORIENTED_EDGE ( 'NONE', *, *, #750, .T. ) ;
#4758 = CARTESIAN_POINT ( 'NONE',  ( 3.633756684664168013, -11.77449680329912418, 9.983664438906986405 ) ) ;
#4759 = CARTESIAN_POINT ( 'NONE',  ( -11.24999999999999822, -8.223600000000001131, 8.500000000000000000 ) ) ;
#4760 = CARTESIAN_POINT ( 'NONE',  ( 3.397140196966237813, -15.08003029585758448, 6.739122336805331237 ) ) ;
#4761 = CARTESIAN_POINT ( 'NONE',  ( 1.011962452789974432, -20.61166130683613673, 1.122432683838894274 ) ) ;
#4762 = CARTESIAN_POINT ( 'NONE',  ( -3.187009908993493568, -5.223600000000002019, 11.72890234814137855 ) ) ;
#4763 = B_SPLINE_CURVE_WITH_KNOTS ( 'NONE', 3,
 ( #2011, #770, #4467, #2828, #397, #2034, #3667, #2508 ),
 .UNSPECIFIED., .F., .F.,
 ( 4, 2, 2, 4 ),
 ( -5.849518458360713536E-06, 0.0006878337646950676834, 0.001034675406271782583, 0.001381517047848497375 ),
 .UNSPECIFIED. ) ;
#4764 = CARTESIAN_POINT ( 'NONE',  ( 1.540942011271251300, -18.83098617412280973, 6.198466104388947073 ) ) ;
#4765 = EDGE_CURVE ( 'NONE', #1827, #107, #391, .T. ) ;
#4766 = CARTESIAN_POINT ( 'NONE',  ( 2.923530743435968304, -5.411291795005904071, 8.866034415397383128 ) ) ;
#4767 = CARTESIAN_POINT ( 'NONE',  ( -11.25000000000000000, -5.523600000000001842, 0.000000000000000000 ) ) ;
#4768 = VERTEX_POINT ( 'NONE', #4583 ) ;
#4769 = ORIENTED_EDGE ( 'NONE', *, *, #1681, .T. ) ;
#4770 = AXIS2_PLACEMENT_3D ( 'NONE', #433, #2073, #3705 ) ;
#4771 = CARTESIAN_POINT ( 'NONE',  ( 0.6922850650478633572, -20.61166130683466235, -0.01287010280496232728 ) ) ;
#4772 = CARTESIAN_POINT ( 'NONE',  ( -1.199471146599106582E-14, -22.94198926555779039, 0.9276379657099758091 ) ) ;
#4773 = CARTESIAN_POINT ( 'NONE',  ( -2.560089757007729006, -16.55743800115901365, 6.621885636285989918 ) ) ;
#4774 = ORIENTED_EDGE ( 'NONE', *, *, #2132, .T. ) ;
#4775 = FACE_OUTER_BOUND ( 'NONE', #3947, .T. ) ;
#4776 = EDGE_LOOP ( 'NONE', ( #1305, #3384, #1235, #3438 ) ) ;
#4777 = CARTESIAN_POINT ( 'NONE',  ( 0.4671455467759843549, -21.62374301771527030, 1.552525360489540374 ) ) ;
#4778 = UNCERTAINTY_MEASURE_WITH_UNIT (LENGTH_MEASURE( 1.000000000000000082E-05 ), #3540, 'distance_accuracy_value', 'NONE');
#4779 = CARTESIAN_POINT ( 'NONE',  ( -0.8282128587166243117, -21.64757954925341821, 1.074462045151107326 ) ) ;
#4780 = CARTESIAN_POINT ( 'NONE',  ( -0.6689015412170939978, -21.63232030114545168, 1.351157647015202912 ) ) ;
#4781 = CARTESIAN_POINT ( 'NONE',  ( -2.969875268067533103, -5.352638109070499972, 8.593785381420488534 ) ) ;
#4782 = VERTEX_POINT ( 'NONE', #3353 ) ;
#4783 = EDGE_CURVE ( 'NONE', #4444, #2094, #145, .T. ) ;
#4784 = CARTESIAN_POINT ( 'NONE',  ( 3.084901358835628216, -10.98424402314721426, 11.64894785713089398 ) ) ;
#4785 = CARTESIAN_POINT ( 'NONE',  ( -1.430999999999999162, -5.223600000000002019, 3.677861117362368759 ) ) ;
#4786 = DIRECTION ( 'NONE',  ( 0.000000000000000000, -1.000000000000000000, -0.000000000000000000 ) ) ;
#4787 = CARTESIAN_POINT ( 'NONE',  ( 1.931876475140577254, -20.61166130683511000, 0.9154590465523714249 ) ) ;
#4788 = DIRECTION ( 'NONE',  ( 0.000000000000000000, 1.000000000000000000, 0.000000000000000000 ) ) ;
#4789 = CARTESIAN_POINT ( 'NONE',  ( -2.260267893045307286, -15.49763471198346565, 9.401725696971997337 ) ) ;
#4790 = CARTESIAN_POINT ( 'NONE',  ( 11.21743489690566342, -8.080445100380382328, 0.001912952166032558677 ) ) ;
#4791 = DIRECTION ( 'NONE',  ( 0.000000000000000000, 0.000000000000000000, -1.000000000000000000 ) ) ;
#4792 = CIRCLE ( 'NONE', #1356, 0.8999999999999998002 ) ;
#4793 = CARTESIAN_POINT ( 'NONE',  ( -2.071091350775379869, -18.88454794965440442, 5.802312485836108813 ) ) ;
#4794 = B_SPLINE_CURVE_WITH_KNOTS ( 'NONE', 3,
 ( #1136, #5152, #1455, #3530, #4333, #3094 ),
 .UNSPECIFIED., .F., .F.,
 ( 4, 2, 4 ),
 ( 0.000000000000000000, 0.0003295661520233481153, 0.0006591323040466962307 ),
 .UNSPECIFIED. ) ;
#4795 = EDGE_LOOP ( 'NONE', ( #1973, #933, #2995, #61 ) ) ;
#4796 = CARTESIAN_POINT ( 'NONE',  ( -1.994618890296169011, -9.298078770706061036, 2.445209496698061979 ) ) ;
#4797 = CARTESIAN_POINT ( 'NONE',  ( -3.383571904507082451, -5.896745182863729617, 9.318668486387766237 ) ) ;
#4798 = CARTESIAN_POINT ( 'NONE',  ( -2.734786699075473670, -16.16614639500136974, 7.545844525438957007 ) ) ;
#4799 = VERTEX_POINT ( 'NONE', #1310 ) ;
#4800 = CARTESIAN_POINT ( 'NONE',  ( 3.049296885147856351, -5.378254485594303524, 8.562996443624546927 ) ) ;
#4801 = ORIENTED_EDGE ( 'NONE', *, *, #1008, .F. ) ;
#4802 = CARTESIAN_POINT ( 'NONE',  ( -0.9194838322593790192, -19.52909475438767828, 2.738981426745140890 ) ) ;
#4803 = CARTESIAN_POINT ( 'NONE',  ( 0.07528684371607681503, -22.12125296281671538, 1.041382026499429569 ) ) ;
#4804 = LINE ( 'NONE', #2664, #3467 ) ;
#4805 = ADVANCED_FACE ( 'NONE', ( #2951 ), #2550, .T. ) ;
#4806 = DIRECTION ( 'NONE',  ( -0.8993568816253252329, 0.01381449973489563485, 0.4369969783307950939 ) ) ;
#4807 = VERTEX_POINT ( 'NONE', #3781 ) ;
#4808 = CARTESIAN_POINT ( 'NONE',  ( 3.782027983252842063, -10.65629524428968189, 10.39103648373258082 ) ) ;
#4809 = CARTESIAN_POINT ( 'NONE',  ( -1.143819445336651697, -19.07300242079643127, 6.107173947253969004 ) ) ;
#4810 = LINE ( 'NONE', #4386, #1061 ) ;
#4811 = FACE_OUTER_BOUND ( 'NONE', #1332, .T. ) ;
#4812 = EDGE_CURVE ( 'NONE', #78, #2885, #3815, .T. ) ;
#4813 = DIRECTION ( 'NONE',  ( -0.4401065991482684958, 0.000000000000000000, -0.8979455336411809041 ) ) ;
#4814 = COLOUR_RGB ( '',0.7921568627450980005, 0.8196078431372548767, 0.9333333333333333481 ) ;
#4815 = FACE_OUTER_BOUND ( 'NONE', #2060, .T. ) ;
#4816 = CARTESIAN_POINT ( 'NONE',  ( 3.887600974579000113, -8.495069740634006550, 7.931837283190306565 ) ) ;
#4817 = DIRECTION ( 'NONE',  ( 0.9650094647572186046, -0.000000000000000000, 0.2622150509200164015 ) ) ;
#4818 = VERTEX_POINT ( 'NONE', #5143 ) ;
#4819 = TOROIDAL_SURFACE ( 'NONE', #2428, -25.41077016679313516, 34.39999999999999858 ) ;
#4820 = CARTESIAN_POINT ( 'NONE',  ( -3.087722476085363432, -5.539689873351944627, 8.533034301987211023 ) ) ;
#4821 = CARTESIAN_POINT ( 'NONE',  ( -2.969875268066210605, -5.352638109067615169, 8.593785381419991154 ) ) ;
#4822 = CIRCLE ( 'NONE', #4316, 11.02812499999999929 ) ;
#4823 = VERTEX_POINT ( 'NONE', #5058 ) ;
#4824 = CARTESIAN_POINT ( 'NONE',  ( 2.885977304051153602, -15.00555694826952191, -0.6662803598157099882 ) ) ;
#4825 = ORIENTED_EDGE ( 'NONE', *, *, #1961, .F. ) ;
#4826 = CARTESIAN_POINT ( 'NONE',  ( -1.000000000000000222, -21.36881835441096555, 0.000000000000000000 ) ) ;
#4827 = CARTESIAN_POINT ( 'NONE',  ( -0.9840666439448432223, -21.45659392331014459, 0.7740811865229122457 ) ) ;
#4828 = CARTESIAN_POINT ( 'NONE',  ( 3.661381103054587527, -8.490957804505844919, 8.062295672052247397 ) ) ;
#4829 = CARTESIAN_POINT ( 'NONE',  ( 2.106095853357018211, -9.297947552892278367, -2.333521417961216926 ) ) ;
#4830 = ORIENTED_EDGE ( 'NONE', *, *, #4164, .T. ) ;
#4831 = TOROIDAL_SURFACE ( 'NONE', #4148, 4.025122630638346521, 0.8000000000000000444 ) ;
#4832 = ADVANCED_FACE ( 'NONE', ( #1884 ), #3041, .T. ) ;
#4833 = LINE ( 'NONE', #2798, #3703 ) ;
#4834 = CARTESIAN_POINT ( 'NONE',  ( 0.8592765909150118508, -19.59561790149799876, 2.493243032982941809 ) ) ;
#4835 = CIRCLE ( 'NONE', #3377, 3.241904105585356799 ) ;
#4836 = CARTESIAN_POINT ( 'NONE',  ( -3.322407740230508111, -5.223600000000002019, 11.46728376463502386 ) ) ;
#4837 = CARTESIAN_POINT ( 'NONE',  ( 2.920839161379547466, -5.223600000000002019, 8.518928281920326029 ) ) ;
#4838 = CARTESIAN_POINT ( 'NONE',  ( -2.088092890927151224, -19.23399075647860457, 5.736988067546056946 ) ) ;
#4839 = ADVANCED_FACE ( 'NONE', ( #4775 ), #1418, .T. ) ;
#4840 = LINE ( 'NONE', #1590, #1934 ) ;
#4841 = EDGE_CURVE ( 'NONE', #2627, #4626, #4496, .T. ) ;
#4842 = EDGE_CURVE ( 'NONE', #2952, #566, #1757, .T. ) ;
#4843 = CARTESIAN_POINT ( 'NONE',  ( -0.6920161904868215030, -20.61166130683516329, -0.01388669893813551312 ) ) ;
#4844 = CARTESIAN_POINT ( 'NONE',  ( -0.7512207744491967709, -5.587405862853888294, 3.184876652152357046 ) ) ;
#4845 = EDGE_LOOP ( 'NONE', ( #3660, #706, #622 ) ) ;
#4846 = DIRECTION ( 'NONE',  ( 0.000000000000000000, 0.000000000000000000, 1.000000000000000000 ) ) ;
#4847 = CARTESIAN_POINT ( 'NONE',  ( -3.337343168758462042, -8.315292077677268523, 8.554513465379283588 ) ) ;
#4848 = CARTESIAN_POINT ( 'NONE',  ( -0.3475620202902566791, -20.20901966119055260, 1.066514994983667641 ) ) ;
#4849 = CARTESIAN_POINT ( 'NONE',  ( -2.237995121972445212, -17.94908727089831402, 6.170716085334033707 ) ) ;
#4850 = ORIENTED_EDGE ( 'NONE', *, *, #1497, .T. ) ;
#4851 = CARTESIAN_POINT ( 'NONE',  ( 3.130593504177581643, -5.405760367317402171, 8.541788311295876568 ) ) ;
#4852 = VERTEX_POINT ( 'NONE', #3521 ) ;
#4853 =( BOUNDED_CURVE ( )  B_SPLINE_CURVE ( 3, ( #3577, #328, #1966, #3173 ),
 .UNSPECIFIED., .F., .F. ) 
 B_SPLINE_CURVE_WITH_KNOTS ( ( 4, 4 ),
 ( 4.712388980384687009, 5.411545568208510737 ),
 .UNSPECIFIED. ) 
 CURVE ( )  GEOMETRIC_REPRESENTATION_ITEM ( )  RATIONAL_B_SPLINE_CURVE ( ( 1.000000000000000000, 0.9596781542726239289, 0.9596781542726239289, 1.000000000000000000 ) ) 
 REPRESENTATION_ITEM ( '' )  );
#4854 = CARTESIAN_POINT ( 'NONE',  ( -0.8843697282738958165, -19.47839375523662397, 2.697319858731925812 ) ) ;
#4855 = CARTESIAN_POINT ( 'NONE',  ( 2.351595843561888000, -5.223600000000002019, 8.800000000000002487 ) ) ;
#4856 = CARTESIAN_POINT ( 'NONE',  ( 0.000000000000000000, -5.998740736633151549, 0.000000000000000000 ) ) ;
#4857 = ORIENTED_EDGE ( 'NONE', *, *, #2683, .F. ) ;
#4858 = CARTESIAN_POINT ( 'NONE',  ( 0.7607477118260619342, -5.573446981992633553, 3.284537052107158850 ) ) ;
#4859 = VECTOR ( 'NONE', #3131, 1000.000000000000000 ) ;
#4860 = CARTESIAN_POINT ( 'NONE',  ( 2.504307510676754500, -5.223600000000002019, 8.652736640449047556 ) ) ;
#4861 = CARTESIAN_POINT ( 'NONE',  ( -3.150368631034123901, -5.612364968041385183, 8.500000000000159872 ) ) ;
#4862 = LINE ( 'NONE', #4089, #1575 ) ;
#4863 = EDGE_CURVE ( 'NONE', #405, #1417, #1241, .T. ) ;
#4864 = DIRECTION ( 'NONE',  ( 0.000000000000000000, 1.000000000000000000, 0.000000000000000000 ) ) ;
#4865 = DIRECTION ( 'NONE',  ( 0.000000000000000000, 0.000000000000000000, 1.000000000000000000 ) ) ;
#4866 = EDGE_CURVE ( 'NONE', #5114, #975, #2467, .T. ) ;
#4867 = VERTEX_POINT ( 'NONE', #4323 ) ;
#4868 = CARTESIAN_POINT ( 'NONE',  ( -0.6721254665227847092, -18.56123144761066612, 4.144531255609582132 ) ) ;
#4869 = FACE_OUTER_BOUND ( 'NONE', #2074, .T. ) ;
#4870 = CARTESIAN_POINT ( 'NONE',  ( -3.009647892853460238, -5.526683611031439902, 8.732629369536619279 ) ) ;
#4871 = CYLINDRICAL_SURFACE ( 'NONE', #3172, 0.8000000000000000444 ) ;
#4872 = ORIENTED_EDGE ( 'NONE', *, *, #848, .T. ) ;
#4873 = EDGE_CURVE ( 'NONE', #2952, #4135, #985, .T. ) ;
#4874 = CARTESIAN_POINT ( 'NONE',  ( 3.461810461317436527, -5.223600000000002019, 8.499999999999424460 ) ) ;
#4875 = EDGE_LOOP ( 'NONE', ( #2847, #4357, #757, #4533 ) ) ;
#4876 = CARTESIAN_POINT ( 'NONE',  ( -0.2405800382646998969, -20.83844312179375535, 0.000000000000000000 ) ) ;
#4877 = CARTESIAN_POINT ( 'NONE',  ( -0.9864177681438123235, -21.41623344170927723, 0.8050256185576133428 ) ) ;
#4878 = AXIS2_PLACEMENT_3D ( 'NONE', #883, #4158, #2069 ) ;
#4879 = ORIENTED_EDGE ( 'NONE', *, *, #3586, .T. ) ;
#4880 =( BOUNDED_SURFACE ( )  B_SPLINE_SURFACE ( 3, 2, ( 
 ( #4133, #2524, #912 ),
 ( #487, #4604, #2948 ),
 ( #457, #4209, #3754 ),
 ( #4580, #112, #509 ),
 ( #1735, #2154, #2972 ),
 ( #935, #2571, #534 ),
 ( #1909, #3544, #3079 ),
 ( #2312, #3460, #5086 ),
 ( #2264, #3887, #1821 ),
 ( #3858, #299, #3973 ) ),
 .UNSPECIFIED., .F., .F., .F. ) 
 B_SPLINE_SURFACE_WITH_KNOTS ( ( 4, 2, 2, 2, 4 ),
 ( 3, 3 ),
 ( 0.0006464071769052040202, 0.0007287936562351889514, 0.0008111801355651737742, 0.0008935666148951585969, 0.0009759530942251434197 ),
 ( 0.000000000000000000, 1.000000000000000000 ),
 .UNSPECIFIED. ) 
 GEOMETRIC_REPRESENTATION_ITEM ( )  RATIONAL_B_SPLINE_SURFACE ( (
 ( 1.000000000000000000, 0.6900302459154005197, 1.000000000000000000),
 ( 1.000000000000000000, 0.6898277464492439393, 1.000000000000000000),
 ( 1.000000000000000000, 0.6901311946549385512, 1.000000000000000000),
 ( 1.000000000000000000, 0.6916651691456138229, 1.000000000000000000),
 ( 1.000000000000000000, 0.6929068321384336260, 1.000000000000000000),
 ( 1.000000000000000000, 0.6960932198846595531, 1.000000000000000000),
 ( 1.000000000000000000, 0.6980658599157477662, 1.000000000000000000),
 ( 1.000000000000000000, 0.7023790019211298974, 1.000000000000000000),
 ( 1.000000000000000000, 0.7047620102829927902, 1.000000000000000000),
 ( 1.000000000000000000, 0.7071067811865471286, 1.000000000000000000) ) ) 
 REPRESENTATION_ITEM ( '' )  SURFACE ( )  );
#4881 = CARTESIAN_POINT ( 'NONE',  ( 0.9132922713615901911, -8.982150440692366899, -3.017469701627070844 ) ) ;
#4882 = VERTEX_POINT ( 'NONE', #3838 ) ;
#4883 = CARTESIAN_POINT ( 'NONE',  ( 3.372767536383886711, -5.956378499879457777, 8.719156112495682009 ) ) ;
#4884 = CARTESIAN_POINT ( 'NONE',  ( 0.8861635601042362476, -19.46753143214567672, 2.715644812790956486 ) ) ;
#4885 = CARTESIAN_POINT ( 'NONE',  ( 2.427955787620393657, -5.223600000000002019, 8.726393640127845686 ) ) ;
#4886 = CARTESIAN_POINT ( 'NONE',  ( -3.648675259615917987, -5.223600000000002019, -1.241381558874969704 ) ) ;
#4887 = CARTESIAN_POINT ( 'NONE',  ( 1.321313259014217396E-16, -20.29241098832034140, 0.8498342873605791992 ) ) ;
#4888 = DIRECTION ( 'NONE',  ( 0.000000000000000000, 0.000000000000000000, -1.000000000000000000 ) ) ;
#4889 = CARTESIAN_POINT ( 'NONE',  ( -3.361830153940184029, -6.672954624437725357, 8.725440094243932521 ) ) ;
#4890 = ORIENTED_EDGE ( 'NONE', *, *, #3138, .T. ) ;
#4891 =( GEOMETRIC_REPRESENTATION_CONTEXT ( 3 ) GLOBAL_UNCERTAINTY_ASSIGNED_CONTEXT ( ( #1713 ) ) GLOBAL_UNIT_ASSIGNED_CONTEXT ( ( #3955, #2746, #4383 ) ) REPRESENTATION_CONTEXT ( 'NONE', 'WORKASPACE' ) );
#4892 = CARTESIAN_POINT ( 'NONE',  ( -0.6953022067477083734, -20.97029500947174796, 0.000000000000000000 ) ) ;
#4893 = CARTESIAN_POINT ( 'NONE',  ( 0.6309999999999987841, -10.22360000000000291, -3.938998072610690065E-16 ) ) ;
#4894 = CARTESIAN_POINT ( 'NONE',  ( -0.8006960481849801914, -19.73637269492269652, 2.179074993495287327 ) ) ;
#4895 = CIRCLE ( 'NONE', #3451, 3.241904105585356799 ) ;
#4896 = CARTESIAN_POINT ( 'NONE',  ( 10.94999999999999929, -8.223600000000001131, 0.01776588295419893881 ) ) ;
#4897 = ORIENTED_EDGE ( 'NONE', *, *, #2170, .F. ) ;
#4898 = CARTESIAN_POINT ( 'NONE',  ( 3.296480393525190067, -5.223600000000000243, 8.459895600449142350 ) ) ;
#4899 = ORIENTED_EDGE ( 'NONE', *, *, #3033, .F. ) ;
#4900 = ADVANCED_FACE ( 'NONE', ( #1826 ), #1913, .T. ) ;
#4901 = CARTESIAN_POINT ( 'NONE',  ( -0.9416101679014324821, -20.33586784323652452, 1.339667437455967836 ) ) ;
#4902 = ADVANCED_FACE ( 'NONE', ( #1796 ), #3437, .T. ) ;
#4903 = CARTESIAN_POINT ( 'NONE',  ( -0.7622747188849103850, -19.74718226141357391, 1.393972236251641350 ) ) ;
#4904 = CARTESIAN_POINT ( 'NONE',  ( -11.25000000000000000, -5.523600000000001842, -1.925929944387234977E-31 ) ) ;
#4905 = VECTOR ( 'NONE', #2789, 1000.000000000000000 ) ;
#4906 = CARTESIAN_POINT ( 'NONE',  ( 3.089420301609830055, -8.851919802071630983, 0.6309999999999758025 ) ) ;
#4907 = ORIENTED_EDGE ( 'NONE', *, *, #3600, .T. ) ;
#4908 = DIRECTION ( 'NONE',  ( 0.9998954057279961782, 0.01446297355477479951, 0.000000000000000000 ) ) ;
#4909 = DIRECTION ( 'NONE',  ( -0.6199654954400688478, -0.7846290744445747478, 0.000000000000000000 ) ) ;
#4910 = DIRECTION ( 'NONE',  ( -0.000000000000000000, -1.000000000000000000, -0.000000000000000000 ) ) ;
#4911 = DIRECTION ( 'NONE',  ( -2.040851148208007998E-16, -0.000000000000000000, -1.000000000000000000 ) ) ;
#4912 = LINE ( 'NONE', #4144, #2278 ) ;
#4913 = CIRCLE ( 'NONE', #2607, 0.8999999999999998002 ) ;
#4914 = VECTOR ( 'NONE', #152, 1000.000000000000000 ) ;
#4915 = DIRECTION ( 'NONE',  ( -0.000000000000000000, -1.000000000000000000, -0.000000000000000000 ) ) ;
#4916 = DIRECTION ( 'NONE',  ( 0.8365031309839227047, -7.680612047707870302E-12, -0.5479621445447617756 ) ) ;
#4917 = CYLINDRICAL_SURFACE ( 'NONE', #3808, 0.2999999999999999334 ) ;
#4918 = CARTESIAN_POINT ( 'NONE',  ( -3.473591651330696362, -8.228465397942363424, 8.288660381684248790 ) ) ;
#4919 = DIRECTION ( 'NONE',  ( 0.000000000000000000, 1.000000000000000000, 0.000000000000000000 ) ) ;
#4920 = CARTESIAN_POINT ( 'NONE',  ( 1.175380352948630858, -21.17875970114494777, 0.009599610410689045012 ) ) ;
#4921 = EDGE_LOOP ( 'NONE', ( #4395, #2474, #862, #1364, #2913 ) ) ;
#4922 = CARTESIAN_POINT ( 'NONE',  ( 3.396543002201467765, -6.061773215555091632, 12.50003054011984993 ) ) ;
#4923 = VERTEX_POINT ( 'NONE', #3464 ) ;
#4924 = CARTESIAN_POINT ( 'NONE',  ( 0.8999999999999994671, -10.22360000000000291, 10.13201710189523475 ) ) ;
#4925 = B_SPLINE_CURVE_WITH_KNOTS ( 'NONE', 3,
 ( #2716, #2630, #249, #1886, #4268, #3523, #1393, #3550, #5145, #594 ),
 .UNSPECIFIED., .F., .F.,
 ( 4, 2, 2, 2, 4 ),
 ( 6.049226325828602042E-18, 0.0003964963877224191458, 0.0007929927754448322201, 0.001585985550889658369, 0.003171971101779310666 ),
 .UNSPECIFIED. ) ;
#4926 = CARTESIAN_POINT ( 'NONE',  ( -0.9027507583834843974, -19.27629213516573259, 2.994403403070417635 ) ) ;
#4927 = DIRECTION ( 'NONE',  ( -0.000000000000000000, -1.000000000000000000, -0.000000000000000000 ) ) ;
#4928 = EDGE_CURVE ( 'NONE', #2443, #35, #545, .T. ) ;
#4929 = VERTEX_POINT ( 'NONE', #652 ) ;
#4930 = FACE_OUTER_BOUND ( 'NONE', #1995, .T. ) ;
#4931 = EDGE_LOOP ( 'NONE', ( #5135, #958, #4968, #4510 ) ) ;
#4932 = CARTESIAN_POINT ( 'NONE',  ( 3.396081003382134700, -5.959234507752979582, 9.330655871431110526 ) ) ;
#4933 = CARTESIAN_POINT ( 'NONE',  ( 0.7612817803789130311, -19.96156572745704239, 1.822313274504635761 ) ) ;
#4934 = CARTESIAN_POINT ( 'NONE',  ( -3.610344617159354730, -7.923600000000001309, 8.500000000000000000 ) ) ;
#4935 = CARTESIAN_POINT ( 'NONE',  ( -3.509878341731109685, -5.291307612245111258, -1.051728540795527023 ) ) ;
#4936 = CARTESIAN_POINT ( 'NONE',  ( 3.461810461317770926, -5.523600000000001842, 8.199999999999999289 ) ) ;
#4937 = CARTESIAN_POINT ( 'NONE',  ( 0.000000000000000000, -110.2766025877275382, 0.000000000000000000 ) ) ;
#4938 = CARTESIAN_POINT ( 'NONE',  ( -3.313524590675756443, -7.912644588007941238, 8.757835431623657740 ) ) ;
#4939 = CARTESIAN_POINT ( 'NONE',  ( 0.8999999999999996891, -10.22360000000000291, 9.237914785819810959 ) ) ;
#4940 = DIRECTION ( 'NONE',  ( 0.000000000000000000, 1.000000000000000000, 0.000000000000000000 ) ) ;
#4941 = DIRECTION ( 'NONE',  ( 0.000000000000000000, 0.000000000000000000, -1.000000000000000000 ) ) ;
#4942 = CARTESIAN_POINT ( 'NONE',  ( -3.164725615850702223, -12.31638392390687287, 8.695012168319406598 ) ) ;
#4943 = ORIENTED_EDGE ( 'NONE', *, *, #3687, .F. ) ;
#4944 = CARTESIAN_POINT ( 'NONE',  ( -2.923530743448874869, -5.411291795017092454, 8.866034415394020485 ) ) ;
#4945 = VERTEX_POINT ( 'NONE', #1857 ) ;
#4946 = CARTESIAN_POINT ( 'NONE',  ( 1.000000000000000444, -21.36881835441096555, 0.000000000000000000 ) ) ;
#4947 = CARTESIAN_POINT ( 'NONE',  ( 2.485755689286277104, -17.08410045386145271, 7.075507069540953431 ) ) ;
#4948 = CARTESIAN_POINT ( 'NONE',  ( -6.776263578034402713E-18, -10.22360000000000291, 9.635293592964444542 ) ) ;
#4949 = VERTEX_POINT ( 'NONE', #3919 ) ;
#4950 = FACE_OUTER_BOUND ( 'NONE', #2212, .T. ) ;
#4951 = ORIENTED_EDGE ( 'NONE', *, *, #2374, .F. ) ;
#4952 = EDGE_CURVE ( 'NONE', #2970, #376, #223, .T. ) ;
#4953 = CARTESIAN_POINT ( 'NONE',  ( 3.873325301268793819, -8.221887286403916306, 8.239683305590480344 ) ) ;
#4954 = AXIS2_PLACEMENT_3D ( 'NONE', #2944, #2149, #2544 ) ;
#4955 = CARTESIAN_POINT ( 'NONE',  ( 1.123995134492213444, -21.02143372702903790, 0.4012947969128755621 ) ) ;
#4956 = EDGE_CURVE ( 'NONE', #4111, #5114, #4853, .T. ) ;
#4957 = CARTESIAN_POINT ( 'NONE',  ( -3.661589415076138110, -6.045671005300719436, 8.500000000000000000 ) ) ;
#4958 = CARTESIAN_POINT ( 'NONE',  ( -3.286931527798969910, -5.223600000000002908, 11.67656332996270230 ) ) ;
#4959 = CARTESIAN_POINT ( 'NONE',  ( -0.6311287870812302137, -6.007024849792318655, 3.179614586540012944 ) ) ;
#4960 = EDGE_CURVE ( 'NONE', #453, #4075, #2316, .T. ) ;
#4961 = AXIS2_PLACEMENT_3D ( 'NONE', #4363, #1926, #4387 ) ;
#4962 = CARTESIAN_POINT ( 'NONE',  ( -3.980187398764564399, -8.223450211194027304, 8.209478968662152099 ) ) ;
#4963 = FACE_OUTER_BOUND ( 'NONE', #1427, .T. ) ;
#4964 = CARTESIAN_POINT ( 'NONE',  ( 0.000000000000000000, -14.69295884451307543, 7.200338303317392885 ) ) ;
#4965 = CARTESIAN_POINT ( 'NONE',  ( -3.623930043434620440, -11.74207104025069270, 9.956665964019807191 ) ) ;
#4966 = CARTESIAN_POINT ( 'NONE',  ( -3.372767536383865394, -6.033242799577515747, 8.719156112495678457 ) ) ;
#4967 = CARTESIAN_POINT ( 'NONE',  ( 1.109567248683040797, -21.16060833433267874, 0.3837745045682265932 ) ) ;
#4968 = ORIENTED_EDGE ( 'NONE', *, *, #4358, .T. ) ;
#4969 = DIRECTION ( 'NONE',  ( 0.000000000000000000, 1.000000000000000000, 0.000000000000000000 ) ) ;
#4970 = VERTEX_POINT ( 'NONE', #5196 ) ;
#4971 = EDGE_CURVE ( 'NONE', #771, #63, #2016, .T. ) ;
#4972 = CARTESIAN_POINT ( 'NONE',  ( 0.000000000000000000, -14.69295884451307543, 7.200338303317392885 ) ) ;
#4973 = CARTESIAN_POINT ( 'NONE',  ( 1.044249981478541534, -19.08051392770500243, 6.114397565854504890 ) ) ;
#4974 = CARTESIAN_POINT ( 'NONE',  ( 8.673617379884035472E-16, -7.923600000000001309, 1.328125000000000222 ) ) ;
#4975 = ORIENTED_EDGE ( 'NONE', *, *, #2715, .T. ) ;
#4976 = DIRECTION ( 'NONE',  ( 0.000000000000000000, 1.000000000000000000, 0.000000000000000000 ) ) ;
#4977 = ORIENTED_EDGE ( 'NONE', *, *, #415, .T. ) ;
#4978 = CARTESIAN_POINT ( 'NONE',  ( 3.772142815750323397, -8.212096163279049676, 8.285557195758556759 ) ) ;
#4979 = CIRCLE ( 'NONE', #540, 0.2999999999999999334 ) ;
#4980 = CARTESIAN_POINT ( 'NONE',  ( 0.9821442100486793558, -21.64482645897396651, 0.5417393651085063988 ) ) ;
#4981 = CARTESIAN_POINT ( 'NONE',  ( -3.313524590675756443, -7.912644588007941238, 8.757835431623657740 ) ) ;
#4982 = FACE_OUTER_BOUND ( 'NONE', #1883, .T. ) ;
#4983 = VERTEX_POINT ( 'NONE', #1524 ) ;
#4984 = AXIS2_PLACEMENT_3D ( 'NONE', #3393, #4915, #4174 ) ;
#4985 = DIRECTION ( 'NONE',  ( 0.000000000000000000, 0.000000000000000000, 1.000000000000000000 ) ) ;
#4986 = B_SPLINE_CURVE_WITH_KNOTS ( 'NONE', 3,
 ( #396, #2404, #4039, #3666, #5285, #3263, #5185, #4493, #824, #1930 ),
 .UNSPECIFIED., .F., .F.,
 ( 4, 2, 2, 2, 4 ),
 ( 0.000000000000000000, 0.0001660408627374187801, 0.0003320817254748375602, 0.0004981225882122563946, 0.0006641634509496751205 ),
 .UNSPECIFIED. ) ;
#4987 = CARTESIAN_POINT ( 'NONE',  ( -3.373664451334465131, -6.052443016840353351, 8.715230689350697446 ) ) ;
#4988 = FACE_OUTER_BOUND ( 'NONE', #3174, .T. ) ;
#4989 = CARTESIAN_POINT ( 'NONE',  ( 3.336685909133365602, -5.490084029051722325, 0.8265289906748823912 ) ) ;
#4990 = CONICAL_SURFACE ( 'NONE', #900, 1.599912042076042429, 0.01489050658061445882 ) ;
#4991 = AXIS2_PLACEMENT_3D ( 'NONE', #3418, #3362, #2984 ) ;
#4992 = CARTESIAN_POINT ( 'NONE',  ( 6.812502473916192791, -4.122781861947254711, 1.572790123191433853 ) ) ;
#4993 = CARTESIAN_POINT ( 'NONE',  ( -3.528213813419623701, -8.249441254626942666, 8.216789530880385328 ) ) ;
#4994 = CARTESIAN_POINT ( 'NONE',  ( -1.739576869458931354E-17, -21.11166130683500697, -3.921601983822704400E-14 ) ) ;
#4995 = DIRECTION ( 'NONE',  ( 0.000000000000000000, 0.000000000000000000, 1.000000000000000000 ) ) ;
#4996 = VECTOR ( 'NONE', #4669, 1000.000000000000000 ) ;
#4997 = ORIENTED_EDGE ( 'NONE', *, *, #940, .F. ) ;
#4998 = EDGE_CURVE ( 'NONE', #5052, #376, #1233, .T. ) ;
#4999 = DIRECTION ( 'NONE',  ( 0.000000000000000000, 0.000000000000000000, 1.000000000000000000 ) ) ;
#5000 = VERTEX_POINT ( 'NONE', #4049 ) ;
#5001 = CYLINDRICAL_SURFACE ( 'NONE', #2585, 0.2999999999999999334 ) ;
#5002 = CARTESIAN_POINT ( 'NONE',  ( -3.648675259615944189, -5.223600000000001131, 1.241381558874924851 ) ) ;
#5003 = CARTESIAN_POINT ( 'NONE',  ( -1.948937253529481106, -19.01955547385738399, 5.784035010706433333 ) ) ;
#5004 = ORIENTED_EDGE ( 'NONE', *, *, #644, .F. ) ;
#5005 = CARTESIAN_POINT ( 'NONE',  ( 3.164725615850033424, -12.31638392389439574, 8.695012168317488133 ) ) ;
#5006 = ORIENTED_EDGE ( 'NONE', *, *, #973, .F. ) ;
#5007 = B_SPLINE_CURVE_WITH_KNOTS ( 'NONE', 3,
 ( #1139, #5128, #2381, #1458, #3098, #1060, #2701, #2304 ),
 .UNSPECIFIED., .F., .F.,
 ( 4, 2, 2, 4 ),
 ( 0.001307844904297340415, 0.001784241226477600991, 0.002022439387567732255, 0.002260637548657863302 ),
 .UNSPECIFIED. ) ;
#5008 = CARTESIAN_POINT ( 'NONE',  ( 0.9704608834839831832, -20.58552267327275231, 1.494433656429001944 ) ) ;
#5009 = CARTESIAN_POINT ( 'NONE',  ( 0.9260496136107599918, -21.64106510258630678, 0.8189457809352487239 ) ) ;
#5010 = CARTESIAN_POINT ( 'NONE',  ( 3.284534556778627490, -5.573451967497733861, -0.7607445856197824208 ) ) ;
#5011 = DIRECTION ( 'NONE',  ( 0.000000000000000000, 0.000000000000000000, -1.000000000000000000 ) ) ;
#5012 = ORIENTED_EDGE ( 'NONE', *, *, #5192, .T. ) ;
#5013 = CARTESIAN_POINT ( 'NONE',  ( -0.06066215012660748640, -10.22360000000000291, 0.06066215012663156436 ) ) ;
#5014 = CARTESIAN_POINT ( 'NONE',  ( 2.411685639696348638, -17.28532888286405012, 6.971393940498586517 ) ) ;
#5015 = DIRECTION ( 'NONE',  ( 0.000000000000000000, 0.000000000000000000, 1.000000000000000000 ) ) ;
#5016 = CARTESIAN_POINT ( 'NONE',  ( 3.122849337825748694E-17, -23.72360000000000113, 0.2549999999999998379 ) ) ;
#5017 = ADVANCED_FACE ( 'NONE', ( #377 ), #2152, .T. ) ;
#5018 = DIRECTION ( 'NONE',  ( -1.000000000000000000, 0.000000000000000000, 6.242469211744370837E-16 ) ) ;
#5019 = EDGE_CURVE ( 'NONE', #1317, #4929, #1072, .T. ) ;
#5020 = CARTESIAN_POINT ( 'NONE',  ( -0.6309999999999992282, -6.023600000000001842, 3.204467430200880873 ) ) ;
#5021 = CARTESIAN_POINT ( 'NONE',  ( 4.335598219904007955, -6.066457142857145435, 8.988153808850725568 ) ) ;
#5022 = CARTESIAN_POINT ( 'NONE',  ( -3.670061958022448945, -13.93488343027334153, 10.08341235766694410 ) ) ;
#5023 = ORIENTED_EDGE ( 'NONE', *, *, #1433, .T. ) ;
#5024 = ORIENTED_EDGE ( 'NONE', *, *, #2510, .F. ) ;
#5025 = DIRECTION ( 'NONE',  ( 0.000000000000000000, 0.000000000000000000, 1.000000000000000000 ) ) ;
#5026 = CARTESIAN_POINT ( 'NONE',  ( 3.179826021775944866, -5.998740736633152437, 0.6313863326425088740 ) ) ;
#5027 = CARTESIAN_POINT ( 'NONE',  ( -1.978343921009185991, -18.49045787955171249, 6.021076292686380782 ) ) ;
#5028 = EDGE_CURVE ( 'NONE', #5161, #4949, #2107, .T. ) ;
#5029 = ORIENTED_EDGE ( 'NONE', *, *, #4960, .T. ) ;
#5030 = CARTESIAN_POINT ( 'NONE',  ( 0.6309999999999998943, -6.023600000000001842, -3.179114782977803699 ) ) ;
#5031 = VERTEX_POINT ( 'NONE', #806 ) ;
#5032 = CARTESIAN_POINT ( 'NONE',  ( 0.9294812521819899587, -19.71645881024731395, 2.538973547750609239 ) ) ;
#5033 = LINE ( 'NONE', #3817, #5153 ) ;
#5034 = TOROIDAL_SURFACE ( 'NONE', #2903, -4.592400958310022929, 17.56568218562516748 ) ;
#5035 = CARTESIAN_POINT ( 'NONE',  ( -3.661669363723671911, -6.034635792616948713, 8.500000000000000000 ) ) ;
#5036 = CARTESIAN_POINT ( 'NONE',  ( -3.337355708781648111, -5.223600000000002019, 11.57901131754680968 ) ) ;
#5037 = ORIENTED_EDGE ( 'NONE', *, *, #4317, .T. ) ;
#5038 = AXIS2_PLACEMENT_3D ( 'NONE', #3347, #138, #4129 ) ;
#5039 = EDGE_CURVE ( 'NONE', #4929, #5161, #2442, .T. ) ;
#5040 = CARTESIAN_POINT ( 'NONE',  ( 1.688044805501198287, -17.45826391663844390, 7.848621591599191483 ) ) ;
#5041 = CARTESIAN_POINT ( 'NONE',  ( -1.109567248682968632, -21.16060833433337152, 0.3837745045681389411 ) ) ;
#5042 = CARTESIAN_POINT ( 'NONE',  ( -0.7617787130696704878, -19.78520676447215010, 2.067259118860367284 ) ) ;
#5043 = CARTESIAN_POINT ( 'NONE',  ( -3.332312246853830207, -5.223600000000002019, 11.57622754948341992 ) ) ;
#5044 = AXIS2_PLACEMENT_3D ( 'NONE', #1271, #1218, #2483 ) ;
#5045 = CARTESIAN_POINT ( 'NONE',  ( -1.734713744915778122, -9.247116092461638459, -2.623103678666848904 ) ) ;
#5046 = CARTESIAN_POINT ( 'NONE',  ( -3.111296699622359441, -5.789335642341116639, 0.6580282466339455461 ) ) ;
#5047 = DIRECTION ( 'NONE',  ( -6.242469211744363934E-16, 0.000000000000000000, -1.000000000000000000 ) ) ;
#5048 = CARTESIAN_POINT ( 'NONE',  ( 4.019034538076890151, -8.223600000000001131, 8.199999999999999289 ) ) ;
#5049 =( BOUNDED_SURFACE ( )  B_SPLINE_SURFACE ( 3, 2, ( 
 ( #1005, #3421, #4175 ),
 ( #2141, #3876, #2987 ),
 ( #578, #3848, #183 ),
 ( #952, #4646, #5043 ),
 ( #2588, #3450, #5073 ),
 ( #101, #208, #4226 ),
 ( #1843, #4678, #3045 ),
 ( #3480, #1298, #4307 ),
 ( #1090, #2751, #4013 ),
 ( #2330, #1033, #4762 ) ),
 .UNSPECIFIED., .F., .F., .F. ) 
 B_SPLINE_SURFACE_WITH_KNOTS ( ( 4, 2, 2, 2, 4 ),
 ( 3, 3 ),
 ( 0.0006464805286230314741, 0.0007288683776329916379, 0.0008112562266429519100, 0.0008936440756529121822, 0.0009760319246628723459 ),
 ( 0.000000000000000000, 1.000000000000000000 ),
 .UNSPECIFIED. ) 
 GEOMETRIC_REPRESENTATION_ITEM ( )  RATIONAL_B_SPLINE_SURFACE ( (
 ( 1.000000000000000000, 0.7071067811865471286, 1.000000000000000000),
 ( 1.000000000000000000, 0.7047498154888590660, 1.000000000000000000),
 ( 1.000000000000000000, 0.7023795168135215095, 1.000000000000000000),
 ( 1.000000000000000000, 0.6980565172290699172, 1.000000000000000000),
 ( 1.000000000000000000, 0.6960882447475766899, 1.000000000000000000),
 ( 1.000000000000000000, 0.6929031289317582054, 1.000000000000000000),
 ( 1.000000000000000000, 0.6916610783950810637, 1.000000000000000000),
 ( 1.000000000000000000, 0.6901321454083936269, 1.000000000000000000),
 ( 1.000000000000000000, 0.6898266301238903386, 1.000000000000000000),
 ( 1.000000000000000000, 0.6900302459154016299, 1.000000000000000000) ) ) 
 REPRESENTATION_ITEM ( '' )  SURFACE ( )  );
#5050 = VERTEX_POINT ( 'NONE', #732 ) ;
#5051 = CARTESIAN_POINT ( 'NONE',  ( 0.6310000000000006715, -8.851919802072238497, 3.089420301609806074 ) ) ;
#5052 = VERTEX_POINT ( 'NONE', #404 ) ;
#5053 = DIRECTION ( 'NONE',  ( -3.121234605872185418E-16, 0.000000000000000000, -1.000000000000000000 ) ) ;
#5054 = CARTESIAN_POINT ( 'NONE',  ( 1.480275962966613790, -18.87669466203747248, 6.179633678125406426 ) ) ;
#5055 = B_SPLINE_CURVE_WITH_KNOTS ( 'NONE', 3,
 ( #259, #3988, #1114, #206, #5154, #1482, #285 ),
 .UNSPECIFIED., .F., .F.,
 ( 4, 3, 4 ),
 ( 0.003821923036320964973, 0.006146774710475096104, 0.006651664720329147733 ),
 .UNSPECIFIED. ) ;
#5056 = CARTESIAN_POINT ( 'NONE',  ( -2.596247357346642026, -15.10903890793321125, 7.133130989628615914 ) ) ;
#5057 = ORIENTED_EDGE ( 'NONE', *, *, #1019, .F. ) ;
#5058 = CARTESIAN_POINT ( 'NONE',  ( 3.089420301609830055, -8.851919802071320120, -0.6310000000000240972 ) ) ;
#5059 = VERTEX_POINT ( 'NONE', #4824 ) ;
#5060 = EDGE_CURVE ( 'NONE', #4557, #1816, #1616, .T. ) ;
#5061 = AXIS2_PLACEMENT_3D ( 'NONE', #1097, #3834, #1791 ) ;
#5062 = CARTESIAN_POINT ( 'NONE',  ( -0.02575603379641124360, -14.69295884451307543, 7.200338303317392885 ) ) ;
#5063 = EDGE_CURVE ( 'NONE', #327, #3348, #4000, .T. ) ;
#5064 = FACE_OUTER_BOUND ( 'NONE', #2354, .T. ) ;
#5065 = CARTESIAN_POINT ( 'NONE',  ( 0.8965864569333718004, -21.85244327258883956, 0.6234625741763577533 ) ) ;
#5066 = CARTESIAN_POINT ( 'NONE',  ( 8.673617379884035472E-16, -5.223600000000002019, 1.328125000000000222 ) ) ;
#5067 = AXIS2_PLACEMENT_3D ( 'NONE', #819, #3284, #4909 ) ;
#5068 = CARTESIAN_POINT ( 'NONE',  ( -3.187009908993384322, -5.223600000000002019, 11.72890234814083499 ) ) ;
#5069 = VERTEX_POINT ( 'NONE', #3978 ) ;
#5070 = DIRECTION ( 'NONE',  ( 0.000000000000000000, 1.000000000000000000, 0.000000000000000000 ) ) ;
#5071 = CARTESIAN_POINT ( 'NONE',  ( -3.993139322258328239, -8.223549684688547856, 8.206332302668938539 ) ) ;
#5072 = CARTESIAN_POINT ( 'NONE',  ( 0.2476697089646862360, -20.25158080590881937, 0.9567801327936295008 ) ) ;
#5073 = CARTESIAN_POINT ( 'NONE',  ( -3.324729392075657763, -5.223600000000002019, 11.60346161990737812 ) ) ;
#5074 = CIRCLE ( 'NONE', #292, 0.9999999999999998890 ) ;
#5075 = CARTESIAN_POINT ( 'NONE',  ( 0.000000000000000000, -5.223600000000002019, 0.000000000000000000 ) ) ;
#5076 = CARTESIAN_POINT ( 'NONE',  ( 3.359858892853661683, -5.799887486430829853, 8.499999999999996447 ) ) ;
#5077 = CARTESIAN_POINT ( 'NONE',  ( -0.6580282466339689718, -5.789335642341114863, -3.111296699622394080 ) ) ;
#5078 = CARTESIAN_POINT ( 'NONE',  ( -2.128062176838753761, -16.00593533052500916, 9.042262128288607315 ) ) ;
#5079 = AXIS2_PLACEMENT_3D ( 'NONE', #3566, #4732, #341 ) ;
#5080 = VERTEX_POINT ( 'NONE', #3724 ) ;
#5081 = DIRECTION ( 'NONE',  ( 2.664178451796382731E-15, 0.000000000000000000, -1.000000000000000000 ) ) ;
#5082 = ORIENTED_EDGE ( 'NONE', *, *, #4649, .T. ) ;
#5083 = EDGE_CURVE ( 'NONE', #2393, #5126, #858, .T. ) ;
#5084 = CARTESIAN_POINT ( 'NONE',  ( 0.000000000000000000, -10.73146821626741421, 0.000000000000000000 ) ) ;
#5085 = AXIS2_PLACEMENT_3D ( 'NONE', #2851, #1666, #1979 ) ;
#5086 = CARTESIAN_POINT ( 'NONE',  ( 3.335845743128163399, -5.223600000000002019, 11.52118939460194547 ) ) ;
#5087 = CARTESIAN_POINT ( 'NONE',  ( 1.431000000000001160, -5.223600000000002019, 3.677861117362383414 ) ) ;
#5088 = EDGE_LOOP ( 'NONE', ( #88, #2732, #1330, #3669 ) ) ;
#5089 = DIRECTION ( 'NONE',  ( 0.000000000000000000, 0.000000000000000000, -1.000000000000000000 ) ) ;
#5090 = VERTEX_POINT ( 'NONE', #2465 ) ;
#5091 = CARTESIAN_POINT ( 'NONE',  ( 3.396022537417473064, -6.052173474734600767, 9.330495237513394713 ) ) ;
#5092 = DIRECTION ( 'NONE',  ( 0.000000000000000000, 0.000000000000000000, -1.000000000000000000 ) ) ;
#5093 = CARTESIAN_POINT ( 'NONE',  ( -0.8652398290034369888, -22.28147736007205992, 0.5404914320799403260 ) ) ;
#5094 = CARTESIAN_POINT ( 'NONE',  ( -0.9468836038655652487, -21.62471348779601854, 0.7605318412180637200 ) ) ;
#5095 = EDGE_CURVE ( 'NONE', #2622, #5203, #2906, .T. ) ;
#5096 = CARTESIAN_POINT ( 'NONE',  ( -3.130891111109427083, -5.405862415062071769, 8.541713233367678626 ) ) ;
#5097 = ORIENTED_EDGE ( 'NONE', *, *, #2759, .T. ) ;
#5098 = CARTESIAN_POINT ( 'NONE',  ( 2.516889699334076358, -14.45256827028901370, 10.09997376644913558 ) ) ;
#5099 = FACE_OUTER_BOUND ( 'NONE', #3404, .T. ) ;
#5100 = CARTESIAN_POINT ( 'NONE',  ( -3.179826021775933320, -5.998740736633152437, -0.6313863326425670497 ) ) ;
#5101 = CARTESIAN_POINT ( 'NONE',  ( 1.607166820021681097, -20.61166130683499986, 0.5371996717503915164 ) ) ;
#5102 = CARTESIAN_POINT ( 'NONE',  ( -1.064514354359112236, -21.56000361117840924, 0.3464209598423883540 ) ) ;
#5103 = EDGE_CURVE ( 'NONE', #3221, #2574, #3374, .T. ) ;
#5104 = DIRECTION ( 'NONE',  ( -0.3080669035911828280, -0.1241639774311424638, -0.9432274856153310960 ) ) ;
#5105 = DIRECTION ( 'NONE',  ( -0.3420201433256694346, 0.000000000000000000, 0.9396926207859080948 ) ) ;
#5106 = DIRECTION ( 'NONE',  ( 1.000000000000000000, 0.000000000000000000, -1.224646799147353207E-16 ) ) ;
#5107 = ORIENTED_EDGE ( 'NONE', *, *, #1824, .T. ) ;
#5108 = CARTESIAN_POINT ( 'NONE',  ( 3.313524590675778647, -7.912644588008052260, 8.757835431623659517 ) ) ;
#5109 = ORIENTED_EDGE ( 'NONE', *, *, #3101, .T. ) ;
#5110 = CONICAL_SURFACE ( 'NONE', #330, 0.005000000000000013115, 0.1374609408134795374 ) ;
#5111 = CARTESIAN_POINT ( 'NONE',  ( -3.389205340730661487, -7.310571387754658979, 8.499999999997374545 ) ) ;
#5112 = DIRECTION ( 'NONE',  ( -0.000000000000000000, -1.000000000000000000, -0.000000000000000000 ) ) ;
#5113 = CARTESIAN_POINT ( 'NONE',  ( 3.372767536387383025, -6.023600000000072896, 8.719156112495303645 ) ) ;
#5114 = VERTEX_POINT ( 'NONE', #4944 ) ;
#5115 = DIRECTION ( 'NONE',  ( 3.121234605872185418E-16, 0.000000000000000000, 1.000000000000000000 ) ) ;
#5116 = VERTEX_POINT ( 'NONE', #3805 ) ;
#5117 = CARTESIAN_POINT ( 'NONE',  ( 0.000000000000000000, -10.73146821626741421, 0.000000000000000000 ) ) ;
#5118 = CARTESIAN_POINT ( 'NONE',  ( 0.3494952458365215842, -20.20807146402277965, 1.068944866415697970 ) ) ;
#5119 = CARTESIAN_POINT ( 'NONE',  ( 0.1205581111424104818, -21.62118650942750264, 1.702849006639947760 ) ) ;
#5120 = CARTESIAN_POINT ( 'NONE',  ( -0.4602862850207570800, -21.62361722245160323, 1.557259490391698753 ) ) ;
#5121 = DIRECTION ( 'NONE',  ( 0.000000000000000000, 1.000000000000000000, 0.000000000000000000 ) ) ;
#5122 = ORIENTED_EDGE ( 'NONE', *, *, #2261, .T. ) ;
#5123 = EDGE_CURVE ( 'NONE', #2500, #4135, #2963, .T. ) ;
#5124 = FACE_OUTER_BOUND ( 'NONE', #4288, .T. ) ;
#5125 = CARTESIAN_POINT ( 'NONE',  ( -1.686363472912731476, -18.68088573902526406, 6.266370691353309930 ) ) ;
#5126 = VERTEX_POINT ( 'NONE', #1700 ) ;
#5127 = CARTESIAN_POINT ( 'NONE',  ( -2.126429907530243746, -20.61166130683503184, 1.178518076278706861 ) ) ;
#5128 = CARTESIAN_POINT ( 'NONE',  ( -3.029371541976173976, -5.464257845211823117, 8.972655502054735166 ) ) ;
#5129 = EDGE_CURVE ( 'NONE', #1708, #4293, #3608, .T. ) ;
#5130 = CARTESIAN_POINT ( 'NONE',  ( 11.10676807627890916, -8.191080055062217369, 0.008448257347850955321 ) ) ;
#5131 = EDGE_CURVE ( 'NONE', #168, #4550, #5132, .T. ) ;
#5132 = CIRCLE ( 'NONE', #693, 0.8999999999999998002 ) ;
#5133 = CARTESIAN_POINT ( 'NONE',  ( -2.924172337813867983, -12.18483248881617875, 11.21017933151635404 ) ) ;
#5134 = LINE ( 'NONE', #641, #2315 ) ;
#5135 = ORIENTED_EDGE ( 'NONE', *, *, #4150, .T. ) ;
#5136 = CARTESIAN_POINT ( 'NONE',  ( 3.089420301609830055, -6.023600000000001842, -0.6310000000000240972 ) ) ;
#5137 = EDGE_LOOP ( 'NONE', ( #2406, #4698, #2371, #1020, #5024, #2343, #1075, #761, #3547, #3958, #3782, #3248, #3792, #80, #4872, #3049, #1440, #513, #3512, #733 ) ) ;
#5138 = CARTESIAN_POINT ( 'NONE',  ( -3.461810461316728649, -5.223600000000002019, 8.200000000000001066 ) ) ;
#5139 = DIRECTION ( 'NONE',  ( 0.000000000000000000, 1.000000000000000000, 0.000000000000000000 ) ) ;
#5140 = CARTESIAN_POINT ( 'NONE',  ( -3.297784228652993921, -5.223600000000002019, 8.459998147955953840 ) ) ;
#5141 = ORIENTED_EDGE ( 'NONE', *, *, #191, .F. ) ;
#5142 = EDGE_CURVE ( 'NONE', #107, #1827, #264, .T. ) ;
#5143 = CARTESIAN_POINT ( 'NONE',  ( -0.6309999999999998943, -6.023600000000002730, -3.179114782977803699 ) ) ;
#5144 = EDGE_LOOP ( 'NONE', ( #2830, #3870, #1867, #4248, #3648, #3346, #4801, #564, #2766, #4018, #651, #1311, #273, #4407, #5215, #1797, #2994, #269, #2725, #3774 ) ) ;
#5145 = CARTESIAN_POINT ( 'NONE',  ( -0.9305158033149342200, -19.70685152502902326, 2.557230733651329135 ) ) ;
#5146 = DIRECTION ( 'NONE',  ( -0.000000000000000000, -1.000000000000000000, -0.000000000000000000 ) ) ;
#5147 = CARTESIAN_POINT ( 'NONE',  ( -0.4597902168475069828, -22.08636700109174811, 0.9554002693040322125 ) ) ;
#5148 = CARTESIAN_POINT ( 'NONE',  ( -0.05828949253748062082, -20.55091524738698894, 0.2549999999999995048 ) ) ;
#5149 = CARTESIAN_POINT ( 'NONE',  ( -3.377888882340392307, -5.494127814818631883, 8.500000000000149214 ) ) ;
#5150 = CIRCLE ( 'NONE', #2842, 0.2999999999999999889 ) ;
#5151 = ORIENTED_EDGE ( 'NONE', *, *, #3755, .T. ) ;
#5152 = CARTESIAN_POINT ( 'NONE',  ( -3.350299724641178756, -5.223600000000002908, 8.200000000000203570 ) ) ;
#5153 = VECTOR ( 'NONE', #3331, 1000.000000000000000 ) ;
#5154 = CARTESIAN_POINT ( 'NONE',  ( -0.6310000000000000053, -8.515495766360151819, -3.100094794110759278 ) ) ;
#5155 = CARTESIAN_POINT ( 'NONE',  ( -0.6488668206127531368, -20.61166130683509579, -0.1204237751775898840 ) ) ;
#5156 = DIRECTION ( 'NONE',  ( 1.000000000000000000, 0.000000000000000000, -1.224646799147353207E-16 ) ) ;
#5157 = CARTESIAN_POINT ( 'NONE',  ( 2.584273109263426349, -5.125947338325440583, 8.579028005510505039 ) ) ;
#5158 = AXIS2_PLACEMENT_3D ( 'NONE', #829, #1198, #1964 ) ;
#5159 = DIRECTION ( 'NONE',  ( -0.000000000000000000, -1.000000000000000000, -0.000000000000000000 ) ) ;
#5160 = CARTESIAN_POINT ( 'NONE',  ( -2.633317335953744731, -18.04562660805285645, 5.955340474860769007 ) ) ;
#5161 = VERTEX_POINT ( 'NONE', #1304 ) ;
#5162 = ORIENTED_EDGE ( 'NONE', *, *, #1044, .T. ) ;
#5163 = AXIS2_PLACEMENT_3D ( 'NONE', #1983, #796, #3593 ) ;
#5164 = DIRECTION ( 'NONE',  ( -6.242469211744370837E-16, 0.000000000000000000, -1.000000000000000000 ) ) ;
#5165 = CARTESIAN_POINT ( 'NONE',  ( -2.888709462522275118, -15.36655443238101704, 7.936664019644830148 ) ) ;
#5166 = EDGE_LOOP ( 'NONE', ( #2648, #2022, #3030, #5012, #2012, #3126, #1950, #188 ) ) ;
#5167 = DIRECTION ( 'NONE',  ( 0.000000000000000000, 0.000000000000000000, -1.000000000000000000 ) ) ;
#5168 = EDGE_LOOP ( 'NONE', ( #1178, #2897, #3569, #4746 ) ) ;
#5169 = AXIS2_PLACEMENT_3D ( 'NONE', #3473, #5121, #4356 ) ;
#5170 = CARTESIAN_POINT ( 'NONE',  ( 3.373664451334486447, -6.052443016840352463, 8.715230689350695670 ) ) ;
#5171 = VECTOR ( 'NONE', #2558, 1000.000000000000000 ) ;
#5172 = CARTESIAN_POINT ( 'NONE',  ( 0.1084751542092059207, -20.28584430860759014, 0.8672496851092457160 ) ) ;
#5173 = CARTESIAN_POINT ( 'NONE',  ( -0.6842576124146344529, -22.01897177043410281, 0.8261712170206232386 ) ) ;
#5174 = CARTESIAN_POINT ( 'NONE',  ( -0.9744332045103915041, -20.42007077442634966, 1.827752692103689292 ) ) ;
#5175 = AXIS2_PLACEMENT_3D ( 'NONE', #2845, #2421, #739 ) ;
#5176 = LINE ( 'NONE', #2247, #2702 ) ;
#5177 = ORIENTED_EDGE ( 'NONE', *, *, #1807, .T. ) ;
#5178 = CARTESIAN_POINT ( 'NONE',  ( 3.976986786876786972, -12.20811329782135957, 10.92668139441514796 ) ) ;
#5179 = CARTESIAN_POINT ( 'NONE',  ( 3.850024544417803174, -8.494772753030204626, 7.950175863090718664 ) ) ;
#5180 = CARTESIAN_POINT ( 'NONE',  ( 2.834791727495646452, -5.223600000000002019, 8.387570762839835936 ) ) ;
#5181 = CARTESIAN_POINT ( 'NONE',  ( 4.019034538076890151, -8.223600000000001131, 8.199999999999999289 ) ) ;
#5182 = DIRECTION ( 'NONE',  ( -0.3420201433256694901, 0.000000000000000000, 0.9396926207859082059 ) ) ;
#5183 = CARTESIAN_POINT ( 'NONE',  ( -3.781832468645228040, -10.65747783510378355, 10.39049931176306885 ) ) ;
#5184 = PLANE ( 'NONE',  #131 ) ;
#5185 = CARTESIAN_POINT ( 'NONE',  ( -3.772079048328183859, -8.212071807744177221, 8.285615996986090082 ) ) ;
#5186 = CARTESIAN_POINT ( 'NONE',  ( -3.351080310790056860, -15.51560059994470109, 6.616463201971678920 ) ) ;
#5187 = ORIENTED_EDGE ( 'NONE', *, *, #3138, .F. ) ;
#5188 = ORIENTED_EDGE ( 'NONE', *, *, #3785, .F. ) ;
#5189 = EDGE_CURVE ( 'NONE', #3093, #240, #34, .T. ) ;
#5190 =( BOUNDED_CURVE ( )  B_SPLINE_CURVE ( 3, ( #2800, #3989, #1138, #2380 ),
 .UNSPECIFIED., .F., .F. ) 
 B_SPLINE_CURVE_WITH_KNOTS ( ( 4, 4 ),
 ( 3.141592653589793116, 4.712388980384689674 ),
 .UNSPECIFIED. ) 
 CURVE ( )  GEOMETRIC_REPRESENTATION_ITEM ( )  RATIONAL_B_SPLINE_CURVE ( ( 1.000000000000000000, 0.8047378541243649375, 0.8047378541243649375, 1.000000000000000000 ) ) 
 REPRESENTATION_ITEM ( '' )  );
#5191 = CARTESIAN_POINT ( 'NONE',  ( 0.000000000000000000, -5.223600000000002019, 0.000000000000000000 ) ) ;
#5192 = EDGE_CURVE ( 'NONE', #1618, #5206, #793, .T. ) ;
#5193 = CARTESIAN_POINT ( 'NONE',  ( -3.235907786353421134, -5.500805454634726921, -0.8167189195238260258 ) ) ;
#5194 = FACE_OUTER_BOUND ( 'NONE', #613, .T. ) ;
#5195 = ORIENTED_EDGE ( 'NONE', *, *, #4164, .F. ) ;
#5196 = CARTESIAN_POINT ( 'NONE',  ( -3.461810461317301080, -5.523600000000001842, 8.500000000000000000 ) ) ;
#5197 = ORIENTED_EDGE ( 'NONE', *, *, #1008, .T. ) ;
#5198 = CARTESIAN_POINT ( 'NONE',  ( 0.3832190319307348103, -21.62249899121505692, 1.607276153114963302 ) ) ;
#5199 = ADVANCED_FACE ( 'NONE', ( #4549 ), #1980, .F. ) ;
#5200 = CARTESIAN_POINT ( 'NONE',  ( -0.7940149723389963166, -22.41768694767636916, 0.6101354070964409848 ) ) ;
#5201 = CARTESIAN_POINT ( 'NONE',  ( -0.06066215012663155048, -6.023600000000001842, -0.06066215012660750028 ) ) ;
#5202 = DIRECTION ( 'NONE',  ( 0.8365031309861760134, -0.000000000000000000, 0.5479621445413220826 ) ) ;
#5203 = VERTEX_POINT ( 'NONE', #506 ) ;
#5204 = CARTESIAN_POINT ( 'NONE',  ( 3.367322844368416224, -7.243958691997396393, 12.42020077010680623 ) ) ;
#5205 = CARTESIAN_POINT ( 'NONE',  ( 3.640549880685881590, -5.841177406296665708, 8.499999999999998224 ) ) ;
#5206 = VERTEX_POINT ( 'NONE', #2519 ) ;
#5207 = CARTESIAN_POINT ( 'NONE',  ( 1.390534602010837339, -20.61166130682821418, 2.550106578497575605 ) ) ;
#5208 = CARTESIAN_POINT ( 'NONE',  ( -3.089420301609846042, -8.851919802070742804, -0.6310000000000375309 ) ) ;
#5209 = CARTESIAN_POINT ( 'NONE',  ( -3.661429804399109589, -6.056705642941200729, 8.500000000000000000 ) ) ;
#5210 = ADVANCED_FACE ( 'NONE', ( #480 ), #3082, .T. ) ;
#5211 = CARTESIAN_POINT ( 'NONE',  ( 11.25000000000000000, -7.923600000000001309, -4.133182947122316772E-15 ) ) ;
#5212 = CARTESIAN_POINT ( 'NONE',  ( -3.367398361694919906, -7.923600000000001309, 8.500000000000000000 ) ) ;
#5213 = TOROIDAL_SURFACE ( 'NONE', #2736, -4.592400958310022929, 17.56568218562516748 ) ;
#5214 = CARTESIAN_POINT ( 'NONE',  ( -0.8167189195237952726, -5.500805454634722480, 3.235907786353390492 ) ) ;
#5215 = ORIENTED_EDGE ( 'NONE', *, *, #2516, .T. ) ;
#5216 = PLANE ( 'NONE',  #625 ) ;
#5217 = EDGE_CURVE ( 'NONE', #4929, #1317, #346, .T. ) ;
#5218 = CARTESIAN_POINT ( 'NONE',  ( -3.328323635175626460, -5.824772087745789584, 8.682171716329353472 ) ) ;
#5219 = CARTESIAN_POINT ( 'NONE',  ( -0.6309999999999992282, -8.851919802072245602, 3.089420301609806074 ) ) ;
#5220 = ORIENTED_EDGE ( 'NONE', *, *, #2390, .F. ) ;
#5221 = CARTESIAN_POINT ( 'NONE',  ( -1.678344529501563521E-17, -29.61166130683500697, -0.005000000000039229141 ) ) ;
#5222 = EDGE_LOOP ( 'NONE', ( #3493, #2466, #2993, #2207 ) ) ;
#5223 = AXIS2_PLACEMENT_3D ( 'NONE', #3340, #420, #27 ) ;
#5224 = CARTESIAN_POINT ( 'NONE',  ( -0.6489487262978609339, -14.74627372688717664, 7.296305091590772562 ) ) ;
#5225 = CARTESIAN_POINT ( 'NONE',  ( -0.9904003585033054335, -20.91204443992197781, 1.298011036917252614 ) ) ;
#5226 = CARTESIAN_POINT ( 'NONE',  ( 3.508541365012714408, -8.465309627617633836, 8.216238949198814367 ) ) ;
#5227 = EDGE_CURVE ( 'NONE', #2234, #5059, #2969, .T. ) ;
#5228 = CARTESIAN_POINT ( 'NONE',  ( 2.914749543814656896, -9.091574846061108772, -1.192520124785428681 ) ) ;
#5229 = VERTEX_POINT ( 'NONE', #932 ) ;
#5230 = EDGE_CURVE ( 'NONE', #427, #5080, #3929, .T. ) ;
#5231 = CARTESIAN_POINT ( 'NONE',  ( 3.328323635175483020, -5.824772087745536453, 8.682171716329389000 ) ) ;
#5232 = CARTESIAN_POINT ( 'NONE',  ( -1.480750241828582947, -18.87633368103957920, 6.179782687494287607 ) ) ;
#5233 = CARTESIAN_POINT ( 'NONE',  ( 2.580968883666185931, -20.61166130683499986, 2.060358557210711705 ) ) ;
#5234 = CARTESIAN_POINT ( 'NONE',  ( -2.834791727495771685, -5.223600000000002019, 8.387570762839734684 ) ) ;
#5235 = FACE_OUTER_BOUND ( 'NONE', #727, .T. ) ;
#5236 = VECTOR ( 'NONE', #3741, 1000.000000000000000 ) ;
#5237 = CARTESIAN_POINT ( 'NONE',  ( -3.397140196964366421, -15.08003029587506738, 6.739122336800416058 ) ) ;
#5238 = ORIENTED_EDGE ( 'NONE', *, *, #1359, .T. ) ;
#5239 = AXIS2_PLACEMENT_3D ( 'NONE', #526, #1673, #450 ) ;
#5240 = CARTESIAN_POINT ( 'NONE',  ( 11.25000000000000000, -7.923600000000001309, -4.133182947122316772E-15 ) ) ;
#5241 = CARTESIAN_POINT ( 'NONE',  ( 1.593743583781314088E-18, -17.92170854879095643, 4.525586886765058381 ) ) ;
#5242 = CARTESIAN_POINT ( 'NONE',  ( -2.596247357349258600, -15.10903890793208681, 7.133130989627679774 ) ) ;
#5243 = CONICAL_SURFACE ( 'NONE', #1833, 2.961890362146194722, 1.038152319793243183 ) ;
#5244 = ORIENTED_EDGE ( 'NONE', *, *, #1070, .F. ) ;
#5245 = CARTESIAN_POINT ( 'NONE',  ( -0.8645436095172380764, -19.59870336444920724, 2.494478357481328956 ) ) ;
#5246 = VERTEX_POINT ( 'NONE', #5136 ) ;
#5247 = B_SPLINE_CURVE_WITH_KNOTS ( 'NONE', 3,
 ( #913, #488, #2525, #4531, #3351, #1232, #113, #2100, #84, #38 ),
 .UNSPECIFIED., .F., .F.,
 ( 4, 2, 2, 2, 4 ),
 ( 4.343381132260887340E-17, 0.0001724346509458147842, 0.0003448693018915861461, 0.0005173039528373575080, 0.0006897386037831289242 ),
 .UNSPECIFIED. ) ;
#5248 = CARTESIAN_POINT ( 'NONE',  ( -0.9692210956947697742, -20.43267028642480909, 1.100033765013771259 ) ) ;
#5249 = CARTESIAN_POINT ( 'NONE',  ( 2.923530743441506541, -5.411291795013391415, 8.866034415386561562 ) ) ;
#5250 =( BOUNDED_SURFACE ( )  B_SPLINE_SURFACE ( 3, 2, ( 
 ( #31, #2065, #1622 ),
 ( #1176, #1598, #1647 ),
 ( #4073, #2812, #4797 ),
 ( #1123, #4045, #323 ),
 ( #5218, #1222, #373 ),
 ( #1544, #3672, #4021 ),
 ( #4500, #3270, #2017 ),
 ( #3651, #3245, #3193 ),
 ( #4820, #4870, #1148 ),
 ( #1990, #4424, #753 ) ),
 .UNSPECIFIED., .F., .F., .T. ) 
 B_SPLINE_SURFACE_WITH_KNOTS ( ( 4, 2, 2, 2, 4 ),
 ( 3, 3 ),
 ( 0.000000000000000000, 0.0004273601324807936976, 0.0008547202649615873952, 0.001282080397442381201, 0.001709440529923174790 ),
 ( 0.5722077997527060811, 1.000000000000000000 ),
 .UNSPECIFIED. ) 
 GEOMETRIC_REPRESENTATION_ITEM ( )  RATIONAL_B_SPLINE_SURFACE ( (
 ( 0.8735378560791149383, 0.8894963123750332379, 1.000000000000000000),
 ( 0.8735352489328223058, 0.8894940342286206114, 1.000000000000000000),
 ( 0.8761693395282169616, 0.8917957248002390536, 1.000000000000000000),
 ( 0.8856662173232268120, 0.9000941766905437014, 1.000000000000000000),
 ( 0.8924220575077154161, 0.9059974868056874797, 1.000000000000000000),
 ( 0.9076885912294831993, 0.9193375126917078255, 1.000000000000000000),
 ( 0.9162278953458702357, 0.9267992286278394776, 1.000000000000000000),
 ( 0.9329626657556659985, 0.9414222121113118291, 1.000000000000000000),
 ( 0.9412997264160556377, 0.9487072060103749482, 1.000000000000000000),
 ( 0.9491058667592184861, 0.9555282772597850638, 1.000000000000000000) ) ) 
 REPRESENTATION_ITEM ( '' )  SURFACE ( )  );
#5251 = CARTESIAN_POINT ( 'NONE',  ( 3.235894956463967631, -5.500825705633542562, 0.8167023102608846896 ) ) ;
#5252 = EDGE_CURVE ( 'NONE', #2491, #5114, #1893, .T. ) ;
#5253 = ORIENTED_EDGE ( 'NONE', *, *, #4765, .T. ) ;
#5254 = VECTOR ( 'NONE', #570, 1000.000000000000000 ) ;
#5255 = EDGE_CURVE ( 'NONE', #5246, #1471, #2150, .T. ) ;
#5256 = FACE_OUTER_BOUND ( 'NONE', #5266, .T. ) ;
#5257 = CARTESIAN_POINT ( 'NONE',  ( -3.362771563568650812, -8.354603441732558977, 8.488222772631676349 ) ) ;
#5258 = CIRCLE ( 'NONE', #5175, 0.2999999999999999334 ) ;
#5259 = EDGE_CURVE ( 'NONE', #5080, #3409, #2455, .T. ) ;
#5260 = CARTESIAN_POINT ( 'NONE',  ( -3.104958808640257306, -5.181676218133405065, 8.500000000000000000 ) ) ;
#5261 = CARTESIAN_POINT ( 'NONE',  ( -2.170669854362769602, -12.20178778921884266, 0.5011386228075151994 ) ) ;
#5262 = PRODUCT_DEFINITION ( 'UNKNOWN', '', #179, #2523 ) ;
#5263 = ADVANCED_FACE ( 'NONE', ( #163 ), #3260, .T. ) ;
#5264 = LINE ( 'NONE', #1592, #1732 ) ;
#5265 = CYLINDRICAL_SURFACE ( 'NONE', #947, 0.2999999999999999334 ) ;
#5266 = EDGE_LOOP ( 'NONE', ( #2891, #479, #437, #5220 ) ) ;
#5267 = CARTESIAN_POINT ( 'NONE',  ( 0.5335178429256629551, -19.78793501619579942, 4.696547861472891938 ) ) ;
#5268 = CARTESIAN_POINT ( 'NONE',  ( -6.812502473916192791, -4.122781861947253823, 1.572790123191433853 ) ) ;
#5269 = CARTESIAN_POINT ( 'NONE',  ( -0.2405302348884980901, -20.25240986749138017, 0.9545942174724626472 ) ) ;
#5270 = DIRECTION ( 'NONE',  ( -6.242469211744370837E-16, 0.000000000000000000, -1.000000000000000000 ) ) ;
#5271 = ORIENTED_EDGE ( 'NONE', *, *, #907, .T. ) ;
#5272 = CARTESIAN_POINT ( 'NONE',  ( 3.351088215652184399, -5.223600000000002019, 8.200000056418796035 ) ) ;
#5273 = ORIENTED_EDGE ( 'NONE', *, *, #2056, .T. ) ;
#5274 = LINE ( 'NONE', #4430, #3358 ) ;
#5275 = CYLINDRICAL_SURFACE ( 'NONE', #2767, 0.8000000000000002665 ) ;
#5276 = DIRECTION ( 'NONE',  ( -0.000000000000000000, -1.000000000000000000, 0.000000000000000000 ) ) ;
#5277 = ORIENTED_EDGE ( 'NONE', *, *, #2033, .F. ) ;
#5278 = CARTESIAN_POINT ( 'NONE',  ( 3.185883504041501446, -5.714711193634680164, 8.902616492972400764 ) ) ;
#5279 = CARTESIAN_POINT ( 'NONE',  ( 0.6864456968347607546, -20.18772954351687332, 1.367917952745343557 ) ) ;
#5280 = AXIS2_PLACEMENT_3D ( 'NONE', #3158, #4786, #2748 ) ;
#5281 = CARTESIAN_POINT ( 'NONE',  ( -2.745519233975084461, -5.223600000000002019, 8.446049914585000096 ) ) ;
#5282 = ADVANCED_FACE ( 'NONE', ( #3914 ), #129, .F. ) ;
#5283 = CARTESIAN_POINT ( 'NONE',  ( -2.261432533535003397, -18.84371112658042691, 6.213234821506076422 ) ) ;
#5284 = DIRECTION ( 'NONE',  ( 0.000000000000000000, 1.000000000000000000, 0.000000000000000000 ) ) ;
#5285 = CARTESIAN_POINT ( 'NONE',  ( -3.648081431860146218, -8.163504538631885410, 8.384575112426215782 ) ) ;
#5286 = CARTESIAN_POINT ( 'NONE',  ( 3.179114782977798814, -6.023600000000001842, -0.6310000000000240972 ) ) ;
ENDSEC;
END-ISO-10303-21;
