ISO-10303-21;
HEADER;
FILE_DESCRIPTION (( 'STEP AP214' ),
    '1' );
FILE_NAME ('extruder_BLtouch_mount.STEP',
    '2025-05-19T08:02:15',
    ( '' ),
    ( '' ),
    'SwSTEP 2.0',
    'SolidWorks 2025',
    '' );
FILE_SCHEMA (( 'AUTOMOTIVE_DESIGN' ));
ENDSEC;

DATA;
#1 = DIRECTION ( 'NONE',  ( 0.000000000000000000, 0.000000000000000000, 1.000000000000000000 ) ) ;
#2 = VECTOR ( 'NONE', #250, 1000.000000000000000 ) ;
#3 = VECTOR ( 'NONE', #1157, 1000.000000000000000 ) ;
#4 = CARTESIAN_POINT ( 'NONE',  ( -15.50000000000000000, 8.500000000000000000, -2.899999999999994138 ) ) ;
#5 = VERTEX_POINT ( 'NONE', #1735 ) ;
#6 = FACE_OUTER_BOUND ( 'NONE', #149, .T. ) ;
#7 = ORIENTED_EDGE ( 'NONE', *, *, #3392, .T. ) ;
#8 = DIRECTION ( 'NONE',  ( -1.239088197126293282E-16, 0.000000000000000000, -1.000000000000000000 ) ) ;
#9 = CARTESIAN_POINT ( 'NONE',  ( -3.220231974745770549E-16, 5.012110836234411337, 21.14777711195929299 ) ) ;
#10 = CIRCLE ( 'NONE', #1451, 0.1999999999999987899 ) ;
#11 = FACE_OUTER_BOUND ( 'NONE', #920, .T. ) ;
#12 = DIRECTION ( 'NONE',  ( 1.000000000000000000, 0.000000000000000000, 0.000000000000000000 ) ) ;
#13 = ORIENTED_EDGE ( 'NONE', *, *, #3015, .T. ) ;
#14 = EDGE_CURVE ( 'NONE', #535, #1132, #353, .T. ) ;
#15 = CYLINDRICAL_SURFACE ( 'NONE', #1354, 0.1999999999999996503 ) ;
#16 = LINE ( 'NONE', #1056, #1603 ) ;
#17 = ORIENTED_EDGE ( 'NONE', *, *, #1020, .F. ) ;
#18 = VECTOR ( 'NONE', #3100, 1000.000000000000000 ) ;
#19 = DIRECTION ( 'NONE',  ( 0.000000000000000000, 0.000000000000000000, -1.000000000000000000 ) ) ;
#20 = AXIS2_PLACEMENT_3D ( 'NONE', #2602, #1248, #2291 ) ;
#21 = ORIENTED_EDGE ( 'NONE', *, *, #296, .F. ) ;
#22 = CARTESIAN_POINT ( 'NONE',  ( 20.80000000000000071, 8.500000000000000000, 4.299999999999996270 ) ) ;
#23 = CARTESIAN_POINT ( 'NONE',  ( 7.500000000000000000, 5.212110836234411515, 25.50000000000000355 ) ) ;
#24 = AXIS2_PLACEMENT_3D ( 'NONE', #2521, #130, #2979 ) ;
#25 = DIRECTION ( 'NONE',  ( -1.000000000000000000, 0.000000000000000000, 2.551063935260000137E-16 ) ) ;
#26 = DIRECTION ( 'NONE',  ( -1.000000000000000000, 0.000000000000000000, 0.000000000000000000 ) ) ;
#27 = ORIENTED_EDGE ( 'NONE', *, *, #1787, .F. ) ;
#28 = VECTOR ( 'NONE', #302, 1000.000000000000000 ) ;
#29 = CARTESIAN_POINT ( 'NONE',  ( 15.49999999999999289, 8.500000000000000000, -2.899999999999994138 ) ) ;
#30 = CARTESIAN_POINT ( 'NONE',  ( 13.50000000000000000, 7.799999999999995381, 25.50000000000000355 ) ) ;
#31 = DIRECTION ( 'NONE',  ( 0.000000000000000000, 0.000000000000000000, -1.000000000000000000 ) ) ;
#32 = AXIS2_PLACEMENT_3D ( 'NONE', #2846, #1018, #2828 ) ;
#33 = DIRECTION ( 'NONE',  ( 1.000000000000000000, -0.000000000000000000, -0.000000000000000000 ) ) ;
#34 = ORIENTED_EDGE ( 'NONE', *, *, #3416, .T. ) ;
#35 = CARTESIAN_POINT ( 'NONE',  ( -20.80000000000000426, 8.500000000000000000, 0.000000000000000000 ) ) ;
#36 = CARTESIAN_POINT ( 'NONE',  ( 20.80000000000000071, 8.300000000000000711, -4.500000000000003553 ) ) ;
#37 = ORIENTED_EDGE ( 'NONE', *, *, #979, .T. ) ;
#38 = EDGE_CURVE ( 'NONE', #656, #1302, #2295, .T. ) ;
#39 = CARTESIAN_POINT ( 'NONE',  ( 17.19999999999999218, 0.2000000000000005107, -0.9999999999999945599 ) ) ;
#40 = ORIENTED_EDGE ( 'NONE', *, *, #219, .F. ) ;
#41 = EDGE_CURVE ( 'NONE', #1344, #1641, #3326, .T. ) ;
#42 = FACE_OUTER_BOUND ( 'NONE', #1403, .T. ) ;
#43 = CARTESIAN_POINT ( 'NONE',  ( 20.99999999999999645, 0.2000000000000005107, -4.300000000000003375 ) ) ;
#44 = ADVANCED_FACE ( 'NONE', ( #1751 ), #2260, .T. ) ;
#45 =( BOUNDED_CURVE ( )  B_SPLINE_CURVE ( 3, ( #2975, #321, #2367, #1379 ),
 .UNSPECIFIED., .F., .F. ) 
 B_SPLINE_CURVE_WITH_KNOTS ( ( 4, 4 ),
 ( 1.570796326794896558, 3.141592653589793116 ),
 .UNSPECIFIED. ) 
 CURVE ( )  GEOMETRIC_REPRESENTATION_ITEM ( )  RATIONAL_B_SPLINE_CURVE ( ( 1.000000000000000000, 0.8047378541243649375, 0.8047378541243649375, 1.000000000000000000 ) ) 
 REPRESENTATION_ITEM ( '' )  );
#46 = CARTESIAN_POINT ( 'NONE',  ( 17.19999999999999218, 0.2000000000000005107, -0.9999999999999945599 ) ) ;
#47 = EDGE_CURVE ( 'NONE', #2022, #3346, #2310, .T. ) ;
#48 = ORIENTED_EDGE ( 'NONE', *, *, #762, .F. ) ;
#49 = DIRECTION ( 'NONE',  ( 0.000000000000000000, 0.000000000000000000, 1.000000000000000000 ) ) ;
#50 = ORIENTED_EDGE ( 'NONE', *, *, #2764, .F. ) ;
#51 = CARTESIAN_POINT ( 'NONE',  ( 20.80000000000000071, 8.500000000000000000, 4.299999999999996270 ) ) ;
#52 = DIRECTION ( 'NONE',  ( -1.000000000000000000, 0.000000000000000000, 0.000000000000000000 ) ) ;
#53 = CARTESIAN_POINT ( 'NONE',  ( -20.80000000000000426, 8.500000000000000000, -4.299999999999998046 ) ) ;
#54 = EDGE_LOOP ( 'NONE', ( #2239, #2482, #3380, #2432, #3154, #251, #1510, #3166, #2494, #1212, #1186, #2519 ) ) ;
#55 = CARTESIAN_POINT ( 'NONE',  ( -2.299999999999999822, 2.199999999999999734, 15.50000000000000178 ) ) ;
#56 = ORIENTED_EDGE ( 'NONE', *, *, #3395, .F. ) ;
#57 = EDGE_CURVE ( 'NONE', #2397, #2113, #2408, .T. ) ;
#58 = CARTESIAN_POINT ( 'NONE',  ( -2.700000000000000178, 0.2000000000000000111, 15.70000000000000284 ) ) ;
#59 = ORIENTED_EDGE ( 'NONE', *, *, #2141, .F. ) ;
#60 = EDGE_CURVE ( 'NONE', #2113, #1898, #908, .T. ) ;
#61 = DIRECTION ( 'NONE',  ( 1.000000000000000000, 0.000000000000000000, 0.000000000000000000 ) ) ;
#62 = AXIS2_PLACEMENT_3D ( 'NONE', #549, #293, #1332 ) ;
#63 = DIRECTION ( 'NONE',  ( 1.000000000000000000, 0.000000000000000000, 0.000000000000000000 ) ) ;
#64 = CARTESIAN_POINT ( 'NONE',  ( 13.29999999999999716, 8.199999999999995737, 4.499999999999997335 ) ) ;
#65 = VERTEX_POINT ( 'NONE', #447 ) ;
#66 = DIRECTION ( 'NONE',  ( 1.000000000000000000, 0.000000000000000000, -2.551063935260000137E-16 ) ) ;
#67 = VERTEX_POINT ( 'NONE', #2574 ) ;
#68 = CARTESIAN_POINT ( 'NONE',  ( -20.80000000000000426, 8.300000000000000711, 4.500000000000001776 ) ) ;
#69 = FACE_OUTER_BOUND ( 'NONE', #2823, .T. ) ;
#70 = DIRECTION ( 'NONE',  ( 0.000000000000000000, -1.000000000000000000, 0.000000000000000000 ) ) ;
#71 = AXIS2_PLACEMENT_3D ( 'NONE', #1430, #1387, #2501 ) ;
#72 = MECHANICAL_DESIGN_GEOMETRIC_PRESENTATION_REPRESENTATION (  '', ( #1543 ), #3273 ) ;
#73 = CARTESIAN_POINT ( 'NONE',  ( -1.785744754682002561E-16, 8.500000000000000000, 0.7000000000000009548 ) ) ;
#74 = ORIENTED_EDGE ( 'NONE', *, *, #3369, .T. ) ;
#75 = PRODUCT_DEFINITION_FORMATION_WITH_SPECIFIED_SOURCE ( 'ANY', '', #431, .NOT_KNOWN. ) ;
#76 = CARTESIAN_POINT ( 'NONE',  ( -13.50000000000000178, 7.999999999999992895, 4.699999999999999289 ) ) ;
#77 = DIRECTION ( 'NONE',  ( 0.000000000000000000, 0.000000000000000000, 1.000000000000000000 ) ) ;
#78 = ORIENTED_EDGE ( 'NONE', *, *, #1989, .F. ) ;
#79 = DIRECTION ( 'NONE',  ( 1.000000000000000000, -0.000000000000000000, -0.000000000000000000 ) ) ;
#80 = ORIENTED_EDGE ( 'NONE', *, *, #475, .F. ) ;
#81 = DIRECTION ( 'NONE',  ( 0.000000000000000000, 0.000000000000000000, -1.000000000000000000 ) ) ;
#82 = DIRECTION ( 'NONE',  ( 1.000000000000000000, 0.000000000000000000, 0.000000000000000000 ) ) ;
#83 = AXIS2_PLACEMENT_3D ( 'NONE', #818, #2064, #3120 ) ;
#84 = EDGE_CURVE ( 'NONE', #2060, #2757, #1736, .T. ) ;
#85 = DIRECTION ( 'NONE',  ( -0.000000000000000000, -1.000000000000000000, 0.000000000000000000 ) ) ;
#86 = ORIENTED_EDGE ( 'NONE', *, *, #2510, .T. ) ;
#87 = EDGE_CURVE ( 'NONE', #105, #2689, #2629, .T. ) ;
#88 = DIRECTION ( 'NONE',  ( 1.000000000000000000, 0.000000000000000000, 0.000000000000000000 ) ) ;
#89 = CARTESIAN_POINT ( 'NONE',  ( -20.80000000000000426, 8.300000000000000711, -4.299999999999997158 ) ) ;
#90 = CIRCLE ( 'NONE', #2355, 0.2000000000000000944 ) ;
#91 = DIRECTION ( 'NONE',  ( -1.000000000000000000, 0.000000000000000000, 0.000000000000000000 ) ) ;
#92 = PLANE ( 'NONE',  #2219 ) ;
#93 = EDGE_LOOP ( 'NONE', ( #3360, #1876, #1861, #3279 ) ) ;
#94 = CARTESIAN_POINT ( 'NONE',  ( 15.49999999999999289, 0.2000000000000005107, -0.9999999999999945599 ) ) ;
#95 = ORIENTED_EDGE ( 'NONE', *, *, #1885, .F. ) ;
#96 = DIRECTION ( 'NONE',  ( 0.000000000000000000, 1.000000000000000000, 0.000000000000000000 ) ) ;
#97 = CARTESIAN_POINT ( 'NONE',  ( 13.29999999999999893, 7.799999999999995381, 25.50000000000000355 ) ) ;
#98 = ORIENTED_EDGE ( 'NONE', *, *, #2895, .F. ) ;
#99 = CARTESIAN_POINT ( 'NONE',  ( 7.500000000000000000, 2.000000000000000888, 25.30000000000000426 ) ) ;
#100 = DIRECTION ( 'NONE',  ( 0.000000000000000000, -1.000000000000000000, 0.000000000000000000 ) ) ;
#101 = LINE ( 'NONE', #1406, #1773 ) ;
#102 = ADVANCED_FACE ( 'NONE', ( #731 ), #464, .F. ) ;
#103 = ORIENTED_EDGE ( 'NONE', *, *, #2061, .T. ) ;
#104 = CYLINDRICAL_SURFACE ( 'NONE', #788, 0.1999999999999987899 ) ;
#105 = VERTEX_POINT ( 'NONE', #2294 ) ;
#106 = DIRECTION ( 'NONE',  ( -1.000000000000000000, 0.000000000000000000, 0.000000000000000000 ) ) ;
#107 = AXIS2_PLACEMENT_3D ( 'NONE', #717, #2019, #3311 ) ;
#108 = CARTESIAN_POINT ( 'NONE',  ( 5.000000000000003553, -13.00000000000000711, 9.499999999999998224 ) ) ;
#109 = ADVANCED_FACE ( 'NONE', ( #973, #2031, #2328, #3372 ), #3033, .F. ) ;
#110 = VECTOR ( 'NONE', #2254, 1000.000000000000000 ) ;
#111 = ORIENTED_EDGE ( 'NONE', *, *, #2897, .T. ) ;
#112 = CARTESIAN_POINT ( 'NONE',  ( -2.700000000000000178, 0.000000000000000000, 25.30000000000000426 ) ) ;
#113 = FACE_OUTER_BOUND ( 'NONE', #1333, .T. ) ;
#114 = CIRCLE ( 'NONE', #336, 0.1999999999999996503 ) ;
#115 = CARTESIAN_POINT ( 'NONE',  ( 20.80000000000000071, 0.2000000000000000111, -4.300000000000003375 ) ) ;
#116 = AXIS2_PLACEMENT_3D ( 'NONE', #132, #2024, #456 ) ;
#117 = DIRECTION ( 'NONE',  ( 0.000000000000000000, 0.000000000000000000, -1.000000000000000000 ) ) ;
#118 = EDGE_CURVE ( 'NONE', #1814, #3135, #1207, .T. ) ;
#119 = EDGE_CURVE ( 'NONE', #2255, #1639, #2438, .T. ) ;
#120 = EDGE_CURVE ( 'NONE', #683, #2802, #2234, .T. ) ;
#121 = ORIENTED_EDGE ( 'NONE', *, *, #2047, .T. ) ;
#122 = ADVANCED_FACE ( 'NONE', ( #3225 ), #859, .T. ) ;
#123 = CARTESIAN_POINT ( 'NONE',  ( -20.80000000000000426, 8.300000000000000711, 4.300000000000001599 ) ) ;
#124 = ORIENTED_EDGE ( 'NONE', *, *, #2287, .T. ) ;
#125 = LINE ( 'NONE', #2957, #3221 ) ;
#126 = ORIENTED_EDGE ( 'NONE', *, *, #2935, .F. ) ;
#127 = CARTESIAN_POINT ( 'NONE',  ( 13.29999999999999893, 7.799999999999995381, 25.30000000000000426 ) ) ;
#128 = EDGE_LOOP ( 'NONE', ( #1630, #1832, #3236, #1600 ) ) ;
#129 = CARTESIAN_POINT ( 'NONE',  ( -5.199999999999996625, 7.999999999999992895, 25.50000000000000355 ) ) ;
#130 = DIRECTION ( 'NONE',  ( 0.000000000000000000, 1.000000000000000000, -0.000000000000000000 ) ) ;
#131 = AXIS2_PLACEMENT_3D ( 'NONE', #430, #2833, #1252 ) ;
#132 = CARTESIAN_POINT ( 'NONE',  ( 0.000000000000000000, 0.2000000000000005107, -2.899999999999994138 ) ) ;
#133 = LINE ( 'NONE', #780, #2172 ) ;
#134 = AXIS2_PLACEMENT_3D ( 'NONE', #1896, #1837, #1030 ) ;
#135 = ORIENTED_EDGE ( 'NONE', *, *, #1810, .T. ) ;
#136 = CIRCLE ( 'NONE', #2968, 1.899999999999999467 ) ;
#137 = CIRCLE ( 'NONE', #32, 0.2000000000000005107 ) ;
#138 = FACE_OUTER_BOUND ( 'NONE', #2529, .T. ) ;
#139 = PLANE ( 'NONE',  #3045 ) ;
#140 = ORIENTED_EDGE ( 'NONE', *, *, #1453, .F. ) ;
#141 = FACE_OUTER_BOUND ( 'NONE', #3340, .T. ) ;
#142 = EDGE_CURVE ( 'NONE', #2149, #817, #1922, .T. ) ;
#143 = DIRECTION ( 'NONE',  ( 0.000000000000000000, 0.000000000000000000, -1.000000000000000000 ) ) ;
#144 = ADVANCED_FACE ( 'NONE', ( #1370, #1647 ), #2716, .F. ) ;
#145 = VERTEX_POINT ( 'NONE', #1096 ) ;
#146 = FACE_OUTER_BOUND ( 'NONE', #2162, .T. ) ;
#147 = CARTESIAN_POINT ( 'NONE',  ( 2.299999999999999822, 0.000000000000000000, 15.30000000000000071 ) ) ;
#148 = EDGE_CURVE ( 'NONE', #3007, #1641, #2677, .T. ) ;
#149 = EDGE_LOOP ( 'NONE', ( #765, #3198, #1976, #2625 ) ) ;
#150 = LINE ( 'NONE', #2813, #2053 ) ;
#151 = CARTESIAN_POINT ( 'NONE',  ( 7.299999999999999822, 2.200000000000001066, 15.50000000000000178 ) ) ;
#152 = ORIENTED_EDGE ( 'NONE', *, *, #1738, .T. ) ;
#153 = ORIENTED_EDGE ( 'NONE', *, *, #3395, .T. ) ;
#154 = EDGE_LOOP ( 'NONE', ( #1700, #3147, #1153, #1324, #2991, #579, #863, #37, #2502, #2630, #1298, #196, #2939, #2507, #428, #2635 ) ) ;
#155 = DIRECTION ( 'NONE',  ( 0.000000000000000000, 0.000000000000000000, 1.000000000000000000 ) ) ;
#156 = AXIS2_PLACEMENT_3D ( 'NONE', #3144, #855, #1345 ) ;
#157 = CARTESIAN_POINT ( 'NONE',  ( -15.50000000000000000, 8.300000000000000711, -0.9999999999999945599 ) ) ;
#158 = ADVANCED_FACE ( 'NONE', ( #292 ), #1351, .T. ) ;
#159 = ORIENTED_EDGE ( 'NONE', *, *, #979, .F. ) ;
#160 = DIRECTION ( 'NONE',  ( 1.000000000000000000, 6.424901762877064728E-17, 0.000000000000000000 ) ) ;
#161 = AXIS2_PLACEMENT_3D ( 'NONE', #2372, #2166, #2652 ) ;
#162 = LINE ( 'NONE', #2685, #2418 ) ;
#163 = TOROIDAL_SURFACE ( 'NONE', #1763, 1.700000000000000622, 0.2000000000000000111 ) ;
#164 = ORIENTED_EDGE ( 'NONE', *, *, #2693, .F. ) ;
#165 = FACE_OUTER_BOUND ( 'NONE', #1859, .T. ) ;
#166 = DIRECTION ( 'NONE',  ( 0.000000000000000000, -0.000000000000000000, 1.000000000000000000 ) ) ;
#167 = DIRECTION ( 'NONE',  ( -1.000000000000000000, 0.000000000000000000, 1.445602896647339410E-16 ) ) ;
#168 = EDGE_CURVE ( 'NONE', #2525, #323, #800, .T. ) ;
#169 = ORIENTED_EDGE ( 'NONE', *, *, #3029, .T. ) ;
#170 = CIRCLE ( 'NONE', #2619, 0.1999999999999987899 ) ;
#171 = DIRECTION ( 'NONE',  ( 1.000000000000000000, 0.000000000000000000, 0.000000000000000000 ) ) ;
#172 = ORIENTED_EDGE ( 'NONE', *, *, #1690, .F. ) ;
#173 = AXIS2_PLACEMENT_3D ( 'NONE', #3413, #1343, #1562 ) ;
#174 = DIRECTION ( 'NONE',  ( -1.000000000000000000, 0.000000000000000000, 0.000000000000000000 ) ) ;
#175 = AXIS2_PLACEMENT_3D ( 'NONE', #905, #1651, #3260 ) ;
#176 = DIRECTION ( 'NONE',  ( 0.000000000000000000, 0.000000000000000000, 1.000000000000000000 ) ) ;
#177 = CARTESIAN_POINT ( 'NONE',  ( -7.299999999999999822, 4.812110836234412048, 15.50000000000000178 ) ) ;
#178 = ORIENTED_EDGE ( 'NONE', *, *, #455, .T. ) ;
#179 = CARTESIAN_POINT ( 'NONE',  ( 15.49999999999999289, 8.500000000000000000, 0.9000000000000049072 ) ) ;
#180 = CARTESIAN_POINT ( 'NONE',  ( -21.00000000000000355, 8.500000000000000000, 0.000000000000000000 ) ) ;
#181 = EDGE_CURVE ( 'NONE', #1479, #2689, #271, .T. ) ;
#182 = ORIENTED_EDGE ( 'NONE', *, *, #2609, .F. ) ;
#183 = ADVANCED_FACE ( 'NONE', ( #2399 ), #15, .T. ) ;
#184 = CARTESIAN_POINT ( 'NONE',  ( 5.000000000000001776, 7.799999999999989164, 4.699999999999997513 ) ) ;
#185 = CYLINDRICAL_SURFACE ( 'NONE', #1965, 0.2000000000000000944 ) ;
#186 = CARTESIAN_POINT ( 'NONE',  ( 13.29999999999999893, 0.000000000000000000, 4.699999999999999289 ) ) ;
#187 = CIRCLE ( 'NONE', #2192, 0.1999999999999996503 ) ;
#188 = ORIENTED_EDGE ( 'NONE', *, *, #1833, .F. ) ;
#189 = CIRCLE ( 'NONE', #1024, 0.1999999999999996503 ) ;
#190 = CARTESIAN_POINT ( 'NONE',  ( 0.000000000000000000, 0.000000000000000000, 0.000000000000000000 ) ) ;
#191 = EDGE_LOOP ( 'NONE', ( #798, #1355, #3162, #2463 ) ) ;
#192 = AXIS2_PLACEMENT_3D ( 'NONE', #1857, #2385, #1 ) ;
#193 = DIRECTION ( 'NONE',  ( 0.000000000000000000, 0.000000000000000000, -1.000000000000000000 ) ) ;
#194 = LINE ( 'NONE', #1766, #2662 ) ;
#195 = CYLINDRICAL_SURFACE ( 'NONE', #2175, 1.699999999999999512 ) ;
#196 = ORIENTED_EDGE ( 'NONE', *, *, #1169, .T. ) ;
#197 = CARTESIAN_POINT ( 'NONE',  ( 0.000000000000000000, 0.2000000000000000111, 25.30000000000000426 ) ) ;
#198 = DIRECTION ( 'NONE',  ( 1.000000000000000000, -0.000000000000000000, 0.000000000000000000 ) ) ;
#199 = ORIENTED_EDGE ( 'NONE', *, *, #2063, .T. ) ;
#200 = EDGE_CURVE ( 'NONE', #2737, #2657, #3067, .T. ) ;
#201 = FACE_OUTER_BOUND ( 'NONE', #2235, .T. ) ;
#202 = ORIENTED_EDGE ( 'NONE', *, *, #2443, .F. ) ;
#203 = DIRECTION ( 'NONE',  ( -0.000000000000000000, -1.000000000000000000, -0.000000000000000000 ) ) ;
#204 = CARTESIAN_POINT ( 'NONE',  ( 1.700000000000000178, 7.999999999999994671, 21.14777711195929299 ) ) ;
#205 = EDGE_CURVE ( 'NONE', #3031, #3230, #498, .T. ) ;
#206 = ORIENTED_EDGE ( 'NONE', *, *, #1093, .T. ) ;
#207 = EDGE_CURVE ( 'NONE', #3427, #2550, #1021, .T. ) ;
#208 = ORIENTED_EDGE ( 'NONE', *, *, #3083, .T. ) ;
#209 = DIRECTION ( 'NONE',  ( 0.000000000000000000, 0.000000000000000000, 1.000000000000000000 ) ) ;
#210 = DIRECTION ( 'NONE',  ( 1.000000000000000000, 0.000000000000000000, 0.000000000000000000 ) ) ;
#211 = ORIENTED_EDGE ( 'NONE', *, *, #476, .F. ) ;
#212 = CARTESIAN_POINT ( 'NONE',  ( -15.50000000000000000, 0.000000000000000000, -0.9999999999999945599 ) ) ;
#213 = CARTESIAN_POINT ( 'NONE',  ( -13.70000000000000107, 7.799999999999993605, 4.700000000000000178 ) ) ;
#214 = DIRECTION ( 'NONE',  ( -0.000000000000000000, 0.000000000000000000, 1.000000000000000000 ) ) ;
#215 = DIRECTION ( 'NONE',  ( 1.445602896647341628E-16, 0.000000000000000000, 1.000000000000000000 ) ) ;
#216 = DIRECTION ( 'NONE',  ( 0.000000000000000000, 1.000000000000000000, -0.000000000000000000 ) ) ;
#217 = VERTEX_POINT ( 'NONE', #1407 ) ;
#218 = AXIS2_PLACEMENT_3D ( 'NONE', #2576, #2014, #1996 ) ;
#219 = EDGE_CURVE ( 'NONE', #972, #2361, #625, .T. ) ;
#220 = ADVANCED_FACE ( 'NONE', ( #981 ), #776, .T. ) ;
#221 = EDGE_CURVE ( 'NONE', #3000, #365, #2090, .T. ) ;
#222 = ORIENTED_EDGE ( 'NONE', *, *, #1809, .T. ) ;
#223 = EDGE_CURVE ( 'NONE', #318, #811, #1296, .T. ) ;
#224 = AXIS2_PLACEMENT_3D ( 'NONE', #2797, #651, #2317 ) ;
#225 = VECTOR ( 'NONE', #2659, 1000.000000000000000 ) ;
#226 = AXIS2_PLACEMENT_3D ( 'NONE', #3032, #937, #2688 ) ;
#227 = CYLINDRICAL_SURFACE ( 'NONE', #1448, 0.1999999999999987899 ) ;
#228 = AXIS2_PLACEMENT_3D ( 'NONE', #123, #79, #1393 ) ;
#229 = ORIENTED_EDGE ( 'NONE', *, *, #148, .T. ) ;
#230 = DIRECTION ( 'NONE',  ( 1.000000000000000000, 2.602085213965211135E-16, 0.000000000000000000 ) ) ;
#231 = CYLINDRICAL_SURFACE ( 'NONE', #1198, 1.699999999999999512 ) ;
#232 = EDGE_LOOP ( 'NONE', ( #1939, #3117, #2921, #2899 ) ) ;
#233 = FACE_OUTER_BOUND ( 'NONE', #2257, .T. ) ;
#234 = CARTESIAN_POINT ( 'NONE',  ( 13.29999999999999716, 7.999999999999994671, 25.50000000000000355 ) ) ;
#235 = CARTESIAN_POINT ( 'NONE',  ( -7.582842712474618274, 1.917157287525379949, 25.50000000000000355 ) ) ;
#236 = CARTESIAN_POINT ( 'NONE',  ( -13.50000000000000000, 7.999999999999992895, 25.30000000000000426 ) ) ;
#237 = ORIENTED_EDGE ( 'NONE', *, *, #3121, .T. ) ;
#238 = VECTOR ( 'NONE', #988, 1000.000000000000000 ) ;
#239 =( BOUNDED_CURVE ( )  B_SPLINE_CURVE ( 3, ( #1902, #1311, #581, #2414 ),
 .UNSPECIFIED., .F., .F. ) 
 B_SPLINE_CURVE_WITH_KNOTS ( ( 4, 4 ),
 ( 3.141592653589758477, 4.712388980384689674 ),
 .UNSPECIFIED. ) 
 CURVE ( )  GEOMETRIC_REPRESENTATION_ITEM ( )  RATIONAL_B_SPLINE_CURVE ( ( 1.000000000000000000, 0.8047378541243568328, 0.8047378541243568328, 1.000000000000000000 ) ) 
 REPRESENTATION_ITEM ( '' )  );
#240 = ORIENTED_EDGE ( 'NONE', *, *, #168, .F. ) ;
#241 = VECTOR ( 'NONE', #1864, 1000.000000000000000 ) ;
#242 = AXIS2_PLACEMENT_3D ( 'NONE', #1982, #2728, #340 ) ;
#243 = DIRECTION ( 'NONE',  ( 0.000000000000000000, -1.761828530288955355E-15, -1.000000000000000000 ) ) ;
#244 = ADVANCED_FACE ( 'NONE', ( #758 ), #1806, .T. ) ;
#245 = VERTEX_POINT ( 'NONE', #29 ) ;
#246 = LINE ( 'NONE', #2139, #2881 ) ;
#247 = DIRECTION ( 'NONE',  ( 1.000000000000000000, -0.000000000000000000, -0.000000000000000000 ) ) ;
#248 = EDGE_CURVE ( 'NONE', #2379, #2370, #2165, .T. ) ;
#249 = ORIENTED_EDGE ( 'NONE', *, *, #1809, .F. ) ;
#250 = DIRECTION ( 'NONE',  ( 0.000000000000000000, -1.000000000000000000, 0.000000000000000000 ) ) ;
#251 = ORIENTED_EDGE ( 'NONE', *, *, #1051, .T. ) ;
#252 = CARTESIAN_POINT ( 'NONE',  ( -4.799999999999996270, 0.2000000000000005107, 4.699999999999999289 ) ) ;
#253 = LINE ( 'NONE', #3181, #965 ) ;
#254 = SPHERICAL_SURFACE ( 'NONE', #1000, 0.2000000000000000111 ) ;
#255 = ORIENTED_EDGE ( 'NONE', *, *, #3247, .F. ) ;
#256 = LINE ( 'NONE', #939, #2103 ) ;
#257 = VERTEX_POINT ( 'NONE', #68 ) ;
#258 = CARTESIAN_POINT ( 'NONE',  ( -20.80000000000000426, 0.2000000000000000111, -4.299999999999998046 ) ) ;
#259 = ORIENTED_EDGE ( 'NONE', *, *, #455, .F. ) ;
#260 = CARTESIAN_POINT ( 'NONE',  ( -20.80000000000000426, 0.000000000000000000, -4.299999999999997158 ) ) ;
#261 = DIRECTION ( 'NONE',  ( -1.000000000000000000, 0.000000000000000000, 0.000000000000000000 ) ) ;
#262 = EDGE_CURVE ( 'NONE', #2550, #65, #572, .T. ) ;
#263 = LINE ( 'NONE', #2989, #2563 ) ;
#264 = ORIENTED_EDGE ( 'NONE', *, *, #1518, .F. ) ;
#265 = CARTESIAN_POINT ( 'NONE',  ( -7.500000000000000000, 1.999999999999999112, 15.50000000000000178 ) ) ;
#266 = ORIENTED_EDGE ( 'NONE', *, *, #2065, .F. ) ;
#267 = CARTESIAN_POINT ( 'NONE',  ( -2.299999999999999822, 0.2000000000000000111, 15.30000000000000071 ) ) ;
#268 = CARTESIAN_POINT ( 'NONE',  ( -15.50000000000000000, 0.2000000000000005107, -2.699999999999993960 ) ) ;
#269 = DIRECTION ( 'NONE',  ( 0.000000000000000000, 0.000000000000000000, 1.000000000000000000 ) ) ;
#270 = ORIENTED_EDGE ( 'NONE', *, *, #2402, .F. ) ;
#271 = LINE ( 'NONE', #76, #3171 ) ;
#272 = DIRECTION ( 'NONE',  ( -1.000000000000000000, 0.000000000000000000, 0.000000000000000000 ) ) ;
#273 = VECTOR ( 'NONE', #405, 1000.000000000000000 ) ;
#274 = VECTOR ( 'NONE', #2792, 1000.000000000000000 ) ;
#275 = ORIENTED_EDGE ( 'NONE', *, *, #888, .T. ) ;
#276 = DIRECTION ( 'NONE',  ( -0.000000000000000000, -1.000000000000000000, -2.574980159653077370E-15 ) ) ;
#277 = CIRCLE ( 'NONE', #3270, 0.1999999999999996503 ) ;
#278 = EDGE_LOOP ( 'NONE', ( #530, #2849, #929, #858 ) ) ;
#279 = CARTESIAN_POINT ( 'NONE',  ( 0.000000000000000000, 0.000000000000000000, 9.699999999999999289 ) ) ;
#280 = CARTESIAN_POINT ( 'NONE',  ( 20.80000000000000071, 0.2000000000000000111, 4.499999999999996447 ) ) ;
#281 = VECTOR ( 'NONE', #508, 1000.000000000000000 ) ;
#282 = VECTOR ( 'NONE', #143, 1000.000000000000000 ) ;
#283 = FACE_OUTER_BOUND ( 'NONE', #3246, .T. ) ;
#284 = ORIENTED_EDGE ( 'NONE', *, *, #248, .T. ) ;
#285 = FACE_OUTER_BOUND ( 'NONE', #2473, .T. ) ;
#286 = EDGE_LOOP ( 'NONE', ( #13, #1337, #2817, #2275, #987, #970, #2299, #3398 ) ) ;
#287 = DIRECTION ( 'NONE',  ( 1.000000000000000000, 0.000000000000000000, 0.000000000000000000 ) ) ;
#288 = VECTOR ( 'NONE', #3016, 1000.000000000000000 ) ;
#289 = DIRECTION ( 'NONE',  ( -1.000000000000000000, 0.000000000000000000, 0.000000000000000000 ) ) ;
#290 = DIRECTION ( 'NONE',  ( 0.000000000000000000, 0.000000000000000000, 1.000000000000000000 ) ) ;
#291 = EDGE_LOOP ( 'NONE', ( #34, #2956, #3014, #202 ) ) ;
#292 = FACE_OUTER_BOUND ( 'NONE', #2224, .T. ) ;
#293 = DIRECTION ( 'NONE',  ( -0.000000000000000000, 0.000000000000000000, 1.000000000000000000 ) ) ;
#294 = ADVANCED_FACE ( 'NONE', ( #2039 ), #2026, .T. ) ;
#295 = ORIENTED_EDGE ( 'NONE', *, *, #2443, .T. ) ;
#296 = EDGE_CURVE ( 'NONE', #2844, #1221, #1739, .T. ) ;
#297 = VECTOR ( 'NONE', #2911, 1000.000000000000000 ) ;
#298 = CARTESIAN_POINT ( 'NONE',  ( 20.80000000000000071, 0.2000000000000000111, 4.299999999999996270 ) ) ;
#299 = AXIS2_PLACEMENT_3D ( 'NONE', #1843, #308, #1643 ) ;
#300 = ORIENTED_EDGE ( 'NONE', *, *, #119, .F. ) ;
#301 = CYLINDRICAL_SURFACE ( 'NONE', #2658, 0.1999999999999987899 ) ;
#302 = DIRECTION ( 'NONE',  ( 6.424901762877065960E-17, -1.000000000000000000, -7.961019942076871768E-33 ) ) ;
#303 = VECTOR ( 'NONE', #636, 1000.000000000000000 ) ;
#304 = DIRECTION ( 'NONE',  ( 0.000000000000000000, 0.000000000000000000, -1.000000000000000000 ) ) ;
#305 = DIRECTION ( 'NONE',  ( 0.000000000000000000, -1.000000000000000000, 0.000000000000000000 ) ) ;
#306 = VERTEX_POINT ( 'NONE', #1504 ) ;
#307 = CYLINDRICAL_SURFACE ( 'NONE', #1268, 0.1999999999999996503 ) ;
#308 = DIRECTION ( 'NONE',  ( -1.000000000000000000, -0.000000000000000000, -0.000000000000000000 ) ) ;
#309 = CIRCLE ( 'NONE', #2248, 0.1999999999999987899 ) ;
#310 = EDGE_CURVE ( 'NONE', #704, #1619, #2415, .T. ) ;
#311 = DIRECTION ( 'NONE',  ( -6.424901762877065960E-17, 1.000000000000000000, -0.000000000000000000 ) ) ;
#312 = ORIENTED_EDGE ( 'NONE', *, *, #2063, .F. ) ;
#313 = DIRECTION ( 'NONE',  ( -1.000000000000000000, 0.000000000000000000, 1.239088197126290817E-16 ) ) ;
#314 = DIRECTION ( 'NONE',  ( -0.000000000000000000, -1.000000000000000000, -0.000000000000000000 ) ) ;
#315 = EDGE_CURVE ( 'NONE', #330, #1171, #3336, .T. ) ;
#316 = EDGE_LOOP ( 'NONE', ( #831, #1749, #2950, #1552 ) ) ;
#317 = CARTESIAN_POINT ( 'NONE',  ( -7.500000000000000000, 1.999999999999999112, 15.70000000000000284 ) ) ;
#318 = VERTEX_POINT ( 'NONE', #2571 ) ;
#319 = DIRECTION ( 'NONE',  ( 1.000000000000000000, 0.000000000000000000, 0.000000000000000000 ) ) ;
#320 = FACE_OUTER_BOUND ( 'NONE', #278, .T. ) ;
#321 = CARTESIAN_POINT ( 'NONE',  ( 2.582842712474619162, 1.917157287525380616, 25.50000000000000355 ) ) ;
#322 = SURFACE_STYLE_FILL_AREA ( #3293 ) ;
#323 = VERTEX_POINT ( 'NONE', #186 ) ;
#324 = DIRECTION ( 'NONE',  ( 0.000000000000000000, 1.000000000000000000, 0.000000000000000000 ) ) ;
#325 = CARTESIAN_POINT ( 'NONE',  ( 2.700000000000000178, 0.000000000000000000, -0.000000000000000000 ) ) ;
#326 = DIRECTION ( 'NONE',  ( -2.551063935260000137E-16, 0.000000000000000000, 1.000000000000000000 ) ) ;
#327 = ORIENTED_EDGE ( 'NONE', *, *, #1787, .T. ) ;
#328 = DIRECTION ( 'NONE',  ( -1.000000000000000000, -6.424901762877064728E-17, 1.239088197126290817E-16 ) ) ;
#329 = DIRECTION ( 'NONE',  ( 0.000000000000000000, 0.000000000000000000, 1.000000000000000000 ) ) ;
#330 = VERTEX_POINT ( 'NONE', #983 ) ;
#331 = FACE_OUTER_BOUND ( 'NONE', #643, .T. ) ;
#332 = VERTEX_POINT ( 'NONE', #204 ) ;
#333 = CYLINDRICAL_SURFACE ( 'NONE', #1715, 0.1999999999999996503 ) ;
#334 = VECTOR ( 'NONE', #3210, 1000.000000000000000 ) ;
#335 = FACE_OUTER_BOUND ( 'NONE', #1928, .T. ) ;
#336 = AXIS2_PLACEMENT_3D ( 'NONE', #887, #3257, #2491 ) ;
#337 = CARTESIAN_POINT ( 'NONE',  ( -1.700000000000001066, 7.799999999999996270, 21.14777711195929299 ) ) ;
#338 = VERTEX_POINT ( 'NONE', #3383 ) ;
#339 = FACE_OUTER_BOUND ( 'NONE', #1801, .T. ) ;
#340 = DIRECTION ( 'NONE',  ( 0.000000000000000000, 0.000000000000000000, 1.000000000000000000 ) ) ;
#341 = AXIS2_PLACEMENT_3D ( 'NONE', #1514, #964, #918 ) ;
#342 = CIRCLE ( 'NONE', #3220, 0.1999999999999996503 ) ;
#343 = AXIS2_PLACEMENT_3D ( 'NONE', #1323, #1840, #1581 ) ;
#344 = DIRECTION ( 'NONE',  ( -1.000000000000000000, 0.000000000000000000, 1.239088197126290817E-16 ) ) ;
#345 = ORIENTED_EDGE ( 'NONE', *, *, #2766, .F. ) ;
#346 = CIRCLE ( 'NONE', #1614, 0.2000000000000005107 ) ;
#347 = DIRECTION ( 'NONE',  ( -1.000000000000000000, 0.000000000000000000, 0.000000000000000000 ) ) ;
#348 = CARTESIAN_POINT ( 'NONE',  ( -13.29999999999999893, 7.799999999999993605, 25.50000000000000355 ) ) ;
#349 = ORIENTED_EDGE ( 'NONE', *, *, #3041, .T. ) ;
#350 = DIRECTION ( 'NONE',  ( 1.000000000000000000, -0.000000000000000000, -1.445602896647339410E-16 ) ) ;
#351 = ORIENTED_EDGE ( 'NONE', *, *, #168, .T. ) ;
#352 = DIRECTION ( 'NONE',  ( 1.000000000000000000, 0.000000000000000000, 0.000000000000000000 ) ) ;
#353 = CIRCLE ( 'NONE', #1295, 0.2000000000000000944 ) ;
#354 = DIRECTION ( 'NONE',  ( 0.000000000000000000, 0.000000000000000000, -1.000000000000000000 ) ) ;
#355 = ADVANCED_FACE ( 'NONE', ( #1548 ), #1760, .T. ) ;
#356 = VERTEX_POINT ( 'NONE', #442 ) ;
#357 = FACE_OUTER_BOUND ( 'NONE', #1460, .T. ) ;
#358 = CARTESIAN_POINT ( 'NONE',  ( -1.785744754682002561E-16, 0.2000000000000005107, 0.7000000000000009548 ) ) ;
#359 = VECTOR ( 'NONE', #2187, 1000.000000000000000 ) ;
#360 = FACE_OUTER_BOUND ( 'NONE', #154, .T. ) ;
#361 = CARTESIAN_POINT ( 'NONE',  ( 15.49999999999999289, 8.300000000000000711, 0.7000000000000048406 ) ) ;
#362 = ORIENTED_EDGE ( 'NONE', *, *, #396, .F. ) ;
#363 = EDGE_CURVE ( 'NONE', #1241, #747, #3094, .T. ) ;
#364 = CARTESIAN_POINT ( 'NONE',  ( 17.19999999999999929, 0.2000000000000005107, 0.7000000000000052847 ) ) ;
#365 = VERTEX_POINT ( 'NONE', #1782 ) ;
#366 = LINE ( 'NONE', #378, #334 ) ;
#367 = DIRECTION ( 'NONE',  ( 1.239088197126290817E-16, -0.000000000000000000, 1.000000000000000000 ) ) ;
#368 = ORIENTED_EDGE ( 'NONE', *, *, #2316, .T. ) ;
#369 = DIRECTION ( 'NONE',  ( 1.000000000000000000, 0.000000000000000000, -0.000000000000000000 ) ) ;
#370 = FACE_OUTER_BOUND ( 'NONE', #1670, .T. ) ;
#371 = EDGE_CURVE ( 'NONE', #1556, #2189, #187, .T. ) ;
#372 = EDGE_CURVE ( 'NONE', #2361, #3243, #746, .T. ) ;
#373 = CARTESIAN_POINT ( 'NONE',  ( 17.19999999999999929, 8.300000000000000711, 0.7000000000000052847 ) ) ;
#374 = CARTESIAN_POINT ( 'NONE',  ( 20.99999999999999645, 0.000000000000000000, 4.299999999999996270 ) ) ;
#375 = ORIENTED_EDGE ( 'NONE', *, *, #583, .F. ) ;
#376 = ORIENTED_EDGE ( 'NONE', *, *, #87, .F. ) ;
#377 = ORIENTED_EDGE ( 'NONE', *, *, #1682, .F. ) ;
#378 = CARTESIAN_POINT ( 'NONE',  ( 7.299999999999999822, 5.012110836234411337, 15.50000000000000178 ) ) ;
#379 = AXIS2_PLACEMENT_3D ( 'NONE', #212, #977, #2314 ) ;
#380 = CARTESIAN_POINT ( 'NONE',  ( -2.299999999999999822, 0.2000000000000000111, 15.70000000000000284 ) ) ;
#381 = AXIS2_PLACEMENT_3D ( 'NONE', #2912, #1608, #329 ) ;
#382 = EDGE_LOOP ( 'NONE', ( #1383, #2559, #425, #1192 ) ) ;
#383 = SPHERICAL_SURFACE ( 'NONE', #2163, 0.2000000000000000111 ) ;
#384 = DIRECTION ( 'NONE',  ( 1.239088197126290817E-16, -0.000000000000000000, 1.000000000000000000 ) ) ;
#385 = AXIS2_PLACEMENT_3D ( 'NONE', #2998, #2205, #2541 ) ;
#386 = DIRECTION ( 'NONE',  ( -0.000000000000000000, -1.000000000000000000, 0.000000000000000000 ) ) ;
#387 = ORIENTED_EDGE ( 'NONE', *, *, #3297, .T. ) ;
#388 = CIRCLE ( 'NONE', #2837, 0.1999999999999987899 ) ;
#389 = EDGE_CURVE ( 'NONE', #1171, #2189, #2351, .T. ) ;
#390 = DIRECTION ( 'NONE',  ( 1.000000000000000000, 0.000000000000000000, 0.000000000000000000 ) ) ;
#391 =( BOUNDED_CURVE ( )  B_SPLINE_CURVE ( 3, ( #1591, #3207, #3152, #1335 ),
 .UNSPECIFIED., .F., .F. ) 
 B_SPLINE_CURVE_WITH_KNOTS ( ( 4, 4 ),
 ( 0.000000000000000000, 1.570796326794896558 ),
 .UNSPECIFIED. ) 
 CURVE ( )  GEOMETRIC_REPRESENTATION_ITEM ( )  RATIONAL_B_SPLINE_CURVE ( ( 1.000000000000000000, 0.8047378541243649375, 0.8047378541243649375, 1.000000000000000000 ) ) 
 REPRESENTATION_ITEM ( '' )  );
#392 = AXIS2_PLACEMENT_3D ( 'NONE', #541, #2667, #3114 ) ;
#393 = VERTEX_POINT ( 'NONE', #2058 ) ;
#394 = EDGE_CURVE ( 'NONE', #2873, #1317, #3081, .T. ) ;
#395 = EDGE_CURVE ( 'NONE', #2702, #217, #3388, .T. ) ;
#396 = EDGE_CURVE ( 'NONE', #2769, #1499, #2970, .T. ) ;
#397 = CARTESIAN_POINT ( 'NONE',  ( 2.700000000000000178, 8.673617379884035472E-16, 25.50000000000000355 ) ) ;
#398 = EDGE_LOOP ( 'NONE', ( #3355, #2599, #869, #756 ) ) ;
#399 = LINE ( 'NONE', #1975, #2674 ) ;
#400 = CARTESIAN_POINT ( 'NONE',  ( -2.700000000000000178, 0.2000000000000000111, 25.30000000000000426 ) ) ;
#401 = DIRECTION ( 'NONE',  ( 1.239088197126290817E-16, -0.000000000000000000, 1.000000000000000000 ) ) ;
#402 = EDGE_CURVE ( 'NONE', #2525, #2221, #2481, .T. ) ;
#403 = CARTESIAN_POINT ( 'NONE',  ( 7.500000000000000000, 2.000000000000000888, 15.70000000000000284 ) ) ;
#404 = EDGE_LOOP ( 'NONE', ( #934, #772, #2542, #936 ) ) ;
#405 = DIRECTION ( 'NONE',  ( -0.000000000000000000, 1.000000000000000000, -0.000000000000000000 ) ) ;
#406 = DIRECTION ( 'NONE',  ( -1.239088197126293282E-16, 0.000000000000000000, -1.000000000000000000 ) ) ;
#407 = ORIENTED_EDGE ( 'NONE', *, *, #3292, .T. ) ;
#408 = CARTESIAN_POINT ( 'NONE',  ( -5.199999999999995737, 0.000000000000000000, 4.699999999999999289 ) ) ;
#409 = AXIS2_PLACEMENT_3D ( 'NONE', #967, #3132, #1019 ) ;
#410 = DIRECTION ( 'NONE',  ( 1.000000000000000000, 0.000000000000000000, 0.000000000000000000 ) ) ;
#411 = ADVANCED_FACE ( 'NONE', ( #761 ), #2357, .T. ) ;
#412 = AXIS2_PLACEMENT_3D ( 'NONE', #1919, #3025, #100 ) ;
#413 = EDGE_LOOP ( 'NONE', ( #1528, #3338, #2555, #634 ) ) ;
#414 = EDGE_CURVE ( 'NONE', #2873, #1666, #239, .T. ) ;
#415 = PRODUCT_CONTEXT ( 'NONE', #3349, 'mechanical' ) ;
#416 = ORIENTED_EDGE ( 'NONE', *, *, #84, .F. ) ;
#417 = CARTESIAN_POINT ( 'NONE',  ( 0.000000000000000000, 8.500000000000000000, -2.699999999999993960 ) ) ;
#418 = CARTESIAN_POINT ( 'NONE',  ( 2.700000000000000178, 0.2000000000000000111, 25.30000000000000426 ) ) ;
#419 = CARTESIAN_POINT ( 'NONE',  ( -13.29999999999999893, 0.2000000000000000111, 4.699999999999999289 ) ) ;
#420 = DIRECTION ( 'NONE',  ( 2.551063935259999151E-16, 0.000000000000000000, 1.000000000000000000 ) ) ;
#421 = VERTEX_POINT ( 'NONE', #2816 ) ;
#422 = CARTESIAN_POINT ( 'NONE',  ( -5.199999999999996625, 7.999999999999992895, 4.699999999999998401 ) ) ;
#423 = CARTESIAN_POINT ( 'NONE',  ( -13.29999999999999893, 0.000000000000000000, 25.30000000000000426 ) ) ;
#424 = ORIENTED_EDGE ( 'NONE', *, *, #3392, .F. ) ;
#425 = ORIENTED_EDGE ( 'NONE', *, *, #1408, .T. ) ;
#426 = DIRECTION ( 'NONE',  ( -0.000000000000000000, -1.000000000000000000, 0.000000000000000000 ) ) ;
#427 = DIRECTION ( 'NONE',  ( 0.000000000000000000, 0.000000000000000000, -1.000000000000000000 ) ) ;
#428 = ORIENTED_EDGE ( 'NONE', *, *, #1101, .F. ) ;
#429 = ORIENTED_EDGE ( 'NONE', *, *, #1093, .F. ) ;
#430 = CARTESIAN_POINT ( 'NONE',  ( -17.19999999999999929, 0.000000000000000000, -0.9999999999999945599 ) ) ;
#431 = PRODUCT ( 'extruder_BLtouch_mount', 'extruder_BLtouch_mount', '', ( #415 ) ) ;
#432 = LINE ( 'NONE', #733, #274 ) ;
#433 = EDGE_CURVE ( 'NONE', #738, #356, #1346, .T. ) ;
#434 = FACE_OUTER_BOUND ( 'NONE', #861, .T. ) ;
#435 = ORIENTED_EDGE ( 'NONE', *, *, #1738, .F. ) ;
#436 = CARTESIAN_POINT ( 'NONE',  ( -5.011423375044107850E-16, 7.799999999999996270, 21.14777711195929299 ) ) ;
#437 = CARTESIAN_POINT ( 'NONE',  ( -7.699999999999999289, 5.212110836234411515, 25.50000000000000355 ) ) ;
#438 = CIRCLE ( 'NONE', #62, 0.2000000000000000944 ) ;
#439 = VERTEX_POINT ( 'NONE', #268 ) ;
#440 = DIRECTION ( 'NONE',  ( -0.000000000000000000, -1.000000000000000000, 0.000000000000000000 ) ) ;
#441 = FACE_BOUND ( 'NONE', #2012, .T. ) ;
#442 = CARTESIAN_POINT ( 'NONE',  ( -13.70000000000000107, 0.2000000000000000111, 4.500000000000000888 ) ) ;
#443 = CIRCLE ( 'NONE', #2387, 0.1999999999999996503 ) ;
#444 = ORIENTED_EDGE ( 'NONE', *, *, #1985, .T. ) ;
#445 = VECTOR ( 'NONE', #3298, 1000.000000000000000 ) ;
#446 = ORIENTED_EDGE ( 'NONE', *, *, #14, .F. ) ;
#447 = CARTESIAN_POINT ( 'NONE',  ( -4.799999999999996270, 0.000000000000000000, 4.299999999999999822 ) ) ;
#448 = CARTESIAN_POINT ( 'NONE',  ( 7.699999999999999289, 1.800000000000000711, 25.50000000000000355 ) ) ;
#449 = EDGE_CURVE ( 'NONE', #145, #2802, #1602, .T. ) ;
#450 = DIRECTION ( 'NONE',  ( -1.000000000000000000, 0.000000000000000000, 2.551063935260000137E-16 ) ) ;
#451 = ORIENTED_EDGE ( 'NONE', *, *, #545, .T. ) ;
#452 = CYLINDRICAL_SURFACE ( 'NONE', #606, 0.1999999999999987899 ) ;
#453 = CARTESIAN_POINT ( 'NONE',  ( -5.724587470723461439E-16, 2.199999999999998845, 15.70000000000000284 ) ) ;
#454 = EDGE_CURVE ( 'NONE', #1556, #1042, #511, .T. ) ;
#455 = EDGE_CURVE ( 'NONE', #1589, #365, #1143, .T. ) ;
#456 = DIRECTION ( 'NONE',  ( 0.000000000000000000, 0.000000000000000000, -1.000000000000000000 ) ) ;
#457 = CARTESIAN_POINT ( 'NONE',  ( 13.50000000000000000, 8.292097333315200252E-15, 25.30000000000000426 ) ) ;
#458 = CARTESIAN_POINT ( 'NONE',  ( 20.80000000000000071, 8.300000000000000711, 4.299999999999996270 ) ) ;
#459 = AXIS2_PLACEMENT_3D ( 'NONE', #2554, #1517, #1234 ) ;
#460 = ORIENTED_EDGE ( 'NONE', *, *, #3041, .F. ) ;
#461 = AXIS2_PLACEMENT_3D ( 'NONE', #213, #1756, #2811 ) ;
#462 = ORIENTED_EDGE ( 'NONE', *, *, #2068, .F. ) ;
#463 = AXIS2_PLACEMENT_3D ( 'NONE', #2815, #966, #723 ) ;
#464 = PLANE ( 'NONE',  #1349 ) ;
#465 = EDGE_CURVE ( 'NONE', #1813, #1898, #796, .T. ) ;
#466 = VECTOR ( 'NONE', #1759, 1000.000000000000000 ) ;
#467 = LINE ( 'NONE', #3105, #2944 ) ;
#468 = EDGE_LOOP ( 'NONE', ( #327, #2321, #2206, #1685 ) ) ;
#469 = CARTESIAN_POINT ( 'NONE',  ( -2.299999999999999822, 0.000000000000000000, 15.70000000000000284 ) ) ;
#470 = CARTESIAN_POINT ( 'NONE',  ( -13.50000000000000000, 7.999999999999992895, 9.700000000000001066 ) ) ;
#471 = SPHERICAL_SURFACE ( 'NONE', #173, 0.2000000000000000111 ) ;
#472 = EDGE_CURVE ( 'NONE', #1813, #585, #516, .T. ) ;
#473 = DIRECTION ( 'NONE',  ( -1.000000000000000000, -8.673617379884037937E-17, 0.000000000000000000 ) ) ;
#474 = CARTESIAN_POINT ( 'NONE',  ( -7.500000000000000888, 1.999999999999998668, 25.41715728752538084 ) ) ;
#475 = EDGE_CURVE ( 'NONE', #2343, #65, #527, .T. ) ;
#476 = EDGE_CURVE ( 'NONE', #2657, #3061, #253, .T. ) ;
#477 = LINE ( 'NONE', #1297, #3370 ) ;
#478 = ORIENTED_EDGE ( 'NONE', *, *, #3111, .F. ) ;
#479 = EDGE_LOOP ( 'NONE', ( #78, #1980, #103, #956 ) ) ;
#480 = ORIENTED_EDGE ( 'NONE', *, *, #3145, .F. ) ;
#481 = DIRECTION ( 'NONE',  ( -1.000000000000000000, 0.000000000000000000, -2.551063935260000137E-16 ) ) ;
#482 = LINE ( 'NONE', #685, #693 ) ;
#483 = ORIENTED_EDGE ( 'NONE', *, *, #2348, .T. ) ;
#484 = DIRECTION ( 'NONE',  ( 0.000000000000000000, 0.000000000000000000, 1.000000000000000000 ) ) ;
#485 = DIRECTION ( 'NONE',  ( 1.239088197126290817E-16, -0.000000000000000000, 1.000000000000000000 ) ) ;
#486 = DIRECTION ( 'NONE',  ( -0.000000000000000000, 1.000000000000000000, 0.000000000000000000 ) ) ;
#487 = CARTESIAN_POINT ( 'NONE',  ( -4.799999999999996270, 0.2000000000000000111, 4.299999999999999822 ) ) ;
#488 = ORIENTED_EDGE ( 'NONE', *, *, #3083, .F. ) ;
#489 = ADVANCED_FACE ( 'NONE', ( #1565 ), #2713, .F. ) ;
#490 = CIRCLE ( 'NONE', #557, 0.4000000000000010214 ) ;
#491 = CIRCLE ( 'NONE', #1992, 0.1999999999999996503 ) ;
#492 = ADVANCED_FACE ( 'NONE', ( #1367 ), #2455, .F. ) ;
#493 = EDGE_CURVE ( 'NONE', #1132, #1482, #3200, .T. ) ;
#494 = ORIENTED_EDGE ( 'NONE', *, *, #2673, .T. ) ;
#495 = VECTOR ( 'NONE', #3242, 1000.000000000000000 ) ;
#496 = ADVANCED_FACE ( 'NONE', ( #11 ), #1882, .T. ) ;
#497 = AXIS2_PLACEMENT_3D ( 'NONE', #2119, #3407, #1854 ) ;
#498 =( BOUNDED_CURVE ( )  B_SPLINE_CURVE ( 3, ( #2171, #1138, #2190, #2732 ),
 .UNSPECIFIED., .F., .F. ) 
 B_SPLINE_CURVE_WITH_KNOTS ( ( 4, 4 ),
 ( 1.570796326794897668, 3.141592653589793116 ),
 .UNSPECIFIED. ) 
 CURVE ( )  GEOMETRIC_REPRESENTATION_ITEM ( )  RATIONAL_B_SPLINE_CURVE ( ( 1.000000000000000000, 0.8047378541243652705, 0.8047378541243652705, 1.000000000000000000 ) ) 
 REPRESENTATION_ITEM ( '' )  );
#499 = AXIS2_PLACEMENT_3D ( 'NONE', #867, #2665, #1618 ) ;
#500 = DIRECTION ( 'NONE',  ( 0.000000000000000000, 0.000000000000000000, -1.000000000000000000 ) ) ;
#501 = CIRCLE ( 'NONE', #228, 0.1999999999999996503 ) ;
#502 = ADVANCED_FACE ( 'NONE', ( #564 ), #815, .T. ) ;
#503 = ORIENTED_EDGE ( 'NONE', *, *, #315, .F. ) ;
#504 = PRODUCT_DEFINITION_CONTEXT ( 'detailed design', #1577, 'design' ) ;
#505 = DIRECTION ( 'NONE',  ( -0.000000000000000000, -1.000000000000000000, 0.000000000000000000 ) ) ;
#506 = DIRECTION ( 'NONE',  ( 0.000000000000000000, 0.000000000000000000, 1.000000000000000000 ) ) ;
#507 = ORIENTED_EDGE ( 'NONE', *, *, #1099, .T. ) ;
#508 = DIRECTION ( 'NONE',  ( 0.000000000000000000, 0.000000000000000000, -1.000000000000000000 ) ) ;
#509 = VERTEX_POINT ( 'NONE', #1826 ) ;
#510 = CARTESIAN_POINT ( 'NONE',  ( -2.299999999999999822, -6.484236614997022096E-16, 15.50000000000000178 ) ) ;
#511 = LINE ( 'NONE', #1327, #1792 ) ;
#512 = DIRECTION ( 'NONE',  ( 0.000000000000000000, 0.000000000000000000, 1.000000000000000000 ) ) ;
#513 = ORIENTED_EDGE ( 'NONE', *, *, #2545, .F. ) ;
#514 = DIRECTION ( 'NONE',  ( 0.000000000000000000, 0.000000000000000000, 1.000000000000000000 ) ) ;
#515 = VERTEX_POINT ( 'NONE', #2653 ) ;
#516 = CIRCLE ( 'NONE', #299, 0.1999999999999999833 ) ;
#517 = EDGE_CURVE ( 'NONE', #365, #877, #2167, .T. ) ;
#518 = AXIS2_PLACEMENT_3D ( 'NONE', #2052, #198, #2549 ) ;
#519 = CARTESIAN_POINT ( 'NONE',  ( -17.19999999999999929, 0.2000000000000005107, -0.9999999999999945599 ) ) ;
#520 = ORIENTED_EDGE ( 'NONE', *, *, #3295, .T. ) ;
#521 = DIRECTION ( 'NONE',  ( 1.000000000000000000, 0.000000000000000000, 0.000000000000000000 ) ) ;
#522 = DIRECTION ( 'NONE',  ( 1.000000000000000000, -0.000000000000000000, -1.239088197126290817E-16 ) ) ;
#523 = CARTESIAN_POINT ( 'NONE',  ( 1.785744754682002561E-16, 8.500000000000000000, 0.7000000000000009548 ) ) ;
#524 = CARTESIAN_POINT ( 'NONE',  ( -2.299999999999999822, 0.000000000000000000, 15.70000000000000284 ) ) ;
#525 = ORIENTED_EDGE ( 'NONE', *, *, #1595, .T. ) ;
#526 = DIRECTION ( 'NONE',  ( 1.239088197126290817E-16, -0.000000000000000000, 1.000000000000000000 ) ) ;
#527 = LINE ( 'NONE', #2393, #2236 ) ;
#528 = ADVANCED_FACE ( 'NONE', ( #2128 ), #2671, .F. ) ;
#529 = DIRECTION ( 'NONE',  ( -0.000000000000000000, -1.000000000000000000, 0.000000000000000000 ) ) ;
#530 = ORIENTED_EDGE ( 'NONE', *, *, #583, .T. ) ;
#531 = DIRECTION ( 'NONE',  ( 0.000000000000000000, 0.000000000000000000, 1.000000000000000000 ) ) ;
#532 = CARTESIAN_POINT ( 'NONE',  ( -4.999999999999994671, 0.2000000000000005107, 9.499999999999998224 ) ) ;
#533 = ORIENTED_EDGE ( 'NONE', *, *, #3189, .F. ) ;
#534 = DIRECTION ( 'NONE',  ( 0.000000000000000000, 0.000000000000000000, 1.000000000000000000 ) ) ;
#535 = VERTEX_POINT ( 'NONE', #1933 ) ;
#536 = ADVANCED_FACE ( 'NONE', ( #370 ), #2475, .T. ) ;
#537 = CYLINDRICAL_SURFACE ( 'NONE', #1272, 0.1999999999999999833 ) ;
#538 = DIRECTION ( 'NONE',  ( 1.000000000000000000, -0.000000000000000000, 0.000000000000000000 ) ) ;
#539 = FACE_OUTER_BOUND ( 'NONE', #695, .T. ) ;
#540 = VERTEX_POINT ( 'NONE', #147 ) ;
#541 = CARTESIAN_POINT ( 'NONE',  ( 13.29999999999999893, 7.799999999999995381, 25.30000000000000426 ) ) ;
#542 = ORIENTED_EDGE ( 'NONE', *, *, #2157, .F. ) ;
#543 = CARTESIAN_POINT ( 'NONE',  ( 13.70000000000000107, 8.500000000000000000, 4.499999999999997335 ) ) ;
#544 = DIRECTION ( 'NONE',  ( 1.000000000000000000, 6.424901762877064728E-17, 0.000000000000000000 ) ) ;
#545 = EDGE_CURVE ( 'NONE', #1416, #2255, #189, .T. ) ;
#546 = VECTOR ( 'NONE', #580, 1000.000000000000000 ) ;
#547 = ORIENTED_EDGE ( 'NONE', *, *, #2967, .T. ) ;
#548 = DIRECTION ( 'NONE',  ( 1.000000000000000000, 0.000000000000000000, 2.551063935260000137E-16 ) ) ;
#549 = CARTESIAN_POINT ( 'NONE',  ( -2.700000000000000178, 0.2000000000000000111, 25.30000000000000426 ) ) ;
#550 = AXIS2_PLACEMENT_3D ( 'NONE', #1271, #1511, #992 ) ;
#551 = VECTOR ( 'NONE', #1239, 1000.000000000000000 ) ;
#552 = EDGE_LOOP ( 'NONE', ( #3050, #211, #577, #542 ) ) ;
#553 = CARTESIAN_POINT ( 'NONE',  ( 13.50000000000000000, 0.2000000000000000111, 25.50000000000000355 ) ) ;
#554 = ORIENTED_EDGE ( 'NONE', *, *, #1805, .F. ) ;
#555 = CARTESIAN_POINT ( 'NONE',  ( -21.00000000000000355, 0.2000000000000000111, 4.300000000000001599 ) ) ;
#556 = EDGE_CURVE ( 'NONE', #1463, #2902, #2530, .T. ) ;
#557 = AXIS2_PLACEMENT_3D ( 'NONE', #524, #3142, #3177 ) ;
#558 = CARTESIAN_POINT ( 'NONE',  ( 17.19999999999999218, 8.500000000000000000, -0.9999999999999945599 ) ) ;
#559 = ORIENTED_EDGE ( 'NONE', *, *, #3232, .F. ) ;
#560 = DIRECTION ( 'NONE',  ( -1.000000000000000000, 0.000000000000000000, 0.000000000000000000 ) ) ;
#561 = ORIENTED_EDGE ( 'NONE', *, *, #2609, .T. ) ;
#562 = FACE_OUTER_BOUND ( 'NONE', #3414, .T. ) ;
#563 = ADVANCED_FACE ( 'NONE', ( #113 ), #1465, .F. ) ;
#564 = FACE_OUTER_BOUND ( 'NONE', #2080, .T. ) ;
#565 = EDGE_CURVE ( 'NONE', #2009, #2361, #90, .T. ) ;
#566 = FACE_OUTER_BOUND ( 'NONE', #991, .T. ) ;
#567 = ORIENTED_EDGE ( 'NONE', *, *, #1338, .T. ) ;
#568 = CARTESIAN_POINT ( 'NONE',  ( 7.500000000000000000, 2.000000000000000888, 15.50000000000000178 ) ) ;
#569 = DIRECTION ( 'NONE',  ( -1.000000000000000000, 0.000000000000000000, -0.000000000000000000 ) ) ;
#570 = ORIENTED_EDGE ( 'NONE', *, *, #2246, .F. ) ;
#571 = DIRECTION ( 'NONE',  ( 1.000000000000000000, 0.000000000000000000, 0.000000000000000000 ) ) ;
#572 = CIRCLE ( 'NONE', #459, 0.4000000000000001887 ) ;
#573 = ORIENTED_EDGE ( 'NONE', *, *, #2366, .T. ) ;
#574 = DIRECTION ( 'NONE',  ( 0.000000000000000000, 0.000000000000000000, -1.000000000000000000 ) ) ;
#575 = CARTESIAN_POINT ( 'NONE',  ( 20.80000000000000071, 8.500000000000000000, -4.500000000000003553 ) ) ;
#576 = DIRECTION ( 'NONE',  ( 0.000000000000000000, 1.000000000000000000, -0.000000000000000000 ) ) ;
#577 = ORIENTED_EDGE ( 'NONE', *, *, #3029, .F. ) ;
#578 = CARTESIAN_POINT ( 'NONE',  ( 2.700000000000000178, 0.000000000000000000, 15.70000000000000284 ) ) ;
#579 = ORIENTED_EDGE ( 'NONE', *, *, #1286, .T. ) ;
#580 = DIRECTION ( 'NONE',  ( -0.000000000000000000, -0.000000000000000000, 1.000000000000000000 ) ) ;
#581 = CARTESIAN_POINT ( 'NONE',  ( -5.082842712474612057, 7.999999999999989342, 9.582842712474615610 ) ) ;
#582 = VECTOR ( 'NONE', #1795, 1000.000000000000000 ) ;
#583 = EDGE_CURVE ( 'NONE', #2060, #145, #3341, .T. ) ;
#584 = DIRECTION ( 'NONE',  ( -0.000000000000000000, -1.000000000000000000, -0.000000000000000000 ) ) ;
#585 = VERTEX_POINT ( 'NONE', #1970 ) ;
#586 = EDGE_CURVE ( 'NONE', #3368, #1264, #2993, .T. ) ;
#587 = DIRECTION ( 'NONE',  ( -1.000000000000000000, 0.000000000000000000, 0.000000000000000000 ) ) ;
#588 = DIRECTION ( 'NONE',  ( 0.000000000000000000, 0.000000000000000000, -1.000000000000000000 ) ) ;
#589 = EDGE_CURVE ( 'NONE', #1957, #2963, #3389, .T. ) ;
#590 = VERTEX_POINT ( 'NONE', #884 ) ;
#591 = CARTESIAN_POINT ( 'NONE',  ( 0.000000000000000000, 0.2000000000000000111, 15.30000000000000071 ) ) ;
#592 = ORIENTED_EDGE ( 'NONE', *, *, #3416, .F. ) ;
#593 = DIRECTION ( 'NONE',  ( 0.000000000000000000, 0.000000000000000000, -1.000000000000000000 ) ) ;
#594 = SPHERICAL_SURFACE ( 'NONE', #1086, 0.2000000000000000111 ) ;
#595 = DIRECTION ( 'NONE',  ( -1.000000000000000000, 0.000000000000000000, 0.000000000000000000 ) ) ;
#596 = CARTESIAN_POINT ( 'NONE',  ( -13.29999999999999893, 7.999999999999992895, 4.699999999999999289 ) ) ;
#597 = ORIENTED_EDGE ( 'NONE', *, *, #586, .F. ) ;
#598 = CARTESIAN_POINT ( 'NONE',  ( 4.800000000000003375, 0.2000000000000000111, 4.499999999999998224 ) ) ;
#599 = CARTESIAN_POINT ( 'NONE',  ( -17.20000000000000639, 8.300000000000000711, -2.899999999999994138 ) ) ;
#600 = PRODUCT_DEFINITION_SHAPE ( 'NONE', 'NONE',  #2417 ) ;
#601 = LINE ( 'NONE', #2169, #1889 ) ;
#602 = DIRECTION ( 'NONE',  ( 1.000000000000000000, 0.000000000000000000, -1.445602896647339410E-16 ) ) ;
#603 = DIRECTION ( 'NONE',  ( -0.000000000000000000, -0.000000000000000000, -1.000000000000000000 ) ) ;
#604 = VECTOR ( 'NONE', #3253, 1000.000000000000000 ) ;
#605 = EDGE_LOOP ( 'NONE', ( #1635, #2715, #2492, #559 ) ) ;
#606 = AXIS2_PLACEMENT_3D ( 'NONE', #197, #2597, #961 ) ;
#607 = ADVANCED_FACE ( 'NONE', ( #1419 ), #2488, .T. ) ;
#608 = AXIS2_PLACEMENT_3D ( 'NONE', #1932, #3300, #1418 ) ;
#609 = DIRECTION ( 'NONE',  ( 1.000000000000000000, -0.000000000000000000, 0.000000000000000000 ) ) ;
#610 = EDGE_LOOP ( 'NONE', ( #2709, #923, #3324, #3294, #1681, #2439, #3091, #3134, #3107, #1535, #74, #182, #135, #3099, #2866, #1931 ) ) ;
#611 = EDGE_CURVE ( 'NONE', #879, #2189, #649, .T. ) ;
#612 = AXIS2_PLACEMENT_3D ( 'NONE', #558, #2955, #304 ) ;
#613 = LINE ( 'NONE', #645, #1389 ) ;
#614 = TOROIDAL_SURFACE ( 'NONE', #381, 1.899999999999999467, 0.2000000000000000111 ) ;
#615 = CIRCLE ( 'NONE', #1331, 0.4000000000000001887 ) ;
#616 = LINE ( 'NONE', #881, #445 ) ;
#617 = ORIENTED_EDGE ( 'NONE', *, *, #2061, .F. ) ;
#618 = LINE ( 'NONE', #129, #1386 ) ;
#619 = CARTESIAN_POINT ( 'NONE',  ( -5.011423375044107850E-16, 7.799999999999996270, 21.14777711195929299 ) ) ;
#620 = AXIS2_PLACEMENT_3D ( 'NONE', #1151, #2203, #872 ) ;
#621 = AXIS2_PLACEMENT_3D ( 'NONE', #127, #1674, #1966 ) ;
#622 = TOROIDAL_SURFACE ( 'NONE', #1179, 0.4000000000000000222, 0.2000000000000000111 ) ;
#623 = LINE ( 'NONE', #2490, #2111 ) ;
#624 = VERTEX_POINT ( 'NONE', #2796 ) ;
#625 = LINE ( 'NONE', #3401, #1908 ) ;
#626 = CARTESIAN_POINT ( 'NONE',  ( -13.50000000000000000, 0.2000000000000000111, 25.30000000000000426 ) ) ;
#627 = ORIENTED_EDGE ( 'NONE', *, *, #556, .F. ) ;
#628 = DIRECTION ( 'NONE',  ( 0.000000000000000000, 0.000000000000000000, -1.000000000000000000 ) ) ;
#629 = ORIENTED_EDGE ( 'NONE', *, *, #1793, .T. ) ;
#630 = EDGE_CURVE ( 'NONE', #2027, #330, #2803, .T. ) ;
#631 = DIRECTION ( 'NONE',  ( 0.000000000000000000, 1.000000000000000000, -0.000000000000000000 ) ) ;
#632 = AXIS2_PLACEMENT_3D ( 'NONE', #3283, #1677, #406 ) ;
#633 = DIRECTION ( 'NONE',  ( -1.000000000000000000, 0.000000000000000000, 1.239088197126290817E-16 ) ) ;
#634 = ORIENTED_EDGE ( 'NONE', *, *, #1210, .T. ) ;
#635 = CARTESIAN_POINT ( 'NONE',  ( 5.575896887068306827E-16, 8.300000000000000711, 4.499999999999999112 ) ) ;
#636 = DIRECTION ( 'NONE',  ( 1.000000000000000000, -0.000000000000000000, -2.551063935260000137E-16 ) ) ;
#637 = TOROIDAL_SURFACE ( 'NONE', #1299, 1.899999999999999467, 0.2000000000000000111 ) ;
#638 = TOROIDAL_SURFACE ( 'NONE', #2021, 1.899999999999999689, 0.2000000000000000111 ) ;
#639 = CARTESIAN_POINT ( 'NONE',  ( 15.49999999999999289, 0.2000000000000005107, -0.9999999999999945599 ) ) ;
#640 = DIRECTION ( 'NONE',  ( -0.000000000000000000, 1.000000000000000000, -0.000000000000000000 ) ) ;
#641 = EDGE_LOOP ( 'NONE', ( #1147, #1372, #1625, #507 ) ) ;
#642 = DIRECTION ( 'NONE',  ( 0.000000000000000000, 0.000000000000000000, 1.000000000000000000 ) ) ;
#643 = EDGE_LOOP ( 'NONE', ( #362, #3082, #48, #59 ) ) ;
#644 = ORIENTED_EDGE ( 'NONE', *, *, #1031, .T. ) ;
#645 = CARTESIAN_POINT ( 'NONE',  ( 5.768643939954623219E-16, 8.199999999999993960, 4.499999999999999112 ) ) ;
#646 = DIRECTION ( 'NONE',  ( -1.000000000000000000, -6.424901762877064728E-17, 1.239088197126290817E-16 ) ) ;
#647 = ORIENTED_EDGE ( 'NONE', *, *, #1205, .F. ) ;
#648 = DIRECTION ( 'NONE',  ( -1.000000000000000000, 0.000000000000000000, 1.239088197126290817E-16 ) ) ;
#649 = LINE ( 'NONE', #1213, #1959 ) ;
#650 = ADVANCED_FACE ( 'NONE', ( #668 ), #637, .T. ) ;
#651 = DIRECTION ( 'NONE',  ( 1.445602896647339410E-16, -0.000000000000000000, 1.000000000000000000 ) ) ;
#652 = EDGE_CURVE ( 'NONE', #3412, #1479, #2755, .T. ) ;
#653 = CARTESIAN_POINT ( 'NONE',  ( -2.500000000000000000, 1.999999999999999556, 15.50000000000000178 ) ) ;
#654 = EDGE_CURVE ( 'NONE', #2113, #585, #871, .T. ) ;
#655 = EDGE_CURVE ( 'NONE', #2176, #257, #1743, .T. ) ;
#656 = VERTEX_POINT ( 'NONE', #2251 ) ;
#657 = VECTOR ( 'NONE', #3180, 1000.000000000000000 ) ;
#658 = DIRECTION ( 'NONE',  ( -0.000000000000000000, -1.000000000000000000, 0.000000000000000000 ) ) ;
#659 = ORIENTED_EDGE ( 'NONE', *, *, #1051, .F. ) ;
#660 = CARTESIAN_POINT ( 'NONE',  ( 15.49999999999999289, 8.300000000000000711, -2.699999999999993960 ) ) ;
#661 = ORIENTED_EDGE ( 'NONE', *, *, #1757, .T. ) ;
#662 = DIRECTION ( 'NONE',  ( -0.000000000000000000, -1.000000000000000000, 0.000000000000000000 ) ) ;
#663 = VECTOR ( 'NONE', #3193, 1000.000000000000000 ) ;
#664 = LINE ( 'NONE', #2518, #2398 ) ;
#665 = CIRCLE ( 'NONE', #1055, 0.2000000000000000944 ) ;
#666 = ORIENTED_EDGE ( 'NONE', *, *, #1328, .F. ) ;
#667 = CARTESIAN_POINT ( 'NONE',  ( -15.50000000000000000, 8.300000000000000711, 0.7000000000000048406 ) ) ;
#668 = FACE_OUTER_BOUND ( 'NONE', #291, .T. ) ;
#669 = VECTOR ( 'NONE', #1986, 1000.000000000000000 ) ;
#670 = CARTESIAN_POINT ( 'NONE',  ( -20.80000000000000426, 8.500000000000000000, -4.499999999999998224 ) ) ;
#671 = AXIS2_PLACEMENT_3D ( 'NONE', #53, #885, #2714 ) ;
#672 = CIRCLE ( 'NONE', #1829, 1.699999999999999734 ) ;
#673 = LINE ( 'NONE', #3271, #2733 ) ;
#674 = ADVANCED_FACE ( 'NONE', ( #3301 ), #931, .F. ) ;
#675 = AXIS2_PLACEMENT_3D ( 'NONE', #2369, #2874, #3161 ) ;
#676 = CIRCLE ( 'NONE', #1126, 0.2000000000000000944 ) ;
#677 = ORIENTED_EDGE ( 'NONE', *, *, #789, .T. ) ;
#678 = CYLINDRICAL_SURFACE ( 'NONE', #2003, 0.1999999999999996503 ) ;
#679 = ORIENTED_EDGE ( 'NONE', *, *, #1352, .T. ) ;
#680 = FACE_OUTER_BOUND ( 'NONE', #1973, .T. ) ;
#681 = EDGE_CURVE ( 'NONE', #1281, #1813, #482, .T. ) ;
#682 = CARTESIAN_POINT ( 'NONE',  ( -21.00000000000000355, 0.000000000000000000, 4.300000000000001599 ) ) ;
#683 = VERTEX_POINT ( 'NONE', #754 ) ;
#684 = FACE_OUTER_BOUND ( 'NONE', #2615, .T. ) ;
#685 = CARTESIAN_POINT ( 'NONE',  ( -15.50000000000000000, 8.500000000000000000, 0.7000000000000048406 ) ) ;
#686 = AXIS2_PLACEMENT_3D ( 'NONE', #1491, #938, #2805 ) ;
#687 = ORIENTED_EDGE ( 'NONE', *, *, #1184, .F. ) ;
#688 = DIRECTION ( 'NONE',  ( -6.424901762877065960E-17, 1.000000000000000000, 7.961019942076871768E-33 ) ) ;
#689 = EDGE_LOOP ( 'NONE', ( #249, #3252, #708, #2344 ) ) ;
#690 = AXIS2_PLACEMENT_3D ( 'NONE', #1294, #427, #2092 ) ;
#691 = LINE ( 'NONE', #1231, #2908 ) ;
#692 = FACE_OUTER_BOUND ( 'NONE', #2885, .T. ) ;
#693 = VECTOR ( 'NONE', #1498, 1000.000000000000000 ) ;
#694 = ADVANCED_FACE ( 'NONE', ( #3333 ), #638, .T. ) ;
#695 = EDGE_LOOP ( 'NONE', ( #925, #2405, #2640, #1486 ) ) ;
#696 = ADVANCED_FACE ( 'NONE', ( #2842 ), #231, .F. ) ;
#697 = ORIENTED_EDGE ( 'NONE', *, *, #221, .T. ) ;
#698 = ORIENTED_EDGE ( 'NONE', *, *, #3232, .T. ) ;
#699 = CARTESIAN_POINT ( 'NONE',  ( -13.70000000000000107, 2.573143907056673828E-17, 4.699999999999999289 ) ) ;
#700 = FACE_OUTER_BOUND ( 'NONE', #2680, .T. ) ;
#701 = ORIENTED_EDGE ( 'NONE', *, *, #1135, .F. ) ;
#702 = LINE ( 'NONE', #1256, #2500 ) ;
#703 = DIRECTION ( 'NONE',  ( -1.000000000000000000, -2.602085213965211135E-16, 0.000000000000000000 ) ) ;
#704 = VERTEX_POINT ( 'NONE', #3109 ) ;
#705 = PLANE ( 'NONE',  #224 ) ;
#706 = CARTESIAN_POINT ( 'NONE',  ( -2.500000000000000000, 0.2000000000000000111, 25.50000000000000355 ) ) ;
#707 = CARTESIAN_POINT ( 'NONE',  ( -4.999999999999996447, 7.799999999999989164, 9.499999999999998224 ) ) ;
#708 = ORIENTED_EDGE ( 'NONE', *, *, #681, .T. ) ;
#709 = VERTEX_POINT ( 'NONE', #3312 ) ;
#710 = ORIENTED_EDGE ( 'NONE', *, *, #2489, .T. ) ;
#711 = ADVANCED_FACE ( 'NONE', ( #2315 ), #1803, .F. ) ;
#712 = LINE ( 'NONE', #1752, #720 ) ;
#713 = EDGE_CURVE ( 'NONE', #794, #1321, #2636, .T. ) ;
#714 = VECTOR ( 'NONE', #3199, 1000.000000000000000 ) ;
#715 = DIRECTION ( 'NONE',  ( 0.000000000000000000, 1.000000000000000000, -0.000000000000000000 ) ) ;
#716 = VERTEX_POINT ( 'NONE', #1512 ) ;
#717 = CARTESIAN_POINT ( 'NONE',  ( 13.29999999999999716, 7.799999999999995381, 4.499999999999997335 ) ) ;
#718 = AXIS2_PLACEMENT_3D ( 'NONE', #3155, #1540, #1836 ) ;
#719 = CARTESIAN_POINT ( 'NONE',  ( -17.19999999999999929, 8.300000000000000711, -0.9999999999999945599 ) ) ;
#720 = VECTOR ( 'NONE', #1209, 1000.000000000000000 ) ;
#721 = VERTEX_POINT ( 'NONE', #3058 ) ;
#722 = CARTESIAN_POINT ( 'NONE',  ( -7.500000000000000000, 4.812110836234412048, 15.50000000000000178 ) ) ;
#723 = DIRECTION ( 'NONE',  ( 0.000000000000000000, 0.000000000000000000, 1.000000000000000000 ) ) ;
#724 = CARTESIAN_POINT ( 'NONE',  ( -13.50000000000000000, 0.000000000000000000, 25.30000000000000426 ) ) ;
#725 = AXIS2_PLACEMENT_3D ( 'NONE', #2112, #1072, #797 ) ;
#726 = ORIENTED_EDGE ( 'NONE', *, *, #1071, .F. ) ;
#727 = ADVANCED_FACE ( 'NONE', ( #2284 ), #1290, .T. ) ;
#728 = CIRCLE ( 'NONE', #2395, 0.2000000000000000944 ) ;
#729 = AXIS2_PLACEMENT_3D ( 'NONE', #1998, #1978, #3035 ) ;
#730 = ORIENTED_EDGE ( 'NONE', *, *, #2936, .T. ) ;
#731 = FACE_OUTER_BOUND ( 'NONE', #1657, .T. ) ;
#732 =( GEOMETRIC_REPRESENTATION_CONTEXT ( 3 ) GLOBAL_UNCERTAINTY_ASSIGNED_CONTEXT ( ( #1575 ) ) GLOBAL_UNIT_ASSIGNED_CONTEXT ( ( #1457, #922, #1911 ) ) REPRESENTATION_CONTEXT ( 'NONE', 'WORKASPACE' ) );
#733 = CARTESIAN_POINT ( 'NONE',  ( -20.80000000000000426, 0.000000000000000000, -4.499999999999997335 ) ) ;
#734 = ADVANCED_FACE ( 'NONE', ( #1273 ), #3070, .F. ) ;
#735 = DIRECTION ( 'NONE',  ( -0.000000000000000000, 0.000000000000000000, 1.000000000000000000 ) ) ;
#736 = EDGE_CURVE ( 'NONE', #2326, #1619, #1414, .T. ) ;
#737 = EDGE_CURVE ( 'NONE', #2434, #886, #2483, .T. ) ;
#738 = VERTEX_POINT ( 'NONE', #1791 ) ;
#739 = FACE_OUTER_BOUND ( 'NONE', #749, .T. ) ;
#740 = DIRECTION ( 'NONE',  ( 2.602085213965212121E-16, -1.000000000000000000, 0.000000000000000000 ) ) ;
#741 = EDGE_LOOP ( 'NONE', ( #1960, #1704, #2552, #3184 ) ) ;
#742 = DIRECTION ( 'NONE',  ( 1.239088197126290817E-16, -0.000000000000000000, 1.000000000000000000 ) ) ;
#743 = DIRECTION ( 'NONE',  ( -0.000000000000000000, 0.000000000000000000, 1.000000000000000000 ) ) ;
#744 = DIRECTION ( 'NONE',  ( 0.000000000000000000, 0.000000000000000000, 1.000000000000000000 ) ) ;
#745 = AXIS2_PLACEMENT_3D ( 'NONE', #1848, #531, #587 ) ;
#746 = CIRCLE ( 'NONE', #409, 1.699999999999999734 ) ;
#747 = VERTEX_POINT ( 'NONE', #423 ) ;
#748 = VECTOR ( 'NONE', #2122, 1000.000000000000000 ) ;
#749 = EDGE_LOOP ( 'NONE', ( #1046, #1926, #2183, #525 ) ) ;
#750 = VECTOR ( 'NONE', #203, 1000.000000000000000 ) ;
#751 = CARTESIAN_POINT ( 'NONE',  ( 17.19999999999999929, 8.500000000000000000, -2.699999999999993960 ) ) ;
#752 = ORIENTED_EDGE ( 'NONE', *, *, #2964, .T. ) ;
#753 = DIRECTION ( 'NONE',  ( 0.000000000000000000, 0.000000000000000000, 1.000000000000000000 ) ) ;
#754 = CARTESIAN_POINT ( 'NONE',  ( 2.500000000000000000, 0.2000000000000000944, 15.70000000000000284 ) ) ;
#755 = ADVANCED_FACE ( 'NONE', ( #2857 ), #2905, .T. ) ;
#756 = ORIENTED_EDGE ( 'NONE', *, *, #1102, .F. ) ;
#757 = LINE ( 'NONE', #265, #2178 ) ;
#758 = FACE_OUTER_BOUND ( 'NONE', #1237, .T. ) ;
#759 = CARTESIAN_POINT ( 'NONE',  ( 7.500000000000000000, 2.200000000000001066, 15.50000000000000178 ) ) ;
#760 = EDGE_CURVE ( 'NONE', #709, #1666, #1542, .T. ) ;
#761 = FACE_OUTER_BOUND ( 'NONE', #2242, .T. ) ;
#762 = EDGE_CURVE ( 'NONE', #2376, #817, #2374, .T. ) ;
#763 = CARTESIAN_POINT ( 'NONE',  ( -2.299999999999999822, 0.2000000000000000111, 15.70000000000000284 ) ) ;
#765 = ORIENTED_EDGE ( 'NONE', *, *, #3256, .T. ) ;
#764 = ADVANCED_FACE ( 'NONE', ( #3348 ), #978, .F. ) ;
#766 = EDGE_CURVE ( 'NONE', #306, #439, #162, .T. ) ;
#767 = ORIENTED_EDGE ( 'NONE', *, *, #1521, .F. ) ;
#768 = DIRECTION ( 'NONE',  ( -0.000000000000000000, -1.000000000000000000, -0.000000000000000000 ) ) ;
#769 = ORIENTED_EDGE ( 'NONE', *, *, #2041, .T. ) ;
#770 = FACE_OUTER_BOUND ( 'NONE', #2450, .T. ) ;
#771 = CARTESIAN_POINT ( 'NONE',  ( 4.800000000000002487, 7.799999999999989164, 4.499999999999998224 ) ) ;
#772 = ORIENTED_EDGE ( 'NONE', *, *, #1397, .T. ) ;
#773 = VECTOR ( 'NONE', #1825, 1000.000000000000000 ) ;
#774 = LINE ( 'NONE', #1822, #281 ) ;
#775 = ORIENTED_EDGE ( 'NONE', *, *, #38, .T. ) ;
#776 = PLANE ( 'NONE',  #3239 ) ;
#777 = CARTESIAN_POINT ( 'NONE',  ( 20.80000000000000071, 8.500000000000000000, -4.300000000000003375 ) ) ;
#778 = CARTESIAN_POINT ( 'NONE',  ( -7.699999999999999289, 1.799999999999999156, 25.50000000000000355 ) ) ;
#779 = AXIS2_PLACEMENT_3D ( 'NONE', #944, #1790, #2333 ) ;
#780 = CARTESIAN_POINT ( 'NONE',  ( 5.768643939954623219E-16, 8.199999999999995737, 4.499999999999999112 ) ) ;
#781 = EDGE_LOOP ( 'NONE', ( #1513, #659, #2097, #1458 ) ) ;
#782 = EDGE_CURVE ( 'NONE', #509, #3289, #2740, .T. ) ;
#783 = TOROIDAL_SURFACE ( 'NONE', #2457, 0.4000000000000000222, 0.2000000000000000111 ) ;
#784 = ORIENTED_EDGE ( 'NONE', *, *, #655, .T. ) ;
#785 = AXIS2_PLACEMENT_3D ( 'NONE', #1449, #386, #3043 ) ;
#786 = AXIS2_PLACEMENT_3D ( 'NONE', #2017, #3073, #1509 ) ;
#787 = DIRECTION ( 'NONE',  ( 1.000000000000000000, 0.000000000000000000, 0.000000000000000000 ) ) ;
#788 = AXIS2_PLACEMENT_3D ( 'NONE', #1189, #1203, #1683 ) ;
#789 = EDGE_CURVE ( 'NONE', #3000, #1416, #3179, .T. ) ;
#790 = ORIENTED_EDGE ( 'NONE', *, *, #2582, .F. ) ;
#791 = LINE ( 'NONE', #3394, #3263 ) ;
#792 = CARTESIAN_POINT ( 'NONE',  ( 20.99999999999999645, 0.2000000000000000111, 4.499999999999996447 ) ) ;
#793 = CARTESIAN_POINT ( 'NONE',  ( -4.999999999999994671, -13.00000000000000711, 4.499999999999999112 ) ) ;
#794 = VERTEX_POINT ( 'NONE', #1637 ) ;
#795 = CARTESIAN_POINT ( 'NONE',  ( 20.99999999999999645, 8.300000000000000711, 4.299999999999996270 ) ) ;
#796 = LINE ( 'NONE', #856, #2129 ) ;
#797 = DIRECTION ( 'NONE',  ( 0.000000000000000000, 0.000000000000000000, -1.000000000000000000 ) ) ;
#798 = ORIENTED_EDGE ( 'NONE', *, *, #1885, .T. ) ;
#799 = FACE_OUTER_BOUND ( 'NONE', #2118, .T. ) ;
#800 = CIRCLE ( 'NONE', #1243, 0.2000000000000005107 ) ;
#801 = EDGE_CURVE ( 'NONE', #2027, #2919, #2365, .T. ) ;
#802 = ORIENTED_EDGE ( 'NONE', *, *, #2664, .T. ) ;
#803 = EDGE_CURVE ( 'NONE', #1241, #624, #1687, .T. ) ;
#804 = VECTOR ( 'NONE', #3218, 1000.000000000000000 ) ;
#805 = AXIS2_PLACEMENT_3D ( 'NONE', #2266, #1178, #2202 ) ;
#806 = DIRECTION ( 'NONE',  ( 1.000000000000000000, 0.000000000000000000, -8.673617379884087537E-15 ) ) ;
#807 = ORIENTED_EDGE ( 'NONE', *, *, #2865, .T. ) ;
#808 = CARTESIAN_POINT ( 'NONE',  ( -2.295957541734002835E-16, 0.000000000000000000, 0.9000000000000009104 ) ) ;
#809 = FACE_OUTER_BOUND ( 'NONE', #641, .T. ) ;
#810 = DIRECTION ( 'NONE',  ( 6.424901762877064728E-17, -1.000000000000000000, 0.000000000000000000 ) ) ;
#811 = VERTEX_POINT ( 'NONE', #43 ) ;
#812 = DIRECTION ( 'NONE',  ( -1.239088197126293282E-16, 0.000000000000000000, -1.000000000000000000 ) ) ;
#813 = ORIENTED_EDGE ( 'NONE', *, *, #2015, .T. ) ;
#814 = DIRECTION ( 'NONE',  ( 0.000000000000000000, 0.000000000000000000, -1.000000000000000000 ) ) ;
#815 = CYLINDRICAL_SURFACE ( 'NONE', #2073, 0.2000000000000005107 ) ;
#816 = CARTESIAN_POINT ( 'NONE',  ( -20.80000000000000426, 8.500000000000000000, -4.299999999999997158 ) ) ;
#817 = VERTEX_POINT ( 'NONE', #846 ) ;
#818 = CARTESIAN_POINT ( 'NONE',  ( -7.500000000000000000, 5.012110836234411337, 15.50000000000000178 ) ) ;
#819 = LINE ( 'NONE', #532, #2329 ) ;
#820 = EDGE_LOOP ( 'NONE', ( #2784, #2869, #50, #1227 ) ) ;
#821 = ADVANCED_FACE ( 'NONE', ( #809 ), #2647, .F. ) ;
#822 = CYLINDRICAL_SURFACE ( 'NONE', #497, 0.1999999999999999833 ) ;
#823 = EDGE_CURVE ( 'NONE', #3368, #2721, #2134, .T. ) ;
#824 = ORIENTED_EDGE ( 'NONE', *, *, #2670, .F. ) ;
#825 = ADVANCED_FACE ( 'NONE', ( #2102 ), #1106, .F. ) ;
#826 = CARTESIAN_POINT ( 'NONE',  ( 2.417157287525380838, 2.082842712474618274, 15.50000000000000178 ) ) ;
#827 = CARTESIAN_POINT ( 'NONE',  ( -13.50000000000000000, 7.799999999999993605, 25.50000000000000355 ) ) ;
#828 = DIRECTION ( 'NONE',  ( -1.000000000000000000, 0.000000000000000000, 1.445602896647339410E-16 ) ) ;
#829 = EDGE_LOOP ( 'NONE', ( #3266, #661, #997 ) ) ;
#830 = DIRECTION ( 'NONE',  ( 1.000000000000000000, 0.000000000000000000, 0.000000000000000000 ) ) ;
#831 = ORIENTED_EDGE ( 'NONE', *, *, #223, .T. ) ;
#832 = CARTESIAN_POINT ( 'NONE',  ( -1.500000000000000222, -2.000000000000005329, 21.14777711195929299 ) ) ;
#833 = DIRECTION ( 'NONE',  ( -1.000000000000000000, 0.000000000000000000, -4.336808689942043768E-15 ) ) ;
#834 = DIRECTION ( 'NONE',  ( -1.000000000000000000, 0.000000000000000000, 0.000000000000000000 ) ) ;
#835 = ORIENTED_EDGE ( 'NONE', *, *, #850, .F. ) ;
#836 = DIRECTION ( 'NONE',  ( 1.239088197126293282E-16, 0.000000000000000000, 1.000000000000000000 ) ) ;
#837 = CARTESIAN_POINT ( 'NONE',  ( -15.50000000000000000, 8.500000000000000000, -2.699999999999993960 ) ) ;
#838 = AXIS2_PLACEMENT_3D ( 'NONE', #2824, #2856, #3378 ) ;
#839 = AXIS2_PLACEMENT_3D ( 'NONE', #2462, #1663, #2151 ) ;
#840 = ORIENTED_EDGE ( 'NONE', *, *, #395, .T. ) ;
#841 = CIRCLE ( 'NONE', #2506, 0.1999999999999996503 ) ;
#842 = AXIS2_PLACEMENT_3D ( 'NONE', #639, #2215, #2731 ) ;
#843 = ORIENTED_EDGE ( 'NONE', *, *, #985, .T. ) ;
#844 = AXIS2_PLACEMENT_3D ( 'NONE', #3087, #735, #210 ) ;
#845 = CARTESIAN_POINT ( 'NONE',  ( -2.700000000000000178, 0.2000000000000000111, 25.30000000000000426 ) ) ;
#846 = CARTESIAN_POINT ( 'NONE',  ( -7.500000000000000000, 5.012110836234411337, 25.30000000000000426 ) ) ;
#847 = EDGE_CURVE ( 'NONE', #2376, #509, #2663, .T. ) ;
#848 = CIRCLE ( 'NONE', #3224, 0.1999999999999996503 ) ;
#849 = EDGE_CURVE ( 'NONE', #3028, #2657, #1064, .T. ) ;
#850 = EDGE_CURVE ( 'NONE', #2185, #3289, #2934, .T. ) ;
#851 = FACE_OUTER_BOUND ( 'NONE', #689, .T. ) ;
#852 = ORIENTED_EDGE ( 'NONE', *, *, #3063, .T. ) ;
#853 = CARTESIAN_POINT ( 'NONE',  ( 15.49999999999999289, 8.300000000000000711, -0.9999999999999945599 ) ) ;
#854 = ORIENTED_EDGE ( 'NONE', *, *, #3219, .F. ) ;
#855 = DIRECTION ( 'NONE',  ( -1.000000000000000000, 0.000000000000000000, 0.000000000000000000 ) ) ;
#856 = CARTESIAN_POINT ( 'NONE',  ( -17.20000000000000639, 0.2000000000000000111, 0.7000000000000052847 ) ) ;
#857 = FACE_OUTER_BOUND ( 'NONE', #1236, .T. ) ;
#858 = ORIENTED_EDGE ( 'NONE', *, *, #3214, .F. ) ;
#859 = CYLINDRICAL_SURFACE ( 'NONE', #3386, 0.1999999999999999833 ) ;
#860 = CARTESIAN_POINT ( 'NONE',  ( -5.199999999999996625, 7.799999999999989164, 4.499999999999999112 ) ) ;
#861 = EDGE_LOOP ( 'NONE', ( #2347, #2292, #3023, #2818 ) ) ;
#862 = AXIS2_PLACEMENT_3D ( 'NONE', #3116, #486, #1036 ) ;
#863 = ORIENTED_EDGE ( 'NONE', *, *, #433, .T. ) ;
#864 = FACE_OUTER_BOUND ( 'NONE', #1025, .T. ) ;
#865 = FACE_OUTER_BOUND ( 'NONE', #829, .T. ) ;
#866 = AXIS2_PLACEMENT_3D ( 'NONE', #619, #1949, #3254 ) ;
#867 = CARTESIAN_POINT ( 'NONE',  ( 4.800000000000002487, 8.500000000000000000, 4.699999999999997513 ) ) ;
#868 = DIRECTION ( 'NONE',  ( 0.000000000000000000, 1.000000000000000000, -0.000000000000000000 ) ) ;
#869 = ORIENTED_EDGE ( 'NONE', *, *, #1952, .F. ) ;
#870 = DIRECTION ( 'NONE',  ( 0.000000000000000000, 1.000000000000000000, 0.000000000000000000 ) ) ;
#871 = LINE ( 'NONE', #898, #303 ) ;
#872 = DIRECTION ( 'NONE',  ( 0.000000000000000000, 1.000000000000000000, 4.336808689942006692E-15 ) ) ;
#873 = ORIENTED_EDGE ( 'NONE', *, *, #372, .T. ) ;
#874 = CARTESIAN_POINT ( 'NONE',  ( 5.328079247643048812E-16, 8.300000000000000711, 4.299999999999998934 ) ) ;
#875 = DIRECTION ( 'NONE',  ( 1.000000000000000000, 0.000000000000000000, -0.000000000000000000 ) ) ;
#876 = EDGE_CURVE ( 'NONE', #1281, #2018, #3288, .T. ) ;
#877 = VERTEX_POINT ( 'NONE', #555 ) ;
#878 = CARTESIAN_POINT ( 'NONE',  ( -13.70000000000000107, 0.2000000000000000111, 4.699999999999999289 ) ) ;
#879 = VERTEX_POINT ( 'NONE', #280 ) ;
#880 = DIRECTION ( 'NONE',  ( 1.000000000000000000, 0.000000000000000000, 0.000000000000000000 ) ) ;
#881 = CARTESIAN_POINT ( 'NONE',  ( 15.49999999999999289, 8.500000000000000000, 0.7000000000000048406 ) ) ;
#882 = EDGE_LOOP ( 'NONE', ( #2069, #561, #913, #1675 ) ) ;
#883 = CARTESIAN_POINT ( 'NONE',  ( 5.000000000000001776, 7.799999999999982059, 9.499999999999998224 ) ) ;
#884 = CARTESIAN_POINT ( 'NONE',  ( -2.299999999999999822, 2.199999999999999734, 15.50000000000000178 ) ) ;
#885 = DIRECTION ( 'NONE',  ( 0.000000000000000000, 1.000000000000000000, 0.000000000000000000 ) ) ;
#886 = VERTEX_POINT ( 'NONE', #771 ) ;
#887 = CARTESIAN_POINT ( 'NONE',  ( 5.200000000000001066, 7.799999999999989164, 4.699999999999997513 ) ) ;
#888 = EDGE_CURVE ( 'NONE', #3412, #2873, #3174, .T. ) ;
#889 = ORIENTED_EDGE ( 'NONE', *, *, #3354, .T. ) ;
#890 = VECTOR ( 'NONE', #2544, 1000.000000000000000 ) ;
#891 = LINE ( 'NONE', #1423, #2843 ) ;
#892 = ORIENTED_EDGE ( 'NONE', *, *, #565, .F. ) ;
#893 = CARTESIAN_POINT ( 'NONE',  ( -21.00000000000000355, 8.300000000000000711, 0.000000000000000000 ) ) ;
#894 = VECTOR ( 'NONE', #529, 1000.000000000000000 ) ;
#895 = DIRECTION ( 'NONE',  ( -0.000000000000000000, 0.000000000000000000, 1.000000000000000000 ) ) ;
#896 = ORIENTED_EDGE ( 'NONE', *, *, #38, .F. ) ;
#897 = LINE ( 'NONE', #635, #1116 ) ;
#898 = CARTESIAN_POINT ( 'NONE',  ( -15.50000000000000000, 0.000000000000000000, 0.9000000000000049072 ) ) ;
#899 = TOROIDAL_SURFACE ( 'NONE', #675, 0.4000000000000000222, 0.2000000000000000111 ) ;
#900 = CIRCLE ( 'NONE', #2281, 0.2000000000000000944 ) ;
#901 = DIRECTION ( 'NONE',  ( -1.000000000000000000, -0.000000000000000000, 0.000000000000000000 ) ) ;
#902 = FACE_OUTER_BOUND ( 'NONE', #2137, .T. ) ;
#903 = ORIENTED_EDGE ( 'NONE', *, *, #823, .T. ) ;
#904 = EDGE_CURVE ( 'NONE', #2221, #879, #3156, .T. ) ;
#905 = CARTESIAN_POINT ( 'NONE',  ( -13.29999999999999893, 0.000000000000000000, 25.30000000000000426 ) ) ;
#906 = ORIENTED_EDGE ( 'NONE', *, *, #3022, .F. ) ;
#907 = ORIENTED_EDGE ( 'NONE', *, *, #1184, .T. ) ;
#908 = CIRCLE ( 'NONE', #2479, 0.1999999999999999833 ) ;
#909 = CARTESIAN_POINT ( 'NONE',  ( 7.500000000000000000, 2.000000000000000888, 15.70000000000000284 ) ) ;
#910 = AXIS2_PLACEMENT_3D ( 'NONE', #1808, #1278, #3352 ) ;
#911 = LINE ( 'NONE', #682, #3106 ) ;
#912 = ADVANCED_FACE ( 'NONE', ( #320 ), #2350, .T. ) ;
#913 = ORIENTED_EDGE ( 'NONE', *, *, #1185, .F. ) ;
#914 = EDGE_CURVE ( 'NONE', #2434, #2592, #3212, .T. ) ;
#915 = DIRECTION ( 'NONE',  ( 0.000000000000000000, -0.000000000000000000, 1.000000000000000000 ) ) ;
#916 = CARTESIAN_POINT ( 'NONE',  ( -2.500000000000000000, -6.484236614997022096E-16, 15.50000000000000178 ) ) ;
#917 = AXIS2_PLACEMENT_3D ( 'NONE', #2430, #1319, #506 ) ;
#918 = DIRECTION ( 'NONE',  ( 1.000000000000000000, 0.000000000000000000, 0.000000000000000000 ) ) ;
#919 = CARTESIAN_POINT ( 'NONE',  ( 2.700000000000000178, 0.2000000000000000111, 25.50000000000000355 ) ) ;
#920 = EDGE_LOOP ( 'NONE', ( #1251, #784, #424 ) ) ;
#921 = EDGE_CURVE ( 'NONE', #2737, #2844, #2086, .T. ) ;
#922 =( NAMED_UNIT ( * ) PLANE_ANGLE_UNIT ( ) SI_UNIT ( $, .RADIAN. ) );
#923 = ORIENTED_EDGE ( 'NONE', *, *, #1767, .T. ) ;
#924 = CARTESIAN_POINT ( 'NONE',  ( 20.99999999999999645, 8.500000000000000000, -4.300000000000003375 ) ) ;
#925 = ORIENTED_EDGE ( 'NONE', *, *, #3039, .T. ) ;
#926 = DIRECTION ( 'NONE',  ( 0.000000000000000000, -1.000000000000000000, -0.000000000000000000 ) ) ;
#927 = DIRECTION ( 'NONE',  ( 1.000000000000000000, 0.000000000000000000, 0.000000000000000000 ) ) ;
#928 = ADVANCED_FACE ( 'NONE', ( #335 ), #2723, .T. ) ;
#929 = ORIENTED_EDGE ( 'NONE', *, *, #1757, .F. ) ;
#930 = CARTESIAN_POINT ( 'NONE',  ( -5.199999999999995737, 0.000000000000000000, 0.000000000000000000 ) ) ;
#931 = PLANE ( 'NONE',  #242 ) ;
#932 = DIRECTION ( 'NONE',  ( 0.000000000000000000, 1.000000000000000000, 0.000000000000000000 ) ) ;
#933 = DIRECTION ( 'NONE',  ( 0.000000000000000000, -1.000000000000000000, 0.000000000000000000 ) ) ;
#934 = ORIENTED_EDGE ( 'NONE', *, *, #142, .F. ) ;
#935 = AXIS2_PLACEMENT_3D ( 'NONE', #1981, #3282, #1196 ) ;
#936 = ORIENTED_EDGE ( 'NONE', *, *, #1811, .T. ) ;
#937 = DIRECTION ( 'NONE',  ( 0.000000000000000000, 1.000000000000000000, -0.000000000000000000 ) ) ;
#938 = DIRECTION ( 'NONE',  ( -0.000000000000000000, -1.000000000000000000, -0.000000000000000000 ) ) ;
#939 = CARTESIAN_POINT ( 'NONE',  ( -2.700000000000000178, 0.000000000000000000, 0.000000000000000000 ) ) ;
#940 = CARTESIAN_POINT ( 'NONE',  ( 13.29999999999999893, 7.999999999999994671, 25.50000000000000355 ) ) ;
#941 = AXIS2_PLACEMENT_3D ( 'NONE', #853, #868, #2770 ) ;
#942 = AXIS2_PLACEMENT_3D ( 'NONE', #1702, #880, #593 ) ;
#943 = ORIENTED_EDGE ( 'NONE', *, *, #2246, .T. ) ;
#944 = CARTESIAN_POINT ( 'NONE',  ( -2.500000000000000000, 1.999999999999999556, 15.50000000000000178 ) ) ;
#945 = DIRECTION ( 'NONE',  ( -0.000000000000000000, 1.000000000000000000, -0.000000000000000000 ) ) ;
#946 = VECTOR ( 'NONE', #1680, 1000.000000000000000 ) ;
#947 = ADVANCED_FACE ( 'NONE', ( #865 ), #594, .T. ) ;
#948 = ORIENTED_EDGE ( 'NONE', *, *, #1709, .F. ) ;
#949 = DIRECTION ( 'NONE',  ( -0.000000000000000000, -0.000000000000000000, -1.000000000000000000 ) ) ;
#950 = VECTOR ( 'NONE', #1776, 1000.000000000000000 ) ;
#951 = CARTESIAN_POINT ( 'NONE',  ( -13.29999999999999893, 0.000000000000000000, -0.000000000000000000 ) ) ;
#952 = CIRCLE ( 'NONE', #729, 0.1999999999999987899 ) ;
#953 = CARTESIAN_POINT ( 'NONE',  ( -17.20000000000000639, 8.500000000000000000, -2.699999999999993960 ) ) ;
#954 = AXIS2_PLACEMENT_3D ( 'NONE', #1899, #26, #49 ) ;
#955 = EDGE_LOOP ( 'NONE', ( #2958, #152, #3408 ) ) ;
#956 = ORIENTED_EDGE ( 'NONE', *, *, #766, .T. ) ;
#957 = ORIENTED_EDGE ( 'NONE', *, *, #84, .T. ) ;
#958 = CARTESIAN_POINT ( 'NONE',  ( -2.700000000000000178, 0.000000000000000000, 15.70000000000000284 ) ) ;
#959 = CARTESIAN_POINT ( 'NONE',  ( -5.139921410301647838E-16, 7.999999999999992895, 21.14777711195929299 ) ) ;
#960 = ORIENTED_EDGE ( 'NONE', *, *, #801, .F. ) ;
#961 = DIRECTION ( 'NONE',  ( 0.000000000000000000, 0.000000000000000000, 1.000000000000000000 ) ) ;
#962 = AXIS2_PLACEMENT_3D ( 'NONE', #3356, #1265, #193 ) ;
#963 = ORIENTED_EDGE ( 'NONE', *, *, #221, .F. ) ;
#964 = DIRECTION ( 'NONE',  ( 0.000000000000000000, 0.000000000000000000, 1.000000000000000000 ) ) ;
#965 = VECTOR ( 'NONE', #1092, 1000.000000000000000 ) ;
#966 = DIRECTION ( 'NONE',  ( -0.000000000000000000, -1.000000000000000000, 0.000000000000000000 ) ) ;
#967 = CARTESIAN_POINT ( 'NONE',  ( -17.19999999999999929, 8.300000000000000711, -0.9999999999999945599 ) ) ;
#968 = AXIS2_PLACEMENT_3D ( 'NONE', #1257, #945, #2825 ) ;
#969 = ADVANCED_FACE ( 'NONE', ( #1125 ), #3397, .T. ) ;
#970 = ORIENTED_EDGE ( 'NONE', *, *, #2440, .T. ) ;
#971 = SHAPE_DEFINITION_REPRESENTATION ( #600, #1080 ) ;
#972 = VERTEX_POINT ( 'NONE', #2974 ) ;
#973 = FACE_BOUND ( 'NONE', #468, .T. ) ;
#974 = CARTESIAN_POINT ( 'NONE',  ( 13.29999999999999716, 7.799999999999995381, 4.699999999999999289 ) ) ;
#975 = CARTESIAN_POINT ( 'NONE',  ( -4.799999999999996270, 0.2000000000000000111, 4.500000000000000000 ) ) ;
#976 = ORIENTED_EDGE ( 'NONE', *, *, #207, .F. ) ;
#977 = DIRECTION ( 'NONE',  ( 0.000000000000000000, 1.000000000000000000, -0.000000000000000000 ) ) ;
#978 = CYLINDRICAL_SURFACE ( 'NONE', #2578, 1.500000000000000444 ) ;
#979 = EDGE_CURVE ( 'NONE', #356, #794, #691, .T. ) ;
#980 = CARTESIAN_POINT ( 'NONE',  ( -13.50000000000000178, 8.199999999999993960, 4.699999999999999289 ) ) ;
#981 = FACE_OUTER_BOUND ( 'NONE', #54, .T. ) ;
#982 = CARTESIAN_POINT ( 'NONE',  ( -20.80000000000000426, 8.300000000000000711, 4.300000000000001599 ) ) ;
#983 = CARTESIAN_POINT ( 'NONE',  ( 20.99999999999999645, 8.300000000000000711, -4.300000000000003375 ) ) ;
#984 = EDGE_LOOP ( 'NONE', ( #1474, #2152, #1068, #1195 ) ) ;
#985 = EDGE_CURVE ( 'NONE', #2687, #1132, #1532, .T. ) ;
#986 = ADVANCED_FACE ( 'NONE', ( #3093, #441 ), #2861, .F. ) ;
#987 = ORIENTED_EDGE ( 'NONE', *, *, #181, .T. ) ;
#988 = DIRECTION ( 'NONE',  ( 1.000000000000000000, 2.602085213965211135E-16, -0.000000000000000000 ) ) ;
#989 = DIRECTION ( 'NONE',  ( 1.000000000000000000, 0.000000000000000000, -0.000000000000000000 ) ) ;
#990 = DIRECTION ( 'NONE',  ( 0.000000000000000000, 0.000000000000000000, -1.000000000000000000 ) ) ;
#991 = EDGE_LOOP ( 'NONE', ( #592, #1912, #17, #2056 ) ) ;
#992 = DIRECTION ( 'NONE',  ( 1.000000000000000000, 0.000000000000000000, 0.000000000000000000 ) ) ;
#993 = AXIS2_PLACEMENT_3D ( 'NONE', #469, #2051, #2565 ) ;
#994 = DIRECTION ( 'NONE',  ( -0.000000000000000000, -1.000000000000000000, -0.000000000000000000 ) ) ;
#995 = CIRCLE ( 'NONE', #218, 0.1999999999999999833 ) ;
#996 = CARTESIAN_POINT ( 'NONE',  ( -2.700000000000000178, -6.484236614997022096E-16, 25.30000000000000426 ) ) ;
#997 = ORIENTED_EDGE ( 'NONE', *, *, #3354, .F. ) ;
#998 = DIRECTION ( 'NONE',  ( 1.000000000000000000, 0.000000000000000000, 0.000000000000000000 ) ) ;
#999 = DIRECTION ( 'NONE',  ( 0.000000000000000000, 0.000000000000000000, 1.000000000000000000 ) ) ;
#1000 = AXIS2_PLACEMENT_3D ( 'NONE', #2375, #2079, #12 ) ;
#1001 = CIRCLE ( 'NONE', #785, 1.699999999999999512 ) ;
#1002 = VERTEX_POINT ( 'NONE', #3317 ) ;
#1003 = VECTOR ( 'NONE', #1717, 1000.000000000000000 ) ;
#1004 = AXIS2_PLACEMENT_3D ( 'NONE', #157, #715, #1224 ) ;
#1005 = APPLICATION_PROTOCOL_DEFINITION ( 'draft international standard', 'automotive_design', 1998, #3349 ) ;
#1006 = ORIENTED_EDGE ( 'NONE', *, *, #2287, .F. ) ;
#1007 = DIRECTION ( 'NONE',  ( 1.000000000000000000, 0.000000000000000000, 0.000000000000000000 ) ) ;
#1008 = ADVANCED_FACE ( 'NONE', ( #1516 ), #185, .F. ) ;
#1009 = LINE ( 'NONE', #751, #3274 ) ;
#1010 = ORIENTED_EDGE ( 'NONE', *, *, #1167, .F. ) ;
#1011 = EDGE_CURVE ( 'NONE', #323, #1342, #1633, .T. ) ;
#1012 = CARTESIAN_POINT ( 'NONE',  ( 15.49999999999999289, 8.300000000000000711, -2.899999999999994138 ) ) ;
#1013 = DIRECTION ( 'NONE',  ( -6.424901762877064728E-17, 1.000000000000000000, -0.000000000000000000 ) ) ;
#1014 = EDGE_CURVE ( 'NONE', #1431, #245, #136, .T. ) ;
#1015 = EDGE_CURVE ( 'NONE', #2809, #1894, #1026, .T. ) ;
#1016 = CARTESIAN_POINT ( 'NONE',  ( -5.011423375044107850E-16, 7.799999999999996270, 21.14777711195929299 ) ) ;
#1017 = DIRECTION ( 'NONE',  ( -1.000000000000000000, 0.000000000000000000, 0.000000000000000000 ) ) ;
#1018 = DIRECTION ( 'NONE',  ( 1.000000000000000000, 0.000000000000000000, -0.000000000000000000 ) ) ;
#1019 = DIRECTION ( 'NONE',  ( 0.000000000000000000, 0.000000000000000000, 1.000000000000000000 ) ) ;
#1020 = EDGE_CURVE ( 'NONE', #2397, #306, #3290, .T. ) ;
#1021 = CIRCLE ( 'NONE', #2692, 0.1999999999999996503 ) ;
#1022 = CARTESIAN_POINT ( 'NONE',  ( -5.082842712474613833, 3.268866404956363135E-17, 9.582842712474617386 ) ) ;
#1023 = ORIENTED_EDGE ( 'NONE', *, *, #2067, .F. ) ;
#1024 = AXIS2_PLACEMENT_3D ( 'NONE', #89, #2538, #1149 ) ;
#1025 = EDGE_LOOP ( 'NONE', ( #835, #1900, #229, #943 ) ) ;
#1026 = CIRCLE ( 'NONE', #1638, 0.1999999999999987899 ) ;
#1027 = CARTESIAN_POINT ( 'NONE',  ( 2.295957541734002835E-16, 0.2000000000000000111, 0.9000000000000009104 ) ) ;
#1028 = EDGE_LOOP ( 'NONE', ( #3176, #1040, #2391, #1275 ) ) ;
#1029 = CARTESIAN_POINT ( 'NONE',  ( 7.500000000000000000, 2.000000000000000888, 25.30000000000000426 ) ) ;
#1030 = DIRECTION ( 'NONE',  ( 0.000000000000000000, 0.000000000000000000, 1.000000000000000000 ) ) ;
#1031 = EDGE_CURVE ( 'NONE', #2370, #3393, #3365, .T. ) ;
#1032 = EDGE_LOOP ( 'NONE', ( #1034, #368, #2040, #2124 ) ) ;
#1033 = CARTESIAN_POINT ( 'NONE',  ( 2.295957541734002835E-16, 8.500000000000000000, 0.9000000000000009104 ) ) ;
#1034 = ORIENTED_EDGE ( 'NONE', *, *, #148, .F. ) ;
#1035 = CYLINDRICAL_SURFACE ( 'NONE', #2160, 0.1999999999999996503 ) ;
#1036 = DIRECTION ( 'NONE',  ( 0.000000000000000000, 0.000000000000000000, 1.000000000000000000 ) ) ;
#1037 = DIRECTION ( 'NONE',  ( 0.000000000000000000, 0.000000000000000000, 1.000000000000000000 ) ) ;
#1038 = ORIENTED_EDGE ( 'NONE', *, *, #589, .T. ) ;
#1039 = EDGE_CURVE ( 'NONE', #2525, #656, #3131, .T. ) ;
#1040 = ORIENTED_EDGE ( 'NONE', *, *, #1649, .F. ) ;
#1041 = CARTESIAN_POINT ( 'NONE',  ( 13.29999999999999893, 0.2000000000000000111, 25.50000000000000355 ) ) ;
#1042 = VERTEX_POINT ( 'NONE', #3115 ) ;
#1043 = DIRECTION ( 'NONE',  ( -0.000000000000000000, -0.000000000000000000, 1.000000000000000000 ) ) ;
#1044 = CARTESIAN_POINT ( 'NONE',  ( -4.999999999999996447, 7.799999999999989164, 4.499999999999999112 ) ) ;
#1045 = LINE ( 'NONE', #4, #3320 ) ;
#1046 = ORIENTED_EDGE ( 'NONE', *, *, #2045, .F. ) ;
#1047 = DIRECTION ( 'NONE',  ( 1.000000000000000000, 0.000000000000000000, 0.000000000000000000 ) ) ;
#1048 = EDGE_LOOP ( 'NONE', ( #2572, #1358, #1496, #1098 ) ) ;
#1049 = CARTESIAN_POINT ( 'NONE',  ( 13.50000000000000000, 7.799999999999995381, 25.30000000000000426 ) ) ;
#1050 = DIRECTION ( 'NONE',  ( -6.424901762877064728E-17, 1.000000000000000000, -0.000000000000000000 ) ) ;
#1051 = EDGE_CURVE ( 'NONE', #3061, #624, #2025, .T. ) ;
#1052 = VECTOR ( 'NONE', #603, 1000.000000000000000 ) ;
#1053 = ORIENTED_EDGE ( 'NONE', *, *, #1708, .F. ) ;
#1054 = AXIS2_PLACEMENT_3D ( 'NONE', #2708, #595, #2449 ) ;
#1055 = AXIS2_PLACEMENT_3D ( 'NONE', #1627, #2700, #77 ) ;
#1056 = CARTESIAN_POINT ( 'NONE',  ( 2.500000000000000000, 0.000000000000000000, 25.30000000000000426 ) ) ;
#1057 = ORIENTED_EDGE ( 'NONE', *, *, #2937, .F. ) ;
#1058 = CIRCLE ( 'NONE', #1120, 0.1999999999999999833 ) ;
#1059 = AXIS2_PLACEMENT_3D ( 'NONE', #108, #3021, #1721 ) ;
#1060 = AXIS2_PLACEMENT_3D ( 'NONE', #3197, #305, #1382 ) ;
#1061 = CARTESIAN_POINT ( 'NONE',  ( 0.000000000000000000, 4.812110836234412048, 15.70000000000000284 ) ) ;
#1062 = ORIENTED_EDGE ( 'NONE', *, *, #2964, .F. ) ;
#1063 = LINE ( 'NONE', #2101, #2779 ) ;
#1064 = LINE ( 'NONE', #827, #3013 ) ;
#1065 = CARTESIAN_POINT ( 'NONE',  ( 13.29999999999999716, 7.999999999999994671, 25.30000000000000426 ) ) ;
#1066 = ORIENTED_EDGE ( 'NONE', *, *, #2611, .F. ) ;
#1067 = CARTESIAN_POINT ( 'NONE',  ( -7.299999999999999822, 1.999999999999999112, 15.50000000000000178 ) ) ;
#1068 = ORIENTED_EDGE ( 'NONE', *, *, #2468, .F. ) ;
#1069 = LINE ( 'NONE', #1293, #2777 ) ;
#1070 = CARTESIAN_POINT ( 'NONE',  ( -21.00000000000000355, 0.2000000000000000111, 4.500000000000001776 ) ) ;
#1071 = EDGE_CURVE ( 'NONE', #1639, #2176, #309, .T. ) ;
#1072 = DIRECTION ( 'NONE',  ( 0.000000000000000000, -1.000000000000000000, 0.000000000000000000 ) ) ;
#1073 = EDGE_LOOP ( 'NONE', ( #2644, #2484, #892, #460 ) ) ;
#1074 = AXIS2_PLACEMENT_3D ( 'NONE', #418, #1507, #2850 ) ;
#1075 = DIRECTION ( 'NONE',  ( 0.000000000000000000, 0.000000000000000000, 1.000000000000000000 ) ) ;
#1076 = CARTESIAN_POINT ( 'NONE',  ( -2.417157287525380838, 2.082842712474619162, 15.50000000000000178 ) ) ;
#1077 = AXIS2_PLACEMENT_3D ( 'NONE', #1485, #167, #215 ) ;
#1078 = EDGE_CURVE ( 'NONE', #747, #1288, #2077, .T. ) ;
#1079 = ORIENTED_EDGE ( 'NONE', *, *, #3309, .T. ) ;
#1080 = ADVANCED_BREP_SHAPE_REPRESENTATION ( 'extruder_BLtouch_mount', ( #2806, #3053 ), #732 ) ;
#1081 = VECTOR ( 'NONE', #2159, 1000.000000000000000 ) ;
#1082 = FACE_OUTER_BOUND ( 'NONE', #2145, .T. ) ;
#1083 = ORIENTED_EDGE ( 'NONE', *, *, #1011, .T. ) ;
#1084 = LINE ( 'NONE', #279, #3206 ) ;
#1085 = CARTESIAN_POINT ( 'NONE',  ( -15.50000000000000000, 8.300000000000000711, 0.9000000000000049072 ) ) ;
#1086 = AXIS2_PLACEMENT_3D ( 'NONE', #2447, #1378, #63 ) ;
#1087 = DIRECTION ( 'NONE',  ( 0.000000000000000000, 0.000000000000000000, 1.000000000000000000 ) ) ;
#1088 = ORIENTED_EDGE ( 'NONE', *, *, #2897, .F. ) ;
#1089 = CARTESIAN_POINT ( 'NONE',  ( -5.199999999999996625, 8.199999999999993960, 4.500000000000000000 ) ) ;
#1090 = VERTEX_POINT ( 'NONE', #2038 ) ;
#1091 = FACE_OUTER_BOUND ( 'NONE', #2543, .T. ) ;
#1092 = DIRECTION ( 'NONE',  ( 0.000000000000000000, -1.000000000000000000, 0.000000000000000000 ) ) ;
#1093 = EDGE_CURVE ( 'NONE', #2370, #540, #137, .T. ) ;
#1094 = DIRECTION ( 'NONE',  ( 0.000000000000000000, 0.000000000000000000, -1.000000000000000000 ) ) ;
#1095 = ORIENTED_EDGE ( 'NONE', *, *, #654, .F. ) ;
#1096 = CARTESIAN_POINT ( 'NONE',  ( 2.700000000000000178, 0.000000000000000000, 25.30000000000000426 ) ) ;
#1097 = LINE ( 'NONE', #837, #2995 ) ;
#1098 = ORIENTED_EDGE ( 'NONE', *, *, #3015, .F. ) ;
#1099 = EDGE_CURVE ( 'NONE', #1221, #1574, #1502, .T. ) ;
#1100 = EDGE_CURVE ( 'NONE', #3393, #2084, #1260, .T. ) ;
#1101 = EDGE_CURVE ( 'NONE', #515, #886, #3129, .T. ) ;
#1102 = EDGE_CURVE ( 'NONE', #1281, #972, #2536, .T. ) ;
#1103 = DIRECTION ( 'NONE',  ( -1.000000000000000000, 0.000000000000000000, 0.000000000000000000 ) ) ;
#1104 = EDGE_LOOP ( 'NONE', ( #957, #1558, #375 ) ) ;
#1105 = CARTESIAN_POINT ( 'NONE',  ( 17.19999999999999218, 8.300000000000000711, -0.9999999999999945599 ) ) ;
#1106 = CYLINDRICAL_SURFACE ( 'NONE', #134, 0.1999999999999996503 ) ;
#1107 = CARTESIAN_POINT ( 'NONE',  ( -21.00000000000000355, 8.500000000000000000, -4.299999999999997158 ) ) ;
#1108 = ORIENTED_EDGE ( 'NONE', *, *, #1100, .F. ) ;
#1109 = FACE_OUTER_BOUND ( 'NONE', #1028, .T. ) ;
#1110 = EDGE_LOOP ( 'NONE', ( #3112, #2888, #896, #2200 ) ) ;
#1111 = DIRECTION ( 'NONE',  ( -1.000000000000000000, -0.000000000000000000, 2.551063935260000137E-16 ) ) ;
#1112 = CARTESIAN_POINT ( 'NONE',  ( 2.500000000000000000, 1.999999999999999556, 15.70000000000000284 ) ) ;
#1113 = ORIENTED_EDGE ( 'NONE', *, *, #1732, .F. ) ;
#1114 = CARTESIAN_POINT ( 'NONE',  ( -7.500000000000000000, 5.012110836234411337, 15.50000000000000178 ) ) ;
#1115 = LINE ( 'NONE', #1314, #1052 ) ;
#1116 = VECTOR ( 'NONE', #648, 1000.000000000000000 ) ;
#1117 = AXIS2_PLACEMENT_3D ( 'NONE', #860, #2400, #2133 ) ;
#1118 = ORIENTED_EDGE ( 'NONE', *, *, #1473, .F. ) ;
#1119 = CARTESIAN_POINT ( 'NONE',  ( 13.29999999999999716, 7.799999999999995381, 25.30000000000000426 ) ) ;
#1120 = AXIS2_PLACEMENT_3D ( 'NONE', #1920, #91, #2996 ) ;
#1121 = ORIENTED_EDGE ( 'NONE', *, *, #1014, .F. ) ;
#1122 = AXIS2_PLACEMENT_3D ( 'NONE', #258, #276, #2136 ) ;
#1123 = ADVANCED_FACE ( 'NONE', ( #562 ), #2081, .F. ) ;
#1124 = CARTESIAN_POINT ( 'NONE',  ( -20.80000000000000426, 8.300000000000000711, -4.299999999999998046 ) ) ;
#1125 = FACE_OUTER_BOUND ( 'NONE', #413, .T. ) ;
#1126 = AXIS2_PLACEMENT_3D ( 'NONE', #3002, #1669, #628 ) ;
#1127 = EDGE_CURVE ( 'NONE', #356, #1851, #1520, .T. ) ;
#1128 = CYLINDRICAL_SURFACE ( 'NONE', #1503, 0.1999999999999987899 ) ;
#1129 = ORIENTED_EDGE ( 'NONE', *, *, #1427, .T. ) ;
#1130 = ADVANCED_FACE ( 'NONE', ( #1881 ), #1035, .T. ) ;
#1131 = DIRECTION ( 'NONE',  ( 0.000000000000000000, 0.000000000000000000, 1.000000000000000000 ) ) ;
#1132 = VERTEX_POINT ( 'NONE', #2942 ) ;
#1133 = DIRECTION ( 'NONE',  ( 0.000000000000000000, 0.000000000000000000, 1.000000000000000000 ) ) ;
#1134 = CARTESIAN_POINT ( 'NONE',  ( 17.19999999999999929, 0.2000000000000000111, -2.699999999999993960 ) ) ;
#1135 = EDGE_CURVE ( 'NONE', #1894, #879, #1874, .T. ) ;
#1136 = DIRECTION ( 'NONE',  ( 1.239088197126290817E-16, -0.000000000000000000, 1.000000000000000000 ) ) ;
#1137 = ORIENTED_EDGE ( 'NONE', *, *, #2249, .F. ) ;
#1138 = CARTESIAN_POINT ( 'NONE',  ( -7.417157287525379949, 2.082842712474618718, 15.50000000000000178 ) ) ;
#1139 = ADVANCED_FACE ( 'NONE', ( #2906 ), #1863, .T. ) ;
#1140 = FACE_OUTER_BOUND ( 'NONE', #1592, .T. ) ;
#1141 = EDGE_LOOP ( 'NONE', ( #199, #169, #1954 ) ) ;
#1142 = DIRECTION ( 'NONE',  ( -1.000000000000000000, 0.000000000000000000, 0.000000000000000000 ) ) ;
#1143 = CIRCLE ( 'NONE', #2016, 0.1999999999999987899 ) ;
#1144 = VERTEX_POINT ( 'NONE', #2127 ) ;
#1145 = DIRECTION ( 'NONE',  ( 0.000000000000000000, 0.000000000000000000, 1.000000000000000000 ) ) ;
#1146 = CARTESIAN_POINT ( 'NONE',  ( 1.500000000000000000, 7.799999999999996270, 21.14777711195929299 ) ) ;
#1147 = ORIENTED_EDGE ( 'NONE', *, *, #2611, .T. ) ;
#1148 = CARTESIAN_POINT ( 'NONE',  ( -4.999999999999996447, 7.799999999999989164, 9.699999999999999289 ) ) ;
#1149 = DIRECTION ( 'NONE',  ( 0.000000000000000000, 0.000000000000000000, 1.000000000000000000 ) ) ;
#1150 = ADVANCED_FACE ( 'NONE', ( #1091 ), #307, .T. ) ;
#1151 = CARTESIAN_POINT ( 'NONE',  ( -20.80000000000000426, 8.300000000000000711, -4.299999999999998046 ) ) ;
#1152 = DIRECTION ( 'NONE',  ( 0.000000000000000000, 0.000000000000000000, -1.000000000000000000 ) ) ;
#1153 = ORIENTED_EDGE ( 'NONE', *, *, #904, .T. ) ;
#1154 = EDGE_CURVE ( 'NONE', #2844, #1463, #2392, .T. ) ;
#1155 = ORIENTED_EDGE ( 'NONE', *, *, #2352, .F. ) ;
#1156 = DIRECTION ( 'NONE',  ( 0.000000000000000000, 0.000000000000000000, 1.000000000000000000 ) ) ;
#1157 = DIRECTION ( 'NONE',  ( 0.000000000000000000, 1.000000000000000000, -0.000000000000000000 ) ) ;
#1158 = ORIENTED_EDGE ( 'NONE', *, *, #3292, .F. ) ;
#1159 = LINE ( 'NONE', #2520, #1713 ) ;
#1160 = CARTESIAN_POINT ( 'NONE',  ( 20.80000000000000071, 8.300000000000000711, -4.300000000000003375 ) ) ;
#1161 = CARTESIAN_POINT ( 'NONE',  ( 2.299999999999999822, 0.2000000000000000111, 15.50000000000000178 ) ) ;
#1162 = EDGE_CURVE ( 'NONE', #1302, #2221, #1366, .T. ) ;
#1163 = FACE_BOUND ( 'NONE', #2894, .T. ) ;
#1164 = AXIS2_PLACEMENT_3D ( 'NONE', #252, #1310, #3415 ) ;
#1165 = ORIENTED_EDGE ( 'NONE', *, *, #2664, .F. ) ;
#1166 = TOROIDAL_SURFACE ( 'NONE', #2607, 1.899999999999999689, 0.2000000000000000111 ) ;
#1167 = EDGE_CURVE ( 'NONE', #656, #1221, #2690, .T. ) ;
#1168 = AXIS2_PLACEMENT_3D ( 'NONE', #3186, #2116, #588 ) ;
#1169 = EDGE_CURVE ( 'NONE', #393, #3172, #1069, .T. ) ;
#1170 = CARTESIAN_POINT ( 'NONE',  ( 13.29999999999999893, 0.2000000000000000111, 25.30000000000000426 ) ) ;
#1171 = VERTEX_POINT ( 'NONE', #795 ) ;
#1172 = CARTESIAN_POINT ( 'NONE',  ( 7.299999999999999822, 4.812110836234412048, 15.50000000000000178 ) ) ;
#1173 = AXIS2_PLACEMENT_3D ( 'NONE', #2926, #1200, #1152 ) ;
#1174 = CIRCLE ( 'NONE', #1501, 0.1999999999999996503 ) ;
#1175 = DIRECTION ( 'NONE',  ( -0.000000000000000000, 0.000000000000000000, 1.000000000000000000 ) ) ;
#1176 = EDGE_LOOP ( 'NONE', ( #1531, #3036, #1816 ) ) ;
#1177 = PLANE ( 'NONE',  #2880 ) ;
#1178 = DIRECTION ( 'NONE',  ( 1.000000000000000000, -0.000000000000000000, -0.000000000000000000 ) ) ;
#1179 = AXIS2_PLACEMENT_3D ( 'NONE', #2804, #2531, #3215 ) ;
#1180 = AXIS2_PLACEMENT_3D ( 'NONE', #2228, #367, #2759 ) ;
#1181 = CARTESIAN_POINT ( 'NONE',  ( 4.800000000000003375, 0.000000000000000000, 4.299999999999998934 ) ) ;
#1182 = AXIS2_PLACEMENT_3D ( 'NONE', #3191, #2898, #1357 ) ;
#1183 = DIRECTION ( 'NONE',  ( 0.000000000000000000, 1.000000000000000000, -0.000000000000000000 ) ) ;
#1184 = EDGE_CURVE ( 'NONE', #217, #2963, #2091, .T. ) ;
#1185 = EDGE_CURVE ( 'NONE', #2379, #67, #2098, .T. ) ;
#1186 = ORIENTED_EDGE ( 'NONE', *, *, #2271, .T. ) ;
#1187 = EDGE_CURVE ( 'NONE', #2702, #1957, #3402, .T. ) ;
#1188 = EDGE_CURVE ( 'NONE', #590, #2379, #2891, .T. ) ;
#1189 = CARTESIAN_POINT ( 'NONE',  ( -7.699999999999999289, 1.999999999999999112, 25.30000000000000426 ) ) ;
#1190 = VERTEX_POINT ( 'NONE', #2922 ) ;
#1191 = DIRECTION ( 'NONE',  ( 0.000000000000000000, 0.000000000000000000, -1.000000000000000000 ) ) ;
#1192 = ORIENTED_EDGE ( 'NONE', *, *, #1774, .T. ) ;
#1193 = CARTESIAN_POINT ( 'NONE',  ( 5.200000000000001954, 0.2000000000000000111, 4.699999999999997513 ) ) ;
#1194 = LINE ( 'NONE', #1462, #1612 ) ;
#1195 = ORIENTED_EDGE ( 'NONE', *, *, #394, .F. ) ;
#1196 = DIRECTION ( 'NONE',  ( -1.000000000000000000, 0.000000000000000000, 0.000000000000000000 ) ) ;
#1197 = DIRECTION ( 'NONE',  ( 1.000000000000000000, -0.000000000000000000, 0.000000000000000000 ) ) ;
#1198 = AXIS2_PLACEMENT_3D ( 'NONE', #2072, #994, #1229 ) ;
#1199 = DIRECTION ( 'NONE',  ( 1.000000000000000000, 0.000000000000000000, 0.000000000000000000 ) ) ;
#1200 = DIRECTION ( 'NONE',  ( 1.000000000000000000, 0.000000000000000000, 0.000000000000000000 ) ) ;
#1201 = VECTOR ( 'NONE', #1807, 1000.000000000000000 ) ;
#1202 = ORIENTED_EDGE ( 'NONE', *, *, #921, .F. ) ;
#1203 = DIRECTION ( 'NONE',  ( 0.000000000000000000, 1.000000000000000000, 0.000000000000000000 ) ) ;
#1204 = EDGE_LOOP ( 'NONE', ( #3371, #1388, #2787, #2593, #1313, #2547 ) ) ;
#1205 = EDGE_CURVE ( 'NONE', #217, #2702, #3259, .T. ) ;
#1206 = FACE_OUTER_BOUND ( 'NONE', #2135, .T. ) ;
#1207 = LINE ( 'NONE', #3307, #297 ) ;
#1208 = EDGE_CURVE ( 'NONE', #704, #3074, #1762, .T. ) ;
#1209 = DIRECTION ( 'NONE',  ( -0.000000000000000000, -1.000000000000000000, -0.000000000000000000 ) ) ;
#1210 = EDGE_CURVE ( 'NONE', #3172, #3427, #2448, .T. ) ;
#1211 = DIRECTION ( 'NONE',  ( 0.000000000000000000, 0.000000000000000000, 1.000000000000000000 ) ) ;
#1212 = ORIENTED_EDGE ( 'NONE', *, *, #847, .T. ) ;
#1213 = CARTESIAN_POINT ( 'NONE',  ( 20.80000000000000071, 8.500000000000000000, 4.499999999999996447 ) ) ;
#1214 = ORIENTED_EDGE ( 'NONE', *, *, #1731, .F. ) ;
#1215 = FACE_OUTER_BOUND ( 'NONE', #93, .T. ) ;
#1216 = DIRECTION ( 'NONE',  ( 0.000000000000000000, 1.000000000000000000, -0.000000000000000000 ) ) ;
#1217 = CARTESIAN_POINT ( 'NONE',  ( 0.000000000000000000, 8.500000000000000000, 0.000000000000000000 ) ) ;
#1218 = ORIENTED_EDGE ( 'NONE', *, *, #1731, .T. ) ;
#1219 =( BOUNDED_CURVE ( )  B_SPLINE_CURVE ( 3, ( #1538, #1269, #2546, #177 ),
 .UNSPECIFIED., .F., .F. ) 
 B_SPLINE_CURVE_WITH_KNOTS ( ( 4, 4 ),
 ( 0.000000000000000000, 1.570796326794896558 ),
 .UNSPECIFIED. ) 
 CURVE ( )  GEOMETRIC_REPRESENTATION_ITEM ( )  RATIONAL_B_SPLINE_CURVE ( ( 1.000000000000000000, 0.8047378541243649375, 0.8047378541243649375, 1.000000000000000000 ) ) 
 REPRESENTATION_ITEM ( '' )  );
#1220 = EDGE_LOOP ( 'NONE', ( #852, #767, #270, #2247 ) ) ;
#1221 = VERTEX_POINT ( 'NONE', #1049 ) ;
#1222 = CARTESIAN_POINT ( 'NONE',  ( 13.29999999999999893, 0.2000000000000000111, 25.30000000000000426 ) ) ;
#1223 = CIRCLE ( 'NONE', #1541, 0.2000000000000000944 ) ;
#1224 = DIRECTION ( 'NONE',  ( 0.000000000000000000, 0.000000000000000000, 1.000000000000000000 ) ) ;
#1225 = VECTOR ( 'NONE', #828, 1000.000000000000000 ) ;
#1226 = AXIS2_PLACEMENT_3D ( 'NONE', #2734, #875, #1868 ) ;
#1227 = ORIENTED_EDGE ( 'NONE', *, *, #1286, .F. ) ;
#1228 = DIRECTION ( 'NONE',  ( 0.000000000000000000, 1.000000000000000000, 0.000000000000000000 ) ) ;
#1229 = DIRECTION ( 'NONE',  ( 0.000000000000000000, 0.000000000000000000, -1.000000000000000000 ) ) ;
#1230 = CARTESIAN_POINT ( 'NONE',  ( -13.29999999999999893, 7.799999999999993605, 25.30000000000000426 ) ) ;
#1231 = CARTESIAN_POINT ( 'NONE',  ( -13.70000000000000107, 8.500000000000000000, 4.500000000000000888 ) ) ;
#1232 = EDGE_CURVE ( 'NONE', #3406, #709, #1705, .T. ) ;
#1233 = AXIS2_PLACEMENT_3D ( 'NONE', #2210, #85, #1740 ) ;
#1234 = DIRECTION ( 'NONE',  ( 0.000000000000000000, 0.000000000000000000, 1.000000000000000000 ) ) ;
#1235 = AXIS2_PLACEMENT_3D ( 'NONE', #2106, #2903, #812 ) ;
#1236 = EDGE_LOOP ( 'NONE', ( #2580, #1291, #172, #1823 ) ) ;
#1237 = EDGE_LOOP ( 'NONE', ( #2904, #80, #2459, #2800 ) ) ;
#1238 = DIRECTION ( 'NONE',  ( 0.000000000000000000, 0.000000000000000000, -1.000000000000000000 ) ) ;
#1239 = DIRECTION ( 'NONE',  ( -1.000000000000000000, -0.000000000000000000, -0.000000000000000000 ) ) ;
#1240 = DIRECTION ( 'NONE',  ( -0.000000000000000000, 0.000000000000000000, 1.000000000000000000 ) ) ;
#1241 = VERTEX_POINT ( 'NONE', #112 ) ;
#1242 = DIRECTION ( 'NONE',  ( 0.000000000000000000, 0.000000000000000000, 1.000000000000000000 ) ) ;
#1243 = AXIS2_PLACEMENT_3D ( 'NONE', #1867, #3202, #2656 ) ;
#1244 = FACE_OUTER_BOUND ( 'NONE', #1141, .T. ) ;
#1245 = AXIS2_PLACEMENT_3D ( 'NONE', #2923, #1623, #52 ) ;
#1246 = CARTESIAN_POINT ( 'NONE',  ( 0.000000000000000000, 0.000000000000000000, 25.50000000000000355 ) ) ;
#1247 = CARTESIAN_POINT ( 'NONE',  ( -17.20000000000000639, 0.2000000000000000111, -2.899999999999994138 ) ) ;
#1248 = DIRECTION ( 'NONE',  ( -0.000000000000000000, 0.000000000000000000, -1.000000000000000000 ) ) ;
#1249 = ADVANCED_FACE ( 'NONE', ( #69 ), #2186, .T. ) ;
#1250 = ORIENTED_EDGE ( 'NONE', *, *, #433, .F. ) ;
#1251 = ORIENTED_EDGE ( 'NONE', *, *, #1071, .T. ) ;
#1252 = DIRECTION ( 'NONE',  ( 0.000000000000000000, 0.000000000000000000, 1.000000000000000000 ) ) ;
#1253 = CARTESIAN_POINT ( 'NONE',  ( -17.20000000000000639, 0.2000000000000005107, 0.7000000000000052847 ) ) ;
#1254 = DIRECTION ( 'NONE',  ( -0.000000000000000000, -1.000000000000000000, -0.000000000000000000 ) ) ;
#1255 = ORIENTED_EDGE ( 'NONE', *, *, #1476, .F. ) ;
#1256 = CARTESIAN_POINT ( 'NONE',  ( 7.500000000000000000, 5.012110836234411337, 15.70000000000000284 ) ) ;
#1257 = CARTESIAN_POINT ( 'NONE',  ( 4.800000000000002487, 7.799999999999989164, 4.699999999999997513 ) ) ;
#1258 = LINE ( 'NONE', #722, #950 ) ;
#1259 = DIRECTION ( 'NONE',  ( -1.000000000000000000, -0.000000000000000000, -0.000000000000000000 ) ) ;
#1260 = LINE ( 'NONE', #759, #1201 ) ;
#1261 = DIRECTION ( 'NONE',  ( 0.000000000000000000, 0.000000000000000000, -1.000000000000000000 ) ) ;
#1262 = ORIENTED_EDGE ( 'NONE', *, *, #2697, .T. ) ;
#1263 = EDGE_CURVE ( 'NONE', #1307, #886, #1159, .T. ) ;
#1264 = VERTEX_POINT ( 'NONE', #2992 ) ;
#1265 = DIRECTION ( 'NONE',  ( -1.000000000000000000, -0.000000000000000000, -0.000000000000000000 ) ) ;
#1266 = ADVANCED_FACE ( 'NONE', ( #2776 ), #2747, .T. ) ;
#1267 = ADVANCED_FACE ( 'NONE', ( #357 ), #1948, .T. ) ;
#1268 = AXIS2_PLACEMENT_3D ( 'NONE', #777, #1901, #814 ) ;
#1269 = CARTESIAN_POINT ( 'NONE',  ( -7.500000000000000000, 5.012110836234413114, 15.58284271247461916 ) ) ;
#1270 = ORIENTED_EDGE ( 'NONE', *, *, #1205, .T. ) ;
#1271 = CARTESIAN_POINT ( 'NONE',  ( 13.29999999999999716, 7.799999999999995381, 4.699999999999999289 ) ) ;
#1272 = AXIS2_PLACEMENT_3D ( 'NONE', #2631, #481, #2158 ) ;
#1273 = FACE_OUTER_BOUND ( 'NONE', #2277, .T. ) ;
#1274 = AXIS2_PLACEMENT_3D ( 'NONE', #1124, #2744, #352 ) ;
#1275 = ORIENTED_EDGE ( 'NONE', *, *, #1903, .F. ) ;
#1276 = DIRECTION ( 'NONE',  ( 1.000000000000000000, 0.000000000000000000, -1.239088197126290817E-16 ) ) ;
#1277 = CARTESIAN_POINT ( 'NONE',  ( -13.50000000000000000, 7.999999999999992895, 25.50000000000000355 ) ) ;
#1278 = DIRECTION ( 'NONE',  ( -0.000000000000000000, -1.000000000000000000, 0.000000000000000000 ) ) ;
#1279 = CIRCLE ( 'NONE', #620, 0.2000000000000005107 ) ;
#1280 = CARTESIAN_POINT ( 'NONE',  ( -21.00000000000000355, 8.300000000000000711, 4.300000000000001599 ) ) ;
#1281 = VERTEX_POINT ( 'NONE', #667 ) ;
#1282 = CIRCLE ( 'NONE', #2336, 0.1999999999999996503 ) ;
#1283 = CIRCLE ( 'NONE', #1060, 0.1999999999999996503 ) ;
#1284 = CIRCLE ( 'NONE', #3376, 0.1999999999999996503 ) ;
#1285 = VERTEX_POINT ( 'NONE', #2712 ) ;
#1286 = EDGE_CURVE ( 'NONE', #257, #738, #1428, .T. ) ;
#1287 = DIRECTION ( 'NONE',  ( 1.000000000000000000, 0.000000000000000000, 0.000000000000000000 ) ) ;
#1288 = VERTEX_POINT ( 'NONE', #2978 ) ;
#1289 = LINE ( 'NONE', #2085, #1991 ) ;
#1290 = PLANE ( 'NONE',  #3122 ) ;
#1291 = ORIENTED_EDGE ( 'NONE', *, *, #1031, .F. ) ;
#1292 = CYLINDRICAL_SURFACE ( 'NONE', #1235, 0.1999999999999996503 ) ;
#1293 = CARTESIAN_POINT ( 'NONE',  ( -4.799999999999997158, 8.500000000000000000, 4.500000000000000000 ) ) ;
#1294 = CARTESIAN_POINT ( 'NONE',  ( 13.29999999999999893, 0.1999999999999996503, 25.50000000000000355 ) ) ;
#1295 = AXIS2_PLACEMENT_3D ( 'NONE', #1765, #174, #209 ) ;
#1296 = CIRCLE ( 'NONE', #2961, 0.1999999999999987899 ) ;
#1297 = CARTESIAN_POINT ( 'NONE',  ( 7.500000000000000000, 5.012110836234411337, 25.30000000000000426 ) ) ;
#1298 = ORIENTED_EDGE ( 'NONE', *, *, #2936, .F. ) ;
#1299 = AXIS2_PLACEMENT_3D ( 'NONE', #2762, #1659, #3009 ) ;
#1300 = ORIENTED_EDGE ( 'NONE', *, *, #1961, .T. ) ;
#1301 = ADVANCED_FACE ( 'NONE', ( #1404 ), #1177, .T. ) ;
#1302 = VERTEX_POINT ( 'NONE', #2474 ) ;
#1303 = CARTESIAN_POINT ( 'NONE',  ( 2.500000000000000000, 1.999999999999999112, 15.58284271247461916 ) ) ;
#1304 = EDGE_CURVE ( 'NONE', #1666, #1479, #618, .T. ) ;
#1305 = DIRECTION ( 'NONE',  ( -1.000000000000000000, -6.424901762877064728E-17, 0.000000000000000000 ) ) ;
#1306 = PLANE ( 'NONE',  #2273 ) ;
#1307 = VERTEX_POINT ( 'NONE', #598 ) ;
#1308 = DIRECTION ( 'NONE',  ( 1.000000000000000000, 0.000000000000000000, 0.000000000000000000 ) ) ;
#1309 = ORIENTED_EDGE ( 'NONE', *, *, #2879, .T. ) ;
#1310 = DIRECTION ( 'NONE',  ( 0.000000000000000000, 1.000000000000000000, -0.000000000000000000 ) ) ;
#1311 = CARTESIAN_POINT ( 'NONE',  ( -4.999999999999992006, 7.917157287525367515, 9.499999999999996447 ) ) ;
#1312 = CARTESIAN_POINT ( 'NONE',  ( 15.49999999999999289, 0.000000000000000000, -0.9999999999999945599 ) ) ;
#1313 = ORIENTED_EDGE ( 'NONE', *, *, #262, .F. ) ;
#1314 = CARTESIAN_POINT ( 'NONE',  ( -2.500000000000000000, 0.2000000000000000111, 15.50000000000000178 ) ) ;
#1315 = ORIENTED_EDGE ( 'NONE', *, *, #2045, .T. ) ;
#1316 = CYLINDRICAL_SURFACE ( 'NONE', #1673, 0.2000000000000005107 ) ;
#1317 = VERTEX_POINT ( 'NONE', #883 ) ;
#1318 = DIRECTION ( 'NONE',  ( 0.000000000000000000, 0.000000000000000000, 1.000000000000000000 ) ) ;
#1319 = DIRECTION ( 'NONE',  ( -0.000000000000000000, -1.000000000000000000, -0.000000000000000000 ) ) ;
#1320 = VECTOR ( 'NONE', #2960, 1000.000000000000000 ) ;
#1321 = VERTEX_POINT ( 'NONE', #1969 ) ;
#1322 =( BOUNDED_CURVE ( )  B_SPLINE_CURVE ( 3, ( #2485, #2758, #2226, #1172 ),
 .UNSPECIFIED., .F., .F. ) 
 B_SPLINE_CURVE_WITH_KNOTS ( ( 4, 4 ),
 ( 0.000000000000000000, 1.570796326794896558 ),
 .UNSPECIFIED. ) 
 CURVE ( )  GEOMETRIC_REPRESENTATION_ITEM ( )  RATIONAL_B_SPLINE_CURVE ( ( 1.000000000000000000, 0.8047378541243649375, 0.8047378541243649375, 1.000000000000000000 ) ) 
 REPRESENTATION_ITEM ( '' )  );
#1323 = CARTESIAN_POINT ( 'NONE',  ( -2.700000000000000178, 0.2000000000000000111, 0.000000000000000000 ) ) ;
#1324 = ORIENTED_EDGE ( 'NONE', *, *, #611, .T. ) ;
#1325 = DIRECTION ( 'NONE',  ( 0.000000000000000000, -1.000000000000000000, 0.000000000000000000 ) ) ;
#1326 = EDGE_CURVE ( 'NONE', #2550, #5, #2454, .T. ) ;
#1327 = CARTESIAN_POINT ( 'NONE',  ( 20.80000000000000071, 8.500000000000000000, -4.500000000000003553 ) ) ;
#1328 = EDGE_CURVE ( 'NONE', #2050, #747, #2325, .T. ) ;
#1329 = CARTESIAN_POINT ( 'NONE',  ( 7.500000000000000000, 2.000000000000000888, 15.70000000000000284 ) ) ;
#1330 = EDGE_LOOP ( 'NONE', ( #2633, #1309, #3137, #2882 ) ) ;
#1331 = AXIS2_PLACEMENT_3D ( 'NONE', #1567, #1846, #269 ) ;
#1332 = DIRECTION ( 'NONE',  ( 1.000000000000000000, 0.000000000000000000, 0.000000000000000000 ) ) ;
#1333 = EDGE_LOOP ( 'NONE', ( #1841, #2293, #1315, #1561 ) ) ;
#1334 = TOROIDAL_SURFACE ( 'NONE', #1004, 1.899999999999999467, 0.2000000000000000111 ) ;
#1335 = CARTESIAN_POINT ( 'NONE',  ( -2.700000000000000178, 1.799999999999999600, 25.50000000000000355 ) ) ;
#1336 = VECTOR ( 'NONE', #350, 1000.000000000000000 ) ;
#1337 = ORIENTED_EDGE ( 'NONE', *, *, #1232, .T. ) ;
#1338 = EDGE_CURVE ( 'NONE', #1814, #1641, #3077, .T. ) ;
#1339 = CARTESIAN_POINT ( 'NONE',  ( 5.328079247643049798E-16, 8.500000000000000000, 4.299999999999998934 ) ) ;
#1340 = DIRECTION ( 'NONE',  ( 0.000000000000000000, 0.000000000000000000, 1.000000000000000000 ) ) ;
#1341 = CARTESIAN_POINT ( 'NONE',  ( 15.49999999999999289, 8.500000000000000000, 0.9000000000000049072 ) ) ;
#1342 = VERTEX_POINT ( 'NONE', #2212 ) ;
#1343 = DIRECTION ( 'NONE',  ( 0.000000000000000000, 1.000000000000000000, 0.000000000000000000 ) ) ;
#1344 = VERTEX_POINT ( 'NONE', #2727 ) ;
#1345 = DIRECTION ( 'NONE',  ( 0.000000000000000000, 0.000000000000000000, 1.000000000000000000 ) ) ;
#1346 = LINE ( 'NONE', #3164, #2801 ) ;
#1347 = EDGE_CURVE ( 'NONE', #2189, #257, #897, .T. ) ;
#1348 = ORIENTED_EDGE ( 'NONE', *, *, #2839, .T. ) ;
#1349 = AXIS2_PLACEMENT_3D ( 'NONE', #1523, #1475, #2594 ) ;
#1350 = ADVANCED_FACE ( 'NONE', ( #339 ), #383, .T. ) ;
#1351 = CYLINDRICAL_SURFACE ( 'NONE', #2751, 0.1999999999999996503 ) ;
#1352 = EDGE_CURVE ( 'NONE', #2022, #1144, #2988, .T. ) ;
#1353 = CARTESIAN_POINT ( 'NONE',  ( -2.500000000000000000, 1.999999999999999556, 15.70000000000000284 ) ) ;
#1354 = AXIS2_PLACEMENT_3D ( 'NONE', #874, #313, #836 ) ;
#1355 = ORIENTED_EDGE ( 'NONE', *, *, #2204, .F. ) ;
#1356 = AXIS2_PLACEMENT_3D ( 'NONE', #3410, #3396, #2918 ) ;
#1357 = DIRECTION ( 'NONE',  ( 0.000000000000000000, 0.000000000000000000, -1.000000000000000000 ) ) ;
#1358 = ORIENTED_EDGE ( 'NONE', *, *, #2153, .F. ) ;
#1359 = CARTESIAN_POINT ( 'NONE',  ( -20.80000000000000426, 0.2000000000000000111, 0.000000000000000000 ) ) ;
#1360 = CARTESIAN_POINT ( 'NONE',  ( 7.582842712474618274, 5.094953548709031388, 25.50000000000000000 ) ) ;
#1361 = AXIS2_PLACEMENT_3D ( 'NONE', #1247, #2553, #744 ) ;
#1362 = DIRECTION ( 'NONE',  ( -2.551063935260000137E-16, 0.000000000000000000, -1.000000000000000000 ) ) ;
#1363 = ORIENTED_EDGE ( 'NONE', *, *, #1476, .T. ) ;
#1364 = CARTESIAN_POINT ( 'NONE',  ( 2.500000000000000000, 0.2000000000000000944, 25.30000000000000426 ) ) ;
#1365 = ORIENTED_EDGE ( 'NONE', *, *, #465, .F. ) ;
#1366 = LINE ( 'NONE', #543, #1320 ) ;
#1367 = FACE_OUTER_BOUND ( 'NONE', #2105, .T. ) ;
#1368 = CARTESIAN_POINT ( 'NONE',  ( -17.20000000000000639, 0.000000000000000000, -2.899999999999994138 ) ) ;
#1369 = ORIENTED_EDGE ( 'NONE', *, *, #3297, .F. ) ;
#1370 = FACE_BOUND ( 'NONE', #2332, .T. ) ;
#1371 = DIRECTION ( 'NONE',  ( 1.239088197126290817E-16, -0.000000000000000000, 1.000000000000000000 ) ) ;
#1372 = ORIENTED_EDGE ( 'NONE', *, *, #1039, .T. ) ;
#1373 = ADVANCED_FACE ( 'NONE', ( #684 ), #3075, .F. ) ;
#1374 = DIRECTION ( 'NONE',  ( 0.000000000000000000, 0.000000000000000000, -1.000000000000000000 ) ) ;
#1375 = ORIENTED_EDGE ( 'NONE', *, *, #3063, .F. ) ;
#1376 = EDGE_CURVE ( 'NONE', #1302, #2902, #1488, .T. ) ;
#1377 = CARTESIAN_POINT ( 'NONE',  ( -5.199999999999996625, 7.999999999999992895, 9.699999999999999289 ) ) ;
#1378 = DIRECTION ( 'NONE',  ( 0.000000000000000000, 1.000000000000000000, 0.000000000000000000 ) ) ;
#1379 = CARTESIAN_POINT ( 'NONE',  ( 2.500000000000000000, 1.999999999999999556, 25.30000000000000426 ) ) ;
#1380 = ADVANCED_FACE ( 'NONE', ( #3108 ), #452, .T. ) ;
#1381 = ORIENTED_EDGE ( 'NONE', *, *, #1169, .F. ) ;
#1382 = DIRECTION ( 'NONE',  ( 0.000000000000000000, 0.000000000000000000, -1.000000000000000000 ) ) ;
#1383 = ORIENTED_EDGE ( 'NONE', *, *, #57, .T. ) ;
#1384 = DIRECTION ( 'NONE',  ( 1.000000000000000000, 0.000000000000000000, 0.000000000000000000 ) ) ;
#1385 = CARTESIAN_POINT ( 'NONE',  ( 1.284980352575416397E-16, -2.000000000000005329, 21.14777711195929299 ) ) ;
#1386 = VECTOR ( 'NONE', #2230, 1000.000000000000000 ) ;
#1387 = DIRECTION ( 'NONE',  ( -6.424901762877065960E-17, 1.000000000000000000, 7.961019942076871768E-33 ) ) ;
#1388 = ORIENTED_EDGE ( 'NONE', *, *, #47, .T. ) ;
#1389 = VECTOR ( 'NONE', #1672, 1000.000000000000000 ) ;
#1390 = VECTOR ( 'NONE', #1508, 1000.000000000000000 ) ;
#1391 = ORIENTED_EDGE ( 'NONE', *, *, #1015, .T. ) ;
#1392 = AXIS2_PLACEMENT_3D ( 'NONE', #2216, #2781, #390 ) ;
#1393 = DIRECTION ( 'NONE',  ( 0.000000000000000000, 0.000000000000000000, 1.000000000000000000 ) ) ;
#1394 = VECTOR ( 'NONE', #1726, 1000.000000000000000 ) ;
#1395 = ORIENTED_EDGE ( 'NONE', *, *, #2586, .F. ) ;
#1396 = AXIS2_PLACEMENT_3D ( 'NONE', #2262, #3308, #3251 ) ;
#1397 = EDGE_CURVE ( 'NONE', #2149, #2185, #702, .T. ) ;
#1398 = DIRECTION ( 'NONE',  ( -0.000000000000000000, -0.000000000000000000, -1.000000000000000000 ) ) ;
#1399 = CARTESIAN_POINT ( 'NONE',  ( 20.80000000000000071, 8.300000000000000711, 0.000000000000000000 ) ) ;
#1400 = AXIS2_PLACEMENT_3D ( 'NONE', #2650, #742, #1276 ) ;
#1401 = CIRCLE ( 'NONE', #3110, 0.2000000000000000944 ) ;
#1402 = CARTESIAN_POINT ( 'NONE',  ( -13.29999999999999893, 0.2000000000000000111, 25.50000000000000355 ) ) ;
#1403 = EDGE_LOOP ( 'NONE', ( #1506, #1716, #1797, #1880 ) ) ;
#1404 = FACE_OUTER_BOUND ( 'NONE', #3119, .T. ) ;
#1405 = DIRECTION ( 'NONE',  ( -1.000000000000000000, 0.000000000000000000, -2.551063935260000137E-16 ) ) ;
#1406 = CARTESIAN_POINT ( 'NONE',  ( 5.000000000000003553, -13.00000000000000711, 9.499999999999998224 ) ) ;
#1407 = CARTESIAN_POINT ( 'NONE',  ( 1.500000000000000444, 5.012110836234411337, 21.14777711195929299 ) ) ;
#1408 = EDGE_CURVE ( 'NONE', #585, #1285, #1878, .T. ) ;
#1409 = DIRECTION ( 'NONE',  ( 0.000000000000000000, 0.000000000000000000, -1.000000000000000000 ) ) ;
#1410 = ORIENTED_EDGE ( 'NONE', *, *, #1708, .T. ) ;
#1411 = AXIS2_PLACEMENT_3D ( 'NONE', #2623, #2078, #1261 ) ;
#1412 = EDGE_LOOP ( 'NONE', ( #2478, #40, #2573, #1741 ) ) ;
#1413 = CARTESIAN_POINT ( 'NONE',  ( 2.700000000000000178, 0.2000000000000000111, 25.30000000000000426 ) ) ;
#1414 = CIRCLE ( 'NONE', #518, 0.1999999999999999833 ) ;
#1415 = DIRECTION ( 'NONE',  ( -0.000000000000000000, -1.000000000000000000, 0.000000000000000000 ) ) ;
#1416 = VERTEX_POINT ( 'NONE', #1526 ) ;
#1417 = ADVANCED_FACE ( 'NONE', ( #2300 ), #1755, .T. ) ;
#1418 = DIRECTION ( 'NONE',  ( 1.000000000000000000, 0.000000000000000000, 0.000000000000000000 ) ) ;
#1419 = FACE_OUTER_BOUND ( 'NONE', #1490, .T. ) ;
#1420 = DIRECTION ( 'NONE',  ( 1.000000000000000000, 0.000000000000000000, -1.239088197126290817E-16 ) ) ;
#1421 = FACE_OUTER_BOUND ( 'NONE', #2062, .T. ) ;
#1422 = ORIENTED_EDGE ( 'NONE', *, *, #2568, .F. ) ;
#1423 = CARTESIAN_POINT ( 'NONE',  ( 0.000000000000000000, 0.000000000000000000, 15.30000000000000071 ) ) ;
#1424 = ORIENTED_EDGE ( 'NONE', *, *, #472, .T. ) ;
#1425 = FACE_OUTER_BOUND ( 'NONE', #3204, .T. ) ;
#1426 = ORIENTED_EDGE ( 'NONE', *, *, #1187, .F. ) ;
#1427 = EDGE_CURVE ( 'NONE', #2757, #1344, #3089, .T. ) ;
#1428 = LINE ( 'NONE', #2201, #3363 ) ;
#1429 = DIRECTION ( 'NONE',  ( -1.000000000000000000, 0.000000000000000000, 0.000000000000000000 ) ) ;
#1430 = CARTESIAN_POINT ( 'NONE',  ( -4.799999999999995381, -13.00000000000000711, 4.699999999999999289 ) ) ;
#1431 = VERTEX_POINT ( 'NONE', #179 ) ;
#1432 = CARTESIAN_POINT ( 'NONE',  ( -4.999999999999994671, -13.00000000000000711, 9.499999999999998224 ) ) ;
#1433 = ADVANCED_FACE ( 'NONE', ( #2841 ), #163, .T. ) ;
#1434 = EDGE_LOOP ( 'NONE', ( #3088, #3059, #2309, #1887 ) ) ;
#1435 = AXIS2_PLACEMENT_3D ( 'NONE', #3328, #662, #176 ) ;
#1436 = CARTESIAN_POINT ( 'NONE',  ( -13.29999999999999893, 0.2000000000000000111, -0.000000000000000000 ) ) ;
#1437 = ORIENTED_EDGE ( 'NONE', *, *, #1961, .F. ) ;
#1438 = FACE_OUTER_BOUND ( 'NONE', #479, .T. ) ;
#1439 = ORIENTED_EDGE ( 'NONE', *, *, #3272, .T. ) ;
#1440 = CARTESIAN_POINT ( 'NONE',  ( 0.000000000000000000, 0.2000000000000000111, -2.899999999999994138 ) ) ;
#1441 = CIRCLE ( 'NONE', #2110, 1.899999999999999467 ) ;
#1442 = AXIS2_PLACEMENT_3D ( 'NONE', #3285, #1136, #1420 ) ;
#1443 = DIRECTION ( 'NONE',  ( 0.000000000000000000, 1.000000000000000000, -0.000000000000000000 ) ) ;
#1444 = ORIENTED_EDGE ( 'NONE', *, *, #1649, .T. ) ;
#1445 = CARTESIAN_POINT ( 'NONE',  ( 2.700000000000000178, 0.2000000000000000944, 15.50000000000000178 ) ) ;
#1446 = DIRECTION ( 'NONE',  ( 1.000000000000000000, 0.000000000000000000, 0.000000000000000000 ) ) ;
#1447 = CIRCLE ( 'NONE', #392, 0.1999999999999987899 ) ;
#1448 = AXIS2_PLACEMENT_3D ( 'NONE', #2066, #3123, #1753 ) ;
#1449 = CARTESIAN_POINT ( 'NONE',  ( -15.50000000000000000, 0.2000000000000005107, -0.9999999999999945599 ) ) ;
#1450 = ORIENTED_EDGE ( 'NONE', *, *, #2969, .T. ) ;
#1451 = AXIS2_PLACEMENT_3D ( 'NONE', #2628, #3170, #243 ) ;
#1452 = FACE_OUTER_BOUND ( 'NONE', #1330, .T. ) ;
#1453 = EDGE_CURVE ( 'NONE', #1463, #656, #1934, .T. ) ;
#1454 = ADVANCED_FACE ( 'NONE', ( #739 ), #1497, .F. ) ;
#1455 = EDGE_CURVE ( 'NONE', #245, #2687, #2042, .T. ) ;
#1456 = VERTEX_POINT ( 'NONE', #3125 ) ;
#1457 =( LENGTH_UNIT ( ) NAMED_UNIT ( * ) SI_UNIT ( .MILLI., .METRE. ) );
#1458 = ORIENTED_EDGE ( 'NONE', *, *, #363, .F. ) ;
#1459 = FACE_OUTER_BOUND ( 'NONE', #2742, .T. ) ;
#1460 = EDGE_LOOP ( 'NONE', ( #573, #1995, #726, #300 ) ) ;
#1461 = CARTESIAN_POINT ( 'NONE',  ( 17.19999999999999929, 0.000000000000000000, -2.899999999999994138 ) ) ;
#1462 = CARTESIAN_POINT ( 'NONE',  ( -13.50000000000000178, 7.999999999999992895, 4.699999999999999289 ) ) ;
#1463 = VERTEX_POINT ( 'NONE', #2810 ) ;
#1464 = DIRECTION ( 'NONE',  ( 0.000000000000000000, 0.000000000000000000, -1.000000000000000000 ) ) ;
#1465 = PLANE ( 'NONE',  #2194 ) ;
#1466 = AXIS2_PLACEMENT_3D ( 'NONE', #3038, #1197, #1692 ) ;
#1467 = ORIENTED_EDGE ( 'NONE', *, *, #394, .T. ) ;
#1468 = CARTESIAN_POINT ( 'NONE',  ( -5.139921410301647838E-16, 7.999999999999992895, 21.14777711195929299 ) ) ;
#1469 = ORIENTED_EDGE ( 'NONE', *, *, #454, .F. ) ;
#1470 = LINE ( 'NONE', #2504, #2331 ) ;
#1471 = AXIS2_PLACEMENT_3D ( 'NONE', #1842, #526, #2413 ) ;
#1472 = ORIENTED_EDGE ( 'NONE', *, *, #1102, .T. ) ;
#1473 = EDGE_CURVE ( 'NONE', #624, #3003, #1723, .T. ) ;
#1474 = ORIENTED_EDGE ( 'NONE', *, *, #414, .T. ) ;
#1475 = DIRECTION ( 'NONE',  ( -1.000000000000000000, 0.000000000000000000, 0.000000000000000000 ) ) ;
#1476 = EDGE_CURVE ( 'NONE', #2963, #332, #1223, .T. ) ;
#1477 = LINE ( 'NONE', #2311, #3046 ) ;
#1478 = ADVANCED_FACE ( 'NONE', ( #146 ), #1480, .T. ) ;
#1479 = VERTEX_POINT ( 'NONE', #422 ) ;
#1480 = SPHERICAL_SURFACE ( 'NONE', #3422, 0.2000000000000000111 ) ;
#1481 = EDGE_CURVE ( 'NONE', #3052, #1344, #1063, .T. ) ;
#1482 = VERTEX_POINT ( 'NONE', #2645 ) ;
#1483 = CARTESIAN_POINT ( 'NONE',  ( -15.50000000000000000, 8.500000000000000000, -0.9999999999999945599 ) ) ;
#1484 = CARTESIAN_POINT ( 'NONE',  ( 20.80000000000000071, 0.2000000000000000111, 4.299999999999996270 ) ) ;
#1485 = CARTESIAN_POINT ( 'NONE',  ( -6.216092455583560398E-16, 0.2000000000000005107, -4.300000000000000711 ) ) ;
#1486 = ORIENTED_EDGE ( 'NONE', *, *, #2157, .T. ) ;
#1487 = AXIS2_PLACEMENT_3D ( 'NONE', #267, #2356, #2108 ) ;
#1488 = CIRCLE ( 'NONE', #107, 0.3999999999999993006 ) ;
#1489 = DIRECTION ( 'NONE',  ( 0.000000000000000000, 0.000000000000000000, 1.000000000000000000 ) ) ;
#1490 = EDGE_LOOP ( 'NONE', ( #567, #2848, #98, #1661 ) ) ;
#1491 = CARTESIAN_POINT ( 'NONE',  ( 13.70000000000000107, 7.799999999999995381, 4.699999999999999289 ) ) ;
#1492 = CARTESIAN_POINT ( 'NONE',  ( 5.000000000000002665, 0.2000000000000005107, 9.499999999999998224 ) ) ;
#1493 = CARTESIAN_POINT ( 'NONE',  ( 15.49999999999999289, 8.500000000000000000, -0.9999999999999945599 ) ) ;
#1494 = EDGE_CURVE ( 'NONE', #1821, #2721, #2661, .T. ) ;
#1495 = AXIS2_PLACEMENT_3D ( 'NONE', #2342, #2864, #1534 ) ;
#1496 = ORIENTED_EDGE ( 'NONE', *, *, #3309, .F. ) ;
#1497 = PLANE ( 'NONE',  #779 ) ;
#1498 = DIRECTION ( 'NONE',  ( -0.000000000000000000, -1.000000000000000000, -0.000000000000000000 ) ) ;
#1499 = VERTEX_POINT ( 'NONE', #2383 ) ;
#1500 = DIRECTION ( 'NONE',  ( -0.000000000000000000, -0.000000000000000000, 1.000000000000000000 ) ) ;
#1501 = AXIS2_PLACEMENT_3D ( 'NONE', #115, #2232, #2458 ) ;
#1502 = LINE ( 'NONE', #457, #750 ) ;
#1503 = AXIS2_PLACEMENT_3D ( 'NONE', #3234, #1579, #1655 ) ;
#1504 = CARTESIAN_POINT ( 'NONE',  ( -17.20000000000000639, 0.2000000000000005107, -2.699999999999993960 ) ) ;
#1505 = ORIENTED_EDGE ( 'NONE', *, *, #2697, .F. ) ;
#1506 = ORIENTED_EDGE ( 'NONE', *, *, #1208, .T. ) ;
#1507 = DIRECTION ( 'NONE',  ( -4.065758146820640148E-16, -1.000000000000000000, 0.000000000000000000 ) ) ;
#1508 = DIRECTION ( 'NONE',  ( 1.000000000000000000, -0.000000000000000000, -1.445602896647339410E-16 ) ) ;
#1509 = DIRECTION ( 'NONE',  ( 0.000000000000000000, -1.000000000000000000, 0.000000000000000000 ) ) ;
#1510 = ORIENTED_EDGE ( 'NONE', *, *, #1473, .T. ) ;
#1511 = DIRECTION ( 'NONE',  ( -1.239088197126290817E-16, 0.000000000000000000, -1.000000000000000000 ) ) ;
#1512 = CARTESIAN_POINT ( 'NONE',  ( -7.299999999999999822, 4.812110836234412048, 15.50000000000000178 ) ) ;
#1513 = ORIENTED_EDGE ( 'NONE', *, *, #803, .T. ) ;
#1514 = CARTESIAN_POINT ( 'NONE',  ( -5.199999999999995737, 0.2000000000000000111, 0.000000000000000000 ) ) ;
#1515 = VECTOR ( 'NONE', #1405, 1000.000000000000000 ) ;
#1516 = FACE_OUTER_BOUND ( 'NONE', #3048, .T. ) ;
#1517 = DIRECTION ( 'NONE',  ( -0.000000000000000000, -1.000000000000000000, 0.000000000000000000 ) ) ;
#1519 = EDGE_LOOP ( 'NONE', ( #2010, #1586, #2871, #2915 ) ) ;
#1518 = EDGE_CURVE ( 'NONE', #1639, #1556, #2900, .T. ) ;
#1520 = CIRCLE ( 'NONE', #1968, 0.1999999999999996503 ) ;
#1521 = EDGE_CURVE ( 'NONE', #2919, #1456, #791, .T. ) ;
#1522 = ORIENTED_EDGE ( 'NONE', *, *, #1941, .F. ) ;
#1523 = CARTESIAN_POINT ( 'NONE',  ( -7.500000000000000000, 1.999999999999999112, 15.50000000000000178 ) ) ;
#1524 = DIRECTION ( 'NONE',  ( -0.000000000000000000, -1.000000000000000000, -0.000000000000000000 ) ) ;
#1525 = ORIENTED_EDGE ( 'NONE', *, *, #1989, .T. ) ;
#1526 = CARTESIAN_POINT ( 'NONE',  ( -20.80000000000000426, 8.300000000000000711, -4.499999999999998224 ) ) ;
#1527 = DIRECTION ( 'NONE',  ( -1.000000000000000000, -6.424901762877064728E-17, -0.000000000000000000 ) ) ;
#1528 = ORIENTED_EDGE ( 'NONE', *, *, #207, .T. ) ;
#1529 = EDGE_CURVE ( 'NONE', #1171, #1556, #2214, .T. ) ;
#1530 = CARTESIAN_POINT ( 'NONE',  ( 5.000000000000002665, 0.2000000000000000111, 4.699999999999997513 ) ) ;
#1531 = ORIENTED_EDGE ( 'NONE', *, *, #1328, .T. ) ;
#1532 = LINE ( 'NONE', #3335, #3344 ) ;
#1533 = DIRECTION ( 'NONE',  ( -0.000000000000000000, -1.000000000000000000, 0.000000000000000000 ) ) ;
#1534 = DIRECTION ( 'NONE',  ( 0.000000000000000000, 0.000000000000000000, 1.000000000000000000 ) ) ;
#1535 = ORIENTED_EDGE ( 'NONE', *, *, #1883, .F. ) ;
#1536 = ADVANCED_FACE ( 'NONE', ( #770 ), #537, .T. ) ;
#1537 = ORIENTED_EDGE ( 'NONE', *, *, #2271, .F. ) ;
#1538 = CARTESIAN_POINT ( 'NONE',  ( -7.500000000000000000, 5.012110836234411337, 15.70000000000000284 ) ) ;
#1539 = EDGE_LOOP ( 'NONE', ( #2754, #1108, #1764, #1615 ) ) ;
#1540 = DIRECTION ( 'NONE',  ( 0.000000000000000000, 0.000000000000000000, 1.000000000000000000 ) ) ;
#1541 = AXIS2_PLACEMENT_3D ( 'NONE', #3057, #1464, #2537 ) ;
#1542 = LINE ( 'NONE', #470, #2694 ) ;
#1543 = STYLED_ITEM ( 'NONE', ( #2276 ), #2806 ) ;
#1544 = VECTOR ( 'NONE', #3054, 1000.000000000000000 ) ;
#1545 = FACE_OUTER_BOUND ( 'NONE', #1176, .T. ) ;
#1546 = CARTESIAN_POINT ( 'NONE',  ( 5.328079247643049798E-16, 0.2000000000000000111, 4.299999999999998934 ) ) ;
#1547 = DIRECTION ( 'NONE',  ( 1.000000000000000000, 0.000000000000000000, 0.000000000000000000 ) ) ;
#1548 = FACE_OUTER_BOUND ( 'NONE', #2535, .T. ) ;
#1549 = AXIS2_PLACEMENT_3D ( 'NONE', #3064, #117, #3044 ) ;
#1550 = VECTOR ( 'NONE', #688, 1000.000000000000000 ) ;
#1551 = CARTESIAN_POINT ( 'NONE',  ( -5.199999999999995737, 0.000000000000000000, 9.699999999999999289 ) ) ;
#1552 = ORIENTED_EDGE ( 'NONE', *, *, #3127, .F. ) ;
#1553 = AXIS2_PLACEMENT_3D ( 'NONE', #39, #3425, #2930 ) ;
#1554 = TOROIDAL_SURFACE ( 'NONE', #2464, 1.700000000000000622, 0.2000000000000000111 ) ;
#1555 = EDGE_CURVE ( 'NONE', #5, #2022, #1084, .T. ) ;
#1556 = VERTEX_POINT ( 'NONE', #22 ) ;
#1557 = CARTESIAN_POINT ( 'NONE',  ( -20.80000000000000426, 0.2000000000000000111, 4.300000000000001599 ) ) ;
#1558 = ORIENTED_EDGE ( 'NONE', *, *, #2719, .T. ) ;
#1559 = CARTESIAN_POINT ( 'NONE',  ( 0.000000000000000000, 8.300000000000000711, -2.699999999999993960 ) ) ;
#1560 = DIRECTION ( 'NONE',  ( 0.000000000000000000, -1.000000000000000000, 0.000000000000000000 ) ) ;
#1561 = ORIENTED_EDGE ( 'NONE', *, *, #2065, .T. ) ;
#1562 = DIRECTION ( 'NONE',  ( 1.000000000000000000, 0.000000000000000000, 0.000000000000000000 ) ) ;
#1563 = EDGE_LOOP ( 'NONE', ( #1694, #2855, #478, #1255 ) ) ;
#1564 = DIRECTION ( 'NONE',  ( 0.000000000000000000, 0.000000000000000000, 1.000000000000000000 ) ) ;
#1565 = FACE_OUTER_BOUND ( 'NONE', #1835, .T. ) ;
#1566 = AXIS2_PLACEMENT_3D ( 'NONE', #1796, #1533, #2341 ) ;
#1567 = CARTESIAN_POINT ( 'NONE',  ( -13.70000000000000107, 0.000000000000000000, 4.699999999999999289 ) ) ;
#1568 = EDGE_LOOP ( 'NONE', ( #906, #1165, #1363, #1422 ) ) ;
#1569 = DIRECTION ( 'NONE',  ( 0.000000000000000000, 0.000000000000000000, -1.000000000000000000 ) ) ;
#1570 = AXIS2_PLACEMENT_3D ( 'NONE', #453, #703, #740 ) ;
#1571 = VERTEX_POINT ( 'NONE', #2616 ) ;
#1572 = VECTOR ( 'NONE', #1819, 1000.000000000000000 ) ;
#1573 = CARTESIAN_POINT ( 'NONE',  ( 20.80000000000000071, 0.2000000000000005107, 0.000000000000000000 ) ) ;
#1574 = VERTEX_POINT ( 'NONE', #2917 ) ;
#1575 = UNCERTAINTY_MEASURE_WITH_UNIT (LENGTH_MEASURE( 1.000000000000000082E-05 ), #1457, 'distance_accuracy_value', 'NONE');
#1576 = CARTESIAN_POINT ( 'NONE',  ( 7.299999999999999822, 4.812110836234412048, 15.50000000000000178 ) ) ;
#1577 = APPLICATION_CONTEXT ( 'automotive_design' ) ;
#1578 = CARTESIAN_POINT ( 'NONE',  ( 0.000000000000000000, 0.2000000000000000111, 25.30000000000000426 ) ) ;
#1579 = DIRECTION ( 'NONE',  ( 0.000000000000000000, 1.000000000000000000, 0.000000000000000000 ) ) ;
#1580 = ORIENTED_EDGE ( 'NONE', *, *, #1078, .F. ) ;
#1581 = DIRECTION ( 'NONE',  ( 1.000000000000000000, 0.000000000000000000, 0.000000000000000000 ) ) ;
#1582 = VERTEX_POINT ( 'NONE', #1576 ) ;
#1583 = CARTESIAN_POINT ( 'NONE',  ( 1.500000000000000666, -2.000000000000005329, 21.14777711195929299 ) ) ;
#1584 = DIRECTION ( 'NONE',  ( -6.424901762877056100E-17, 1.000000000000000000, 0.000000000000000000 ) ) ;
#1585 = DIRECTION ( 'NONE',  ( 0.000000000000000000, 0.000000000000000000, 1.000000000000000000 ) ) ;
#1586 = ORIENTED_EDGE ( 'NONE', *, *, #2865, .F. ) ;
#1587 = DIRECTION ( 'NONE',  ( -1.000000000000000000, -0.000000000000000000, -0.000000000000000000 ) ) ;
#1588 = EDGE_CURVE ( 'NONE', #877, #2176, #246, .T. ) ;
#1589 = VERTEX_POINT ( 'NONE', #260 ) ;
#1590 = EDGE_CURVE ( 'NONE', #3052, #3393, #1698, .T. ) ;
#1591 = CARTESIAN_POINT ( 'NONE',  ( -2.500000000000000000, 1.999999999999999556, 25.30000000000000426 ) ) ;
#1592 = EDGE_LOOP ( 'NONE', ( #2410, #387, #2197 ) ) ;
#1593 = DIRECTION ( 'NONE',  ( 1.000000000000000000, -0.000000000000000000, -1.239088197126290817E-16 ) ) ;
#1594 = CARTESIAN_POINT ( 'NONE',  ( -2.700000000000000178, 0.2000000000000000111, 25.30000000000000426 ) ) ;
#1595 = EDGE_CURVE ( 'NONE', #2769, #1571, #2364, .T. ) ;
#1596 = CARTESIAN_POINT ( 'NONE',  ( 20.80000000000000071, 0.000000000000000000, 4.299999999999996270 ) ) ;
#1597 = ORIENTED_EDGE ( 'NONE', *, *, #3189, .T. ) ;
#1598 = AXIS2_PLACEMENT_3D ( 'NONE', #2198, #631, #1145 ) ;
#1599 = DIRECTION ( 'NONE',  ( 1.000000000000000000, -0.000000000000000000, -1.239088197126290817E-16 ) ) ;
#1600 = ORIENTED_EDGE ( 'NONE', *, *, #2096, .T. ) ;
#1601 = DIRECTION ( 'NONE',  ( -0.000000000000000000, 1.000000000000000000, 0.000000000000000000 ) ) ;
#1602 = LINE ( 'NONE', #325, #241 ) ;
#1603 = VECTOR ( 'NONE', #569, 1000.000000000000000 ) ;
#1604 = CARTESIAN_POINT ( 'NONE',  ( 7.500000000000000000, 5.012110836234411337, 15.70000000000000284 ) ) ;
#1605 = EDGE_LOOP ( 'NONE', ( #2666, #2164, #1023, #1714 ) ) ;
#1606 = CARTESIAN_POINT ( 'NONE',  ( -2.295957541734002835E-16, 8.300000000000000711, 0.9000000000000009104 ) ) ;
#1607 = AXIS2_PLACEMENT_3D ( 'NONE', #3287, #3303, #410 ) ;
#1608 = DIRECTION ( 'NONE',  ( 0.000000000000000000, 1.000000000000000000, -0.000000000000000000 ) ) ;
#1609 = AXIS2_PLACEMENT_3D ( 'NONE', #1886, #2945, #2436 ) ;
#1610 = ORIENTED_EDGE ( 'NONE', *, *, #2743, .T. ) ;
#1611 = COLOUR_RGB ( '',0.7921568627450980005, 0.8196078431372548767, 0.9333333333333333481 ) ;
#1612 = VECTOR ( 'NONE', #646, 1000.000000000000000 ) ;
#1613 = CARTESIAN_POINT ( 'NONE',  ( -17.20000000000000639, 8.300000000000000711, 0.7000000000000052847 ) ) ;
#1614 = AXIS2_PLACEMENT_3D ( 'NONE', #2362, #2951, #571 ) ;
#1615 = ORIENTED_EDGE ( 'NONE', *, *, #2316, .F. ) ;
#1616 = CARTESIAN_POINT ( 'NONE',  ( 17.19999999999999929, 8.500000000000000000, 0.9000000000000052403 ) ) ;
#1617 = CARTESIAN_POINT ( 'NONE',  ( 5.000000000000003553, -13.00000000000000711, 4.699999999999997513 ) ) ;
#1618 = DIRECTION ( 'NONE',  ( -1.000000000000000000, 0.000000000000000000, 0.000000000000000000 ) ) ;
#1619 = VERTEX_POINT ( 'NONE', #1616 ) ;
#1620 = DIRECTION ( 'NONE',  ( -0.000000000000000000, 1.000000000000000000, -0.000000000000000000 ) ) ;
#1621 = ORIENTED_EDGE ( 'NONE', *, *, #1455, .F. ) ;
#1622 = DIRECTION ( 'NONE',  ( 0.000000000000000000, 1.000000000000000000, 0.000000000000000000 ) ) ;
#1623 = DIRECTION ( 'NONE',  ( 0.000000000000000000, 0.000000000000000000, -1.000000000000000000 ) ) ;
#1624 = LINE ( 'NONE', #1112, #495 ) ;
#1625 = ORIENTED_EDGE ( 'NONE', *, *, #1167, .T. ) ;
#1626 = DIRECTION ( 'NONE',  ( 1.000000000000000000, -0.000000000000000000, -0.000000000000000000 ) ) ;
#1627 = CARTESIAN_POINT ( 'NONE',  ( 17.19999999999999929, 0.2000000000000000111, -2.899999999999994138 ) ) ;
#1628 = ADVANCED_FACE ( 'NONE', ( #3409 ), #301, .T. ) ;
#1629 = ADVANCED_FACE ( 'NONE', ( #42 ), #1166, .T. ) ;
#1630 = ORIENTED_EDGE ( 'NONE', *, *, #914, .T. ) ;
#1631 = VECTOR ( 'NONE', #522, 1000.000000000000000 ) ;
#1632 = ADVANCED_FACE ( 'NONE', ( #2886 ), #2121, .F. ) ;
#1633 = CIRCLE ( 'NONE', #463, 0.4000000000000001887 ) ;
#1634 = CARTESIAN_POINT ( 'NONE',  ( 20.80000000000000071, 0.2000000000000005107, -4.300000000000003375 ) ) ;
#1635 = ORIENTED_EDGE ( 'NONE', *, *, #1964, .F. ) ;
#1636 = CARTESIAN_POINT ( 'NONE',  ( 17.19999999999999218, 0.000000000000000000, -0.9999999999999945599 ) ) ;
#1637 = CARTESIAN_POINT ( 'NONE',  ( -13.70000000000000107, 7.799999999999993605, 4.500000000000000888 ) ) ;
#1638 = AXIS2_PLACEMENT_3D ( 'NONE', #1484, #214, #998 ) ;
#1639 = VERTEX_POINT ( 'NONE', #2349 ) ;
#1640 = LINE ( 'NONE', #1916, #1003 ) ;
#1641 = VERTEX_POINT ( 'NONE', #1029 ) ;
#1642 = DIRECTION ( 'NONE',  ( 6.424901762877065960E-17, -1.000000000000000000, -7.961019942076871768E-33 ) ) ;
#1643 = DIRECTION ( 'NONE',  ( 0.000000000000000000, 0.000000000000000000, 1.000000000000000000 ) ) ;
#1644 = EDGE_CURVE ( 'NONE', #3052, #683, #1289, .T. ) ;
#1645 = FACE_OUTER_BOUND ( 'NONE', #1434, .T. ) ;
#1646 = ORIENTED_EDGE ( 'NONE', *, *, #3226, .T. ) ;
#1647 = FACE_OUTER_BOUND ( 'NONE', #404, .T. ) ;
#1648 = PLANE ( 'NONE',  #1168 ) ;
#1649 = EDGE_CURVE ( 'NONE', #3074, #2687, #3139, .T. ) ;
#1650 = ORIENTED_EDGE ( 'NONE', *, *, #2764, .T. ) ;
#1651 = DIRECTION ( 'NONE',  ( 0.000000000000000000, 1.000000000000000000, -0.000000000000000000 ) ) ;
#1652 = ORIENTED_EDGE ( 'NONE', *, *, #1481, .F. ) ;
#1653 = LINE ( 'NONE', #893, #3265 ) ;
#1654 = EDGE_CURVE ( 'NONE', #2326, #3074, #3095, .T. ) ;
#1655 = DIRECTION ( 'NONE',  ( 0.000000000000000000, 0.000000000000000000, 1.000000000000000000 ) ) ;
#1656 = DIRECTION ( 'NONE',  ( 0.000000000000000000, -0.000000000000000000, -1.000000000000000000 ) ) ;
#1657 = EDGE_LOOP ( 'NONE', ( #1395, #208, #2682, #2642 ) ) ;
#1658 = CARTESIAN_POINT ( 'NONE',  ( 7.500000000000000000, 2.000000000000000888, 25.41715728752537728 ) ) ;
#1659 = DIRECTION ( 'NONE',  ( 0.000000000000000000, 1.000000000000000000, -0.000000000000000000 ) ) ;
#1660 = CARTESIAN_POINT ( 'NONE',  ( -20.80000000000000426, 0.000000000000000000, 4.300000000000001599 ) ) ;
#1661 = ORIENTED_EDGE ( 'NONE', *, *, #118, .F. ) ;
#1662 = DIRECTION ( 'NONE',  ( 0.000000000000000000, 0.000000000000000000, -1.000000000000000000 ) ) ;
#1663 = DIRECTION ( 'NONE',  ( 0.000000000000000000, 1.000000000000000000, 0.000000000000000000 ) ) ;
#1664 = CIRCLE ( 'NONE', #1054, 0.1999999999999996503 ) ;
#1665 = AXIS2_PLACEMENT_3D ( 'NONE', #2495, #2469, #2516 ) ;
#1666 = VERTEX_POINT ( 'NONE', #1377 ) ;
#1667 = VECTOR ( 'NONE', #2654, 1000.000000000000000 ) ;
#1668 = ADVANCED_FACE ( 'NONE', ( #2209 ), #2446, .T. ) ;
#1669 = DIRECTION ( 'NONE',  ( 1.000000000000000000, 0.000000000000000000, -0.000000000000000000 ) ) ;
#1670 = EDGE_LOOP ( 'NONE', ( #483, #2774, #1088, #2668 ) ) ;
#1671 = AXIS2_PLACEMENT_3D ( 'NONE', #298, #1834, #787 ) ;
#1672 = DIRECTION ( 'NONE',  ( 1.000000000000000000, 6.424901762877064728E-17, -1.239088197126290817E-16 ) ) ;
#1673 = AXIS2_PLACEMENT_3D ( 'NONE', #1061, #2884, #500 ) ;
#1674 = DIRECTION ( 'NONE',  ( 0.000000000000000000, 1.000000000000000000, 0.000000000000000000 ) ) ;
#1675 = ORIENTED_EDGE ( 'NONE', *, *, #3040, .T. ) ;
#1676 = DIRECTION ( 'NONE',  ( -6.424901762877065960E-17, 1.000000000000000000, 7.961019942076871768E-33 ) ) ;
#1677 = DIRECTION ( 'NONE',  ( 1.000000000000000000, 0.000000000000000000, -1.239088197126290817E-16 ) ) ;
#1678 = DIRECTION ( 'NONE',  ( 0.000000000000000000, 0.000000000000000000, -1.000000000000000000 ) ) ;
#1679 = ORIENTED_EDGE ( 'NONE', *, *, #493, .F. ) ;
#1680 = DIRECTION ( 'NONE',  ( 0.000000000000000000, -1.000000000000000000, 0.000000000000000000 ) ) ;
#1681 = ORIENTED_EDGE ( 'NONE', *, *, #2327, .T. ) ;
#1682 = EDGE_CURVE ( 'NONE', #105, #2705, #613, .T. ) ;
#1683 = DIRECTION ( 'NONE',  ( 0.000000000000000000, 0.000000000000000000, 1.000000000000000000 ) ) ;
#1684 = VECTOR ( 'NONE', #2306, 1000.000000000000000 ) ;
#1685 = ORIENTED_EDGE ( 'NONE', *, *, #1748, .T. ) ;
#1686 = DIRECTION ( 'NONE',  ( 0.000000000000000000, 1.000000000000000000, 0.000000000000000000 ) ) ;
#1687 = CIRCLE ( 'NONE', #2853, 0.1999999999999987899 ) ;
#1688 = ADVANCED_FACE ( 'NONE', ( #3250 ), #1929, .T. ) ;
#1689 = CARTESIAN_POINT ( 'NONE',  ( -4.799999999999997158, 7.799999999999989164, 4.699999999999999289 ) ) ;
#1690 = EDGE_CURVE ( 'NONE', #683, #2370, #2505, .T. ) ;
#1691 = ORIENTED_EDGE ( 'NONE', *, *, #3145, .T. ) ;
#1692 = DIRECTION ( 'NONE',  ( 0.000000000000000000, 0.000000000000000000, 1.000000000000000000 ) ) ;
#1693 = FACE_OUTER_BOUND ( 'NONE', #3353, .T. ) ;
#1694 = ORIENTED_EDGE ( 'NONE', *, *, #589, .F. ) ;
#1695 = DIRECTION ( 'NONE',  ( -0.000000000000000000, -1.000000000000000000, -0.000000000000000000 ) ) ;
#1696 = ORIENTED_EDGE ( 'NONE', *, *, #1529, .T. ) ;
#1697 = EDGE_CURVE ( 'NONE', #747, #3061, #1820, .T. ) ;
#1698 =( BOUNDED_CURVE ( )  B_SPLINE_CURVE ( 3, ( #2684, #1303, #826, #1872 ),
 .UNSPECIFIED., .F., .F. ) 
 B_SPLINE_CURVE_WITH_KNOTS ( ( 4, 4 ),
 ( 0.000000000000000000, 1.570796326794896558 ),
 .UNSPECIFIED. ) 
 CURVE ( )  GEOMETRIC_REPRESENTATION_ITEM ( )  RATIONAL_B_SPLINE_CURVE ( ( 1.000000000000000000, 0.8047378541243649375, 0.8047378541243649375, 1.000000000000000000 ) ) 
 REPRESENTATION_ITEM ( '' )  );
#1699 = DIRECTION ( 'NONE',  ( -0.000000000000000000, -0.000000000000000000, -1.000000000000000000 ) ) ;
#1700 = ORIENTED_EDGE ( 'NONE', *, *, #1376, .F. ) ;
#1701 = EDGE_LOOP ( 'NONE', ( #3213, #345, #2313, #1967 ) ) ;
#1702 = CARTESIAN_POINT ( 'NONE',  ( 7.500000000000000000, 5.012110836234411337, 15.50000000000000178 ) ) ;
#1703 = LINE ( 'NONE', #2773, #282 ) ;
#1704 = ORIENTED_EDGE ( 'NONE', *, *, #2969, .F. ) ;
#1705 = LINE ( 'NONE', #2761, #604 ) ;
#1706 = DIRECTION ( 'NONE',  ( -0.000000000000000000, 1.000000000000000000, -0.000000000000000000 ) ) ;
#1707 = ADVANCED_FACE ( 'NONE', ( #1913 ), #1945, .T. ) ;
#1708 = EDGE_CURVE ( 'NONE', #2185, #1582, #1322, .T. ) ;
#1709 = EDGE_CURVE ( 'NONE', #3346, #2592, #491, .T. ) ;
#1710 = ADVANCED_FACE ( 'NONE', ( #864 ), #2973, .F. ) ;
#1711 = DIRECTION ( 'NONE',  ( 0.000000000000000000, 0.000000000000000000, 1.000000000000000000 ) ) ;
#1712 = SPHERICAL_SURFACE ( 'NONE', #1392, 0.2000000000000000111 ) ;
#1713 = VECTOR ( 'NONE', #1676, 1000.000000000000000 ) ;
#1714 = ORIENTED_EDGE ( 'NONE', *, *, #2096, .F. ) ;
#1715 = AXIS2_PLACEMENT_3D ( 'NONE', #2772, #96, #1156 ) ;
#1716 = ORIENTED_EDGE ( 'NONE', *, *, #1654, .F. ) ;
#1717 = DIRECTION ( 'NONE',  ( -0.000000000000000000, 1.000000000000000000, -0.000000000000000000 ) ) ;
#1718 = CARTESIAN_POINT ( 'NONE',  ( 0.000000000000000000, 0.000000000000000000, 0.000000000000000000 ) ) ;
#1719 = DIRECTION ( 'NONE',  ( -1.000000000000000000, 0.000000000000000000, 0.000000000000000000 ) ) ;
#1720 = CIRCLE ( 'NONE', #2174, 1.899999999999999467 ) ;
#1721 = DIRECTION ( 'NONE',  ( -6.424901762877065960E-17, 1.000000000000000000, 0.000000000000000000 ) ) ;
#1722 = ORIENTED_EDGE ( 'NONE', *, *, #2220, .F. ) ;
#1723 = LINE ( 'NONE', #2795, #273 ) ;
#1724 = CARTESIAN_POINT ( 'NONE',  ( -5.199999999999996625, 7.799999999999989164, 4.699999999999999289 ) ) ;
#1725 = CIRCLE ( 'NONE', #2679, 0.1999999999999996503 ) ;
#1726 = DIRECTION ( 'NONE',  ( -0.000000000000000000, 1.000000000000000000, -0.000000000000000000 ) ) ;
#1727 = ADVANCED_FACE ( 'NONE', ( #1962 ), #333, .F. ) ;
#1728 = CARTESIAN_POINT ( 'NONE',  ( -17.20000000000000639, 0.000000000000000000, 0.9000000000000052403 ) ) ;
#1729 = EDGE_CURVE ( 'NONE', #2176, #3000, #1653, .T. ) ;
#1730 = ORIENTED_EDGE ( 'NONE', *, *, #371, .F. ) ;
#1731 = EDGE_CURVE ( 'NONE', #2084, #1582, #366, .T. ) ;
#1732 = EDGE_CURVE ( 'NONE', #3007, #2084, #2054, .T. ) ;
#1733 = EDGE_LOOP ( 'NONE', ( #2941, #1947, #710, #275 ) ) ;
#1734 = FACE_OUTER_BOUND ( 'NONE', #2095, .T. ) ;
#1735 = CARTESIAN_POINT ( 'NONE',  ( -5.199999999999995737, 0.000000000000000000, 9.699999999999999289 ) ) ;
#1736 = CIRCLE ( 'NONE', #1074, 0.2000000000000000944 ) ;
#1737 = DIRECTION ( 'NONE',  ( -1.000000000000000000, 0.000000000000000000, 0.000000000000000000 ) ) ;
#1738 = EDGE_CURVE ( 'NONE', #2087, #624, #2168, .T. ) ;
#1739 = CIRCLE ( 'NONE', #20, 0.2000000000000005107 ) ;
#1740 = DIRECTION ( 'NONE',  ( 0.000000000000000000, 0.000000000000000000, 1.000000000000000000 ) ) ;
#1741 = ORIENTED_EDGE ( 'NONE', *, *, #2839, .F. ) ;
#1742 = CARTESIAN_POINT ( 'NONE',  ( 2.500000000000000000, 1.999999999999999556, 25.30000000000000426 ) ) ;
#1743 = CIRCLE ( 'NONE', #24, 0.1999999999999996503 ) ;
#1744 = CARTESIAN_POINT ( 'NONE',  ( -2.500000000000000000, 2.199999999999999734, 15.50000000000000178 ) ) ;
#1745 = CARTESIAN_POINT ( 'NONE',  ( -1.908195823574488543E-16, 2.200000000000000178, 15.70000000000000284 ) ) ;
#1746 = CYLINDRICAL_SURFACE ( 'NONE', #2049, 0.2000000000000005107 ) ;
#1747 = EDGE_LOOP ( 'NONE', ( #3187, #1679, #446, #27 ) ) ;
#1748 = EDGE_CURVE ( 'NONE', #2721, #1909, #2217, .T. ) ;
#1749 = ORIENTED_EDGE ( 'NONE', *, *, #1987, .F. ) ;
#1750 =( LENGTH_UNIT ( ) NAMED_UNIT ( * ) SI_UNIT ( .MILLI., .METRE. ) );
#1751 = FACE_OUTER_BOUND ( 'NONE', #955, .T. ) ;
#1752 = CARTESIAN_POINT ( 'NONE',  ( -17.20000000000000639, 8.500000000000000000, 0.7000000000000052847 ) ) ;
#1753 = DIRECTION ( 'NONE',  ( 0.000000000000000000, 0.000000000000000000, -1.000000000000000000 ) ) ;
#1754 = ORIENTED_EDGE ( 'NONE', *, *, #2471, .T. ) ;
#1755 = CYLINDRICAL_SURFACE ( 'NONE', #838, 0.1999999999999987899 ) ;
#1756 = DIRECTION ( 'NONE',  ( 0.000000000000000000, -1.000000000000000000, 0.000000000000000000 ) ) ;
#1757 = EDGE_CURVE ( 'NONE', #3291, #1090, #1884, .T. ) ;
#1758 = DIRECTION ( 'NONE',  ( 1.000000000000000000, 0.000000000000000000, 0.000000000000000000 ) ) ;
#1759 = DIRECTION ( 'NONE',  ( 0.000000000000000000, -0.000000000000000000, -1.000000000000000000 ) ) ;
#1760 = CYLINDRICAL_SURFACE ( 'NONE', #1411, 0.1999999999999987899 ) ;
#1761 = EDGE_LOOP ( 'NONE', ( #2282, #121, #2089 ) ) ;
#1762 = CIRCLE ( 'NONE', #3205, 0.2000000000000000944 ) ;
#1763 = AXIS2_PLACEMENT_3D ( 'NONE', #436, #3331, #160 ) ;
#1764 = ORIENTED_EDGE ( 'NONE', *, *, #1590, .F. ) ;
#1765 = CARTESIAN_POINT ( 'NONE',  ( 15.49999999999999289, 0.2000000000000000111, -2.899999999999994138 ) ) ;
#1766 = CARTESIAN_POINT ( 'NONE',  ( -7.500000000000000000, 5.012110836234411337, 25.30000000000000426 ) ) ;
#1767 = EDGE_CURVE ( 'NONE', #2353, #1589, #432, .T. ) ;
#1768 = AXIS2_PLACEMENT_3D ( 'NONE', #1636, #3357, #514 ) ;
#1769 = FACE_OUTER_BOUND ( 'NONE', #398, .T. ) ;
#1770 = VERTEX_POINT ( 'NONE', #958 ) ;
#1771 = CARTESIAN_POINT ( 'NONE',  ( 5.000000000000002665, 0.1999999999999970690, 9.499999999999998224 ) ) ;
#1772 = DIRECTION ( 'NONE',  ( 0.000000000000000000, 0.000000000000000000, 1.000000000000000000 ) ) ;
#1773 = VECTOR ( 'NONE', #311, 1000.000000000000000 ) ;
#1774 = EDGE_CURVE ( 'NONE', #1285, #2397, #3086, .T. ) ;
#1775 = ORIENTED_EDGE ( 'NONE', *, *, #2263, .F. ) ;
#1776 = DIRECTION ( 'NONE',  ( -1.000000000000000000, -0.000000000000000000, 0.000000000000000000 ) ) ;
#1777 = ORIENTED_EDGE ( 'NONE', *, *, #2348, .F. ) ;
#1778 = CARTESIAN_POINT ( 'NONE',  ( 20.80000000000000071, 0.2000000000000005107, -4.300000000000003375 ) ) ;
#1779 = VECTOR ( 'NONE', #2088, 1000.000000000000000 ) ;
#1780 = DIRECTION ( 'NONE',  ( -0.000000000000000000, 1.000000000000000000, 0.000000000000000000 ) ) ;
#1781 = AXIS2_PLACEMENT_3D ( 'NONE', #1493, #1254, #3329 ) ;
#1782 = CARTESIAN_POINT ( 'NONE',  ( -21.00000000000000355, 0.2000000000000000111, -4.299999999999998046 ) ) ;
#1783 = ORIENTED_EDGE ( 'NONE', *, *, #2719, .F. ) ;
#1784 = ORIENTED_EDGE ( 'NONE', *, *, #2218, .T. ) ;
#1785 = DIRECTION ( 'NONE',  ( 0.000000000000000000, 1.000000000000000000, 0.000000000000000000 ) ) ;
#1786 = DIRECTION ( 'NONE',  ( -0.000000000000000000, -0.000000000000000000, 1.000000000000000000 ) ) ;
#1787 = EDGE_CURVE ( 'NONE', #1909, #535, #1477, .T. ) ;
#1788 = SPHERICAL_SURFACE ( 'NONE', #1671, 0.2000000000000000111 ) ;
#1789 = ORIENTED_EDGE ( 'NONE', *, *, #713, .T. ) ;
#1790 = DIRECTION ( 'NONE',  ( 8.673617379884037937E-17, -1.000000000000000000, 0.000000000000000000 ) ) ;
#1791 = CARTESIAN_POINT ( 'NONE',  ( -20.80000000000000426, 0.2000000000000000111, 4.500000000000001776 ) ) ;
#1792 = VECTOR ( 'NONE', #31, 1000.000000000000000 ) ;
#1793 = EDGE_CURVE ( 'NONE', #1288, #1190, #2883, .T. ) ;
#1794 = AXIS2_PLACEMENT_3D ( 'NONE', #1085, #538, #2707 ) ;
#1795 = DIRECTION ( 'NONE',  ( 1.000000000000000000, -0.000000000000000000, 0.000000000000000000 ) ) ;
#1796 = CARTESIAN_POINT ( 'NONE',  ( 13.70000000000000107, 0.1999999999999996503, 4.699999999999999289 ) ) ;
#1797 = ORIENTED_EDGE ( 'NONE', *, *, #736, .T. ) ;
#1798 = VECTOR ( 'NONE', #2339, 1000.000000000000000 ) ;
#1799 = EDGE_LOOP ( 'NONE', ( #7, #3261, #1730, #264 ) ) ;
#1800 = FACE_OUTER_BOUND ( 'NONE', #1905, .T. ) ;
#1801 = EDGE_LOOP ( 'NONE', ( #178, #1646, #1375 ) ) ;
#1802 = CARTESIAN_POINT ( 'NONE',  ( 7.500000000000000000, 2.000000000000000888, 15.50000000000000178 ) ) ;
#1803 = CYLINDRICAL_SURFACE ( 'NONE', #1570, 0.2000000000000000944 ) ;
#1804 = LINE ( 'NONE', #2621, #2 ) ;
#1805 = EDGE_CURVE ( 'NONE', #2592, #1144, #2807, .T. ) ;
#1806 = CYLINDRICAL_SURFACE ( 'NONE', #1955, 0.1999999999999996503 ) ;
#1807 = DIRECTION ( 'NONE',  ( 1.000000000000000000, 2.602085213965211135E-16, 0.000000000000000000 ) ) ;
#1808 = CARTESIAN_POINT ( 'NONE',  ( 17.19999999999999218, 8.500000000000000000, -0.9999999999999945599 ) ) ;
#1809 = EDGE_CURVE ( 'NONE', #3243, #1898, #712, .T. ) ;
#1810 = EDGE_CURVE ( 'NONE', #1770, #1241, #256, .T. ) ;
#1811 = EDGE_CURVE ( 'NONE', #3289, #817, #194, .T. ) ;
#1812 = CYLINDRICAL_SURFACE ( 'NONE', #3426, 0.1999999999999996503 ) ;
#1813 = VERTEX_POINT ( 'NONE', #2834 ) ;
#1814 = VERTEX_POINT ( 'NONE', #448 ) ;
#1815 = DIRECTION ( 'NONE',  ( 1.000000000000000000, 0.000000000000000000, 0.000000000000000000 ) ) ;
#1816 = ORIENTED_EDGE ( 'NONE', *, *, #2416, .F. ) ;
#1817 = CARTESIAN_POINT ( 'NONE',  ( -2.500000000000000000, 1.999999999999999556, 25.30000000000000426 ) ) ;
#1818 = AXIS2_PLACEMENT_3D ( 'NONE', #1413, #1686, #319 ) ;
#1819 = DIRECTION ( 'NONE',  ( 1.000000000000000000, 6.424901762877064728E-17, -0.000000000000000000 ) ) ;
#1820 = CIRCLE ( 'NONE', #1665, 0.1999999999999987899 ) ;
#1821 = VERTEX_POINT ( 'NONE', #2560 ) ;
#1822 = CARTESIAN_POINT ( 'NONE',  ( 13.50000000000000000, 0.1999999999999996503, 25.50000000000000355 ) ) ;
#1823 = ORIENTED_EDGE ( 'NONE', *, *, #1644, .F. ) ;
#1824 = CARTESIAN_POINT ( 'NONE',  ( -21.00000000000000355, 0.000000000000000000, -4.299999999999998046 ) ) ;
#1825 = DIRECTION ( 'NONE',  ( -6.424901762877064728E-17, 1.000000000000000000, -0.000000000000000000 ) ) ;
#1826 = CARTESIAN_POINT ( 'NONE',  ( 7.699999999999999289, 5.212110836234411515, 25.50000000000000355 ) ) ;
#1827 = FACE_OUTER_BOUND ( 'NONE', #820, .T. ) ;
#1828 = ORIENTED_EDGE ( 'NONE', *, *, #2440, .F. ) ;
#1829 = AXIS2_PLACEMENT_3D ( 'NONE', #2245, #1415, #2745 ) ;
#1830 = TOROIDAL_SURFACE ( 'NONE', #1400, 0.4000000000000000222, 0.2000000000000000111 ) ;
#1831 = VECTOR ( 'NONE', #658, 1000.000000000000000 ) ;
#1832 = ORIENTED_EDGE ( 'NONE', *, *, #1805, .T. ) ;
#1833 = EDGE_CURVE ( 'NONE', #1190, #2050, #2296, .T. ) ;
#1834 = DIRECTION ( 'NONE',  ( 0.000000000000000000, 1.000000000000000000, 0.000000000000000000 ) ) ;
#1835 = EDGE_LOOP ( 'NONE', ( #687, #2608, #2890, #1038 ) ) ;
#1836 = DIRECTION ( 'NONE',  ( 1.000000000000000000, 0.000000000000000000, 0.000000000000000000 ) ) ;
#1837 = DIRECTION ( 'NONE',  ( -1.000000000000000000, -6.424901762877064728E-17, 1.239088197126290817E-16 ) ) ;
#1838 = LINE ( 'NONE', #1341, #2994 ) ;
#1839 = ORIENTED_EDGE ( 'NONE', *, *, #2249, .T. ) ;
#1840 = DIRECTION ( 'NONE',  ( 0.000000000000000000, 0.000000000000000000, 1.000000000000000000 ) ) ;
#1841 = ORIENTED_EDGE ( 'NONE', *, *, #2008, .T. ) ;
#1842 = CARTESIAN_POINT ( 'NONE',  ( 5.200000000000001066, 7.799999999999989164, 4.699999999999997513 ) ) ;
#1843 = CARTESIAN_POINT ( 'NONE',  ( -15.50000000000000000, 0.2000000000000005107, 0.9000000000000049072 ) ) ;
#1844 = CLOSED_SHELL ( 'NONE', ( #1433, #764, #2346, #2378, #3103, #1301, #727, #674, #696, #2868, #3190, #2441, #2799, #2858, #2094, #109, #821, #986, #2838, #220, #2863, #3006, #3113, #1454, #102, #144, #1710, #1632, #1925, #563, #528, #489, #2916, #3314, #1008, #492, #3374, #1373, #711, #2028, #3168, #1707, #1267, #158, #2252, #3332, #2308, #355, #2683, #2590, #2323, #1628, #2154, #496, #2237, #1350, #755, #607, #44, #1478, #183, #928, #1150, #294, #1249, #3188, #1380, #3391, #2591, #2138, #1963, #1688, #2589, #2646, #1130, #3313, #912, #3318, #2115, #1910, #3209, #947, #2442, #734, #536, #411, #1417, #502, #2509, #2701, #2966, #2614, #2524, #2394, #1727, #2071, #1983, #2527, #969, #1853, #1266, #2775, #244, #825, #2258, #2782, #1123, #2819, #1923, #2699, #122, #1629, #3240, #694, #3068, #1139, #2867, #1536, #1668, #3358, #2423, #3276, #650, #3182, #2822 ) ) ;
#1845 = AXIS2_PLACEMENT_3D ( 'NONE', #1385, #1050, #289 ) ;
#1846 = DIRECTION ( 'NONE',  ( -0.000000000000000000, -1.000000000000000000, 0.000000000000000000 ) ) ;
#1847 = ORIENTED_EDGE ( 'NONE', *, *, #1188, .F. ) ;
#1848 = CARTESIAN_POINT ( 'NONE',  ( 2.700000000000000178, 0.2000000000000000111, 15.70000000000000284 ) ) ;
#1849 = CARTESIAN_POINT ( 'NONE',  ( -15.50000000000000000, 8.500000000000000000, 0.9000000000000049072 ) ) ;
#1850 = AXIS2_PLACEMENT_3D ( 'NONE', #2617, #2334, #1242 ) ;
#1851 = VERTEX_POINT ( 'NONE', #3072 ) ;
#1852 = AXIS2_PLACEMENT_3D ( 'NONE', #1277, #2057, #3351 ) ;
#1853 = ADVANCED_FACE ( 'NONE', ( #2278 ), #783, .F. ) ;
#1854 = DIRECTION ( 'NONE',  ( -2.551063935260000137E-16, 0.000000000000000000, -1.000000000000000000 ) ) ;
#1855 = ORIENTED_EDGE ( 'NONE', *, *, #1188, .T. ) ;
#1856 = DIRECTION ( 'NONE',  ( -1.000000000000000000, 0.000000000000000000, 1.445602896647339410E-16 ) ) ;
#1857 = CARTESIAN_POINT ( 'NONE',  ( 13.50000000000000000, 7.999999999999994671, 25.50000000000000355 ) ) ;
#1858 = CYLINDRICAL_SURFACE ( 'NONE', #499, 0.1999999999999996503 ) ;
#1859 = EDGE_LOOP ( 'NONE', ( #976, #3405, #1137, #2030 ) ) ;
#1860 = DIRECTION ( 'NONE',  ( 0.000000000000000000, -1.000000000000000000, 0.000000000000000000 ) ) ;
#1861 = ORIENTED_EDGE ( 'NONE', *, *, #801, .T. ) ;
#1862 = DIRECTION ( 'NONE',  ( 1.000000000000000000, 0.000000000000000000, -1.239088197126290817E-16 ) ) ;
#1863 = CYLINDRICAL_SURFACE ( 'NONE', #156, 0.2000000000000000944 ) ;
#1864 = DIRECTION ( 'NONE',  ( -0.000000000000000000, -0.000000000000000000, -1.000000000000000000 ) ) ;
#1865 = CARTESIAN_POINT ( 'NONE',  ( 5.200000000000001066, 7.799999999999989164, 9.499999999999998224 ) ) ;
#1866 = ORIENTED_EDGE ( 'NONE', *, *, #3295, .F. ) ;
#1867 = CARTESIAN_POINT ( 'NONE',  ( 13.29999999999999893, 0.1999999999999996503, 4.699999999999999289 ) ) ;
#1868 = DIRECTION ( 'NONE',  ( 0.000000000000000000, 0.000000000000000000, -1.000000000000000000 ) ) ;
#1869 = ORIENTED_EDGE ( 'NONE', *, *, #315, .T. ) ;
#1870 = DIRECTION ( 'NONE',  ( 1.000000000000000000, -0.000000000000000000, -0.000000000000000000 ) ) ;
#1871 = ORIENTED_EDGE ( 'NONE', *, *, #847, .F. ) ;
#1872 = CARTESIAN_POINT ( 'NONE',  ( 2.299999999999999822, 2.199999999999999734, 15.50000000000000178 ) ) ;
#1873 = DIRECTION ( 'NONE',  ( 0.000000000000000000, 0.000000000000000000, -1.000000000000000000 ) ) ;
#1874 = CIRCLE ( 'NONE', #161, 0.1999999999999996503 ) ;
#1875 = DIRECTION ( 'NONE',  ( 6.424901762877065960E-17, -1.000000000000000000, 0.000000000000000000 ) ) ;
#1876 = ORIENTED_EDGE ( 'NONE', *, *, #1877, .T. ) ;
#1877 = EDGE_CURVE ( 'NONE', #1416, #2027, #2243, .T. ) ;
#1878 = CIRCLE ( 'NONE', #379, 1.899999999999999467 ) ;
#1879 = DIRECTION ( 'NONE',  ( -1.000000000000000000, -8.673617379884037937E-17, -0.000000000000000000 ) ) ;
#1880 = ORIENTED_EDGE ( 'NONE', *, *, #310, .F. ) ;
#1881 = FACE_OUTER_BOUND ( 'NONE', #3149, .T. ) ;
#1882 = SPHERICAL_SURFACE ( 'NONE', #2753, 0.2000000000000000111 ) ;
#1883 = EDGE_CURVE ( 'NONE', #540, #2802, #1937, .T. ) ;
#1884 = CIRCLE ( 'NONE', #3211, 0.1999999999999987899 ) ;
#1885 = EDGE_CURVE ( 'NONE', #1264, #1821, #995, .T. ) ;
#1886 = CARTESIAN_POINT ( 'NONE',  ( -13.29999999999999893, 0.2000000000000000111, 25.30000000000000426 ) ) ;
#1887 = ORIENTED_EDGE ( 'NONE', *, *, #586, .T. ) ;
#1888 = SPHERICAL_SURFACE ( 'NONE', #839, 0.2000000000000000111 ) ;
#1889 = VECTOR ( 'NONE', #584, 1000.000000000000000 ) ;
#1890 = AXIS2_PLACEMENT_3D ( 'NONE', #3359, #2579, #1287 ) ;
#1891 = ORIENTED_EDGE ( 'NONE', *, *, #3121, .F. ) ;
#1892 = CIRCLE ( 'NONE', #941, 1.699999999999999512 ) ;
#1893 = DIRECTION ( 'NONE',  ( 0.000000000000000000, 0.000000000000000000, 1.000000000000000000 ) ) ;
#1894 = VERTEX_POINT ( 'NONE', #1977 ) ;
#1895 = CARTESIAN_POINT ( 'NONE',  ( 7.417157287525380838, 2.082842712474619606, 15.50000000000000178 ) ) ;
#1896 = CARTESIAN_POINT ( 'NONE',  ( -13.50000000000000178, 8.199999999999993960, 4.699999999999999289 ) ) ;
#1897 = PLANE ( 'NONE',  #2556 ) ;
#1898 = VERTEX_POINT ( 'NONE', #1253 ) ;
#1899 = CARTESIAN_POINT ( 'NONE',  ( 0.000000000000000000, 8.300000000000000711, -2.899999999999994138 ) ) ;
#1900 = ORIENTED_EDGE ( 'NONE', *, *, #2220, .T. ) ;
#1901 = DIRECTION ( 'NONE',  ( 0.000000000000000000, -1.000000000000000000, 0.000000000000000000 ) ) ;
#1902 = CARTESIAN_POINT ( 'NONE',  ( -4.999999999999996447, 7.799999999999982059, 9.499999999999998224 ) ) ;
#1903 = EDGE_CURVE ( 'NONE', #245, #704, #3101, .T. ) ;
#1904 = DIRECTION ( 'NONE',  ( 0.000000000000000000, 0.000000000000000000, -1.000000000000000000 ) ) ;
#1905 = EDGE_LOOP ( 'NONE', ( #1155, #1300, #769, #1467 ) ) ;
#1906 = VECTOR ( 'NONE', #2421, 1000.000000000000000 ) ;
#1907 = FACE_OUTER_BOUND ( 'NONE', #3017, .T. ) ;
#1908 = VECTOR ( 'NONE', #1259, 1000.000000000000000 ) ;
#1909 = VERTEX_POINT ( 'NONE', #1461 ) ;
#1910 = ADVANCED_FACE ( 'NONE', ( #680 ), #3296, .F. ) ;
#1911 =( NAMED_UNIT ( * ) SI_UNIT ( $, .STERADIAN. ) SOLID_ANGLE_UNIT ( ) );
#1912 = ORIENTED_EDGE ( 'NONE', *, *, #766, .F. ) ;
#1913 = FACE_OUTER_BOUND ( 'NONE', #2814, .T. ) ;
#1914 = CARTESIAN_POINT ( 'NONE',  ( -4.799999999999996270, 0.2000000000000005107, 4.699999999999999289 ) ) ;
#1915 = FACE_OUTER_BOUND ( 'NONE', #1733, .T. ) ;
#1916 = CARTESIAN_POINT ( 'NONE',  ( -2.500000000000000000, 1.999999999999999556, 15.70000000000000284 ) ) ;
#1917 = VERTEX_POINT ( 'NONE', #2533 ) ;
#1918 = CARTESIAN_POINT ( 'NONE',  ( 0.000000000000000000, 8.500000000000000000, -2.699999999999993960 ) ) ;
#1919 = CARTESIAN_POINT ( 'NONE',  ( 7.500000000000000000, 1.800000000000000711, 25.30000000000000426 ) ) ;
#1920 = CARTESIAN_POINT ( 'NONE',  ( -17.20000000000000639, 8.300000000000000711, 0.9000000000000052403 ) ) ;
#1921 = EDGE_LOOP ( 'NONE', ( #2925, #1062, #730, #124 ) ) ;
#1922 = LINE ( 'NONE', #1114, #3065 ) ;
#1923 = ADVANCED_FACE ( 'NONE', ( #141 ), #614, .T. ) ;
#1924 = CARTESIAN_POINT ( 'NONE',  ( 20.99999999999999645, 0.2000000000000005107, 0.000000000000000000 ) ) ;
#1925 = ADVANCED_FACE ( 'NONE', ( #799 ), #1648, .F. ) ;
#1926 = ORIENTED_EDGE ( 'NONE', *, *, #2582, .T. ) ;
#1927 = CARTESIAN_POINT ( 'NONE',  ( 5.200000000000001066, 7.999999999999994671, 4.699999999999996625 ) ) ;
#1928 = EDGE_LOOP ( 'NONE', ( #1610, #1469, #2428, #503 ) ) ;
#1929 = SPHERICAL_SURFACE ( 'NONE', #1818, 0.2000000000000000111 ) ;
#1930 = LINE ( 'NONE', #940, #3 ) ;
#1931 = ORIENTED_EDGE ( 'NONE', *, *, #2218, .F. ) ;
#1932 = CARTESIAN_POINT ( 'NONE',  ( -13.29999999999999893, 0.2000000000000000111, 25.30000000000000426 ) ) ;
#1933 = CARTESIAN_POINT ( 'NONE',  ( 15.49999999999999289, 0.000000000000000000, -2.899999999999994138 ) ) ;
#1934 = CIRCLE ( 'NONE', #550, 0.2000000000000005107 ) ;
#1935 = CYLINDRICAL_SURFACE ( 'NONE', #2508, 0.2000000000000005107 ) ;
#1936 = LINE ( 'NONE', #374, #946 ) ;
#1937 = CIRCLE ( 'NONE', #1435, 0.4000000000000010214 ) ;
#1938 = VECTOR ( 'NONE', #3133, 1000.000000000000000 ) ;
#1939 = ORIENTED_EDGE ( 'NONE', *, *, #396, .T. ) ;
#1940 = VECTOR ( 'NONE', #2354, 1000.000000000000000 ) ;
#1941 = EDGE_CURVE ( 'NONE', #590, #338, #2426, .T. ) ;
#1942 = CARTESIAN_POINT ( 'NONE',  ( -4.999999999999996447, 7.799999999999989164, 4.699999999999999289 ) ) ;
#1943 = VERTEX_POINT ( 'NONE', #2717 ) ;
#1944 = CIRCLE ( 'NONE', #1233, 0.4000000000000001887 ) ;
#1945 = SPHERICAL_SURFACE ( 'NONE', #1274, 0.2000000000000000111 ) ;
#1946 = CARTESIAN_POINT ( 'NONE',  ( -2.700000000000000178, 1.799999999999999600, 25.50000000000000355 ) ) ;
#1947 = ORIENTED_EDGE ( 'NONE', *, *, #2476, .T. ) ;
#1948 = CYLINDRICAL_SURFACE ( 'NONE', #935, 0.1999999999999987899 ) ;
#1949 = DIRECTION ( 'NONE',  ( -6.424901762877064728E-17, 1.000000000000000000, -0.000000000000000000 ) ) ;
#1950 = PLANE ( 'NONE',  #2672 ) ;
#1951 = ORIENTED_EDGE ( 'NONE', *, *, #205, .T. ) ;
#1952 = EDGE_CURVE ( 'NONE', #972, #1943, #2933, .T. ) ;
#1953 = FACE_BOUND ( 'NONE', #2289, .T. ) ;
#1954 = ORIENTED_EDGE ( 'NONE', *, *, #200, .F. ) ;
#1955 = AXIS2_PLACEMENT_3D ( 'NONE', #1546, #1862, #8 ) ;
#1956 = CYLINDRICAL_SURFACE ( 'NONE', #2401, 0.2000000000000005107 ) ;
#1957 = VERTEX_POINT ( 'NONE', #3227 ) ;
#1958 = EDGE_CURVE ( 'NONE', #1090, #145, #16, .T. ) ;
#1959 = VECTOR ( 'NONE', #1706, 1000.000000000000000 ) ;
#1960 = ORIENTED_EDGE ( 'NONE', *, *, #1020, .T. ) ;
#1961 = EDGE_CURVE ( 'NONE', #1144, #1917, #819, .T. ) ;
#1962 = FACE_OUTER_BOUND ( 'NONE', #1110, .T. ) ;
#1963 = ADVANCED_FACE ( 'NONE', ( #1140 ), #1888, .T. ) ;
#1964 = EDGE_CURVE ( 'NONE', #1909, #1482, #665, .T. ) ;
#1965 = AXIS2_PLACEMENT_3D ( 'NONE', #1745, #473, #2587 ) ;
#1966 = DIRECTION ( 'NONE',  ( 1.000000000000000000, 0.000000000000000000, 0.000000000000000000 ) ) ;
#1967 = ORIENTED_EDGE ( 'NONE', *, *, #2606, .F. ) ;
#1968 = AXIS2_PLACEMENT_3D ( 'NONE', #2435, #3217, #3163 ) ;
#1969 = CARTESIAN_POINT ( 'NONE',  ( -13.50000000000000000, 7.799999999999993605, 4.699999999999999289 ) ) ;
#1970 = CARTESIAN_POINT ( 'NONE',  ( -15.50000000000000000, 0.000000000000000000, 0.9000000000000049072 ) ) ;
#1971 = CARTESIAN_POINT ( 'NONE',  ( 13.50000000000000000, 0.1999999999999996503, 4.699999999999999289 ) ) ;
#1972 = CYLINDRICAL_SURFACE ( 'NONE', #1549, 0.2000000000000005107 ) ;
#1973 = EDGE_LOOP ( 'NONE', ( #153, #3018, #3299, #159 ) ) ;
#1974 = DIRECTION ( 'NONE',  ( -1.000000000000000000, 0.000000000000000000, -0.000000000000000000 ) ) ;
#1975 = CARTESIAN_POINT ( 'NONE',  ( -7.500000000000000000, 1.799999999999999156, 25.50000000000000355 ) ) ;
#1976 = ORIENTED_EDGE ( 'NONE', *, *, #1979, .F. ) ;
#1977 = CARTESIAN_POINT ( 'NONE',  ( 20.99999999999999645, 0.2000000000000005107, 4.299999999999996270 ) ) ;
#1978 = DIRECTION ( 'NONE',  ( 0.000000000000000000, 1.000000000000000000, -0.000000000000000000 ) ) ;
#1979 = EDGE_CURVE ( 'NONE', #1241, #2087, #438, .T. ) ;
#1980 = ORIENTED_EDGE ( 'NONE', *, *, #219, .T. ) ;
#1981 = CARTESIAN_POINT ( 'NONE',  ( -20.80000000000000426, 8.300000000000000711, 0.000000000000000000 ) ) ;
#1982 = CARTESIAN_POINT ( 'NONE',  ( 20.99999999999999645, 8.500000000000000000, 0.000000000000000000 ) ) ;
#1983 = ADVANCED_FACE ( 'NONE', ( #3245 ), #3203, .T. ) ;
#1984 = CARTESIAN_POINT ( 'NONE',  ( 5.000000000000001776, 7.799999999999982059, 9.499999999999998224 ) ) ;
#1985 = EDGE_CURVE ( 'NONE', #1307, #2343, #2610, .T. ) ;
#1986 = DIRECTION ( 'NONE',  ( -0.000000000000000000, -0.000000000000000000, 1.000000000000000000 ) ) ;
#1987 = EDGE_CURVE ( 'NONE', #1894, #811, #2949, .T. ) ;
#1988 = VECTOR ( 'NONE', #1325, 1000.000000000000000 ) ;
#1989 = EDGE_CURVE ( 'NONE', #972, #439, #1097, .T. ) ;
#1990 = ORIENTED_EDGE ( 'NONE', *, *, #914, .F. ) ;
#1991 = VECTOR ( 'NONE', #505, 1000.000000000000000 ) ;
#1992 = AXIS2_PLACEMENT_3D ( 'NONE', #1193, #1398, #3280 ) ;
#1993 = ORIENTED_EDGE ( 'NONE', *, *, #200, .T. ) ;
#1994 = CYLINDRICAL_SURFACE ( 'NONE', #954, 0.2000000000000000944 ) ;
#1995 = ORIENTED_EDGE ( 'NONE', *, *, #1729, .F. ) ;
#1996 = DIRECTION ( 'NONE',  ( 0.000000000000000000, 0.000000000000000000, 1.000000000000000000 ) ) ;
#1997 = VECTOR ( 'NONE', #3079, 1000.000000000000000 ) ;
#1998 = CARTESIAN_POINT ( 'NONE',  ( -13.29999999999999893, 7.799999999999993605, 25.30000000000000426 ) ) ;
#1999 = CIRCLE ( 'NONE', #1182, 0.1999999999999999833 ) ;
#2000 = EDGE_LOOP ( 'NONE', ( #1391, #2878, #1777 ) ) ;
#2001 = DIRECTION ( 'NONE',  ( 1.000000000000000000, 0.000000000000000000, 0.000000000000000000 ) ) ;
#2002 = DIRECTION ( 'NONE',  ( -1.000000000000000000, 0.000000000000000000, 0.000000000000000000 ) ) ;
#2003 = AXIS2_PLACEMENT_3D ( 'NONE', #2940, #1656, #560 ) ;
#2004 = ORIENTED_EDGE ( 'NONE', *, *, #2503, .F. ) ;
#2005 = LINE ( 'NONE', #3060, #1550 ) ;
#2006 = DIRECTION ( 'NONE',  ( -0.000000000000000000, -1.000000000000000000, -0.000000000000000000 ) ) ;
#2007 = DIRECTION ( 'NONE',  ( 0.000000000000000000, 0.000000000000000000, -1.000000000000000000 ) ) ;
#2008 = EDGE_CURVE ( 'NONE', #2087, #721, #1115, .T. ) ;
#2009 = VERTEX_POINT ( 'NONE', #2377 ) ;
#2010 = ORIENTED_EDGE ( 'NONE', *, *, #3247, .T. ) ;
#2011 =( NAMED_UNIT ( * ) SI_UNIT ( $, .STERADIAN. ) SOLID_ANGLE_UNIT ( ) );
#2012 = EDGE_LOOP ( 'NONE', ( #3310, #2620 ) ) ;
#2013 = VECTOR ( 'NONE', #2460, 1000.000000000000000 ) ;
#2014 = DIRECTION ( 'NONE',  ( -1.000000000000000000, -0.000000000000000000, -0.000000000000000000 ) ) ;
#2015 = EDGE_CURVE ( 'NONE', #105, #794, #2990, .T. ) ;
#2016 = AXIS2_PLACEMENT_3D ( 'NONE', #2691, #3417, #833 ) ;
#2017 = CARTESIAN_POINT ( 'NONE',  ( -2.500000000000000000, 1.799999999999999600, 25.30000000000000426 ) ) ;
#2018 = VERTEX_POINT ( 'NONE', #1849 ) ;
#2019 = DIRECTION ( 'NONE',  ( 1.239088197126290817E-16, -0.000000000000000000, 1.000000000000000000 ) ) ;
#2020 = CARTESIAN_POINT ( 'NONE',  ( -13.29999999999999893, 7.799999999999993605, 4.699999999999999289 ) ) ;
#2021 = AXIS2_PLACEMENT_3D ( 'NONE', #719, #2566, #1772 ) ;
#2022 = VERTEX_POINT ( 'NONE', #2173 ) ;
#2023 = AXIS2_PLACEMENT_3D ( 'NONE', #1914, #3080, #2319 ) ;
#2024 = DIRECTION ( 'NONE',  ( 1.000000000000000000, 0.000000000000000000, 0.000000000000000000 ) ) ;
#2025 = LINE ( 'NONE', #706, #582 ) ;
#2026 = CYLINDRICAL_SURFACE ( 'NONE', #1077, 0.1999999999999996503 ) ;
#2027 = VERTEX_POINT ( 'NONE', #36 ) ;
#2028 = ADVANCED_FACE ( 'NONE', ( #1907 ), #3167, .T. ) ;
#2029 = APPLICATION_PROTOCOL_DEFINITION ( 'draft international standard', 'automotive_design', 1998, #1577 ) ;
#2030 = ORIENTED_EDGE ( 'NONE', *, *, #1326, .F. ) ;
#2031 = FACE_BOUND ( 'NONE', #382, .T. ) ;
#2032 = DIRECTION ( 'NONE',  ( -1.000000000000000000, 0.000000000000000000, 0.000000000000000000 ) ) ;
#2033 = EDGE_LOOP ( 'NONE', ( #2931, #2403, #3066, #2649 ) ) ;
#2034 = DIRECTION ( 'NONE',  ( 1.000000000000000000, -0.000000000000000000, -0.000000000000000000 ) ) ;
#2035 = DIRECTION ( 'NONE',  ( 0.000000000000000000, 0.000000000000000000, 1.000000000000000000 ) ) ;
#2036 = DIRECTION ( 'NONE',  ( -1.000000000000000000, -6.424901762877064728E-17, 1.239088197126290817E-16 ) ) ;
#2037 = DIRECTION ( 'NONE',  ( 1.000000000000000000, 0.000000000000000000, 0.000000000000000000 ) ) ;
#2038 = CARTESIAN_POINT ( 'NONE',  ( 13.29999999999999893, 0.000000000000000000, 25.30000000000000426 ) ) ;
#2039 = FACE_OUTER_BOUND ( 'NONE', #1220, .T. ) ;
#2040 = ORIENTED_EDGE ( 'NONE', *, *, #1481, .T. ) ;
#2041 = EDGE_CURVE ( 'NONE', #1917, #2873, #2798, .T. ) ;
#2042 = CIRCLE ( 'NONE', #2929, 0.2000000000000000944 ) ;
#2043 = ORIENTED_EDGE ( 'NONE', *, *, #2510, .F. ) ;
#2044 = DIRECTION ( 'NONE',  ( 1.000000000000000000, 0.000000000000000000, 0.000000000000000000 ) ) ;
#2045 = EDGE_CURVE ( 'NONE', #338, #1571, #2480, .T. ) ;
#2046 = CARTESIAN_POINT ( 'NONE',  ( -13.50000000000000000, 0.2000000000000000111, 25.50000000000000355 ) ) ;
#2047 = EDGE_CURVE ( 'NONE', #2027, #1042, #2461, .T. ) ;
#2048 = LINE ( 'NONE', #553, #225 ) ;
#2049 = AXIS2_PLACEMENT_3D ( 'NONE', #348, #1409, #2752 ) ;
#2050 = VERTEX_POINT ( 'NONE', #626 ) ;
#2051 = DIRECTION ( 'NONE',  ( 0.000000000000000000, 1.000000000000000000, 0.000000000000000000 ) ) ;
#2052 = CARTESIAN_POINT ( 'NONE',  ( 17.19999999999999929, 8.300000000000000711, 0.9000000000000052403 ) ) ;
#2053 = VECTOR ( 'NONE', #1500, 1000.000000000000000 ) ;
#2054 =( BOUNDED_CURVE ( )  B_SPLINE_CURVE ( 3, ( #909, #3019, #1895, #2706 ),
 .UNSPECIFIED., .F., .F. ) 
 B_SPLINE_CURVE_WITH_KNOTS ( ( 4, 4 ),
 ( 0.000000000000000000, 1.570796326794896558 ),
 .UNSPECIFIED. ) 
 CURVE ( )  GEOMETRIC_REPRESENTATION_ITEM ( )  RATIONAL_B_SPLINE_CURVE ( ( 1.000000000000000000, 0.8047378541243649375, 0.8047378541243649375, 1.000000000000000000 ) ) 
 REPRESENTATION_ITEM ( '' )  );
#2055 = DIRECTION ( 'NONE',  ( 0.000000000000000000, 1.000000000000000000, 0.000000000000000000 ) ) ;
#2056 = ORIENTED_EDGE ( 'NONE', *, *, #1774, .F. ) ;
#2057 = DIRECTION ( 'NONE',  ( 6.424901762877064728E-17, -1.000000000000000000, 0.000000000000000000 ) ) ;
#2058 = CARTESIAN_POINT ( 'NONE',  ( -4.799999999999997158, 7.799999999999989164, 4.500000000000000000 ) ) ;
#2059 = AXIS2_PLACEMENT_3D ( 'NONE', #1170, #1699, #2466 ) ;
#2060 = VERTEX_POINT ( 'NONE', #919 ) ;
#2061 = EDGE_CURVE ( 'NONE', #2361, #306, #2765, .T. ) ;
#2062 = EDGE_LOOP ( 'NONE', ( #1696, #2651, #2382 ) ) ;
#2063 = EDGE_CURVE ( 'NONE', #2737, #2120, #3098, .T. ) ;
#2064 = DIRECTION ( 'NONE',  ( -0.000000000000000000, 1.000000000000000000, 0.000000000000000000 ) ) ;
#2065 = EDGE_CURVE ( 'NONE', #1571, #2087, #1470, .T. ) ;
#2066 = CARTESIAN_POINT ( 'NONE',  ( 2.700000000000000178, 1.999999999999999556, 25.30000000000000426 ) ) ;
#2067 = EDGE_CURVE ( 'NONE', #2434, #3406, #114, .T. ) ;
#2068 = EDGE_CURVE ( 'NONE', #1171, #1894, #1936, .T. ) ;
#2069 = ORIENTED_EDGE ( 'NONE', *, *, #3256, .F. ) ;
#2070 = DIRECTION ( 'NONE',  ( 0.000000000000000000, 0.000000000000000000, -1.000000000000000000 ) ) ;
#2071 = ADVANCED_FACE ( 'NONE', ( #902 ), #1972, .T. ) ;
#2072 = CARTESIAN_POINT ( 'NONE',  ( -15.50000000000000000, 8.500000000000000000, -0.9999999999999945599 ) ) ;
#2073 = AXIS2_PLACEMENT_3D ( 'NONE', #2638, #544, #1584 ) ;
#2074 = DIRECTION ( 'NONE',  ( -6.424901762877064728E-17, 1.000000000000000000, -0.000000000000000000 ) ) ;
#2075 = VECTOR ( 'NONE', #1560, 1000.000000000000000 ) ;
#2076 = DIRECTION ( 'NONE',  ( 0.000000000000000000, -1.000000000000000000, 0.000000000000000000 ) ) ;
#2077 = LINE ( 'NONE', #951, #466 ) ;
#2078 = DIRECTION ( 'NONE',  ( 0.000000000000000000, -1.000000000000000000, 0.000000000000000000 ) ) ;
#2079 = DIRECTION ( 'NONE',  ( 0.000000000000000000, 1.000000000000000000, 0.000000000000000000 ) ) ;
#2080 = EDGE_LOOP ( 'NONE', ( #1993, #3216, #854, #1202 ) ) ;
#2081 = TOROIDAL_SURFACE ( 'NONE', #1471, 0.4000000000000000222, 0.2000000000000000111 ) ;
#2082 = ORIENTED_EDGE ( 'NONE', *, *, #611, .F. ) ;
#2083 = FACE_OUTER_BOUND ( 'NONE', #3377, .T. ) ;
#2084 = VERTEX_POINT ( 'NONE', #151 ) ;
#2085 = CARTESIAN_POINT ( 'NONE',  ( 2.500000000000000000, 8.823848374344898047E-16, 15.70000000000000284 ) ) ;
#2086 = LINE ( 'NONE', #3140, #1572 ) ;
#2087 = VERTEX_POINT ( 'NONE', #2269 ) ;
#2088 = DIRECTION ( 'NONE',  ( -1.000000000000000000, 0.000000000000000000, 2.551063935260000137E-16 ) ) ;
#2089 = ORIENTED_EDGE ( 'NONE', *, *, #2743, .F. ) ;
#2090 = LINE ( 'NONE', #1824, #2526 ) ;
#2091 = LINE ( 'NONE', #1583, #657 ) ;
#2092 = DIRECTION ( 'NONE',  ( -1.000000000000000000, 0.000000000000000000, 0.000000000000000000 ) ) ;
#2093 = LINE ( 'NONE', #2924, #1667 ) ;
#2095 = EDGE_LOOP ( 'NONE', ( #1083, #111, #2307, #351 ) ) ;
#2094 = ADVANCED_FACE ( 'NONE', ( #1953, #1452, #1163 ), #92, .T. ) ;
#2096 = EDGE_CURVE ( 'NONE', #1317, #2434, #673, .T. ) ;
#2097 = ORIENTED_EDGE ( 'NONE', *, *, #1697, .F. ) ;
#2098 = CIRCLE ( 'NONE', #1487, 0.2000000000000005107 ) ;
#2099 = DIRECTION ( 'NONE',  ( 0.000000000000000000, 0.000000000000000000, -1.000000000000000000 ) ) ;
#2100 = ORIENTED_EDGE ( 'NONE', *, *, #517, .F. ) ;
#2101 = CARTESIAN_POINT ( 'NONE',  ( 2.500000000000000000, 1.999999999999999556, 15.50000000000000178 ) ) ;
#2102 = FACE_OUTER_BOUND ( 'NONE', #1048, .T. ) ;
#2103 = VECTOR ( 'NONE', #155, 1000.000000000000000 ) ;
#2104 = DIRECTION ( 'NONE',  ( 0.000000000000000000, 0.000000000000000000, -1.000000000000000000 ) ) ;
#2105 = EDGE_LOOP ( 'NONE', ( #1410, #1214, #1113, #1722 ) ) ;
#2106 = CARTESIAN_POINT ( 'NONE',  ( 5.328079247643049798E-16, 0.2000000000000000111, 4.299999999999998934 ) ) ;
#2107 = EDGE_LOOP ( 'NONE', ( #2831, #2497, #697, #2487 ) ) ;
#2108 = DIRECTION ( 'NONE',  ( 0.000000000000000000, 0.000000000000000000, 1.000000000000000000 ) ) ;
#2109 = CARTESIAN_POINT ( 'NONE',  ( 7.299999999999999822, 0.000000000000000000, 15.70000000000000284 ) ) ;
#2110 = AXIS2_PLACEMENT_3D ( 'NONE', #1312, #2893, #512 ) ;
#2111 = VECTOR ( 'NONE', #344, 1000.000000000000000 ) ;
#2112 = CARTESIAN_POINT ( 'NONE',  ( -20.80000000000000426, 8.500000000000000000, 4.300000000000001599 ) ) ;
#2113 = VERTEX_POINT ( 'NONE', #1728 ) ;
#2114 = CIRCLE ( 'NONE', #1122, 0.1999999999999996503 ) ;
#2115 = ADVANCED_FACE ( 'NONE', ( #692 ), #1746, .T. ) ;
#2116 = DIRECTION ( 'NONE',  ( 1.000000000000000000, 0.000000000000000000, 0.000000000000000000 ) ) ;
#2117 = AXIS2_PLACEMENT_3D ( 'NONE', #996, #2055, #484 ) ;
#2118 = EDGE_LOOP ( 'NONE', ( #1652, #2676, #2360, #1129 ) ) ;
#2119 = CARTESIAN_POINT ( 'NONE',  ( 2.295957541734002835E-16, 8.300000000000000711, 0.9000000000000009104 ) ) ;
#2120 = VERTEX_POINT ( 'NONE', #2233 ) ;
#2121 = PLANE ( 'NONE',  #3042 ) ;
#2122 = DIRECTION ( 'NONE',  ( 0.000000000000000000, 0.000000000000000000, 1.000000000000000000 ) ) ;
#2123 = CARTESIAN_POINT ( 'NONE',  ( -13.50000000000000000, 2.573143907056673828E-17, 25.50000000000000355 ) ) ;
#2124 = ORIENTED_EDGE ( 'NONE', *, *, #41, .T. ) ;
#2125 = CYLINDRICAL_SURFACE ( 'NONE', #343, 0.2000000000000000944 ) ;
#2126 = VERTEX_POINT ( 'NONE', #361 ) ;
#2127 = CARTESIAN_POINT ( 'NONE',  ( 5.000000000000002665, 0.1999999999999970690, 9.499999999999998224 ) ) ;
#2128 = FACE_OUTER_BOUND ( 'NONE', #2626, .T. ) ;
#2129 = VECTOR ( 'NONE', #1111, 1000.000000000000000 ) ;
#2130 = CARTESIAN_POINT ( 'NONE',  ( -4.999999999999995559, 0.08284271247461903742, 9.499999999999998224 ) ) ;
#2131 = ORIENTED_EDGE ( 'NONE', *, *, #1338, .F. ) ;
#2132 = CARTESIAN_POINT ( 'NONE',  ( -13.29999999999999893, 7.799999999999993605, 25.30000000000000426 ) ) ;
#2133 = DIRECTION ( 'NONE',  ( 1.000000000000000000, 0.000000000000000000, 0.000000000000000000 ) ) ;
#2134 = CIRCLE ( 'NONE', #1356, 0.1999999999999999833 ) ;
#2135 = EDGE_LOOP ( 'NONE', ( #3420, #1990, #2264, #3084 ) ) ;
#2136 = DIRECTION ( 'NONE',  ( 0.000000000000000000, 2.574980159653077370E-15, -1.000000000000000000 ) ) ;
#2137 = EDGE_LOOP ( 'NONE', ( #2696, #1010, #140, #2896 ) ) ;
#2138 = ADVANCED_FACE ( 'NONE', ( #1421 ), #1712, .T. ) ;
#2139 = CARTESIAN_POINT ( 'NONE',  ( -21.00000000000000355, 8.500000000000000000, 4.300000000000001599 ) ) ;
#2140 = CARTESIAN_POINT ( 'NONE',  ( 7.500000000000000000, 5.012110836234411337, 25.41715728752538794 ) ) ;
#2141 = EDGE_CURVE ( 'NONE', #1499, #2376, #2523, .T. ) ;
#2142 = CARTESIAN_POINT ( 'NONE',  ( -4.999999999999996447, 7.799999999999982059, 9.499999999999998224 ) ) ;
#2143 = ORIENTED_EDGE ( 'NONE', *, *, #789, .F. ) ;
#2144 = CARTESIAN_POINT ( 'NONE',  ( 2.700000000000000178, 0.2000000000000000944, 25.30000000000000426 ) ) ;
#2145 = EDGE_LOOP ( 'NONE', ( #1691, #2043, #1053, #2986 ) ) ;
#2146 = DIRECTION ( 'NONE',  ( 0.000000000000000000, 0.000000000000000000, 1.000000000000000000 ) ) ;
#2147 = DIRECTION ( 'NONE',  ( 0.000000000000000000, 0.000000000000000000, -1.000000000000000000 ) ) ;
#2148 = DIRECTION ( 'NONE',  ( -0.000000000000000000, 1.000000000000000000, -0.000000000000000000 ) ) ;
#2149 = VERTEX_POINT ( 'NONE', #3027 ) ;
#2150 = DIRECTION ( 'NONE',  ( -1.445602896647341628E-16, 0.000000000000000000, -1.000000000000000000 ) ) ;
#2151 = DIRECTION ( 'NONE',  ( 1.000000000000000000, 0.000000000000000000, 0.000000000000000000 ) ) ;
#2152 = ORIENTED_EDGE ( 'NONE', *, *, #760, .F. ) ;
#2153 = EDGE_CURVE ( 'NONE', #515, #2902, #133, .T. ) ;
#2154 = ADVANCED_FACE ( 'NONE', ( #1827 ), #3165, .T. ) ;
#2155 = FACE_OUTER_BOUND ( 'NONE', #741, .T. ) ;
#2156 = ORIENTED_EDGE ( 'NONE', *, *, #449, .F. ) ;
#2157 = EDGE_CURVE ( 'NONE', #2050, #2120, #2877, .T. ) ;
#2158 = DIRECTION ( 'NONE',  ( -2.551063935259999151E-16, 0.000000000000000000, 1.000000000000000000 ) ) ;
#2159 = DIRECTION ( 'NONE',  ( -0.000000000000000000, -0.000000000000000000, 1.000000000000000000 ) ) ;
#2160 = AXIS2_PLACEMENT_3D ( 'NONE', #51, #1622, #2146 ) ;
#2161 = DIRECTION ( 'NONE',  ( 1.000000000000000000, 0.000000000000000000, 0.000000000000000000 ) ) ;
#2162 = EDGE_LOOP ( 'NONE', ( #1650, #1597, #1158 ) ) ;
#2163 = AXIS2_PLACEMENT_3D ( 'NONE', #3037, #324, #1384 ) ;
#2164 = ORIENTED_EDGE ( 'NONE', *, *, #1232, .F. ) ;
#2165 = LINE ( 'NONE', #2371, #2575 ) ;
#2166 = DIRECTION ( 'NONE',  ( 0.000000000000000000, -1.000000000000000000, -2.574980159653077370E-15 ) ) ;
#2167 = LINE ( 'NONE', #1070, #804 ) ;
#2168 = CIRCLE ( 'NONE', #2384, 0.1999999999999987899 ) ;
#2169 = CARTESIAN_POINT ( 'NONE',  ( 17.19999999999999929, 8.500000000000000000, 0.7000000000000052847 ) ) ;
#2170 = ORIENTED_EDGE ( 'NONE', *, *, #3040, .F. ) ;
#2171 = CARTESIAN_POINT ( 'NONE',  ( -7.299999999999999822, 2.199999999999999289, 15.50000000000000178 ) ) ;
#2172 = VECTOR ( 'NONE', #3146, 1000.000000000000000 ) ;
#2173 = CARTESIAN_POINT ( 'NONE',  ( 5.200000000000001954, 0.000000000000000000, 9.699999999999999289 ) ) ;
#2174 = AXIS2_PLACEMENT_3D ( 'NONE', #1483, #440, #3350 ) ;
#2175 = AXIS2_PLACEMENT_3D ( 'NONE', #3136, #768, #990 ) ;
#2176 = VERTEX_POINT ( 'NONE', #1280 ) ;
#2177 =( BOUNDED_CURVE ( )  B_SPLINE_CURVE ( 3, ( #1551, #1022, #2130, #3183 ),
 .UNSPECIFIED., .F., .F. ) 
 B_SPLINE_CURVE_WITH_KNOTS ( ( 4, 4 ),
 ( 4.712388980384689674, 6.283185307179571133 ),
 .UNSPECIFIED. ) 
 CURVE ( )  GEOMETRIC_REPRESENTATION_ITEM ( )  RATIONAL_B_SPLINE_CURVE ( ( 1.000000000000000000, 0.8047378541243649375, 0.8047378541243649375, 1.000000000000000000 ) ) 
 REPRESENTATION_ITEM ( '' )  );
#2178 = VECTOR ( 'NONE', #2860, 1000.000000000000000 ) ;
#2179 = FACE_OUTER_BOUND ( 'NONE', #1701, .T. ) ;
#2180 = ORIENTED_EDGE ( 'NONE', *, *, #1453, .T. ) ;
#2181 = EDGE_CURVE ( 'NONE', #2126, #2326, #2093, .T. ) ;
#2182 = FACE_OUTER_BOUND ( 'NONE', #605, .T. ) ;
#2183 = ORIENTED_EDGE ( 'NONE', *, *, #2586, .T. ) ;
#2184 = DIRECTION ( 'NONE',  ( -1.000000000000000000, 0.000000000000000000, 0.000000000000000000 ) ) ;
#2185 = VERTEX_POINT ( 'NONE', #1604 ) ;
#2186 = CYLINDRICAL_SURFACE ( 'NONE', #2498, 0.2000000000000000944 ) ;
#2187 = DIRECTION ( 'NONE',  ( 1.000000000000000000, -0.000000000000000000, -0.000000000000000000 ) ) ;
#2188 = CARTESIAN_POINT ( 'NONE',  ( 20.80000000000000071, 0.2000000000000000111, 4.299999999999996270 ) ) ;
#2189 = VERTEX_POINT ( 'NONE', #2624 ) ;
#2190 = CARTESIAN_POINT ( 'NONE',  ( -7.500000000000000000, 1.999999999999999556, 15.58284271247462094 ) ) ;
#2191 = CARTESIAN_POINT ( 'NONE',  ( -2.500000000000000000, 2.000000000000000000, 15.58284271247462094 ) ) ;
#2192 = AXIS2_PLACEMENT_3D ( 'NONE', #458, #2588, #3366 ) ;
#2193 = EDGE_LOOP ( 'NONE', ( #2445, #824, #480, #488 ) ) ;
#2194 = AXIS2_PLACEMENT_3D ( 'NONE', #916, #1429, #2231 ) ;
#2195 = AXIS2_PLACEMENT_3D ( 'NONE', #1399, #2470, #82 ) ;
#2196 = CARTESIAN_POINT ( 'NONE',  ( 5.200000000000001954, 0.000000000000000000, 4.699999999999997513 ) ) ;
#2197 = ORIENTED_EDGE ( 'NONE', *, *, #223, .F. ) ;
#2198 = CARTESIAN_POINT ( 'NONE',  ( 17.19999999999999218, 8.300000000000000711, -0.9999999999999945599 ) ) ;
#2199 = PLANE ( 'NONE',  #1059 ) ;
#2200 = ORIENTED_EDGE ( 'NONE', *, *, #1039, .F. ) ;
#2201 = CARTESIAN_POINT ( 'NONE',  ( -20.80000000000000426, 8.500000000000000000, 4.500000000000001776 ) ) ;
#2202 = DIRECTION ( 'NONE',  ( 0.000000000000000000, 0.000000000000000000, 1.000000000000000000 ) ) ;
#2203 = DIRECTION ( 'NONE',  ( -0.000000000000000000, -4.336808689942006692E-15, 1.000000000000000000 ) ) ;
#2204 = EDGE_CURVE ( 'NONE', #535, #1821, #1441, .T. ) ;
#2205 = DIRECTION ( 'NONE',  ( 1.000000000000000000, -0.000000000000000000, 0.000000000000000000 ) ) ;
#2206 = ORIENTED_EDGE ( 'NONE', *, *, #1494, .T. ) ;
#2207 = FACE_OUTER_BOUND ( 'NONE', #552, .T. ) ;
#2208 = ORIENTED_EDGE ( 'NONE', *, *, #1127, .F. ) ;
#2209 = FACE_OUTER_BOUND ( 'NONE', #1747, .T. ) ;
#2210 = CARTESIAN_POINT ( 'NONE',  ( 4.800000000000003375, 0.000000000000000000, 4.699999999999997513 ) ) ;
#2211 = ORIENTED_EDGE ( 'NONE', *, *, #3321, .F. ) ;
#2212 = CARTESIAN_POINT ( 'NONE',  ( 13.70000000000000107, 0.000000000000000000, 4.299999999999997158 ) ) ;
#2213 = DIRECTION ( 'NONE',  ( 0.000000000000000000, 0.000000000000000000, 1.000000000000000000 ) ) ;
#2214 = CIRCLE ( 'NONE', #718, 0.1999999999999987899 ) ;
#2215 = DIRECTION ( 'NONE',  ( -0.000000000000000000, -1.000000000000000000, 0.000000000000000000 ) ) ;
#2216 = CARTESIAN_POINT ( 'NONE',  ( 20.80000000000000071, 8.300000000000000711, 4.299999999999996270 ) ) ;
#2217 = CIRCLE ( 'NONE', #1768, 1.899999999999999689 ) ;
#2218 = EDGE_CURVE ( 'NONE', #1851, #1288, #615, .T. ) ;
#2219 = AXIS2_PLACEMENT_3D ( 'NONE', #1217, #1183, #3319 ) ;
#2220 = EDGE_CURVE ( 'NONE', #2185, #3007, #2639, .T. ) ;
#2221 = VERTEX_POINT ( 'NONE', #2909 ) ;
#2222 = DIRECTION ( 'NONE',  ( -0.000000000000000000, -1.000000000000000000, 0.000000000000000000 ) ) ;
#2223 = VECTOR ( 'NONE', #1599, 1000.000000000000000 ) ;
#2224 = EDGE_LOOP ( 'NONE', ( #451, #2771, #2303, #2424 ) ) ;
#2225 = CIRCLE ( 'NONE', #1396, 1.899999999999999689 ) ;
#2226 = CARTESIAN_POINT ( 'NONE',  ( 7.417157287525380838, 4.929268123759791287, 15.50000000000000178 ) ) ;
#2227 = TOROIDAL_SURFACE ( 'NONE', #2465, 1.899999999999999467, 0.2000000000000000111 ) ;
#2228 = CARTESIAN_POINT ( 'NONE',  ( -5.199999999999996625, 7.799999999999989164, 4.500000000000000000 ) ) ;
#2229 = EDGE_LOOP ( 'NONE', ( #2596, #1365, #1424, #1095 ) ) ;
#2230 = DIRECTION ( 'NONE',  ( -0.000000000000000000, -0.000000000000000000, -1.000000000000000000 ) ) ;
#2231 = DIRECTION ( 'NONE',  ( 0.000000000000000000, 0.000000000000000000, 1.000000000000000000 ) ) ;
#2232 = DIRECTION ( 'NONE',  ( 1.000000000000000000, 0.000000000000000000, 0.000000000000000000 ) ) ;
#2233 = CARTESIAN_POINT ( 'NONE',  ( -13.50000000000000000, 7.799999999999993605, 25.30000000000000426 ) ) ;
#2234 = CIRCLE ( 'NONE', #745, 0.2000000000000000944 ) ;
#2235 = EDGE_LOOP ( 'NONE', ( #2928, #3330, #1006, #377 ) ) ;
#2236 = VECTOR ( 'NONE', #2373, 1000.000000000000000 ) ;
#2237 = ADVANCED_FACE ( 'NONE', ( #2396 ), #254, .T. ) ;
#2238 = CARTESIAN_POINT ( 'NONE',  ( -4.999999999999995559, 0.2000000000000000111, 4.699999999999999289 ) ) ;
#2239 = ORIENTED_EDGE ( 'NONE', *, *, #3321, .T. ) ;
#2240 = AXIS2_PLACEMENT_3D ( 'NONE', #2020, #3076, #2583 ) ;
#2241 = CARTESIAN_POINT ( 'NONE',  ( 17.19999999999999929, 0.000000000000000000, 0.9000000000000052403 ) ) ;
#2242 = EDGE_LOOP ( 'NONE', ( #889, #3228, #240, #1066 ) ) ;
#2243 = LINE ( 'NONE', #2261, #1390 ) ;
#2244 = EDGE_CURVE ( 'NONE', #3172, #65, #841, .T. ) ;
#2245 = CARTESIAN_POINT ( 'NONE',  ( -17.19999999999999929, 0.2000000000000005107, -0.9999999999999945599 ) ) ;
#2246 = EDGE_CURVE ( 'NONE', #1641, #3289, #477, .T. ) ;
#2247 = ORIENTED_EDGE ( 'NONE', *, *, #3419, .F. ) ;
#2248 = AXIS2_PLACEMENT_3D ( 'NONE', #982, #166, #3382 ) ;
#2249 = EDGE_CURVE ( 'NONE', #5, #1917, #2177, .T. ) ;
#2250 = DIRECTION ( 'NONE',  ( 0.000000000000000000, -1.000000000000000000, 0.000000000000000000 ) ) ;
#2251 = CARTESIAN_POINT ( 'NONE',  ( 13.50000000000000000, 7.799999999999995381, 4.699999999999999289 ) ) ;
#2252 = ADVANCED_FACE ( 'NONE', ( #2675 ), #2561, .T. ) ;
#2253 = DIRECTION ( 'NONE',  ( 0.000000000000000000, 0.000000000000000000, -1.000000000000000000 ) ) ;
#2254 = DIRECTION ( 'NONE',  ( -6.424901762877065960E-17, 1.000000000000000000, -0.000000000000000000 ) ) ;
#2255 = VERTEX_POINT ( 'NONE', #816 ) ;
#2256 = CYLINDRICAL_SURFACE ( 'NONE', #2739, 0.2000000000000005107 ) ;
#2257 = EDGE_LOOP ( 'NONE', ( #407, #1057, #2208, #1250 ) ) ;
#2258 = ADVANCED_FACE ( 'NONE', ( #2419 ), #1812, .T. ) ;
#2259 = DIRECTION ( 'NONE',  ( -1.000000000000000000, 0.000000000000000000, -0.000000000000000000 ) ) ;
#2260 = SPHERICAL_SURFACE ( 'NONE', #3233, 0.2000000000000000111 ) ;
#2261 = CARTESIAN_POINT ( 'NONE',  ( 20.99999999999999645, 8.300000000000000711, -4.500000000000003553 ) ) ;
#2262 = CARTESIAN_POINT ( 'NONE',  ( -17.19999999999999929, 8.500000000000000000, -0.9999999999999945599 ) ) ;
#2263 = EDGE_CURVE ( 'NONE', #1307, #2592, #2997, .T. ) ;
#2264 = ORIENTED_EDGE ( 'NONE', *, *, #737, .T. ) ;
#2265 = CARTESIAN_POINT ( 'NONE',  ( 5.000000000000003553, 0.08284271247461903742, 9.499999999999998224 ) ) ;
#2266 = CARTESIAN_POINT ( 'NONE',  ( 2.700000000000000178, 0.2000000000000000111, 25.30000000000000426 ) ) ;
#2267 = CARTESIAN_POINT ( 'NONE',  ( -4.999999999999995559, 0.2000000000000005107, 4.499999999999999112 ) ) ;
#2268 = DIRECTION ( 'NONE',  ( 0.000000000000000000, 0.000000000000000000, 1.000000000000000000 ) ) ;
#2269 = CARTESIAN_POINT ( 'NONE',  ( -2.500000000000000000, 0.2000000000000000111, 25.30000000000000426 ) ) ;
#2270 = AXIS2_PLACEMENT_3D ( 'NONE', #1148, #3237, #870 ) ;
#2271 = EDGE_CURVE ( 'NONE', #509, #1814, #2603, .T. ) ;
#2272 = ORIENTED_EDGE ( 'NONE', *, *, #1767, .F. ) ;
#2273 = AXIS2_PLACEMENT_3D ( 'NONE', #2123, #2161, #2104 ) ;
#2274 = VECTOR ( 'NONE', #1786, 1000.000000000000000 ) ;
#2275 = ORIENTED_EDGE ( 'NONE', *, *, #1304, .T. ) ;
#2276 = PRESENTATION_STYLE_ASSIGNMENT (( #2411 ) ) ;
#2277 = EDGE_LOOP ( 'NONE', ( #1789, #520, #376, #813 ) ) ;
#2278 = FACE_OUTER_BOUND ( 'NONE', #3424, .T. ) ;
#2279 = CIRCLE ( 'NONE', #2735, 1.700000000000000622 ) ;
#2280 = CYLINDRICAL_SURFACE ( 'NONE', #1781, 1.699999999999999512 ) ;
#2281 = AXIS2_PLACEMENT_3D ( 'NONE', #337, #3264, #927 ) ;
#2282 = ORIENTED_EDGE ( 'NONE', *, *, #630, .F. ) ;
#2283 = DIRECTION ( 'NONE',  ( 1.000000000000000000, 0.000000000000000000, 0.000000000000000000 ) ) ;
#2284 = FACE_OUTER_BOUND ( 'NONE', #2107, .T. ) ;
#2285 = VECTOR ( 'NONE', #1860, 1000.000000000000000 ) ;
#2286 = CIRCLE ( 'NONE', #2059, 0.2000000000000005107 ) ;
#2287 = EDGE_CURVE ( 'NONE', #2705, #1479, #443, .T. ) ;
#2288 = LINE ( 'NONE', #2267, #2618 ) ;
#2289 = EDGE_LOOP ( 'NONE', ( #2972, #2660, #807, #3400 ) ) ;
#2290 = CARTESIAN_POINT ( 'NONE',  ( 15.49999999999999289, 8.500000000000000000, -0.9999999999999945599 ) ) ;
#2291 = DIRECTION ( 'NONE',  ( 1.000000000000000000, 0.000000000000000000, 0.000000000000000000 ) ) ;
#2292 = ORIENTED_EDGE ( 'NONE', *, *, #2693, .T. ) ;
#2293 = ORIENTED_EDGE ( 'NONE', *, *, #2722, .T. ) ;
#2294 = CARTESIAN_POINT ( 'NONE',  ( -13.29999999999999893, 8.199999999999993960, 4.500000000000000888 ) ) ;
#2295 = CIRCLE ( 'NONE', #686, 0.1999999999999996503 ) ;
#2296 = LINE ( 'NONE', #2046, #2274 ) ;
#2297 = AXIS2_PLACEMENT_3D ( 'NONE', #2109, #70, #2147 ) ;
#2298 = CARTESIAN_POINT ( 'NONE',  ( 20.80000000000000071, 0.000000000000000000, 0.000000000000000000 ) ) ;
#2299 = ORIENTED_EDGE ( 'NONE', *, *, #921, .T. ) ;
#2300 = FACE_OUTER_BOUND ( 'NONE', #2539, .T. ) ;
#2301 = CARTESIAN_POINT ( 'NONE',  ( -7.500000000000000000, 5.012110836234413114, 25.41715728752537728 ) ) ;
#2302 = AXIS2_PLACEMENT_3D ( 'NONE', #1160, #2778, #2213 ) ;
#2303 = ORIENTED_EDGE ( 'NONE', *, *, #2047, .F. ) ;
#2304 = LINE ( 'NONE', #1744, #1997 ) ;
#2305 = CARTESIAN_POINT ( 'NONE',  ( 2.299999999999999822, 1.999999999999999556, 15.50000000000000178 ) ) ;
#2306 = DIRECTION ( 'NONE',  ( -1.000000000000000000, 0.000000000000000000, -0.000000000000000000 ) ) ;
#2307 = ORIENTED_EDGE ( 'NONE', *, *, #402, .F. ) ;
#2308 = ADVANCED_FACE ( 'NONE', ( #857 ), #1935, .F. ) ;
#2309 = ORIENTED_EDGE ( 'NONE', *, *, #2358, .T. ) ;
#2310 = LINE ( 'NONE', #3342, #18 ) ;
#2311 = CARTESIAN_POINT ( 'NONE',  ( 15.49999999999999289, 0.000000000000000000, -2.899999999999994138 ) ) ;
#2312 = DIRECTION ( 'NONE',  ( 1.000000000000000000, 0.000000000000000000, 0.000000000000000000 ) ) ;
#2313 = ORIENTED_EDGE ( 'NONE', *, *, #2324, .F. ) ;
#2314 = DIRECTION ( 'NONE',  ( 0.000000000000000000, 0.000000000000000000, 1.000000000000000000 ) ) ;
#2315 = FACE_OUTER_BOUND ( 'NONE', #1539, .T. ) ;
#2316 = EDGE_CURVE ( 'NONE', #3007, #3052, #1624, .T. ) ;
#2317 = DIRECTION ( 'NONE',  ( 1.000000000000000000, 0.000000000000000000, -1.445602896647339410E-16 ) ) ;
#2318 = DIRECTION ( 'NONE',  ( -0.000000000000000000, -0.000000000000000000, 1.000000000000000000 ) ) ;
#2319 = DIRECTION ( 'NONE',  ( 0.000000000000000000, 0.000000000000000000, 1.000000000000000000 ) ) ;
#2320 = CARTESIAN_POINT ( 'NONE',  ( 20.99999999999999645, 8.300000000000000711, 4.499999999999996447 ) ) ;
#2321 = ORIENTED_EDGE ( 'NONE', *, *, #2204, .T. ) ;
#2322 = EDGE_CURVE ( 'NONE', #1264, #1132, #2335, .T. ) ;
#2323 = ADVANCED_FACE ( 'NONE', ( #2962 ), #2749, .T. ) ;
#2324 = EDGE_CURVE ( 'NONE', #1002, #3243, #1058, .T. ) ;
#2325 = CIRCLE ( 'NONE', #608, 0.2000000000000005107 ) ;
#2326 = VERTEX_POINT ( 'NONE', #373 ) ;
#2327 = EDGE_CURVE ( 'NONE', #2809, #1342, #623, .T. ) ;
#2328 = FACE_BOUND ( 'NONE', #1204, .T. ) ;
#2329 = VECTOR ( 'NONE', #1587, 1000.000000000000000 ) ;
#2330 = DIRECTION ( 'NONE',  ( 0.000000000000000000, 0.000000000000000000, 1.000000000000000000 ) ) ;
#2331 = VECTOR ( 'NONE', #933, 1000.000000000000000 ) ;
#2332 = EDGE_LOOP ( 'NONE', ( #840, #1270 ) ) ;
#2333 = DIRECTION ( 'NONE',  ( 1.000000000000000000, 8.673617379884037937E-17, 0.000000000000000000 ) ) ;
#2334 = DIRECTION ( 'NONE',  ( 0.000000000000000000, 1.000000000000000000, -0.000000000000000000 ) ) ;
#2335 = CIRCLE ( 'NONE', #842, 1.699999999999999512 ) ;
#2336 = AXIS2_PLACEMENT_3D ( 'NONE', #1689, #2793, #354 ) ;
#2337 = LINE ( 'NONE', #2634, #2223 ) ;
#2338 = ORIENTED_EDGE ( 'NONE', *, *, #1654, .T. ) ;
#2339 = DIRECTION ( 'NONE',  ( 0.000000000000000000, 1.000000000000000000, 0.000000000000000000 ) ) ;
#2340 = AXIS2_PLACEMENT_3D ( 'NONE', #1573, #2099, #2643 ) ;
#2341 = DIRECTION ( 'NONE',  ( 0.000000000000000000, 0.000000000000000000, 1.000000000000000000 ) ) ;
#2342 = CARTESIAN_POINT ( 'NONE',  ( 4.800000000000003375, 0.2000000000000005107, 4.699999999999997513 ) ) ;
#2343 = VERTEX_POINT ( 'NONE', #1181 ) ;
#2344 = ORIENTED_EDGE ( 'NONE', *, *, #465, .T. ) ;
#2345 = PLANE ( 'NONE',  #844 ) ;
#2346 = ADVANCED_FACE ( 'NONE', ( #360 ), #2695, .T. ) ;
#2347 = ORIENTED_EDGE ( 'NONE', *, *, #985, .F. ) ;
#2348 = EDGE_CURVE ( 'NONE', #2809, #879, #277, .T. ) ;
#2349 = CARTESIAN_POINT ( 'NONE',  ( -20.80000000000000426, 8.500000000000000000, 4.300000000000001599 ) ) ;
#2350 = CYLINDRICAL_SURFACE ( 'NONE', #3126, 0.1999999999999987899 ) ;
#2351 = CIRCLE ( 'NONE', #2851, 0.1999999999999996503 ) ;
#2352 = EDGE_CURVE ( 'NONE', #1144, #1317, #101, .T. ) ;
#2353 = VERTEX_POINT ( 'NONE', #1660 ) ;
#2354 = DIRECTION ( 'NONE',  ( -1.000000000000000000, -8.673617379884037937E-17, 0.000000000000000000 ) ) ;
#2355 = AXIS2_PLACEMENT_3D ( 'NONE', #599, #2748, #2499 ) ;
#2356 = DIRECTION ( 'NONE',  ( 1.000000000000000000, -0.000000000000000000, -0.000000000000000000 ) ) ;
#2357 = CYLINDRICAL_SURFACE ( 'NONE', #690, 0.2000000000000005107 ) ;
#2358 = EDGE_CURVE ( 'NONE', #2326, #3368, #601, .T. ) ;
#2359 = CARTESIAN_POINT ( 'NONE',  ( -5.199999999999996625, 8.199999999999993960, 4.699999999999999289 ) ) ;
#2360 = ORIENTED_EDGE ( 'NONE', *, *, #2935, .T. ) ;
#2361 = VERTEX_POINT ( 'NONE', #2981 ) ;
#2362 = CARTESIAN_POINT ( 'NONE',  ( -13.29999999999999893, 7.799999999999993605, 4.699999999999999289 ) ) ;
#2363 = ORIENTED_EDGE ( 'NONE', *, *, #1101, .T. ) ;
#2364 = LINE ( 'NONE', #1817, #663 ) ;
#2365 = LINE ( 'NONE', #575, #2075 ) ;
#2366 = EDGE_CURVE ( 'NONE', #2255, #3000, #1279, .T. ) ;
#2367 = CARTESIAN_POINT ( 'NONE',  ( 2.500000000000000000, 1.999999999999999556, 25.41715728752537728 ) ) ;
#2368 = EDGE_LOOP ( 'NONE', ( #3143, #1472, #1525, #295 ) ) ;
#2369 = CARTESIAN_POINT ( 'NONE',  ( -13.70000000000000107, 0.2000000000000000111, 4.699999999999999289 ) ) ;
#2370 = VERTEX_POINT ( 'NONE', #1161 ) ;
#2371 = CARTESIAN_POINT ( 'NONE',  ( 0.000000000000000000, 0.2000000000000000111, 15.50000000000000178 ) ) ;
#2372 = CARTESIAN_POINT ( 'NONE',  ( 20.80000000000000071, 0.2000000000000005107, 4.299999999999996270 ) ) ;
#2373 = DIRECTION ( 'NONE',  ( -1.000000000000000000, 0.000000000000000000, 1.239088197126290817E-16 ) ) ;
#2374 =( BOUNDED_CURVE ( )  B_SPLINE_CURVE ( 3, ( #437, #2598, #2301, #3379 ),
 .UNSPECIFIED., .F., .F. ) 
 B_SPLINE_CURVE_WITH_KNOTS ( ( 4, 4 ),
 ( 4.712388980384689674, 6.283185307179586232 ),
 .UNSPECIFIED. ) 
 CURVE ( )  GEOMETRIC_REPRESENTATION_ITEM ( )  RATIONAL_B_SPLINE_CURVE ( ( 1.000000000000000000, 0.8047378541243649375, 0.8047378541243649375, 1.000000000000000000 ) ) 
 REPRESENTATION_ITEM ( '' )  );
#2375 = CARTESIAN_POINT ( 'NONE',  ( 20.80000000000000071, 8.300000000000000711, -4.300000000000003375 ) ) ;
#2376 = VERTEX_POINT ( 'NONE', #3269 ) ;
#2377 = CARTESIAN_POINT ( 'NONE',  ( -17.20000000000000639, 8.500000000000000000, -2.899999999999994138 ) ) ;
#2378 = ADVANCED_FACE ( 'NONE', ( #1645 ), #1950, .F. ) ;
#2379 = VERTEX_POINT ( 'NONE', #3222 ) ;
#2380 = VECTOR ( 'NONE', #1133, 1000.000000000000000 ) ;
#2381 = CYLINDRICAL_SURFACE ( 'NONE', #2340, 0.1999999999999987899 ) ;
#2382 = ORIENTED_EDGE ( 'NONE', *, *, #389, .F. ) ;
#2383 = CARTESIAN_POINT ( 'NONE',  ( -7.699999999999999289, 1.799999999999999156, 25.50000000000000355 ) ) ;
#2384 = AXIS2_PLACEMENT_3D ( 'NONE', #845, #2953, #574 ) ;
#2385 = DIRECTION ( 'NONE',  ( -1.000000000000000000, 0.000000000000000000, 0.000000000000000000 ) ) ;
#2386 = AXIS2_PLACEMENT_3D ( 'NONE', #793, #2409, #1875 ) ;
#2387 = AXIS2_PLACEMENT_3D ( 'NONE', #2359, #3404, #1037 ) ;
#2388 = FACE_OUTER_BOUND ( 'NONE', #1568, .T. ) ;
#2389 = ORIENTED_EDGE ( 'NONE', *, *, #1987, .T. ) ;
#2390 = FACE_OUTER_BOUND ( 'NONE', #2746, .T. ) ;
#2391 = ORIENTED_EDGE ( 'NONE', *, *, #1208, .F. ) ;
#2392 = LINE ( 'NONE', #234, #714 ) ;
#2393 = CARTESIAN_POINT ( 'NONE',  ( -4.999999999999995559, 0.000000000000000000, 4.299999999999999822 ) ) ;
#2394 = ADVANCED_FACE ( 'NONE', ( #1693 ), #2763, .F. ) ;
#2395 = AXIS2_PLACEMENT_3D ( 'NONE', #2144, #1131, #830 ) ;
#2396 = FACE_OUTER_BOUND ( 'NONE', #1761, .T. ) ;
#2397 = VERTEX_POINT ( 'NONE', #1368 ) ;
#2398 = VECTOR ( 'NONE', #1175, 1000.000000000000000 ) ;
#2399 = FACE_OUTER_BOUND ( 'NONE', #1799, .T. ) ;
#2400 = DIRECTION ( 'NONE',  ( 0.000000000000000000, 0.000000000000000000, 1.000000000000000000 ) ) ;
#2401 = AXIS2_PLACEMENT_3D ( 'NONE', #591, #609, #2985 ) ;
#2402 = EDGE_CURVE ( 'NONE', #318, #2919, #1174, .T. ) ;
#2403 = ORIENTED_EDGE ( 'NONE', *, *, #1304, .F. ) ;
#2404 = FACE_OUTER_BOUND ( 'NONE', #316, .T. ) ;
#2405 = ORIENTED_EDGE ( 'NONE', *, *, #3337, .T. ) ;
#2406 = DIRECTION ( 'NONE',  ( 1.000000000000000000, -0.000000000000000000, 2.551063935260000137E-16 ) ) ;
#2407 = DIRECTION ( 'NONE',  ( -1.000000000000000000, -0.000000000000000000, 0.000000000000000000 ) ) ;
#2408 = CIRCLE ( 'NONE', #131, 1.899999999999999689 ) ;
#2409 = DIRECTION ( 'NONE',  ( -1.000000000000000000, -6.424901762877065960E-17, 0.000000000000000000 ) ) ;
#2410 = ORIENTED_EDGE ( 'NONE', *, *, #2402, .T. ) ;
#2411 = SURFACE_STYLE_USAGE ( .BOTH. , #3235 ) ;
#2412 = EDGE_LOOP ( 'NONE', ( #206, #2711, #2826, #2655 ) ) ;
#2413 = DIRECTION ( 'NONE',  ( 1.000000000000000000, 0.000000000000000000, -1.239088197126290817E-16 ) ) ;
#2414 = CARTESIAN_POINT ( 'NONE',  ( -5.199999999999996625, 7.999999999999992895, 9.699999999999999289 ) ) ;
#2415 = CIRCLE ( 'NONE', #910, 1.899999999999999689 ) ;
#2416 = EDGE_CURVE ( 'NONE', #2050, #3061, #3102, .T. ) ;
#2417 = PRODUCT_DEFINITION ( 'UNKNOWN', '', #75, #504 ) ;
#2418 = VECTOR ( 'NONE', #3194, 1000.000000000000000 ) ;
#2419 = FACE_OUTER_BOUND ( 'NONE', #1605, .T. ) ;
#2420 = ORIENTED_EDGE ( 'NONE', *, *, #389, .T. ) ;
#2421 = DIRECTION ( 'NONE',  ( -0.000000000000000000, 0.000000000000000000, 1.000000000000000000 ) ) ;
#2422 = DIRECTION ( 'NONE',  ( 1.000000000000000000, 0.000000000000000000, 0.000000000000000000 ) ) ;
#2423 = ADVANCED_FACE ( 'NONE', ( #566 ), #3316, .T. ) ;
#2424 = ORIENTED_EDGE ( 'NONE', *, *, #1877, .F. ) ;
#2425 = AXIS2_PLACEMENT_3D ( 'NONE', #2875, #485, #1547 ) ;
#2426 =( BOUNDED_CURVE ( )  B_SPLINE_CURVE ( 3, ( #55, #1076, #2191, #1353 ),
 .UNSPECIFIED., .F., .F. ) 
 B_SPLINE_CURVE_WITH_KNOTS ( ( 4, 4 ),
 ( 4.712388980384690562, 6.283185307179586232 ),
 .UNSPECIFIED. ) 
 CURVE ( )  GEOMETRIC_REPRESENTATION_ITEM ( )  RATIONAL_B_SPLINE_CURVE ( ( 1.000000000000000000, 0.8047378541243652705, 0.8047378541243652705, 1.000000000000000000 ) ) 
 REPRESENTATION_ITEM ( '' )  );
#2427 = DIRECTION ( 'NONE',  ( -0.000000000000000000, -0.000000000000000000, 1.000000000000000000 ) ) ;
#2428 = ORIENTED_EDGE ( 'NONE', *, *, #1529, .F. ) ;
#2429 = DIRECTION ( 'NONE',  ( 1.000000000000000000, 0.000000000000000000, 0.000000000000000000 ) ) ;
#2430 = CARTESIAN_POINT ( 'NONE',  ( -20.80000000000000426, 8.300000000000000711, -4.299999999999998046 ) ) ;
#2431 = CARTESIAN_POINT ( 'NONE',  ( -5.011423375044107850E-16, 7.799999999999996270, 21.14777711195929299 ) ) ;
#2432 = ORIENTED_EDGE ( 'NONE', *, *, #849, .T. ) ;
#2433 = FACE_OUTER_BOUND ( 'NONE', #3192, .T. ) ;
#2434 = VERTEX_POINT ( 'NONE', #184 ) ;
#2435 = CARTESIAN_POINT ( 'NONE',  ( -13.70000000000000107, 0.2000000000000000111, 4.300000000000000711 ) ) ;
#2436 = DIRECTION ( 'NONE',  ( 0.000000000000000000, 0.000000000000000000, -1.000000000000000000 ) ) ;
#2437 = EDGE_LOOP ( 'NONE', ( #1262, #1869, #2585, #2389 ) ) ;
#2438 = LINE ( 'NONE', #35, #1906 ) ;
#2439 = ORIENTED_EDGE ( 'NONE', *, *, #1011, .F. ) ;
#2440 = EDGE_CURVE ( 'NONE', #2689, #2737, #150, .T. ) ;
#2441 = ADVANCED_FACE ( 'NONE', ( #1215 ), #705, .F. ) ;
#2442 = ADVANCED_FACE ( 'NONE', ( #1244 ), #2569, .T. ) ;
#2443 = EDGE_CURVE ( 'NONE', #439, #1813, #1001, .T. ) ;
#2444 = CARTESIAN_POINT ( 'NONE',  ( 5.200000000000001066, 8.199999999999995737, 4.699999999999996625 ) ) ;
#2445 = ORIENTED_EDGE ( 'NONE', *, *, #205, .F. ) ;
#2446 = CYLINDRICAL_SURFACE ( 'NONE', #3315, 0.2000000000000000944 ) ;
#2447 = CARTESIAN_POINT ( 'NONE',  ( 13.29999999999999893, 0.2000000000000000111, 25.30000000000000426 ) ) ;
#2448 = CIRCLE ( 'NONE', #1164, 0.1999999999999996503 ) ;
#2449 = DIRECTION ( 'NONE',  ( 0.000000000000000000, 0.000000000000000000, 1.000000000000000000 ) ) ;
#2450 = EDGE_LOOP ( 'NONE', ( #903, #3069, #95, #597 ) ) ;
#2451 = VECTOR ( 'NONE', #3361, 1000.000000000000000 ) ;
#2452 = LINE ( 'NONE', #924, #2514 ) ;
#2453 = ORIENTED_EDGE ( 'NONE', *, *, #2606, .T. ) ;
#2454 = LINE ( 'NONE', #930, #2380 ) ;
#2455 = CYLINDRICAL_SURFACE ( 'NONE', #2297, 0.2000000000000005107 ) ;
#2456 = TOROIDAL_SURFACE ( 'NONE', #226, 0.4000000000000000222, 0.2000000000000000111 ) ;
#2457 = AXIS2_PLACEMENT_3D ( 'NONE', #974, #401, #2820 ) ;
#2458 = DIRECTION ( 'NONE',  ( 0.000000000000000000, 0.000000000000000000, -1.000000000000000000 ) ) ;
#2459 = ORIENTED_EDGE ( 'NONE', *, *, #1985, .F. ) ;
#2460 = DIRECTION ( 'NONE',  ( -0.000000000000000000, -0.000000000000000000, 1.000000000000000000 ) ) ;
#2461 = CIRCLE ( 'NONE', #385, 0.1999999999999996503 ) ;
#2462 = CARTESIAN_POINT ( 'NONE',  ( 20.80000000000000071, 0.2000000000000000111, -4.300000000000003375 ) ) ;
#2463 = ORIENTED_EDGE ( 'NONE', *, *, #2322, .F. ) ;
#2464 = AXIS2_PLACEMENT_3D ( 'NONE', #2431, #810, #3175 ) ;
#2465 = AXIS2_PLACEMENT_3D ( 'NONE', #94, #2528, #642 ) ;
#2466 = DIRECTION ( 'NONE',  ( 1.000000000000000000, -1.761828530288940169E-15, 0.000000000000000000 ) ) ;
#2467 = ORIENTED_EDGE ( 'NONE', *, *, #3219, .T. ) ;
#2468 = EDGE_CURVE ( 'NONE', #1317, #709, #3118, .T. ) ;
#2469 = DIRECTION ( 'NONE',  ( -1.000000000000000000, 0.000000000000000000, 0.000000000000000000 ) ) ;
#2470 = DIRECTION ( 'NONE',  ( 0.000000000000000000, 0.000000000000000000, 1.000000000000000000 ) ) ;
#2471 = EDGE_CURVE ( 'NONE', #1943, #2018, #1720, .T. ) ;
#2472 = CARTESIAN_POINT ( 'NONE',  ( -20.80000000000000426, 0.2000000000000005107, -4.299999999999998046 ) ) ;
#2473 = EDGE_LOOP ( 'NONE', ( #2832, #1118, #435, #266 ) ) ;
#2474 = CARTESIAN_POINT ( 'NONE',  ( 13.70000000000000107, 7.799999999999995381, 4.499999999999997335 ) ) ;
#2475 = CYLINDRICAL_SURFACE ( 'NONE', #632, 0.1999999999999996503 ) ;
#2476 = EDGE_CURVE ( 'NONE', #1917, #3427, #2288, .T. ) ;
#2477 = CARTESIAN_POINT ( 'NONE',  ( 2.299999999999999822, 0.000000000000000000, 15.70000000000000284 ) ) ;
#2478 = ORIENTED_EDGE ( 'NONE', *, *, #565, .T. ) ;
#2479 = AXIS2_PLACEMENT_3D ( 'NONE', #3085, #1007, #1238 ) ;
#2480 = LINE ( 'NONE', #653, #669 ) ;
#2481 = CIRCLE ( 'NONE', #1566, 0.1999999999999996503 ) ;
#2482 = ORIENTED_EDGE ( 'NONE', *, *, #3214, .T. ) ;
#2483 = CIRCLE ( 'NONE', #968, 0.1999999999999996503 ) ;
#2484 = ORIENTED_EDGE ( 'NONE', *, *, #372, .F. ) ;
#2485 = CARTESIAN_POINT ( 'NONE',  ( 7.500000000000000000, 5.012110836234411337, 15.70000000000000284 ) ) ;
#2486 = FACE_OUTER_BOUND ( 'NONE', #128, .T. ) ;
#2487 = ORIENTED_EDGE ( 'NONE', *, *, #517, .T. ) ;
#2488 = CYLINDRICAL_SURFACE ( 'NONE', #412, 0.2000000000000000944 ) ;
#2489 = EDGE_CURVE ( 'NONE', #3427, #3412, #2005, .T. ) ;
#2490 = CARTESIAN_POINT ( 'NONE',  ( 13.50000000000000000, 0.000000000000000000, 4.299999999999997158 ) ) ;
#2491 = DIRECTION ( 'NONE',  ( 1.000000000000000000, 0.000000000000000000, 0.000000000000000000 ) ) ;
#2492 = ORIENTED_EDGE ( 'NONE', *, *, #823, .F. ) ;
#2493 = LINE ( 'NONE', #397, #1831 ) ;
#2494 = ORIENTED_EDGE ( 'NONE', *, *, #2141, .T. ) ;
#2495 = CARTESIAN_POINT ( 'NONE',  ( -13.29999999999999893, 0.2000000000000000111, 25.30000000000000426 ) ) ;
#2496 = SPHERICAL_SURFACE ( 'NONE', #621, 0.2000000000000000111 ) ;
#2497 = ORIENTED_EDGE ( 'NONE', *, *, #1729, .T. ) ;
#2498 = AXIS2_PLACEMENT_3D ( 'NONE', #1445, #3267, #88 ) ;
#2499 = DIRECTION ( 'NONE',  ( 0.000000000000000000, 0.000000000000000000, -1.000000000000000000 ) ) ;
#2500 = VECTOR ( 'NONE', #2034, 1000.000000000000000 ) ;
#2501 = DIRECTION ( 'NONE',  ( -1.000000000000000000, 0.000000000000000000, 0.000000000000000000 ) ) ;
#2502 = ORIENTED_EDGE ( 'NONE', *, *, #2015, .F. ) ;
#2503 = EDGE_CURVE ( 'NONE', #3031, #590, #2304, .T. ) ;
#2504 = CARTESIAN_POINT ( 'NONE',  ( -2.500000000000000000, -6.484236614997022096E-16, 25.30000000000000426 ) ) ;
#2505 = CIRCLE ( 'NONE', #2783, 0.1999999999999987899 ) ;
#2506 = AXIS2_PLACEMENT_3D ( 'NONE', #487, #33, #1585 ) ;
#2507 = ORIENTED_EDGE ( 'NONE', *, *, #1263, .T. ) ;
#2508 = AXIS2_PLACEMENT_3D ( 'NONE', #2477, #3255, #1678 ) ;
#2509 = ADVANCED_FACE ( 'NONE', ( #201 ), #2551, .F. ) ;
#2510 = EDGE_CURVE ( 'NONE', #1582, #716, #1258, .T. ) ;
#2511 = CYLINDRICAL_SURFACE ( 'NONE', #175, 0.1999999999999987899 ) ;
#2512 = ORIENTED_EDGE ( 'NONE', *, *, #762, .T. ) ;
#2513 = DIRECTION ( 'NONE',  ( -0.000000000000000000, -0.000000000000000000, 1.000000000000000000 ) ) ;
#2514 = VECTOR ( 'NONE', #1620, 1000.000000000000000 ) ;
#2515 = ORIENTED_EDGE ( 'NONE', *, *, #782, .T. ) ;
#2516 = DIRECTION ( 'NONE',  ( 0.000000000000000000, 0.000000000000000000, 1.000000000000000000 ) ) ;
#2517 = CIRCLE ( 'NONE', #3001, 0.1999999999999996503 ) ;
#2518 = CARTESIAN_POINT ( 'NONE',  ( 2.500000000000000000, 0.2000000000000000944, 15.50000000000000178 ) ) ;
#2519 = ORIENTED_EDGE ( 'NONE', *, *, #118, .T. ) ;
#2520 = CARTESIAN_POINT ( 'NONE',  ( 4.800000000000002487, 8.500000000000000000, 4.499999999999998224 ) ) ;
#2521 = CARTESIAN_POINT ( 'NONE',  ( -20.80000000000000426, 8.300000000000000711, 4.300000000000001599 ) ) ;
#2522 = CARTESIAN_POINT ( 'NONE',  ( 0.000000000000000000, 0.2000000000000000111, 9.699999999999999289 ) ) ;
#2523 = LINE ( 'NONE', #3012, #3268 ) ;
#2524 = ADVANCED_FACE ( 'NONE', ( #165 ), #3334, .T. ) ;
#2525 = VERTEX_POINT ( 'NONE', #1971 ) ;
#2526 = VECTOR ( 'NONE', #2076, 1000.000000000000000 ) ;
#2527 = ADVANCED_FACE ( 'NONE', ( #3026 ), #2780, .T. ) ;
#2528 = DIRECTION ( 'NONE',  ( 0.000000000000000000, 1.000000000000000000, -0.000000000000000000 ) ) ;
#2529 = EDGE_LOOP ( 'NONE', ( #2812, #2558, #429, #3258 ) ) ;
#2530 = CIRCLE ( 'NONE', #1466, 0.1999999999999996503 ) ;
#2531 = DIRECTION ( 'NONE',  ( 0.000000000000000000, 1.000000000000000000, -0.000000000000000000 ) ) ;
#2532 = DIRECTION ( 'NONE',  ( 0.000000000000000000, 0.000000000000000000, 1.000000000000000000 ) ) ;
#2533 = CARTESIAN_POINT ( 'NONE',  ( -4.999999999999995559, 0.1999999999999970690, 9.499999999999998224 ) ) ;
#2534 = CARTESIAN_POINT ( 'NONE',  ( -7.299999999999999822, 2.199999999999999289, 15.50000000000000178 ) ) ;
#2535 = EDGE_LOOP ( 'NONE', ( #2515, #570, #2131, #1537 ) ) ;
#2536 = CIRCLE ( 'NONE', #2859, 1.699999999999999512 ) ;
#2537 = DIRECTION ( 'NONE',  ( -1.000000000000000000, 0.000000000000000000, 0.000000000000000000 ) ) ;
#2538 = DIRECTION ( 'NONE',  ( 1.000000000000000000, -0.000000000000000000, -0.000000000000000000 ) ) ;
#2539 = EDGE_LOOP ( 'NONE', ( #1439, #2718, #3160, #2984 ) ) ;
#2540 = DIRECTION ( 'NONE',  ( 6.424901762877064728E-17, -1.000000000000000000, 0.000000000000000000 ) ) ;
#2541 = DIRECTION ( 'NONE',  ( 0.000000000000000000, 0.000000000000000000, -1.000000000000000000 ) ) ;
#2542 = ORIENTED_EDGE ( 'NONE', *, *, #850, .T. ) ;
#2543 = EDGE_LOOP ( 'NONE', ( #3387, #1505, #1369, #960 ) ) ;
#2544 = DIRECTION ( 'NONE',  ( -0.000000000000000000, -0.000000000000000000, 1.000000000000000000 ) ) ;
#2545 = EDGE_CURVE ( 'NONE', #1456, #1416, #3302, .T. ) ;
#2546 = CARTESIAN_POINT ( 'NONE',  ( -7.417157287525380838, 4.929268123759791287, 15.50000000000000178 ) ) ;
#2547 = ORIENTED_EDGE ( 'NONE', *, *, #1326, .T. ) ;
#2548 = CARTESIAN_POINT ( 'NONE',  ( -20.80000000000000426, 0.2000000000000000111, 4.300000000000001599 ) ) ;
#2549 = DIRECTION ( 'NONE',  ( 0.000000000000000000, 0.000000000000000000, -1.000000000000000000 ) ) ;
#2550 = VERTEX_POINT ( 'NONE', #408 ) ;
#2551 = CYLINDRICAL_SURFACE ( 'NONE', #2999, 0.1999999999999996503 ) ;
#2552 = ORIENTED_EDGE ( 'NONE', *, *, #60, .F. ) ;
#2553 = DIRECTION ( 'NONE',  ( -1.000000000000000000, 0.000000000000000000, 0.000000000000000000 ) ) ;
#2554 = CARTESIAN_POINT ( 'NONE',  ( -4.799999999999996270, 0.000000000000000000, 4.699999999999999289 ) ) ;
#2555 = ORIENTED_EDGE ( 'NONE', *, *, #2244, .F. ) ;
#2556 = AXIS2_PLACEMENT_3D ( 'NONE', #523, #1362, #25 ) ;
#2557 = AXIS2_PLACEMENT_3D ( 'NONE', #699, #926, #3034 ) ;
#2558 = ORIENTED_EDGE ( 'NONE', *, *, #3369, .F. ) ;
#2559 = ORIENTED_EDGE ( 'NONE', *, *, #654, .T. ) ;
#2560 = CARTESIAN_POINT ( 'NONE',  ( 15.49999999999999289, 0.000000000000000000, 0.9000000000000049072 ) ) ;
#2561 = TOROIDAL_SURFACE ( 'NONE', #3047, 0.4000000000000000222, 0.2000000000000000111 ) ;
#2562 = DIRECTION ( 'NONE',  ( 6.424901762877064728E-17, -1.000000000000000000, 0.000000000000000000 ) ) ;
#2563 = VECTOR ( 'NONE', #895, 1000.000000000000000 ) ;
#2564 = ORIENTED_EDGE ( 'NONE', *, *, #2489, .F. ) ;
#2565 = DIRECTION ( 'NONE',  ( 0.000000000000000000, 0.000000000000000000, 1.000000000000000000 ) ) ;
#2566 = DIRECTION ( 'NONE',  ( 0.000000000000000000, 1.000000000000000000, -0.000000000000000000 ) ) ;
#2567 = AXIS2_PLACEMENT_3D ( 'NONE', #1016, #2074, #1308 ) ;
#2568 = EDGE_CURVE ( 'NONE', #421, #332, #2279, .T. ) ;
#2569 = SPHERICAL_SURFACE ( 'NONE', #3157, 0.2000000000000000111 ) ;
#2570 = DIRECTION ( 'NONE',  ( 0.000000000000000000, 0.000000000000000000, 1.000000000000000000 ) ) ;
#2571 = CARTESIAN_POINT ( 'NONE',  ( 20.80000000000000071, 0.000000000000000000, -4.300000000000003375 ) ) ;
#2572 = ORIENTED_EDGE ( 'NONE', *, *, #556, .T. ) ;
#2573 = ORIENTED_EDGE ( 'NONE', *, *, #1952, .T. ) ;
#2574 = CARTESIAN_POINT ( 'NONE',  ( -2.299999999999999822, 0.000000000000000000, 15.30000000000000071 ) ) ;
#2575 = VECTOR ( 'NONE', #2959, 1000.000000000000000 ) ;
#2576 = CARTESIAN_POINT ( 'NONE',  ( 15.49999999999999289, 0.2000000000000005107, 0.9000000000000049072 ) ) ;
#2577 = EDGE_CURVE ( 'NONE', #817, #2769, #1804, .T. ) ;
#2578 = AXIS2_PLACEMENT_3D ( 'NONE', #3090, #1013, #2002 ) ;
#2579 = DIRECTION ( 'NONE',  ( 0.000000000000000000, 0.000000000000000000, 1.000000000000000000 ) ) ;
#2580 = ORIENTED_EDGE ( 'NONE', *, *, #1590, .T. ) ;
#2581 = CARTESIAN_POINT ( 'NONE',  ( 5.082842712474621827, 3.268866404956363135E-17, 9.582842712474617386 ) ) ;
#2582 = EDGE_CURVE ( 'NONE', #338, #3230, #2889, .T. ) ;
#2583 = DIRECTION ( 'NONE',  ( 1.000000000000000000, 0.000000000000000000, -1.239088197126290817E-16 ) ) ;
#2584 = VECTOR ( 'NONE', #247, 1000.000000000000000 ) ;
#2585 = ORIENTED_EDGE ( 'NONE', *, *, #2068, .T. ) ;
#2586 = EDGE_CURVE ( 'NONE', #3230, #2769, #757, .T. ) ;
#2587 = DIRECTION ( 'NONE',  ( 8.673617379884039170E-17, -1.000000000000000000, 0.000000000000000000 ) ) ;
#2588 = DIRECTION ( 'NONE',  ( 1.000000000000000000, 0.000000000000000000, 0.000000000000000000 ) ) ;
#2589 = ADVANCED_FACE ( 'NONE', ( #1545 ), #471, .T. ) ;
#2590 = ADVANCED_FACE ( 'NONE', ( #6 ), #2125, .T. ) ;
#2591 = ADVANCED_FACE ( 'NONE', ( #233 ), #1292, .T. ) ;
#2592 = VERTEX_POINT ( 'NONE', #1530 ) ;
#2593 = ORIENTED_EDGE ( 'NONE', *, *, #475, .T. ) ;
#2594 = DIRECTION ( 'NONE',  ( 0.000000000000000000, 0.000000000000000000, 1.000000000000000000 ) ) ;
#2595 = LINE ( 'NONE', #2298, #3373 ) ;
#2596 = ORIENTED_EDGE ( 'NONE', *, *, #60, .T. ) ;
#2597 = DIRECTION ( 'NONE',  ( -1.000000000000000000, 0.000000000000000000, 0.000000000000000000 ) ) ;
#2598 = CARTESIAN_POINT ( 'NONE',  ( -7.582842712474616498, 5.094953548709030500, 25.50000000000000355 ) ) ;
#2599 = ORIENTED_EDGE ( 'NONE', *, *, #2471, .F. ) ;
#2600 = FACE_OUTER_BOUND ( 'NONE', #1921, .T. ) ;
#2601 = CARTESIAN_POINT ( 'NONE',  ( 13.50000000000000000, 7.999999999999994671, 4.699999999999999289 ) ) ;
#2602 = CARTESIAN_POINT ( 'NONE',  ( 13.29999999999999893, 7.799999999999995381, 25.30000000000000426 ) ) ;
#2603 = LINE ( 'NONE', #3384, #1938 ) ;
#2604 = ORIENTED_EDGE ( 'NONE', *, *, #1555, .F. ) ;
#2605 = AXIS2_PLACEMENT_3D ( 'NONE', #9, #1601, #1564 ) ;
#2606 = EDGE_CURVE ( 'NONE', #2018, #1002, #3399, .T. ) ;
#2607 = AXIS2_PLACEMENT_3D ( 'NONE', #1105, #3173, #753 ) ;
#2608 = ORIENTED_EDGE ( 'NONE', *, *, #395, .F. ) ;
#2609 = EDGE_CURVE ( 'NONE', #1770, #67, #490, .T. ) ;
#2610 = CIRCLE ( 'NONE', #1226, 0.1999999999999996503 ) ;
#2611 = EDGE_CURVE ( 'NONE', #1574, #2525, #774, .T. ) ;
#2612 = CYLINDRICAL_SURFACE ( 'NONE', #3158, 0.1999999999999999833 ) ;
#2613 = VECTOR ( 'NONE', #1695, 1000.000000000000000 ) ;
#2614 = ADVANCED_FACE ( 'NONE', ( #2600 ), #1830, .F. ) ;
#2615 = EDGE_LOOP ( 'NONE', ( #3141, #3128, #2170, #1847 ) ) ;
#2616 = CARTESIAN_POINT ( 'NONE',  ( -2.500000000000000000, 1.999999999999999556, 25.30000000000000426 ) ) ;
#2617 = CARTESIAN_POINT ( 'NONE',  ( 2.299999999999999822, 0.2000000000000000111, 15.70000000000000284 ) ) ;
#2618 = VECTOR ( 'NONE', #949, 1000.000000000000000 ) ;
#2619 = AXIS2_PLACEMENT_3D ( 'NONE', #1119, #806, #2681 ) ;
#2620 = ORIENTED_EDGE ( 'NONE', *, *, #2568, .T. ) ;
#2621 = CARTESIAN_POINT ( 'NONE',  ( -7.500000000000000000, 1.999999999999999112, 25.30000000000000426 ) ) ;
#2622 = CARTESIAN_POINT ( 'NONE',  ( -15.50000000000000000, 8.300000000000000711, -0.9999999999999945599 ) ) ;
#2623 = CARTESIAN_POINT ( 'NONE',  ( 7.699999999999999289, 5.012110836234411337, 25.30000000000000426 ) ) ;
#2624 = CARTESIAN_POINT ( 'NONE',  ( 20.80000000000000071, 8.300000000000000711, 4.499999999999996447 ) ) ;
#2625 = ORIENTED_EDGE ( 'NONE', *, *, #1810, .F. ) ;
#2626 = EDGE_LOOP ( 'NONE', ( #3385, #3124, #1855, #284, #644, #3201, #1218, #86 ) ) ;
#2627 = EDGE_CURVE ( 'NONE', #3172, #1307, #2337, .T. ) ;
#2628 = CARTESIAN_POINT ( 'NONE',  ( 13.29999999999999893, 0.1999999999999996503, 25.30000000000000426 ) ) ;
#2629 = CIRCLE ( 'NONE', #962, 0.1999999999999996503 ) ;
#2630 = ORIENTED_EDGE ( 'NONE', *, *, #1682, .T. ) ;
#2631 = CARTESIAN_POINT ( 'NONE',  ( -2.295957541734002835E-16, 0.2000000000000005107, 0.9000000000000009104 ) ) ;
#2632 = CARTESIAN_POINT ( 'NONE',  ( 7.699999999999999289, 5.212110836234411515, 25.50000000000000355 ) ) ;
#2633 = ORIENTED_EDGE ( 'NONE', *, *, #454, .T. ) ;
#2634 = CARTESIAN_POINT ( 'NONE',  ( 5.000000000000002665, 0.2000000000000000111, 4.499999999999998224 ) ) ;
#2635 = ORIENTED_EDGE ( 'NONE', *, *, #2153, .T. ) ;
#2636 = CIRCLE ( 'NONE', #461, 0.1999999999999996503 ) ;
#2637 = DIRECTION ( 'NONE',  ( 0.000000000000000000, 0.000000000000000000, -1.000000000000000000 ) ) ;
#2638 = CARTESIAN_POINT ( 'NONE',  ( -5.011423375044106864E-16, 7.799999999999994493, 25.30000000000000426 ) ) ;
#2639 = LINE ( 'NONE', #1329, #894 ) ;
#2640 = ORIENTED_EDGE ( 'NONE', *, *, #1833, .T. ) ;
#2641 = CARTESIAN_POINT ( 'NONE',  ( 0.000000000000000000, 0.000000000000000000, -2.899999999999994138 ) ) ;
#2642 = ORIENTED_EDGE ( 'NONE', *, *, #2577, .T. ) ;
#2643 = DIRECTION ( 'NONE',  ( -1.000000000000000000, 0.000000000000000000, 0.000000000000000000 ) ) ;
#2644 = ORIENTED_EDGE ( 'NONE', *, *, #2324, .T. ) ;
#2645 = CARTESIAN_POINT ( 'NONE',  ( 17.19999999999999929, 0.2000000000000005107, -2.699999999999993960 ) ) ;
#2646 = ADVANCED_FACE ( 'NONE', ( #2390 ), #899, .T. ) ;
#2647 = PLANE ( 'NONE',  #192 ) ;
#2648 = CARTESIAN_POINT ( 'NONE',  ( 20.80000000000000071, 0.2000000000000005107, -4.500000000000003553 ) ) ;
#2649 = ORIENTED_EDGE ( 'NONE', *, *, #888, .F. ) ;
#2650 = CARTESIAN_POINT ( 'NONE',  ( -5.199999999999996625, 7.799999999999989164, 4.699999999999999289 ) ) ;
#2651 = ORIENTED_EDGE ( 'NONE', *, *, #371, .T. ) ;
#2652 = DIRECTION ( 'NONE',  ( 0.000000000000000000, 2.574980159653077370E-15, -1.000000000000000000 ) ) ;
#2653 = CARTESIAN_POINT ( 'NONE',  ( 5.200000000000001066, 8.199999999999995737, 4.499999999999998224 ) ) ;
#2654 = DIRECTION ( 'NONE',  ( 1.000000000000000000, -0.000000000000000000, 2.551063935260000137E-16 ) ) ;
#2655 = ORIENTED_EDGE ( 'NONE', *, *, #1690, .T. ) ;
#2656 = DIRECTION ( 'NONE',  ( -1.000000000000000000, 0.000000000000000000, 0.000000000000000000 ) ) ;
#2657 = VERTEX_POINT ( 'NONE', #2920 ) ;
#2658 = AXIS2_PLACEMENT_3D ( 'NONE', #1359, #1318, #2429 ) ;
#2659 = DIRECTION ( 'NONE',  ( 1.000000000000000000, -0.000000000000000000, 0.000000000000000000 ) ) ;
#2660 = ORIENTED_EDGE ( 'NONE', *, *, #310, .T. ) ;
#2661 = LINE ( 'NONE', #808, #2830 ) ;
#2662 = VECTOR ( 'NONE', #1719, 1000.000000000000000 ) ;
#2663 = LINE ( 'NONE', #23, #2584 ) ;
#2664 = EDGE_CURVE ( 'NONE', #2963, #1957, #2738, .T. ) ;
#2665 = DIRECTION ( 'NONE',  ( -6.424901762877065960E-17, 1.000000000000000000, 7.961019942076871768E-33 ) ) ;
#2666 = ORIENTED_EDGE ( 'NONE', *, *, #2468, .T. ) ;
#2667 = DIRECTION ( 'NONE',  ( 0.000000000000000000, 1.000000000000000000, 0.000000000000000000 ) ) ;
#2668 = ORIENTED_EDGE ( 'NONE', *, *, #2327, .F. ) ;
#2669 = CARTESIAN_POINT ( 'NONE',  ( 17.19999999999999929, 8.300000000000000711, -2.899999999999994138 ) ) ;
#2670 = EDGE_CURVE ( 'NONE', #716, #3031, #3130, .T. ) ;
#2671 = PLANE ( 'NONE',  #1245 ) ;
#2672 = AXIS2_PLACEMENT_3D ( 'NONE', #73, #326, #3010 ) ;
#2673 = EDGE_CURVE ( 'NONE', #3028, #1221, #1447, .T. ) ;
#2674 = VECTOR ( 'NONE', #1879, 1000.000000000000000 ) ;
#2675 = FACE_OUTER_BOUND ( 'NONE', #882, .T. ) ;
#2676 = ORIENTED_EDGE ( 'NONE', *, *, #1644, .T. ) ;
#2677 = LINE ( 'NONE', #568, #2013 ) ;
#2678 = CARTESIAN_POINT ( 'NONE',  ( -13.29999999999999893, 7.799999999999993605, 4.500000000000000888 ) ) ;
#2679 = AXIS2_PLACEMENT_3D ( 'NONE', #2444, #1815, #19 ) ;
#2680 = EDGE_LOOP ( 'NONE', ( #3096, #2750, #416, #2211 ) ) ;
#2681 = DIRECTION ( 'NONE',  ( -8.673617379884087537E-15, 0.000000000000000000, -1.000000000000000000 ) ) ;
#2682 = ORIENTED_EDGE ( 'NONE', *, *, #142, .T. ) ;
#2683 = ADVANCED_FACE ( 'NONE', ( #285 ), #3364, .T. ) ;
#2684 = CARTESIAN_POINT ( 'NONE',  ( 2.500000000000000000, 1.999999999999999556, 15.70000000000000284 ) ) ;
#2685 = CARTESIAN_POINT ( 'NONE',  ( 0.000000000000000000, 0.2000000000000005107, -2.699999999999993960 ) ) ;
#2686 = CYLINDRICAL_SURFACE ( 'NONE', #612, 1.699999999999999512 ) ;
#2687 = VERTEX_POINT ( 'NONE', #660 ) ;
#2688 = DIRECTION ( 'NONE',  ( 0.000000000000000000, 0.000000000000000000, 1.000000000000000000 ) ) ;
#2689 = VERTEX_POINT ( 'NONE', #596 ) ;
#2690 = LINE ( 'NONE', #30, #546 ) ;
#2691 = CARTESIAN_POINT ( 'NONE',  ( -20.80000000000000426, 0.2000000000000000111, -4.299999999999997158 ) ) ;
#2692 = AXIS2_PLACEMENT_3D ( 'NONE', #3244, #1662, #347 ) ;
#2693 = EDGE_CURVE ( 'NONE', #2687, #2126, #1892, .T. ) ;
#2694 = VECTOR ( 'NONE', #1527, 1000.000000000000000 ) ;
#2695 = PLANE ( 'NONE',  #1442 ) ;
#2696 = ORIENTED_EDGE ( 'NONE', *, *, #296, .T. ) ;
#2697 = EDGE_CURVE ( 'NONE', #811, #330, #2452, .T. ) ;
#2698 = DIRECTION ( 'NONE',  ( -0.000000000000000000, -0.000000000000000000, 1.000000000000000000 ) ) ;
#2699 = ADVANCED_FACE ( 'NONE', ( #1109 ), #1994, .T. ) ;
#2700 = DIRECTION ( 'NONE',  ( -1.000000000000000000, 0.000000000000000000, 0.000000000000000000 ) ) ;
#2701 = ADVANCED_FACE ( 'NONE', ( #1734 ), #2456, .T. ) ;
#2702 = VERTEX_POINT ( 'NONE', #2976 ) ;
#2703 = VECTOR ( 'NONE', #3062, 1000.000000000000000 ) ;
#2704 = DIRECTION ( 'NONE',  ( 0.000000000000000000, -1.000000000000000000, 0.000000000000000000 ) ) ;
#2705 = VERTEX_POINT ( 'NONE', #1089 ) ;
#2706 = CARTESIAN_POINT ( 'NONE',  ( 7.299999999999999822, 2.200000000000001066, 15.50000000000000178 ) ) ;
#2707 = DIRECTION ( 'NONE',  ( 0.000000000000000000, 0.000000000000000000, -1.000000000000000000 ) ) ;
#2708 = CARTESIAN_POINT ( 'NONE',  ( 13.70000000000000107, 0.2000000000000000111, 4.299999999999997158 ) ) ;
#2709 = ORIENTED_EDGE ( 'NONE', *, *, #2937, .T. ) ;
#2710 = CARTESIAN_POINT ( 'NONE',  ( 20.80000000000000071, 8.300000000000000711, -4.300000000000003375 ) ) ;
#2711 = ORIENTED_EDGE ( 'NONE', *, *, #1883, .T. ) ;
#2712 = CARTESIAN_POINT ( 'NONE',  ( -15.50000000000000000, 0.000000000000000000, -2.899999999999994138 ) ) ;
#2713 = CYLINDRICAL_SURFACE ( 'NONE', #1845, 1.500000000000000444 ) ;
#2714 = DIRECTION ( 'NONE',  ( 0.000000000000000000, 0.000000000000000000, 1.000000000000000000 ) ) ;
#2715 = ORIENTED_EDGE ( 'NONE', *, *, #1748, .F. ) ;
#2716 = PLANE ( 'NONE',  #83 ) ;
#2717 = CARTESIAN_POINT ( 'NONE',  ( -15.50000000000000000, 8.500000000000000000, -2.899999999999994138 ) ) ;
#2718 = ORIENTED_EDGE ( 'NONE', *, *, #1099, .F. ) ;
#2719 = EDGE_CURVE ( 'NONE', #2757, #145, #728, .T. ) ;
#2720 = CARTESIAN_POINT ( 'NONE',  ( -13.50000000000000000, 2.573143907056673828E-17, 4.699999999999999289 ) ) ;
#2721 = VERTEX_POINT ( 'NONE', #2241 ) ;
#2722 = EDGE_CURVE ( 'NONE', #721, #338, #1640, .T. ) ;
#2723 = CYLINDRICAL_SURFACE ( 'NONE', #2195, 0.1999999999999987899 ) ;
#2724 = DIRECTION ( 'NONE',  ( 1.000000000000000000, -0.000000000000000000, 0.000000000000000000 ) ) ;
#2725 = EDGE_CURVE ( 'NONE', #3003, #1499, #399, .T. ) ;
#2726 = EDGE_LOOP ( 'NONE', ( #3056, #1580, #666, #188 ) ) ;
#2727 = CARTESIAN_POINT ( 'NONE',  ( 2.500000000000000000, 1.999999999999999556, 25.30000000000000426 ) ) ;
#2728 = DIRECTION ( 'NONE',  ( -1.000000000000000000, 0.000000000000000000, 0.000000000000000000 ) ) ;
#2729 = AXIS2_PLACEMENT_3D ( 'NONE', #46, #576, #1087 ) ;
#2730 = AXIS2_PLACEMENT_3D ( 'NONE', #419, #3343, #1737 ) ;
#2731 = DIRECTION ( 'NONE',  ( 0.000000000000000000, 0.000000000000000000, 1.000000000000000000 ) ) ;
#2732 = CARTESIAN_POINT ( 'NONE',  ( -7.500000000000000000, 1.999999999999999112, 15.70000000000000284 ) ) ;
#2733 = VECTOR ( 'NONE', #2007, 1000.000000000000000 ) ;
#2734 = CARTESIAN_POINT ( 'NONE',  ( 4.800000000000003375, 0.2000000000000000111, 4.299999999999998046 ) ) ;
#2735 = AXIS2_PLACEMENT_3D ( 'NONE', #1468, #2540, #1047 ) ;
#2736 = AXIS2_PLACEMENT_3D ( 'NONE', #959, #2562, #2312 ) ;
#2737 = VERTEX_POINT ( 'NONE', #2788 ) ;
#2738 = CIRCLE ( 'NONE', #2567, 1.500000000000000444 ) ;
#2739 = AXIS2_PLACEMENT_3D ( 'NONE', #1436, #2786, #1142 ) ;
#2740 =( BOUNDED_CURVE ( )  B_SPLINE_CURVE ( 3, ( #2632, #1360, #2140, #2901 ),
 .UNSPECIFIED., .F., .F. ) 
 B_SPLINE_CURVE_WITH_KNOTS ( ( 4, 4 ),
 ( 4.712388980384687898, 6.283185307179586232 ),
 .UNSPECIFIED. ) 
 CURVE ( )  GEOMETRIC_REPRESENTATION_ITEM ( )  RATIONAL_B_SPLINE_CURVE ( ( 1.000000000000000000, 0.8047378541243646044, 0.8047378541243646044, 1.000000000000000000 ) ) 
 REPRESENTATION_ITEM ( '' )  );
#2741 = LINE ( 'NONE', #3278, #1336 ) ;
#2742 = EDGE_LOOP ( 'NONE', ( #679, #554, #948, #2913 ) ) ;
#2743 = EDGE_CURVE ( 'NONE', #330, #1042, #2835, .T. ) ;
#2744 = DIRECTION ( 'NONE',  ( 0.000000000000000000, 1.000000000000000000, 0.000000000000000000 ) ) ;
#2745 = DIRECTION ( 'NONE',  ( -4.081702296416017574E-15, 0.000000000000000000, 1.000000000000000000 ) ) ;
#2746 = EDGE_LOOP ( 'NONE', ( #1784, #629, #56, #3275 ) ) ;
#2747 = CYLINDRICAL_SURFACE ( 'NONE', #2270, 0.2000000000000005107 ) ;
#2748 = DIRECTION ( 'NONE',  ( 1.000000000000000000, 0.000000000000000000, 0.000000000000000000 ) ) ;
#2749 = CYLINDRICAL_SURFACE ( 'NONE', #671, 0.1999999999999996503 ) ;
#2750 = ORIENTED_EDGE ( 'NONE', *, *, #1427, .F. ) ;
#2751 = AXIS2_PLACEMENT_3D ( 'NONE', #2948, #602, #2150 ) ;
#2752 = DIRECTION ( 'NONE',  ( -1.000000000000000000, 0.000000000000000000, 0.000000000000000000 ) ) ;
#2753 = AXIS2_PLACEMENT_3D ( 'NONE', #2907, #3238, #2943 ) ;
#2754 = ORIENTED_EDGE ( 'NONE', *, *, #1732, .T. ) ;
#2755 = CIRCLE ( 'NONE', #3241, 0.1999999999999996503 ) ;
#2756 = LINE ( 'NONE', #2720, #288 ) ;
#2757 = VERTEX_POINT ( 'NONE', #1364 ) ;
#2758 = CARTESIAN_POINT ( 'NONE',  ( 7.500000000000000000, 5.012110836234413114, 15.58284271247461916 ) ) ;
#2759 = DIRECTION ( 'NONE',  ( 1.000000000000000000, 0.000000000000000000, 0.000000000000000000 ) ) ;
#2760 = ORIENTED_EDGE ( 'NONE', *, *, #2366, .F. ) ;
#2761 = CARTESIAN_POINT ( 'NONE',  ( 5.200000000000001066, 7.999999999999994671, 25.50000000000000355 ) ) ;
#2762 = CARTESIAN_POINT ( 'NONE',  ( -15.50000000000000000, 0.2000000000000005107, -0.9999999999999945599 ) ) ;
#2763 = CYLINDRICAL_SURFACE ( 'NONE', #71, 0.1999999999999996503 ) ;
#2764 = EDGE_CURVE ( 'NONE', #738, #877, #1283, .T. ) ;
#2765 = LINE ( 'NONE', #953, #2613 ) ;
#2766 = EDGE_CURVE ( 'NONE', #3243, #1281, #125, .T. ) ;
#2767 = ORIENTED_EDGE ( 'NONE', *, *, #2358, .F. ) ;
#2768 = FACE_OUTER_BOUND ( 'NONE', #191, .T. ) ;
#2769 = VERTEX_POINT ( 'NONE', #3051 ) ;
#2770 = DIRECTION ( 'NONE',  ( 0.000000000000000000, 0.000000000000000000, 1.000000000000000000 ) ) ;
#2771 = ORIENTED_EDGE ( 'NONE', *, *, #2879, .F. ) ;
#2772 = CARTESIAN_POINT ( 'NONE',  ( 13.70000000000000107, 7.999999999999994671, 4.699999999999999289 ) ) ;
#2773 = CARTESIAN_POINT ( 'NONE',  ( -13.50000000000000000, 7.799999999999993605, 25.50000000000000355 ) ) ;
#2774 = ORIENTED_EDGE ( 'NONE', *, *, #904, .F. ) ;
#2775 = ADVANCED_FACE ( 'NONE', ( #1459 ), #678, .T. ) ;
#2776 = FACE_OUTER_BOUND ( 'NONE', #984, .T. ) ;
#2777 = VECTOR ( 'NONE', #1642, 1000.000000000000000 ) ;
#2778 = DIRECTION ( 'NONE',  ( 0.000000000000000000, -1.000000000000000000, -0.000000000000000000 ) ) ;
#2779 = VECTOR ( 'NONE', #1043, 1000.000000000000000 ) ;
#2780 = CYLINDRICAL_SURFACE ( 'NONE', #3323, 0.2000000000000005107 ) ;
#2781 = DIRECTION ( 'NONE',  ( 0.000000000000000000, 1.000000000000000000, 0.000000000000000000 ) ) ;
#2782 = ADVANCED_FACE ( 'NONE', ( #2433 ), #622, .T. ) ;
#2783 = AXIS2_PLACEMENT_3D ( 'NONE', #3262, #2987, #3231 ) ;
#2784 = ORIENTED_EDGE ( 'NONE', *, *, #655, .F. ) ;
#2785 = CIRCLE ( 'NONE', #2736, 1.700000000000000622 ) ;
#2786 = DIRECTION ( 'NONE',  ( 0.000000000000000000, -0.000000000000000000, -1.000000000000000000 ) ) ;
#2787 = ORIENTED_EDGE ( 'NONE', *, *, #2967, .F. ) ;
#2788 = CARTESIAN_POINT ( 'NONE',  ( -13.29999999999999893, 7.999999999999992895, 25.30000000000000426 ) ) ;
#2789 = AXIS2_PLACEMENT_3D ( 'NONE', #2710, #2513, #2184 ) ;
#2790 = DIRECTION ( 'NONE',  ( 0.000000000000000000, 1.000000000000000000, -0.000000000000000000 ) ) ;
#2791 = TOROIDAL_SURFACE ( 'NONE', #3327, 1.899999999999999689, 0.2000000000000000111 ) ;
#2792 = DIRECTION ( 'NONE',  ( 0.000000000000000000, 0.000000000000000000, -1.000000000000000000 ) ) ;
#2793 = DIRECTION ( 'NONE',  ( 0.000000000000000000, 1.000000000000000000, 0.000000000000000000 ) ) ;
#2794 = ORIENTED_EDGE ( 'NONE', *, *, #737, .F. ) ;
#2795 = CARTESIAN_POINT ( 'NONE',  ( -2.700000000000000178, 1.999999999999999556, 25.50000000000000355 ) ) ;
#2796 = CARTESIAN_POINT ( 'NONE',  ( -2.700000000000000178, 0.2000000000000000111, 25.50000000000000355 ) ) ;
#2797 = CARTESIAN_POINT ( 'NONE',  ( -6.505213034913028576E-16, 8.500000000000000000, -4.500000000000000888 ) ) ;
#2798 = LINE ( 'NONE', #1432, #110 ) ;
#2799 = ADVANCED_FACE ( 'NONE', ( #1438 ), #139, .F. ) ;
#2800 = ORIENTED_EDGE ( 'NONE', *, *, #2627, .F. ) ;
#2801 = VECTOR ( 'NONE', #2892, 1000.000000000000000 ) ;
#2802 = VERTEX_POINT ( 'NONE', #578 ) ;
#2803 = CIRCLE ( 'NONE', #2302, 0.1999999999999996503 ) ;
#2804 = CARTESIAN_POINT ( 'NONE',  ( 4.800000000000003375, 0.2000000000000005107, 4.699999999999997513 ) ) ;
#2805 = DIRECTION ( 'NONE',  ( 0.000000000000000000, 0.000000000000000000, -1.000000000000000000 ) ) ;
#2806 = MANIFOLD_SOLID_BREP ( 'Fillet1', #1844 ) ;
#2807 = LINE ( 'NONE', #1492, #890 ) ;
#2808 = FACE_OUTER_BOUND ( 'NONE', #2000, .T. ) ;
#2809 = VERTEX_POINT ( 'NONE', #1596 ) ;
#2810 = CARTESIAN_POINT ( 'NONE',  ( 13.29999999999999716, 7.999999999999994671, 4.699999999999995737 ) ) ;
#2811 = DIRECTION ( 'NONE',  ( 0.000000000000000000, 0.000000000000000000, -1.000000000000000000 ) ) ;
#2812 = ORIENTED_EDGE ( 'NONE', *, *, #1185, .T. ) ;
#2813 = CARTESIAN_POINT ( 'NONE',  ( -13.29999999999999893, 7.999999999999992895, 25.50000000000000355 ) ) ;
#2814 = EDGE_LOOP ( 'NONE', ( #2143, #2760, #3169 ) ) ;
#2815 = CARTESIAN_POINT ( 'NONE',  ( 13.70000000000000107, 0.000000000000000000, 4.699999999999999289 ) ) ;
#2816 = CARTESIAN_POINT ( 'NONE',  ( -1.700000000000001066, 7.999999999999994671, 21.14777711195929299 ) ) ;
#2817 = ORIENTED_EDGE ( 'NONE', *, *, #760, .T. ) ;
#2818 = ORIENTED_EDGE ( 'NONE', *, *, #2322, .T. ) ;
#2819 = ADVANCED_FACE ( 'NONE', ( #1206 ), #1858, .F. ) ;
#2820 = DIRECTION ( 'NONE',  ( 1.000000000000000000, 0.000000000000000000, -1.239088197126290817E-16 ) ) ;
#2821 = DIRECTION ( 'NONE',  ( -0.000000000000000000, 1.000000000000000000, -0.000000000000000000 ) ) ;
#2822 = ADVANCED_FACE ( 'NONE', ( #2388 ), #1554, .T. ) ;
#2823 = EDGE_LOOP ( 'NONE', ( #3078, #2156, #1783, #126 ) ) ;
#2824 = CARTESIAN_POINT ( 'NONE',  ( 13.29999999999999893, 0.000000000000000000, 25.30000000000000426 ) ) ;
#2825 = DIRECTION ( 'NONE',  ( 0.000000000000000000, 0.000000000000000000, -1.000000000000000000 ) ) ;
#2826 = ORIENTED_EDGE ( 'NONE', *, *, #120, .F. ) ;
#2827 = CARTESIAN_POINT ( 'NONE',  ( 4.999999999999999112, 7.917157287525367515, 9.499999999999996447 ) ) ;
#2828 = DIRECTION ( 'NONE',  ( 0.000000000000000000, 0.000000000000000000, -1.000000000000000000 ) ) ;
#2829 = CARTESIAN_POINT ( 'NONE',  ( -7.500000000000000000, 1.999999999999999112, 25.30000000000000426 ) ) ;
#2830 = VECTOR ( 'NONE', #2406, 1000.000000000000000 ) ;
#2831 = ORIENTED_EDGE ( 'NONE', *, *, #1588, .T. ) ;
#2832 = ORIENTED_EDGE ( 'NONE', *, *, #3277, .T. ) ;
#2833 = DIRECTION ( 'NONE',  ( 0.000000000000000000, 1.000000000000000000, -0.000000000000000000 ) ) ;
#2834 = CARTESIAN_POINT ( 'NONE',  ( -15.50000000000000000, 0.2000000000000005107, 0.7000000000000048406 ) ) ;
#2835 = CIRCLE ( 'NONE', #2789, 0.1999999999999987899 ) ;
#2836 = FACE_OUTER_BOUND ( 'NONE', #2229, .T. ) ;
#2837 = AXIS2_PLACEMENT_3D ( 'NONE', #380, #1443, #1211 ) ;
#2838 = ADVANCED_FACE ( 'NONE', ( #539 ), #1306, .F. ) ;
#2839 = EDGE_CURVE ( 'NONE', #2009, #1943, #1045, .T. ) ;
#2840 = ORIENTED_EDGE ( 'NONE', *, *, #782, .F. ) ;
#2841 = FACE_OUTER_BOUND ( 'NONE', #1563, .T. ) ;
#2842 = FACE_OUTER_BOUND ( 'NONE', #2368, .T. ) ;
#2843 = VECTOR ( 'NONE', #1974, 1000.000000000000000 ) ;
#2844 = VERTEX_POINT ( 'NONE', #1065 ) ;
#2845 = CARTESIAN_POINT ( 'NONE',  ( 5.200000000000001066, 7.999999999999994671, 9.699999999999999289 ) ) ;
#2846 = CARTESIAN_POINT ( 'NONE',  ( 2.299999999999999822, 0.2000000000000000111, 15.30000000000000071 ) ) ;
#2847 = DIRECTION ( 'NONE',  ( -0.000000000000000000, -0.000000000000000000, 1.000000000000000000 ) ) ;
#2848 = ORIENTED_EDGE ( 'NONE', *, *, #41, .F. ) ;
#2849 = ORIENTED_EDGE ( 'NONE', *, *, #1958, .F. ) ;
#2850 = DIRECTION ( 'NONE',  ( 1.000000000000000000, -4.065758146820639655E-16, 0.000000000000000000 ) ) ;
#2851 = AXIS2_PLACEMENT_3D ( 'NONE', #3403, #2862, #999 ) ;
#2852 = CARTESIAN_POINT ( 'NONE',  ( 0.000000000000000000, 8.500000000000000000, -2.899999999999994138 ) ) ;
#2853 = AXIS2_PLACEMENT_3D ( 'NONE', #1594, #2407, #1873 ) ;
#2854 = DIRECTION ( 'NONE',  ( 1.000000000000000000, 0.000000000000000000, 0.000000000000000000 ) ) ;
#2855 = ORIENTED_EDGE ( 'NONE', *, *, #3022, .T. ) ;
#2856 = DIRECTION ( 'NONE',  ( 0.000000000000000000, -1.000000000000000000, 0.000000000000000000 ) ) ;
#2857 = FACE_OUTER_BOUND ( 'NONE', #2412, .T. ) ;
#2858 = ADVANCED_FACE ( 'NONE', ( #283 ), #2686, .F. ) ;
#2859 = AXIS2_PLACEMENT_3D ( 'NONE', #2622, #1216, #2268 ) ;
#2860 = DIRECTION ( 'NONE',  ( -0.000000000000000000, -0.000000000000000000, 1.000000000000000000 ) ) ;
#2861 = PLANE ( 'NONE',  #1852 ) ;
#2862 = DIRECTION ( 'NONE',  ( -0.000000000000000000, -1.000000000000000000, -0.000000000000000000 ) ) ;
#2863 = ADVANCED_FACE ( 'NONE', ( #1915 ), #3159, .F. ) ;
#2864 = DIRECTION ( 'NONE',  ( -0.000000000000000000, -1.000000000000000000, 0.000000000000000000 ) ) ;
#2866 = ORIENTED_EDGE ( 'NONE', *, *, #1078, .T. ) ;
#2865 = EDGE_CURVE ( 'NONE', #1619, #1431, #1838, .T. ) ;
#2867 = ADVANCED_FACE ( 'NONE', ( #2182 ), #3150, .T. ) ;
#2868 = ADVANCED_FACE ( 'NONE', ( #851 ), #1897, .T. ) ;
#2869 = ORIENTED_EDGE ( 'NONE', *, *, #1588, .F. ) ;
#2870 = CARTESIAN_POINT ( 'NONE',  ( 2.700000000000000178, 1.799999999999999600, 25.50000000000000355 ) ) ;
#2871 = ORIENTED_EDGE ( 'NONE', *, *, #736, .F. ) ;
#2872 = DIRECTION ( 'NONE',  ( 2.602085213965211135E-16, -1.000000000000000000, 0.000000000000000000 ) ) ;
#2873 = VERTEX_POINT ( 'NONE', #2142 ) ;
#2874 = DIRECTION ( 'NONE',  ( 0.000000000000000000, 1.000000000000000000, -0.000000000000000000 ) ) ;
#2875 = CARTESIAN_POINT ( 'NONE',  ( 5.200000000000001066, 7.799999999999989164, 4.499999999999998224 ) ) ;
#2876 = DIRECTION ( 'NONE',  ( 1.000000000000000000, 6.424901762877064728E-17, 0.000000000000000000 ) ) ;
#2877 = LINE ( 'NONE', #236, #3153 ) ;
#2878 = ORIENTED_EDGE ( 'NONE', *, *, #1135, .T. ) ;
#2879 = EDGE_CURVE ( 'NONE', #1042, #2255, #3195, .T. ) ;
#2880 = AXIS2_PLACEMENT_3D ( 'NONE', #1918, #915, #369 ) ;
#2881 = VECTOR ( 'NONE', #2932, 1000.000000000000000 ) ;
#2882 = ORIENTED_EDGE ( 'NONE', *, *, #1518, .T. ) ;
#2883 = CIRCLE ( 'NONE', #2730, 0.2000000000000005107 ) ;
#2884 = DIRECTION ( 'NONE',  ( 1.000000000000000000, 0.000000000000000000, 0.000000000000000000 ) ) ;
#2885 = EDGE_LOOP ( 'NONE', ( #1866, #2952, #312, #1828 ) ) ;
#2886 = FACE_OUTER_BOUND ( 'NONE', #1032, .T. ) ;
#2887 = CIRCLE ( 'NONE', #1180, 0.4000000000000001887 ) ;
#2888 = ORIENTED_EDGE ( 'NONE', *, *, #1162, .F. ) ;
#2889 = LINE ( 'NONE', #3381, #1940 ) ;
#2890 = ORIENTED_EDGE ( 'NONE', *, *, #1187, .T. ) ;
#2891 = LINE ( 'NONE', #510, #1988 ) ;
#2892 = DIRECTION ( 'NONE',  ( 1.000000000000000000, -0.000000000000000000, -1.239088197126290817E-16 ) ) ;
#2893 = DIRECTION ( 'NONE',  ( 0.000000000000000000, 1.000000000000000000, -0.000000000000000000 ) ) ;
#2894 = EDGE_LOOP ( 'NONE', ( #349, #1348, #1754, #2453 ) ) ;
#2895 = EDGE_CURVE ( 'NONE', #3135, #1344, #45, .T. ) ;
#2896 = ORIENTED_EDGE ( 'NONE', *, *, #1154, .F. ) ;
#2897 = EDGE_CURVE ( 'NONE', #1342, #2221, #1664, .T. ) ;
#2898 = DIRECTION ( 'NONE',  ( 1.000000000000000000, -0.000000000000000000, 0.000000000000000000 ) ) ;
#2899 = ORIENTED_EDGE ( 'NONE', *, *, #1595, .F. ) ;
#2900 = LINE ( 'NONE', #1339, #3148 ) ;
#2901 = CARTESIAN_POINT ( 'NONE',  ( 7.500000000000000000, 5.012110836234411337, 25.30000000000000426 ) ) ;
#2902 = VERTEX_POINT ( 'NONE', #64 ) ;
#2903 = DIRECTION ( 'NONE',  ( 1.000000000000000000, 0.000000000000000000, -1.239088197126290817E-16 ) ) ;
#2904 = ORIENTED_EDGE ( 'NONE', *, *, #2244, .T. ) ;
#2905 = TOROIDAL_SURFACE ( 'NONE', #1850, 0.4000000000000000222, 0.2000000000000000111 ) ;
#2906 = FACE_OUTER_BOUND ( 'NONE', #1412, .T. ) ;
#2907 = CARTESIAN_POINT ( 'NONE',  ( -20.80000000000000426, 8.300000000000000711, 4.300000000000001599 ) ) ;
#2908 = VECTOR ( 'NONE', #1780, 1000.000000000000000 ) ;
#2909 = CARTESIAN_POINT ( 'NONE',  ( 13.70000000000000107, 0.2000000000000000111, 4.499999999999997335 ) ) ;
#2910 = ORIENTED_EDGE ( 'NONE', *, *, #1210, .F. ) ;
#2911 = DIRECTION ( 'NONE',  ( -1.000000000000000000, -2.602085213965211135E-16, -0.000000000000000000 ) ) ;
#2912 = CARTESIAN_POINT ( 'NONE',  ( 15.49999999999999289, 8.300000000000000711, -0.9999999999999945599 ) ) ;
#2913 = ORIENTED_EDGE ( 'NONE', *, *, #47, .F. ) ;
#2914 = DIRECTION ( 'NONE',  ( 0.000000000000000000, 1.000000000000000000, -0.000000000000000000 ) ) ;
#2915 = ORIENTED_EDGE ( 'NONE', *, *, #2181, .F. ) ;
#2916 = ADVANCED_FACE ( 'NONE', ( #3411 ), #1128, .F. ) ;
#2917 = CARTESIAN_POINT ( 'NONE',  ( 13.50000000000000000, 0.1999999999999996503, 25.30000000000000426 ) ) ;
#2918 = DIRECTION ( 'NONE',  ( 0.000000000000000000, 0.000000000000000000, 1.000000000000000000 ) ) ;
#2919 = VERTEX_POINT ( 'NONE', #2648 ) ;
#2920 = CARTESIAN_POINT ( 'NONE',  ( -13.29999999999999893, 7.799999999999993605, 25.50000000000000355 ) ) ;
#2921 = ORIENTED_EDGE ( 'NONE', *, *, #3277, .F. ) ;
#2922 = CARTESIAN_POINT ( 'NONE',  ( -13.50000000000000000, 0.2000000000000000111, 4.699999999999999289 ) ) ;
#2923 = CARTESIAN_POINT ( 'NONE',  ( 0.000000000000000000, 0.000000000000000000, 15.50000000000000178 ) ) ;
#2924 = CARTESIAN_POINT ( 'NONE',  ( 17.19999999999999929, 8.300000000000000711, 0.7000000000000052847 ) ) ;
#2925 = ORIENTED_EDGE ( 'NONE', *, *, #652, .F. ) ;
#2926 = CARTESIAN_POINT ( 'NONE',  ( -7.500000000000000000, 5.212110836234411515, 25.30000000000000426 ) ) ;
#2927 = EDGE_CURVE ( 'NONE', #323, #1090, #263, .T. ) ;
#2928 = ORIENTED_EDGE ( 'NONE', *, *, #87, .T. ) ;
#2929 = AXIS2_PLACEMENT_3D ( 'NONE', #1012, #2001, #2070 ) ;
#2930 = DIRECTION ( 'NONE',  ( -4.081702296416017574E-15, 0.000000000000000000, 1.000000000000000000 ) ) ;
#2931 = ORIENTED_EDGE ( 'NONE', *, *, #652, .T. ) ;
#2932 = DIRECTION ( 'NONE',  ( -0.000000000000000000, 1.000000000000000000, -0.000000000000000000 ) ) ;
#2933 = CIRCLE ( 'NONE', #3097, 0.2000000000000000944 ) ;
#2934 = LINE ( 'NONE', #2954, #1081 ) ;
#2935 = EDGE_CURVE ( 'NONE', #683, #2757, #664, .T. ) ;
#2936 = EDGE_CURVE ( 'NONE', #393, #2705, #2887, .T. ) ;
#2937 = EDGE_CURVE ( 'NONE', #1851, #2353, #911, .T. ) ;
#2938 = DIRECTION ( 'NONE',  ( -1.000000000000000000, 0.000000000000000000, -2.551063935260000137E-16 ) ) ;
#2939 = ORIENTED_EDGE ( 'NONE', *, *, #2627, .T. ) ;
#2940 = CARTESIAN_POINT ( 'NONE',  ( 5.200000000000001954, 0.2000000000000000111, 0.000000000000000000 ) ) ;
#2941 = ORIENTED_EDGE ( 'NONE', *, *, #2041, .F. ) ;
#2942 = CARTESIAN_POINT ( 'NONE',  ( 15.49999999999999289, 0.2000000000000005107, -2.699999999999993960 ) ) ;
#2943 = DIRECTION ( 'NONE',  ( 1.000000000000000000, 0.000000000000000000, 0.000000000000000000 ) ) ;
#2944 = VECTOR ( 'NONE', #2821, 1000.000000000000000 ) ;
#2945 = DIRECTION ( 'NONE',  ( -0.000000000000000000, 1.000000000000000000, -0.000000000000000000 ) ) ;
#2946 = EDGE_LOOP ( 'NONE', ( #1839, #1437, #3304, #2604 ) ) ;
#2947 = CIRCLE ( 'NONE', #1890, 0.1999999999999987899 ) ;
#2948 = CARTESIAN_POINT ( 'NONE',  ( -6.216092455583560398E-16, 8.300000000000000711, -4.300000000000000711 ) ) ;
#2949 = LINE ( 'NONE', #1924, #3151 ) ;
#2950 = ORIENTED_EDGE ( 'NONE', *, *, #1015, .F. ) ;
#2951 = DIRECTION ( 'NONE',  ( -1.239088197126290817E-16, 0.000000000000000000, -1.000000000000000000 ) ) ;
#2952 = ORIENTED_EDGE ( 'NONE', *, *, #3039, .F. ) ;
#2953 = DIRECTION ( 'NONE',  ( 0.000000000000000000, -1.000000000000000000, 0.000000000000000000 ) ) ;
#2954 = CARTESIAN_POINT ( 'NONE',  ( 7.500000000000000000, 5.012110836234411337, 15.50000000000000178 ) ) ;
#2955 = DIRECTION ( 'NONE',  ( -0.000000000000000000, -1.000000000000000000, -0.000000000000000000 ) ) ;
#2956 = ORIENTED_EDGE ( 'NONE', *, *, #1408, .F. ) ;
#2957 = CARTESIAN_POINT ( 'NONE',  ( 1.785744754682002561E-16, 8.300000000000000711, 0.7000000000000009548 ) ) ;
#2958 = ORIENTED_EDGE ( 'NONE', *, *, #1979, .T. ) ;
#2959 = DIRECTION ( 'NONE',  ( 1.000000000000000000, 0.000000000000000000, 0.000000000000000000 ) ) ;
#2960 = DIRECTION ( 'NONE',  ( -0.000000000000000000, -1.000000000000000000, -0.000000000000000000 ) ) ;
#2961 = AXIS2_PLACEMENT_3D ( 'NONE', #1778, #2318, #1017 ) ;
#2962 = FACE_OUTER_BOUND ( 'NONE', #3208, .T. ) ;
#2963 = VERTEX_POINT ( 'NONE', #1146 ) ;
#2964 = EDGE_CURVE ( 'NONE', #393, #3412, #1282, .T. ) ;
#2965 = DIRECTION ( 'NONE',  ( 0.000000000000000000, 0.000000000000000000, 1.000000000000000000 ) ) ;
#2966 = ADVANCED_FACE ( 'NONE', ( #1425 ), #2496, .T. ) ;
#2967 = EDGE_CURVE ( 'NONE', #2343, #3346, #1944, .T. ) ;
#2968 = AXIS2_PLACEMENT_3D ( 'NONE', #2290, #426, #2570 ) ;
#2969 = EDGE_CURVE ( 'NONE', #1898, #306, #672, .T. ) ;
#2970 =( BOUNDED_CURVE ( )  B_SPLINE_CURVE ( 3, ( #2829, #474, #235, #778 ),
 .UNSPECIFIED., .F., .F. ) 
 B_SPLINE_CURVE_WITH_KNOTS ( ( 4, 4 ),
 ( 0.000000000000000000, 1.570796326794896114 ),
 .UNSPECIFIED. ) 
 CURVE ( )  GEOMETRIC_REPRESENTATION_ITEM ( )  RATIONAL_B_SPLINE_CURVE ( ( 1.000000000000000000, 0.8047378541243650485, 0.8047378541243650485, 1.000000000000000000 ) ) 
 REPRESENTATION_ITEM ( '' )  );
#2971 = DIRECTION ( 'NONE',  ( 0.000000000000000000, 0.000000000000000000, 1.000000000000000000 ) ) ;
#2972 = ORIENTED_EDGE ( 'NONE', *, *, #1903, .T. ) ;
#2973 = PLANE ( 'NONE',  #942 ) ;
#2974 = CARTESIAN_POINT ( 'NONE',  ( -15.50000000000000000, 8.300000000000000711, -2.699999999999993960 ) ) ;
#2975 = CARTESIAN_POINT ( 'NONE',  ( 2.700000000000000178, 1.799999999999999600, 25.50000000000000355 ) ) ;
#2976 = CARTESIAN_POINT ( 'NONE',  ( -1.500000000000000666, 5.012110836234411337, 21.14777711195929299 ) ) ;
#2977 = ORIENTED_EDGE ( 'NONE', *, *, #1709, .T. ) ;
#2978 = CARTESIAN_POINT ( 'NONE',  ( -13.29999999999999893, 0.000000000000000000, 4.699999999999999289 ) ) ;
#2979 = DIRECTION ( 'NONE',  ( 0.000000000000000000, 0.000000000000000000, 1.000000000000000000 ) ) ;
#2980 = PRODUCT_RELATED_PRODUCT_CATEGORY ( 'part', '', ( #431 ) ) ;
#2981 = CARTESIAN_POINT ( 'NONE',  ( -17.20000000000000639, 8.300000000000000711, -2.699999999999993960 ) ) ;
#2982 = DIRECTION ( 'NONE',  ( 0.000000000000000000, 0.000000000000000000, -1.000000000000000000 ) ) ;
#2983 = EDGE_CURVE ( 'NONE', #3291, #3028, #1930, .T. ) ;
#2984 = ORIENTED_EDGE ( 'NONE', *, *, #2983, .F. ) ;
#2985 = DIRECTION ( 'NONE',  ( 0.000000000000000000, 0.000000000000000000, -1.000000000000000000 ) ) ;
#2986 = ORIENTED_EDGE ( 'NONE', *, *, #1397, .F. ) ;
#2987 = DIRECTION ( 'NONE',  ( 0.000000000000000000, 1.000000000000000000, -0.000000000000000000 ) ) ;
#2988 =( BOUNDED_CURVE ( )  B_SPLINE_CURVE ( 3, ( #3347, #2581, #2265, #1771 ),
 .UNSPECIFIED., .F., .F. ) 
 B_SPLINE_CURVE_WITH_KNOTS ( ( 4, 4 ),
 ( 4.712388980384689674, 6.283185307179571133 ),
 .UNSPECIFIED. ) 
 CURVE ( )  GEOMETRIC_REPRESENTATION_ITEM ( )  RATIONAL_B_SPLINE_CURVE ( ( 1.000000000000000000, 0.8047378541243649375, 0.8047378541243649375, 1.000000000000000000 ) ) 
 REPRESENTATION_ITEM ( '' )  );
#2989 = CARTESIAN_POINT ( 'NONE',  ( 13.29999999999999893, 0.000000000000000000, 0.000000000000000000 ) ) ;
#2990 = CIRCLE ( 'NONE', #3423, 0.3999999999999993006 ) ;
#2991 = ORIENTED_EDGE ( 'NONE', *, *, #1347, .T. ) ;
#2992 = CARTESIAN_POINT ( 'NONE',  ( 15.49999999999999289, 0.2000000000000005107, 0.7000000000000048406 ) ) ;
#2993 = LINE ( 'NONE', #358, #1515 ) ;
#2994 = VECTOR ( 'NONE', #2938, 1000.000000000000000 ) ;
#2995 = VECTOR ( 'NONE', #314, 1000.000000000000000 ) ;
#2996 = DIRECTION ( 'NONE',  ( 0.000000000000000000, 0.000000000000000000, 1.000000000000000000 ) ) ;
#2997 = CIRCLE ( 'NONE', #1495, 0.1999999999999996503 ) ;
#2998 = CARTESIAN_POINT ( 'NONE',  ( 20.80000000000000071, 8.300000000000000711, -4.300000000000003375 ) ) ;
#2999 = AXIS2_PLACEMENT_3D ( 'NONE', #980, #2036, #1711 ) ;
#3000 = VERTEX_POINT ( 'NONE', #3005 ) ;
#3001 = AXIS2_PLACEMENT_3D ( 'NONE', #878, #2222, #2971 ) ;
#3002 = CARTESIAN_POINT ( 'NONE',  ( -15.50000000000000000, 0.2000000000000005107, -2.899999999999994138 ) ) ;
#3003 = VERTEX_POINT ( 'NONE', #1946 ) ;
#3004 = DIRECTION ( 'NONE',  ( 0.000000000000000000, 0.000000000000000000, -1.000000000000000000 ) ) ;
#3005 = CARTESIAN_POINT ( 'NONE',  ( -21.00000000000000355, 8.300000000000000711, -4.299999999999998046 ) ) ;
#3006 = ADVANCED_FACE ( 'NONE', ( #2486 ), #2199, .F. ) ;
#3007 = VERTEX_POINT ( 'NONE', #403 ) ;
#3008 = CARTESIAN_POINT ( 'NONE',  ( 7.699999999999999289, 1.800000000000000711, 25.50000000000000355 ) ) ;
#3009 = DIRECTION ( 'NONE',  ( 0.000000000000000000, 0.000000000000000000, 1.000000000000000000 ) ) ;
#3010 = DIRECTION ( 'NONE',  ( 1.000000000000000000, 0.000000000000000000, 2.551063935260000137E-16 ) ) ;
#3011 = VECTOR ( 'NONE', #2847, 1000.000000000000000 ) ;
#3012 = CARTESIAN_POINT ( 'NONE',  ( -7.699999999999999289, 5.012110836234411337, 25.50000000000000355 ) ) ;
#3013 = VECTOR ( 'NONE', #1305, 1000.000000000000000 ) ;
#3014 = ORIENTED_EDGE ( 'NONE', *, *, #472, .F. ) ;
#3015 = EDGE_CURVE ( 'NONE', #1463, #3406, #1194, .T. ) ;
#3016 = DIRECTION ( 'NONE',  ( 0.000000000000000000, -1.000000000000000000, -0.000000000000000000 ) ) ;
#3017 = EDGE_LOOP ( 'NONE', ( #2512, #3305, #2840, #1871 ) ) ;
#3018 = ORIENTED_EDGE ( 'NONE', *, *, #3337, .F. ) ;
#3019 = CARTESIAN_POINT ( 'NONE',  ( 7.500000000000000000, 2.000000000000000444, 15.58284271247461916 ) ) ;
#3020 = EDGE_CURVE ( 'NONE', #2126, #1264, #616, .T. ) ;
#3021 = DIRECTION ( 'NONE',  ( 1.000000000000000000, 6.424901762877065960E-17, 0.000000000000000000 ) ) ;
#3022 = EDGE_CURVE ( 'NONE', #1957, #421, #900, .T. ) ;
#3023 = ORIENTED_EDGE ( 'NONE', *, *, #3020, .T. ) ;
#3024 = CARTESIAN_POINT ( 'NONE',  ( 7.582842712474616498, 1.917157287525381726, 25.50000000000000355 ) ) ;
#3025 = DIRECTION ( 'NONE',  ( -1.000000000000000000, -2.602085213965211135E-16, 0.000000000000000000 ) ) ;
#3026 = FACE_OUTER_BOUND ( 'NONE', #2946, .T. ) ;
#3027 = CARTESIAN_POINT ( 'NONE',  ( -7.500000000000000000, 5.012110836234411337, 15.70000000000000284 ) ) ;
#3028 = VERTEX_POINT ( 'NONE', #97 ) ;
#3029 = EDGE_CURVE ( 'NONE', #2120, #2657, #952, .T. ) ;
#3030 = FACE_OUTER_BOUND ( 'NONE', #2726, .T. ) ;
#3031 = VERTEX_POINT ( 'NONE', #2534 ) ;
#3032 = CARTESIAN_POINT ( 'NONE',  ( 13.70000000000000107, 0.1999999999999996503, 4.699999999999999289 ) ) ;
#3033 = PLANE ( 'NONE',  #3284 ) ;
#3034 = DIRECTION ( 'NONE',  ( 0.000000000000000000, 0.000000000000000000, -1.000000000000000000 ) ) ;
#3035 = DIRECTION ( 'NONE',  ( 0.000000000000000000, 0.000000000000000000, 1.000000000000000000 ) ) ;
#3036 = ORIENTED_EDGE ( 'NONE', *, *, #1697, .T. ) ;
#3037 = CARTESIAN_POINT ( 'NONE',  ( -20.80000000000000426, 0.2000000000000000111, -4.299999999999998046 ) ) ;
#3038 = CARTESIAN_POINT ( 'NONE',  ( 13.29999999999999716, 8.199999999999995737, 4.699999999999996625 ) ) ;
#3039 = EDGE_CURVE ( 'NONE', #2120, #1321, #1703, .T. ) ;
#3040 = EDGE_CURVE ( 'NONE', #2379, #721, #388, .T. ) ;
#3041 = EDGE_CURVE ( 'NONE', #1002, #2009, #2225, .T. ) ;
#3042 = AXIS2_PLACEMENT_3D ( 'NONE', #1802, #2872, #230 ) ;
#3043 = DIRECTION ( 'NONE',  ( 0.000000000000000000, 0.000000000000000000, 1.000000000000000000 ) ) ;
#3044 = DIRECTION ( 'NONE',  ( -1.000000000000000000, 0.000000000000000000, 0.000000000000000000 ) ) ;
#3045 = AXIS2_PLACEMENT_3D ( 'NONE', #417, #1191, #2259 ) ;
#3046 = VECTOR ( 'NONE', #2032, 1000.000000000000000 ) ;
#3047 = AXIS2_PLACEMENT_3D ( 'NONE', #763, #216, #290 ) ;
#3048 = EDGE_LOOP ( 'NONE', ( #1951, #790, #1522, #2004 ) ) ;
#3049 = CIRCLE ( 'NONE', #1553, 1.699999999999999734 ) ;
#3050 = ORIENTED_EDGE ( 'NONE', *, *, #2416, .T. ) ;
#3051 = CARTESIAN_POINT ( 'NONE',  ( -7.500000000000000000, 1.999999999999999112, 25.30000000000000426 ) ) ;
#3052 = VERTEX_POINT ( 'NONE', #3055 ) ;
#3053 = AXIS2_PLACEMENT_3D ( 'NONE', #190, #1489, #171 ) ;
#3054 = DIRECTION ( 'NONE',  ( 1.000000000000000000, -0.000000000000000000, -0.000000000000000000 ) ) ;
#3055 = CARTESIAN_POINT ( 'NONE',  ( 2.500000000000000000, 1.999999999999999556, 15.70000000000000284 ) ) ;
#3056 = ORIENTED_EDGE ( 'NONE', *, *, #1793, .F. ) ;
#3057 = CARTESIAN_POINT ( 'NONE',  ( 1.700000000000000178, 7.799999999999996270, 21.14777711195929299 ) ) ;
#3058 = CARTESIAN_POINT ( 'NONE',  ( -2.500000000000000000, 0.2000000000000000111, 15.70000000000000284 ) ) ;
#3059 = ORIENTED_EDGE ( 'NONE', *, *, #2181, .T. ) ;
#3060 = CARTESIAN_POINT ( 'NONE',  ( -4.999999999999994671, -13.00000000000000711, 4.699999999999999289 ) ) ;
#3061 = VERTEX_POINT ( 'NONE', #1402 ) ;
#3062 = DIRECTION ( 'NONE',  ( 0.000000000000000000, 1.000000000000000000, 0.000000000000000000 ) ) ;
#3063 = EDGE_CURVE ( 'NONE', #1589, #1456, #342, .T. ) ;
#3064 = CARTESIAN_POINT ( 'NONE',  ( 13.29999999999999716, 7.799999999999995381, 25.50000000000000355 ) ) ;
#3065 = VECTOR ( 'NONE', #2698, 1000.000000000000000 ) ;
#3066 = ORIENTED_EDGE ( 'NONE', *, *, #414, .F. ) ;
#3067 = CIRCLE ( 'NONE', #3339, 0.1999999999999987899 ) ;
#3068 = ADVANCED_FACE ( 'NONE', ( #1769 ), #1334, .T. ) ;
#3069 = ORIENTED_EDGE ( 'NONE', *, *, #1494, .F. ) ;
#3070 = TOROIDAL_SURFACE ( 'NONE', #2240, 0.4000000000000000222, 0.2000000000000000111 ) ;
#3071 = CARTESIAN_POINT ( 'NONE',  ( 7.500000000000000000, 2.000000000000000888, 25.30000000000000426 ) ) ;
#3072 = CARTESIAN_POINT ( 'NONE',  ( -13.70000000000000107, 0.000000000000000000, 4.300000000000000711 ) ) ;
#3073 = DIRECTION ( 'NONE',  ( -1.000000000000000000, -8.673617379884037937E-17, 0.000000000000000000 ) ) ;
#3074 = VERTEX_POINT ( 'NONE', #3375 ) ;
#3075 = CYLINDRICAL_SURFACE ( 'NONE', #993, 0.1999999999999987899 ) ;
#3076 = DIRECTION ( 'NONE',  ( 1.239088197126290817E-16, -0.000000000000000000, 1.000000000000000000 ) ) ;
#3077 =( BOUNDED_CURVE ( )  B_SPLINE_CURVE ( 3, ( #3008, #3024, #1658, #99 ),
 .UNSPECIFIED., .F., .F. ) 
 B_SPLINE_CURVE_WITH_KNOTS ( ( 4, 4 ),
 ( 4.712388980384689674, 6.283185307179586232 ),
 .UNSPECIFIED. ) 
 CURVE ( )  GEOMETRIC_REPRESENTATION_ITEM ( )  RATIONAL_B_SPLINE_CURVE ( ( 1.000000000000000000, 0.8047378541243649375, 0.8047378541243649375, 1.000000000000000000 ) ) 
 REPRESENTATION_ITEM ( '' )  );
#3078 = ORIENTED_EDGE ( 'NONE', *, *, #120, .T. ) ;
#3079 = DIRECTION ( 'NONE',  ( 1.000000000000000000, 8.673617379884037937E-17, 0.000000000000000000 ) ) ;
#3080 = DIRECTION ( 'NONE',  ( 0.000000000000000000, 1.000000000000000000, -0.000000000000000000 ) ) ;
#3081 = LINE ( 'NONE', #707, #3286 ) ;
#3082 = ORIENTED_EDGE ( 'NONE', *, *, #2577, .F. ) ;
#3083 = EDGE_CURVE ( 'NONE', #3230, #2149, #467, .T. ) ;
#3084 = ORIENTED_EDGE ( 'NONE', *, *, #1263, .F. ) ;
#3085 = CARTESIAN_POINT ( 'NONE',  ( -17.20000000000000639, 0.2000000000000000111, 0.9000000000000052403 ) ) ;
#3086 = LINE ( 'NONE', #2641, #551 ) ;
#3087 = CARTESIAN_POINT ( 'NONE',  ( -4.999999999999994671, -13.00000000000000711, 9.499999999999998224 ) ) ;
#3088 = ORIENTED_EDGE ( 'NONE', *, *, #3020, .F. ) ;
#3089 = LINE ( 'NONE', #1742, #2451 ) ;
#3090 = CARTESIAN_POINT ( 'NONE',  ( 1.284980352575416397E-16, -2.000000000000005329, 21.14777711195929299 ) ) ;
#3091 = ORIENTED_EDGE ( 'NONE', *, *, #2927, .T. ) ;
#3092 = CARTESIAN_POINT ( 'NONE',  ( 5.082842712474618274, 7.999999999999989342, 9.582842712474615610 ) ) ;
#3093 = FACE_OUTER_BOUND ( 'NONE', #286, .T. ) ;
#3094 = LINE ( 'NONE', #724, #1684 ) ;
#3095 = CIRCLE ( 'NONE', #1598, 1.699999999999999734 ) ;
#3096 = ORIENTED_EDGE ( 'NONE', *, *, #2895, .T. ) ;
#3097 = AXIS2_PLACEMENT_3D ( 'NONE', #3421, #272, #2965 ) ;
#3098 = CIRCLE ( 'NONE', #1607, 0.2000000000000005107 ) ;
#3099 = ORIENTED_EDGE ( 'NONE', *, *, #363, .T. ) ;
#3100 = DIRECTION ( 'NONE',  ( 0.000000000000000000, -0.000000000000000000, -1.000000000000000000 ) ) ;
#3101 = LINE ( 'NONE', #2852, #1544 ) ;
#3102 = CIRCLE ( 'NONE', #1609, 0.1999999999999987899 ) ;
#3103 = ADVANCED_FACE ( 'NONE', ( #434 ), #2280, .F. ) ;
#3104 = PRESENTATION_LAYER_ASSIGNMENT (  '', '', ( #1543 ) ) ;
#3105 = CARTESIAN_POINT ( 'NONE',  ( -7.500000000000000000, 5.012110836234411337, 15.70000000000000284 ) ) ;
#3106 = VECTOR ( 'NONE', #633, 1000.000000000000000 ) ;
#3107 = ORIENTED_EDGE ( 'NONE', *, *, #449, .T. ) ;
#3108 = FACE_OUTER_BOUND ( 'NONE', #781, .T. ) ;
#3109 = CARTESIAN_POINT ( 'NONE',  ( 17.19999999999999929, 8.500000000000000000, -2.899999999999994138 ) ) ;
#3110 = AXIS2_PLACEMENT_3D ( 'NONE', #58, #2427, #1103 ) ;
#3111 = EDGE_CURVE ( 'NONE', #332, #421, #2785, .T. ) ;
#3112 = ORIENTED_EDGE ( 'NONE', *, *, #402, .T. ) ;
#3113 = ADVANCED_FACE ( 'NONE', ( #1800 ), #2345, .F. ) ;
#3114 = DIRECTION ( 'NONE',  ( 0.000000000000000000, 0.000000000000000000, 1.000000000000000000 ) ) ;
#3115 = CARTESIAN_POINT ( 'NONE',  ( 20.80000000000000071, 8.500000000000000000, -4.300000000000003375 ) ) ;
#3116 = CARTESIAN_POINT ( 'NONE',  ( -3.220231974745770549E-16, 5.012110836234411337, 21.14777711195929299 ) ) ;
#3117 = ORIENTED_EDGE ( 'NONE', *, *, #2725, .F. ) ;
#3118 =( BOUNDED_CURVE ( )  B_SPLINE_CURVE ( 3, ( #1984, #2827, #3092, #2845 ),
 .UNSPECIFIED., .F., .F. ) 
 B_SPLINE_CURVE_WITH_KNOTS ( ( 4, 4 ),
 ( -3.463895836830488406E-14, 1.570796326794896558 ),
 .UNSPECIFIED. ) 
 CURVE ( )  GEOMETRIC_REPRESENTATION_ITEM ( )  RATIONAL_B_SPLINE_CURVE ( ( 1.000000000000000000, 0.8047378541243568328, 0.8047378541243568328, 1.000000000000000000 ) ) 
 REPRESENTATION_ITEM ( '' )  );
#3119 = EDGE_LOOP ( 'NONE', ( #1891, #1444, #843, #3322 ) ) ;
#3120 = DIRECTION ( 'NONE',  ( 0.000000000000000000, -0.000000000000000000, 1.000000000000000000 ) ) ;
#3121 = EDGE_CURVE ( 'NONE', #3074, #1482, #1009, .T. ) ;
#3122 = AXIS2_PLACEMENT_3D ( 'NONE', #180, #3362, #2035 ) ;
#3123 = DIRECTION ( 'NONE',  ( 0.000000000000000000, -1.000000000000000000, 0.000000000000000000 ) ) ;
#3124 = ORIENTED_EDGE ( 'NONE', *, *, #2503, .T. ) ;
#3125 = CARTESIAN_POINT ( 'NONE',  ( -20.80000000000000426, 0.2000000000000005107, -4.499999999999998224 ) ) ;
#3126 = AXIS2_PLACEMENT_3D ( 'NONE', #1578, #261, #1340 ) ;
#3127 = EDGE_CURVE ( 'NONE', #318, #2809, #2595, .T. ) ;
#3128 = ORIENTED_EDGE ( 'NONE', *, *, #2722, .F. ) ;
#3129 = CIRCLE ( 'NONE', #2425, 0.4000000000000001887 ) ;
#3130 = LINE ( 'NONE', #1067, #2285 ) ;
#3131 = LINE ( 'NONE', #2601, #1798 ) ;
#3132 = DIRECTION ( 'NONE',  ( 0.000000000000000000, 1.000000000000000000, -0.000000000000000000 ) ) ;
#3133 = DIRECTION ( 'NONE',  ( -0.000000000000000000, -1.000000000000000000, 0.000000000000000000 ) ) ;
#3134 = ORIENTED_EDGE ( 'NONE', *, *, #1958, .T. ) ;
#3135 = VERTEX_POINT ( 'NONE', #2870 ) ;
#3136 = CARTESIAN_POINT ( 'NONE',  ( -17.19999999999999929, 8.500000000000000000, -0.9999999999999945599 ) ) ;
#3137 = ORIENTED_EDGE ( 'NONE', *, *, #119, .T. ) ;
#3138 = UNCERTAINTY_MEASURE_WITH_UNIT (LENGTH_MEASURE( 1.000000000000000082E-05 ), #1750, 'distance_accuracy_value', 'NONE');
#3139 = LINE ( 'NONE', #1559, #3367 ) ;
#3140 = CARTESIAN_POINT ( 'NONE',  ( 13.50000000000000000, 7.999999999999994671, 25.30000000000000426 ) ) ;
#3141 = ORIENTED_EDGE ( 'NONE', *, *, #1941, .T. ) ;
#3142 = DIRECTION ( 'NONE',  ( -0.000000000000000000, -1.000000000000000000, 0.000000000000000000 ) ) ;
#3143 = ORIENTED_EDGE ( 'NONE', *, *, #681, .F. ) ;
#3144 = CARTESIAN_POINT ( 'NONE',  ( 0.000000000000000000, 8.300000000000000711, -2.899999999999994138 ) ) ;
#3145 = EDGE_CURVE ( 'NONE', #2149, #716, #1219, .T. ) ;
#3146 = DIRECTION ( 'NONE',  ( 1.000000000000000000, 6.424901762877064728E-17, -1.239088197126290817E-16 ) ) ;
#3147 = ORIENTED_EDGE ( 'NONE', *, *, #1162, .T. ) ;
#3148 = VECTOR ( 'NONE', #1593, 1000.000000000000000 ) ;
#3149 = EDGE_LOOP ( 'NONE', ( #2420, #2082, #701, #462 ) ) ;
#3150 = TOROIDAL_SURFACE ( 'NONE', #2729, 1.899999999999999689, 0.2000000000000000111 ) ;
#3151 = VECTOR ( 'NONE', #2982, 1000.000000000000000 ) ;
#3152 = CARTESIAN_POINT ( 'NONE',  ( -2.582842712474619162, 1.917157287525380616, 25.50000000000000355 ) ) ;
#3153 = VECTOR ( 'NONE', #2148, 1000.000000000000000 ) ;
#3154 = ORIENTED_EDGE ( 'NONE', *, *, #476, .T. ) ;
#3155 = CARTESIAN_POINT ( 'NONE',  ( 20.80000000000000071, 8.300000000000000711, 4.299999999999996270 ) ) ;
#3156 = LINE ( 'NONE', #792, #1631 ) ;
#3157 = AXIS2_PLACEMENT_3D ( 'NONE', #1230, #932, #1758 ) ;
#3158 = AXIS2_PLACEMENT_3D ( 'NONE', #1027, #450, #420 ) ;
#3159 = PLANE ( 'NONE',  #2386 ) ;
#3160 = ORIENTED_EDGE ( 'NONE', *, *, #2673, .F. ) ;
#3161 = DIRECTION ( 'NONE',  ( 0.000000000000000000, 0.000000000000000000, 1.000000000000000000 ) ) ;
#3162 = ORIENTED_EDGE ( 'NONE', *, *, #14, .T. ) ;
#3163 = DIRECTION ( 'NONE',  ( 0.000000000000000000, 0.000000000000000000, -1.000000000000000000 ) ) ;
#3164 = CARTESIAN_POINT ( 'NONE',  ( -13.50000000000000000, 0.2000000000000000111, 4.500000000000000888 ) ) ;
#3165 = CYLINDRICAL_SURFACE ( 'NONE', #725, 0.1999999999999996503 ) ;
#3166 = ORIENTED_EDGE ( 'NONE', *, *, #2725, .T. ) ;
#3167 = CYLINDRICAL_SURFACE ( 'NONE', #1173, 0.1999999999999987899 ) ;
#3168 = ADVANCED_FACE ( 'NONE', ( #3390 ), #3345, .T. ) ;
#3169 = ORIENTED_EDGE ( 'NONE', *, *, #545, .F. ) ;
#3170 = DIRECTION ( 'NONE',  ( -0.000000000000000000, 1.000000000000000000, -1.761828530288955355E-15 ) ) ;
#3171 = VECTOR ( 'NONE', #328, 1000.000000000000000 ) ;
#3172 = VERTEX_POINT ( 'NONE', #975 ) ;
#3173 = DIRECTION ( 'NONE',  ( 0.000000000000000000, 1.000000000000000000, -0.000000000000000000 ) ) ;
#3174 = LINE ( 'NONE', #1044, #748 ) ;
#3175 = DIRECTION ( 'NONE',  ( 1.000000000000000000, 6.424901762877064728E-17, 0.000000000000000000 ) ) ;
#3176 = ORIENTED_EDGE ( 'NONE', *, *, #1455, .T. ) ;
#3177 = DIRECTION ( 'NONE',  ( 0.000000000000000000, 0.000000000000000000, 1.000000000000000000 ) ) ;
#3178 = ORIENTED_EDGE ( 'NONE', *, *, #2067, .T. ) ;
#3179 = CIRCLE ( 'NONE', #917, 0.1999999999999996503 ) ;
#3180 = DIRECTION ( 'NONE',  ( -6.424901762877064728E-17, 1.000000000000000000, -0.000000000000000000 ) ) ;
#3181 = CARTESIAN_POINT ( 'NONE',  ( -13.29999999999999893, 2.573143907056673828E-17, 25.50000000000000355 ) ) ;
#3182 = ADVANCED_FACE ( 'NONE', ( #2836 ), #2612, .T. ) ;
#3183 = CARTESIAN_POINT ( 'NONE',  ( -4.999999999999995559, 0.1999999999999970690, 9.499999999999998224 ) ) ;
#3184 = ORIENTED_EDGE ( 'NONE', *, *, #57, .F. ) ;
#3185 = DIRECTION ( 'NONE',  ( 2.551063935260000137E-16, 0.000000000000000000, -1.000000000000000000 ) ) ;
#3186 = CARTESIAN_POINT ( 'NONE',  ( 2.500000000000000000, 1.999999999999999556, 15.50000000000000178 ) ) ;
#3187 = ORIENTED_EDGE ( 'NONE', *, *, #1964, .T. ) ;
#3188 = ADVANCED_FACE ( 'NONE', ( #700 ), #227, .T. ) ;
#3189 = EDGE_CURVE ( 'NONE', #877, #2353, #2947, .T. ) ;
#3190 = ADVANCED_FACE ( 'NONE', ( #2083 ), #195, .F. ) ;
#3191 = CARTESIAN_POINT ( 'NONE',  ( 15.49999999999999289, 8.300000000000000711, 0.9000000000000049072 ) ) ;
#3192 = EDGE_LOOP ( 'NONE', ( #547, #2977, #1775, #444 ) ) ;
#3193 = DIRECTION ( 'NONE',  ( 1.000000000000000000, 8.673617379884037937E-17, -0.000000000000000000 ) ) ;
#3194 = DIRECTION ( 'NONE',  ( 1.000000000000000000, 0.000000000000000000, 0.000000000000000000 ) ) ;
#3195 = LINE ( 'NONE', #1107, #1225 ) ;
#3196 = ORIENTED_EDGE ( 'NONE', *, *, #1376, .T. ) ;
#3197 = CARTESIAN_POINT ( 'NONE',  ( -20.80000000000000426, 0.2000000000000000111, 4.300000000000001599 ) ) ;
#3198 = ORIENTED_EDGE ( 'NONE', *, *, #2008, .F. ) ;
#3199 = DIRECTION ( 'NONE',  ( 0.000000000000000000, 0.000000000000000000, -1.000000000000000000 ) ) ;
#3200 = LINE ( 'NONE', #1134, #359 ) ;
#3201 = ORIENTED_EDGE ( 'NONE', *, *, #1100, .T. ) ;
#3202 = DIRECTION ( 'NONE',  ( 0.000000000000000000, 0.000000000000000000, -1.000000000000000000 ) ) ;
#3203 = CYLINDRICAL_SURFACE ( 'NONE', #1117, 0.1999999999999996503 ) ;
#3204 = EDGE_LOOP ( 'NONE', ( #2467, #494, #21 ) ) ;
#3205 = AXIS2_PLACEMENT_3D ( 'NONE', #2669, #287, #2637 ) ;
#3206 = VECTOR ( 'NONE', #521, 1000.000000000000000 ) ;
#3207 = CARTESIAN_POINT ( 'NONE',  ( -2.500000000000000000, 1.999999999999999556, 25.41715728752537728 ) ) ;
#3208 = EDGE_LOOP ( 'NONE', ( #677, #513, #3281, #963 ) ) ;
#3209 = ADVANCED_FACE ( 'NONE', ( #2808 ), #1788, .T. ) ;
#3210 = DIRECTION ( 'NONE',  ( 0.000000000000000000, 1.000000000000000000, 0.000000000000000000 ) ) ;
#3211 = AXIS2_PLACEMENT_3D ( 'NONE', #1222, #989, #1569 ) ;
#3212 = LINE ( 'NONE', #1617, #28 ) ;
#3213 = ORIENTED_EDGE ( 'NONE', *, *, #876, .F. ) ;
#3214 = EDGE_CURVE ( 'NONE', #2060, #3291, #2048, .T. ) ;
#3215 = DIRECTION ( 'NONE',  ( 0.000000000000000000, 0.000000000000000000, 1.000000000000000000 ) ) ;
#3216 = ORIENTED_EDGE ( 'NONE', *, *, #849, .F. ) ;
#3217 = DIRECTION ( 'NONE',  ( 1.000000000000000000, 0.000000000000000000, -0.000000000000000000 ) ) ;
#3218 = DIRECTION ( 'NONE',  ( -0.000000000000000000, -0.000000000000000000, 1.000000000000000000 ) ) ;
#3219 = EDGE_CURVE ( 'NONE', #2844, #3028, #170, .T. ) ;
#3220 = AXIS2_PLACEMENT_3D ( 'NONE', #2472, #2854, #2330 ) ;
#3221 = VECTOR ( 'NONE', #66, 1000.000000000000000 ) ;
#3222 = CARTESIAN_POINT ( 'NONE',  ( -2.299999999999999822, 0.2000000000000000111, 15.50000000000000178 ) ) ;
#3223 = EDGE_LOOP ( 'NONE', ( #647, #907, #802, #1426 ) ) ;
#3224 = AXIS2_PLACEMENT_3D ( 'NONE', #1634, #2704, #1374 ) ;
#3225 = FACE_OUTER_BOUND ( 'NONE', #1519, .T. ) ;
#3226 = EDGE_CURVE ( 'NONE', #365, #1456, #2114, .T. ) ;
#3227 = CARTESIAN_POINT ( 'NONE',  ( -1.500000000000000888, 7.799999999999996270, 21.14777711195929299 ) ) ;
#3228 = ORIENTED_EDGE ( 'NONE', *, *, #2927, .F. ) ;
#3229 = CARTESIAN_POINT ( 'NONE',  ( 7.500000000000000000, 5.012110836234411337, 25.30000000000000426 ) ) ;
#3230 = VERTEX_POINT ( 'NONE', #317 ) ;
#3231 = DIRECTION ( 'NONE',  ( 0.000000000000000000, 0.000000000000000000, 1.000000000000000000 ) ) ;
#3232 = EDGE_CURVE ( 'NONE', #1482, #3368, #3049, .T. ) ;
#3233 = AXIS2_PLACEMENT_3D ( 'NONE', #400, #1785, #2044 ) ;
#3234 = CARTESIAN_POINT ( 'NONE',  ( -7.299999999999999822, 0.000000000000000000, 15.70000000000000284 ) ) ;
#3235 = SURFACE_SIDE_STYLE ('',( #322 ) ) ;
#3236 = ORIENTED_EDGE ( 'NONE', *, *, #2352, .T. ) ;
#3237 = DIRECTION ( 'NONE',  ( 1.000000000000000000, 6.424901762877064728E-17, 0.000000000000000000 ) ) ;
#3238 = DIRECTION ( 'NONE',  ( 0.000000000000000000, 1.000000000000000000, 0.000000000000000000 ) ) ;
#3239 = AXIS2_PLACEMENT_3D ( 'NONE', #1246, #743, #2037 ) ;
#3240 = ADVANCED_FACE ( 'NONE', ( #2179 ), #822, .T. ) ;
#3241 = AXIS2_PLACEMENT_3D ( 'NONE', #1724, #384, #1446 ) ;
#3242 = DIRECTION ( 'NONE',  ( -1.000000000000000000, -2.602085213965211135E-16, 0.000000000000000000 ) ) ;
#3243 = VERTEX_POINT ( 'NONE', #1613 ) ;
#3244 = CARTESIAN_POINT ( 'NONE',  ( -5.199999999999995737, 0.2000000000000000111, 4.699999999999999289 ) ) ;
#3245 = FACE_OUTER_BOUND ( 'NONE', #2033, .T. ) ;
#3246 = EDGE_LOOP ( 'NONE', ( #2767, #2338, #237, #698 ) ) ;
#3247 = EDGE_CURVE ( 'NONE', #2126, #1431, #1999, .T. ) ;
#3248 = CARTESIAN_POINT ( 'NONE',  ( 2.299999999999999822, 2.199999999999999734, 15.50000000000000178 ) ) ;
#3249 = EDGE_LOOP ( 'NONE', ( #533, #2100, #259, #2272 ) ) ;
#3250 = FACE_OUTER_BOUND ( 'NONE', #1104, .T. ) ;
#3251 = DIRECTION ( 'NONE',  ( -3.652049423109068024E-15, 0.000000000000000000, 1.000000000000000000 ) ) ;
#3252 = ORIENTED_EDGE ( 'NONE', *, *, #2766, .T. ) ;
#3253 = DIRECTION ( 'NONE',  ( -0.000000000000000000, -0.000000000000000000, 1.000000000000000000 ) ) ;
#3254 = DIRECTION ( 'NONE',  ( 1.000000000000000000, 0.000000000000000000, 0.000000000000000000 ) ) ;
#3255 = DIRECTION ( 'NONE',  ( 0.000000000000000000, -1.000000000000000000, 0.000000000000000000 ) ) ;
#3256 = EDGE_CURVE ( 'NONE', #1770, #721, #1401, .T. ) ;
#3257 = DIRECTION ( 'NONE',  ( -1.239088197126290817E-16, 0.000000000000000000, -1.000000000000000000 ) ) ;
#3258 = ORIENTED_EDGE ( 'NONE', *, *, #248, .F. ) ;
#3259 = CIRCLE ( 'NONE', #2605, 1.500000000000001332 ) ;
#3260 = DIRECTION ( 'NONE',  ( 0.000000000000000000, 0.000000000000000000, 1.000000000000000000 ) ) ;
#3261 = ORIENTED_EDGE ( 'NONE', *, *, #1347, .F. ) ;
#3262 = CARTESIAN_POINT ( 'NONE',  ( 2.299999999999999822, 0.2000000000000000111, 15.70000000000000284 ) ) ;
#3263 = VECTOR ( 'NONE', #1856, 1000.000000000000000 ) ;
#3264 = DIRECTION ( 'NONE',  ( 1.224646799147352961E-16, 7.868235378743581901E-33, 1.000000000000000000 ) ) ;
#3265 = VECTOR ( 'NONE', #3004, 1000.000000000000000 ) ;
#3266 = ORIENTED_EDGE ( 'NONE', *, *, #3272, .F. ) ;
#3267 = DIRECTION ( 'NONE',  ( -0.000000000000000000, 0.000000000000000000, 1.000000000000000000 ) ) ;
#3268 = VECTOR ( 'NONE', #640, 1000.000000000000000 ) ;
#3269 = CARTESIAN_POINT ( 'NONE',  ( -7.699999999999999289, 5.212110836234411515, 25.50000000000000355 ) ) ;
#3270 = AXIS2_PLACEMENT_3D ( 'NONE', #2188, #901, #1904 ) ;
#3271 = CARTESIAN_POINT ( 'NONE',  ( 5.000000000000001776, 7.799999999999989164, 9.499999999999998224 ) ) ;
#3272 = EDGE_CURVE ( 'NONE', #3291, #1574, #10, .T. ) ;
#3273 =( GEOMETRIC_REPRESENTATION_CONTEXT ( 3 ) GLOBAL_UNCERTAINTY_ASSIGNED_CONTEXT ( ( #3138 ) ) GLOBAL_UNIT_ASSIGNED_CONTEXT ( ( #1750, #3325, #2011 ) ) REPRESENTATION_CONTEXT ( 'NONE', 'WORKASPACE' ) );
#3274 = VECTOR ( 'NONE', #1524, 1000.000000000000000 ) ;
#3275 = ORIENTED_EDGE ( 'NONE', *, *, #1127, .T. ) ;
#3276 = ADVANCED_FACE ( 'NONE', ( #2155 ), #2791, .T. ) ;
#3277 = EDGE_CURVE ( 'NONE', #1571, #3003, #391, .T. ) ;
#3278 = CARTESIAN_POINT ( 'NONE',  ( -6.216092455583559412E-16, 0.000000000000000000, -4.299999999999999822 ) ) ;
#3279 = ORIENTED_EDGE ( 'NONE', *, *, #1521, .T. ) ;
#3280 = DIRECTION ( 'NONE',  ( -1.000000000000000000, 0.000000000000000000, 0.000000000000000000 ) ) ;
#3281 = ORIENTED_EDGE ( 'NONE', *, *, #3226, .F. ) ;
#3282 = DIRECTION ( 'NONE',  ( 0.000000000000000000, 0.000000000000000000, -1.000000000000000000 ) ) ;
#3283 = CARTESIAN_POINT ( 'NONE',  ( 5.328079247643049798E-16, 0.2000000000000000111, 4.299999999999998934 ) ) ;
#3284 = AXIS2_PLACEMENT_3D ( 'NONE', #1718, #2790, #2532 ) ;
#3285 = CARTESIAN_POINT ( 'NONE',  ( 5.575896887068306827E-16, 8.500000000000000000, 4.499999999999999112 ) ) ;
#3286 = VECTOR ( 'NONE', #2876, 1000.000000000000000 ) ;
#3287 = CARTESIAN_POINT ( 'NONE',  ( -13.29999999999999893, 7.799999999999993605, 25.30000000000000426 ) ) ;
#3288 = CIRCLE ( 'NONE', #1794, 0.1999999999999999833 ) ;
#3289 = VERTEX_POINT ( 'NONE', #3229 ) ;
#3290 = CIRCLE ( 'NONE', #1361, 0.2000000000000000944 ) ;
#3291 = VERTEX_POINT ( 'NONE', #1041 ) ;
#3292 = EDGE_CURVE ( 'NONE', #738, #2353, #1284, .T. ) ;
#3293 = FILL_AREA_STYLE ('',( #3306 ) ) ;
#3294 = ORIENTED_EDGE ( 'NONE', *, *, #3127, .T. ) ;
#3295 = EDGE_CURVE ( 'NONE', #1321, #2689, #346, .T. ) ;
#3296 = CYLINDRICAL_SURFACE ( 'NONE', #2557, 0.1999999999999996503 ) ;
#3297 = EDGE_CURVE ( 'NONE', #2919, #811, #848, .T. ) ;
#3298 = DIRECTION ( 'NONE',  ( -0.000000000000000000, -1.000000000000000000, -0.000000000000000000 ) ) ;
#3299 = ORIENTED_EDGE ( 'NONE', *, *, #713, .F. ) ;
#3300 = DIRECTION ( 'NONE',  ( 0.000000000000000000, 0.000000000000000000, 1.000000000000000000 ) ) ;
#3301 = FACE_OUTER_BOUND ( 'NONE', #2437, .T. ) ;
#3302 = LINE ( 'NONE', #670, #1394 ) ;
#3303 = DIRECTION ( 'NONE',  ( 0.000000000000000000, -0.000000000000000000, 1.000000000000000000 ) ) ;
#3304 = ORIENTED_EDGE ( 'NONE', *, *, #1352, .F. ) ;
#3305 = ORIENTED_EDGE ( 'NONE', *, *, #1811, .F. ) ;
#3306 = FILL_AREA_STYLE_COLOUR ( '', #1611 ) ;
#3307 = CARTESIAN_POINT ( 'NONE',  ( 2.500000000000000444, 1.799999999999999600, 25.50000000000000355 ) ) ;
#3308 = DIRECTION ( 'NONE',  ( -0.000000000000000000, -1.000000000000000000, 0.000000000000000000 ) ) ;
#3309 = EDGE_CURVE ( 'NONE', #3406, #515, #1725, .T. ) ;
#3310 = ORIENTED_EDGE ( 'NONE', *, *, #3111, .T. ) ;
#3311 = DIRECTION ( 'NONE',  ( 1.000000000000000000, 0.000000000000000000, 0.000000000000000000 ) ) ;
#3312 = CARTESIAN_POINT ( 'NONE',  ( 5.200000000000001066, 7.999999999999994671, 9.699999999999999289 ) ) ;
#3313 = ADVANCED_FACE ( 'NONE', ( #2404 ), #2381, .T. ) ;
#3314 = ADVANCED_FACE ( 'NONE', ( #1082 ), #1316, .F. ) ;
#3315 = AXIS2_PLACEMENT_3D ( 'NONE', #1440, #61, #81 ) ;
#3316 = CYLINDRICAL_SURFACE ( 'NONE', #116, 0.2000000000000000944 ) ;
#3317 = CARTESIAN_POINT ( 'NONE',  ( -17.20000000000000639, 8.500000000000000000, 0.9000000000000052403 ) ) ;
#3318 = ADVANCED_FACE ( 'NONE', ( #2207 ), #2511, .T. ) ;
#3319 = DIRECTION ( 'NONE',  ( 0.000000000000000000, 0.000000000000000000, 1.000000000000000000 ) ) ;
#3320 = VECTOR ( 'NONE', #2724, 1000.000000000000000 ) ;
#3321 = EDGE_CURVE ( 'NONE', #3135, #2060, #2493, .T. ) ;
#3322 = ORIENTED_EDGE ( 'NONE', *, *, #493, .T. ) ;
#3323 = AXIS2_PLACEMENT_3D ( 'NONE', #2522, #1199, #2253 ) ;
#3324 = ORIENTED_EDGE ( 'NONE', *, *, #3419, .T. ) ;
#3325 =( NAMED_UNIT ( * ) PLANE_ANGLE_UNIT ( ) SI_UNIT ( $, .RADIAN. ) );
#3326 = LINE ( 'NONE', #3071, #238 ) ;
#3327 = AXIS2_PLACEMENT_3D ( 'NONE', #519, #2914, #534 ) ;
#3328 = CARTESIAN_POINT ( 'NONE',  ( 2.299999999999999822, 0.000000000000000000, 15.70000000000000284 ) ) ;
#3329 = DIRECTION ( 'NONE',  ( 0.000000000000000000, 0.000000000000000000, -1.000000000000000000 ) ) ;
#3330 = ORIENTED_EDGE ( 'NONE', *, *, #181, .F. ) ;
#3331 = DIRECTION ( 'NONE',  ( 6.424901762877064728E-17, -1.000000000000000000, 0.000000000000000000 ) ) ;
#3332 = ADVANCED_FACE ( 'NONE', ( #138 ), #1956, .T. ) ;
#3333 = FACE_OUTER_BOUND ( 'NONE', #1073, .T. ) ;
#3334 = CYLINDRICAL_SURFACE ( 'NONE', #341, 0.1999999999999996503 ) ;
#3335 = CARTESIAN_POINT ( 'NONE',  ( 15.49999999999999289, 8.500000000000000000, -2.699999999999993960 ) ) ;
#3336 = LINE ( 'NONE', #2320, #3011 ) ;
#3337 = EDGE_CURVE ( 'NONE', #1321, #1190, #2756, .T. ) ;
#3338 = ORIENTED_EDGE ( 'NONE', *, *, #262, .T. ) ;
#3339 = AXIS2_PLACEMENT_3D ( 'NONE', #2132, #1626, #1075 ) ;
#3340 = EDGE_LOOP ( 'NONE', ( #255, #164, #1621, #1121 ) ) ;
#3341 = CIRCLE ( 'NONE', #805, 0.1999999999999987899 ) ;
#3342 = CARTESIAN_POINT ( 'NONE',  ( 5.200000000000001954, 0.000000000000000000, 0.000000000000000000 ) ) ;
#3343 = DIRECTION ( 'NONE',  ( -0.000000000000000000, -0.000000000000000000, -1.000000000000000000 ) ) ;
#3344 = VECTOR ( 'NONE', #2006, 1000.000000000000000 ) ;
#3345 = CYLINDRICAL_SURFACE ( 'NONE', #786, 0.2000000000000000944 ) ;
#3346 = VERTEX_POINT ( 'NONE', #2196 ) ;
#3347 = CARTESIAN_POINT ( 'NONE',  ( 5.200000000000001954, 0.000000000000000000, 9.699999999999999289 ) ) ;
#3348 = FACE_OUTER_BOUND ( 'NONE', #3223, .T. ) ;
#3349 = APPLICATION_CONTEXT ( 'automotive_design' ) ;
#3350 = DIRECTION ( 'NONE',  ( 0.000000000000000000, 0.000000000000000000, 1.000000000000000000 ) ) ;
#3351 = DIRECTION ( 'NONE',  ( 1.000000000000000000, 6.424901762877064728E-17, 0.000000000000000000 ) ) ;
#3352 = DIRECTION ( 'NONE',  ( -3.652049423109068024E-15, 0.000000000000000000, 1.000000000000000000 ) ) ;
#3353 = EDGE_LOOP ( 'NONE', ( #752, #2564, #2910, #1381 ) ) ;
#3354 = EDGE_CURVE ( 'NONE', #1574, #1090, #2286, .T. ) ;
#3355 = ORIENTED_EDGE ( 'NONE', *, *, #876, .T. ) ;
#3356 = CARTESIAN_POINT ( 'NONE',  ( -13.29999999999999893, 8.199999999999993960, 4.699999999999999289 ) ) ;
#3357 = DIRECTION ( 'NONE',  ( 0.000000000000000000, 1.000000000000000000, -0.000000000000000000 ) ) ;
#3358 = ADVANCED_FACE ( 'NONE', ( #2768 ), #2227, .T. ) ;
#3359 = CARTESIAN_POINT ( 'NONE',  ( -20.80000000000000426, 0.2000000000000000111, 4.300000000000001599 ) ) ;
#3360 = ORIENTED_EDGE ( 'NONE', *, *, #2545, .T. ) ;
#3361 = DIRECTION ( 'NONE',  ( 0.000000000000000000, 1.000000000000000000, -0.000000000000000000 ) ) ;
#3362 = DIRECTION ( 'NONE',  ( -1.000000000000000000, 0.000000000000000000, 0.000000000000000000 ) ) ;
#3363 = VECTOR ( 'NONE', #2250, 1000.000000000000000 ) ;
#3364 = CYLINDRICAL_SURFACE ( 'NONE', #2117, 0.1999999999999987899 ) ;
#3365 = LINE ( 'NONE', #2305, #2703 ) ;
#3366 = DIRECTION ( 'NONE',  ( 0.000000000000000000, 0.000000000000000000, -1.000000000000000000 ) ) ;
#3367 = VECTOR ( 'NONE', #106, 1000.000000000000000 ) ;
#3368 = VERTEX_POINT ( 'NONE', #364 ) ;
#3369 = EDGE_CURVE ( 'NONE', #540, #67, #891, .T. ) ;
#3370 = VECTOR ( 'NONE', #3418, 1000.000000000000000 ) ;
#3371 = ORIENTED_EDGE ( 'NONE', *, *, #1555, .T. ) ;
#3372 = FACE_OUTER_BOUND ( 'NONE', #610, .T. ) ;
#3373 = VECTOR ( 'NONE', #1240, 1000.000000000000000 ) ;
#3374 = ADVANCED_FACE ( 'NONE', ( #331 ), #104, .T. ) ;
#3375 = CARTESIAN_POINT ( 'NONE',  ( 17.19999999999999929, 8.300000000000000711, -2.699999999999993960 ) ) ;
#3376 = AXIS2_PLACEMENT_3D ( 'NONE', #1557, #1870, #1893 ) ;
#3377 = EDGE_LOOP ( 'NONE', ( #617, #873, #222, #1450 ) ) ;
#3378 = DIRECTION ( 'NONE',  ( 0.000000000000000000, 0.000000000000000000, -1.000000000000000000 ) ) ;
#3379 = CARTESIAN_POINT ( 'NONE',  ( -7.500000000000000000, 5.012110836234411337, 25.30000000000000426 ) ) ;
#3380 = ORIENTED_EDGE ( 'NONE', *, *, #2983, .T. ) ;
#3381 = CARTESIAN_POINT ( 'NONE',  ( -7.500000000000000000, 1.999999999999999112, 15.70000000000000284 ) ) ;
#3382 = DIRECTION ( 'NONE',  ( 1.000000000000000000, 0.000000000000000000, 0.000000000000000000 ) ) ;
#3383 = CARTESIAN_POINT ( 'NONE',  ( -2.500000000000000000, 1.999999999999999556, 15.70000000000000284 ) ) ;
#3384 = CARTESIAN_POINT ( 'NONE',  ( 7.699999999999999289, 2.000000000000000888, 25.50000000000000355 ) ) ;
#3385 = ORIENTED_EDGE ( 'NONE', *, *, #2670, .T. ) ;
#3386 = AXIS2_PLACEMENT_3D ( 'NONE', #1606, #548, #3185 ) ;
#3387 = ORIENTED_EDGE ( 'NONE', *, *, #630, .T. ) ;
#3388 = CIRCLE ( 'NONE', #862, 1.500000000000001332 ) ;
#3389 = CIRCLE ( 'NONE', #866, 1.500000000000000444 ) ;
#3390 = FACE_OUTER_BOUND ( 'NONE', #232, .T. ) ;
#3391 = ADVANCED_FACE ( 'NONE', ( #3030 ), #2256, .T. ) ;
#3392 = EDGE_CURVE ( 'NONE', #1639, #257, #501, .T. ) ;
#3393 = VERTEX_POINT ( 'NONE', #3248 ) ;
#3394 = CARTESIAN_POINT ( 'NONE',  ( -6.505213034913028576E-16, 0.2000000000000005107, -4.500000000000000888 ) ) ;
#3395 = EDGE_CURVE ( 'NONE', #356, #1190, #2517, .T. ) ;
#3396 = DIRECTION ( 'NONE',  ( -1.000000000000000000, -0.000000000000000000, -0.000000000000000000 ) ) ;
#3397 = TOROIDAL_SURFACE ( 'NONE', #2023, 0.4000000000000000222, 0.2000000000000000111 ) ;
#3398 = ORIENTED_EDGE ( 'NONE', *, *, #1154, .T. ) ;
#3399 = LINE ( 'NONE', #1033, #1779 ) ;
#3400 = ORIENTED_EDGE ( 'NONE', *, *, #1014, .T. ) ;
#3401 = CARTESIAN_POINT ( 'NONE',  ( -17.20000000000000639, 8.300000000000000711, -2.699999999999993960 ) ) ;
#3402 = LINE ( 'NONE', #832, #773 ) ;
#3403 = CARTESIAN_POINT ( 'NONE',  ( 20.80000000000000071, 8.300000000000000711, 4.299999999999996270 ) ) ;
#3404 = DIRECTION ( 'NONE',  ( -1.000000000000000000, 0.000000000000000000, -0.000000000000000000 ) ) ;
#3405 = ORIENTED_EDGE ( 'NONE', *, *, #2476, .F. ) ;
#3406 = VERTEX_POINT ( 'NONE', #1927 ) ;
#3407 = DIRECTION ( 'NONE',  ( 1.000000000000000000, -0.000000000000000000, -2.551063935260000137E-16 ) ) ;
#3408 = ORIENTED_EDGE ( 'NONE', *, *, #803, .F. ) ;
#3409 = FACE_OUTER_BOUND ( 'NONE', #3249, .T. ) ;
#3410 = CARTESIAN_POINT ( 'NONE',  ( 17.19999999999999929, 0.2000000000000005107, 0.9000000000000050182 ) ) ;
#3411 = FACE_OUTER_BOUND ( 'NONE', #2193, .T. ) ;
#3412 = VERTEX_POINT ( 'NONE', #1942 ) ;
#3413 = CARTESIAN_POINT ( 'NONE',  ( -13.29999999999999893, 0.2000000000000000111, 25.30000000000000426 ) ) ;
#3414 = EDGE_LOOP ( 'NONE', ( #1079, #2363, #2794, #3178 ) ) ;
#3415 = DIRECTION ( 'NONE',  ( 0.000000000000000000, 0.000000000000000000, 1.000000000000000000 ) ) ;
#3416 = EDGE_CURVE ( 'NONE', #439, #1285, #676, .T. ) ;
#3417 = DIRECTION ( 'NONE',  ( 4.336808689942043768E-15, 0.000000000000000000, -1.000000000000000000 ) ) ;
#3418 = DIRECTION ( 'NONE',  ( 0.000000000000000000, 1.000000000000000000, -0.000000000000000000 ) ) ;
#3420 = ORIENTED_EDGE ( 'NONE', *, *, #2263, .T. ) ;
#3419 = EDGE_CURVE ( 'NONE', #1589, #318, #2741, .T. ) ;
#3421 = CARTESIAN_POINT ( 'NONE',  ( -15.50000000000000000, 8.300000000000000711, -2.899999999999994138 ) ) ;
#3422 = AXIS2_PLACEMENT_3D ( 'NONE', #2548, #1228, #2283 ) ;
#3423 = AXIS2_PLACEMENT_3D ( 'NONE', #2678, #1371, #2422 ) ;
#3424 = EDGE_LOOP ( 'NONE', ( #775, #3196, #627, #2180 ) ) ;
#3425 = DIRECTION ( 'NONE',  ( -0.000000000000000000, -1.000000000000000000, 0.000000000000000000 ) ) ;
#3426 = AXIS2_PLACEMENT_3D ( 'NONE', #1865, #1094, #834 ) ;
#3427 = VERTEX_POINT ( 'NONE', #2238 ) ;
ENDSEC;
END-ISO-10303-21;
