ISO-10303-21;
HEADER;
FILE_DESCRIPTION (( 'STEP AP214' ),
    '1' );
FILE_NAME ('extruder_BLtouch_mount_2.STEP',
    '2025-05-19T08:02:53',
    ( '' ),
    ( '' ),
    'SwSTEP 2.0',
    'SolidWorks 2025',
    '' );
FILE_SCHEMA (( 'AUTOMOTIVE_DESIGN' ));
ENDSEC;

DATA;
#1 = ORIENTED_EDGE ( 'NONE', *, *, #487, .F. ) ;
#2 = CARTESIAN_POINT ( 'NONE',  ( -3.199999999999997957, -17.19999999999999929, 8.000000000000000000 ) ) ;
#3 = VERTEX_POINT ( 'NONE', #722 ) ;
#4 = EDGE_CURVE ( 'NONE', #1051, #58, #637, .T. ) ;
#5 = VERTEX_POINT ( 'NONE', #1731 ) ;
#6 = LINE ( 'NONE', #1173, #201 ) ;
#7 = LINE ( 'NONE', #875, #1140 ) ;
#8 = CARTESIAN_POINT ( 'NONE',  ( 7.000000000000002665, -21.80000000000001137, 10.00000000000000000 ) ) ;
#9 = DIRECTION ( 'NONE',  ( 0.000000000000000000, 0.000000000000000000, 1.000000000000000000 ) ) ;
#10 = ORIENTED_EDGE ( 'NONE', *, *, #406, .T. ) ;
#11 = CARTESIAN_POINT ( 'NONE',  ( -8.999999999999998224, -21.98181818181819125, 7.883319558090108536 ) ) ;
#12 = ORIENTED_EDGE ( 'NONE', *, *, #959, .T. ) ;
#13 = EDGE_CURVE ( 'NONE', #1062, #1941, #222, .T. ) ;
#14 = DIRECTION ( 'NONE',  ( 3.016910393003142859E-16, -1.000000000000000000, 0.000000000000000000 ) ) ;
#15 = DIRECTION ( 'NONE',  ( 0.000000000000000000, -1.000000000000000000, 0.000000000000000000 ) ) ;
#16 = CARTESIAN_POINT ( 'NONE',  ( 7.500000000000000888, -17.19999999999999574, 4.000000000000003553 ) ) ;
#17 = CARTESIAN_POINT ( 'NONE',  ( 5.499999999999999112, 4.300000000000000711, 7.800000000000000711 ) ) ;
#18 = AXIS2_PLACEMENT_3D ( 'NONE', #1253, #1228, #1908 ) ;
#19 = ADVANCED_FACE ( 'NONE', ( #80 ), #235, .T. ) ;
#20 = AXIS2_PLACEMENT_3D ( 'NONE', #1561, #885, #1738 ) ;
#21 = CARTESIAN_POINT ( 'NONE',  ( -7.500000000000000000, 1.999999999999999112, 7.800000000000000711 ) ) ;
#22 = TOROIDAL_SURFACE ( 'NONE', #1824, 1.450000000000000400, 0.2000000000000000111 ) ;
#23 = ORIENTED_EDGE ( 'NONE', *, *, #134, .F. ) ;
#24 = DIRECTION ( 'NONE',  ( -0.000000000000000000, -0.000000000000000000, -1.000000000000000000 ) ) ;
#25 = EDGE_CURVE ( 'NONE', #1527, #189, #423, .T. ) ;
#26 = CARTESIAN_POINT ( 'NONE',  ( 5.299999999999998934, 4.300000000000000711, 0.000000000000000000 ) ) ;
#27 = AXIS2_PLACEMENT_3D ( 'NONE', #413, #1732, #1754 ) ;
#28 = DIRECTION ( 'NONE',  ( 0.000000000000000000, 0.000000000000000000, -1.000000000000000000 ) ) ;
#29 = CARTESIAN_POINT ( 'NONE',  ( -14.29999999999999716, -21.80000000000001137, 0.1999999999999996503 ) ) ;
#30 = CIRCLE ( 'NONE', #1687, 0.2000000000000000111 ) ;
#31 = VERTEX_POINT ( 'NONE', #559 ) ;
#32 = AXIS2_PLACEMENT_3D ( 'NONE', #1893, #409, #1078 ) ;
#33 = EDGE_CURVE ( 'NONE', #1705, #206, #947, .T. ) ;
#34 = ORIENTED_EDGE ( 'NONE', *, *, #646, .T. ) ;
#35 = LINE ( 'NONE', #1844, #2158 ) ;
#36 = EDGE_LOOP ( 'NONE', ( #172, #1517, #836, #1371 ) ) ;
#37 = LINE ( 'NONE', #544, #1034 ) ;
#38 = CYLINDRICAL_SURFACE ( 'NONE', #708, 0.1999999999999996503 ) ;
#39 = DIRECTION ( 'NONE',  ( 0.000000000000000000, -1.000000000000000000, 0.000000000000000000 ) ) ;
#40 = EDGE_CURVE ( 'NONE', #1397, #5, #1363, .T. ) ;
#41 = ORIENTED_EDGE ( 'NONE', *, *, #411, .F. ) ;
#42 = ORIENTED_EDGE ( 'NONE', *, *, #812, .F. ) ;
#43 = DIRECTION ( 'NONE',  ( -0.000000000000000000, -0.000000000000000000, -1.000000000000000000 ) ) ;
#44 = EDGE_LOOP ( 'NONE', ( #1777, #1559, #370, #237 ) ) ;
#45 = DIRECTION ( 'NONE',  ( 3.469446951953606300E-16, -1.000000000000000000, -0.000000000000000000 ) ) ;
#46 = DIRECTION ( 'NONE',  ( 1.000000000000000000, 9.637352644315595243E-17, 0.000000000000000000 ) ) ;
#47 = LINE ( 'NONE', #1839, #2147 ) ;
#48 = ORIENTED_EDGE ( 'NONE', *, *, #822, .T. ) ;
#49 = ORIENTED_EDGE ( 'NONE', *, *, #511, .F. ) ;
#50 = AXIS2_PLACEMENT_3D ( 'NONE', #1627, #2157, #655 ) ;
#51 = DIRECTION ( 'NONE',  ( 1.000000000000000000, 3.469446951953612217E-16, -0.000000000000000000 ) ) ;
#52 = ORIENTED_EDGE ( 'NONE', *, *, #305, .T. ) ;
#53 = DIRECTION ( 'NONE',  ( 3.469446951953606300E-16, -1.000000000000000000, 0.000000000000000000 ) ) ;
#54 = EDGE_CURVE ( 'NONE', #872, #1300, #1817, .T. ) ;
#55 = CARTESIAN_POINT ( 'NONE',  ( 5.499999999999999112, 4.500000000000000888, 0.1999999999999996503 ) ) ;
#56 = DIRECTION ( 'NONE',  ( 1.000000000000000000, 8.673617379884087537E-15, 0.000000000000000000 ) ) ;
#57 =( BOUNDED_CURVE ( )  B_SPLINE_CURVE ( 3, ( #169, #1669, #343, #1189 ),
 .UNSPECIFIED., .F., .T. ) 
 B_SPLINE_CURVE_WITH_KNOTS ( ( 4, 4 ),
 ( 4.712388980384689674, 6.283185307179586232 ),
 .UNSPECIFIED. ) 
 CURVE ( )  GEOMETRIC_REPRESENTATION_ITEM ( )  RATIONAL_B_SPLINE_CURVE ( ( 1.000000000000000000, 0.8047378541243649375, 0.8047378541243649375, 1.000000000000000000 ) ) 
 REPRESENTATION_ITEM ( '' )  );
#58 = VERTEX_POINT ( 'NONE', #1883 ) ;
#59 = CARTESIAN_POINT ( 'NONE',  ( -9.499999999999996447, -17.19999999999999929, 2.750000000000002665 ) ) ;
#60 = EDGE_CURVE ( 'NONE', #870, #1375, #1383, .T. ) ;
#61 = AXIS2_PLACEMENT_3D ( 'NONE', #1066, #1718, #431 ) ;
#62 = ORIENTED_EDGE ( 'NONE', *, *, #377, .T. ) ;
#63 = AXIS2_PLACEMENT_3D ( 'NONE', #996, #14, #166 ) ;
#64 = ADVANCED_FACE ( 'NONE', ( #412 ), #432, .T. ) ;
#65 = EDGE_LOOP ( 'NONE', ( #587, #744, #1630, #2031 ) ) ;
#66 = LINE ( 'NONE', #2063, #1891 ) ;
#67 = DIRECTION ( 'NONE',  ( -3.469446951953616654E-16, 1.000000000000000000, 0.000000000000000000 ) ) ;
#68 = DIRECTION ( 'NONE',  ( -0.000000000000000000, -0.000000000000000000, -1.000000000000000000 ) ) ;
#69 = ORIENTED_EDGE ( 'NONE', *, *, #1185, .T. ) ;
#70 = ORIENTED_EDGE ( 'NONE', *, *, #1746, .T. ) ;
#71 = DIRECTION ( 'NONE',  ( 0.000000000000000000, 1.000000000000000000, -0.000000000000000000 ) ) ;
#72 = VERTEX_POINT ( 'NONE', #2094 ) ;
#73 = DIRECTION ( 'NONE',  ( 0.000000000000000000, 1.000000000000000000, 0.000000000000000000 ) ) ;
#74 = VERTEX_POINT ( 'NONE', #1069 ) ;
#75 = EDGE_CURVE ( 'NONE', #1820, #662, #399, .T. ) ;
#76 = DIRECTION ( 'NONE',  ( -0.000000000000000000, -1.000000000000000000, -0.000000000000000000 ) ) ;
#77 = CARTESIAN_POINT ( 'NONE',  ( 1.000000000000000000, 1.999999999999999556, 7.800000000000000711 ) ) ;
#78 = CARTESIAN_POINT ( 'NONE',  ( 12.30000000000000071, -17.19999999999999574, 0.1999999999999996503 ) ) ;
#79 = ORIENTED_EDGE ( 'NONE', *, *, #419, .F. ) ;
#80 = FACE_OUTER_BOUND ( 'NONE', #1296, .T. ) ;
#81 = DIRECTION ( 'NONE',  ( 1.000000000000000000, 0.000000000000000000, 0.000000000000000000 ) ) ;
#82 = ORIENTED_EDGE ( 'NONE', *, *, #280, .F. ) ;
#83 = CLOSED_SHELL ( 'NONE', ( #1291, #322, #932, #106, #1712, #1594, #1697, #1531, #1861, #781, #1661, #1794, #1070, #1649, #1279, #1910, #739, #482, #954, #1763, #625, #672, #1525, #1840, #19, #1770, #145, #339, #2127, #1847, #712, #208, #64, #1629, #1408, #871, #1265, #2020, #600, #1373, #1811, #1982, #1415, #585, #2051, #1553, #684, #1259, #1519, #766, #1665, #311, #1174, #741, #1014, #924, #1676, #1237, #1500, #1211, #2099, #371, #607, #619, #526, #839, #1853, #97, #1419, #977, #905, #547, #1564, #1091, #574, #470, #456, #806 ) ) ;
#84 = ORIENTED_EDGE ( 'NONE', *, *, #134, .T. ) ;
#85 = CIRCLE ( 'NONE', #1506, 0.1999999999999996503 ) ;
#86 = DIRECTION ( 'NONE',  ( 1.000000000000000000, 0.000000000000000000, 0.000000000000000000 ) ) ;
#87 = CARTESIAN_POINT ( 'NONE',  ( 5.499999999999999112, 4.500000000000000888, 8.000000000000000000 ) ) ;
#88 = AXIS2_PLACEMENT_3D ( 'NONE', #883, #1913, #86 ) ;
#89 = EDGE_CURVE ( 'NONE', #2000, #1545, #901, .T. ) ;
#90 = DIRECTION ( 'NONE',  ( 3.469446951953616654E-16, -1.000000000000000000, 0.000000000000000000 ) ) ;
#91 = LINE ( 'NONE', #1416, #721 ) ;
#92 = APPLICATION_CONTEXT ( 'automotive_design' ) ;
#93 = CIRCLE ( 'NONE', #1477, 1.250000000000001110 ) ;
#94 = FACE_OUTER_BOUND ( 'NONE', #349, .T. ) ;
#95 = DIRECTION ( 'NONE',  ( -0.000000000000000000, 0.000000000000000000, -1.000000000000000000 ) ) ;
#96 = ORIENTED_EDGE ( 'NONE', *, *, #975, .F. ) ;
#97 = ADVANCED_FACE ( 'NONE', ( #94 ), #759, .F. ) ;
#98 = DIRECTION ( 'NONE',  ( 0.000000000000000000, -0.000000000000000000, -1.000000000000000000 ) ) ;
#99 = EDGE_LOOP ( 'NONE', ( #1513, #1213, #1313, #2026 ) ) ;
#100 = VECTOR ( 'NONE', #1723, 1000.000000000000000 ) ;
#101 = DIRECTION ( 'NONE',  ( -1.000000000000000000, -2.891205793294678326E-16, 0.000000000000000000 ) ) ;
#102 = DIRECTION ( 'NONE',  ( -3.469446951953613696E-16, 1.000000000000000000, 0.000000000000000000 ) ) ;
#103 = EDGE_CURVE ( 'NONE', #913, #2083, #1131, .T. ) ;
#104 = DIRECTION ( 'NONE',  ( 0.000000000000000000, 0.000000000000000000, -1.000000000000000000 ) ) ;
#105 = DIRECTION ( 'NONE',  ( -1.000000000000000000, 0.000000000000000000, 0.000000000000000000 ) ) ;
#106 = ADVANCED_FACE ( 'NONE', ( #1465 ), #1154, .F. ) ;
#107 = DIRECTION ( 'NONE',  ( 1.000000000000000000, 0.000000000000000000, 0.000000000000000000 ) ) ;
#108 = VERTEX_POINT ( 'NONE', #1970 ) ;
#109 = DIRECTION ( 'NONE',  ( -1.000000000000000000, 0.000000000000000000, 0.000000000000000000 ) ) ;
#110 = ORIENTED_EDGE ( 'NONE', *, *, #770, .F. ) ;
#111 = DIRECTION ( 'NONE',  ( -1.000000000000000000, -0.000000000000000000, -0.000000000000000000 ) ) ;
#112 = CARTESIAN_POINT ( 'NONE',  ( -7.300000000000000711, 4.500000000000000888, 0.1999999999999996503 ) ) ;
#113 = FACE_OUTER_BOUND ( 'NONE', #99, .T. ) ;
#114 = LINE ( 'NONE', #139, #1782 ) ;
#115 = CARTESIAN_POINT ( 'NONE',  ( -6.999999999999997335, -21.80000000000000782, 18.00000000000000355 ) ) ;
#116 = EDGE_CURVE ( 'NONE', #859, #191, #491, .T. ) ;
#117 = VERTEX_POINT ( 'NONE', #621 ) ;
#118 = CARTESIAN_POINT ( 'NONE',  ( -2.999999999999997780, -16.80000000000000071, 0.1999999999999996503 ) ) ;
#119 = CIRCLE ( 'NONE', #1992, 0.1999999999999996503 ) ;
#120 = ORIENTED_EDGE ( 'NONE', *, *, #2034, .F. ) ;
#121 = AXIS2_PLACEMENT_3D ( 'NONE', #643, #1292, #148 ) ;
#122 = FACE_BOUND ( 'NONE', #135, .T. ) ;
#123 = CIRCLE ( 'NONE', #1334, 1.250000000000000222 ) ;
#124 = AXIS2_PLACEMENT_3D ( 'NONE', #608, #1267, #1914 ) ;
#125 = CARTESIAN_POINT ( 'NONE',  ( -7.500000000000000000, 1.999999999999999112, 0.1999999999999996503 ) ) ;
#126 = EDGE_CURVE ( 'NONE', #623, #2071, #1936, .T. ) ;
#127 = CIRCLE ( 'NONE', #1304, 2.000000000000000000 ) ;
#128 = VECTOR ( 'NONE', #1295, 1000.000000000000000 ) ;
#129 = CARTESIAN_POINT ( 'NONE',  ( -2.799999999999999822, 2.199999999999999734, 0.000000000000000000 ) ) ;
#130 = DIRECTION ( 'NONE',  ( -1.000000000000000000, -1.255391989193742404E-16, 0.000000000000000000 ) ) ;
#131 = VERTEX_POINT ( 'NONE', #2125 ) ;
#132 = CARTESIAN_POINT ( 'NONE',  ( -14.49999999999999645, -22.00000000000001066, 0.1999999999999996503 ) ) ;
#133 = PRODUCT_RELATED_PRODUCT_CATEGORY ( 'part', '', ( #1065 ) ) ;
#134 = EDGE_CURVE ( 'NONE', #1705, #1941, #782, .T. ) ;
#135 = EDGE_LOOP ( 'NONE', ( #690, #617 ) ) ;
#136 = EDGE_CURVE ( 'NONE', #1758, #543, #1804, .T. ) ;
#137 = CARTESIAN_POINT ( 'NONE',  ( 5.000000000000001776, -19.30000000000000426, 10.00000000000000000 ) ) ;
#138 = FACE_OUTER_BOUND ( 'NONE', #894, .T. ) ;
#139 = CARTESIAN_POINT ( 'NONE',  ( -9.499999999999996447, -25.00000000000000000, 2.750000000000002665 ) ) ;
#140 = DIRECTION ( 'NONE',  ( -1.255391989193742158E-16, 1.000000000000000000, 0.000000000000000000 ) ) ;
#141 = ORIENTED_EDGE ( 'NONE', *, *, #915, .F. ) ;
#142 = CARTESIAN_POINT ( 'NONE',  ( 5.299999999999998046, 4.500000000000000888, 8.000000000000000000 ) ) ;
#143 = ORIENTED_EDGE ( 'NONE', *, *, #223, .F. ) ;
#144 = DIRECTION ( 'NONE',  ( -1.000000000000000000, 0.000000000000000000, 0.000000000000000000 ) ) ;
#145 = ADVANCED_FACE ( 'NONE', ( #464 ), #310, .T. ) ;
#146 = CARTESIAN_POINT ( 'NONE',  ( 5.500000000000000000, 1.999999999999999556, 7.800000000000000711 ) ) ;
#147 = CARTESIAN_POINT ( 'NONE',  ( 12.30000000000000071, -17.19999999999999574, 0.1999999999999996503 ) ) ;
#148 = DIRECTION ( 'NONE',  ( -1.000000000000000000, 0.000000000000000000, 0.000000000000000000 ) ) ;
#149 = VERTEX_POINT ( 'NONE', #319 ) ;
#150 = CARTESIAN_POINT ( 'NONE',  ( 5.189085875965405638E-15, -17.19999999999999929, 8.000000000000000000 ) ) ;
#151 = EDGE_CURVE ( 'NONE', #982, #984, #114, .T. ) ;
#152 = EDGE_LOOP ( 'NONE', ( #428, #173, #950, #763 ) ) ;
#153 = CARTESIAN_POINT ( 'NONE',  ( -7.500000000000000888, 4.300000000000000711, 0.1999999999999996503 ) ) ;
#154 = DIRECTION ( 'NONE',  ( 3.469446951953612217E-16, -1.000000000000000000, 0.000000000000000000 ) ) ;
#155 = FACE_OUTER_BOUND ( 'NONE', #1333, .T. ) ;
#156 = EDGE_CURVE ( 'NONE', #558, #259, #1989, .T. ) ;
#157 = CARTESIAN_POINT ( 'NONE',  ( -14.49999999999999645, -21.80000000000001137, 0.1999999999999996503 ) ) ;
#158 = CYLINDRICAL_SURFACE ( 'NONE', #1446, 0.2000000000000000944 ) ;
#159 = CIRCLE ( 'NONE', #299, 1.250000000000001110 ) ;
#160 =( BOUNDED_CURVE ( )  B_SPLINE_CURVE ( 3, ( #586, #1940, #1273, #447 ),
 .UNSPECIFIED., .F., .T. ) 
 B_SPLINE_CURVE_WITH_KNOTS ( ( 4, 4 ),
 ( 1.570796326794896558, 3.141592653589793116 ),
 .UNSPECIFIED. ) 
 CURVE ( )  GEOMETRIC_REPRESENTATION_ITEM ( )  RATIONAL_B_SPLINE_CURVE ( ( 1.000000000000000000, 0.8047378541243649375, 0.8047378541243649375, 1.000000000000000000 ) ) 
 REPRESENTATION_ITEM ( '' )  );
#161 = ORIENTED_EDGE ( 'NONE', *, *, #864, .F. ) ;
#162 = CARTESIAN_POINT ( 'NONE',  ( -7.562625251566800877, -21.80000000000000071, 8.601232875026061819 ) ) ;
#163 = ORIENTED_EDGE ( 'NONE', *, *, #993, .F. ) ;
#164 = EDGE_LOOP ( 'NONE', ( #1242, #1495, #1664, #2079 ) ) ;
#165 = EDGE_CURVE ( 'NONE', #149, #486, #1165, .T. ) ;
#166 = DIRECTION ( 'NONE',  ( 1.000000000000000000, 3.016910393003142859E-16, 0.000000000000000000 ) ) ;
#167 = DIRECTION ( 'NONE',  ( 0.000000000000000000, 1.734723475976807094E-15, 1.000000000000000000 ) ) ;
#168 = CARTESIAN_POINT ( 'NONE',  ( -3.199999999999997957, -17.19999999999999929, 7.800000000000000711 ) ) ;
#169 = CARTESIAN_POINT ( 'NONE',  ( 5.299999999999999822, 2.199999999999999734, 0.000000000000000000 ) ) ;
#170 = FACE_OUTER_BOUND ( 'NONE', #1951, .T. ) ;
#171 = EDGE_CURVE ( 'NONE', #558, #108, #1437, .T. ) ;
#172 = ORIENTED_EDGE ( 'NONE', *, *, #1727, .T. ) ;
#173 = ORIENTED_EDGE ( 'NONE', *, *, #1588, .T. ) ;
#174 = DIRECTION ( 'NONE',  ( 0.000000000000000000, 1.000000000000000000, -0.000000000000000000 ) ) ;
#175 = DIRECTION ( 'NONE',  ( 1.000000000000000000, 0.000000000000000000, 0.000000000000000000 ) ) ;
#176 = CARTESIAN_POINT ( 'NONE',  ( -14.49999999999999645, -17.20000000000000284, 0.1999999999999996503 ) ) ;
#177 = EDGE_LOOP ( 'NONE', ( #807, #1735 ) ) ;
#178 = VERTEX_POINT ( 'NONE', #980 ) ;
#179 = EDGE_CURVE ( 'NONE', #920, #1758, #612, .T. ) ;
#180 = AXIS2_PLACEMENT_3D ( 'NONE', #1297, #350, #2140 ) ;
#181 = ORIENTED_EDGE ( 'NONE', *, *, #1325, .F. ) ;
#182 = SPHERICAL_SURFACE ( 'NONE', #180, 0.2000000000000000111 ) ;
#183 = CARTESIAN_POINT ( 'NONE',  ( 12.30000000000000071, -16.99999999999999645, 0.1999999999999996503 ) ) ;
#184 = CARTESIAN_POINT ( 'NONE',  ( 5.000000000000002665, -21.80000000000000426, 10.00000000000000000 ) ) ;
#185 = EDGE_CURVE ( 'NONE', #486, #1527, #1771, .T. ) ;
#186 = PLANE ( 'NONE',  #1471 ) ;
#187 = APPLICATION_PROTOCOL_DEFINITION ( 'draft international standard', 'automotive_design', 1998, #493 ) ;
#188 = CIRCLE ( 'NONE', #639, 0.1999999999999996503 ) ;
#189 = VERTEX_POINT ( 'NONE', #1606 ) ;
#190 = DIRECTION ( 'NONE',  ( 1.000000000000000000, 3.469446951953616654E-16, -0.000000000000000000 ) ) ;
#191 = VERTEX_POINT ( 'NONE', #1456 ) ;
#192 = AXIS2_PLACEMENT_3D ( 'NONE', #1849, #1830, #1501 ) ;
#193 = AXIS2_PLACEMENT_3D ( 'NONE', #811, #1121, #298 ) ;
#194 = ORIENTED_EDGE ( 'NONE', *, *, #219, .T. ) ;
#195 = LINE ( 'NONE', #403, #1359 ) ;
#196 = VERTEX_POINT ( 'NONE', #157 ) ;
#197 = EDGE_CURVE ( 'NONE', #1062, #2150, #1577, .T. ) ;
#198 = CARTESIAN_POINT ( 'NONE',  ( 12.30000000000000071, -17.19999999999999574, 7.800000000000000711 ) ) ;
#199 = DIRECTION ( 'NONE',  ( 0.000000000000000000, 1.000000000000000000, 0.000000000000000000 ) ) ;
#200 = DIRECTION ( 'NONE',  ( 0.000000000000000000, 0.000000000000000000, 1.000000000000000000 ) ) ;
#201 = VECTOR ( 'NONE', #340, 1000.000000000000000 ) ;
#202 = AXIS2_PLACEMENT_3D ( 'NONE', #78, #104, #1906 ) ;
#203 = SURFACE_SIDE_STYLE ('',( #890 ) ) ;
#204 = ORIENTED_EDGE ( 'NONE', *, *, #1042, .F. ) ;
#205 = CARTESIAN_POINT ( 'NONE',  ( 5.000000000000002665, -21.80000000000000426, 18.00000000000000355 ) ) ;
#206 = VERTEX_POINT ( 'NONE', #129 ) ;
#207 = CARTESIAN_POINT ( 'NONE',  ( 0.000000000000000000, -17.19999999999999574, 7.800000000000000711 ) ) ;
#208 = ADVANCED_FACE ( 'NONE', ( #1144 ), #1479, .T. ) ;
#209 = CARTESIAN_POINT ( 'NONE',  ( -7.300000000000000711, 4.500000000000000888, 8.000000000000000000 ) ) ;
#210 = LINE ( 'NONE', #877, #927 ) ;
#211 = EDGE_LOOP ( 'NONE', ( #2130, #973, #294, #1823 ) ) ;
#212 = CARTESIAN_POINT ( 'NONE',  ( 7.500000000000000888, -17.19999999999999574, 5.450000000000003730 ) ) ;
#213 = ORIENTED_EDGE ( 'NONE', *, *, #1881, .F. ) ;
#214 = EDGE_CURVE ( 'NONE', #1397, #484, #674, .T. ) ;
#215 = DIRECTION ( 'NONE',  ( 1.141265444721583757E-16, -1.000000000000000000, 0.000000000000000000 ) ) ;
#216 = ORIENTED_EDGE ( 'NONE', *, *, #1871, .T. ) ;
#217 = CARTESIAN_POINT ( 'NONE',  ( -7.300000000000000711, 4.300000000000000711, 0.2000000000000000111 ) ) ;
#218 = DIRECTION ( 'NONE',  ( 1.000000000000000000, 0.000000000000000000, 0.000000000000000000 ) ) ;
#219 = EDGE_CURVE ( 'NONE', #189, #1758, #1960, .T. ) ;
#220 = CARTESIAN_POINT ( 'NONE',  ( 0.000000000000000000, -21.98181818181819125, 7.883319558090108536 ) ) ;
#221 = ORIENTED_EDGE ( 'NONE', *, *, #25, .T. ) ;
#222 = CIRCLE ( 'NONE', #884, 0.2000000000000000111 ) ;
#223 = EDGE_CURVE ( 'NONE', #206, #1115, #364, .T. ) ;
#224 = FILL_AREA_STYLE ('',( #1876 ) ) ;
#225 = TOROIDAL_SURFACE ( 'NONE', #501, 2.200000000000000178, 2.000000000000000000 ) ;
#226 = ORIENTED_EDGE ( 'NONE', *, *, #1990, .T. ) ;
#227 = CIRCLE ( 'NONE', #330, 1.450000000000000400 ) ;
#228 = AXIS2_PLACEMENT_3D ( 'NONE', #1803, #318, #2124 ) ;
#229 = CARTESIAN_POINT ( 'NONE',  ( 5.000000000000001776, -19.30000000000000426, 10.00000000000000000 ) ) ;
#230 = AXIS2_PLACEMENT_3D ( 'NONE', #207, #1845, #375 ) ;
#231 = ORIENTED_EDGE ( 'NONE', *, *, #1937, .F. ) ;
#232 = DIRECTION ( 'NONE',  ( 0.000000000000000000, 0.000000000000000000, 1.000000000000000000 ) ) ;
#233 = CARTESIAN_POINT ( 'NONE',  ( -8.999999999999998224, -21.98181818181819125, 7.883319558090108536 ) ) ;
#234 = AXIS2_PLACEMENT_3D ( 'NONE', #823, #1311, #1448 ) ;
#235 = SPHERICAL_SURFACE ( 'NONE', #1133, 0.2000000000000000111 ) ;
#236 = CARTESIAN_POINT ( 'NONE',  ( -9.499999999999996447, -22.00000000000001066, 4.000000000000003553 ) ) ;
#237 = ORIENTED_EDGE ( 'NONE', *, *, #1222, .T. ) ;
#238 = PLANE ( 'NONE',  #1417 ) ;
#239 = EDGE_LOOP ( 'NONE', ( #576, #765, #355, #1977 ) ) ;
#240 = DIRECTION ( 'NONE',  ( 0.000000000000000000, -1.000000000000000000, 0.000000000000000000 ) ) ;
#241 = B_SPLINE_CURVE_WITH_KNOTS ( 'NONE', 3,
 ( #876, #386, #504, #2029, #1489, #1860, #1659, #1328 ),
 .UNSPECIFIED., .F., .F.,
 ( 4, 2, 2, 4 ),
 ( -8.944272065510703963E-06, 0.0008863338611264779581, 0.001333972927722472954, 0.001781611994318468058 ),
 .UNSPECIFIED. ) ;
#242 = CARTESIAN_POINT ( 'NONE',  ( -9.499999999999996447, -17.19999999999999929, 5.250000000000004441 ) ) ;
#243 = CARTESIAN_POINT ( 'NONE',  ( 0.8000000000000023759, -16.80000000000000071, 8.000000000000000000 ) ) ;
#244 = EDGE_CURVE ( 'NONE', #635, #1047, #241, .T. ) ;
#245 = ORIENTED_EDGE ( 'NONE', *, *, #1453, .F. ) ;
#246 = ORIENTED_EDGE ( 'NONE', *, *, #999, .T. ) ;
#247 = CYLINDRICAL_SURFACE ( 'NONE', #341, 0.1999999999999996503 ) ;
#248 = VERTEX_POINT ( 'NONE', #184 ) ;
#249 = CARTESIAN_POINT ( 'NONE',  ( -14.29999999999999716, -17.20000000000000284, 7.800000000000000711 ) ) ;
#250 = ORIENTED_EDGE ( 'NONE', *, *, #1896, .T. ) ;
#251 = CARTESIAN_POINT ( 'NONE',  ( 5.500000000000000000, 1.999999999999999556, 0.1999999999999996503 ) ) ;
#252 = CARTESIAN_POINT ( 'NONE',  ( 0.000000000000000000, 0.000000000000000000, 8.000000000000000000 ) ) ;
#253 = VECTOR ( 'NONE', #1988, 1000.000000000000000 ) ;
#254 = DIRECTION ( 'NONE',  ( 1.000000000000000000, 0.000000000000000000, 0.000000000000000000 ) ) ;
#255 = VERTEX_POINT ( 'NONE', #868 ) ;
#256 = EDGE_CURVE ( 'NONE', #623, #874, #833, .T. ) ;
#257 = DIRECTION ( 'NONE',  ( -0.000000000000000000, -1.000000000000000000, -0.000000000000000000 ) ) ;
#258 = CARTESIAN_POINT ( 'NONE',  ( 5.500000000000000000, 1.999999999999999556, 8.000000000000000000 ) ) ;
#259 = VERTEX_POINT ( 'NONE', #533 ) ;
#260 = ORIENTED_EDGE ( 'NONE', *, *, #1366, .T. ) ;
#261 = VECTOR ( 'NONE', #1089, 1000.000000000000000 ) ;
#262 = DIRECTION ( 'NONE',  ( -1.000000000000000000, 0.000000000000000000, 0.000000000000000000 ) ) ;
#263 = DIRECTION ( 'NONE',  ( -1.000000000000000000, -3.469446951953613696E-16, 0.000000000000000000 ) ) ;
#264 = VECTOR ( 'NONE', #1216, 1000.000000000000000 ) ;
#265 = AXIS2_PLACEMENT_3D ( 'NONE', #1454, #968, #955 ) ;
#266 = EDGE_CURVE ( 'NONE', #1820, #1451, #188, .T. ) ;
#267 = CARTESIAN_POINT ( 'NONE',  ( 12.50000000000000178, -22.00000000000001066, 7.800000000000000711 ) ) ;
#268 = DIRECTION ( 'NONE',  ( 1.000000000000000000, 1.141265444721583757E-16, -0.000000000000000000 ) ) ;
#269 = AXIS2_PLACEMENT_3D ( 'NONE', #1037, #1514, #1852 ) ;
#270 = DIRECTION ( 'NONE',  ( 1.000000000000000000, 0.000000000000000000, 0.000000000000000000 ) ) ;
#271 = CARTESIAN_POINT ( 'NONE',  ( 1.200000000000002398, -16.80000000000000071, 8.000000000000000000 ) ) ;
#272 = AXIS2_PLACEMENT_3D ( 'NONE', #1805, #644, #1001 ) ;
#273 = ORIENTED_EDGE ( 'NONE', *, *, #1185, .F. ) ;
#274 = CARTESIAN_POINT ( 'NONE',  ( -2.999999999999997780, -16.80000000000000071, 7.800000000000000711 ) ) ;
#275 = EDGE_LOOP ( 'NONE', ( #521, #965, #1026, #23, #1421, #921, #1964, #307, #314, #1344, #783, #1458, #1135, #976 ) ) ;
#276 = AXIS2_PLACEMENT_3D ( 'NONE', #1352, #1040, #1856 ) ;
#277 = FACE_OUTER_BOUND ( 'NONE', #1851, .T. ) ;
#278 = CYLINDRICAL_SURFACE ( 'NONE', #193, 1.999999999999999112 ) ;
#279 = FACE_OUTER_BOUND ( 'NONE', #211, .T. ) ;
#280 = EDGE_CURVE ( 'NONE', #882, #650, #1438, .T. ) ;
#281 = EDGE_LOOP ( 'NONE', ( #12, #838, #1320, #1870 ) ) ;
#282 = CARTESIAN_POINT ( 'NONE',  ( -9.499999999999996447, -17.19999999999999929, 4.000000000000003553 ) ) ;
#283 = ORIENTED_EDGE ( 'NONE', *, *, #554, .F. ) ;
#284 = DIRECTION ( 'NONE',  ( -0.000000000000000000, 0.000000000000000000, -1.000000000000000000 ) ) ;
#285 = ORIENTED_EDGE ( 'NONE', *, *, #116, .F. ) ;
#286 = EDGE_CURVE ( 'NONE', #1774, #623, #524, .T. ) ;
#287 = DIRECTION ( 'NONE',  ( 0.000000000000000000, -0.000000000000000000, -1.000000000000000000 ) ) ;
#288 = DIRECTION ( 'NONE',  ( 1.000000000000000000, 0.000000000000000000, 0.000000000000000000 ) ) ;
#289 = DIRECTION ( 'NONE',  ( 1.000000000000000000, 0.000000000000000000, 0.000000000000000000 ) ) ;
#290 = FACE_OUTER_BOUND ( 'NONE', #1278, .T. ) ;
#291 = EDGE_CURVE ( 'NONE', #497, #108, #57, .T. ) ;
#292 = VERTEX_POINT ( 'NONE', #1682 ) ;
#293 = VECTOR ( 'NONE', #1376, 1000.000000000000000 ) ;
#294 = ORIENTED_EDGE ( 'NONE', *, *, #646, .F. ) ;
#295 = VECTOR ( 'NONE', #1000, 1000.000000000000000 ) ;
#296 = FACE_OUTER_BOUND ( 'NONE', #1164, .T. ) ;
#297 = AXIS2_PLACEMENT_3D ( 'NONE', #1310, #1283, #1939 ) ;
#298 = DIRECTION ( 'NONE',  ( 1.000000000000000000, 0.000000000000000000, 0.000000000000000000 ) ) ;
#299 = AXIS2_PLACEMENT_3D ( 'NONE', #523, #704, #1497 ) ;
#300 = DIRECTION ( 'NONE',  ( 0.000000000000000000, 0.000000000000000000, 1.000000000000000000 ) ) ;
#301 = FACE_OUTER_BOUND ( 'NONE', #374, .T. ) ;
#302 = AXIS2_PLACEMENT_3D ( 'NONE', #1952, #1663, #1985 ) ;
#303 = ORIENTED_EDGE ( 'NONE', *, *, #1060, .T. ) ;
#304 = CARTESIAN_POINT ( 'NONE',  ( 12.30000000000000249, -21.80000000000001137, 0.000000000000000000 ) ) ;
#305 = EDGE_CURVE ( 'NONE', #1047, #248, #1402, .T. ) ;
#306 = AXIS2_PLACEMENT_3D ( 'NONE', #1742, #458, #602 ) ;
#307 = ORIENTED_EDGE ( 'NONE', *, *, #1134, .T. ) ;
#308 = CYLINDRICAL_SURFACE ( 'NONE', #738, 0.1999999999999987899 ) ;
#309 = CARTESIAN_POINT ( 'NONE',  ( 12.50000000000000178, -21.80000000000001137, 0.1999999999999996503 ) ) ;
#310 = CYLINDRICAL_SURFACE ( 'NONE', #297, 0.2000000000000000944 ) ;
#311 = ADVANCED_FACE ( 'NONE', ( #1993 ), #38, .T. ) ;
#312 = DIRECTION ( 'NONE',  ( 0.000000000000000000, 0.000000000000000000, -1.000000000000000000 ) ) ;
#313 = CIRCLE ( 'NONE', #383, 0.2000000000000000111 ) ;
#314 = ORIENTED_EDGE ( 'NONE', *, *, #1252, .T. ) ;
#315 = CYLINDRICAL_SURFACE ( 'NONE', #1308, 1.250000000000000222 ) ;
#316 = ORIENTED_EDGE ( 'NONE', *, *, #1886, .T. ) ;
#317 = CARTESIAN_POINT ( 'NONE',  ( -7.299999999999998934, -2.532696274926136780E-15, 7.800000000000000711 ) ) ;
#318 = DIRECTION ( 'NONE',  ( 0.000000000000000000, 1.000000000000000000, 0.000000000000000000 ) ) ;
#319 = CARTESIAN_POINT ( 'NONE',  ( 7.000000000000000888, -17.30000000000000782, 8.000000000000000000 ) ) ;
#320 = CARTESIAN_POINT ( 'NONE',  ( 12.41715728752538439, -21.91715728752539150, -3.467820963203629945E-16 ) ) ;
#321 = ADVANCED_BREP_SHAPE_REPRESENTATION ( 'extruder_BLtouch_mount_2', ( #1038, #507 ), #2149 ) ;
#322 = ADVANCED_FACE ( 'NONE', ( #353 ), #1031, .T. ) ;
#323 = VERTEX_POINT ( 'NONE', #695 ) ;
#324 = FACE_OUTER_BOUND ( 'NONE', #520, .T. ) ;
#325 = ORIENTED_EDGE ( 'NONE', *, *, #1481, .T. ) ;
#326 = VERTEX_POINT ( 'NONE', #1022 ) ;
#327 = CARTESIAN_POINT ( 'NONE',  ( 12.50000000000000178, -22.00000000000001066, 0.1999999999999996503 ) ) ;
#328 = DIRECTION ( 'NONE',  ( 1.000000000000000000, 4.336808689942024836E-15, 0.000000000000000000 ) ) ;
#329 = AXIS2_PLACEMENT_3D ( 'NONE', #252, #1935, #1120 ) ;
#330 = AXIS2_PLACEMENT_3D ( 'NONE', #1341, #1370, #687 ) ;
#331 = CARTESIAN_POINT ( 'NONE',  ( -7.500000000000000000, 1.999999999999999112, 7.800000000000000711 ) ) ;
#332 = VECTOR ( 'NONE', #46, 1000.000000000000000 ) ;
#333 = CARTESIAN_POINT ( 'NONE',  ( -9.499999999999996447, -22.00000000000001066, 5.250000000000004441 ) ) ;
#334 = VERTEX_POINT ( 'NONE', #1499 ) ;
#335 = CARTESIAN_POINT ( 'NONE',  ( -6.999999999999998224, -19.30000000000000782, 10.00000000000000000 ) ) ;
#336 = ORIENTED_EDGE ( 'NONE', *, *, #1760, .F. ) ;
#337 = ORIENTED_EDGE ( 'NONE', *, *, #2145, .F. ) ;
#338 =( GEOMETRIC_REPRESENTATION_CONTEXT ( 3 ) GLOBAL_UNCERTAINTY_ASSIGNED_CONTEXT ( ( #1271 ) ) GLOBAL_UNIT_ASSIGNED_CONTEXT ( ( #1025, #1048, #710 ) ) REPRESENTATION_CONTEXT ( 'NONE', 'WORKASPACE' ) );
#339 = ADVANCED_FACE ( 'NONE', ( #1347 ), #1045, .T. ) ;
#340 = DIRECTION ( 'NONE',  ( 0.000000000000000000, 0.000000000000000000, -1.000000000000000000 ) ) ;
#341 = AXIS2_PLACEMENT_3D ( 'NONE', #613, #1104, #2103 ) ;
#342 = DIRECTION ( 'NONE',  ( -1.000000000000000000, 0.000000000000000000, 0.000000000000000000 ) ) ;
#343 = CARTESIAN_POINT ( 'NONE',  ( 5.500000000000000888, 1.999999999999999556, 0.08284271247461864884 ) ) ;
#344 = EDGE_CURVE ( 'NONE', #615, #1688, #1693, .T. ) ;
#345 = CARTESIAN_POINT ( 'NONE',  ( -3.199999999999997957, -17.00000000000000000, 0.000000000000000000 ) ) ;
#346 = ORIENTED_EDGE ( 'NONE', *, *, #1624, .T. ) ;
#347 = PLANE ( 'NONE',  #1717 ) ;
#348 = ORIENTED_EDGE ( 'NONE', *, *, #1112, .F. ) ;
#349 = EDGE_LOOP ( 'NONE', ( #720, #250, #553, #181 ) ) ;
#350 = DIRECTION ( 'NONE',  ( 0.000000000000000000, 1.000000000000000000, 0.000000000000000000 ) ) ;
#351 = EDGE_CURVE ( 'NONE', #1117, #1375, #2044, .T. ) ;
#352 = CARTESIAN_POINT ( 'NONE',  ( 7.000000000000002665, -21.98181818181819125, 7.883319558090108536 ) ) ;
#353 = FACE_OUTER_BOUND ( 'NONE', #1563, .T. ) ;
#354 = CARTESIAN_POINT ( 'NONE',  ( -8.999999999999998224, -21.80000000000001137, 7.800000000000000711 ) ) ;
#355 = ORIENTED_EDGE ( 'NONE', *, *, #351, .F. ) ;
#356 = CARTESIAN_POINT ( 'NONE',  ( 12.50000000000000178, -22.00000000000001066, 7.800000000000000711 ) ) ;
#357 = ORIENTED_EDGE ( 'NONE', *, *, #1886, .F. ) ;
#358 = EDGE_CURVE ( 'NONE', #1230, #326, #1926, .T. ) ;
#359 = AXIS2_PLACEMENT_3D ( 'NONE', #1810, #2131, #627 ) ;
#360 = ORIENTED_EDGE ( 'NONE', *, *, #993, .T. ) ;
#361 = DIRECTION ( 'NONE',  ( -1.000000000000000000, -0.000000000000000000, -8.673617379884049672E-15 ) ) ;
#362 = ORIENTED_EDGE ( 'NONE', *, *, #1588, .F. ) ;
#363 = CARTESIAN_POINT ( 'NONE',  ( -7.500000000000000888, 4.300000000000000711, 7.800000000000000711 ) ) ;
#364 = LINE ( 'NONE', #705, #886 ) ;
#365 = FACE_OUTER_BOUND ( 'NONE', #1813, .T. ) ;
#366 = CIRCLE ( 'NONE', #747, 1.250000000000000222 ) ;
#367 = ORIENTED_EDGE ( 'NONE', *, *, #1349, .F. ) ;
#368 = LINE ( 'NONE', #356, #1827 ) ;
#369 = VECTOR ( 'NONE', #2043, 1000.000000000000000 ) ;
#370 = ORIENTED_EDGE ( 'NONE', *, *, #1312, .T. ) ;
#371 = ADVANCED_FACE ( 'NONE', ( #420 ), #731, .T. ) ;
#372 = DIRECTION ( 'NONE',  ( -0.000000000000000000, -0.000000000000000000, -1.000000000000000000 ) ) ;
#373 = VECTOR ( 'NONE', #1706, 1000.000000000000000 ) ;
#374 = EDGE_LOOP ( 'NONE', ( #1440, #1854, #425, #512 ) ) ;
#375 = DIRECTION ( 'NONE',  ( 0.000000000000000000, 0.000000000000000000, 1.000000000000000000 ) ) ;
#376 = DIRECTION ( 'NONE',  ( 2.891205793294678326E-16, -1.000000000000000000, 0.000000000000000000 ) ) ;
#377 = EDGE_CURVE ( 'NONE', #108, #1300, #1539, .T. ) ;
#378 = ORIENTED_EDGE ( 'NONE', *, *, #969, .F. ) ;
#379 = DIRECTION ( 'NONE',  ( 1.000000000000000000, 9.637352644315595243E-17, 0.000000000000000000 ) ) ;
#380 = EDGE_LOOP ( 'NONE', ( #942, #2053, #362, #2152 ) ) ;
#381 = DIRECTION ( 'NONE',  ( 3.469446951953613696E-16, -1.000000000000000000, 0.000000000000000000 ) ) ;
#382 = ORIENTED_EDGE ( 'NONE', *, *, #1377, .T. ) ;
#383 = AXIS2_PLACEMENT_3D ( 'NONE', #604, #904, #951 ) ;
#384 = DIRECTION ( 'NONE',  ( -9.637352644315595243E-17, 1.000000000000000000, 0.000000000000000000 ) ) ;
#385 = EDGE_CURVE ( 'NONE', #1868, #920, #718, .T. ) ;
#386 = CARTESIAN_POINT ( 'NONE',  ( 6.714279405725770644, -21.94592821791671255, 7.961637880122361288 ) ) ;
#387 = DIRECTION ( 'NONE',  ( -0.000000000000000000, 0.000000000000000000, 1.000000000000000000 ) ) ;
#388 = ORIENTED_EDGE ( 'NONE', *, *, #1460, .T. ) ;
#389 = ORIENTED_EDGE ( 'NONE', *, *, #499, .T. ) ;
#390 = DIRECTION ( 'NONE',  ( -3.469446951953612217E-16, 1.000000000000000000, 0.000000000000000000 ) ) ;
#391 = EDGE_LOOP ( 'NONE', ( #1515, #1079, #1360, #52, #1522, #1039 ) ) ;
#392 = CYLINDRICAL_SURFACE ( 'NONE', #966, 2.000000000000000000 ) ;
#393 = CARTESIAN_POINT ( 'NONE',  ( 7.000000000000002665, -21.80000000000001137, 7.800000000000000711 ) ) ;
#394 = CARTESIAN_POINT ( 'NONE',  ( -6.999999999999998224, -19.30000000000000782, 18.00000000000000355 ) ) ;
#395 = EDGE_LOOP ( 'NONE', ( #1182, #1641, #204, #96 ) ) ;
#396 = EDGE_CURVE ( 'NONE', #543, #1527, #725, .T. ) ;
#397 = UNCERTAINTY_MEASURE_WITH_UNIT (LENGTH_MEASURE( 1.000000000000000082E-05 ), #1558, 'distance_accuracy_value', 'NONE');
#398 = CARTESIAN_POINT ( 'NONE',  ( 0.000000000000000000, 2.199999999999999734, 7.800000000000000711 ) ) ;
#399 = CIRCLE ( 'NONE', #1816, 0.1999999999999996503 ) ;
#400 = VECTOR ( 'NONE', #2055, 1000.000000000000000 ) ;
#401 = CIRCLE ( 'NONE', #430, 0.1999999999999996503 ) ;
#402 = VERTEX_POINT ( 'NONE', #897 ) ;
#403 = CARTESIAN_POINT ( 'NONE',  ( -6.999999999999997335, -21.80000000000000782, 8.716515138991180578 ) ) ;
#404 = AXIS2_PLACEMENT_3D ( 'NONE', #2089, #590, #1622 ) ;
#405 = ORIENTED_EDGE ( 'NONE', *, *, #682, .T. ) ;
#406 = EDGE_CURVE ( 'NONE', #1288, #477, #1425, .T. ) ;
#407 = CARTESIAN_POINT ( 'NONE',  ( -7.500000000000000888, 4.500000000000000888, 7.800000000000000711 ) ) ;
#408 = CARTESIAN_POINT ( 'NONE',  ( 0.8000000000000023759, -16.80000000000000071, 0.000000000000000000 ) ) ;
#409 = DIRECTION ( 'NONE',  ( 0.000000000000000000, -1.000000000000000000, 0.000000000000000000 ) ) ;
#410 = ORIENTED_EDGE ( 'NONE', *, *, #13, .F. ) ;
#411 = EDGE_CURVE ( 'NONE', #1877, #1875, #1586, .T. ) ;
#412 = FACE_OUTER_BOUND ( 'NONE', #2081, .T. ) ;
#413 = CARTESIAN_POINT ( 'NONE',  ( -14.29999999999999716, -17.20000000000000284, 7.800000000000000711 ) ) ;
#414 = EDGE_LOOP ( 'NONE', ( #809, #1382, #773, #910 ) ) ;
#415 = DIRECTION ( 'NONE',  ( 1.000000000000000000, 0.000000000000000000, 0.000000000000000000 ) ) ;
#416 = ORIENTED_EDGE ( 'NONE', *, *, #1481, .F. ) ;
#417 = CARTESIAN_POINT ( 'NONE',  ( 1.000000000000000000, 1.999999999999999556, 0.1999999999999996503 ) ) ;
#418 = SPHERICAL_SURFACE ( 'NONE', #2142, 0.2000000000000000111 ) ;
#419 = EDGE_CURVE ( 'NONE', #1095, #58, #1996, .T. ) ;
#420 = FACE_OUTER_BOUND ( 'NONE', #1894, .T. ) ;
#421 = CARTESIAN_POINT ( 'NONE',  ( 1.000000000000002442, -17.19999999999999574, 0.1999999999999996503 ) ) ;
#422 = ORIENTED_EDGE ( 'NONE', *, *, #2015, .T. ) ;
#423 = LINE ( 'NONE', #1753, #1957 ) ;
#424 = CARTESIAN_POINT ( 'NONE',  ( 5.300000000000000711, 1.838806884535415520E-15, 8.000000000000000000 ) ) ;
#425 = ORIENTED_EDGE ( 'NONE', *, *, #427, .F. ) ;
#426 = DIRECTION ( 'NONE',  ( 0.000000000000000000, 0.000000000000000000, 1.000000000000000000 ) ) ;
#427 = EDGE_CURVE ( 'NONE', #334, #1542, #2144, .T. ) ;
#428 = ORIENTED_EDGE ( 'NONE', *, *, #280, .T. ) ;
#429 = CARTESIAN_POINT ( 'NONE',  ( 7.000000000000002665, -21.80000000000001137, 7.800000000000000711 ) ) ;
#430 = AXIS2_PLACEMENT_3D ( 'NONE', #917, #1413, #1099 ) ;
#431 = DIRECTION ( 'NONE',  ( -1.000000000000000000, -3.469446951953608272E-16, 0.000000000000000000 ) ) ;
#432 = CYLINDRICAL_SURFACE ( 'NONE', #995, 0.1999999999999996503 ) ;
#433 = AXIS2_PLACEMENT_3D ( 'NONE', #1699, #1869, #541 ) ;
#434 = DIRECTION ( 'NONE',  ( -3.016910393003142859E-16, 1.000000000000000000, -0.000000000000000000 ) ) ;
#435 = EDGE_LOOP ( 'NONE', ( #1184, #1210, #536, #939 ) ) ;
#436 = DIRECTION ( 'NONE',  ( 0.000000000000000000, 0.000000000000000000, -1.000000000000000000 ) ) ;
#437 = AXIS2_PLACEMENT_3D ( 'NONE', #1604, #1737, #789 ) ;
#438 = AXIS2_PLACEMENT_3D ( 'NONE', #29, #1874, #506 ) ;
#439 = EDGE_LOOP ( 'NONE', ( #226, #1353, #1244, #1730 ) ) ;
#440 = AXIS2_PLACEMENT_3D ( 'NONE', #309, #610, #2133 ) ;
#441 = DIRECTION ( 'NONE',  ( -0.000000000000000000, 1.000000000000000000, -0.000000000000000000 ) ) ;
#442 = VECTOR ( 'NONE', #1701, 1000.000000000000000 ) ;
#443 = FACE_OUTER_BOUND ( 'NONE', #1075, .T. ) ;
#444 = DIRECTION ( 'NONE',  ( 1.000000000000000000, 2.891205793294678326E-16, 0.000000000000000000 ) ) ;
#445 = COLOUR_RGB ( '',0.7921568627450980005, 0.8196078431372548767, 0.9333333333333333481 ) ;
#446 = DIRECTION ( 'NONE',  ( -1.000000000000000000, -0.000000000000000000, -0.000000000000000000 ) ) ;
#447 = CARTESIAN_POINT ( 'NONE',  ( 5.000000000000001776, -19.30000000000000426, 10.00000000000000000 ) ) ;
#448 = EDGE_CURVE ( 'NONE', #1774, #716, #85, .T. ) ;
#449 = EDGE_LOOP ( 'NONE', ( #70, #120, #1240, #1570 ) ) ;
#450 = AXIS2_PLACEMENT_3D ( 'NONE', #421, #1762, #743 ) ;
#451 = DIRECTION ( 'NONE',  ( -3.016910393003142859E-16, 1.000000000000000000, -0.000000000000000000 ) ) ;
#452 = EDGE_LOOP ( 'NONE', ( #1609, #518, #1524, #605 ) ) ;
#453 = CARTESIAN_POINT ( 'NONE',  ( -7.500000000000000000, 1.999999999999999112, 0.1999999999999996503 ) ) ;
#454 = EDGE_CURVE ( 'NONE', #1199, #1049, #503, .T. ) ;
#455 = DIRECTION ( 'NONE',  ( -0.000000000000000000, -0.000000000000000000, -1.000000000000000000 ) ) ;
#456 = ADVANCED_FACE ( 'NONE', ( #1892 ), #225, .F. ) ;
#457 = DIRECTION ( 'NONE',  ( -0.000000000000000000, -0.000000000000000000, 1.000000000000000000 ) ) ;
#458 = DIRECTION ( 'NONE',  ( 1.000000000000000000, -0.000000000000000000, -0.000000000000000000 ) ) ;
#459 = VERTEX_POINT ( 'NONE', #408 ) ;
#460 = DIRECTION ( 'NONE',  ( 0.000000000000000000, -0.000000000000000000, -1.000000000000000000 ) ) ;
#461 = ORIENTED_EDGE ( 'NONE', *, *, #385, .T. ) ;
#462 = CARTESIAN_POINT ( 'NONE',  ( -2.999999999999997780, -17.19999999999999929, 0.000000000000000000 ) ) ;
#463 = DIRECTION ( 'NONE',  ( 3.469446951953614189E-15, 1.000000000000000000, 0.000000000000000000 ) ) ;
#464 = FACE_OUTER_BOUND ( 'NONE', #1997, .T. ) ;
#465 = EDGE_CURVE ( 'NONE', #326, #1230, #366, .T. ) ;
#466 = CARTESIAN_POINT ( 'NONE',  ( 12.50000000000000178, -22.00000000000001066, 0.1999999999999996503 ) ) ;
#467 = EDGE_LOOP ( 'NONE', ( #1984, #143, #1680, #1324 ) ) ;
#468 = CARTESIAN_POINT ( 'NONE',  ( -14.49999999999999645, -21.80000000000001137, 7.800000000000000711 ) ) ;
#469 = ORIENTED_EDGE ( 'NONE', *, *, #1772, .T. ) ;
#470 = ADVANCED_FACE ( 'NONE', ( #1915 ), #471, .F. ) ;
#471 = TOROIDAL_SURFACE ( 'NONE', #535, 2.200000000000000178, 2.000000000000000000 ) ;
#472 = DIRECTION ( 'NONE',  ( 1.000000000000000000, 0.000000000000000000, 0.000000000000000000 ) ) ;
#473 = AXIS2_PLACEMENT_3D ( 'NONE', #1626, #455, #1780 ) ;
#474 = CARTESIAN_POINT ( 'NONE',  ( 5.299999999999999822, 2.199999999999999734, 8.000000000000000000 ) ) ;
#475 = DIRECTION ( 'NONE',  ( 0.000000000000000000, -0.000000000000000000, -1.000000000000000000 ) ) ;
#476 = EDGE_CURVE ( 'NONE', #292, #131, #1713, .T. ) ;
#477 = VERTEX_POINT ( 'NONE', #242 ) ;
#478 = CARTESIAN_POINT ( 'NONE',  ( -8.715102883575040593, -21.94603165669865774, 7.961412158194725919 ) ) ;
#479 = VERTEX_POINT ( 'NONE', #1260 ) ;
#480 = FACE_OUTER_BOUND ( 'NONE', #1303, .T. ) ;
#481 = FACE_OUTER_BOUND ( 'NONE', #1018, .T. ) ;
#482 = ADVANCED_FACE ( 'NONE', ( #908 ), #1905, .T. ) ;
#483 = LINE ( 'NONE', #1156, #1866 ) ;
#484 = VERTEX_POINT ( 'NONE', #1616 ) ;
#485 = DIRECTION ( 'NONE',  ( -1.000000000000000000, -3.016910393003142859E-16, 0.000000000000000000 ) ) ;
#486 = VERTEX_POINT ( 'NONE', #1791 ) ;
#487 = EDGE_CURVE ( 'NONE', #486, #1047, #1675, .T. ) ;
#488 = DIRECTION ( 'NONE',  ( 0.000000000000000000, 0.000000000000000000, 1.000000000000000000 ) ) ;
#489 = CARTESIAN_POINT ( 'NONE',  ( -3.000000000000000888, 1.999999999999999556, 0.08284271247461864884 ) ) ;
#490 = ORIENTED_EDGE ( 'NONE', *, *, #1429, .T. ) ;
#491 = LINE ( 'NONE', #792, #1710 ) ;
#492 = DIRECTION ( 'NONE',  ( 3.016910393003142859E-16, -1.000000000000000000, 0.000000000000000000 ) ) ;
#493 = APPLICATION_CONTEXT ( 'automotive_design' ) ;
#494 = ORIENTED_EDGE ( 'NONE', *, *, #1134, .F. ) ;
#495 = CARTESIAN_POINT ( 'NONE',  ( -3.199999999999997957, -16.80000000000000071, 7.800000000000000711 ) ) ;
#496 = ORIENTED_EDGE ( 'NONE', *, *, #385, .F. ) ;
#497 = VERTEX_POINT ( 'NONE', #1298 ) ;
#498 = CARTESIAN_POINT ( 'NONE',  ( 7.500000000000000888, -17.19999999999999574, 2.550000000000003375 ) ) ;
#499 = EDGE_CURVE ( 'NONE', #667, #1128, #123, .T. ) ;
#500 = DIRECTION ( 'NONE',  ( 1.000000000000000000, 0.000000000000000000, 0.000000000000000000 ) ) ;
#501 = AXIS2_PLACEMENT_3D ( 'NONE', #393, #934, #90 ) ;
#502 = AXIS2_PLACEMENT_3D ( 'NONE', #653, #1317, #288 ) ;
#503 =( BOUNDED_CURVE ( )  B_SPLINE_CURVE ( 3, ( #77, #1551, #1054, #768 ),
 .UNSPECIFIED., .F., .T. ) 
 B_SPLINE_CURVE_WITH_KNOTS ( ( 4, 4 ),
 ( 0.000000000000000000, 1.570796326794896558 ),
 .UNSPECIFIED. ) 
 CURVE ( )  GEOMETRIC_REPRESENTATION_ITEM ( )  RATIONAL_B_SPLINE_CURVE ( ( 1.000000000000000000, 0.8047378541243649375, 0.8047378541243649375, 1.000000000000000000 ) ) 
 REPRESENTATION_ITEM ( '' )  );
#504 = CARTESIAN_POINT ( 'NONE',  ( 6.428024522208103164, -21.91130594549326460, 8.044794802136372880 ) ) ;
#505 = CIRCLE ( 'NONE', #473, 0.2000000000000005107 ) ;
#506 = DIRECTION ( 'NONE',  ( 0.000000000000000000, 0.000000000000000000, -1.000000000000000000 ) ) ;
#507 = AXIS2_PLACEMENT_3D ( 'NONE', #1850, #517, #855 ) ;
#508 = VECTOR ( 'NONE', #624, 1000.000000000000000 ) ;
#509 = ORIENTED_EDGE ( 'NONE', *, *, #1162, .T. ) ;
#510 = CARTESIAN_POINT ( 'NONE',  ( 5.299999999999998046, 4.500000000000000888, 0.1999999999999996503 ) ) ;
#511 = EDGE_CURVE ( 'NONE', #1059, #1662, #1855, .T. ) ;
#512 = ORIENTED_EDGE ( 'NONE', *, *, #1613, .F. ) ;
#513 = DIRECTION ( 'NONE',  ( -1.000000000000000000, -3.016910393003142859E-16, 0.000000000000000000 ) ) ;
#514 = AXIS2_PLACEMENT_3D ( 'NONE', #1628, #1961, #475 ) ;
#515 = DIRECTION ( 'NONE',  ( 0.000000000000000000, 0.000000000000000000, -1.000000000000000000 ) ) ;
#516 = CARTESIAN_POINT ( 'NONE',  ( 5.000000000000001776, -19.30000000000000426, 18.00000000000000355 ) ) ;
#517 = DIRECTION ( 'NONE',  ( 0.000000000000000000, 0.000000000000000000, 1.000000000000000000 ) ) ;
#518 = ORIENTED_EDGE ( 'NONE', *, *, #1394, .T. ) ;
#519 = FACE_OUTER_BOUND ( 'NONE', #1504, .T. ) ;
#520 = EDGE_LOOP ( 'NONE', ( #1449, #2097, #422, #389 ) ) ;
#521 = ORIENTED_EDGE ( 'NONE', *, *, #103, .T. ) ;
#522 = LINE ( 'NONE', #873, #1707 ) ;
#523 = CARTESIAN_POINT ( 'NONE',  ( -9.499999999999996447, -17.19999999999999929, 4.000000000000003553 ) ) ;
#524 = LINE ( 'NONE', #852, #1538 ) ;
#525 = CYLINDRICAL_SURFACE ( 'NONE', #1508, 0.2000000000000000944 ) ;
#526 = ADVANCED_FACE ( 'NONE', ( #1290 ), #1142, .T. ) ;
#527 = ORIENTED_EDGE ( 'NONE', *, *, #291, .F. ) ;
#528 = ORIENTED_EDGE ( 'NONE', *, *, #959, .F. ) ;
#529 = LINE ( 'NONE', #1526, #762 ) ;
#530 = ORIENTED_EDGE ( 'NONE', *, *, #1937, .T. ) ;
#531 = CARTESIAN_POINT ( 'NONE',  ( -3.000000000000000000, 1.999999999999999556, 7.800000000000000711 ) ) ;
#532 = EDGE_CURVE ( 'NONE', #74, #196, #1367, .T. ) ;
#533 = CARTESIAN_POINT ( 'NONE',  ( 5.299999999999999822, 2.199999999999999734, 8.000000000000000000 ) ) ;
#534 = DIRECTION ( 'NONE',  ( 0.000000000000000000, 0.000000000000000000, -1.000000000000000000 ) ) ;
#535 = AXIS2_PLACEMENT_3D ( 'NONE', #2092, #2077, #67 ) ;
#536 = ORIENTED_EDGE ( 'NONE', *, *, #734, .F. ) ;
#537 = CARTESIAN_POINT ( 'NONE',  ( -6.999999999999997335, -21.80000000000000782, 18.00000000000000355 ) ) ;
#538 = AXIS2_PLACEMENT_3D ( 'NONE', #183, #1646, #175 ) ;
#539 = EDGE_CURVE ( 'NONE', #3, #1235, #979, .T. ) ;
#540 = ORIENTED_EDGE ( 'NONE', *, *, #406, .F. ) ;
#541 = DIRECTION ( 'NONE',  ( -1.000000000000000000, 0.000000000000000000, 0.000000000000000000 ) ) ;
#542 = VECTOR ( 'NONE', #2032, 1000.000000000000000 ) ;
#543 = VERTEX_POINT ( 'NONE', #1130 ) ;
#544 = CARTESIAN_POINT ( 'NONE',  ( 12.50000000000000178, -22.00000000000001066, 8.000000000000000000 ) ) ;
#545 = CIRCLE ( 'NONE', #583, 0.2000000000000005107 ) ;
#546 = CARTESIAN_POINT ( 'NONE',  ( -6.999999999999997335, -21.80000000000000782, 18.00000000000000355 ) ) ;
#547 = ADVANCED_FACE ( 'NONE', ( #138 ), #819, .T. ) ;
#548 = DIRECTION ( 'NONE',  ( 1.000000000000000000, 2.891205793294678326E-16, 0.000000000000000000 ) ) ;
#549 = ORIENTED_EDGE ( 'NONE', *, *, #197, .T. ) ;
#550 = DIRECTION ( 'NONE',  ( -1.000000000000000000, -9.637352644315595243E-17, -0.000000000000000000 ) ) ;
#551 = EDGE_LOOP ( 'NONE', ( #1432, #213, #603, #1357 ) ) ;
#552 = CARTESIAN_POINT ( 'NONE',  ( -14.29999999999999716, -17.00000000000000355, 8.000000000000000000 ) ) ;
#553 = ORIENTED_EDGE ( 'NONE', *, *, #1943, .F. ) ;
#554 = EDGE_CURVE ( 'NONE', #178, #952, #505, .T. ) ;
#555 = DIRECTION ( 'NONE',  ( 0.000000000000000000, 0.000000000000000000, 1.000000000000000000 ) ) ;
#556 = DIRECTION ( 'NONE',  ( 1.000000000000000000, -0.000000000000000000, -0.000000000000000000 ) ) ;
#557 = FACE_OUTER_BOUND ( 'NONE', #44, .T. ) ;
#558 = VERTEX_POINT ( 'NONE', #146 ) ;
#559 = CARTESIAN_POINT ( 'NONE',  ( -7.300000000000000711, 4.300000000000000711, 0.000000000000000000 ) ) ;
#560 = DIRECTION ( 'NONE',  ( 0.000000000000000000, 0.000000000000000000, -1.000000000000000000 ) ) ;
#561 = EDGE_CURVE ( 'NONE', #1545, #2150, #2156, .T. ) ;
#562 = ORIENTED_EDGE ( 'NONE', *, *, #1312, .F. ) ;
#563 = FACE_OUTER_BOUND ( 'NONE', #1157, .T. ) ;
#564 = ORIENTED_EDGE ( 'NONE', *, *, #1990, .F. ) ;
#565 = CARTESIAN_POINT ( 'NONE',  ( 5.782411586589344820E-16, -23.80000000000000426, 8.716515138991180578 ) ) ;
#566 = CARTESIAN_POINT ( 'NONE',  ( 12.50000000000000000, -22.00000000000001066, 7.917157287525380838 ) ) ;
#567 = CYLINDRICAL_SURFACE ( 'NONE', #685, 2.000000000000000000 ) ;
#568 = ORIENTED_EDGE ( 'NONE', *, *, #734, .T. ) ;
#569 = ORIENTED_EDGE ( 'NONE', *, *, #1734, .T. ) ;
#570 = VECTOR ( 'NONE', #1617, 1000.000000000000000 ) ;
#571 = LINE ( 'NONE', #1439, #972 ) ;
#572 = AXIS2_PLACEMENT_3D ( 'NONE', #8, #1838, #665 ) ;
#573 = ORIENTED_EDGE ( 'NONE', *, *, #1177, .T. ) ;
#574 = ADVANCED_FACE ( 'NONE', ( #1153 ), #278, .F. ) ;
#575 = DIRECTION ( 'NONE',  ( -1.000000000000000000, 0.000000000000000000, 0.000000000000000000 ) ) ;
#576 = ORIENTED_EDGE ( 'NONE', *, *, #1544, .T. ) ;
#577 = CARTESIAN_POINT ( 'NONE',  ( 7.500000000000000888, -17.19999999999999574, 4.000000000000003553 ) ) ;
#578 = DIRECTION ( 'NONE',  ( 1.000000000000000000, 0.000000000000000000, 0.000000000000000000 ) ) ;
#579 = DIRECTION ( 'NONE',  ( 0.000000000000000000, 0.000000000000000000, -1.000000000000000000 ) ) ;
#580 = EDGE_CURVE ( 'NONE', #191, #1117, #777, .T. ) ;
#581 = CARTESIAN_POINT ( 'NONE',  ( -3.000000000000000000, 1.999999999999999556, 0.1999999999999996503 ) ) ;
#582 = ORIENTED_EDGE ( 'NONE', *, *, #1460, .F. ) ;
#583 = AXIS2_PLACEMENT_3D ( 'NONE', #902, #95, #81 ) ;
#584 = CARTESIAN_POINT ( 'NONE',  ( -3.199999999999997957, -17.19999999999999929, 0.2000000000000000111 ) ) ;
#585 = ADVANCED_FACE ( 'NONE', ( #640 ), #1404, .T. ) ;
#586 = CARTESIAN_POINT ( 'NONE',  ( 7.000000000000000888, -17.30000000000000782, 8.000000000000000000 ) ) ;
#587 = ORIENTED_EDGE ( 'NONE', *, *, #13, .T. ) ;
#588 = DIRECTION ( 'NONE',  ( 1.000000000000000000, -0.000000000000000000, -0.000000000000000000 ) ) ;
#589 = VERTEX_POINT ( 'NONE', #1969 ) ;
#590 = DIRECTION ( 'NONE',  ( -0.000000000000000000, -1.000000000000000000, -0.000000000000000000 ) ) ;
#591 = LINE ( 'NONE', #1572, #1068 ) ;
#592 = DIRECTION ( 'NONE',  ( 0.000000000000000000, 0.000000000000000000, 1.000000000000000000 ) ) ;
#593 = CARTESIAN_POINT ( 'NONE',  ( 0.8000000000000000444, 1.999999999999999556, 0.1999999999999996503 ) ) ;
#594 = DIRECTION ( 'NONE',  ( 0.000000000000000000, 0.000000000000000000, -1.000000000000000000 ) ) ;
#595 = CARTESIAN_POINT ( 'NONE',  ( 7.500000000000000888, -17.19999999999999574, 2.750000000000003109 ) ) ;
#596 = ORIENTED_EDGE ( 'NONE', *, *, #487, .T. ) ;
#597 = EDGE_LOOP ( 'NONE', ( #1725, #348, #1700, #1743 ) ) ;
#598 = DIRECTION ( 'NONE',  ( -0.000000000000000000, 1.000000000000000000, -0.000000000000000000 ) ) ;
#599 = DIRECTION ( 'NONE',  ( 1.255391989193742158E-16, -1.000000000000000000, -0.000000000000000000 ) ) ;
#600 = ADVANCED_FACE ( 'NONE', ( #481 ), #791, .T. ) ;
#601 = DIRECTION ( 'NONE',  ( 3.469446951953616654E-16, -1.000000000000000000, 0.000000000000000000 ) ) ;
#602 = DIRECTION ( 'NONE',  ( 0.000000000000000000, 0.000000000000000000, 1.000000000000000000 ) ) ;
#603 = ORIENTED_EDGE ( 'NONE', *, *, #214, .F. ) ;
#604 = CARTESIAN_POINT ( 'NONE',  ( -2.799999999999997602, -16.80000000000000071, 0.1999999999999996503 ) ) ;
#605 = ORIENTED_EDGE ( 'NONE', *, *, #1881, .T. ) ;
#606 = VECTOR ( 'NONE', #289, 1000.000000000000000 ) ;
#607 = ADVANCED_FACE ( 'NONE', ( #443 ), #1445, .T. ) ;
#608 = CARTESIAN_POINT ( 'NONE',  ( -3.199999999999997957, -16.80000000000000071, 7.800000000000000711 ) ) ;
#609 = CIRCLE ( 'NONE', #2001, 0.1999999999999996503 ) ;
#610 = DIRECTION ( 'NONE',  ( -1.000000000000000000, 0.000000000000000000, 0.000000000000000000 ) ) ;
#611 = AXIS2_PLACEMENT_3D ( 'NONE', #212, #1200, #560 ) ;
#612 = LINE ( 'NONE', #1795, #1274 ) ;
#613 = CARTESIAN_POINT ( 'NONE',  ( 0.000000000000000000, -21.80000000000001137, 7.800000000000000711 ) ) ;
#614 = AXIS2_PLACEMENT_3D ( 'NONE', #236, #71, #736 ) ;
#615 = VERTEX_POINT ( 'NONE', #112 ) ;
#616 = CARTESIAN_POINT ( 'NONE',  ( -14.29999999999999538, -21.80000000000001137, 8.000000000000000000 ) ) ;
#617 = ORIENTED_EDGE ( 'NONE', *, *, #511, .T. ) ;
#618 = DIRECTION ( 'NONE',  ( 0.000000000000000000, 0.000000000000000000, -1.000000000000000000 ) ) ;
#619 = ADVANCED_FACE ( 'NONE', ( #1668 ), #1043, .T. ) ;
#620 = DIRECTION ( 'NONE',  ( -1.000000000000000000, 0.000000000000000000, -0.000000000000000000 ) ) ;
#621 = CARTESIAN_POINT ( 'NONE',  ( -8.999999999999996447, -21.80000000000001137, 8.000000000000000000 ) ) ;
#622 = CARTESIAN_POINT ( 'NONE',  ( 12.30000000000000249, -21.80000000000001137, 0.000000000000000000 ) ) ;
#623 = VERTEX_POINT ( 'NONE', #1692 ) ;
#624 = DIRECTION ( 'NONE',  ( -3.469446951953612217E-16, 1.000000000000000000, -0.000000000000000000 ) ) ;
#625 = ADVANCED_FACE ( 'NONE', ( #850 ), #1339, .T. ) ;
#626 = ORIENTED_EDGE ( 'NONE', *, *, #1473, .F. ) ;
#627 = DIRECTION ( 'NONE',  ( 1.255391989193742158E-16, -1.000000000000000000, 0.000000000000000000 ) ) ;
#628 = DIRECTION ( 'NONE',  ( 1.000000000000000000, 0.000000000000000000, 0.000000000000000000 ) ) ;
#629 = EDGE_CURVE ( 'NONE', #669, #872, #609, .T. ) ;
#630 = AXIS2_PLACEMENT_3D ( 'NONE', #1186, #1667, #1625 ) ;
#631 = CARTESIAN_POINT ( 'NONE',  ( 7.500000000000000888, -25.00000000000000000, 4.000000000000003553 ) ) ;
#632 = LINE ( 'NONE', #1329, #1143 ) ;
#633 = ORIENTED_EDGE ( 'NONE', *, *, #454, .F. ) ;
#634 = CYLINDRICAL_SURFACE ( 'NONE', #715, 1.250000000000001110 ) ;
#635 = VERTEX_POINT ( 'NONE', #352 ) ;
#636 = EDGE_CURVE ( 'NONE', #654, #117, #1107, .T. ) ;
#637 = CIRCLE ( 'NONE', #2033, 0.2000000000000000944 ) ;
#638 = CARTESIAN_POINT ( 'NONE',  ( 7.500000000000000888, -25.00000000000000000, 2.750000000000003109 ) ) ;
#639 = AXIS2_PLACEMENT_3D ( 'NONE', #1368, #1648, #1520 ) ;
#640 = FACE_OUTER_BOUND ( 'NONE', #1580, .T. ) ;
#641 = DIRECTION ( 'NONE',  ( 0.000000000000000000, 0.000000000000000000, 1.000000000000000000 ) ) ;
#642 = AXIS2_PLACEMENT_3D ( 'NONE', #2008, #56, #1348 ) ;
#643 = CARTESIAN_POINT ( 'NONE',  ( -3.199999999999997957, -16.80000000000000071, 0.000000000000000000 ) ) ;
#644 = DIRECTION ( 'NONE',  ( 0.000000000000000000, 0.000000000000000000, -1.000000000000000000 ) ) ;
#645 = CIRCLE ( 'NONE', #302, 1.250000000000001110 ) ;
#646 = EDGE_CURVE ( 'NONE', #459, #1051, #1644, .T. ) ;
#647 = ORIENTED_EDGE ( 'NONE', *, *, #1053, .F. ) ;
#648 = FACE_OUTER_BOUND ( 'NONE', #1430, .T. ) ;
#649 = VECTOR ( 'NONE', #2082, 1000.000000000000000 ) ;
#650 = VERTEX_POINT ( 'NONE', #1518 ) ;
#651 = PLANE ( 'NONE',  #1148 ) ;
#652 = DIRECTION ( 'NONE',  ( -1.000000000000000000, 0.000000000000000000, 0.000000000000000000 ) ) ;
#653 = CARTESIAN_POINT ( 'NONE',  ( 5.299999999999998934, 4.300000000000000711, 0.2000000000000000111 ) ) ;
#654 = VERTEX_POINT ( 'NONE', #1176 ) ;
#655 = DIRECTION ( 'NONE',  ( 1.000000000000000000, 1.141265444721584251E-16, 0.000000000000000000 ) ) ;
#656 = DIRECTION ( 'NONE',  ( 1.000000000000000000, 0.000000000000000000, 0.000000000000000000 ) ) ;
#657 = AXIS2_PLACEMENT_3D ( 'NONE', #764, #588, #1118 ) ;
#658 = ORIENTED_EDGE ( 'NONE', *, *, #1544, .F. ) ;
#659 = DIRECTION ( 'NONE',  ( -0.000000000000000000, 1.000000000000000000, -0.000000000000000000 ) ) ;
#660 = ORIENTED_EDGE ( 'NONE', *, *, #448, .F. ) ;
#661 = EDGE_CURVE ( 'NONE', #479, #913, #7, .T. ) ;
#662 = VERTEX_POINT ( 'NONE', #1011 ) ;
#663 = FACE_BOUND ( 'NONE', #177, .T. ) ;
#664 = FACE_OUTER_BOUND ( 'NONE', #449, .T. ) ;
#665 = DIRECTION ( 'NONE',  ( -1.000000000000000000, 0.000000000000000000, 0.000000000000000000 ) ) ;
#666 = FACE_OUTER_BOUND ( 'NONE', #1767, .T. ) ;
#667 = VERTEX_POINT ( 'NONE', #997 ) ;
#668 = DIRECTION ( 'NONE',  ( -3.016910393003142859E-16, 1.000000000000000000, -0.000000000000000000 ) ) ;
#669 = VERTEX_POINT ( 'NONE', #26 ) ;
#670 = CYLINDRICAL_SURFACE ( 'NONE', #2028, 0.1999999999999996503 ) ;
#671 = AXIS2_PLACEMENT_3D ( 'NONE', #2059, #257, #1929 ) ;
#672 = ADVANCED_FACE ( 'NONE', ( #664 ), #1859, .T. ) ;
#673 = DIRECTION ( 'NONE',  ( 0.000000000000000000, 1.000000000000000000, 0.000000000000000000 ) ) ;
#674 = CIRCLE ( 'NONE', #784, 0.2000000000000005107 ) ;
#675 = DIRECTION ( 'NONE',  ( 3.469446951953612217E-16, -1.000000000000000000, 0.000000000000000000 ) ) ;
#676 = AXIS2_PLACEMENT_3D ( 'NONE', #832, #15, #2005 ) ;
#677 = CARTESIAN_POINT ( 'NONE',  ( 12.30000000000000071, -16.99999999999999645, 8.000000000000000000 ) ) ;
#678 = AXIS2_PLACEMENT_3D ( 'NONE', #495, #1807, #1136 ) ;
#679 = LINE ( 'NONE', #2011, #1647 ) ;
#680 = EDGE_LOOP ( 'NONE', ( #1535, #194, #1083 ) ) ;
#681 = CARTESIAN_POINT ( 'NONE',  ( 5.000000000000002665, -21.80000000000000426, 18.00000000000000355 ) ) ;
#682 = EDGE_CURVE ( 'NONE', #775, #477, #159, .T. ) ;
#683 = DIRECTION ( 'NONE',  ( 0.000000000000000000, 0.000000000000000000, 1.000000000000000000 ) ) ;
#684 = ADVANCED_FACE ( 'NONE', ( #1991 ), #1837, .T. ) ;
#685 = AXIS2_PLACEMENT_3D ( 'NONE', #1576, #444, #898 ) ;
#686 = DIRECTION ( 'NONE',  ( 0.000000000000000000, 0.000000000000000000, -1.000000000000000000 ) ) ;
#687 = DIRECTION ( 'NONE',  ( 0.000000000000000000, 0.000000000000000000, -1.000000000000000000 ) ) ;
#688 = ORIENTED_EDGE ( 'NONE', *, *, #4, .F. ) ;
#689 = CARTESIAN_POINT ( 'NONE',  ( -10.94999999999999751, -17.00000000000000000, 4.000000000000003553 ) ) ;
#690 = ORIENTED_EDGE ( 'NONE', *, *, #2132, .T. ) ;
#691 = EDGE_CURVE ( 'NONE', #1545, #206, #956, .T. ) ;
#692 = LINE ( 'NONE', #700, #990 ) ;
#693 = ORIENTED_EDGE ( 'NONE', *, *, #1685, .F. ) ;
#694 = CARTESIAN_POINT ( 'NONE',  ( -2.799999999999999822, 2.199999999999999734, 8.000000000000000000 ) ) ;
#695 = CARTESIAN_POINT ( 'NONE',  ( -3.199999999999997957, -17.00000000000000000, 7.800000000000000711 ) ) ;
#696 = LINE ( 'NONE', #854, #1857 ) ;
#697 = ORIENTED_EDGE ( 'NONE', *, *, #156, .F. ) ;
#698 = FACE_OUTER_BOUND ( 'NONE', #239, .T. ) ;
#699 = ORIENTED_EDGE ( 'NONE', *, *, #999, .F. ) ;
#700 = CARTESIAN_POINT ( 'NONE',  ( 7.500000000000000888, -25.00000000000000000, 5.250000000000003553 ) ) ;
#701 = EDGE_CURVE ( 'NONE', #589, #1758, #1962, .T. ) ;
#702 = ORIENTED_EDGE ( 'NONE', *, *, #2058, .F. ) ;
#703 = AXIS2_PLACEMENT_3D ( 'NONE', #1212, #381, #1221 ) ;
#704 = DIRECTION ( 'NONE',  ( -3.016910393003142859E-16, 1.000000000000000000, -0.000000000000000000 ) ) ;
#705 = CARTESIAN_POINT ( 'NONE',  ( -7.500000000000000000, 2.199999999999999289, 0.000000000000000000 ) ) ;
#706 = CARTESIAN_POINT ( 'NONE',  ( 1.200000000000002398, -16.80000000000000071, 7.800000000000000711 ) ) ;
#707 = VECTOR ( 'NONE', #1946, 1000.000000000000000 ) ;
#708 = AXIS2_PLACEMENT_3D ( 'NONE', #1829, #843, #28 ) ;
#709 = EDGE_LOOP ( 'NONE', ( #1745, #1533, #845, #2153, #582, #840, #1086, #1567 ) ) ;
#710 =( NAMED_UNIT ( * ) SI_UNIT ( $, .STERADIAN. ) SOLID_ANGLE_UNIT ( ) );
#711 = VECTOR ( 'NONE', #1076, 1000.000000000000000 ) ;
#712 = ADVANCED_FACE ( 'NONE', ( #1188 ), #1979, .T. ) ;
#713 = VERTEX_POINT ( 'NONE', #866 ) ;
#714 = LINE ( 'NONE', #205, #831 ) ;
#715 = AXIS2_PLACEMENT_3D ( 'NONE', #1483, #659, #1323 ) ;
#716 = VERTEX_POINT ( 'NONE', #363 ) ;
#717 = LINE ( 'NONE', #132, #369 ) ;
#718 = LINE ( 'NONE', #2066, #261 ) ;
#719 = DIRECTION ( 'NONE',  ( -3.469446951953616161E-16, 1.000000000000000000, -0.000000000000000000 ) ) ;
#720 = ORIENTED_EDGE ( 'NONE', *, *, #1954, .T. ) ;
#721 = VECTOR ( 'NONE', #1390, 1000.000000000000000 ) ;
#722 = CARTESIAN_POINT ( 'NONE',  ( -7.500000000000000888, 4.300000000000000711, 0.1999999999999996503 ) ) ;
#723 = CARTESIAN_POINT ( 'NONE',  ( 5.466159522127165715, -21.80000000000000426, 8.716515138991180578 ) ) ;
#724 = EDGE_LOOP ( 'NONE', ( #568, #461, #748, #1584 ) ) ;
#725 =( BOUNDED_CURVE ( )  B_SPLINE_CURVE ( 3, ( #267, #566, #1380, #1249 ),
 .UNSPECIFIED., .F., .T. ) 
 B_SPLINE_CURVE_WITH_KNOTS ( ( 4, 4 ),
 ( 0.000000000000000000, 1.570796326794896558 ),
 .UNSPECIFIED. ) 
 CURVE ( )  GEOMETRIC_REPRESENTATION_ITEM ( )  RATIONAL_B_SPLINE_CURVE ( ( 1.000000000000000000, 0.8047378541243649375, 0.8047378541243649375, 1.000000000000000000 ) ) 
 REPRESENTATION_ITEM ( '' )  );
#726 = EDGE_CURVE ( 'NONE', #874, #2000, #1422, .T. ) ;
#727 = DIRECTION ( 'NONE',  ( -1.000000000000000000, 0.000000000000000000, 0.000000000000000000 ) ) ;
#728 = PRODUCT_DEFINITION_SHAPE ( 'NONE', 'NONE',  #931 ) ;
#729 = ORIENTED_EDGE ( 'NONE', *, *, #785, .F. ) ;
#730 = DIRECTION ( 'NONE',  ( 1.000000000000000000, 3.016910393003142859E-16, 0.000000000000000000 ) ) ;
#731 = SPHERICAL_SURFACE ( 'NONE', #1470, 0.2000000000000000111 ) ;
#732 = CARTESIAN_POINT ( 'NONE',  ( -8.999999999999998224, -17.30000000000001137, 8.000000000000000000 ) ) ;
#733 = ORIENTED_EDGE ( 'NONE', *, *, #156, .T. ) ;
#734 = EDGE_CURVE ( 'NONE', #543, #1868, #37, .T. ) ;
#735 = ORIENTED_EDGE ( 'NONE', *, *, #539, .T. ) ;
#736 = DIRECTION ( 'NONE',  ( 0.000000000000000000, 0.000000000000000000, 1.000000000000000000 ) ) ;
#737 = EDGE_LOOP ( 'NONE', ( #303, #861, #1931, #1, #2121 ) ) ;
#738 = AXIS2_PLACEMENT_3D ( 'NONE', #978, #513, #1802 ) ;
#739 = ADVANCED_FACE ( 'NONE', ( #1214 ), #1560, .F. ) ;
#740 = EDGE_LOOP ( 'NONE', ( #573, #562, #1264, #41 ) ) ;
#741 = ADVANCED_FACE ( 'NONE', ( #1872 ), #1246, .T. ) ;
#742 = DIRECTION ( 'NONE',  ( 0.000000000000000000, 0.000000000000000000, -1.000000000000000000 ) ) ;
#743 = DIRECTION ( 'NONE',  ( 0.000000000000000000, 0.000000000000000000, -1.000000000000000000 ) ) ;
#744 = ORIENTED_EDGE ( 'NONE', *, *, #1657, .F. ) ;
#745 = DIRECTION ( 'NONE',  ( -1.141265444721583757E-16, 1.000000000000000000, -0.000000000000000000 ) ) ;
#746 = CARTESIAN_POINT ( 'NONE',  ( 5.499999999999999112, 4.300000000000000711, 0.000000000000000000 ) ) ;
#747 = AXIS2_PLACEMENT_3D ( 'NONE', #1702, #1064, #232 ) ;
#748 = ORIENTED_EDGE ( 'NONE', *, *, #179, .T. ) ;
#749 = AXIS2_PLACEMENT_3D ( 'NONE', #842, #1327, #683 ) ;
#750 = CARTESIAN_POINT ( 'NONE',  ( 1.200000000000002398, -16.80000000000000071, 0.000000000000000000 ) ) ;
#751 = PRODUCT_DEFINITION_FORMATION_WITH_SPECIFIED_SOURCE ( 'ANY', '', #1065, .NOT_KNOWN. ) ;
#752 = ORIENTED_EDGE ( 'NONE', *, *, #940, .T. ) ;
#753 = CARTESIAN_POINT ( 'NONE',  ( 12.50000000000000178, -22.00000000000001066, 0.1999999999999996503 ) ) ;
#754 = PLANE ( 'NONE',  #437 ) ;
#755 = CARTESIAN_POINT ( 'NONE',  ( 1.200000000000002398, -17.19999999999999574, 0.1999999999999996503 ) ) ;
#756 = DIRECTION ( 'NONE',  ( 0.000000000000000000, 0.000000000000000000, 1.000000000000000000 ) ) ;
#757 = AXIS2_PLACEMENT_3D ( 'NONE', #258, #1284, #1081 ) ;
#758 = EDGE_CURVE ( 'NONE', #1375, #654, #127, .T. ) ;
#759 = PLANE ( 'NONE',  #960 ) ;
#760 = CARTESIAN_POINT ( 'NONE',  ( 1.200000000000002398, -17.19999999999999574, 0.000000000000000000 ) ) ;
#761 = CIRCLE ( 'NONE', #1724, 0.3999999999999999667 ) ;
#762 = VECTOR ( 'NONE', #1507, 1000.000000000000000 ) ;
#763 = ORIENTED_EDGE ( 'NONE', *, *, #1636, .F. ) ;
#764 = CARTESIAN_POINT ( 'NONE',  ( -7.300000000000000711, 4.300000000000000711, 0.1999999999999996503 ) ) ;
#765 = ORIENTED_EDGE ( 'NONE', *, *, #60, .T. ) ;
#766 = ADVANCED_FACE ( 'NONE', ( #1550 ), #2076, .T. ) ;
#767 = CARTESIAN_POINT ( 'NONE',  ( -14.29999999999999716, -17.00000000000000355, 0.000000000000000000 ) ) ;
#768 = CARTESIAN_POINT ( 'NONE',  ( 0.8000000000000000444, 2.199999999999999734, 8.000000000000000000 ) ) ;
#769 = CARTESIAN_POINT ( 'NONE',  ( 1.200000000000002398, -17.19999999999999574, 8.000000000000000000 ) ) ;
#770 = EDGE_CURVE ( 'NONE', #3, #31, #1337, .T. ) ;
#771 = DIRECTION ( 'NONE',  ( 0.000000000000000000, 1.000000000000000000, 0.000000000000000000 ) ) ;
#772 = EDGE_CURVE ( 'NONE', #1051, #828, #1536, .T. ) ;
#773 = ORIENTED_EDGE ( 'NONE', *, *, #126, .F. ) ;
#774 = DIRECTION ( 'NONE',  ( 1.000000000000000000, 0.000000000000000000, 0.000000000000000000 ) ) ;
#775 = VERTEX_POINT ( 'NONE', #962 ) ;
#776 = DIRECTION ( 'NONE',  ( 0.000000000000000000, 1.000000000000000000, 0.000000000000000000 ) ) ;
#777 = LINE ( 'NONE', #2141, #853 ) ;
#778 = CARTESIAN_POINT ( 'NONE',  ( -7.500000000000000000, 1.999999999999999112, 7.800000000000000711 ) ) ;
#779 = CARTESIAN_POINT ( 'NONE',  ( 5.500000000000000888, 1.999999999999999556, 7.917157287525380838 ) ) ;
#780 = CARTESIAN_POINT ( 'NONE',  ( 1.000000000000000000, 1.999999999999999556, 7.800000000000000711 ) ) ;
#781 = ADVANCED_FACE ( 'NONE', ( #1098 ), #1610, .F. ) ;
#782 = CIRCLE ( 'NONE', #121, 0.4000000000000001887 ) ;
#783 = ORIENTED_EDGE ( 'NONE', *, *, #2116, .T. ) ;
#784 = AXIS2_PLACEMENT_3D ( 'NONE', #1206, #515, #1012 ) ;
#785 = EDGE_CURVE ( 'NONE', #1397, #196, #717, .T. ) ;
#786 = CIRCLE ( 'NONE', #1365, 0.1999999999999996503 ) ;
#787 = ORIENTED_EDGE ( 'NONE', *, *, #1162, .F. ) ;
#788 = AXIS2_PLACEMENT_3D ( 'NONE', #1596, #1316, #652 ) ;
#789 = DIRECTION ( 'NONE',  ( 1.000000000000000000, 3.016910393003142859E-16, 0.000000000000000000 ) ) ;
#790 = VECTOR ( 'NONE', #1412, 1000.000000000000000 ) ;
#791 = CYLINDRICAL_SURFACE ( 'NONE', #788, 0.2000000000000000944 ) ;
#792 = CARTESIAN_POINT ( 'NONE',  ( -6.999999999999998224, -19.30000000000000782, 18.00000000000000355 ) ) ;
#793 = EDGE_CURVE ( 'NONE', #74, #1868, #916, .T. ) ;
#794 = CARTESIAN_POINT ( 'NONE',  ( 5.299999999999999822, 1.999999999999999556, 0.000000000000000000 ) ) ;
#795 = AXIS2_PLACEMENT_3D ( 'NONE', #1132, #492, #1166 ) ;
#796 = ORIENTED_EDGE ( 'NONE', *, *, #1225, .T. ) ;
#797 = CARTESIAN_POINT ( 'NONE',  ( -14.49999999999999645, -21.80000000000001137, 8.000000000000000000 ) ) ;
#798 = AXIS2_PLACEMENT_3D ( 'NONE', #1739, #254, #1916 ) ;
#799 = AXIS2_PLACEMENT_3D ( 'NONE', #1921, #284, #1108 ) ;
#800 = ORIENTED_EDGE ( 'NONE', *, *, #2132, .F. ) ;
#801 = TOROIDAL_SURFACE ( 'NONE', #63, 1.450000000000001288, 0.2000000000000000111 ) ;
#802 = DIRECTION ( 'NONE',  ( 3.469446951953613696E-16, -1.000000000000000000, 0.000000000000000000 ) ) ;
#803 = CARTESIAN_POINT ( 'NONE',  ( 0.000000000000000000, 0.000000000000000000, 18.00000000000000355 ) ) ;
#804 = CARTESIAN_POINT ( 'NONE',  ( 0.000000000000000000, -21.80000000000001137, 8.000000000000000000 ) ) ;
#805 = CYLINDRICAL_SURFACE ( 'NONE', #1248, 0.1999999999999999833 ) ;
#806 = ADVANCED_FACE ( 'NONE', ( #2054 ), #392, .F. ) ;
#807 = ORIENTED_EDGE ( 'NONE', *, *, #465, .T. ) ;
#808 = CARTESIAN_POINT ( 'NONE',  ( -2.799999999999999822, 2.199999999999999734, 8.000000000000000000 ) ) ;
#809 = ORIENTED_EDGE ( 'NONE', *, *, #448, .T. ) ;
#810 = CARTESIAN_POINT ( 'NONE',  ( 5.299999999999998046, 4.500000000000000888, 7.800000000000000711 ) ) ;
#811 = CARTESIAN_POINT ( 'NONE',  ( 7.000000000000001776, -19.30000000000000426, 10.00000000000000000 ) ) ;
#812 = EDGE_CURVE ( 'NONE', #1095, #479, #66, .T. ) ;
#813 = CARTESIAN_POINT ( 'NONE',  ( -14.49999999999999645, -21.80000000000001137, 0.000000000000000000 ) ) ;
#814 = CARTESIAN_POINT ( 'NONE',  ( 12.30000000000000071, -17.19999999999999574, 7.800000000000000711 ) ) ;
#815 = ORIENTED_EDGE ( 'NONE', *, *, #554, .T. ) ;
#816 = FACE_OUTER_BOUND ( 'NONE', #391, .T. ) ;
#817 = ORIENTED_EDGE ( 'NONE', *, *, #896, .F. ) ;
#818 = FACE_OUTER_BOUND ( 'NONE', #1797, .T. ) ;
#819 = PLANE ( 'NONE',  #1175 ) ;
#820 = CIRCLE ( 'NONE', #642, 0.1999999999999987899 ) ;
#821 = DIRECTION ( 'NONE',  ( -1.000000000000000000, 0.000000000000000000, 0.000000000000000000 ) ) ;
#822 = EDGE_CURVE ( 'NONE', #1688, #1820, #1257, .T. ) ;
#823 = CARTESIAN_POINT ( 'NONE',  ( 12.30000000000000071, -17.19999999999999574, 8.000000000000000000 ) ) ;
#824 = EDGE_LOOP ( 'NONE', ( #1169, #367, #528 ) ) ;
#825 = DIRECTION ( 'NONE',  ( 0.000000000000000000, 0.000000000000000000, -1.000000000000000000 ) ) ;
#826 = EDGE_LOOP ( 'NONE', ( #1418, #926, #530, #2050 ) ) ;
#827 = CIRCLE ( 'NONE', #614, 1.250000000000001110 ) ;
#828 = VERTEX_POINT ( 'NONE', #417 ) ;
#829 = FACE_OUTER_BOUND ( 'NONE', #435, .T. ) ;
#830 = EDGE_CURVE ( 'NONE', #486, #635, #1928, .T. ) ;
#831 = VECTOR ( 'NONE', #24, 1000.000000000000000 ) ;
#832 = CARTESIAN_POINT ( 'NONE',  ( 0.8000000000000023759, -16.80000000000000071, 0.2000000000000000111 ) ) ;
#833 = LINE ( 'NONE', #1511, #332 ) ;
#834 = CARTESIAN_POINT ( 'NONE',  ( -7.500000000000000888, 4.500000000000000888, 0.1999999999999996503 ) ) ;
#835 = VECTOR ( 'NONE', #1602, 1000.000000000000000 ) ;
#836 = ORIENTED_EDGE ( 'NONE', *, *, #197, .F. ) ;
#837 = DIRECTION ( 'NONE',  ( -1.141265444721583757E-16, 1.000000000000000000, -0.000000000000000000 ) ) ;
#838 = ORIENTED_EDGE ( 'NONE', *, *, #1443, .F. ) ;
#839 = ADVANCED_FACE ( 'NONE', ( #907 ), #22, .T. ) ;
#840 = ORIENTED_EDGE ( 'NONE', *, *, #1958, .F. ) ;
#841 = FACE_OUTER_BOUND ( 'NONE', #1378, .T. ) ;
#842 = CARTESIAN_POINT ( 'NONE',  ( 0.000000000000000000, 4.300000000000000711, 7.800000000000000711 ) ) ;
#843 = DIRECTION ( 'NONE',  ( 0.000000000000000000, -1.000000000000000000, 0.000000000000000000 ) ) ;
#844 = CARTESIAN_POINT ( 'NONE',  ( -6.999999999999998224, -19.30000000000000782, 10.00000000000000000 ) ) ;
#845 = ORIENTED_EDGE ( 'NONE', *, *, #1443, .T. ) ;
#846 = CARTESIAN_POINT ( 'NONE',  ( 1.000000000000000000, 1.999999999999999556, 0.1999999999999996503 ) ) ;
#847 = ORIENTED_EDGE ( 'NONE', *, *, #691, .T. ) ;
#848 = EDGE_CURVE ( 'NONE', #828, #108, #1398, .T. ) ;
#849 = LINE ( 'NONE', #1967, #253 ) ;
#850 = FACE_OUTER_BOUND ( 'NONE', #1351, .T. ) ;
#851 = AXIS2_PLACEMENT_3D ( 'NONE', #16, #2007, #686 ) ;
#852 = CARTESIAN_POINT ( 'NONE',  ( -7.299999999999998934, -2.532696274926136780E-15, 8.000000000000000000 ) ) ;
#853 = VECTOR ( 'NONE', #1464, 1000.000000000000000 ) ;
#854 = CARTESIAN_POINT ( 'NONE',  ( 0.000000000000000000, 2.199999999999999734, 8.000000000000000000 ) ) ;
#855 = DIRECTION ( 'NONE',  ( 1.000000000000000000, 0.000000000000000000, 0.000000000000000000 ) ) ;
#856 = EDGE_CURVE ( 'NONE', #1451, #662, #1441, .T. ) ;
#857 = ORIENTED_EDGE ( 'NONE', *, *, #103, .F. ) ;
#858 = CARTESIAN_POINT ( 'NONE',  ( 5.000000000000000888, -17.30000000000000782, 8.000000000000000000 ) ) ;
#859 = VERTEX_POINT ( 'NONE', #974 ) ;
#860 = B_SPLINE_CURVE_WITH_KNOTS ( 'NONE', 3,
 ( #1640, #162, #1819, #1301, #1965, #1492, #478, #11 ),
 .UNSPECIFIED., .F., .F.,
 ( 4, 2, 2, 4 ),
 ( 0.000000000000000000, 0.0004463489220871296359, 0.0008926978441742592718, 0.001785395688348513773 ),
 .UNSPECIFIED. ) ;
#861 = ORIENTED_EDGE ( 'NONE', *, *, #1896, .F. ) ;
#862 = CIRCLE ( 'NONE', #27, 0.1999999999999996503 ) ;
#863 = CARTESIAN_POINT ( 'NONE',  ( 0.8000000000000002665, 1.004313591354994022E-16, 8.000000000000000000 ) ) ;
#864 = EDGE_CURVE ( 'NONE', #1820, #872, #983, .T. ) ;
#865 = ORIENTED_EDGE ( 'NONE', *, *, #1225, .F. ) ;
#866 = CARTESIAN_POINT ( 'NONE',  ( 1.200000000000002398, -16.99999999999999645, 7.800000000000000711 ) ) ;
#867 = VECTOR ( 'NONE', #68, 1000.000000000000000 ) ;
#868 = CARTESIAN_POINT ( 'NONE',  ( -8.999999999999998224, -17.30000000000001137, 8.000000000000000000 ) ) ;
#869 = CYLINDRICAL_SURFACE ( 'NONE', #1138, 0.2000000000000000944 ) ;
#870 = VERTEX_POINT ( 'NONE', #335 ) ;
#871 = ADVANCED_FACE ( 'NONE', ( #1654 ), #2003, .T. ) ;
#872 = VERTEX_POINT ( 'NONE', #510 ) ;
#873 = CARTESIAN_POINT ( 'NONE',  ( 1.000000000000000000, 1.999999999999999556, 8.000000000000000000 ) ) ;
#874 = VERTEX_POINT ( 'NONE', #808 ) ;
#875 = CARTESIAN_POINT ( 'NONE',  ( 12.30000000000000249, -22.00000000000001066, 0.000000000000000000 ) ) ;
#876 = CARTESIAN_POINT ( 'NONE',  ( 7.000000000000002665, -21.98181818181819125, 7.883319558090108536 ) ) ;
#877 = CARTESIAN_POINT ( 'NONE',  ( 5.499999999999999112, 4.500000000000000888, 7.800000000000000711 ) ) ;
#878 = ORIENTED_EDGE ( 'NONE', *, *, #1149, .T. ) ;
#879 = CARTESIAN_POINT ( 'NONE',  ( 1.000000000000000000, 2.199999999999999734, 0.000000000000000000 ) ) ;
#880 = EDGE_LOOP ( 'NONE', ( #2042, #1484, #2002, #1655 ) ) ;
#881 = LINE ( 'NONE', #1534, #1635 ) ;
#882 = VERTEX_POINT ( 'NONE', #2 ) ;
#883 = CARTESIAN_POINT ( 'NONE',  ( 12.30000000000000071, -17.19999999999999574, 7.800000000000000711 ) ) ;
#884 = AXIS2_PLACEMENT_3D ( 'NONE', #584, #446, #594 ) ;
#885 = DIRECTION ( 'NONE',  ( 0.000000000000000000, 1.000000000000000000, -0.000000000000000000 ) ) ;
#886 = VECTOR ( 'NONE', #1215, 1000.000000000000000 ) ;
#887 = AXIS2_PLACEMENT_3D ( 'NONE', #1178, #1340, #1873 ) ;
#888 = EDGE_CURVE ( 'NONE', #882, #1877, #1631, .T. ) ;
#889 = EDGE_LOOP ( 'NONE', ( #1549, #1858, #1266, #2012 ) ) ;
#890 = SURFACE_STYLE_FILL_AREA ( #224 ) ;
#891 = AXIS2_PLACEMENT_3D ( 'NONE', #1826, #1681, #342 ) ;
#892 = ORIENTED_EDGE ( 'NONE', *, *, #1285, .T. ) ;
#893 = CARTESIAN_POINT ( 'NONE',  ( 5.499999999999999112, 4.300000000000000711, 8.000000000000000000 ) ) ;
#894 = EDGE_LOOP ( 'NONE', ( #1934, #1733, #1818, #1565 ) ) ;
#895 = CARTESIAN_POINT ( 'NONE',  ( 1.000000000000000000, 1.999999999999999556, 0.1999999999999996503 ) ) ;
#896 = EDGE_CURVE ( 'NONE', #196, #952, #1181, .T. ) ;
#897 = CARTESIAN_POINT ( 'NONE',  ( 12.30000000000000071, -16.99999999999999645, 0.1999999999999996503 ) ) ;
#898 = DIRECTION ( 'NONE',  ( -4.336808689942017736E-16, 1.000000000000000000, 0.000000000000000000 ) ) ;
#899 = ORIENTED_EDGE ( 'NONE', *, *, #1002, .F. ) ;
#900 = AXIS2_PLACEMENT_3D ( 'NONE', #1948, #1122, #1455 ) ;
#901 = LINE ( 'NONE', #1741, #1170 ) ;
#902 = CARTESIAN_POINT ( 'NONE',  ( -14.29999999999999716, -17.20000000000000284, 7.800000000000000711 ) ) ;
#903 = ORIENTED_EDGE ( 'NONE', *, *, #1574, .F. ) ;
#904 = DIRECTION ( 'NONE',  ( -0.000000000000000000, -1.000000000000000000, -0.000000000000000000 ) ) ;
#905 = ADVANCED_FACE ( 'NONE', ( #816 ), #347, .F. ) ;
#906 = ORIENTED_EDGE ( 'NONE', *, *, #54, .F. ) ;
#907 = FACE_OUTER_BOUND ( 'NONE', #1888, .T. ) ;
#908 = FACE_OUTER_BOUND ( 'NONE', #275, .T. ) ;
#909 = DIRECTION ( 'NONE',  ( -1.000000000000000000, 0.000000000000000000, 0.000000000000000000 ) ) ;
#910 = ORIENTED_EDGE ( 'NONE', *, *, #286, .F. ) ;
#911 = ORIENTED_EDGE ( 'NONE', *, *, #532, .F. ) ;
#912 = FACE_OUTER_BOUND ( 'NONE', #709, .T. ) ;
#913 = VERTEX_POINT ( 'NONE', #304 ) ;
#914 = EDGE_LOOP ( 'NONE', ( #1493, #1218, #527, #1255 ) ) ;
#915 = EDGE_CURVE ( 'NONE', #1115, #31, #1459, .T. ) ;
#916 = LINE ( 'NONE', #753, #442 ) ;
#917 = CARTESIAN_POINT ( 'NONE',  ( -7.300000000000000711, 4.300000000000000711, 7.800000000000000711 ) ) ;
#918 = CARTESIAN_POINT ( 'NONE',  ( 0.8000000000000023759, -16.80000000000000071, 7.800000000000000711 ) ) ;
#919 = FACE_OUTER_BOUND ( 'NONE', #2062, .T. ) ;
#920 = VERTEX_POINT ( 'NONE', #2151 ) ;
#921 = ORIENTED_EDGE ( 'NONE', *, *, #223, .T. ) ;
#922 = DIRECTION ( 'NONE',  ( -3.469446951953616654E-16, 1.000000000000000000, 0.000000000000000000 ) ) ;
#923 = AXIS2_PLACEMENT_3D ( 'NONE', #87, #263, #802 ) ;
#924 = ADVANCED_FACE ( 'NONE', ( #648 ), #1798, .T. ) ;
#925 = AXIS2_PLACEMENT_3D ( 'NONE', #1761, #2111, #628 ) ;
#926 = ORIENTED_EDGE ( 'NONE', *, *, #1821, .T. ) ;
#927 = VECTOR ( 'NONE', #1530, 1000.000000000000000 ) ;
#928 = DIRECTION ( 'NONE',  ( 1.000000000000000000, 0.000000000000000000, 0.000000000000000000 ) ) ;
#929 = ORIENTED_EDGE ( 'NONE', *, *, #2087, .F. ) ;
#930 = LINE ( 'NONE', #767, #1498 ) ;
#931 = PRODUCT_DEFINITION ( 'UNKNOWN', '', #751, #946 ) ;
#932 = ADVANCED_FACE ( 'NONE', ( #1158 ), #634, .F. ) ;
#933 = VECTOR ( 'NONE', #550, 1000.000000000000000 ) ;
#934 = DIRECTION ( 'NONE',  ( -1.000000000000000000, -3.469446951953616654E-16, 0.000000000000000000 ) ) ;
#935 = CARTESIAN_POINT ( 'NONE',  ( -7.300000000000000711, 4.300000000000000711, 8.000000000000000000 ) ) ;
#936 = CIRCLE ( 'NONE', #306, 0.1999999999999996503 ) ;
#937 = CARTESIAN_POINT ( 'NONE',  ( 5.000000000000001776, -19.30000000000000426, 18.00000000000000355 ) ) ;
#938 = DIRECTION ( 'NONE',  ( -0.000000000000000000, 0.000000000000000000, 1.000000000000000000 ) ) ;
#939 = ORIENTED_EDGE ( 'NONE', *, *, #1033, .T. ) ;
#940 = EDGE_CURVE ( 'NONE', #982, #1288, #645, .T. ) ;
#941 = CARTESIAN_POINT ( 'NONE',  ( 1.200000000000002398, -16.99999999999999645, 8.000000000000000000 ) ) ;
#942 = ORIENTED_EDGE ( 'NONE', *, *, #726, .T. ) ;
#943 = CARTESIAN_POINT ( 'NONE',  ( -7.300000000000000711, 4.500000000000000888, 7.800000000000000711 ) ) ;
#944 = DIRECTION ( 'NONE',  ( -0.000000000000000000, 0.000000000000000000, 1.000000000000000000 ) ) ;
#945 = LINE ( 'NONE', #394, #867 ) ;
#946 = PRODUCT_DEFINITION_CONTEXT ( 'detailed design', #493, 'design' ) ;
#947 = LINE ( 'NONE', #1427, #1030 ) ;
#948 = EDGE_CURVE ( 'NONE', #2068, #2000, #1999, .T. ) ;
#949 = LINE ( 'NONE', #424, #649 ) ;
#950 = ORIENTED_EDGE ( 'NONE', *, *, #1727, .F. ) ;
#951 = DIRECTION ( 'NONE',  ( 0.000000000000000000, 0.000000000000000000, -1.000000000000000000 ) ) ;
#952 = VERTEX_POINT ( 'NONE', #468 ) ;
#953 = CARTESIAN_POINT ( 'NONE',  ( -7.500000000000000000, 1.999999999999999112, 0.08284271247461870435 ) ) ;
#954 = ADVANCED_FACE ( 'NONE', ( #324 ), #315, .F. ) ;
#955 = DIRECTION ( 'NONE',  ( -1.000000000000000000, 0.000000000000000000, 0.000000000000000000 ) ) ;
#956 =( BOUNDED_CURVE ( )  B_SPLINE_CURVE ( 3, ( #1528, #489, #1163, #2018 ),
 .UNSPECIFIED., .F., .T. ) 
 B_SPLINE_CURVE_WITH_KNOTS ( ( 4, 4 ),
 ( 0.000000000000000000, 1.570796326794896558 ),
 .UNSPECIFIED. ) 
 CURVE ( )  GEOMETRIC_REPRESENTATION_ITEM ( )  RATIONAL_B_SPLINE_CURVE ( ( 1.000000000000000000, 0.8047378541243649375, 0.8047378541243649375, 1.000000000000000000 ) ) 
 REPRESENTATION_ITEM ( '' )  );
#957 = CARTESIAN_POINT ( 'NONE',  ( -3.199999999999997957, -16.80000000000000071, 0.1999999999999996503 ) ) ;
#958 = DIRECTION ( 'NONE',  ( -1.000000000000000000, 0.000000000000000000, 0.000000000000000000 ) ) ;
#959 = EDGE_CURVE ( 'NONE', #654, #1554, #860, .T. ) ;
#960 = AXIS2_PLACEMENT_3D ( 'NONE', #937, #2102, #601 ) ;
#961 = ORIENTED_EDGE ( 'NONE', *, *, #1201, .T. ) ;
#962 = CARTESIAN_POINT ( 'NONE',  ( -10.74999999999999822, -17.19999999999999929, 4.000000000000003553 ) ) ;
#963 = AXIS2_PLACEMENT_3D ( 'NONE', #2019, #199, #1355 ) ;
#964 = CIRCLE ( 'NONE', #1238, 0.1999999999999987899 ) ;
#965 = ORIENTED_EDGE ( 'NONE', *, *, #1760, .T. ) ;
#966 = AXIS2_PLACEMENT_3D ( 'NONE', #565, #1571, #1714 ) ;
#967 = CARTESIAN_POINT ( 'NONE',  ( -14.29999999999999716, -21.80000000000001137, 7.800000000000000711 ) ) ;
#968 = DIRECTION ( 'NONE',  ( 0.000000000000000000, -0.000000000000000000, -1.000000000000000000 ) ) ;
#969 = EDGE_CURVE ( 'NONE', #984, #775, #93, .T. ) ;
#970 = CARTESIAN_POINT ( 'NONE',  ( 12.50000000000000000, -16.99999999999999645, 7.800000000000000711 ) ) ;
#971 = DIRECTION ( 'NONE',  ( 0.000000000000000000, 1.000000000000000000, 0.000000000000000000 ) ) ;
#972 = VECTOR ( 'NONE', #1556, 1000.000000000000000 ) ;
#973 = ORIENTED_EDGE ( 'NONE', *, *, #772, .F. ) ;
#974 = CARTESIAN_POINT ( 'NONE',  ( 5.000000000000001776, -19.30000000000000426, 18.00000000000000355 ) ) ;
#975 = EDGE_CURVE ( 'NONE', #497, #72, #2047, .T. ) ;
#976 = ORIENTED_EDGE ( 'NONE', *, *, #661, .T. ) ;
#977 = ADVANCED_FACE ( 'NONE', ( #698 ), #1358, .F. ) ;
#978 = CARTESIAN_POINT ( 'NONE',  ( 5.189085875965405638E-15, -17.19999999999999929, 7.800000000000000711 ) ) ;
#979 = LINE ( 'NONE', #125, #1679 ) ;
#980 = CARTESIAN_POINT ( 'NONE',  ( -14.29999999999999538, -22.00000000000001066, 7.800000000000000711 ) ) ;
#981 = CARTESIAN_POINT ( 'NONE',  ( 5.499999999999999112, 4.300000000000000711, 0.1999999999999996503 ) ) ;
#982 = VERTEX_POINT ( 'NONE', #1058 ) ;
#983 = LINE ( 'NONE', #142, #1612 ) ;
#984 = VERTEX_POINT ( 'NONE', #59 ) ;
#985 = CARTESIAN_POINT ( 'NONE',  ( 0.000000000000000000, -17.19999999999999574, 8.000000000000000000 ) ) ;
#986 = EDGE_CURVE ( 'NONE', #1235, #1545, #1209, .T. ) ;
#987 = CARTESIAN_POINT ( 'NONE',  ( -14.29999999999999538, -21.80000000000001137, 0.1999999999999996503 ) ) ;
#988 = DIRECTION ( 'NONE',  ( -0.000000000000000000, 1.000000000000000000, -0.000000000000000000 ) ) ;
#989 = CARTESIAN_POINT ( 'NONE',  ( -14.29999999999999716, -22.00000000000001066, 0.1999999999999996503 ) ) ;
#990 = VECTOR ( 'NONE', #1361, 1000.000000000000000 ) ;
#991 = EDGE_LOOP ( 'NONE', ( #346, #496, #1674, #1491 ) ) ;
#992 = CARTESIAN_POINT ( 'NONE',  ( -7.300000000000000711, 4.500000000000000888, 0.000000000000000000 ) ) ;
#993 = EDGE_CURVE ( 'NONE', #667, #131, #1863, .T. ) ;
#994 = ORIENTED_EDGE ( 'NONE', *, *, #2080, .T. ) ;
#995 = AXIS2_PLACEMENT_3D ( 'NONE', #398, #270, #2069 ) ;
#996 = CARTESIAN_POINT ( 'NONE',  ( -9.499999999999996447, -17.19999999999999929, 4.000000000000003553 ) ) ;
#997 = CARTESIAN_POINT ( 'NONE',  ( 7.500000000000000888, -17.19999999999999574, 5.250000000000003553 ) ) ;
#998 = AXIS2_PLACEMENT_3D ( 'NONE', #429, #1726, #240 ) ;
#999 = EDGE_CURVE ( 'NONE', #2000, #2071, #2060, .T. ) ;
#1000 = DIRECTION ( 'NONE',  ( -1.000000000000000000, -0.000000000000000000, -0.000000000000000000 ) ) ;
#1001 = DIRECTION ( 'NONE',  ( -1.000000000000000000, 0.000000000000000000, 0.000000000000000000 ) ) ;
#1002 = EDGE_CURVE ( 'NONE', #255, #149, #1229, .T. ) ;
#1003 = STYLED_ITEM ( 'NONE', ( #1372 ), #1038 ) ;
#1004 = ORIENTED_EDGE ( 'NONE', *, *, #1779, .T. ) ;
#1005 = DIRECTION ( 'NONE',  ( 0.000000000000000000, 0.000000000000000000, 1.000000000000000000 ) ) ;
#1006 = CIRCLE ( 'NONE', #1968, 1.250000000000001110 ) ;
#1007 = ORIENTED_EDGE ( 'NONE', *, *, #2107, .T. ) ;
#1008 = CARTESIAN_POINT ( 'NONE',  ( -14.29999999999999716, -21.80000000000001137, 8.000000000000000000 ) ) ;
#1009 = CIRCLE ( 'NONE', #202, 0.2000000000000005107 ) ;
#1010 = CIRCLE ( 'NONE', #799, 0.1999999999999996503 ) ;
#1011 = CARTESIAN_POINT ( 'NONE',  ( 5.299999999999998934, 4.300000000000000711, 8.000000000000000000 ) ) ;
#1012 = DIRECTION ( 'NONE',  ( -1.000000000000000000, 0.000000000000000000, 0.000000000000000000 ) ) ;
#1013 = DIRECTION ( 'NONE',  ( 1.000000000000000000, 0.000000000000000000, 0.000000000000000000 ) ) ;
#1014 = ADVANCED_FACE ( 'NONE', ( #519 ), #2154, .T. ) ;
#1015 = ORIENTED_EDGE ( 'NONE', *, *, #1800, .T. ) ;
#1016 = CARTESIAN_POINT ( 'NONE',  ( -14.29999999999999716, -17.20000000000000284, 0.2000000000000000111 ) ) ;
#1017 = ORIENTED_EDGE ( 'NONE', *, *, #214, .T. ) ;
#1018 = EDGE_LOOP ( 'NONE', ( #847, #1486, #1106, #1036 ) ) ;
#1019 = LINE ( 'NONE', #638, #1463 ) ;
#1020 = CARTESIAN_POINT ( 'NONE',  ( 5.299999999999998934, 4.300000000000000711, 0.2000000000000000111 ) ) ;
#1021 = EDGE_CURVE ( 'NONE', #1875, #952, #1757, .T. ) ;
#1022 = CARTESIAN_POINT ( 'NONE',  ( 7.500000000000000888, -22.00000000000001066, 5.250000000000003553 ) ) ;
#1023 = CARTESIAN_POINT ( 'NONE',  ( -6.999999999999997335, -21.80000000000000782, 10.00000000000000000 ) ) ;
#1024 = EDGE_LOOP ( 'NONE', ( #1167, #1835, #697, #245 ) ) ;
#1025 =( LENGTH_UNIT ( ) NAMED_UNIT ( * ) SI_UNIT ( .MILLI., .METRE. ) );
#1026 = ORIENTED_EDGE ( 'NONE', *, *, #1657, .T. ) ;
#1027 = EDGE_LOOP ( 'NONE', ( #1505, #994, #1973 ) ) ;
#1028 = FACE_OUTER_BOUND ( 'NONE', #1879, .T. ) ;
#1029 = ORIENTED_EDGE ( 'NONE', *, *, #1217, .T. ) ;
#1030 = VECTOR ( 'NONE', #745, 1000.000000000000000 ) ;
#1031 = TOROIDAL_SURFACE ( 'NONE', #851, 1.450000000000000400, 0.2000000000000000111 ) ;
#1032 = DIRECTION ( 'NONE',  ( -1.000000000000000000, -3.469446951953623557E-16, 0.000000000000000000 ) ) ;
#1033 = EDGE_CURVE ( 'NONE', #543, #178, #368, .T. ) ;
#1034 = VECTOR ( 'NONE', #1063, 1000.000000000000000 ) ;
#1035 = LINE ( 'NONE', #677, #1403 ) ;
#1036 = ORIENTED_EDGE ( 'NONE', *, *, #561, .F. ) ;
#1037 = CARTESIAN_POINT ( 'NONE',  ( 1.200000000000002398, -16.80000000000000071, 0.1999999999999996503 ) ) ;
#1038 = MANIFOLD_SOLID_BREP ( 'Fillet2', #83 ) ;
#1039 = ORIENTED_EDGE ( 'NONE', *, *, #1195, .F. ) ;
#1040 = DIRECTION ( 'NONE',  ( -0.000000000000000000, 1.000000000000000000, -0.000000000000000000 ) ) ;
#1041 = EDGE_LOOP ( 'NONE', ( #1698, #2009, #800, #1788, #1831 ) ) ;
#1042 = EDGE_CURVE ( 'NONE', #72, #828, #1867, .T. ) ;
#1043 = CYLINDRICAL_SURFACE ( 'NONE', #538, 0.2000000000000005107 ) ;
#1044 = CIRCLE ( 'NONE', #276, 1.250000000000000222 ) ;
#1045 = CYLINDRICAL_SURFACE ( 'NONE', #1889, 0.1999999999999996503 ) ;
#1046 = DIRECTION ( 'NONE',  ( 1.000000000000000000, 0.000000000000000000, 0.000000000000000000 ) ) ;
#1047 = VERTEX_POINT ( 'NONE', #723 ) ;
#1048 =( NAMED_UNIT ( * ) PLANE_ANGLE_UNIT ( ) SI_UNIT ( $, .RADIAN. ) );
#1049 = VERTEX_POINT ( 'NONE', #1543 ) ;
#1050 = CARTESIAN_POINT ( 'NONE',  ( -2.799999999999999378, -3.195543245220433732E-16, 8.000000000000000000 ) ) ;
#1051 = VERTEX_POINT ( 'NONE', #1503 ) ;
#1052 = DIRECTION ( 'NONE',  ( -1.000000000000000000, -9.637352644315595243E-17, 0.000000000000000000 ) ) ;
#1053 = EDGE_CURVE ( 'NONE', #178, #74, #679, .T. ) ;
#1054 = CARTESIAN_POINT ( 'NONE',  ( 0.9171572875253808377, 2.082842712474618274, 8.000000000000000000 ) ) ;
#1055 = DIRECTION ( 'NONE',  ( -1.000000000000000000, 0.000000000000000000, 0.000000000000000000 ) ) ;
#1056 =( BOUNDED_CURVE ( )  B_SPLINE_CURVE ( 3, ( #622, #320, #1293, #466 ),
 .UNSPECIFIED., .F., .T. ) 
 B_SPLINE_CURVE_WITH_KNOTS ( ( 4, 4 ),
 ( 4.712388980384689674, 6.283185307179586232 ),
 .UNSPECIFIED. ) 
 CURVE ( )  GEOMETRIC_REPRESENTATION_ITEM ( )  RATIONAL_B_SPLINE_CURVE ( ( 1.000000000000000000, 0.8047378541243649375, 0.8047378541243649375, 1.000000000000000000 ) ) 
 REPRESENTATION_ITEM ( '' )  );
#1057 = EDGE_LOOP ( 'NONE', ( #325, #1461, #1601, #1945, #1286 ) ) ;
#1058 = CARTESIAN_POINT ( 'NONE',  ( -9.499999999999996447, -22.00000000000001066, 2.750000000000002665 ) ) ;
#1059 = VERTEX_POINT ( 'NONE', #689 ) ;
#1060 = EDGE_CURVE ( 'NONE', #149, #1643, #160, .T. ) ;
#1061 = CARTESIAN_POINT ( 'NONE',  ( -14.29999999999999538, -21.80000000000001137, 7.800000000000000711 ) ) ;
#1062 = VERTEX_POINT ( 'NONE', #1094 ) ;
#1063 = DIRECTION ( 'NONE',  ( -0.000000000000000000, -0.000000000000000000, -1.000000000000000000 ) ) ;
#1064 = DIRECTION ( 'NONE',  ( 0.000000000000000000, 1.000000000000000000, -0.000000000000000000 ) ) ;
#1065 = PRODUCT ( 'extruder_BLtouch_mount_2', 'extruder_BLtouch_mount_2', '', ( #1995 ) ) ;
#1066 = CARTESIAN_POINT ( 'NONE',  ( 12.29999999999999538, 4.267419750902933619E-15, 7.800000000000000711 ) ) ;
#1067 = AXIS2_PLACEMENT_3D ( 'NONE', #1077, #1728, #742 ) ;
#1068 = VECTOR ( 'NONE', #111, 1000.000000000000000 ) ;
#1069 = CARTESIAN_POINT ( 'NONE',  ( -14.29999999999999538, -22.00000000000001066, 0.1999999999999996503 ) ) ;
#1070 = ADVANCED_FACE ( 'NONE', ( #1428 ), #1406, .F. ) ;
#1071 = CARTESIAN_POINT ( 'NONE',  ( -14.29999999999999716, -21.80000000000001137, 7.800000000000000711 ) ) ;
#1072 = VECTOR ( 'NONE', #485, 1000.000000000000000 ) ;
#1073 = ORIENTED_EDGE ( 'NONE', *, *, #532, .T. ) ;
#1074 = LINE ( 'NONE', #229, #100 ) ;
#1075 = EDGE_LOOP ( 'NONE', ( #1073, #382, #2128 ) ) ;
#1076 = DIRECTION ( 'NONE',  ( 1.000000000000000000, -0.000000000000000000, -0.000000000000000000 ) ) ;
#1077 = CARTESIAN_POINT ( 'NONE',  ( 7.500000000000000888, -16.99999999999999645, 4.000000000000003553 ) ) ;
#1078 = DIRECTION ( 'NONE',  ( 0.000000000000000000, 0.000000000000000000, -1.000000000000000000 ) ) ;
#1079 = ORIENTED_EDGE ( 'NONE', *, *, #758, .T. ) ;
#1080 = DIRECTION ( 'NONE',  ( 1.000000000000000000, 0.000000000000000000, -4.336808689942024836E-15 ) ) ;
#1081 = DIRECTION ( 'NONE',  ( 0.000000000000000000, 0.000000000000000000, 1.000000000000000000 ) ) ;
#1082 = EDGE_CURVE ( 'NONE', #1614, #1180, #545, .T. ) ;
#1083 = ORIENTED_EDGE ( 'NONE', *, *, #701, .F. ) ;
#1084 =( NAMED_UNIT ( * ) SI_UNIT ( $, .STERADIAN. ) SOLID_ANGLE_UNIT ( ) );
#1085 = VECTOR ( 'NONE', #2084, 1000.000000000000000 ) ;
#1086 = ORIENTED_EDGE ( 'NONE', *, *, #1033, .F. ) ;
#1087 = DIRECTION ( 'NONE',  ( 0.000000000000000000, -1.000000000000000000, 0.000000000000000000 ) ) ;
#1088 = PLANE ( 'NONE',  #923 ) ;
#1089 = DIRECTION ( 'NONE',  ( -3.469446951953606300E-16, 1.000000000000000000, 0.000000000000000000 ) ) ;
#1090 = DIRECTION ( 'NONE',  ( 0.000000000000000000, 0.000000000000000000, -1.000000000000000000 ) ) ;
#1091 = ADVANCED_FACE ( 'NONE', ( #2070 ), #1254, .F. ) ;
#1092 = ORIENTED_EDGE ( 'NONE', *, *, #1943, .T. ) ;
#1093 = CARTESIAN_POINT ( 'NONE',  ( 5.299999999999998046, 4.300000000000000711, 7.800000000000000711 ) ) ;
#1094 = CARTESIAN_POINT ( 'NONE',  ( -3.199999999999997957, -17.00000000000000000, 0.1999999999999996503 ) ) ;
#1095 = VERTEX_POINT ( 'NONE', #760 ) ;
#1096 = FACE_OUTER_BOUND ( 'NONE', #1160, .T. ) ;
#1097 = ORIENTED_EDGE ( 'NONE', *, *, #1436, .F. ) ;
#1098 = FACE_OUTER_BOUND ( 'NONE', #724, .T. ) ;
#1099 = DIRECTION ( 'NONE',  ( 0.000000000000000000, 0.000000000000000000, 1.000000000000000000 ) ) ;
#1100 = CARTESIAN_POINT ( 'NONE',  ( 0.000000000000000000, 0.000000000000000000, 0.000000000000000000 ) ) ;
#1101 = PLANE ( 'NONE',  #1150 ) ;
#1102 = EDGE_CURVE ( 'NONE', #334, #1051, #571, .T. ) ;
#1103 = DIRECTION ( 'NONE',  ( 3.469446951953616654E-16, -1.000000000000000000, 0.000000000000000000 ) ) ;
#1104 = DIRECTION ( 'NONE',  ( 1.000000000000000000, 0.000000000000000000, 0.000000000000000000 ) ) ;
#1105 = VECTOR ( 'NONE', #1637, 1000.000000000000000 ) ;
#1106 = ORIENTED_EDGE ( 'NONE', *, *, #2134, .F. ) ;
#1107 = CIRCLE ( 'NONE', #1509, 2.000000000000000000 ) ;
#1108 = DIRECTION ( 'NONE',  ( 1.000000000000000000, 0.000000000000000000, 0.000000000000000000 ) ) ;
#1109 = ORIENTED_EDGE ( 'NONE', *, *, #629, .T. ) ;
#1110 = LINE ( 'NONE', #462, #1468 ) ;
#1111 = PRESENTATION_LAYER_ASSIGNMENT (  '', '', ( #1003 ) ) ;
#1112 = EDGE_CURVE ( 'NONE', #1180, #323, #1263, .T. ) ;
#1113 = DIRECTION ( 'NONE',  ( -3.469446951953612217E-16, 1.000000000000000000, -0.000000000000000000 ) ) ;
#1114 = VECTOR ( 'NONE', #1299, 1000.000000000000000 ) ;
#1115 = VERTEX_POINT ( 'NONE', #1241 ) ;
#1116 = CARTESIAN_POINT ( 'NONE',  ( -10.94999999999999751, -17.19999999999999929, 4.000000000000003553 ) ) ;
#1117 = VERTEX_POINT ( 'NONE', #1919 ) ;
#1118 = DIRECTION ( 'NONE',  ( 0.000000000000000000, 0.000000000000000000, 1.000000000000000000 ) ) ;
#1119 = ORIENTED_EDGE ( 'NONE', *, *, #1102, .T. ) ;
#1120 = DIRECTION ( 'NONE',  ( -1.000000000000000000, 0.000000000000000000, -0.000000000000000000 ) ) ;
#1121 = DIRECTION ( 'NONE',  ( 3.469446951953616654E-16, -1.000000000000000000, 0.000000000000000000 ) ) ;
#1122 = DIRECTION ( 'NONE',  ( -1.000000000000000000, 0.000000000000000000, 0.000000000000000000 ) ) ;
#1123 = EDGE_CURVE ( 'NONE', #775, #1059, #1899, .T. ) ;
#1124 = CARTESIAN_POINT ( 'NONE',  ( 7.000000000000002665, -21.80000000000000426, 8.000000000000000000 ) ) ;
#1125 = CARTESIAN_POINT ( 'NONE',  ( -8.049999999999995381, -17.19999999999999929, 4.000000000000003553 ) ) ;
#1126 = ORIENTED_EDGE ( 'NONE', *, *, #1060, .F. ) ;
#1127 = CYLINDRICAL_SURFACE ( 'NONE', #2017, 0.1999999999999996503 ) ;
#1128 = VERTEX_POINT ( 'NONE', #595 ) ;
#1129 = FACE_OUTER_BOUND ( 'NONE', #2046, .T. ) ;
#1130 = CARTESIAN_POINT ( 'NONE',  ( 12.50000000000000178, -22.00000000000001066, 7.800000000000000711 ) ) ;
#1131 = LINE ( 'NONE', #813, #295 ) ;
#1132 = CARTESIAN_POINT ( 'NONE',  ( -9.499999999999996447, -17.19999999999999929, 4.000000000000003553 ) ) ;
#1133 = AXIS2_PLACEMENT_3D ( 'NONE', #1272, #771, #1719 ) ;
#1134 = EDGE_CURVE ( 'NONE', #31, #669, #1764, .T. ) ;
#1135 = ORIENTED_EDGE ( 'NONE', *, *, #812, .T. ) ;
#1136 = DIRECTION ( 'NONE',  ( -1.000000000000000000, 0.000000000000000000, 0.000000000000000000 ) ) ;
#1137 = AXIS2_PLACEMENT_3D ( 'NONE', #147, #1792, #641 ) ;
#1138 = AXIS2_PLACEMENT_3D ( 'NONE', #1190, #1703, #39 ) ;
#1139 = ORIENTED_EDGE ( 'NONE', *, *, #1201, .F. ) ;
#1140 = VECTOR ( 'NONE', #45, 1000.000000000000000 ) ;
#1141 = DIRECTION ( 'NONE',  ( -1.000000000000000000, -0.000000000000000000, -0.000000000000000000 ) ) ;
#1142 = CYLINDRICAL_SURFACE ( 'NONE', #440, 0.1999999999999999833 ) ;
#1143 = VECTOR ( 'NONE', #312, 1000.000000000000000 ) ;
#1144 = FACE_OUTER_BOUND ( 'NONE', #380, .T. ) ;
#1145 = DIRECTION ( 'NONE',  ( -1.000000000000000000, 0.000000000000000000, 0.000000000000000000 ) ) ;
#1146 = ORIENTED_EDGE ( 'NONE', *, *, #1690, .F. ) ;
#1147 = CARTESIAN_POINT ( 'NONE',  ( -9.499999999999996447, -17.19999999999999929, 4.000000000000003553 ) ) ;
#1148 = AXIS2_PLACEMENT_3D ( 'NONE', #1978, #174, #488 ) ;
#1149 = EDGE_CURVE ( 'NONE', #1202, #984, #1006, .T. ) ;
#1150 = AXIS2_PLACEMENT_3D ( 'NONE', #1750, #268, #1587 ) ;
#1151 = ORIENTED_EDGE ( 'NONE', *, *, #856, .F. ) ;
#1152 = CARTESIAN_POINT ( 'NONE',  ( -7.300000000000000711, 4.300000000000000711, 8.000000000000000000 ) ) ;
#1153 = FACE_OUTER_BOUND ( 'NONE', #737, .T. ) ;
#1154 = CYLINDRICAL_SURFACE ( 'NONE', #2073, 1.250000000000000222 ) ;
#1155 = EDGE_CURVE ( 'NONE', #259, #662, #949, .T. ) ;
#1156 = CARTESIAN_POINT ( 'NONE',  ( -14.49999999999999645, -22.00000000000001066, 7.800000000000000711 ) ) ;
#1157 = EDGE_LOOP ( 'NONE', ( #1806, #509, #273, #626 ) ) ;
#1158 = FACE_OUTER_BOUND ( 'NONE', #1691, .T. ) ;
#1159 = ORIENTED_EDGE ( 'NONE', *, *, #499, .F. ) ;
#1160 = EDGE_LOOP ( 'NONE', ( #815, #817, #911, #647 ) ) ;
#1161 = FACE_OUTER_BOUND ( 'NONE', #414, .T. ) ;
#1162 = EDGE_CURVE ( 'NONE', #1542, #1598, #1864, .T. ) ;
#1163 = CARTESIAN_POINT ( 'NONE',  ( -2.917157287525380838, 2.082842712474618718, -3.451918911995516046E-16 ) ) ;
#1164 = EDGE_LOOP ( 'NONE', ( #1885, #1755, #283 ) ) ;
#1165 = LINE ( 'NONE', #1124, #1751 ) ;
#1166 = DIRECTION ( 'NONE',  ( 1.000000000000000000, 3.016910393003142859E-16, 0.000000000000000000 ) ) ;
#1167 = ORIENTED_EDGE ( 'NONE', *, *, #856, .T. ) ;
#1168 = DIRECTION ( 'NONE',  ( -2.891205793294678326E-16, 1.000000000000000000, 0.000000000000000000 ) ) ;
#1169 = ORIENTED_EDGE ( 'NONE', *, *, #636, .T. ) ;
#1170 = VECTOR ( 'NONE', #1578, 1000.000000000000000 ) ;
#1171 = ORIENTED_EDGE ( 'NONE', *, *, #830, .F. ) ;
#1172 = AXIS2_PLACEMENT_3D ( 'NONE', #755, #556, #592 ) ;
#1173 = CARTESIAN_POINT ( 'NONE',  ( -7.500000000000000888, 4.300000000000000711, 8.000000000000000000 ) ) ;
#1174 = ADVANCED_FACE ( 'NONE', ( #912 ), #247, .T. ) ;
#1175 = AXIS2_PLACEMENT_3D ( 'NONE', #803, #944, #472 ) ;
#1176 = CARTESIAN_POINT ( 'NONE',  ( -7.466159522127161274, -21.80000000000000782, 8.716515138991180578 ) ) ;
#1177 = EDGE_CURVE ( 'NONE', #1877, #1614, #862, .T. ) ;
#1178 = CARTESIAN_POINT ( 'NONE',  ( -3.199999999999997957, -16.80000000000000071, 8.000000000000000000 ) ) ;
#1179 = FACE_OUTER_BOUND ( 'NONE', #467, .T. ) ;
#1180 = VERTEX_POINT ( 'NONE', #1579 ) ;
#1181 = LINE ( 'NONE', #797, #128 ) ;
#1182 = ORIENTED_EDGE ( 'NONE', *, *, #291, .T. ) ;
#1183 = AXIS2_PLACEMENT_3D ( 'NONE', #616, #98, #1287 ) ;
#1184 = ORIENTED_EDGE ( 'NONE', *, *, #1053, .T. ) ;
#1185 = EDGE_CURVE ( 'NONE', #713, #1598, #936, .T. ) ;
#1186 = CARTESIAN_POINT ( 'NONE',  ( -9.499999999999996447, -25.00000000000000000, 4.000000000000003553 ) ) ;
#1187 = AXIS2_PLACEMENT_3D ( 'NONE', #593, #1729, #1597 ) ;
#1188 = FACE_OUTER_BOUND ( 'NONE', #1632, .T. ) ;
#1189 = CARTESIAN_POINT ( 'NONE',  ( 5.500000000000000000, 1.999999999999999556, 0.1999999999999996503 ) ) ;
#1190 = CARTESIAN_POINT ( 'NONE',  ( -7.500000000000000000, 2.199999999999999289, 0.1999999999999996503 ) ) ;
#1191 = ORIENTED_EDGE ( 'NONE', *, *, #1569, .T. ) ;
#1192 = DIRECTION ( 'NONE',  ( 0.000000000000000000, -1.000000000000000000, 0.000000000000000000 ) ) ;
#1193 = ORIENTED_EDGE ( 'NONE', *, *, #266, .T. ) ;
#1194 = DIRECTION ( 'NONE',  ( -0.000000000000000000, -0.000000000000000000, -1.000000000000000000 ) ) ;
#1195 = EDGE_CURVE ( 'NONE', #1117, #1987, #1599, .T. ) ;
#1196 = DIRECTION ( 'NONE',  ( 1.000000000000000000, 0.000000000000000000, 0.000000000000000000 ) ) ;
#1197 = CARTESIAN_POINT ( 'NONE',  ( 5.300000000000000711, 1.838806884535415520E-15, 7.800000000000000711 ) ) ;
#1198 = CARTESIAN_POINT ( 'NONE',  ( -3.199999999999997957, -16.80000000000000071, 8.000000000000000000 ) ) ;
#1199 = VERTEX_POINT ( 'NONE', #780 ) ;
#1200 = DIRECTION ( 'NONE',  ( 1.000000000000000000, 0.000000000000000000, -1.224646799147353207E-16 ) ) ;
#1201 = EDGE_CURVE ( 'NONE', #1288, #982, #827, .T. ) ;
#1202 = VERTEX_POINT ( 'NONE', #2146 ) ;
#1203 = DIRECTION ( 'NONE',  ( -0.000000000000000000, -0.000000000000000000, 1.000000000000000000 ) ) ;
#1204 = ORIENTED_EDGE ( 'NONE', *, *, #1800, .F. ) ;
#1205 = CARTESIAN_POINT ( 'NONE',  ( -8.999999999999998224, -21.80000000000000782, 10.00000000000000000 ) ) ;
#1206 = CARTESIAN_POINT ( 'NONE',  ( -14.29999999999999716, -17.20000000000000284, 0.1999999999999996503 ) ) ;
#1207 = DIRECTION ( 'NONE',  ( -1.000000000000000000, -3.469446951953616654E-16, 0.000000000000000000 ) ) ;
#1208 = ORIENTED_EDGE ( 'NONE', *, *, #2122, .T. ) ;
#1209 = LINE ( 'NONE', #1842, #1933 ) ;
#1210 = ORIENTED_EDGE ( 'NONE', *, *, #793, .T. ) ;
#1211 = ADVANCED_FACE ( 'NONE', ( #170 ), #805, .T. ) ;
#1212 = CARTESIAN_POINT ( 'NONE',  ( 5.299999999999998934, 4.500000000000000888, 0.1999999999999996503 ) ) ;
#1213 = ORIENTED_EDGE ( 'NONE', *, *, #344, .F. ) ;
#1214 = FACE_OUTER_BOUND ( 'NONE', #1387, .T. ) ;
#1215 = DIRECTION ( 'NONE',  ( -1.000000000000000000, -9.637352644315595243E-17, -0.000000000000000000 ) ) ;
#1216 = DIRECTION ( 'NONE',  ( 0.000000000000000000, 0.000000000000000000, -1.000000000000000000 ) ) ;
#1217 = EDGE_CURVE ( 'NONE', #3, #615, #2155, .T. ) ;
#1218 = ORIENTED_EDGE ( 'NONE', *, *, #377, .F. ) ;
#1219 = DIRECTION ( 'NONE',  ( 0.000000000000000000, 0.000000000000000000, -1.000000000000000000 ) ) ;
#1220 = ORIENTED_EDGE ( 'NONE', *, *, #256, .T. ) ;
#1221 = DIRECTION ( 'NONE',  ( 1.000000000000000000, 0.000000000000000000, 0.000000000000000000 ) ) ;
#1222 = EDGE_CURVE ( 'NONE', #1614, #1397, #632, .T. ) ;
#1223 = ORIENTED_EDGE ( 'NONE', *, *, #151, .T. ) ;
#1224 = DIRECTION ( 'NONE',  ( 0.000000000000000000, 1.000000000000000000, 0.000000000000000000 ) ) ;
#1225 = EDGE_CURVE ( 'NONE', #872, #615, #2126, .T. ) ;
#1226 = DIRECTION ( 'NONE',  ( 0.000000000000000000, -1.000000000000000000, 0.000000000000000000 ) ) ;
#1227 = PLANE ( 'NONE',  #798 ) ;
#1228 = DIRECTION ( 'NONE',  ( 0.000000000000000000, 0.000000000000000000, -1.000000000000000000 ) ) ;
#1229 = LINE ( 'NONE', #858, #542 ) ;
#1230 = VERTEX_POINT ( 'NONE', #1490 ) ;
#1231 = CARTESIAN_POINT ( 'NONE',  ( 5.000000000000001776, -19.30000000000000426, 18.00000000000000355 ) ) ;
#1232 = ORIENTED_EDGE ( 'NONE', *, *, #40, .T. ) ;
#1233 = DIRECTION ( 'NONE',  ( 1.000000000000000000, -0.000000000000000000, -0.000000000000000000 ) ) ;
#1234 = CYLINDRICAL_SURFACE ( 'NONE', #1187, 0.1999999999999999833 ) ;
#1235 = VERTEX_POINT ( 'NONE', #1994 ) ;
#1236 = VECTOR ( 'NONE', #102, 1000.000000000000000 ) ;
#1237 = ADVANCED_FACE ( 'NONE', ( #2136 ), #1457, .T. ) ;
#1238 = AXIS2_PLACEMENT_3D ( 'NONE', #354, #1207, #1862 ) ;
#1239 = AXIS2_PLACEMENT_3D ( 'NONE', #1364, #1388, #53 ) ;
#1240 = ORIENTED_EDGE ( 'NONE', *, *, #75, .F. ) ;
#1241 = CARTESIAN_POINT ( 'NONE',  ( -7.299999999999999822, 2.199999999999999289, 0.000000000000000000 ) ) ;
#1242 = ORIENTED_EDGE ( 'NONE', *, *, #89, .T. ) ;
#1243 = DIRECTION ( 'NONE',  ( 1.000000000000000000, 0.000000000000000000, 0.000000000000000000 ) ) ;
#1244 = ORIENTED_EDGE ( 'NONE', *, *, #171, .F. ) ;
#1245 = EDGE_CURVE ( 'NONE', #1202, #1662, #1828, .T. ) ;
#1246 = SPHERICAL_SURFACE ( 'NONE', #88, 0.2000000000000000111 ) ;
#1247 = CARTESIAN_POINT ( 'NONE',  ( -14.49999999999999645, -17.00000000000000355, 0.1999999999999996503 ) ) ;
#1248 = AXIS2_PLACEMENT_3D ( 'NONE', #989, #971, #9 ) ;
#1249 = CARTESIAN_POINT ( 'NONE',  ( 12.30000000000000249, -21.80000000000001137, 8.000000000000000000 ) ) ;
#1250 = FACE_OUTER_BOUND ( 'NONE', #164, .T. ) ;
#1251 = ORIENTED_EDGE ( 'NONE', *, *, #969, .T. ) ;
#1252 = EDGE_CURVE ( 'NONE', #669, #497, #1950, .T. ) ;
#1253 = CARTESIAN_POINT ( 'NONE',  ( 5.299999999999998046, 4.300000000000000711, 0.1999999999999996503 ) ) ;
#1254 = CYLINDRICAL_SURFACE ( 'NONE', #1793, 2.000000000000000000 ) ;
#1255 = ORIENTED_EDGE ( 'NONE', *, *, #1252, .F. ) ;
#1256 = ORIENTED_EDGE ( 'NONE', *, *, #1618, .T. ) ;
#1257 = LINE ( 'NONE', #407, #711 ) ;
#1258 = PLANE ( 'NONE',  #329 ) ;
#1259 = ADVANCED_FACE ( 'NONE', ( #666 ), #158, .F. ) ;
#1260 = CARTESIAN_POINT ( 'NONE',  ( 12.30000000000000071, -17.19999999999999574, 0.000000000000000000 ) ) ;
#1261 = CYLINDRICAL_SURFACE ( 'NONE', #2010, 0.1999999999999996503 ) ;
#1262 = DIRECTION ( 'NONE',  ( -4.336808689942025625E-15, 0.000000000000000000, -1.000000000000000000 ) ) ;
#1263 = LINE ( 'NONE', #2117, #1583 ) ;
#1264 = ORIENTED_EDGE ( 'NONE', *, *, #1021, .F. ) ;
#1265 = ADVANCED_FACE ( 'NONE', ( #301 ), #1619, .T. ) ;
#1266 = ORIENTED_EDGE ( 'NONE', *, *, #396, .F. ) ;
#1267 = DIRECTION ( 'NONE',  ( -0.000000000000000000, 0.000000000000000000, 1.000000000000000000 ) ) ;
#1268 = AXIS2_PLACEMENT_3D ( 'NONE', #1276, #73, #928 ) ;
#1269 = CARTESIAN_POINT ( 'NONE',  ( -14.29999999999999716, 0.000000000000000000, 8.000000000000000000 ) ) ;
#1270 = CARTESIAN_POINT ( 'NONE',  ( 12.30000000000000249, -21.80000000000001137, 8.000000000000000000 ) ) ;
#1271 = UNCERTAINTY_MEASURE_WITH_UNIT (LENGTH_MEASURE( 1.000000000000000082E-05 ), #1025, 'distance_accuracy_value', 'NONE');
#1272 = CARTESIAN_POINT ( 'NONE',  ( 5.299999999999998934, 4.300000000000000711, 7.800000000000000711 ) ) ;
#1273 = CARTESIAN_POINT ( 'NONE',  ( 5.000000000000003553, -19.30000000000000782, 8.828427124746189847 ) ) ;
#1274 = VECTOR ( 'NONE', #457, 1000.000000000000000 ) ;
#1275 = ORIENTED_EDGE ( 'NONE', *, *, #1624, .F. ) ;
#1276 = CARTESIAN_POINT ( 'NONE',  ( -14.29999999999999716, -17.20000000000000284, 7.800000000000000711 ) ) ;
#1277 =( BOUNDED_CURVE ( )  B_SPLINE_CURVE ( 3, ( #844, #2056, #2078, #732 ),
 .UNSPECIFIED., .F., .T. ) 
 B_SPLINE_CURVE_WITH_KNOTS ( ( 4, 4 ),
 ( 0.000000000000000000, 1.570796326794896114 ),
 .UNSPECIFIED. ) 
 CURVE ( )  GEOMETRIC_REPRESENTATION_ITEM ( )  RATIONAL_B_SPLINE_CURVE ( ( 1.000000000000000000, 0.8047378541243650485, 0.8047378541243650485, 1.000000000000000000 ) ) 
 REPRESENTATION_ITEM ( '' )  );
#1278 = EDGE_LOOP ( 'NONE', ( #48, #1411, #796, #1711 ) ) ;
#1279 = ADVANCED_FACE ( 'NONE', ( #290 ), #2159, .F. ) ;
#1280 = CYLINDRICAL_SURFACE ( 'NONE', #1639, 0.2000000000000005107 ) ;
#1281 = CARTESIAN_POINT ( 'NONE',  ( 7.000000000000002665, -21.80000000000001137, 10.00000000000000000 ) ) ;
#1282 = AXIS2_PLACEMENT_3D ( 'NONE', #271, #938, #1590 ) ;
#1283 = DIRECTION ( 'NONE',  ( 1.000000000000000000, 9.637352644315595243E-17, 0.000000000000000000 ) ) ;
#1284 = DIRECTION ( 'NONE',  ( 0.000000000000000000, 1.000000000000000000, -0.000000000000000000 ) ) ;
#1285 = EDGE_CURVE ( 'NONE', #913, #1868, #1056, .T. ) ;
#1286 = ORIENTED_EDGE ( 'NONE', *, *, #60, .F. ) ;
#1287 = DIRECTION ( 'NONE',  ( -1.000000000000000000, 0.000000000000000000, 0.000000000000000000 ) ) ;
#1288 = VERTEX_POINT ( 'NONE', #333 ) ;
#1289 = CARTESIAN_POINT ( 'NONE',  ( -7.299999999999999822, 2.199999999999999289, 0.000000000000000000 ) ) ;
#1290 = FACE_OUTER_BOUND ( 'NONE', #1671, .T. ) ;
#1291 = ADVANCED_FACE ( 'NONE', ( #1796 ), #1722, .T. ) ;
#1292 = DIRECTION ( 'NONE',  ( 0.000000000000000000, -0.000000000000000000, -1.000000000000000000 ) ) ;
#1293 = CARTESIAN_POINT ( 'NONE',  ( 12.50000000000000000, -22.00000000000001066, 0.08284271247461864884 ) ) ;
#1294 = ORIENTED_EDGE ( 'NONE', *, *, #1338, .F. ) ;
#1295 = DIRECTION ( 'NONE',  ( -0.000000000000000000, -0.000000000000000000, 1.000000000000000000 ) ) ;
#1296 = EDGE_LOOP ( 'NONE', ( #1332, #1809, #1151 ) ) ;
#1297 = CARTESIAN_POINT ( 'NONE',  ( -7.300000000000000711, 4.300000000000000711, 0.2000000000000000111 ) ) ;
#1298 = CARTESIAN_POINT ( 'NONE',  ( 5.299999999999999822, 2.199999999999999734, 0.000000000000000000 ) ) ;
#1299 = DIRECTION ( 'NONE',  ( 3.469446951953613696E-16, -1.000000000000000000, -0.000000000000000000 ) ) ;
#1300 = VERTEX_POINT ( 'NONE', #981 ) ;
#1301 = CARTESIAN_POINT ( 'NONE',  ( -7.906395912529234238, -21.83800118761765319, 8.317818859407271503 ) ) ;
#1302 = AXIS2_PLACEMENT_3D ( 'NONE', #1281, #463, #1634 ) ;
#1303 = EDGE_LOOP ( 'NONE', ( #1482, #865, #2057, #494 ) ) ;
#1304 = AXIS2_PLACEMENT_3D ( 'NONE', #1890, #1880, #262 ) ;
#1305 = DIRECTION ( 'NONE',  ( 1.000000000000000000, 3.469446951953623557E-16, 0.000000000000000000 ) ) ;
#1306 = EDGE_CURVE ( 'NONE', #589, #189, #2006, .T. ) ;
#1307 = DIRECTION ( 'NONE',  ( 0.000000000000000000, 0.000000000000000000, -1.000000000000000000 ) ) ;
#1308 = AXIS2_PLACEMENT_3D ( 'NONE', #1787, #2138, #1005 ) ;
#1309 = VECTOR ( 'NONE', #1393, 1000.000000000000000 ) ;
#1310 = CARTESIAN_POINT ( 'NONE',  ( -2.120217581749431003E-16, 2.200000000000000178, 7.800000000000000711 ) ) ;
#1311 = DIRECTION ( 'NONE',  ( 0.000000000000000000, 0.000000000000000000, -1.000000000000000000 ) ) ;
#1312 = EDGE_CURVE ( 'NONE', #952, #1614, #483, .T. ) ;
#1313 = ORIENTED_EDGE ( 'NONE', *, *, #1217, .F. ) ;
#1314 = ORIENTED_EDGE ( 'NONE', *, *, #244, .F. ) ;
#1315 = DIRECTION ( 'NONE',  ( 1.000000000000000000, 0.000000000000000000, 0.000000000000000000 ) ) ;
#1316 = DIRECTION ( 'NONE',  ( -1.141265444721583757E-16, 1.000000000000000000, 0.000000000000000000 ) ) ;
#1317 = DIRECTION ( 'NONE',  ( 0.000000000000000000, 1.000000000000000000, 0.000000000000000000 ) ) ;
#1318 = EDGE_CURVE ( 'NONE', #117, #255, #1815, .T. ) ;
#1319 = AXIS2_PLACEMENT_3D ( 'NONE', #2105, #2072, #1243 ) ;
#1320 = ORIENTED_EDGE ( 'NONE', *, *, #244, .T. ) ;
#1321 = CARTESIAN_POINT ( 'NONE',  ( 5.500000000000000000, 1.999999999999999556, 7.800000000000000711 ) ) ;
#1322 = EDGE_LOOP ( 'NONE', ( #1193, #1740, #906, #161 ) ) ;
#1323 = DIRECTION ( 'NONE',  ( 0.000000000000000000, 0.000000000000000000, 1.000000000000000000 ) ) ;
#1324 = ORIENTED_EDGE ( 'NONE', *, *, #986, .F. ) ;
#1325 = EDGE_CURVE ( 'NONE', #1987, #859, #2021, .T. ) ;
#1326 = DIRECTION ( 'NONE',  ( -0.000000000000000000, 1.000000000000000000, -0.000000000000000000 ) ) ;
#1327 = DIRECTION ( 'NONE',  ( -1.000000000000000000, 0.000000000000000000, 0.000000000000000000 ) ) ;
#1328 = CARTESIAN_POINT ( 'NONE',  ( 5.466159522127165715, -21.80000000000000426, 8.716515138991180578 ) ) ;
#1329 = CARTESIAN_POINT ( 'NONE',  ( -14.49999999999999645, -17.20000000000000284, 8.000000000000000000 ) ) ;
#1330 = ORIENTED_EDGE ( 'NONE', *, *, #2134, .T. ) ;
#1331 = DIRECTION ( 'NONE',  ( 1.000000000000000000, 0.000000000000000000, 0.000000000000000000 ) ) ;
#1332 = ORIENTED_EDGE ( 'NONE', *, *, #266, .F. ) ;
#1333 = EDGE_LOOP ( 'NONE', ( #1109, #1395, #903 ) ) ;
#1334 = AXIS2_PLACEMENT_3D ( 'NONE', #1434, #1956, #1769 ) ;
#1335 = CARTESIAN_POINT ( 'NONE',  ( -14.29999999999999716, -17.20000000000000284, 8.000000000000000000 ) ) ;
#1336 = VECTOR ( 'NONE', #101, 1000.000000000000000 ) ;
#1337 = CIRCLE ( 'NONE', #2114, 0.2000000000000000111 ) ;
#1338 = EDGE_CURVE ( 'NONE', #131, #292, #227, .T. ) ;
#1339 = SPHERICAL_SURFACE ( 'NONE', #1752, 0.2000000000000000111 ) ;
#1340 = DIRECTION ( 'NONE',  ( -0.000000000000000000, 0.000000000000000000, 1.000000000000000000 ) ) ;
#1341 = CARTESIAN_POINT ( 'NONE',  ( 7.500000000000000888, -16.99999999999999645, 4.000000000000003553 ) ) ;
#1342 = VECTOR ( 'NONE', #837, 1000.000000000000000 ) ;
#1343 = AXIS2_PLACEMENT_3D ( 'NONE', #814, #1466, #1972 ) ;
#1344 = ORIENTED_EDGE ( 'NONE', *, *, #975, .T. ) ;
#1345 = DIRECTION ( 'NONE',  ( -8.673617379884051249E-15, 0.000000000000000000, 1.000000000000000000 ) ) ;
#1346 = DIRECTION ( 'NONE',  ( -4.336808689942025625E-15, 1.000000000000000000, 0.000000000000000000 ) ) ;
#1347 = FACE_OUTER_BOUND ( 'NONE', #1024, .T. ) ;
#1348 = DIRECTION ( 'NONE',  ( 8.673617379884087537E-15, -1.000000000000000000, -1.761828530288955355E-15 ) ) ;
#1349 = EDGE_CURVE ( 'NONE', #1554, #117, #964, .T. ) ;
#1350 = ORIENTED_EDGE ( 'NONE', *, *, #151, .F. ) ;
#1351 = EDGE_LOOP ( 'NONE', ( #660, #1557, #702 ) ) ;
#1352 = CARTESIAN_POINT ( 'NONE',  ( 7.500000000000000888, -17.19999999999999574, 4.000000000000003553 ) ) ;
#1353 = ORIENTED_EDGE ( 'NONE', *, *, #848, .T. ) ;
#1354 = CARTESIAN_POINT ( 'NONE',  ( -2.917157287525380394, 2.082842712474618718, 8.000000000000000000 ) ) ;
#1355 = DIRECTION ( 'NONE',  ( 0.000000000000000000, 0.000000000000000000, 1.000000000000000000 ) ) ;
#1356 = LINE ( 'NONE', #220, #1784 ) ;
#1357 = ORIENTED_EDGE ( 'NONE', *, *, #1222, .F. ) ;
#1358 = PLANE ( 'NONE',  #1582 ) ;
#1359 = VECTOR ( 'NONE', #2016, 1000.000000000000000 ) ;
#1360 = ORIENTED_EDGE ( 'NONE', *, *, #1963, .T. ) ;
#1361 = DIRECTION ( 'NONE',  ( -0.000000000000000000, 1.000000000000000000, -0.000000000000000000 ) ) ;
#1362 = ORIENTED_EDGE ( 'NONE', *, *, #772, .T. ) ;
#1363 = CIRCLE ( 'NONE', #671, 0.2000000000000000111 ) ;
#1364 = CARTESIAN_POINT ( 'NONE',  ( 12.50000000000000000, -16.99999999999999645, 8.000000000000000000 ) ) ;
#1365 = AXIS2_PLACEMENT_3D ( 'NONE', #168, #1435, #2112 ) ;
#1366 = EDGE_CURVE ( 'NONE', #74, #2083, #820, .T. ) ;
#1367 = CIRCLE ( 'NONE', #1642, 0.2000000000000005107 ) ;
#1368 = CARTESIAN_POINT ( 'NONE',  ( 5.299999999999998934, 4.300000000000000711, 7.800000000000000711 ) ) ;
#1369 = VECTOR ( 'NONE', #1747, 1000.000000000000000 ) ;
#1370 = DIRECTION ( 'NONE',  ( 0.000000000000000000, -1.000000000000000000, 0.000000000000000000 ) ) ;
#1371 = ORIENTED_EDGE ( 'NONE', *, *, #1394, .F. ) ;
#1372 = PRESENTATION_STYLE_ASSIGNMENT (( #1884 ) ) ;
#1373 = ADVANCED_FACE ( 'NONE', ( #1683 ), #525, .F. ) ;
#1374 = MECHANICAL_DESIGN_GEOMETRIC_PRESENTATION_REPRESENTATION (  '', ( #1003 ), #338 ) ;
#1375 = VERTEX_POINT ( 'NONE', #1023 ) ;
#1376 = DIRECTION ( 'NONE',  ( -1.255391989193742158E-16, 1.000000000000000000, 0.000000000000000000 ) ) ;
#1377 = EDGE_CURVE ( 'NONE', #196, #2083, #2040, .T. ) ;
#1378 = EDGE_LOOP ( 'NONE', ( #110, #1029, #337 ) ) ;
#1379 = CARTESIAN_POINT ( 'NONE',  ( -2.999999999999997780, -17.19999999999999929, 0.1999999999999996503 ) ) ;
#1380 = CARTESIAN_POINT ( 'NONE',  ( 12.41715728752538439, -21.91715728752539150, 8.000000000000000000 ) ) ;
#1381 = DIRECTION ( 'NONE',  ( 1.000000000000000000, 0.000000000000000000, 0.000000000000000000 ) ) ;
#1382 = ORIENTED_EDGE ( 'NONE', *, *, #1494, .F. ) ;
#1383 = LINE ( 'NONE', #1918, #1573 ) ;
#1384 = DIRECTION ( 'NONE',  ( -3.469446951953616654E-16, 1.000000000000000000, 0.000000000000000000 ) ) ;
#1385 = ORIENTED_EDGE ( 'NONE', *, *, #2064, .T. ) ;
#1386 = FACE_OUTER_BOUND ( 'NONE', #1027, .T. ) ;
#1387 = EDGE_LOOP ( 'NONE', ( #316, #2023, #1423, #246 ) ) ;
#1388 = DIRECTION ( 'NONE',  ( -1.000000000000000000, -3.469446951953606300E-16, 0.000000000000000000 ) ) ;
#1389 = DIRECTION ( 'NONE',  ( 0.000000000000000000, 1.000000000000000000, 0.000000000000000000 ) ) ;
#1390 = DIRECTION ( 'NONE',  ( 1.000000000000000000, -0.000000000000000000, -0.000000000000000000 ) ) ;
#1391 = ORIENTED_EDGE ( 'NONE', *, *, #1155, .T. ) ;
#1392 = DIRECTION ( 'NONE',  ( -3.469446951953606300E-16, 1.000000000000000000, 0.000000000000000000 ) ) ;
#1393 = DIRECTION ( 'NONE',  ( 1.000000000000000000, -0.000000000000000000, -0.000000000000000000 ) ) ;
#1394 = EDGE_CURVE ( 'NONE', #323, #1062, #1670, .T. ) ;
#1395 = ORIENTED_EDGE ( 'NONE', *, *, #54, .T. ) ;
#1396 = DIRECTION ( 'NONE',  ( 0.000000000000000000, 0.000000000000000000, -1.000000000000000000 ) ) ;
#1397 = VERTEX_POINT ( 'NONE', #176 ) ;
#1398 = LINE ( 'NONE', #251, #790 ) ;
#1399 = CARTESIAN_POINT ( 'NONE',  ( -7.300000000000000711, 4.300000000000000711, 7.800000000000000711 ) ) ;
#1400 = FACE_OUTER_BOUND ( 'NONE', #889, .T. ) ;
#1401 = ORIENTED_EDGE ( 'NONE', *, *, #185, .T. ) ;
#1402 = CIRCLE ( 'NONE', #572, 2.000000000000000000 ) ;
#1403 = VECTOR ( 'NONE', #534, 1000.000000000000000 ) ;
#1404 = TOROIDAL_SURFACE ( 'NONE', #265, 0.4000000000000000222, 0.2000000000000000111 ) ;
#1405 = ORIENTED_EDGE ( 'NONE', *, *, #793, .F. ) ;
#1406 = PLANE ( 'NONE',  #757 ) ;
#1407 = ORIENTED_EDGE ( 'NONE', *, *, #2034, .T. ) ;
#1408 = ADVANCED_FACE ( 'NONE', ( #1179 ), #869, .T. ) ;
#1409 = APPLICATION_PROTOCOL_DEFINITION ( 'draft international standard', 'automotive_design', 1998, #92 ) ;
#1410 = VECTOR ( 'NONE', #958, 1000.000000000000000 ) ;
#1411 = ORIENTED_EDGE ( 'NONE', *, *, #864, .T. ) ;
#1412 = DIRECTION ( 'NONE',  ( 1.000000000000000000, -0.000000000000000000, 0.000000000000000000 ) ) ;
#1413 = DIRECTION ( 'NONE',  ( 1.000000000000000000, -0.000000000000000000, -0.000000000000000000 ) ) ;
#1414 = DIRECTION ( 'NONE',  ( 0.000000000000000000, 0.000000000000000000, 1.000000000000000000 ) ) ;
#1415 = ADVANCED_FACE ( 'NONE', ( #1694 ), #1512, .T. ) ;
#1416 = CARTESIAN_POINT ( 'NONE',  ( 1.000000000000002442, -16.99999999999999645, 7.800000000000000711 ) ) ;
#1417 = AXIS2_PLACEMENT_3D ( 'NONE', #1887, #51, #390 ) ;
#1418 = ORIENTED_EDGE ( 'NONE', *, *, #358, .F. ) ;
#1419 = ADVANCED_FACE ( 'NONE', ( #365 ), #186, .F. ) ;
#1420 = DIRECTION ( 'NONE',  ( 1.000000000000000000, 3.016910393003142859E-16, -0.000000000000000000 ) ) ;
#1421 = ORIENTED_EDGE ( 'NONE', *, *, #33, .T. ) ;
#1422 =( BOUNDED_CURVE ( )  B_SPLINE_CURVE ( 3, ( #694, #1354, #2027, #531 ),
 .UNSPECIFIED., .F., .F. ) 
 B_SPLINE_CURVE_WITH_KNOTS ( ( 4, 4 ),
 ( 1.570796326794897668, 3.141592653589793116 ),
 .UNSPECIFIED. ) 
 CURVE ( )  GEOMETRIC_REPRESENTATION_ITEM ( )  RATIONAL_B_SPLINE_CURVE ( ( 1.000000000000000000, 0.8047378541243652705, 0.8047378541243652705, 1.000000000000000000 ) ) 
 REPRESENTATION_ITEM ( '' )  );
#1423 = ORIENTED_EDGE ( 'NONE', *, *, #89, .F. ) ;
#1424 = DIRECTION ( 'NONE',  ( 1.000000000000000000, 3.016910393003142859E-16, -0.000000000000000000 ) ) ;
#1425 = LINE ( 'NONE', #1716, #2110 ) ;
#1426 = LINE ( 'NONE', #2101, #1653 ) ;
#1427 = CARTESIAN_POINT ( 'NONE',  ( -2.799999999999999822, 1.999999999999999556, 0.000000000000000000 ) ) ;
#1428 = FACE_OUTER_BOUND ( 'NONE', #439, .T. ) ;
#1429 = EDGE_CURVE ( 'NONE', #589, #402, #1035, .T. ) ;
#1430 = EDGE_LOOP ( 'NONE', ( #1017, #1256, #1593 ) ) ;
#1431 = DIRECTION ( 'NONE',  ( -1.000000000000000000, 0.000000000000000000, 0.000000000000000000 ) ) ;
#1432 = ORIENTED_EDGE ( 'NONE', *, *, #1082, .T. ) ;
#1433 = FACE_OUTER_BOUND ( 'NONE', #452, .T. ) ;
#1434 = CARTESIAN_POINT ( 'NONE',  ( 7.500000000000000888, -17.19999999999999574, 4.000000000000003553 ) ) ;
#1435 = DIRECTION ( 'NONE',  ( -1.000000000000000000, -0.000000000000000000, -0.000000000000000000 ) ) ;
#1436 = EDGE_CURVE ( 'NONE', #1049, #259, #696, .T. ) ;
#1437 = LINE ( 'NONE', #2115, #1105 ) ;
#1438 = CIRCLE ( 'NONE', #887, 0.4000000000000001887 ) ;
#1439 = CARTESIAN_POINT ( 'NONE',  ( 1.000000000000002442, -16.80000000000000071, 0.000000000000000000 ) ) ;
#1440 = ORIENTED_EDGE ( 'NONE', *, *, #454, .T. ) ;
#1441 = CIRCLE ( 'NONE', #404, 0.1999999999999996503 ) ;
#1442 = ORIENTED_EDGE ( 'NONE', *, *, #1600, .T. ) ;
#1443 = EDGE_CURVE ( 'NONE', #635, #1554, #1356, .T. ) ;
#1444 = FACE_BOUND ( 'NONE', #2095, .T. ) ;
#1445 = SPHERICAL_SURFACE ( 'NONE', #228, 0.2000000000000000111 ) ;
#1446 = AXIS2_PLACEMENT_3D ( 'NONE', #1480, #1783, #656 ) ;
#1447 = CARTESIAN_POINT ( 'NONE',  ( -7.299999999999999822, 2.199999999999999289, 8.000000000000000000 ) ) ;
#1448 = DIRECTION ( 'NONE',  ( -1.000000000000000000, 0.000000000000000000, 0.000000000000000000 ) ) ;
#1449 = ORIENTED_EDGE ( 'NONE', *, *, #1821, .F. ) ;
#1450 = CARTESIAN_POINT ( 'NONE',  ( -3.000000000000000000, 1.999999999999999556, 7.800000000000000711 ) ) ;
#1451 = VERTEX_POINT ( 'NONE', #17 ) ;
#1452 = DIRECTION ( 'NONE',  ( -1.000000000000000000, 0.000000000000000000, 0.000000000000000000 ) ) ;
#1453 = EDGE_CURVE ( 'NONE', #1451, #558, #210, .T. ) ;
#1454 = CARTESIAN_POINT ( 'NONE',  ( -3.199999999999997957, -16.80000000000000071, 0.1999999999999996503 ) ) ;
#1455 = DIRECTION ( 'NONE',  ( 0.000000000000000000, 0.000000000000000000, 1.000000000000000000 ) ) ;
#1456 = CARTESIAN_POINT ( 'NONE',  ( -6.999999999999998224, -19.30000000000000782, 18.00000000000000355 ) ) ;
#1457 = CYLINDRICAL_SURFACE ( 'NONE', #234, 0.2000000000000005107 ) ;
#1458 = ORIENTED_EDGE ( 'NONE', *, *, #2107, .F. ) ;
#1459 = LINE ( 'NONE', #992, #508 ) ;
#1460 = EDGE_CURVE ( 'NONE', #1875, #117, #47, .T. ) ;
#1461 = ORIENTED_EDGE ( 'NONE', *, *, #1318, .F. ) ;
#1462 = DIRECTION ( 'NONE',  ( 3.469446951953612217E-16, -1.000000000000000000, 0.000000000000000000 ) ) ;
#1463 = VECTOR ( 'NONE', #1326, 1000.000000000000000 ) ;
#1464 = DIRECTION ( 'NONE',  ( 3.469446951953616161E-16, -1.000000000000000000, -0.000000000000000000 ) ) ;
#1465 = FACE_OUTER_BOUND ( 'NONE', #826, .T. ) ;
#1466 = DIRECTION ( 'NONE',  ( 1.000000000000000000, 0.000000000000000000, 0.000000000000000000 ) ) ;
#1467 = EDGE_LOOP ( 'NONE', ( #69, #1204, #1695, #2074 ) ) ;
#1468 = VECTOR ( 'NONE', #1424, 1000.000000000000000 ) ;
#1469 = CARTESIAN_POINT ( 'NONE',  ( -6.999999999999997335, -21.80000000000000782, 18.00000000000000355 ) ) ;
#1470 = AXIS2_PLACEMENT_3D ( 'NONE', #1749, #1389, #218 ) ;
#1471 = AXIS2_PLACEMENT_3D ( 'NONE', #1541, #376, #548 ) ;
#1472 = ORIENTED_EDGE ( 'NONE', *, *, #539, .F. ) ;
#1473 = EDGE_CURVE ( 'NONE', #334, #713, #2037, .T. ) ;
#1474 = PLANE ( 'NONE',  #359 ) ;
#1475 = CARTESIAN_POINT ( 'NONE',  ( -2.999999999999997780, -17.00000000000000000, 0.1999999999999996503 ) ) ;
#1476 = SPHERICAL_SURFACE ( 'NONE', #502, 0.2000000000000000111 ) ;
#1477 = AXIS2_PLACEMENT_3D ( 'NONE', #1147, #668, #1331 ) ;
#1478 = AXIS2_PLACEMENT_3D ( 'NONE', #1125, #1773, #1145 ) ;
#1479 = CYLINDRICAL_SURFACE ( 'NONE', #50, 0.2000000000000000944 ) ;
#1480 = CARTESIAN_POINT ( 'NONE',  ( 1.200000000000002398, -16.80000000000000071, 8.000000000000000000 ) ) ;
#1481 = EDGE_CURVE ( 'NONE', #870, #255, #1277, .T. ) ;
#1482 = ORIENTED_EDGE ( 'NONE', *, *, #2145, .T. ) ;
#1483 = CARTESIAN_POINT ( 'NONE',  ( -9.499999999999996447, -25.00000000000000000, 4.000000000000003553 ) ) ;
#1484 = ORIENTED_EDGE ( 'NONE', *, *, #179, .F. ) ;
#1485 = VECTOR ( 'NONE', #43, 1000.000000000000000 ) ;
#1486 = ORIENTED_EDGE ( 'NONE', *, *, #33, .F. ) ;
#1487 = FACE_OUTER_BOUND ( 'NONE', #597, .T. ) ;
#1488 =( BOUNDED_CURVE ( )  B_SPLINE_CURVE ( 3, ( #453, #953, #1595, #1289 ),
 .UNSPECIFIED., .F., .T. ) 
 B_SPLINE_CURVE_WITH_KNOTS ( ( 4, 4 ),
 ( 0.000000000000000000, 1.570796326794896558 ),
 .UNSPECIFIED. ) 
 CURVE ( )  GEOMETRIC_REPRESENTATION_ITEM ( )  RATIONAL_B_SPLINE_CURVE ( ( 1.000000000000000000, 0.8047378541243649375, 0.8047378541243649375, 1.000000000000000000 ) ) 
 REPRESENTATION_ITEM ( '' )  );
#1489 = CARTESIAN_POINT ( 'NONE',  ( 5.906388753230511490, -21.83800023656978340, 8.317823771965924706 ) ) ;
#1490 = CARTESIAN_POINT ( 'NONE',  ( 7.500000000000000888, -22.00000000000001066, 2.750000000000003109 ) ) ;
#1491 = ORIENTED_EDGE ( 'NONE', *, *, #661, .F. ) ;
#1492 = CARTESIAN_POINT ( 'NONE',  ( -8.428040407068918327, -21.91130812223001101, 8.044788536477906149 ) ) ;
#1493 = ORIENTED_EDGE ( 'NONE', *, *, #1574, .T. ) ;
#1494 = EDGE_CURVE ( 'NONE', #2071, #716, #1660, .T. ) ;
#1495 = ORIENTED_EDGE ( 'NONE', *, *, #561, .T. ) ;
#1496 = FACE_OUTER_BOUND ( 'NONE', #1589, .T. ) ;
#1497 = DIRECTION ( 'NONE',  ( 1.000000000000000000, 0.000000000000000000, 0.000000000000000000 ) ) ;
#1498 = VECTOR ( 'NONE', #441, 1000.000000000000000 ) ;
#1499 = CARTESIAN_POINT ( 'NONE',  ( 1.000000000000002442, -16.80000000000000071, 7.800000000000000711 ) ) ;
#1500 = ADVANCED_FACE ( 'NONE', ( #1552 ), #2093, .T. ) ;
#1501 = DIRECTION ( 'NONE',  ( 0.000000000000000000, 0.000000000000000000, 1.000000000000000000 ) ) ;
#1502 = SHAPE_DEFINITION_REPRESENTATION ( #728, #321 ) ;
#1503 = CARTESIAN_POINT ( 'NONE',  ( 1.000000000000002442, -16.80000000000000071, 0.1999999999999996503 ) ) ;
#1504 = EDGE_LOOP ( 'NONE', ( #34, #2137, #79, #1007 ) ) ;
#1505 = ORIENTED_EDGE ( 'NONE', *, *, #1177, .F. ) ;
#1506 = AXIS2_PLACEMENT_3D ( 'NONE', #1399, #1575, #1414 ) ;
#1507 = DIRECTION ( 'NONE',  ( -0.000000000000000000, -0.000000000000000000, 1.000000000000000000 ) ) ;
#1508 = AXIS2_PLACEMENT_3D ( 'NONE', #1198, #200, #1381 ) ;
#1509 = AXIS2_PLACEMENT_3D ( 'NONE', #1205, #1658, #167 ) ;
#1510 = CARTESIAN_POINT ( 'NONE',  ( -7.300000000000000711, 4.300000000000000711, 7.800000000000000711 ) ) ;
#1511 = CARTESIAN_POINT ( 'NONE',  ( -2.120217581749431003E-16, 2.200000000000000178, 8.000000000000000000 ) ) ;
#1512 = CYLINDRICAL_SURFACE ( 'NONE', #192, 0.1999999999999999833 ) ;
#1513 = ORIENTED_EDGE ( 'NONE', *, *, #2058, .T. ) ;
#1514 = DIRECTION ( 'NONE',  ( 0.000000000000000000, -0.000000000000000000, -1.000000000000000000 ) ) ;
#1515 = ORIENTED_EDGE ( 'NONE', *, *, #351, .T. ) ;
#1516 = CARTESIAN_POINT ( 'NONE',  ( -3.000000000000000000, 1.999999999999999556, 7.800000000000000711 ) ) ;
#1517 = ORIENTED_EDGE ( 'NONE', *, *, #1917, .F. ) ;
#1518 = CARTESIAN_POINT ( 'NONE',  ( -2.799999999999997602, -16.80000000000000071, 8.000000000000000000 ) ) ;
#1519 = ADVANCED_FACE ( 'NONE', ( #279 ), #1234, .T. ) ;
#1520 = DIRECTION ( 'NONE',  ( 1.000000000000000000, 0.000000000000000000, 0.000000000000000000 ) ) ;
#1521 = DIRECTION ( 'NONE',  ( -3.469446951953616654E-16, 1.000000000000000000, -0.000000000000000000 ) ) ;
#1522 = ORIENTED_EDGE ( 'NONE', *, *, #1954, .F. ) ;
#1523 = CARTESIAN_POINT ( 'NONE',  ( 0.9171572875253811707, 2.082842712474618274, -3.738871506325005068E-16 ) ) ;
#1524 = ORIENTED_EDGE ( 'NONE', *, *, #1704, .T. ) ;
#1525 = ADVANCED_FACE ( 'NONE', ( #113 ), #1261, .T. ) ;
#1526 = CARTESIAN_POINT ( 'NONE',  ( -2.999999999999997780, -16.80000000000000071, 8.000000000000000000 ) ) ;
#1527 = VERTEX_POINT ( 'NONE', #1270 ) ;
#1528 = CARTESIAN_POINT ( 'NONE',  ( -3.000000000000000000, 1.999999999999999556, 0.1999999999999996503 ) ) ;
#1529 = DIRECTION ( 'NONE',  ( -0.000000000000000000, -0.000000000000000000, 1.000000000000000000 ) ) ;
#1530 = DIRECTION ( 'NONE',  ( 3.469446951953613696E-16, -1.000000000000000000, -0.000000000000000000 ) ) ;
#1531 = ADVANCED_FACE ( 'NONE', ( #557 ), #1227, .F. ) ;
#1532 = DIRECTION ( 'NONE',  ( -1.000000000000000000, -0.000000000000000000, -0.000000000000000000 ) ) ;
#1533 = ORIENTED_EDGE ( 'NONE', *, *, #830, .T. ) ;
#1534 = CARTESIAN_POINT ( 'NONE',  ( 0.000000000000000000, 4.300000000000000711, 8.000000000000000000 ) ) ;
#1535 = ORIENTED_EDGE ( 'NONE', *, *, #1306, .T. ) ;
#1536 = LINE ( 'NONE', #895, #1369 ) ;
#1537 = CIRCLE ( 'NONE', #124, 0.2000000000000000944 ) ;
#1538 = VECTOR ( 'NONE', #675, 1000.000000000000000 ) ;
#1539 = LINE ( 'NONE', #55, #1236 ) ;
#1540 = AXIS2_PLACEMENT_3D ( 'NONE', #1379, #730, #1224 ) ;
#1541 = CARTESIAN_POINT ( 'NONE',  ( -6.999999999999998224, -19.30000000000000782, 18.00000000000000355 ) ) ;
#1542 = VERTEX_POINT ( 'NONE', #243 ) ;
#1543 = CARTESIAN_POINT ( 'NONE',  ( 0.8000000000000000444, 2.199999999999999734, 8.000000000000000000 ) ) ;
#1544 = EDGE_CURVE ( 'NONE', #191, #870, #945, .T. ) ;
#1545 = VERTEX_POINT ( 'NONE', #581 ) ;
#1546 = VECTOR ( 'NONE', #1720, 1000.000000000000000 ) ;
#1547 = LINE ( 'NONE', #863, #293 ) ;
#1548 = AXIS2_PLACEMENT_3D ( 'NONE', #1776, #451, #774 ) ;
#1549 = ORIENTED_EDGE ( 'NONE', *, *, #219, .F. ) ;
#1550 = FACE_OUTER_BOUND ( 'NONE', #65, .T. ) ;
#1551 = CARTESIAN_POINT ( 'NONE',  ( 1.000000000000000000, 1.999999999999999556, 7.917157287525380838 ) ) ;
#1552 = FACE_OUTER_BOUND ( 'NONE', #1966, .T. ) ;
#1553 = ADVANCED_FACE ( 'NONE', ( #1400 ), #1882, .T. ) ;
#1554 = VERTEX_POINT ( 'NONE', #233 ) ;
#1555 = DIRECTION ( 'NONE',  ( -0.000000000000000000, 0.000000000000000000, 1.000000000000000000 ) ) ;
#1556 = DIRECTION ( 'NONE',  ( 0.000000000000000000, 0.000000000000000000, -1.000000000000000000 ) ) ;
#1557 = ORIENTED_EDGE ( 'NONE', *, *, #1746, .F. ) ;
#1558 =( LENGTH_UNIT ( ) NAMED_UNIT ( * ) SI_UNIT ( .MILLI., .METRE. ) );
#1559 = ORIENTED_EDGE ( 'NONE', *, *, #896, .T. ) ;
#1560 = PLANE ( 'NONE',  #1785 ) ;
#1561 = CARTESIAN_POINT ( 'NONE',  ( 7.500000000000000888, -22.00000000000001066, 4.000000000000003553 ) ) ;
#1562 = CARTESIAN_POINT ( 'NONE',  ( 5.299999999999998934, 4.300000000000000711, 0.1999999999999996503 ) ) ;
#1563 = EDGE_LOOP ( 'NONE', ( #1159, #360, #1621, #2022 ) ) ;
#1564 = ADVANCED_FACE ( 'NONE', ( #919 ), #567, .F. ) ;
#1565 = ORIENTED_EDGE ( 'NONE', *, *, #1195, .T. ) ;
#1566 = CARTESIAN_POINT ( 'NONE',  ( -8.999999999999998224, -21.80000000000000782, 10.00000000000000000 ) ) ;
#1567 = ORIENTED_EDGE ( 'NONE', *, *, #396, .T. ) ;
#1568 = LINE ( 'NONE', #1932, #1085 ) ;
#1569 = EDGE_CURVE ( 'NONE', #713, #589, #91, .T. ) ;
#1570 = ORIENTED_EDGE ( 'NONE', *, *, #822, .F. ) ;
#1571 = DIRECTION ( 'NONE',  ( 1.000000000000000000, 0.000000000000000000, 0.000000000000000000 ) ) ;
#1572 = CARTESIAN_POINT ( 'NONE',  ( 5.500000000000000000, 1.999999999999999556, 7.800000000000000711 ) ) ;
#1573 = VECTOR ( 'NONE', #1103, 1000.000000000000000 ) ;
#1574 = EDGE_CURVE ( 'NONE', #669, #1300, #2090, .T. ) ;
#1575 = DIRECTION ( 'NONE',  ( -0.000000000000000000, -1.000000000000000000, 0.000000000000000000 ) ) ;
#1576 = CARTESIAN_POINT ( 'NONE',  ( -6.999999999999999112, -17.30000000000001137, 10.00000000000000000 ) ) ;
#1577 = CIRCLE ( 'NONE', #1822, 0.2000000000000000944 ) ;
#1578 = DIRECTION ( 'NONE',  ( -0.000000000000000000, -0.000000000000000000, -1.000000000000000000 ) ) ;
#1579 = CARTESIAN_POINT ( 'NONE',  ( -14.29999999999999716, -17.00000000000000355, 7.800000000000000711 ) ) ;
#1580 = EDGE_LOOP ( 'NONE', ( #1330, #84, #410, #549 ) ) ;
#1581 = CYLINDRICAL_SURFACE ( 'NONE', #1183, 0.2000000000000005107 ) ;
#1582 = AXIS2_PLACEMENT_3D ( 'NONE', #537, #190, #1384 ) ;
#1583 = VECTOR ( 'NONE', #1420, 1000.000000000000000 ) ;
#1584 = ORIENTED_EDGE ( 'NONE', *, *, #136, .T. ) ;
#1585 = CARTESIAN_POINT ( 'NONE',  ( -6.999999999999998224, -19.30000000000000782, 10.00000000000000000 ) ) ;
#1586 = LINE ( 'NONE', #1269, #400 ) ;
#1587 = DIRECTION ( 'NONE',  ( -1.141265444721583757E-16, 1.000000000000000000, 0.000000000000000000 ) ) ;
#1588 = EDGE_CURVE ( 'NONE', #650, #2068, #1903, .T. ) ;
#1589 = EDGE_LOOP ( 'NONE', ( #1119, #1362, #564, #1901 ) ) ;
#1590 = DIRECTION ( 'NONE',  ( -1.000000000000000000, 0.000000000000000000, 0.000000000000000000 ) ) ;
#1591 = ORIENTED_EDGE ( 'NONE', *, *, #1453, .T. ) ;
#1592 = CARTESIAN_POINT ( 'NONE',  ( 12.30000000000000071, -17.19999999999999574, 0.2000000000000000111 ) ) ;
#1593 = ORIENTED_EDGE ( 'NONE', *, *, #40, .F. ) ;
#1594 = ADVANCED_FACE ( 'NONE', ( #1250 ), #1101, .F. ) ;
#1595 = CARTESIAN_POINT ( 'NONE',  ( -7.417157287525380838, 2.082842712474617830, -2.909817825752765801E-16 ) ) ;
#1596 = CARTESIAN_POINT ( 'NONE',  ( -2.799999999999999822, 1.999999999999999556, 0.1999999999999996503 ) ) ;
#1597 = DIRECTION ( 'NONE',  ( 1.000000000000000000, 0.000000000000000000, 0.000000000000000000 ) ) ;
#1598 = VERTEX_POINT ( 'NONE', #769 ) ;
#1599 = LINE ( 'NONE', #115, #1546 ) ;
#1600 = EDGE_CURVE ( 'NONE', #402, #920, #1009, .T. ) ;
#1601 = ORIENTED_EDGE ( 'NONE', *, *, #636, .F. ) ;
#1602 = DIRECTION ( 'NONE',  ( -0.000000000000000000, -0.000000000000000000, 1.000000000000000000 ) ) ;
#1603 = ORIENTED_EDGE ( 'NONE', *, *, #2087, .T. ) ;
#1604 = CARTESIAN_POINT ( 'NONE',  ( -2.999999999999997780, -17.00000000000000000, 8.000000000000000000 ) ) ;
#1605 = DIRECTION ( 'NONE',  ( -0.000000000000000000, -0.000000000000000000, -1.000000000000000000 ) ) ;
#1606 = CARTESIAN_POINT ( 'NONE',  ( 12.30000000000000071, -17.19999999999999574, 8.000000000000000000 ) ) ;
#1607 = AXIS2_PLACEMENT_3D ( 'NONE', #1100, #1307, #620 ) ;
#1608 = CARTESIAN_POINT ( 'NONE',  ( 0.8000000000000002665, 1.004313591354994022E-16, 7.800000000000000711 ) ) ;
#1609 = ORIENTED_EDGE ( 'NONE', *, *, #1112, .T. ) ;
#1610 = PLANE ( 'NONE',  #1239 ) ;
#1611 = AXIS2_PLACEMENT_3D ( 'NONE', #706, #387, #1055 ) ;
#1612 = VECTOR ( 'NONE', #825, 1000.000000000000000 ) ;
#1613 = EDGE_CURVE ( 'NONE', #1199, #334, #1426, .T. ) ;
#1614 = VERTEX_POINT ( 'NONE', #1925 ) ;
#1615 = LINE ( 'NONE', #1247, #707 ) ;
#1616 = CARTESIAN_POINT ( 'NONE',  ( -14.29999999999999716, -17.00000000000000355, 0.1999999999999996503 ) ) ;
#1617 = DIRECTION ( 'NONE',  ( 3.469446951953606300E-16, -1.000000000000000000, -0.000000000000000000 ) ) ;
#1618 = EDGE_CURVE ( 'NONE', #484, #5, #1832, .T. ) ;
#1619 = CYLINDRICAL_SURFACE ( 'NONE', #2120, 0.1999999999999999833 ) ;
#1620 = AXIS2_PLACEMENT_3D ( 'NONE', #1562, #2067, #756 ) ;
#1621 = ORIENTED_EDGE ( 'NONE', *, *, #476, .F. ) ;
#1622 = DIRECTION ( 'NONE',  ( 0.000000000000000000, 0.000000000000000000, 1.000000000000000000 ) ) ;
#1623 = ORIENTED_EDGE ( 'NONE', *, *, #1123, .F. ) ;
#1624 = EDGE_CURVE ( 'NONE', #479, #920, #2035, .T. ) ;
#1625 = DIRECTION ( 'NONE',  ( 0.000000000000000000, 0.000000000000000000, 1.000000000000000000 ) ) ;
#1626 = CARTESIAN_POINT ( 'NONE',  ( -14.29999999999999716, -21.80000000000001137, 7.800000000000000711 ) ) ;
#1627 = CARTESIAN_POINT ( 'NONE',  ( -2.799999999999999378, -3.195543245220433732E-16, 7.800000000000000711 ) ) ;
#1628 = CARTESIAN_POINT ( 'NONE',  ( -7.500000000000000888, 4.500000000000000888, 8.000000000000000000 ) ) ;
#1629 = ADVANCED_FACE ( 'NONE', ( #155 ), #1476, .T. ) ;
#1630 = ORIENTED_EDGE ( 'NONE', *, *, #1618, .F. ) ;
#1631 = LINE ( 'NONE', #150, #1072 ) ;
#1632 = EDGE_LOOP ( 'NONE', ( #1907, #141, #693, #1472 ) ) ;
#1633 = CYLINDRICAL_SURFACE ( 'NONE', #2088, 0.2000000000000000111 ) ;
#1634 = DIRECTION ( 'NONE',  ( -1.000000000000000000, 3.469446951953614189E-15, 0.000000000000000000 ) ) ;
#1635 = VECTOR ( 'NONE', #727, 1000.000000000000000 ) ;
#1636 = EDGE_CURVE ( 'NONE', #882, #323, #786, .T. ) ;
#1637 = DIRECTION ( 'NONE',  ( -0.000000000000000000, -0.000000000000000000, -1.000000000000000000 ) ) ;
#1638 = ORIENTED_EDGE ( 'NONE', *, *, #1377, .F. ) ;
#1639 = AXIS2_PLACEMENT_3D ( 'NONE', #2123, #618, #1452 ) ;
#1640 = CARTESIAN_POINT ( 'NONE',  ( -7.466159522127161274, -21.80000000000000782, 8.716515138991180578 ) ) ;
#1641 = ORIENTED_EDGE ( 'NONE', *, *, #848, .F. ) ;
#1642 = AXIS2_PLACEMENT_3D ( 'NONE', #987, #1605, #1947 ) ;
#1643 = VERTEX_POINT ( 'NONE', #137 ) ;
#1644 = CIRCLE ( 'NONE', #676, 0.2000000000000000111 ) ;
#1645 = CYLINDRICAL_SURFACE ( 'NONE', #630, 1.250000000000001110 ) ;
#1646 = DIRECTION ( 'NONE',  ( 3.469446951953606300E-16, -1.000000000000000000, 0.000000000000000000 ) ) ;
#1647 = VECTOR ( 'NONE', #1672, 1000.000000000000000 ) ;
#1648 = DIRECTION ( 'NONE',  ( -0.000000000000000000, 0.000000000000000000, -1.000000000000000000 ) ) ;
#1649 = ADVANCED_FACE ( 'NONE', ( #2091 ), #1088, .F. ) ;
#1650 = CARTESIAN_POINT ( 'NONE',  ( -8.999999999999998224, -19.30000000000000782, 8.000000000000000000 ) ) ;
#1651 = AXIS2_PLACEMENT_3D ( 'NONE', #249, #575, #426 ) ;
#1652 = ORIENTED_EDGE ( 'NONE', *, *, #1338, .T. ) ;
#1653 = VECTOR ( 'NONE', #599, 1000.000000000000000 ) ;
#1654 = FACE_OUTER_BOUND ( 'NONE', #152, .T. ) ;
#1655 = ORIENTED_EDGE ( 'NONE', *, *, #1429, .F. ) ;
#1656 = DIRECTION ( 'NONE',  ( 0.000000000000000000, 0.000000000000000000, -1.000000000000000000 ) ) ;
#1657 = EDGE_CURVE ( 'NONE', #5, #1941, #1110, .T. ) ;
#1658 = DIRECTION ( 'NONE',  ( 0.000000000000000000, 1.000000000000000000, -1.734723475976807094E-15 ) ) ;
#1659 = CARTESIAN_POINT ( 'NONE',  ( 5.562623851757767746, -21.80000000000000426, 8.601234547880824977 ) ) ;
#1660 = LINE ( 'NONE', #778, #2049 ) ;
#1661 = ADVANCED_FACE ( 'NONE', ( #277, #1444 ), #1904, .F. ) ;
#1662 = VERTEX_POINT ( 'NONE', #1778 ) ;
#1663 = DIRECTION ( 'NONE',  ( 0.000000000000000000, 1.000000000000000000, -0.000000000000000000 ) ) ;
#1664 = ORIENTED_EDGE ( 'NONE', *, *, #1917, .T. ) ;
#1665 = ADVANCED_FACE ( 'NONE', ( #1759 ), #1280, .T. ) ;
#1666 = ORIENTED_EDGE ( 'NONE', *, *, #1245, .T. ) ;
#1667 = DIRECTION ( 'NONE',  ( -0.000000000000000000, 1.000000000000000000, -0.000000000000000000 ) ) ;
#1668 = FACE_OUTER_BOUND ( 'NONE', #991, .T. ) ;
#1669 = CARTESIAN_POINT ( 'NONE',  ( 5.417157287525379061, 2.082842712474618718, -3.467820963203629945E-16 ) ) ;
#1670 = LINE ( 'NONE', #345, #264 ) ;
#1671 = EDGE_LOOP ( 'NONE', ( #260, #857, #892, #1405 ) ) ;
#1672 = DIRECTION ( 'NONE',  ( 0.000000000000000000, -0.000000000000000000, -1.000000000000000000 ) ) ;
#1673 = ORIENTED_EDGE ( 'NONE', *, *, #171, .T. ) ;
#1674 = ORIENTED_EDGE ( 'NONE', *, *, #1285, .F. ) ;
#1675 = CIRCLE ( 'NONE', #1302, 2.000000000000000000 ) ;
#1676 = ADVANCED_FACE ( 'NONE', ( #296 ), #418, .T. ) ;
#1677 = LINE ( 'NONE', #893, #1971 ) ;
#1678 = VECTOR ( 'NONE', #1521, 1000.000000000000000 ) ;
#1679 = VECTOR ( 'NONE', #154, 1000.000000000000000 ) ;
#1680 = ORIENTED_EDGE ( 'NONE', *, *, #691, .F. ) ;
#1681 = DIRECTION ( 'NONE',  ( -3.469446951953612217E-16, 1.000000000000000000, 0.000000000000000000 ) ) ;
#1682 = CARTESIAN_POINT ( 'NONE',  ( 7.500000000000000888, -16.99999999999999645, 2.550000000000003375 ) ) ;
#1683 = FACE_OUTER_BOUND ( 'NONE', #36, .T. ) ;
#1684 = AXIS2_PLACEMENT_3D ( 'NONE', #1016, #1833, #1974 ) ;
#1685 = EDGE_CURVE ( 'NONE', #1235, #1115, #1488, .T. ) ;
#1686 = CARTESIAN_POINT ( 'NONE',  ( 0.8000000000000000444, 2.199999999999999734, 0.000000000000000000 ) ) ;
#1687 = AXIS2_PLACEMENT_3D ( 'NONE', #1592, #415, #436 ) ;
#1688 = VERTEX_POINT ( 'NONE', #943 ) ;
#1689 = LINE ( 'NONE', #1231, #1485 ) ;
#1690 = EDGE_CURVE ( 'NONE', #558, #1199, #591, .T. ) ;
#1691 = EDGE_LOOP ( 'NONE', ( #1953, #1223, #1251, #405, #540 ) ) ;
#1692 = CARTESIAN_POINT ( 'NONE',  ( -7.299999999999999822, 2.199999999999999289, 8.000000000000000000 ) ) ;
#1693 = LINE ( 'NONE', #209, #2075 ) ;
#1694 = FACE_OUTER_BOUND ( 'NONE', #395, .T. ) ;
#1695 = ORIENTED_EDGE ( 'NONE', *, *, #1306, .F. ) ;
#1696 = CARTESIAN_POINT ( 'NONE',  ( 1.000000000000000222, 1.999999999999999556, 0.08284271247461864884 ) ) ;
#1697 = ADVANCED_FACE ( 'NONE', ( #1433, #122 ), #754, .F. ) ;
#1698 = ORIENTED_EDGE ( 'NONE', *, *, #682, .F. ) ;
#1699 = CARTESIAN_POINT ( 'NONE',  ( 1.200000000000002398, -16.80000000000000071, 7.800000000000000711 ) ) ;
#1700 = ORIENTED_EDGE ( 'NONE', *, *, #2080, .F. ) ;
#1701 = DIRECTION ( 'NONE',  ( 1.000000000000000000, -0.000000000000000000, 0.000000000000000000 ) ) ;
#1702 = CARTESIAN_POINT ( 'NONE',  ( 7.500000000000000888, -22.00000000000001066, 4.000000000000003553 ) ) ;
#1703 = DIRECTION ( 'NONE',  ( -1.000000000000000000, -9.637352644315595243E-17, 0.000000000000000000 ) ) ;
#1704 = EDGE_CURVE ( 'NONE', #1062, #484, #1615, .T. ) ;
#1705 = VERTEX_POINT ( 'NONE', #2109 ) ;
#1706 = DIRECTION ( 'NONE',  ( -1.000000000000000000, -0.000000000000000000, -0.000000000000000000 ) ) ;
#1707 = VECTOR ( 'NONE', #1194, 1000.000000000000000 ) ;
#1708 = ORIENTED_EDGE ( 'NONE', *, *, #126, .T. ) ;
#1709 = LINE ( 'NONE', #1050, #1922 ) ;
#1710 = VECTOR ( 'NONE', #1814, 1000.000000000000000 ) ;
#1711 = ORIENTED_EDGE ( 'NONE', *, *, #344, .T. ) ;
#1712 = ADVANCED_FACE ( 'NONE', ( #1129 ), #1258, .F. ) ;
#1713 = CIRCLE ( 'NONE', #1067, 1.450000000000000400 ) ;
#1714 = DIRECTION ( 'NONE',  ( 0.000000000000000000, 0.000000000000000000, -1.000000000000000000 ) ) ;
#1715 = VECTOR ( 'NONE', #719, 1000.000000000000000 ) ;
#1716 = CARTESIAN_POINT ( 'NONE',  ( -9.499999999999996447, -25.00000000000000000, 5.250000000000004441 ) ) ;
#1717 = AXIS2_PLACEMENT_3D ( 'NONE', #1469, #1168, #2129 ) ;
#1718 = DIRECTION ( 'NONE',  ( -3.469446951953606300E-16, 1.000000000000000000, 0.000000000000000000 ) ) ;
#1719 = DIRECTION ( 'NONE',  ( 1.000000000000000000, 0.000000000000000000, 0.000000000000000000 ) ) ;
#1720 = DIRECTION ( 'NONE',  ( 1.000000000000000000, 2.891205793294678326E-16, 0.000000000000000000 ) ) ;
#1721 = ORIENTED_EDGE ( 'NONE', *, *, #476, .T. ) ;
#1722 = TOROIDAL_SURFACE ( 'NONE', #795, 1.450000000000001288, 0.2000000000000000111 ) ;
#1723 = DIRECTION ( 'NONE',  ( -3.469446951953616654E-16, 1.000000000000000000, 0.000000000000000000 ) ) ;
#1724 = AXIS2_PLACEMENT_3D ( 'NONE', #750, #460, #109 ) ;
#1725 = ORIENTED_EDGE ( 'NONE', *, *, #1636, .T. ) ;
#1726 = DIRECTION ( 'NONE',  ( 1.000000000000000000, 3.469446951953616654E-16, -0.000000000000000000 ) ) ;
#1727 = EDGE_CURVE ( 'NONE', #323, #2068, #1537, .T. ) ;
#1728 = DIRECTION ( 'NONE',  ( 0.000000000000000000, -1.000000000000000000, 0.000000000000000000 ) ) ;
#1729 = DIRECTION ( 'NONE',  ( 1.255391989193742158E-16, -1.000000000000000000, 0.000000000000000000 ) ) ;
#1730 = ORIENTED_EDGE ( 'NONE', *, *, #1690, .T. ) ;
#1731 = CARTESIAN_POINT ( 'NONE',  ( -14.29999999999999716, -17.20000000000000284, 0.000000000000000000 ) ) ;
#1732 = DIRECTION ( 'NONE',  ( -0.000000000000000000, -1.000000000000000000, 0.000000000000000000 ) ) ;
#1733 = ORIENTED_EDGE ( 'NONE', *, *, #116, .T. ) ;
#1734 = EDGE_CURVE ( 'NONE', #1643, #870, #1924, .T. ) ;
#1735 = ORIENTED_EDGE ( 'NONE', *, *, #358, .T. ) ;
#1736 = DIRECTION ( 'NONE',  ( 0.000000000000000000, 0.000000000000000000, -1.000000000000000000 ) ) ;
#1737 = DIRECTION ( 'NONE',  ( 3.016910393003142859E-16, -1.000000000000000000, 0.000000000000000000 ) ) ;
#1738 = DIRECTION ( 'NONE',  ( 0.000000000000000000, 0.000000000000000000, 1.000000000000000000 ) ) ;
#1739 = CARTESIAN_POINT ( 'NONE',  ( -14.49999999999999645, -22.00000000000001066, 8.000000000000000000 ) ) ;
#1740 = ORIENTED_EDGE ( 'NONE', *, *, #1927, .F. ) ;
#1741 = CARTESIAN_POINT ( 'NONE',  ( -3.000000000000000000, 1.999999999999999556, 8.000000000000000000 ) ) ;
#1742 = CARTESIAN_POINT ( 'NONE',  ( 1.200000000000002398, -17.19999999999999574, 7.800000000000000711 ) ) ;
#1743 = ORIENTED_EDGE ( 'NONE', *, *, #888, .F. ) ;
#1744 = SPHERICAL_SURFACE ( 'NONE', #1268, 0.2000000000000000111 ) ;
#1745 = ORIENTED_EDGE ( 'NONE', *, *, #185, .F. ) ;
#1746 = EDGE_CURVE ( 'NONE', #1688, #1774, #401, .T. ) ;
#1747 = DIRECTION ( 'NONE',  ( -1.255391989193742158E-16, 1.000000000000000000, 0.000000000000000000 ) ) ;
#1748 = CARTESIAN_POINT ( 'NONE',  ( 12.50000000000000000, -17.19999999999999574, 7.800000000000000711 ) ) ;
#1749 = CARTESIAN_POINT ( 'NONE',  ( 12.30000000000000071, -17.19999999999999574, 0.2000000000000000111 ) ) ;
#1750 = CARTESIAN_POINT ( 'NONE',  ( -3.000000000000000000, 1.999999999999999556, 8.000000000000000000 ) ) ;
#1751 = VECTOR ( 'NONE', #1981, 1000.000000000000000 ) ;
#1752 = AXIS2_PLACEMENT_3D ( 'NONE', #1510, #673, #500 ) ;
#1753 = CARTESIAN_POINT ( 'NONE',  ( 12.29999999999999538, 4.267419750902933619E-15, 8.000000000000000000 ) ) ;
#1754 = DIRECTION ( 'NONE',  ( 0.000000000000000000, 0.000000000000000000, 1.000000000000000000 ) ) ;
#1755 = ORIENTED_EDGE ( 'NONE', *, *, #1021, .T. ) ;
#1756 = LINE ( 'NONE', #941, #835 ) ;
#1757 = CIRCLE ( 'NONE', #2045, 0.1999999999999996503 ) ;
#1758 = VERTEX_POINT ( 'NONE', #1748 ) ;
#1759 = FACE_OUTER_BOUND ( 'NONE', #551, .T. ) ;
#1760 = EDGE_CURVE ( 'NONE', #2083, #5, #930, .T. ) ;
#1761 = CARTESIAN_POINT ( 'NONE',  ( -9.499999999999996447, -17.00000000000000355, 4.000000000000003553 ) ) ;
#1762 = DIRECTION ( 'NONE',  ( 1.000000000000000000, 0.000000000000000000, 0.000000000000000000 ) ) ;
#1763 = ADVANCED_FACE ( 'NONE', ( #1955 ), #1645, .F. ) ;
#1764 = LINE ( 'NONE', #746, #1309 ) ;
#1765 = ORIENTED_EDGE ( 'NONE', *, *, #286, .T. ) ;
#1766 = FACE_OUTER_BOUND ( 'NONE', #1322, .T. ) ;
#1767 = EDGE_LOOP ( 'NONE', ( #1843, #1912, #688, #2118 ) ) ;
#1768 = DIRECTION ( 'NONE',  ( 0.000000000000000000, -1.000000000000000000, 0.000000000000000000 ) ) ;
#1769 = DIRECTION ( 'NONE',  ( 0.000000000000000000, 0.000000000000000000, -1.000000000000000000 ) ) ;
#1770 = ADVANCED_FACE ( 'NONE', ( #841 ), #182, .T. ) ;
#1771 = LINE ( 'NONE', #804, #606 ) ;
#1772 = EDGE_CURVE ( 'NONE', #1128, #292, #1775, .T. ) ;
#1773 = DIRECTION ( 'NONE',  ( 0.000000000000000000, 0.000000000000000000, -1.000000000000000000 ) ) ;
#1774 = VERTEX_POINT ( 'NONE', #1152 ) ;
#1775 = CIRCLE ( 'NONE', #1846, 0.2000000000000000944 ) ;
#1776 = CARTESIAN_POINT ( 'NONE',  ( -9.499999999999996447, -17.19999999999999929, 4.000000000000003553 ) ) ;
#1777 = ORIENTED_EDGE ( 'NONE', *, *, #785, .T. ) ;
#1778 = CARTESIAN_POINT ( 'NONE',  ( -8.049999999999995381, -17.00000000000000000, 4.000000000000003553 ) ) ;
#1779 = EDGE_CURVE ( 'NONE', #402, #58, #849, .T. ) ;
#1780 = DIRECTION ( 'NONE',  ( 1.000000000000000000, 0.000000000000000000, 0.000000000000000000 ) ) ;
#1781 = DIRECTION ( 'NONE',  ( -0.000000000000000000, 1.000000000000000000, -0.000000000000000000 ) ) ;
#1782 = VECTOR ( 'NONE', #988, 1000.000000000000000 ) ;
#1783 = DIRECTION ( 'NONE',  ( 0.000000000000000000, 0.000000000000000000, 1.000000000000000000 ) ) ;
#1784 = VECTOR ( 'NONE', #2030, 1000.000000000000000 ) ;
#1785 = AXIS2_PLACEMENT_3D ( 'NONE', #1902, #384, #1052 ) ;
#1786 = ORIENTED_EDGE ( 'NONE', *, *, #1779, .F. ) ;
#1787 = CARTESIAN_POINT ( 'NONE',  ( 7.500000000000000888, -25.00000000000000000, 4.000000000000003553 ) ) ;
#1788 = ORIENTED_EDGE ( 'NONE', *, *, #1245, .F. ) ;
#1789 = DIRECTION ( 'NONE',  ( 0.000000000000000000, 0.000000000000000000, 1.000000000000000000 ) ) ;
#1790 = AXIS2_PLACEMENT_3D ( 'NONE', #1116, #1897, #1909 ) ;
#1791 = CARTESIAN_POINT ( 'NONE',  ( 7.000000000000002665, -21.80000000000001137, 8.000000000000000000 ) ) ;
#1792 = DIRECTION ( 'NONE',  ( 0.000000000000000000, -1.000000000000000000, -0.000000000000000000 ) ) ;
#1793 = AXIS2_PLACEMENT_3D ( 'NONE', #1566, #922, #1930 ) ;
#1794 = ADVANCED_FACE ( 'NONE', ( #1496 ), #1474, .F. ) ;
#1795 = CARTESIAN_POINT ( 'NONE',  ( 12.50000000000000000, -17.19999999999999574, 8.000000000000000000 ) ) ;
#1796 = FACE_OUTER_BOUND ( 'NONE', #1041, .T. ) ;
#1797 = EDGE_LOOP ( 'NONE', ( #1623, #378, #1865, #1666, #49 ) ) ;
#1798 = SPHERICAL_SURFACE ( 'NONE', #1684, 0.2000000000000000111 ) ;
#1799 = ORIENTED_EDGE ( 'NONE', *, *, #1976, .T. ) ;
#1800 = EDGE_CURVE ( 'NONE', #189, #1598, #1836, .T. ) ;
#1801 = CIRCLE ( 'NONE', #657, 0.1999999999999999833 ) ;
#1802 = DIRECTION ( 'NONE',  ( 3.016910393003143845E-16, -1.000000000000000000, 0.000000000000000000 ) ) ;
#1803 = CARTESIAN_POINT ( 'NONE',  ( -14.29999999999999716, -21.80000000000001137, 0.2000000000000000111 ) ) ;
#1804 = LINE ( 'NONE', #970, #570 ) ;
#1805 = CARTESIAN_POINT ( 'NONE',  ( -7.300000000000000711, 4.300000000000000711, 0.1999999999999996503 ) ) ;
#1806 = ORIENTED_EDGE ( 'NONE', *, *, #427, .T. ) ;
#1807 = DIRECTION ( 'NONE',  ( 0.000000000000000000, -0.000000000000000000, -1.000000000000000000 ) ) ;
#1808 = ORIENTED_EDGE ( 'NONE', *, *, #165, .T. ) ;
#1809 = ORIENTED_EDGE ( 'NONE', *, *, #75, .T. ) ;
#1810 = CARTESIAN_POINT ( 'NONE',  ( 1.000000000000000000, 1.999999999999999556, 8.000000000000000000 ) ) ;
#1811 = ADVANCED_FACE ( 'NONE', ( #1487 ), #308, .T. ) ;
#1812 = DIRECTION ( 'NONE',  ( -0.000000000000000000, -0.000000000000000000, -1.000000000000000000 ) ) ;
#1813 = EDGE_LOOP ( 'NONE', ( #1092, #569, #658, #285 ) ) ;
#1814 = DIRECTION ( 'NONE',  ( -1.000000000000000000, -2.891205793294678326E-16, -0.000000000000000000 ) ) ;
#1815 = LINE ( 'NONE', #1650, #1678 ) ;
#1816 = AXIS2_PLACEMENT_3D ( 'NONE', #1093, #1080, #1262 ) ;
#1817 = CIRCLE ( 'NONE', #18, 0.1999999999999996503 ) ;
#1818 = ORIENTED_EDGE ( 'NONE', *, *, #580, .T. ) ;
#1819 = CARTESIAN_POINT ( 'NONE',  ( -7.670225390141009569, -21.80976206647966009, 8.498912218237618887 ) ) ;
#1820 = VERTEX_POINT ( 'NONE', #810 ) ;
#1821 = EDGE_CURVE ( 'NONE', #1230, #1128, #1019, .T. ) ;
#1822 = AXIS2_PLACEMENT_3D ( 'NONE', #957, #2135, #821 ) ;
#1823 = ORIENTED_EDGE ( 'NONE', *, *, #2116, .F. ) ;
#1824 = AXIS2_PLACEMENT_3D ( 'NONE', #577, #1087, #1736 ) ;
#1825 = FACE_BOUND ( 'NONE', #1841, .T. ) ;
#1826 = CARTESIAN_POINT ( 'NONE',  ( -7.299999999999999822, 1.999999999999999112, 0.1999999999999996503 ) ) ;
#1827 = VECTOR ( 'NONE', #1532, 1000.000000000000000 ) ;
#1828 = CIRCLE ( 'NONE', #1478, 0.2000000000000005107 ) ;
#1829 = CARTESIAN_POINT ( 'NONE',  ( -14.29999999999999716, 0.000000000000000000, 7.800000000000000711 ) ) ;
#1830 = DIRECTION ( 'NONE',  ( -1.000000000000000000, 0.000000000000000000, 0.000000000000000000 ) ) ;
#1831 = ORIENTED_EDGE ( 'NONE', *, *, #2064, .F. ) ;
#1832 = CIRCLE ( 'NONE', #900, 0.1999999999999999833 ) ;
#1833 = DIRECTION ( 'NONE',  ( 0.000000000000000000, 1.000000000000000000, 0.000000000000000000 ) ) ;
#1834 = ORIENTED_EDGE ( 'NONE', *, *, #411, .T. ) ;
#1835 = ORIENTED_EDGE ( 'NONE', *, *, #1155, .F. ) ;
#1836 = LINE ( 'NONE', #985, #2065 ) ;
#1837 = CYLINDRICAL_SURFACE ( 'NONE', #230, 0.1999999999999996503 ) ;
#1838 = DIRECTION ( 'NONE',  ( -2.891205793294678326E-16, 1.000000000000000000, 0.000000000000000000 ) ) ;
#1839 = CARTESIAN_POINT ( 'NONE',  ( 0.000000000000000000, -21.80000000000001137, 8.000000000000000000 ) ) ;
#1840 = ADVANCED_FACE ( 'NONE', ( #1161 ), #670, .T. ) ;
#1841 = EDGE_LOOP ( 'NONE', ( #961, #752 ) ) ;
#1842 = CARTESIAN_POINT ( 'NONE',  ( -3.000000000000000000, 1.999999999999999556, 0.1999999999999996503 ) ) ;
#1843 = ORIENTED_EDGE ( 'NONE', *, *, #1473, .T. ) ;
#1844 = CARTESIAN_POINT ( 'NONE',  ( -7.500000000000000000, 1.999999999999999112, 8.000000000000000000 ) ) ;
#1845 = DIRECTION ( 'NONE',  ( -1.000000000000000000, 0.000000000000000000, 0.000000000000000000 ) ) ;
#1846 = AXIS2_PLACEMENT_3D ( 'NONE', #498, #1141, #1789 ) ;
#1847 = ADVANCED_FACE ( 'NONE', ( #480 ), #1633, .T. ) ;
#1848 = DIRECTION ( 'NONE',  ( -3.469446951953613696E-16, 1.000000000000000000, 0.000000000000000000 ) ) ;
#1849 = CARTESIAN_POINT ( 'NONE',  ( 5.500000000000000000, 2.199999999999999734, 0.1999999999999996503 ) ) ;
#1850 = CARTESIAN_POINT ( 'NONE',  ( 0.000000000000000000, 0.000000000000000000, 0.000000000000000000 ) ) ;
#1851 = EDGE_LOOP ( 'NONE', ( #1191, #490, #1004, #1208 ) ) ;
#1852 = DIRECTION ( 'NONE',  ( -1.000000000000000000, 0.000000000000000000, 0.000000000000000000 ) ) ;
#1853 = ADVANCED_FACE ( 'NONE', ( #818 ), #801, .T. ) ;
#1854 = ORIENTED_EDGE ( 'NONE', *, *, #1976, .F. ) ;
#1855 = CIRCLE ( 'NONE', #925, 1.450000000000001732 ) ;
#1856 = DIRECTION ( 'NONE',  ( 0.000000000000000000, 0.000000000000000000, -1.000000000000000000 ) ) ;
#1857 = VECTOR ( 'NONE', #1046, 1000.000000000000000 ) ;
#1858 = ORIENTED_EDGE ( 'NONE', *, *, #25, .F. ) ;
#1859 = CYLINDRICAL_SURFACE ( 'NONE', #749, 0.1999999999999996503 ) ;
#1860 = CARTESIAN_POINT ( 'NONE',  ( 5.670222268279581535, -21.80976178820411704, 8.498915189202030263 ) ) ;
#1861 = ADVANCED_FACE ( 'NONE', ( #1825, #663, #829 ), #651, .F. ) ;
#1862 = DIRECTION ( 'NONE',  ( 0.000000000000000000, 1.000000000000000000, 0.000000000000000000 ) ) ;
#1863 = CIRCLE ( 'NONE', #611, 0.1999999999999996503 ) ;
#1864 = CIRCLE ( 'NONE', #1282, 0.3999999999999999667 ) ;
#1865 = ORIENTED_EDGE ( 'NONE', *, *, #1149, .F. ) ;
#1866 = VECTOR ( 'NONE', #1983, 1000.000000000000000 ) ;
#1867 =( BOUNDED_CURVE ( )  B_SPLINE_CURVE ( 3, ( #1686, #1523, #1696, #846 ),
 .UNSPECIFIED., .F., .T. ) 
 B_SPLINE_CURVE_WITH_KNOTS ( ( 4, 4 ),
 ( 4.712388980384689674, 6.283185307179586232 ),
 .UNSPECIFIED. ) 
 CURVE ( )  GEOMETRIC_REPRESENTATION_ITEM ( )  RATIONAL_B_SPLINE_CURVE ( ( 1.000000000000000000, 0.8047378541243649375, 0.8047378541243649375, 1.000000000000000000 ) ) 
 REPRESENTATION_ITEM ( '' )  );
#1868 = VERTEX_POINT ( 'NONE', #327 ) ;
#1869 = DIRECTION ( 'NONE',  ( 0.000000000000000000, -0.000000000000000000, -1.000000000000000000 ) ) ;
#1870 = ORIENTED_EDGE ( 'NONE', *, *, #1963, .F. ) ;
#1871 = EDGE_CURVE ( 'NONE', #716, #3, #6, .T. ) ;
#1872 = FACE_OUTER_BOUND ( 'NONE', #680, .T. ) ;
#1873 = DIRECTION ( 'NONE',  ( -1.000000000000000000, 0.000000000000000000, 0.000000000000000000 ) ) ;
#1874 = DIRECTION ( 'NONE',  ( -0.000000000000000000, -1.000000000000000000, -0.000000000000000000 ) ) ;
#1875 = VERTEX_POINT ( 'NONE', #1008 ) ;
#1876 = FILL_AREA_STYLE_COLOUR ( '', #445 ) ;
#1877 = VERTEX_POINT ( 'NONE', #1335 ) ;
#1878 = DIRECTION ( 'NONE',  ( -0.000000000000000000, -0.000000000000000000, 1.000000000000000000 ) ) ;
#1879 = EDGE_LOOP ( 'NONE', ( #216, #735, #357, #2139 ) ) ;
#1880 = DIRECTION ( 'NONE',  ( -2.891205793294678326E-16, 1.000000000000000000, 0.000000000000000000 ) ) ;
#1881 = EDGE_CURVE ( 'NONE', #484, #1180, #2004, .T. ) ;
#1882 = CYLINDRICAL_SURFACE ( 'NONE', #61, 0.2000000000000005107 ) ;
#1883 = CARTESIAN_POINT ( 'NONE',  ( 1.200000000000002398, -16.99999999999999645, 0.1999999999999996503 ) ) ;
#1884 = SURFACE_STYLE_USAGE ( .BOTH. , #203 ) ;
#1885 = ORIENTED_EDGE ( 'NONE', *, *, #1958, .T. ) ;
#1886 = EDGE_CURVE ( 'NONE', #2071, #1235, #35, .T. ) ;
#1887 = CARTESIAN_POINT ( 'NONE',  ( -7.500000000000000000, 1.999999999999999112, 8.000000000000000000 ) ) ;
#1888 = EDGE_LOOP ( 'NONE', ( #163, #231, #469, #1294 ) ) ;
#1889 = AXIS2_PLACEMENT_3D ( 'NONE', #1197, #1848, #1032 ) ;
#1890 = CARTESIAN_POINT ( 'NONE',  ( -8.999999999999998224, -21.80000000000001137, 10.00000000000000000 ) ) ;
#1891 = VECTOR ( 'NONE', #1233, 1000.000000000000000 ) ;
#1892 = FACE_OUTER_BOUND ( 'NONE', #2086, .T. ) ;
#1893 = CARTESIAN_POINT ( 'NONE',  ( -2.799999999999997602, -16.80000000000000071, 7.800000000000000711 ) ) ;
#1894 = EDGE_LOOP ( 'NONE', ( #1603, #1442, #1275 ) ) ;
#1895 = CARTESIAN_POINT ( 'NONE',  ( 1.200000000000002398, -16.80000000000000071, 0.1999999999999996503 ) ) ;
#1896 = EDGE_CURVE ( 'NONE', #248, #1643, #1074, .T. ) ;
#1897 = DIRECTION ( 'NONE',  ( 1.224646799147353207E-16, 3.694649656105682246E-32, 1.000000000000000000 ) ) ;
#1898 = ORIENTED_EDGE ( 'NONE', *, *, #726, .F. ) ;
#1899 = CIRCLE ( 'NONE', #1790, 0.2000000000000005107 ) ;
#1900 =( NAMED_UNIT ( * ) PLANE_ANGLE_UNIT ( ) SI_UNIT ( $, .RADIAN. ) );
#1901 = ORIENTED_EDGE ( 'NONE', *, *, #1613, .T. ) ;
#1902 = CARTESIAN_POINT ( 'NONE',  ( -7.500000000000000000, 1.999999999999999112, 8.000000000000000000 ) ) ;
#1903 = CIRCLE ( 'NONE', #32, 0.1999999999999996503 ) ;
#1904 = PLANE ( 'NONE',  #1998 ) ;
#1905 = PLANE ( 'NONE',  #1607 ) ;
#1906 = DIRECTION ( 'NONE',  ( -1.000000000000000000, 0.000000000000000000, 0.000000000000000000 ) ) ;
#1907 = ORIENTED_EDGE ( 'NONE', *, *, #770, .T. ) ;
#1908 = DIRECTION ( 'NONE',  ( -1.000000000000000000, 0.000000000000000000, 0.000000000000000000 ) ) ;
#1909 = DIRECTION ( 'NONE',  ( 1.000000000000000000, 0.000000000000000000, 0.000000000000000000 ) ) ;
#1910 = ADVANCED_FACE ( 'NONE', ( #1028 ), #238, .F. ) ;
#1911 = ORIENTED_EDGE ( 'NONE', *, *, #888, .T. ) ;
#1912 = ORIENTED_EDGE ( 'NONE', *, *, #2122, .F. ) ;
#1913 = DIRECTION ( 'NONE',  ( 0.000000000000000000, 1.000000000000000000, 0.000000000000000000 ) ) ;
#1914 = DIRECTION ( 'NONE',  ( -1.000000000000000000, 0.000000000000000000, 0.000000000000000000 ) ) ;
#1915 = FACE_OUTER_BOUND ( 'NONE', #824, .T. ) ;
#1916 = DIRECTION ( 'NONE',  ( 0.000000000000000000, 0.000000000000000000, -1.000000000000000000 ) ) ;
#1917 = EDGE_CURVE ( 'NONE', #2150, #2068, #529, .T. ) ;
#1918 = CARTESIAN_POINT ( 'NONE',  ( -6.999999999999997335, -21.80000000000001137, 10.00000000000000000 ) ) ;
#1919 = CARTESIAN_POINT ( 'NONE',  ( -6.999999999999997335, -21.80000000000000782, 18.00000000000000355 ) ) ;
#1920 = EDGE_LOOP ( 'NONE', ( #1350, #1139, #10, #1385, #878 ) ) ;
#1921 = CARTESIAN_POINT ( 'NONE',  ( -7.300000000000000711, 4.300000000000000711, 7.800000000000000711 ) ) ;
#1922 = VECTOR ( 'NONE', #215, 1000.000000000000000 ) ;
#1923 = ORIENTED_EDGE ( 'NONE', *, *, #1002, .T. ) ;
#1924 = LINE ( 'NONE', #1585, #1336 ) ;
#1925 = CARTESIAN_POINT ( 'NONE',  ( -14.49999999999999645, -17.20000000000000284, 7.800000000000000711 ) ) ;
#1926 = CIRCLE ( 'NONE', #20, 1.250000000000000222 ) ;
#1927 = EDGE_CURVE ( 'NONE', #1300, #1451, #1677, .T. ) ;
#1928 = CIRCLE ( 'NONE', #998, 0.1999999999999987899 ) ;
#1929 = DIRECTION ( 'NONE',  ( 0.000000000000000000, 0.000000000000000000, 1.000000000000000000 ) ) ;
#1930 = DIRECTION ( 'NONE',  ( -1.000000000000000000, 0.000000000000000000, 0.000000000000000000 ) ) ;
#1931 = ORIENTED_EDGE ( 'NONE', *, *, #305, .F. ) ;
#1932 = CARTESIAN_POINT ( 'NONE',  ( 0.8000000000000023759, -16.99999999999999645, 0.000000000000000000 ) ) ;
#1933 = VECTOR ( 'NONE', #379, 1000.000000000000000 ) ;
#1934 = ORIENTED_EDGE ( 'NONE', *, *, #1325, .T. ) ;
#1935 = DIRECTION ( 'NONE',  ( 0.000000000000000000, 0.000000000000000000, -1.000000000000000000 ) ) ;
#1936 =( BOUNDED_CURVE ( )  B_SPLINE_CURVE ( 3, ( #1447, #2143, #1949, #331 ),
 .UNSPECIFIED., .F., .T. ) 
 B_SPLINE_CURVE_WITH_KNOTS ( ( 4, 4 ),
 ( 4.712388980384689674, 6.283185307179586232 ),
 .UNSPECIFIED. ) 
 CURVE ( )  GEOMETRIC_REPRESENTATION_ITEM ( )  RATIONAL_B_SPLINE_CURVE ( ( 1.000000000000000000, 0.8047378541243649375, 0.8047378541243649375, 1.000000000000000000 ) ) 
 REPRESENTATION_ITEM ( '' )  );
#1937 = EDGE_CURVE ( 'NONE', #1128, #667, #1044, .T. ) ;
#1938 = DIRECTION ( 'NONE',  ( 1.141265444721583757E-16, -1.000000000000000000, 0.000000000000000000 ) ) ;
#1939 = DIRECTION ( 'NONE',  ( -9.637352644315580452E-17, 1.000000000000000000, 0.000000000000000000 ) ) ;
#1940 = CARTESIAN_POINT ( 'NONE',  ( 5.828427124746191623, -18.47157287525381619, 8.000000000000000000 ) ) ;
#1941 = VERTEX_POINT ( 'NONE', #2024 ) ;
#1942 = CARTESIAN_POINT ( 'NONE',  ( -7.500000000000000000, 1.999999999999999112, 7.800000000000000711 ) ) ;
#1943 = EDGE_CURVE ( 'NONE', #859, #1643, #1689, .T. ) ;
#1944 = CIRCLE ( 'NONE', #1319, 1.450000000000001732 ) ;
#1945 = ORIENTED_EDGE ( 'NONE', *, *, #758, .F. ) ;
#1946 = DIRECTION ( 'NONE',  ( -1.000000000000000000, -3.016910393003142859E-16, 0.000000000000000000 ) ) ;
#1947 = DIRECTION ( 'NONE',  ( -1.000000000000000000, 0.000000000000000000, 0.000000000000000000 ) ) ;
#1948 = CARTESIAN_POINT ( 'NONE',  ( -14.29999999999999716, -17.20000000000000284, 0.1999999999999996503 ) ) ;
#1949 = CARTESIAN_POINT ( 'NONE',  ( -7.500000000000000000, 1.999999999999999112, 7.917157287525380838 ) ) ;
#1950 = LINE ( 'NONE', #794, #1114 ) ;
#1951 = EDGE_LOOP ( 'NONE', ( #1232, #336, #1638, #729 ) ) ;
#1952 = CARTESIAN_POINT ( 'NONE',  ( -9.499999999999996447, -22.00000000000001066, 4.000000000000003553 ) ) ;
#1953 = ORIENTED_EDGE ( 'NONE', *, *, #940, .F. ) ;
#1954 = EDGE_CURVE ( 'NONE', #1987, #248, #714, .T. ) ;
#1955 = FACE_OUTER_BOUND ( 'NONE', #1920, .T. ) ;
#1956 = DIRECTION ( 'NONE',  ( -0.000000000000000000, 1.000000000000000000, -0.000000000000000000 ) ) ;
#1957 = VECTOR ( 'NONE', #1392, 1000.000000000000000 ) ;
#1958 = EDGE_CURVE ( 'NONE', #178, #1875, #119, .T. ) ;
#1959 = CARTESIAN_POINT ( 'NONE',  ( 5.417157287525379061, 2.082842712474618718, 8.000000000000000000 ) ) ;
#1960 = CIRCLE ( 'NONE', #963, 0.1999999999999996503 ) ;
#1961 = DIRECTION ( 'NONE',  ( 0.000000000000000000, -1.000000000000000000, 0.000000000000000000 ) ) ;
#1962 = CIRCLE ( 'NONE', #2148, 0.2000000000000005107 ) ;
#1963 = EDGE_CURVE ( 'NONE', #654, #1047, #195, .T. ) ;
#1964 = ORIENTED_EDGE ( 'NONE', *, *, #915, .T. ) ;
#1965 = CARTESIAN_POINT ( 'NONE',  ( -8.033538763992089216, -21.85628506880166100, 8.240525984013682859 ) ) ;
#1966 = EDGE_LOOP ( 'NONE', ( #1980, #1786, #929, #42 ) ) ;
#1967 = CARTESIAN_POINT ( 'NONE',  ( 1.000000000000002442, -16.99999999999999645, 0.1999999999999996503 ) ) ;
#1968 = AXIS2_PLACEMENT_3D ( 'NONE', #282, #434, #107 ) ;
#1969 = CARTESIAN_POINT ( 'NONE',  ( 12.30000000000000071, -16.99999999999999645, 7.800000000000000711 ) ) ;
#1970 = CARTESIAN_POINT ( 'NONE',  ( 5.500000000000000000, 1.999999999999999556, 0.1999999999999996503 ) ) ;
#1971 = VECTOR ( 'NONE', #1203, 1000.000000000000000 ) ;
#1972 = DIRECTION ( 'NONE',  ( 0.000000000000000000, 0.000000000000000000, -1.000000000000000000 ) ) ;
#1973 = ORIENTED_EDGE ( 'NONE', *, *, #1082, .F. ) ;
#1974 = DIRECTION ( 'NONE',  ( 1.000000000000000000, 0.000000000000000000, 0.000000000000000000 ) ) ;
#1975 = ORIENTED_EDGE ( 'NONE', *, *, #256, .F. ) ;
#1976 = EDGE_CURVE ( 'NONE', #1542, #1049, #1547, .T. ) ;
#1977 = ORIENTED_EDGE ( 'NONE', *, *, #580, .F. ) ;
#1978 = CARTESIAN_POINT ( 'NONE',  ( 12.50000000000000178, -22.00000000000001066, 8.000000000000000000 ) ) ;
#1979 = CYLINDRICAL_SURFACE ( 'NONE', #891, 0.1999999999999996503 ) ;
#1980 = ORIENTED_EDGE ( 'NONE', *, *, #419, .T. ) ;
#1981 = DIRECTION ( 'NONE',  ( 3.469446951953616654E-16, -1.000000000000000000, -0.000000000000000000 ) ) ;
#1982 = ADVANCED_FACE ( 'NONE', ( #563 ), #2106, .T. ) ;
#1983 = DIRECTION ( 'NONE',  ( -0.000000000000000000, 1.000000000000000000, -0.000000000000000000 ) ) ;
#1984 = ORIENTED_EDGE ( 'NONE', *, *, #1685, .T. ) ;
#1985 = DIRECTION ( 'NONE',  ( 0.000000000000000000, 0.000000000000000000, 1.000000000000000000 ) ) ;
#1986 = ORIENTED_EDGE ( 'NONE', *, *, #1318, .T. ) ;
#1987 = VERTEX_POINT ( 'NONE', #681 ) ;
#1988 = DIRECTION ( 'NONE',  ( -1.000000000000000000, 0.000000000000000000, 0.000000000000000000 ) ) ;
#1989 =( BOUNDED_CURVE ( )  B_SPLINE_CURVE ( 3, ( #1321, #779, #1959, #474 ),
 .UNSPECIFIED., .F., .T. ) 
 B_SPLINE_CURVE_WITH_KNOTS ( ( 4, 4 ),
 ( 0.000000000000000000, 1.570796326794896558 ),
 .UNSPECIFIED. ) 
 CURVE ( )  GEOMETRIC_REPRESENTATION_ITEM ( )  RATIONAL_B_SPLINE_CURVE ( ( 1.000000000000000000, 0.8047378541243649375, 0.8047378541243649375, 1.000000000000000000 ) ) 
 REPRESENTATION_ITEM ( '' )  );
#1990 = EDGE_CURVE ( 'NONE', #1199, #828, #522, .T. ) ;
#1991 = FACE_OUTER_BOUND ( 'NONE', #1467, .T. ) ;
#1992 = AXIS2_PLACEMENT_3D ( 'NONE', #1061, #361, #1345 ) ;
#1993 = FACE_OUTER_BOUND ( 'NONE', #740, .T. ) ;
#1994 = CARTESIAN_POINT ( 'NONE',  ( -7.500000000000000000, 1.999999999999999112, 0.1999999999999996503 ) ) ;
#1995 = PRODUCT_CONTEXT ( 'NONE', #92, 'mechanical' ) ;
#1996 = CIRCLE ( 'NONE', #1172, 0.1999999999999999833 ) ;
#1997 = EDGE_LOOP ( 'NONE', ( #1708, #699, #1898, #1975 ) ) ;
#1998 = AXIS2_PLACEMENT_3D ( 'NONE', #2098, #1768, #287 ) ;
#1999 = LINE ( 'NONE', #1450, #1342 ) ;
#2000 = VERTEX_POINT ( 'NONE', #1516 ) ;
#2001 = AXIS2_PLACEMENT_3D ( 'NONE', #1020, #328, #1346 ) ;
#2002 = ORIENTED_EDGE ( 'NONE', *, *, #1600, .F. ) ;
#2003 = TOROIDAL_SURFACE ( 'NONE', #678, 0.4000000000000000222, 0.2000000000000000111 ) ;
#2004 = LINE ( 'NONE', #552, #2013 ) ;
#2005 = DIRECTION ( 'NONE',  ( 0.000000000000000000, 0.000000000000000000, -1.000000000000000000 ) ) ;
#2006 = CIRCLE ( 'NONE', #1343, 0.1999999999999996503 ) ;
#2007 = DIRECTION ( 'NONE',  ( 0.000000000000000000, -1.000000000000000000, 0.000000000000000000 ) ) ;
#2008 = CARTESIAN_POINT ( 'NONE',  ( -14.29999999999999716, -21.80000000000001137, 0.2000000000000000111 ) ) ;
#2009 = ORIENTED_EDGE ( 'NONE', *, *, #1123, .T. ) ;
#2010 = AXIS2_PLACEMENT_3D ( 'NONE', #935, #1090, #909 ) ;
#2011 = CARTESIAN_POINT ( 'NONE',  ( -14.29999999999999538, -22.00000000000001066, 8.000000000000000000 ) ) ;
#2012 = ORIENTED_EDGE ( 'NONE', *, *, #136, .F. ) ;
#2013 = VECTOR ( 'NONE', #1878, 1000.000000000000000 ) ;
#2014 = ORIENTED_EDGE ( 'NONE', *, *, #1927, .T. ) ;
#2015 = EDGE_CURVE ( 'NONE', #326, #667, #692, .T. ) ;
#2016 = DIRECTION ( 'NONE',  ( 1.000000000000000000, 2.891205793294678326E-16, 0.000000000000000000 ) ) ;
#2017 = AXIS2_PLACEMENT_3D ( 'NONE', #2096, #1396, #1431 ) ;
#2018 = CARTESIAN_POINT ( 'NONE',  ( -2.799999999999999822, 2.199999999999999734, 0.000000000000000000 ) ) ;
#2019 = CARTESIAN_POINT ( 'NONE',  ( 12.30000000000000071, -17.19999999999999574, 7.800000000000000711 ) ) ;
#2020 = ADVANCED_FACE ( 'NONE', ( #2052 ), #2039, .T. ) ;
#2021 = LINE ( 'NONE', #516, #1715 ) ;
#2022 = ORIENTED_EDGE ( 'NONE', *, *, #1772, .F. ) ;
#2023 = ORIENTED_EDGE ( 'NONE', *, *, #986, .T. ) ;
#2024 = CARTESIAN_POINT ( 'NONE',  ( -3.199999999999997957, -17.19999999999999929, 0.000000000000000000 ) ) ;
#2025 = EDGE_CURVE ( 'NONE', #874, #650, #1709, .T. ) ;
#2026 = ORIENTED_EDGE ( 'NONE', *, *, #1871, .F. ) ;
#2027 = CARTESIAN_POINT ( 'NONE',  ( -3.000000000000000000, 1.999999999999999556, 7.917157287525381726 ) ) ;
#2028 = AXIS2_PLACEMENT_3D ( 'NONE', #317, #1462, #1305 ) ;
#2029 = CARTESIAN_POINT ( 'NONE',  ( 6.033529532666000783, -21.85628376186181043, 8.240531372234062957 ) ) ;
#2030 = DIRECTION ( 'NONE',  ( -1.000000000000000000, -0.000000000000000000, -0.000000000000000000 ) ) ;
#2031 = ORIENTED_EDGE ( 'NONE', *, *, #1704, .F. ) ;
#2032 = DIRECTION ( 'NONE',  ( 1.000000000000000000, 2.891205793294678326E-16, -0.000000000000000000 ) ) ;
#2033 = AXIS2_PLACEMENT_3D ( 'NONE', #1895, #1555, #105 ) ;
#2034 = EDGE_CURVE ( 'NONE', #662, #1774, #881, .T. ) ;
#2035 = CIRCLE ( 'NONE', #1137, 0.1999999999999999833 ) ;
#2036 = EDGE_LOOP ( 'NONE', ( #1673, #62, #2014, #1591 ) ) ;
#2037 = CIRCLE ( 'NONE', #1611, 0.2000000000000000944 ) ;
#2038 = AXIS2_PLACEMENT_3D ( 'NONE', #918, #1226, #579 ) ;
#2039 = CYLINDRICAL_SURFACE ( 'NONE', #703, 0.1999999999999996503 ) ;
#2040 = CIRCLE ( 'NONE', #438, 0.2000000000000000111 ) ;
#2041 = VECTOR ( 'NONE', #1938, 1000.000000000000000 ) ;
#2042 = ORIENTED_EDGE ( 'NONE', *, *, #701, .T. ) ;
#2043 = DIRECTION ( 'NONE',  ( 0.000000000000000000, -1.000000000000000000, 0.000000000000000000 ) ) ;
#2044 = LINE ( 'NONE', #546, #2113 ) ;
#2045 = AXIS2_PLACEMENT_3D ( 'NONE', #1071, #1192, #1219 ) ;
#2046 = EDGE_LOOP ( 'NONE', ( #1923, #1808, #1401, #221, #1015, #787, #1799, #2104, #1391, #1407, #1765, #1220, #2108, #82, #1911, #1834, #388, #1986 ) ) ;
#2047 = LINE ( 'NONE', #879, #373 ) ;
#2048 = CIRCLE ( 'NONE', #1548, 1.250000000000001110 ) ;
#2049 = VECTOR ( 'NONE', #1113, 1000.000000000000000 ) ;
#2050 = ORIENTED_EDGE ( 'NONE', *, *, #2015, .F. ) ;
#2051 = ADVANCED_FACE ( 'NONE', ( #1386 ), #1744, .T. ) ;
#2052 = FACE_OUTER_BOUND ( 'NONE', #914, .T. ) ;
#2053 = ORIENTED_EDGE ( 'NONE', *, *, #948, .F. ) ;
#2054 = FACE_OUTER_BOUND ( 'NONE', #281, .T. ) ;
#2055 = DIRECTION ( 'NONE',  ( 0.000000000000000000, -1.000000000000000000, 0.000000000000000000 ) ) ;
#2056 = CARTESIAN_POINT ( 'NONE',  ( -6.999999999999998224, -19.30000000000000782, 8.828427124746188071 ) ) ;
#2057 = ORIENTED_EDGE ( 'NONE', *, *, #629, .F. ) ;
#2058 = EDGE_CURVE ( 'NONE', #716, #1688, #1010, .T. ) ;
#2059 = CARTESIAN_POINT ( 'NONE',  ( -14.29999999999999716, -17.20000000000000284, 0.2000000000000000111 ) ) ;
#2060 = LINE ( 'NONE', #21, #933 ) ;
#2061 = ORIENTED_EDGE ( 'NONE', *, *, #1734, .F. ) ;
#2062 = EDGE_LOOP ( 'NONE', ( #1126, #899, #416, #2061 ) ) ;
#2063 = CARTESIAN_POINT ( 'NONE',  ( 12.50000000000000000, -17.19999999999999574, 0.000000000000000000 ) ) ;
#2064 = EDGE_CURVE ( 'NONE', #477, #1202, #2048, .T. ) ;
#2065 = VECTOR ( 'NONE', #144, 1000.000000000000000 ) ;
#2066 = CARTESIAN_POINT ( 'NONE',  ( 12.50000000000000000, -16.99999999999999645, 0.1999999999999996503 ) ) ;
#2067 = DIRECTION ( 'NONE',  ( 0.000000000000000000, -1.000000000000000000, -0.000000000000000000 ) ) ;
#2068 = VERTEX_POINT ( 'NONE', #274 ) ;
#2069 = DIRECTION ( 'NONE',  ( 0.000000000000000000, 0.000000000000000000, -1.000000000000000000 ) ) ;
#2070 = FACE_OUTER_BOUND ( 'NONE', #1057, .T. ) ;
#2071 = VERTEX_POINT ( 'NONE', #1942 ) ;
#2072 = DIRECTION ( 'NONE',  ( 3.016910393003142859E-16, -1.000000000000000000, 0.000000000000000000 ) ) ;
#2073 = AXIS2_PLACEMENT_3D ( 'NONE', #631, #1781, #300 ) ;
#2074 = ORIENTED_EDGE ( 'NONE', *, *, #1569, .F. ) ;
#2075 = VECTOR ( 'NONE', #1529, 1000.000000000000000 ) ;
#2076 = CYLINDRICAL_SURFACE ( 'NONE', #1540, 0.1999999999999987899 ) ;
#2077 = DIRECTION ( 'NONE',  ( 1.000000000000000000, 3.469446951953616654E-16, -0.000000000000000000 ) ) ;
#2078 = CARTESIAN_POINT ( 'NONE',  ( -7.828427124746188071, -18.47157287525381975, 7.999999999999998224 ) ) ;
#2079 = ORIENTED_EDGE ( 'NONE', *, *, #948, .T. ) ;
#2080 = EDGE_CURVE ( 'NONE', #1877, #1180, #2085, .T. ) ;
#2081 = EDGE_LOOP ( 'NONE', ( #733, #1097, #633, #1146 ) ) ;
#2082 = DIRECTION ( 'NONE',  ( -3.469446951953613696E-16, 1.000000000000000000, 0.000000000000000000 ) ) ;
#2083 = VERTEX_POINT ( 'NONE', #2119 ) ;
#2084 = DIRECTION ( 'NONE',  ( 1.255391989193742158E-16, -1.000000000000000000, -0.000000000000000000 ) ) ;
#2085 = CIRCLE ( 'NONE', #1651, 0.1999999999999996503 ) ;
#2086 = EDGE_LOOP ( 'NONE', ( #596, #1314, #1171 ) ) ;
#2087 = EDGE_CURVE ( 'NONE', #479, #402, #30, .T. ) ;
#2088 = AXIS2_PLACEMENT_3D ( 'NONE', #153, #1315, #1656 ) ;
#2089 = CARTESIAN_POINT ( 'NONE',  ( 5.299999999999998934, 4.300000000000000711, 7.800000000000000711 ) ) ;
#2090 = CIRCLE ( 'NONE', #1620, 0.1999999999999999833 ) ;
#2091 = FACE_OUTER_BOUND ( 'NONE', #2036, .T. ) ;
#2092 = CARTESIAN_POINT ( 'NONE',  ( -8.999999999999998224, -21.80000000000001137, 7.800000000000000711 ) ) ;
#2093 = CYLINDRICAL_SURFACE ( 'NONE', #450, 0.2000000000000000111 ) ;
#2094 = CARTESIAN_POINT ( 'NONE',  ( 0.8000000000000000444, 2.199999999999999734, 0.000000000000000000 ) ) ;
#2095 = EDGE_LOOP ( 'NONE', ( #1721, #1652 ) ) ;
#2096 = CARTESIAN_POINT ( 'NONE',  ( 5.299999999999998046, 4.300000000000000711, 8.000000000000000000 ) ) ;
#2097 = ORIENTED_EDGE ( 'NONE', *, *, #465, .F. ) ;
#2098 = CARTESIAN_POINT ( 'NONE',  ( 1.000000000000002442, -16.99999999999999645, 8.000000000000000000 ) ) ;
#2099 = ADVANCED_FACE ( 'NONE', ( #1096 ), #1581, .T. ) ;
#2100 = DIRECTION ( 'NONE',  ( -0.000000000000000000, -0.000000000000000000, -1.000000000000000000 ) ) ;
#2101 = CARTESIAN_POINT ( 'NONE',  ( 1.000000000000000000, 1.999999999999999556, 7.800000000000000711 ) ) ;
#2102 = DIRECTION ( 'NONE',  ( -1.000000000000000000, -3.469446951953616654E-16, 0.000000000000000000 ) ) ;
#2103 = DIRECTION ( 'NONE',  ( 0.000000000000000000, 0.000000000000000000, -1.000000000000000000 ) ) ;
#2104 = ORIENTED_EDGE ( 'NONE', *, *, #1436, .T. ) ;
#2105 = CARTESIAN_POINT ( 'NONE',  ( -9.499999999999996447, -17.00000000000000355, 4.000000000000003553 ) ) ;
#2106 = TOROIDAL_SURFACE ( 'NONE', #433, 0.4000000000000000222, 0.2000000000000000111 ) ;
#2107 = EDGE_CURVE ( 'NONE', #1095, #459, #761, .T. ) ;
#2108 = ORIENTED_EDGE ( 'NONE', *, *, #2025, .T. ) ;
#2109 = CARTESIAN_POINT ( 'NONE',  ( -2.799999999999997602, -16.80000000000000071, 0.000000000000000000 ) ) ;
#2110 = VECTOR ( 'NONE', #598, 1000.000000000000000 ) ;
#2111 = DIRECTION ( 'NONE',  ( 3.016910393003142859E-16, -1.000000000000000000, 0.000000000000000000 ) ) ;
#2112 = DIRECTION ( 'NONE',  ( 0.000000000000000000, 0.000000000000000000, -1.000000000000000000 ) ) ;
#2113 = VECTOR ( 'NONE', #2100, 1000.000000000000000 ) ;
#2114 = AXIS2_PLACEMENT_3D ( 'NONE', #217, #76, #555 ) ;
#2115 = CARTESIAN_POINT ( 'NONE',  ( 5.500000000000000000, 1.999999999999999556, 8.000000000000000000 ) ) ;
#2116 = EDGE_CURVE ( 'NONE', #72, #459, #1568, .T. ) ;
#2117 = CARTESIAN_POINT ( 'NONE',  ( -2.999999999999997780, -17.00000000000000000, 7.800000000000000711 ) ) ;
#2118 = ORIENTED_EDGE ( 'NONE', *, *, #1102, .F. ) ;
#2119 = CARTESIAN_POINT ( 'NONE',  ( -14.29999999999999716, -21.80000000000001137, 0.000000000000000000 ) ) ;
#2120 = AXIS2_PLACEMENT_3D ( 'NONE', #1608, #140, #130 ) ;
#2121 = ORIENTED_EDGE ( 'NONE', *, *, #165, .F. ) ;
#2122 = EDGE_CURVE ( 'NONE', #58, #713, #1756, .T. ) ;
#2123 = CARTESIAN_POINT ( 'NONE',  ( -14.29999999999999716, -17.20000000000000284, 8.000000000000000000 ) ) ;
#2124 = DIRECTION ( 'NONE',  ( 1.000000000000000000, 0.000000000000000000, 0.000000000000000000 ) ) ;
#2125 = CARTESIAN_POINT ( 'NONE',  ( 7.500000000000000888, -16.99999999999999645, 5.450000000000003730 ) ) ;
#2126 = LINE ( 'NONE', #834, #1410 ) ;
#2127 = ADVANCED_FACE ( 'NONE', ( #1766 ), #1127, .T. ) ;
#2128 = ORIENTED_EDGE ( 'NONE', *, *, #1366, .F. ) ;
#2129 = DIRECTION ( 'NONE',  ( -1.000000000000000000, -2.891205793294678326E-16, 0.000000000000000000 ) ) ;
#2130 = ORIENTED_EDGE ( 'NONE', *, *, #1042, .T. ) ;
#2131 = DIRECTION ( 'NONE',  ( -1.000000000000000000, -1.255391989193742158E-16, 0.000000000000000000 ) ) ;
#2132 = EDGE_CURVE ( 'NONE', #1662, #1059, #1944, .T. ) ;
#2133 = DIRECTION ( 'NONE',  ( 0.000000000000000000, 0.000000000000000000, 1.000000000000000000 ) ) ;
#2134 = EDGE_CURVE ( 'NONE', #2150, #1705, #313, .T. ) ;
#2135 = DIRECTION ( 'NONE',  ( -0.000000000000000000, 0.000000000000000000, 1.000000000000000000 ) ) ;
#2136 = FACE_OUTER_BOUND ( 'NONE', #880, .T. ) ;
#2137 = ORIENTED_EDGE ( 'NONE', *, *, #4, .T. ) ;
#2138 = DIRECTION ( 'NONE',  ( -0.000000000000000000, 1.000000000000000000, -0.000000000000000000 ) ) ;
#2139 = ORIENTED_EDGE ( 'NONE', *, *, #1494, .T. ) ;
#2140 = DIRECTION ( 'NONE',  ( 1.000000000000000000, 0.000000000000000000, 0.000000000000000000 ) ) ;
#2141 = CARTESIAN_POINT ( 'NONE',  ( -6.999999999999997335, -21.80000000000000782, 18.00000000000000355 ) ) ;
#2142 = AXIS2_PLACEMENT_3D ( 'NONE', #967, #776, #578 ) ;
#2143 = CARTESIAN_POINT ( 'NONE',  ( -7.417157287525380838, 2.082842712474617830, 8.000000000000000000 ) ) ;
#2144 = CIRCLE ( 'NONE', #2038, 0.1999999999999996503 ) ;
#2145 = EDGE_CURVE ( 'NONE', #31, #615, #1801, .T. ) ;
#2146 = CARTESIAN_POINT ( 'NONE',  ( -8.249999999999994671, -17.19999999999999929, 4.000000000000003553 ) ) ;
#2147 = VECTOR ( 'NONE', #1013, 1000.000000000000000 ) ;
#2148 = AXIS2_PLACEMENT_3D ( 'NONE', #198, #1812, #1196 ) ;
#2149 =( GEOMETRIC_REPRESENTATION_CONTEXT ( 3 ) GLOBAL_UNCERTAINTY_ASSIGNED_CONTEXT ( ( #397 ) ) GLOBAL_UNIT_ASSIGNED_CONTEXT ( ( #1558, #1900, #1084 ) ) REPRESENTATION_CONTEXT ( 'NONE', 'WORKASPACE' ) );
#2150 = VERTEX_POINT ( 'NONE', #118 ) ;
#2151 = CARTESIAN_POINT ( 'NONE',  ( 12.50000000000000000, -17.19999999999999574, 0.1999999999999996503 ) ) ;
#2152 = ORIENTED_EDGE ( 'NONE', *, *, #2025, .F. ) ;
#2153 = ORIENTED_EDGE ( 'NONE', *, *, #1349, .T. ) ;
#2154 = TOROIDAL_SURFACE ( 'NONE', #269, 0.4000000000000000222, 0.2000000000000000111 ) ;
#2155 = CIRCLE ( 'NONE', #272, 0.1999999999999996503 ) ;
#2156 = LINE ( 'NONE', #1475, #2041 ) ;
#2157 = DIRECTION ( 'NONE',  ( 1.141265444721583757E-16, -1.000000000000000000, 0.000000000000000000 ) ) ;
#2158 = VECTOR ( 'NONE', #372, 1000.000000000000000 ) ;
#2159 = PLANE ( 'NONE',  #514 ) ;
ENDSEC;
END-ISO-10303-21;
