ISO-10303-21;
HEADER;
FILE_DESCRIPTION (( 'STEP AP214' ),
    '1' );
FILE_NAME ('extruder_syringe_mount_coaxial.STEP',
    '2025-05-19T08:04:06',
    ( '' ),
    ( '' ),
    'SwSTEP 2.0',
    'SolidWorks 2025',
    '' );
FILE_SCHEMA (( 'AUTOMOTIVE_DESIGN' ));
ENDSEC;

DATA;
#1 = DIRECTION ( 'NONE',  ( -0.000000000000000000, -0.000000000000000000, 1.000000000000000000 ) ) ;
#2 = AXIS2_PLACEMENT_3D ( 'NONE', #4166, #4106, #3790 ) ;
#3 = CARTESIAN_POINT ( 'NONE',  ( 22.25000000000000355, 32.00000000000000000, 22.87681953477326147 ) ) ;
#4 = EDGE_CURVE ( 'NONE', #2976, #268, #2446, .T. ) ;
#5 = DIRECTION ( 'NONE',  ( 0.000000000000000000, 0.000000000000000000, -1.000000000000000000 ) ) ;
#6 = CARTESIAN_POINT ( 'NONE',  ( 16.99261215132758807, -34.84771708765925524, 12.94600121029792206 ) ) ;
#7 = EDGE_CURVE ( 'NONE', #2031, #3113, #1140, .T. ) ;
#8 = CARTESIAN_POINT ( 'NONE',  ( 24.81559567218838680, 30.60915496744972586, 19.80994046721479407 ) ) ;
#9 = ORIENTED_EDGE ( 'NONE', *, *, #791, .T. ) ;
#10 = LINE ( 'NONE', #1263, #2372 ) ;
#11 = CARTESIAN_POINT ( 'NONE',  ( 22.52917183018669434, 33.22051889371317657, 22.96278283576597090 ) ) ;
#12 = FACE_OUTER_BOUND ( 'NONE', #259, .T. ) ;
#13 = CARTESIAN_POINT ( 'NONE',  ( 46.50000000000000000, 0.000000000000000000, 4.799999999999999822 ) ) ;
#14 = ORIENTED_EDGE ( 'NONE', *, *, #2223, .T. ) ;
#15 = ORIENTED_EDGE ( 'NONE', *, *, #231, .T. ) ;
#16 = CARTESIAN_POINT ( 'NONE',  ( 45.90301456037743577, -40.50000000000000000, 28.00000000000029843 ) ) ;
#17 = DIRECTION ( 'NONE',  ( 0.000000000000000000, 0.000000000000000000, -1.000000000000000000 ) ) ;
#18 = CARTESIAN_POINT ( 'NONE',  ( 26.26468353125000021, 32.73016537720688035, 21.65104166700806232 ) ) ;
#19 = CARTESIAN_POINT ( 'NONE',  ( 28.33995632294613642, -38.19220380545465332, 11.75098339301970007 ) ) ;
#20 = CARTESIAN_POINT ( 'NONE',  ( 26.40000000000000213, 32.80829037686547167, 21.57291666734946389 ) ) ;
#21 = ORIENTED_EDGE ( 'NONE', *, *, #3030, .F. ) ;
#22 = ORIENTED_EDGE ( 'NONE', *, *, #859, .F. ) ;
#23 = DIRECTION ( 'NONE',  ( -0.000000000000000000, -0.000000000000000000, 1.000000000000000000 ) ) ;
#24 = CARTESIAN_POINT ( 'NONE',  ( 46.50000000000000000, 50.00000000000000000, 5.000000000000000000 ) ) ;
#25 = B_SPLINE_CURVE_WITH_KNOTS ( 'NONE', 3,
 ( #2160, #1410, #3762, #123 ),
 .UNSPECIFIED., .F., .F.,
 ( 4, 4 ),
 ( 0.000000000000000000, 1.000000000000000000 ),
 .UNSPECIFIED. ) ;
#26 = CARTESIAN_POINT ( 'NONE',  ( 26.13263033445132422, 32.82289034831912744, 19.58162671371539787 ) ) ;
#27 = EDGE_LOOP ( 'NONE', ( #1012, #1320, #910, #2686, #1422, #3987, #4011, #2580, #1099, #1295, #557, #3055, #1168 ) ) ;
#28 = CARTESIAN_POINT ( 'NONE',  ( 23.60000000000001918, 32.80829037686548588, 20.45833333333333570 ) ) ;
#29 = CARTESIAN_POINT ( 'NONE',  ( 22.61546450130924413, 33.38146214063249317, 22.98756534626823367 ) ) ;
#30 = EDGE_CURVE ( 'NONE', #3714, #933, #1336, .T. ) ;
#31 = CARTESIAN_POINT ( 'NONE',  ( 17.13062920249302934, -34.85556032879015476, 12.63574113715053926 ) ) ;
#32 = CARTESIAN_POINT ( 'NONE',  ( 25.00000000000000000, 0.000000000000000000, 14.41233490781574922 ) ) ;
#33 = ORIENTED_EDGE ( 'NONE', *, *, #2803, .T. ) ;
#34 = LINE ( 'NONE', #16, #3074 ) ;
#35 = CARTESIAN_POINT ( 'NONE',  ( 19.10814741736570355, -37.00000000000000000, 15.60061493738549920 ) ) ;
#36 = EDGE_CURVE ( 'NONE', #703, #3217, #2307, .T. ) ;
#37 = CARTESIAN_POINT ( 'NONE',  ( 25.63234176562500011, 33.09524806581030987, 20.69270833367473017 ) ) ;
#38 = CARTESIAN_POINT ( 'NONE',  ( 26.40000000000000213, 32.80829037686547167, 20.79166666666666430 ) ) ;
#39 = CARTESIAN_POINT ( 'NONE',  ( 23.60000000000000497, 32.80829037686547167, 21.73958333401613174 ) ) ;
#40 = EDGE_LOOP ( 'NONE', ( #940, #716, #2822, #2901 ) ) ;
#41 = ORIENTED_EDGE ( 'NONE', *, *, #2480, .T. ) ;
#42 = AXIS2_PLACEMENT_3D ( 'NONE', #1053, #794, #2164 ) ;
#43 = DIRECTION ( 'NONE',  ( -0.000000000000000000, 1.000000000000000000, -0.000000000000000000 ) ) ;
#44 = EDGE_CURVE ( 'NONE', #3490, #3241, #4258, .T. ) ;
#45 = CARTESIAN_POINT ( 'NONE',  ( 30.01995816636169323, -34.91954072765311423, 9.864022555194516428 ) ) ;
#46 = EDGE_LOOP ( 'NONE', ( #2890, #3529, #660 ) ) ;
#47 = DIRECTION ( 'NONE',  ( 1.121777405443293329E-12, 0.000000000000000000, 1.000000000000000000 ) ) ;
#48 = CARTESIAN_POINT ( 'NONE',  ( 22.33916482142431548, 32.71782450918368568, 22.90535265286526823 ) ) ;
#49 = CARTESIAN_POINT ( 'NONE',  ( 31.59838933702740960, -34.88122259650007351, 10.96824506135651589 ) ) ;
#50 = CARTESIAN_POINT ( 'NONE',  ( 50.00000000000000000, 50.00000000000000000, 0.000000000000000000 ) ) ;
#51 = ORIENTED_EDGE ( 'NONE', *, *, #3809, .T. ) ;
#52 = CARTESIAN_POINT ( 'NONE',  ( 36.75259856517696022, -35.66299178547038196, 14.25133920394551446 ) ) ;
#53 = CARTESIAN_POINT ( 'NONE',  ( 24.99846684808985131, -38.61760882611746126, 15.60061493737889116 ) ) ;
#54 = CARTESIAN_POINT ( 'NONE',  ( 26.26468353125000021, 32.73016537720688035, 21.71354166700806232 ) ) ;
#55 = EDGE_CURVE ( 'NONE', #1892, #2267, #3622, .T. ) ;
#56 = CARTESIAN_POINT ( 'NONE',  ( 8.500000000000015987, 50.00000000000000000, 0.000000000000000000 ) ) ;
#57 = CIRCLE ( 'NONE', #3964, 2.000000000000000000 ) ;
#58 = VERTEX_POINT ( 'NONE', #3930 ) ;
#59 = ORIENTED_EDGE ( 'NONE', *, *, #3981, .F. ) ;
#60 = CARTESIAN_POINT ( 'NONE',  ( 25.00000000000000000, 0.000000000000000000, 14.41233490781574922 ) ) ;
#61 =( BOUNDED_SURFACE ( )  B_SPLINE_SURFACE ( 3, 2, ( 
 ( #1120, #1501, #2866 ),
 ( #4187, #3573, #4256 ),
 ( #1237, #188, #2538 ),
 ( #572, #2936, #2841 ),
 ( #525, #1547, #4206 ),
 ( #1213, #3856, #1260 ) ),
 .UNSPECIFIED., .F., .F., .F. ) 
 B_SPLINE_SURFACE_WITH_KNOTS ( ( 4, 2, 4 ),
 ( 3, 3 ),
 ( 0.01419787469004996951, 0.01605510304678962191, 0.01791233140352927258 ),
 ( 0.000000000000000000, 1.000000000000000000 ),
 .UNSPECIFIED. ) 
 GEOMETRIC_REPRESENTATION_ITEM ( )  RATIONAL_B_SPLINE_SURFACE ( (
 ( 1.000000000000000000, 0.6763691588060101179, 1.000000000000000000),
 ( 1.000000000000000000, 0.6765161256108676024, 1.000000000000000000),
 ( 1.000000000000000000, 0.6766304992951216457, 1.000000000000000000),
 ( 1.000000000000000000, 0.6768049107102912521, 1.000000000000000000),
 ( 1.000000000000000000, 0.6768648772822698501, 1.000000000000000000),
 ( 1.000000000000000000, 0.6768989386647650264, 1.000000000000000000) ) ) 
 REPRESENTATION_ITEM ( '' )  SURFACE ( )  );
#62 = CARTESIAN_POINT ( 'NONE',  ( 24.30000000000000071, 33.21243556529821461, 21.41666666666666785 ) ) ;
#63 = CIRCLE ( 'NONE', #1733, 2.000000000000000000 ) ;
#64 = CARTESIAN_POINT ( 'NONE',  ( 21.01827944932558978, -38.61745903731148388, 15.89113596872120482 ) ) ;
#65 = CARTESIAN_POINT ( 'NONE',  ( 19.91275009571904775, -36.99999999999997868, 12.27542322037369260 ) ) ;
#66 = CARTESIAN_POINT ( 'NONE',  ( 25.00000000000000000, 50.00000000000000000, 14.41233490781574922 ) ) ;
#67 = CARTESIAN_POINT ( 'NONE',  ( 23.61710583729802337, 34.38368960385748352, 23.20552919486589616 ) ) ;
#68 = B_SPLINE_CURVE_WITH_KNOTS ( 'NONE', 3,
 ( #353, #749, #2095, #1412, #2017, #3102 ),
 .UNSPECIFIED., .F., .F.,
 ( 4, 2, 4 ),
 ( 3.624741958528977099E-16, 0.0001975611624315644430, 0.0003951223248627663831 ),
 .UNSPECIFIED. ) ;
#69 = B_SPLINE_CURVE_WITH_KNOTS ( 'NONE', 3,
 ( #2090, #408, #1779, #2959 ),
 .UNSPECIFIED., .F., .F.,
 ( 4, 4 ),
 ( 0.000000000000000000, 0.001307923400313819751 ),
 .UNSPECIFIED. ) ;
#70 = CARTESIAN_POINT ( 'NONE',  ( 32.78396776516169098, 50.00000000000000000, 18.72740684590946714 ) ) ;
#71 = CARTESIAN_POINT ( 'NONE',  ( 21.65681043198482669, -38.18920249073084250, 11.75052739306116933 ) ) ;
#72 = VERTEX_POINT ( 'NONE', #2680 ) ;
#73 = LINE ( 'NONE', #1040, #3975 ) ;
#74 = CARTESIAN_POINT ( 'NONE',  ( 25.63234176562500011, 33.09524806581030987, 20.25520833367473017 ) ) ;
#75 = CARTESIAN_POINT ( 'NONE',  ( 45.90301456037813210, -40.50000000000000000, 5.000000000000000000 ) ) ;
#76 = CARTESIAN_POINT ( 'NONE',  ( 26.40000000000000213, 32.80829037686547167, 21.07291666734946389 ) ) ;
#77 = ORIENTED_EDGE ( 'NONE', *, *, #1708, .T. ) ;
#78 = ORIENTED_EDGE ( 'NONE', *, *, #3809, .F. ) ;
#79 = CARTESIAN_POINT ( 'NONE',  ( 3.500000000000004441, 50.00000000000000000, 2.104480912413648319 ) ) ;
#80 = CARTESIAN_POINT ( 'NONE',  ( 25.00000000000000000, -21.64332670552793303, 23.31233490781574957 ) ) ;
#81 = CARTESIAN_POINT ( 'NONE',  ( 24.30000000000000071, 33.21243556529821461, 19.91666666666666430 ) ) ;
#82 = EDGE_CURVE ( 'NONE', #3241, #469, #10, .T. ) ;
#83 = CARTESIAN_POINT ( 'NONE',  ( 26.26468353125000021, 31.26983462279312675, 21.63020833367473372 ) ) ;
#84 = DIRECTION ( 'NONE',  ( 0.000000000000000000, 1.000000000000000000, 0.000000000000000000 ) ) ;
#85 = DIRECTION ( 'NONE',  ( -0.000000000000000000, -0.000000000000000000, -1.000000000000000000 ) ) ;
#86 = B_SPLINE_CURVE_WITH_KNOTS ( 'NONE', 3,
 ( #35, #2025, #1345, #2045, #4048, #3351 ),
 .UNSPECIFIED., .F., .F.,
 ( 4, 2, 4 ),
 ( 0.000000000000000000, 0.0004673716857747415264, 0.0009347433715494830528 ),
 .UNSPECIFIED. ) ;
#87 = CYLINDRICAL_SURFACE ( 'NONE', #370, 2.000000000000000000 ) ;
#88 = CARTESIAN_POINT ( 'NONE',  ( 45.90301456037800421, -37.00000000000000000, 26.00000000000000000 ) ) ;
#89 = ORIENTED_EDGE ( 'NONE', *, *, #4032, .T. ) ;
#90 = CARTESIAN_POINT ( 'NONE',  ( 26.26468353125000021, 32.00000000000000000, 21.60937500034139802 ) ) ;
#91 = CARTESIAN_POINT ( 'NONE',  ( 20.55548518339364605, -37.00000000000000000, 19.30215969163546319 ) ) ;
#92 = CARTESIAN_POINT ( 'NONE',  ( 25.63234176562500011, 30.90475193418969369, 21.58854166700806232 ) ) ;
#93 = EDGE_CURVE ( 'NONE', #2333, #609, #2614, .T. ) ;
#94 = PLANE ( 'NONE',  #4226 ) ;
#95 = VERTEX_POINT ( 'NONE', #1660 ) ;
#96 = VERTEX_POINT ( 'NONE', #2238 ) ;
#97 = DIRECTION ( 'NONE',  ( 0.000000000000000000, -0.000000000000000000, 1.000000000000000000 ) ) ;
#98 = DIRECTION ( 'NONE',  ( 1.000000000000000000, 0.000000000000000000, 0.000000000000000000 ) ) ;
#99 = DIRECTION ( 'NONE',  ( -0.000000000000000000, -1.000000000000000000, -0.000000000000000000 ) ) ;
#100 = CARTESIAN_POINT ( 'NONE',  ( 23.60000000000000142, 32.00000000000000000, 19.99999999999999645 ) ) ;
#101 = EDGE_CURVE ( 'NONE', #2250, #789, #1055, .T. ) ;
#102 = DIRECTION ( 'NONE',  ( 0.000000000000000000, 1.000000000000000000, 0.000000000000000000 ) ) ;
#103 = VECTOR ( 'NONE', #3503, 1000.000000000000000 ) ;
#104 = EDGE_CURVE ( 'NONE', #3185, #733, #3907, .T. ) ;
#105 = CARTESIAN_POINT ( 'NONE',  ( 36.24846684809939035, -38.61760882611746126, 24.10061493736627014 ) ) ;
#106 = CARTESIAN_POINT ( 'NONE',  ( 27.46940498540251596, 30.77655364029564211, 22.96319664111163661 ) ) ;
#107 = B_SPLINE_CURVE_WITH_KNOTS ( 'NONE', 3,
 ( #3997, #2587, #3571, #973 ),
 .UNSPECIFIED., .F., .F.,
 ( 4, 4 ),
 ( 6.938893903907228378E-18, 0.0001743548670668554801 ),
 .UNSPECIFIED. ) ;
#108 = AXIS2_PLACEMENT_3D ( 'NONE', #752, #3086, #3104 ) ;
#109 = CARTESIAN_POINT ( 'NONE',  ( 36.71547090197574192, -34.99999999999999289, 14.14297501373331833 ) ) ;
#110 = ORIENTED_EDGE ( 'NONE', *, *, #3544, .F. ) ;
#111 = CYLINDRICAL_SURFACE ( 'NONE', #2933, 5.749999999999998224 ) ;
#112 = VECTOR ( 'NONE', #3111, 1000.000000000000000 ) ;
#113 = CARTESIAN_POINT ( 'NONE',  ( 21.11086587351149291, -38.88907856675146490, 16.16877765419294022 ) ) ;
#114 = CARTESIAN_POINT ( 'NONE',  ( 25.63234176562500011, 30.90475193418969369, 20.58854166700806587 ) ) ;
#115 = CARTESIAN_POINT ( 'NONE',  ( 24.30000000000000071, 33.21243556529821461, 19.69791666734946389 ) ) ;
#116 = ORIENTED_EDGE ( 'NONE', *, *, #2098, .T. ) ;
#117 = ORIENTED_EDGE ( 'NONE', *, *, #3310, .F. ) ;
#118 = CARTESIAN_POINT ( 'NONE',  ( 24.30000000000000071, 33.21243556529821461, 20.69791666734946389 ) ) ;
#119 = CYLINDRICAL_SURFACE ( 'NONE', #892, 10.00000000000000178 ) ;
#120 = CARTESIAN_POINT ( 'NONE',  ( 31.16090945027118053, -37.00000000000000711, 15.08587695686398256 ) ) ;
#121 = CARTESIAN_POINT ( 'NONE',  ( 25.69999999999999929, 30.78756443470178894, 20.66666666666666785 ) ) ;
#122 = ORIENTED_EDGE ( 'NONE', *, *, #208, .T. ) ;
#123 = CARTESIAN_POINT ( 'NONE',  ( 26.13263033445132422, 32.82289034831912744, 19.58162671371539787 ) ) ;
#124 = CARTESIAN_POINT ( 'NONE',  ( 24.30000000000000071, 33.21243556529821461, 21.91666666666666430 ) ) ;
#125 = CARTESIAN_POINT ( 'NONE',  ( 36.24846684808984776, -38.31760882611746410, 15.60061493736627725 ) ) ;
#126 = FACE_OUTER_BOUND ( 'NONE', #2182, .T. ) ;
#127 = VECTOR ( 'NONE', #971, 1000.000000000000000 ) ;
#128 = EDGE_CURVE ( 'NONE', #2216, #1822, #3645, .T. ) ;
#129 = CARTESIAN_POINT ( 'NONE',  ( 12.97386283422033237, -36.99999999999999289, 16.16131269545527616 ) ) ;
#130 = FILL_AREA_STYLE ('',( #3744 ) ) ;
#131 = ORIENTED_EDGE ( 'NONE', *, *, #3566, .F. ) ;
#132 = CARTESIAN_POINT ( 'NONE',  ( 25.69999999999999929, 30.78756443470178894, 20.66666666666666785 ) ) ;
#133 = LINE ( 'NONE', #3791, #3012 ) ;
#134 = CARTESIAN_POINT ( 'NONE',  ( 23.73531646875000334, 32.00000000000000000, 20.92187500034139802 ) ) ;
#135 = ORIENTED_EDGE ( 'NONE', *, *, #3896, .T. ) ;
#136 = ORIENTED_EDGE ( 'NONE', *, *, #1563, .T. ) ;
#137 = CARTESIAN_POINT ( 'NONE',  ( 25.00000000000000000, 30.38341924626904955, 20.90625000068279604 ) ) ;
#138 = LINE ( 'NONE', #4150, #2508 ) ;
#139 = PLANE ( 'NONE',  #3667 ) ;
#140 = FACE_OUTER_BOUND ( 'NONE', #1567, .T. ) ;
#141 = CARTESIAN_POINT ( 'NONE',  ( 24.52598319396465243, -34.97345593876456604, 8.689985816557966203 ) ) ;
#142 = ORIENTED_EDGE ( 'NONE', *, *, #104, .T. ) ;
#143 = CARTESIAN_POINT ( 'NONE',  ( 21.38812223093048104, -38.31760882611746410, 15.60061493738295013 ) ) ;
#144 = FACE_OUTER_BOUND ( 'NONE', #3649, .T. ) ;
#145 = FACE_OUTER_BOUND ( 'NONE', #4208, .T. ) ;
#146 = PRESENTATION_STYLE_ASSIGNMENT (( #3152 ) ) ;
#147 = ORIENTED_EDGE ( 'NONE', *, *, #4152, .T. ) ;
#148 = PLANE ( 'NONE',  #2 ) ;
#149 = EDGE_CURVE ( 'NONE', #1024, #3016, #3854, .T. ) ;
#150 = CARTESIAN_POINT ( 'NONE',  ( 20.98304161161388137, -38.19215778551262019, 13.06832477066534004 ) ) ;
#151 = PLANE ( 'NONE',  #2556 ) ;
#152 = EDGE_CURVE ( 'NONE', #981, #2976, #3598, .T. ) ;
#153 = CARTESIAN_POINT ( 'NONE',  ( 25.69999999999999929, 30.78756443470178894, 19.94791666734946389 ) ) ;
#154 = ORIENTED_EDGE ( 'NONE', *, *, #2810, .T. ) ;
#155 = ORIENTED_EDGE ( 'NONE', *, *, #3189, .T. ) ;
#156 = CARTESIAN_POINT ( 'NONE',  ( 23.60000000000000142, 32.00000000000000000, 21.28125000068279604 ) ) ;
#157 = EDGE_CURVE ( 'NONE', #3070, #1984, #4000, .T. ) ;
#158 = CARTESIAN_POINT ( 'NONE',  ( 4.096985439621995795, -37.00000000000000000, 26.00000000000000000 ) ) ;
#159 = CARTESIAN_POINT ( 'NONE',  ( 21.15714347947795204, -39.33715390897087616, 16.17385865029484648 ) ) ;
#160 = CARTESIAN_POINT ( 'NONE',  ( 30.05968371356642876, -37.00000000000001421, 9.790159700363311401 ) ) ;
#161 = ORIENTED_EDGE ( 'NONE', *, *, #603, .F. ) ;
#162 = CARTESIAN_POINT ( 'NONE',  ( 21.17047948485528508, -38.61414074068110835, 15.84404404929861165 ) ) ;
#163 = CARTESIAN_POINT ( 'NONE',  ( 25.35999068933992362, 34.73236040680991010, 23.30683609671513068 ) ) ;
#164 = PLANE ( 'NONE',  #4297 ) ;
#165 = CARTESIAN_POINT ( 'NONE',  ( 17.21603223483831613, -21.64332670552793303, 18.72740684590946714 ) ) ;
#166 = CARTESIAN_POINT ( 'NONE',  ( 28.33468965781755955, -38.68718095334716622, 15.52692421133233225 ) ) ;
#167 = VECTOR ( 'NONE', #3602, 1000.000000000000000 ) ;
#168 = CARTESIAN_POINT ( 'NONE',  ( 23.88127786642290218, 31.13892949189493820, 19.69679433873185559 ) ) ;
#169 = VERTEX_POINT ( 'NONE', #1616 ) ;
#170 = CARTESIAN_POINT ( 'NONE',  ( 23.73531646875000689, 32.73016537720687325, 21.81770833367473017 ) ) ;
#171 = CARTESIAN_POINT ( 'NONE',  ( 25.00000000000000000, 0.000000000000000000, 19.81233490781574957 ) ) ;
#172 = CARTESIAN_POINT ( 'NONE',  ( 28.87526624300766187, -40.49999999997891820, 13.44919614007591768 ) ) ;
#173 = CARTESIAN_POINT ( 'NONE',  ( 21.01827944932558978, -38.61745903731148388, 15.89113596872120482 ) ) ;
#174 = ORIENTED_EDGE ( 'NONE', *, *, #3625, .T. ) ;
#175 = ORIENTED_EDGE ( 'NONE', *, *, #3051, .T. ) ;
#176 = CARTESIAN_POINT ( 'NONE',  ( 25.00000000000000000, 30.38341924626904955, 21.40625000068279604 ) ) ;
#177 = LINE ( 'NONE', #1535, #458 ) ;
#178 = EDGE_CURVE ( 'NONE', #789, #1024, #4282, .T. ) ;
#179 = DIRECTION ( 'NONE',  ( 1.000000000000000000, 0.000000000000000000, -1.121787847798329129E-12 ) ) ;
#180 = CARTESIAN_POINT ( 'NONE',  ( 31.39728036164901681, -36.99999999999999289, 10.65025066586325941 ) ) ;
#181 = EDGE_LOOP ( 'NONE', ( #2272, #1750, #1539, #2873, #3240, #3178 ) ) ;
#182 = CARTESIAN_POINT ( 'NONE',  ( 45.90301456037839500, -34.99999999999999289, 13.00000000000000000 ) ) ;
#183 = CARTESIAN_POINT ( 'NONE',  ( 27.06981796047536903, 33.81937441296771141, 23.06927131698314071 ) ) ;
#184 = CARTESIAN_POINT ( 'NONE',  ( 17.47612556916186932, -36.50438054690935985, 15.08445449583763320 ) ) ;
#185 =( BOUNDED_CURVE ( )  B_SPLINE_CURVE ( 2, ( #532, #214, #1529 ),
 .UNSPECIFIED., .F., .F. ) 
 B_SPLINE_CURVE_WITH_KNOTS ( ( 3, 3 ),
 ( 0.9090150152125094918, 0.9368778108070464627 ),
 .UNSPECIFIED. ) 
 CURVE ( )  GEOMETRIC_REPRESENTATION_ITEM ( )  RATIONAL_B_SPLINE_CURVE ( ( 1.000000000000000000, 0.9014428307903352700, 0.9478909965770712098 ) ) 
 REPRESENTATION_ITEM ( '' )  );
#186 = CARTESIAN_POINT ( 'NONE',  ( 13.36666251168590414, -36.52831470509710954, 15.11570747770779022 ) ) ;
#187 = DIRECTION ( 'NONE',  ( -0.3420201433246154998, 0.000000000000000000, 0.9396926207862916769 ) ) ;
#188 = CARTESIAN_POINT ( 'NONE',  ( 20.69628605187163473, -39.58687603813500289, 12.28047034537724258 ) ) ;
#189 = VERTEX_POINT ( 'NONE', #2640 ) ;
#190 = CARTESIAN_POINT ( 'NONE',  ( 21.59410309622354873, -40.49999999999999289, 16.02208469551134584 ) ) ;
#191 = CARTESIAN_POINT ( 'NONE',  ( 24.36765823437500345, 30.90475193418969369, 20.94270833367473017 ) ) ;
#192 = CARTESIAN_POINT ( 'NONE',  ( 25.18427689435367256, 30.60916508637204458, 19.80993821650542586 ) ) ;
#193 = CIRCLE ( 'NONE', #686, 13.00000000000000000 ) ;
#194 = CARTESIAN_POINT ( 'NONE',  ( 26.40000000000000568, 32.80829037686547167, 21.29166666666667140 ) ) ;
#195 = ORIENTED_EDGE ( 'NONE', *, *, #331, .T. ) ;
#196 = EDGE_LOOP ( 'NONE', ( #3077, #3603, #3512, #3361 ) ) ;
#197 = CARTESIAN_POINT ( 'NONE',  ( 24.36765823437500345, 33.09524806581030987, 20.27604166700806587 ) ) ;
#198 = PLANE ( 'NONE',  #1455 ) ;
#199 = AXIS2_PLACEMENT_3D ( 'NONE', #2594, #2942, #577 ) ;
#200 = DIRECTION ( 'NONE',  ( 1.000000000000000000, 0.000000000000000000, 0.000000000000000000 ) ) ;
#201 = CARTESIAN_POINT ( 'NONE',  ( 23.73531646875000689, 31.26983462279312675, 20.46354166700806587 ) ) ;
#202 = CARTESIAN_POINT ( 'NONE',  ( 33.40016757393924962, -36.99999999999932498, 13.77712128766897237 ) ) ;
#203 = ORIENTED_EDGE ( 'NONE', *, *, #2957, .F. ) ;
#204 = ADVANCED_FACE ( 'NONE', ( #2985 ), #1313, .F. ) ;
#205 = DIRECTION ( 'NONE',  ( -1.121542831296483172E-12, 0.000000000000000000, -1.000000000000000000 ) ) ;
#206 = DIRECTION ( 'NONE',  ( 0.000000000000000000, 1.000000000000000000, 0.000000000000000000 ) ) ;
#207 = CARTESIAN_POINT ( 'NONE',  ( 24.36765823437500345, 30.90475193418969369, 21.00520833367473017 ) ) ;
#208 = EDGE_CURVE ( 'NONE', #3880, #4052, #68, .T. ) ;
#209 = CARTESIAN_POINT ( 'NONE',  ( 41.49999999999998579, 50.00000000000000000, 2.104480912413648319 ) ) ;
#210 = CARTESIAN_POINT ( 'NONE',  ( 28.77993132880704863, -40.52105884257593971, 16.33434698582286160 ) ) ;
#211 = EDGE_LOOP ( 'NONE', ( #1502, #274, #1696, #329 ) ) ;
#212 = CARTESIAN_POINT ( 'NONE',  ( 25.63234176562500011, 30.90475193418969369, 21.02604166700806587 ) ) ;
#213 = FACE_OUTER_BOUND ( 'NONE', #4124, .T. ) ;
#214 = CARTESIAN_POINT ( 'NONE',  ( 23.60000000000000142, 32.57124921351408631, 19.75180260004023580 ) ) ;
#215 = CARTESIAN_POINT ( 'NONE',  ( 26.39999999999999858, 32.00000000000000000, 21.24999999999999645 ) ) ;
#216 = ORIENTED_EDGE ( 'NONE', *, *, #1699, .T. ) ;
#217 = ORIENTED_EDGE ( 'NONE', *, *, #2810, .F. ) ;
#218 = CARTESIAN_POINT ( 'NONE',  ( 26.26468353125000021, 32.73016537720688035, 20.65104166700806587 ) ) ;
#219 = CARTESIAN_POINT ( 'NONE',  ( 4.096985439621944280, 0.000000000000000000, 11.00000000000000000 ) ) ;
#220 = DIRECTION ( 'NONE',  ( -0.000000000000000000, -0.000000000000000000, -1.000000000000000000 ) ) ;
#221 = EDGE_CURVE ( 'NONE', #1977, #2679, #779, .T. ) ;
#222 = CARTESIAN_POINT ( 'NONE',  ( 25.63234176562500011, 33.09524806581030987, 20.75520833367473017 ) ) ;
#223 = CARTESIAN_POINT ( 'NONE',  ( 33.09747846917185399, -34.82905711819871186, 13.25273682337993719 ) ) ;
#224 = ORIENTED_EDGE ( 'NONE', *, *, #3128, .F. ) ;
#225 = CARTESIAN_POINT ( 'NONE',  ( 4.096985439621944280, -37.00000000000000000, 16.14297501373331656 ) ) ;
#226 = DIRECTION ( 'NONE',  ( -0.000000000000000000, -0.000000000000000000, 1.000000000000000000 ) ) ;
#227 = CARTESIAN_POINT ( 'NONE',  ( 23.73531646875000689, 31.26983462279312675, 21.46354166700806232 ) ) ;
#228 = EDGE_CURVE ( 'NONE', #1690, #4180, #414, .T. ) ;
#229 = CARTESIAN_POINT ( 'NONE',  ( 28.82444619717418632, -40.52077803855788574, 13.58882306845953991 ) ) ;
#230 = CARTESIAN_POINT ( 'NONE',  ( 28.32535380315618667, -38.65014120810875653, 15.48579542822332478 ) ) ;
#231 = EDGE_CURVE ( 'NONE', #2459, #381, #3044, .T. ) ;
#232 = ORIENTED_EDGE ( 'NONE', *, *, #1758, .T. ) ;
#233 = CARTESIAN_POINT ( 'NONE',  ( 46.50000000000000000, 0.000000000000000000, 5.000000000000000000 ) ) ;
#234 = CARTESIAN_POINT ( 'NONE',  ( 23.73531646875000689, 32.73016537720687325, 19.81770833367473372 ) ) ;
#235 = CARTESIAN_POINT ( 'NONE',  ( 20.26934250791871506, -36.99999999999999289, 12.00502104291422256 ) ) ;
#236 = CARTESIAN_POINT ( 'NONE',  ( 21.01827944932558268, -38.61745903731148388, 15.89113596872120482 ) ) ;
#237 = VERTEX_POINT ( 'NONE', #1374 ) ;
#238 = ORIENTED_EDGE ( 'NONE', *, *, #3229, .T. ) ;
#239 = CARTESIAN_POINT ( 'NONE',  ( 24.36765823437500345, 33.09524806581030987, 19.77604166700806587 ) ) ;
#240 = CYLINDRICAL_SURFACE ( 'NONE', #3685, 2.749999999999999112 ) ;
#241 = CARTESIAN_POINT ( 'NONE',  ( 28.64954801115700889, -36.99999999998407674, 15.60061493737479488 ) ) ;
#242 = CIRCLE ( 'NONE', #108, 10.00000000000000178 ) ;
#243 = CARTESIAN_POINT ( 'NONE',  ( 24.36765823437500345, 33.09524806581030987, 20.33854166700806587 ) ) ;
#244 = ORIENTED_EDGE ( 'NONE', *, *, #4228, .T. ) ;
#245 = ORIENTED_EDGE ( 'NONE', *, *, #4012, .T. ) ;
#246 = CARTESIAN_POINT ( 'NONE',  ( 25.69999999999999929, 30.78756443470178894, 21.44791666734946034 ) ) ;
#247 = DIRECTION ( 'NONE',  ( -0.000000000000000000, -0.000000000000000000, 1.000000000000000000 ) ) ;
#248 = CARTESIAN_POINT ( 'NONE',  ( 23.73531646875000689, 31.26983462279312675, 20.46354166700806942 ) ) ;
#249 = CARTESIAN_POINT ( 'NONE',  ( 29.01722292449475304, -38.13442965043985566, 13.05917336314806398 ) ) ;
#250 = CARTESIAN_POINT ( 'NONE',  ( 23.67203438273928029, 31.54739009358186763, 19.64662666956830961 ) ) ;
#251 = ORIENTED_EDGE ( 'NONE', *, *, #986, .T. ) ;
#252 = CARTESIAN_POINT ( 'NONE',  ( 26.37644219868913709, 32.29456442182473097, 19.63417250006465054 ) ) ;
#253 = CARTESIAN_POINT ( 'NONE',  ( 25.00000000000000000, 30.53966924558625351, 19.98437500034139802 ) ) ;
#254 = CARTESIAN_POINT ( 'NONE',  ( 25.00000000000000000, 30.60000000000000142, 19.81233490781574957 ) ) ;
#255 = EDGE_CURVE ( 'NONE', #2801, #1423, #3806, .T. ) ;
#256 = CYLINDRICAL_SURFACE ( 'NONE', #2134, 2.000000000000000000 ) ;
#257 = FACE_OUTER_BOUND ( 'NONE', #40, .T. ) ;
#258 = VECTOR ( 'NONE', #996, 1000.000000000000000 ) ;
#259 = EDGE_LOOP ( 'NONE', ( #1804, #116, #2660, #1406 ) ) ;
#260 = ORIENTED_EDGE ( 'NONE', *, *, #2336, .F. ) ;
#261 = CARTESIAN_POINT ( 'NONE',  ( 45.90301456037800421, -34.99999999999999289, 26.00000000000000000 ) ) ;
#262 = CARTESIAN_POINT ( 'NONE',  ( 46.50000000000000000, 50.00000000000000000, 4.799999999999998934 ) ) ;
#263 = CARTESIAN_POINT ( 'NONE',  ( 26.39999999999999858, 32.80829037686547167, 20.07291666734946389 ) ) ;
#264 = AXIS2_PLACEMENT_3D ( 'NONE', #3638, #2608, #2229 ) ;
#265 = CARTESIAN_POINT ( 'NONE',  ( 25.00000000000000000, 33.46033075441374649, 20.79687500034139802 ) ) ;
#266 = CARTESIAN_POINT ( 'NONE',  ( 33.23870488567538217, -34.82548067680872350, 13.99862219024869425 ) ) ;
#267 = ORIENTED_EDGE ( 'NONE', *, *, #1246, .F. ) ;
#268 = VERTEX_POINT ( 'NONE', #3362 ) ;
#269 = CARTESIAN_POINT ( 'NONE',  ( 36.24846684809939035, -37.00000000000000000, 24.10061493736627014 ) ) ;
#270 = ADVANCED_FACE ( 'NONE', ( #2054 ), #2780, .F. ) ;
#271 = CARTESIAN_POINT ( 'NONE',  ( 31.53488717551786280, -36.92505728422885625, 15.60061493736574967 ) ) ;
#272 = CARTESIAN_POINT ( 'NONE',  ( 25.00000000000000000, 33.46033075441374649, 19.79687500034139802 ) ) ;
#273 = CARTESIAN_POINT ( 'NONE',  ( 24.99846684808525055, -40.50000000000000000, 11.81950271462368818 ) ) ;
#274 = ORIENTED_EDGE ( 'NONE', *, *, #1312, .T. ) ;
#275 = CARTESIAN_POINT ( 'NONE',  ( 4.096985439621944280, -37.00000000000000000, 38.00000000000000000 ) ) ;
#276 = CARTESIAN_POINT ( 'NONE',  ( 24.36765823437500345, 30.90475193418969369, 20.44270833367473017 ) ) ;
#277 = CARTESIAN_POINT ( 'NONE',  ( 30.81530519984918826, -36.99999999999999289, 13.06284933179950158 ) ) ;
#278 = CARTESIAN_POINT ( 'NONE',  ( 28.84849139250824379, -38.88878157914768963, 16.15043907428385239 ) ) ;
#279 = EDGE_LOOP ( 'NONE', ( #3301, #2621, #1643, #1261 ) ) ;
#280 = ORIENTED_EDGE ( 'NONE', *, *, #2110, .F. ) ;
#281 = CARTESIAN_POINT ( 'NONE',  ( 25.00000000000000000, 30.53966924558625706, 20.98437500034139802 ) ) ;
#282 = CARTESIAN_POINT ( 'NONE',  ( 28.80794610605360617, -39.96457318646670132, 16.25923510306993336 ) ) ;
#283 = CARTESIAN_POINT ( 'NONE',  ( 24.36765823437500345, 30.90475193418969369, 19.94270833367473017 ) ) ;
#284 = EDGE_CURVE ( 'NONE', #3070, #3271, #3397, .T. ) ;
#285 = CARTESIAN_POINT ( 'NONE',  ( 29.01750138616707986, -38.61760882611746126, 15.90061493737438347 ) ) ;
#286 = CARTESIAN_POINT ( 'NONE',  ( 32.97177719520981753, -34.83384893126805792, 12.90717575519028060 ) ) ;
#287 = EDGE_CURVE ( 'NONE', #3630, #1862, #2720, .T. ) ;
#288 = EDGE_LOOP ( 'NONE', ( #3349, #1774, #3139, #4147 ) ) ;
#289 = B_SPLINE_CURVE_WITH_KNOTS ( 'NONE', 3,
 ( #2761, #2781, #192, #2145, #1799, #3486, #3749, #799, #777, #3771, #1528, #4126, #3466, #2804 ),
 .UNSPECIFIED., .F., .F.,
 ( 4, 2, 2, 2, 2, 2, 4 ),
 ( 0.000000000000000000, 0.0002748172393880696511, 0.0005496344787761393022, 0.0008244517181642088991, 0.001099268957552278604, 0.001648903436328410426, 0.002198537915104542464 ),
 .UNSPECIFIED. ) ;
#290 = CARTESIAN_POINT ( 'NONE',  ( 23.60000000000000142, 32.00000000000000000, 17.00000000000000000 ) ) ;
#291 = CARTESIAN_POINT ( 'NONE',  ( 21.58444038702472767, -36.99999999999999289, 15.49625963526797001 ) ) ;
#292 = DIRECTION ( 'NONE',  ( 0.4401065991472630778, 0.000000000000000000, -0.8979455336416738431 ) ) ;
#293 = CARTESIAN_POINT ( 'NONE',  ( 24.36765823437500345, 33.09524806581030987, 19.83854166700806587 ) ) ;
#294 = DIRECTION ( 'NONE',  ( 0.000000000000000000, -1.000000000000000000, 0.000000000000000000 ) ) ;
#295 = CARTESIAN_POINT ( 'NONE',  ( 17.17560599780126651, -34.83935784514169853, 16.25168013221474794 ) ) ;
#296 = ORIENTED_EDGE ( 'NONE', *, *, #3586, .F. ) ;
#297 = CARTESIAN_POINT ( 'NONE',  ( 26.09614361382967473, 32.79637196851761871, 19.77433409174892631 ) ) ;
#298 = CARTESIAN_POINT ( 'NONE',  ( 27.98317873095071562, -37.00000000000002842, 11.16455869439989712 ) ) ;
#299 = DIRECTION ( 'NONE',  ( 0.4370386826407541281, 2.312964634635739111E-14, 0.8994427107246097952 ) ) ;
#300 = DIRECTION ( 'NONE',  ( -1.000000000000000000, 0.000000000000000000, -0.000000000000000000 ) ) ;
#301 = ORIENTED_EDGE ( 'NONE', *, *, #2080, .F. ) ;
#302 = ORIENTED_EDGE ( 'NONE', *, *, #3023, .T. ) ;
#303 = CARTESIAN_POINT ( 'NONE',  ( 36.71547090197574192, -35.13624116201754788, 14.14297501373332011 ) ) ;
#304 = DIRECTION ( 'NONE',  ( -0.000000000000000000, -0.000000000000000000, 1.000000000000000000 ) ) ;
#305 = CARTESIAN_POINT ( 'NONE',  ( 24.36765823437500345, 30.90475193418969369, 20.44270833367473017 ) ) ;
#306 = CARTESIAN_POINT ( 'NONE',  ( 28.99160617034851128, -38.61755851080600621, 15.89428263470548153 ) ) ;
#307 = CARTESIAN_POINT ( 'NONE',  ( 23.60000000000000497, 31.19170962313452478, 21.32291666734946034 ) ) ;
#308 = VECTOR ( 'NONE', #2564, 1000.000000000000000 ) ;
#309 = ORIENTED_EDGE ( 'NONE', *, *, #986, .F. ) ;
#310 = ORIENTED_EDGE ( 'NONE', *, *, #311, .F. ) ;
#311 = EDGE_CURVE ( 'NONE', #3582, #2292, #1088, .T. ) ;
#312 = CARTESIAN_POINT ( 'NONE',  ( 36.71547090197513086, -36.92505728422885625, 15.60061493736574967 ) ) ;
#313 = CARTESIAN_POINT ( 'NONE',  ( 24.99999999999999289, 29.24999999999987566, 23.31233490781579221 ) ) ;
#314 = FACE_OUTER_BOUND ( 'NONE', #196, .T. ) ;
#315 = CARTESIAN_POINT ( 'NONE',  ( 16.73739618149792463, -34.82623300171621139, 14.45415518522234244 ) ) ;
#316 = VERTEX_POINT ( 'NONE', #1033 ) ;
#317 = DIRECTION ( 'NONE',  ( -1.000000000000000000, 0.000000000000000000, 0.000000000000000000 ) ) ;
#318 = DIRECTION ( 'NONE',  ( 0.000000000000000000, -1.000000000000000000, 0.000000000000000000 ) ) ;
#319 = B_SPLINE_CURVE_WITH_KNOTS ( 'NONE', 3,
 ( #871, #3884, #895, #1293 ),
 .UNSPECIFIED., .F., .F.,
 ( 4, 4 ),
 ( 0.000000000000000000, 1.000000000000000000 ),
 .UNSPECIFIED. ) ;
#320 = FACE_OUTER_BOUND ( 'NONE', #3588, .T. ) ;
#321 = DIRECTION ( 'NONE',  ( 0.000000000000000000, -1.000000000000000000, 0.000000000000000000 ) ) ;
#322 = ORIENTED_EDGE ( 'NONE', *, *, #3496, .T. ) ;
#323 = VERTEX_POINT ( 'NONE', #2755 ) ;
#324 = CARTESIAN_POINT ( 'NONE',  ( 21.47930218039288874, -37.00000000000000711, 11.66959243064056473 ) ) ;
#325 = CARTESIAN_POINT ( 'NONE',  ( 28.16300483029642265, -40.50000000000031974, 12.23421629300757552 ) ) ;
#326 = CARTESIAN_POINT ( 'NONE',  ( 26.26468353125000021, 31.26983462279312675, 20.56770833367473372 ) ) ;
#327 = DIRECTION ( 'NONE',  ( 1.000000000000000000, -0.000000000000000000, -1.121573320328472587E-12 ) ) ;
#328 = CARTESIAN_POINT ( 'NONE',  ( 25.69999999999999929, 33.21243556529821461, 21.61458333401613174 ) ) ;
#329 = ORIENTED_EDGE ( 'NONE', *, *, #1952, .T. ) ;
#330 = VECTOR ( 'NONE', #1337, 1000.000000000000000 ) ;
#331 = EDGE_CURVE ( 'NONE', #2333, #3843, #815, .T. ) ;
#332 = CARTESIAN_POINT ( 'NONE',  ( 28.21851498554205406, -40.49999999999998579, 15.31866075261032911 ) ) ;
#333 = VECTOR ( 'NONE', #2939, 1000.000000000000000 ) ;
#334 = CARTESIAN_POINT ( 'NONE',  ( 21.55206395837952371, -38.83648138921394377, 15.79444203320079509 ) ) ;
#335 = ORIENTED_EDGE ( 'NONE', *, *, #2544, .T. ) ;
#336 = CARTESIAN_POINT ( 'NONE',  ( 33.25487182837819233, -35.13681083286413553, 14.14297501373332011 ) ) ;
#337 = CARTESIAN_POINT ( 'NONE',  ( 13.62200605437000611, 0.000000000000000000, 14.41233490781574922 ) ) ;
#338 = DIRECTION ( 'NONE',  ( 0.000000000000000000, 1.000000000000000000, 0.000000000000000000 ) ) ;
#339 = CARTESIAN_POINT ( 'NONE',  ( 4.096985439621944280, -37.00000000000000000, 27.99999999999991829 ) ) ;
#340 = ORIENTED_EDGE ( 'NONE', *, *, #460, .F. ) ;
#341 = CARTESIAN_POINT ( 'NONE',  ( 13.62200605437000611, 0.000000000000000000, 14.41233490781574922 ) ) ;
#342 = CARTESIAN_POINT ( 'NONE',  ( 21.66000004992570638, -39.34253987187176449, 14.92825279382983972 ) ) ;
#343 = FACE_OUTER_BOUND ( 'NONE', #288, .T. ) ;
#344 = CARTESIAN_POINT ( 'NONE',  ( 28.26632658944705412, -39.35945332619881043, 11.95208878227791693 ) ) ;
#345 = VERTEX_POINT ( 'NONE', #3721 ) ;
#346 = ORIENTED_EDGE ( 'NONE', *, *, #1983, .T. ) ;
#347 = CARTESIAN_POINT ( 'NONE',  ( 26.07789767411511761, 32.78311632880918580, 19.69100123599587704 ) ) ;
#348 = EDGE_CURVE ( 'NONE', #1321, #1629, #3705, .T. ) ;
#349 =( BOUNDED_SURFACE ( )  B_SPLINE_SURFACE ( 1, 2, ( 
 ( #2772, #1048, #2407, #3718, #723, #2071, #3395, #83, #2753, #4076, #4248, #4222, #1788, #3543, #1891, #3226, #2271, #540, #2447, #1252, #2198, #3763, #1094, #4177, #768, #3870, #855, #265, #222, #3245, #3123, #1180, #2221, #1558, #3437, #201, #2900, #1228, #243, #3848, #1579, #563, #1512, #922, #3564, #2116, #1936, #1913, #2854, #879, #2579, #3894, #3205, #3587, #4198 ),
 ( #1608, #431, #124, #2528, #901, #3520, #1537, #3269, #2249, #2924, #2878, #515, #1869, #589, #2952, #1203, #2602, #3918, #2551, #2650, #2320, #2296, #1347, #3037, #1277, #3334, #2626, #615, #4317, #38, #4269, #2360, #2384, #3945, #2975, #3968, #1363, #948, #3609, #1688, #1005, #1960, #4010, #967, #2708, #3293, #3634, #1649, #636, #3353, #4027, #2997, #3675, #4292, #1982 ) ),
 .UNSPECIFIED., .F., .F., .T. ) 
 B_SPLINE_SURFACE_WITH_KNOTS ( ( 2, 2 ),
 ( 3, 2, 2, 2, 2, 2, 2, 2, 2, 2, 2, 2, 2, 2, 2, 2, 2, 2, 2, 2, 2, 2, 2, 2, 2, 2, 2, 3 ),
 ( 0.000000000000000000, 1.000000000000000000 ),
 ( 0.000000000000000000, 0.03333333333333333287, 0.06666666666666666574, 0.1000000000000000056, 0.1333333333333333315, 0.1666666666666666574, 0.2000000000000000111, 0.2333333333333333370, 0.2666666666666666630, 0.2999999999999999889, 0.3333333333333333148, 0.3666666666666666408, 0.4000000000000000222, 0.4333333333333333481, 0.4666666666666666741, 0.5000000000000000000, 0.5333333333333333259, 0.5666666666666666519, 0.5999999999999999778, 0.6333333333333333037, 0.6666666666666666297, 0.6999999999999999556, 0.7333333333333332815, 0.7666666666666667185, 0.8000000000000000444, 0.8333333333333333703, 0.8666666666666666963, 0.8800741322894478635 ),
 .UNSPECIFIED. ) 
 GEOMETRIC_REPRESENTATION_ITEM ( )  RATIONAL_B_SPLINE_SURFACE ( (
 ( 1.000000000000000000, 0.8660254037844387076, 1.000000000000000000, 0.8660254037844387076, 1.000000000000000000, 0.8660254037844387076, 1.000000000000000000, 0.8660254037844387076, 1.000000000000000000, 0.8660254037844387076, 1.000000000000000000, 0.8660254037844387076, 1.000000000000000000, 0.8660254037844387076, 1.000000000000000000, 0.8660254037844387076, 1.000000000000000000, 0.8660254037844387076, 1.000000000000000000, 0.8660254037844387076, 1.000000000000000000, 0.8660254037844387076, 1.000000000000000000, 0.8660254037844387076, 1.000000000000000000, 0.8660254037844387076, 1.000000000000000000, 0.8660254037844387076, 1.000000000000000000, 0.8660254037844387076, 1.000000000000000000, 0.8660254037844387076, 1.000000000000000000, 0.8660254037844387076, 1.000000000000000000, 0.8660254037844387076, 1.000000000000000000, 0.8660254037844387076, 1.000000000000000000, 0.8660254037844387076, 1.000000000000000000, 0.8660254037844387076, 1.000000000000000000, 0.8660254037844387076, 1.000000000000000000, 0.8660254037844387076, 1.000000000000000000, 0.8660254037844387076, 1.000000000000000000, 0.8660254037844387076, 1.000000000000000000, 0.8660254037844387076, 1.000000000000000000, 0.9461122062074162065, 0.9355743369805276100),
 ( 1.000000000000000000, 0.8660254037844387076, 1.000000000000000000, 0.8660254037844387076, 1.000000000000000000, 0.8660254037844387076, 1.000000000000000000, 0.8660254037844387076, 1.000000000000000000, 0.8660254037844387076, 1.000000000000000000, 0.8660254037844387076, 1.000000000000000000, 0.8660254037844387076, 1.000000000000000000, 0.8660254037844387076, 1.000000000000000000, 0.8660254037844387076, 1.000000000000000000, 0.8660254037844387076, 1.000000000000000000, 0.8660254037844387076, 1.000000000000000000, 0.8660254037844387076, 1.000000000000000000, 0.8660254037844387076, 1.000000000000000000, 0.8660254037844387076, 1.000000000000000000, 0.8660254037844387076, 1.000000000000000000, 0.8660254037844387076, 1.000000000000000000, 0.8660254037844387076, 1.000000000000000000, 0.8660254037844387076, 1.000000000000000000, 0.8660254037844387076, 1.000000000000000000, 0.8660254037844387076, 1.000000000000000000, 0.8660254037844387076, 1.000000000000000000, 0.8660254037844387076, 1.000000000000000000, 0.8660254037844387076, 1.000000000000000000, 0.8660254037844387076, 1.000000000000000000, 0.8660254037844387076, 1.000000000000000000, 0.8660254037844387076, 1.000000000000000000, 0.9461122062074162065, 0.9355743369805276100) ) ) 
 REPRESENTATION_ITEM ( '' )  SURFACE ( )  );
#350 = CARTESIAN_POINT ( 'NONE',  ( 21.48992548307749217, -38.85931845373508509, 15.88437598818397056 ) ) ;
#351 = CARTESIAN_POINT ( 'NONE',  ( 18.73621771752224419, -36.99999999999999289, 14.51856710993067345 ) ) ;
#352 = ORIENTED_EDGE ( 'NONE', *, *, #82, .T. ) ;
#353 = CARTESIAN_POINT ( 'NONE',  ( 28.64954801115700889, -36.99999999998407674, 15.60061493737479488 ) ) ;
#354 = PLANE ( 'NONE',  #4042 ) ;
#355 = EDGE_CURVE ( 'NONE', #2441, #72, #886, .T. ) ;
#356 = DIRECTION ( 'NONE',  ( 0.000000000000000000, -1.000000000000000000, 0.000000000000000000 ) ) ;
#357 = DIRECTION ( 'NONE',  ( 0.000000000000000000, 1.000000000000000000, 0.000000000000000000 ) ) ;
#358 = ORIENTED_EDGE ( 'NONE', *, *, #1026, .F. ) ;
#359 = CARTESIAN_POINT ( 'NONE',  ( 23.60000000000000142, 31.19170962313452478, 20.82291666734946389 ) ) ;
#360 = DIRECTION ( 'NONE',  ( 1.000000000000000000, 0.000000000000000000, -1.121830461068781591E-12 ) ) ;
#361 = CARTESIAN_POINT ( 'NONE',  ( 28.16300483029642265, -40.50000000000031974, 12.23421629300757552 ) ) ;
#362 = CARTESIAN_POINT ( 'NONE',  ( 26.40000000000000213, 31.19170962313452478, 21.48958333401612819 ) ) ;
#363 = VERTEX_POINT ( 'NONE', #3785 ) ;
#364 = ORIENTED_EDGE ( 'NONE', *, *, #902, .T. ) ;
#365 = DIRECTION ( 'NONE',  ( 0.000000000000000000, 0.000000000000000000, 1.000000000000000000 ) ) ;
#366 = CARTESIAN_POINT ( 'NONE',  ( 24.30000000000000071, 30.78756443470178894, 20.58333333333333215 ) ) ;
#367 = CIRCLE ( 'NONE', #1922, 1.399999999999998579 ) ;
#368 = CARTESIAN_POINT ( 'NONE',  ( 24.30000000000000071, 33.21243556529821461, 21.69791666734946034 ) ) ;
#369 = CARTESIAN_POINT ( 'NONE',  ( 30.67732827927100914, -34.90500177904355184, 10.26678747247519041 ) ) ;
#370 = AXIS2_PLACEMENT_3D ( 'NONE', #3031, #356, #1097 ) ;
#371 = CARTESIAN_POINT ( 'NONE',  ( 26.13263497395486112, 32.82288396216847559, 19.65535432353810563 ) ) ;
#372 = VECTOR ( 'NONE', #878, 1000.000000000000000 ) ;
#373 = CARTESIAN_POINT ( 'NONE',  ( 16.74180033065442785, -34.82670592111655594, 14.41233490781574567 ) ) ;
#374 = B_SPLINE_CURVE_WITH_KNOTS ( 'NONE', 3,
 ( #3072, #342, #3090, #2379 ),
 .UNSPECIFIED., .F., .F.,
 ( 4, 4 ),
 ( 0.005376485153249051761, 0.008882097814336190750 ),
 .UNSPECIFIED. ) ;
#375 = CARTESIAN_POINT ( 'NONE',  ( 21.83392886587567006, -40.50000000000000000, 12.23421629301459390 ) ) ;
#376 = ORIENTED_EDGE ( 'NONE', *, *, #128, .T. ) ;
#377 = EDGE_LOOP ( 'NONE', ( #3804, #3946, #518, #1732 ) ) ;
#378 = DIRECTION ( 'NONE',  ( 1.000000000000000000, 0.000000000000000000, 0.000000000000000000 ) ) ;
#379 = DIRECTION ( 'NONE',  ( -0.9396926207855245128, 0.000000000000000000, 0.3420201433267234248 ) ) ;
#380 = CARTESIAN_POINT ( 'NONE',  ( 26.26468353125000021, 32.73016537720688035, 20.71354166700806232 ) ) ;
#381 = VERTEX_POINT ( 'NONE', #1813 ) ;
#382 = VERTEX_POINT ( 'NONE', #2163 ) ;
#383 = FACE_BOUND ( 'NONE', #3264, .T. ) ;
#384 = CARTESIAN_POINT ( 'NONE',  ( 25.00000000000000000, 33.61658075373095755, 21.87500000000000000 ) ) ;
#385 = VECTOR ( 'NONE', #206, 1000.000000000000000 ) ;
#386 = EDGE_CURVE ( 'NONE', #2194, #629, #1159, .T. ) ;
#387 = FACE_OUTER_BOUND ( 'NONE', #279, .T. ) ;
#388 = DIRECTION ( 'NONE',  ( 0.9993195478616839766, 0.03688416003543468213, -1.121787847798328927E-12 ) ) ;
#389 = CARTESIAN_POINT ( 'NONE',  ( 21.27822179563641214, -37.00000000000000711, 9.237859010133599114 ) ) ;
#390 =( BOUNDED_SURFACE ( )  B_SPLINE_SURFACE ( 3, 1, ( 
 ( #4008, #2357 ),
 ( #3710, #1685 ),
 ( #713, #2745 ),
 ( #2062, #736 ),
 ( #3673, #2704 ),
 ( #399, #1745 ),
 ( #91, #1418 ) ),
 .UNSPECIFIED., .T., .F., .F. ) 
 B_SPLINE_SURFACE_WITH_KNOTS ( ( 4, 3, 4 ),
 ( 2, 2 ),
 ( 0.000000000000000000, 0.5000000000000000000, 1.000000000000000000 ),
 ( 0.000000000000000000, 1.000000000000000000 ),
 .UNSPECIFIED. ) 
 GEOMETRIC_REPRESENTATION_ITEM ( )  RATIONAL_B_SPLINE_SURFACE ( (
 ( 1.000000000000000000, 1.000000000000000000),
 ( 0.3333333333333333703, 0.3333333333333333703),
 ( 0.3333333333333333703, 0.3333333333333333703),
 ( 1.000000000000000000, 1.000000000000000000),
 ( 0.3333333333333333703, 0.3333333333333333703),
 ( 0.3333333333333333703, 0.3333333333333333703),
 ( 1.000000000000000000, 1.000000000000000000) ) ) 
 REPRESENTATION_ITEM ( '' )  SURFACE ( )  );
#391 = DIRECTION ( 'NONE',  ( 0.000000000000000000, 0.000000000000000000, 1.000000000000000000 ) ) ;
#392 = CARTESIAN_POINT ( 'NONE',  ( 27.60760109228381154, 31.10826095716012674, 22.92207132602489850 ) ) ;
#393 = AXIS2_PLACEMENT_3D ( 'NONE', #3369, #4025, #4066 ) ;
#394 = EDGE_CURVE ( 'NONE', #3441, #2292, #3852, .T. ) ;
#395 = CARTESIAN_POINT ( 'NONE',  ( 32.49934344998941782, -34.85174190958395002, 12.00208862905255813 ) ) ;
#396 = CARTESIAN_POINT ( 'NONE',  ( 25.00000000000000000, 32.00000000000000000, 22.00000000000000000 ) ) ;
#397 = ORIENTED_EDGE ( 'NONE', *, *, #4007, .F. ) ;
#398 = CARTESIAN_POINT ( 'NONE',  ( 24.99846684810453823, -35.61760882611746126, 28.69301589568895139 ) ) ;
#399 = CARTESIAN_POINT ( 'NONE',  ( 6.187795126127017653, -36.99999999999999289, 13.25166761791370007 ) ) ;
#400 = CARTESIAN_POINT ( 'NONE',  ( 23.73531646875000689, 31.26983462279312675, 20.46354166700806587 ) ) ;
#401 = CARTESIAN_POINT ( 'NONE',  ( 26.40000000000000213, 31.19170962313452478, 19.98958333401612819 ) ) ;
#402 = VERTEX_POINT ( 'NONE', #3807 ) ;
#403 = ORIENTED_EDGE ( 'NONE', *, *, #3586, .T. ) ;
#404 = CARTESIAN_POINT ( 'NONE',  ( 28.88606782266948869, -38.88907856675146490, 16.16877765418422541 ) ) ;
#405 = PRODUCT ( 'extruder_syringe_mount_coaxial', 'extruder_syringe_mount_coaxial', '', ( #687 ) ) ;
#406 = ADVANCED_FACE ( 'NONE', ( #1185 ), #1518, .T. ) ;
#407 = CARTESIAN_POINT ( 'NONE',  ( 32.86551085836392616, -34.85596547036867321, 16.21852680743437958 ) ) ;
#408 = CARTESIAN_POINT ( 'NONE',  ( 21.66692684470503494, -37.87126591631274408, 15.35647550419615825 ) ) ;
#409 = CARTESIAN_POINT ( 'NONE',  ( 23.60000000000000497, 32.80829037686547167, 21.45833333333333215 ) ) ;
#410 = DIRECTION ( 'NONE',  ( -0.000000000000000000, -1.000000000000000000, -0.000000000000000000 ) ) ;
#411 = EDGE_CURVE ( 'NONE', #3969, #1999, #2303, .T. ) ;
#412 = B_SPLINE_CURVE_WITH_KNOTS ( 'NONE', 3,
 ( #2791, #3163, #2875, #3825, #1130, #1177, #4196, #1472, #494, #2525 ),
 .UNSPECIFIED., .F., .F.,
 ( 4, 2, 2, 2, 4 ),
 ( 3.878959614448864246E-18, 0.0004207395649926057041, 0.0008414791299852075052, 0.001262218694977809306, 0.001682958259970411107 ),
 .UNSPECIFIED. ) ;
#413 = DIRECTION ( 'NONE',  ( 0.000000000000000000, 0.000000000000000000, -1.000000000000000000 ) ) ;
#414 = LINE ( 'NONE', #105, #1872 ) ;
#415 = DIRECTION ( 'NONE',  ( -0.000000000000000000, -1.000000000000000000, -0.000000000000000000 ) ) ;
#416 = DIRECTION ( 'NONE',  ( -1.121787847798335591E-12, 0.000000000000000000, -1.000000000000000000 ) ) ;
#417 = CARTESIAN_POINT ( 'NONE',  ( 21.38812223093048104, -38.31760882611756358, 15.60061493738294125 ) ) ;
#418 = ORIENTED_EDGE ( 'NONE', *, *, #2331, .T. ) ;
#419 = CARTESIAN_POINT ( 'NONE',  ( 25.00000000000000000, 33.46033075441374649, 21.23437500034139802 ) ) ;
#420 = CARTESIAN_POINT ( 'NONE',  ( 23.60000000000000142, 32.00000000000000000, 22.00000000000000000 ) ) ;
#421 = CARTESIAN_POINT ( 'NONE',  ( 26.26468353125000021, 32.00000000000000000, 20.67187500034139802 ) ) ;
#422 = CARTESIAN_POINT ( 'NONE',  ( 26.40000000000000213, 31.19170962313452478, 20.48958333401612819 ) ) ;
#423 = VERTEX_POINT ( 'NONE', #770 ) ;
#424 = ORIENTED_EDGE ( 'NONE', *, *, #1101, .F. ) ;
#425 = CARTESIAN_POINT ( 'NONE',  ( 23.60000000000000497, 32.80829037686547167, 21.73958333401613174 ) ) ;
#426 = LINE ( 'NONE', #3846, #3204 ) ;
#427 = LINE ( 'NONE', #718, #3941 ) ;
#428 = CARTESIAN_POINT ( 'NONE',  ( 23.60000000000000497, 32.80829037686547167, 21.95833333333333215 ) ) ;
#429 = ORIENTED_EDGE ( 'NONE', *, *, #1791, .F. ) ;
#430 = CARTESIAN_POINT ( 'NONE',  ( 21.14844230367266675, -38.88878157914768963, 16.15043907429249970 ) ) ;
#431 = CARTESIAN_POINT ( 'NONE',  ( 23.60000000000000497, 32.80829037686547167, 21.95833333333333215 ) ) ;
#432 = VECTOR ( 'NONE', #1997, 1000.000000000000000 ) ;
#433 = CARTESIAN_POINT ( 'NONE',  ( 26.38638919028741725, 34.40181071152134251, 23.20999667996117921 ) ) ;
#434 = CARTESIAN_POINT ( 'NONE',  ( 2.000000000000000000, 0.000000000000000000, 9.000000000000000000 ) ) ;
#435 = AXIS2_PLACEMENT_3D ( 'NONE', #987, #2339, #3371 ) ;
#436 = DIRECTION ( 'NONE',  ( 1.000000000000000000, -0.000000000000000000, -0.000000000000000000 ) ) ;
#437 = CARTESIAN_POINT ( 'NONE',  ( 25.95771113500628147, 33.06364597212918000, 19.59924338550385414 ) ) ;
#438 = ORIENTED_EDGE ( 'NONE', *, *, #2331, .F. ) ;
#439 = FACE_OUTER_BOUND ( 'NONE', #1023, .T. ) ;
#440 = CARTESIAN_POINT ( 'NONE',  ( 28.35898661748376881, -36.98543211370326844, 15.37426372084529902 ) ) ;
#441 = CARTESIAN_POINT ( 'NONE',  ( 23.73531646875000334, 32.00000000000000000, 21.42187500034139802 ) ) ;
#442 = CARTESIAN_POINT ( 'NONE',  ( 23.60000000000000497, 31.19170962313452478, 19.82291666734946034 ) ) ;
#443 = ORIENTED_EDGE ( 'NONE', *, *, #676, .F. ) ;
#444 = ORIENTED_EDGE ( 'NONE', *, *, #3124, .T. ) ;
#445 = CARTESIAN_POINT ( 'NONE',  ( 25.00000000000000000, 33.61658075373095755, 21.15625000068279959 ) ) ;
#446 = FACE_OUTER_BOUND ( 'NONE', #1835, .T. ) ;
#447 = CARTESIAN_POINT ( 'NONE',  ( 31.23426440945170057, -36.99999999999997868, 14.80211387962128811 ) ) ;
#448 = CARTESIAN_POINT ( 'NONE',  ( 25.00000000000000000, 33.61658075373095755, 21.37500000000000000 ) ) ;
#449 = DIRECTION ( 'NONE',  ( -1.121787847798335591E-12, 0.000000000000000000, -1.000000000000000000 ) ) ;
#450 = ORIENTED_EDGE ( 'NONE', *, *, #1409, .T. ) ;
#451 = CARTESIAN_POINT ( 'NONE',  ( 21.39140197205639993, -38.36203886171786337, 15.60061493738294658 ) ) ;
#452 = VECTOR ( 'NONE', #3262, 1000.000000000000000 ) ;
#453 =( BOUNDED_CURVE ( )  B_SPLINE_CURVE ( 2, ( #3877, #4254, #1308, #1944, #2658, #2962, #3252 ),
 .UNSPECIFIED., .F., .F. ) 
 B_SPLINE_CURVE_WITH_KNOTS ( ( 3, 2, 2, 3 ),
 ( 0.2272539631800924165, 0.2651293632668021427, 0.3030049865906324080, 0.3408805518262684187 ),
 .UNSPECIFIED. ) 
 CURVE ( )  GEOMETRIC_REPRESENTATION_ITEM ( )  RATIONAL_B_SPLINE_CURVE ( ( 1.000000000000000000, 0.8660254037844387076, 1.000000000000000000, 0.8660254037844387076, 1.000000000000000000, 0.8660254037844387076, 1.000000000000000000 ) ) 
 REPRESENTATION_ITEM ( '' )  );
#454 = EDGE_CURVE ( 'NONE', #1215, #2955, #3655, .T. ) ;
#455 = DIRECTION ( 'NONE',  ( 0.9993195478616839766, -0.03688416003543468213, -1.121787847798328927E-12 ) ) ;
#456 = CARTESIAN_POINT ( 'NONE',  ( 21.37191446223908997, -37.87848427875197643, 15.60061493738296079 ) ) ;
#457 = AXIS2_PLACEMENT_3D ( 'NONE', #4213, #1196, #1220 ) ;
#458 = VECTOR ( 'NONE', #1110, 1000.000000000000000 ) ;
#459 = CARTESIAN_POINT ( 'NONE',  ( 23.60000000000000142, 32.00000000000000000, 19.99999999999999645 ) ) ;
#460 = EDGE_CURVE ( 'NONE', #3246, #1672, #2776, .T. ) ;
#461 = SURFACE_STYLE_FILL_AREA ( #130 ) ;
#462 = ADVANCED_FACE ( 'NONE', ( #3459 ), #1875, .F. ) ;
#463 = ORIENTED_EDGE ( 'NONE', *, *, #3516, .F. ) ;
#464 = LINE ( 'NONE', #2844, #3752 ) ;
#465 = CARTESIAN_POINT ( 'NONE',  ( 23.60000000000000142, 32.00000000000000000, 21.78125000068279604 ) ) ;
#466 = CARTESIAN_POINT ( 'NONE',  ( 30.91970218217965183, -37.00000000000000000, 15.60061493737713079 ) ) ;
#467 = CARTESIAN_POINT ( 'NONE',  ( 23.60000000000000142, 32.00000000000000000, 20.99999999999999645 ) ) ;
#468 = ORIENTED_EDGE ( 'NONE', *, *, #2187, .T. ) ;
#469 = VERTEX_POINT ( 'NONE', #499 ) ;
#470 = CARTESIAN_POINT ( 'NONE',  ( 26.40000000000000213, 31.19170962313452478, 19.98958333401612819 ) ) ;
#471 = CARTESIAN_POINT ( 'NONE',  ( 27.75000000000000000, 32.00000000000000000, 22.00000000000000000 ) ) ;
#472 = DIRECTION ( 'NONE',  ( 0.000000000000000000, 0.000000000000000000, -1.000000000000000000 ) ) ;
#473 = CARTESIAN_POINT ( 'NONE',  ( 28.66898090423629952, -34.94232083194699356, 9.283321549957324947 ) ) ;
#474 = ORIENTED_EDGE ( 'NONE', *, *, #1965, .T. ) ;
#475 = EDGE_CURVE ( 'NONE', #1127, #2458, #1851, .T. ) ;
#476 = CARTESIAN_POINT ( 'NONE',  ( 21.32728819692747635, -38.65074983250321594, 16.01817306489002490 ) ) ;
#477 = AXIS2_PLACEMENT_3D ( 'NONE', #991, #2713, #2732 ) ;
#478 = CARTESIAN_POINT ( 'NONE',  ( 27.66132582425029440, 32.71572247038840686, 22.90519760801296556 ) ) ;
#479 = DIRECTION ( 'NONE',  ( 0.000000000000000000, 0.000000000000000000, 1.000000000000000000 ) ) ;
#480 =( BOUNDED_SURFACE ( )  B_SPLINE_SURFACE ( 3, 2, ( 
 ( #430, #3476, #4075 ),
 ( #2836, #1069, #3413 ),
 ( #2425, #476, #162 ),
 ( #1786, #3737, #3122 ),
 ( #2816, #1158, #2797 ),
 ( #1457, #4118, #1115 ),
 ( #3167, #2466, #4137 ),
 ( #3784, #790, #2509 ),
 ( #2136, #3456, #451 ),
 ( #3148, #836, #143 ) ),
 .UNSPECIFIED., .F., .F., .F. ) 
 B_SPLINE_SURFACE_WITH_KNOTS ( ( 4, 2, 2, 2, 4 ),
 ( 3, 3 ),
 ( -4.065758146820641628E-18, 0.0002646454280914583169, 0.0005292908561829206453, 0.0007939362842743829737, 0.001058581712365845411 ),
 ( 0.000000000000000000, 1.000000000000000000 ),
 .UNSPECIFIED. ) 
 GEOMETRIC_REPRESENTATION_ITEM ( )  RATIONAL_B_SPLINE_SURFACE ( (
 ( 1.000000000000000000, 0.7494509269400077001, 1.000000000000000000),
 ( 1.000000000000000000, 0.7676701219298834866, 1.000000000000000000),
 ( 1.000000000000000000, 0.7881264384562034486, 1.000000000000000000),
 ( 1.000000000000000000, 0.8116047693973362787, 1.000000000000000000),
 ( 1.000000000000000000, 0.8138070996607807972, 1.000000000000000000),
 ( 1.000000000000000000, 0.7997011461332422799, 1.000000000000000000),
 ( 1.000000000000000000, 0.7845823806027361069, 1.000000000000000000),
 ( 1.000000000000000000, 0.7613631298141290138, 1.000000000000000000),
 ( 1.000000000000000000, 0.7534842689686065409, 1.000000000000000000),
 ( 1.000000000000000000, 0.7551650684633401944, 1.000000000000000000) ) ) 
 REPRESENTATION_ITEM ( '' )  SURFACE ( )  );
#481 = CARTESIAN_POINT ( 'NONE',  ( 14.04846684809018242, -38.61760882611746126, 15.90061493739117537 ) ) ;
#482 = CARTESIAN_POINT ( 'NONE',  ( 28.50692842824109619, -38.85927346748576383, 15.88422857125585175 ) ) ;
#483 = CARTESIAN_POINT ( 'NONE',  ( 23.60000000003730847, 32.00000690809321213, 20.28110920934406636 ) ) ;
#484 = ADVANCED_FACE ( 'NONE', ( #144 ), #2020, .F. ) ;
#485 = EDGE_LOOP ( 'NONE', ( #2855, #2176, #1084, #3484, #3650, #4112 ) ) ;
#486 = AXIS2_PLACEMENT_3D ( 'NONE', #4013, #1009, #2363 ) ;
#487 = CARTESIAN_POINT ( 'NONE',  ( 25.00000000000000000, 33.46033075441374649, 21.73437500034139802 ) ) ;
#488 = DIRECTION ( 'NONE',  ( -0.000000000000000000, 0.000000000000000000, 1.000000000000000000 ) ) ;
#489 = CARTESIAN_POINT ( 'NONE',  ( 28.82665191891688750, -40.50000000000000000, 13.58276289777784029 ) ) ;
#490 = CARTESIAN_POINT ( 'NONE',  ( 23.60000000000000497, 31.19170962313452478, 20.32291666734946389 ) ) ;
#491 = EDGE_LOOP ( 'NONE', ( #3929, #195 ) ) ;
#492 = ORIENTED_EDGE ( 'NONE', *, *, #2754, .F. ) ;
#493 = CARTESIAN_POINT ( 'NONE',  ( 23.60000000000000497, 31.19170962313452478, 20.82291666734946389 ) ) ;
#494 = CARTESIAN_POINT ( 'NONE',  ( 21.12167509052006409, -40.50000000000000711, 13.44921712353926502 ) ) ;
#495 = LINE ( 'NONE', #1154, #1789 ) ;
#496 = CARTESIAN_POINT ( 'NONE',  ( 29.74330406128986937, -36.99999999999999289, 12.04813012937312777 ) ) ;
#497 = ORIENTED_EDGE ( 'NONE', *, *, #36, .F. ) ;
#498 = CARTESIAN_POINT ( 'NONE',  ( 0.000000000000000000, 0.000000000000000000, 11.00000000000000000 ) ) ;
#499 = CARTESIAN_POINT ( 'NONE',  ( 45.90301456037813210, 0.000000000000000000, 5.000000000000000000 ) ) ;
#500 = CARTESIAN_POINT ( 'NONE',  ( 23.73531646875000689, 32.73016537720687325, 20.88020833367473372 ) ) ;
#501 = CARTESIAN_POINT ( 'NONE',  ( 4.096985439621944280, -34.99999999999999289, 11.00000000000000000 ) ) ;
#502 = CARTESIAN_POINT ( 'NONE',  ( 25.69999999999999929, 33.21243556529821461, 20.83333333333333215 ) ) ;
#503 = VERTEX_POINT ( 'NONE', #3190 ) ;
#504 = CARTESIAN_POINT ( 'NONE',  ( 25.63234176562500011, 33.09524806581030987, 21.19270833367473017 ) ) ;
#505 = LINE ( 'NONE', #171, #822 ) ;
#506 = VECTOR ( 'NONE', #4079, 1000.000000000000000 ) ;
#507 = VECTOR ( 'NONE', #1911, 1000.000000000000000 ) ;
#508 = DIRECTION ( 'NONE',  ( 1.000000000000000000, 0.000000000000000000, -1.121573320328472587E-12 ) ) ;
#509 = EDGE_CURVE ( 'NONE', #2946, #3671, #4263, .T. ) ;
#510 = ORIENTED_EDGE ( 'NONE', *, *, #3051, .F. ) ;
#511 = EDGE_LOOP ( 'NONE', ( #1731, #1174, #2842, #33 ) ) ;
#512 = CARTESIAN_POINT ( 'NONE',  ( 25.95772120990870135, 33.06364015538154888, 19.59924278580727730 ) ) ;
#513 = CARTESIAN_POINT ( 'NONE',  ( 4.096985439621944280, -40.50000000000000000, 38.00000000000000000 ) ) ;
#514 = CYLINDRICAL_SURFACE ( 'NONE', #1145, 0.3000000000000016542 ) ;
#515 = CARTESIAN_POINT ( 'NONE',  ( 23.60000000000000497, 31.19170962313452478, 21.54166666666666075 ) ) ;
#516 = CARTESIAN_POINT ( 'NONE',  ( 27.64578425417337826, -37.00000000000000711, 11.05858790288660387 ) ) ;
#517 = ADVANCED_FACE ( 'NONE', ( #2817 ), #4138, .F. ) ;
#518 = ORIENTED_EDGE ( 'NONE', *, *, #4152, .F. ) ;
#519 = CARTESIAN_POINT ( 'NONE',  ( 21.14844230367266675, -38.88878157914766120, 16.15043907429248904 ) ) ;
#520 = CARTESIAN_POINT ( 'NONE',  ( 16.74180033065442785, -34.82670592111655594, 14.41233490781574567 ) ) ;
#521 = CARTESIAN_POINT ( 'NONE',  ( 25.63234176562500011, 33.09524806581030987, 21.75520833367473017 ) ) ;
#522 = AXIS2_PLACEMENT_3D ( 'NONE', #3575, #1924, #3255 ) ;
#523 = CARTESIAN_POINT ( 'NONE',  ( 36.24846684809939035, -38.31760882611746410, 24.10061493736627014 ) ) ;
#524 = CARTESIAN_POINT ( 'NONE',  ( 28.37852723476854777, -38.77388375773383444, 15.65743517862153844 ) ) ;
#525 = CARTESIAN_POINT ( 'NONE',  ( 20.95098600608583084, -37.51039894250029505, 12.98025271831038552 ) ) ;
#526 = ORIENTED_EDGE ( 'NONE', *, *, #1226, .T. ) ;
#527 = CARTESIAN_POINT ( 'NONE',  ( 21.66024618112724553, -40.50000000000000711, 15.91664759882772273 ) ) ;
#528 = CARTESIAN_POINT ( 'NONE',  ( 26.26468353125000021, 32.00000000000000000, 21.10937500034139802 ) ) ;
#529 = EDGE_CURVE ( 'NONE', #4199, #1526, #952, .T. ) ;
#530 = CARTESIAN_POINT ( 'NONE',  ( 21.97492032221839509, -36.99999999999999289, 11.15792316530255235 ) ) ;
#531 = VECTOR ( 'NONE', #1642, 1000.000000000000000 ) ;
#532 = CARTESIAN_POINT ( 'NONE',  ( 23.60000000000075104, 32.00000099427092692, 19.78123001999402675 ) ) ;
#533 = AXIS2_PLACEMENT_3D ( 'NONE', #2823, #2494, #3815 ) ;
#534 = CARTESIAN_POINT ( 'NONE',  ( 21.13590707685513337, -38.88897891801334339, 16.15653044227169133 ) ) ;
#535 = ORIENTED_EDGE ( 'NONE', *, *, #2424, .T. ) ;
#536 = ORIENTED_EDGE ( 'NONE', *, *, #1118, .F. ) ;
#537 = CARTESIAN_POINT ( 'NONE',  ( 23.73531646875000334, 32.00000000000000000, 20.35937500034139447 ) ) ;
#538 = DIRECTION ( 'NONE',  ( 0.000000000000000000, -0.000000000000000000, 1.000000000000000000 ) ) ;
#539 = CARTESIAN_POINT ( 'NONE',  ( 21.21700236737411416, -40.52105884257279911, 16.33434698583091915 ) ) ;
#540 = CARTESIAN_POINT ( 'NONE',  ( 26.26468353125000021, 32.73016537720688035, 21.21354166700806587 ) ) ;
#541 = CARTESIAN_POINT ( 'NONE',  ( 33.22658439694974675, -34.83155772866569322, 14.97730110860430308 ) ) ;
#542 = VERTEX_POINT ( 'NONE', #593 ) ;
#543 = EDGE_CURVE ( 'NONE', #957, #1215, #3951, .T. ) ;
#544 = LINE ( 'NONE', #3548, #2582 ) ;
#545 = EDGE_CURVE ( 'NONE', #2801, #2758, #1561, .T. ) ;
#546 = DIRECTION ( 'NONE',  ( -0.000000000000000000, 1.000000000000000000, -0.000000000000000000 ) ) ;
#547 = CARTESIAN_POINT ( 'NONE',  ( 25.00000000000000000, 30.53966924558625351, 21.54687500034139802 ) ) ;
#548 = CARTESIAN_POINT ( 'NONE',  ( 29.43303586884762169, -36.98303008160156224, 11.91673668781764484 ) ) ;
#549 = CARTESIAN_POINT ( 'NONE',  ( 8.500000000000015987, 50.00000000000000000, 2.104480912413648319 ) ) ;
#550 = CARTESIAN_POINT ( 'NONE',  ( 23.60000000000000142, 32.00000000000000000, 19.62769683197786819 ) ) ;
#551 = ORIENTED_EDGE ( 'NONE', *, *, #55, .T. ) ;
#552 = CARTESIAN_POINT ( 'NONE',  ( 26.39999999999999858, 32.00000000000000000, 19.62769683197786819 ) ) ;
#553 = CARTESIAN_POINT ( 'NONE',  ( 25.63234176562500011, 33.09524806581030987, 20.69270833367473017 ) ) ;
#554 = CARTESIAN_POINT ( 'NONE',  ( 0.000000000000000000, 0.000000000000000000, 0.000000000000000000 ) ) ;
#555 = LINE ( 'NONE', #2265, #2506 ) ;
#556 = ORIENTED_EDGE ( 'NONE', *, *, #3496, .F. ) ;
#557 = ORIENTED_EDGE ( 'NONE', *, *, #3360, .T. ) ;
#558 = LINE ( 'NONE', #1909, #751 ) ;
#559 = CARTESIAN_POINT ( 'NONE',  ( 21.60839352823863280, -37.00000000000001421, 14.78646504079851987 ) ) ;
#560 = DIRECTION ( 'NONE',  ( 1.121777405443293329E-12, 0.000000000000000000, 1.000000000000000000 ) ) ;
#561 = VECTOR ( 'NONE', #4227, 1000.000000000000000 ) ;
#562 = CARTESIAN_POINT ( 'NONE',  ( 32.78396776516169098, 0.000000000000000000, 18.72740684590946714 ) ) ;
#563 = CARTESIAN_POINT ( 'NONE',  ( 26.26468353125000021, 32.73016537720688035, 20.21354166700806587 ) ) ;
#564 = CARTESIAN_POINT ( 'NONE',  ( 32.50237699255841051, -34.85144414918708122, 12.02533269057492760 ) ) ;
#565 = ORIENTED_EDGE ( 'NONE', *, *, #3981, .T. ) ;
#566 = CARTESIAN_POINT ( 'NONE',  ( 8.500000000000014211, 5.000000000000000000, 0.000000000000000000 ) ) ;
#567 = EDGE_CURVE ( 'NONE', #3271, #96, #4252, .T. ) ;
#568 = DIRECTION ( 'NONE',  ( 1.000000000000000000, 0.000000000000000000, 0.000000000000000000 ) ) ;
#569 = CARTESIAN_POINT ( 'NONE',  ( 26.26468353125000021, 32.73016537720687325, 20.21354166700806587 ) ) ;
#570 = LINE ( 'NONE', #3594, #4299 ) ;
#571 = DIRECTION ( 'NONE',  ( 1.121777405443293329E-12, -0.000000000000000000, 1.000000000000000000 ) ) ;
#572 = CARTESIAN_POINT ( 'NONE',  ( 20.97943175031741347, -38.12954893549643032, 13.05840675826596353 ) ) ;
#573 = VERTEX_POINT ( 'NONE', #1586 ) ;
#574 = DIRECTION ( 'NONE',  ( -0.000000000000000000, -0.000000000000000000, -1.000000000000000000 ) ) ;
#575 = CARTESIAN_POINT ( 'NONE',  ( 25.00000000000000000, 30.53966924558625351, 20.48437500034139447 ) ) ;
#576 = CARTESIAN_POINT ( 'NONE',  ( 4.096985439622097047, -34.99999999999999289, 13.00000000000000000 ) ) ;
#577 = DIRECTION ( 'NONE',  ( 0.000000000000000000, -0.000000000000000000, -1.000000000000000000 ) ) ;
#578 = CARTESIAN_POINT ( 'NONE',  ( 23.73531646875000334, 32.00000000000000000, 19.92187500034139802 ) ) ;
#579 = CARTESIAN_POINT ( 'NONE',  ( 4.096985439621944280, -37.00000000000000000, 11.00000000000000000 ) ) ;
#580 = PLANE ( 'NONE',  #3004 ) ;
#581 = EDGE_LOOP ( 'NONE', ( #267, #1507, #3636, #3043, #1175, #989, #340, #1302 ) ) ;
#582 = EDGE_CURVE ( 'NONE', #542, #933, #1256, .T. ) ;
#583 = ORIENTED_EDGE ( 'NONE', *, *, #926, .F. ) ;
#584 = LINE ( 'NONE', #2647, #3472 ) ;
#585 = CARTESIAN_POINT ( 'NONE',  ( 28.84849139250824379, -38.88878157914768963, 16.15043907428385594 ) ) ;
#586 = DIRECTION ( 'NONE',  ( 0.000000000000000000, 0.000000000000000000, 1.000000000000000000 ) ) ;
#587 = CARTESIAN_POINT ( 'NONE',  ( 3.500000000000004441, 4.999999999999997335, 2.104480912413648319 ) ) ;
#588 = AXIS2_PLACEMENT_3D ( 'NONE', #1619, #3013, #299 ) ;
#589 = CARTESIAN_POINT ( 'NONE',  ( 23.60000000000000497, 32.80829037686547167, 21.45833333333333215 ) ) ;
#590 = VERTEX_POINT ( 'NONE', #1283 ) ;
#591 = VERTEX_POINT ( 'NONE', #1207 ) ;
#592 = DIRECTION ( 'NONE',  ( 0.000000000000000000, 0.000000000000000000, 1.000000000000000000 ) ) ;
#593 = CARTESIAN_POINT ( 'NONE',  ( 3.500000000000004441, 50.00000000000000000, 5.000000000000000000 ) ) ;
#594 = CARTESIAN_POINT ( 'NONE',  ( 25.00000000000000000, 30.53966924558625351, 20.04687500034139802 ) ) ;
#595 = ADVANCED_FACE ( 'NONE', ( #3568 ), #1941, .F. ) ;
#596 = CARTESIAN_POINT ( 'NONE',  ( 29.04575448095209111, -37.51776436805714354, 12.98078355603937339 ) ) ;
#597 = CARTESIAN_POINT ( 'NONE',  ( 28.38883380472955409, -36.97796662865339101, 14.78565828033992346 ) ) ;
#598 = EDGE_LOOP ( 'NONE', ( #1645, #797, #1056, #3295, #4194, #3039 ) ) ;
#599 = DIRECTION ( 'NONE',  ( -0.000000000000000000, -0.000000000000000000, 1.000000000000000000 ) ) ;
#600 = CARTESIAN_POINT ( 'NONE',  ( 28.31199143876532887, -38.30665341412540670, 15.34277950575151550 ) ) ;
#601 = EDGE_CURVE ( 'NONE', #3160, #812, #2724, .T. ) ;
#602 = CARTESIAN_POINT ( 'NONE',  ( 30.91970218217965183, -37.00000000000000000, 15.60061493737713079 ) ) ;
#603 = EDGE_CURVE ( 'NONE', #2341, #2867, #1663, .T. ) ;
#604 = LINE ( 'NONE', #579, #1713 ) ;
#605 = CARTESIAN_POINT ( 'NONE',  ( 50.00000000000000000, 50.00000000000000000, 9.000000000000000000 ) ) ;
#606 =( BOUNDED_CURVE ( )  B_SPLINE_CURVE ( 2, ( #100, #1829, #81, #1431, #2115, #2771, #3805 ),
 .UNSPECIFIED., .F., .F. ) 
 B_SPLINE_CURVE_WITH_KNOTS ( ( 3, 2, 2, 3 ),
 ( 0.8000000000000007105, 0.8333333333333337034, 0.8666666666666668073, 0.8800741322894478635 ),
 .UNSPECIFIED. ) 
 CURVE ( )  GEOMETRIC_REPRESENTATION_ITEM ( )  RATIONAL_B_SPLINE_CURVE ( ( 0.9999999999999973355, 0.8660254037844413721, 1.000000000000000000, 0.8660254037844387076, 1.000000000000000000, 0.9461122062074162065, 0.9355743369805276100 ) ) 
 REPRESENTATION_ITEM ( '' )  );
#607 = VECTOR ( 'NONE', #2467, 1000.000000000000000 ) ;
#608 = ORIENTED_EDGE ( 'NONE', *, *, #2739, .T. ) ;
#609 = VERTEX_POINT ( 'NONE', #3875 ) ;
#610 = CARTESIAN_POINT ( 'NONE',  ( 23.73531646875000689, 31.26983462279312675, 20.40104166700806587 ) ) ;
#611 = DIRECTION ( 'NONE',  ( 0.000000000000000000, -0.000000000000000000, -1.000000000000000000 ) ) ;
#612 = VECTOR ( 'NONE', #674, 1000.000000000000000 ) ;
#613 = CARTESIAN_POINT ( 'NONE',  ( 25.00000000000000000, 30.53966924558625706, 20.98437500034139802 ) ) ;
#614 = VECTOR ( 'NONE', #2584, 1000.000000000000000 ) ;
#615 = CARTESIAN_POINT ( 'NONE',  ( 25.00000000000000000, 33.61658075373095755, 20.87499999999999645 ) ) ;
#616 = VERTEX_POINT ( 'NONE', #3276 ) ;
#617 = AXIS2_PLACEMENT_3D ( 'NONE', #398, #798, #1819 ) ;
#618 = CARTESIAN_POINT ( 'NONE',  ( 23.60000000000000142, 32.00000000000000000, 21.78125000068279604 ) ) ;
#619 = CARTESIAN_POINT ( 'NONE',  ( 50.00000000000000000, 0.000000000000000000, 4.799999999999997158 ) ) ;
#620 = CARTESIAN_POINT ( 'NONE',  ( 26.39999999999999858, 32.00000000000000000, 21.75000000000000000 ) ) ;
#621 = CARTESIAN_POINT ( 'NONE',  ( 29.01375934178414795, -38.19438832590758892, 13.06868947843591755 ) ) ;
#622 = CARTESIAN_POINT ( 'NONE',  ( 16.75018831562590194, -34.82912951082725783, 14.05898913316790377 ) ) ;
#623 = ORIENTED_EDGE ( 'NONE', *, *, #1919, .F. ) ;
#624 = CARTESIAN_POINT ( 'NONE',  ( 25.00000000000000000, 34.75000000000000000, 23.31233490781575313 ) ) ;
#625 = CARTESIAN_POINT ( 'NONE',  ( 30.56639638951140725, -36.99999999999997868, 12.75995918117033234 ) ) ;
#626 = CARTESIAN_POINT ( 'NONE',  ( 29.10942946680755128, -37.00000000000000711, 12.39803980965089636 ) ) ;
#627 = EDGE_CURVE ( 'NONE', #3612, #4199, #883, .T. ) ;
#628 = CARTESIAN_POINT ( 'NONE',  ( 45.90301456037813210, 0.000000000000000000, 11.00000000000000000 ) ) ;
#629 = VERTEX_POINT ( 'NONE', #927 ) ;
#630 = B_SPLINE_CURVE_WITH_KNOTS ( 'NONE', 3,
 ( #1987, #2301, #1612, #271 ),
 .UNSPECIFIED., .F., .F.,
 ( 4, 4 ),
 ( 0.000000000000000000, 0.0006192801818707677338 ),
 .UNSPECIFIED. ) ;
#631 = ORIENTED_EDGE ( 'NONE', *, *, #4012, .F. ) ;
#632 = CARTESIAN_POINT ( 'NONE',  ( 23.73531646875000689, 32.73016537720688035, 19.81770833367473372 ) ) ;
#633 = LINE ( 'NONE', #219, #1810 ) ;
#634 = CARTESIAN_POINT ( 'NONE',  ( 23.73531646875000689, 32.73016537720688035, 21.81770833367473372 ) ) ;
#635 =( BOUNDED_SURFACE ( )  B_SPLINE_SURFACE ( 3, 2, ( 
 ( #1989, #548, #2982 ),
 ( #596, #3279, #1899 ),
 ( #249, #1588, #1285 ),
 ( #3926, #1332, #1258 ),
 ( #993, #3005, #2610 ),
 ( #229, #2677, #931 ) ),
 .UNSPECIFIED., .F., .F., .F. ) 
 B_SPLINE_SURFACE_WITH_KNOTS ( ( 4, 2, 4 ),
 ( 3, 3 ),
 ( 0.004380819671215869550, 0.006226353584939029948, 0.008071887498662189478 ),
 ( 0.000000000000000000, 1.000000000000000000 ),
 .UNSPECIFIED. ) 
 GEOMETRIC_REPRESENTATION_ITEM ( )  RATIONAL_B_SPLINE_SURFACE ( (
 ( 1.000000000000000000, 0.6768989512113057216, 1.000000000000000000),
 ( 1.000000000000000000, 0.6768643444004615040, 1.000000000000000000),
 ( 1.000000000000000000, 0.6768043093500621943, 1.000000000000000000),
 ( 1.000000000000000000, 0.6766301821053211096, 1.000000000000000000),
 ( 1.000000000000000000, 0.6765160096667690581, 1.000000000000000000),
 ( 1.000000000000000000, 0.6763691630783164044, 1.000000000000000000) ) ) 
 REPRESENTATION_ITEM ( '' )  SURFACE ( )  );
#636 = CARTESIAN_POINT ( 'NONE',  ( 23.60000000000000142, 32.00000000000000000, 19.99999999999999645 ) ) ;
#637 = CARTESIAN_POINT ( 'NONE',  ( 31.24292824417216607, -37.00000000000000000, 14.12255135747334833 ) ) ;
#638 = ORIENTED_EDGE ( 'NONE', *, *, #149, .T. ) ;
#639 = ORIENTED_EDGE ( 'NONE', *, *, #4046, .T. ) ;
#640 = CARTESIAN_POINT ( 'NONE',  ( 28.62501923394078318, -37.87848427874666868, 15.60061493737482152 ) ) ;
#641 = CARTESIAN_POINT ( 'NONE',  ( 23.60000000000000142, 32.00000000000000000, 20.99999999999999645 ) ) ;
#642 = FACE_OUTER_BOUND ( 'NONE', #598, .T. ) ;
#643 = LINE ( 'NONE', #4303, #3796 ) ;
#644 = CARTESIAN_POINT ( 'NONE',  ( 19.05945232637857245, -36.99999999999999289, 15.53164964190377972 ) ) ;
#645 = VECTOR ( 'NONE', #4251, 1000.000000000000000 ) ;
#646 = ORIENTED_EDGE ( 'NONE', *, *, #2557, .F. ) ;
#647 = CARTESIAN_POINT ( 'NONE',  ( 26.05965199001348509, 32.76986033745104265, 19.74829242519605543 ) ) ;
#648 = CARTESIAN_POINT ( 'NONE',  ( 24.11042858117123089, 34.60843868509248011, 23.26936658546009440 ) ) ;
#649 = CARTESIAN_POINT ( 'NONE',  ( 18.72576494658672885, -36.99999999999997158, 14.32641577252039333 ) ) ;
#650 = CARTESIAN_POINT ( 'NONE',  ( 28.88606782266948869, -38.88907856675146490, 16.16877765418422186 ) ) ;
#651 = CARTESIAN_POINT ( 'NONE',  ( 21.63794707869583789, -36.98543211371922013, 15.37426372085257498 ) ) ;
#652 = VERTEX_POINT ( 'NONE', #641 ) ;
#653 = ORIENTED_EDGE ( 'NONE', *, *, #3029, .T. ) ;
#654 = DIRECTION ( 'NONE',  ( 0.3420201433267234248, 0.000000000000000000, 0.9396926207855245128 ) ) ;
#655 = CARTESIAN_POINT ( 'NONE',  ( 24.36765823437500345, 33.09524806581030987, 21.77604166700806232 ) ) ;
#656 = FACE_OUTER_BOUND ( 'NONE', #4040, .T. ) ;
#657 = CARTESIAN_POINT ( 'NONE',  ( 25.00000000000000000, 33.61658075373095755, 21.65625000068279604 ) ) ;
#658 = EDGE_CURVE ( 'NONE', #2133, #2679, #630, .T. ) ;
#659 = ORIENTED_EDGE ( 'NONE', *, *, #93, .T. ) ;
#660 = ORIENTED_EDGE ( 'NONE', *, *, #1898, .F. ) ;
#661 = CARTESIAN_POINT ( 'NONE',  ( 25.00000000000000000, 32.00000000000000000, 22.00000000000000000 ) ) ;
#662 = VECTOR ( 'NONE', #1878, 1000.000000000000000 ) ;
#663 = ADVANCED_FACE ( 'NONE', ( #3901 ), #3549, .F. ) ;
#664 = TOROIDAL_SURFACE ( 'NONE', #3118, -4.592400958310022929, 17.56568218562516748 ) ;
#665 = CIRCLE ( 'NONE', #3873, 12.28111222275523851 ) ;
#666 = CARTESIAN_POINT ( 'NONE',  ( 23.60000000000000142, 32.80829037686547167, 21.95833333333333215 ) ) ;
#667 = CARTESIAN_POINT ( 'NONE',  ( 21.39389216430778262, -38.42905001075373406, 15.61660714889691626 ) ) ;
#668 = CARTESIAN_POINT ( 'NONE',  ( 18.82075808724023602, -37.00000000000000711, 14.99917245911665198 ) ) ;
#669 = ORIENTED_EDGE ( 'NONE', *, *, #30, .T. ) ;
#670 = CARTESIAN_POINT ( 'NONE',  ( 32.37004297949454923, -36.63778651012964360, 14.99080113233456757 ) ) ;
#671 = CARTESIAN_POINT ( 'NONE',  ( 24.28240515538706745, 34.66083892764149965, 23.28512603608119491 ) ) ;
#672 = AXIS2_PLACEMENT_3D ( 'NONE', #1757, #767, #3100 ) ;
#673 = CARTESIAN_POINT ( 'NONE',  ( 28.89748179002585360, -38.61760882611745416, 16.14548983930336945 ) ) ;
#674 = DIRECTION ( 'NONE',  ( 1.000000000000000000, 0.000000000000000000, 0.000000000000000000 ) ) ;
#675 = ORIENTED_EDGE ( 'NONE', *, *, #3001, .F. ) ;
#676 = EDGE_CURVE ( 'NONE', #72, #3185, #4276, .T. ) ;
#677 = ORIENTED_EDGE ( 'NONE', *, *, #870, .F. ) ;
#678 = CARTESIAN_POINT ( 'NONE',  ( 45.90301456037800421, 50.00000000000000000, 26.00000000000000000 ) ) ;
#679 = DIRECTION ( 'NONE',  ( 1.121830461068781591E-12, 0.000000000000000000, 1.000000000000000000 ) ) ;
#680 = CARTESIAN_POINT ( 'NONE',  ( 23.73531646875000689, 32.73016537720688035, 20.81770833367473017 ) ) ;
#681 = B_SPLINE_CURVE_WITH_KNOTS ( 'NONE', 3,
 ( #4266, #282, #3632, #2648 ),
 .UNSPECIFIED., .F., .F.,
 ( 4, 4 ),
 ( 0.005107789972559522232, 0.006738749401942730442 ),
 .UNSPECIFIED. ) ;
#682 = FACE_OUTER_BOUND ( 'NONE', #3888, .T. ) ;
#683 = AXIS2_PLACEMENT_3D ( 'NONE', #66, #1355, #2737 ) ;
#684 = CARTESIAN_POINT ( 'NONE',  ( 26.13262379212497777, 32.82289935320937957, 19.80037737193895708 ) ) ;
#685 = ORIENTED_EDGE ( 'NONE', *, *, #4103, .T. ) ;
#686 = AXIS2_PLACEMENT_3D ( 'NONE', #158, #2461, #808 ) ;
#687 = PRODUCT_CONTEXT ( 'NONE', #3275, 'mechanical' ) ;
#688 = EDGE_CURVE ( 'NONE', #2679, #3015, #2654, .T. ) ;
#689 = ADVANCED_FACE ( 'NONE', ( #4229 ), #3230, .F. ) ;
#690 = CARTESIAN_POINT ( 'NONE',  ( 24.99846684809938679, -38.61760882611746126, 24.10061493737889293 ) ) ;
#691 = CARTESIAN_POINT ( 'NONE',  ( 16.55585443950431568, -37.00000000000099476, 14.66459760630229781 ) ) ;
#692 = ORIENTED_EDGE ( 'NONE', *, *, #2364, .T. ) ;
#693 = CARTESIAN_POINT ( 'NONE',  ( 31.97586356638969107, -36.82481232657543302, 15.30469852777049589 ) ) ;
#694 = FACE_OUTER_BOUND ( 'NONE', #491, .T. ) ;
#695 = CARTESIAN_POINT ( 'NONE',  ( 17.87414566628993029, -34.88947138744978105, 11.48779315136965096 ) ) ;
#696 = FACE_BOUND ( 'NONE', #2298, .T. ) ;
#697 = VERTEX_POINT ( 'NONE', #3617 ) ;
#698 = CARTESIAN_POINT ( 'NONE',  ( 24.30000000000000071, 30.78756443470178894, 20.86458333401612819 ) ) ;
#699 = PLANE ( 'NONE',  #747 ) ;
#700 = CARTESIAN_POINT ( 'NONE',  ( 24.36765823437500345, 33.09524806581030987, 20.27604166700806587 ) ) ;
#701 = CARTESIAN_POINT ( 'NONE',  ( 36.24846684809018882, -38.61760882611746126, 15.90061493736627796 ) ) ;
#702 = ORIENTED_EDGE ( 'NONE', *, *, #2480, .F. ) ;
#703 = VERTEX_POINT ( 'NONE', #619 ) ;
#704 = CARTESIAN_POINT ( 'NONE',  ( 21.22632403233993870, -38.60610498939647783, 15.81505774162447686 ) ) ;
#705 = CARTESIAN_POINT ( 'NONE',  ( 20.38205673464172563, -37.00000000000000000, 11.92906193201670995 ) ) ;
#706 =( BOUNDED_CURVE ( )  B_SPLINE_CURVE ( 2, ( #3231, #2932, #2560, #1234, #521, #1186, #1918, #2838, #2185, #547, #2514, #227, #1562, #3925, #2906, #3902, #4253, #3250, #1519, #4159, #2862, #1208, #207, #1544, #1852, #500, #3592, #3191, #1257, #838, #2884, #4184, #2585, #3501, #3831, #248, #906, #928, #2255, #2533, #3569, #569, #861, #1587, #2277, #594, #1942, #3277, #1752, #742, #293, #272, #3299, #4277, #3003 ),
 .UNSPECIFIED., .F., .F. ) 
 B_SPLINE_CURVE_WITH_KNOTS ( ( 3, 2, 2, 2, 2, 2, 2, 2, 2, 2, 2, 2, 2, 2, 2, 2, 2, 2, 2, 2, 2, 2, 2, 2, 2, 2, 2, 3 ),
 ( 0.000000000000000000, 0.03333333333333333287, 0.06666666666666666574, 0.1000000000000000056, 0.1333333333333333315, 0.1666666666666666574, 0.2000000000000000111, 0.2333333333333333370, 0.2666666666666666630, 0.2999999999999999889, 0.3333333333333333148, 0.3666666666666666408, 0.4000000000000000222, 0.4333333333333333481, 0.4666666666666666741, 0.5000000000000000000, 0.5333333333333333259, 0.5666666666666666519, 0.5999999999999999778, 0.6333333333333333037, 0.6666666666666666297, 0.6999999999999999556, 0.7333333333333332815, 0.7666666666666667185, 0.8000000000000000444, 0.8333333333333333703, 0.8666666666666666963, 0.8800741322904760411 ),
 .UNSPECIFIED. ) 
 CURVE ( )  GEOMETRIC_REPRESENTATION_ITEM ( )  RATIONAL_B_SPLINE_CURVE ( ( 1.000000000000000000, 0.8660254037844387076, 1.000000000000000000, 0.8660254037844387076, 1.000000000000000000, 0.8660254037844387076, 1.000000000000000000, 0.8660254037844387076, 1.000000000000000000, 0.8660254037844387076, 1.000000000000000000, 0.8660254037844387076, 1.000000000000000000, 0.8660254037844387076, 1.000000000000000000, 0.8660254037844387076, 1.000000000000000000, 0.8660254037844387076, 1.000000000000000000, 0.8660254037844387076, 1.000000000000000000, 0.8660254037844387076, 1.000000000000000000, 0.8660254037844387076, 1.000000000000000000, 0.8660254037844387076, 1.000000000000000000, 0.8660254037844387076, 1.000000000000000000, 0.8660254037844387076, 1.000000000000000000, 0.8660254037844387076, 1.000000000000000000, 0.8660254037844387076, 1.000000000000000000, 0.8660254037844387076, 1.000000000000000000, 0.8660254037844387076, 1.000000000000000000, 0.8660254037844387076, 1.000000000000000000, 0.8660254037844387076, 1.000000000000000000, 0.8660254037844387076, 1.000000000000000000, 0.8660254037844387076, 1.000000000000000000, 0.8660254037844387076, 1.000000000000000000, 0.8660254037844387076, 1.000000000000000000, 0.8660254037844387076, 1.000000000000000000, 0.9461122062032837343, 0.9355743369789115693 ) ) 
 REPRESENTATION_ITEM ( '' )  );
#707 = CARTESIAN_POINT ( 'NONE',  ( 24.30000000000000071, 33.21243556529821461, 20.41666666666666785 ) ) ;
#708 = CARTESIAN_POINT ( 'NONE',  ( 28.97865424685475588, -38.61745903731183915, 15.89113596871225020 ) ) ;
#709 = CARTESIAN_POINT ( 'NONE',  ( 33.19331781070989251, -34.82626684817807927, 13.68701230843952210 ) ) ;
#710 = CARTESIAN_POINT ( 'NONE',  ( 21.35732855790762486, -37.43401781352448410, 15.60061493738297322 ) ) ;
#711 = EDGE_LOOP ( 'NONE', ( #526, #155, #135, #2815, #565, #2171, #2645, #4193, #1622, #4005, #174, #41, #418, #3963, #1524, #4017, #1107, #2639, #154 ) ) ;
#712 = FACE_OUTER_BOUND ( 'NONE', #4262, .T. ) ;
#713 = CARTESIAN_POINT ( 'NONE',  ( 43.81220487387299301, -36.99999999999999289, 15.57300219771779481 ) ) ;
#714 = ADVANCED_FACE ( 'NONE', ( #2931 ), #1917, .F. ) ;
#715 = CARTESIAN_POINT ( 'NONE',  ( 23.60000000000000497, 32.80829037686547167, 19.95833333333333215 ) ) ;
#716 = ORIENTED_EDGE ( 'NONE', *, *, #1409, .F. ) ;
#717 = ORIENTED_EDGE ( 'NONE', *, *, #4270, .T. ) ;
#718 = CARTESIAN_POINT ( 'NONE',  ( 36.71547090197574192, -37.00000000000000000, 14.14297501373331833 ) ) ;
#719 = CARTESIAN_POINT ( 'NONE',  ( 25.00000000000000000, 33.61658075373095755, 20.37499999999999645 ) ) ;
#720 = AXIS2_PLACEMENT_3D ( 'NONE', #908, #3878, #888 ) ;
#721 = VECTOR ( 'NONE', #817, 1000.000000000000000 ) ;
#722 = CARTESIAN_POINT ( 'NONE',  ( 24.36765823437500345, 33.09524806581030987, 19.83854166700806587 ) ) ;
#723 = CARTESIAN_POINT ( 'NONE',  ( 25.63234176562500011, 33.09524806581030987, 21.75520833367473017 ) ) ;
#724 = B_SPLINE_CURVE_WITH_KNOTS ( 'NONE', 3,
 ( #1988, #3141, #2830, #3181 ),
 .UNSPECIFIED., .F., .F.,
 ( 4, 4 ),
 ( 0.0008697974279125308831, 0.001462962569965018268 ),
 .UNSPECIFIED. ) ;
#725 = CARTESIAN_POINT ( 'NONE',  ( 26.83773757169754504, -34.96352937361745461, 8.799217923549063514 ) ) ;
#726 = CIRCLE ( 'NONE', #1218, 15.00000000000000000 ) ;
#727 = B_SPLINE_CURVE_WITH_KNOTS ( 'NONE', 3,
 ( #1769, #2125, #1061, #3445, #1420, #2806 ),
 .UNSPECIFIED., .F., .F.,
 ( 4, 2, 4 ),
 ( 0.005509901630691934650, 0.006051757642105429214, 0.006593613653518922910 ),
 .UNSPECIFIED. ) ;
#728 = DIRECTION ( 'NONE',  ( 0.000000000000000000, -1.000000000000000000, 0.000000000000000000 ) ) ;
#729 = CARTESIAN_POINT ( 'NONE',  ( 25.18122101248895106, 29.24999999999999645, 23.31233490781576023 ) ) ;
#730 = DIRECTION ( 'NONE',  ( -0.000000000000000000, -0.000000000000000000, 1.000000000000000000 ) ) ;
#731 = DIRECTION ( 'NONE',  ( -1.121573320328472587E-12, 0.000000000000000000, -1.000000000000000000 ) ) ;
#732 = EDGE_CURVE ( 'NONE', #3246, #2216, #1784, .T. ) ;
#733 = VERTEX_POINT ( 'NONE', #1896 ) ;
#734 = VERTEX_POINT ( 'NONE', #3853 ) ;
#735 = LINE ( 'NONE', #1646, #3211 ) ;
#736 = CARTESIAN_POINT ( 'NONE',  ( 28.92712771109174241, 0.000000000000000000, 10.70589889180584287 ) ) ;
#737 = EDGE_CURVE ( 'NONE', #4129, #3016, #706, .T. ) ;
#738 = CARTESIAN_POINT ( 'NONE',  ( 26.26468353125000021, 32.00000000000000000, 20.17187500034139447 ) ) ;
#739 = CARTESIAN_POINT ( 'NONE',  ( 13.74846684809938147, -38.61760882611746126, 24.10061493739151572 ) ) ;
#740 = ORIENTED_EDGE ( 'NONE', *, *, #1029, .T. ) ;
#741 = ORIENTED_EDGE ( 'NONE', *, *, #2535, .F. ) ;
#742 = CARTESIAN_POINT ( 'NONE',  ( 23.73531646875000689, 32.73016537720687325, 19.88020833367472662 ) ) ;
#743 = FACE_OUTER_BOUND ( 'NONE', #823, .T. ) ;
#744 = DIRECTION ( 'NONE',  ( 1.000000000000000000, 0.000000000000000000, -1.121830461068781793E-12 ) ) ;
#745 = VECTOR ( 'NONE', #2243, 1000.000000000000000 ) ;
#746 = CARTESIAN_POINT ( 'NONE',  ( 2.000000000000000000, 50.00000000000000000, 11.00000000000000000 ) ) ;
#747 = AXIS2_PLACEMENT_3D ( 'NONE', #53, #679, #360 ) ;
#748 = CARTESIAN_POINT ( 'NONE',  ( 14.04846684809938395, -38.31760882611746410, 24.10061493739118177 ) ) ;
#749 = CARTESIAN_POINT ( 'NONE',  ( 28.58274623680976489, -36.99999999999999289, 15.60061493737487304 ) ) ;
#750 = CARTESIAN_POINT ( 'NONE',  ( 21.38812223093047038, -38.31760882611746410, 15.60061493738294480 ) ) ;
#751 = VECTOR ( 'NONE', #3242, 1000.000000000000000 ) ;
#752 = CARTESIAN_POINT ( 'NONE',  ( 35.90301456037743577, -40.50000000000000000, 27.99999999999999645 ) ) ;
#753 = CARTESIAN_POINT ( 'NONE',  ( 25.69999999999999929, 33.21243556529821461, 19.61458333401612819 ) ) ;
#754 = ORIENTED_EDGE ( 'NONE', *, *, #3570, .F. ) ;
#755 = CARTESIAN_POINT ( 'NONE',  ( 23.73531646875000689, 32.73016537720687325, 21.31770833367473372 ) ) ;
#756 = CARTESIAN_POINT ( 'NONE',  ( 28.60881146524920027, -38.31760882611746410, 15.60061493737484106 ) ) ;
#757 = ADVANCED_FACE ( 'NONE', ( #1307 ), #1284, .F. ) ;
#758 = CARTESIAN_POINT ( 'NONE',  ( 24.30000000000000071, 33.21243556529821461, 20.19791666734946389 ) ) ;
#759 = EDGE_CURVE ( 'NONE', #1772, #1629, #2637, .T. ) ;
#760 = ORIENTED_EDGE ( 'NONE', *, *, #945, .F. ) ;
#761 = ORIENTED_EDGE ( 'NONE', *, *, #1035, .F. ) ;
#762 = CARTESIAN_POINT ( 'NONE',  ( 25.00000000000000000, 33.61658075373095755, 21.65625000068279604 ) ) ;
#763 = CARTESIAN_POINT ( 'NONE',  ( 24.81877765973703731, 29.25000000000000000, 23.31233490781575313 ) ) ;
#764 = DIRECTION ( 'NONE',  ( 1.000000000000000000, 0.000000000000000000, -0.000000000000000000 ) ) ;
#765 = CARTESIAN_POINT ( 'NONE',  ( 25.69999999999999929, 33.21243556529821461, 20.83333333333333215 ) ) ;
#766 = EDGE_LOOP ( 'NONE', ( #3727, #3813, #1335, #322 ) ) ;
#767 = DIRECTION ( 'NONE',  ( 0.000000000000000000, 1.000000000000000000, 0.000000000000000000 ) ) ;
#768 = CARTESIAN_POINT ( 'NONE',  ( 23.73531646875000334, 32.00000000000000000, 20.92187500034139802 ) ) ;
#769 =( BOUNDED_CURVE ( )  B_SPLINE_CURVE ( 2, ( #2589, #4163, #932, #909, #502, #2889, #1901 ),
 .UNSPECIFIED., .F., .T. ) 
 B_SPLINE_CURVE_WITH_KNOTS ( ( 3, 2, 2, 3 ),
 ( 0.4000000000000003553, 0.4333333333333337367, 0.4666666666666671182, 0.5000000000000004441 ),
 .UNSPECIFIED. ) 
 CURVE ( )  GEOMETRIC_REPRESENTATION_ITEM ( )  RATIONAL_B_SPLINE_CURVE ( ( 0.9999999999999986677, 0.8660254037844400399, 1.000000000000000000, 0.8660254037844387076, 1.000000000000000000, 0.8660254037844369313, 1.000000000000001776 ) ) 
 REPRESENTATION_ITEM ( '' )  );
#770 = CARTESIAN_POINT ( 'NONE',  ( 14.04846684809936264, -38.61760882611746126, 24.08284905443697710 ) ) ;
#771 = CARTESIAN_POINT ( 'NONE',  ( 13.62200605437000611, -37.00000000000000000, 14.41233490781574922 ) ) ;
#772 = AXIS2_PLACEMENT_3D ( 'NONE', #182, #2274, #3900 ) ;
#773 = CARTESIAN_POINT ( 'NONE',  ( 19.23899503161888802, -34.92911663882134121, 10.28846694809662310 ) ) ;
#774 = CARTESIAN_POINT ( 'NONE',  ( 24.30000000000000071, 30.78756443470178894, 19.86458333401612819 ) ) ;
#775 = ORIENTED_EDGE ( 'NONE', *, *, #4034, .T. ) ;
#776 = CARTESIAN_POINT ( 'NONE',  ( 14.09698543962181283, -37.00000000000000000, 38.00000000000000000 ) ) ;
#777 = CARTESIAN_POINT ( 'NONE',  ( 25.92621048780564053, 30.94624411572251432, 19.73271151170408189 ) ) ;
#778 = CARTESIAN_POINT ( 'NONE',  ( 24.36765823437500345, 30.90475193418969369, 21.00520833367473017 ) ) ;
#779 = B_SPLINE_CURVE_WITH_KNOTS ( 'NONE', 3,
 ( #2427, #336, #1697, #2370, #1052, #1679, #3665, #4078, #2717, #3415, #4058, #670, #2409, #693, #3740, #2348 ),
 .UNSPECIFIED., .F., .F.,
 ( 4, 2, 2, 2, 2, 2, 2, 4 ),
 ( 0.000000000000000000, 0.0004037427556859759376, 0.0008074855113719518751, 0.001211228267057927813, 0.001614971022743903750, 0.002018713778429880121, 0.002422456534115855625, 0.003229942045487797526 ),
 .UNSPECIFIED. ) ;
#780 = CARTESIAN_POINT ( 'NONE',  ( 26.36484837343878596, 32.50326963800002034, 19.55823929263171834 ) ) ;
#781 = B_SPLINE_CURVE_WITH_KNOTS ( 'NONE', 3,
 ( #2503, #1251, #3267, #1890, #3225, #3916, #2219, #4151, #1578, #3847 ),
 .UNSPECIFIED., .F., .F.,
 ( 4, 2, 2, 2, 4 ),
 ( 0.000000000000000000, 0.0001660408627374237132, 0.0003320817254748447702, 0.0004981225882122658271, 0.0006641634509496869383 ),
 .UNSPECIFIED. ) ;
#782 = ORIENTED_EDGE ( 'NONE', *, *, #287, .F. ) ;
#783 = VERTEX_POINT ( 'NONE', #4301 ) ;
#784 = CARTESIAN_POINT ( 'NONE',  ( 23.60000000000000142, 32.00000000000000000, 21.78125000068279604 ) ) ;
#785 = DIRECTION ( 'NONE',  ( 0.000000000000000000, -1.000000000000000000, 0.000000000000000000 ) ) ;
#786 = CARTESIAN_POINT ( 'NONE',  ( 21.60809989144862797, -36.97796662867851580, 14.78565828034845708 ) ) ;
#787 = EDGE_CURVE ( 'NONE', #268, #981, #3834, .T. ) ;
#788 = FACE_OUTER_BOUND ( 'NONE', #485, .T. ) ;
#789 = VERTEX_POINT ( 'NONE', #953 ) ;
#790 = CARTESIAN_POINT ( 'NONE',  ( 21.64857032783132951, -38.40683302300094937, 15.60902257112202030 ) ) ;
#791 = EDGE_CURVE ( 'NONE', #2177, #1127, #1634, .T. ) ;
#792 = EDGE_CURVE ( 'NONE', #805, #1673, #3701, .T. ) ;
#793 = DIRECTION ( 'NONE',  ( 1.000000000000000000, -0.000000000000000000, 0.000000000000000000 ) ) ;
#794 = DIRECTION ( 'NONE',  ( -1.000000000000000000, -0.000000000000000000, 1.121777405443293329E-12 ) ) ;
#795 = AXIS2_PLACEMENT_3D ( 'NONE', #3984, #914, #1953 ) ;
#796 = DIRECTION ( 'NONE',  ( -0.000000000000000000, -0.000000000000000000, 1.000000000000000000 ) ) ;
#797 = ORIENTED_EDGE ( 'NONE', *, *, #732, .F. ) ;
#798 = DIRECTION ( 'NONE',  ( -1.000000000000000000, 0.000000000000000000, 1.121695785008387348E-12 ) ) ;
#799 = CARTESIAN_POINT ( 'NONE',  ( 25.85461282777363579, 30.88734933770064472, 19.74483241380797338 ) ) ;
#800 = CARTESIAN_POINT ( 'NONE',  ( 25.00000000000000000, 33.46033075441374649, 19.73437500034139802 ) ) ;
#801 = CARTESIAN_POINT ( 'NONE',  ( 24.30000000000000071, 30.78756443470178894, 20.36458333401612819 ) ) ;
#802 = AXIS2_PLACEMENT_3D ( 'NONE', #2851, #1178, #200 ) ;
#803 = EDGE_CURVE ( 'NONE', #981, #95, #4294, .T. ) ;
#804 = FACE_OUTER_BOUND ( 'NONE', #3708, .T. ) ;
#805 = VERTEX_POINT ( 'NONE', #2325 ) ;
#806 = ORIENTED_EDGE ( 'NONE', *, *, #2080, .T. ) ;
#807 = CARTESIAN_POINT ( 'NONE',  ( 23.60000000000000497, 32.80829037686547167, 20.73958333401612819 ) ) ;
#808 = DIRECTION ( 'NONE',  ( 3.109158230019969444E-14, 0.000000000000000000, -1.000000000000000000 ) ) ;
#809 = FACE_OUTER_BOUND ( 'NONE', #1976, .T. ) ;
#810 = CARTESIAN_POINT ( 'NONE',  ( 23.60000000000000142, 32.00000000000000000, 20.99999999999999645 ) ) ;
#811 = CARTESIAN_POINT ( 'NONE',  ( 22.66822917330895848, -37.00000000000402878, 8.875768760888988140 ) ) ;
#812 = VERTEX_POINT ( 'NONE', #404 ) ;
#813 = CARTESIAN_POINT ( 'NONE',  ( 25.00000000000000000, 32.00000000000000000, 17.00000000000000000 ) ) ;
#814 = EDGE_CURVE ( 'NONE', #4052, #1956, #724, .T. ) ;
#815 = CIRCLE ( 'NONE', #3816, 5.749999999999998224 ) ;
#816 = CARTESIAN_POINT ( 'NONE',  ( 28.60881146524886631, -38.31760882611746410, 15.30061493737483858 ) ) ;
#817 = DIRECTION ( 'NONE',  ( 0.000000000000000000, 0.000000000000000000, 1.000000000000000000 ) ) ;
#818 = VECTOR ( 'NONE', #1910, 1000.000000000000114 ) ;
#819 = LINE ( 'NONE', #1854, #662 ) ;
#820 = CARTESIAN_POINT ( 'NONE',  ( 45.90301456037800421, 50.00000000000000000, 11.00000000000000000 ) ) ;
#821 = CARTESIAN_POINT ( 'NONE',  ( 23.60000000000075104, 32.00000099427092692, 19.78123001999402675 ) ) ;
#822 = VECTOR ( 'NONE', #3421, 1000.000000000000000 ) ;
#823 = EDGE_LOOP ( 'NONE', ( #1938, #685, #1063, #3106 ) ) ;
#824 = ORIENTED_EDGE ( 'NONE', *, *, #1632, .F. ) ;
#825 = CARTESIAN_POINT ( 'NONE',  ( 23.73531646875000334, 32.00000000000000000, 21.85937500034139802 ) ) ;
#826 = CARTESIAN_POINT ( 'NONE',  ( 25.00000000000000000, 33.39999999999999858, 19.81233490781574957 ) ) ;
#827 = DIRECTION ( 'NONE',  ( 0.4370386826387419599, 0.000000000000000000, -0.8994427107255875686 ) ) ;
#828 = DIRECTION ( 'NONE',  ( 0.000000000000000000, 1.000000000000000000, 0.000000000000000000 ) ) ;
#829 = ORIENTED_EDGE ( 'NONE', *, *, #4155, .T. ) ;
#830 = ORIENTED_EDGE ( 'NONE', *, *, #2413, .F. ) ;
#831 = CARTESIAN_POINT ( 'NONE',  ( 24.30000000000000071, 30.78756443470178894, 20.86458333401612819 ) ) ;
#832 = CARTESIAN_POINT ( 'NONE',  ( 3.500000000000004441, 0.000000000000000000, 5.000000000000000000 ) ) ;
#833 = CARTESIAN_POINT ( 'NONE',  ( 35.94846684809938608, -38.31760882611746410, 24.10061493736660410 ) ) ;
#834 = CARTESIAN_POINT ( 'NONE',  ( 30.89584535793510156, -34.89977923844751473, 10.41500047331236267 ) ) ;
#835 = ORIENTED_EDGE ( 'NONE', *, *, #2885, .T. ) ;
#836 = CARTESIAN_POINT ( 'NONE',  ( 21.64836544771830518, -38.30800343765420735, 15.60061493738265881 ) ) ;
#837 = DIRECTION ( 'NONE',  ( 0.000000000000000000, -0.000000000000000000, 1.000000000000000000 ) ) ;
#838 = CARTESIAN_POINT ( 'NONE',  ( 26.26468353125000021, 32.73016537720687325, 20.71354166700806942 ) ) ;
#839 = ADVANCED_FACE ( 'NONE', ( #642 ), #4132, .F. ) ;
#840 = CARTESIAN_POINT ( 'NONE',  ( 13.74846684809075725, -37.00000000000000000, 16.41233490781574744 ) ) ;
#841 = CARTESIAN_POINT ( 'NONE',  ( 41.49999999999998579, 50.00000000000000000, 0.000000000000000000 ) ) ;
#842 = CARTESIAN_POINT ( 'NONE',  ( 26.39999999999999858, 32.80829037686547167, 20.57291666734946389 ) ) ;
#843 = ORIENTED_EDGE ( 'NONE', *, *, #1339, .F. ) ;
#844 = CARTESIAN_POINT ( 'NONE',  ( 21.79632110387137800, -40.50000000000000711, 15.57382055133546039 ) ) ;
#845 = CARTESIAN_POINT ( 'NONE',  ( 26.02316228924797059, 32.74334605943384702, 19.65975105446763749 ) ) ;
#846 = CARTESIAN_POINT ( 'NONE',  ( 24.81427602546345312, 33.40000000000000568, 19.81233490781575313 ) ) ;
#847 = EDGE_CURVE ( 'NONE', #2458, #2387, #426, .T. ) ;
#848 = LINE ( 'NONE', #4127, #1782 ) ;
#849 = CARTESIAN_POINT ( 'NONE',  ( 21.00532022112312092, -38.61755856690910349, 15.89428440943568077 ) ) ;
#850 = ORIENTED_EDGE ( 'NONE', *, *, #2831, .T. ) ;
#851 = EDGE_LOOP ( 'NONE', ( #3687, #4216, #2334, #2910, #669, #3199, #3056, #1311 ) ) ;
#852 = CARTESIAN_POINT ( 'NONE',  ( 25.69999999999999929, 33.21243556529821461, 19.61458333401612819 ) ) ;
#853 = LINE ( 'NONE', #3428, #2786 ) ;
#854 = CARTESIAN_POINT ( 'NONE',  ( 23.60000833715198354, 32.80829519032241137, 20.23958283775707301 ) ) ;
#855 = CARTESIAN_POINT ( 'NONE',  ( 24.36765823437500345, 33.09524806581030987, 20.83854166700806587 ) ) ;
#856 = CARTESIAN_POINT ( 'NONE',  ( 18.57873189752771736, -36.99999999999997158, 10.66760325391572550 ) ) ;
#857 = ORIENTED_EDGE ( 'NONE', *, *, #3885, .T. ) ;
#858 = DIRECTION ( 'NONE',  ( -1.120631365481017383E-12, 0.000000000000000000, -1.000000000000000000 ) ) ;
#859 = EDGE_CURVE ( 'NONE', #3844, #3775, #412, .T. ) ;
#860 = CARTESIAN_POINT ( 'NONE',  ( 25.00000000000000000, 34.75000000000000000, 23.31233490781575313 ) ) ;
#861 = CARTESIAN_POINT ( 'NONE',  ( 26.26468353125000021, 32.00000000000000000, 20.17187500034139447 ) ) ;
#862 = CARTESIAN_POINT ( 'NONE',  ( 36.21590174500504844, -38.47445392649784424, 24.09870198520025042 ) ) ;
#863 = DIRECTION ( 'NONE',  ( -0.3420201433246154998, 0.000000000000000000, 0.9396926207862916769 ) ) ;
#864 = AXIS2_PLACEMENT_3D ( 'NONE', #3883, #2242, #827 ) ;
#865 = CARTESIAN_POINT ( 'NONE',  ( 24.63526643247270798, 30.64522168403673419, 19.80075955289429857 ) ) ;
#866 = ORIENTED_EDGE ( 'NONE', *, *, #2051, .F. ) ;
#867 = CARTESIAN_POINT ( 'NONE',  ( 28.37549112045555333, -38.50416493770472925, 15.65883997318769616 ) ) ;
#868 = CARTESIAN_POINT ( 'NONE',  ( 24.60418984795119002, -37.00000000000000000, 10.68998270966111619 ) ) ;
#869 = DIRECTION ( 'NONE',  ( 1.000000000000000000, -0.000000000000000000, 0.000000000000000000 ) ) ;
#870 = EDGE_CURVE ( 'NONE', #3390, #3658, #177, .T. ) ;
#871 = CARTESIAN_POINT ( 'NONE',  ( 26.02316494281143733, 32.74334240698122045, 19.72225075861638288 ) ) ;
#872 = CIRCLE ( 'NONE', #3325, 9.131956998270139181 ) ;
#873 = ORIENTED_EDGE ( 'NONE', *, *, #2457, .T. ) ;
#874 = ORIENTED_EDGE ( 'NONE', *, *, #4, .T. ) ;
#875 = CARTESIAN_POINT ( 'NONE',  ( 26.26468353125000021, 32.73016537720688035, 20.15104166700806232 ) ) ;
#876 = ADVANCED_FACE ( 'NONE', ( #2179 ), #198, .F. ) ;
#877 = DIRECTION ( 'NONE',  ( -1.000000000000000000, 0.000000000000000000, -0.000000000000000000 ) ) ;
#878 = DIRECTION ( 'NONE',  ( -0.000000000000000000, -0.000000000000000000, 1.000000000000000000 ) ) ;
#879 = CARTESIAN_POINT ( 'NONE',  ( 23.73531646875000689, 32.73016537720688035, 19.88020833367472662 ) ) ;
#880 = CARTESIAN_POINT ( 'NONE',  ( 33.40838242799297575, -36.99999999999996447, 15.00221775706151028 ) ) ;
#881 = ORIENTED_EDGE ( 'NONE', *, *, #1515, .F. ) ;
#882 = CARTESIAN_POINT ( 'NONE',  ( 8.500000000000015987, 50.00000000000000000, 0.000000000000000000 ) ) ;
#883 = LINE ( 'NONE', #3924, #3820 ) ;
#884 = CARTESIAN_POINT ( 'NONE',  ( 16.74493561678707110, -35.23634854219269386, 14.42296404748882388 ) ) ;
#885 = B_SPLINE_CURVE_WITH_KNOTS ( 'NONE', 3,
 ( #585, #1979, #2949, #3308 ),
 .UNSPECIFIED., .F., .F.,
 ( 4, 4 ),
 ( 0.000000000000000000, 4.181363196449141304E-05 ),
 .UNSPECIFIED. ) ;
#886 = CIRCLE ( 'NONE', #2504, 10.00000000000000178 ) ;
#887 = LINE ( 'NONE', #4161, #2643 ) ;
#888 = DIRECTION ( 'NONE',  ( 1.000000000000000000, 0.000000000000000000, 0.000000000000000000 ) ) ;
#889 = CARTESIAN_POINT ( 'NONE',  ( 28.87801109708577840, -38.14335312785950549, 16.07120475146564686 ) ) ;
#890 = ORIENTED_EDGE ( 'NONE', *, *, #3007, .F. ) ;
#891 = CARTESIAN_POINT ( 'NONE',  ( 28.30756204059579417, -38.48334576978534471, 15.36579369576953269 ) ) ;
#892 = AXIS2_PLACEMENT_3D ( 'NONE', #2130, #785, #1153 ) ;
#893 = CARTESIAN_POINT ( 'NONE',  ( 25.53839760865568564, 33.29707533646983819, 19.78634642757156215 ) ) ;
#894 = AXIS2_PLACEMENT_3D ( 'NONE', #1482, #2191, #1147 ) ;
#895 = CARTESIAN_POINT ( 'NONE',  ( 26.02316029048558832, 32.74334881059656510, 19.68058409197418612 ) ) ;
#896 = VERTEX_POINT ( 'NONE', #3800 ) ;
#897 = CARTESIAN_POINT ( 'NONE',  ( 26.26468353125000021, 31.26983462279312675, 20.56770833367473372 ) ) ;
#898 = CARTESIAN_POINT ( 'NONE',  ( 17.75108577144187549, -23.22250780139884085, 14.41233490781575455 ) ) ;
#899 = VECTOR ( 'NONE', #976, 1000.000000000000000 ) ;
#900 = CARTESIAN_POINT ( 'NONE',  ( 21.66305743670449857, -39.44528041344576508, 14.93665289496709114 ) ) ;
#901 = CARTESIAN_POINT ( 'NONE',  ( 25.69999999999999929, 33.21243556529821461, 21.83333333333333215 ) ) ;
#902 = EDGE_CURVE ( 'NONE', #402, #733, #193, .T. ) ;
#903 = ORIENTED_EDGE ( 'NONE', *, *, #3570, .T. ) ;
#904 = CARTESIAN_POINT ( 'NONE',  ( 28.36586520978476855, -38.31760882611746410, 15.60061493737511640 ) ) ;
#905 = CARTESIAN_POINT ( 'NONE',  ( 4.096985439621810166, -37.00000000000000000, 27.99999999999991829 ) ) ;
#906 = CARTESIAN_POINT ( 'NONE',  ( 23.73531646875000334, 32.00000000000000000, 20.42187500034139447 ) ) ;
#907 = CARTESIAN_POINT ( 'NONE',  ( 0.000000000000000000, 50.00000000000000000, 0.000000000000000000 ) ) ;
#908 = CARTESIAN_POINT ( 'NONE',  ( 25.00000000000000000, 32.00000000000000000, 17.00000000000000000 ) ) ;
#909 = CARTESIAN_POINT ( 'NONE',  ( 25.00000000000000000, 33.61658075373095045, 20.87499999999999645 ) ) ;
#910 = ORIENTED_EDGE ( 'NONE', *, *, #4035, .T. ) ;
#911 = CARTESIAN_POINT ( 'NONE',  ( 26.26468353125000021, 31.26983462279312675, 21.06770833367473017 ) ) ;
#912 = CARTESIAN_POINT ( 'NONE',  ( 25.63234176562500011, 33.09524806581030987, 19.75520833367473017 ) ) ;
#913 = CARTESIAN_POINT ( 'NONE',  ( 31.27174555243444942, -36.99999999999997158, 14.32037083826274149 ) ) ;
#914 = DIRECTION ( 'NONE',  ( -0.000000000000000000, -1.000000000000000000, -0.000000000000000000 ) ) ;
#915 = B_SPLINE_CURVE_WITH_KNOTS ( 'NONE', 3,
 ( #3034, #1322, #3989, #1400, #2415, #1001, #1360, #2378, #324, #4006 ),
 .UNSPECIFIED., .F., .F.,
 ( 4, 2, 2, 2, 4 ),
 ( 2.346770566741562666E-15, 0.0004121843497639656297, 0.0008243686995255845038, 0.001236553049287203486, 0.001648737399048822360 ),
 .UNSPECIFIED. ) ;
#916 = CARTESIAN_POINT ( 'NONE',  ( 36.24846684808985486, -36.92505728422899836, 15.60061493736627725 ) ) ;
#917 = ORIENTED_EDGE ( 'NONE', *, *, #3766, .T. ) ;
#918 = VERTEX_POINT ( 'NONE', #1806 ) ;
#919 = CARTESIAN_POINT ( 'NONE',  ( 45.90301456037813210, -37.00000000000000000, 12.99999999999999822 ) ) ;
#920 = DIRECTION ( 'NONE',  ( 0.000000000000000000, 0.000000000000000000, 1.000000000000000000 ) ) ;
#921 = CARTESIAN_POINT ( 'NONE',  ( 21.17028177725664406, -40.49999999998470912, 13.58276289778198276 ) ) ;
#922 = CARTESIAN_POINT ( 'NONE',  ( 26.26468353125000021, 31.26983462279312675, 20.13020833367473017 ) ) ;
#923 = VERTEX_POINT ( 'NONE', #2811 ) ;
#924 = EDGE_CURVE ( 'NONE', #1984, #703, #3202, .T. ) ;
#925 = DIRECTION ( 'NONE',  ( 0.000000000000000000, -0.000000000000000000, 1.000000000000000000 ) ) ;
#926 = EDGE_CURVE ( 'NONE', #616, #734, #2153, .T. ) ;
#927 = CARTESIAN_POINT ( 'NONE',  ( 17.21603223483831613, 50.00000000000000000, 18.72740684590946714 ) ) ;
#928 = CARTESIAN_POINT ( 'NONE',  ( 23.73531646875000689, 32.73016537720687325, 20.38020833367472662 ) ) ;
#929 = EDGE_CURVE ( 'NONE', #4164, #1508, #138, .T. ) ;
#930 = EDGE_CURVE ( 'NONE', #2441, #1892, #1825, .T. ) ;
#931 = CARTESIAN_POINT ( 'NONE',  ( 28.13023084971491627, -40.81676157593946641, 12.32369152672245960 ) ) ;
#932 = CARTESIAN_POINT ( 'NONE',  ( 24.30000000000000071, 33.21243556529821461, 20.91666666666666785 ) ) ;
#933 = VERTEX_POINT ( 'NONE', #832 ) ;
#934 = DIRECTION ( 'NONE',  ( -0.000000000000000000, 1.000000000000000000, -0.000000000000000000 ) ) ;
#935 = CARTESIAN_POINT ( 'NONE',  ( 26.26468353125000021, 32.00000000000000000, 20.10937500034139447 ) ) ;
#936 = CARTESIAN_POINT ( 'NONE',  ( 4.096985439621995795, -21.64332670552793303, 26.00000000000000000 ) ) ;
#937 = FACE_OUTER_BOUND ( 'NONE', #2572, .T. ) ;
#938 = CARTESIAN_POINT ( 'NONE',  ( 28.97865424685474167, -38.61745903731148388, 15.89113596871227685 ) ) ;
#939 = LINE ( 'NONE', #4192, #3394 ) ;
#940 = ORIENTED_EDGE ( 'NONE', *, *, #2165, .F. ) ;
#941 = ORIENTED_EDGE ( 'NONE', *, *, #688, .F. ) ;
#942 = DIRECTION ( 'NONE',  ( 0.000000000000000000, 1.000000000000000000, 0.000000000000000000 ) ) ;
#943 = DIRECTION ( 'NONE',  ( 0.000000000000000000, 1.000000000000000000, 0.000000000000000000 ) ) ;
#944 = CARTESIAN_POINT ( 'NONE',  ( 26.26468353125000021, 31.26983462279312675, 20.06770833367473017 ) ) ;
#945 = EDGE_CURVE ( 'NONE', #4272, #4136, #853, .T. ) ;
#946 =( BOUNDED_SURFACE ( )  B_SPLINE_SURFACE ( 1, 2, ( 
 ( #4009, #634, #655, #1324, #3036, #18, #4316, #2950, #2338, #2006, #4291, #2358, #966, #4267, #3674, #1959, #4026, #2705, #2295, #3292, #2027, #613, #2382, #2625, #1625, #680, #3352, #2671, #37, #3333, #1020, #326, #1668, #1346, #305, #2689, #3695, #2996, #700, #2046, #3370, #1607, #3943, #944, #3608, #2319, #283, #1298, #2649, #3633, #3136, #800, #1081, #2437, #1468 ),
 ( #3444, #1402, #3053, #1707, #3387, #54, #3091, #2104, #92, #4067, #2401, #4109, #441, #1104, #1800, #2728, #3731, #1419, #3751, #2455, #3073, #3772, #778, #2064, #134, #2782, #4049, #1124, #2124, #380, #421, #1768, #114, #2417, #2805, #400, #2472, #3711, #1726, #3792, #74, #1059, #738, #1747, #1443, #2263, #3935, #3578, #578, #1993, #722, #2987, #912, #2941, #2616 ) ),
 .UNSPECIFIED., .F., .F., .F. ) 
 B_SPLINE_SURFACE_WITH_KNOTS ( ( 2, 2 ),
 ( 3, 2, 2, 2, 2, 2, 2, 2, 2, 2, 2, 2, 2, 2, 2, 2, 2, 2, 2, 2, 2, 2, 2, 2, 2, 2, 2, 3 ),
 ( 0.000000000000000000, 1.000000000000000000 ),
 ( 0.000000000000000000, 0.03333333333333333287, 0.06666666666666666574, 0.1000000000000000056, 0.1333333333333333315, 0.1666666666666666574, 0.2000000000000000111, 0.2333333333333333370, 0.2666666666666666630, 0.2999999999999999889, 0.3333333333333333148, 0.3666666666666666408, 0.4000000000000000222, 0.4333333333333333481, 0.4666666666666666741, 0.5000000000000000000, 0.5333333333333333259, 0.5666666666666666519, 0.5999999999999999778, 0.6333333333333333037, 0.6666666666666666297, 0.6999999999999999556, 0.7333333333333332815, 0.7666666666666667185, 0.8000000000000000444, 0.8333333333333333703, 0.8666666666666666963, 0.8800741322904760411 ),
 .UNSPECIFIED. ) 
 GEOMETRIC_REPRESENTATION_ITEM ( )  RATIONAL_B_SPLINE_SURFACE ( (
 ( 1.000000000000000000, 0.8660254037844387076, 1.000000000000000000, 0.8660254037844387076, 1.000000000000000000, 0.8660254037844387076, 1.000000000000000000, 0.8660254037844387076, 1.000000000000000000, 0.8660254037844387076, 1.000000000000000000, 0.8660254037844387076, 1.000000000000000000, 0.8660254037844387076, 1.000000000000000000, 0.8660254037844387076, 1.000000000000000000, 0.8660254037844387076, 1.000000000000000000, 0.8660254037844387076, 1.000000000000000000, 0.8660254037844387076, 1.000000000000000000, 0.8660254037844387076, 1.000000000000000000, 0.8660254037844387076, 1.000000000000000000, 0.8660254037844387076, 1.000000000000000000, 0.8660254037844387076, 1.000000000000000000, 0.8660254037844387076, 1.000000000000000000, 0.8660254037844387076, 1.000000000000000000, 0.8660254037844387076, 1.000000000000000000, 0.8660254037844387076, 1.000000000000000000, 0.8660254037844387076, 1.000000000000000000, 0.8660254037844387076, 1.000000000000000000, 0.8660254037844387076, 1.000000000000000000, 0.8660254037844387076, 1.000000000000000000, 0.8660254037844387076, 1.000000000000000000, 0.8660254037844387076, 1.000000000000000000, 0.8660254037844387076, 1.000000000000000000, 0.9461122062032837343, 0.9355743369789115693),
 ( 1.000000000000000000, 0.8660254037844387076, 1.000000000000000000, 0.8660254037844387076, 1.000000000000000000, 0.8660254037844387076, 1.000000000000000000, 0.8660254037844387076, 1.000000000000000000, 0.8660254037844387076, 1.000000000000000000, 0.8660254037844387076, 1.000000000000000000, 0.8660254037844387076, 1.000000000000000000, 0.8660254037844387076, 1.000000000000000000, 0.8660254037844387076, 1.000000000000000000, 0.8660254037844387076, 1.000000000000000000, 0.8660254037844387076, 1.000000000000000000, 0.8660254037844387076, 1.000000000000000000, 0.8660254037844387076, 1.000000000000000000, 0.8660254037844387076, 1.000000000000000000, 0.8660254037844387076, 1.000000000000000000, 0.8660254037844387076, 1.000000000000000000, 0.8660254037844387076, 1.000000000000000000, 0.8660254037844387076, 1.000000000000000000, 0.8660254037844387076, 1.000000000000000000, 0.8660254037844387076, 1.000000000000000000, 0.8660254037844387076, 1.000000000000000000, 0.8660254037844387076, 1.000000000000000000, 0.8660254037844387076, 1.000000000000000000, 0.8660254037844387076, 1.000000000000000000, 0.8660254037844387076, 1.000000000000000000, 0.8660254037844387076, 1.000000000000000000, 0.9461122062032837343, 0.9355743369789115693) ) ) 
 REPRESENTATION_ITEM ( '' )  SURFACE ( )  );
#947 = AXIS2_PLACEMENT_3D ( 'NONE', #2326, #3640, #3319 ) ;
#948 = CARTESIAN_POINT ( 'NONE',  ( 23.60000000000000497, 32.80829037686547167, 20.45833333333333215 ) ) ;
#949 = CARTESIAN_POINT ( 'NONE',  ( 30.19971300218728061, -36.99999999999997868, 12.40970861222865373 ) ) ;
#950 = ORIENTED_EDGE ( 'NONE', *, *, #2051, .T. ) ;
#951 = LINE ( 'NONE', #290, #3681 ) ;
#952 = LINE ( 'NONE', #3591, #3065 ) ;
#953 = CARTESIAN_POINT ( 'NONE',  ( 26.13262941653187710, 32.82289161158949753, 19.69221779902533243 ) ) ;
#954 = ADVANCED_FACE ( 'NONE', ( #2196 ), #119, .T. ) ;
#955 = DIRECTION ( 'NONE',  ( 0.000000000000000000, 1.000000000000000000, 0.000000000000000000 ) ) ;
#956 = CARTESIAN_POINT ( 'NONE',  ( 18.73851264979722586, -37.00000000000000711, 14.22407378604149208 ) ) ;
#957 = VERTEX_POINT ( 'NONE', #471 ) ;
#958 = CARTESIAN_POINT ( 'NONE',  ( 22.39159066982395174, 32.88930252496232498, 22.92182093104781515 ) ) ;
#959 = DIRECTION ( 'NONE',  ( 0.000000000000000000, -0.000000000000000000, 1.000000000000000000 ) ) ;
#960 = CARTESIAN_POINT ( 'NONE',  ( 26.39999999999999858, 32.00000000000000000, 17.00000000000000000 ) ) ;
#961 = CARTESIAN_POINT ( 'NONE',  ( 2.000000000000000000, 50.00000000000000000, 9.000000000000000000 ) ) ;
#962 = EDGE_LOOP ( 'NONE', ( #78, #3678, #692, #3328 ) ) ;
#963 = ORIENTED_EDGE ( 'NONE', *, *, #3566, .T. ) ;
#964 = CARTESIAN_POINT ( 'NONE',  ( 25.00000000000000000, 33.46033075441374649, 19.73437500034139802 ) ) ;
#965 = CARTESIAN_POINT ( 'NONE',  ( 27.02063423707440037, -37.00000000000000000, 29.65647417692593990 ) ) ;
#966 = CARTESIAN_POINT ( 'NONE',  ( 23.73531646875000334, 32.00000000000000000, 21.35937500034139802 ) ) ;
#967 = CARTESIAN_POINT ( 'NONE',  ( 26.40000000000000213, 31.19170962313452478, 20.20833333333333215 ) ) ;
#968 = ORIENTED_EDGE ( 'NONE', *, *, #178, .T. ) ;
#969 = ORIENTED_EDGE ( 'NONE', *, *, #3023, .F. ) ;
#970 = DIRECTION ( 'NONE',  ( 0.000000000000000000, 1.000000000000000000, 0.000000000000000000 ) ) ;
#971 = DIRECTION ( 'NONE',  ( 1.000000000000000000, 0.000000000000000000, 0.000000000000000000 ) ) ;
#972 = CARTESIAN_POINT ( 'NONE',  ( 28.78099373319143339, -40.50000000000298428, 16.33149853929738882 ) ) ;
#973 = CARTESIAN_POINT ( 'NONE',  ( 33.25487182837818523, -34.99999999999999289, 14.14297501373331833 ) ) ;
#974 = CARTESIAN_POINT ( 'NONE',  ( 16.81251890967178753, -34.82607245496198090, 15.22787260962943989 ) ) ;
#975 = ORIENTED_EDGE ( 'NONE', *, *, #1728, .F. ) ;
#976 = DIRECTION ( 'NONE',  ( -0.000000000000000000, 1.000000000000000000, 0.000000000000000000 ) ) ;
#977 = PLANE ( 'NONE',  #2418 ) ;
#978 = CARTESIAN_POINT ( 'NONE',  ( 19.10814741736570355, -37.00000000000000000, 15.60061493738549920 ) ) ;
#979 = ADVANCED_FACE ( 'NONE', ( #1865 ), #2549, .F. ) ;
#980 = DIRECTION ( 'NONE',  ( -0.000000000000000000, -0.000000000000000000, 1.000000000000000000 ) ) ;
#981 = VERTEX_POINT ( 'NONE', #3451 ) ;
#982 = ORIENTED_EDGE ( 'NONE', *, *, #355, .T. ) ;
#983 = CARTESIAN_POINT ( 'NONE',  ( 36.81080512383570635, -36.02474398598366889, 14.42031861104712931 ) ) ;
#984 = CARTESIAN_POINT ( 'NONE',  ( 27.75000000000000000, 32.00000000000000000, 22.87681953477326147 ) ) ;
#985 = CARTESIAN_POINT ( 'NONE',  ( 13.74846684808984776, -38.31760882611746410, 15.60061493739150684 ) ) ;
#986 = EDGE_CURVE ( 'NONE', #2341, #1672, #2000, .T. ) ;
#987 = CARTESIAN_POINT ( 'NONE',  ( 24.99846684809789465, -37.00000000000000000, 22.77248993737889293 ) ) ;
#988 = CARTESIAN_POINT ( 'NONE',  ( 26.36484837343878596, 32.50326963800002034, 19.77698929194892230 ) ) ;
#989 = ORIENTED_EDGE ( 'NONE', *, *, #2291, .F. ) ;
#990 = ORIENTED_EDGE ( 'NONE', *, *, #3098, .T. ) ;
#991 = CARTESIAN_POINT ( 'NONE',  ( 24.99846684809938679, -40.50000000000000000, 24.10061493737892846 ) ) ;
#992 = CARTESIAN_POINT ( 'NONE',  ( 23.60000000000000142, 32.00000000000000000, 22.00000000000000000 ) ) ;
#993 = CARTESIAN_POINT ( 'NONE',  ( 28.88658321250409600, -39.93680351239920867, 13.41810302192771331 ) ) ;
#994 = ADVANCED_FACE ( 'NONE', ( #446 ), #240, .F. ) ;
#995 = ORIENTED_EDGE ( 'NONE', *, *, #1898, .T. ) ;
#996 = DIRECTION ( 'NONE',  ( 0.000000000000000000, 0.000000000000000000, -1.000000000000000000 ) ) ;
#997 = FACE_OUTER_BOUND ( 'NONE', #3522, .T. ) ;
#998 = CARTESIAN_POINT ( 'NONE',  ( 46.50000000000000000, 50.00000000000000000, 2.104480912413648319 ) ) ;
#999 = ORIENTED_EDGE ( 'NONE', *, *, #4095, .F. ) ;
#1000 = ORIENTED_EDGE ( 'NONE', *, *, #3339, .F. ) ;
#1001 = CARTESIAN_POINT ( 'NONE',  ( 21.05089887447289598, -37.00000000000001421, 12.01751364609953399 ) ) ;
#1002 = FACE_OUTER_BOUND ( 'NONE', #1886, .T. ) ;
#1003 = CARTESIAN_POINT ( 'NONE',  ( 14.04846684809018242, -38.61760882611746126, 15.90061493739117537 ) ) ;
#1004 = ADVANCED_FACE ( 'NONE', ( #1577 ), #2670, .F. ) ;
#1005 = CARTESIAN_POINT ( 'NONE',  ( 25.69999999999999929, 33.21243556529821461, 20.33333333333333215 ) ) ;
#1006 = VECTOR ( 'NONE', #2909, 1000.000000000000000 ) ;
#1007 = EDGE_CURVE ( 'NONE', #323, #3217, #2247, .T. ) ;
#1008 = ORIENTED_EDGE ( 'NONE', *, *, #3229, .F. ) ;
#1009 = DIRECTION ( 'NONE',  ( 0.000000000000000000, 0.000000000000000000, 1.000000000000000000 ) ) ;
#1010 = CARTESIAN_POINT ( 'NONE',  ( 25.00000000000000000, 33.61658075373095045, 21.87500000000000000 ) ) ;
#1011 = CARTESIAN_POINT ( 'NONE',  ( 21.35062675354048523, -38.55742290883048184, 15.71584879215572705 ) ) ;
#1012 = ORIENTED_EDGE ( 'NONE', *, *, #4212, .F. ) ;
#1013 = DIRECTION ( 'NONE',  ( 0.000000000000000000, 1.000000000000000000, 0.000000000000000000 ) ) ;
#1014 = PLANE ( 'NONE',  #2792 ) ;
#1015 = CARTESIAN_POINT ( 'NONE',  ( 31.06478595962957101, -34.89549984198347943, 10.53984566873010742 ) ) ;
#1016 = CARTESIAN_POINT ( 'NONE',  ( 16.73427832596117426, -34.99999999999999289, 14.41233490781574922 ) ) ;
#1017 = ORIENTED_EDGE ( 'NONE', *, *, #1227, .F. ) ;
#1018 = CARTESIAN_POINT ( 'NONE',  ( 26.39999999999833591, 32.00000215971725481, 21.03124986698243148 ) ) ;
#1019 = PLANE ( 'NONE',  #393 ) ;
#1020 = CARTESIAN_POINT ( 'NONE',  ( 26.26468353125000021, 32.00000000000000000, 20.60937500034139802 ) ) ;
#1021 = CARTESIAN_POINT ( 'NONE',  ( 50.00000000000000000, 50.00000000000000000, 0.000000000000000000 ) ) ;
#1022 = CARTESIAN_POINT ( 'NONE',  ( 24.30000000000000071, 33.21243556529821461, 21.69791666734946034 ) ) ;
#1023 = EDGE_LOOP ( 'NONE', ( #3837, #659, #1043, #110 ) ) ;
#1024 = VERTEX_POINT ( 'NONE', #1889 ) ;
#1025 = DIRECTION ( 'NONE',  ( 1.000000000000000000, 0.000000000000000000, 0.000000000000000000 ) ) ;
#1026 = EDGE_CURVE ( 'NONE', #4105, #812, #885, .T. ) ;
#1027 = MECHANICAL_DESIGN_GEOMETRIC_PRESENTATION_REPRESENTATION (  '', ( #1092 ), #1640 ) ;
#1028 = VECTOR ( 'NONE', #2726, 1000.000000000000000 ) ;
#1029 = EDGE_CURVE ( 'NONE', #169, #1114, #3224, .T. ) ;
#1030 = CARTESIAN_POINT ( 'NONE',  ( 50.00000000000000000, 5.000000000000000000, 4.799999999999999822 ) ) ;
#1031 = CARTESIAN_POINT ( 'NONE',  ( 19.91584467456350893, -37.00000000000133582, 9.801560925409312119 ) ) ;
#1032 = ORIENTED_EDGE ( 'NONE', *, *, #1644, .F. ) ;
#1033 = CARTESIAN_POINT ( 'NONE',  ( 21.61381669305144726, -37.00000000000004974, 11.63307483675665210 ) ) ;
#1034 = CARTESIAN_POINT ( 'NONE',  ( 24.63595260982768664, 34.73175322047512736, 23.30664962366372350 ) ) ;
#1035 = EDGE_CURVE ( 'NONE', #1673, #4105, #681, .T. ) ;
#1036 = CARTESIAN_POINT ( 'NONE',  ( 24.99846684809018527, -38.31760882611746410, 15.90061493737889364 ) ) ;
#1037 = CARTESIAN_POINT ( 'NONE',  ( 36.71547090197574192, 0.000000000000000000, 14.14297501373331833 ) ) ;
#1038 = PRODUCT_DEFINITION_SHAPE ( 'NONE', 'NONE',  #4119 ) ;
#1039 = ORIENTED_EDGE ( 'NONE', *, *, #1312, .F. ) ;
#1040 = CARTESIAN_POINT ( 'NONE',  ( 3.500000000000004441, 50.00000000000000000, 2.104480912413648319 ) ) ;
#1041 = CARTESIAN_POINT ( 'NONE',  ( 0.000000000000000000, 5.000000000000000000, 0.000000000000000000 ) ) ;
#1042 = CARTESIAN_POINT ( 'NONE',  ( 26.40000000000000213, 32.80829037686547167, 20.29166666666666785 ) ) ;
#1043 = ORIENTED_EDGE ( 'NONE', *, *, #1118, .T. ) ;
#1044 = ORIENTED_EDGE ( 'NONE', *, *, #1965, .F. ) ;
#1045 = CARTESIAN_POINT ( 'NONE',  ( 33.19581606756673153, -34.83425461884039720, 15.16707763924400076 ) ) ;
#1046 = DIRECTION ( 'NONE',  ( 1.000000000000000000, 0.000000000000000000, -1.121573320328472587E-12 ) ) ;
#1047 = EDGE_CURVE ( 'NONE', #1508, #1822, #4290, .T. ) ;
#1048 = CARTESIAN_POINT ( 'NONE',  ( 23.73531646875000689, 32.73016537720688035, 21.88020833367473372 ) ) ;
#1049 = CARTESIAN_POINT ( 'NONE',  ( 25.92614750527573975, -36.99999999999999289, 8.662234301038234108 ) ) ;
#1050 = EDGE_CURVE ( 'NONE', #3714, #734, #633, .T. ) ;
#1051 = AXIS2_PLACEMENT_3D ( 'NONE', #347, #4033, #1692 ) ;
#1052 = CARTESIAN_POINT ( 'NONE',  ( 33.15476207738368686, -35.65699383134437994, 14.24973972121197541 ) ) ;
#1053 = CARTESIAN_POINT ( 'NONE',  ( 13.74846684809075725, -34.99999999999999289, 16.41233490781574744 ) ) ;
#1054 = CARTESIAN_POINT ( 'NONE',  ( 17.46184324903412133, -34.87228852944596014, 12.03901476578426788 ) ) ;
#1055 = B_SPLINE_CURVE_WITH_KNOTS ( 'NONE', 3,
 ( #552, #2328, #252, #3979, #2592, #1971 ),
 .UNSPECIFIED., .F., .F.,
 ( 4, 2, 4 ),
 ( 0.002198537915104542464, 0.002637508205189054329, 0.003076478495273565761 ),
 .UNSPECIFIED. ) ;
#1056 = ORIENTED_EDGE ( 'NONE', *, *, #3861, .F. ) ;
#1057 = DIRECTION ( 'NONE',  ( 0.000000000000000000, 0.000000000000000000, 1.000000000000000000 ) ) ;
#1058 = DIRECTION ( 'NONE',  ( 1.000000000000000000, 0.000000000000000000, 0.000000000000000000 ) ) ;
#1059 = CARTESIAN_POINT ( 'NONE',  ( 26.26468353125000021, 32.73016537720688035, 20.21354166700806587 ) ) ;
#1060 = B_SPLINE_CURVE_WITH_KNOTS ( 'NONE', 3,
 ( #1123, #3157, #150, #3840, #3508, #1860 ),
 .UNSPECIFIED., .F., .F.,
 ( 4, 2, 4 ),
 ( 0.0005833617301652026200, 0.002379195586710634251, 0.004175029443256065773 ),
 .UNSPECIFIED. ) ;
#1061 = CARTESIAN_POINT ( 'NONE',  ( 23.77334711523737099, 32.69894295100493764, 19.67164829162118167 ) ) ;
#1062 = CARTESIAN_POINT ( 'NONE',  ( 23.60000000000000142, 32.00000000000000000, 20.78125000068279604 ) ) ;
#1063 = ORIENTED_EDGE ( 'NONE', *, *, #1981, .F. ) ;
#1064 = EDGE_LOOP ( 'NONE', ( #1931, #2712, #1683, #1151, #2518 ) ) ;
#1065 = CARTESIAN_POINT ( 'NONE',  ( 32.70758127041791852, -34.86432650748682249, 16.51568836914945138 ) ) ;
#1066 = CARTESIAN_POINT ( 'NONE',  ( 24.99846684809938679, -40.50000000000000000, 24.10061493737892846 ) ) ;
#1067 = AXIS2_PLACEMENT_3D ( 'NONE', #1262, #744, #449 ) ;
#1068 = AXIS2_PLACEMENT_3D ( 'NONE', #3741, #2449, #2799 ) ;
#1069 = CARTESIAN_POINT ( 'NONE',  ( 21.23574604250782727, -38.63847891033429960, 16.08247045121970586 ) ) ;
#1070 = CARTESIAN_POINT ( 'NONE',  ( 21.38812223093047038, -38.31760882611746410, 15.60061493738294480 ) ) ;
#1071 =( BOUNDED_CURVE ( )  B_SPLINE_CURVE ( 2, ( #2882, #1894, #246, #2958, #2902, #1611, #2858 ),
 .UNSPECIFIED., .F., .T. ) 
 B_SPLINE_CURVE_WITH_KNOTS ( ( 3, 2, 2, 3 ),
 ( 0.1136268751990768544, 0.1515024932953156767, 0.1893781166191437770, 0.2272539631800924442 ),
 .UNSPECIFIED. ) 
 CURVE ( )  GEOMETRIC_REPRESENTATION_ITEM ( )  RATIONAL_B_SPLINE_CURVE ( ( 1.000000000000000000, 0.8660254037844387076, 1.000000000000000000, 0.8660254037844387076, 1.000000000000000000, 0.8660254037844387076, 1.000000000000000000 ) ) 
 REPRESENTATION_ITEM ( '' )  );
#1072 = TOROIDAL_SURFACE ( 'NONE', #1430, -4.592400958310022929, 17.56568218562516748 ) ;
#1073 = DIRECTION ( 'NONE',  ( 0.000000000000000000, 0.000000000000000000, 1.000000000000000000 ) ) ;
#1074 = CARTESIAN_POINT ( 'NONE',  ( 25.89047851123476107, 29.39198677092065637, 23.26924621580652897 ) ) ;
#1075 = EDGE_CURVE ( 'NONE', #1386, #423, #3616, .T. ) ;
#1076 = CARTESIAN_POINT ( 'NONE',  ( 28.42902395278147409, -34.94557000391940704, 9.205539891507163119 ) ) ;
#1077 = CARTESIAN_POINT ( 'NONE',  ( 4.096985439621944280, -37.00000000000000000, 11.00000000000000000 ) ) ;
#1078 = ORIENTED_EDGE ( 'NONE', *, *, #676, .T. ) ;
#1079 = CARTESIAN_POINT ( 'NONE',  ( 24.36765823437500345, 30.90475193418969369, 21.44270833367473017 ) ) ;
#1080 = CARTESIAN_POINT ( 'NONE',  ( 28.37656007264360269, -37.87605421058115240, 15.60061493737588201 ) ) ;
#1081 = CARTESIAN_POINT ( 'NONE',  ( 25.63234176562500011, 33.09524806581030987, 19.69270833367473017 ) ) ;
#1082 = CARTESIAN_POINT ( 'NONE',  ( 24.30000000000000071, 30.78756443470178894, 21.08333333333333215 ) ) ;
#1083 = ORIENTED_EDGE ( 'NONE', *, *, #1656, .T. ) ;
#1084 = ORIENTED_EDGE ( 'NONE', *, *, #178, .F. ) ;
#1085 = CARTESIAN_POINT ( 'NONE',  ( 26.26468353125000021, 32.73016537720688035, 21.65104166700806232 ) ) ;
#1086 = DIRECTION ( 'NONE',  ( 1.000000000000000000, 0.000000000000000000, -0.000000000000000000 ) ) ;
#1087 = CARTESIAN_POINT ( 'NONE',  ( 4.096985439621990466, 0.000000000000000000, 5.000000000000000000 ) ) ;
#1088 = CIRCLE ( 'NONE', #683, 8.900000000000002132 ) ;
#1089 = CARTESIAN_POINT ( 'NONE',  ( 23.60000000000000142, 32.00000000000000000, 22.00000000000000000 ) ) ;
#1090 = AXIS2_PLACEMENT_3D ( 'NONE', #2276, #3316, #2960 ) ;
#1091 = CARTESIAN_POINT ( 'NONE',  ( 28.35859156965859995, -37.00000000000000711, 15.37402741865305700 ) ) ;
#1092 = STYLED_ITEM ( 'NONE', ( #146 ), #3318 ) ;
#1093 = AXIS2_PLACEMENT_3D ( 'NONE', #2744, #4065, #1057 ) ;
#1094 = CARTESIAN_POINT ( 'NONE',  ( 24.36765823437500345, 30.90475193418969369, 21.00520833367473017 ) ) ;
#1095 = CARTESIAN_POINT ( 'NONE',  ( 25.00000000000000000, -21.64332670552793303, 14.41233490781574922 ) ) ;
#1096 = CARTESIAN_POINT ( 'NONE',  ( 27.74999999999999289, 31.81713511788733584, 22.87681953477326857 ) ) ;
#1097 = DIRECTION ( 'NONE',  ( 0.000000000000000000, 0.000000000000000000, -1.000000000000000000 ) ) ;
#1098 = CARTESIAN_POINT ( 'NONE',  ( 21.37181471301213165, -37.87578176090610071, 15.60061493738296079 ) ) ;
#1099 = ORIENTED_EDGE ( 'NONE', *, *, #3315, .T. ) ;
#1100 = PLANE ( 'NONE',  #2092 ) ;
#1101 = EDGE_CURVE ( 'NONE', #3797, #1487, #1250, .T. ) ;
#1102 = EDGE_CURVE ( 'NONE', #3843, #2333, #2375, .T. ) ;
#1103 = CARTESIAN_POINT ( 'NONE',  ( 28.41629409129892636, -36.98674502415617127, 15.60061493737505600 ) ) ;
#1104 = CARTESIAN_POINT ( 'NONE',  ( 23.73531646875000689, 32.73016537720688035, 21.38020833367473017 ) ) ;
#1105 = CARTESIAN_POINT ( 'NONE',  ( 25.00000000000000000, 30.38341924626904955, 19.90625000068279249 ) ) ;
#1106 = EDGE_LOOP ( 'NONE', ( #3939, #1559, #3823, #397, #3425, #2010, #2297, #2725, #203, #3455, #3574, #3920 ) ) ;
#1107 = ORIENTED_EDGE ( 'NONE', *, *, #1654, .T. ) ;
#1108 = CARTESIAN_POINT ( 'NONE',  ( 25.69999999999999929, 33.21243556529821461, 20.11458333401612819 ) ) ;
#1109 = ADVANCED_FACE ( 'NONE', ( #3537 ), #1323, .F. ) ;
#1110 = DIRECTION ( 'NONE',  ( -1.000000000000000000, 0.000000000000000000, 1.121830461068781995E-12 ) ) ;
#1111 = ADVANCED_FACE ( 'NONE', ( #3942 ), #1647, .F. ) ;
#1112 = FACE_OUTER_BOUND ( 'NONE', #2043, .T. ) ;
#1113 = CARTESIAN_POINT ( 'NONE',  ( 23.60000000000000497, 32.80829037686547167, 20.45833333333333215 ) ) ;
#1114 = VERTEX_POINT ( 'NONE', #1958 ) ;
#1115 = CARTESIAN_POINT ( 'NONE',  ( 21.37488158239176883, -38.52227291251473673, 15.67718260035478828 ) ) ;
#1116 = CARTESIAN_POINT ( 'NONE',  ( 35.94846684809018456, -38.61760882611746126, 15.90061493736661191 ) ) ;
#1117 = CARTESIAN_POINT ( 'NONE',  ( 23.73531646875000334, 32.00000000000000000, 21.89062500034139802 ) ) ;
#1118 = EDGE_CURVE ( 'NONE', #609, #783, #2930, .T. ) ;
#1119 = CARTESIAN_POINT ( 'NONE',  ( 13.52591054280406446, -36.03376670460514930, 14.67942958639959983 ) ) ;
#1120 = CARTESIAN_POINT ( 'NONE',  ( 21.17248930490368508, -40.52079501071477807, 13.58882803014502905 ) ) ;
#1121 = EDGE_LOOP ( 'NONE', ( #2106, #3469, #1272, #843, #301, #2107 ) ) ;
#1122 = DIRECTION ( 'NONE',  ( -0.000000000000000000, 1.000000000000000000, -0.000000000000000000 ) ) ;
#1123 = CARTESIAN_POINT ( 'NONE',  ( 20.93750281210687447, -36.99999999997163513, 12.94320794731120827 ) ) ;
#1124 = CARTESIAN_POINT ( 'NONE',  ( 25.00000000000000000, 33.46033075441374649, 20.79687500034139802 ) ) ;
#1125 = CARTESIAN_POINT ( 'NONE',  ( 28.85176297811411317, -40.50000000000000711, 12.88710661634225296 ) ) ;
#1126 = CARTESIAN_POINT ( 'NONE',  ( 26.39999999999999147, 31.19170962313451767, 21.20833333333333215 ) ) ;
#1127 = VERTEX_POINT ( 'NONE', #3990 ) ;
#1128 = ORIENTED_EDGE ( 'NONE', *, *, #3641, .F. ) ;
#1129 = CARTESIAN_POINT ( 'NONE',  ( 24.30000000000000071, 30.78756443470178894, 20.36458333401612819 ) ) ;
#1130 = CARTESIAN_POINT ( 'NONE',  ( 21.26628488692923824, -40.50000000000000711, 12.63355264578167159 ) ) ;
#1131 = EDGE_CURVE ( 'NONE', #169, #2872, #2174, .T. ) ;
#1132 = DIRECTION ( 'NONE',  ( 1.121602180784976098E-12, 0.000000000000000000, 1.000000000000000000 ) ) ;
#1133 = CARTESIAN_POINT ( 'NONE',  ( 26.39999999999999858, 32.00000000000000000, 21.24999999999999645 ) ) ;
#1134 = CARTESIAN_POINT ( 'NONE',  ( 21.74123001396779031, -36.99999999999595701, 9.096708907374434716 ) ) ;
#1135 = ORIENTED_EDGE ( 'NONE', *, *, #2251, .T. ) ;
#1136 = CARTESIAN_POINT ( 'NONE',  ( 28.34672332152487328, -37.43572420633108067, 15.36692241661910963 ) ) ;
#1137 = B_SPLINE_CURVE_WITH_KNOTS ( 'NONE', 3,
 ( #2304, #3619, #1564, #621, #1968, #3300 ),
 .UNSPECIFIED., .F., .F.,
 ( 4, 2, 4 ),
 ( 0.008297702182079674804, 0.01007902294757161317, 0.01186034371306355154 ),
 .UNSPECIFIED. ) ;
#1138 = DIRECTION ( 'NONE',  ( 0.000000000000000000, 0.000000000000000000, -1.000000000000000000 ) ) ;
#1139 = DIRECTION ( 'NONE',  ( 0.3420201433267234248, -0.000000000000000000, 0.9396926207855245128 ) ) ;
#1140 = B_SPLINE_CURVE_WITH_KNOTS ( 'NONE', 3,
 ( #3155, #1169, #3838, #190, #527, #844, #3506, #2868 ),
 .UNSPECIFIED., .F., .F.,
 ( 4, 2, 2, 4 ),
 ( 4.906538933386797396E-18, 0.0003669063778498108069, 0.0007338127556996166265, 0.001467625511399242794 ),
 .UNSPECIFIED. ) ;
#1141 = TOROIDAL_SURFACE ( 'NONE', #3590, 13.00000000000000000, 2.000000000000000000 ) ;
#1142 = CARTESIAN_POINT ( 'NONE',  ( 0.000000000000000000, 5.000000000000000000, 4.799999999999993605 ) ) ;
#1143 = DIRECTION ( 'NONE',  ( -0.000000000000000000, -0.000000000000000000, 1.000000000000000000 ) ) ;
#1144 = EDGE_LOOP ( 'NONE', ( #1828, #22, #238, #3026 ) ) ;
#1145 = AXIS2_PLACEMENT_3D ( 'NONE', #833, #560, #179 ) ;
#1146 = CARTESIAN_POINT ( 'NONE',  ( 13.97041203843551038, -38.61760882611746837, 24.08750170345350483 ) ) ;
#1147 = DIRECTION ( 'NONE',  ( -1.121746318492059232E-12, 0.000000000000000000, -1.000000000000000000 ) ) ;
#1148 = CARTESIAN_POINT ( 'NONE',  ( 26.39999999999999858, 32.00000000000000000, 20.74999999999999645 ) ) ;
#1149 = CARTESIAN_POINT ( 'NONE',  ( 26.40000000000000213, 32.80829037686547167, 20.07291666734946389 ) ) ;
#1150 = ORIENTED_EDGE ( 'NONE', *, *, #3432, .T. ) ;
#1151 = ORIENTED_EDGE ( 'NONE', *, *, #3757, .T. ) ;
#1152 = CARTESIAN_POINT ( 'NONE',  ( 24.36765823437500345, 33.09524806581030987, 21.77604166700806232 ) ) ;
#1153 = DIRECTION ( 'NONE',  ( 0.000000000000000000, 0.000000000000000000, -1.000000000000000000 ) ) ;
#1154 = CARTESIAN_POINT ( 'NONE',  ( 48.00000000000000000, 50.00000000000000000, 11.00000000000000000 ) ) ;
#1155 = CARTESIAN_POINT ( 'NONE',  ( 29.58123746056511294, -37.00000000000000711, 11.93818475343307206 ) ) ;
#1156 = ORIENTED_EDGE ( 'NONE', *, *, #55, .F. ) ;
#1157 = ADVANCED_FACE ( 'NONE', ( #1297 ), #2218, .F. ) ;
#1158 = CARTESIAN_POINT ( 'NONE',  ( 21.52378891824947615, -38.62314565561399604, 15.81346889260318278 ) ) ;
#1159 = CIRCLE ( 'NONE', #3533, 14.99999999999999645 ) ;
#1160 = CARTESIAN_POINT ( 'NONE',  ( 27.75000000000000000, 32.00000000000000000, 22.87681953477326147 ) ) ;
#1161 = CARTESIAN_POINT ( 'NONE',  ( 17.81422359440455949, -36.69908211749384463, 15.34483915773188656 ) ) ;
#1162 = B_SPLINE_CURVE_WITH_KNOTS ( 'NONE', 3,
 ( #3156, #2453, #3839, #1481, #1146, #3442 ),
 .UNSPECIFIED., .F., .F.,
 ( 4, 2, 4 ),
 ( 0.000000000000000000, 0.0002345473759661841182, 0.0004690947519323682363 ),
 .UNSPECIFIED. ) ;
#1163 = AXIS2_PLACEMENT_3D ( 'NONE', #2701, #357, #2352 ) ;
#1164 = CARTESIAN_POINT ( 'NONE',  ( 13.46975326162865727, -36.25649256550754274, 14.83462119673815494 ) ) ;
#1165 = CARTESIAN_POINT ( 'NONE',  ( 28.36123841165850834, -38.74861226784999957, 15.61239216474344360 ) ) ;
#1166 = CARTESIAN_POINT ( 'NONE',  ( 24.13800481262698838, 30.88199019278480506, 19.74469038978610058 ) ) ;
#1167 = VECTOR ( 'NONE', #1172, 1000.000000000000000 ) ;
#1168 = ORIENTED_EDGE ( 'NONE', *, *, #1770, .F. ) ;
#1169 = CARTESIAN_POINT ( 'NONE',  ( 21.32749443823724889, -40.50000000000001421, 16.27718633954457417 ) ) ;
#1170 = CARTESIAN_POINT ( 'NONE',  ( 24.99846684809938679, -37.00000000000000000, 24.10061493737892846 ) ) ;
#1171 = EDGE_CURVE ( 'NONE', #1984, #3433, #63, .T. ) ;
#1172 = DIRECTION ( 'NONE',  ( 1.000000000000000000, 0.000000000000000000, -1.121830461068781995E-12 ) ) ;
#1173 = LINE ( 'NONE', #2521, #167 ) ;
#1174 = ORIENTED_EDGE ( 'NONE', *, *, #3128, .T. ) ;
#1175 = ORIENTED_EDGE ( 'NONE', *, *, #2485, .F. ) ;
#1176 = CARTESIAN_POINT ( 'NONE',  ( 25.69999999999999929, 30.78756443470178894, 19.94791666734946389 ) ) ;
#1177 = CARTESIAN_POINT ( 'NONE',  ( 21.14522304777298345, -40.50000000000000000, 12.88690926596958164 ) ) ;
#1178 = DIRECTION ( 'NONE',  ( -0.000000000000000000, -0.000000000000000000, 1.000000000000000000 ) ) ;
#1179 = EDGE_CURVE ( 'NONE', #1977, #2327, #3403, .T. ) ;
#1180 = CARTESIAN_POINT ( 'NONE',  ( 26.26468353125000021, 31.26983462279312675, 20.63020833367473017 ) ) ;
#1181 = CARTESIAN_POINT ( 'NONE',  ( 20.87868605269246558, -37.00000000000000000, 11.62459600084774003 ) ) ;
#1182 = ORIENTED_EDGE ( 'NONE', *, *, #1047, .F. ) ;
#1183 = CARTESIAN_POINT ( 'NONE',  ( 28.84849139250824379, -38.88878157914768963, 16.15043907428385594 ) ) ;
#1184 = PRODUCT_DEFINITION_CONTEXT ( 'detailed design', #3480, 'design' ) ;
#1185 = FACE_OUTER_BOUND ( 'NONE', #2917, .T. ) ;
#1186 = CARTESIAN_POINT ( 'NONE',  ( 26.26468353125000021, 32.73016537720687325, 21.71354166700805877 ) ) ;
#1187 = ADVANCED_FACE ( 'NONE', ( #1401 ), #3730, .F. ) ;
#1188 = CARTESIAN_POINT ( 'NONE',  ( 25.00000000000000000, 30.38341924626904955, 20.12499999999999289 ) ) ;
#1189 = LINE ( 'NONE', #3904, #3660 ) ;
#1190 = ADVANCED_FACE ( 'NONE', ( #1002 ), #699, .T. ) ;
#1191 = CARTESIAN_POINT ( 'NONE',  ( 23.64484866963442045, 31.63671853171911508, 19.63956243110023081 ) ) ;
#1192 = ORIENTED_EDGE ( 'NONE', *, *, #2739, .F. ) ;
#1193 = CARTESIAN_POINT ( 'NONE',  ( 25.63234176562500011, 30.90475193418969369, 20.52604166700806587 ) ) ;
#1194 = CARTESIAN_POINT ( 'NONE',  ( 31.08348087901720191, -36.99999999999998579, 13.57196480973060737 ) ) ;
#1195 = CARTESIAN_POINT ( 'NONE',  ( 25.69999999999999929, 30.78756443470178894, 20.44791666734946389 ) ) ;
#1196 = DIRECTION ( 'NONE',  ( -0.000000000000000000, 1.000000000000000000, -0.000000000000000000 ) ) ;
#1197 = VERTEX_POINT ( 'NONE', #325 ) ;
#1198 = ORIENTED_EDGE ( 'NONE', *, *, #152, .F. ) ;
#1199 = CARTESIAN_POINT ( 'NONE',  ( 23.73531646875000334, 32.00000000000000000, 21.35937500034139802 ) ) ;
#1200 = DIRECTION ( 'NONE',  ( 1.000000000000000000, 0.000000000000000000, 0.000000000000000000 ) ) ;
#1201 = CARTESIAN_POINT ( 'NONE',  ( 25.00000000000000000, 40.00000000000000000, 20.16233490781574744 ) ) ;
#1202 = DIRECTION ( 'NONE',  ( 0.000000000000000000, 0.000000000000000000, 1.000000000000000000 ) ) ;
#1203 = CARTESIAN_POINT ( 'NONE',  ( 25.00000000000000000, 33.61658075373095755, 21.37500000000000000 ) ) ;
#1204 = CARTESIAN_POINT ( 'NONE',  ( 33.44823731272626333, -36.99999999999996447, 14.59706765365946346 ) ) ;
#1205 = ORIENTED_EDGE ( 'NONE', *, *, #2413, .T. ) ;
#1206 = CARTESIAN_POINT ( 'NONE',  ( 4.096985439621944280, -40.50000000000000000, 38.00000000000000000 ) ) ;
#1207 = CARTESIAN_POINT ( 'NONE',  ( 30.39327961121063026, 0.000000000000000000, 14.14297492225033537 ) ) ;
#1208 = CARTESIAN_POINT ( 'NONE',  ( 25.00000000000000000, 30.53966924558625351, 21.04687500034139802 ) ) ;
#1209 = AXIS2_PLACEMENT_3D ( 'NONE', #4110, #4128, #3446 ) ;
#1210 = CARTESIAN_POINT ( 'NONE',  ( 13.62200605437000611, -35.13664172722979373, 14.41233490781575277 ) ) ;
#1211 = CIRCLE ( 'NONE', #2201, 2.749999999999999112 ) ;
#1212 = CARTESIAN_POINT ( 'NONE',  ( 28.84849139250824379, -38.88878157914768963, 16.15043907428385594 ) ) ;
#1213 = CARTESIAN_POINT ( 'NONE',  ( 20.93470304381785496, -36.89886800857301097, 12.93551564715744284 ) ) ;
#1214 = ORIENTED_EDGE ( 'NONE', *, *, #1716, .T. ) ;
#1215 = VERTEX_POINT ( 'NONE', #984 ) ;
#1216 = CARTESIAN_POINT ( 'NONE',  ( 25.00000000000000000, 33.46033075441374649, 19.73437500034139802 ) ) ;
#1217 = CARTESIAN_POINT ( 'NONE',  ( 26.13262941653187710, 32.82289161158949753, 19.69221779902533243 ) ) ;
#1218 = AXIS2_PLACEMENT_3D ( 'NONE', #3903, #1657, #5 ) ;
#1219 = CARTESIAN_POINT ( 'NONE',  ( 28.73083280783011517, -40.50000000000000000, 12.63385005157858387 ) ) ;
#1220 = DIRECTION ( 'NONE',  ( 0.000000000000000000, 0.000000000000000000, -1.000000000000000000 ) ) ;
#1221 = VECTOR ( 'NONE', #3736, 1000.000000000000000 ) ;
#1222 = ORIENTED_EDGE ( 'NONE', *, *, #208, .F. ) ;
#1223 = ORIENTED_EDGE ( 'NONE', *, *, #2309, .F. ) ;
#1224 = CARTESIAN_POINT ( 'NONE',  ( 25.63234176562500011, 33.09524806581030987, 20.69270833367473017 ) ) ;
#1225 = DIRECTION ( 'NONE',  ( 0.000000000000000000, 1.000000000000000000, 0.000000000000000000 ) ) ;
#1226 = EDGE_CURVE ( 'NONE', #2566, #573, #1381, .T. ) ;
#1227 = EDGE_CURVE ( 'NONE', #2387, #1254, #3035, .T. ) ;
#1228 = CARTESIAN_POINT ( 'NONE',  ( 23.73531646875000689, 32.73016537720688035, 20.38020833367473372 ) ) ;
#1229 = CARTESIAN_POINT ( 'NONE',  ( 31.61336723054909470, -37.00000000000064659, 10.82604772304813068 ) ) ;
#1230 = ORIENTED_EDGE ( 'NONE', *, *, #221, .T. ) ;
#1231 = CARTESIAN_POINT ( 'NONE',  ( 2.000000000000000000, 50.00000000000000000, 11.00000000000000000 ) ) ;
#1232 = CIRCLE ( 'NONE', #2097, 2.749999999999999112 ) ;
#1233 = CARTESIAN_POINT ( 'NONE',  ( 50.00000000000000000, 50.00000000000000000, 0.000000000000000000 ) ) ;
#1234 = CARTESIAN_POINT ( 'NONE',  ( 25.00000000000000000, 33.46033075441374649, 21.79687500034139802 ) ) ;
#1235 = CARTESIAN_POINT ( 'NONE',  ( 24.99846684810929531, -38.88907856675146490, 32.93393164315568100 ) ) ;
#1236 = CARTESIAN_POINT ( 'NONE',  ( 50.00000000000000000, 5.000000000000000000, 0.000000000000000000 ) ) ;
#1237 = CARTESIAN_POINT ( 'NONE',  ( 21.05914709535951346, -39.34131367565125004, 13.27742286875240829 ) ) ;
#1238 = EDGE_LOOP ( 'NONE', ( #2420, #2476, #3637, #2189 ) ) ;
#1239 = CARTESIAN_POINT ( 'NONE',  ( 50.00000000000000000, 50.00000000000000000, 9.000000000000000000 ) ) ;
#1240 = CARTESIAN_POINT ( 'NONE',  ( 23.73531646875000334, 32.00000000000000000, 20.35937500034139447 ) ) ;
#1241 = VECTOR ( 'NONE', #3966, 1000.000000000000000 ) ;
#1242 = CARTESIAN_POINT ( 'NONE',  ( 25.99269866067386303, 32.99321740332445074, 19.72097360397043886 ) ) ;
#1243 = DIRECTION ( 'NONE',  ( 0.000000000000000000, -1.000000000000000000, 0.000000000000000000 ) ) ;
#1244 = CIRCLE ( 'NONE', #894, 8.833316705776793398 ) ;
#1245 = DIRECTION ( 'NONE',  ( 0.000000000000000000, 0.000000000000000000, -1.000000000000000000 ) ) ;
#1246 = EDGE_CURVE ( 'NONE', #3658, #2216, #86, .T. ) ;
#1247 = ORIENTED_EDGE ( 'NONE', *, *, #2544, .F. ) ;
#1248 = VERTEX_POINT ( 'NONE', #2688 ) ;
#1249 = CARTESIAN_POINT ( 'NONE',  ( 26.26468353125000021, 31.26983462279312675, 20.06770833367473017 ) ) ;
#1250 = LINE ( 'NONE', #2973, #2662 ) ;
#1251 = CARTESIAN_POINT ( 'NONE',  ( 28.60467617944521024, -38.37362842824411757, 15.60061493737484462 ) ) ;
#1252 = CARTESIAN_POINT ( 'NONE',  ( 26.26468353125000021, 31.26983462279312675, 21.13020833367472662 ) ) ;
#1253 = EDGE_CURVE ( 'NONE', #1248, #3241, #2005, .T. ) ;
#1254 = VERTEX_POINT ( 'NONE', #1041 ) ;
#1255 = CARTESIAN_POINT ( 'NONE',  ( 21.16651599217409441, -39.42825028483590444, 16.19894402767535979 ) ) ;
#1256 = LINE ( 'NONE', #1305, #614 ) ;
#1257 = CARTESIAN_POINT ( 'NONE',  ( 25.63234176562500011, 33.09524806581030987, 20.75520833367473017 ) ) ;
#1258 = CARTESIAN_POINT ( 'NONE',  ( 28.25094887634529428, -39.56768575379589237, 11.99408656331733880 ) ) ;
#1259 = CARTESIAN_POINT ( 'NONE',  ( 18.02235413907836659, -34.89500583597597938, 11.31684913370359347 ) ) ;
#1260 = CARTESIAN_POINT ( 'NONE',  ( 21.61317441048678489, -36.97621219326148179, 11.63132019054699562 ) ) ;
#1261 = ORIENTED_EDGE ( 'NONE', *, *, #3383, .F. ) ;
#1262 = CARTESIAN_POINT ( 'NONE',  ( 24.99846684809018527, -38.31760882611746410, 15.90061493737889364 ) ) ;
#1263 = CARTESIAN_POINT ( 'NONE',  ( 45.90301456037795447, 0.000000000000000000, 11.00000000000000000 ) ) ;
#1264 = CARTESIAN_POINT ( 'NONE',  ( 25.86515302978597219, 32.96083441977659589, 19.67736778546587928 ) ) ;
#1265 = ADVANCED_FACE ( 'NONE', ( #3386 ), #1019, .F. ) ;
#1266 = FACE_OUTER_BOUND ( 'NONE', #4207, .T. ) ;
#1267 = DIRECTION ( 'NONE',  ( 0.000000000000000000, 1.000000000000000000, 0.000000000000000000 ) ) ;
#1268 = CARTESIAN_POINT ( 'NONE',  ( 29.10709734453424247, -37.00000000000000711, 12.81224542350219231 ) ) ;
#1269 = CARTESIAN_POINT ( 'NONE',  ( 24.99846684809938679, -30.39400882611746013, 24.10061493737889293 ) ) ;
#1270 = DIRECTION ( 'NONE',  ( 1.000000000000000000, 0.000000000000000000, 1.214306433183764966E-16 ) ) ;
#1271 = PRODUCT_DEFINITION_FORMATION_WITH_SPECIFIED_SOURCE ( 'ANY', '', #405, .NOT_KNOWN. ) ;
#1272 = ORIENTED_EDGE ( 'NONE', *, *, #4204, .T. ) ;
#1273 = ORIENTED_EDGE ( 'NONE', *, *, #930, .T. ) ;
#1274 = CARTESIAN_POINT ( 'NONE',  ( 26.26468353125000021, 32.00000000000000000, 20.60937500034139802 ) ) ;
#1275 = CARTESIAN_POINT ( 'NONE',  ( 13.74846684808984776, -38.61760882611746126, 15.60061493739150684 ) ) ;
#1276 = CARTESIAN_POINT ( 'NONE',  ( 26.39999999998707381, 31.99999398350528068, 20.03124969053678939 ) ) ;
#1277 = CARTESIAN_POINT ( 'NONE',  ( 23.60000000000000142, 32.00000000000000000, 20.99999999999999645 ) ) ;
#1278 = CARTESIAN_POINT ( 'NONE',  ( 30.60705326122979741, -37.00000000000000711, 12.82522207426865357 ) ) ;
#1279 = ORIENTED_EDGE ( 'NONE', *, *, #4302, .T. ) ;
#1280 = EDGE_CURVE ( 'NONE', #3113, #169, #374, .T. ) ;
#1281 = FACE_OUTER_BOUND ( 'NONE', #3374, .T. ) ;
#1282 = CARTESIAN_POINT ( 'NONE',  ( 21.62199097154362804, -36.99999999999999289, 15.43879756553519123 ) ) ;
#1283 = CARTESIAN_POINT ( 'NONE',  ( 26.39999999999819735, 31.99999775293562010, 20.53124988484999136 ) ) ;
#1284 = PLANE ( 'NONE',  #2228 ) ;
#1285 = CARTESIAN_POINT ( 'NONE',  ( 28.33578648703755931, -38.28635945305937582, 11.76237524846166593 ) ) ;
#1286 = ORIENTED_EDGE ( 'NONE', *, *, #3274, .T. ) ;
#1287 = CARTESIAN_POINT ( 'NONE',  ( 13.62200605436909484, -36.82787053415024303, 15.60061493739165428 ) ) ;
#1288 = CARTESIAN_POINT ( 'NONE',  ( 26.26468353125000021, 32.00000000000000000, 20.60937500034139802 ) ) ;
#1289 = DIRECTION ( 'NONE',  ( -1.121777405443293127E-12, 0.000000000000000000, -1.000000000000000000 ) ) ;
#1290 = AXIS2_PLACEMENT_3D ( 'NONE', #3726, #731, #1438 ) ;
#1291 = VECTOR ( 'NONE', #3862, 1000.000000000000000 ) ;
#1292 = CARTESIAN_POINT ( 'NONE',  ( 28.51762901692853802, -36.99999999999999289, 11.66959175225256296 ) ) ;
#1293 = CARTESIAN_POINT ( 'NONE',  ( 26.02316228924797059, 32.74334605943384702, 19.65975105446763749 ) ) ;
#1294 = ORIENTED_EDGE ( 'NONE', *, *, #792, .T. ) ;
#1295 = ORIENTED_EDGE ( 'NONE', *, *, #2081, .T. ) ;
#1296 = CARTESIAN_POINT ( 'NONE',  ( 26.26468353125000021, 32.00000000000000000, 20.10937500034139447 ) ) ;
#1297 = FACE_OUTER_BOUND ( 'NONE', #1385, .T. ) ;
#1298 = CARTESIAN_POINT ( 'NONE',  ( 23.73531646875000689, 31.26983462279312675, 19.90104166700806587 ) ) ;
#1299 = AXIS2_PLACEMENT_3D ( 'NONE', #3101, #43, #1371 ) ;
#1300 = CARTESIAN_POINT ( 'NONE',  ( 46.50000000000000000, 4.999999999999997335, 2.104480912413648319 ) ) ;
#1301 = CARTESIAN_POINT ( 'NONE',  ( 33.13984700660667926, -36.99999999999933920, 12.83984541317414951 ) ) ;
#1302 = ORIENTED_EDGE ( 'NONE', *, *, #732, .T. ) ;
#1303 = DIRECTION ( 'NONE',  ( -1.000000000000000000, 0.000000000000000000, 0.000000000000000000 ) ) ;
#1304 = ADVANCED_FACE ( 'NONE', ( #2400 ), #390, .F. ) ;
#1305 = CARTESIAN_POINT ( 'NONE',  ( 3.500000000000004441, 50.00000000000000000, 5.000000000000000000 ) ) ;
#1306 =( BOUNDED_SURFACE ( )  B_SPLINE_SURFACE ( 3, 2, ( 
 ( #440, #1103, #4145 ),
 ( #2435, #2845, #1466 ),
 ( #2824, #1080, #3135 ),
 ( #3443, #2173, #756 ) ),
 .UNSPECIFIED., .F., .F., .F. ) 
 B_SPLINE_SURFACE_WITH_KNOTS ( ( 4, 4 ),
 ( 3, 3 ),
 ( 0.0005414644364680017878, 0.001867549545076380765 ),
 ( 0.000000000000000000, 1.000000000000000000 ),
 .UNSPECIFIED. ) 
 GEOMETRIC_REPRESENTATION_ITEM ( )  RATIONAL_B_SPLINE_SURFACE ( (
 ( 1.000000000000000000, 0.7891438224115411293, 1.000000000000000000),
 ( 1.000000000000000000, 0.7816394205464427536, 1.000000000000000000),
 ( 1.000000000000000000, 0.7704657754344791387, 1.000000000000000000),
 ( 1.000000000000000000, 0.7551650684633445243, 1.000000000000000000) ) ) 
 REPRESENTATION_ITEM ( '' )  SURFACE ( )  );
#1307 = FACE_OUTER_BOUND ( 'NONE', #851, .T. ) ;
#1308 = CARTESIAN_POINT ( 'NONE',  ( 24.30000000000000071, 33.21243556529821461, 21.19791666734946389 ) ) ;
#1309 = CARTESIAN_POINT ( 'NONE',  ( 19.36121122194352395, -37.00000000000000000, 12.82041979144064570 ) ) ;
#1310 = EDGE_CURVE ( 'NONE', #1416, #2250, #289, .T. ) ;
#1311 = ORIENTED_EDGE ( 'NONE', *, *, #529, .T. ) ;
#1312 = EDGE_CURVE ( 'NONE', #268, #58, #3627, .T. ) ;
#1313 = CYLINDRICAL_SURFACE ( 'NONE', #522, 1.399999999999998579 ) ;
#1314 = DIRECTION ( 'NONE',  ( 0.000000000000000000, 0.000000000000000000, -1.000000000000000000 ) ) ;
#1315 = CIRCLE ( 'NONE', #2019, 2.000000000000000000 ) ;
#1316 = CARTESIAN_POINT ( 'NONE',  ( 18.74195623472902383, -36.99999999999999289, 14.13096255766961562 ) ) ;
#1317 = LINE ( 'NONE', #960, #3248 ) ;
#1318 = LINE ( 'NONE', #1358, #612 ) ;
#1319 = AXIS2_PLACEMENT_3D ( 'NONE', #1556, #2624, #3243 ) ;
#1320 = ORIENTED_EDGE ( 'NONE', *, *, #2631, .T. ) ;
#1321 = VERTEX_POINT ( 'NONE', #1820 ) ;
#1322 = CARTESIAN_POINT ( 'NONE',  ( 20.88983557640655420, -37.00000000000000000, 12.81224329357745972 ) ) ;
#1323 = PLANE ( 'NONE',  #2438 ) ;
#1324 = CARTESIAN_POINT ( 'NONE',  ( 25.00000000000000000, 33.46033075441374649, 21.73437500034139802 ) ) ;
#1325 = DIRECTION ( 'NONE',  ( 0.000000000000000000, -0.000000000000000000, 1.000000000000000000 ) ) ;
#1326 = B_SPLINE_CURVE_WITH_KNOTS ( 'NONE', 3,
 ( #4275, #1282, #291, #1631, #1474, #2423 ),
 .UNSPECIFIED., .F., .F.,
 ( 4, 2, 4 ),
 ( 4.054654052786198032E-16, 0.0001975615380134851504, 0.0003951230760265648633 ),
 .UNSPECIFIED. ) ;
#1327 = ORIENTED_EDGE ( 'NONE', *, *, #4244, .F. ) ;
#1328 = AXIS2_PLACEMENT_3D ( 'NONE', #1170, #1122, #4144 ) ;
#1329 = CARTESIAN_POINT ( 'NONE',  ( 45.90301456037813210, -37.00000000000000000, 5.000000000000000000 ) ) ;
#1330 = EDGE_CURVE ( 'NONE', #1514, #3858, #3412, .T. ) ;
#1331 = CARTESIAN_POINT ( 'NONE',  ( 22.61586642082657761, 30.61782258694134384, 22.98767890227882305 ) ) ;
#1332 = CARTESIAN_POINT ( 'NONE',  ( 29.30049790830937795, -39.58847207621271735, 12.28088174161995916 ) ) ;
#1333 = CARTESIAN_POINT ( 'NONE',  ( 16.83839460315365244, -37.00000000000268585, 12.88785882414497763 ) ) ;
#1334 = CARTESIAN_POINT ( 'NONE',  ( 24.90711219975409918, 30.60000000000000853, 19.81233490781575313 ) ) ;
#1335 = ORIENTED_EDGE ( 'NONE', *, *, #411, .T. ) ;
#1336 = LINE ( 'NONE', #233, #2236 ) ;
#1337 = DIRECTION ( 'NONE',  ( -0.000000000000000000, 0.000000000000000000, 1.000000000000000000 ) ) ;
#1338 = ADVANCED_FACE ( 'NONE', ( #3818 ), #1306, .T. ) ;
#1339 = EDGE_CURVE ( 'NONE', #2731, #323, #133, .T. ) ;
#1340 = DIRECTION ( 'NONE',  ( 1.121602180784976098E-12, 0.000000000000000000, 1.000000000000000000 ) ) ;
#1341 = CARTESIAN_POINT ( 'NONE',  ( 21.61381669305144726, -37.00000000000004974, 11.63307483675665210 ) ) ;
#1342 = ORIENTED_EDGE ( 'NONE', *, *, #2857, .F. ) ;
#1343 = ORIENTED_EDGE ( 'NONE', *, *, #2857, .T. ) ;
#1344 = CARTESIAN_POINT ( 'NONE',  ( 36.89297443434382018, -36.34495386022457808, 14.65701161798160790 ) ) ;
#1345 = CARTESIAN_POINT ( 'NONE',  ( 18.79472896494029754, -36.98659149122163825, 15.60061493738585625 ) ) ;
#1346 = CARTESIAN_POINT ( 'NONE',  ( 25.00000000000000000, 30.53966924558625706, 20.48437500034139447 ) ) ;
#1347 = CARTESIAN_POINT ( 'NONE',  ( 24.30000000000000071, 30.78756443470178894, 21.08333333333333215 ) ) ;
#1348 = CARTESIAN_POINT ( 'NONE',  ( 25.69999999999999929, 30.78756443470178894, 20.94791666734946389 ) ) ;
#1349 = ORIENTED_EDGE ( 'NONE', *, *, #3436, .F. ) ;
#1350 = ORIENTED_EDGE ( 'NONE', *, *, #3059, .T. ) ;
#1351 = CARTESIAN_POINT ( 'NONE',  ( 22.26773041799586395, 31.63899726054893691, 22.88264223690923771 ) ) ;
#1352 = CARTESIAN_POINT ( 'NONE',  ( 21.68951394132567145, -38.52389746325744824, 15.38180907672107978 ) ) ;
#1353 = CARTESIAN_POINT ( 'NONE',  ( 16.56444719548087008, -37.00000000000137135, 14.04356343990755640 ) ) ;
#1354 = ORIENTED_EDGE ( 'NONE', *, *, #1101, .T. ) ;
#1355 = DIRECTION ( 'NONE',  ( 0.000000000000000000, 1.000000000000000000, 0.000000000000000000 ) ) ;
#1356 = CARTESIAN_POINT ( 'NONE',  ( 13.74846684808984598, -36.82787053415017908, 15.60061493739150684 ) ) ;
#1357 = CARTESIAN_POINT ( 'NONE',  ( 23.93934143128173986, -34.97465948269571356, 8.700025126003927411 ) ) ;
#1358 = CARTESIAN_POINT ( 'NONE',  ( 0.000000000000000000, 50.00000000000000000, 11.00000000000000000 ) ) ;
#1359 = ORIENTED_EDGE ( 'NONE', *, *, #4032, .F. ) ;
#1360 = CARTESIAN_POINT ( 'NONE',  ( 21.14021557027032472, -37.00000000000000711, 11.90748919483422341 ) ) ;
#1361 = EDGE_CURVE ( 'NONE', #1114, #3775, #1060, .T. ) ;
#1362 = DIRECTION ( 'NONE',  ( 0.000000000000000000, 1.000000000000000000, 0.000000000000000000 ) ) ;
#1363 = CARTESIAN_POINT ( 'NONE',  ( 23.60000000000000142, 32.00000000000000000, 20.49999999999999645 ) ) ;
#1364 = CARTESIAN_POINT ( 'NONE',  ( 23.60000000000000497, 32.80829037686547167, 21.23958333401612819 ) ) ;
#1365 = ORIENTED_EDGE ( 'NONE', *, *, #814, .F. ) ;
#1366 = ORIENTED_EDGE ( 'NONE', *, *, #1758, .F. ) ;
#1367 = CARTESIAN_POINT ( 'NONE',  ( 8.500000000000015987, 50.00000000000000000, 2.104480912413648319 ) ) ;
#1368 = VECTOR ( 'NONE', #2256, 1000.000000000000000 ) ;
#1369 =( BOUNDED_SURFACE ( )  B_SPLINE_SURFACE ( 3, 2, ( 
 ( #2991, #4311, #651 ),
 ( #710, #1998, #2741 ),
 ( #1098, #3172, #4102 ),
 ( #417, #3129, #2120 ) ),
 .UNSPECIFIED., .F., .F., .F. ) 
 B_SPLINE_SURFACE_WITH_KNOTS ( ( 4, 4 ),
 ( 3, 3 ),
 ( 0.0005414644364840239107, 0.001867549545076487016 ),
 ( 0.000000000000000000, 1.000000000000000000 ),
 .UNSPECIFIED. ) 
 GEOMETRIC_REPRESENTATION_ITEM ( )  RATIONAL_B_SPLINE_SURFACE ( (
 ( 1.000000000000000000, 0.7891438224112622413, 1.000000000000000000),
 ( 1.000000000000000000, 0.7816394205461635325, 1.000000000000000000),
 ( 1.000000000000000000, 0.7704657754342922882, 1.000000000000000000),
 ( 1.000000000000000000, 0.7551650684633288702, 1.000000000000000000) ) ) 
 REPRESENTATION_ITEM ( '' )  SURFACE ( )  );
#1370 = EDGE_CURVE ( 'NONE', #2553, #1514, #1244, .T. ) ;
#1371 = DIRECTION ( 'NONE',  ( 2.546493562236514564E-11, 0.000000000000000000, -1.000000000000000000 ) ) ;
#1372 = CARTESIAN_POINT ( 'NONE',  ( 21.75139646686334771, -34.96507241679449862, 9.130810568838215957 ) ) ;
#1373 = ORIENTED_EDGE ( 'NONE', *, *, #601, .T. ) ;
#1374 = CARTESIAN_POINT ( 'NONE',  ( 26.39999999999833591, 32.00000215971725481, 21.03124986698243148 ) ) ;
#1375 = DIRECTION ( 'NONE',  ( 0.000000000000000000, 1.000000000000000000, 0.000000000000000000 ) ) ;
#1376 = CARTESIAN_POINT ( 'NONE',  ( 31.92425584426245067, -34.87121496566626888, 11.28564263537568024 ) ) ;
#1377 = DIRECTION ( 'NONE',  ( -0.000000000000000000, -1.000000000000000000, -0.000000000000000000 ) ) ;
#1378 = ORIENTED_EDGE ( 'NONE', *, *, #1708, .F. ) ;
#1379 = DIRECTION ( 'NONE',  ( -0.000000000000000000, -1.000000000000000000, -0.000000000000000000 ) ) ;
#1380 = VECTOR ( 'NONE', #3555, 1000.000000000000000 ) ;
#1381 = LINE ( 'NONE', #3018, #3142 ) ;
#1382 = PLANE ( 'NONE',  #2562 ) ;
#1383 = EDGE_CURVE ( 'NONE', #918, #1548, #3682, .T. ) ;
#1384 = CARTESIAN_POINT ( 'NONE',  ( 24.30000000000000071, 30.78756443470178894, 20.08333333333333215 ) ) ;
#1385 = EDGE_LOOP ( 'NONE', ( #3263, #623, #2796, #3774 ) ) ;
#1386 = VERTEX_POINT ( 'NONE', #3197 ) ;
#1387 = EDGE_CURVE ( 'NONE', #2867, #1416, #505, .T. ) ;
#1388 = VECTOR ( 'NONE', #2254, 1000.000000000000000 ) ;
#1389 =( LENGTH_UNIT ( ) NAMED_UNIT ( * ) SI_UNIT ( .MILLI., .METRE. ) );
#1390 = CARTESIAN_POINT ( 'NONE',  ( 23.60000000000000497, 31.19170962313452478, 20.54166666666666785 ) ) ;
#1391 = EDGE_CURVE ( 'NONE', #2353, #3677, #1504, .T. ) ;
#1392 = CIRCLE ( 'NONE', #1093, 5.400000000000002132 ) ;
#1393 = EDGE_CURVE ( 'NONE', #2458, #3448, #1767, .T. ) ;
#1394 = DIRECTION ( 'NONE',  ( -1.121777405443293329E-12, 0.000000000000000000, -1.000000000000000000 ) ) ;
#1395 = CARTESIAN_POINT ( 'NONE',  ( 19.94357867064061551, -34.94337334481532054, 9.852863620637709374 ) ) ;
#1396 = CARTESIAN_POINT ( 'NONE',  ( 25.69999999999999929, 33.21243556529821461, 20.33333333333333215 ) ) ;
#1397 = CARTESIAN_POINT ( 'NONE',  ( 18.68822312918021566, -34.91559883457640723, 10.69517748056846784 ) ) ;
#1398 = CARTESIAN_POINT ( 'NONE',  ( 23.60000000000000142, 31.19170962313452478, 19.82291666734946389 ) ) ;
#1399 = ORIENTED_EDGE ( 'NONE', *, *, #3766, .F. ) ;
#1400 = CARTESIAN_POINT ( 'NONE',  ( 20.88743523476224695, -36.99999999999998579, 12.39816299429221580 ) ) ;
#1401 = FACE_OUTER_BOUND ( 'NONE', #2702, .T. ) ;
#1402 = CARTESIAN_POINT ( 'NONE',  ( 23.73531646875000689, 32.73016537720688035, 21.88020833367473372 ) ) ;
#1403 = CARTESIAN_POINT ( 'NONE',  ( 35.94846684809938608, -38.61760882611746126, 24.10061493736661120 ) ) ;
#1404 = CARTESIAN_POINT ( 'NONE',  ( 25.00000000000000000, 30.38341924626904955, 20.90625000068279604 ) ) ;
#1405 = ORIENTED_EDGE ( 'NONE', *, *, #847, .T. ) ;
#1406 = ORIENTED_EDGE ( 'NONE', *, *, #601, .F. ) ;
#1407 = DIRECTION ( 'NONE',  ( 0.000000000000000000, 0.000000000000000000, -1.000000000000000000 ) ) ;
#1408 = DIRECTION ( 'NONE',  ( -0.000000000000000000, -0.000000000000000000, 1.000000000000000000 ) ) ;
#1409 = EDGE_CURVE ( 'NONE', #3677, #2992, #1915, .T. ) ;
#1410 = CARTESIAN_POINT ( 'NONE',  ( 26.05965178180684916, 32.76986062403355504, 19.63370938792548515 ) ) ;
#1411 = B_SPLINE_CURVE_WITH_KNOTS ( 'NONE', 3,
 ( #285, #3309, #306, #2690 ),
 .UNSPECIFIED., .F., .F.,
 ( 4, 4 ),
 ( 0.000000000000000000, 3.998716689558542731E-05 ),
 .UNSPECIFIED. ) ;
#1412 = CARTESIAN_POINT ( 'NONE',  ( 28.41262670583915195, -36.99999999999998579, 15.49641975948564365 ) ) ;
#1413 = CARTESIAN_POINT ( 'NONE',  ( 13.74846684809938147, -38.61760882611746126, 24.10061493739151572 ) ) ;
#1414 = CARTESIAN_POINT ( 'NONE',  ( 23.03665709552897312, -34.97319844634838404, 8.810741442629266729 ) ) ;
#1415 = DIRECTION ( 'NONE',  ( -0.000000000000000000, 1.000000000000000000, -0.000000000000000000 ) ) ;
#1416 = VERTEX_POINT ( 'NONE', #254 ) ;
#1417 = CARTESIAN_POINT ( 'NONE',  ( 26.26468353125000021, 31.26983462279312675, 21.56770833367473017 ) ) ;
#1418 = CARTESIAN_POINT ( 'NONE',  ( 21.07287228890826114, 0.000000000000000000, 18.11877092382565380 ) ) ;
#1419 = CARTESIAN_POINT ( 'NONE',  ( 26.26468353125000021, 32.73016537720688035, 21.21354166700806587 ) ) ;
#1420 = CARTESIAN_POINT ( 'NONE',  ( 23.60000000000000142, 32.18213368259365126, 19.62769683197786819 ) ) ;
#1421 = DIRECTION ( 'NONE',  ( -1.121777405443293127E-12, 0.000000000000000000, -1.000000000000000000 ) ) ;
#1422 = ORIENTED_EDGE ( 'NONE', *, *, #1644, .T. ) ;
#1423 = VERTEX_POINT ( 'NONE', #3958 ) ;
#1424 = CARTESIAN_POINT ( 'NONE',  ( 26.26468353125000021, 32.00000000000000000, 21.60937500034139802 ) ) ;
#1425 = CARTESIAN_POINT ( 'NONE',  ( 23.18189081305893495, 29.92896419340338809, 23.12562270203897796 ) ) ;
#1426 = CARTESIAN_POINT ( 'NONE',  ( 24.99846684809938679, -35.61760882611746126, 24.10061493737892846 ) ) ;
#1427 = LINE ( 'NONE', #80, #1790 ) ;
#1428 = AXIS2_PLACEMENT_3D ( 'NONE', #1269, #3985, #863 ) ;
#1429 = VECTOR ( 'NONE', #1139, 1000.000000000000114 ) ;
#1430 = AXIS2_PLACEMENT_3D ( 'NONE', #4237, #1243, #1340 ) ;
#1431 = CARTESIAN_POINT ( 'NONE',  ( 25.00000000000000000, 33.61658075373095045, 19.87500000000000355 ) ) ;
#1432 = CARTESIAN_POINT ( 'NONE',  ( 21.07239137216827984, -38.61704344637144715, 15.87798949302442253 ) ) ;
#1433 = EDGE_CURVE ( 'NONE', #789, #918, #2657, .T. ) ;
#1434 = CARTESIAN_POINT ( 'NONE',  ( 23.60000000000000142, 32.00000000000000000, 20.49999999999999645 ) ) ;
#1435 = CARTESIAN_POINT ( 'NONE',  ( 27.73193462655558861, 31.63732711074904103, 22.88274871786296316 ) ) ;
#1436 = CARTESIAN_POINT ( 'NONE',  ( 29.28768487966529932, -34.93275256086499780, 9.521912506735128900 ) ) ;
#1437 = ADVANCED_FACE ( 'NONE', ( #1951 ), #3219, .T. ) ;
#1438 = DIRECTION ( 'NONE',  ( -1.000000000000000000, 0.000000000000000000, 1.121573320328472587E-12 ) ) ;
#1439 = ADVANCED_FACE ( 'NONE', ( #213 ), #2241, .F. ) ;
#1440 = ORIENTED_EDGE ( 'NONE', *, *, #3955, .F. ) ;
#1441 = DIRECTION ( 'NONE',  ( 0.3420201433246154998, 0.000000000000000000, -0.9396926207862916769 ) ) ;
#1442 = DIRECTION ( 'NONE',  ( 0.000000000000000000, 0.000000000000000000, -1.000000000000000000 ) ) ;
#1443 = CARTESIAN_POINT ( 'NONE',  ( 25.63234176562500011, 30.90475193418969369, 20.08854166700806587 ) ) ;
#1444 = CARTESIAN_POINT ( 'NONE',  ( 25.69999999999999929, 33.21243556529821461, 20.11458333401612819 ) ) ;
#1445 = VERTEX_POINT ( 'NONE', #3933 ) ;
#1446 = ORIENTED_EDGE ( 'NONE', *, *, #1179, .F. ) ;
#1447 = CARTESIAN_POINT ( 'NONE',  ( 25.69999999999999929, 30.78756443470178894, 20.44791666734946389 ) ) ;
#1448 = CARTESIAN_POINT ( 'NONE',  ( 50.00000000000000000, 0.000000000000000000, 11.00000000000000000 ) ) ;
#1449 = VECTOR ( 'NONE', #1906, 1000.000000000000000 ) ;
#1450 = CARTESIAN_POINT ( 'NONE',  ( 30.86102847602770183, -37.00000000000000000, 15.69429046227078040 ) ) ;
#1451 = AXIS2_PLACEMENT_3D ( 'NONE', #1095, #3212, #3524 ) ;
#1452 = CARTESIAN_POINT ( 'NONE',  ( 25.00000000000000000, 30.38341924626904955, 20.62500000000000000 ) ) ;
#1453 = TOROIDAL_SURFACE ( 'NONE', #3891, 13.00000000000000000, 2.000000000000000000 ) ;
#1454 = VERTEX_POINT ( 'NONE', #1550 ) ;
#1455 = AXIS2_PLACEMENT_3D ( 'NONE', #3494, #1777, #2478 ) ;
#1456 = ADVANCED_FACE ( 'NONE', ( #937 ), #3600, .F. ) ;
#1457 = CARTESIAN_POINT ( 'NONE',  ( 21.66085100529293328, -38.71030237038931432, 15.54732339582072065 ) ) ;
#1458 = AXIS2_PLACEMENT_3D ( 'NONE', #554, #1267, #959 ) ;
#1459 = PLANE ( 'NONE',  #1068 ) ;
#1460 = VECTOR ( 'NONE', #934, 1000.000000000000000 ) ;
#1461 = CARTESIAN_POINT ( 'NONE',  ( 35.94846684809937187, -38.61760882611746126, 24.08284905441237811 ) ) ;
#1462 = FACE_OUTER_BOUND ( 'NONE', #1144, .T. ) ;
#1463 = EDGE_CURVE ( 'NONE', #2133, #3658, #2964, .T. ) ;
#1464 = ORIENTED_EDGE ( 'NONE', *, *, #1791, .T. ) ;
#1465 = FACE_OUTER_BOUND ( 'NONE', #181, .T. ) ;
#1466 = CARTESIAN_POINT ( 'NONE',  ( 28.63960513827316845, -37.43401781351390412, 15.60061493737480731 ) ) ;
#1467 = ADVANCED_FACE ( 'NONE', ( #2329 ), #1746, .F. ) ;
#1468 = CARTESIAN_POINT ( 'NONE',  ( 26.02316494281144088, 32.74334240698122045, 19.65975075861638288 ) ) ;
#1469 = ORIENTED_EDGE ( 'NONE', *, *, #3430, .T. ) ;
#1470 = ORIENTED_EDGE ( 'NONE', *, *, #2542, .T. ) ;
#1471 = CARTESIAN_POINT ( 'NONE',  ( 25.00000000000000000, 33.61658075373095755, 20.65625000068279249 ) ) ;
#1472 = CARTESIAN_POINT ( 'NONE',  ( 21.09967385503599857, -40.50000000000000000, 13.30887159756793459 ) ) ;
#1473 = CYLINDRICAL_SURFACE ( 'NONE', #2707, 1.399999999999998579 ) ;
#1474 = CARTESIAN_POINT ( 'NONE',  ( 21.41418739547080108, -37.00000000000000711, 15.60061493738291638 ) ) ;
#1475 = CARTESIAN_POINT ( 'NONE',  ( 21.94011854487412450, -37.00000000000000000, 11.16951753692318050 ) ) ;
#1476 = ORIENTED_EDGE ( 'NONE', *, *, #454, .T. ) ;
#1477 = CARTESIAN_POINT ( 'NONE',  ( 25.00000000000000000, 40.00000000000000000, 14.41233490781574922 ) ) ;
#1478 = LINE ( 'NONE', #1117, #721 ) ;
#1479 = CARTESIAN_POINT ( 'NONE',  ( 30.39327961121063026, 0.000000000000000000, 14.14297492225033537 ) ) ;
#1480 = ORIENTED_EDGE ( 'NONE', *, *, #1227, .T. ) ;
#1481 = CARTESIAN_POINT ( 'NONE',  ( 13.89169877182046342, -38.58508888117966507, 24.09216668004350126 ) ) ;
#1482 = CARTESIAN_POINT ( 'NONE',  ( 24.99846684809938679, -38.88907856675146490, 24.10061493737889293 ) ) ;
#1483 = CARTESIAN_POINT ( 'NONE',  ( 36.71547090197574192, -37.00000000000000000, 14.14297501373331833 ) ) ;
#1484 = CARTESIAN_POINT ( 'NONE',  ( 23.60000000000000142, 32.00000000000000000, 19.78125000068279604 ) ) ;
#1485 = EDGE_CURVE ( 'NONE', #734, #2194, #558, .T. ) ;
#1486 = ORIENTED_EDGE ( 'NONE', *, *, #545, .T. ) ;
#1487 = VERTEX_POINT ( 'NONE', #919 ) ;
#1488 = CARTESIAN_POINT ( 'NONE',  ( 26.39999999999999858, 32.00000000000000000, 21.53125000068279604 ) ) ;
#1489 = CARTESIAN_POINT ( 'NONE',  ( 0.000000000000000000, 0.000000000000000000, 11.00000000000000000 ) ) ;
#1490 = B_SPLINE_CURVE_WITH_KNOTS ( 'NONE', 3,
 ( #624, #4019, #1034, #671, #648, #1992, #67, #3666, #2018, #2681, #2718, #29, #11, #958, #48, #3957, #3706, #3045 ),
 .UNSPECIFIED., .F., .F.,
 ( 4, 2, 2, 2, 2, 2, 2, 2, 4 ),
 ( 0.004326636636981268103, 0.004867163616362515585, 0.005407690595743763935, 0.005948217575125012285, 0.006488744554506259768, 0.007029271533887507251, 0.007569798513268755601, 0.008110325492650003951, 0.008650852472031251433 ),
 .UNSPECIFIED. ) ;
#1491 = CARTESIAN_POINT ( 'NONE',  ( 21.97029629249650995, -39.34634391818371313, 15.78078471361550150 ) ) ;
#1492 = CARTESIAN_POINT ( 'NONE',  ( 22.67423431398210099, -34.97076393548434226, 8.904839139996775899 ) ) ;
#1493 = ORIENTED_EDGE ( 'NONE', *, *, #228, .F. ) ;
#1494 = CARTESIAN_POINT ( 'NONE',  ( 28.31199143876531821, -38.30665341412540670, 15.34277950575151372 ) ) ;
#1495 = EDGE_CURVE ( 'NONE', #783, #609, #2511, .T. ) ;
#1496 = CARTESIAN_POINT ( 'NONE',  ( 27.18517620302155180, 33.67919268528366672, 23.04052543385819618 ) ) ;
#1497 = CARTESIAN_POINT ( 'NONE',  ( 17.31809824902349959, -36.38030291498194657, 14.95220381142729771 ) ) ;
#1498 = CIRCLE ( 'NONE', #3729, 11.32812500000000178 ) ;
#1499 = CARTESIAN_POINT ( 'NONE',  ( 13.07180558227852707, -36.95128986527448234, 15.90494284158546634 ) ) ;
#1500 = LINE ( 'NONE', #2840, #4215 ) ;
#1501 = CARTESIAN_POINT ( 'NONE',  ( 20.81684430641474393, -40.84429291475011325, 12.61170142745811162 ) ) ;
#1502 = ORIENTED_EDGE ( 'NONE', *, *, #1839, .T. ) ;
#1503 = CARTESIAN_POINT ( 'NONE',  ( 45.90301456037813210, -40.50000000000000000, 38.00000000000000000 ) ) ;
#1504 = LINE ( 'NONE', #4167, #1167 ) ;
#1505 = CARTESIAN_POINT ( 'NONE',  ( 41.49999999999998579, 50.00000000000000000, 2.104480912413648319 ) ) ;
#1506 = CARTESIAN_POINT ( 'NONE',  ( 24.99846684809938679, -40.50000000000000000, 24.10061493737889293 ) ) ;
#1507 = ORIENTED_EDGE ( 'NONE', *, *, #1463, .F. ) ;
#1508 = VERTEX_POINT ( 'NONE', #2268 ) ;
#1509 = CARTESIAN_POINT ( 'NONE',  ( 26.39999999999999858, 32.00000000000000000, 20.53125000068279604 ) ) ;
#1510 = DIRECTION ( 'NONE',  ( 1.000000000000000000, 0.000000000000000000, -0.000000000000000000 ) ) ;
#1511 = FACE_OUTER_BOUND ( 'NONE', #1553, .T. ) ;
#1512 = CARTESIAN_POINT ( 'NONE',  ( 26.26468353125000021, 32.00000000000000000, 20.17187500034139447 ) ) ;
#1513 = CARTESIAN_POINT ( 'NONE',  ( 19.76631201219389311, -37.00000000000000000, 12.40155195079278627 ) ) ;
#1514 = VERTEX_POINT ( 'NONE', #3583 ) ;
#1515 = EDGE_CURVE ( 'NONE', #3559, #1454, #584, .T. ) ;
#1516 = LINE ( 'NONE', #904, #561 ) ;
#1517 = EDGE_CURVE ( 'NONE', #2327, #1248, #3278, .T. ) ;
#1518 = CYLINDRICAL_SURFACE ( 'NONE', #1451, 8.900000000000002132 ) ;
#1519 = CARTESIAN_POINT ( 'NONE',  ( 26.26468353125000021, 32.00000000000000000, 21.17187500034139802 ) ) ;
#1520 = AXIS2_PLACEMENT_3D ( 'NONE', #2502, #3867, #877 ) ;
#1521 = CARTESIAN_POINT ( 'NONE',  ( 12.87631787894285473, -37.00000000000000000, 16.41233490781574744 ) ) ;
#1522 = DIRECTION ( 'NONE',  ( -1.000000000000000000, 0.000000000000000000, -0.000000000000000000 ) ) ;
#1523 = CARTESIAN_POINT ( 'NONE',  ( 23.60000000000000142, 31.90769175322752460, 19.62769683197786463 ) ) ;
#1524 = ORIENTED_EDGE ( 'NONE', *, *, #1677, .T. ) ;
#1525 = CYLINDRICAL_SURFACE ( 'NONE', #1067, 0.2999999999999999334 ) ;
#1526 = VERTEX_POINT ( 'NONE', #2293 ) ;
#1527 = CARTESIAN_POINT ( 'NONE',  ( 22.25000000000000355, 32.00000000000000000, 22.87681953477326147 ) ) ;
#1528 = CARTESIAN_POINT ( 'NONE',  ( 26.22310750355332232, 31.29484599134144673, 19.67248613181214978 ) ) ;
#1529 = CARTESIAN_POINT ( 'NONE',  ( 23.99964204288315273, 32.97943042511095513, 19.71886710480023908 ) ) ;
#1530 = CARTESIAN_POINT ( 'NONE',  ( 21.71542450465092600, -40.50000000000097344, 15.08053023167244078 ) ) ;
#1531 =( BOUNDED_CURVE ( )  B_SPLINE_CURVE ( 2, ( #2473, #3793, #1195, #4168, #801, #3841, #2543, #2146, #2192 ),
 .UNSPECIFIED., .F., .F. ) 
 B_SPLINE_CURVE_WITH_KNOTS ( ( 3, 2, 2, 2, 3 ),
 ( 0.5681344106495390678, 0.6060099731812628177, 0.6438855965050888086, 0.6817612198289149106, 0.6817616104995708470 ),
 .UNSPECIFIED. ) 
 CURVE ( )  GEOMETRIC_REPRESENTATION_ITEM ( )  RATIONAL_B_SPLINE_CURVE ( ( 1.000000000000000000, 0.8660254037844387076, 1.000000000000000000, 0.8660254037844387076, 1.000000000000000000, 0.8660254037844387076, 1.000000000000000000, 0.9999986181100456450, 0.9999972362485984867 ) ) 
 REPRESENTATION_ITEM ( '' )  );
#1532 = ORIENTED_EDGE ( 'NONE', *, *, #1759, .F. ) ;
#1533 = VERTEX_POINT ( 'NONE', #3606 ) ;
#1534 = CARTESIAN_POINT ( 'NONE',  ( 26.26468353125000021, 31.26983462279312675, 21.06770833367473017 ) ) ;
#1535 = CARTESIAN_POINT ( 'NONE',  ( 4.096985439596815937, -37.00000000000000000, 15.60061493740233907 ) ) ;
#1536 = CARTESIAN_POINT ( 'NONE',  ( 25.00000000000000000, 33.61658075373095045, 20.15625000068279604 ) ) ;
#1537 = CARTESIAN_POINT ( 'NONE',  ( 26.39999999999999858, 32.00000000000000000, 21.75000000000000000 ) ) ;
#1538 = CARTESIAN_POINT ( 'NONE',  ( 31.25609825529394925, -36.99999999999997868, 14.21885756768794629 ) ) ;
#1539 = ORIENTED_EDGE ( 'NONE', *, *, #1393, .T. ) ;
#1540 = CARTESIAN_POINT ( 'NONE',  ( 23.73531646875000334, 32.00000000000000000, 21.92187500034139802 ) ) ;
#1541 = EDGE_CURVE ( 'NONE', #2327, #2834, #4140, .T. ) ;
#1542 = EDGE_CURVE ( 'NONE', #2566, #1254, #3017, .T. ) ;
#1543 = CARTESIAN_POINT ( 'NONE',  ( 3.500000000000004441, 50.00000000000000000, 4.799999999999993605 ) ) ;
#1544 = CARTESIAN_POINT ( 'NONE',  ( 23.73531646875000689, 31.26983462279312675, 20.96354166700806587 ) ) ;
#1545 = CARTESIAN_POINT ( 'NONE',  ( 23.59999999999999076, 31.19170962313453543, 20.04166666666666430 ) ) ;
#1546 = CARTESIAN_POINT ( 'NONE',  ( 28.30758183230639347, -38.52515709360505980, 15.38280191185606505 ) ) ;
#1547 = CARTESIAN_POINT ( 'NONE',  ( 20.58122611936023105, -37.63512563410643708, 11.96434577890574147 ) ) ;
#1548 = VERTEX_POINT ( 'NONE', #2703 ) ;
#1549 = CARTESIAN_POINT ( 'NONE',  ( 25.00000000000000000, 33.46033075441374649, 20.73437500034139802 ) ) ;
#1550 = CARTESIAN_POINT ( 'NONE',  ( 41.49999999999998579, 5.000000000000000000, 0.000000000000000000 ) ) ;
#1551 = CARTESIAN_POINT ( 'NONE',  ( 28.88581906664507670, -40.50000000000000000, 13.02678342278959001 ) ) ;
#1552 = CARTESIAN_POINT ( 'NONE',  ( 50.00000000000000000, 5.000000000000000000, 4.799999999999999822 ) ) ;
#1553 = EDGE_LOOP ( 'NONE', ( #1961, #3449, #3912, #2789, #2847, #2711, #1532 ) ) ;
#1554 = ORIENTED_EDGE ( 'NONE', *, *, #2957, .T. ) ;
#1555 = CARTESIAN_POINT ( 'NONE',  ( 26.02316228924797059, 32.74334605943384702, 19.65975105446763749 ) ) ;
#1556 = CARTESIAN_POINT ( 'NONE',  ( 24.99846684809789465, -38.61760882611746126, 22.77248993737889293 ) ) ;
#1557 = CARTESIAN_POINT ( 'NONE',  ( 23.60000000000000142, 32.00000000000000000, 17.00000000000000000 ) ) ;
#1558 = CARTESIAN_POINT ( 'NONE',  ( 25.00000000000000000, 30.53966924558625706, 20.54687500034139447 ) ) ;
#1559 = ORIENTED_EDGE ( 'NONE', *, *, #737, .T. ) ;
#1560 = DIRECTION ( 'NONE',  ( -1.121777405443293329E-12, 0.000000000000000000, -1.000000000000000000 ) ) ;
#1561 = LINE ( 'NONE', #3298, #2853 ) ;
#1562 = CARTESIAN_POINT ( 'NONE',  ( 23.73531646875000334, 32.00000000000000000, 21.42187500034139802 ) ) ;
#1563 = EDGE_CURVE ( 'NONE', #3797, #4312, #34, .T. ) ;
#1564 = CARTESIAN_POINT ( 'NONE',  ( 28.93590332680238220, -39.36139409335067540, 13.28259712156778249 ) ) ;
#1565 = FACE_OUTER_BOUND ( 'NONE', #2127, .T. ) ;
#1566 = CARTESIAN_POINT ( 'NONE',  ( 28.06394215471545550, -38.14986755556361686, 15.67829075251653137 ) ) ;
#1567 = EDGE_LOOP ( 'NONE', ( #1970, #3348, #3755, #2266 ) ) ;
#1568 = DIRECTION ( 'NONE',  ( 3.006854025026466051E-14, 0.000000000000000000, -1.000000000000000000 ) ) ;
#1569 = CARTESIAN_POINT ( 'NONE',  ( 23.73531646875000689, 32.73016537720687325, 20.81770833367473017 ) ) ;
#1570 = CARTESIAN_POINT ( 'NONE',  ( 19.96249664883801955, -37.00000000000000000, 12.23480504907559130 ) ) ;
#1571 = DIRECTION ( 'NONE',  ( 0.000000000000000000, -0.000000000000000000, -1.000000000000000000 ) ) ;
#1572 = EDGE_CURVE ( 'NONE', #1114, #316, #915, .T. ) ;
#1573 = CARTESIAN_POINT ( 'NONE',  ( 21.13414935831968222, -38.62498994338520930, 16.12936270595067967 ) ) ;
#1574 = ORIENTED_EDGE ( 'NONE', *, *, #355, .F. ) ;
#1575 = ORIENTED_EDGE ( 'NONE', *, *, #284, .F. ) ;
#1576 = CARTESIAN_POINT ( 'NONE',  ( 25.00000000000000000, 50.00000000000000000, 14.41233490781574922 ) ) ;
#1577 = FACE_OUTER_BOUND ( 'NONE', #1858, .T. ) ;
#1578 = CARTESIAN_POINT ( 'NONE',  ( 28.92449875727099595, -38.61704311176969640, 15.87797890848873017 ) ) ;
#1579 = CARTESIAN_POINT ( 'NONE',  ( 25.63234176562500011, 33.09524806581030987, 20.25520833367473017 ) ) ;
#1580 = CARTESIAN_POINT ( 'NONE',  ( 30.84275421105956738, -37.00000000000000711, 13.13726790989702131 ) ) ;
#1581 = B_SPLINE_CURVE_WITH_KNOTS ( 'NONE', 3,
 ( #519, #1255, #1583, #2531 ),
 .UNSPECIFIED., .F., .F.,
 ( 4, 4 ),
 ( 0.002456867485235591023, 0.004084146045205825498 ),
 .UNSPECIFIED. ) ;
#1582 = EDGE_LOOP ( 'NONE', ( #3995, #244, #1039, #1609, #1198 ) ) ;
#1583 = CARTESIAN_POINT ( 'NONE',  ( 21.18902496579800498, -39.96531567901929805, 16.25933531297066281 ) ) ;
#1584 = CIRCLE ( 'NONE', #672, 8.900000000000002132 ) ;
#1585 = ADVANCED_FACE ( 'NONE', ( #712 ), #4024, .T. ) ;
#1586 = CARTESIAN_POINT ( 'NONE',  ( 0.000000000000000000, 50.00000000000000000, 9.000000000000000000 ) ) ;
#1587 = CARTESIAN_POINT ( 'NONE',  ( 26.26468353125000021, 31.26983462279312675, 20.13020833367473017 ) ) ;
#1588 = CARTESIAN_POINT ( 'NONE',  ( 29.38514697113151541, -38.30034127711904546, 12.04831035293401875 ) ) ;
#1589 = PLANE ( 'NONE',  #2903 ) ;
#1590 = CARTESIAN_POINT ( 'NONE',  ( 23.77717295526270291, 31.29424674941098772, 19.67255407908310261 ) ) ;
#1591 = ORIENTED_EDGE ( 'NONE', *, *, #1787, .T. ) ;
#1592 = AXIS2_PLACEMENT_3D ( 'NONE', #961, #3986, #2332 ) ;
#1593 = CARTESIAN_POINT ( 'NONE',  ( 48.00000000000000000, 0.000000000000000000, 11.00000000000000000 ) ) ;
#1594 = VECTOR ( 'NONE', #4200, 1000.000000000000000 ) ;
#1595 = CARTESIAN_POINT ( 'NONE',  ( 35.90301456037743577, -37.00000000000000000, 38.00000000000000000 ) ) ;
#1596 = CARTESIAN_POINT ( 'NONE',  ( 28.34835209947966561, -38.40665601091267689, 15.60899388209062799 ) ) ;
#1597 = AXIS2_PLACEMENT_3D ( 'NONE', #4315, #1225, #538 ) ;
#1598 = CARTESIAN_POINT ( 'NONE',  ( 25.10998315540707182, 33.39999999999999858, 19.81233490781575313 ) ) ;
#1599 = FACE_OUTER_BOUND ( 'NONE', #2393, .T. ) ;
#1600 = EDGE_CURVE ( 'NONE', #2292, #3490, #4175, .T. ) ;
#1601 = AXIS2_PLACEMENT_3D ( 'NONE', #678, #1379, #3385 ) ;
#1602 = DIRECTION ( 'NONE',  ( -0.000000000000000000, 1.000000000000000000, -0.000000000000000000 ) ) ;
#1603 = ORIENTED_EDGE ( 'NONE', *, *, #3251, .T. ) ;
#1604 = ORIENTED_EDGE ( 'NONE', *, *, #924, .T. ) ;
#1605 = DIRECTION ( 'NONE',  ( 0.000000000000000000, -1.000000000000000000, 0.000000000000000000 ) ) ;
#1606 = DIRECTION ( 'NONE',  ( 0.000000000000000000, 1.000000000000000000, 0.000000000000000000 ) ) ;
#1607 = CARTESIAN_POINT ( 'NONE',  ( 26.26468353125000021, 32.73016537720688035, 20.15104166700806232 ) ) ;
#1608 = CARTESIAN_POINT ( 'NONE',  ( 23.60000000000000142, 32.00000000000000000, 22.00000000000000000 ) ) ;
#1609 = ORIENTED_EDGE ( 'NONE', *, *, #4, .F. ) ;
#1610 = EDGE_LOOP ( 'NONE', ( #1710, #1078, #142, #2362, #14, #3179, #1651 ) ) ;
#1611 = CARTESIAN_POINT ( 'NONE',  ( 23.60000000000000142, 31.19170962313452478, 21.32291666734946034 ) ) ;
#1612 = CARTESIAN_POINT ( 'NONE',  ( 31.33402413498267336, -36.97614595811388938, 15.60061493737178573 ) ) ;
#1613 = CARTESIAN_POINT ( 'NONE',  ( 24.30000000000000071, 30.78756443470178894, 21.58333333333333215 ) ) ;
#1614 = CARTESIAN_POINT ( 'NONE',  ( 0.000000000000000000, 0.000000000000000000, 0.000000000000000000 ) ) ;
#1615 = CARTESIAN_POINT ( 'NONE',  ( 16.58917229568293195, -37.00000000000034106, 13.84073317043979756 ) ) ;
#1616 = CARTESIAN_POINT ( 'NONE',  ( 21.60839352823863280, -37.00000000000001421, 14.78646504079851987 ) ) ;
#1617 = CARTESIAN_POINT ( 'NONE',  ( 28.39797895607254219, -38.55255646662399727, 15.70027366265344071 ) ) ;
#1618 = CARTESIAN_POINT ( 'NONE',  ( 25.82663741306501493, 33.13516607969555849, 19.74935336614393933 ) ) ;
#1619 = CARTESIAN_POINT ( 'NONE',  ( 21.01827944932557202, -38.91730924850551077, 15.88165700005905379 ) ) ;
#1620 = LINE ( 'NONE', #1552, #1291 ) ;
#1621 = ORIENTED_EDGE ( 'NONE', *, *, #454, .F. ) ;
#1622 = ORIENTED_EDGE ( 'NONE', *, *, #2978, .T. ) ;
#1623 = CARTESIAN_POINT ( 'NONE',  ( 26.26468353125000021, 32.00000000000000000, 21.10937500034139802 ) ) ;
#1624 = DIRECTION ( 'NONE',  ( 0.000000000000000000, -0.000000000000000000, 1.000000000000000000 ) ) ;
#1625 = CARTESIAN_POINT ( 'NONE',  ( 23.73531646875000334, 32.00000000000000000, 20.85937500034139802 ) ) ;
#1626 = VECTOR ( 'NONE', #2299, 1000.000000000000000 ) ;
#1627 = CYLINDRICAL_SURFACE ( 'NONE', #2003, 2.749999999999999112 ) ;
#1628 = B_SPLINE_CURVE_WITH_KNOTS ( 'NONE', 3,
 ( #2021, #1292, #2618, #4261, #3626, #2914, #626, #1974, #1268, #3936 ),
 .UNSPECIFIED., .F., .F.,
 ( 4, 2, 2, 2, 4 ),
 ( 3.878959614448864246E-18, 0.0004122022987699515092, 0.0008244045975398991153, 0.001236606896309846776, 0.001648809195079794327 ),
 .UNSPECIFIED. ) ;
#1629 = VERTEX_POINT ( 'NONE', #2044 ) ;
#1630 = PLANE ( 'NONE',  #1051 ) ;
#1631 = CARTESIAN_POINT ( 'NONE',  ( 21.47927954580829635, -36.99999999999998579, 15.57820303030905151 ) ) ;
#1632 = EDGE_CURVE ( 'NONE', #1862, #2341, #3350, .T. ) ;
#1633 = CARTESIAN_POINT ( 'NONE',  ( 50.00000000000000000, 50.00000000000000000, 11.00000000000000000 ) ) ;
#1634 = LINE ( 'NONE', #2344, #4247 ) ;
#1635 = CARTESIAN_POINT ( 'NONE',  ( 3.500000000000004441, 0.000000000000000000, 5.000000000000000000 ) ) ;
#1636 = AXIS2_PLACEMENT_3D ( 'NONE', #1734, #3096, #764 ) ;
#1637 = ORIENTED_EDGE ( 'NONE', *, *, #2656, .T. ) ;
#1638 = CARTESIAN_POINT ( 'NONE',  ( 28.73479120051258562, -38.88794438244084262, 16.09528872676524358 ) ) ;
#1639 = CARTESIAN_POINT ( 'NONE',  ( 18.89561620799495856, -37.00000000000000711, 13.57259074235585139 ) ) ;
#1640 =( GEOMETRIC_REPRESENTATION_CONTEXT ( 3 ) GLOBAL_UNCERTAINTY_ASSIGNED_CONTEXT ( ( #2860 ) ) GLOBAL_UNIT_ASSIGNED_CONTEXT ( ( #2821, #3105, #4083 ) ) REPRESENTATION_CONTEXT ( 'NONE', 'WORKASPACE' ) );
#1641 = CARTESIAN_POINT ( 'NONE',  ( 28.99161347505715014, -38.61755856690910349, 15.89428440942668530 ) ) ;
#1642 = DIRECTION ( 'NONE',  ( 1.000000000000000000, -0.000000000000000000, -0.000000000000000000 ) ) ;
#1643 = ORIENTED_EDGE ( 'NONE', *, *, #2309, .T. ) ;
#1644 = EDGE_CURVE ( 'NONE', #237, #2758, #2202, .T. ) ;
#1645 = ORIENTED_EDGE ( 'NONE', *, *, #128, .F. ) ;
#1646 = CARTESIAN_POINT ( 'NONE',  ( 46.50000000000000000, 50.00000000000000000, 5.000000000000000000 ) ) ;
#1647 = PLANE ( 'NONE',  #1597 ) ;
#1648 = CARTESIAN_POINT ( 'NONE',  ( 28.38854016793954926, -36.99999999997503863, 14.78646504078998625 ) ) ;
#1649 = CARTESIAN_POINT ( 'NONE',  ( 23.60000000000000497, 31.19170962313452478, 20.04166666666666430 ) ) ;
#1650 = CARTESIAN_POINT ( 'NONE',  ( 25.00000000000000000, 33.61658075373095755, 21.15625000068279959 ) ) ;
#1651 = ORIENTED_EDGE ( 'NONE', *, *, #3680, .F. ) ;
#1652 = VERTEX_POINT ( 'NONE', #4047 ) ;
#1653 = CARTESIAN_POINT ( 'NONE',  ( 28.64954801115700889, -36.99999999998407674, 15.60061493737479488 ) ) ;
#1654 = EDGE_CURVE ( 'NONE', #2078, #3581, #73, .T. ) ;
#1655 = CARTESIAN_POINT ( 'NONE',  ( 24.11121124738833643, 29.39127060632849364, 23.26945146889424265 ) ) ;
#1656 = EDGE_CURVE ( 'NONE', #2867, #591, #1392, .T. ) ;
#1657 = DIRECTION ( 'NONE',  ( 0.000000000000000000, -1.000000000000000000, 0.000000000000000000 ) ) ;
#1658 = CARTESIAN_POINT ( 'NONE',  ( 16.54760668519981692, -36.99999999999864997, 14.45735036044277777 ) ) ;
#1659 = ORIENTED_EDGE ( 'NONE', *, *, #3029, .F. ) ;
#1660 = CARTESIAN_POINT ( 'NONE',  ( 23.60000000000000142, 32.00000000000000000, 21.50000000000000000 ) ) ;
#1661 = DIRECTION ( 'NONE',  ( 1.000000000000000000, 0.000000000000000000, -0.000000000000000000 ) ) ;
#1662 = CARTESIAN_POINT ( 'NONE',  ( 21.77737258976872425, -39.93401462580943928, 12.07980604016378834 ) ) ;
#1663 = CIRCLE ( 'NONE', #2088, 5.400000000000002132 ) ;
#1664 = EDGE_LOOP ( 'NONE', ( #4273, #1847, #2452, #1156 ) ) ;
#1665 = ORIENTED_EDGE ( 'NONE', *, *, #1391, .T. ) ;
#1666 = CARTESIAN_POINT ( 'NONE',  ( 36.72017990990998726, -35.26997447297282662, 14.15675037128157854 ) ) ;
#1667 = DIRECTION ( 'NONE',  ( 1.000000000000000000, 0.000000000000000000, 0.000000000000000000 ) ) ;
#1668 = CARTESIAN_POINT ( 'NONE',  ( 25.63234176562500011, 30.90475193418969369, 20.52604166700806587 ) ) ;
#1669 = CIRCLE ( 'NONE', #617, 17.56568218562517103 ) ;
#1670 = DIRECTION ( 'NONE',  ( -0.000000000000000000, -0.000000000000000000, 1.000000000000000000 ) ) ;
#1671 = CARTESIAN_POINT ( 'NONE',  ( 25.00000000000000000, 30.38341924626904955, 20.12499999999999289 ) ) ;
#1672 = VERTEX_POINT ( 'NONE', #2994 ) ;
#1673 = VERTEX_POINT ( 'NONE', #3728 ) ;
#1674 = CARTESIAN_POINT ( 'NONE',  ( 28.22174779102531517, -40.49999999999999289, 15.56580626669060230 ) ) ;
#1675 = CARTESIAN_POINT ( 'NONE',  ( 21.63989237556812739, -38.75371518039878538, 15.61317177443864779 ) ) ;
#1676 = CARTESIAN_POINT ( 'NONE',  ( 16.73488325570657054, -37.00000000000000711, 15.65065131986099267 ) ) ;
#1677 = EDGE_CURVE ( 'NONE', #4199, #542, #735, .T. ) ;
#1678 = EDGE_LOOP ( 'NONE', ( #1205, #806, #4064, #438 ) ) ;
#1679 = CARTESIAN_POINT ( 'NONE',  ( 33.06046680747107303, -35.89014616248502421, 14.34753061841328403 ) ) ;
#1680 = FACE_BOUND ( 'NONE', #2398, .T. ) ;
#1681 = DIRECTION ( 'NONE',  ( -1.121554956186847543E-12, 0.000000000000000000, -1.000000000000000000 ) ) ;
#1682 = DIRECTION ( 'NONE',  ( 1.121588059205336351E-12, 0.000000000000000000, 1.000000000000000000 ) ) ;
#1683 = ORIENTED_EDGE ( 'NONE', *, *, #4095, .T. ) ;
#1684 = DIRECTION ( 'NONE',  ( -0.000000000000000000, -1.000000000000000000, -0.000000000000000000 ) ) ;
#1685 = CARTESIAN_POINT ( 'NONE',  ( 28.48574432092807029, 0.000000000000000000, 25.97302634600912796 ) ) ;
#1686 = CARTESIAN_POINT ( 'NONE',  ( 28.33693364625288069, -39.34253987186292534, 14.92825279382120129 ) ) ;
#1687 = AXIS2_PLACEMENT_3D ( 'NONE', #60, #2979, #2389 ) ;
#1688 = CARTESIAN_POINT ( 'NONE',  ( 25.00000000000000000, 33.61658075373095755, 20.37499999999999645 ) ) ;
#1689 = CARTESIAN_POINT ( 'NONE',  ( 25.69999999999999929, 33.21243556529821461, 19.83333333333333215 ) ) ;
#1690 = VERTEX_POINT ( 'NONE', #1744 ) ;
#1691 = ORIENTED_EDGE ( 'NONE', *, *, #814, .T. ) ;
#1692 = DIRECTION ( 'NONE',  ( 0.8090273896488414662, 0.5877709441593566009, 0.000000000000000000 ) ) ;
#1693 = CARTESIAN_POINT ( 'NONE',  ( 21.68494225741374137, -38.30665341412540670, 15.34277950575898153 ) ) ;
#1694 =( BOUNDED_SURFACE ( )  B_SPLINE_SURFACE ( 1, 2, ( 
 ( #1089, #428, #3410, #384, #4055, #3144, #2091, #2132, #4074, #2813, #1735, #2750, #3058, #409, #62, #448, #2112, #1780, #1133, #2445, #2481, #2770, #1755, #2156, #810, #2406, #3097, #3761, #765, #3080, #3431, #3120, #121, #1452, #366, #1390, #4116, #1113, #3717, #719, #2070, #1042, #2746, #2048, #3713, #1671, #1384, #3676, #1730, #715, #3993, #4068, #1689, #3372, #684, #2673, #988 ),
 ( #3354, #39, #1022, #657, #328, #20, #2340, #362, #2065, #3311, #2385, #307, #2009, #1364, #3388, #1650, #3075, #76, #2998, #3335, #1348, #1404, #2691, #2709, #1062, #4029, #3054, #3405, #3424, #3489, #2084, #422, #2456, #1771, #4146, #490, #3773, #3159, #758, #3112, #1444, #1149, #1840, #401, #153, #1105, #2126, #442, #1484, #2105, #115, #2787, #2498, #3176, #1749, #2826, #780 ) ),
 .UNSPECIFIED., .F., .F., .F. ) 
 B_SPLINE_SURFACE_WITH_KNOTS ( ( 2, 2 ),
 ( 3, 2, 2, 2, 2, 2, 2, 2, 2, 2, 2, 2, 2, 2, 2, 2, 2, 2, 2, 2, 2, 2, 2, 2, 2, 2, 2, 2, 3 ),
 ( 0.000000000000000000, 1.000000000000000000 ),
 ( 0.000000000000000000, 0.03333333333333333287, 0.06666666666666666574, 0.1000000000000000056, 0.1333333333333333315, 0.1666666666666666574, 0.2000000000000000111, 0.2333333333333333370, 0.2666666666666666630, 0.2999999999999999889, 0.3333333333333333148, 0.3666666666666666408, 0.4000000000000000222, 0.4333333333333333481, 0.4666666666666666741, 0.5000000000000000000, 0.5333333333333333259, 0.5666666666666666519, 0.5999999999999999778, 0.6333333333333333037, 0.6666666666666666297, 0.6999999999999999556, 0.7333333333333332815, 0.7666666666666667185, 0.8000000000000000444, 0.8333333333333333703, 0.8666666666666666963, 0.8800735250833994217, 0.8888742603342334458 ),
 .UNSPECIFIED. ) 
 GEOMETRIC_REPRESENTATION_ITEM ( )  RATIONAL_B_SPLINE_SURFACE ( (
 ( 1.000000000000000000, 0.8660254037844387076, 1.000000000000000000, 0.8660254037844387076, 1.000000000000000000, 0.8660254037844387076, 1.000000000000000000, 0.8660254037844387076, 1.000000000000000000, 0.8660254037844387076, 1.000000000000000000, 0.8660254037844387076, 1.000000000000000000, 0.8660254037844387076, 1.000000000000000000, 0.8660254037844387076, 1.000000000000000000, 0.8660254037844387076, 1.000000000000000000, 0.8660254037844387076, 1.000000000000000000, 0.8660254037844387076, 1.000000000000000000, 0.8660254037844387076, 1.000000000000000000, 0.8660254037844387076, 1.000000000000000000, 0.8660254037844387076, 1.000000000000000000, 0.8660254037844387076, 1.000000000000000000, 0.8660254037844387076, 1.000000000000000000, 0.8660254037844387076, 1.000000000000000000, 0.8660254037844387076, 1.000000000000000000, 0.8660254037844387076, 1.000000000000000000, 0.8660254037844387076, 1.000000000000000000, 0.8660254037844387076, 1.000000000000000000, 0.8660254037844387076, 1.000000000000000000, 0.8660254037844387076, 1.000000000000000000, 0.8660254037844387076, 1.000000000000000000, 0.8660254037844387076, 1.000000000000000000, 0.8660254037844387076, 1.000000000000000000, 0.9461146467129710746, 0.9355752915612314258, 0.9355752915612314258, 0.9355752915612314258),
 ( 1.000000000000000000, 0.8660254037844387076, 1.000000000000000000, 0.8660254037844387076, 1.000000000000000000, 0.8660254037844387076, 1.000000000000000000, 0.8660254037844387076, 1.000000000000000000, 0.8660254037844387076, 1.000000000000000000, 0.8660254037844387076, 1.000000000000000000, 0.8660254037844387076, 1.000000000000000000, 0.8660254037844387076, 1.000000000000000000, 0.8660254037844387076, 1.000000000000000000, 0.8660254037844387076, 1.000000000000000000, 0.8660254037844387076, 1.000000000000000000, 0.8660254037844387076, 1.000000000000000000, 0.8660254037844387076, 1.000000000000000000, 0.8660254037844387076, 1.000000000000000000, 0.8660254037844387076, 1.000000000000000000, 0.8660254037844387076, 1.000000000000000000, 0.8660254037844387076, 1.000000000000000000, 0.8660254037844387076, 1.000000000000000000, 0.8660254037844387076, 1.000000000000000000, 0.8660254037844387076, 1.000000000000000000, 0.8660254037844387076, 1.000000000000000000, 0.8660254037844387076, 1.000000000000000000, 0.8660254037844387076, 1.000000000000000000, 0.8660254037844387076, 1.000000000000000000, 0.8660254037844387076, 1.000000000000000000, 0.8660254037844387076, 1.000000000000000000, 0.9461146467129710746, 0.9355752915612314258, 0.9355752915612314258, 0.9355752915612314258) ) ) 
 REPRESENTATION_ITEM ( '' )  SURFACE ( )  );
#1695 = CARTESIAN_POINT ( 'NONE',  ( 16.70474975407661233, -36.99999999999933209, 13.25363928644878975 ) ) ;
#1696 = ORIENTED_EDGE ( 'NONE', *, *, #4212, .T. ) ;
#1697 = CARTESIAN_POINT ( 'NONE',  ( 33.24203813398087703, -35.27016568307573863, 14.15685913867757684 ) ) ;
#1698 = FACE_OUTER_BOUND ( 'NONE', #3008, .T. ) ;
#1699 = EDGE_CURVE ( 'NONE', #4312, #2788, #2471, .T. ) ;
#1700 = CARTESIAN_POINT ( 'NONE',  ( 18.18292138535940694, -34.90041053048970809, 11.15212156910697594 ) ) ;
#1701 = FACE_OUTER_BOUND ( 'NONE', #3281, .T. ) ;
#1702 = ADVANCED_FACE ( 'NONE', ( #3770 ), #1100, .F. ) ;
#1703 = ORIENTED_EDGE ( 'NONE', *, *, #2978, .F. ) ;
#1704 = CARTESIAN_POINT ( 'NONE',  ( 37.24010262745758837, -36.95091786871474682, 15.63394452549962388 ) ) ;
#1705 = CARTESIAN_POINT ( 'NONE',  ( 48.00000000000000000, 0.000000000000000000, 9.000000000000000000 ) ) ;
#1706 = ADVANCED_FACE ( 'NONE', ( #439 ), #111, .F. ) ;
#1707 = CARTESIAN_POINT ( 'NONE',  ( 25.00000000000000000, 33.46033075441374649, 21.79687500034139447 ) ) ;
#1708 = EDGE_CURVE ( 'NONE', #3769, #316, #2383, .T. ) ;
#1709 = CARTESIAN_POINT ( 'NONE',  ( 23.60000000000007603, 32.00000030699627018, 20.78124388499913877 ) ) ;
#1710 = ORIENTED_EDGE ( 'NONE', *, *, #3781, .F. ) ;
#1711 = VERTEX_POINT ( 'NONE', #776 ) ;
#1712 = DIRECTION ( 'NONE',  ( 0.000000000000000000, 0.000000000000000000, 1.000000000000000000 ) ) ;
#1713 = VECTOR ( 'NONE', #338, 1000.000000000000000 ) ;
#1714 = CYLINDRICAL_SURFACE ( 'NONE', #2359, 1.399999999999998579 ) ;
#1715 = CARTESIAN_POINT ( 'NONE',  ( 21.14844230367266675, -38.88878157914766120, 16.15043907429248904 ) ) ;
#1716 = EDGE_CURVE ( 'NONE', #2114, #2801, #1963, .T. ) ;
#1717 = CARTESIAN_POINT ( 'NONE',  ( 30.73212279351956866, -37.00000000000001421, 10.18352866779798838 ) ) ;
#1718 = CARTESIAN_POINT ( 'NONE',  ( 24.99846684809938679, -35.61760882611746126, 24.10061493737889293 ) ) ;
#1719 = LINE ( 'NONE', #2039, #330 ) ;
#1720 = CARTESIAN_POINT ( 'NONE',  ( 33.24725102959983758, -34.82581175959357722, 14.14297501373331123 ) ) ;
#1721 = DIRECTION ( 'NONE',  ( 0.000000000000000000, -1.000000000000000000, 0.000000000000000000 ) ) ;
#1722 = AXIS2_PLACEMENT_3D ( 'NONE', #3511, #2619, #1245 ) ;
#1723 = VERTEX_POINT ( 'NONE', #2079 ) ;
#1724 = CARTESIAN_POINT ( 'NONE',  ( 36.71547090197574192, -34.99999999999999289, 14.14297501373331833 ) ) ;
#1725 = DIRECTION ( 'NONE',  ( 0.000000000000000000, 0.000000000000000000, 1.000000000000000000 ) ) ;
#1726 = CARTESIAN_POINT ( 'NONE',  ( 24.36765823437500345, 33.09524806581030987, 20.33854166700806587 ) ) ;
#1727 = B_SPLINE_CURVE_WITH_KNOTS ( 'NONE', 3,
 ( #2029, #3020, #19, #344, #2047, #361 ),
 .UNSPECIFIED., .F., .F.,
 ( 4, 2, 4 ),
 ( 0.0005452323364682759707, 0.002342804743808501750, 0.004140377151148727855 ),
 .UNSPECIFIED. ) ;
#1728 = EDGE_CURVE ( 'NONE', #1956, #2001, #464, .T. ) ;
#1729 = AXIS2_PLACEMENT_3D ( 'NONE', #2073, #3343, #391 ) ;
#1730 = CARTESIAN_POINT ( 'NONE',  ( 23.60000000000000142, 32.00000000000000000, 19.99999999999999645 ) ) ;
#1731 = ORIENTED_EDGE ( 'NONE', *, *, #2424, .F. ) ;
#1732 = ORIENTED_EDGE ( 'NONE', *, *, #2144, .F. ) ;
#1733 = AXIS2_PLACEMENT_3D ( 'NONE', #1705, #3052, #2082 ) ;
#1734 = CARTESIAN_POINT ( 'NONE',  ( 25.00000000000000000, 32.00000000000000000, 22.00000000000000000 ) ) ;
#1735 = CARTESIAN_POINT ( 'NONE',  ( 24.30000000000000071, 30.78756443470178894, 21.58333333333333215 ) ) ;
#1736 = VECTOR ( 'NONE', #17, 1000.000000000000000 ) ;
#1737 = DIRECTION ( 'NONE',  ( -0.000000000000000000, -1.000000000000000000, -0.000000000000000000 ) ) ;
#1738 = DIRECTION ( 'NONE',  ( -1.000000000000000000, 0.000000000000000000, 1.121787847798335591E-12 ) ) ;
#1739 = CARTESIAN_POINT ( 'NONE',  ( 24.06012419144241932, -34.97378058983582605, 8.716132722486747753 ) ) ;
#1740 = DIRECTION ( 'NONE',  ( 0.000000000000000000, 1.000000000000000000, 0.000000000000000000 ) ) ;
#1741 = DIRECTION ( 'NONE',  ( -1.121573320328472587E-12, 0.000000000000000000, -1.000000000000000000 ) ) ;
#1742 = CARTESIAN_POINT ( 'NONE',  ( 33.23009392069422319, -34.82547914185612115, 13.91281013357269813 ) ) ;
#1743 = ORIENTED_EDGE ( 'NONE', *, *, #924, .F. ) ;
#1744 = CARTESIAN_POINT ( 'NONE',  ( 36.24846684809939035, -38.31760882611746410, 24.10061493736627014 ) ) ;
#1745 = CARTESIAN_POINT ( 'NONE',  ( 13.66000025688845376, 0.000000000000000000, 10.26451550164217608 ) ) ;
#1746 =( BOUNDED_SURFACE ( )  B_SPLINE_SURFACE ( 1, 2, ( 
 ( #784, #425, #2849, #762, #2129, #2790, #1488, #2108, #4092, #176, #3140, #2524, #156, #2765, #3450, #445, #1805, #3824, #3201, #4173, #3427, #137, #831, #493, #2829, #807, #118, #1471, #2809, #3845, #1509, #4131, #1447, #1775, #1129, #3492, #2477, #3470, #3162, #1843, #1108, #2178, #3180, #470, #1176, #3115, #4113, #1824, #3515, #3799, #3756, #2460, #852, #512, #2152 ),
 ( #3776, #4149, #1152, #2501, #1864, #1085, #1424, #2442, #2599, #3914, #3940, #4195, #1199, #1957, #4243, #2548, #3265, #4217, #1623, #1534, #2874, #281, #3631, #3889, #4289, #2897, #2972, #3865, #1224, #218, #1274, #897, #2217, #3290, #2575, #610, #537, #2948, #197, #3223, #3965, #875, #1296, #1249, #2246, #2317, #1888, #2622, #3561, #632, #239, #964, #1978, #3536, #1555 ) ),
 .UNSPECIFIED., .F., .F., .F. ) 
 B_SPLINE_SURFACE_WITH_KNOTS ( ( 2, 2 ),
 ( 3, 2, 2, 2, 2, 2, 2, 2, 2, 2, 2, 2, 2, 2, 2, 2, 2, 2, 2, 2, 2, 2, 2, 2, 2, 2, 2, 3 ),
 ( 0.000000000000000000, 1.000000000000000000 ),
 ( 0.000000000000000000, 0.03333333333333333287, 0.06666666666666666574, 0.1000000000000000056, 0.1333333333333333315, 0.1666666666666666574, 0.2000000000000000111, 0.2333333333333333370, 0.2666666666666666630, 0.2999999999999999889, 0.3333333333333333148, 0.3666666666666666408, 0.4000000000000000222, 0.4333333333333333481, 0.4666666666666666741, 0.5000000000000000000, 0.5333333333333333259, 0.5666666666666666519, 0.5999999999999999778, 0.6333333333333333037, 0.6666666666666666297, 0.6999999999999999556, 0.7333333333333332815, 0.7666666666666667185, 0.8000000000000000444, 0.8333333333333333703, 0.8666666666666666963, 0.8800740209644799528 ),
 .UNSPECIFIED. ) 
 GEOMETRIC_REPRESENTATION_ITEM ( )  RATIONAL_B_SPLINE_SURFACE ( (
 ( 1.000000000000000000, 0.8660254037844387076, 1.000000000000000000, 0.8660254037844387076, 1.000000000000000000, 0.8660254037844387076, 1.000000000000000000, 0.8660254037844387076, 1.000000000000000000, 0.8660254037844387076, 1.000000000000000000, 0.8660254037844387076, 1.000000000000000000, 0.8660254037844387076, 1.000000000000000000, 0.8660254037844387076, 1.000000000000000000, 0.8660254037844387076, 1.000000000000000000, 0.8660254037844387076, 1.000000000000000000, 0.8660254037844387076, 1.000000000000000000, 0.8660254037844387076, 1.000000000000000000, 0.8660254037844387076, 1.000000000000000000, 0.8660254037844387076, 1.000000000000000000, 0.8660254037844387076, 1.000000000000000000, 0.8660254037844387076, 1.000000000000000000, 0.8660254037844387076, 1.000000000000000000, 0.8660254037844387076, 1.000000000000000000, 0.8660254037844387076, 1.000000000000000000, 0.8660254037844387076, 1.000000000000000000, 0.8660254037844387076, 1.000000000000000000, 0.8660254037844387076, 1.000000000000000000, 0.8660254037844387076, 1.000000000000000000, 0.8660254037844387076, 1.000000000000000000, 0.8660254037844387076, 1.000000000000000000, 0.8660254037844387076, 1.000000000000000000, 0.9461126536489449235, 0.9355745119797440612),
 ( 1.000000000000000000, 0.8660254037844387076, 1.000000000000000000, 0.8660254037844387076, 1.000000000000000000, 0.8660254037844387076, 1.000000000000000000, 0.8660254037844387076, 1.000000000000000000, 0.8660254037844387076, 1.000000000000000000, 0.8660254037844387076, 1.000000000000000000, 0.8660254037844387076, 1.000000000000000000, 0.8660254037844387076, 1.000000000000000000, 0.8660254037844387076, 1.000000000000000000, 0.8660254037844387076, 1.000000000000000000, 0.8660254037844387076, 1.000000000000000000, 0.8660254037844387076, 1.000000000000000000, 0.8660254037844387076, 1.000000000000000000, 0.8660254037844387076, 1.000000000000000000, 0.8660254037844387076, 1.000000000000000000, 0.8660254037844387076, 1.000000000000000000, 0.8660254037844387076, 1.000000000000000000, 0.8660254037844387076, 1.000000000000000000, 0.8660254037844387076, 1.000000000000000000, 0.8660254037844387076, 1.000000000000000000, 0.8660254037844387076, 1.000000000000000000, 0.8660254037844387076, 1.000000000000000000, 0.8660254037844387076, 1.000000000000000000, 0.8660254037844387076, 1.000000000000000000, 0.8660254037844387076, 1.000000000000000000, 0.8660254037844387076, 1.000000000000000000, 0.9461126536489449235, 0.9355745119797440612) ) ) 
 REPRESENTATION_ITEM ( '' )  SURFACE ( )  );
#1747 = CARTESIAN_POINT ( 'NONE',  ( 26.26468353125000021, 31.26983462279312675, 20.13020833367473017 ) ) ;
#1748 = VECTOR ( 'NONE', #970, 1000.000000000000000 ) ;
#1749 = CARTESIAN_POINT ( 'NONE',  ( 26.13262379212497777, 32.82289935320937957, 19.58162737262176023 ) ) ;
#1750 = ORIENTED_EDGE ( 'NONE', *, *, #475, .T. ) ;
#1751 = ORIENTED_EDGE ( 'NONE', *, *, #4182, .F. ) ;
#1752 = CARTESIAN_POINT ( 'NONE',  ( 23.73531646875000334, 32.00000000000000000, 19.92187500034139802 ) ) ;
#1753 = PLANE ( 'NONE',  #1636 ) ;
#1754 = ADVANCED_FACE ( 'NONE', ( #1465 ), #148, .F. ) ;
#1755 = CARTESIAN_POINT ( 'NONE',  ( 24.30000000000000071, 30.78756443470178894, 21.08333333333333215 ) ) ;
#1756 = EDGE_CURVE ( 'NONE', #3769, #2484, #1669, .T. ) ;
#1757 = CARTESIAN_POINT ( 'NONE',  ( 25.00000000000000000, 50.00000000000000000, 14.41233490781574922 ) ) ;
#1758 = EDGE_CURVE ( 'NONE', #2421, #423, #1162, .T. ) ;
#1759 = EDGE_CURVE ( 'NONE', #3988, #3441, #1881, .T. ) ;
#1760 = CARTESIAN_POINT ( 'NONE',  ( 23.60000000000000142, 32.80829037686547167, 21.73958333401613174 ) ) ;
#1761 = CARTESIAN_POINT ( 'NONE',  ( 25.00000000000000000, 33.61658075373095045, 20.37499999999999645 ) ) ;
#1762 = CARTESIAN_POINT ( 'NONE',  ( 50.00000000000000000, 0.000000000000000000, 9.000000000000000000 ) ) ;
#1763 = CARTESIAN_POINT ( 'NONE',  ( 16.73866519136714714, -34.82910291431355887, 13.95039925148301307 ) ) ;
#1764 = CARTESIAN_POINT ( 'NONE',  ( 26.39999999999999858, 31.19170962313452478, 19.98958333401612819 ) ) ;
#1765 = ORIENTED_EDGE ( 'NONE', *, *, #1387, .F. ) ;
#1766 = CARTESIAN_POINT ( 'NONE',  ( 24.30000000000000071, 30.78756443470178894, 20.58333333333333215 ) ) ;
#1767 = LINE ( 'NONE', #3109, #3345 ) ;
#1768 = CARTESIAN_POINT ( 'NONE',  ( 26.26468353125000021, 31.26983462279312675, 20.63020833367473017 ) ) ;
#1769 = CARTESIAN_POINT ( 'NONE',  ( 23.99964204288315273, 32.97943042511095513, 19.71886710480023908 ) ) ;
#1770 = EDGE_CURVE ( 'NONE', #2778, #1445, #2719, .T. ) ;
#1771 = CARTESIAN_POINT ( 'NONE',  ( 25.00000000000000000, 30.38341924626904955, 20.40625000068279959 ) ) ;
#1772 = VERTEX_POINT ( 'NONE', #1527 ) ;
#1773 = ADVANCED_FACE ( 'NONE', ( #2260 ), #4050, .T. ) ;
#1774 = ORIENTED_EDGE ( 'NONE', *, *, #1770, .T. ) ;
#1775 = CARTESIAN_POINT ( 'NONE',  ( 25.00000000000000000, 30.38341924626904955, 20.40625000068279959 ) ) ;
#1776 = AXIS2_PLACEMENT_3D ( 'NONE', #2439, #828, #2175 ) ;
#1777 = DIRECTION ( 'NONE',  ( 1.000000000000000000, 0.000000000000000000, 0.000000000000000000 ) ) ;
#1778 = DIRECTION ( 'NONE',  ( 0.000000000000000000, 1.000000000000000000, 0.000000000000000000 ) ) ;
#1779 = CARTESIAN_POINT ( 'NONE',  ( 21.65021036407134503, -37.43572381779919311, 15.36692242296217259 ) ) ;
#1780 = CARTESIAN_POINT ( 'NONE',  ( 26.40000000000000213, 32.80829037686547167, 21.29166666666667140 ) ) ;
#1781 = AXIS2_PLACEMENT_3D ( 'NONE', #3411, #410, #1202 ) ;
#1782 = VECTOR ( 'NONE', #869, 1000.000000000000000 ) ;
#1783 = ORIENTED_EDGE ( 'NONE', *, *, #4046, .F. ) ;
#1784 = B_SPLINE_CURVE_WITH_KNOTS ( 'NONE', 3,
 ( #2230, #2609, #884, #4230, #1876, #3213, #3876, #1497, #184, #1161, #4201, #2205 ),
 .UNSPECIFIED., .F., .F.,
 ( 4, 2, 2, 2, 2, 4 ),
 ( 0.000000000000000000, 0.0003527148250750181927, 0.0007054296501500363853, 0.001410859300300072771, 0.002116288950450109264, 0.002821718600600145541 ),
 .UNSPECIFIED. ) ;
#1785 = AXIS2_PLACEMENT_3D ( 'NONE', #2694, #2094, #388 ) ;
#1786 = CARTESIAN_POINT ( 'NONE',  ( 21.52878849476315892, -38.84743531964340946, 15.83451062738163273 ) ) ;
#1787 = EDGE_CURVE ( 'NONE', #2955, #1772, #1490, .T. ) ;
#1788 = CARTESIAN_POINT ( 'NONE',  ( 23.73531646875000334, 32.00000000000000000, 21.42187500034139802 ) ) ;
#1789 = VECTOR ( 'NONE', #3868, 1000.000000000000000 ) ;
#1790 = VECTOR ( 'NONE', #2462, 1000.000000000000000 ) ;
#1791 = EDGE_CURVE ( 'NONE', #345, #591, #4104, .T. ) ;
#1792 = DIRECTION ( 'NONE',  ( 0.000000000000000000, 0.000000000000000000, 1.000000000000000000 ) ) ;
#1793 = CARTESIAN_POINT ( 'NONE',  ( 21.35750011331066034, -37.43929177695619614, 15.60061493738297322 ) ) ;
#1794 = CARTESIAN_POINT ( 'NONE',  ( 19.59999999999999787, 0.000000000000000000, 14.41233490781574922 ) ) ;
#1795 = B_SPLINE_CURVE_WITH_KNOTS ( 'NONE', 1,
 ( #618, #3040 ),
 .UNSPECIFIED., .F., .F.,
 ( 2, 2 ),
 ( 0.000000000000000000, 1.000000000000000000 ),
 .UNSPECIFIED. ) ;
#1796 = CARTESIAN_POINT ( 'NONE',  ( 26.13263033445132422, 32.82289034831912744, 19.58162671371539787 ) ) ;
#1797 = EDGE_LOOP ( 'NONE', ( #2283, #3644, #1273, #551 ) ) ;
#1798 = CARTESIAN_POINT ( 'NONE',  ( 25.00000000000000000, 40.00000000000000000, 14.41233490781574922 ) ) ;
#1799 = CARTESIAN_POINT ( 'NONE',  ( 25.45298745106481419, 30.67213725961499549, 19.79397496650963362 ) ) ;
#1800 = CARTESIAN_POINT ( 'NONE',  ( 24.36765823437500345, 33.09524806581030987, 21.33854166700806232 ) ) ;
#1801 = AXIS2_PLACEMENT_3D ( 'NONE', #1367, #1303, #1712 ) ;
#1802 = FACE_OUTER_BOUND ( 'NONE', #3715, .T. ) ;
#1803 = ORIENTED_EDGE ( 'NONE', *, *, #1572, .T. ) ;
#1804 = ORIENTED_EDGE ( 'NONE', *, *, #2706, .T. ) ;
#1805 = CARTESIAN_POINT ( 'NONE',  ( 25.69999999999999929, 33.21243556529821461, 21.11458333401613174 ) ) ;
#1806 = CARTESIAN_POINT ( 'NONE',  ( 25.00000000000000000, 33.39999999999999858, 19.81233490781574957 ) ) ;
#1807 = CARTESIAN_POINT ( 'NONE',  ( 33.27669210224425456, -37.00000000000031974, 15.58150886275912939 ) ) ;
#1808 = DIRECTION ( 'NONE',  ( 1.000000000000000000, 0.000000000000000000, 0.000000000000000000 ) ) ;
#1809 = EDGE_LOOP ( 'NONE', ( #1575, #2895, #1604, #969, #3621, #4045 ) ) ;
#1810 = VECTOR ( 'NONE', #3562, 1000.000000000000000 ) ;
#1811 = DIRECTION ( 'NONE',  ( -0.000000000000000000, -0.000000000000000000, 1.000000000000000000 ) ) ;
#1812 = VECTOR ( 'NONE', #1684, 1000.000000000000000 ) ;
#1813 = CARTESIAN_POINT ( 'NONE',  ( 13.74846684809938147, -37.00000000000000000, 24.10061493739151572 ) ) ;
#1814 = DIRECTION ( 'NONE',  ( 1.000000000000000000, -0.000000000000000000, -0.000000000000000000 ) ) ;
#1815 = EDGE_CURVE ( 'NONE', #2573, #789, #2534, .T. ) ;
#1816 = CARTESIAN_POINT ( 'NONE',  ( 0.000000000000000000, 50.00000000000000000, 9.000000000000000000 ) ) ;
#1817 = PLANE ( 'NONE',  #3513 ) ;
#1818 = ORIENTED_EDGE ( 'NONE', *, *, #870, .T. ) ;
#1819 = DIRECTION ( 'NONE',  ( 1.121675152261861115E-12, 0.000000000000000000, 1.000000000000000000 ) ) ;
#1820 = CARTESIAN_POINT ( 'NONE',  ( 25.00000000000000000, 0.000000000000000000, 23.31233490781574957 ) ) ;
#1821 = CARTESIAN_POINT ( 'NONE',  ( 28.64279469258896782, -40.50000000000000711, 12.51893101838703615 ) ) ;
#1822 = VERTEX_POINT ( 'NONE', #1356 ) ;
#1823 = ORIENTED_EDGE ( 'NONE', *, *, #3971, .F. ) ;
#1824 = CARTESIAN_POINT ( 'NONE',  ( 23.60000000000000497, 31.19170962313452478, 19.82291666734946034 ) ) ;
#1825 = LINE ( 'NONE', #513, #3069 ) ;
#1826 = FACE_OUTER_BOUND ( 'NONE', #46, .T. ) ;
#1827 = CARTESIAN_POINT ( 'NONE',  ( 28.01829150429766813, -37.00000000000000000, 11.17630864636534582 ) ) ;
#1828 = ORIENTED_EDGE ( 'NONE', *, *, #1361, .T. ) ;
#1829 = CARTESIAN_POINT ( 'NONE',  ( 23.60000000000001918, 32.80829037686547878, 19.95833333333332860 ) ) ;
#1830 = CARTESIAN_POINT ( 'NONE',  ( 4.096985439621995795, 50.00000000000000000, 26.00000000000000000 ) ) ;
#1831 = LINE ( 'NONE', #2096, #3110 ) ;
#1832 = CARTESIAN_POINT ( 'NONE',  ( 13.59763446785261465, -35.53411636532048590, 14.48029130244537832 ) ) ;
#1833 = DIRECTION ( 'NONE',  ( -0.000000000000000000, -1.000000000000000000, -0.000000000000000000 ) ) ;
#1834 = FACE_OUTER_BOUND ( 'NONE', #3850, .T. ) ;
#1835 = EDGE_LOOP ( 'NONE', ( #2539, #3033, #2546, #3754, #3093 ) ) ;
#1836 = DIRECTION ( 'NONE',  ( 0.000000000000000000, 0.000000000000000000, -1.000000000000000000 ) ) ;
#1837 = CARTESIAN_POINT ( 'NONE',  ( 24.06446723527821518, 33.04564074017930864, 19.73108758978492716 ) ) ;
#1838 = CARTESIAN_POINT ( 'NONE',  ( 28.42846145319736806, -40.50000000000000000, 12.33831759468890255 ) ) ;
#1839 = EDGE_CURVE ( 'NONE', #4129, #268, #4305, .T. ) ;
#1840 = CARTESIAN_POINT ( 'NONE',  ( 26.39999999999999858, 32.00000000000000000, 20.03125000068279604 ) ) ;
#1841 = ORIENTED_EDGE ( 'NONE', *, *, #2603, .F. ) ;
#1842 = EDGE_LOOP ( 'NONE', ( #2323, #3670, #2748, #2475, #1017, #2763 ) ) ;
#1843 = CARTESIAN_POINT ( 'NONE',  ( 25.00000000000000000, 33.61658075373095755, 20.15625000068279604 ) ) ;
#1844 = EDGE_CURVE ( 'NONE', #1454, #363, #1719, .T. ) ;
#1845 = FACE_OUTER_BOUND ( 'NONE', #2828, .T. ) ;
#1846 = CARTESIAN_POINT ( 'NONE',  ( 31.32234176272952197, -34.88873405338882350, 10.74103369985450840 ) ) ;
#1847 = ORIENTED_EDGE ( 'NONE', *, *, #1563, .F. ) ;
#1848 = PLANE ( 'NONE',  #3684 ) ;
#1849 = VECTOR ( 'NONE', #187, 1000.000000000000227 ) ;
#1850 = AXIS2_PLACEMENT_3D ( 'NONE', #434, #415, #479 ) ;
#1851 = LINE ( 'NONE', #1543, #385 ) ;
#1852 = CARTESIAN_POINT ( 'NONE',  ( 23.73531646875000334, 32.00000000000000000, 20.92187500034139802 ) ) ;
#1853 = VECTOR ( 'NONE', #3787, 1000.000000000000000 ) ;
#1854 = CARTESIAN_POINT ( 'NONE',  ( 50.00000000000000000, 5.000000000000000000, 4.799999999999999822 ) ) ;
#1855 = CARTESIAN_POINT ( 'NONE',  ( 24.99846684809938679, -38.88907856675146490, 24.10061493737889293 ) ) ;
#1856 = CARTESIAN_POINT ( 'NONE',  ( 28.89423699750850361, -36.93953844214107818, 16.02763173756611792 ) ) ;
#1857 = ORIENTED_EDGE ( 'NONE', *, *, #2036, .T. ) ;
#1858 = EDGE_LOOP ( 'NONE', ( #3906, #3406, #1405, #1480, #950, #760 ) ) ;
#1859 = CARTESIAN_POINT ( 'NONE',  ( 28.46694331640010489, -38.84708984897890360, 15.83302252328416770 ) ) ;
#1860 = CARTESIAN_POINT ( 'NONE',  ( 21.17028177725664406, -40.49999999998470912, 13.58276289778198276 ) ) ;
#1861 = CARTESIAN_POINT ( 'NONE',  ( 21.12338163092948307, -38.88907856600246049, 16.16264335395066709 ) ) ;
#1862 = VERTEX_POINT ( 'NONE', #337 ) ;
#1863 = ORIENTED_EDGE ( 'NONE', *, *, #2312, .T. ) ;
#1864 = CARTESIAN_POINT ( 'NONE',  ( 25.63234176562500011, 33.09524806581030987, 21.69270833367473017 ) ) ;
#1865 = FACE_OUTER_BOUND ( 'NONE', #1797, .T. ) ;
#1866 = ADVANCED_FACE ( 'NONE', ( #694, #1680 ), #1014, .T. ) ;
#1867 = LINE ( 'NONE', #2601, #4225 ) ;
#1868 = AXIS2_PLACEMENT_3D ( 'NONE', #813, #1811, #3082 ) ;
#1869 = CARTESIAN_POINT ( 'NONE',  ( 23.60000000000000142, 32.00000000000000000, 21.50000000000000000 ) ) ;
#1870 = CARTESIAN_POINT ( 'NONE',  ( 23.44506521355244288, -37.00000000000000000, 10.80086411990752282 ) ) ;
#1871 = ORIENTED_EDGE ( 'NONE', *, *, #543, .T. ) ;
#1872 = VECTOR ( 'NONE', #1013, 1000.000000000000000 ) ;
#1873 = DIRECTION ( 'NONE',  ( -1.000000000000000000, -0.000000000000000000, -0.000000000000000000 ) ) ;
#1874 = AXIS2_PLACEMENT_3D ( 'NONE', #3890, #1606, #1624 ) ;
#1875 = PLANE ( 'NONE',  #3886 ) ;
#1876 = CARTESIAN_POINT ( 'NONE',  ( 16.81734810089387011, -35.57721356282174696, 14.49421115450690678 ) ) ;
#1877 = AXIS2_PLACEMENT_3D ( 'NONE', #2337, #3652, #1058 ) ;
#1878 = DIRECTION ( 'NONE',  ( -0.000000000000000000, -0.000000000000000000, 1.000000000000000000 ) ) ;
#1879 = CARTESIAN_POINT ( 'NONE',  ( 28.44493713924602929, -38.83670124325157502, 15.79474287131715471 ) ) ;
#1880 = CARTESIAN_POINT ( 'NONE',  ( 0.000000000000000000, 0.000000000000000000, 9.000000000000000000 ) ) ;
#1881 = CIRCLE ( 'NONE', #533, 14.99999999999999645 ) ;
#1882 = ORIENTED_EDGE ( 'NONE', *, *, #3314, .T. ) ;
#1883 = CARTESIAN_POINT ( 'NONE',  ( 25.63234176562500011, 33.09524806581030987, 19.69270833367473017 ) ) ;
#1884 = CARTESIAN_POINT ( 'NONE',  ( 21.26641793552013482, -36.99999999999998579, 11.43678762264584137 ) ) ;
#1885 = CARTESIAN_POINT ( 'NONE',  ( 23.60000000000000853, 32.80829037686547878, 21.45833333333333215 ) ) ;
#1886 = EDGE_LOOP ( 'NONE', ( #1818, #3227, #376, #1182, #3161, #1932 ) ) ;
#1887 = ORIENTED_EDGE ( 'NONE', *, *, #2603, .T. ) ;
#1888 = CARTESIAN_POINT ( 'NONE',  ( 24.36765823437500345, 30.90475193418969369, 19.94270833367473017 ) ) ;
#1889 = CARTESIAN_POINT ( 'NONE',  ( 26.13263580870787450, 32.82288281346333747, 19.80037616169302694 ) ) ;
#1890 = CARTESIAN_POINT ( 'NONE',  ( 28.62167741491960626, -38.52209408079221475, 15.67441108921854820 ) ) ;
#1891 = CARTESIAN_POINT ( 'NONE',  ( 24.36765823437500345, 33.09524806581030987, 21.33854166700806232 ) ) ;
#1892 = VERTEX_POINT ( 'NONE', #2986 ) ;
#1893 = ADVANCED_FACE ( 'NONE', ( #3028 ), #354, .F. ) ;
#1894 = CARTESIAN_POINT ( 'NONE',  ( 26.39999999999999858, 31.19170962313452478, 21.48958333401613530 ) ) ;
#1895 = DIRECTION ( 'NONE',  ( -0.000000000000000000, -0.000000000000000000, 1.000000000000000000 ) ) ;
#1896 = CARTESIAN_POINT ( 'NONE',  ( 4.096985439621944280, -37.00000000000000000, 12.99999999999999822 ) ) ;
#1897 = ADVANCED_FACE ( 'NONE', ( #1698 ), #977, .T. ) ;
#1898 = EDGE_CURVE ( 'NONE', #268, #2976, #367, .T. ) ;
#1899 = CARTESIAN_POINT ( 'NONE',  ( 28.36619786673789889, -37.63246870225262342, 11.67929612060255806 ) ) ;
#1900 = LINE ( 'NONE', #2167, #1849 ) ;
#1901 = CARTESIAN_POINT ( 'NONE',  ( 26.39999999999999858, 32.00000000000000000, 20.74999999999999645 ) ) ;
#1902 = ORIENTED_EDGE ( 'NONE', *, *, #792, .F. ) ;
#1903 = CARTESIAN_POINT ( 'NONE',  ( 23.73531646875000689, 31.26983462279312675, 20.40104166700806587 ) ) ;
#1904 = CARTESIAN_POINT ( 'NONE',  ( 31.10077371789505918, -37.00000000000000000, 15.26330463210016575 ) ) ;
#1905 = DIRECTION ( 'NONE',  ( 0.8979455336406874100, 1.025356613541572648E-16, -0.4401065991492756346 ) ) ;
#1906 = DIRECTION ( 'NONE',  ( -0.000000000000000000, -0.000000000000000000, 1.000000000000000000 ) ) ;
#1907 = ORIENTED_EDGE ( 'NONE', *, *, #4244, .T. ) ;
#1908 = ORIENTED_EDGE ( 'NONE', *, *, #2863, .T. ) ;
#1909 = CARTESIAN_POINT ( 'NONE',  ( 4.096985439621995795, 50.00000000000000000, 11.00000000000000000 ) ) ;
#1910 = DIRECTION ( 'NONE',  ( -0.3420201433267234248, 0.000000000000000000, -0.9396926207855245128 ) ) ;
#1911 = DIRECTION ( 'NONE',  ( 1.000000000000000000, 0.000000000000000000, -0.000000000000000000 ) ) ;
#1912 = EDGE_CURVE ( 'NONE', #1822, #2459, #3948, .T. ) ;
#1913 = CARTESIAN_POINT ( 'NONE',  ( 23.73531646875000689, 31.26983462279312675, 19.96354166700806232 ) ) ;
#1914 = ORIENTED_EDGE ( 'NONE', *, *, #2535, .T. ) ;
#1915 = B_SPLINE_CURVE_WITH_KNOTS ( 'NONE', 3,
 ( #1927, #2568, #2262, #2617 ),
 .UNSPECIFIED., .F., .F.,
 ( 4, 4 ),
 ( 0.000000000000000000, 3.998716689556800554E-05 ),
 .UNSPECIFIED. ) ;
#1916 = CARTESIAN_POINT ( 'NONE',  ( 14.09698543962181283, 0.000000000000000000, 27.99999999999999645 ) ) ;
#1917 = PLANE ( 'NONE',  #3893 ) ;
#1918 = CARTESIAN_POINT ( 'NONE',  ( 26.26468353125000021, 32.00000000000000000, 21.67187500034139802 ) ) ;
#1919 = EDGE_CURVE ( 'NONE', #3775, #3113, #3126, .T. ) ;
#1920 = FACE_OUTER_BOUND ( 'NONE', #4264, .T. ) ;
#1921 = LINE ( 'NONE', #3171, #103 ) ;
#1922 = AXIS2_PLACEMENT_3D ( 'NONE', #4121, #85, #3478 ) ;
#1923 = EDGE_LOOP ( 'NONE', ( #424, #136, #216, #717, #2730, #2037, #2620 ) ) ;
#1924 = DIRECTION ( 'NONE',  ( -0.000000000000000000, -0.000000000000000000, 1.000000000000000000 ) ) ;
#1925 = CARTESIAN_POINT ( 'NONE',  ( 23.73531646875000689, 32.73016537720687325, 20.31770833367473017 ) ) ;
#1926 = DIRECTION ( 'NONE',  ( 1.000000000000000000, -0.000000000000000000, 7.806255641895633503E-15 ) ) ;
#1927 = CARTESIAN_POINT ( 'NONE',  ( 20.97943231001329778, -38.61760882611746126, 15.90061493738340381 ) ) ;
#1928 = CIRCLE ( 'NONE', #947, 8.900000000000002132 ) ;
#1929 = DIRECTION ( 'NONE',  ( -0.000000000000000000, -0.000000000000000000, 1.000000000000000000 ) ) ;
#1930 = CARTESIAN_POINT ( 'NONE',  ( 50.00000000000000000, 5.000000000000000000, 4.799999999999999822 ) ) ;
#1931 = ORIENTED_EDGE ( 'NONE', *, *, #2752, .T. ) ;
#1932 = ORIENTED_EDGE ( 'NONE', *, *, #1983, .F. ) ;
#1933 = DIRECTION ( 'NONE',  ( -0.000000000000000000, -1.000000000000000000, -0.000000000000000000 ) ) ;
#1934 = CARTESIAN_POINT ( 'NONE',  ( 25.00000000000000000, 32.00000000000000000, 22.00000000000000000 ) ) ;
#1935 = DIRECTION ( 'NONE',  ( -1.000000000000000000, -0.000000000000000000, -0.000000000000000000 ) ) ;
#1936 = CARTESIAN_POINT ( 'NONE',  ( 24.36765823437500345, 30.90475193418969369, 20.00520833367473017 ) ) ;
#1937 = ORIENTED_EDGE ( 'NONE', *, *, #902, .F. ) ;
#1938 = ORIENTED_EDGE ( 'NONE', *, *, #3748, .T. ) ;
#1939 = CARTESIAN_POINT ( 'NONE',  ( 21.38812223093047038, -38.31760882611746410, 15.60061493738294480 ) ) ;
#1940 = B_SPLINE_CURVE_WITH_KNOTS ( 'NONE', 3,
 ( #4139, #729, #3103, #2489, #1074, #2074, #3398, #2428, #2756, #3786, #106, #392, #3085, #1435, #1096, #4099 ),
 .UNSPECIFIED., .F., .F.,
 ( 4, 2, 2, 2, 2, 2, 2, 4 ),
 ( 0.01297511675787257727, 0.01351564583324278354, 0.01405617490861298981, 0.01513723305935340581, 0.01567776213472361208, 0.01621829121009381314, 0.01675882028546401767, 0.01729934936083422220 ),
 .UNSPECIFIED. ) ;
#1941 = CYLINDRICAL_SURFACE ( 'NONE', #264, 1.399999999999998579 ) ;
#1942 = CARTESIAN_POINT ( 'NONE',  ( 24.36765823437500345, 30.90475193418969369, 20.00520833367473017 ) ) ;
#1943 = VECTOR ( 'NONE', #84, 1000.000000000000000 ) ;
#1944 = CARTESIAN_POINT ( 'NONE',  ( 25.00000000000000000, 33.61658075373095045, 21.15625000068279249 ) ) ;
#1945 = CARTESIAN_POINT ( 'NONE',  ( 19.16841345906391325, -36.99999999999999289, 15.69385632695566635 ) ) ;
#1946 = CARTESIAN_POINT ( 'NONE',  ( 4.096985439621944280, -40.50000000000000000, 5.000000000000000000 ) ) ;
#1947 = ORIENTED_EDGE ( 'NONE', *, *, #2497, .F. ) ;
#1948 = CARTESIAN_POINT ( 'NONE',  ( 45.90301456037800421, 50.00000000000000000, 11.00000000000000000 ) ) ;
#1949 = CARTESIAN_POINT ( 'NONE',  ( 28.30834659376045082, -38.39474041476577781, 15.34000861037149832 ) ) ;
#1950 = AXIS2_PLACEMENT_3D ( 'NONE', #2416, #379, #654 ) ;
#1951 = FACE_OUTER_BOUND ( 'NONE', #211, .T. ) ;
#1952 = EDGE_CURVE ( 'NONE', #2778, #4129, #1478, .T. ) ;
#1953 = DIRECTION ( 'NONE',  ( 1.949127501097535707E-15, 0.000000000000000000, 1.000000000000000000 ) ) ;
#1954 = CARTESIAN_POINT ( 'NONE',  ( 21.14844230367265965, -38.88878157914768963, 16.15043907429249259 ) ) ;
#1955 = ORIENTED_EDGE ( 'NONE', *, *, #2081, .F. ) ;
#1956 = VERTEX_POINT ( 'NONE', #2818 ) ;
#1957 = CARTESIAN_POINT ( 'NONE',  ( 23.73531646875000689, 32.73016537720688035, 21.31770833367473372 ) ) ;
#1958 = CARTESIAN_POINT ( 'NONE',  ( 20.93750281210687447, -36.99999999997163513, 12.94320794731120827 ) ) ;
#1959 = CARTESIAN_POINT ( 'NONE',  ( 25.00000000000000000, 33.46033075441374649, 21.23437500034139802 ) ) ;
#1960 = CARTESIAN_POINT ( 'NONE',  ( 26.40000000000000213, 32.80829037686547167, 20.29166666666666785 ) ) ;
#1961 = ORIENTED_EDGE ( 'NONE', *, *, #3657, .F. ) ;
#1962 = ORIENTED_EDGE ( 'NONE', *, *, #2752, .F. ) ;
#1963 =( BOUNDED_CURVE ( )  B_SPLINE_CURVE ( 2, ( #2143, #3485, #132, #3107, #1766, #2519, #2122 ),
 .UNSPECIFIED., .F., .F. ) 
 B_SPLINE_CURVE_WITH_KNOTS ( ( 3, 2, 2, 3 ),
 ( 0.5000000000000004441, 0.5333333333333337700, 0.5666666666666672070, 0.6000000000000005329 ),
 .UNSPECIFIED. ) 
 CURVE ( )  GEOMETRIC_REPRESENTATION_ITEM ( )  RATIONAL_B_SPLINE_CURVE ( ( 0.9999999999999982236, 0.8660254037844404840, 1.000000000000000000, 0.8660254037844387076, 1.000000000000000000, 0.8660254037844364872, 1.000000000000002220 ) ) 
 REPRESENTATION_ITEM ( '' )  );
#1964 = CARTESIAN_POINT ( 'NONE',  ( 23.60000000000000142, 32.00000000000000000, 17.00000000000000000 ) ) ;
#1965 = EDGE_CURVE ( 'NONE', #616, #3373, #3724, .T. ) ;
#1966 = DIRECTION ( 'NONE',  ( -0.000000000000000000, -0.000000000000000000, 1.000000000000000000 ) ) ;
#1967 = CARTESIAN_POINT ( 'NONE',  ( 23.60000000000000142, 32.00000000000000000, 21.50000000000000000 ) ) ;
#1968 = CARTESIAN_POINT ( 'NONE',  ( 29.04221427091200880, -37.59899351205431373, 12.99051020318465710 ) ) ;
#1969 = CARTESIAN_POINT ( 'NONE',  ( 17.15649143012375788, -36.99999999999728573, 12.24746594337767114 ) ) ;
#1970 = ORIENTED_EDGE ( 'NONE', *, *, #3360, .F. ) ;
#1971 = CARTESIAN_POINT ( 'NONE',  ( 26.13262941653187710, 32.82289161158949753, 19.69221779902533243 ) ) ;
#1972 = CARTESIAN_POINT ( 'NONE',  ( 0.000000000000000000, 5.000000000000000000, 0.000000000000000000 ) ) ;
#1973 = CARTESIAN_POINT ( 'NONE',  ( 29.04029815937161274, -37.00000000000000000, 11.61168486097144381 ) ) ;
#1974 = CARTESIAN_POINT ( 'NONE',  ( 29.12683580029423780, -37.00000000000001421, 12.67285312767697825 ) ) ;
#1975 = CARTESIAN_POINT ( 'NONE',  ( 28.38311700311933450, -37.00000000000000000, 11.63307483674904574 ) ) ;
#1976 = EDGE_LOOP ( 'NONE', ( #1637, #4234, #1907, #492 ) ) ;
#1977 = VERTEX_POINT ( 'NONE', #4059 ) ;
#1978 = CARTESIAN_POINT ( 'NONE',  ( 25.63234176562500011, 33.09524806581030987, 19.69270833367473017 ) ) ;
#1979 = CARTESIAN_POINT ( 'NONE',  ( 28.86102625823348689, -38.88897891167771803, 16.15653026672473658 ) ) ;
#1980 = DIRECTION ( 'NONE',  ( 1.000000000000000000, 0.000000000000000000, 0.000000000000000000 ) ) ;
#1981 = EDGE_CURVE ( 'NONE', #3581, #4272, #1831, .T. ) ;
#1982 = CARTESIAN_POINT ( 'NONE',  ( 26.13263981423550675, 32.82287730021465677, 19.80037575827772400 ) ) ;
#1983 = EDGE_CURVE ( 'NONE', #3390, #4164, #2999, .T. ) ;
#1984 = VERTEX_POINT ( 'NONE', #1762 ) ;
#1985 =( NAMED_UNIT ( * ) PLANE_ANGLE_UNIT ( ) SI_UNIT ( $, .RADIAN. ) );
#1986 =( BOUNDED_SURFACE ( )  B_SPLINE_SURFACE ( 3, 2, ( 
 ( #236, #1573, #1954 ),
 ( #849, #3937, #534 ),
 ( #3842, #2545, #1861 ),
 ( #3532, #4286, #2915 ) ),
 .UNSPECIFIED., .F., .F., .F. ) 
 B_SPLINE_SURFACE_WITH_KNOTS ( ( 4, 4 ),
 ( 3, 3 ),
 ( 0.000000000000000000, 4.322722946345980075E-05 ),
 ( 0.000000000000000000, 1.000000000000000000 ),
 .UNSPECIFIED. ) 
 GEOMETRIC_REPRESENTATION_ITEM ( )  RATIONAL_B_SPLINE_SURFACE ( (
 ( 1.000000000000000000, 0.7494509269400126961, 1.000000000000000000),
 ( 1.000000000000000000, 0.7463196069013104950, 1.000000000000000000),
 ( 1.000000000000000000, 0.7431584770514163552, 1.000000000000000000),
 ( 1.000000000000000000, 0.7399665075371011369, 1.000000000000000000) ) ) 
 REPRESENTATION_ITEM ( '' )  SURFACE ( )  );
#1987 = CARTESIAN_POINT ( 'NONE',  ( 30.91970218217965183, -37.00000000000000000, 15.60061493737713079 ) ) ;
#1988 = CARTESIAN_POINT ( 'NONE',  ( 28.35859156965859995, -37.00000000000000711, 15.37402741865305700 ) ) ;
#1989 = CARTESIAN_POINT ( 'NONE',  ( 29.06223663208390562, -36.89864341116354041, 12.93549921798051905 ) ) ;
#1990 = CARTESIAN_POINT ( 'NONE',  ( 17.01921290311509338, -37.00000000000000711, 16.32941817016616071 ) ) ;
#1991 = ORIENTED_EDGE ( 'NONE', *, *, #926, .T. ) ;
#1992 = CARTESIAN_POINT ( 'NONE',  ( 23.77607666346519721, 34.46927142075745820, 23.22938425066723767 ) ) ;
#1993 = CARTESIAN_POINT ( 'NONE',  ( 23.73531646875000689, 32.73016537720688035, 19.88020833367472662 ) ) ;
#1994 = CARTESIAN_POINT ( 'NONE',  ( 19.40188046560268020, -37.00000000000001421, 12.75365524283022545 ) ) ;
#1995 = CIRCLE ( 'NONE', #2350, 8.640988325613589538 ) ;
#1996 = AXIS2_PLACEMENT_3D ( 'NONE', #4191, #1905, #3239 ) ;
#1997 = DIRECTION ( 'NONE',  ( 0.000000000000000000, 0.000000000000000000, -1.000000000000000000 ) ) ;
#1998 = CARTESIAN_POINT ( 'NONE',  ( 21.59676216962387585, -37.43127167627233831, 15.60061493738582072 ) ) ;
#1999 = VERTEX_POINT ( 'NONE', #2410 ) ;
#2000 = B_SPLINE_CURVE_WITH_KNOTS ( 'NONE', 3,
 ( #2919, #2294, #898, #2269 ),
 .UNSPECIFIED., .F., .F.,
 ( 4, 4 ),
 ( 0.000000000000000000, 0.03494401976356834721 ),
 .UNSPECIFIED. ) ;
#2001 = VERTEX_POINT ( 'NONE', #3765 ) ;
#2002 = CARTESIAN_POINT ( 'NONE',  ( 37.42722206527087536, -37.00000000000000000, 16.14297501373331656 ) ) ;
#2003 = AXIS2_PLACEMENT_3D ( 'NONE', #2672, #1670, #2008 ) ;
#2004 = B_SPLINE_CURVE_WITH_KNOTS ( 'NONE', 3,
 ( #375, #1662, #2022, #71, #3382, #1341 ),
 .UNSPECIFIED., .F., .F.,
 ( 4, 2, 4 ),
 ( 0.01131115246678427062, 0.01309445596458458719, 0.01487775946238490549 ),
 .UNSPECIFIED. ) ;
#2005 = LINE ( 'NONE', #3332, #3547 ) ;
#2006 = CARTESIAN_POINT ( 'NONE',  ( 25.00000000000000000, 30.53966924558625706, 21.48437500034139447 ) ) ;
#2007 = VECTOR ( 'NONE', #4088, 1000.000000000000000 ) ;
#2008 = DIRECTION ( 'NONE',  ( 1.000000000000000000, 0.000000000000000000, 0.000000000000000000 ) ) ;
#2009 = CARTESIAN_POINT ( 'NONE',  ( 23.60000000000000142, 32.00000000000000000, 21.28125000068279604 ) ) ;
#2010 = ORIENTED_EDGE ( 'NONE', *, *, #255, .F. ) ;
#2011 =( NAMED_UNIT ( * ) SI_UNIT ( $, .STERADIAN. ) SOLID_ANGLE_UNIT ( ) );
#2012 = CARTESIAN_POINT ( 'NONE',  ( 28.28150919152763265, -40.49999999999999289, 15.08053023166493922 ) ) ;
#2013 = ADVANCED_FACE ( 'NONE', ( #2774 ), #164, .T. ) ;
#2014 = CARTESIAN_POINT ( 'NONE',  ( 21.27409388048586436, -38.59791590659182248, 15.78625907471932521 ) ) ;
#2015 = CARTESIAN_POINT ( 'NONE',  ( 16.77129032151789190, -34.83136091506786158, 13.86489446935007486 ) ) ;
#2016 = ORIENTED_EDGE ( 'NONE', *, *, #2036, .F. ) ;
#2017 = CARTESIAN_POINT ( 'NONE',  ( 28.37494273781855370, -37.00000000000000711, 15.43879761774749859 ) ) ;
#2018 = CARTESIAN_POINT ( 'NONE',  ( 23.18067004879338455, 34.06994969691822206, 23.12536518363791771 ) ) ;
#2019 = AXIS2_PLACEMENT_3D ( 'NONE', #576, #1926, #3393 ) ;
#2020 = TOROIDAL_SURFACE ( 'NONE', #3683, 11.02812499999999929, 0.2999999999999999889 ) ;
#2021 = CARTESIAN_POINT ( 'NONE',  ( 28.38311700311933450, -37.00000000000000000, 11.63307483674904574 ) ) ;
#2022 = CARTESIAN_POINT ( 'NONE',  ( 21.73054074200943830, -39.35875492939438658, 11.95190755201592125 ) ) ;
#2023 = ORIENTED_EDGE ( 'NONE', *, *, #2683, .F. ) ;
#2024 = ORIENTED_EDGE ( 'NONE', *, *, #1387, .T. ) ;
#2025 = CARTESIAN_POINT ( 'NONE',  ( 18.95036184001387625, -37.00000000000000000, 15.60061493738567684 ) ) ;
#2026 = AXIS2_PLACEMENT_3D ( 'NONE', #88, #1415, #4063 ) ;
#2027 = CARTESIAN_POINT ( 'NONE',  ( 25.63234176562500011, 30.90475193418969369, 21.02604166700806587 ) ) ;
#2028 = AXIS2_PLACEMENT_3D ( 'NONE', #261, #1605, #4265 ) ;
#2029 = CARTESIAN_POINT ( 'NONE',  ( 28.38311700311933450, -37.00000000000000000, 11.63307483674904574 ) ) ;
#2030 = ORIENTED_EDGE ( 'NONE', *, *, #2656, .F. ) ;
#2031 = VERTEX_POINT ( 'NONE', #2738 ) ;
#2032 = APPLICATION_PROTOCOL_DEFINITION ( 'draft international standard', 'automotive_design', 1998, #3480 ) ;
#2033 = EDGE_CURVE ( 'NONE', #1629, #1215, #1940, .T. ) ;
#2034 = CARTESIAN_POINT ( 'NONE',  ( 21.12514154682144252, -38.61589611252137644, 15.86093163179272736 ) ) ;
#2035 = CARTESIAN_POINT ( 'NONE',  ( 18.74906120995074943, -37.00000000000000000, 14.12723696589254274 ) ) ;
#2036 = EDGE_CURVE ( 'NONE', #2421, #381, #3150, .T. ) ;
#2037 = ORIENTED_EDGE ( 'NONE', *, *, #1253, .F. ) ;
#2038 = CARTESIAN_POINT ( 'NONE',  ( 14.09698543962181283, -40.50000000000000000, 27.99999999999999645 ) ) ;
#2039 = CARTESIAN_POINT ( 'NONE',  ( 41.49999999999998579, 4.999999999999997335, 2.104480912413648319 ) ) ;
#2040 = ADVANCED_FACE ( 'NONE', ( #126 ), #1459, .F. ) ;
#2041 = CARTESIAN_POINT ( 'NONE',  ( 17.72774430731353590, -34.88373485915138872, 11.66672716712776392 ) ) ;
#2042 = FACE_OUTER_BOUND ( 'NONE', #3535, .T. ) ;
#2043 = EDGE_LOOP ( 'NONE', ( #2403, #917, #2984, #2237 ) ) ;
#2044 = CARTESIAN_POINT ( 'NONE',  ( 24.99999999999999289, 29.24999999999987566, 23.31233490781579221 ) ) ;
#2045 = CARTESIAN_POINT ( 'NONE',  ( 18.48819210606611207, -36.93031968988631775, 15.60061493738619554 ) ) ;
#2046 = CARTESIAN_POINT ( 'NONE',  ( 25.00000000000000000, 33.46033075441374649, 20.23437500034139802 ) ) ;
#2047 = CARTESIAN_POINT ( 'NONE',  ( 28.21955091433207130, -39.93411662267894258, 12.07983386660423974 ) ) ;
#2048 = CARTESIAN_POINT ( 'NONE',  ( 26.40000000000000213, 31.19170962313452478, 20.20833333333333215 ) ) ;
#2049 = EDGE_LOOP ( 'NONE', ( #583, #474, #2404, #9, #1947, #3384, #3146 ) ) ;
#2050 = ORIENTED_EDGE ( 'NONE', *, *, #2162, .F. ) ;
#2051 = EDGE_CURVE ( 'NONE', #1254, #4136, #2138, .T. ) ;
#2052 = DIRECTION ( 'NONE',  ( -0.000000000000000000, -0.000000000000000000, 1.000000000000000000 ) ) ;
#2053 = CARTESIAN_POINT ( 'NONE',  ( 28.68879079695456014, -37.00000000000000000, 9.227317576874344951 ) ) ;
#2054 = FACE_OUTER_BOUND ( 'NONE', #3166, .T. ) ;
#2055 = CARTESIAN_POINT ( 'NONE',  ( 28.76074824662095253, -38.63853725074304180, 16.08226765975942030 ) ) ;
#2056 = ADVANCED_FACE ( 'NONE', ( #145 ), #4220, .F. ) ;
#2057 = CARTESIAN_POINT ( 'NONE',  ( 17.03890271798907108, -34.85024415124433972, 12.84651823788787794 ) ) ;
#2058 = CYLINDRICAL_SURFACE ( 'NONE', #3067, 5.400000000000002132 ) ;
#2059 = EDGE_LOOP ( 'NONE', ( #450, #4069, #3330, #2258, #1665 ) ) ;
#2060 = CARTESIAN_POINT ( 'NONE',  ( 36.86303370043382444, -36.24356795314871249, 14.57097499324128975 ) ) ;
#2061 = CIRCLE ( 'NONE', #1781, 5.400000000000002132 ) ;
#2062 = CARTESIAN_POINT ( 'NONE',  ( 29.44451481660635750, -37.00000000000000000, 9.522510123996035247 ) ) ;
#2063 = CIRCLE ( 'NONE', #1776, 2.000000000000000000 ) ;
#2064 = CARTESIAN_POINT ( 'NONE',  ( 23.73531646875000689, 31.26983462279312675, 20.96354166700806587 ) ) ;
#2065 = CARTESIAN_POINT ( 'NONE',  ( 25.69999999999999929, 30.78756443470178894, 21.44791666734946034 ) ) ;
#2066 = EDGE_LOOP ( 'NONE', ( #1440, #1937, #3322, #1247 ) ) ;
#2067 = ORIENTED_EDGE ( 'NONE', *, *, #4056, .F. ) ;
#2068 = CARTESIAN_POINT ( 'NONE',  ( 35.94846684809018456, -38.61760882611746126, 15.90061493736661191 ) ) ;
#2069 = VECTOR ( 'NONE', #3214, 1000.000000000000000 ) ;
#2070 = CARTESIAN_POINT ( 'NONE',  ( 25.69999999999999929, 33.21243556529821461, 20.33333333333333215 ) ) ;
#2071 = CARTESIAN_POINT ( 'NONE',  ( 26.26468353125000021, 32.73016537720688035, 21.71354166700806232 ) ) ;
#2072 = CARTESIAN_POINT ( 'NONE',  ( 23.13508346828563589, -34.97243013053640226, 8.823615903754360446 ) ) ;
#2073 = CARTESIAN_POINT ( 'NONE',  ( 4.096985439621995795, 0.000000000000000000, 26.00000000000000000 ) ) ;
#2074 = CARTESIAN_POINT ( 'NONE',  ( 26.38741119305554506, 29.59868158931821469, 23.20985784144467701 ) ) ;
#2075 = CARTESIAN_POINT ( 'NONE',  ( 16.81541822340006931, -34.83598777188828421, 13.49964631678154703 ) ) ;
#2076 = DIRECTION ( 'NONE',  ( 0.000000000000000000, 0.000000000000000000, 1.000000000000000000 ) ) ;
#2077 = CIRCLE ( 'NONE', #3060, 34.39999999999999858 ) ;
#2078 = VERTEX_POINT ( 'NONE', #2496 ) ;
#2079 = CARTESIAN_POINT ( 'NONE',  ( 13.62200605437000611, -34.99999999999999289, 14.41233490781574922 ) ) ;
#2080 = EDGE_CURVE ( 'NONE', #363, #2731, #848, .T. ) ;
#2081 = EDGE_CURVE ( 'NONE', #503, #1548, #185, .T. ) ;
#2082 = DIRECTION ( 'NONE',  ( 0.000000000000000000, 0.000000000000000000, 1.000000000000000000 ) ) ;
#2083 = CARTESIAN_POINT ( 'NONE',  ( 23.73531646875000334, 32.00000000000000000, 21.85937500034139802 ) ) ;
#2084 = CARTESIAN_POINT ( 'NONE',  ( 26.39999999999999858, 32.00000000000000000, 20.53125000068279604 ) ) ;
#2085 = ORIENTED_EDGE ( 'NONE', *, *, #3625, .F. ) ;
#2086 = ORIENTED_EDGE ( 'NONE', *, *, #3315, .F. ) ;
#2087 = EDGE_CURVE ( 'NONE', #1533, #1197, #3487, .T. ) ;
#2088 = AXIS2_PLACEMENT_3D ( 'NONE', #2633, #2883, #2905 ) ;
#2089 = DIRECTION ( 'NONE',  ( -0.000000000000000000, -0.000000000000000000, 1.000000000000000000 ) ) ;
#2090 = CARTESIAN_POINT ( 'NONE',  ( 21.68494225741374137, -38.30665341412540670, 15.34277950575898153 ) ) ;
#2091 = CARTESIAN_POINT ( 'NONE',  ( 26.39999999999999858, 32.00000000000000000, 21.75000000000000000 ) ) ;
#2092 = AXIS2_PLACEMENT_3D ( 'NONE', #3133, #4125, #1836 ) ;
#2093 = CARTESIAN_POINT ( 'NONE',  ( 28.60881146524920382, -38.31760882611746410, 15.60061493737483929 ) ) ;
#2094 = DIRECTION ( 'NONE',  ( -0.03688416003543215638, 0.9993195478616841987, 4.136828983846639442E-14 ) ) ;
#2095 = CARTESIAN_POINT ( 'NONE',  ( 28.51783603055913474, -36.99999999999999289, 15.57828840736765130 ) ) ;
#2096 = CARTESIAN_POINT ( 'NONE',  ( 8.500000000000015987, 50.00000000000000000, 2.104480912413648319 ) ) ;
#2097 = AXIS2_PLACEMENT_3D ( 'NONE', #661, #365, #1025 ) ;
#2098 = EDGE_CURVE ( 'NONE', #4091, #4105, #2203, .T. ) ;
#2099 = CARTESIAN_POINT ( 'NONE',  ( 17.34190623127273057, -34.86657035284422790, 12.23252432524077449 ) ) ;
#2100 = CARTESIAN_POINT ( 'NONE',  ( 23.99964204288315273, 32.97943042511095513, 19.71886710480023908 ) ) ;
#2101 = VERTEX_POINT ( 'NONE', #1505 ) ;
#2102 = CARTESIAN_POINT ( 'NONE',  ( 24.36765823437500345, 33.09524806581030987, 21.27604166700806232 ) ) ;
#2103 = CARTESIAN_POINT ( 'NONE',  ( 24.28808248393150038, 33.20902502603556172, 19.76575920480383175 ) ) ;
#2104 = CARTESIAN_POINT ( 'NONE',  ( 26.26468353125000021, 31.26983462279312675, 21.63020833367473372 ) ) ;
#2105 = CARTESIAN_POINT ( 'NONE',  ( 23.60000000000000497, 32.80829037686547167, 19.73958333401613174 ) ) ;
#2106 = ORIENTED_EDGE ( 'NONE', *, *, #3516, .T. ) ;
#2107 = ORIENTED_EDGE ( 'NONE', *, *, #1844, .F. ) ;
#2108 = CARTESIAN_POINT ( 'NONE',  ( 26.40000000000000213, 31.19170962313452478, 21.48958333401612819 ) ) ;
#2109 = CARTESIAN_POINT ( 'NONE',  ( 25.00000000000000000, 30.38341924626904955, 21.62500000000000355 ) ) ;
#2110 = EDGE_CURVE ( 'NONE', #3677, #1514, #3866, .T. ) ;
#2111 = CARTESIAN_POINT ( 'NONE',  ( 4.096985439621990466, -37.00000000000000000, 5.000000000000000000 ) ) ;
#2112 = CARTESIAN_POINT ( 'NONE',  ( 25.69999999999999929, 33.21243556529821461, 21.33333333333333215 ) ) ;
#2113 = EDGE_CURVE ( 'NONE', #590, #3305, #1531, .T. ) ;
#2114 = VERTEX_POINT ( 'NONE', #1148 ) ;
#2115 = CARTESIAN_POINT ( 'NONE',  ( 25.69999999999999929, 33.21243556529821461, 19.83333333333333215 ) ) ;
#2116 = CARTESIAN_POINT ( 'NONE',  ( 25.00000000000000000, 30.53966924558625706, 20.04687500034140157 ) ) ;
#2117 = CARTESIAN_POINT ( 'NONE',  ( 25.71568025787036404, 34.66142601956329372, 23.28530208144140090 ) ) ;
#2118 = DIRECTION ( 'NONE',  ( 0.000000000000000000, 1.000000000000000000, 0.000000000000000000 ) ) ;
#2119 = CARTESIAN_POINT ( 'NONE',  ( 25.76910582602598510, -34.97040907772966278, 8.682964694047695886 ) ) ;
#2120 = CARTESIAN_POINT ( 'NONE',  ( 21.68494225741378756, -38.30665341412550617, 15.34277950575894245 ) ) ;
#2121 = ORIENTED_EDGE ( 'NONE', *, *, #104, .F. ) ;
#2122 = CARTESIAN_POINT ( 'NONE',  ( 23.60000000000000142, 32.00000000000000000, 20.49999999999999645 ) ) ;
#2123 = CARTESIAN_POINT ( 'NONE',  ( 24.13510120162723283, 33.10477062408390481, 19.74318177504434146 ) ) ;
#2124 = CARTESIAN_POINT ( 'NONE',  ( 25.63234176562500011, 33.09524806581030987, 20.75520833367473017 ) ) ;
#2125 = CARTESIAN_POINT ( 'NONE',  ( 23.87351834139838758, 32.85061183307372090, 19.69509096556697614 ) ) ;
#2126 = CARTESIAN_POINT ( 'NONE',  ( 24.30000000000000071, 30.78756443470178894, 19.86458333401612819 ) ) ;
#2127 = EDGE_LOOP ( 'NONE', ( #3604, #3554, #2086, #21, #2742 ) ) ;
#2128 = VERTEX_POINT ( 'NONE', #3509 ) ;
#2129 = CARTESIAN_POINT ( 'NONE',  ( 25.69999999999999929, 33.21243556529821461, 21.61458333401613174 ) ) ;
#2130 = CARTESIAN_POINT ( 'NONE',  ( 35.90301456037743577, 0.000000000000000000, 27.99999999999999645 ) ) ;
#2131 = FACE_OUTER_BOUND ( 'NONE', #2956, .T. ) ;
#2132 = CARTESIAN_POINT ( 'NONE',  ( 26.40000000000000213, 31.19170962313452478, 21.70833333333333570 ) ) ;
#2133 = VERTEX_POINT ( 'NONE', #466 ) ;
#2134 = AXIS2_PLACEMENT_3D ( 'NONE', #2288, #2664, #3959 ) ;
#2135 = ADVANCED_FACE ( 'NONE', ( #3158 ), #151, .T. ) ;
#2136 = CARTESIAN_POINT ( 'NONE',  ( 21.68861392072761518, -38.39538850087311772, 15.33998821029194204 ) ) ;
#2137 = CARTESIAN_POINT ( 'NONE',  ( 27.60787724454693048, 32.89101838241646192, 22.92198799313925761 ) ) ;
#2138 = LINE ( 'NONE', #3460, #3519 ) ;
#2139 = ADVANCED_FACE ( 'NONE', ( #997 ), #256, .F. ) ;
#2140 = CARTESIAN_POINT ( 'NONE',  ( 13.58290819189410037, -35.66475121214477184, 14.52129962546698394 ) ) ;
#2141 = ORIENTED_EDGE ( 'NONE', *, *, #3274, .F. ) ;
#2142 = DIRECTION ( 'NONE',  ( -0.000000000000000000, -0.000000000000000000, -1.000000000000000000 ) ) ;
#2143 = CARTESIAN_POINT ( 'NONE',  ( 26.39999999999999858, 32.00000000000000000, 20.74999999999999645 ) ) ;
#2144 = EDGE_CURVE ( 'NONE', #3581, #2667, #3303, .T. ) ;
#2145 = CARTESIAN_POINT ( 'NONE',  ( 25.36381678537913587, 30.64500292345867649, 19.80081491598566146 ) ) ;
#2146 = CARTESIAN_POINT ( 'NONE',  ( 23.60000000000000142, 32.00000722020690347, 20.28124962848740509 ) ) ;
#2147 = CARTESIAN_POINT ( 'NONE',  ( 26.39999999999998437, 31.99999981097138857, 21.53124990926128746 ) ) ;
#2148 = CARTESIAN_POINT ( 'NONE',  ( 23.59999999999999076, 31.19170962313452833, 21.04166666666666430 ) ) ;
#2149 =( BOUNDED_CURVE ( )  B_SPLINE_CURVE ( 2, ( #4176, #854, #3585, #1536, #2876, #263, #4197 ),
 .UNSPECIFIED., .F., .F. ) 
 B_SPLINE_CURVE_WITH_KNOTS ( ( 3, 2, 2, 3 ),
 ( 0.6817616104995708470, 0.7196368431527466747, 0.7575124664765784388, 0.7953882525706277296 ),
 .UNSPECIFIED. ) 
 CURVE ( )  GEOMETRIC_REPRESENTATION_ITEM ( )  RATIONAL_B_SPLINE_CURVE ( ( 0.9999972362485984867, 0.8660267856743930626, 1.000000000000000000, 0.8660254037844387076, 1.000000000000000000, 0.8660254037844387076, 1.000000000000000000 ) ) 
 REPRESENTATION_ITEM ( '' )  );
#2150 = ORIENTED_EDGE ( 'NONE', *, *, #228, .T. ) ;
#2151 = ORIENTED_EDGE ( 'NONE', *, *, #3436, .T. ) ;
#2152 = CARTESIAN_POINT ( 'NONE',  ( 26.13263687677767422, 32.82288134342888952, 19.58162605480904261 ) ) ;
#2153 = LINE ( 'NONE', #1489, #3541 ) ;
#2154 = CARTESIAN_POINT ( 'NONE',  ( 25.00000000000000000, 32.00000000000000000, 17.00000000000000000 ) ) ;
#2155 = VECTOR ( 'NONE', #47, 1000.000000000000000 ) ;
#2156 = CARTESIAN_POINT ( 'NONE',  ( 23.60000000000000497, 31.19170962313452478, 21.04166666666666785 ) ) ;
#2157 = CARTESIAN_POINT ( 'NONE',  ( 21.22479083316290271, -37.00000000000000000, 11.45551231904532585 ) ) ;
#2158 = AXIS2_PLACEMENT_3D ( 'NONE', #3648, #1721, #1682 ) ;
#2159 = ORIENTED_EDGE ( 'NONE', *, *, #475, .F. ) ;
#2160 = CARTESIAN_POINT ( 'NONE',  ( 26.02316228924797059, 32.74334605943384702, 19.65975105446763749 ) ) ;
#2161 = ADVANCED_BREP_SHAPE_REPRESENTATION ( 'extruder_syringe_mount_coaxial', ( #3318, #486 ), #2682 ) ;
#2162 = EDGE_CURVE ( 'NONE', #3441, #1321, #2989, .T. ) ;
#2163 = CARTESIAN_POINT ( 'NONE',  ( 25.00000000000000000, 40.00000000000000000, 9.012334907815747087 ) ) ;
#2164 = DIRECTION ( 'NONE',  ( -1.121498727219005787E-12, 3.469446951953614189E-15, -1.000000000000000000 ) ) ;
#2165 = EDGE_CURVE ( 'NONE', #2992, #3858, #3050, .T. ) ;
#2166 = CARTESIAN_POINT ( 'NONE',  ( 13.74846684809938147, -38.31760882611746410, 24.10061493739151572 ) ) ;
#2167 = CARTESIAN_POINT ( 'NONE',  ( 18.08628173658953742, -40.50000000000000000, 43.09168745040885540 ) ) ;
#2168 = ADVANCED_FACE ( 'NONE', ( #3260 ), #1141, .F. ) ;
#2169 = DIRECTION ( 'NONE',  ( -7.806255641895633503E-15, 0.000000000000000000, 1.000000000000000000 ) ) ;
#2170 = ORIENTED_EDGE ( 'NONE', *, *, #1179, .T. ) ;
#2171 = ORIENTED_EDGE ( 'NONE', *, *, #311, .T. ) ;
#2172 = CARTESIAN_POINT ( 'NONE',  ( 24.36765823437500345, 33.09524806581030987, 21.77604166700806232 ) ) ;
#2173 = CARTESIAN_POINT ( 'NONE',  ( 28.34856824846138323, -38.30800343765420024, 15.60061493737513239 ) ) ;
#2174 = B_SPLINE_CURVE_WITH_KNOTS ( 'NONE', 3,
 ( #559, #2318, #2600, #3915 ),
 .UNSPECIFIED., .F., .F.,
 ( 4, 4 ),
 ( 5.204170427930421283E-18, 0.0005946134558207159370 ),
 .UNSPECIFIED. ) ;
#2175 = DIRECTION ( 'NONE',  ( 0.000000000000000000, 0.000000000000000000, 1.000000000000000000 ) ) ;
#2176 = ORIENTED_EDGE ( 'NONE', *, *, #4007, .T. ) ;
#2177 = VERTEX_POINT ( 'NONE', #3668 ) ;
#2178 = CARTESIAN_POINT ( 'NONE',  ( 26.40000000000000213, 32.80829037686547167, 20.07291666734946389 ) ) ;
#2179 = FACE_OUTER_BOUND ( 'NONE', #1842, .T. ) ;
#2180 = LINE ( 'NONE', #1557, #372 ) ;
#2181 = CARTESIAN_POINT ( 'NONE',  ( 28.20867089019639451, -34.94842727402869542, 9.138193130395025676 ) ) ;
#2182 = EDGE_LOOP ( 'NONE', ( #3491, #2210, #2685, #2159 ) ) ;
#2183 = CARTESIAN_POINT ( 'NONE',  ( 28.35859156965859995, -37.00000000000000711, 15.37402741865305700 ) ) ;
#2184 = CARTESIAN_POINT ( 'NONE',  ( 0.000000000000000000, 0.000000000000000000, 0.000000000000000000 ) ) ;
#2185 = CARTESIAN_POINT ( 'NONE',  ( 25.63234176562500011, 30.90475193418969369, 21.58854166700806232 ) ) ;
#2186 = CARTESIAN_POINT ( 'NONE',  ( 28.31199143876531821, -38.30665341412540670, 15.34277950575151372 ) ) ;
#2187 = EDGE_CURVE ( 'NONE', #2128, #2807, #1317, .T. ) ;
#2188 = ORIENTED_EDGE ( 'NONE', *, *, #1815, .T. ) ;
#2189 = ORIENTED_EDGE ( 'NONE', *, *, #1495, .T. ) ;
#2190 = CARTESIAN_POINT ( 'NONE',  ( 28.67106748786136095, -38.57577909395079274, 15.74204656278956449 ) ) ;
#2191 = DIRECTION ( 'NONE',  ( -0.000000000000000000, -1.000000000000000000, -0.000000000000000000 ) ) ;
#2192 = CARTESIAN_POINT ( 'NONE',  ( 23.60000000003730847, 32.00000690809321213, 20.28110920934406636 ) ) ;
#2193 = CARTESIAN_POINT ( 'NONE',  ( 24.30000000000000071, 33.21243556529821461, 21.41666666666666785 ) ) ;
#2194 = VERTEX_POINT ( 'NONE', #3346 ) ;
#2195 = ORIENTED_EDGE ( 'NONE', *, *, #1542, .F. ) ;
#2196 = FACE_OUTER_BOUND ( 'NONE', #1664, .T. ) ;
#2197 = DIRECTION ( 'NONE',  ( -0.000000000000000000, -1.000000000000000000, -0.000000000000000000 ) ) ;
#2198 = CARTESIAN_POINT ( 'NONE',  ( 25.63234176562500011, 30.90475193418969369, 21.08854166700806587 ) ) ;
#2199 = CARTESIAN_POINT ( 'NONE',  ( 25.92328295951731576, -34.96964980753714514, 8.693040892220738058 ) ) ;
#2200 = EDGE_LOOP ( 'NONE', ( #3138, #653, #4090, #1783, #4143 ) ) ;
#2201 = AXIS2_PLACEMENT_3D ( 'NONE', #396, #2076, #3400 ) ;
#2202 =( BOUNDED_CURVE ( )  B_SPLINE_CURVE ( 2, ( #1018, #2335, #3368, #3693, #698, #359, #2669 ),
 .UNSPECIFIED., .F., .F. ) 
 B_SPLINE_CURVE_WITH_KNOTS ( ( 3, 2, 2, 3 ),
 ( 0.3408805518262684187, 0.3787562332382915509, 0.4166318565621204839, 0.4545074968287689532 ),
 .UNSPECIFIED. ) 
 CURVE ( )  GEOMETRIC_REPRESENTATION_ITEM ( )  RATIONAL_B_SPLINE_CURVE ( ( 1.000000000000000000, 0.8660254037844387076, 1.000000000000000000, 0.8660254037844387076, 1.000000000000000000, 0.8660254037844387076, 1.000000000000000000 ) ) 
 REPRESENTATION_ITEM ( '' )  );
#2203 = CIRCLE ( 'NONE', #864, 0.3000000000000003775 ) ;
#2204 = CARTESIAN_POINT ( 'NONE',  ( 16.73679037840495099, -34.88430754313922222, 14.41233490781574922 ) ) ;
#2205 = CARTESIAN_POINT ( 'NONE',  ( 18.19031922649589106, -36.82787053414143230, 15.60061493738652949 ) ) ;
#2206 = AXIS2_PLACEMENT_3D ( 'NONE', #3700, #2052, #3341 ) ;
#2207 = CARTESIAN_POINT ( 'NONE',  ( 33.24725102959983758, -34.82581175959357722, 14.14297501373331123 ) ) ;
#2208 = CARTESIAN_POINT ( 'NONE',  ( 24.29325564194238041, 30.77777414228657094, 19.76856453117154899 ) ) ;
#2209 = EDGE_LOOP ( 'NONE', ( #3468, #982, #3038, #1469, #2354, #1863 ) ) ;
#2210 = ORIENTED_EDGE ( 'NONE', *, *, #2510, .F. ) ;
#2211 = CARTESIAN_POINT ( 'NONE',  ( 28.71214474634395586, -38.59406143060471095, 15.77925142061760155 ) ) ;
#2212 = CARTESIAN_POINT ( 'NONE',  ( 24.22085536777099790, -36.99999999999999289, 10.71129229838249941 ) ) ;
#2213 = CARTESIAN_POINT ( 'NONE',  ( 23.60000000000000142, 32.00000000000000000, 21.50000000000000000 ) ) ;
#2214 = ADVANCED_FACE ( 'NONE', ( #12 ), #2411, .T. ) ;
#2215 = EDGE_LOOP ( 'NONE', ( #3505, #3528, #3367, #3999, #3021, #1603 ) ) ;
#2216 = VERTEX_POINT ( 'NONE', #3601 ) ;
#2217 = CARTESIAN_POINT ( 'NONE',  ( 25.63234176562500011, 30.90475193418969369, 20.52604166700806587 ) ) ;
#2218 = PLANE ( 'NONE',  #1950 ) ;
#2219 = CARTESIAN_POINT ( 'NONE',  ( 28.77054589641827675, -38.60608063386163735, 15.81499894038858045 ) ) ;
#2220 = FACE_OUTER_BOUND ( 'NONE', #1238, .T. ) ;
#2221 = CARTESIAN_POINT ( 'NONE',  ( 25.63234176562500011, 30.90475193418969369, 20.58854166700806587 ) ) ;
#2222 = CARTESIAN_POINT ( 'NONE',  ( 31.24978536219290959, -36.99999999999996447, 14.70642265168769391 ) ) ;
#2223 = EDGE_CURVE ( 'NONE', #2369, #734, #604, .T. ) ;
#2224 = ORIENTED_EDGE ( 'NONE', *, *, #2087, .T. ) ;
#2225 = ADVANCED_FACE ( 'NONE', ( #320 ), #2968, .F. ) ;
#2226 = VECTOR ( 'NONE', #574, 1000.000000000000000 ) ;
#2227 = LINE ( 'NONE', #1231, #2623 ) ;
#2228 = AXIS2_PLACEMENT_3D ( 'NONE', #24, #97, #1086 ) ;
#2229 = DIRECTION ( 'NONE',  ( 1.000000000000000000, 0.000000000000000000, 0.000000000000000000 ) ) ;
#2230 = CARTESIAN_POINT ( 'NONE',  ( 16.73427832596117426, -34.99999999999999289, 14.41233490781574922 ) ) ;
#2231 = VECTOR ( 'NONE', #1143, 1000.000000000000000 ) ;
#2232 = AXIS2_PLACEMENT_3D ( 'NONE', #3011, #318, #1314 ) ;
#2233 = CARTESIAN_POINT ( 'NONE',  ( 24.30000000000000071, 30.78756443470178894, 20.08333333333333215 ) ) ;
#2234 = DIRECTION ( 'NONE',  ( -1.121746318492059232E-12, 0.000000000000000000, -1.000000000000000000 ) ) ;
#2235 = CARTESIAN_POINT ( 'NONE',  ( 28.27354124339309394, -40.66360099421717678, 15.10242198924403567 ) ) ;
#2236 = VECTOR ( 'NONE', #317, 1000.000000000000000 ) ;
#2237 = ORIENTED_EDGE ( 'NONE', *, *, #44, .T. ) ;
#2238 = CARTESIAN_POINT ( 'NONE',  ( 50.00000000000000000, 5.000000000000000000, 0.000000000000000000 ) ) ;
#2239 = CARTESIAN_POINT ( 'NONE',  ( 25.00000000000000000, 33.46033075441374649, 20.23437500034139802 ) ) ;
#2240 = ADVANCED_FACE ( 'NONE', ( #1599 ), #1072, .F. ) ;
#2241 = PLANE ( 'NONE',  #2665 ) ;
#2242 = DIRECTION ( 'NONE',  ( 0.8993568816258150633, -0.01381449973490862446, 0.4369969783297861787 ) ) ;
#2243 = DIRECTION ( 'NONE',  ( -1.121777405443293329E-12, 0.000000000000000000, -1.000000000000000000 ) ) ;
#2244 = ORIENTED_EDGE ( 'NONE', *, *, #1171, .F. ) ;
#2245 = ORIENTED_EDGE ( 'NONE', *, *, #4155, .F. ) ;
#2246 = CARTESIAN_POINT ( 'NONE',  ( 25.63234176562500011, 30.90475193418969369, 20.02604166700806587 ) ) ;
#2247 = LINE ( 'NONE', #262, #3972 ) ;
#2248 = CARTESIAN_POINT ( 'NONE',  ( 13.62200605437000611, -34.99999999999999289, 14.41233490781574922 ) ) ;
#2249 = CARTESIAN_POINT ( 'NONE',  ( 25.69999999999999929, 30.78756443470178894, 21.66666666666666430 ) ) ;
#2250 = VERTEX_POINT ( 'NONE', #4002 ) ;
#2251 = EDGE_CURVE ( 'NONE', #3272, #2001, #1628, .T. ) ;
#2252 = DIRECTION ( 'NONE',  ( 0.000000000000000000, -1.000000000000000000, 0.000000000000000000 ) ) ;
#2253 = EDGE_CURVE ( 'NONE', #2421, #1690, #1498, .T. ) ;
#2254 = DIRECTION ( 'NONE',  ( -0.000000000000000000, -1.000000000000000000, -0.000000000000000000 ) ) ;
#2255 = CARTESIAN_POINT ( 'NONE',  ( 24.36765823437500345, 33.09524806581030987, 20.33854166700806587 ) ) ;
#2256 = DIRECTION ( 'NONE',  ( -0.000000000000000000, -0.000000000000000000, 1.000000000000000000 ) ) ;
#2257 = DIRECTION ( 'NONE',  ( -1.516103389671757557E-12, 0.000000000000000000, 1.000000000000000000 ) ) ;
#2258 = ORIENTED_EDGE ( 'NONE', *, *, #3899, .T. ) ;
#2259 = DIRECTION ( 'NONE',  ( 1.817080791336688000E-06, -2.501090167869214710E-06, 0.9999999999952213781 ) ) ;
#2260 = FACE_OUTER_BOUND ( 'NONE', #766, .T. ) ;
#2261 = DIRECTION ( 'NONE',  ( 0.000000000000000000, 1.000000000000000000, 0.000000000000000000 ) ) ;
#2262 = CARTESIAN_POINT ( 'NONE',  ( 21.00532752583183793, -38.61755851080600621, 15.89428263471443259 ) ) ;
#2263 = CARTESIAN_POINT ( 'NONE',  ( 25.00000000000000000, 30.53966924558625706, 20.04687500034140157 ) ) ;
#2264 = CARTESIAN_POINT ( 'NONE',  ( 28.87355206525146656, -38.88907856600247470, 16.16264335394196650 ) ) ;
#2265 = CARTESIAN_POINT ( 'NONE',  ( 25.00000000000000000, 0.000000000000000000, 19.81233490781574957 ) ) ;
#2266 = ORIENTED_EDGE ( 'NONE', *, *, #1815, .F. ) ;
#2267 = VERTEX_POINT ( 'NONE', #2450 ) ;
#2268 = CARTESIAN_POINT ( 'NONE',  ( 13.74846684808984776, -38.31760882611746410, 15.60061493739150684 ) ) ;
#2269 = CARTESIAN_POINT ( 'NONE',  ( 16.74180033065442785, -34.82670592111655594, 14.41233490781574567 ) ) ;
#2270 = CYLINDRICAL_SURFACE ( 'NONE', #802, 1.399999999999998579 ) ;
#2271 = CARTESIAN_POINT ( 'NONE',  ( 25.63234176562500011, 33.09524806581030987, 21.25520833367473017 ) ) ;
#2272 = ORIENTED_EDGE ( 'NONE', *, *, #2497, .T. ) ;
#2273 =( BOUNDED_CURVE ( )  B_SPLINE_CURVE ( 2, ( #2281, #2565, #3234, #3527, #2517, #842, #2612 ),
 .UNSPECIFIED., .F., .F. ) 
 B_SPLINE_CURVE_WITH_KNOTS ( ( 3, 2, 2, 3 ),
 ( 0.4545074968287689532, 0.4923831032097785720, 0.5302587265336076161, 0.5681344106495390678 ),
 .UNSPECIFIED. ) 
 CURVE ( )  GEOMETRIC_REPRESENTATION_ITEM ( )  RATIONAL_B_SPLINE_CURVE ( ( 1.000000000000000000, 0.8660254037844387076, 1.000000000000000000, 0.8660254037844387076, 1.000000000000000000, 0.8660254037844387076, 1.000000000000000000 ) ) 
 REPRESENTATION_ITEM ( '' )  );
#2274 = DIRECTION ( 'NONE',  ( -1.000000000000000000, 0.000000000000000000, -3.006854025026466051E-14 ) ) ;
#2275 = ADVANCED_FACE ( 'NONE', ( #3399 ), #2757, .F. ) ;
#2276 = CARTESIAN_POINT ( 'NONE',  ( 24.99846684809789465, -38.61760882611746126, 22.77248993737889293 ) ) ;
#2277 = CARTESIAN_POINT ( 'NONE',  ( 25.63234176562500011, 30.90475193418969369, 20.08854166700806587 ) ) ;
#2278 = AXIS2_PLACEMENT_3D ( 'NONE', #1506, #2846, #4170 ) ;
#2279 = SHAPE_DEFINITION_REPRESENTATION ( #1038, #2161 ) ;
#2280 = DIRECTION ( 'NONE',  ( 0.000000000000000000, 0.000000000000000000, -1.000000000000000000 ) ) ;
#2281 = CARTESIAN_POINT ( 'NONE',  ( 23.60000000000007603, 32.00000030699627018, 20.78124388499913877 ) ) ;
#2282 = ADVANCED_FACE ( 'NONE', ( #4021 ), #87, .T. ) ;
#2283 = ORIENTED_EDGE ( 'NONE', *, *, #3510, .T. ) ;
#2284 = CARTESIAN_POINT ( 'NONE',  ( 26.13263580870787450, 32.82288281346333747, 19.80037616169302694 ) ) ;
#2285 = CARTESIAN_POINT ( 'NONE',  ( 23.73531646875000334, 32.00000000000000000, 19.85937500034139802 ) ) ;
#2286 = CARTESIAN_POINT ( 'NONE',  ( 25.43559400588447517, 33.33504786101822503, 19.79580299091031392 ) ) ;
#2287 = AXIS2_PLACEMENT_3D ( 'NONE', #2943, #1929, #4285 ) ;
#2288 = CARTESIAN_POINT ( 'NONE',  ( 36.71547090197574192, -34.99999999999999289, 16.14297501373331656 ) ) ;
#2289 = LINE ( 'NONE', #3558, #452 ) ;
#2290 = ORIENTED_EDGE ( 'NONE', *, *, #348, .T. ) ;
#2291 = EDGE_CURVE ( 'NONE', #1672, #3597, #2365, .T. ) ;
#2292 = VERTEX_POINT ( 'NONE', #70 ) ;
#2293 = CARTESIAN_POINT ( 'NONE',  ( 46.50000000000000000, 0.000000000000000000, 5.000000000000000000 ) ) ;
#2294 = CARTESIAN_POINT ( 'NONE',  ( 18.73256493850398385, -11.61569034858168692, 14.41233490781574922 ) ) ;
#2295 = CARTESIAN_POINT ( 'NONE',  ( 26.26468353125000021, 32.00000000000000000, 21.10937500034139802 ) ) ;
#2296 = CARTESIAN_POINT ( 'NONE',  ( 25.00000000000000000, 30.38341924626904955, 21.12499999999999645 ) ) ;
#2297 = ORIENTED_EDGE ( 'NONE', *, *, #1716, .F. ) ;
#2298 = EDGE_LOOP ( 'NONE', ( #2947, #536 ) ) ;
#2299 = DIRECTION ( 'NONE',  ( -1.000000000000000000, 0.000000000000000000, -1.214306433183764966E-16 ) ) ;
#2300 =( BOUNDED_CURVE ( )  B_SPLINE_CURVE ( 2, ( #3481, #3170, #4141, #1188, #2233, #1545, #459 ),
 .UNSPECIFIED., .F., .F. ) 
 B_SPLINE_CURVE_WITH_KNOTS ( ( 3, 2, 2, 3 ),
 ( 0.7000000000000006217, 0.7333333333333339477, 0.7666666666666673846, 0.8000000000000007105 ),
 .UNSPECIFIED. ) 
 CURVE ( )  GEOMETRIC_REPRESENTATION_ITEM ( )  RATIONAL_B_SPLINE_CURVE ( ( 0.9999999999999973355, 0.8660254037844413721, 1.000000000000000000, 0.8660254037844387076, 1.000000000000000000, 0.8660254037844360431, 1.000000000000002665 ) ) 
 REPRESENTATION_ITEM ( '' )  );
#2301 = CARTESIAN_POINT ( 'NONE',  ( 31.12878124955365067, -37.00000000000000000, 15.60061493737689631 ) ) ;
#2302 = CARTESIAN_POINT ( 'NONE',  ( 28.23907377614133907, -40.50000000000000000, 15.19712057722436427 ) ) ;
#2303 = CIRCLE ( 'NONE', #3338, 0.3000000000000017097 ) ;
#2304 = CARTESIAN_POINT ( 'NONE',  ( 28.82665191891688750, -40.50000000000000000, 13.58276289777784029 ) ) ;
#2305 = CARTESIAN_POINT ( 'NONE',  ( 17.28389287626766802, -34.86387761692558485, 12.31901856667855810 ) ) ;
#2306 = ORIENTED_EDGE ( 'NONE', *, *, #688, .T. ) ;
#2307 = LINE ( 'NONE', #2661, #333 ) ;
#2308 = DIRECTION ( 'NONE',  ( 0.000000000000000000, 1.000000000000000000, 0.000000000000000000 ) ) ;
#2309 = EDGE_CURVE ( 'NONE', #1423, #590, #4061, .T. ) ;
#2310 = AXIS2_PLACEMENT_3D ( 'NONE', #3973, #226, #568 ) ;
#2311 = CARTESIAN_POINT ( 'NONE',  ( 31.25695675241613003, -36.99999999999997868, 14.70555782147199331 ) ) ;
#2312 = EDGE_CURVE ( 'NONE', #4312, #1892, #242, .T. ) ;
#2313 = CARTESIAN_POINT ( 'NONE',  ( 4.096985439621995795, -34.99999999999999289, 26.00000000000000000 ) ) ;
#2314 = VECTOR ( 'NONE', #2802, 1000.000000000000000 ) ;
#2315 = ORIENTED_EDGE ( 'NONE', *, *, #1171, .T. ) ;
#2316 = VERTEX_POINT ( 'NONE', #3417 ) ;
#2317 = CARTESIAN_POINT ( 'NONE',  ( 25.00000000000000000, 30.53966924558625706, 19.98437500034140157 ) ) ;
#2318 = CARTESIAN_POINT ( 'NONE',  ( 21.67715920879485125, -37.00000000000000000, 14.97539719535948954 ) ) ;
#2319 = CARTESIAN_POINT ( 'NONE',  ( 25.00000000000000000, 30.53966924558625706, 19.98437500034140157 ) ) ;
#2320 = CARTESIAN_POINT ( 'NONE',  ( 25.69999999999999929, 30.78756443470178894, 21.16666666666666785 ) ) ;
#2321 = CARTESIAN_POINT ( 'NONE',  ( 30.47673080735265216, -36.99999999999997868, 12.68006629609546287 ) ) ;
#2322 = ORIENTED_EDGE ( 'NONE', *, *, #3124, .F. ) ;
#2323 = ORIENTED_EDGE ( 'NONE', *, *, #2487, .T. ) ;
#2324 = CARTESIAN_POINT ( 'NONE',  ( 27.75000000000000000, 32.00000000000000000, 22.00000000000000000 ) ) ;
#2325 = CARTESIAN_POINT ( 'NONE',  ( 28.28150919152763265, -40.49999999999999289, 15.08053023166493922 ) ) ;
#2326 = CARTESIAN_POINT ( 'NONE',  ( 25.00000000000000000, 0.000000000000000000, 14.41233490781574922 ) ) ;
#2327 = VERTEX_POINT ( 'NONE', #109 ) ;
#2328 = CARTESIAN_POINT ( 'NONE',  ( 26.39999999999999503, 32.14660727199380830, 19.62769683197787174 ) ) ;
#2329 = FACE_OUTER_BOUND ( 'NONE', #27, .T. ) ;
#2330 = DIRECTION ( 'NONE',  ( 0.000000000000000000, -1.000000000000000000, 0.000000000000000000 ) ) ;
#2331 = EDGE_CURVE ( 'NONE', #2101, #3612, #4101, .T. ) ;
#2332 = DIRECTION ( 'NONE',  ( 0.000000000000000000, 0.000000000000000000, 1.000000000000000000 ) ) ;
#2333 = VERTEX_POINT ( 'NONE', #2469 ) ;
#2334 = ORIENTED_EDGE ( 'NONE', *, *, #3430, .F. ) ;
#2335 = CARTESIAN_POINT ( 'NONE',  ( 26.39999999999999858, 31.19170962313452478, 20.98958333401612819 ) ) ;
#2336 = EDGE_CURVE ( 'NONE', #1652, #1772, #2839, .T. ) ;
#2337 = CARTESIAN_POINT ( 'NONE',  ( 25.00000000000000000, 32.00000000000000000, 17.00000000000000000 ) ) ;
#2338 = CARTESIAN_POINT ( 'NONE',  ( 25.63234176562500011, 30.90475193418969369, 21.52604166700806232 ) ) ;
#2339 = DIRECTION ( 'NONE',  ( -0.000000000000000000, 1.000000000000000000, -0.000000000000000000 ) ) ;
#2340 = CARTESIAN_POINT ( 'NONE',  ( 26.39999999999999858, 32.00000000000000000, 21.53125000068279604 ) ) ;
#2341 = VERTEX_POINT ( 'NONE', #1794 ) ;
#2342 = CARTESIAN_POINT ( 'NONE',  ( 8.500000000000015987, 4.999999999999997335, 2.104480912413648319 ) ) ;
#2343 = PRODUCT_RELATED_PRODUCT_CATEGORY ( 'part', '', ( #405 ) ) ;
#2344 = CARTESIAN_POINT ( 'NONE',  ( -5.828670879282063949E-16, 0.000000000000000000, 4.799999999999993605 ) ) ;
#2345 = CARTESIAN_POINT ( 'NONE',  ( 21.37492257466120193, -38.52327072138910324, 15.67526466250598105 ) ) ;
#2346 = CIRCLE ( 'NONE', #2278, 8.640988325613589538 ) ;
#2347 = ORIENTED_EDGE ( 'NONE', *, *, #759, .F. ) ;
#2348 = CARTESIAN_POINT ( 'NONE',  ( 31.53488717551786280, -36.92505728422885625, 15.60061493736574967 ) ) ;
#2349 = CARTESIAN_POINT ( 'NONE',  ( 28.86278433786120345, -38.62498994338557168, 16.12936270594196486 ) ) ;
#2350 = AXIS2_PLACEMENT_3D ( 'NONE', #3193, #2908, #2257 ) ;
#2351 = CARTESIAN_POINT ( 'NONE',  ( 8.500000000000015987, 50.00000000000000000, 2.104480912413648319 ) ) ;
#2352 = DIRECTION ( 'NONE',  ( 0.000000000000000000, -0.000000000000000000, 1.000000000000000000 ) ) ;
#2353 = VERTEX_POINT ( 'NONE', #481 ) ;
#2354 = ORIENTED_EDGE ( 'NONE', *, *, #1699, .F. ) ;
#2355 = DIRECTION ( 'NONE',  ( 0.000000000000000000, 1.000000000000000000, 0.000000000000000000 ) ) ;
#2356 = CIRCLE ( 'NONE', #435, 11.32812500000000000 ) ;
#2357 = CARTESIAN_POINT ( 'NONE',  ( 21.07287228890826114, 0.000000000000000000, 18.11877092382565380 ) ) ;
#2358 = CARTESIAN_POINT ( 'NONE',  ( 23.73531646875000689, 31.26983462279312675, 21.40104166700806587 ) ) ;
#2359 = AXIS2_PLACEMENT_3D ( 'NONE', #3392, #1408, #1808 ) ;
#2360 = CARTESIAN_POINT ( 'NONE',  ( 26.40000000000000213, 31.19170962313452478, 20.70833333333333215 ) ) ;
#2361 = EDGE_CURVE ( 'NONE', #629, #3630, #2490, .T. ) ;
#2362 = ORIENTED_EDGE ( 'NONE', *, *, #3955, .T. ) ;
#2363 = DIRECTION ( 'NONE',  ( 1.000000000000000000, 0.000000000000000000, 0.000000000000000000 ) ) ;
#2364 = EDGE_CURVE ( 'NONE', #2114, #237, #887, .T. ) ;
#2365 = B_SPLINE_CURVE_WITH_KNOTS ( 'NONE', 3,
 ( #373, #1763, #2075, #2057, #31, #2099, #1054, #2041, #695, #1700, #2396, #1397, #4081, #773, #3707, #3066, #3046, #2373, #2412, #1414, #1357, #2119, #2740, #2700, #1076, #1436, #3440, #2429, #2777, #3743, #1015, #49, #1376, #395, #2721, #3381, #4043, #709, #1742, #1720 ),
 .UNSPECIFIED., .F., .F.,
 ( 4, 2, 2, 2, 2, 2, 2, 2, 2, 2, 2, 2, 2, 2, 2, 2, 2, 2, 2, 4 ),
 ( 6.938893903907228378E-18, 0.001385758700107328403, 0.002078638050160986749, 0.002771517400214645096, 0.003464396750268303442, 0.004157276100321961355, 0.004850155450375619702, 0.005543034800429278049, 0.006928793500536606885, 0.008314552200643936589, 0.01108606960085860293, 0.01385758700107327102, 0.01524334570118061200, 0.01662910440128795297, 0.01732198375134161999, 0.01801486310139528355, 0.01940062180150261759, 0.02078638050160995163, 0.02147925985166362212, 0.02217213920171728914 ),
 .UNSPECIFIED. ) ;
#2366 = CARTESIAN_POINT ( 'NONE',  ( 28.38198608309613036, -40.50000000000000000, 16.03102334423496700 ) ) ;
#2367 = VECTOR ( 'NONE', #1, 1000.000000000000000 ) ;
#2368 = CARTESIAN_POINT ( 'NONE',  ( 21.66553232650080218, -38.69279125219137683, 15.52089622438399807 ) ) ;
#2369 = VERTEX_POINT ( 'NONE', #501 ) ;
#2370 = CARTESIAN_POINT ( 'NONE',  ( 33.19219101842948305, -35.53046415034005179, 14.21003591726281279 ) ) ;
#2371 = CARTESIAN_POINT ( 'NONE',  ( 26.13262941653187710, 32.82289161158949753, 19.69221779902533243 ) ) ;
#2372 = VECTOR ( 'NONE', #1568, 1000.000000000000000 ) ;
#2373 = CARTESIAN_POINT ( 'NONE',  ( 21.27152500652868738, -34.96078612932247864, 9.283880858807457059 ) ) ;
#2374 = CARTESIAN_POINT ( 'NONE',  ( 23.60000000000000142, 32.00000000000000000, 17.00000000000000000 ) ) ;
#2375 = CIRCLE ( 'NONE', #3742, 5.749999999999998224 ) ;
#2376 = ORIENTED_EDGE ( 'NONE', *, *, #3259, .T. ) ;
#2377 = EDGE_CURVE ( 'NONE', #1723, #402, #3750, .T. ) ;
#2378 = CARTESIAN_POINT ( 'NONE',  ( 21.35399733505821374, -37.00000000000001421, 11.73417001038193952 ) ) ;
#2379 = CARTESIAN_POINT ( 'NONE',  ( 21.60839352823863280, -37.00000000000001421, 14.78646504079851987 ) ) ;
#2380 = PRESENTATION_LAYER_ASSIGNMENT (  '', '', ( #1092 ) ) ;
#2381 = B_SPLINE_CURVE_WITH_KNOTS ( 'NONE', 3,
 ( #3947, #640, #3614, #1653 ),
 .UNSPECIFIED., .F., .F.,
 ( 4, 4 ),
 ( -3.469446951953614189E-18, 0.001318268869465618904 ),
 .UNSPECIFIED. ) ;
#2382 = CARTESIAN_POINT ( 'NONE',  ( 24.36765823437500345, 30.90475193418969369, 20.94270833367473017 ) ) ;
#2383 = CIRCLE ( 'NONE', #1328, 12.91880075056081445 ) ;
#2384 = CARTESIAN_POINT ( 'NONE',  ( 25.69999999999999929, 30.78756443470178894, 20.66666666666666785 ) ) ;
#2385 = CARTESIAN_POINT ( 'NONE',  ( 24.30000000000000071, 30.78756443470178894, 21.36458333401613174 ) ) ;
#2386 = ORIENTED_EDGE ( 'NONE', *, *, #411, .F. ) ;
#2387 = VERTEX_POINT ( 'NONE', #1142 ) ;
#2388 = VECTOR ( 'NONE', #2911, 1000.000000000000000 ) ;
#2389 = DIRECTION ( 'NONE',  ( 0.000000000000000000, 0.000000000000000000, -1.000000000000000000 ) ) ;
#2390 = EDGE_CURVE ( 'NONE', #96, #2674, #819, .T. ) ;
#2391 = CARTESIAN_POINT ( 'NONE',  ( 31.53488717551786280, -36.92505728422885625, 15.60061493736574967 ) ) ;
#2392 = CARTESIAN_POINT ( 'NONE',  ( 24.59959068830795559, -37.00000000000000000, 10.68997282853635689 ) ) ;
#2393 = EDGE_LOOP ( 'NONE', ( #3464, #77, #1008, #2597 ) ) ;
#2394 = CARTESIAN_POINT ( 'NONE',  ( 25.00000000000000000, 40.00000000000000000, 14.41233490781574922 ) ) ;
#2395 = CARTESIAN_POINT ( 'NONE',  ( 28.66983509230415450, -38.65082482355116866, 16.01843229432271798 ) ) ;
#2396 = CARTESIAN_POINT ( 'NONE',  ( 18.34616066552086977, -34.90565547063508234, 10.99406776984012524 ) ) ;
#2397 = FACE_OUTER_BOUND ( 'NONE', #3288, .T. ) ;
#2398 = EDGE_LOOP ( 'NONE', ( #3629, #2151 ) ) ;
#2399 = CARTESIAN_POINT ( 'NONE',  ( 0.000000000000000000, 50.00000000000000000, 0.000000000000000000 ) ) ;
#2400 = FACE_OUTER_BOUND ( 'NONE', #3733, .T. ) ;
#2401 = CARTESIAN_POINT ( 'NONE',  ( 24.36765823437500345, 30.90475193418969369, 21.50520833367473017 ) ) ;
#2402 = DIRECTION ( 'NONE',  ( 3.006854025026466051E-14, 0.000000000000000000, -1.000000000000000000 ) ) ;
#2403 = ORIENTED_EDGE ( 'NONE', *, *, #4056, .T. ) ;
#2404 = ORIENTED_EDGE ( 'NONE', *, *, #2487, .F. ) ;
#2405 = CARTESIAN_POINT ( 'NONE',  ( 30.96725730239379359, -37.00000000000000000, 15.53139114960670675 ) ) ;
#2406 = CARTESIAN_POINT ( 'NONE',  ( 23.60000000000000497, 32.80829037686547167, 20.95833333333333215 ) ) ;
#2407 = CARTESIAN_POINT ( 'NONE',  ( 24.36765823437500345, 33.09524806581030987, 21.83854166700806232 ) ) ;
#2408 = CARTESIAN_POINT ( 'NONE',  ( 24.05805899600236586, -37.00000000000535749, 8.689628671437366947 ) ) ;
#2409 = CARTESIAN_POINT ( 'NONE',  ( 32.27477547995709983, -36.68997330505570176, 15.06959153066026680 ) ) ;
#2410 = CARTESIAN_POINT ( 'NONE',  ( 28.31199143876531821, -38.30665341412540670, 15.34277950575151372 ) ) ;
#2411 =( BOUNDED_SURFACE ( )  B_SPLINE_SURFACE ( 3, 2, ( 
 ( #2684, #673, #650 ),
 ( #3326, #3910, #2264 ),
 ( #1641, #3579, #3285 ),
 ( #938, #2990, #278 ) ),
 .UNSPECIFIED., .F., .F., .F. ) 
 B_SPLINE_SURFACE_WITH_KNOTS ( ( 4, 4 ),
 ( 3, 3 ),
 ( 5.746271514173173500E-18, 4.322722946349459008E-05 ),
 ( 0.000000000000000000, 1.000000000000000000 ),
 .UNSPECIFIED. ) 
 GEOMETRIC_REPRESENTATION_ITEM ( )  RATIONAL_B_SPLINE_SURFACE ( (
 ( 1.000000000000000000, 0.7399665075371026912, 1.000000000000000000),
 ( 1.000000000000000000, 0.7431584770514131355, 1.000000000000000000),
 ( 1.000000000000000000, 0.7463196069013230405, 1.000000000000000000),
 ( 1.000000000000000000, 0.7494509269400164708, 1.000000000000000000) ) ) 
 REPRESENTATION_ITEM ( '' )  SURFACE ( )  );
#2412 = CARTESIAN_POINT ( 'NONE',  ( 21.70769289947353187, -34.96469238366507426, 9.144479790710228428 ) ) ;
#2413 = EDGE_CURVE ( 'NONE', #2101, #363, #4122, .T. ) ;
#2414 = ORIENTED_EDGE ( 'NONE', *, *, #7, .T. ) ;
#2415 = CARTESIAN_POINT ( 'NONE',  ( 20.92509887813922020, -37.00000000000000711, 12.26185807503012271 ) ) ;
#2416 = CARTESIAN_POINT ( 'NONE',  ( 24.99846684809935837, -30.39400882611746013, 24.10061493737890004 ) ) ;
#2417 = CARTESIAN_POINT ( 'NONE',  ( 25.00000000000000000, 30.53966924558625706, 20.54687500034139447 ) ) ;
#2418 = AXIS2_PLACEMENT_3D ( 'NONE', #3808, #2118, #1741 ) ;
#2419 = B_SPLINE_CURVE_WITH_KNOTS ( 'NONE', 3,
 ( #2186, #2935, #1546, #230, #166, #1165, #524, #1879, #482, #2865, #2887, #1212 ),
 .UNSPECIFIED., .F., .F.,
 ( 4, 2, 2, 2, 2, 4 ),
 ( 0.000000000000000000, 0.0003268241581358678175, 0.0004902362372038033796, 0.0006536483162717389959, 0.0009804724744076143486, 0.001307296632543489918 ),
 .UNSPECIFIED. ) ;
#2420 = ORIENTED_EDGE ( 'NONE', *, *, #93, .F. ) ;
#2421 = VERTEX_POINT ( 'NONE', #2166 ) ;
#2422 = DIRECTION ( 'NONE',  ( 0.000000000000000000, 1.000000000000000000, 0.000000000000000000 ) ) ;
#2423 = CARTESIAN_POINT ( 'NONE',  ( 21.34738568502303124, -37.00000000000000000, 15.60061493738298566 ) ) ;
#2424 = EDGE_CURVE ( 'NONE', #1690, #1386, #2574, .T. ) ;
#2425 = CARTESIAN_POINT ( 'NONE',  ( 21.36601639306137912, -38.88369893695216462, 16.01629032073625680 ) ) ;
#2426 = CARTESIAN_POINT ( 'NONE',  ( 21.33708574503576116, -38.88496663062330327, 16.03831926533073826 ) ) ;
#2427 = CARTESIAN_POINT ( 'NONE',  ( 33.25487182837818523, -34.99999999999999289, 14.14297501373331833 ) ) ;
#2428 = CARTESIAN_POINT ( 'NONE',  ( 27.07032108212583310, 30.18119857205913092, 23.06915044957032279 ) ) ;
#2429 = CARTESIAN_POINT ( 'NONE',  ( 30.30132842781227254, -34.91335193777363344, 10.03528543199722911 ) ) ;
#2430 = PLANE ( 'NONE',  #1290 ) ;
#2431 = EDGE_CURVE ( 'NONE', #1423, #2432, #2300, .T. ) ;
#2432 = VERTEX_POINT ( 'NONE', #2886 ) ;
#2433 =( BOUNDED_CURVE ( )  B_SPLINE_CURVE ( 2, ( #3812, #1764, #3483, #3418, #774, #1398, #821 ),
 .UNSPECIFIED., .F., .F. ) 
 B_SPLINE_CURVE_WITH_KNOTS ( ( 3, 2, 2, 3 ),
 ( 0.7953882525706277296, 0.8332637131242399686, 0.8711393364480697343, 0.9090150152125094918 ),
 .UNSPECIFIED. ) 
 CURVE ( )  GEOMETRIC_REPRESENTATION_ITEM ( )  RATIONAL_B_SPLINE_CURVE ( ( 1.000000000000000000, 0.8660254037844387076, 1.000000000000000000, 0.8660254037844387076, 1.000000000000000000, 0.8660254037844387076, 1.000000000000000000 ) ) 
 REPRESENTATION_ITEM ( '' )  );
#2434 = CARTESIAN_POINT ( 'NONE',  ( 23.73531646875000689, 31.26983462279312675, 21.40104166700806232 ) ) ;
#2435 = CARTESIAN_POINT ( 'NONE',  ( 28.34710721275161305, -37.42545550464420501, 15.36716379855429615 ) ) ;
#2436 = EDGE_CURVE ( 'NONE', #3373, #573, #2536, .T. ) ;
#2437 = CARTESIAN_POINT ( 'NONE',  ( 25.86515507300463312, 32.96083324012374760, 19.67736765083281369 ) ) ;
#2438 = AXIS2_PLACEMENT_3D ( 'NONE', #3584, #4218, #611 ) ;
#2439 = CARTESIAN_POINT ( 'NONE',  ( 48.00000000000000000, 50.00000000000000000, 9.000000000000000000 ) ) ;
#2440 = EDGE_LOOP ( 'NONE', ( #2993, #1464, #3828, #2024, #4295, #2970, #2848, #4257, #1349 ) ) ;
#2441 = VERTEX_POINT ( 'NONE', #3855 ) ;
#2442 = CARTESIAN_POINT ( 'NONE',  ( 26.26468353125000021, 31.26983462279312675, 21.56770833367473017 ) ) ;
#2443 = CARTESIAN_POINT ( 'NONE',  ( 22.52956021848639878, 30.77866977321263064, 22.96289601758454069 ) ) ;
#2444 = CARTESIAN_POINT ( 'NONE',  ( 33.11041659827944272, -34.84063209042309239, 15.53449485067374702 ) ) ;
#2445 = CARTESIAN_POINT ( 'NONE',  ( 26.40000000000000213, 31.19170962313452478, 21.20833333333333215 ) ) ;
#2446 = CIRCLE ( 'NONE', #3814, 1.399999999999998579 ) ;
#2447 = CARTESIAN_POINT ( 'NONE',  ( 26.26468353125000021, 32.00000000000000000, 21.17187500034139802 ) ) ;
#2448 = CARTESIAN_POINT ( 'NONE',  ( 41.49999999999998579, 50.00000000000000000, 2.104480912413648319 ) ) ;
#2449 = DIRECTION ( 'NONE',  ( -1.214306433183764966E-16, 0.000000000000000000, 1.000000000000000000 ) ) ;
#2450 = CARTESIAN_POINT ( 'NONE',  ( 35.90301456037743577, -37.00000000000000000, 38.00000000000000000 ) ) ;
#2451 = CARTESIAN_POINT ( 'NONE',  ( 24.30000000000000071, 33.21243556529821461, 19.69791666734946389 ) ) ;
#2452 = ORIENTED_EDGE ( 'NONE', *, *, #3059, .F. ) ;
#2453 = CARTESIAN_POINT ( 'NONE',  ( 13.74846684809937969, -38.39691773294821076, 24.10061493739151572 ) ) ;
#2454 = CARTESIAN_POINT ( 'NONE',  ( 24.62681702803099526, 33.36199204234624460, 19.80215374920438265 ) ) ;
#2455 = CARTESIAN_POINT ( 'NONE',  ( 26.26468353125000021, 31.26983462279312675, 21.13020833367472662 ) ) ;
#2456 = CARTESIAN_POINT ( 'NONE',  ( 25.69999999999999929, 30.78756443470178894, 20.44791666734946389 ) ) ;
#2457 = EDGE_CURVE ( 'NONE', #3597, #591, #3297, .T. ) ;
#2458 = VERTEX_POINT ( 'NONE', #2515 ) ;
#2459 = VERTEX_POINT ( 'NONE', #840 ) ;
#2460 = CARTESIAN_POINT ( 'NONE',  ( 25.00000000000000000, 33.61658075373095755, 19.65625000068279959 ) ) ;
#2461 = DIRECTION ( 'NONE',  ( -0.000000000000000000, 1.000000000000000000, -0.000000000000000000 ) ) ;
#2462 = DIRECTION ( 'NONE',  ( 0.000000000000000000, 1.000000000000000000, 0.000000000000000000 ) ) ;
#2463 = EDGE_CURVE ( 'NONE', #923, #237, #453, .T. ) ;
#2464 = ADVANCED_FACE ( 'NONE', ( #314 ), #635, .F. ) ;
#2465 = ORIENTED_EDGE ( 'NONE', *, *, #2187, .F. ) ;
#2466 = CARTESIAN_POINT ( 'NONE',  ( 21.62130200730882379, -38.50453675287451460, 15.65909035510238922 ) ) ;
#2467 = DIRECTION ( 'NONE',  ( 0.000000000000000000, 1.000000000000000000, 0.000000000000000000 ) ) ;
#2468 = DIRECTION ( 'NONE',  ( 1.000000000000000000, 0.000000000000000000, -0.000000000000000000 ) ) ;
#2469 = CARTESIAN_POINT ( 'NONE',  ( 25.00000000000000000, 40.00000000000000000, 8.662334907815750995 ) ) ;
#2470 = EDGE_LOOP ( 'NONE', ( #638, #990, #3887, #2188, #968 ) ) ;
#2471 = LINE ( 'NONE', #1503, #2314 ) ;
#2472 = CARTESIAN_POINT ( 'NONE',  ( 23.73531646875000334, 32.00000000000000000, 20.42187500034139447 ) ) ;
#2473 = CARTESIAN_POINT ( 'NONE',  ( 26.39999999999819735, 31.99999775293562010, 20.53124988484999136 ) ) ;
#2474 = CARTESIAN_POINT ( 'NONE',  ( 25.69999999999999929, 30.78756443470178894, 21.16666666666666785 ) ) ;
#2475 = ORIENTED_EDGE ( 'NONE', *, *, #1542, .T. ) ;
#2476 = ORIENTED_EDGE ( 'NONE', *, *, #1102, .F. ) ;
#2477 = CARTESIAN_POINT ( 'NONE',  ( 23.60000000000000142, 32.00000000000000000, 20.28125000068279604 ) ) ;
#2478 = DIRECTION ( 'NONE',  ( 0.000000000000000000, 0.000000000000000000, -1.000000000000000000 ) ) ;
#2479 = CARTESIAN_POINT ( 'NONE',  ( 21.11892259908944425, -38.14335312787471821, 16.07120475147862138 ) ) ;
#2480 = EDGE_CURVE ( 'NONE', #3559, #2101, #3976, .T. ) ;
#2481 = CARTESIAN_POINT ( 'NONE',  ( 25.69999999999999929, 30.78756443470178894, 21.16666666666666785 ) ) ;
#2482 = CIRCLE ( 'NONE', #1687, 5.400000000000002132 ) ;
#2483 = CARTESIAN_POINT ( 'NONE',  ( 28.22393966645046604, -36.99999999999599254, 9.087460599475685186 ) ) ;
#2484 = VERTEX_POINT ( 'NONE', #273 ) ;
#2485 = EDGE_CURVE ( 'NONE', #3597, #1977, #107, .T. ) ;
#2486 = CYLINDRICAL_SURFACE ( 'NONE', #1868, 1.399999999999998579 ) ;
#2487 = EDGE_CURVE ( 'NONE', #2177, #3373, #4231, .T. ) ;
#2488 = CARTESIAN_POINT ( 'NONE',  ( 27.75000000000001066, 32.18296654486719888, 22.87681953477326857 ) ) ;
#2489 = CARTESIAN_POINT ( 'NONE',  ( 25.71514720455922642, 29.33846638571145959, 23.28533473108656437 ) ) ;
#2490 = LINE ( 'NONE', #165, #1853 ) ;
#2491 = LINE ( 'NONE', #1236, #2632 ) ;
#2492 = DIRECTION ( 'NONE',  ( -1.000000000000000000, 0.000000000000000000, -7.806255641895633503E-15 ) ) ;
#2493 = ORIENTED_EDGE ( 'NONE', *, *, #3657, .T. ) ;
#2494 = DIRECTION ( 'NONE',  ( 0.000000000000000000, 1.000000000000000000, 0.000000000000000000 ) ) ;
#2495 = CARTESIAN_POINT ( 'NONE',  ( 21.12338132820075387, -38.88907856675146490, 16.16264350240562209 ) ) ;
#2496 = CARTESIAN_POINT ( 'NONE',  ( 3.500000000000004441, 50.00000000000000000, 2.104480912413648319 ) ) ;
#2497 = EDGE_CURVE ( 'NONE', #933, #1127, #3953, .T. ) ;
#2498 = CARTESIAN_POINT ( 'NONE',  ( 25.69999999999999929, 33.21243556529821461, 19.61458333401612819 ) ) ;
#2499 = ORIENTED_EDGE ( 'NONE', *, *, #4278, .T. ) ;
#2500 = ORIENTED_EDGE ( 'NONE', *, *, #1383, .T. ) ;
#2501 = CARTESIAN_POINT ( 'NONE',  ( 25.00000000000000000, 33.46033075441374649, 21.73437500034139802 ) ) ;
#2502 = CARTESIAN_POINT ( 'NONE',  ( 0.000000000000000000, 0.000000000000000000, 38.00000000000000000 ) ) ;
#2503 = CARTESIAN_POINT ( 'NONE',  ( 28.60881146524920382, -38.31760882611746410, 15.60061493737483929 ) ) ;
#2504 = AXIS2_PLACEMENT_3D ( 'NONE', #2038, #3378, #1073 ) ;
#2505 = CARTESIAN_POINT ( 'NONE',  ( 20.38885613312959322, -34.95019606021115521, 9.636462499513465119 ) ) ;
#2506 = VECTOR ( 'NONE', #1602, 1000.000000000000000 ) ;
#2507 = ORIENTED_EDGE ( 'NONE', *, *, #7, .F. ) ;
#2508 = VECTOR ( 'NONE', #3116, 1000.000000000000000 ) ;
#2509 = CARTESIAN_POINT ( 'NONE',  ( 21.39270041704592984, -38.40657343049028327, 15.61072257069788805 ) ) ;
#2510 = EDGE_CURVE ( 'NONE', #2387, #2177, #570, .T. ) ;
#2511 = CIRCLE ( 'NONE', #3689, 5.749999999999998224 ) ;
#2512 = UNCERTAINTY_MEASURE_WITH_UNIT (LENGTH_MEASURE( 1.000000000000000082E-05 ), #1389, 'distance_accuracy_value', 'NONE');
#2513 = DIRECTION ( 'NONE',  ( -0.03688416003543408539, -0.9993195478616839766, 3.590973199773371571E-14 ) ) ;
#2514 = CARTESIAN_POINT ( 'NONE',  ( 24.36765823437500345, 30.90475193418969369, 21.50520833367473017 ) ) ;
#2515 = CARTESIAN_POINT ( 'NONE',  ( 3.500000000000003109, 5.000000000000000000, 4.799999999999993605 ) ) ;
#2516 = LINE ( 'NONE', #2537, #308 ) ;
#2517 = CARTESIAN_POINT ( 'NONE',  ( 25.69999999999999929, 33.21243556529821461, 20.61458333401612819 ) ) ;
#2518 = ORIENTED_EDGE ( 'NONE', *, *, #2706, .F. ) ;
#2519 = CARTESIAN_POINT ( 'NONE',  ( 23.59999999999999076, 31.19170962313453188, 20.54166666666666075 ) ) ;
#2520 = CARTESIAN_POINT ( 'NONE',  ( 24.37087298509215572, 33.25410173535031078, 19.77624694731658295 ) ) ;
#2521 = CARTESIAN_POINT ( 'NONE',  ( 46.50000000000000000, 0.000000000000000000, 5.000000000000000000 ) ) ;
#2522 = ORIENTED_EDGE ( 'NONE', *, *, #1912, .T. ) ;
#2523 = ORIENTED_EDGE ( 'NONE', *, *, #3339, .T. ) ;
#2524 = CARTESIAN_POINT ( 'NONE',  ( 23.60000000000000497, 31.19170962313452478, 21.32291666734946034 ) ) ;
#2525 = CARTESIAN_POINT ( 'NONE',  ( 21.17028177725664406, -40.49999999998470912, 13.58276289778198276 ) ) ;
#2526 = DIRECTION ( 'NONE',  ( 0.000000000000000000, 1.000000000000000000, 0.000000000000000000 ) ) ;
#2527 = CARTESIAN_POINT ( 'NONE',  ( 25.00000000000000000, 40.00000000000000000, 14.41233490781574922 ) ) ;
#2528 = CARTESIAN_POINT ( 'NONE',  ( 25.00000000000000000, 33.61658075373095755, 21.87500000000000000 ) ) ;
#2529 = CARTESIAN_POINT ( 'NONE',  ( 19.49102967846835810, -37.00000000000000000, 12.67346066565590768 ) ) ;
#2530 = ORIENTED_EDGE ( 'NONE', *, *, #567, .T. ) ;
#2531 = CARTESIAN_POINT ( 'NONE',  ( 21.21593996298974005, -40.50000000000000000, 16.33149853930547835 ) ) ;
#2532 = DIRECTION ( 'NONE',  ( -0.000000000000000000, -1.000000000000000000, -0.000000000000000000 ) ) ;
#2533 = CARTESIAN_POINT ( 'NONE',  ( 25.00000000000000000, 33.46033075441374649, 20.29687500034139092 ) ) ;
#2534 = B_SPLINE_CURVE_WITH_KNOTS ( 'NONE', 3,
 ( #3688, #3379, #371, #2371 ),
 .UNSPECIFIED., .F., .F.,
 ( 4, 4 ),
 ( 0.000000000000000000, 0.5055562368362718217 ),
 .UNSPECIFIED. ) ;
#2535 = EDGE_CURVE ( 'NONE', #2946, #3015, #643, .T. ) ;
#2536 = LINE ( 'NONE', #1816, #3663 ) ;
#2537 = CARTESIAN_POINT ( 'NONE',  ( 4.096985439621944280, -37.00000000000000000, 38.00000000000000000 ) ) ;
#2538 = CARTESIAN_POINT ( 'NONE',  ( 21.74583470600167701, -39.56609794999236840, 11.99367663887623436 ) ) ;
#2539 = ORIENTED_EDGE ( 'NONE', *, *, #4278, .F. ) ;
#2540 = CARTESIAN_POINT ( 'NONE',  ( 28.61209208164325446, -38.48607921769605156, 15.64850030018575744 ) ) ;
#2541 = CARTESIAN_POINT ( 'NONE',  ( 29.69706056445039621, -37.00000000000000711, 12.00529541737155625 ) ) ;
#2542 = EDGE_CURVE ( 'NONE', #1321, #3630, #1928, .T. ) ;
#2543 = CARTESIAN_POINT ( 'NONE',  ( 23.60000000000000142, 32.00000000000000000, 20.28125000068279604 ) ) ;
#2544 = EDGE_CURVE ( 'NONE', #2369, #1723, #726, .T. ) ;
#2545 = CARTESIAN_POINT ( 'NONE',  ( 21.11091949829868497, -38.62018591066409812, 16.14014345227257508 ) ) ;
#2546 = ORIENTED_EDGE ( 'NONE', *, *, #759, .T. ) ;
#2547 = ORIENTED_EDGE ( 'NONE', *, *, #2775, .T. ) ;
#2548 = CARTESIAN_POINT ( 'NONE',  ( 25.00000000000000000, 33.46033075441374649, 21.23437500034139802 ) ) ;
#2549 = PLANE ( 'NONE',  #1520 ) ;
#2550 = CARTESIAN_POINT ( 'NONE',  ( 22.02870157591990363, -40.53434691303299076, 15.94125191101382732 ) ) ;
#2551 = CARTESIAN_POINT ( 'NONE',  ( 26.39999999999999858, 32.00000000000000000, 21.24999999999999645 ) ) ;
#2552 = CARTESIAN_POINT ( 'NONE',  ( 31.26673318692781933, -36.99999999999996447, 14.51293305828748181 ) ) ;
#2553 = VERTEX_POINT ( 'NONE', #1235 ) ;
#2554 = CARTESIAN_POINT ( 'NONE',  ( 3.500000000000004441, 4.999999999999997335, 2.104480912413648319 ) ) ;
#2555 = VECTOR ( 'NONE', #4232, 1000.000000000000000 ) ;
#2556 = AXIS2_PLACEMENT_3D ( 'NONE', #1483, #2825, #1661 ) ;
#2557 = EDGE_CURVE ( 'NONE', #1533, #2001, #1137, .T. ) ;
#2558 = CIRCLE ( 'NONE', #1299, 12.91880075056081445 ) ;
#2559 = DIRECTION ( 'NONE',  ( 0.8979455336416751754, 0.000000000000000000, 0.4401065991472602468 ) ) ;
#2560 = CARTESIAN_POINT ( 'NONE',  ( 24.36765823437500345, 33.09524806581030987, 21.83854166700806232 ) ) ;
#2561 = VECTOR ( 'NONE', #1778, 1000.000000000000000 ) ;
#2562 = AXIS2_PLACEMENT_3D ( 'NONE', #2729, #4051, #2402 ) ;
#2563 = CARTESIAN_POINT ( 'NONE',  ( 31.24892248460918864, -11.61620005363231378, 14.14297501373332544 ) ) ;
#2564 = DIRECTION ( 'NONE',  ( -1.000000000000000000, -0.000000000000000000, -0.000000000000000000 ) ) ;
#2565 = CARTESIAN_POINT ( 'NONE',  ( 23.60000000000000142, 32.80829037686547167, 20.73958333401612819 ) ) ;
#2566 = VERTEX_POINT ( 'NONE', #907 ) ;
#2567 = CARTESIAN_POINT ( 'NONE',  ( 28.60881146524920737, -38.31760882611746410, 15.60061493737483751 ) ) ;
#2568 = CARTESIAN_POINT ( 'NONE',  ( 20.99237829186768067, -38.61760882611746126, 15.89744235517594539 ) ) ;
#2569 = CARTESIAN_POINT ( 'NONE',  ( 28.16300483029642265, -40.50000000000031974, 12.23421629300757552 ) ) ;
#2570 = ADVANCED_FACE ( 'NONE', ( #1920 ), #3551, .T. ) ;
#2571 = LINE ( 'NONE', #3911, #745 ) ;
#2572 = EDGE_LOOP ( 'NONE', ( #4318, #3534, #2880, #1083, #1286, #3306, #2613, #1470 ) ) ;
#2573 = VERTEX_POINT ( 'NONE', #26 ) ;
#2574 = B_SPLINE_CURVE_WITH_KNOTS ( 'NONE', 3,
 ( #523, #2820, #862, #3461, #3192, #1461 ),
 .UNSPECIFIED., .F., .F.,
 ( 4, 2, 4 ),
 ( 0.000000000000000000, 0.0002345473759661822208, 0.0004690947519323644416 ),
 .UNSPECIFIED. ) ;
#2575 = CARTESIAN_POINT ( 'NONE',  ( 24.36765823437500345, 30.90475193418969369, 20.44270833367473017 ) ) ;
#2576 = EDGE_CURVE ( 'NONE', #4164, #2992, #3493, .T. ) ;
#2577 = DIRECTION ( 'NONE',  ( 0.000000000000000000, 0.000000000000000000, 1.000000000000000000 ) ) ;
#2578 = CARTESIAN_POINT ( 'NONE',  ( 21.14844230367266675, -38.88878157914766120, 16.15043907429248904 ) ) ;
#2579 = CARTESIAN_POINT ( 'NONE',  ( 24.36765823437500345, 33.09524806581030987, 19.83854166700806587 ) ) ;
#2580 = ORIENTED_EDGE ( 'NONE', *, *, #3857, .T. ) ;
#2581 = DIRECTION ( 'NONE',  ( -1.000000000000000000, -0.000000000000000000, 1.121777405443293329E-12 ) ) ;
#2582 = VECTOR ( 'NONE', #1560, 1000.000000000000000 ) ;
#2583 = AXIS2_PLACEMENT_3D ( 'NONE', #4174, #1510, #4114 ) ;
#2584 = DIRECTION ( 'NONE',  ( -0.000000000000000000, -1.000000000000000000, -0.000000000000000000 ) ) ;
#2585 = CARTESIAN_POINT ( 'NONE',  ( 25.63234176562500011, 30.90475193418969369, 20.58854166700806587 ) ) ;
#2586 = COLOUR_RGB ( '',0.7921568627450980005, 0.8196078431372548767, 0.9333333333333333481 ) ;
#2587 = CARTESIAN_POINT ( 'NONE',  ( 33.25232668025790872, -34.88370798822097640, 14.14297501373331656 ) ) ;
#2588 = CARTESIAN_POINT ( 'NONE',  ( 33.24725102959983758, -34.82581175959357722, 14.14297501373331123 ) ) ;
#2589 = CARTESIAN_POINT ( 'NONE',  ( 23.60000000000000142, 32.00000000000000000, 20.99999999999999645 ) ) ;
#2590 = EDGE_LOOP ( 'NONE', ( #2764, #3956, #2938, #639, #2414, #3195 ) ) ;
#2591 = FACE_OUTER_BOUND ( 'NONE', #2059, .T. ) ;
#2592 = CARTESIAN_POINT ( 'NONE',  ( 26.21809243568961989, 32.70526016661139579, 19.67388324053459314 ) ) ;
#2593 = CARTESIAN_POINT ( 'NONE',  ( 23.73531646875000689, 31.26983462279312675, 19.90104166700806587 ) ) ;
#2594 = CARTESIAN_POINT ( 'NONE',  ( 23.66765823437500416, 32.00000000000000000, 21.96093750017069723 ) ) ;
#2595 = DIRECTION ( 'NONE',  ( 0.000000000000000000, 0.000000000000000000, -1.000000000000000000 ) ) ;
#2596 = LINE ( 'NONE', #3287, #1449 ) ;
#2597 = ORIENTED_EDGE ( 'NONE', *, *, #2877, .T. ) ;
#2598 = ORIENTED_EDGE ( 'NONE', *, *, #4094, .F. ) ;
#2599 = CARTESIAN_POINT ( 'NONE',  ( 25.63234176562500011, 30.90475193418969369, 21.52604166700806232 ) ) ;
#2600 = CARTESIAN_POINT ( 'NONE',  ( 21.68705456067837645, -37.00000000000000000, 15.18106786812952613 ) ) ;
#2601 = CARTESIAN_POINT ( 'NONE',  ( 4.096985439621944280, -40.50000000000000000, 38.00000000000000000 ) ) ;
#2602 = CARTESIAN_POINT ( 'NONE',  ( 25.69999999999999929, 33.21243556529821461, 21.33333333333333215 ) ) ;
#2603 = EDGE_CURVE ( 'NONE', #4164, #4224, #3186, .T. ) ;
#2604 = CARTESIAN_POINT ( 'NONE',  ( 30.94630572789964873, -37.00000000000000711, 13.30149801652829744 ) ) ;
#2605 = ORIENTED_EDGE ( 'NONE', *, *, #394, .T. ) ;
#2606 = LINE ( 'NONE', #498, #1594 ) ;
#2607 = ADVANCED_FACE ( 'NONE', ( #3025 ), #2714, .F. ) ;
#2608 = DIRECTION ( 'NONE',  ( -0.000000000000000000, -0.000000000000000000, 1.000000000000000000 ) ) ;
#2609 = CARTESIAN_POINT ( 'NONE',  ( 16.73427832596117071, -35.11956648705573514, 14.41233490781574744 ) ) ;
#2610 = CARTESIAN_POINT ( 'NONE',  ( 28.19650469231115864, -40.19753500201473173, 12.14276845513574088 ) ) ;
#2611 = CARTESIAN_POINT ( 'NONE',  ( 19.12939625792964193, -37.00000000000000000, 13.13434527148629094 ) ) ;
#2612 = CARTESIAN_POINT ( 'NONE',  ( 26.39999999999819735, 31.99999775293562010, 20.53124988484999136 ) ) ;
#2613 = ORIENTED_EDGE ( 'NONE', *, *, #2162, .T. ) ;
#2614 = LINE ( 'NONE', #3236, #1460 ) ;
#2615 = CARTESIAN_POINT ( 'NONE',  ( 26.26468353125000021, 32.73016537720687325, 20.65104166700806587 ) ) ;
#2616 = CARTESIAN_POINT ( 'NONE',  ( 26.02316494281144088, 32.74334240698122045, 19.72225075861637933 ) ) ;
#2617 = CARTESIAN_POINT ( 'NONE',  ( 21.01827944932558978, -38.61745903731148388, 15.89113596872120482 ) ) ;
#2618 = CARTESIAN_POINT ( 'NONE',  ( 28.64222572293178359, -36.99999999999999289, 11.73368263572865366 ) ) ;
#2619 = DIRECTION ( 'NONE',  ( -0.000000000000000000, 1.000000000000000000, -0.000000000000000000 ) ) ;
#2620 = ORIENTED_EDGE ( 'NONE', *, *, #4094, .T. ) ;
#2621 = ORIENTED_EDGE ( 'NONE', *, *, #255, .T. ) ;
#2622 = CARTESIAN_POINT ( 'NONE',  ( 23.73531646875000689, 31.26983462279312675, 19.90104166700806587 ) ) ;
#2623 = VECTOR ( 'NONE', #2252, 1000.000000000000000 ) ;
#2624 = DIRECTION ( 'NONE',  ( -0.000000000000000000, -1.000000000000000000, -0.000000000000000000 ) ) ;
#2625 = CARTESIAN_POINT ( 'NONE',  ( 23.73531646875000689, 31.26983462279312675, 20.90104166700806232 ) ) ;
#2626 = CARTESIAN_POINT ( 'NONE',  ( 24.30000000000000071, 33.21243556529821461, 20.91666666666666785 ) ) ;
#2627 = CARTESIAN_POINT ( 'NONE',  ( 32.67421491406635425, -34.84505003612344609, 12.29574177356972875 ) ) ;
#2628 = ORIENTED_EDGE ( 'NONE', *, *, #2542, .F. ) ;
#2629 = EDGE_CURVE ( 'NONE', #3858, #4224, #4280, .T. ) ;
#2630 = CARTESIAN_POINT ( 'NONE',  ( 46.50000000000000000, 50.00000000000000000, 5.000000000000000000 ) ) ;
#2631 = EDGE_CURVE ( 'NONE', #58, #2807, #3783, .T. ) ;
#2632 = VECTOR ( 'NONE', #3835, 1000.000000000000000 ) ;
#2633 = CARTESIAN_POINT ( 'NONE',  ( 25.00000000000000000, 0.000000000000000000, 14.41233490781574922 ) ) ;
#2634 = CARTESIAN_POINT ( 'NONE',  ( 22.81504430035767328, 30.32057274194077578, 23.04057842184087335 ) ) ;
#2635 = ADVANCED_FACE ( 'NONE', ( #3414 ), #3686, .F. ) ;
#2636 = DIRECTION ( 'NONE',  ( 0.000000000000000000, 0.000000000000000000, 1.000000000000000000 ) ) ;
#2637 = B_SPLINE_CURVE_WITH_KNOTS ( 'NONE', 3,
 ( #3, #3996, #1351, #2961, #2693, #2443, #1331, #2634, #4014, #1425, #3758, #3024, #2766, #1655, #3317, #2676, #763, #313 ),
 .UNSPECIFIED., .F., .F.,
 ( 4, 2, 2, 2, 2, 2, 2, 2, 4 ),
 ( 0.008650852472031251433, 0.009191385507761417814, 0.009731918543491582460, 0.01027245157922174884, 0.01081298461495191349, 0.01135351765068207987, 0.01189405068641224625, 0.01243458372214241089, 0.01297511675787257727 ),
 .UNSPECIFIED. ) ;
#2638 = CARTESIAN_POINT ( 'NONE',  ( 18.73202842715557992, -37.00000000000000711, 14.42053111745579841 ) ) ;
#2639 = ORIENTED_EDGE ( 'NONE', *, *, #2144, .T. ) ;
#2640 = CARTESIAN_POINT ( 'NONE',  ( 4.096985439621944280, -40.50000000000000000, 5.000000000000000000 ) ) ;
#2641 = CARTESIAN_POINT ( 'NONE',  ( 28.47205849942067957, -38.62247422405997810, 15.81195455569087116 ) ) ;
#2642 = CARTESIAN_POINT ( 'NONE',  ( 36.24846684809939035, -38.61760882611746126, 24.10061493736627014 ) ) ;
#2643 = VECTOR ( 'NONE', #796, 1000.000000000000000 ) ;
#2644 = PLANE ( 'NONE',  #3897 ) ;
#2645 = ORIENTED_EDGE ( 'NONE', *, *, #1600, .T. ) ;
#2646 = ORIENTED_EDGE ( 'NONE', *, *, #2775, .F. ) ;
#2647 = CARTESIAN_POINT ( 'NONE',  ( 41.49999999999998579, 50.00000000000000000, 0.000000000000000000 ) ) ;
#2648 = CARTESIAN_POINT ( 'NONE',  ( 28.84849139250824379, -38.88878157914768963, 16.15043907428385594 ) ) ;
#2649 = CARTESIAN_POINT ( 'NONE',  ( 23.73531646875000334, 32.00000000000000000, 19.85937500034139802 ) ) ;
#2650 = CARTESIAN_POINT ( 'NONE',  ( 26.40000000000000213, 31.19170962313452478, 21.20833333333333215 ) ) ;
#2651 = CARTESIAN_POINT ( 'NONE',  ( 33.21235672599915034, -34.82587806180410439, 13.80719560076675378 ) ) ;
#2652 = EDGE_LOOP ( 'NONE', ( #608, #1493, #3389, #1857 ) ) ;
#2653 = PLANE ( 'NONE',  #1801 ) ;
#2654 = LINE ( 'NONE', #312, #127 ) ;
#2655 = CARTESIAN_POINT ( 'NONE',  ( 26.40000000000000568, 32.80829037686547167, 21.79166666666666430 ) ) ;
#2656 = EDGE_CURVE ( 'NONE', #3272, #3769, #2558, .T. ) ;
#2657 = B_SPLINE_CURVE_WITH_KNOTS ( 'NONE', 3,
 ( #1217, #4260, #1242, #1618, #3577, #893, #2286, #3557, #1598, #4284 ),
 .UNSPECIFIED., .F., .F.,
 ( 4, 2, 2, 2, 4 ),
 ( 0.003076478495273565327, 0.003406330557965333173, 0.003736182620657100585, 0.004066034683348868431, 0.004395886746040636277 ),
 .UNSPECIFIED. ) ;
#2658 = CARTESIAN_POINT ( 'NONE',  ( 25.69999999999999929, 33.21243556529821461, 21.11458333401613174 ) ) ;
#2659 = CARTESIAN_POINT ( 'NONE',  ( 17.94086964746540502, -37.00000000000201794, 11.24181232018878163 ) ) ;
#2660 = ORIENTED_EDGE ( 'NONE', *, *, #1026, .T. ) ;
#2661 = CARTESIAN_POINT ( 'NONE',  ( 50.00000000000000000, 0.000000000000000000, 4.799999999999999822 ) ) ;
#2662 = VECTOR ( 'NONE', #2898, 1000.000000000000000 ) ;
#2663 = CARTESIAN_POINT ( 'NONE',  ( 18.82654274387266469, -36.99999999999999289, 13.75637917387677156 ) ) ;
#2664 = DIRECTION ( 'NONE',  ( 1.000000000000000000, 0.000000000000000000, 0.000000000000000000 ) ) ;
#2665 = AXIS2_PLACEMENT_3D ( 'NONE', #2642, #3882, #1289 ) ;
#2666 = CARTESIAN_POINT ( 'NONE',  ( 14.09698543962181283, -40.50000000000000000, 38.00000000000000000 ) ) ;
#2667 = VERTEX_POINT ( 'NONE', #4037 ) ;
#2668 = ORIENTED_EDGE ( 'NONE', *, *, #2431, .T. ) ;
#2669 = CARTESIAN_POINT ( 'NONE',  ( 23.60000000000007603, 32.00000030699627018, 20.78124388499913877 ) ) ;
#2670 = PLANE ( 'NONE',  #1874 ) ;
#2671 = CARTESIAN_POINT ( 'NONE',  ( 25.00000000000000000, 33.46033075441374649, 20.73437500034139802 ) ) ;
#2672 = CARTESIAN_POINT ( 'NONE',  ( 25.00000000000000000, 32.00000000000000000, 22.00000000000000000 ) ) ;
#2673 = CARTESIAN_POINT ( 'NONE',  ( 26.24873608278188186, 32.66308449560469995, 19.78868333194394324 ) ) ;
#2674 = VERTEX_POINT ( 'NONE', #1030 ) ;
#2675 = CARTESIAN_POINT ( 'NONE',  ( 36.24846684808823483, -37.00000000000000000, 16.14297501373331656 ) ) ;
#2676 = CARTESIAN_POINT ( 'NONE',  ( 24.63581683880376971, 29.26829507385328810, 23.30663518985305771 ) ) ;
#2677 = CARTESIAN_POINT ( 'NONE',  ( 29.18009131070248330, -40.84427481873311905, 12.61169614969775843 ) ) ;
#2678 = CARTESIAN_POINT ( 'NONE',  ( 18.86366741179036310, -36.99999999999997868, 13.65230930018583777 ) ) ;
#2679 = VERTEX_POINT ( 'NONE', #2391 ) ;
#2680 = CARTESIAN_POINT ( 'NONE',  ( 4.096985439621944280, -40.50000000000000000, 27.99999999999991829 ) ) ;
#2681 = CARTESIAN_POINT ( 'NONE',  ( 22.92727646486751070, 33.81616914576731148, 23.06858555146390444 ) ) ;
#2682 =( GEOMETRIC_REPRESENTATION_CONTEXT ( 3 ) GLOBAL_UNCERTAINTY_ASSIGNED_CONTEXT ( ( #2512 ) ) GLOBAL_UNIT_ASSIGNED_CONTEXT ( ( #1389, #1985, #2011 ) ) REPRESENTATION_CONTEXT ( 'NONE', 'WORKASPACE' ) );
#2683 = EDGE_CURVE ( 'NONE', #3677, #3160, #872, .T. ) ;
#2684 = CARTESIAN_POINT ( 'NONE',  ( 29.01750138616707986, -38.61760882611745416, 15.90061493737438347 ) ) ;
#2685 = ORIENTED_EDGE ( 'NONE', *, *, #847, .F. ) ;
#2686 = ORIENTED_EDGE ( 'NONE', *, *, #2463, .T. ) ;
#2687 = CARTESIAN_POINT ( 'NONE',  ( 36.78872581940958497, -35.90866900041920218, 14.35631198110799467 ) ) ;
#2688 = CARTESIAN_POINT ( 'NONE',  ( 45.90301456037813210, -34.99999999999999289, 11.00000000000000000 ) ) ;
#2689 = CARTESIAN_POINT ( 'NONE',  ( 23.73531646875000689, 31.26983462279312675, 20.40104166700806587 ) ) ;
#2690 = CARTESIAN_POINT ( 'NONE',  ( 28.97865424685474522, -38.61745903731148388, 15.89113596871228040 ) ) ;
#2691 = CARTESIAN_POINT ( 'NONE',  ( 24.30000000000000071, 30.78756443470178894, 20.86458333401612819 ) ) ;
#2692 = EDGE_LOOP ( 'NONE', ( #4023, #3121, #2507, #675, #754, #1902, #296, #2224, #1327, #2926 ) ) ;
#2693 = CARTESIAN_POINT ( 'NONE',  ( 22.39175899878463483, 31.11016905171346281, 22.92187349022752585 ) ) ;
#2694 = CARTESIAN_POINT ( 'NONE',  ( 21.38812223093014708, -38.31760882611746410, 15.30061493738294942 ) ) ;
#2695 = ADVANCED_FACE ( 'NONE', ( #2735 ), #349, .F. ) ;
#2696 = CARTESIAN_POINT ( 'NONE',  ( 18.80092800455922486, -37.00000000000000000, 13.84057853651756176 ) ) ;
#2697 = ORIENTED_EDGE ( 'NONE', *, *, #1541, .T. ) ;
#2698 = DIRECTION ( 'NONE',  ( 0.000000000000000000, 0.000000000000000000, 1.000000000000000000 ) ) ;
#2699 = CARTESIAN_POINT ( 'NONE',  ( 23.60000000000000142, 32.00000000000000000, 22.00000000000000000 ) ) ;
#2700 = CARTESIAN_POINT ( 'NONE',  ( 27.99053863693204036, -34.95105338707250553, 9.077491451740074879 ) ) ;
#2701 = CARTESIAN_POINT ( 'NONE',  ( 0.000000000000000000, 50.00000000000000000, 0.000000000000000000 ) ) ;
#2702 = EDGE_LOOP ( 'NONE', ( #3745, #2646, #1955 ) ) ;
#2703 = CARTESIAN_POINT ( 'NONE',  ( 23.99964204288315273, 32.97943042511095513, 19.71886710480023908 ) ) ;
#2704 = CARTESIAN_POINT ( 'NONE',  ( 21.51425567907193326, 0.000000000000000000, 2.851643469622364258 ) ) ;
#2705 = CARTESIAN_POINT ( 'NONE',  ( 26.26468353125000021, 32.73016537720688035, 21.15104166700806587 ) ) ;
#2706 = EDGE_CURVE ( 'NONE', #3160, #4091, #1411, .T. ) ;
#2707 = AXIS2_PLACEMENT_3D ( 'NONE', #2154, #2089, #98 ) ;
#2708 = CARTESIAN_POINT ( 'NONE',  ( 25.69999999999999929, 30.78756443470178894, 20.16666666666666430 ) ) ;
#2709 = CARTESIAN_POINT ( 'NONE',  ( 23.60000000000000497, 31.19170962313452478, 20.82291666734946389 ) ) ;
#2710 = ADVANCED_FACE ( 'NONE', ( #656 ), #1627, .F. ) ;
#2711 = ORIENTED_EDGE ( 'NONE', *, *, #394, .F. ) ;
#2712 = ORIENTED_EDGE ( 'NONE', *, *, #509, .F. ) ;
#2713 = DIRECTION ( 'NONE',  ( -0.000000000000000000, -1.000000000000000000, -0.000000000000000000 ) ) ;
#2714 = CYLINDRICAL_SURFACE ( 'NONE', #2206, 1.399999999999998579 ) ;
#2715 = CARTESIAN_POINT ( 'NONE',  ( 18.63605972372025477, -34.91423164260043421, 10.73645168448066833 ) ) ;
#2716 = ORIENTED_EDGE ( 'NONE', *, *, #2113, .F. ) ;
#2717 = CARTESIAN_POINT ( 'NONE',  ( 32.79847272728667207, -36.28568102643834692, 14.60710276804173979 ) ) ;
#2718 = CARTESIAN_POINT ( 'NONE',  ( 22.81434868955663120, 33.67850395879023040, 23.04040044803016585 ) ) ;
#2719 =( BOUNDED_CURVE ( )  B_SPLINE_CURVE ( 2, ( #825, #170, #2172, #487, #3174, #3089, #90, #1417, #2759, #4085, #1079, #2434, #3746, #755, #2102, #419, #504, #3196, #528, #911, #212, #3931, #191, #2869, #3507, #1569, #3556, #1549, #553, #2615, #1288, #3218, #1193, #575, #276, #1903, #1240, #1925, #3599, #2239, #4259, #3237, #935, #2912, #2891, #253, #4209, #2593, #2285, #234, #3576, #1216, #1883, #1264, #845 ),
 .UNSPECIFIED., .F., .F. ) 
 B_SPLINE_CURVE_WITH_KNOTS ( ( 3, 2, 2, 2, 2, 2, 2, 2, 2, 2, 2, 2, 2, 2, 2, 2, 2, 2, 2, 2, 2, 2, 2, 2, 2, 2, 2, 3 ),
 ( 0.000000000000000000, 0.03333333333333333287, 0.06666666666666666574, 0.1000000000000000056, 0.1333333333333333315, 0.1666666666666666574, 0.2000000000000000111, 0.2333333333333333370, 0.2666666666666666630, 0.2999999999999999889, 0.3333333333333333148, 0.3666666666666666408, 0.4000000000000000222, 0.4333333333333333481, 0.4666666666666666741, 0.5000000000000000000, 0.5333333333333333259, 0.5666666666666666519, 0.5999999999999999778, 0.6333333333333333037, 0.6666666666666666297, 0.6999999999999999556, 0.7333333333333332815, 0.7666666666666667185, 0.8000000000000000444, 0.8333333333333333703, 0.8666666666666666963, 0.8800740209644799528 ),
 .UNSPECIFIED. ) 
 CURVE ( )  GEOMETRIC_REPRESENTATION_ITEM ( )  RATIONAL_B_SPLINE_CURVE ( ( 1.000000000000000000, 0.8660254037844387076, 1.000000000000000000, 0.8660254037844387076, 1.000000000000000000, 0.8660254037844387076, 1.000000000000000000, 0.8660254037844387076, 1.000000000000000000, 0.8660254037844387076, 1.000000000000000000, 0.8660254037844387076, 1.000000000000000000, 0.8660254037844387076, 1.000000000000000000, 0.8660254037844387076, 1.000000000000000000, 0.8660254037844387076, 1.000000000000000000, 0.8660254037844387076, 1.000000000000000000, 0.8660254037844387076, 1.000000000000000000, 0.8660254037844387076, 1.000000000000000000, 0.8660254037844387076, 1.000000000000000000, 0.8660254037844387076, 1.000000000000000000, 0.8660254037844387076, 1.000000000000000000, 0.8660254037844387076, 1.000000000000000000, 0.8660254037844387076, 1.000000000000000000, 0.8660254037844387076, 1.000000000000000000, 0.8660254037844387076, 1.000000000000000000, 0.8660254037844387076, 1.000000000000000000, 0.8660254037844387076, 1.000000000000000000, 0.8660254037844387076, 1.000000000000000000, 0.8660254037844387076, 1.000000000000000000, 0.8660254037844387076, 1.000000000000000000, 0.8660254037844387076, 1.000000000000000000, 0.8660254037844387076, 1.000000000000000000, 0.9461126536489449235, 0.9355745119797440612 ) ) 
 REPRESENTATION_ITEM ( '' )  );
#2720 = CIRCLE ( 'NONE', #1729, 14.99999999999999645 ) ;
#2721 = CARTESIAN_POINT ( 'NONE',  ( 32.74009472464852166, -34.84254574961197193, 12.39138933520888131 ) ) ;
#2722 = VECTOR ( 'NONE', #1377, 1000.000000000000000 ) ;
#2723 = DIRECTION ( 'NONE',  ( 0.000000000000000000, 0.000000000000000000, -1.000000000000000000 ) ) ;
#2724 = CIRCLE ( 'NONE', #3340, 0.3000000000000009881 ) ;
#2725 = ORIENTED_EDGE ( 'NONE', *, *, #3380, .F. ) ;
#2726 = DIRECTION ( 'NONE',  ( 1.000000000000000000, 0.000000000000000000, 0.000000000000000000 ) ) ;
#2727 = CARTESIAN_POINT ( 'NONE',  ( 0.000000000000000000, 5.000000000000000000, 4.799999999999993605 ) ) ;
#2728 = CARTESIAN_POINT ( 'NONE',  ( 25.00000000000000000, 33.46033075441374649, 21.29687500034139802 ) ) ;
#2729 = CARTESIAN_POINT ( 'NONE',  ( 45.90301456037795447, -37.00000000000000000, 11.00000000000000000 ) ) ;
#2730 = ORIENTED_EDGE ( 'NONE', *, *, #82, .F. ) ;
#2731 = VERTEX_POINT ( 'NONE', #1300 ) ;
#2732 = DIRECTION ( 'NONE',  ( 0.000000000000000000, 0.000000000000000000, 1.000000000000000000 ) ) ;
#2733 = ADVANCED_FACE ( 'NONE', ( #682 ), #3696, .F. ) ;
#2734 = CARTESIAN_POINT ( 'NONE',  ( 21.63834212652013633, -36.99999999998386357, 15.37402741866084810 ) ) ;
#2735 = FACE_OUTER_BOUND ( 'NONE', #1106, .T. ) ;
#2736 = CARTESIAN_POINT ( 'NONE',  ( 19.01784550010042452, -36.99999999999997868, 10.34484033610247522 ) ) ;
#2737 = DIRECTION ( 'NONE',  ( 0.000000000000000000, 0.000000000000000000, 1.000000000000000000 ) ) ;
#2738 = CARTESIAN_POINT ( 'NONE',  ( 21.21593996298974005, -40.50000000000000000, 16.33149853930547835 ) ) ;
#2739 = EDGE_CURVE ( 'NONE', #381, #4180, #2356, .T. ) ;
#2740 = CARTESIAN_POINT ( 'NONE',  ( 26.66779684612277279, -34.96475510854673274, 8.776800662813229792 ) ) ;
#2741 = CARTESIAN_POINT ( 'NONE',  ( 21.64982648342776983, -37.42545550465470683, 15.36716379856224890 ) ) ;
#2742 = ORIENTED_EDGE ( 'NONE', *, *, #1310, .F. ) ;
#2743 =( BOUNDED_CURVE ( )  B_SPLINE_CURVE ( 2, ( #2213, #1885, #2193, #3220, #3198, #194, #215 ),
 .UNSPECIFIED., .F., .F. ) 
 B_SPLINE_CURVE_WITH_KNOTS ( ( 3, 2, 2, 3 ),
 ( 0.2000000000000001776, 0.2333333333333335591, 0.2666666666666669405, 0.3000000000000002665 ),
 .UNSPECIFIED. ) 
 CURVE ( )  GEOMETRIC_REPRESENTATION_ITEM ( )  RATIONAL_B_SPLINE_CURVE ( ( 0.9999999999999993339, 0.8660254037844393737, 1.000000000000000000, 0.8660254037844387076, 1.000000000000000000, 0.8660254037844375974, 1.000000000000001110 ) ) 
 REPRESENTATION_ITEM ( '' )  );
#2744 = CARTESIAN_POINT ( 'NONE',  ( 25.00000000000000000, 0.000000000000000000, 14.41233490781574922 ) ) ;
#2745 = CARTESIAN_POINT ( 'NONE',  ( 36.33999974311154801, 0.000000000000000000, 18.56015431398931881 ) ) ;
#2746 = CARTESIAN_POINT ( 'NONE',  ( 26.39999999999999858, 32.00000000000000000, 20.24999999999999645 ) ) ;
#2747 = ORIENTED_EDGE ( 'NONE', *, *, #2361, .F. ) ;
#2748 = ORIENTED_EDGE ( 'NONE', *, *, #1226, .F. ) ;
#2749 = CARTESIAN_POINT ( 'NONE',  ( 0.000000000000000000, 50.00000000000000000, 11.00000000000000000 ) ) ;
#2750 = CARTESIAN_POINT ( 'NONE',  ( 23.60000000000000497, 31.19170962313452478, 21.54166666666666075 ) ) ;
#2751 = FACE_OUTER_BOUND ( 'NONE', #3789, .T. ) ;
#2752 = EDGE_CURVE ( 'NONE', #3160, #3671, #3656, .T. ) ;
#2753 = CARTESIAN_POINT ( 'NONE',  ( 25.63234176562500011, 30.90475193418969369, 21.58854166700806232 ) ) ;
#2754 = EDGE_CURVE ( 'NONE', #3272, #1197, #1727, .T. ) ;
#2755 = CARTESIAN_POINT ( 'NONE',  ( 46.50000000000000000, 5.000000000000000000, 4.799999999999999822 ) ) ;
#2756 = CARTESIAN_POINT ( 'NONE',  ( 27.18566310993397650, 30.32146328038266958, 23.04040028215295521 ) ) ;
#2757 = CYLINDRICAL_SURFACE ( 'NONE', #4086, 0.2999999999999999334 ) ;
#2758 = VERTEX_POINT ( 'NONE', #1709 ) ;
#2759 = CARTESIAN_POINT ( 'NONE',  ( 25.63234176562500011, 30.90475193418969369, 21.52604166700806232 ) ) ;
#2760 = CIRCLE ( 'NONE', #3720, 8.833316705776793398 ) ;
#2761 = CARTESIAN_POINT ( 'NONE',  ( 25.00000000000000000, 30.60000000000000142, 19.81233490781574957 ) ) ;
#2762 = CYLINDRICAL_SURFACE ( 'NONE', #1209, 5.400000000000002132 ) ;
#2763 = ORIENTED_EDGE ( 'NONE', *, *, #2510, .T. ) ;
#2764 = ORIENTED_EDGE ( 'NONE', *, *, #1131, .T. ) ;
#2765 = CARTESIAN_POINT ( 'NONE',  ( 23.60000000000000497, 32.80829037686547167, 21.23958333401612819 ) ) ;
#2766 = CARTESIAN_POINT ( 'NONE',  ( 23.77619874530107680, 29.53064279919408364, 23.22940753495778665 ) ) ;
#2767 = FACE_OUTER_BOUND ( 'NONE', #2590, .T. ) ;
#2768 = AXIS2_PLACEMENT_3D ( 'NONE', #2749, #1407, #3117 ) ;
#2769 = AXIS2_PLACEMENT_3D ( 'NONE', #748, #1394, #1738 ) ;
#2770 = CARTESIAN_POINT ( 'NONE',  ( 25.00000000000000000, 30.38341924626904955, 21.12499999999999645 ) ) ;
#2771 = CARTESIAN_POINT ( 'NONE',  ( 25.95772347172333383, 33.06363884952226329, 19.81799265049265557 ) ) ;
#2772 = CARTESIAN_POINT ( 'NONE',  ( 23.73531646875000334, 32.00000000000000000, 21.92187500034139802 ) ) ;
#2773 = DIRECTION ( 'NONE',  ( 1.121588059205336351E-12, 0.000000000000000000, 1.000000000000000000 ) ) ;
#2774 = FACE_OUTER_BOUND ( 'NONE', #3798, .T. ) ;
#2775 = EDGE_CURVE ( 'NONE', #1548, #697, #727, .T. ) ;
#2776 = B_SPLINE_CURVE_WITH_KNOTS ( 'NONE', 3,
 ( #3764, #3830, #2204, #520 ),
 .UNSPECIFIED., .F., .F.,
 ( 4, 4 ),
 ( 0.000000000000000000, 0.0001734572521708587010 ),
 .UNSPECIFIED. ) ;
#2777 = CARTESIAN_POINT ( 'NONE',  ( 30.49674982086299835, -34.90909301689816147, 10.15239744175942604 ) ) ;
#2778 = VERTEX_POINT ( 'NONE', #2083 ) ;
#2779 = DIRECTION ( 'NONE',  ( -0.000000000000000000, 1.000000000000000000, -0.000000000000000000 ) ) ;
#2780 = TOROIDAL_SURFACE ( 'NONE', #3002, -25.41077016679313516, 34.39999999999999858 ) ;
#2781 = CARTESIAN_POINT ( 'NONE',  ( 25.09295409379500086, 30.60000000000000853, 19.81233490781575313 ) ) ;
#2782 = CARTESIAN_POINT ( 'NONE',  ( 23.73531646875000689, 32.73016537720688035, 20.88020833367473372 ) ) ;
#2783 = B_SPLINE_CURVE_WITH_KNOTS ( 'NONE', 3,
 ( #1648, #3019, #1686, #3967 ),
 .UNSPECIFIED., .F., .F.,
 ( 4, 4 ),
 ( 0.0005354882589030960987, 0.004041100920013989198 ),
 .UNSPECIFIED. ) ;
#2784 = VECTOR ( 'NONE', #321, 1000.000000000000000 ) ;
#2785 = LINE ( 'NONE', #56, #112 ) ;
#2786 = VECTOR ( 'NONE', #3777, 1000.000000000000000 ) ;
#2787 = CARTESIAN_POINT ( 'NONE',  ( 25.00000000000000000, 33.61658075373095755, 19.65625000068279959 ) ) ;
#2788 = VERTEX_POINT ( 'NONE', #75 ) ;
#2789 = ORIENTED_EDGE ( 'NONE', *, *, #44, .F. ) ;
#2790 = CARTESIAN_POINT ( 'NONE',  ( 26.40000000000000213, 32.80829037686547167, 21.57291666734946389 ) ) ;
#2791 = CARTESIAN_POINT ( 'NONE',  ( 21.83392886587567006, -40.50000000000000000, 12.23421629301459390 ) ) ;
#2792 = AXIS2_PLACEMENT_3D ( 'NONE', #3980, #2308, #3623 ) ;
#2793 = CARTESIAN_POINT ( 'NONE',  ( 33.05533615815430437, -34.84433582098985482, 15.71332888693454244 ) ) ;
#2794 = DIRECTION ( 'NONE',  ( 5.367550665727064795E-15, 0.000000000000000000, 1.000000000000000000 ) ) ;
#2795 = VECTOR ( 'NONE', #3010, 1000.000000000000000 ) ;
#2796 = ORIENTED_EDGE ( 'NONE', *, *, #1361, .F. ) ;
#2797 = CARTESIAN_POINT ( 'NONE',  ( 21.32508013322569340, -38.57631802473960647, 15.74288431879871197 ) ) ;
#2798 = CARTESIAN_POINT ( 'NONE',  ( 36.24846684808984776, -38.49334475740553074, 15.60061493736627192 ) ) ;
#2799 = DIRECTION ( 'NONE',  ( 1.000000000000000000, 0.000000000000000000, 1.214306433183764966E-16 ) ) ;
#2800 = CARTESIAN_POINT ( 'NONE',  ( 46.50000000000000000, 50.00000000000000000, 2.104480912413648319 ) ) ;
#2801 = VERTEX_POINT ( 'NONE', #3794 ) ;
#2802 = DIRECTION ( 'NONE',  ( -0.000000000000000000, -0.000000000000000000, -1.000000000000000000 ) ) ;
#2803 = EDGE_CURVE ( 'NONE', #3671, #1386, #3423, .T. ) ;
#2804 = CARTESIAN_POINT ( 'NONE',  ( 26.39999999999999858, 32.00000000000000000, 19.62769683197786819 ) ) ;
#2805 = CARTESIAN_POINT ( 'NONE',  ( 24.36765823437500345, 30.90475193418969369, 20.50520833367473017 ) ) ;
#2806 = CARTESIAN_POINT ( 'NONE',  ( 23.60000000000000142, 32.00000000000000000, 19.62769683197786819 ) ) ;
#2807 = VERTEX_POINT ( 'NONE', #2147 ) ;
#2808 = ORIENTED_EDGE ( 'NONE', *, *, #2885, .F. ) ;
#2809 = CARTESIAN_POINT ( 'NONE',  ( 25.69999999999999929, 33.21243556529821461, 20.61458333401612819 ) ) ;
#2810 = EDGE_CURVE ( 'NONE', #2667, #2566, #2785, .T. ) ;
#2811 = CARTESIAN_POINT ( 'NONE',  ( 23.60000000001219789, 32.00000389932112910, 21.28116955222854401 ) ) ;
#2812 = CARTESIAN_POINT ( 'NONE',  ( 32.64687064125135407, -37.00000000000000000, 16.85886198756227472 ) ) ;
#2813 = CARTESIAN_POINT ( 'NONE',  ( 25.00000000000000000, 30.38341924626904955, 21.62499999999999645 ) ) ;
#2814 = CARTESIAN_POINT ( 'NONE',  ( 24.52509246123311826, -37.00000000000000000, 8.663085525150869159 ) ) ;
#2815 = ORIENTED_EDGE ( 'NONE', *, *, #386, .T. ) ;
#2816 = CARTESIAN_POINT ( 'NONE',  ( 21.58811808374810326, -38.81394271194066903, 15.73067923021816128 ) ) ;
#2817 = FACE_OUTER_BOUND ( 'NONE', #4313, .T. ) ;
#2818 = CARTESIAN_POINT ( 'NONE',  ( 28.38854016793954926, -36.99999999997503863, 14.78646504078998625 ) ) ;
#2819 = ADVANCED_FACE ( 'NONE', ( #3467 ), #1382, .T. ) ;
#2820 = CARTESIAN_POINT ( 'NONE',  ( 36.24846684809939035, -38.39691773294821076, 24.10061493736626304 ) ) ;
#2821 =( LENGTH_UNIT ( ) NAMED_UNIT ( * ) SI_UNIT ( .MILLI., .METRE. ) );
#2822 = ORIENTED_EDGE ( 'NONE', *, *, #2110, .T. ) ;
#2823 = CARTESIAN_POINT ( 'NONE',  ( 45.90301456037800421, 0.000000000000000000, 26.00000000000000000 ) ) ;
#2824 = CARTESIAN_POINT ( 'NONE',  ( 28.33023877752511055, -37.86566084416151057, 15.35665182336469670 ) ) ;
#2825 = DIRECTION ( 'NONE',  ( 0.000000000000000000, -0.000000000000000000, 1.000000000000000000 ) ) ;
#2826 = CARTESIAN_POINT ( 'NONE',  ( 26.24873608278188186, 32.66308449560469995, 19.56993333262674284 ) ) ;
#2827 = EDGE_LOOP ( 'NONE', ( #122, #245, #2386, #2971 ) ) ;
#2828 = EDGE_LOOP ( 'NONE', ( #1554, #51, #4250, #2465 ) ) ;
#2829 = CARTESIAN_POINT ( 'NONE',  ( 23.60000000000000142, 32.00000000000000000, 20.78125000068279604 ) ) ;
#2830 = CARTESIAN_POINT ( 'NONE',  ( 28.31994279068253562, -37.00000000000000000, 14.97493478583811388 ) ) ;
#2831 = EDGE_CURVE ( 'NONE', #4224, #2872, #69, .T. ) ;
#2832 = LINE ( 'NONE', #3653, #3463 ) ;
#2833 = CARTESIAN_POINT ( 'NONE',  ( 29.60670634889348207, -37.00000000000000000, 9.579158236534171422 ) ) ;
#2834 = VERTEX_POINT ( 'NONE', #3712 ) ;
#2835 = VECTOR ( 'NONE', #3525, 1000.000000000000000 ) ;
#2836 = CARTESIAN_POINT ( 'NONE',  ( 21.26157520586226113, -38.88794855427622110, 16.09556389048519165 ) ) ;
#2837 = CARTESIAN_POINT ( 'NONE',  ( 25.18070929433911687, 34.75000000000000000, 23.31233490781575313 ) ) ;
#2838 = CARTESIAN_POINT ( 'NONE',  ( 26.26468353125000021, 31.26983462279312675, 21.63020833367473017 ) ) ;
#2839 = LINE ( 'NONE', #3502, #2069 ) ;
#2840 = CARTESIAN_POINT ( 'NONE',  ( 13.74846684809938147, -38.31760882611746410, 24.10061493739151572 ) ) ;
#2841 = CARTESIAN_POINT ( 'NONE',  ( 21.66084976715211852, -38.28118411005212351, 11.76156279318046849 ) ) ;
#2842 = ORIENTED_EDGE ( 'NONE', *, *, #509, .T. ) ;
#2843 = ORIENTED_EDGE ( 'NONE', *, *, #2863, .F. ) ;
#2844 = CARTESIAN_POINT ( 'NONE',  ( 18.08628173658953742, -37.00000000000000000, 43.09168745040885540 ) ) ;
#2845 = CARTESIAN_POINT ( 'NONE',  ( 28.40017152655443056, -37.43127167626180807, 15.60061493737505600 ) ) ;
#2846 = DIRECTION ( 'NONE',  ( -0.000000000000000000, -1.000000000000000000, -0.000000000000000000 ) ) ;
#2847 = ORIENTED_EDGE ( 'NONE', *, *, #1600, .F. ) ;
#2848 = ORIENTED_EDGE ( 'NONE', *, *, #1433, .T. ) ;
#2849 = CARTESIAN_POINT ( 'NONE',  ( 24.30000000000000071, 33.21243556529821461, 21.69791666734946034 ) ) ;
#2850 = DIRECTION ( 'NONE',  ( 0.000000000000000000, 0.000000000000000000, -1.000000000000000000 ) ) ;
#2851 = CARTESIAN_POINT ( 'NONE',  ( 25.00000000000000000, 32.00000000000000000, 17.00000000000000000 ) ) ;
#2852 =( BOUNDED_CURVE ( )  B_SPLINE_CURVE ( 2, ( #2100, #3087, #2451, #3768, #753, #437, #1796 ),
 .UNSPECIFIED., .F., .F. ) 
 B_SPLINE_CURVE_WITH_KNOTS ( ( 3, 2, 2, 3 ),
 ( 0.8245213575293753872, 0.8333333333333333703, 0.8666666666666666963, 0.8800735250833993106 ),
 .UNSPECIFIED. ) 
 CURVE ( )  GEOMETRIC_REPRESENTATION_ITEM ( )  RATIONAL_B_SPLINE_CURVE ( ( 0.9478909965770707657, 0.9645825729941029936, 1.000000000000000000, 0.8660254037844387076, 1.000000000000000000, 0.9461146467129714077, 0.9355752915612314258 ) ) 
 REPRESENTATION_ITEM ( '' )  );
#2853 = VECTOR ( 'NONE', #1966, 1000.000000000000000 ) ;
#2854 = CARTESIAN_POINT ( 'NONE',  ( 23.73531646875000334, 32.00000000000000000, 19.92187500034139802 ) ) ;
#2855 = ORIENTED_EDGE ( 'NONE', *, *, #3259, .F. ) ;
#2856 = VECTOR ( 'NONE', #546, 1000.000000000000000 ) ;
#2857 = EDGE_CURVE ( 'NONE', #2872, #3390, #1326, .T. ) ;
#2858 = CARTESIAN_POINT ( 'NONE',  ( 23.60000000001219789, 32.00000389932112910, 21.28116955222854401 ) ) ;
#2859 = AXIS2_PLACEMENT_3D ( 'NONE', #3049, #2355, #3672 ) ;
#2860 = UNCERTAINTY_MEASURE_WITH_UNIT (LENGTH_MEASURE( 1.000000000000000082E-05 ), #2821, 'distance_accuracy_value', 'NONE');
#2861 = CARTESIAN_POINT ( 'NONE',  ( 27.73192422229825738, 32.36263458337626986, 22.88275178249450548 ) ) ;
#2862 = CARTESIAN_POINT ( 'NONE',  ( 25.63234176562500011, 30.90475193418969369, 21.08854166700806587 ) ) ;
#2863 = EDGE_CURVE ( 'NONE', #2955, #3582, #1427, .T. ) ;
#2864 = CARTESIAN_POINT ( 'NONE',  ( 13.62200605437000611, -34.99999999999999289, 14.41233490781574922 ) ) ;
#2865 = CARTESIAN_POINT ( 'NONE',  ( 28.65933836862767237, -38.88491259268663924, 16.03787280074052291 ) ) ;
#2866 = CARTESIAN_POINT ( 'NONE',  ( 21.86670477258976319, -40.81677957263352141, 12.32369678493946807 ) ) ;
#2867 = VERTEX_POINT ( 'NONE', #3780 ) ;
#2868 = CARTESIAN_POINT ( 'NONE',  ( 21.71542450465092600, -40.50000000000097344, 15.08053023167244078 ) ) ;
#2869 = CARTESIAN_POINT ( 'NONE',  ( 23.73531646875000689, 31.26983462279312675, 20.90104166700806942 ) ) ;
#2870 = CARTESIAN_POINT ( 'NONE',  ( 27.61495299206568532, -37.00000000000000000, 11.04981978952856814 ) ) ;
#2871 = CARTESIAN_POINT ( 'NONE',  ( 26.02316494281143733, 32.74334240698122045, 19.72225075861638288 ) ) ;
#2872 = VERTEX_POINT ( 'NONE', #2734 ) ;
#2873 = ORIENTED_EDGE ( 'NONE', *, *, #3748, .F. ) ;
#2874 = CARTESIAN_POINT ( 'NONE',  ( 25.63234176562500011, 30.90475193418969369, 21.02604166700806587 ) ) ;
#2875 = CARTESIAN_POINT ( 'NONE',  ( 21.56939758939732599, -40.50000000000000711, 12.33766281586088809 ) ) ;
#2876 = CARTESIAN_POINT ( 'NONE',  ( 25.69999999999999929, 33.21243556529821461, 20.11458333401612819 ) ) ;
#2877 = EDGE_CURVE ( 'NONE', #3844, #2484, #665, .T. ) ;
#2878 = CARTESIAN_POINT ( 'NONE',  ( 24.30000000000000071, 30.78756443470178894, 21.58333333333333215 ) ) ;
#2879 = CARTESIAN_POINT ( 'NONE',  ( 31.26809076000432341, -36.99999999999997868, 14.41436310064229609 ) ) ;
#2880 = ORIENTED_EDGE ( 'NONE', *, *, #603, .T. ) ;
#2881 =( BOUNDED_SURFACE ( )  B_SPLINE_SURFACE ( 3, 2, ( 
 ( #210, #3879, #2235 ),
 ( #3928, #3253, #3504 ),
 ( #889, #1566, #3553 ),
 ( #1856, #3596, #597 ) ),
 .UNSPECIFIED., .F., .F., .F. ) 
 B_SPLINE_SURFACE_WITH_KNOTS ( ( 4, 4 ),
 ( 3, 3 ),
 ( 0.005211256734338899632, 0.008903991498753234882 ),
 ( 0.000000000000000000, 1.000000000000000000 ),
 .UNSPECIFIED. ) 
 GEOMETRIC_REPRESENTATION_ITEM ( )  RATIONAL_B_SPLINE_SURFACE ( (
 ( 1.000000000000000000, 0.7425650845555896717, 1.000000000000000000),
 ( 1.000000000000000000, 0.7421085283979350633, 1.000000000000000000),
 ( 1.000000000000000000, 0.7418367168720815252, 1.000000000000000000),
 ( 1.000000000000000000, 0.7417197615602280081, 1.000000000000000000) ) ) 
 REPRESENTATION_ITEM ( '' )  SURFACE ( )  );
#2882 = CARTESIAN_POINT ( 'NONE',  ( 26.39999999999998437, 31.99999981097138857, 21.53124990926128746 ) ) ;
#2883 = DIRECTION ( 'NONE',  ( 0.000000000000000000, 1.000000000000000000, 0.000000000000000000 ) ) ;
#2884 = CARTESIAN_POINT ( 'NONE',  ( 26.26468353125000021, 32.00000000000000000, 20.67187500034139802 ) ) ;
#2885 = EDGE_CURVE ( 'NONE', #4306, #4180, #4134, .T. ) ;
#2886 = CARTESIAN_POINT ( 'NONE',  ( 23.60000000000000142, 32.00000000000000000, 19.99999999999999645 ) ) ;
#2887 = CARTESIAN_POINT ( 'NONE',  ( 28.74963468592081384, -38.88805360804549593, 16.10248856100514558 ) ) ;
#2888 = EDGE_CURVE ( 'NONE', #3880, #2133, #3454, .T. ) ;
#2889 = CARTESIAN_POINT ( 'NONE',  ( 26.40000000000001279, 32.80829037686546457, 20.79166666666666785 ) ) ;
#2890 = ORIENTED_EDGE ( 'NONE', *, *, #787, .T. ) ;
#2891 = CARTESIAN_POINT ( 'NONE',  ( 25.63234176562500011, 30.90475193418969369, 20.02604166700806587 ) ) ;
#2892 = CARTESIAN_POINT ( 'NONE',  ( 20.92339989014212875, -37.00000000000000711, 11.60157059556826731 ) ) ;
#2893 = CARTESIAN_POINT ( 'NONE',  ( 28.30052731683391443, -40.50000000000000711, 12.27089086842780929 ) ) ;
#2894 = CARTESIAN_POINT ( 'NONE',  ( 24.99846684807088337, -35.61760882611746126, -1.310155229414248446 ) ) ;
#2895 = ORIENTED_EDGE ( 'NONE', *, *, #157, .T. ) ;
#2896 = EDGE_LOOP ( 'NONE', ( #3692, #646, #403, #4171 ) ) ;
#2897 = CARTESIAN_POINT ( 'NONE',  ( 23.73531646875000689, 32.73016537720688035, 20.81770833367473017 ) ) ;
#2898 = DIRECTION ( 'NONE',  ( -0.000000000000000000, -0.000000000000000000, -1.000000000000000000 ) ) ;
#2899 = CARTESIAN_POINT ( 'NONE',  ( 21.83392886587567006, -40.50000000000000000, 12.23421629301459390 ) ) ;
#2900 = CARTESIAN_POINT ( 'NONE',  ( 23.73531646875000334, 32.00000000000000000, 20.42187500034139447 ) ) ;
#2901 = ORIENTED_EDGE ( 'NONE', *, *, #1330, .T. ) ;
#2902 = CARTESIAN_POINT ( 'NONE',  ( 24.30000000000000071, 30.78756443470178894, 21.36458333401613174 ) ) ;
#2903 = AXIS2_PLACEMENT_3D ( 'NONE', #3526, #4205, #1522 ) ;
#2904 = VECTOR ( 'NONE', #327, 1000.000000000000000 ) ;
#2905 = DIRECTION ( 'NONE',  ( 0.000000000000000000, 0.000000000000000000, 1.000000000000000000 ) ) ;
#2906 = CARTESIAN_POINT ( 'NONE',  ( 24.36765823437500345, 33.09524806581030987, 21.33854166700806232 ) ) ;
#2907 = CARTESIAN_POINT ( 'NONE',  ( 41.49999999999998579, 50.00000000000000000, 2.104480912413648319 ) ) ;
#2908 = DIRECTION ( 'NONE',  ( -0.000000000000000000, -1.000000000000000000, -0.000000000000000000 ) ) ;
#2909 = DIRECTION ( 'NONE',  ( 1.000000000000000000, 0.000000000000000000, 0.000000000000000000 ) ) ;
#2910 = ORIENTED_EDGE ( 'NONE', *, *, #3680, .T. ) ;
#2911 = DIRECTION ( 'NONE',  ( -1.000000000000000000, -0.000000000000000000, 0.000000000000000000 ) ) ;
#2912 = CARTESIAN_POINT ( 'NONE',  ( 26.26468353125000021, 31.26983462279312675, 20.06770833367473017 ) ) ;
#2913 = CARTESIAN_POINT ( 'NONE',  ( 22.34268697687147665, -36.99999999999997868, 11.04363154159702631 ) ) ;
#2914 = CARTESIAN_POINT ( 'NONE',  ( 29.07170988338287287, -37.00000000000001421, 12.26150157547573905 ) ) ;
#2915 = CARTESIAN_POINT ( 'NONE',  ( 21.11086587351148935, -38.88907856675146490, 16.16877765419294732 ) ) ;
#2916 = ORIENTED_EDGE ( 'NONE', *, *, #1844, .T. ) ;
#2917 = EDGE_LOOP ( 'NONE', ( #3254, #2050, #2605, #310, #2843, #1621, #3426 ) ) ;
#2918 = DIRECTION ( 'NONE',  ( 0.000000000000000000, 0.000000000000000000, 1.000000000000000000 ) ) ;
#2919 = CARTESIAN_POINT ( 'NONE',  ( 19.59999999999999787, 0.000000000000000000, 14.41233490781574922 ) ) ;
#2920 = CIRCLE ( 'NONE', #477, 12.28111222275523851 ) ;
#2921 = ADVANCED_FACE ( 'NONE', ( #788 ), #1714, .F. ) ;
#2922 = CARTESIAN_POINT ( 'NONE',  ( 45.90301456037813210, -37.00000000000000000, 28.00000000000029843 ) ) ;
#2923 = DIRECTION ( 'NONE',  ( 0.000000000000000000, 0.000000000000000000, 1.000000000000000000 ) ) ;
#2924 = CARTESIAN_POINT ( 'NONE',  ( 25.00000000000000000, 30.38341924626904955, 21.62499999999999645 ) ) ;
#2925 = CARTESIAN_POINT ( 'NONE',  ( 31.11692096235351102, -37.00000000000000711, 13.65090117235581957 ) ) ;
#2926 = ORIENTED_EDGE ( 'NONE', *, *, #2877, .F. ) ;
#2927 = CIRCLE ( 'NONE', #1722, 10.00000000000000178 ) ;
#2928 = CARTESIAN_POINT ( 'NONE',  ( 28.97865424685474522, -38.61745903731148388, 15.89113596871228040 ) ) ;
#2929 = CIRCLE ( 'NONE', #1592, 2.000000000000000000 ) ;
#2930 = CIRCLE ( 'NONE', #3273, 5.749999999999998224 ) ;
#2931 = FACE_OUTER_BOUND ( 'NONE', #1809, .T. ) ;
#2932 = CARTESIAN_POINT ( 'NONE',  ( 23.73531646875000689, 32.73016537720687325, 21.88020833367473372 ) ) ;
#2933 = AXIS2_PLACEMENT_3D ( 'NONE', #1798, #2779, #3420 ) ;
#2934 = DIRECTION ( 'NONE',  ( -0.000000000000000000, -1.000000000000000000, -0.000000000000000000 ) ) ;
#2935 = CARTESIAN_POINT ( 'NONE',  ( 28.30741587193111286, -38.41723342842928446, 15.33930098670654374 ) ) ;
#2936 = CARTESIAN_POINT ( 'NONE',  ( 20.61148993648484051, -38.29513898869335975, 12.04749493308726827 ) ) ;
#2937 = VECTOR ( 'NONE', #599, 1000.000000000000000 ) ;
#2938 = ORIENTED_EDGE ( 'NONE', *, *, #2629, .F. ) ;
#2939 = DIRECTION ( 'NONE',  ( -1.000000000000000000, 0.000000000000000000, -1.214306433183764966E-16 ) ) ;
#2940 = CARTESIAN_POINT ( 'NONE',  ( 28.33581001684819967, -38.70930090379449240, 15.54610147199569070 ) ) ;
#2941 = CARTESIAN_POINT ( 'NONE',  ( 25.86515507300463312, 32.96083324012374760, 19.73986765083280659 ) ) ;
#2942 = DIRECTION ( 'NONE',  ( 0.000000000000000000, -1.000000000000000000, 0.000000000000000000 ) ) ;
#2943 = CARTESIAN_POINT ( 'NONE',  ( 25.00000000000000000, 32.00000000000000000, 17.00000000000000000 ) ) ;
#2944 = DIRECTION ( 'NONE',  ( -1.214306433183764966E-16, 0.000000000000000000, 1.000000000000000000 ) ) ;
#2945 = ADVANCED_FACE ( 'NONE', ( #140 ), #1694, .F. ) ;
#2946 = VERTEX_POINT ( 'NONE', #3092 ) ;
#2947 = ORIENTED_EDGE ( 'NONE', *, *, #1495, .F. ) ;
#2948 = CARTESIAN_POINT ( 'NONE',  ( 23.73531646875000689, 32.73016537720688035, 20.31770833367473017 ) ) ;
#2949 = CARTESIAN_POINT ( 'NONE',  ( 28.87355236798020641, -38.88907856675146490, 16.16264350239693570 ) ) ;
#2950 = CARTESIAN_POINT ( 'NONE',  ( 26.26468353125000021, 31.26983462279312675, 21.56770833367473017 ) ) ;
#2951 = ADVANCED_FACE ( 'NONE', ( #804 ), #94, .T. ) ;
#2952 = CARTESIAN_POINT ( 'NONE',  ( 24.30000000000000071, 33.21243556529821461, 21.41666666666666785 ) ) ;
#2953 = CARTESIAN_POINT ( 'NONE',  ( 33.42824576486004418, -37.00000000000099476, 13.97756843534637916 ) ) ;
#2954 = ADVANCED_FACE ( 'NONE', ( #1802 ), #2762, .F. ) ;
#2955 = VERTEX_POINT ( 'NONE', #3137 ) ;
#2956 = EDGE_LOOP ( 'NONE', ( #2523, #2499 ) ) ;
#2957 = EDGE_CURVE ( 'NONE', #2128, #652, #3934, .T. ) ;
#2958 = CARTESIAN_POINT ( 'NONE',  ( 25.00000000000000000, 30.38341924626904955, 21.40625000068279604 ) ) ;
#2959 = CARTESIAN_POINT ( 'NONE',  ( 21.63834212652013633, -36.99999999998386357, 15.37402741866084810 ) ) ;
#2960 = DIRECTION ( 'NONE',  ( -1.121554956186847543E-12, 0.000000000000000000, -1.000000000000000000 ) ) ;
#2961 = CARTESIAN_POINT ( 'NONE',  ( 22.33913050985335502, 31.28209081142318482, 22.90534243603838505 ) ) ;
#2962 = CARTESIAN_POINT ( 'NONE',  ( 26.39999999999999858, 32.80829037686547167, 21.07291666734946389 ) ) ;
#2963 = CARTESIAN_POINT ( 'NONE',  ( 17.73269640238294542, -37.00000000000269296, 11.46427592577444088 ) ) ;
#2964 = B_SPLINE_CURVE_WITH_KNOTS ( 'NONE', 3,
 ( #602, #3624, #1904, #3909, #2311, #913, #3258, #3284, #1194, #277, #625, #2967, #2541, #1973, #3302, #298, #2870, #4190, #3860, #868, #2212, #3238, #3531, #2913, #530, #1884, #2892, #4210, #235, #1570, #4235, #1994, #3646, #1639, #2663, #1316, #649, #2988, #3324, #4310, #3982, #978 ),
 .UNSPECIFIED., .F., .F.,
 ( 4, 2, 2, 2, 2, 2, 2, 2, 2, 2, 2, 2, 2, 2, 2, 2, 2, 2, 2, 2, 4 ),
 ( 0.0006818202527103423179, 0.001261875020995744398, 0.001841929789281146479, 0.002421984557566548776, 0.003002039325851950640, 0.004162148862422764342, 0.005322258398993577611, 0.006482367935564390879, 0.007642477472135204147, 0.009962696545276820276, 0.01112280608184762834, 0.01228291561841843640, 0.01344302515498924447, 0.01460313469156005253, 0.01518318945984546350, 0.01576324422813087101, 0.01692335376470168948, 0.01750340853298710045, 0.01808346330127251489, 0.01866351806955792586, 0.01924357283784333683 ),
 .UNSPECIFIED. ) ;
#2965 = ORIENTED_EDGE ( 'NONE', *, *, #3130, .F. ) ;
#2966 = CARTESIAN_POINT ( 'NONE',  ( 28.62187140622553727, -38.52175646440844758, 15.67674095855650940 ) ) ;
#2967 = CARTESIAN_POINT ( 'NONE',  ( 30.01076562315353158, -36.99999999999999289, 12.23443448818068546 ) ) ;
#2968 = CYLINDRICAL_SURFACE ( 'NONE', #2287, 1.399999999999998579 ) ;
#2969 = DIRECTION ( 'NONE',  ( -1.121619754438260072E-12, 0.000000000000000000, -1.000000000000000000 ) ) ;
#2970 = ORIENTED_EDGE ( 'NONE', *, *, #101, .T. ) ;
#2971 = ORIENTED_EDGE ( 'NONE', *, *, #4182, .T. ) ;
#2972 = CARTESIAN_POINT ( 'NONE',  ( 24.36765823437500345, 33.09524806581030987, 20.77604166700806587 ) ) ;
#2973 = CARTESIAN_POINT ( 'NONE',  ( 45.90301456037813210, -37.00000000000000000, 38.00000000000000000 ) ) ;
#2974 = CARTESIAN_POINT ( 'NONE',  ( 13.87273091680191506, -38.61760882611745416, 15.72487900610330236 ) ) ;
#2975 = CARTESIAN_POINT ( 'NONE',  ( 24.30000000000000071, 30.78756443470178894, 20.58333333333333215 ) ) ;
#2976 = VERTEX_POINT ( 'NONE', #3821 ) ;
#2977 = ORIENTED_EDGE ( 'NONE', *, *, #3899, .F. ) ;
#2978 = EDGE_CURVE ( 'NONE', #2316, #3070, #2063, .T. ) ;
#2979 = DIRECTION ( 'NONE',  ( 0.000000000000000000, -1.000000000000000000, 0.000000000000000000 ) ) ;
#2980 = DIRECTION ( 'NONE',  ( -1.000000000000000000, 0.000000000000000000, 0.000000000000000000 ) ) ;
#2981 = CARTESIAN_POINT ( 'NONE',  ( 26.39999999999999858, 32.00000000000000000, 21.75000000000000000 ) ) ;
#2982 = CARTESIAN_POINT ( 'NONE',  ( 28.38376565928301076, -36.97597403785863435, 11.63130277854445893 ) ) ;
#2983 = CARTESIAN_POINT ( 'NONE',  ( 18.76968714044966902, -36.99999999999999289, 14.80811065778899582 ) ) ;
#2984 = ORIENTED_EDGE ( 'NONE', *, *, #3184, .F. ) ;
#2985 = FACE_OUTER_BOUND ( 'NONE', #3173, .T. ) ;
#2986 = CARTESIAN_POINT ( 'NONE',  ( 35.90301456037743577, -40.50000000000000000, 38.00000000000000000 ) ) ;
#2987 = CARTESIAN_POINT ( 'NONE',  ( 25.00000000000000000, 33.46033075441374649, 19.79687500034139802 ) ) ;
#2988 = CARTESIAN_POINT ( 'NONE',  ( 18.75139405235429635, -36.99999999999997868, 14.71076204872191262 ) ) ;
#2989 = CIRCLE ( 'NONE', #795, 8.900000000000002132 ) ;
#2990 = CARTESIAN_POINT ( 'NONE',  ( 28.86278433786117859, -38.62498994338520930, 16.12936270594201105 ) ) ;
#2991 = CARTESIAN_POINT ( 'NONE',  ( 21.34720408382554524, -36.99209301659395521, 15.60061493738298566 ) ) ;
#2992 = VERTEX_POINT ( 'NONE', #173 ) ;
#2993 = ORIENTED_EDGE ( 'NONE', *, *, #3081, .F. ) ;
#2994 = CARTESIAN_POINT ( 'NONE',  ( 16.74180033065442785, -34.82670592111655594, 14.41233490781574567 ) ) ;
#2995 = CARTESIAN_POINT ( 'NONE',  ( 25.00000000000000000, 50.00000000000000000, 14.41233490781574922 ) ) ;
#2996 = CARTESIAN_POINT ( 'NONE',  ( 23.73531646875000689, 32.73016537720688035, 20.31770833367473017 ) ) ;
#2997 = CARTESIAN_POINT ( 'NONE',  ( 25.00000000000000000, 33.61658075373095755, 19.87500000000000355 ) ) ;
#2998 = CARTESIAN_POINT ( 'NONE',  ( 26.39999999999999858, 32.00000000000000000, 21.03125000068279604 ) ) ;
#2999 = B_SPLINE_CURVE_WITH_KNOTS ( 'NONE', 3,
 ( #3169, #1793, #456, #750 ),
 .UNSPECIFIED., .F., .F.,
 ( 4, 4 ),
 ( 0.0005493734927976994843, 0.001867596183721616059 ),
 .UNSPECIFIED. ) ;
#3000 = ORIENTED_EDGE ( 'NONE', *, *, #2683, .T. ) ;
#3001 = EDGE_CURVE ( 'NONE', #3872, #2031, #2346, .T. ) ;
#3002 = AXIS2_PLACEMENT_3D ( 'NONE', #1718, #728, #2773 ) ;
#3003 = CARTESIAN_POINT ( 'NONE',  ( 26.02316494281144088, 32.74334240698122045, 19.72225075861638288 ) ) ;
#3004 = AXIS2_PLACEMENT_3D ( 'NONE', #1930, #2944, #1270 ) ;
#3005 = CARTESIAN_POINT ( 'NONE',  ( 29.24617227345558135, -40.22176612712070209, 12.43014019667473136 ) ) ;
#3006 = CARTESIAN_POINT ( 'NONE',  ( 16.62610508420777222, -36.99999999999797495, 15.26785496299850919 ) ) ;
#3007 = EDGE_CURVE ( 'NONE', #1526, #469, #1173, .T. ) ;
#3008 = EDGE_LOOP ( 'NONE', ( #3355, #3336, #1962, #2023, #3222, #3611 ) ) ;
#3009 = CIRCLE ( 'NONE', #2026, 13.00000000000000000 ) ;
#3010 = DIRECTION ( 'NONE',  ( -0.000000000000000000, -1.000000000000000000, -0.000000000000000000 ) ) ;
#3011 = CARTESIAN_POINT ( 'NONE',  ( 25.00000000000000000, 0.000000000000000000, 14.41233490781574922 ) ) ;
#3012 = VECTOR ( 'NONE', #488, 1000.000000000000000 ) ;
#3013 = DIRECTION ( 'NONE',  ( 0.8993568816248350695, 0.01381449973489563138, -0.4369969783318037870 ) ) ;
#3014 = DIRECTION ( 'NONE',  ( -0.000000000000000000, 1.000000000000000000, -0.000000000000000000 ) ) ;
#3015 = VERTEX_POINT ( 'NONE', #916 ) ;
#3016 = VERTEX_POINT ( 'NONE', #2871 ) ;
#3017 = LINE ( 'NONE', #2399, #1812 ) ;
#3018 = CARTESIAN_POINT ( 'NONE',  ( 0.000000000000000000, 50.00000000000000000, 0.000000000000000000 ) ) ;
#3019 = CARTESIAN_POINT ( 'NONE',  ( 28.37274249812960392, -38.17593468001120982, 14.82986878187296043 ) ) ;
#3020 = CARTESIAN_POINT ( 'NONE',  ( 28.36684821721917871, -37.59731990869035911, 11.67751935589534185 ) ) ;
#3021 = ORIENTED_EDGE ( 'NONE', *, *, #627, .F. ) ;
#3022 = APPLICATION_PROTOCOL_DEFINITION ( 'draft international standard', 'automotive_design', 1998, #3275 ) ;
#3023 = EDGE_CURVE ( 'NONE', #2674, #703, #1620, .T. ) ;
#3024 = CARTESIAN_POINT ( 'NONE',  ( 23.61794535613690016, 29.61583984668184044, 23.20565872918113115 ) ) ;
#3025 = FACE_OUTER_BOUND ( 'NONE', #962, .T. ) ;
#3026 = ORIENTED_EDGE ( 'NONE', *, *, #1572, .F. ) ;
#3027 = CARTESIAN_POINT ( 'NONE',  ( 13.74846684811497255, -37.00000000000000000, 37.99999999998917133 ) ) ;
#3028 = FACE_OUTER_BOUND ( 'NONE', #1121, .T. ) ;
#3029 = EDGE_CURVE ( 'NONE', #2553, #3872, #2077, .T. ) ;
#3030 = EDGE_CURVE ( 'NONE', #2250, #3921, #2596, .T. ) ;
#3031 = CARTESIAN_POINT ( 'NONE',  ( 2.000000000000000000, 50.00000000000000000, 9.000000000000000000 ) ) ;
#3032 = FACE_OUTER_BOUND ( 'NONE', #2200, .T. ) ;
#3033 = ORIENTED_EDGE ( 'NONE', *, *, #2336, .T. ) ;
#3034 = CARTESIAN_POINT ( 'NONE',  ( 20.93750281210687447, -36.99999999997163513, 12.94320794731120827 ) ) ;
#3035 = LINE ( 'NONE', #2727, #1736 ) ;
#3036 = CARTESIAN_POINT ( 'NONE',  ( 25.63234176562500011, 33.09524806581030987, 21.69270833367473017 ) ) ;
#3037 = CARTESIAN_POINT ( 'NONE',  ( 23.60000000000000497, 31.19170962313452478, 21.04166666666666785 ) ) ;
#3038 = ORIENTED_EDGE ( 'NONE', *, *, #3781, .T. ) ;
#3039 = ORIENTED_EDGE ( 'NONE', *, *, #1912, .F. ) ;
#3040 = CARTESIAN_POINT ( 'NONE',  ( 23.73531646875000334, 32.00000000000000000, 21.85937500034139802 ) ) ;
#3041 = CARTESIAN_POINT ( 'NONE',  ( 25.00000000000000000, 33.61658075373095045, 21.65625000068279604 ) ) ;
#3042 = CARTESIAN_POINT ( 'NONE',  ( 17.33995078224079478, -36.99999999999728573, 11.96817743105558662 ) ) ;
#3043 = ORIENTED_EDGE ( 'NONE', *, *, #221, .F. ) ;
#3044 = LINE ( 'NONE', #3027, #2155 ) ;
#3045 = CARTESIAN_POINT ( 'NONE',  ( 22.25000000000000355, 32.00000000000000000, 22.87681953477326147 ) ) ;
#3046 = CARTESIAN_POINT ( 'NONE',  ( 20.42946560411087376, -34.95070548429784196, 9.619657272118281810 ) ) ;
#3047 = DIRECTION ( 'NONE',  ( 0.000000000000000000, 0.000000000000000000, -1.000000000000000000 ) ) ;
#3048 = ORIENTED_EDGE ( 'NONE', *, *, #1075, .T. ) ;
#3049 = CARTESIAN_POINT ( 'NONE',  ( 25.00000000000000000, -21.64332670552793303, 14.41233490781574922 ) ) ;
#3050 = CIRCLE ( 'NONE', #588, 0.3000000000000004885 ) ;
#3051 = EDGE_CURVE ( 'NONE', #1723, #1862, #2289, .T. ) ;
#3052 = DIRECTION ( 'NONE',  ( -0.000000000000000000, -1.000000000000000000, -0.000000000000000000 ) ) ;
#3053 = CARTESIAN_POINT ( 'NONE',  ( 24.36765823437500345, 33.09524806581030987, 21.83854166700806232 ) ) ;
#3054 = CARTESIAN_POINT ( 'NONE',  ( 24.30000000000000071, 33.21243556529821461, 20.69791666734946389 ) ) ;
#3055 = ORIENTED_EDGE ( 'NONE', *, *, #3983, .F. ) ;
#3056 = ORIENTED_EDGE ( 'NONE', *, *, #1677, .F. ) ;
#3057 = LINE ( 'NONE', #1329, #1748 ) ;
#3058 = CARTESIAN_POINT ( 'NONE',  ( 23.60000000000000142, 32.00000000000000000, 21.50000000000000000 ) ) ;
#3059 = EDGE_CURVE ( 'NONE', #2267, #3797, #2927, .T. ) ;
#3060 = AXIS2_PLACEMENT_3D ( 'NONE', #2894, #508, #2969 ) ;
#3061 = CARTESIAN_POINT ( 'NONE',  ( 23.60000000000000142, 32.00000000000000000, 21.78125000068279604 ) ) ;
#3062 = CARTESIAN_POINT ( 'NONE',  ( 18.42745489556570959, -34.90823483085684842, 10.91579718858047521 ) ) ;
#3063 = CARTESIAN_POINT ( 'NONE',  ( 50.00000000000000000, 50.00000000000000000, 11.00000000000000000 ) ) ;
#3064 = CARTESIAN_POINT ( 'NONE',  ( 28.89899444568352749, -38.61684723317730317, 15.87178263972799641 ) ) ;
#3065 = VECTOR ( 'NONE', #4300, 1000.000000000000000 ) ;
#3066 = CARTESIAN_POINT ( 'NONE',  ( 20.02133443230111709, -34.94451771054061595, 9.816407120133582964 ) ) ;
#3067 = AXIS2_PLACEMENT_3D ( 'NONE', #32, #3014, #3628 ) ;
#3068 = LINE ( 'NONE', #2374, #3615 ) ;
#3069 = VECTOR ( 'NONE', #3471, 1000.000000000000000 ) ;
#3070 = VERTEX_POINT ( 'NONE', #605 ) ;
#3071 = DIRECTION ( 'NONE',  ( -0.000000000000000000, -1.000000000000000000, -0.000000000000000000 ) ) ;
#3072 = CARTESIAN_POINT ( 'NONE',  ( 21.71542450465092600, -40.50000000000097344, 15.08053023167244078 ) ) ;
#3073 = CARTESIAN_POINT ( 'NONE',  ( 25.63234176562500011, 30.90475193418969369, 21.08854166700806587 ) ) ;
#3074 = VECTOR ( 'NONE', #3071, 1000.000000000000000 ) ;
#3075 = CARTESIAN_POINT ( 'NONE',  ( 25.69999999999999929, 33.21243556529821461, 21.11458333401613174 ) ) ;
#3076 = ORIENTED_EDGE ( 'NONE', *, *, #1463, .T. ) ;
#3077 = ORIENTED_EDGE ( 'NONE', *, *, #2754, .T. ) ;
#3078 = ADVANCED_FACE ( 'NONE', ( #257 ), #1986, .T. ) ;
#3079 = LINE ( 'NONE', #2111, #2561 ) ;
#3080 = CARTESIAN_POINT ( 'NONE',  ( 26.40000000000000213, 32.80829037686547167, 20.79166666666666430 ) ) ;
#3081 = EDGE_CURVE ( 'NONE', #345, #382, #939, .T. ) ;
#3082 = DIRECTION ( 'NONE',  ( 1.000000000000000000, 0.000000000000000000, 0.000000000000000000 ) ) ;
#3083 = DIRECTION ( 'NONE',  ( -1.121534782096232930E-12, 0.000000000000000000, -1.000000000000000000 ) ) ;
#3084 = CARTESIAN_POINT ( 'NONE',  ( 26.39999999999999858, 32.00000000000000000, 20.24999999999999645 ) ) ;
#3085 = CARTESIAN_POINT ( 'NONE',  ( 27.66120936033654942, 31.28378552874977458, 22.90523439254234006 ) ) ;
#3086 = DIRECTION ( 'NONE',  ( -0.000000000000000000, -1.000000000000000000, -0.000000000000000000 ) ) ;
#3087 = CARTESIAN_POINT ( 'NONE',  ( 24.13385632555900884, 33.11651247013554666, 19.70780617178047578 ) ) ;
#3088 = ORIENTED_EDGE ( 'NONE', *, *, #2361, .T. ) ;
#3089 = CARTESIAN_POINT ( 'NONE',  ( 26.26468353125000021, 32.73016537720687325, 21.65104166700806942 ) ) ;
#3090 = CARTESIAN_POINT ( 'NONE',  ( 21.62419119804885526, -38.17593468002803547, 14.82986878188195234 ) ) ;
#3091 = CARTESIAN_POINT ( 'NONE',  ( 26.26468353125000021, 32.00000000000000000, 21.67187500034139802 ) ) ;
#3092 = CARTESIAN_POINT ( 'NONE',  ( 36.24846684808984776, -38.31760882611746410, 15.60061493736627725 ) ) ;
#3093 = ORIENTED_EDGE ( 'NONE', *, *, #543, .F. ) ;
#3094 = EDGE_LOOP ( 'NONE', ( #3961, #835, #1192, #3342, #3863, #364, #2121, #444, #4287, #1350, #1354, #1882 ) ) ;
#3095 = CARTESIAN_POINT ( 'NONE',  ( 24.30000000000000071, 33.21243556529821461, 21.91666666666666430 ) ) ;
#3096 = DIRECTION ( 'NONE',  ( 0.000000000000000000, 0.000000000000000000, 1.000000000000000000 ) ) ;
#3097 = CARTESIAN_POINT ( 'NONE',  ( 24.30000000000000071, 33.21243556529821461, 20.91666666666666785 ) ) ;
#3098 = EDGE_CURVE ( 'NONE', #3016, #1445, #319, .T. ) ;
#3099 = EDGE_CURVE ( 'NONE', #95, #2128, #2743, .T. ) ;
#3100 = DIRECTION ( 'NONE',  ( 0.000000000000000000, 0.000000000000000000, 1.000000000000000000 ) ) ;
#3101 = CARTESIAN_POINT ( 'NONE',  ( 24.99846684809938679, -37.00000000000000000, 24.10061493737892846 ) ) ;
#3102 = CARTESIAN_POINT ( 'NONE',  ( 28.35859156965859995, -37.00000000000000711, 15.37402741865305700 ) ) ;
#3103 = CARTESIAN_POINT ( 'NONE',  ( 25.36048603102823407, 29.26773966730653243, 23.30680573015174417 ) ) ;
#3104 = DIRECTION ( 'NONE',  ( 0.000000000000000000, 0.000000000000000000, 1.000000000000000000 ) ) ;
#3105 =( NAMED_UNIT ( * ) PLANE_ANGLE_UNIT ( ) SI_UNIT ( $, .RADIAN. ) );
#3106 = ORIENTED_EDGE ( 'NONE', *, *, #1654, .F. ) ;
#3107 = CARTESIAN_POINT ( 'NONE',  ( 25.00000000000000000, 30.38341924626904955, 20.62499999999999645 ) ) ;
#3108 = AXIS2_PLACEMENT_3D ( 'NONE', #2527, #3542, #2923 ) ;
#3109 = CARTESIAN_POINT ( 'NONE',  ( 3.500000000000004441, 4.999999999999997335, 5.000000000000000000 ) ) ;
#3110 = VECTOR ( 'NONE', #3439, 1000.000000000000000 ) ;
#3111 = DIRECTION ( 'NONE',  ( -1.000000000000000000, 0.000000000000000000, 0.000000000000000000 ) ) ;
#3112 = CARTESIAN_POINT ( 'NONE',  ( 25.00000000000000000, 33.61658075373095755, 20.15625000068279604 ) ) ;
#3113 = VERTEX_POINT ( 'NONE', #1530 ) ;
#3114 = ORIENTED_EDGE ( 'NONE', *, *, #2364, .F. ) ;
#3115 = CARTESIAN_POINT ( 'NONE',  ( 25.00000000000000000, 30.38341924626904955, 19.90625000068279249 ) ) ;
#3116 = DIRECTION ( 'NONE',  ( -1.000000000000000000, -0.000000000000000000, 1.121830461068781995E-12 ) ) ;
#3117 = DIRECTION ( 'NONE',  ( -1.000000000000000000, 0.000000000000000000, -0.000000000000000000 ) ) ;
#3118 = AXIS2_PLACEMENT_3D ( 'NONE', #1426, #3779, #1132 ) ;
#3119 = VECTOR ( 'NONE', #1046, 1000.000000000000000 ) ;
#3120 = CARTESIAN_POINT ( 'NONE',  ( 26.40000000000000213, 31.19170962313452478, 20.70833333333333215 ) ) ;
#3121 = ORIENTED_EDGE ( 'NONE', *, *, #1919, .T. ) ;
#3122 = CARTESIAN_POINT ( 'NONE',  ( 21.28395198181448222, -38.59424926234261477, 15.77977822616244019 ) ) ;
#3123 = CARTESIAN_POINT ( 'NONE',  ( 26.26468353125000021, 32.00000000000000000, 20.67187500034139802 ) ) ;
#3124 = EDGE_CURVE ( 'NONE', #3185, #1711, #4160, .T. ) ;
#3125 = DIRECTION ( 'NONE',  ( -1.121554956186847745E-12, 0.000000000000000000, -1.000000000000000000 ) ) ;
#3126 = LINE ( 'NONE', #3416, #1429 ) ;
#3127 = CARTESIAN_POINT ( 'NONE',  ( 13.32874713876413075, -36.60987528725127760, 15.21856106093763294 ) ) ;
#3128 = EDGE_CURVE ( 'NONE', #1690, #2946, #2571, .T. ) ;
#3129 = CARTESIAN_POINT ( 'NONE',  ( 21.64836544771831228, -38.30800343765429972, 15.60061493738264460 ) ) ;
#3130 = EDGE_CURVE ( 'NONE', #918, #896, #555, .T. ) ;
#3131 = ORIENTED_EDGE ( 'NONE', *, *, #4302, .F. ) ;
#3132 = CLOSED_SHELL ( 'NONE', ( #3208, #3723, #1706, #994, #1585, #3538, #2225, #595, #3832, #689, #2921, #3962, #2607, #204, #3703, #2954, #2056, #1109, #839, #3643, #1456, #1111, #3210, #1187, #3261, #4238, #1265, #876, #3699, #714, #2733, #517, #3479, #1702, #757, #1754, #3698, #3257, #462, #3147, #1893, #1004, #2040, #406, #3950, #3817, #3654, #2710, #2945, #1437, #4211, #2695, #3922, #1467, #1866, #3457, #3329, #2819, #2135, #2013, #4077, #979, #4157, #954, #2282, #2570, #1304, #2168, #2139, #3177, #1897, #484, #3078, #4108, #2214, #4028, #1773, #2635, #3435, #2275, #3778, #1190, #2951, #3365, #1157, #2464, #3404, #3458, #2240, #3747, #270, #1439, #3337, #1338, #3286, #663 ) ) ;
#3133 = CARTESIAN_POINT ( 'NONE',  ( 46.50000000000000000, 50.00000000000000000, 5.000000000000000000 ) ) ;
#3134 = AXIS2_PLACEMENT_3D ( 'NONE', #2448, #793, #1138 ) ;
#3135 = CARTESIAN_POINT ( 'NONE',  ( 28.62511898316622094, -37.87578176090054427, 15.60061493737482152 ) ) ;
#3136 = CARTESIAN_POINT ( 'NONE',  ( 24.36765823437500345, 33.09524806581030987, 19.77604166700806587 ) ) ;
#3137 = CARTESIAN_POINT ( 'NONE',  ( 25.00000000000000000, 34.75000000000000000, 23.31233490781575313 ) ) ;
#3138 = ORIENTED_EDGE ( 'NONE', *, *, #1370, .F. ) ;
#3139 = ORIENTED_EDGE ( 'NONE', *, *, #3098, .F. ) ;
#3140 = CARTESIAN_POINT ( 'NONE',  ( 24.30000000000000071, 30.78756443470178894, 21.36458333401613174 ) ) ;
#3141 = CARTESIAN_POINT ( 'NONE',  ( 28.31017175891543403, -37.00000000000000000, 15.18222700713061180 ) ) ;
#3142 = VECTOR ( 'NONE', #1725, 1000.000000000000000 ) ;
#3143 = CARTESIAN_POINT ( 'NONE',  ( 33.00582675569599900, -37.00000000000000711, 16.28511789872406723 ) ) ;
#3144 = CARTESIAN_POINT ( 'NONE',  ( 26.40000000000000213, 32.80829037686547167, 21.79166666666666430 ) ) ;
#3145 = CARTESIAN_POINT ( 'NONE',  ( 24.21168891710708948, -37.00000000000000000, 10.71180302658640038 ) ) ;
#3146 = ORIENTED_EDGE ( 'NONE', *, *, #1050, .T. ) ;
#3147 = ADVANCED_FACE ( 'NONE', ( #3580 ), #580, .F. ) ;
#3148 = CARTESIAN_POINT ( 'NONE',  ( 21.68494225741378756, -38.30665341412540670, 15.34277950575896021 ) ) ;
#3149 = CARTESIAN_POINT ( 'NONE',  ( 27.38481267858546175, 33.38106900646562281, 22.98749294017867228 ) ) ;
#3150 = LINE ( 'NONE', #1413, #506 ) ;
#3151 = DIRECTION ( 'NONE',  ( -0.000000000000000000, 1.000000000000000000, -0.000000000000000000 ) ) ;
#3152 = SURFACE_STYLE_USAGE ( .BOTH. , #4123 ) ;
#3153 = EDGE_CURVE ( 'NONE', #1711, #2441, #3327, .T. ) ;
#3154 = ORIENTED_EDGE ( 'NONE', *, *, #386, .F. ) ;
#3155 = CARTESIAN_POINT ( 'NONE',  ( 21.21593996298974005, -40.50000000000000000, 16.33149853930547835 ) ) ;
#3156 = CARTESIAN_POINT ( 'NONE',  ( 13.74846684809938147, -38.31760882611746410, 24.10061493739151572 ) ) ;
#3157 = CARTESIAN_POINT ( 'NONE',  ( 20.95464986190212642, -37.59657329150636684, 12.99031907943374620 ) ) ;
#3158 = FACE_OUTER_BOUND ( 'NONE', #3402, .T. ) ;
#3159 = CARTESIAN_POINT ( 'NONE',  ( 23.60000000000000497, 32.80829037686547167, 20.23958333401612819 ) ) ;
#3160 = VERTEX_POINT ( 'NONE', #3960 ) ;
#3161 = ORIENTED_EDGE ( 'NONE', *, *, #929, .F. ) ;
#3162 = CARTESIAN_POINT ( 'NONE',  ( 24.30000000000000071, 33.21243556529821461, 20.19791666734946389 ) ) ;
#3163 = CARTESIAN_POINT ( 'NONE',  ( 21.69644573178212354, -40.50000000000014921, 12.27088037390330122 ) ) ;
#3164 = CARTESIAN_POINT ( 'NONE',  ( 21.91714537167325005, -36.94304132474631785, 15.63475375884716634 ) ) ;
#3165 = CARTESIAN_POINT ( 'NONE',  ( 29.57490643841583022, -34.92786225298158342, 9.646969765902053240 ) ) ;
#3166 = EDGE_LOOP ( 'NONE', ( #1659, #131, #358, #761, #903 ) ) ;
#3167 = CARTESIAN_POINT ( 'NONE',  ( 21.67600489397320374, -38.64053371121565306, 15.46864386109441725 ) ) ;
#3168 = CARTESIAN_POINT ( 'NONE',  ( 25.89032914598629631, 34.60804168525703517, 23.26925570021369083 ) ) ;
#3169 = CARTESIAN_POINT ( 'NONE',  ( 21.34738568502303124, -37.00000000000000000, 15.60061493738298566 ) ) ;
#3170 = CARTESIAN_POINT ( 'NONE',  ( 26.39999999999998082, 31.19170962313451412, 20.20833333333332860 ) ) ;
#3171 = CARTESIAN_POINT ( 'NONE',  ( 25.00000000000000000, 40.00000000000000000, 20.16233490781574744 ) ) ;
#3172 = CARTESIAN_POINT ( 'NONE',  ( 21.62037362353343894, -37.87605421058670885, 15.60061493738377614 ) ) ;
#3173 = EDGE_LOOP ( 'NONE', ( #3732, #3704, #468, #4084 ) ) ;
#3174 = CARTESIAN_POINT ( 'NONE',  ( 25.63234176562500011, 33.09524806581030987, 21.69270833367473017 ) ) ;
#3175 = CARTESIAN_POINT ( 'NONE',  ( 23.99964204288315273, 32.97943042511095513, 19.71886710480023908 ) ) ;
#3176 = CARTESIAN_POINT ( 'NONE',  ( 25.95771113500627791, 33.06364597212917289, 19.59924338550385059 ) ) ;
#3177 = ADVANCED_FACE ( 'NONE', ( #2042 ), #1453, .F. ) ;
#3178 = ORIENTED_EDGE ( 'NONE', *, *, #582, .T. ) ;
#3179 = ORIENTED_EDGE ( 'NONE', *, *, #1050, .F. ) ;
#3180 = CARTESIAN_POINT ( 'NONE',  ( 26.39999999999999858, 32.00000000000000000, 20.03125000068279604 ) ) ;
#3181 = CARTESIAN_POINT ( 'NONE',  ( 28.38854016793954926, -36.99999999997503863, 14.78646504078998625 ) ) ;
#3182 = CARTESIAN_POINT ( 'NONE',  ( 4.096985439621944280, -37.00000000000000000, 16.41233490781574744 ) ) ;
#3183 = CARTESIAN_POINT ( 'NONE',  ( 28.73808929847023563, -37.00000000000000000, 11.46484131169033738 ) ) ;
#3184 = EDGE_CURVE ( 'NONE', #3490, #2316, #1318, .T. ) ;
#3185 = VERTEX_POINT ( 'NONE', #339 ) ;
#3186 = CIRCLE ( 'NONE', #1785, 0.3000000000000017097 ) ;
#3187 = DIRECTION ( 'NONE',  ( 0.000000000000000000, 1.000000000000000000, 0.000000000000000000 ) ) ;
#3188 = AXIS2_PLACEMENT_3D ( 'NONE', #3203, #2526, #586 ) ;
#3189 = EDGE_CURVE ( 'NONE', #573, #3978, #2929, .T. ) ;
#3190 = CARTESIAN_POINT ( 'NONE',  ( 23.60000000000075104, 32.00000099427092692, 19.78123001999402675 ) ) ;
#3191 = CARTESIAN_POINT ( 'NONE',  ( 25.00000000000000000, 33.46033075441374649, 20.79687500034139802 ) ) ;
#3192 = CARTESIAN_POINT ( 'NONE',  ( 36.02652165776324011, -38.61760882611746837, 24.08750170342876373 ) ) ;
#3193 = CARTESIAN_POINT ( 'NONE',  ( 24.99846684809938679, -40.50000000000000000, 24.10061493737889293 ) ) ;
#3194 = LINE ( 'NONE', #1946, #1006 ) ;
#3195 = ORIENTED_EDGE ( 'NONE', *, *, #1280, .T. ) ;
#3196 = CARTESIAN_POINT ( 'NONE',  ( 26.26468353125000021, 32.73016537720687325, 21.15104166700806587 ) ) ;
#3197 = CARTESIAN_POINT ( 'NONE',  ( 35.94846684809937187, -38.61760882611746126, 24.08284905441237811 ) ) ;
#3198 = CARTESIAN_POINT ( 'NONE',  ( 25.69999999999999929, 33.21243556529821461, 21.33333333333333215 ) ) ;
#3199 = ORIENTED_EDGE ( 'NONE', *, *, #582, .F. ) ;
#3200 = ORIENTED_EDGE ( 'NONE', *, *, #1047, .T. ) ;
#3201 = CARTESIAN_POINT ( 'NONE',  ( 26.39999999999999858, 32.00000000000000000, 21.03125000068279604 ) ) ;
#3202 = LINE ( 'NONE', #1448, #3401 ) ;
#3203 = CARTESIAN_POINT ( 'NONE',  ( 45.90301456037800421, -21.64332670552793303, 26.00000000000000000 ) ) ;
#3204 = VECTOR ( 'NONE', #3517, 1000.000000000000000 ) ;
#3205 = CARTESIAN_POINT ( 'NONE',  ( 25.63234176562500011, 33.09524806581030987, 19.75520833367473017 ) ) ;
#3206 = CARTESIAN_POINT ( 'NONE',  ( 33.26282498842252977, -34.82632929136904210, 14.39062431005824294 ) ) ;
#3207 = ORIENTED_EDGE ( 'NONE', *, *, #3861, .T. ) ;
#3208 = ADVANCED_FACE ( 'NONE', ( #3032 ), #4036, .F. ) ;
#3209 = FACE_OUTER_BOUND ( 'NONE', #4030, .T. ) ;
#3210 = ADVANCED_FACE ( 'NONE', ( #3669 ), #2058, .F. ) ;
#3211 = VECTOR ( 'NONE', #4314, 1000.000000000000000 ) ;
#3212 = DIRECTION ( 'NONE',  ( 0.000000000000000000, 1.000000000000000000, 0.000000000000000000 ) ) ;
#3213 = CARTESIAN_POINT ( 'NONE',  ( 16.93547540141544872, -35.89094283260511276, 14.60797413749252627 ) ) ;
#3214 = DIRECTION ( 'NONE',  ( -0.000000000000000000, -0.000000000000000000, 1.000000000000000000 ) ) ;
#3215 = FACE_OUTER_BOUND ( 'NONE', #1678, .T. ) ;
#3216 = CARTESIAN_POINT ( 'NONE',  ( 21.34738568502303124, -37.00000000000000000, 15.60061493738298566 ) ) ;
#3217 = VERTEX_POINT ( 'NONE', #13 ) ;
#3218 = CARTESIAN_POINT ( 'NONE',  ( 26.26468353125000021, 31.26983462279312675, 20.56770833367472662 ) ) ;
#3219 = PLANE ( 'NONE',  #199 ) ;
#3220 = CARTESIAN_POINT ( 'NONE',  ( 25.00000000000000000, 33.61658075373095045, 21.37499999999999645 ) ) ;
#3221 = ORIENTED_EDGE ( 'NONE', *, *, #1787, .F. ) ;
#3222 = ORIENTED_EDGE ( 'NONE', *, *, #1391, .F. ) ;
#3223 = CARTESIAN_POINT ( 'NONE',  ( 25.00000000000000000, 33.46033075441374649, 20.23437500034139802 ) ) ;
#3224 = LINE ( 'NONE', #965, #818 ) ;
#3225 = CARTESIAN_POINT ( 'NONE',  ( 28.64654827995012099, -38.55751336474933311, 15.71603982494859331 ) ) ;
#3226 = CARTESIAN_POINT ( 'NONE',  ( 25.00000000000000000, 33.46033075441374649, 21.29687500034139802 ) ) ;
#3227 = ORIENTED_EDGE ( 'NONE', *, *, #1246, .T. ) ;
#3228 = FACE_BOUND ( 'NONE', #2692, .T. ) ;
#3229 = EDGE_CURVE ( 'NONE', #3844, #316, #2004, .T. ) ;
#3230 = CYLINDRICAL_SURFACE ( 'NONE', #2310, 1.399999999999998579 ) ;
#3231 = CARTESIAN_POINT ( 'NONE',  ( 23.73531646875000334, 32.00000000000000000, 21.92187500034139802 ) ) ;
#3232 = CARTESIAN_POINT ( 'NONE',  ( 48.00000000000000000, 50.00000000000000000, 9.000000000000000000 ) ) ;
#3233 = LINE ( 'NONE', #3811, #2555 ) ;
#3234 = CARTESIAN_POINT ( 'NONE',  ( 24.30000000000000071, 33.21243556529821461, 20.69791666734946389 ) ) ;
#3235 = EDGE_LOOP ( 'NONE', ( #3407, #4214, #1044, #2245 ) ) ;
#3236 = CARTESIAN_POINT ( 'NONE',  ( 25.00000000000000000, 40.00000000000000000, 8.662334907815750995 ) ) ;
#3237 = CARTESIAN_POINT ( 'NONE',  ( 26.26468353125000021, 32.73016537720687325, 20.15104166700806942 ) ) ;
#3238 = CARTESIAN_POINT ( 'NONE',  ( 23.46317265150291931, -36.99999999999999289, 10.79822595352837666 ) ) ;
#3239 = DIRECTION ( 'NONE',  ( 0.4401065991492786877, 0.000000000000000000, 0.8979455336406858557 ) ) ;
#3240 = ORIENTED_EDGE ( 'NONE', *, *, #3593, .F. ) ;
#3241 = VERTEX_POINT ( 'NONE', #628 ) ;
#3242 = DIRECTION ( 'NONE',  ( 0.000000000000000000, 1.000000000000000000, 0.000000000000000000 ) ) ;
#3243 = DIRECTION ( 'NONE',  ( -1.121548620795886259E-12, 0.000000000000000000, -1.000000000000000000 ) ) ;
#3244 = CARTESIAN_POINT ( 'NONE',  ( 24.99846684810918518, -40.50000000000000000, 32.74160326299248425 ) ) ;
#3245 = CARTESIAN_POINT ( 'NONE',  ( 26.26468353125000021, 32.73016537720688035, 20.71354166700806232 ) ) ;
#3246 = VERTEX_POINT ( 'NONE', #1016 ) ;
#3247 = DIRECTION ( 'NONE',  ( 0.000000000000000000, 1.000000000000000000, 0.000000000000000000 ) ) ;
#3248 = VECTOR ( 'NONE', #3647, 1000.000000000000000 ) ;
#3249 = CARTESIAN_POINT ( 'NONE',  ( 29.01750138616707986, -38.91760882611745842, 15.90061493737438347 ) ) ;
#3250 = CARTESIAN_POINT ( 'NONE',  ( 26.26468353125000021, 32.73016537720687325, 21.21354166700806587 ) ) ;
#3251 = EDGE_CURVE ( 'NONE', #3612, #2731, #3347, .T. ) ;
#3252 = CARTESIAN_POINT ( 'NONE',  ( 26.39999999999833591, 32.00000215971725481, 21.03124986698243148 ) ) ;
#3253 = CARTESIAN_POINT ( 'NONE',  ( 28.02663740370372381, -39.34634391818485710, 15.78078471357734891 ) ) ;
#3254 = ORIENTED_EDGE ( 'NONE', *, *, #348, .F. ) ;
#3255 = DIRECTION ( 'NONE',  ( 1.000000000000000000, 0.000000000000000000, 0.000000000000000000 ) ) ;
#3256 = CARTESIAN_POINT ( 'NONE',  ( 28.34411003782070537, -38.35716006638044462, 15.59920867853759852 ) ) ;
#3257 = ADVANCED_FACE ( 'NONE', ( #696, #3366 ), #4044, .T. ) ;
#3258 = CARTESIAN_POINT ( 'NONE',  ( 31.24998604450602002, -36.99999999999999289, 14.12621318169309959 ) ) ;
#3259 = EDGE_CURVE ( 'NONE', #2432, #3305, #3068, .T. ) ;
#3260 = FACE_OUTER_BOUND ( 'NONE', #2066, .T. ) ;
#3261 = ADVANCED_FACE ( 'NONE', ( #1701 ), #2644, .F. ) ;
#3262 = DIRECTION ( 'NONE',  ( 0.000000000000000000, 1.000000000000000000, 0.000000000000000000 ) ) ;
#3263 = ORIENTED_EDGE ( 'NONE', *, *, #1280, .F. ) ;
#3264 = EDGE_LOOP ( 'NONE', ( #995, #874 ) ) ;
#3265 = CARTESIAN_POINT ( 'NONE',  ( 25.63234176562500011, 33.09524806581030987, 21.19270833367473017 ) ) ;
#3266 = DIRECTION ( 'NONE',  ( 1.000000000000000000, 0.000000000000000000, 0.000000000000000000 ) ) ;
#3267 = CARTESIAN_POINT ( 'NONE',  ( 28.60318215816301191, -38.42926260742370914, 15.61686181682789076 ) ) ;
#3268 = FACE_OUTER_BOUND ( 'NONE', #2896, .T. ) ;
#3269 = CARTESIAN_POINT ( 'NONE',  ( 26.40000000000000213, 31.19170962313452478, 21.70833333333333570 ) ) ;
#3270 = CARTESIAN_POINT ( 'NONE',  ( 31.93444196792861334, -34.87072182642089757, 11.31392905157857598 ) ) ;
#3271 = VERTEX_POINT ( 'NONE', #50 ) ;
#3272 = VERTEX_POINT ( 'NONE', #1975 ) ;
#3273 = AXIS2_PLACEMENT_3D ( 'NONE', #2995, #3291, #2577 ) ;
#3274 = EDGE_CURVE ( 'NONE', #591, #3988, #3304, .T. ) ;
#3275 = APPLICATION_CONTEXT ( 'automotive_design' ) ;
#3276 = CARTESIAN_POINT ( 'NONE',  ( 2.000000000000000000, 0.000000000000000000, 11.00000000000000000 ) ) ;
#3277 = CARTESIAN_POINT ( 'NONE',  ( 23.73531646875000689, 31.26983462279312675, 19.96354166700806942 ) ) ;
#3278 = CIRCLE ( 'NONE', #2028, 15.00000000000000000 ) ;
#3279 = CARTESIAN_POINT ( 'NONE',  ( 29.41550202450553897, -37.64297730773276385, 11.96491052922356246 ) ) ;
#3280 = CARTESIAN_POINT ( 'NONE',  ( 16.74597706744987136, -34.82560458564728378, 14.65186376647116973 ) ) ;
#3281 = EDGE_LOOP ( 'NONE', ( #3664, #829, #1991, #3289 ) ) ;
#3282 = CARTESIAN_POINT ( 'NONE',  ( 26.02316494281143733, 32.74334240698122045, 19.72225075861638288 ) ) ;
#3283 = CARTESIAN_POINT ( 'NONE',  ( 28.60424180087860790, -38.40641440696646214, 15.61068799496745818 ) ) ;
#3284 = CARTESIAN_POINT ( 'NONE',  ( 31.15620824793284527, -36.99999999999999289, 13.75396936240981738 ) ) ;
#3285 = CARTESIAN_POINT ( 'NONE',  ( 28.86102661932580560, -38.88897891801335760, 16.15653044226303336 ) ) ;
#3286 = ADVANCED_FACE ( 'NONE', ( #2397 ), #1369, .T. ) ;
#3287 = CARTESIAN_POINT ( 'NONE',  ( 26.39999999999999858, 32.00000000000000000, 17.00000000000000000 ) ) ;
#3288 = EDGE_LOOP ( 'NONE', ( #1343, #346, #1887, #850 ) ) ;
#3289 = ORIENTED_EDGE ( 'NONE', *, *, #1485, .T. ) ;
#3290 = CARTESIAN_POINT ( 'NONE',  ( 25.00000000000000000, 30.53966924558625706, 20.48437500034139447 ) ) ;
#3291 = DIRECTION ( 'NONE',  ( 0.000000000000000000, 1.000000000000000000, 0.000000000000000000 ) ) ;
#3292 = CARTESIAN_POINT ( 'NONE',  ( 26.26468353125000021, 31.26983462279312675, 21.06770833367473017 ) ) ;
#3293 = CARTESIAN_POINT ( 'NONE',  ( 25.00000000000000000, 30.38341924626904955, 20.12499999999999289 ) ) ;
#3294 = CARTESIAN_POINT ( 'NONE',  ( 32.13116078966995559, -34.86431784915369292, 11.53235583151772836 ) ) ;
#3295 = ORIENTED_EDGE ( 'NONE', *, *, #2377, .T. ) ;
#3296 = FACE_OUTER_BOUND ( 'NONE', #377, .T. ) ;
#3297 = B_SPLINE_CURVE_WITH_KNOTS ( 'NONE', 3,
 ( #2207, #3833, #2563, #1479 ),
 .UNSPECIFIED., .F., .F.,
 ( 4, 4 ),
 ( 0.002182564750148868922, 0.03712546218475083759 ),
 .UNSPECIFIED. ) ;
#3298 = CARTESIAN_POINT ( 'NONE',  ( 23.60000000000000142, 32.00000000000000000, 17.00000000000000000 ) ) ;
#3299 = CARTESIAN_POINT ( 'NONE',  ( 25.63234176562500011, 33.09524806581030987, 19.75520833367473017 ) ) ;
#3300 = CARTESIAN_POINT ( 'NONE',  ( 29.05943088406602826, -37.00000000000000000, 12.94320794730433022 ) ) ;
#3301 = ORIENTED_EDGE ( 'NONE', *, *, #545, .F. ) ;
#3302 = CARTESIAN_POINT ( 'NONE',  ( 28.69628601068335172, -37.00000000000000711, 11.44599771466159233 ) ) ;
#3303 = LINE ( 'NONE', #2351, #432 ) ;
#3304 = LINE ( 'NONE', #1037, #531 ) ;
#3305 = VERTEX_POINT ( 'NONE', #483 ) ;
#3306 = ORIENTED_EDGE ( 'NONE', *, *, #1759, .T. ) ;
#3307 = CARTESIAN_POINT ( 'NONE',  ( 37.33387805202113441, -37.00000000000000000, 15.89119312088495306 ) ) ;
#3308 = CARTESIAN_POINT ( 'NONE',  ( 28.88606782266948869, -38.88907856675146490, 16.16877765418422541 ) ) ;
#3309 = CARTESIAN_POINT ( 'NONE',  ( 29.00455540431268275, -38.61760882611746126, 15.89744235516695348 ) ) ;
#3310 = EDGE_CURVE ( 'NONE', #3217, #1526, #3788, .T. ) ;
#3311 = CARTESIAN_POINT ( 'NONE',  ( 25.00000000000000000, 30.38341924626904955, 21.40625000068279604 ) ) ;
#3312 = ORIENTED_EDGE ( 'NONE', *, *, #658, .F. ) ;
#3313 = CARTESIAN_POINT ( 'NONE',  ( 50.00000000000000000, 5.000000000000000000, 4.799999999999999822 ) ) ;
#3314 = EDGE_CURVE ( 'NONE', #1487, #2834, #3009, .T. ) ;
#3315 = EDGE_CURVE ( 'NONE', #3921, #503, #2433, .T. ) ;
#3316 = DIRECTION ( 'NONE',  ( 0.000000000000000000, 1.000000000000000000, 0.000000000000000000 ) ) ;
#3317 = CARTESIAN_POINT ( 'NONE',  ( 24.28315960847129773, 29.33898872014678005, 23.28517812377650031 ) ) ;
#3318 = MANIFOLD_SOLID_BREP ( 'Combine1', #3132 ) ;
#3319 = DIRECTION ( 'NONE',  ( 0.000000000000000000, 0.000000000000000000, 1.000000000000000000 ) ) ;
#3320 = CARTESIAN_POINT ( 'NONE',  ( 18.96625794076395266, -37.00000000000000711, 15.36122470451711841 ) ) ;
#3321 = AXIS2_PLACEMENT_3D ( 'NONE', #3232, #294, #413 ) ;
#3322 = ORIENTED_EDGE ( 'NONE', *, *, #2377, .F. ) ;
#3323 = CARTESIAN_POINT ( 'NONE',  ( 26.39999999999999858, 32.00000000000000000, 17.00000000000000000 ) ) ;
#3324 = CARTESIAN_POINT ( 'NONE',  ( 18.79232458216021229, -36.99999999999999289, 14.89977887613196650 ) ) ;
#3325 = AXIS2_PLACEMENT_3D ( 'NONE', #690, #102, #3083 ) ;
#3326 = CARTESIAN_POINT ( 'NONE',  ( 29.00456249098033723, -38.61760882611745416, 15.89744409180949702 ) ) ;
#3327 = LINE ( 'NONE', #2666, #2784 ) ;
#3328 = ORIENTED_EDGE ( 'NONE', *, *, #2463, .F. ) ;
#3329 = ADVANCED_FACE ( 'NONE', ( #4142 ), #1817, .T. ) ;
#3330 = ORIENTED_EDGE ( 'NONE', *, *, #929, .T. ) ;
#3331 = CARTESIAN_POINT ( 'NONE',  ( 36.73861378605818828, -35.53265924756193783, 14.21055459562388812 ) ) ;
#3332 = CARTESIAN_POINT ( 'NONE',  ( 45.90301456037813210, -37.00000000000000000, 11.00000000000000000 ) ) ;
#3333 = CARTESIAN_POINT ( 'NONE',  ( 26.26468353125000021, 32.73016537720688035, 20.65104166700806587 ) ) ;
#3334 = CARTESIAN_POINT ( 'NONE',  ( 23.60000000000000497, 32.80829037686547167, 20.95833333333333215 ) ) ;
#3335 = CARTESIAN_POINT ( 'NONE',  ( 26.40000000000000213, 31.19170962313452478, 20.98958333401613174 ) ) ;
#3336 = ORIENTED_EDGE ( 'NONE', *, *, #2803, .F. ) ;
#3337 = ADVANCED_FACE ( 'NONE', ( #1834 ), #2430, .F. ) ;
#3338 = AXIS2_PLACEMENT_3D ( 'NONE', #816, #2513, #455 ) ;
#3339 = EDGE_CURVE ( 'NONE', #957, #1652, #1211, .T. ) ;
#3340 = AXIS2_PLACEMENT_3D ( 'NONE', #3249, #2559, #292 ) ;
#3341 = DIRECTION ( 'NONE',  ( 1.000000000000000000, 0.000000000000000000, 0.000000000000000000 ) ) ;
#3342 = ORIENTED_EDGE ( 'NONE', *, *, #231, .F. ) ;
#3343 = DIRECTION ( 'NONE',  ( 0.000000000000000000, 1.000000000000000000, 0.000000000000000000 ) ) ;
#3344 = CARTESIAN_POINT ( 'NONE',  ( 23.73531646875000334, 32.00000000000000000, 21.92187500034139802 ) ) ;
#3345 = VECTOR ( 'NONE', #1442, 1000.000000000000000 ) ;
#3346 = CARTESIAN_POINT ( 'NONE',  ( 4.096985439621995795, 50.00000000000000000, 11.00000000000000000 ) ) ;
#3347 = LINE ( 'NONE', #998, #2722 ) ;
#3348 = ORIENTED_EDGE ( 'NONE', *, *, #1383, .F. ) ;
#3349 = ORIENTED_EDGE ( 'NONE', *, *, #1952, .F. ) ;
#3350 = LINE ( 'NONE', #341, #1028 ) ;
#3351 = CARTESIAN_POINT ( 'NONE',  ( 18.19031922649589106, -36.82787053414143230, 15.60061493738652949 ) ) ;
#3352 = CARTESIAN_POINT ( 'NONE',  ( 24.36765823437500345, 33.09524806581030987, 20.77604166700806587 ) ) ;
#3353 = CARTESIAN_POINT ( 'NONE',  ( 23.60000000000000497, 32.80829037686547167, 19.95833333333333215 ) ) ;
#3354 = CARTESIAN_POINT ( 'NONE',  ( 23.60000000000000142, 32.00000000000000000, 21.78125000068279604 ) ) ;
#3355 = ORIENTED_EDGE ( 'NONE', *, *, #1075, .F. ) ;
#3356 = EDGE_LOOP ( 'NONE', ( #1743, #2315, #2067, #352, #890, #117, #497 ) ) ;
#3357 = B_SPLINE_CURVE_WITH_KNOTS ( 'NONE', 3,
 ( #1091, #1136, #3434, #1494 ),
 .UNSPECIFIED., .F., .F.,
 ( 4, 4 ),
 ( 0.0005536316293759145158, 0.001861459088787180936 ),
 .UNSPECIFIED. ) ;
#3358 = CARTESIAN_POINT ( 'NONE',  ( 45.90301456037813210, -40.50000000000000000, 28.00000000000029843 ) ) ;
#3359 = CARTESIAN_POINT ( 'NONE',  ( 21.39226240420238057, -38.37369463745453402, 15.60061493738294125 ) ) ;
#3360 = EDGE_CURVE ( 'NONE', #1548, #2573, #2852, .T. ) ;
#3361 = ORIENTED_EDGE ( 'NONE', *, *, #2251, .F. ) ;
#3362 = CARTESIAN_POINT ( 'NONE',  ( 23.60000000000000142, 32.00000000000000000, 22.00000000000000000 ) ) ;
#3363 = CARTESIAN_POINT ( 'NONE',  ( 28.82658922828164094, -38.61420527071994968, 15.84417297801279645 ) ) ;
#3364 = CARTESIAN_POINT ( 'NONE',  ( 24.99846684809789465, -38.31760882611746410, 22.77248993737889293 ) ) ;
#3365 = ADVANCED_FACE ( 'NONE', ( #1462 ), #61, .F. ) ;
#3366 = FACE_OUTER_BOUND ( 'NONE', #711, .T. ) ;
#3367 = ORIENTED_EDGE ( 'NONE', *, *, #3310, .T. ) ;
#3368 = CARTESIAN_POINT ( 'NONE',  ( 25.69999999999999929, 30.78756443470178894, 20.94791666734946389 ) ) ;
#3369 = CARTESIAN_POINT ( 'NONE',  ( 8.500000000000015987, 50.00000000000000000, 0.000000000000000000 ) ) ;
#3370 = CARTESIAN_POINT ( 'NONE',  ( 25.63234176562500011, 33.09524806581030987, 20.19270833367473017 ) ) ;
#3371 = DIRECTION ( 'NONE',  ( 0.000000000000000000, 0.000000000000000000, -1.000000000000000000 ) ) ;
#3372 = CARTESIAN_POINT ( 'NONE',  ( 25.95771113500627791, 33.06364597212917289, 19.81799338482105100 ) ) ;
#3373 = VERTEX_POINT ( 'NONE', #1880 ) ;
#3374 = EDGE_LOOP ( 'NONE', ( #2322, #443, #1574, #3994 ) ) ;
#3375 = FACE_OUTER_BOUND ( 'NONE', #2470, .T. ) ;
#3376 = CARTESIAN_POINT ( 'NONE',  ( 21.68952532310214210, -38.41741465699179514, 15.33929528580128654 ) ) ;
#3377 = CARTESIAN_POINT ( 'NONE',  ( 23.06491083940576559, -36.99999999999999289, 10.86803570629673032 ) ) ;
#3378 = DIRECTION ( 'NONE',  ( -0.000000000000000000, -1.000000000000000000, -0.000000000000000000 ) ) ;
#3379 = CARTESIAN_POINT ( 'NONE',  ( 26.13263490697095293, 32.82288405436735701, 19.61849084805087529 ) ) ;
#3380 = EDGE_CURVE ( 'NONE', #652, #2114, #769, .T. ) ;
#3381 = CARTESIAN_POINT ( 'NONE',  ( 33.00929834080415048, -34.83245289570928094, 13.02427334558700878 ) ) ;
#3382 = CARTESIAN_POINT ( 'NONE',  ( 21.63002236312716065, -37.59500256683188724, 11.67734693046873318 ) ) ;
#3383 = EDGE_CURVE ( 'NONE', #2758, #590, #2273, .T. ) ;
#3384 = ORIENTED_EDGE ( 'NONE', *, *, #30, .F. ) ;
#3385 = DIRECTION ( 'NONE',  ( 1.850371707708594760E-15, 0.000000000000000000, 1.000000000000000000 ) ) ;
#3386 = FACE_OUTER_BOUND ( 'NONE', #4148, .T. ) ;
#3387 = CARTESIAN_POINT ( 'NONE',  ( 25.63234176562500011, 33.09524806581030987, 21.75520833367473017 ) ) ;
#3388 = CARTESIAN_POINT ( 'NONE',  ( 24.30000000000000071, 33.21243556529821461, 21.19791666734946389 ) ) ;
#3389 = ORIENTED_EDGE ( 'NONE', *, *, #2253, .F. ) ;
#3390 = VERTEX_POINT ( 'NONE', #3216 ) ;
#3391 = DIRECTION ( 'NONE',  ( -1.000000000000000000, 0.000000000000000000, -0.000000000000000000 ) ) ;
#3392 = CARTESIAN_POINT ( 'NONE',  ( 25.00000000000000000, 32.00000000000000000, 17.00000000000000000 ) ) ;
#3393 = DIRECTION ( 'NONE',  ( -7.806255641895631925E-15, 0.000000000000000000, 1.000000000000000000 ) ) ;
#3394 = VECTOR ( 'NONE', #4240, 1000.000000000000000 ) ;
#3395 = CARTESIAN_POINT ( 'NONE',  ( 26.26468353125000021, 32.00000000000000000, 21.67187500034139802 ) ) ;
#3396 = CARTESIAN_POINT ( 'NONE',  ( 20.36714759387536589, -37.00000000000000000, 9.590160225990450371 ) ) ;
#3397 = LINE ( 'NONE', #3063, #258 ) ;
#3398 = CARTESIAN_POINT ( 'NONE',  ( 26.69217287896989887, 29.80315612362269917, 23.15380445108540641 ) ) ;
#3399 = FACE_OUTER_BOUND ( 'NONE', #1064, .T. ) ;
#3400 = DIRECTION ( 'NONE',  ( 1.000000000000000000, 0.000000000000000000, 0.000000000000000000 ) ) ;
#3401 = VECTOR ( 'NONE', #2850, 1000.000000000000000 ) ;
#3402 = EDGE_LOOP ( 'NONE', ( #4319, #4130, #2170, #2493, #2141 ) ) ;
#3403 = LINE ( 'NONE', #3694, #4169 ) ;
#3404 = ADVANCED_FACE ( 'NONE', ( #3905 ), #2881, .T. ) ;
#3405 = CARTESIAN_POINT ( 'NONE',  ( 25.00000000000000000, 33.61658075373095755, 20.65625000068279249 ) ) ;
#3406 = ORIENTED_EDGE ( 'NONE', *, *, #1393, .F. ) ;
#3407 = ORIENTED_EDGE ( 'NONE', *, *, #3189, .F. ) ;
#3408 = CARTESIAN_POINT ( 'NONE',  ( 25.69999999999999929, 30.78756443470178894, 21.66666666666666430 ) ) ;
#3409 = CARTESIAN_POINT ( 'NONE',  ( 31.05742278691941038, -37.00000000000000711, 15.35992868525127086 ) ) ;
#3410 = CARTESIAN_POINT ( 'NONE',  ( 24.30000000000000071, 33.21243556529821461, 21.91666666666666430 ) ) ;
#3411 = CARTESIAN_POINT ( 'NONE',  ( 25.00000000000000000, 40.00000000000000000, 14.41233490781574922 ) ) ;
#3412 = B_SPLINE_CURVE_WITH_KNOTS ( 'NONE', 3,
 ( #113, #2495, #4087, #4107 ),
 .UNSPECIFIED., .F., .F.,
 ( 4, 4 ),
 ( 0.000000000000000000, 4.181363196446572422E-05 ),
 .UNSPECIFIED. ) ;
#3413 = CARTESIAN_POINT ( 'NONE',  ( 21.09759983148165929, -38.61684983973091079, 15.87186509340711815 ) ) ;
#3414 = FACE_OUTER_BOUND ( 'NONE', #3822, .T. ) ;
#3415 = CARTESIAN_POINT ( 'NONE',  ( 32.63867964067718930, -36.44496929551016962, 14.75591229277870120 ) ) ;
#3416 = CARTESIAN_POINT ( 'NONE',  ( 27.02063423707440037, -40.50000000000000000, 29.65647417692593990 ) ) ;
#3417 = CARTESIAN_POINT ( 'NONE',  ( 48.00000000000000000, 50.00000000000000000, 11.00000000000000000 ) ) ;
#3418 = CARTESIAN_POINT ( 'NONE',  ( 25.00000000000000000, 30.38341924626904955, 19.90625000068279604 ) ) ;
#3419 = EDGE_LOOP ( 'NONE', ( #3938, #302, #4281, #4004 ) ) ;
#3420 = DIRECTION ( 'NONE',  ( 0.000000000000000000, 0.000000000000000000, 1.000000000000000000 ) ) ;
#3421 = DIRECTION ( 'NONE',  ( -0.000000000000000000, 1.000000000000000000, -0.000000000000000000 ) ) ;
#3422 = VECTOR ( 'NONE', #3589, 1000.000000000000000 ) ;
#3423 = LINE ( 'NONE', #1403, #2007 ) ;
#3424 = CARTESIAN_POINT ( 'NONE',  ( 25.69999999999999929, 33.21243556529821461, 20.61458333401612819 ) ) ;
#3425 = ORIENTED_EDGE ( 'NONE', *, *, #2431, .F. ) ;
#3426 = ORIENTED_EDGE ( 'NONE', *, *, #2033, .F. ) ;
#3427 = CARTESIAN_POINT ( 'NONE',  ( 25.69999999999999929, 30.78756443470178894, 20.94791666734946389 ) ) ;
#3428 = CARTESIAN_POINT ( 'NONE',  ( 8.500000000000015987, 4.999999999999997335, 2.104480912413648319 ) ) ;
#3429 = CARTESIAN_POINT ( 'NONE',  ( 31.18996635133843043, -36.99999999999997868, 14.99151447251719027 ) ) ;
#3430 = EDGE_CURVE ( 'NONE', #189, #2788, #3194, .T. ) ;
#3431 = CARTESIAN_POINT ( 'NONE',  ( 26.39999999999999858, 32.00000000000000000, 20.74999999999999645 ) ) ;
#3432 = EDGE_CURVE ( 'NONE', #697, #1416, #4178, .T. ) ;
#3433 = VERTEX_POINT ( 'NONE', #1593 ) ;
#3434 = CARTESIAN_POINT ( 'NONE',  ( 28.33000685913316730, -37.87126573121135920, 15.35647551001139810 ) ) ;
#3435 = ADVANCED_FACE ( 'NONE', ( #2591 ), #1525, .F. ) ;
#3436 = EDGE_CURVE ( 'NONE', #382, #896, #2061, .T. ) ;
#3437 = CARTESIAN_POINT ( 'NONE',  ( 24.36765823437500345, 30.90475193418969369, 20.50520833367473017 ) ) ;
#3438 = CARTESIAN_POINT ( 'NONE',  ( 32.78396776516169098, -21.64332670552793303, 18.72740684590946714 ) ) ;
#3439 = DIRECTION ( 'NONE',  ( -0.000000000000000000, -1.000000000000000000, -0.000000000000000000 ) ) ;
#3440 = CARTESIAN_POINT ( 'NONE',  ( 29.70285046295890652, -34.92549736007011063, 9.708080847298559135 ) ) ;
#3441 = VERTEX_POINT ( 'NONE', #562 ) ;
#3442 = CARTESIAN_POINT ( 'NONE',  ( 14.04846684809936264, -38.61760882611746126, 24.08284905443697710 ) ) ;
#3443 = CARTESIAN_POINT ( 'NONE',  ( 28.31199143876532176, -38.30665341412540670, 15.34277950575152261 ) ) ;
#3444 = CARTESIAN_POINT ( 'NONE',  ( 23.73531646875000334, 32.00000000000000000, 21.92187500034139802 ) ) ;
#3445 = CARTESIAN_POINT ( 'NONE',  ( 23.63530982792515545, 32.36168948380939980, 19.63753110537749791 ) ) ;
#3446 = DIRECTION ( 'NONE',  ( 0.000000000000000000, 0.000000000000000000, 1.000000000000000000 ) ) ;
#3447 = VECTOR ( 'NONE', #730, 1000.000000000000000 ) ;
#3448 = VERTEX_POINT ( 'NONE', #587 ) ;
#3449 = ORIENTED_EDGE ( 'NONE', *, *, #1517, .T. ) ;
#3450 = CARTESIAN_POINT ( 'NONE',  ( 24.30000000000000071, 33.21243556529821461, 21.19791666734946389 ) ) ;
#3451 = CARTESIAN_POINT ( 'NONE',  ( 26.39999999999999858, 32.00000000000000000, 21.75000000000000000 ) ) ;
#3452 = CARTESIAN_POINT ( 'NONE',  ( 19.10814741736570355, -37.00000000000000000, 15.60061493738549920 ) ) ;
#3453 = VECTOR ( 'NONE', #2197, 1000.000000000000000 ) ;
#3454 = LINE ( 'NONE', #4093, #3119 ) ;
#3455 = ORIENTED_EDGE ( 'NONE', *, *, #3099, .F. ) ;
#3456 = CARTESIAN_POINT ( 'NONE',  ( 21.65285685687457473, -38.35752605853538455, 15.59919820240494381 ) ) ;
#3457 = ADVANCED_FACE ( 'NONE', ( #2220 ), #3944, .F. ) ;
#3458 = ADVANCED_FACE ( 'NONE', ( #3268 ), #4268, .T. ) ;
#3459 = FACE_OUTER_BOUND ( 'NONE', #2049, .T. ) ;
#3460 = CARTESIAN_POINT ( 'NONE',  ( 50.00000000000000000, 5.000000000000000000, 0.000000000000000000 ) ) ;
#3461 = CARTESIAN_POINT ( 'NONE',  ( 36.10523492437828708, -38.58508888117966507, 24.09216668001857897 ) ) ;
#3462 = CARTESIAN_POINT ( 'NONE',  ( 46.50000000000000000, 0.000000000000000000, 5.000000000000000000 ) ) ;
#3463 = VECTOR ( 'NONE', #1980, 1000.000000000000000 ) ;
#3464 = ORIENTED_EDGE ( 'NONE', *, *, #1756, .F. ) ;
#3465 = DIRECTION ( 'NONE',  ( 1.000000000000000000, 0.000000000000000000, 0.000000000000000000 ) ) ;
#3466 = CARTESIAN_POINT ( 'NONE',  ( 26.40000000000000568, 31.81643310869263530, 19.62769683197787884 ) ) ;
#3467 = FACE_OUTER_BOUND ( 'NONE', #1923, .T. ) ;
#3468 = ORIENTED_EDGE ( 'NONE', *, *, #930, .F. ) ;
#3469 = ORIENTED_EDGE ( 'NONE', *, *, #2390, .T. ) ;
#3470 = CARTESIAN_POINT ( 'NONE',  ( 23.60000000000000497, 32.80829037686547167, 20.23958333401612819 ) ) ;
#3471 = DIRECTION ( 'NONE',  ( 1.000000000000000000, 0.000000000000000000, 0.000000000000000000 ) ) ;
#3472 = VECTOR ( 'NONE', #1933, 1000.000000000000000 ) ;
#3473 = CARTESIAN_POINT ( 'NONE',  ( 21.62447656090122194, -38.21677580979693545, 14.83065280987517198 ) ) ;
#3474 = CARTESIAN_POINT ( 'NONE',  ( 23.13069882232994345, -36.99999999999463540, 8.795984829861989596 ) ) ;
#3475 = ORIENTED_EDGE ( 'NONE', *, *, #3081, .T. ) ;
#3476 = CARTESIAN_POINT ( 'NONE',  ( 21.13414935831968933, -38.62498994338520220, 16.12936270595068677 ) ) ;
#3477 = DIRECTION ( 'NONE',  ( 0.000000000000000000, 1.000000000000000000, 0.000000000000000000 ) ) ;
#3478 = DIRECTION ( 'NONE',  ( 1.000000000000000000, 0.000000000000000000, 0.000000000000000000 ) ) ;
#3479 = ADVANCED_FACE ( 'NONE', ( #3215 ), #1589, .F. ) ;
#3480 = APPLICATION_CONTEXT ( 'automotive_design' ) ;
#3481 = CARTESIAN_POINT ( 'NONE',  ( 26.39999999999999858, 32.00000000000000000, 20.24999999999999645 ) ) ;
#3482 = CARTESIAN_POINT ( 'NONE',  ( 17.21603223483831613, 0.000000000000000000, 18.72740684590946714 ) ) ;
#3483 = CARTESIAN_POINT ( 'NONE',  ( 25.69999999999999929, 30.78756443470178894, 19.94791666734946389 ) ) ;
#3484 = ORIENTED_EDGE ( 'NONE', *, *, #101, .F. ) ;
#3485 = CARTESIAN_POINT ( 'NONE',  ( 26.39999999999998792, 31.19170962313451412, 20.70833333333332504 ) ) ;
#3486 = CARTESIAN_POINT ( 'NONE',  ( 25.62240404797968196, 30.74260973075839587, 19.77702134350045426 ) ) ;
#3487 = B_SPLINE_CURVE_WITH_KNOTS ( 'NONE', 3,
 ( #489, #172, #3488, #1551, #1125, #1219, #1821, #1838, #2893, #2569 ),
 .UNSPECIFIED., .F., .F.,
 ( 4, 2, 2, 2, 4 ),
 ( 6.438157834362579161E-15, 0.0004204760053756818102, 0.0008409520107449255195, 0.001261428016114169229, 0.001681904021483412830 ),
 .UNSPECIFIED. ) ;
#3488 = CARTESIAN_POINT ( 'NONE',  ( 28.89726597695463894, -40.50000000000000711, 13.30863915565967304 ) ) ;
#3489 = CARTESIAN_POINT ( 'NONE',  ( 26.40000000000000213, 32.80829037686547167, 20.57291666734946389 ) ) ;
#3490 = VERTEX_POINT ( 'NONE', #820 ) ;
#3491 = ORIENTED_EDGE ( 'NONE', *, *, #791, .F. ) ;
#3492 = CARTESIAN_POINT ( 'NONE',  ( 23.60000000000000497, 31.19170962313452478, 20.32291666734946389 ) ) ;
#3493 = B_SPLINE_CURVE_WITH_KNOTS ( 'NONE', 3,
 ( #1070, #3359, #667, #2345, #1011, #2014, #704, #2034, #1432, #64 ),
 .UNSPECIFIED., .F., .F.,
 ( 4, 2, 2, 2, 4 ),
 ( 0.000000000000000000, 0.0001672395743393417268, 0.0003344791486786861099, 0.0005017187230180304930, 0.0006689582973573749303 ),
 .UNSPECIFIED. ) ;
#3494 = CARTESIAN_POINT ( 'NONE',  ( 0.000000000000000000, 50.00000000000000000, 0.000000000000000000 ) ) ;
#3495 = LINE ( 'NONE', #3182, #4020 ) ;
#3496 = EDGE_CURVE ( 'NONE', #1999, #4105, #2419, .T. ) ;
#3497 = CARTESIAN_POINT ( 'NONE',  ( 30.95677609521638729, -36.99999999999999289, 10.32895608780795449 ) ) ;
#3498 = ORIENTED_EDGE ( 'NONE', *, *, #2888, .T. ) ;
#3499 = FACE_OUTER_BOUND ( 'NONE', #2209, .T. ) ;
#3500 = CARTESIAN_POINT ( 'NONE',  ( 27.46938970585743789, 33.22354074759896037, 22.96320233959053780 ) ) ;
#3501 = CARTESIAN_POINT ( 'NONE',  ( 25.00000000000000000, 30.53966924558625351, 20.54687500034139447 ) ) ;
#3502 = CARTESIAN_POINT ( 'NONE',  ( 22.25000000000000355, 32.00000000000000000, 22.00000000000000000 ) ) ;
#3503 = DIRECTION ( 'NONE',  ( -0.000000000000000000, 1.000000000000000000, -0.000000000000000000 ) ) ;
#3504 = CARTESIAN_POINT ( 'NONE',  ( 28.33387625948127564, -39.44528041344376135, 14.93665289493874404 ) ) ;
#3505 = ORIENTED_EDGE ( 'NONE', *, *, #1339, .T. ) ;
#3506 = CARTESIAN_POINT ( 'NONE',  ( 21.80027210836922436, -40.50000000000000711, 15.31364710698250065 ) ) ;
#3507 = CARTESIAN_POINT ( 'NONE',  ( 23.73531646875000334, 32.00000000000000000, 20.85937500034139802 ) ) ;
#3508 = CARTESIAN_POINT ( 'NONE',  ( 21.11049569082266331, -39.93549707285382766, 13.41850197530762934 ) ) ;
#3509 = CARTESIAN_POINT ( 'NONE',  ( 26.39999999999999858, 32.00000000000000000, 21.24999999999999645 ) ) ;
#3510 = EDGE_CURVE ( 'NONE', #2267, #1711, #2516, .T. ) ;
#3511 = CARTESIAN_POINT ( 'NONE',  ( 35.90301456037743577, -37.00000000000000000, 27.99999999999999645 ) ) ;
#3512 = ORIENTED_EDGE ( 'NONE', *, *, #2557, .T. ) ;
#3513 = AXIS2_PLACEMENT_3D ( 'NONE', #1077, #2492, #2169 ) ;
#3514 = ORIENTED_EDGE ( 'NONE', *, *, #3641, .T. ) ;
#3515 = CARTESIAN_POINT ( 'NONE',  ( 23.60000000000000142, 32.00000000000000000, 19.78125000068279604 ) ) ;
#3516 = EDGE_CURVE ( 'NONE', #1454, #96, #2491, .T. ) ;
#3517 = DIRECTION ( 'NONE',  ( -1.000000000000000000, 0.000000000000000000, -1.214306433183764966E-16 ) ) ;
#3518 = LINE ( 'NONE', #3539, #3453 ) ;
#3519 = VECTOR ( 'NONE', #1814, 1000.000000000000000 ) ;
#3520 = CARTESIAN_POINT ( 'NONE',  ( 26.40000000000000213, 32.80829037686547167, 21.79166666666666430 ) ) ;
#3521 = CARTESIAN_POINT ( 'NONE',  ( 26.52516898770934262, -37.00000000000000711, 10.78180197604813273 ) ) ;
#3522 = EDGE_LOOP ( 'NONE', ( #1230, #2306, #89, #3560, #4053, #1446 ) ) ;
#3523 = CARTESIAN_POINT ( 'NONE',  ( 36.24846684809046593, -34.99999999999999289, 16.14297501373331656 ) ) ;
#3524 = DIRECTION ( 'NONE',  ( 0.000000000000000000, 0.000000000000000000, 1.000000000000000000 ) ) ;
#3525 = DIRECTION ( 'NONE',  ( -0.000000000000000000, -1.000000000000000000, -0.000000000000000000 ) ) ;
#3526 = CARTESIAN_POINT ( 'NONE',  ( 46.50000000000000000, 50.00000000000000000, 2.104480912413648319 ) ) ;
#3527 = CARTESIAN_POINT ( 'NONE',  ( 25.00000000000000000, 33.61658075373095045, 20.65625000068279604 ) ) ;
#3528 = ORIENTED_EDGE ( 'NONE', *, *, #1007, .T. ) ;
#3529 = ORIENTED_EDGE ( 'NONE', *, *, #152, .T. ) ;
#3530 = CARTESIAN_POINT ( 'NONE',  ( 28.63111225715888963, -38.88381960176048580, 16.01665301875825165 ) ) ;
#3531 = CARTESIAN_POINT ( 'NONE',  ( 23.08741355199670764, -36.99999999999997868, 10.86379445478932482 ) ) ;
#3532 = CARTESIAN_POINT ( 'NONE',  ( 20.97943231001329778, -38.61760882611745416, 15.90061493738340381 ) ) ;
#3533 = AXIS2_PLACEMENT_3D ( 'NONE', #1830, #2532, #1792 ) ;
#3534 = ORIENTED_EDGE ( 'NONE', *, *, #1632, .T. ) ;
#3535 = EDGE_LOOP ( 'NONE', ( #2697, #4172, #2598, #4188 ) ) ;
#3536 = CARTESIAN_POINT ( 'NONE',  ( 25.86515302978597219, 32.96083441977659589, 19.67736778546587928 ) ) ;
#3537 = FACE_OUTER_BOUND ( 'NONE', #3094, .T. ) ;
#3538 = ADVANCED_FACE ( 'NONE', ( #1565 ), #3552, .F. ) ;
#3539 = CARTESIAN_POINT ( 'NONE',  ( 3.500000000000004441, 50.00000000000000000, 2.104480912413648319 ) ) ;
#3540 = VECTOR ( 'NONE', #1873, 1000.000000000000000 ) ;
#3541 = VECTOR ( 'NONE', #1200, 1000.000000000000000 ) ;
#3542 = DIRECTION ( 'NONE',  ( -0.000000000000000000, 1.000000000000000000, -0.000000000000000000 ) ) ;
#3543 = CARTESIAN_POINT ( 'NONE',  ( 23.73531646875000689, 32.73016537720688035, 21.38020833367473017 ) ) ;
#3544 = EDGE_CURVE ( 'NONE', #3843, #783, #1921, .T. ) ;
#3545 = CARTESIAN_POINT ( 'NONE',  ( 33.26018439800305515, -34.82759197993562594, 14.58981035520368508 ) ) ;
#3546 = ORIENTED_EDGE ( 'NONE', *, *, #2629, .T. ) ;
#3547 = VECTOR ( 'NONE', #1362, 1000.000000000000000 ) ;
#3548 = CARTESIAN_POINT ( 'NONE',  ( 14.04846684809938395, -38.61760882611746126, 24.10061493739118177 ) ) ;
#3549 = CYLINDRICAL_SURFACE ( 'NONE', #1090, 11.32812500000000178 ) ;
#3550 = DIRECTION ( 'NONE',  ( 0.000000000000000000, 0.000000000000000000, 1.000000000000000000 ) ) ;
#3551 = CYLINDRICAL_SURFACE ( 'NONE', #3321, 2.000000000000000000 ) ;
#3552 = CYLINDRICAL_SURFACE ( 'NONE', #720, 1.399999999999998579 ) ;
#3553 = CARTESIAN_POINT ( 'NONE',  ( 28.37245713527349267, -38.21677580977856081, 14.83065280987647583 ) ) ;
#3554 = ORIENTED_EDGE ( 'NONE', *, *, #4298, .T. ) ;
#3555 = DIRECTION ( 'NONE',  ( 0.000000000000000000, -1.000000000000000000, 0.000000000000000000 ) ) ;
#3556 = CARTESIAN_POINT ( 'NONE',  ( 24.36765823437500345, 33.09524806581030987, 20.77604166700806587 ) ) ;
#3557 = CARTESIAN_POINT ( 'NONE',  ( 25.22178810731699272, 33.38668848867529704, 19.80884125684499608 ) ) ;
#3558 = CARTESIAN_POINT ( 'NONE',  ( 13.62200605437000611, -37.00000000000000000, 14.41233490781574922 ) ) ;
#3559 = VERTEX_POINT ( 'NONE', #841 ) ;
#3560 = ORIENTED_EDGE ( 'NONE', *, *, #4082, .F. ) ;
#3561 = CARTESIAN_POINT ( 'NONE',  ( 23.73531646875000334, 32.00000000000000000, 19.85937500034139802 ) ) ;
#3562 = DIRECTION ( 'NONE',  ( -7.806255641895633503E-15, -0.000000000000000000, 1.000000000000000000 ) ) ;
#3563 = CYLINDRICAL_SURFACE ( 'NONE', #3188, 14.99999999999999645 ) ;
#3564 = CARTESIAN_POINT ( 'NONE',  ( 25.63234176562500011, 30.90475193418969369, 20.08854166700806587 ) ) ;
#3565 = ORIENTED_EDGE ( 'NONE', *, *, #1035, .T. ) ;
#3566 = EDGE_CURVE ( 'NONE', #812, #2553, #2760, .T. ) ;
#3567 = CYLINDRICAL_SURFACE ( 'NONE', #4062, 10.00000000000000178 ) ;
#3568 = FACE_OUTER_BOUND ( 'NONE', #4242, .T. ) ;
#3569 = CARTESIAN_POINT ( 'NONE',  ( 25.63234176562500011, 33.09524806581030987, 20.25520833367473017 ) ) ;
#3570 = EDGE_CURVE ( 'NONE', #1673, #3872, #1995, .T. ) ;
#3571 = CARTESIAN_POINT ( 'NONE',  ( 33.25487182837819233, -34.94188171097771090, 14.14297501373331833 ) ) ;
#3572 = DIRECTION ( 'NONE',  ( -1.000000000000000000, 0.000000000000000000, 0.000000000000000000 ) ) ;
#3573 = CARTESIAN_POINT ( 'NONE',  ( 20.75070981182135199, -40.22128229630822460, 12.42999839691304942 ) ) ;
#3574 = ORIENTED_EDGE ( 'NONE', *, *, #803, .F. ) ;
#3575 = CARTESIAN_POINT ( 'NONE',  ( 25.00000000000000000, 32.00000000000000000, 17.00000000000000000 ) ) ;
#3576 = CARTESIAN_POINT ( 'NONE',  ( 24.36765823437500345, 33.09524806581030987, 19.77604166700806587 ) ) ;
#3577 = CARTESIAN_POINT ( 'NONE',  ( 25.73572378160555729, 33.19623865957615294, 19.76290331842918135 ) ) ;
#3578 = CARTESIAN_POINT ( 'NONE',  ( 23.73531646875000689, 31.26983462279312675, 19.96354166700806232 ) ) ;
#3579 = CARTESIAN_POINT ( 'NONE',  ( 28.87444660061276380, -38.62264637301856851, 16.13476640331177236 ) ) ;
#3580 = FACE_OUTER_BOUND ( 'NONE', #3419, .T. ) ;
#3581 = VERTEX_POINT ( 'NONE', #549 ) ;
#3582 = VERTEX_POINT ( 'NONE', #4255 ) ;
#3583 = CARTESIAN_POINT ( 'NONE',  ( 21.11086587351149291, -38.88907856675146490, 16.16877765419294022 ) ) ;
#3584 = CARTESIAN_POINT ( 'NONE',  ( 4.096985439621944280, -37.00000000000000000, 38.00000000000000000 ) ) ;
#3585 = CARTESIAN_POINT ( 'NONE',  ( 24.30000000000000071, 33.21243556529821461, 20.19791666734946389 ) ) ;
#3586 = EDGE_CURVE ( 'NONE', #1533, #805, #1900, .T. ) ;
#3587 = CARTESIAN_POINT ( 'NONE',  ( 25.86515507298576821, 32.96083324013464022, 19.73986765083405714 ) ) ;
#3588 = EDGE_LOOP ( 'NONE', ( #2668, #2376, #2716, #1223 ) ) ;
#3589 = DIRECTION ( 'NONE',  ( 1.000000000000000000, -0.000000000000000000, 0.000000000000000000 ) ) ;
#3590 = AXIS2_PLACEMENT_3D ( 'NONE', #2313, #2330, #2595 ) ;
#3591 = CARTESIAN_POINT ( 'NONE',  ( 46.50000000000000000, 50.00000000000000000, 5.000000000000000000 ) ) ;
#3592 = CARTESIAN_POINT ( 'NONE',  ( 24.36765823437500345, 33.09524806581030987, 20.83854166700806587 ) ) ;
#3593 = EDGE_CURVE ( 'NONE', #542, #2078, #3233, .T. ) ;
#3594 = CARTESIAN_POINT ( 'NONE',  ( 0.000000000000000000, 5.000000000000000000, 4.799999999999993605 ) ) ;
#3595 = CARTESIAN_POINT ( 'NONE',  ( 17.82420789993217625, -34.88769931689247272, 11.54030214495592332 ) ) ;
#3596 = CARTESIAN_POINT ( 'NONE',  ( 28.07978832450681494, -36.94304132472184676, 15.63475375883935747 ) ) ;
#3597 = VERTEX_POINT ( 'NONE', #2588 ) ;
#3598 = LINE ( 'NONE', #3323, #2937 ) ;
#3599 = CARTESIAN_POINT ( 'NONE',  ( 24.36765823437500345, 33.09524806581030987, 20.27604166700806587 ) ) ;
#3600 = PLANE ( 'NONE',  #1458 ) ;
#3601 = CARTESIAN_POINT ( 'NONE',  ( 18.19031922649589106, -36.82787053414143230, 15.60061493738652949 ) ) ;
#3602 = DIRECTION ( 'NONE',  ( -1.000000000000000000, 0.000000000000000000, 0.000000000000000000 ) ) ;
#3603 = ORIENTED_EDGE ( 'NONE', *, *, #2087, .F. ) ;
#3604 = ORIENTED_EDGE ( 'NONE', *, *, #3432, .F. ) ;
#3605 = AXIS2_PLACEMENT_3D ( 'NONE', #1477, #1737, #4156 ) ;
#3606 = CARTESIAN_POINT ( 'NONE',  ( 28.82665191891688750, -40.50000000000000000, 13.58276289777784029 ) ) ;
#3607 = CARTESIAN_POINT ( 'NONE',  ( 25.00000000000000000, 40.00000000000000000, 14.41233490781574922 ) ) ;
#3608 = CARTESIAN_POINT ( 'NONE',  ( 25.63234176562500011, 30.90475193418969369, 20.02604166700806587 ) ) ;
#3609 = CARTESIAN_POINT ( 'NONE',  ( 24.30000000000000071, 33.21243556529821461, 20.41666666666666785 ) ) ;
#3610 = CARTESIAN_POINT ( 'NONE',  ( 32.03528563960753672, -36.99999999999930367, 11.21964001655437215 ) ) ;
#3611 = ORIENTED_EDGE ( 'NONE', *, *, #4034, .F. ) ;
#3612 = VERTEX_POINT ( 'NONE', #4186 ) ;
#3613 = VECTOR ( 'NONE', #1895, 1000.000000000000000 ) ;
#3614 = CARTESIAN_POINT ( 'NONE',  ( 28.63943358286935137, -37.43929177694558064, 15.60061493737480731 ) ) ;
#3615 = VECTOR ( 'NONE', #980, 1000.000000000000000 ) ;
#3616 = CIRCLE ( 'NONE', #1319, 11.02812500000000107 ) ;
#3617 = CARTESIAN_POINT ( 'NONE',  ( 23.60000000000000142, 32.00000000000000000, 19.62769683197786819 ) ) ;
#3618 = CARTESIAN_POINT ( 'NONE',  ( 23.60000000000000142, 31.19170962313452833, 21.54166666666666430 ) ) ;
#3619 = CARTESIAN_POINT ( 'NONE',  ( 28.88645076427070535, -39.93537660257042177, 13.41846692045817413 ) ) ;
#3620 = CARTESIAN_POINT ( 'NONE',  ( 17.38032893912871657, -36.99999999999999289, 16.89498869592111419 ) ) ;
#3621 = ORIENTED_EDGE ( 'NONE', *, *, #2390, .F. ) ;
#3622 = LINE ( 'NONE', #1595, #899 ) ;
#3623 = DIRECTION ( 'NONE',  ( 0.000000000000000000, -0.000000000000000000, 1.000000000000000000 ) ) ;
#3624 = CARTESIAN_POINT ( 'NONE',  ( 31.01841073347785027, -36.99999999999998579, 15.43630695500820771 ) ) ;
#3625 = EDGE_CURVE ( 'NONE', #3271, #3559, #1189, .T. ) ;
#3626 = CARTESIAN_POINT ( 'NONE',  ( 28.94581162616761105, -37.00000000000000711, 12.01719427914473748 ) ) ;
#3627 = B_SPLINE_CURVE_WITH_KNOTS ( 'NONE', 1,
 ( #420, #465 ),
 .UNSPECIFIED., .F., .F.,
 ( 2, 2 ),
 ( 0.000000000000000000, 1.000000000000000000 ),
 .UNSPECIFIED. ) ;
#3628 = DIRECTION ( 'NONE',  ( 0.000000000000000000, 0.000000000000000000, 1.000000000000000000 ) ) ;
#3629 = ORIENTED_EDGE ( 'NONE', *, *, #3971, .T. ) ;
#3630 = VERTEX_POINT ( 'NONE', #3482 ) ;
#3631 = CARTESIAN_POINT ( 'NONE',  ( 24.36765823437500345, 30.90475193418969369, 20.94270833367473017 ) ) ;
#3632 = CARTESIAN_POINT ( 'NONE',  ( 28.83044281018798571, -39.42750090824917208, 16.19887664938136496 ) ) ;
#3633 = CARTESIAN_POINT ( 'NONE',  ( 23.73531646875000689, 32.73016537720688035, 19.81770833367473372 ) ) ;
#3634 = CARTESIAN_POINT ( 'NONE',  ( 24.30000000000000071, 30.78756443470178894, 20.08333333333333215 ) ) ;
#3635 = CARTESIAN_POINT ( 'NONE',  ( 32.81934334022398048, -37.00000000000068212, 12.21133097090077513 ) ) ;
#3636 = ORIENTED_EDGE ( 'NONE', *, *, #658, .T. ) ;
#3637 = ORIENTED_EDGE ( 'NONE', *, *, #3544, .T. ) ;
#3638 = CARTESIAN_POINT ( 'NONE',  ( 25.00000000000000000, 32.00000000000000000, 17.00000000000000000 ) ) ;
#3639 = CARTESIAN_POINT ( 'NONE',  ( 28.55782364213671443, -40.50000000000000711, 16.22284437245080468 ) ) ;
#3640 = DIRECTION ( 'NONE',  ( -0.000000000000000000, -1.000000000000000000, -0.000000000000000000 ) ) ;
#3641 = EDGE_CURVE ( 'NONE', #1508, #2421, #1500, .T. ) ;
#3642 = CARTESIAN_POINT ( 'NONE',  ( 17.19179683410365911, -36.99999999999999289, 16.62668497601190865 ) ) ;
#3643 = ADVANCED_FACE ( 'NONE', ( #4162 ), #4202, .F. ) ;
#3644 = ORIENTED_EDGE ( 'NONE', *, *, #3153, .T. ) ;
#3645 = LINE ( 'NONE', #1287, #2388 ) ;
#3646 = CARTESIAN_POINT ( 'NONE',  ( 19.15534367084757505, -37.00000000000000000, 13.05913202308143717 ) ) ;
#3647 = DIRECTION ( 'NONE',  ( -0.000000000000000000, -0.000000000000000000, 1.000000000000000000 ) ) ;
#3648 = CARTESIAN_POINT ( 'NONE',  ( 24.99846684809938679, -35.61760882611746126, 24.10061493737889293 ) ) ;
#3649 = EDGE_LOOP ( 'NONE', ( #1366, #4154, #535, #3048 ) ) ;
#3650 = ORIENTED_EDGE ( 'NONE', *, *, #3030, .T. ) ;
#3651 = CARTESIAN_POINT ( 'NONE',  ( 37.06987306567005191, -36.76045939785525007, 15.16013460098817234 ) ) ;
#3652 = DIRECTION ( 'NONE',  ( -0.000000000000000000, -0.000000000000000000, 1.000000000000000000 ) ) ;
#3653 = CARTESIAN_POINT ( 'NONE',  ( 0.000000000000000000, 50.00000000000000000, 11.00000000000000000 ) ) ;
#3654 = ADVANCED_FACE ( 'NONE', ( #2131, #383 ), #1753, .T. ) ;
#3655 = B_SPLINE_CURVE_WITH_KNOTS ( 'NONE', 3,
 ( #1160, #2488, #2861, #478, #2137, #3500, #3149, #1496, #183, #4098, #433, #3168, #2117, #163, #2837, #860 ),
 .UNSPECIFIED., .F., .F.,
 ( 4, 2, 2, 2, 2, 2, 2, 4 ),
 ( 0.000000000000000000, 0.0005408295796226619823, 0.001081659159245323965, 0.001622488738867986164, 0.002163318318490647929, 0.003244977477735957148, 0.003785807057358613059, 0.004326636636981268103 ),
 .UNSPECIFIED. ) ;
#3656 = LINE ( 'NONE', #701, #2904 ) ;
#3657 = EDGE_CURVE ( 'NONE', #2327, #3988, #427, .T. ) ;
#3658 = VERTEX_POINT ( 'NONE', #3452 ) ;
#3659 = CARTESIAN_POINT ( 'NONE',  ( 21.68494225741374137, -38.30665341412540670, 15.34277950575898153 ) ) ;
#3660 = VECTOR ( 'NONE', #3572, 1000.000000000000000 ) ;
#3661 = DIRECTION ( 'NONE',  ( 1.000000000000000000, -0.000000000000000000, 1.214306433183764966E-16 ) ) ;
#3662 = CARTESIAN_POINT ( 'NONE',  ( 21.24738361998627667, -38.88805298498775187, 16.10244752100787835 ) ) ;
#3663 = VECTOR ( 'NONE', #3151, 1000.000000000000000 ) ;
#3664 = ORIENTED_EDGE ( 'NONE', *, *, #3896, .F. ) ;
#3665 = CARTESIAN_POINT ( 'NONE',  ( 33.00241165377975960, -35.99985761332584389, 14.40681719483684731 ) ) ;
#3666 = CARTESIAN_POINT ( 'NONE',  ( 23.32051682258321890, 34.18488183880673859, 23.15373057966475301 ) ) ;
#3667 = AXIS2_PLACEMENT_3D ( 'NONE', #79, #472, #3391 ) ;
#3668 = CARTESIAN_POINT ( 'NONE',  ( 0.000000000000000000, 0.000000000000000000, 4.799999999999993605 ) ) ;
#3669 = FACE_OUTER_BOUND ( 'NONE', #2440, .T. ) ;
#3670 = ORIENTED_EDGE ( 'NONE', *, *, #2436, .T. ) ;
#3671 = VERTEX_POINT ( 'NONE', #2068 ) ;
#3672 = DIRECTION ( 'NONE',  ( 0.000000000000000000, 0.000000000000000000, 1.000000000000000000 ) ) ;
#3673 = CARTESIAN_POINT ( 'NONE',  ( 15.07682475933972910, -36.99999999999999289, 3.472018050274273460 ) ) ;
#3674 = CARTESIAN_POINT ( 'NONE',  ( 24.36765823437500345, 33.09524806581030987, 21.27604166700806232 ) ) ;
#3675 = CARTESIAN_POINT ( 'NONE',  ( 25.69999999999999929, 33.21243556529821461, 19.83333333333333215 ) ) ;
#3676 = CARTESIAN_POINT ( 'NONE',  ( 23.60000000000000497, 31.19170962313452478, 20.04166666666666430 ) ) ;
#3677 = VERTEX_POINT ( 'NONE', #4115 ) ;
#3678 = ORIENTED_EDGE ( 'NONE', *, *, #3380, .T. ) ;
#3679 = LINE ( 'NONE', #1964, #2367 ) ;
#3680 = EDGE_CURVE ( 'NONE', #189, #3714, #3079, .T. ) ;
#3681 = VECTOR ( 'NONE', #23, 1000.000000000000000 ) ;
#3682 = B_SPLINE_CURVE_WITH_KNOTS ( 'NONE', 3,
 ( #826, #846, #2454, #2520, #2103, #2123, #1837, #3175 ),
 .UNSPECIFIED., .F., .F.,
 ( 4, 2, 2, 4 ),
 ( 0.004395886746040636277, 0.004952894188366289800, 0.005231397909529112225, 0.005509901630691934650 ),
 .UNSPECIFIED. ) ;
#3683 = AXIS2_PLACEMENT_3D ( 'NONE', #4183, #3477, #3125 ) ;
#3684 = AXIS2_PLACEMENT_3D ( 'NONE', #1206, #3187, #925 ) ;
#3685 = AXIS2_PLACEMENT_3D ( 'NONE', #1934, #304, #3266 ) ;
#3686 = CYLINDRICAL_SURFACE ( 'NONE', #2769, 0.2999999999999999334 ) ;
#3687 = ORIENTED_EDGE ( 'NONE', *, *, #3007, .T. ) ;
#3688 = CARTESIAN_POINT ( 'NONE',  ( 26.13263033445132422, 32.82289034831912744, 19.58162671371539787 ) ) ;
#3689 = AXIS2_PLACEMENT_3D ( 'NONE', #1576, #942, #2918 ) ;
#3690 = DIRECTION ( 'NONE',  ( 1.000000000000000000, 0.000000000000000000, -1.121573320328472587E-12 ) ) ;
#3691 = CARTESIAN_POINT ( 'NONE',  ( 0.000000000000000000, 50.00000000000000000, 11.00000000000000000 ) ) ;
#3692 = ORIENTED_EDGE ( 'NONE', *, *, #1728, .T. ) ;
#3693 = CARTESIAN_POINT ( 'NONE',  ( 25.00000000000000000, 30.38341924626904955, 20.90625000068279604 ) ) ;
#3694 = CARTESIAN_POINT ( 'NONE',  ( 36.71547090197574192, -34.99999999999999289, 14.14297501373331833 ) ) ;
#3695 = CARTESIAN_POINT ( 'NONE',  ( 23.73531646875000334, 32.00000000000000000, 20.35937500034139447 ) ) ;
#3696 = PLANE ( 'NONE',  #4221 ) ;
#3697 = ORIENTED_EDGE ( 'NONE', *, *, #157, .F. ) ;
#3698 = ADVANCED_FACE ( 'NONE', ( #743 ), #139, .F. ) ;
#3699 = ADVANCED_FACE ( 'NONE', ( #1112 ), #4054, .F. ) ;
#3700 = CARTESIAN_POINT ( 'NONE',  ( 25.00000000000000000, 32.00000000000000000, 17.00000000000000000 ) ) ;
#3701 = B_SPLINE_CURVE_WITH_KNOTS ( 'NONE', 3,
 ( #2012, #2302, #332, #1674, #3974, #2366, #3639, #972 ),
 .UNSPECIFIED., .F., .F.,
 ( 4, 2, 2, 4 ),
 ( 0.000000000000000000, 0.0003669534095496954757, 0.0007339068190993909514, 0.001467813638198778000 ),
 .UNSPECIFIED. ) ;
#3702 = CARTESIAN_POINT ( 'NONE',  ( 26.84502010616269274, -37.00000000000799361, 8.762785312365508616 ) ) ;
#3703 = ADVANCED_FACE ( 'NONE', ( #1826 ), #1473, .F. ) ;
#3704 = ORIENTED_EDGE ( 'NONE', *, *, #3099, .T. ) ;
#3705 = LINE ( 'NONE', #4018, #1943 ) ;
#3706 = CARTESIAN_POINT ( 'NONE',  ( 22.25000000000000355, 32.18015013533448609, 22.87681953477326147 ) ) ;
#3707 = CARTESIAN_POINT ( 'NONE',  ( 19.43232087031515576, -34.93323507210912027, 10.16340831018574953 ) ) ;
#3708 = EDGE_LOOP ( 'NONE', ( #15, #2016, #1128, #3200, #2522 ) ) ;
#3709 = CARTESIAN_POINT ( 'NONE',  ( 36.99124466701272951, -36.61717870375775874, 14.93770100393301270 ) ) ;
#3710 = CARTESIAN_POINT ( 'NONE',  ( 34.92317524066027801, -36.99999999999999289, 25.35265176535722276 ) ) ;
#3711 = CARTESIAN_POINT ( 'NONE',  ( 23.73531646875000689, 32.73016537720688035, 20.38020833367473372 ) ) ;
#3712 = CARTESIAN_POINT ( 'NONE',  ( 37.42722206527087536, -37.00000000000000000, 16.14297501373331656 ) ) ;
#3713 = CARTESIAN_POINT ( 'NONE',  ( 25.69999999999999929, 30.78756443470178894, 20.16666666666666430 ) ) ;
#3714 = VERTEX_POINT ( 'NONE', #1087 ) ;
#3715 = EDGE_LOOP ( 'NONE', ( #1279, #3475, #1823, #2965, #2500, #2547, #1150, #1765, #161 ) ) ;
#3716 = CARTESIAN_POINT ( 'NONE',  ( 32.53287982932632616, -34.87233943273955816, 16.78452705679524470 ) ) ;
#3717 = CARTESIAN_POINT ( 'NONE',  ( 24.30000000000000071, 33.21243556529821461, 20.41666666666666785 ) ) ;
#3718 = CARTESIAN_POINT ( 'NONE',  ( 25.00000000000000000, 33.46033075441374649, 21.79687500034139447 ) ) ;
#3719 = CARTESIAN_POINT ( 'NONE',  ( 22.31158123929711223, -36.99999999999999289, 11.05242362703056180 ) ) ;
#3720 = AXIS2_PLACEMENT_3D ( 'NONE', #1855, #1833, #2234 ) ;
#3721 = CARTESIAN_POINT ( 'NONE',  ( 24.99999999999984723, 0.000000000000000000, 9.012334907815747087 ) ) ;
#3722 = DIRECTION ( 'NONE',  ( 0.000000000000000000, 0.000000000000000000, 1.000000000000000000 ) ) ;
#3723 = ADVANCED_FACE ( 'NONE', ( #809 ), #664, .F. ) ;
#3724 = CIRCLE ( 'NONE', #1850, 2.000000000000000000 ) ;
#3725 = CARTESIAN_POINT ( 'NONE',  ( 26.39999999999999858, 32.00000000000000000, 17.00000000000000000 ) ) ;
#3726 = CARTESIAN_POINT ( 'NONE',  ( 24.99846684808985131, -38.61760882611746126, 15.60061493737889116 ) ) ;
#3727 = ORIENTED_EDGE ( 'NONE', *, *, #2098, .F. ) ;
#3728 = CARTESIAN_POINT ( 'NONE',  ( 28.78099373319143339, -40.50000000000298428, 16.33149853929738882 ) ) ;
#3729 = AXIS2_PLACEMENT_3D ( 'NONE', #3364, #3767, #1681 ) ;
#3730 = CYLINDRICAL_SURFACE ( 'NONE', #1877, 1.399999999999998579 ) ;
#3731 = CARTESIAN_POINT ( 'NONE',  ( 25.63234176562500011, 33.09524806581030987, 21.25520833367473017 ) ) ;
#3732 = ORIENTED_EDGE ( 'NONE', *, *, #4228, .F. ) ;
#3733 = EDGE_LOOP ( 'NONE', ( #251, #3782, #873, #429, #3131 ) ) ;
#3734 = CARTESIAN_POINT ( 'NONE',  ( 26.39999999999999503, 31.19170962313452122, 21.70833333333333215 ) ) ;
#3735 = CARTESIAN_POINT ( 'NONE',  ( 32.83425861721770644, -37.00000000000000000, 16.58723994144347103 ) ) ;
#3736 = DIRECTION ( 'NONE',  ( 1.121777405443293329E-12, 0.000000000000000000, 1.000000000000000000 ) ) ;
#3737 = CARTESIAN_POINT ( 'NONE',  ( 21.46921761274249718, -38.64356636728180661, 15.88487713547946356 ) ) ;
#3738 = CARTESIAN_POINT ( 'NONE',  ( 26.39999999999999858, 32.80829037686547167, 21.57291666734945679 ) ) ;
#3739 = VECTOR ( 'NONE', #2259, 1000.000000000000114 ) ;
#3740 = CARTESIAN_POINT ( 'NONE',  ( 31.75879822517367757, -36.88523454963531378, 15.45926779798808148 ) ) ;
#3741 = CARTESIAN_POINT ( 'NONE',  ( 50.00000000000000000, 5.000000000000000000, 4.799999999999999822 ) ) ;
#3742 = AXIS2_PLACEMENT_3D ( 'NONE', #3607, #943, #920 ) ;
#3743 = CARTESIAN_POINT ( 'NONE',  ( 30.87848878724479462, -34.90016888777457638, 10.40461079267092259 ) ) ;
#3744 = FILL_AREA_STYLE_COLOUR ( '', #2586 ) ;
#3745 = ORIENTED_EDGE ( 'NONE', *, *, #4298, .F. ) ;
#3746 = CARTESIAN_POINT ( 'NONE',  ( 23.73531646875000334, 32.00000000000000000, 21.35937500034139802 ) ) ;
#3747 = ADVANCED_FACE ( 'NONE', ( #2767 ), #4236, .T. ) ;
#3748 = EDGE_CURVE ( 'NONE', #2078, #3448, #3518, .T. ) ;
#3749 = CARTESIAN_POINT ( 'NONE',  ( 25.70268897159634847, 30.78567599426376233, 19.76697037122551492 ) ) ;
#3750 = B_SPLINE_CURVE_WITH_KNOTS ( 'NONE', 3,
 ( #2864, #1210, #3810, #1832, #2140, #1119, #1164, #186, #3127, #4185, #4203, #1499, #129, #1521 ),
 .UNSPECIFIED., .F., .F.,
 ( 4, 2, 2, 2, 2, 2, 4 ),
 ( 0.000000000000000000, 0.0004039619031124862605, 0.0008079238062249725211, 0.001615847612449926611, 0.002019809515562409619, 0.002423771418674892410, 0.003231695224899847584 ),
 .UNSPECIFIED. ) ;
#3751 = CARTESIAN_POINT ( 'NONE',  ( 26.26468353125000021, 32.00000000000000000, 21.17187500034139802 ) ) ;
#3752 = VECTOR ( 'NONE', #1441, 1000.000000000000227 ) ;
#3753 = DIRECTION ( 'NONE',  ( 1.000000000000000000, 0.000000000000000000, -1.121777405443293127E-12 ) ) ;
#3754 = ORIENTED_EDGE ( 'NONE', *, *, #2033, .T. ) ;
#3755 = ORIENTED_EDGE ( 'NONE', *, *, #1433, .F. ) ;
#3756 = CARTESIAN_POINT ( 'NONE',  ( 24.30000000000000071, 33.21243556529821461, 19.69791666734946389 ) ) ;
#3757 = EDGE_CURVE ( 'NONE', #3969, #4091, #781, .T. ) ;
#3758 = CARTESIAN_POINT ( 'NONE',  ( 23.32163319262347301, 29.81427825760222561, 23.15394252460525237 ) ) ;
#3759 = EDGE_CURVE ( 'NONE', #2459, #402, #3495, .T. ) ;
#3760 = CARTESIAN_POINT ( 'NONE',  ( 33.21522705104220563, -37.00000000000000711, 15.76627671545010756 ) ) ;
#3761 = CARTESIAN_POINT ( 'NONE',  ( 25.00000000000000000, 33.61658075373095755, 20.87499999999999645 ) ) ;
#3762 = CARTESIAN_POINT ( 'NONE',  ( 26.09614331098341466, 32.79637238536523824, 19.60766772137262137 ) ) ;
#3763 = CARTESIAN_POINT ( 'NONE',  ( 25.00000000000000000, 30.53966924558625706, 21.04687500034139802 ) ) ;
#3764 = CARTESIAN_POINT ( 'NONE',  ( 16.73427832596117426, -34.99999999999999289, 14.41233490781574922 ) ) ;
#3765 = CARTESIAN_POINT ( 'NONE',  ( 29.05943088406602826, -37.00000000000000000, 12.94320794730433022 ) ) ;
#3766 = EDGE_CURVE ( 'NONE', #3433, #2316, #495, .T. ) ;
#3767 = DIRECTION ( 'NONE',  ( 0.000000000000000000, 1.000000000000000000, 0.000000000000000000 ) ) ;
#3768 = CARTESIAN_POINT ( 'NONE',  ( 25.00000000000000000, 33.61658075373095045, 19.65625000068279249 ) ) ;
#3769 = VERTEX_POINT ( 'NONE', #3826 ) ;
#3770 = FACE_OUTER_BOUND ( 'NONE', #2215, .T. ) ;
#3771 = CARTESIAN_POINT ( 'NONE',  ( 26.11898974215931801, 31.13922634657851418, 19.69674161591803596 ) ) ;
#3772 = CARTESIAN_POINT ( 'NONE',  ( 25.00000000000000000, 30.53966924558625706, 21.04687500034139802 ) ) ;
#3773 = CARTESIAN_POINT ( 'NONE',  ( 23.60000000000000142, 32.00000000000000000, 20.28125000068279604 ) ) ;
#3774 = ORIENTED_EDGE ( 'NONE', *, *, #1029, .F. ) ;
#3775 = VERTEX_POINT ( 'NONE', #921 ) ;
#3776 = CARTESIAN_POINT ( 'NONE',  ( 23.73531646875000334, 32.00000000000000000, 21.85937500034139802 ) ) ;
#3777 = DIRECTION ( 'NONE',  ( 0.000000000000000000, 0.000000000000000000, -1.000000000000000000 ) ) ;
#3778 = ADVANCED_FACE ( 'NONE', ( #4219 ), #514, .F. ) ;
#3779 = DIRECTION ( 'NONE',  ( 0.000000000000000000, -1.000000000000000000, 0.000000000000000000 ) ) ;
#3780 = CARTESIAN_POINT ( 'NONE',  ( 25.00000000000000000, 0.000000000000000000, 19.81233490781574957 ) ) ;
#3781 = EDGE_CURVE ( 'NONE', #72, #189, #1867, .T. ) ;
#3782 = ORIENTED_EDGE ( 'NONE', *, *, #2291, .T. ) ;
#3783 =( BOUNDED_CURVE ( )  B_SPLINE_CURVE ( 2, ( #3061, #1760, #368, #3041, #4097, #3738, #4015 ),
 .UNSPECIFIED., .F., .T. ) 
 B_SPLINE_CURVE_WITH_KNOTS ( ( 3, 2, 2, 3 ),
 ( 0.000000000000000000, 0.03787562332382918978, 0.07575124664765837956, 0.1136268751990768544 ),
 .UNSPECIFIED. ) 
 CURVE ( )  GEOMETRIC_REPRESENTATION_ITEM ( )  RATIONAL_B_SPLINE_CURVE ( ( 1.000000000000000000, 0.8660254037844387076, 1.000000000000000000, 0.8660254037844387076, 1.000000000000000000, 0.8660254037844387076, 1.000000000000000000 ) ) 
 REPRESENTATION_ITEM ( '' )  );
#3784 = CARTESIAN_POINT ( 'NONE',  ( 21.68937994532564772, -38.48366118194731200, 15.36588180128112846 ) ) ;
#3785 = CARTESIAN_POINT ( 'NONE',  ( 41.49999999999998579, 4.999999999999997335, 2.104480912413648319 ) ) ;
#3786 = CARTESIAN_POINT ( 'NONE',  ( 27.38500290463121800, 30.61928645471601484, 22.98743820042182406 ) ) ;
#3787 = DIRECTION ( 'NONE',  ( -0.000000000000000000, -1.000000000000000000, -0.000000000000000000 ) ) ;
#3788 = LINE ( 'NONE', #3462, #2231 ) ;
#3789 = EDGE_LOOP ( 'NONE', ( #4111, #4031, #3546, #1841 ) ) ;
#3790 = DIRECTION ( 'NONE',  ( 0.000000000000000000, 0.000000000000000000, 1.000000000000000000 ) ) ;
#3791 = CARTESIAN_POINT ( 'NONE',  ( 46.50000000000000000, 4.999999999999997335, 5.000000000000000000 ) ) ;
#3792 = CARTESIAN_POINT ( 'NONE',  ( 25.00000000000000000, 33.46033075441374649, 20.29687500034139447 ) ) ;
#3793 = CARTESIAN_POINT ( 'NONE',  ( 26.39999999999999858, 31.19170962313452478, 20.48958333401612819 ) ) ;
#3794 = CARTESIAN_POINT ( 'NONE',  ( 23.60000000000000142, 32.00000000000000000, 20.49999999999999645 ) ) ;
#3795 = CARTESIAN_POINT ( 'NONE',  ( 25.00000000000000000, 30.38341924626904955, 21.12499999999999289 ) ) ;
#3796 = VECTOR ( 'NONE', #955, 1000.000000000000000 ) ;
#3797 = VERTEX_POINT ( 'NONE', #2922 ) ;
#3798 = EDGE_LOOP ( 'NONE', ( #510, #3207, #4288, #309, #824 ) ) ;
#3799 = CARTESIAN_POINT ( 'NONE',  ( 23.60000000000000497, 32.80829037686547167, 19.73958333401613174 ) ) ;
#3800 = CARTESIAN_POINT ( 'NONE',  ( 25.00000000000000000, 40.00000000000000000, 19.81233490781574957 ) ) ;
#3801 = CARTESIAN_POINT ( 'NONE',  ( 21.93299154145324437, -38.14986755558363285, 15.67829075251188442 ) ) ;
#3802 = CARTESIAN_POINT ( 'NONE',  ( 36.24846684811497255, -37.00000000000000000, 37.99999999996393285 ) ) ;
#3803 = CARTESIAN_POINT ( 'NONE',  ( 19.28246433526597059, -34.93010659627464065, 10.25867919659381045 ) ) ;
#3804 = ORIENTED_EDGE ( 'NONE', *, *, #1981, .T. ) ;
#3805 = CARTESIAN_POINT ( 'NONE',  ( 26.13263580870787450, 32.82288281346333747, 19.80037616169302694 ) ) ;
#3806 =( BOUNDED_CURVE ( )  B_SPLINE_CURVE ( 2, ( #1434, #28, #707, #1761, #1396, #4041, #3084 ),
 .UNSPECIFIED., .F., .F. ) 
 B_SPLINE_CURVE_WITH_KNOTS ( ( 3, 2, 2, 3 ),
 ( 0.6000000000000005329, 0.6333333333333338588, 0.6666666666666672958, 0.7000000000000006217 ),
 .UNSPECIFIED. ) 
 CURVE ( )  GEOMETRIC_REPRESENTATION_ITEM ( )  RATIONAL_B_SPLINE_CURVE ( ( 0.9999999999999977796, 0.8660254037844409281, 1.000000000000000000, 0.8660254037844387076, 1.000000000000000000, 0.8660254037844360431, 1.000000000000002665 ) ) 
 REPRESENTATION_ITEM ( '' )  );
#3807 = CARTESIAN_POINT ( 'NONE',  ( 12.87631787894285473, -37.00000000000000000, 16.41233490781574744 ) ) ;
#3808 = CARTESIAN_POINT ( 'NONE',  ( 24.99846684809938679, -38.61760882611746126, 24.10061493737889293 ) ) ;
#3809 = EDGE_CURVE ( 'NONE', #652, #923, #2180, .T. ) ;
#3810 = CARTESIAN_POINT ( 'NONE',  ( 13.61704595443982591, -35.27074544805447687, 14.42619048025931683 ) ) ;
#3811 = CARTESIAN_POINT ( 'NONE',  ( 3.500000000000004441, 50.00000000000000000, 5.000000000000000000 ) ) ;
#3812 = CARTESIAN_POINT ( 'NONE',  ( 26.39999999998707381, 31.99999398350528068, 20.03124969053678939 ) ) ;
#3813 = ORIENTED_EDGE ( 'NONE', *, *, #3757, .F. ) ;
#3814 = AXIS2_PLACEMENT_3D ( 'NONE', #4165, #2142, #3465 ) ;
#3815 = DIRECTION ( 'NONE',  ( 0.000000000000000000, 0.000000000000000000, 1.000000000000000000 ) ) ;
#3816 = AXIS2_PLACEMENT_3D ( 'NONE', #2394, #1740, #2698 ) ;
#3817 = ADVANCED_FACE ( 'NONE', ( #1511 ), #3563, .F. ) ;
#3818 = FACE_OUTER_BOUND ( 'NONE', #2827, .T. ) ;
#3819 = DIRECTION ( 'NONE',  ( 0.000000000000000000, -1.000000000000000000, 0.000000000000000000 ) ) ;
#3820 = VECTOR ( 'NONE', #247, 1000.000000000000000 ) ;
#3821 = CARTESIAN_POINT ( 'NONE',  ( 26.39999999999999858, 32.00000000000000000, 22.00000000000000000 ) ) ;
#3822 = EDGE_LOOP ( 'NONE', ( #2977, #3514, #232, #775 ) ) ;
#3823 = ORIENTED_EDGE ( 'NONE', *, *, #149, .F. ) ;
#3824 = CARTESIAN_POINT ( 'NONE',  ( 26.40000000000000213, 32.80829037686547167, 21.07291666734946389 ) ) ;
#3825 = CARTESIAN_POINT ( 'NONE',  ( 21.35422311682053476, -40.50000000000000000, 12.51873573520725991 ) ) ;
#3826 = CARTESIAN_POINT ( 'NONE',  ( 24.99846684808489883, -37.00000000000000000, 11.18181418681811401 ) ) ;
#3827 = CARTESIAN_POINT ( 'NONE',  ( 21.29146627822816384, -34.96104759914759086, 9.275331052317902447 ) ) ;
#3828 = ORIENTED_EDGE ( 'NONE', *, *, #1656, .F. ) ;
#3829 = CARTESIAN_POINT ( 'NONE',  ( 36.71547090197574192, 0.000000000000000000, 14.14297501373331833 ) ) ;
#3830 = CARTESIAN_POINT ( 'NONE',  ( 16.73427832596117426, -34.94218091594304099, 14.41233490781574922 ) ) ;
#3831 = CARTESIAN_POINT ( 'NONE',  ( 24.36765823437500345, 30.90475193418969369, 20.50520833367473017 ) ) ;
#3832 = ADVANCED_FACE ( 'NONE', ( #1845 ), #2270, .F. ) ;
#3833 = CARTESIAN_POINT ( 'NONE',  ( 32.23002704336142443, -23.22268214330137326, 14.14297501373331833 ) ) ;
#3834 =( BOUNDED_CURVE ( )  B_SPLINE_CURVE ( 2, ( #992, #666, #3095, #1010, #3952, #2655, #620 ),
 .UNSPECIFIED., .F., .F. ) 
 B_SPLINE_CURVE_WITH_KNOTS ( ( 3, 2, 2, 3 ),
 ( 0.000000000000000000, 0.03333333333333336063, 0.06666666666666672125, 0.1000000000000000888 ),
 .UNSPECIFIED. ) 
 CURVE ( )  GEOMETRIC_REPRESENTATION_ITEM ( )  RATIONAL_B_SPLINE_CURVE ( ( 1.000000000000000000, 0.8660254037844387076, 1.000000000000000000, 0.8660254037844387076, 1.000000000000000000, 0.8660254037844383745, 1.000000000000000222 ) ) 
 REPRESENTATION_ITEM ( '' )  );
#3835 = DIRECTION ( 'NONE',  ( 1.000000000000000000, -0.000000000000000000, -0.000000000000000000 ) ) ;
#3836 = CARTESIAN_POINT ( 'NONE',  ( 24.54603307459412065, 30.67250426013303866, 19.79388532308435344 ) ) ;
#3837 = ORIENTED_EDGE ( 'NONE', *, *, #331, .F. ) ;
#3838 = CARTESIAN_POINT ( 'NONE',  ( 21.42653975679270317, -40.50000000000000000, 16.20337473943153128 ) ) ;
#3839 = CARTESIAN_POINT ( 'NONE',  ( 13.78103195119371627, -38.47445392649784424, 24.09870198522543561 ) ) ;
#3840 = CARTESIAN_POINT ( 'NONE',  ( 21.06099596770606297, -39.36111874286412871, 13.28250260377599012 ) ) ;
#3841 = CARTESIAN_POINT ( 'NONE',  ( 23.60000000000000142, 31.19170962313452478, 20.32291666734946389 ) ) ;
#3842 = CARTESIAN_POINT ( 'NONE',  ( 20.99237120520007238, -38.61760882611745416, 15.89744409181834861 ) ) ;
#3843 = VERTEX_POINT ( 'NONE', #1201 ) ;
#3844 = VERTEX_POINT ( 'NONE', #2899 ) ;
#3845 = CARTESIAN_POINT ( 'NONE',  ( 26.40000000000000213, 32.80829037686547167, 20.57291666734946389 ) ) ;
#3846 = CARTESIAN_POINT ( 'NONE',  ( 50.00000000000000000, 5.000000000000000000, 4.799999999999999822 ) ) ;
#3847 = CARTESIAN_POINT ( 'NONE',  ( 28.97865424685474522, -38.61745903731148388, 15.89113596871228040 ) ) ;
#3848 = CARTESIAN_POINT ( 'NONE',  ( 25.00000000000000000, 33.46033075441374649, 20.29687500034139447 ) ) ;
#3849 = CARTESIAN_POINT ( 'NONE',  ( 19.24252409266379260, -36.99999999999931788, 10.19827166167505084 ) ) ;
#3850 = EDGE_LOOP ( 'NONE', ( #1751, #999, #1914, #941, #3312, #4117 ) ) ;
#3851 = DIRECTION ( 'NONE',  ( 0.000000000000000000, 1.000000000000000000, 0.000000000000000000 ) ) ;
#3852 = LINE ( 'NONE', #3438, #607 ) ;
#3853 = CARTESIAN_POINT ( 'NONE',  ( 4.096985439621995795, 0.000000000000000000, 11.00000000000000000 ) ) ;
#3854 = B_SPLINE_CURVE_WITH_KNOTS ( 'NONE', 3,
 ( #2284, #297, #647, #3282 ),
 .UNSPECIFIED., .F., .F.,
 ( 4, 4 ),
 ( 0.000000000000000000, 1.000000000000000000 ),
 .UNSPECIFIED. ) ;
#3855 = CARTESIAN_POINT ( 'NONE',  ( 14.09698543962181283, -40.50000000000000000, 38.00000000000000000 ) ) ;
#3856 = CARTESIAN_POINT ( 'NONE',  ( 20.56390418828086197, -36.98326947723421654, 11.91675416441349356 ) ) ;
#3857 = EDGE_CURVE ( 'NONE', #3305, #3921, #2149, .T. ) ;
#3858 = VERTEX_POINT ( 'NONE', #2578 ) ;
#3859 = CARTESIAN_POINT ( 'NONE',  ( 28.52668066151015580, -38.64345008074417365, 15.88382540649469021 ) ) ;
#3860 = CARTESIAN_POINT ( 'NONE',  ( 25.75397974601796136, -36.99999999999999289, 10.69245306810240059 ) ) ;
#3861 = EDGE_CURVE ( 'NONE', #1723, #3246, #3892, .T. ) ;
#3862 = DIRECTION ( 'NONE',  ( -0.000000000000000000, -1.000000000000000000, -0.000000000000000000 ) ) ;
#3863 = ORIENTED_EDGE ( 'NONE', *, *, #3759, .T. ) ;
#3864 = ORIENTED_EDGE ( 'NONE', *, *, #1131, .F. ) ;
#3865 = CARTESIAN_POINT ( 'NONE',  ( 25.00000000000000000, 33.46033075441374649, 20.73437500034139802 ) ) ;
#3866 = CIRCLE ( 'NONE', #1996, 0.2999999999999987121 ) ;
#3867 = DIRECTION ( 'NONE',  ( 0.000000000000000000, 0.000000000000000000, -1.000000000000000000 ) ) ;
#3868 = DIRECTION ( 'NONE',  ( -0.000000000000000000, 1.000000000000000000, -0.000000000000000000 ) ) ;
#3869 = VECTOR ( 'NONE', #2280, 1000.000000000000000 ) ;
#3870 = CARTESIAN_POINT ( 'NONE',  ( 23.73531646875000689, 32.73016537720688035, 20.88020833367473372 ) ) ;
#3871 = CARTESIAN_POINT ( 'NONE',  ( 32.63560865942406508, -36.99999999999796785, 11.93622241015801144 ) ) ;
#3872 = VERTEX_POINT ( 'NONE', #3244 ) ;
#3873 = AXIS2_PLACEMENT_3D ( 'NONE', #1066, #99, #2794 ) ;
#3874 = LINE ( 'NONE', #882, #645 ) ;
#3875 = CARTESIAN_POINT ( 'NONE',  ( 25.00000000000000000, 50.00000000000000000, 8.662334907815750995 ) ) ;
#3876 = CARTESIAN_POINT ( 'NONE',  ( 17.04940062208193297, -36.07575827718213901, 14.71528950924141022 ) ) ;
#3877 = CARTESIAN_POINT ( 'NONE',  ( 23.60000000001219789, 32.00000389932112910, 21.28116955222854401 ) ) ;
#3878 = DIRECTION ( 'NONE',  ( -0.000000000000000000, -0.000000000000000000, 1.000000000000000000 ) ) ;
#3879 = CARTESIAN_POINT ( 'NONE',  ( 27.96823212026037453, -40.53434691303613135, 15.94125191100758521 ) ) ;
#3880 = VERTEX_POINT ( 'NONE', #241 ) ;
#3881 = CARTESIAN_POINT ( 'NONE',  ( 28.32084453133397872, -38.63995561111053689, 15.46814733040279854 ) ) ;
#3882 = DIRECTION ( 'NONE',  ( 1.000000000000000000, 0.000000000000000000, -1.121777405443293127E-12 ) ) ;
#3883 = CARTESIAN_POINT ( 'NONE',  ( 28.97865424685473101, -38.91730924850551787, 15.88165700005013115 ) ) ;
#3884 = CARTESIAN_POINT ( 'NONE',  ( 26.02316032834144011, 32.74334875849051230, 19.70141742530731932 ) ) ;
#3885 = EDGE_CURVE ( 'NONE', #1956, #805, #2783, .T. ) ;
#3886 = AXIS2_PLACEMENT_3D ( 'NONE', #2184, #4158, #837 ) ;
#3887 = ORIENTED_EDGE ( 'NONE', *, *, #3983, .T. ) ;
#3888 = EDGE_LOOP ( 'NONE', ( #2530, #463, #881, #2085 ) ) ;
#3889 = CARTESIAN_POINT ( 'NONE',  ( 23.73531646875000689, 31.26983462279312675, 20.90104166700806232 ) ) ;
#3890 = CARTESIAN_POINT ( 'NONE',  ( 0.000000000000000000, 5.000000000000000000, 0.000000000000000000 ) ) ;
#3891 = AXIS2_PLACEMENT_3D ( 'NONE', #4003, #4022, #2723 ) ;
#3892 = LINE ( 'NONE', #2248, #507 ) ;
#3893 = AXIS2_PLACEMENT_3D ( 'NONE', #1633, #2980, #3550 ) ;
#3894 = CARTESIAN_POINT ( 'NONE',  ( 25.00000000000000000, 33.46033075441374649, 19.79687500034139802 ) ) ;
#3895 = CARTESIAN_POINT ( 'NONE',  ( 32.24215083835888862, -37.00000000000203215, 11.43837274401035664 ) ) ;
#3896 = EDGE_CURVE ( 'NONE', #3978, #2194, #2832, .T. ) ;
#3897 = AXIS2_PLACEMENT_3D ( 'NONE', #3691, #3047, #300 ) ;
#3898 = ORIENTED_EDGE ( 'NONE', *, *, #2223, .F. ) ;
#3899 = EDGE_CURVE ( 'NONE', #1508, #2353, #4073, .T. ) ;
#3900 = DIRECTION ( 'NONE',  ( 3.122502256758252770E-14, 0.000000000000000000, -1.000000000000000000 ) ) ;
#3901 = FACE_OUTER_BOUND ( 'NONE', #2652, .T. ) ;
#3902 = CARTESIAN_POINT ( 'NONE',  ( 25.00000000000000000, 33.46033075441374649, 21.29687500034140157 ) ) ;
#3903 = CARTESIAN_POINT ( 'NONE',  ( 4.096985439621995795, -34.99999999999999289, 26.00000000000000000 ) ) ;
#3904 = CARTESIAN_POINT ( 'NONE',  ( 50.00000000000000000, 50.00000000000000000, 0.000000000000000000 ) ) ;
#3905 = FACE_OUTER_BOUND ( 'NONE', #3913, .T. ) ;
#3906 = ORIENTED_EDGE ( 'NONE', *, *, #4103, .F. ) ;
#3907 = LINE ( 'NONE', #275, #2226 ) ;
#3908 = CARTESIAN_POINT ( 'NONE',  ( 28.60555598643418307, -38.36171021495974287, 15.60061493737484106 ) ) ;
#3909 = CARTESIAN_POINT ( 'NONE',  ( 31.22151230044796222, -37.00000000000000711, 14.89395768609591464 ) ) ;
#3910 = CARTESIAN_POINT ( 'NONE',  ( 28.88601419788217939, -38.62018591066409812, 16.14014345226395974 ) ) ;
#3911 = CARTESIAN_POINT ( 'NONE',  ( 36.24846684808984776, -38.31760882611746410, 15.60061493736627725 ) ) ;
#3912 = ORIENTED_EDGE ( 'NONE', *, *, #1253, .T. ) ;
#3913 = EDGE_LOOP ( 'NONE', ( #1691, #857, #1294, #3565, #556, #631 ) ) ;
#3914 = CARTESIAN_POINT ( 'NONE',  ( 25.00000000000000000, 30.53966924558625706, 21.48437500034139447 ) ) ;
#3915 = CARTESIAN_POINT ( 'NONE',  ( 21.63834212652013633, -36.99999999998386357, 15.37402741866084810 ) ) ;
#3916 = CARTESIAN_POINT ( 'NONE',  ( 28.72236282900858484, -38.59770065476860168, 15.78585114819800950 ) ) ;
#3917 = CARTESIAN_POINT ( 'NONE',  ( 4.096985439621944280, -37.00000000000000000, 38.00000000000000000 ) ) ;
#3918 = CARTESIAN_POINT ( 'NONE',  ( 26.40000000000000213, 32.80829037686547167, 21.29166666666667140 ) ) ;
#3919 = CARTESIAN_POINT ( 'NONE',  ( 31.18374425077556467, -37.00000000000000000, 13.83759989258379619 ) ) ;
#3920 = ORIENTED_EDGE ( 'NONE', *, *, #787, .F. ) ;
#3921 = VERTEX_POINT ( 'NONE', #1276 ) ;
#3922 = ADVANCED_FACE ( 'NONE', ( #343 ), #946, .F. ) ;
#3923 = LINE ( 'NONE', #225, #3540 ) ;
#3924 = CARTESIAN_POINT ( 'NONE',  ( 46.50000000000000000, 50.00000000000000000, 5.000000000000000000 ) ) ;
#3925 = CARTESIAN_POINT ( 'NONE',  ( 23.73531646875000689, 32.73016537720687325, 21.38020833367473017 ) ) ;
#3926 = CARTESIAN_POINT ( 'NONE',  ( 28.93764581772855493, -39.34281108707138230, 13.27780966709448940 ) ) ;
#3927 = CARTESIAN_POINT ( 'NONE',  ( 16.87266674413464074, -34.83977701812840877, 13.30067232994179349 ) ) ;
#3928 = CARTESIAN_POINT ( 'NONE',  ( 28.83979021669605203, -39.33715390896523445, 16.17385865028181158 ) ) ;
#3929 = ORIENTED_EDGE ( 'NONE', *, *, #1102, .T. ) ;
#3930 = CARTESIAN_POINT ( 'NONE',  ( 23.60000000000000142, 32.00000000000000000, 21.78125000068279604 ) ) ;
#3931 = CARTESIAN_POINT ( 'NONE',  ( 25.00000000000000000, 30.53966924558625351, 20.98437500034139802 ) ) ;
#3932 = CYLINDRICAL_SURFACE ( 'NONE', #4096, 14.99999999999999645 ) ;
#3933 = CARTESIAN_POINT ( 'NONE',  ( 26.02316228924797059, 32.74334605943384702, 19.65975105446763749 ) ) ;
#3934 =( BOUNDED_CURVE ( )  B_SPLINE_CURVE ( 2, ( #4089, #1126, #2474, #3795, #1082, #2148, #467 ),
 .UNSPECIFIED., .F., .F. ) 
 B_SPLINE_CURVE_WITH_KNOTS ( ( 3, 2, 2, 3 ),
 ( 0.3000000000000002665, 0.3333333333333335924, 0.3666666666666669738, 0.4000000000000003553 ),
 .UNSPECIFIED. ) 
 CURVE ( )  GEOMETRIC_REPRESENTATION_ITEM ( )  RATIONAL_B_SPLINE_CURVE ( ( 0.9999999999999988898, 0.8660254037844398178, 1.000000000000000000, 0.8660254037844387076, 1.000000000000000000, 0.8660254037844373753, 1.000000000000001332 ) ) 
 REPRESENTATION_ITEM ( '' )  );
#3935 = CARTESIAN_POINT ( 'NONE',  ( 24.36765823437500345, 30.90475193418969369, 20.00520833367473017 ) ) ;
#3936 = CARTESIAN_POINT ( 'NONE',  ( 29.05943088406602826, -37.00000000000000000, 12.94320794730433022 ) ) ;
#3937 = CARTESIAN_POINT ( 'NONE',  ( 21.12248709556806148, -38.62264637301863246, 16.13476640332035927 ) ) ;
#3938 = ORIENTED_EDGE ( 'NONE', *, *, #4204, .F. ) ;
#3939 = ORIENTED_EDGE ( 'NONE', *, *, #1839, .F. ) ;
#3940 = CARTESIAN_POINT ( 'NONE',  ( 24.36765823437500345, 30.90475193418969369, 21.44270833367473017 ) ) ;
#3941 = VECTOR ( 'NONE', #2422, 1000.000000000000000 ) ;
#3942 = FACE_OUTER_BOUND ( 'NONE', #3356, .T. ) ;
#3943 = CARTESIAN_POINT ( 'NONE',  ( 26.26468353125000021, 32.00000000000000000, 20.10937500034139447 ) ) ;
#3944 = CYLINDRICAL_SURFACE ( 'NONE', #3108, 5.749999999999998224 ) ;
#3945 = CARTESIAN_POINT ( 'NONE',  ( 25.00000000000000000, 30.38341924626904955, 20.62500000000000000 ) ) ;
#3946 = ORIENTED_EDGE ( 'NONE', *, *, #945, .T. ) ;
#3947 = CARTESIAN_POINT ( 'NONE',  ( 28.60881146524920382, -38.31760882611746410, 15.60061493737483929 ) ) ;
#3948 = CIRCLE ( 'NONE', #42, 2.000000000000000000 ) ;
#3949 = VECTOR ( 'NONE', #436, 1000.000000000000000 ) ;
#3950 = ADVANCED_FACE ( 'NONE', ( #1266 ), #3932, .F. ) ;
#3951 = LINE ( 'NONE', #2324, #3613 ) ;
#3952 = CARTESIAN_POINT ( 'NONE',  ( 25.69999999999999929, 33.21243556529821461, 21.83333333333333215 ) ) ;
#3953 = LINE ( 'NONE', #1635, #3869 ) ;
#3954 = CARTESIAN_POINT ( 'NONE',  ( 16.91264363017762307, -34.82956163647583026, 15.59516003684892027 ) ) ;
#3955 = EDGE_CURVE ( 'NONE', #733, #2369, #1315, .T. ) ;
#3956 = ORIENTED_EDGE ( 'NONE', *, *, #2831, .F. ) ;
#3957 = CARTESIAN_POINT ( 'NONE',  ( 22.26799500356079164, 32.36258043654049743, 22.88272704541498470 ) ) ;
#3958 = CARTESIAN_POINT ( 'NONE',  ( 26.39999999999999858, 32.00000000000000000, 20.24999999999999645 ) ) ;
#3959 = DIRECTION ( 'NONE',  ( 0.000000000000000000, 0.000000000000000000, -1.000000000000000000 ) ) ;
#3960 = CARTESIAN_POINT ( 'NONE',  ( 29.01750138616707986, -38.61760882611746126, 15.90061493737438347 ) ) ;
#3961 = ORIENTED_EDGE ( 'NONE', *, *, #4082, .T. ) ;
#3962 = ADVANCED_FACE ( 'NONE', ( #387 ), #2486, .F. ) ;
#3963 = ORIENTED_EDGE ( 'NONE', *, *, #627, .T. ) ;
#3964 = AXIS2_PLACEMENT_3D ( 'NONE', #3523, #2581, #858 ) ;
#3965 = CARTESIAN_POINT ( 'NONE',  ( 25.63234176562500011, 33.09524806581030987, 20.19270833367473017 ) ) ;
#3966 = DIRECTION ( 'NONE',  ( 0.000000000000000000, 1.000000000000000000, 0.000000000000000000 ) ) ;
#3967 = CARTESIAN_POINT ( 'NONE',  ( 28.28150919152763265, -40.49999999999999289, 15.08053023166493922 ) ) ;
#3968 = CARTESIAN_POINT ( 'NONE',  ( 23.60000000000000497, 31.19170962313452478, 20.54166666666666785 ) ) ;
#3969 = VERTEX_POINT ( 'NONE', #2093 ) ;
#3970 = ORIENTED_EDGE ( 'NONE', *, *, #1485, .F. ) ;
#3971 = EDGE_CURVE ( 'NONE', #896, #382, #4239, .T. ) ;
#3972 = VECTOR ( 'NONE', #4245, 1000.000000000000000 ) ;
#3973 = CARTESIAN_POINT ( 'NONE',  ( 25.00000000000000000, 32.00000000000000000, 17.00000000000000000 ) ) ;
#3974 = CARTESIAN_POINT ( 'NONE',  ( 28.24579160205772510, -40.50000000000001421, 15.68751893695792177 ) ) ;
#3975 = VECTOR ( 'NONE', #378, 1000.000000000000000 ) ;
#3976 = LINE ( 'NONE', #2907, #1368 ) ;
#3977 = CARTESIAN_POINT ( 'NONE',  ( 17.51277297924636045, -34.85185930682688848, 16.80602040505551997 ) ) ;
#3978 = VERTEX_POINT ( 'NONE', #746 ) ;
#3979 = CARTESIAN_POINT ( 'NONE',  ( 26.28592304506086208, 32.57250611098793769, 19.65719743111770512 ) ) ;
#3980 = CARTESIAN_POINT ( 'NONE',  ( 25.00000000000000000, 40.00000000000000000, 14.41233490781574922 ) ) ;
#3981 = EDGE_CURVE ( 'NONE', #629, #3582, #1584, .T. ) ;
#3982 = CARTESIAN_POINT ( 'NONE',  ( 19.00660712447084322, -36.99999999999998579, 15.43713383199981770 ) ) ;
#3983 = EDGE_CURVE ( 'NONE', #1445, #2573, #25, .T. ) ;
#3984 = CARTESIAN_POINT ( 'NONE',  ( 25.00000000000000000, 0.000000000000000000, 14.41233490781574922 ) ) ;
#3985 = DIRECTION ( 'NONE',  ( -0.9396926207862917879, 0.000000000000000000, -0.3420201433246155553 ) ) ;
#3986 = DIRECTION ( 'NONE',  ( 0.000000000000000000, 1.000000000000000000, 0.000000000000000000 ) ) ;
#3987 = ORIENTED_EDGE ( 'NONE', *, *, #3383, .T. ) ;
#3988 = VERTEX_POINT ( 'NONE', #3829 ) ;
#3989 = CARTESIAN_POINT ( 'NONE',  ( 20.87011077173412588, -37.00000000000000711, 12.67361907642706953 ) ) ;
#3990 = CARTESIAN_POINT ( 'NONE',  ( 3.500000000000004441, 0.000000000000000000, 4.799999999999997158 ) ) ;
#3991 = CARTESIAN_POINT ( 'NONE',  ( 13.74846684808984776, -38.49334475740553074, 15.60061493739151217 ) ) ;
#3992 = DIRECTION ( 'NONE',  ( 1.000000000000000000, 0.000000000000000000, -0.000000000000000000 ) ) ;
#3993 = CARTESIAN_POINT ( 'NONE',  ( 24.30000000000000071, 33.21243556529821461, 19.91666666666666430 ) ) ;
#3994 = ORIENTED_EDGE ( 'NONE', *, *, #3153, .F. ) ;
#3995 = ORIENTED_EDGE ( 'NONE', *, *, #803, .T. ) ;
#3996 = CARTESIAN_POINT ( 'NONE',  ( 22.25000000000000355, 31.81984784616854967, 22.87681953477326857 ) ) ;
#3997 = CARTESIAN_POINT ( 'NONE',  ( 33.24725102959983758, -34.82581175959357722, 14.14297501373331123 ) ) ;
#3998 = CARTESIAN_POINT ( 'NONE',  ( 17.45443869209654508, -34.87211716764522151, 12.04262415155840138 ) ) ;
#3999 = ORIENTED_EDGE ( 'NONE', *, *, #529, .F. ) ;
#4000 = LINE ( 'NONE', #1239, #1380 ) ;
#4001 = CARTESIAN_POINT ( 'NONE',  ( 28.84849139250825445, -38.88878157914803779, 16.15043907428380621 ) ) ;
#4002 = CARTESIAN_POINT ( 'NONE',  ( 26.39999999999999858, 32.00000000000000000, 19.62769683197786819 ) ) ;
#4003 = CARTESIAN_POINT ( 'NONE',  ( 45.90301456037800421, -34.99999999999999289, 26.00000000000000000 ) ) ;
#4004 = ORIENTED_EDGE ( 'NONE', *, *, #1007, .F. ) ;
#4005 = ORIENTED_EDGE ( 'NONE', *, *, #284, .T. ) ;
#4006 = CARTESIAN_POINT ( 'NONE',  ( 21.61381669305144726, -37.00000000000004974, 11.63307483675665210 ) ) ;
#4007 = EDGE_CURVE ( 'NONE', #2432, #1024, #606, .T. ) ;
#4008 = CARTESIAN_POINT ( 'NONE',  ( 20.55548518339364605, -37.00000000000000000, 19.30215969163546319 ) ) ;
#4009 = CARTESIAN_POINT ( 'NONE',  ( 23.73531646875000334, 32.00000000000000000, 21.85937500034139802 ) ) ;
#4010 = CARTESIAN_POINT ( 'NONE',  ( 26.39999999999999858, 32.00000000000000000, 20.24999999999999645 ) ) ;
#4011 = ORIENTED_EDGE ( 'NONE', *, *, #2113, .T. ) ;
#4012 = EDGE_CURVE ( 'NONE', #4052, #1999, #3357, .T. ) ;
#4013 = CARTESIAN_POINT ( 'NONE',  ( 0.000000000000000000, 0.000000000000000000, 0.000000000000000000 ) ) ;
#4014 = CARTESIAN_POINT ( 'NONE',  ( 22.92813637253152237, 30.18283422962627327, 23.06879413256649158 ) ) ;
#4015 = CARTESIAN_POINT ( 'NONE',  ( 26.39999999999998437, 31.99999981097138857, 21.53124990926128746 ) ) ;
#4016 = VECTOR ( 'NONE', #2636, 1000.000000000000000 ) ;
#4017 = ORIENTED_EDGE ( 'NONE', *, *, #3593, .T. ) ;
#4018 = CARTESIAN_POINT ( 'NONE',  ( 25.00000000000000000, -21.64332670552793303, 23.31233490781574957 ) ) ;
#4019 = CARTESIAN_POINT ( 'NONE',  ( 24.81939181454647780, 34.75000000000000000, 23.31233490781574602 ) ) ;
#4020 = VECTOR ( 'NONE', #1935, 1000.000000000000000 ) ;
#4021 = FACE_OUTER_BOUND ( 'NONE', #3235, .T. ) ;
#4022 = DIRECTION ( 'NONE',  ( 0.000000000000000000, -1.000000000000000000, 0.000000000000000000 ) ) ;
#4023 = ORIENTED_EDGE ( 'NONE', *, *, #859, .T. ) ;
#4024 = CYLINDRICAL_SURFACE ( 'NONE', #2859, 8.900000000000002132 ) ;
#4025 = DIRECTION ( 'NONE',  ( 0.000000000000000000, -0.000000000000000000, 1.000000000000000000 ) ) ;
#4026 = CARTESIAN_POINT ( 'NONE',  ( 25.63234176562500011, 33.09524806581030987, 21.19270833367473017 ) ) ;
#4027 = CARTESIAN_POINT ( 'NONE',  ( 24.30000000000000071, 33.21243556529821461, 19.91666666666666430 ) ) ;
#4028 = ADVANCED_FACE ( 'NONE', ( #2751 ), #480, .T. ) ;
#4029 = CARTESIAN_POINT ( 'NONE',  ( 23.60000000000000497, 32.80829037686547167, 20.73958333401612819 ) ) ;
#4030 = EDGE_LOOP ( 'NONE', ( #280, #3000, #1373, #963, #4241 ) ) ;
#4031 = ORIENTED_EDGE ( 'NONE', *, *, #2165, .T. ) ;
#4032 = EDGE_CURVE ( 'NONE', #3015, #4306, #57, .T. ) ;
#4033 = DIRECTION ( 'NONE',  ( 0.5877709441565479587, -0.8090273896449755586, -3.091477742125409906E-06 ) ) ;
#4034 = EDGE_CURVE ( 'NONE', #423, #2353, #544, .T. ) ;
#4035 = EDGE_CURVE ( 'NONE', #2807, #923, #1071, .T. ) ;
#4036 = TOROIDAL_SURFACE ( 'NONE', #2158, -25.41077016679313516, 34.39999999999999858 ) ;
#4037 = CARTESIAN_POINT ( 'NONE',  ( 8.500000000000015987, 50.00000000000000000, 0.000000000000000000 ) ) ;
#4038 = CARTESIAN_POINT ( 'NONE',  ( 19.06295907733548844, -34.92515621598256104, 10.40815201998425898 ) ) ;
#4039 = CARTESIAN_POINT ( 'NONE',  ( 25.00000000000000000, 30.60000000000000142, 19.81233490781574957 ) ) ;
#4040 = EDGE_LOOP ( 'NONE', ( #260, #1000, #1871, #1476, #1591 ) ) ;
#4041 = CARTESIAN_POINT ( 'NONE',  ( 26.40000000000001634, 32.80829037686546457, 20.29166666666666785 ) ) ;
#4042 = AXIS2_PLACEMENT_3D ( 'NONE', #1972, #1375, #4308 ) ;
#4043 = CARTESIAN_POINT ( 'NONE',  ( 33.08329953983243144, -34.82974144629364588, 13.24353258539062494 ) ) ;
#4044 = PLANE ( 'NONE',  #1163 ) ;
#4045 = ORIENTED_EDGE ( 'NONE', *, *, #567, .F. ) ;
#4046 = EDGE_CURVE ( 'NONE', #3858, #2031, #1581, .T. ) ;
#4047 = CARTESIAN_POINT ( 'NONE',  ( 22.25000000000000355, 32.00000000000000000, 22.00000000000000000 ) ) ;
#4048 = CARTESIAN_POINT ( 'NONE',  ( 18.33549616389359116, -36.88671948660577016, 15.60061493738636784 ) ) ;
#4049 = CARTESIAN_POINT ( 'NONE',  ( 24.36765823437500345, 33.09524806581030987, 20.83854166700806587 ) ) ;
#4050 =( BOUNDED_SURFACE ( )  B_SPLINE_SURFACE ( 3, 2, ( 
 ( #600, #4189, #2567 ),
 ( #1949, #3256, #3908 ),
 ( #891, #1596, #3283 ),
 ( #3881, #867, #2540 ),
 ( #2940, #1617, #2966 ),
 ( #4283, #2641, #2190 ),
 ( #1859, #3859, #2211 ),
 ( #3530, #2395, #3363 ),
 ( #1638, #2055, #3064 ),
 ( #4001, #2349, #708 ) ),
 .UNSPECIFIED., .F., .F., .F. ) 
 B_SPLINE_SURFACE_WITH_KNOTS ( ( 4, 2, 2, 2, 4 ),
 ( 3, 3 ),
 ( 2.385244779468109755E-18, 0.0002646168304449284968, 0.0005292336608898546083, 0.0007938504913347807198, 0.001058467321779706831 ),
 ( 0.000000000000000000, 1.000000000000000000 ),
 .UNSPECIFIED. ) 
 GEOMETRIC_REPRESENTATION_ITEM ( )  RATIONAL_B_SPLINE_SURFACE ( (
 ( 1.000000000000000000, 0.7551650684633356425, 1.000000000000000000),
 ( 1.000000000000000000, 0.7534465288856690979, 1.000000000000000000),
 ( 1.000000000000000000, 0.7613339716612487207, 1.000000000000000000),
 ( 1.000000000000000000, 0.7844793861133499968, 1.000000000000000000),
 ( 1.000000000000000000, 0.7994942372139357545, 1.000000000000000000),
 ( 1.000000000000000000, 0.8137371496455865216, 1.000000000000000000),
 ( 1.000000000000000000, 0.8117567208829882253, 1.000000000000000000),
 ( 1.000000000000000000, 0.7881195967518311862, 1.000000000000000000),
 ( 1.000000000000000000, 0.7677333190303818888, 1.000000000000000000),
 ( 1.000000000000000000, 0.7494509269400381202, 1.000000000000000000) ) ) 
 REPRESENTATION_ITEM ( '' )  SURFACE ( )  );
#4051 = DIRECTION ( 'NONE',  ( 1.000000000000000000, -0.000000000000000000, 3.006854025026466051E-14 ) ) ;
#4052 = VERTEX_POINT ( 'NONE', #2183 ) ;
#4053 = ORIENTED_EDGE ( 'NONE', *, *, #1541, .F. ) ;
#4054 = PLANE ( 'NONE',  #2768 ) ;
#4055 = CARTESIAN_POINT ( 'NONE',  ( 25.69999999999999929, 33.21243556529821461, 21.83333333333333215 ) ) ;
#4056 = EDGE_CURVE ( 'NONE', #3241, #3433, #2606, .T. ) ;
#4057 = CARTESIAN_POINT ( 'NONE',  ( 18.36295857558422995, -36.99999999999798206, 10.84447620703288351 ) ) ;
#4058 = CARTESIAN_POINT ( 'NONE',  ( 32.55161954404767499, -36.51567569402642022, 14.83432055350416690 ) ) ;
#4059 = CARTESIAN_POINT ( 'NONE',  ( 33.25487182837818523, -34.99999999999999289, 14.14297501373331833 ) ) ;
#4060 = TOROIDAL_SURFACE ( 'NONE', #4070, 9.131956998270137404, 0.2999999999999999889 ) ;
#4061 = LINE ( 'NONE', #3725, #3447 ) ;
#4062 = AXIS2_PLACEMENT_3D ( 'NONE', #1916, #3247, #592 ) ;
#4063 = DIRECTION ( 'NONE',  ( 0.000000000000000000, 0.000000000000000000, -1.000000000000000000 ) ) ;
#4064 = ORIENTED_EDGE ( 'NONE', *, *, #3251, .F. ) ;
#4065 = DIRECTION ( 'NONE',  ( 0.000000000000000000, 1.000000000000000000, 0.000000000000000000 ) ) ;
#4066 = DIRECTION ( 'NONE',  ( 1.000000000000000000, 0.000000000000000000, -0.000000000000000000 ) ) ;
#4067 = CARTESIAN_POINT ( 'NONE',  ( 25.00000000000000000, 30.53966924558625706, 21.54687500034139802 ) ) ;
#4068 = CARTESIAN_POINT ( 'NONE',  ( 25.00000000000000000, 33.61658075373095755, 19.87500000000000355 ) ) ;
#4069 = ORIENTED_EDGE ( 'NONE', *, *, #2576, .F. ) ;
#4070 = AXIS2_PLACEMENT_3D ( 'NONE', #4274, #3851, #205 ) ;
#4071 = ORIENTED_EDGE ( 'NONE', *, *, #1515, .T. ) ;
#4072 = CARTESIAN_POINT ( 'NONE',  ( 33.37306073385959593, -36.99999999999963762, 15.20005748336761542 ) ) ;
#4073 =( BOUNDED_CURVE ( )  B_SPLINE_CURVE ( 3, ( #985, #3991, #2974, #1003 ),
 .UNSPECIFIED., .F., .T. ) 
 B_SPLINE_CURVE_WITH_KNOTS ( ( 4, 4 ),
 ( 3.141592653589793116, 4.712388980384689674 ),
 .UNSPECIFIED. ) 
 CURVE ( )  GEOMETRIC_REPRESENTATION_ITEM ( )  RATIONAL_B_SPLINE_CURVE ( ( 1.000000000000000000, 0.8047378541243649375, 0.8047378541243649375, 1.000000000000000000 ) ) 
 REPRESENTATION_ITEM ( '' )  );
#4074 = CARTESIAN_POINT ( 'NONE',  ( 25.69999999999999929, 30.78756443470178894, 21.66666666666666430 ) ) ;
#4075 = CARTESIAN_POINT ( 'NONE',  ( 21.01827944932558623, -38.61745903731148388, 15.89113596872120837 ) ) ;
#4076 = CARTESIAN_POINT ( 'NONE',  ( 25.00000000000000000, 30.53966924558625706, 21.54687500034139802 ) ) ;
#4077 = ADVANCED_FACE ( 'NONE', ( #3228, #3499 ), #1848, .F. ) ;
#4078 = CARTESIAN_POINT ( 'NONE',  ( 32.87138593231780703, -36.19731545968640063, 14.53661424820244186 ) ) ;
#4079 = DIRECTION ( 'NONE',  ( 0.000000000000000000, 1.000000000000000000, 0.000000000000000000 ) ) ;
#4080 = AXIS2_PLACEMENT_3D ( 'NONE', #3917, #3819, #1571 ) ;
#4081 = CARTESIAN_POINT ( 'NONE',  ( 18.86705737088592727, -34.92029866791678927, 10.55435326693959652 ) ) ;
#4082 = EDGE_CURVE ( 'NONE', #2834, #4306, #3923, .T. ) ;
#4083 =( NAMED_UNIT ( * ) SI_UNIT ( $, .STERADIAN. ) SOLID_ANGLE_UNIT ( ) );
#4084 = ORIENTED_EDGE ( 'NONE', *, *, #2631, .F. ) ;
#4085 = CARTESIAN_POINT ( 'NONE',  ( 25.00000000000000000, 30.53966924558625351, 21.48437500034139802 ) ) ;
#4086 = AXIS2_PLACEMENT_3D ( 'NONE', #1036, #3690, #416 ) ;
#4087 = CARTESIAN_POINT ( 'NONE',  ( 21.13590743794744853, -38.88897891167771803, 16.15653026673340165 ) ) ;
#4088 = DIRECTION ( 'NONE',  ( 1.121777405443293329E-12, -0.000000000000000000, 1.000000000000000000 ) ) ;
#4089 = CARTESIAN_POINT ( 'NONE',  ( 26.39999999999999858, 32.00000000000000000, 21.24999999999999645 ) ) ;
#4090 = ORIENTED_EDGE ( 'NONE', *, *, #3001, .T. ) ;
#4091 = VERTEX_POINT ( 'NONE', #2928 ) ;
#4092 = CARTESIAN_POINT ( 'NONE',  ( 25.69999999999999929, 30.78756443470178894, 21.44791666734946034 ) ) ;
#4093 = CARTESIAN_POINT ( 'NONE',  ( 4.096985439596821266, -37.00000000000000000, 15.60061493740233551 ) ) ;
#4094 = EDGE_CURVE ( 'NONE', #1248, #1487, #4100, .T. ) ;
#4095 = EDGE_CURVE ( 'NONE', #2946, #3969, #1516, .T. ) ;
#4096 = AXIS2_PLACEMENT_3D ( 'NONE', #936, #2261, #4309 ) ;
#4097 = CARTESIAN_POINT ( 'NONE',  ( 25.69999999999999929, 33.21243556529821461, 21.61458333401613174 ) ) ;
#4098 = CARTESIAN_POINT ( 'NONE',  ( 26.69155485839766229, 34.19732126401742534, 23.15392627830022576 ) ) ;
#4099 = CARTESIAN_POINT ( 'NONE',  ( 27.75000000000000000, 32.00000000000000000, 22.87681953477326147 ) ) ;
#4100 = CIRCLE ( 'NONE', #772, 2.000000000000000000 ) ;
#4101 = LINE ( 'NONE', #2800, #3949 ) ;
#4102 = CARTESIAN_POINT ( 'NONE',  ( 21.66669491865401653, -37.86566084416714517, 15.35665182337366197 ) ) ;
#4103 = EDGE_CURVE ( 'NONE', #3448, #4272, #4181, .T. ) ;
#4104 = CIRCLE ( 'NONE', #2232, 5.400000000000002132 ) ;
#4105 = VERTEX_POINT ( 'NONE', #1183 ) ;
#4106 = DIRECTION ( 'NONE',  ( -1.000000000000000000, 0.000000000000000000, 0.000000000000000000 ) ) ;
#4107 = CARTESIAN_POINT ( 'NONE',  ( 21.14844230367266675, -38.88878157914766120, 16.15043907429248904 ) ) ;
#4108 = ADVANCED_FACE ( 'NONE', ( #3209 ), #4060, .T. ) ;
#4109 = CARTESIAN_POINT ( 'NONE',  ( 23.73531646875000689, 31.26983462279312675, 21.46354166700806232 ) ) ;
#4110 = CARTESIAN_POINT ( 'NONE',  ( 25.00000000000000000, 0.000000000000000000, 14.41233490781574922 ) ) ;
#4111 = ORIENTED_EDGE ( 'NONE', *, *, #2576, .T. ) ;
#4112 = ORIENTED_EDGE ( 'NONE', *, *, #3857, .F. ) ;
#4113 = CARTESIAN_POINT ( 'NONE',  ( 24.30000000000000071, 30.78756443470178894, 19.86458333401612819 ) ) ;
#4114 = DIRECTION ( 'NONE',  ( 0.000000000000000000, 0.000000000000000000, -1.000000000000000000 ) ) ;
#4115 = CARTESIAN_POINT ( 'NONE',  ( 20.97943231001329778, -38.61760882611746126, 15.90061493738340381 ) ) ;
#4116 = CARTESIAN_POINT ( 'NONE',  ( 23.60000000000000142, 32.00000000000000000, 20.49999999999999645 ) ) ;
#4117 = ORIENTED_EDGE ( 'NONE', *, *, #2888, .F. ) ;
#4118 = CARTESIAN_POINT ( 'NONE',  ( 21.59858710818807026, -38.55325656508768617, 15.70095097613509516 ) ) ;
#4119 = PRODUCT_DEFINITION ( 'UNKNOWN', '', #1271, #1184 ) ;
#4120 = CARTESIAN_POINT ( 'NONE',  ( 36.12420277937806645, -38.61760882611745416, 15.72487900607834277 ) ) ;
#4121 = CARTESIAN_POINT ( 'NONE',  ( 25.00000000000000000, 32.00000000000000000, 22.00000000000000000 ) ) ;
#4122 = LINE ( 'NONE', #209, #2835 ) ;
#4123 = SURFACE_SIDE_STYLE ('',( #461 ) ) ;
#4124 = EDGE_LOOP ( 'NONE', ( #1359, #741, #224, #2150, #2808 ) ) ;
#4125 = DIRECTION ( 'NONE',  ( 1.000000000000000000, -0.000000000000000000, 0.000000000000000000 ) ) ;
#4126 = CARTESIAN_POINT ( 'NONE',  ( 26.36290320587617941, 31.63158584095052817, 19.63800976528360565 ) ) ;
#4127 = CARTESIAN_POINT ( 'NONE',  ( 46.50000000000000000, 4.999999999999997335, 2.104480912413648319 ) ) ;
#4128 = DIRECTION ( 'NONE',  ( -0.000000000000000000, 1.000000000000000000, -0.000000000000000000 ) ) ;
#4129 = VERTEX_POINT ( 'NONE', #1540 ) ;
#4130 = ORIENTED_EDGE ( 'NONE', *, *, #2485, .T. ) ;
#4131 = CARTESIAN_POINT ( 'NONE',  ( 26.40000000000000213, 31.19170962313452478, 20.48958333401612819 ) ) ;
#4132 = CYLINDRICAL_SURFACE ( 'NONE', #2583, 2.000000000000000000 ) ;
#4133 = CARTESIAN_POINT ( 'NONE',  ( 21.10269669867246378, -36.93953844216548532, 16.02763173757574933 ) ) ;
#4134 = LINE ( 'NONE', #3802, #1221 ) ;
#4135 = CARTESIAN_POINT ( 'NONE',  ( 25.76317806530445509, -37.00000000000000000, 10.69247283035191742 ) ) ;
#4136 = VERTEX_POINT ( 'NONE', #566 ) ;
#4137 = CARTESIAN_POINT ( 'NONE',  ( 21.38478816579803876, -38.48637471704967083, 15.64868169394070385 ) ) ;
#4138 = PLANE ( 'NONE',  #3134 ) ;
#4139 = CARTESIAN_POINT ( 'NONE',  ( 24.99999999999999289, 29.24999999999987566, 23.31233490781579221 ) ) ;
#4140 = B_SPLINE_CURVE_WITH_KNOTS ( 'NONE', 3,
 ( #1724, #303, #1666, #3331, #52, #2687, #983, #2060, #1344, #3709, #3651, #1704, #3307, #2002 ),
 .UNSPECIFIED., .F., .F.,
 ( 4, 2, 2, 2, 2, 2, 4 ),
 ( 0.000000000000000000, 0.0004027906374895677370, 0.0008055812749791354740, 0.001208371912468703211, 0.001611162549958270948, 0.002416743824937383437, 0.003222325099916501130 ),
 .UNSPECIFIED. ) ;
#4141 = CARTESIAN_POINT ( 'NONE',  ( 25.69999999999999929, 30.78756443470178894, 20.16666666666666430 ) ) ;
#4142 = FACE_OUTER_BOUND ( 'NONE', #1610, .T. ) ;
#4143 = ORIENTED_EDGE ( 'NONE', *, *, #1330, .F. ) ;
#4144 = DIRECTION ( 'NONE',  ( -1.121766656063732763E-12, 0.000000000000000000, -1.000000000000000000 ) ) ;
#4145 = CARTESIAN_POINT ( 'NONE',  ( 28.64972961235450200, -36.99209301657793247, 15.60061493737479488 ) ) ;
#4146 = CARTESIAN_POINT ( 'NONE',  ( 24.30000000000000071, 30.78756443470178894, 20.36458333401612819 ) ) ;
#4147 = ORIENTED_EDGE ( 'NONE', *, *, #737, .F. ) ;
#4148 = EDGE_LOOP ( 'NONE', ( #147, #866, #2195, #217 ) ) ;
#4149 = CARTESIAN_POINT ( 'NONE',  ( 23.73531646875000689, 32.73016537720688035, 21.81770833367473372 ) ) ;
#4150 = CARTESIAN_POINT ( 'NONE',  ( 24.99846684808985131, -38.31760882611746410, 15.60061493737889116 ) ) ;
#4151 = CARTESIAN_POINT ( 'NONE',  ( 28.87121895472031952, -38.61585871653577584, 15.86070146009457460 ) ) ;
#4152 = EDGE_CURVE ( 'NONE', #2667, #4136, #3874, .T. ) ;
#4153 = CARTESIAN_POINT ( 'NONE',  ( 29.08509211197137390, -37.00000000000000711, 11.63478120409208749 ) ) ;
#4154 = ORIENTED_EDGE ( 'NONE', *, *, #2253, .T. ) ;
#4155 = EDGE_CURVE ( 'NONE', #3978, #616, #2227, .T. ) ;
#4156 = DIRECTION ( 'NONE',  ( 0.000000000000000000, 0.000000000000000000, 1.000000000000000000 ) ) ;
#4157 = ADVANCED_FACE ( 'NONE', ( #1281 ), #3567, .T. ) ;
#4158 = DIRECTION ( 'NONE',  ( 0.000000000000000000, 1.000000000000000000, 0.000000000000000000 ) ) ;
#4159 = CARTESIAN_POINT ( 'NONE',  ( 26.26468353125000021, 31.26983462279312675, 21.13020833367473372 ) ) ;
#4160 = CIRCLE ( 'NONE', #457, 10.00000000000000178 ) ;
#4161 = CARTESIAN_POINT ( 'NONE',  ( 26.39999999999999858, 32.00000000000000000, 17.00000000000000000 ) ) ;
#4162 = FACE_OUTER_BOUND ( 'NONE', #581, .T. ) ;
#4163 = CARTESIAN_POINT ( 'NONE',  ( 23.60000000000001563, 32.80829037686547878, 20.95833333333333215 ) ) ;
#4164 = VERTEX_POINT ( 'NONE', #1939 ) ;
#4165 = CARTESIAN_POINT ( 'NONE',  ( 25.00000000000000000, 32.00000000000000000, 22.00000000000000000 ) ) ;
#4166 = CARTESIAN_POINT ( 'NONE',  ( 3.500000000000004441, 50.00000000000000000, 5.000000000000000000 ) ) ;
#4167 = CARTESIAN_POINT ( 'NONE',  ( 24.99846684809018527, -38.61760882611746126, 15.90061493737889364 ) ) ;
#4168 = CARTESIAN_POINT ( 'NONE',  ( 25.00000000000000000, 30.38341924626904955, 20.40625000068279959 ) ) ;
#4169 = VECTOR ( 'NONE', #1667, 1000.000000000000000 ) ;
#4170 = DIRECTION ( 'NONE',  ( 0.000000000000000000, 0.000000000000000000, 1.000000000000000000 ) ) ;
#4171 = ORIENTED_EDGE ( 'NONE', *, *, #3885, .F. ) ;
#4172 = ORIENTED_EDGE ( 'NONE', *, *, #3314, .F. ) ;
#4173 = CARTESIAN_POINT ( 'NONE',  ( 26.40000000000000213, 31.19170962313452478, 20.98958333401613174 ) ) ;
#4174 = CARTESIAN_POINT ( 'NONE',  ( 13.62200605437000611, -34.99999999999999289, 16.41233490781574744 ) ) ;
#4175 = CIRCLE ( 'NONE', #1601, 14.99999999999999645 ) ;
#4176 = CARTESIAN_POINT ( 'NONE',  ( 23.60000000003730847, 32.00000690809321213, 20.28110920934406636 ) ) ;
#4177 = CARTESIAN_POINT ( 'NONE',  ( 23.73531646875000689, 31.26983462279312675, 20.96354166700806587 ) ) ;
#4178 = B_SPLINE_CURVE_WITH_KNOTS ( 'NONE', 3,
 ( #550, #1523, #4233, #1191, #250, #1590, #168, #1166, #2208, #3836, #865, #8, #1334, #4039 ),
 .UNSPECIFIED., .F., .F.,
 ( 4, 2, 2, 2, 2, 2, 4 ),
 ( 0.006593613653518922910, 0.006868234897126592603, 0.007142856140734261429, 0.007692098627949621632, 0.008241341115164982703, 0.008515962358772662805, 0.008790583602380342906 ),
 .UNSPECIFIED. ) ;
#4179 = CARTESIAN_POINT ( 'NONE',  ( 20.22016761710957411, -36.99999999999997868, 12.03940757805473538 ) ) ;
#4180 = VERTEX_POINT ( 'NONE', #269 ) ;
#4181 = LINE ( 'NONE', #2554, #3422 ) ;
#4182 = EDGE_CURVE ( 'NONE', #3969, #3880, #2381, .T. ) ;
#4183 = CARTESIAN_POINT ( 'NONE',  ( 24.99846684809789465, -38.31760882611746410, 22.77248993737889293 ) ) ;
#4184 = CARTESIAN_POINT ( 'NONE',  ( 26.26468353125000021, 31.26983462279312675, 20.63020833367473017 ) ) ;
#4185 = CARTESIAN_POINT ( 'NONE',  ( 13.24791026210753309, -36.75047166209190408, 15.43630038065712284 ) ) ;
#4186 = CARTESIAN_POINT ( 'NONE',  ( 46.50000000000000000, 50.00000000000000000, 2.104480912413648319 ) ) ;
#4187 = CARTESIAN_POINT ( 'NONE',  ( 21.11030194262397686, -39.93634953473607396, 13.41796965650668660 ) ) ;
#4188 = ORIENTED_EDGE ( 'NONE', *, *, #1517, .F. ) ;
#4189 = CARTESIAN_POINT ( 'NONE',  ( 28.34856824846138679, -38.30800343765420024, 15.60061493737513061 ) ) ;
#4190 = CARTESIAN_POINT ( 'NONE',  ( 26.50708444910037898, -37.00000000000000000, 10.77977035421928598 ) ) ;
#4191 = CARTESIAN_POINT ( 'NONE',  ( 20.97943231001329778, -38.91760882611745842, 15.90061493738340381 ) ) ;
#4192 = CARTESIAN_POINT ( 'NONE',  ( 25.00000000000000000, 0.000000000000000000, 9.012334907815747087 ) ) ;
#4193 = ORIENTED_EDGE ( 'NONE', *, *, #3184, .T. ) ;
#4194 = ORIENTED_EDGE ( 'NONE', *, *, #3759, .F. ) ;
#4195 = CARTESIAN_POINT ( 'NONE',  ( 23.73531646875000689, 31.26983462279312675, 21.40104166700806587 ) ) ;
#4196 = CARTESIAN_POINT ( 'NONE',  ( 21.11109895432009864, -40.50000000000000711, 13.02678618773601471 ) ) ;
#4197 = CARTESIAN_POINT ( 'NONE',  ( 26.39999999998707381, 31.99999398350528068, 20.03124969053678939 ) ) ;
#4198 = CARTESIAN_POINT ( 'NONE',  ( 26.02316494278693781, 32.74334240701495702, 19.72225075861912202 ) ) ;
#4199 = VERTEX_POINT ( 'NONE', #2630 ) ;
#4200 = DIRECTION ( 'NONE',  ( 1.000000000000000000, 0.000000000000000000, 0.000000000000000000 ) ) ;
#4201 = CARTESIAN_POINT ( 'NONE',  ( 17.99775379498780126, -36.77244650730829534, 15.47580841637675242 ) ) ;
#4202 =( BOUNDED_SURFACE ( )  B_SPLINE_SURFACE ( 3, 2, ( 
 ( #3977, #3620, #1945 ),
 ( #4279, #3642, #644 ),
 ( #295, #1990, #3320 ),
 ( #3954, #1676, #668 ),
 ( #974, #3006, #2983 ),
 ( #3280, #691, #351 ),
 ( #315, #1658, #2638 ),
 ( #622, #1353, #956 ),
 ( #2015, #1615, #2035 ),
 ( #3927, #1695, #2696 ),
 ( #6, #1333, #2678 ),
 ( #2305, #1969, #4304 ),
 ( #3998, #3042, #2611 ),
 ( #3595, #2963, #1309 ),
 ( #1259, #2659, #2529 ),
 ( #3062, #4057, #1513 ),
 ( #2715, #856, #65 ),
 ( #4038, #2736, #4179 ),
 ( #3803, #3849, #705 ),
 ( #1395, #1031, #1181 ),
 ( #2505, #3396, #2157 ),
 ( #3827, #389, #1475 ),
 ( #1372, #1134, #3719 ),
 ( #1492, #811, #3377 ),
 ( #2072, #3474, #1870 ),
 ( #1739, #2408, #3145 ),
 ( #141, #2814, #2392 ),
 ( #2199, #1049, #4135 ),
 ( #725, #3702, #3521 ),
 ( #2181, #2483, #516 ),
 ( #473, #2053, #1827 ),
 ( #3165, #2833, #3183 ),
 ( #45, #160, #4153 ),
 ( #369, #1717, #1155 ),
 ( #834, #3497, #496 ),
 ( #1846, #180, #4293 ),
 ( #4223, #1229, #949 ),
 ( #3270, #3610, #2321 ),
 ( #3294, #3895, #1278 ),
 ( #564, #3871, #1580 ),
 ( #2627, #3635, #2604 ),
 ( #286, #1301, #2925 ),
 ( #223, #4249, #3919 ),
 ( #2651, #202, #637 ),
 ( #266, #2953, #1538 ),
 ( #3206, #4271, #2879 ),
 ( #3545, #1204, #2552 ),
 ( #541, #880, #2222 ),
 ( #1045, #4072, #447 ),
 ( #2444, #1807, #3429 ),
 ( #2793, #3760, #120 ),
 ( #407, #3143, #3409 ),
 ( #1065, #3735, #2405 ),
 ( #3716, #2812, #1450 ) ),
 .UNSPECIFIED., .F., .F., .F. ) 
 B_SPLINE_SURFACE_WITH_KNOTS ( ( 4, 2, 2, 2, 2, 2, 2, 2, 2, 2, 2, 2, 2, 2, 2, 2, 2, 2, 2, 2, 2, 2, 2, 2, 2, 2, 4 ),
 ( 3, 3 ),
 ( 0.009356256057908239263, 0.009932359985273583186, 0.01050846391263892537, 0.01079651587632159820, 0.01108456784000426930, 0.01166067176736961322, 0.01223677569473495541, 0.01281287962210029933, 0.01338898354946564326, 0.01396508747683098545, 0.01511729533156167156, 0.01626950318629235767, 0.01742171104102304552, 0.01857391889575372990, 0.02087833460521510212, 0.02203054245994578997, 0.02318275031467647435, 0.02375885424204182000, 0.02433495816940716219, 0.02491106209677250438, 0.02548716602413785004, 0.02606326995150319223, 0.02635132191518586159, 0.02663937387886853442, 0.02692742584255120725, 0.02721547780623388008, 0.02779158173359922226 ),
 ( 0.000000000000000000, 1.000000000000000000 ),
 .UNSPECIFIED. ) 
 GEOMETRIC_REPRESENTATION_ITEM ( )  RATIONAL_B_SPLINE_SURFACE ( (
 ( 1.000000000000000000, 0.6804151870047617789, 1.000000000000000000),
 ( 1.000000000000000000, 0.6792534754108610073, 1.000000000000000000),
 ( 1.000000000000000000, 0.6781152396189560339, 1.000000000000000000),
 ( 1.000000000000000000, 0.6763070508092410282, 1.000000000000000000),
 ( 1.000000000000000000, 0.6756612440961189403, 1.000000000000000000),
 ( 1.000000000000000000, 0.6755746793605676981, 1.000000000000000000),
 ( 1.000000000000000000, 0.6756909961446611046, 1.000000000000000000),
 ( 1.000000000000000000, 0.6762266257065110420, 1.000000000000000000),
 ( 1.000000000000000000, 0.6766391188149553093, 1.000000000000000000),
 ( 1.000000000000000000, 0.6781926915733853534, 1.000000000000000000),
 ( 1.000000000000000000, 0.6796554061930949464, 1.000000000000000000),
 ( 1.000000000000000000, 0.6826211267811918004, 1.000000000000000000),
 ( 1.000000000000000000, 0.6841281386855359026, 1.000000000000000000),
 ( 1.000000000000000000, 0.6869693203846968244, 1.000000000000000000),
 ( 1.000000000000000000, 0.6882970994053193570, 1.000000000000000000),
 ( 1.000000000000000000, 0.6906954072517753618, 1.000000000000000000),
 ( 1.000000000000000000, 0.6917795039488070508, 1.000000000000000000),
 ( 1.000000000000000000, 0.6937506939507276371, 1.000000000000000000),
 ( 1.000000000000000000, 0.6946418364238354792, 1.000000000000000000),
 ( 1.000000000000000000, 0.6970264438472241197, 1.000000000000000000),
 ( 1.000000000000000000, 0.6982477754414554427, 1.000000000000000000),
 ( 1.000000000000000000, 0.7001877181296197739, 1.000000000000000000),
 ( 1.000000000000000000, 0.7009053869136835369, 1.000000000000000000),
 ( 1.000000000000000000, 0.7019196827722825605, 1.000000000000000000),
 ( 1.000000000000000000, 0.7022161683407579513, 1.000000000000000000),
 ( 1.000000000000000000, 0.7024565195784306937, 1.000000000000000000),
 ( 1.000000000000000000, 0.7023987725664715409, 1.000000000000000000),
 ( 1.000000000000000000, 0.7017212095425803264, 1.000000000000000000),
 ( 1.000000000000000000, 0.7006322762617283040, 1.000000000000000000),
 ( 1.000000000000000000, 0.6979309631358309174, 1.000000000000000000),
 ( 1.000000000000000000, 0.6968370655761365606, 1.000000000000000000),
 ( 1.000000000000000000, 0.6942386126183647255, 1.000000000000000000),
 ( 1.000000000000000000, 0.6927396742517428763, 1.000000000000000000),
 ( 1.000000000000000000, 0.6901095662277548781, 1.000000000000000000),
 ( 1.000000000000000000, 0.6891631271816390791, 1.000000000000000000),
 ( 1.000000000000000000, 0.6871568377677116368, 1.000000000000000000),
 ( 1.000000000000000000, 0.6860966368557142037, 1.000000000000000000),
 ( 1.000000000000000000, 0.6838725709676478637, 1.000000000000000000),
 ( 1.000000000000000000, 0.6827011468788278803, 1.000000000000000000),
 ( 1.000000000000000000, 0.6803399380376843331, 1.000000000000000000),
 ( 1.000000000000000000, 0.6791638788876953603, 1.000000000000000000),
 ( 1.000000000000000000, 0.6770991795547839365, 1.000000000000000000),
 ( 1.000000000000000000, 0.6762133042427614926, 1.000000000000000000),
 ( 1.000000000000000000, 0.6756253059616216250, 1.000000000000000000),
 ( 1.000000000000000000, 0.6755517561324413389, 1.000000000000000000),
 ( 1.000000000000000000, 0.6757087606032876614, 1.000000000000000000),
 ( 1.000000000000000000, 0.6759424009620438323, 1.000000000000000000),
 ( 1.000000000000000000, 0.6766753773850757714, 1.000000000000000000),
 ( 1.000000000000000000, 0.6771735381162661271, 1.000000000000000000),
 ( 1.000000000000000000, 0.6783497389364622210, 1.000000000000000000),
 ( 1.000000000000000000, 0.6790320048868726532, 1.000000000000000000),
 ( 1.000000000000000000, 0.6811706099454487573, 1.000000000000000000),
 ( 1.000000000000000000, 0.6827092149233688900, 1.000000000000000000),
 ( 1.000000000000000000, 0.6841672735412672735, 1.000000000000000000) ) ) 
 REPRESENTATION_ITEM ( '' )  SURFACE ( )  );
#4203 = CARTESIAN_POINT ( 'NONE',  ( 13.20542513966333154, -36.80904902551955615, 15.55002038569178247 ) ) ;
#4204 = EDGE_CURVE ( 'NONE', #2674, #323, #4296, .T. ) ;
#4205 = DIRECTION ( 'NONE',  ( 0.000000000000000000, 0.000000000000000000, -1.000000000000000000 ) ) ;
#4206 = CARTESIAN_POINT ( 'NONE',  ( 21.63052989419085037, -37.62465865263530418, 11.67873352662576991 ) ) ;
#4207 = EDGE_LOOP ( 'NONE', ( #3898, #335, #175, #782, #2747, #3154, #3970 ) ) ;
#4208 = EDGE_LOOP ( 'NONE', ( #677, #1342, #3864, #740, #1803, #1378, #2030, #1135, #975, #1365, #1222, #3498, #3076 ) ) ;
#4209 = CARTESIAN_POINT ( 'NONE',  ( 24.36765823437500345, 30.90475193418969369, 19.94270833367473017 ) ) ;
#4210 = CARTESIAN_POINT ( 'NONE',  ( 20.43052085762787939, -36.99999999999999289, 11.89759990973019832 ) ) ;
#4211 = ADVANCED_FACE ( 'NONE', ( #3375 ), #1630, .T. ) ;
#4212 = EDGE_CURVE ( 'NONE', #58, #2778, #1795, .T. ) ;
#4213 = CARTESIAN_POINT ( 'NONE',  ( 14.09698543962181283, -37.00000000000000000, 27.99999999999999645 ) ) ;
#4214 = ORIENTED_EDGE ( 'NONE', *, *, #2436, .F. ) ;
#4215 = VECTOR ( 'NONE', #571, 1000.000000000000000 ) ;
#4216 = ORIENTED_EDGE ( 'NONE', *, *, #4270, .F. ) ;
#4217 = CARTESIAN_POINT ( 'NONE',  ( 26.26468353125000021, 32.73016537720688035, 21.15104166700806587 ) ) ;
#4218 = DIRECTION ( 'NONE',  ( 0.000000000000000000, -1.000000000000000000, 0.000000000000000000 ) ) ;
#4219 = FACE_OUTER_BOUND ( 'NONE', #511, .T. ) ;
#4220 = PLANE ( 'NONE',  #4080 ) ;
#4221 = AXIS2_PLACEMENT_3D ( 'NONE', #1021, #1325, #3992 ) ;
#4222 = CARTESIAN_POINT ( 'NONE',  ( 23.73531646875000689, 31.26983462279312675, 21.46354166700806232 ) ) ;
#4223 = CARTESIAN_POINT ( 'NONE',  ( 31.53050328050237994, -34.88290943434739688, 10.91865104896083594 ) ) ;
#4224 = VERTEX_POINT ( 'NONE', #3659 ) ;
#4225 = VECTOR ( 'NONE', #220, 1000.000000000000000 ) ;
#4226 = AXIS2_PLACEMENT_3D ( 'NONE', #739, #3753, #1421 ) ;
#4227 = DIRECTION ( 'NONE',  ( -1.000000000000000000, 0.000000000000000000, 1.121573320328472587E-12 ) ) ;
#4228 = EDGE_CURVE ( 'NONE', #95, #58, #3679, .T. ) ;
#4229 = FACE_OUTER_BOUND ( 'NONE', #1582, .T. ) ;
#4230 = CARTESIAN_POINT ( 'NONE',  ( 16.78618493478948182, -35.46476586037964296, 14.46363027438869153 ) ) ;
#4231 = LINE ( 'NONE', #1614, #4016 ) ;
#4232 = DIRECTION ( 'NONE',  ( 0.000000000000000000, 0.000000000000000000, -1.000000000000000000 ) ) ;
#4233 = CARTESIAN_POINT ( 'NONE',  ( 23.60904077899603948, 31.81658517264966690, 19.63014816184070455 ) ) ;
#4234 = ORIENTED_EDGE ( 'NONE', *, *, #1756, .T. ) ;
#4235 = CARTESIAN_POINT ( 'NONE',  ( 19.81606785015428329, -37.00000000000000711, 12.35750907581232205 ) ) ;
#4236 =( BOUNDED_SURFACE ( )  B_SPLINE_SURFACE ( 3, 2, ( 
 ( #4133, #3164, #786 ),
 ( #2479, #3801, #3473 ),
 ( #159, #1491, #900 ),
 ( #539, #2550, #4246 ) ),
 .UNSPECIFIED., .F., .F., .F. ) 
 B_SPLINE_SURFACE_WITH_KNOTS ( ( 4, 4 ),
 ( 3, 3 ),
 ( 0.0005135945745540851110, 0.004206329338940254306 ),
 ( 0.000000000000000000, 1.000000000000000000 ),
 .UNSPECIFIED. ) 
 GEOMETRIC_REPRESENTATION_ITEM ( )  RATIONAL_B_SPLINE_SURFACE ( (
 ( 1.000000000000000000, 0.7417197615602308947, 1.000000000000000000),
 ( 1.000000000000000000, 0.7418367168720874094, 1.000000000000000000),
 ( 1.000000000000000000, 0.7421085283979368397, 1.000000000000000000),
 ( 1.000000000000000000, 0.7425650845555905599, 1.000000000000000000) ) ) 
 REPRESENTATION_ITEM ( '' )  SURFACE ( )  );
#4237 = CARTESIAN_POINT ( 'NONE',  ( 24.99846684809938679, -35.61760882611746126, 24.10061493737892846 ) ) ;
#4238 = ADVANCED_FACE ( 'NONE', ( #3296 ), #2653, .F. ) ;
#4239 = CIRCLE ( 'NONE', #3605, 5.400000000000002132 ) ;
#4240 = DIRECTION ( 'NONE',  ( -0.000000000000000000, 1.000000000000000000, -0.000000000000000000 ) ) ;
#4241 = ORIENTED_EDGE ( 'NONE', *, *, #1370, .T. ) ;
#4242 = EDGE_LOOP ( 'NONE', ( #1214, #1486, #1032, #3114 ) ) ;
#4243 = CARTESIAN_POINT ( 'NONE',  ( 24.36765823437500345, 33.09524806581030987, 21.27604166700806232 ) ) ;
#4244 = EDGE_CURVE ( 'NONE', #2484, #1197, #2920, .T. ) ;
#4245 = DIRECTION ( 'NONE',  ( 0.000000000000000000, -1.000000000000000000, 0.000000000000000000 ) ) ;
#4246 = CARTESIAN_POINT ( 'NONE',  ( 21.72339245278530129, -40.66360099421395091, 15.10242198925094925 ) ) ;
#4247 = VECTOR ( 'NONE', #3661, 1000.000000000000000 ) ;
#4248 = CARTESIAN_POINT ( 'NONE',  ( 24.36765823437500345, 30.90475193418969369, 21.50520833367473017 ) ) ;
#4249 = CARTESIAN_POINT ( 'NONE',  ( 33.27633315938044944, -37.00000000000134293, 13.19807230578234680 ) ) ;
#4250 = ORIENTED_EDGE ( 'NONE', *, *, #4035, .F. ) ;
#4251 = DIRECTION ( 'NONE',  ( -0.000000000000000000, -1.000000000000000000, -0.000000000000000000 ) ) ;
#4252 = LINE ( 'NONE', #1233, #1388 ) ;
#4253 = CARTESIAN_POINT ( 'NONE',  ( 25.63234176562500011, 33.09524806581030987, 21.25520833367473017 ) ) ;
#4254 = CARTESIAN_POINT ( 'NONE',  ( 23.60000000000000142, 32.80829037686547167, 21.23958333401613174 ) ) ;
#4255 = CARTESIAN_POINT ( 'NONE',  ( 25.00000000000000000, 50.00000000000000000, 23.31233490781574957 ) ) ;
#4256 = CARTESIAN_POINT ( 'NONE',  ( 21.80037723078709533, -40.19705361955644918, 12.14262711926522087 ) ) ;
#4257 = ORIENTED_EDGE ( 'NONE', *, *, #3130, .T. ) ;
#4258 = LINE ( 'NONE', #1948, #2795 ) ;
#4259 = CARTESIAN_POINT ( 'NONE',  ( 25.63234176562500011, 33.09524806581030987, 20.19270833367473017 ) ) ;
#4260 = CARTESIAN_POINT ( 'NONE',  ( 26.06841059874915700, 32.91128250205630223, 19.70599268195372744 ) ) ;
#4261 = CARTESIAN_POINT ( 'NONE',  ( 28.85665531134489115, -36.99999999999998579, 11.90734982816549703 ) ) ;
#4262 = EDGE_LOOP ( 'NONE', ( #2628, #2290, #2347, #3221, #1908, #59, #3088 ) ) ;
#4263 =( BOUNDED_CURVE ( )  B_SPLINE_CURVE ( 3, ( #125, #2798, #4120, #1116 ),
 .UNSPECIFIED., .F., .F. ) 
 B_SPLINE_CURVE_WITH_KNOTS ( ( 4, 4 ),
 ( 0.000000000000000000, 1.570796326794896558 ),
 .UNSPECIFIED. ) 
 CURVE ( )  GEOMETRIC_REPRESENTATION_ITEM ( )  RATIONAL_B_SPLINE_CURVE ( ( 1.000000000000000000, 0.8047378541243649375, 0.8047378541243649375, 1.000000000000000000 ) ) 
 REPRESENTATION_ITEM ( '' )  );
#4264 = EDGE_LOOP ( 'NONE', ( #1703, #1399, #2244, #3697 ) ) ;
#4265 = DIRECTION ( 'NONE',  ( 0.000000000000000000, 0.000000000000000000, -1.000000000000000000 ) ) ;
#4266 = CARTESIAN_POINT ( 'NONE',  ( 28.78099373319143339, -40.50000000000298428, 16.33149853929738882 ) ) ;
#4267 = CARTESIAN_POINT ( 'NONE',  ( 23.73531646875000689, 32.73016537720688035, 21.31770833367473372 ) ) ;
#4268 = PLANE ( 'NONE',  #1428 ) ;
#4269 = CARTESIAN_POINT ( 'NONE',  ( 26.39999999999999858, 32.00000000000000000, 20.74999999999999645 ) ) ;
#4270 = EDGE_CURVE ( 'NONE', #2788, #469, #3057, .T. ) ;
#4271 = CARTESIAN_POINT ( 'NONE',  ( 33.45250979645625478, -36.99999999999895550, 14.38836806811163527 ) ) ;
#4272 = VERTEX_POINT ( 'NONE', #2342 ) ;
#4273 = ORIENTED_EDGE ( 'NONE', *, *, #2312, .F. ) ;
#4274 = CARTESIAN_POINT ( 'NONE',  ( 24.99846684809938679, -38.91760882611745842, 24.10061493737889293 ) ) ;
#4275 = CARTESIAN_POINT ( 'NONE',  ( 21.63834212652013633, -36.99999999998386357, 15.37402741866084810 ) ) ;
#4276 = LINE ( 'NONE', #905, #2856 ) ;
#4277 = CARTESIAN_POINT ( 'NONE',  ( 25.86515507300463312, 32.96083324012374760, 19.73986765083280659 ) ) ;
#4278 = EDGE_CURVE ( 'NONE', #1652, #957, #1232, .T. ) ;
#4279 = CARTESIAN_POINT ( 'NONE',  ( 17.33608639511155403, -34.84550630543927241, 16.54214693103991962 ) ) ;
#4280 = B_SPLINE_CURVE_WITH_KNOTS ( 'NONE', 3,
 ( #1715, #3662, #2426, #350, #334, #1675, #2368, #1352, #3376, #1693 ),
 .UNSPECIFIED., .F., .F.,
 ( 4, 2, 2, 2, 4 ),
 ( 4.906538933386797396E-18, 0.0003263278768253441648, 0.0006526557536506833422, 0.0009789836304760269649, 0.001305311507301370588 ),
 .UNSPECIFIED. ) ;
#4281 = ORIENTED_EDGE ( 'NONE', *, *, #36, .T. ) ;
#4282 = LINE ( 'NONE', #4307, #3739 ) ;
#4283 = CARTESIAN_POINT ( 'NONE',  ( 28.40767616821919006, -38.81292010269749682, 15.72833090403898204 ) ) ;
#4284 = CARTESIAN_POINT ( 'NONE',  ( 25.00000000000000000, 33.39999999999999858, 19.81233490781574957 ) ) ;
#4285 = DIRECTION ( 'NONE',  ( 1.000000000000000000, 0.000000000000000000, 0.000000000000000000 ) ) ;
#4286 = CARTESIAN_POINT ( 'NONE',  ( 21.09945190615506405, -38.61760882611745416, 16.14548983931211978 ) ) ;
#4287 = ORIENTED_EDGE ( 'NONE', *, *, #3510, .F. ) ;
#4288 = ORIENTED_EDGE ( 'NONE', *, *, #460, .T. ) ;
#4289 = CARTESIAN_POINT ( 'NONE',  ( 23.73531646875000334, 32.00000000000000000, 20.85937500034139802 ) ) ;
#4290 = LINE ( 'NONE', #1275, #1241 ) ;
#4291 = CARTESIAN_POINT ( 'NONE',  ( 24.36765823437500345, 30.90475193418969369, 21.44270833367473017 ) ) ;
#4292 = CARTESIAN_POINT ( 'NONE',  ( 25.95772347172333383, 33.06363884952226329, 19.81799265049265912 ) ) ;
#4293 = CARTESIAN_POINT ( 'NONE',  ( 30.05246103056088458, -36.99999999999999289, 12.28393063162127774 ) ) ;
#4294 =( BOUNDED_CURVE ( )  B_SPLINE_CURVE ( 2, ( #2981, #3734, #3408, #2109, #1613, #3618, #1967 ),
 .UNSPECIFIED., .F., .F. ) 
 B_SPLINE_CURVE_WITH_KNOTS ( ( 3, 2, 2, 3 ),
 ( 0.1000000000000000888, 0.1333333333333334425, 0.1666666666666667962, 0.2000000000000001776 ),
 .UNSPECIFIED. ) 
 CURVE ( )  GEOMETRIC_REPRESENTATION_ITEM ( )  RATIONAL_B_SPLINE_CURVE ( ( 0.9999999999999995559, 0.8660254037844390407, 1.000000000000000000, 0.8660254037844387076, 1.000000000000000000, 0.8660254037844380415, 1.000000000000000666 ) ) 
 REPRESENTATION_ITEM ( '' )  );
#4295 = ORIENTED_EDGE ( 'NONE', *, *, #1310, .T. ) ;
#4296 = LINE ( 'NONE', #3313, #1626 ) ;
#4297 = AXIS2_PLACEMENT_3D ( 'NONE', #771, #3722, #2468 ) ;
#4298 = EDGE_CURVE ( 'NONE', #697, #503, #951, .T. ) ;
#4299 = VECTOR ( 'NONE', #2934, 1000.000000000000000 ) ;
#4300 = DIRECTION ( 'NONE',  ( -0.000000000000000000, -1.000000000000000000, -0.000000000000000000 ) ) ;
#4301 = CARTESIAN_POINT ( 'NONE',  ( 25.00000000000000000, 50.00000000000000000, 20.16233490781574744 ) ) ;
#4302 = EDGE_CURVE ( 'NONE', #2341, #345, #2482, .T. ) ;
#4303 = CARTESIAN_POINT ( 'NONE',  ( 36.24846684808984776, -38.61760882611746126, 15.60061493736627725 ) ) ;
#4304 = CARTESIAN_POINT ( 'NONE',  ( 19.02818476281204951, -36.99999999999997868, 13.29974556599410995 ) ) ;
#4305 = B_SPLINE_CURVE_WITH_KNOTS ( 'NONE', 1,
 ( #3344, #2699 ),
 .UNSPECIFIED., .F., .F.,
 ( 2, 2 ),
 ( 0.000000000000000000, 1.000000000000000000 ),
 .UNSPECIFIED. ) ;
#4306 = VERTEX_POINT ( 'NONE', #2675 ) ;
#4307 = CARTESIAN_POINT ( 'NONE',  ( 26.13263503872818205, 32.82288387301233001, 19.69100123599587704 ) ) ;
#4308 = DIRECTION ( 'NONE',  ( 0.000000000000000000, -0.000000000000000000, 1.000000000000000000 ) ) ;
#4309 = DIRECTION ( 'NONE',  ( 0.000000000000000000, 0.000000000000000000, 1.000000000000000000 ) ) ;
#4310 = CARTESIAN_POINT ( 'NONE',  ( 18.92107049186108725, -36.99999999999999289, 15.26534221332062735 ) ) ;
#4311 = CARTESIAN_POINT ( 'NONE',  ( 21.58063960488134470, -36.98674502417213006, 15.60061493738272098 ) ) ;
#4312 = VERTEX_POINT ( 'NONE', #3358 ) ;
#4313 = EDGE_LOOP ( 'NONE', ( #4071, #2916, #830, #702 ) ) ;
#4314 = DIRECTION ( 'NONE',  ( -1.000000000000000000, 0.000000000000000000, 0.000000000000000000 ) ) ;
#4315 = CARTESIAN_POINT ( 'NONE',  ( 0.000000000000000000, 0.000000000000000000, 0.000000000000000000 ) ) ;
#4316 = CARTESIAN_POINT ( 'NONE',  ( 26.26468353125000021, 32.00000000000000000, 21.60937500034139802 ) ) ;
#4317 = CARTESIAN_POINT ( 'NONE',  ( 25.69999999999999929, 33.21243556529821461, 20.83333333333333215 ) ) ;
#4318 = ORIENTED_EDGE ( 'NONE', *, *, #287, .T. ) ;
#4319 = ORIENTED_EDGE ( 'NONE', *, *, #2457, .F. ) ;
ENDSEC;
END-ISO-10303-21;
