ISO-10303-21;
HEADER;
FILE_DESCRIPTION (( 'STEP AP214' ),
    '1' );
FILE_NAME ('extruder_syringe_mount_simple.STEP',
    '2025-05-19T08:04:43',
    ( '' ),
    ( '' ),
    'SwSTEP 2.0',
    'SolidWorks 2025',
    '' );
FILE_SCHEMA (( 'AUTOMOTIVE_DESIGN' ));
ENDSEC;

DATA;
#1 = CARTESIAN_POINT ( 'NONE',  ( 26.36484837343878596, 32.50326963800002034, 19.77698929194892230 ) ) ;
#2 = DIRECTION ( 'NONE',  ( 0.000000000000000000, 0.000000000000000000, -1.000000000000000000 ) ) ;
#3 = ORIENTED_EDGE ( 'NONE', *, *, #954, .T. ) ;
#4 = CARTESIAN_POINT ( 'NONE',  ( 25.00000000000000000, 30.38341924626904955, 20.90625000068279604 ) ) ;
#5 = CARTESIAN_POINT ( 'NONE',  ( 25.63234176562500011, 30.90475193418969369, 21.58854166700806232 ) ) ;
#6 = ORIENTED_EDGE ( 'NONE', *, *, #386, .F. ) ;
#7 = CARTESIAN_POINT ( 'NONE',  ( 23.60000000000001918, 32.80829037686547878, 19.95833333333332860 ) ) ;
#8 = CARTESIAN_POINT ( 'NONE',  ( 32.68654231256920184, 50.00000000000000000, 18.69684973181665200 ) ) ;
#9 = DIRECTION ( 'NONE',  ( -1.000000000000000000, 0.000000000000000000, -0.000000000000000000 ) ) ;
#10 =( BOUNDED_SURFACE ( )  B_SPLINE_SURFACE ( 1, 2, ( 
 ( #446, #1153, #2011, #1143, #1167, #1868, #996, #986, #106, #1539, #1701, #490, #130, #798, #1502, #2213, #313, #651, #1710, #631, #846, #1930, #691, #1555, #183, #1579, #1918, #335, #1235, #11, #516, #868, #1247, #1720, #169, #1909, #1396, #370, #2233, #1568, #1901, #345, #1025, #2257, #678, #857, #712, #2245, #150, #838, #497, #1050, #1015, #1212, #1407 ),
 ( #358, #2074, #541, #2085, #700, #1761, #670, #1550, #1386, #2095, #1221, #507, #1037, #1729, #1375, #2064, #1202, #1749, #1738, #527, #1589, #195, #877, #24, #158, #1418, #2108, #1943, #1005, #230, #1794, #1770, #1280, #1430, #47, #2165, #379, #743, #736, #1985, #2141, #1304, #1117, #2128, #1477, #911, #726, #1061, #1443, #759, #403, #565, #1613, #218, #1293 ) ),
 .UNSPECIFIED., .F., .F., .F. ) 
 B_SPLINE_SURFACE_WITH_KNOTS ( ( 2, 2 ),
 ( 3, 2, 2, 2, 2, 2, 2, 2, 2, 2, 2, 2, 2, 2, 2, 2, 2, 2, 2, 2, 2, 2, 2, 2, 2, 2, 2, 3 ),
 ( 0.000000000000000000, 1.000000000000000000 ),
 ( 0.000000000000000000, 0.03333333333333333287, 0.06666666666666666574, 0.1000000000000000056, 0.1333333333333333315, 0.1666666666666666574, 0.2000000000000000111, 0.2333333333333333370, 0.2666666666666666630, 0.2999999999999999889, 0.3333333333333333148, 0.3666666666666666408, 0.4000000000000000222, 0.4333333333333333481, 0.4666666666666666741, 0.5000000000000000000, 0.5333333333333333259, 0.5666666666666666519, 0.5999999999999999778, 0.6333333333333333037, 0.6666666666666666297, 0.6999999999999999556, 0.7333333333333332815, 0.7666666666666667185, 0.8000000000000000444, 0.8333333333333333703, 0.8666666666666666963, 0.8800741322894478635 ),
 .UNSPECIFIED. ) 
 GEOMETRIC_REPRESENTATION_ITEM ( )  RATIONAL_B_SPLINE_SURFACE ( (
 ( 1.000000000000000000, 0.8660254037844387076, 1.000000000000000000, 0.8660254037844387076, 1.000000000000000000, 0.8660254037844387076, 1.000000000000000000, 0.8660254037844387076, 1.000000000000000000, 0.8660254037844387076, 1.000000000000000000, 0.8660254037844387076, 1.000000000000000000, 0.8660254037844387076, 1.000000000000000000, 0.8660254037844387076, 1.000000000000000000, 0.8660254037844387076, 1.000000000000000000, 0.8660254037844387076, 1.000000000000000000, 0.8660254037844387076, 1.000000000000000000, 0.8660254037844387076, 1.000000000000000000, 0.8660254037844387076, 1.000000000000000000, 0.8660254037844387076, 1.000000000000000000, 0.8660254037844387076, 1.000000000000000000, 0.8660254037844387076, 1.000000000000000000, 0.8660254037844387076, 1.000000000000000000, 0.8660254037844387076, 1.000000000000000000, 0.8660254037844387076, 1.000000000000000000, 0.8660254037844387076, 1.000000000000000000, 0.8660254037844387076, 1.000000000000000000, 0.8660254037844387076, 1.000000000000000000, 0.8660254037844387076, 1.000000000000000000, 0.8660254037844387076, 1.000000000000000000, 0.8660254037844387076, 1.000000000000000000, 0.8660254037844387076, 1.000000000000000000, 0.9461122062074162065, 0.9355743369805276100),
 ( 1.000000000000000000, 0.8660254037844387076, 1.000000000000000000, 0.8660254037844387076, 1.000000000000000000, 0.8660254037844387076, 1.000000000000000000, 0.8660254037844387076, 1.000000000000000000, 0.8660254037844387076, 1.000000000000000000, 0.8660254037844387076, 1.000000000000000000, 0.8660254037844387076, 1.000000000000000000, 0.8660254037844387076, 1.000000000000000000, 0.8660254037844387076, 1.000000000000000000, 0.8660254037844387076, 1.000000000000000000, 0.8660254037844387076, 1.000000000000000000, 0.8660254037844387076, 1.000000000000000000, 0.8660254037844387076, 1.000000000000000000, 0.8660254037844387076, 1.000000000000000000, 0.8660254037844387076, 1.000000000000000000, 0.8660254037844387076, 1.000000000000000000, 0.8660254037844387076, 1.000000000000000000, 0.8660254037844387076, 1.000000000000000000, 0.8660254037844387076, 1.000000000000000000, 0.8660254037844387076, 1.000000000000000000, 0.8660254037844387076, 1.000000000000000000, 0.8660254037844387076, 1.000000000000000000, 0.8660254037844387076, 1.000000000000000000, 0.8660254037844387076, 1.000000000000000000, 0.8660254037844387076, 1.000000000000000000, 0.8660254037844387076, 1.000000000000000000, 0.9461122062074162065, 0.9355743369805276100) ) ) 
 REPRESENTATION_ITEM ( '' )  SURFACE ( )  );
#11 = CARTESIAN_POINT ( 'NONE',  ( 26.26468353125000021, 32.73016537720688035, 20.71354166700806232 ) ) ;
#12 = ADVANCED_FACE ( 'NONE', ( #2034 ), #2057, .T. ) ;
#13 = CARTESIAN_POINT ( 'NONE',  ( 24.30000000000000071, 33.21243556529821461, 20.69791666734946389 ) ) ;
#14 = EDGE_LOOP ( 'NONE', ( #301, #1800 ) ) ;
#15 = LINE ( 'NONE', #1260, #2214 ) ;
#16 = ADVANCED_FACE ( 'NONE', ( #1355 ), #10, .F. ) ;
#17 = CARTESIAN_POINT ( 'NONE',  ( 46.50000000000000000, 0.000000000000000000, 5.000000000000000000 ) ) ;
#18 = EDGE_CURVE ( 'NONE', #1629, #2102, #699, .T. ) ;
#19 = CARTESIAN_POINT ( 'NONE',  ( 25.69999999999999929, 33.21243556529821461, 21.61458333401613174 ) ) ;
#20 = ORIENTED_EDGE ( 'NONE', *, *, #1567, .T. ) ;
#21 = LINE ( 'NONE', #44, #1075 ) ;
#22 = CARTESIAN_POINT ( 'NONE',  ( 23.73531646875000689, 32.73016537720688035, 21.31770833367473372 ) ) ;
#23 = CARTESIAN_POINT ( 'NONE',  ( 24.38817067916541603, 33.26334093064900799, 19.69266841263723222 ) ) ;
#24 = CARTESIAN_POINT ( 'NONE',  ( 23.60000000000000497, 31.19170962313452478, 21.04166666666666785 ) ) ;
#25 = CARTESIAN_POINT ( 'NONE',  ( 24.30000000000000071, 33.21243556529821461, 19.69791666734946389 ) ) ;
#26 = CARTESIAN_POINT ( 'NONE',  ( 22.39178621260022695, 31.11008633915442445, 22.81723830302384926 ) ) ;
#27 = B_SPLINE_CURVE_WITH_KNOTS ( 'NONE', 3,
 ( #1501, #266, #972, #809 ),
 .UNSPECIFIED., .F., .F.,
 ( 4, 4 ),
 ( 0.000000000000000000, 1.000000000000000000 ),
 .UNSPECIFIED. ) ;
#28 = ORIENTED_EDGE ( 'NONE', *, *, #1156, .F. ) ;
#29 = LINE ( 'NONE', #512, #1200 ) ;
#30 = AXIS2_PLACEMENT_3D ( 'NONE', #410, #1098, #1801 ) ;
#31 = ORIENTED_EDGE ( 'NONE', *, *, #1374, .T. ) ;
#32 = VECTOR ( 'NONE', #1444, 1000.000000000000000 ) ;
#33 = CARTESIAN_POINT ( 'NONE',  ( 24.36765823437500345, 33.09524806581030987, 20.27604166700806587 ) ) ;
#34 = CARTESIAN_POINT ( 'NONE',  ( 25.00000000000000000, 40.00000000000000000, 9.112334907815748508 ) ) ;
#35 = CARTESIAN_POINT ( 'NONE',  ( 26.39999999999999858, 31.19170962313452478, 20.48958333401612819 ) ) ;
#36 = CARTESIAN_POINT ( 'NONE',  ( 23.60000000000000142, 32.00000000000000000, 20.28125000068279604 ) ) ;
#37 = VECTOR ( 'NONE', #1024, 1000.000000000000000 ) ;
#38 = PLANE ( 'NONE',  #221 ) ;
#39 = ORIENTED_EDGE ( 'NONE', *, *, #1261, .F. ) ;
#40 = DIRECTION ( 'NONE',  ( 1.000000000000000000, 0.000000000000000000, 0.000000000000000000 ) ) ;
#41 = LINE ( 'NONE', #571, #357 ) ;
#42 = CARTESIAN_POINT ( 'NONE',  ( 25.63234176562500011, 33.09524806581030987, 20.75520833367473017 ) ) ;
#43 = ORIENTED_EDGE ( 'NONE', *, *, #86, .F. ) ;
#44 = CARTESIAN_POINT ( 'NONE',  ( 0.000000000000000000, 50.00000000000000000, 11.00000000000000000 ) ) ;
#45 = VERTEX_POINT ( 'NONE', #1271 ) ;
#46 = CARTESIAN_POINT ( 'NONE',  ( 26.69159672450664544, 34.19728022520465771, 23.05208803038519250 ) ) ;
#47 = CARTESIAN_POINT ( 'NONE',  ( 24.30000000000000071, 30.78756443470178894, 20.58333333333333215 ) ) ;
#48 = LINE ( 'NONE', #1466, #141 ) ;
#49 = VERTEX_POINT ( 'NONE', #1090 ) ;
#50 = FACE_OUTER_BOUND ( 'NONE', #2053, .T. ) ;
#51 = ADVANCED_FACE ( 'NONE', ( #1962 ), #56, .F. ) ;
#52 = CARTESIAN_POINT ( 'NONE',  ( 25.00000000000000000, 30.53966924558625351, 21.04687500034139802 ) ) ;
#53 = CARTESIAN_POINT ( 'NONE',  ( 26.39999999999999858, 32.80829037686547167, 20.07291666734946389 ) ) ;
#54 = CARTESIAN_POINT ( 'NONE',  ( 24.36765823437500345, 30.90475193418969369, 21.50520833367473017 ) ) ;
#55 = CARTESIAN_POINT ( 'NONE',  ( 26.40000000000000213, 31.19170962313452478, 20.98958333401613174 ) ) ;
#56 = CYLINDRICAL_SURFACE ( 'NONE', #2132, 2.749999999999999112 ) ;
#57 = CARTESIAN_POINT ( 'NONE',  ( 45.78860307263031615, 50.00000000000000000, 11.00000000000000000 ) ) ;
#58 = ORIENTED_EDGE ( 'NONE', *, *, #483, .T. ) ;
#59 = DIRECTION ( 'NONE',  ( 0.000000000000000000, 0.000000000000000000, 1.000000000000000000 ) ) ;
#60 = CARTESIAN_POINT ( 'NONE',  ( 25.63234176562500011, 30.90475193418969369, 20.58854166700806587 ) ) ;
#61 = FACE_BOUND ( 'NONE', #14, .T. ) ;
#62 = CARTESIAN_POINT ( 'NONE',  ( 26.13263687677767422, 32.82288134342888952, 19.58162605480904261 ) ) ;
#63 = CARTESIAN_POINT ( 'NONE',  ( 25.00000000000000000, 33.46033075441374649, 21.29687500034139802 ) ) ;
#64 = EDGE_CURVE ( 'NONE', #1585, #637, #1633, .T. ) ;
#65 = CARTESIAN_POINT ( 'NONE',  ( 26.40000000000000213, 31.19170962313452478, 19.98958333401612819 ) ) ;
#66 = VECTOR ( 'NONE', #1924, 1000.000000000000000 ) ;
#67 = CARTESIAN_POINT ( 'NONE',  ( 25.00000000000000000, 30.60000000000000142, 19.71233490781575171 ) ) ;
#68 = CARTESIAN_POINT ( 'NONE',  ( 23.60000000000368203, 32.00000221241642606, 21.28120577588124718 ) ) ;
#69 = EDGE_CURVE ( 'NONE', #2198, #1250, #933, .T. ) ;
#70 = EDGE_LOOP ( 'NONE', ( #1240, #993, #1773, #792 ) ) ;
#71 = CARTESIAN_POINT ( 'NONE',  ( 22.92728173026979377, 33.81617020570929810, 22.96573811551012412 ) ) ;
#72 = AXIS2_PLACEMENT_3D ( 'NONE', #644, #633, #1882 ) ;
#73 = DIRECTION ( 'NONE',  ( -1.000000000000000000, 0.000000000000000000, 0.000000000000000000 ) ) ;
#74 = LINE ( 'NONE', #1447, #1565 ) ;
#75 = CARTESIAN_POINT ( 'NONE',  ( 26.39999999999998792, 31.19170962313451412, 20.70833333333332504 ) ) ;
#76 = CARTESIAN_POINT ( 'NONE',  ( 26.26468353125000021, 32.73016537720688035, 20.15104166700806232 ) ) ;
#77 = CARTESIAN_POINT ( 'NONE',  ( 24.36765823437500345, 33.09524806581030987, 21.33854166700806232 ) ) ;
#78 = CARTESIAN_POINT ( 'NONE',  ( 25.00000000000000000, 30.38341924626904955, 19.90625000068279249 ) ) ;
#79 = DIRECTION ( 'NONE',  ( -1.000000000000000000, 0.000000000000000000, 0.000000000000000000 ) ) ;
#80 = CARTESIAN_POINT ( 'NONE',  ( 25.00000000000000000, 30.38341924626904955, 21.62500000000000355 ) ) ;
#81 = VERTEX_POINT ( 'NONE', #592 ) ;
#82 = CARTESIAN_POINT ( 'NONE',  ( 23.64486267618416804, 31.63665923533466540, 19.53619543842938810 ) ) ;
#83 =( BOUNDED_CURVE ( )  B_SPLINE_CURVE ( 2, ( #1172, #655, #121, #634, #1370, #2027, #462 ),
 .UNSPECIFIED., .F., .T. ) 
 B_SPLINE_CURVE_WITH_KNOTS ( ( 3, 2, 2, 3 ),
 ( 0.4000000000000003553, 0.4333333333333337367, 0.4666666666666671182, 0.5000000000000004441 ),
 .UNSPECIFIED. ) 
 CURVE ( )  GEOMETRIC_REPRESENTATION_ITEM ( )  RATIONAL_B_SPLINE_CURVE ( ( 0.9999999999999986677, 0.8660254037844400399, 1.000000000000000000, 0.8660254037844387076, 1.000000000000000000, 0.8660254037844369313, 1.000000000000001776 ) ) 
 REPRESENTATION_ITEM ( '' )  );
#84 = CARTESIAN_POINT ( 'NONE',  ( 26.22308265003152883, 31.29480404167273022, 19.56978237810098875 ) ) ;
#85 = DIRECTION ( 'NONE',  ( 0.000000000000000000, 1.000000000000000000, 0.000000000000000000 ) ) ;
#86 = EDGE_CURVE ( 'NONE', #810, #949, #1180, .T. ) ;
#87 = CARTESIAN_POINT ( 'NONE',  ( 25.63234176562500011, 33.09524806581030987, 20.69270833367473017 ) ) ;
#88 = CARTESIAN_POINT ( 'NONE',  ( 23.73531646875000334, 32.00000000000000000, 20.92187500034139802 ) ) ;
#89 = ORIENTED_EDGE ( 'NONE', *, *, #746, .F. ) ;
#90 = CARTESIAN_POINT ( 'NONE',  ( 26.39999999998978453, 31.99999465235264751, 21.03124972501636236 ) ) ;
#91 = CARTESIAN_POINT ( 'NONE',  ( 25.00000000000000000, 33.61658075373095045, 21.87500000000000000 ) ) ;
#92 = ORIENTED_EDGE ( 'NONE', *, *, #2010, .T. ) ;
#93 = CARTESIAN_POINT ( 'NONE',  ( 24.90709424522675519, 30.60000000000000853, 19.71233490781576236 ) ) ;
#94 = CYLINDRICAL_SURFACE ( 'NONE', #1959, 1.399999999999998579 ) ;
#95 = CARTESIAN_POINT ( 'NONE',  ( 26.38750526297511101, 29.59873655428816264, 23.10866626573389127 ) ) ;
#96 = VECTOR ( 'NONE', #2022, 1000.000000000000000 ) ;
#97 = CARTESIAN_POINT ( 'NONE',  ( 24.36765823437500345, 30.90475193418969369, 21.44270833367473017 ) ) ;
#98 =( BOUNDED_CURVE ( )  B_SPLINE_CURVE ( 2, ( #1363, #488, #1186, #1899, #1176 ),
 .UNSPECIFIED., .F., .T. ) 
 B_SPLINE_CURVE_WITH_KNOTS ( ( 3, 2, 3 ),
 ( 0.8380887993642552880, 0.8666666666666666963, 0.8800735250833993106 ),
 .UNSPECIFIED. ) 
 CURVE ( )  GEOMETRIC_REPRESENTATION_ITEM ( )  RATIONAL_B_SPLINE_CURVE ( ( 0.9672268745040999427, 0.8851387530237261325, 1.000000000000000000, 0.9461146467129714077, 0.9355752915612314258 ) ) 
 REPRESENTATION_ITEM ( '' )  );
#99 = CARTESIAN_POINT ( 'NONE',  ( 23.73531646875000334, 32.00000000000000000, 21.42187500034139802 ) ) ;
#100 = ORIENTED_EDGE ( 'NONE', *, *, #1211, .T. ) ;
#101 = CARTESIAN_POINT ( 'NONE',  ( 24.30000000000000071, 33.21243556529821461, 20.19791666734946389 ) ) ;
#102 = FACE_OUTER_BOUND ( 'NONE', #521, .T. ) ;
#103 = VECTOR ( 'NONE', #1958, 1000.000000000000000 ) ;
#104 = CARTESIAN_POINT ( 'NONE',  ( 0.000000000000000000, 0.000000000000000000, 0.000000000000000000 ) ) ;
#105 = B_SPLINE_CURVE_WITH_KNOTS ( 'NONE', 3,
 ( #1895, #328, #813, #2238, #2206, #645, #1347, #674, #1380, #1206 ),
 .UNSPECIFIED., .F., .F.,
 ( 4, 2, 2, 2, 4 ),
 ( 0.003076961842435542785, 0.003406878173115172707, 0.003736794503794803064, 0.004066710834474433420, 0.004396627165154063342 ),
 .UNSPECIFIED. ) ;
#106 = CARTESIAN_POINT ( 'NONE',  ( 25.63234176562500011, 30.90475193418969369, 21.58854166700806232 ) ) ;
#107 = CARTESIAN_POINT ( 'NONE',  ( 25.69999999999999929, 30.78756443470178894, 21.66666666666666430 ) ) ;
#108 = LINE ( 'NONE', #976, #725 ) ;
#109 = CARTESIAN_POINT ( 'NONE',  ( 26.39999999999999858, 32.00000000000000000, 21.24999999999999645 ) ) ;
#110 = CARTESIAN_POINT ( 'NONE',  ( 23.73531646875000689, 31.26983462279312675, 20.40104166700806587 ) ) ;
#111 = AXIS2_PLACEMENT_3D ( 'NONE', #144, #965, #1663 ) ;
#112 = DIRECTION ( 'NONE',  ( 0.000000000000000000, 0.000000000000000000, 1.000000000000000000 ) ) ;
#113 = ORIENTED_EDGE ( 'NONE', *, *, #354, .F. ) ;
#114 = VERTEX_POINT ( 'NONE', #67 ) ;
#115 = CARTESIAN_POINT ( 'NONE',  ( 25.69999999999999929, 30.78756443470178894, 21.44791666734946034 ) ) ;
#116 = CARTESIAN_POINT ( 'NONE',  ( 25.00000000000000000, 33.61658075373095045, 21.15625000068279249 ) ) ;
#117 = EDGE_CURVE ( 'NONE', #2248, #605, #536, .T. ) ;
#118 = ORIENTED_EDGE ( 'NONE', *, *, #287, .T. ) ;
#119 = DIRECTION ( 'NONE',  ( 0.000000000000000000, -0.000000000000000000, 1.000000000000000000 ) ) ;
#120 = LINE ( 'NONE', #2205, #1131 ) ;
#121 = CARTESIAN_POINT ( 'NONE',  ( 24.30000000000000071, 33.21243556529821461, 20.91666666666666785 ) ) ;
#122 = CARTESIAN_POINT ( 'NONE',  ( 25.63234176562500011, 30.90475193418969369, 20.52604166700806587 ) ) ;
#123 = EDGE_CURVE ( 'NONE', #1259, #406, #1650, .T. ) ;
#124 = CARTESIAN_POINT ( 'NONE',  ( 23.73531646875000689, 31.26983462279312675, 20.90104166700806942 ) ) ;
#125 = ORIENTED_EDGE ( 'NONE', *, *, #1195, .T. ) ;
#126 = ORIENTED_EDGE ( 'NONE', *, *, #1528, .F. ) ;
#127 = CARTESIAN_POINT ( 'NONE',  ( 26.39999999999999858, 32.00000000000000000, 20.24999999999999645 ) ) ;
#128 = CARTESIAN_POINT ( 'NONE',  ( 23.60000000000000142, 32.80829037686547167, 21.23958333401613174 ) ) ;
#129 = B_SPLINE_CURVE_WITH_KNOTS ( 'NONE', 3,
 ( #479, #445, #1876, #312 ),
 .UNSPECIFIED., .F., .F.,
 ( 4, 4 ),
 ( 0.000000000000000000, 0.03781024760956192693 ),
 .UNSPECIFIED. ) ;
#130 = CARTESIAN_POINT ( 'NONE',  ( 23.73531646875000334, 32.00000000000000000, 21.42187500034139802 ) ) ;
#131 = FACE_OUTER_BOUND ( 'NONE', #1323, .T. ) ;
#132 = DIRECTION ( 'NONE',  ( 1.000000000000000000, 0.000000000000000000, 0.000000000000000000 ) ) ;
#133 = CARTESIAN_POINT ( 'NONE',  ( 32.68654231256920184, 0.000000000000000000, 18.69684973181665200 ) ) ;
#134 = ORIENTED_EDGE ( 'NONE', *, *, #1282, .T. ) ;
#135 = CARTESIAN_POINT ( 'NONE',  ( 25.00000000000000000, 30.53966924558625351, 20.98437500034139802 ) ) ;
#136 = ORIENTED_EDGE ( 'NONE', *, *, #326, .F. ) ;
#137 = ORIENTED_EDGE ( 'NONE', *, *, #1838, .T. ) ;
#138 = DIRECTION ( 'NONE',  ( 1.000000000000000000, 0.000000000000000000, 0.000000000000000000 ) ) ;
#139 = CARTESIAN_POINT ( 'NONE',  ( 50.00000000000000000, 5.000000000000000000, 4.799999999999999822 ) ) ;
#140 = EDGE_LOOP ( 'NONE', ( #2082, #1053, #638, #1413, #574, #942, #1215, #682 ) ) ;
#141 = VECTOR ( 'NONE', #937, 1000.000000000000000 ) ;
#142 = CARTESIAN_POINT ( 'NONE',  ( 24.30000000000000071, 33.21243556529821461, 21.91666666666666430 ) ) ;
#143 = CARTESIAN_POINT ( 'NONE',  ( 23.60000000000000142, 31.19170962313452478, 19.82291666734946389 ) ) ;
#144 = CARTESIAN_POINT ( 'NONE',  ( 45.78860307263031615, 50.00000000000000000, 26.00000000000000000 ) ) ;
#145 = CARTESIAN_POINT ( 'NONE',  ( 26.26468353125000021, 31.26983462279312675, 20.06770833367473017 ) ) ;
#146 = ORIENTED_EDGE ( 'NONE', *, *, #455, .T. ) ;
#147 = ORIENTED_EDGE ( 'NONE', *, *, #630, .T. ) ;
#148 = DIRECTION ( 'NONE',  ( 1.000000000000000000, 0.000000000000000000, -0.000000000000000000 ) ) ;
#149 = EDGE_CURVE ( 'NONE', #163, #1479, #650, .T. ) ;
#150 = CARTESIAN_POINT ( 'NONE',  ( 23.73531646875000334, 32.00000000000000000, 19.92187500034139802 ) ) ;
#151 = PLANE ( 'NONE',  #1123 ) ;
#152 = CARTESIAN_POINT ( 'NONE',  ( 23.73531646875000334, 32.00000000000000000, 21.92187500034139802 ) ) ;
#153 = PRESENTATION_STYLE_ASSIGNMENT (( #1509 ) ) ;
#154 = CARTESIAN_POINT ( 'NONE',  ( 25.63234176562500011, 33.09524806581030987, 21.19270833367473017 ) ) ;
#155 = ADVANCED_FACE ( 'NONE', ( #1829 ), #1342, .F. ) ;
#156 = ORIENTED_EDGE ( 'NONE', *, *, #254, .T. ) ;
#157 = FACE_OUTER_BOUND ( 'NONE', #2208, .T. ) ;
#158 = CARTESIAN_POINT ( 'NONE',  ( 23.60000000000000142, 32.00000000000000000, 20.99999999999999645 ) ) ;
#159 = CARTESIAN_POINT ( 'NONE',  ( 25.69999999999999929, 33.21243556529821461, 21.11458333401613174 ) ) ;
#160 = DIRECTION ( 'NONE',  ( 0.000000000000000000, 0.000000000000000000, 1.000000000000000000 ) ) ;
#161 = EDGE_CURVE ( 'NONE', #1283, #1717, #27, .T. ) ;
#162 = CARTESIAN_POINT ( 'NONE',  ( 27.18571124233887559, 30.32153260934677519, 22.93719920175276883 ) ) ;
#163 = VERTEX_POINT ( 'NONE', #1688 ) ;
#164 = LINE ( 'NONE', #349, #467 ) ;
#165 = CARTESIAN_POINT ( 'NONE',  ( 23.73531646875000689, 32.73016537720687325, 21.38020833367473017 ) ) ;
#166 = ORIENTED_EDGE ( 'NONE', *, *, #1168, .F. ) ;
#167 = CARTESIAN_POINT ( 'NONE',  ( 25.00000000000000000, 33.46033075441374649, 21.23437500034139802 ) ) ;
#168 = CARTESIAN_POINT ( 'NONE',  ( 26.39999999999998082, 31.19170962313451412, 20.20833333333332860 ) ) ;
#169 = CARTESIAN_POINT ( 'NONE',  ( 24.36765823437500345, 30.90475193418969369, 20.50520833367473017 ) ) ;
#170 = CARTESIAN_POINT ( 'NONE',  ( 25.00000000000000000, 33.61658075373095755, 21.15625000068279959 ) ) ;
#171 = DIRECTION ( 'NONE',  ( -0.000000000000000000, -1.000000000000000000, -0.000000000000000000 ) ) ;
#172 = ORIENTED_EDGE ( 'NONE', *, *, #2077, .T. ) ;
#173 = CARTESIAN_POINT ( 'NONE',  ( 25.69999999999999929, 30.78756443470178894, 20.94791666734946389 ) ) ;
#174 = VECTOR ( 'NONE', #392, 1000.000000000000000 ) ;
#175 = CARTESIAN_POINT ( 'NONE',  ( 26.26468353125000021, 31.26983462279312675, 21.63020833367473017 ) ) ;
#176 = ORIENTED_EDGE ( 'NONE', *, *, #1927, .F. ) ;
#177 = PLANE ( 'NONE',  #398 ) ;
#178 = CARTESIAN_POINT ( 'NONE',  ( 24.36765823437500345, 30.90475193418969369, 19.94270833367473017 ) ) ;
#179 = LINE ( 'NONE', #1917, #1088 ) ;
#180 = AXIS2_PLACEMENT_3D ( 'NONE', #1728, #496, #506 ) ;
#181 = EDGE_CURVE ( 'NONE', #957, #2043, #1505, .T. ) ;
#182 = EDGE_CURVE ( 'NONE', #1638, #810, #1725, .T. ) ;
#183 = CARTESIAN_POINT ( 'NONE',  ( 23.73531646875000334, 32.00000000000000000, 20.92187500034139802 ) ) ;
#184 = CARTESIAN_POINT ( 'NONE',  ( 23.60000000000000497, 31.19170962313452478, 21.32291666734946034 ) ) ;
#185 = CARTESIAN_POINT ( 'NONE',  ( 8.500000000000015987, 50.00000000000000000, 2.104480912413648319 ) ) ;
#186 = ORIENTED_EDGE ( 'NONE', *, *, #713, .F. ) ;
#187 = DIRECTION ( 'NONE',  ( -0.000000000000000000, -0.000000000000000000, 1.000000000000000000 ) ) ;
#188 = DIRECTION ( 'NONE',  ( 0.000000000000000000, 1.000000000000000000, 0.000000000000000000 ) ) ;
#189 = EDGE_LOOP ( 'NONE', ( #89, #696, #92, #1268, #1028, #1383, #938, #1217 ) ) ;
#190 = FACE_OUTER_BOUND ( 'NONE', #1362, .T. ) ;
#191 = EDGE_CURVE ( 'NONE', #486, #2112, #1003, .T. ) ;
#192 = CARTESIAN_POINT ( 'NONE',  ( 25.00000000000000000, 32.00000000000000000, 22.00000000000000000 ) ) ;
#193 = CARTESIAN_POINT ( 'NONE',  ( 23.60000000000066933, 32.00000093699005532, 19.78123118298734440 ) ) ;
#194 = CARTESIAN_POINT ( 'NONE',  ( 23.60000000000000497, 32.80829037686547167, 19.73958333401613174 ) ) ;
#195 = CARTESIAN_POINT ( 'NONE',  ( 25.00000000000000000, 30.38341924626904955, 21.12499999999999645 ) ) ;
#196 = CARTESIAN_POINT ( 'NONE',  ( 23.60000000000000142, 32.00000000000000000, 21.28125000068279604 ) ) ;
#197 = VERTEX_POINT ( 'NONE', #982 ) ;
#198 = CARTESIAN_POINT ( 'NONE',  ( 25.00000000000000000, 32.00000000000000000, 17.00000000000000000 ) ) ;
#199 = DIRECTION ( 'NONE',  ( -0.000000000000000000, 1.000000000000000000, -0.000000000000000000 ) ) ;
#200 = CARTESIAN_POINT ( 'NONE',  ( 26.39999999999999858, 32.80829037686547167, 21.57291666734945679 ) ) ;
#201 = ORIENTED_EDGE ( 'NONE', *, *, #2139, .T. ) ;
#202 = CARTESIAN_POINT ( 'NONE',  ( 0.000000000000000000, 50.00000000000000000, 0.000000000000000000 ) ) ;
#203 = DIRECTION ( 'NONE',  ( 1.000000000000000000, 0.000000000000000000, 0.000000000000000000 ) ) ;
#204 = DIRECTION ( 'NONE',  ( -0.000000000000000000, -0.000000000000000000, 1.000000000000000000 ) ) ;
#205 = CARTESIAN_POINT ( 'NONE',  ( 23.60000000000000142, 31.19170962313452833, 21.54166666666666430 ) ) ;
#206 = VECTOR ( 'NONE', #885, 1000.000000000000000 ) ;
#207 = CARTESIAN_POINT ( 'NONE',  ( 23.60000000000573550, 31.99999729306632190, 20.28130517834050650 ) ) ;
#208 = AXIS2_PLACEMENT_3D ( 'NONE', #1640, #73, #244 ) ;
#209 = EDGE_LOOP ( 'NONE', ( #1734, #1178, #362, #415 ) ) ;
#210 = CARTESIAN_POINT ( 'NONE',  ( 24.30000000000000071, 33.21243556529821461, 21.69791666734946034 ) ) ;
#211 = VECTOR ( 'NONE', #2211, 1000.000000000000000 ) ;
#212 = EDGE_LOOP ( 'NONE', ( #1683, #1105, #1184, #255, #2070 ) ) ;
#213 = CARTESIAN_POINT ( 'NONE',  ( 26.13263580870787450, 32.82288281346333747, 19.80037616169302694 ) ) ;
#214 = CIRCLE ( 'NONE', #1493, 2.749999999999999112 ) ;
#215 = CARTESIAN_POINT ( 'NONE',  ( 26.26468353125000021, 31.26983462279312675, 20.06770833367473017 ) ) ;
#216 = CARTESIAN_POINT ( 'NONE',  ( 27.06980161597090628, 33.81939034765315455, 22.96643507351709701 ) ) ;
#217 = EDGE_CURVE ( 'NONE', #2130, #1615, #1975, .T. ) ;
#218 = CARTESIAN_POINT ( 'NONE',  ( 25.95772347172333383, 33.06363884952226329, 19.81799265049265912 ) ) ;
#219 = FACE_OUTER_BOUND ( 'NONE', #1976, .T. ) ;
#220 = EDGE_CURVE ( 'NONE', #1717, #605, #129, .T. ) ;
#221 = AXIS2_PLACEMENT_3D ( 'NONE', #276, #424, #959 ) ;
#222 = ORIENTED_EDGE ( 'NONE', *, *, #1567, .F. ) ;
#223 = DIRECTION ( 'NONE',  ( 0.000000000000000000, 0.000000000000000000, 1.000000000000000000 ) ) ;
#224 = CARTESIAN_POINT ( 'NONE',  ( 24.36765823437500345, 30.90475193418969369, 20.00520833367473017 ) ) ;
#225 = ORIENTED_EDGE ( 'NONE', *, *, #1537, .T. ) ;
#226 = CARTESIAN_POINT ( 'NONE',  ( 24.30000000000000071, 33.21243556529821461, 20.41666666666666785 ) ) ;
#227 = ADVANCED_FACE ( 'NONE', ( #1997 ), #2189, .F. ) ;
#228 = CARTESIAN_POINT ( 'NONE',  ( 25.00000000000000000, 30.53966924558625706, 20.04687500034140157 ) ) ;
#229 = CARTESIAN_POINT ( 'NONE',  ( 24.48277861174566539, 33.30095427880162617, 19.68703698807888713 ) ) ;
#230 = CARTESIAN_POINT ( 'NONE',  ( 26.40000000000000213, 32.80829037686547167, 20.79166666666666430 ) ) ;
#231 = CARTESIAN_POINT ( 'NONE',  ( 25.00000000000000000, -21.42197759079808606, 23.21233490781575526 ) ) ;
#232 = ORIENTED_EDGE ( 'NONE', *, *, #1436, .F. ) ;
#233 = CARTESIAN_POINT ( 'NONE',  ( 22.52919916612884421, 33.22057126409354311, 22.85865391976914651 ) ) ;
#234 = EDGE_CURVE ( 'NONE', #1064, #2120, #629, .T. ) ;
#235 = CYLINDRICAL_SURFACE ( 'NONE', #1076, 1.399999999999998579 ) ;
#236 = CARTESIAN_POINT ( 'NONE',  ( 25.00000000000000000, 32.00000000000000000, 22.00000000000000000 ) ) ;
#237 = CARTESIAN_POINT ( 'NONE',  ( 25.69999999999999929, 33.21243556529821461, 19.61458333401612819 ) ) ;
#238 = CARTESIAN_POINT ( 'NONE',  ( 23.73531646875000334, 32.00000000000000000, 19.85937500034139802 ) ) ;
#239 = CARTESIAN_POINT ( 'NONE',  ( 0.000000000000000000, 0.000000000000000000, 0.000000000000000000 ) ) ;
#240 = CARTESIAN_POINT ( 'NONE',  ( 25.69999999999999929, 30.78756443470178894, 21.66666666666666430 ) ) ;
#241 = CARTESIAN_POINT ( 'NONE',  ( 41.49999999999998579, 4.999999999999997335, 2.104480912413648319 ) ) ;
#242 = ORIENTED_EDGE ( 'NONE', *, *, #123, .T. ) ;
#243 = CARTESIAN_POINT ( 'NONE',  ( 23.88129391305632865, 31.13891274181216318, 19.59457056937512220 ) ) ;
#244 = DIRECTION ( 'NONE',  ( 0.000000000000000000, 0.000000000000000000, 1.000000000000000000 ) ) ;
#245 =( BOUNDED_SURFACE ( )  B_SPLINE_SURFACE ( 1, 2, ( 
 ( #1219, #550, #1916, #1405, #734, #1427, #1587, #2117, #377, #1440, #1907, #1047, #2093, #22, #1255, #167, #1759, #2126, #886, #1059, #1951, #1577, #1415, #1611, #1747, #342, #1023, #355, #387, #1034, #525, #1597, #1767, #1070, #2105, #697, #1735, #1245, #33, #1779, #854, #1564, #1231, #215, #1940, #2254, #178, #1928, #238, #401, #1620, #930, #1628, #1960, #2161 ),
 ( #247, #1083, #767, #1450, #1474, #1646, #420, #1982, #1792, #601, #54, #920, #99, #562, #77, #63, #2172, #1301, #1496, #1313, #755, #1665, #1112, #908, #88, #791, #776, #945, #1463, #1803, #411, #1482, #1992, #1100, #430, #1128, #1825, #2136, #610, #264, #1654, #2151, #442, #2005, #589, #228, #1814, #1138, #1835, #1290, #273, #956, #1267, #741, #577 ) ),
 .UNSPECIFIED., .F., .F., .T. ) 
 B_SPLINE_SURFACE_WITH_KNOTS ( ( 2, 2 ),
 ( 3, 2, 2, 2, 2, 2, 2, 2, 2, 2, 2, 2, 2, 2, 2, 2, 2, 2, 2, 2, 2, 2, 2, 2, 2, 2, 2, 3 ),
 ( 0.000000000000000000, 1.000000000000000000 ),
 ( 0.000000000000000000, 0.03333333333333333287, 0.06666666666666666574, 0.1000000000000000056, 0.1333333333333333315, 0.1666666666666666574, 0.2000000000000000111, 0.2333333333333333370, 0.2666666666666666630, 0.2999999999999999889, 0.3333333333333333148, 0.3666666666666666408, 0.4000000000000000222, 0.4333333333333333481, 0.4666666666666666741, 0.5000000000000000000, 0.5333333333333333259, 0.5666666666666666519, 0.5999999999999999778, 0.6333333333333333037, 0.6666666666666666297, 0.6999999999999999556, 0.7333333333333332815, 0.7666666666666667185, 0.8000000000000000444, 0.8333333333333333703, 0.8666666666666666963, 0.8800741322904760411 ),
 .UNSPECIFIED. ) 
 GEOMETRIC_REPRESENTATION_ITEM ( )  RATIONAL_B_SPLINE_SURFACE ( (
 ( 1.000000000000000000, 0.8660254037844387076, 1.000000000000000000, 0.8660254037844387076, 1.000000000000000000, 0.8660254037844387076, 1.000000000000000000, 0.8660254037844387076, 1.000000000000000000, 0.8660254037844387076, 1.000000000000000000, 0.8660254037844387076, 1.000000000000000000, 0.8660254037844387076, 1.000000000000000000, 0.8660254037844387076, 1.000000000000000000, 0.8660254037844387076, 1.000000000000000000, 0.8660254037844387076, 1.000000000000000000, 0.8660254037844387076, 1.000000000000000000, 0.8660254037844387076, 1.000000000000000000, 0.8660254037844387076, 1.000000000000000000, 0.8660254037844387076, 1.000000000000000000, 0.8660254037844387076, 1.000000000000000000, 0.8660254037844387076, 1.000000000000000000, 0.8660254037844387076, 1.000000000000000000, 0.8660254037844387076, 1.000000000000000000, 0.8660254037844387076, 1.000000000000000000, 0.8660254037844387076, 1.000000000000000000, 0.8660254037844387076, 1.000000000000000000, 0.8660254037844387076, 1.000000000000000000, 0.8660254037844387076, 1.000000000000000000, 0.8660254037844387076, 1.000000000000000000, 0.8660254037844387076, 1.000000000000000000, 0.8660254037844387076, 1.000000000000000000, 0.9461122062032837343, 0.9355743369789115693),
 ( 1.000000000000000000, 0.8660254037844387076, 1.000000000000000000, 0.8660254037844387076, 1.000000000000000000, 0.8660254037844387076, 1.000000000000000000, 0.8660254037844387076, 1.000000000000000000, 0.8660254037844387076, 1.000000000000000000, 0.8660254037844387076, 1.000000000000000000, 0.8660254037844387076, 1.000000000000000000, 0.8660254037844387076, 1.000000000000000000, 0.8660254037844387076, 1.000000000000000000, 0.8660254037844387076, 1.000000000000000000, 0.8660254037844387076, 1.000000000000000000, 0.8660254037844387076, 1.000000000000000000, 0.8660254037844387076, 1.000000000000000000, 0.8660254037844387076, 1.000000000000000000, 0.8660254037844387076, 1.000000000000000000, 0.8660254037844387076, 1.000000000000000000, 0.8660254037844387076, 1.000000000000000000, 0.8660254037844387076, 1.000000000000000000, 0.8660254037844387076, 1.000000000000000000, 0.8660254037844387076, 1.000000000000000000, 0.8660254037844387076, 1.000000000000000000, 0.8660254037844387076, 1.000000000000000000, 0.8660254037844387076, 1.000000000000000000, 0.8660254037844387076, 1.000000000000000000, 0.8660254037844387076, 1.000000000000000000, 0.8660254037844387076, 1.000000000000000000, 0.9461122062032837343, 0.9355743369789115693) ) ) 
 REPRESENTATION_ITEM ( '' )  SURFACE ( )  );
#246 = CARTESIAN_POINT ( 'NONE',  ( 26.26468353125000021, 32.73016537720687325, 20.71354166700806942 ) ) ;
#247 = CARTESIAN_POINT ( 'NONE',  ( 23.73531646875000334, 32.00000000000000000, 21.92187500034139802 ) ) ;
#248 = ORIENTED_EDGE ( 'NONE', *, *, #1936, .F. ) ;
#249 = CARTESIAN_POINT ( 'NONE',  ( 24.30000000000000071, 30.78756443470178894, 20.86458333401612819 ) ) ;
#250 = VECTOR ( 'NONE', #1120, 1000.000000000000000 ) ;
#251 = DIRECTION ( 'NONE',  ( 0.000000000000000000, 1.000000000000000000, 0.000000000000000000 ) ) ;
#252 = CARTESIAN_POINT ( 'NONE',  ( 26.21808302737024121, 32.70527314418089304, 19.57120353623227871 ) ) ;
#253 = LINE ( 'NONE', #241, #1637 ) ;
#254 = EDGE_CURVE ( 'NONE', #1097, #45, #948, .T. ) ;
#255 = ORIENTED_EDGE ( 'NONE', *, *, #1942, .F. ) ;
#256 = CARTESIAN_POINT ( 'NONE',  ( 25.00000000000000000, 40.00000000000000000, 14.41233490781574922 ) ) ;
#257 = CIRCLE ( 'NONE', #505, 1.399999999999998579 ) ;
#258 = DIRECTION ( 'NONE',  ( 0.000000000000000000, -0.000000000000000000, 1.000000000000000000 ) ) ;
#259 = CARTESIAN_POINT ( 'NONE',  ( 25.70273942592466909, 30.78570552366291935, 19.66610059998436100 ) ) ;
#260 = ORIENTED_EDGE ( 'NONE', *, *, #1884, .F. ) ;
#261 = CARTESIAN_POINT ( 'NONE',  ( 46.50000000000000000, 5.000000000000000000, 4.799999999999999822 ) ) ;
#262 = CARTESIAN_POINT ( 'NONE',  ( 23.73531646875000689, 31.26983462279312675, 21.40104166700806587 ) ) ;
#263 =( BOUNDED_CURVE ( )  B_SPLINE_CURVE ( 2, ( #282, #75, #765, #1471, #2159, #1125, #1823 ),
 .UNSPECIFIED., .F., .F. ) 
 B_SPLINE_CURVE_WITH_KNOTS ( ( 3, 2, 2, 3 ),
 ( 0.5000000000000004441, 0.5333333333333337700, 0.5666666666666672070, 0.6000000000000005329 ),
 .UNSPECIFIED. ) 
 CURVE ( )  GEOMETRIC_REPRESENTATION_ITEM ( )  RATIONAL_B_SPLINE_CURVE ( ( 0.9999999999999982236, 0.8660254037844404840, 1.000000000000000000, 0.8660254037844387076, 1.000000000000000000, 0.8660254037844364872, 1.000000000000002220 ) ) 
 REPRESENTATION_ITEM ( '' )  );
#264 = CARTESIAN_POINT ( 'NONE',  ( 25.00000000000000000, 33.46033075441374649, 20.29687500034139447 ) ) ;
#265 = CARTESIAN_POINT ( 'NONE',  ( 24.99999999999998934, 29.24999999999984013, 23.21233490781580144 ) ) ;
#266 = CARTESIAN_POINT ( 'NONE',  ( 26.05965178180684916, 32.76986062403355504, 19.63370938792548515 ) ) ;
#267 = EDGE_LOOP ( 'NONE', ( #1263, #58, #1608, #1987 ) ) ;
#268 = CARTESIAN_POINT ( 'NONE',  ( 24.54601261546731905, 30.67251009774071591, 19.69353472748354505 ) ) ;
#269 = CARTESIAN_POINT ( 'NONE',  ( 17.31345768743080527, 0.000000000000000000, 18.69684973181665200 ) ) ;
#270 = CARTESIAN_POINT ( 'NONE',  ( 24.30000000000000071, 33.21243556529821461, 21.41666666666666785 ) ) ;
#271 = CARTESIAN_POINT ( 'NONE',  ( 25.00000000000000000, 0.000000000000000000, 19.71233490781575171 ) ) ;
#272 = CARTESIAN_POINT ( 'NONE',  ( 25.63234176562500011, 33.09524806581030987, 21.19270833367473017 ) ) ;
#273 = CARTESIAN_POINT ( 'NONE',  ( 24.36765823437500345, 33.09524806581030987, 19.83854166700806587 ) ) ;
#274 = EDGE_LOOP ( 'NONE', ( #1080, #1679 ) ) ;
#275 = CARTESIAN_POINT ( 'NONE',  ( 25.69999999999999929, 33.21243556529821461, 20.61458333401612819 ) ) ;
#276 = CARTESIAN_POINT ( 'NONE',  ( 50.00000000000000000, 5.000000000000000000, 4.799999999999999822 ) ) ;
#277 = CARTESIAN_POINT ( 'NONE',  ( 23.60000000000000142, 32.80829037686547167, 21.95833333333333215 ) ) ;
#278 = ORIENTED_EDGE ( 'NONE', *, *, #1058, .T. ) ;
#279 = CARTESIAN_POINT ( 'NONE',  ( 23.60000000000000142, 32.00000000000000000, 20.49999999999999645 ) ) ;
#280 = DIRECTION ( 'NONE',  ( -0.000000000000000000, -1.000000000000000000, -0.000000000000000000 ) ) ;
#281 = ORIENTED_EDGE ( 'NONE', *, *, #1435, .F. ) ;
#282 = CARTESIAN_POINT ( 'NONE',  ( 26.39999999999999858, 32.00000000000000000, 20.74999999999999645 ) ) ;
#283 = STYLED_ITEM ( 'NONE', ( #153 ), #564 ) ;
#284 = ORIENTED_EDGE ( 'NONE', *, *, #1451, .T. ) ;
#285 = CIRCLE ( 'NONE', #1891, 5.300000000000002487 ) ;
#286 = CARTESIAN_POINT ( 'NONE',  ( 23.60000000000000497, 32.80829037686547167, 20.23958333401612819 ) ) ;
#287 = EDGE_CURVE ( 'NONE', #1287, #2198, #1082, .T. ) ;
#288 = VECTOR ( 'NONE', #823, 1000.000000000000000 ) ;
#289 = FACE_OUTER_BOUND ( 'NONE', #1361, .T. ) ;
#290 = LINE ( 'NONE', #1758, #1377 ) ;
#291 = EDGE_CURVE ( 'NONE', #2102, #1534, #290, .T. ) ;
#292 = ORIENTED_EDGE ( 'NONE', *, *, #396, .T. ) ;
#293 = CARTESIAN_POINT ( 'NONE',  ( 23.60000000000000497, 31.19170962313452478, 21.54166666666666075 ) ) ;
#294 = CARTESIAN_POINT ( 'NONE',  ( 23.60000000000066933, 32.00000093699005532, 19.78123118298734440 ) ) ;
#295 = DIRECTION ( 'NONE',  ( 0.000000000000000000, 0.000000000000000000, 1.000000000000000000 ) ) ;
#296 =( NAMED_UNIT ( * ) SI_UNIT ( $, .STERADIAN. ) SOLID_ANGLE_UNIT ( ) );
#297 = CARTESIAN_POINT ( 'NONE',  ( 25.63234176562500011, 33.09524806581030987, 19.69270833367473017 ) ) ;
#298 = VECTOR ( 'NONE', #665, 1000.000000000000000 ) ;
#299 = CARTESIAN_POINT ( 'NONE',  ( 24.36765823437500345, 33.09524806581030987, 21.27604166700806232 ) ) ;
#300 = ORIENTED_EDGE ( 'NONE', *, *, #1648, .F. ) ;
#301 = ORIENTED_EDGE ( 'NONE', *, *, #2135, .T. ) ;
#302 = CARTESIAN_POINT ( 'NONE',  ( 23.59999999999999076, 31.19170962313453543, 20.04166666666666430 ) ) ;
#303 = CARTESIAN_POINT ( 'NONE',  ( 26.39999999999150049, 31.99999512185726402, 20.53124950273623028 ) ) ;
#304 = EDGE_LOOP ( 'NONE', ( #1651, #1399, #1010, #871, #1742 ) ) ;
#305 = LINE ( 'NONE', #988, #688 ) ;
#306 = SURFACE_STYLE_FILL_AREA ( #1883 ) ;
#307 = CARTESIAN_POINT ( 'NONE',  ( 23.73531646875000689, 31.26983462279312675, 20.40104166700806587 ) ) ;
#308 = ORIENTED_EDGE ( 'NONE', *, *, #2003, .F. ) ;
#309 = ORIENTED_EDGE ( 'NONE', *, *, #785, .T. ) ;
#310 = ADVANCED_FACE ( 'NONE', ( #190 ), #177, .F. ) ;
#311 = PLANE ( 'NONE',  #1391 ) ;
#312 = CARTESIAN_POINT ( 'NONE',  ( 26.13262932357053714, 32.82289173954455919, 19.58989836420234454 ) ) ;
#313 = CARTESIAN_POINT ( 'NONE',  ( 25.63234176562500011, 33.09524806581030987, 21.25520833367473017 ) ) ;
#314 = CARTESIAN_POINT ( 'NONE',  ( 25.00000000000000000, 33.61658075373095755, 21.37500000000000000 ) ) ;
#315 = CARTESIAN_POINT ( 'NONE',  ( 45.78860307263031615, -21.42197759079808606, 26.00000000000000000 ) ) ;
#316 = CARTESIAN_POINT ( 'NONE',  ( 26.26468353125000021, 32.00000000000000000, 21.10937500034139802 ) ) ;
#317 = ORIENTED_EDGE ( 'NONE', *, *, #1974, .F. ) ;
#318 = ORIENTED_EDGE ( 'NONE', *, *, #319, .T. ) ;
#319 = EDGE_CURVE ( 'NONE', #197, #1056, #353, .T. ) ;
#320 = VECTOR ( 'NONE', #1054, 1000.000000000000000 ) ;
#321 = DIRECTION ( 'NONE',  ( 1.000000000000000000, -0.000000000000000000, 0.000000000000000000 ) ) ;
#322 =( BOUNDED_CURVE ( )  B_SPLINE_CURVE ( 2, ( #1201, #168, #2055, #640, #1341, #302, #1011 ),
 .UNSPECIFIED., .F., .T. ) 
 B_SPLINE_CURVE_WITH_KNOTS ( ( 3, 2, 2, 3 ),
 ( 0.7000000000000006217, 0.7333333333333339477, 0.7666666666666673846, 0.8000000000000007105 ),
 .UNSPECIFIED. ) 
 CURVE ( )  GEOMETRIC_REPRESENTATION_ITEM ( )  RATIONAL_B_SPLINE_CURVE ( ( 0.9999999999999973355, 0.8660254037844413721, 1.000000000000000000, 0.8660254037844387076, 1.000000000000000000, 0.8660254037844360431, 1.000000000000002665 ) ) 
 REPRESENTATION_ITEM ( '' )  );
#323 = ORIENTED_EDGE ( 'NONE', *, *, #1374, .F. ) ;
#324 = AXIS2_PLACEMENT_3D ( 'NONE', #760, #744, #2129 ) ;
#325 = CARTESIAN_POINT ( 'NONE',  ( 25.69999999999999929, 30.78756443470178894, 20.16666666666666430 ) ) ;
#326 = EDGE_CURVE ( 'NONE', #1243, #2120, #21, .T. ) ;
#327 = DIRECTION ( 'NONE',  ( -0.000000000000000000, -1.000000000000000000, -0.000000000000000000 ) ) ;
#328 = CARTESIAN_POINT ( 'NONE',  ( 26.06841291599681298, 32.91127929159443966, 19.60394495950302129 ) ) ;
#329 = CARTESIAN_POINT ( 'NONE',  ( 25.00000000000000000, 30.53966924558625351, 20.48437500034139447 ) ) ;
#330 = PRODUCT_DEFINITION_SHAPE ( 'NONE', 'NONE',  #1784 ) ;
#331 = ORIENTED_EDGE ( 'NONE', *, *, #715, .F. ) ;
#332 = AXIS2_PLACEMENT_3D ( 'NONE', #315, #1170, #2227 ) ;
#333 = LINE ( 'NONE', #981, #1866 ) ;
#334 = VECTOR ( 'NONE', #1475, 1000.000000000000114 ) ;
#335 = CARTESIAN_POINT ( 'NONE',  ( 25.00000000000000000, 33.46033075441374649, 20.79687500034139802 ) ) ;
#336 = CARTESIAN_POINT ( 'NONE',  ( 25.69999999999999929, 30.78756443470178894, 21.44791666734946034 ) ) ;
#337 = CARTESIAN_POINT ( 'NONE',  ( 27.73192806826981283, 31.63729069161962926, 22.77761725750238497 ) ) ;
#338 = ORIENTED_EDGE ( 'NONE', *, *, #1737, .F. ) ;
#339 = FACE_BOUND ( 'NONE', #777, .T. ) ;
#340 = CARTESIAN_POINT ( 'NONE',  ( 26.26468353125000021, 32.00000000000000000, 21.17187500034139802 ) ) ;
#341 = ORIENTED_EDGE ( 'NONE', *, *, #1168, .T. ) ;
#342 = CARTESIAN_POINT ( 'NONE',  ( 23.73531646875000689, 32.73016537720688035, 20.81770833367473017 ) ) ;
#343 = LINE ( 'NONE', #649, #37 ) ;
#344 = CARTESIAN_POINT ( 'NONE',  ( 23.73531646875000334, 32.00000000000000000, 21.85937500034139802 ) ) ;
#345 = CARTESIAN_POINT ( 'NONE',  ( 26.26468353125000021, 32.73016537720688035, 20.21354166700806587 ) ) ;
#346 = CARTESIAN_POINT ( 'NONE',  ( 24.30000000000000071, 30.78756443470178894, 20.36458333401612819 ) ) ;
#347 = B_SPLINE_CURVE_WITH_KNOTS ( 'NONE', 3,
 ( #416, #1106, #1810, #82, #772, #1134, #243, #1820, #1831, #268, #950, #1660, #93, #784 ),
 .UNSPECIFIED., .F., .F.,
 ( 4, 2, 2, 2, 2, 2, 4 ),
 ( 0.006594693305065976383, 0.006869364421013983424, 0.007144035536961989598, 0.007693377768858026232, 0.008242720000754061999, 0.008517391116702086387, 0.008792062232650109041 ),
 .UNSPECIFIED. ) ;
#348 = ORIENTED_EDGE ( 'NONE', *, *, #821, .F. ) ;
#349 = CARTESIAN_POINT ( 'NONE',  ( 26.39999999999999858, 32.00000000000000000, 17.00000000000000000 ) ) ;
#350 = EDGE_CURVE ( 'NONE', #81, #816, #1046, .T. ) ;
#351 = CARTESIAN_POINT ( 'NONE',  ( 23.73531646875000689, 32.73016537720687325, 21.88020833367473372 ) ) ;
#352 = EDGE_LOOP ( 'NONE', ( #28, #300, #232, #1554 ) ) ;
#353 = LINE ( 'NONE', #1950, #1890 ) ;
#354 = EDGE_CURVE ( 'NONE', #949, #1421, #1885, .T. ) ;
#355 = CARTESIAN_POINT ( 'NONE',  ( 25.00000000000000000, 33.46033075441374649, 20.73437500034139802 ) ) ;
#356 = CARTESIAN_POINT ( 'NONE',  ( 25.36004282118221909, 34.73235410655914990, 23.20677174414113608 ) ) ;
#357 = VECTOR ( 'NONE', #199, 1000.000000000000000 ) ;
#358 = CARTESIAN_POINT ( 'NONE',  ( 23.60000000000000142, 32.00000000000000000, 22.00000000000000000 ) ) ;
#359 = CARTESIAN_POINT ( 'NONE',  ( 26.39999999999999858, 32.00000000000000000, 20.53125000068279604 ) ) ;
#360 = CARTESIAN_POINT ( 'NONE',  ( 22.52961088231895914, 30.77856515041327512, 22.85877545107454978 ) ) ;
#361 = EDGE_CURVE ( 'NONE', #1522, #992, #2001, .T. ) ;
#362 = ORIENTED_EDGE ( 'NONE', *, *, #1524, .F. ) ;
#363 = VECTOR ( 'NONE', #1593, 1000.000000000000000 ) ;
#364 = CARTESIAN_POINT ( 'NONE',  ( 17.31345768743080527, 50.00000000000000000, 18.69684973181665200 ) ) ;
#365 = EDGE_LOOP ( 'NONE', ( #676, #225, #1965, #2061, #39 ) ) ;
#366 = CARTESIAN_POINT ( 'NONE',  ( 23.60000000000000142, 32.00000000000000000, 20.49999999999999645 ) ) ;
#367 = FACE_OUTER_BOUND ( 'NONE', #209, .T. ) ;
#368 = CARTESIAN_POINT ( 'NONE',  ( 23.60000000000000142, 32.00000000000000000, 17.00000000000000000 ) ) ;
#369 = AXIS2_PLACEMENT_3D ( 'NONE', #1520, #1189, #2216 ) ;
#370 = CARTESIAN_POINT ( 'NONE',  ( 23.73531646875000689, 32.73016537720688035, 20.38020833367473372 ) ) ;
#371 = CARTESIAN_POINT ( 'NONE',  ( 25.69999999999999929, 33.21243556529821461, 19.61458333401612819 ) ) ;
#372 = CARTESIAN_POINT ( 'NONE',  ( 26.39999999999999858, 32.00000000000000000, 17.00000000000000000 ) ) ;
#373 = EDGE_LOOP ( 'NONE', ( #476, #1757, #771, #136, #393, #2218 ) ) ;
#374 = LINE ( 'NONE', #1216, #66 ) ;
#375 = ORIENTED_EDGE ( 'NONE', *, *, #291, .T. ) ;
#376 = DIRECTION ( 'NONE',  ( 0.000000000000000000, 0.000000000000000000, -1.000000000000000000 ) ) ;
#377 = CARTESIAN_POINT ( 'NONE',  ( 25.63234176562500011, 30.90475193418969369, 21.52604166700806232 ) ) ;
#378 = DIRECTION ( 'NONE',  ( -0.000000000000000000, -0.000000000000000000, -1.000000000000000000 ) ) ;
#379 = CARTESIAN_POINT ( 'NONE',  ( 23.60000000000000142, 32.00000000000000000, 20.49999999999999645 ) ) ;
#380 = CARTESIAN_POINT ( 'NONE',  ( 26.13262379212497777, 32.82289935320937957, 19.58162737262176023 ) ) ;
#381 = LINE ( 'NONE', #1828, #1824 ) ;
#382 = ORIENTED_EDGE ( 'NONE', *, *, #1115, .T. ) ;
#383 = CARTESIAN_POINT ( 'NONE',  ( 25.63234176562500011, 33.09524806581030987, 19.69270833367473017 ) ) ;
#384 = ORIENTED_EDGE ( 'NONE', *, *, #217, .F. ) ;
#385 = CARTESIAN_POINT ( 'NONE',  ( 23.60000000000000142, 32.00000000000000000, 19.99999999999999645 ) ) ;
#386 = EDGE_CURVE ( 'NONE', #1846, #810, #709, .T. ) ;
#387 = CARTESIAN_POINT ( 'NONE',  ( 25.63234176562500011, 33.09524806581030987, 20.69270833367473017 ) ) ;
#388 = ORIENTED_EDGE ( 'NONE', *, *, #2077, .F. ) ;
#389 = LINE ( 'NONE', #1929, #1751 ) ;
#390 = EDGE_CURVE ( 'NONE', #2252, #957, #1939, .T. ) ;
#391 = CARTESIAN_POINT ( 'NONE',  ( 24.30000000000000071, 30.78756443470178894, 20.36458333401612819 ) ) ;
#392 = DIRECTION ( 'NONE',  ( -0.000000000000000000, -0.000000000000000000, 1.000000000000000000 ) ) ;
#393 = ORIENTED_EDGE ( 'NONE', *, *, #396, .F. ) ;
#394 = DIRECTION ( 'NONE',  ( 1.000000000000000000, 0.000000000000000000, 0.000000000000000000 ) ) ;
#395 = CARTESIAN_POINT ( 'NONE',  ( 25.00000000000000000, 33.39999999999999858, 19.71233490781575171 ) ) ;
#396 = EDGE_CURVE ( 'NONE', #863, #1243, #535, .T. ) ;
#397 = CARTESIAN_POINT ( 'NONE',  ( 23.73531646875000689, 32.73016537720687325, 20.88020833367473372 ) ) ;
#398 = AXIS2_PLACEMENT_3D ( 'NONE', #1218, #549, #1915 ) ;
#399 = DIRECTION ( 'NONE',  ( 0.000000000000000000, 0.000000000000000000, 1.000000000000000000 ) ) ;
#400 = CIRCLE ( 'NONE', #1859, 2.749999999999999112 ) ;
#401 = CARTESIAN_POINT ( 'NONE',  ( 23.73531646875000689, 32.73016537720688035, 19.81770833367473372 ) ) ;
#402 = CARTESIAN_POINT ( 'NONE',  ( 27.18513614633945608, 33.67924377572894201, 22.93734890943981597 ) ) ;
#403 = CARTESIAN_POINT ( 'NONE',  ( 24.30000000000000071, 33.21243556529821461, 19.91666666666666430 ) ) ;
#404 = DIRECTION ( 'NONE',  ( 0.000000000000000000, 1.000000000000000000, 0.000000000000000000 ) ) ;
#405 = VECTOR ( 'NONE', #551, 1000.000000000000000 ) ;
#406 = VERTEX_POINT ( 'NONE', #1595 ) ;
#407 = LINE ( 'NONE', #1307, #1234 ) ;
#408 = CARTESIAN_POINT ( 'NONE',  ( 25.63234176562500011, 33.09524806581030987, 20.25520833367473017 ) ) ;
#409 = VERTEX_POINT ( 'NONE', #2116 ) ;
#410 = CARTESIAN_POINT ( 'NONE',  ( 25.00000000000000000, 32.00000000000000000, 22.00000000000000000 ) ) ;
#411 = CARTESIAN_POINT ( 'NONE',  ( 26.26468353125000021, 32.00000000000000000, 20.67187500034139802 ) ) ;
#412 = CARTESIAN_POINT ( 'NONE',  ( 25.00000000000000000, 33.61658075373095755, 20.65625000068279249 ) ) ;
#413 = DIRECTION ( 'NONE',  ( 1.000000000000000000, 0.000000000000000000, 0.000000000000000000 ) ) ;
#414 = DIRECTION ( 'NONE',  ( 1.000000000000000000, -0.000000000000000000, 0.000000000000000000 ) ) ;
#415 = ORIENTED_EDGE ( 'NONE', *, *, #1226, .F. ) ;
#416 = CARTESIAN_POINT ( 'NONE',  ( 23.59999999999999787, 32.00000000000000000, 19.52408607546857056 ) ) ;
#417 = DIRECTION ( 'NONE',  ( -0.000000000000000000, -0.000000000000000000, 1.000000000000000000 ) ) ;
#418 = DIRECTION ( 'NONE',  ( -0.000000000000000000, -0.000000000000000000, 1.000000000000000000 ) ) ;
#419 = CARTESIAN_POINT ( 'NONE',  ( 23.73531646875000689, 32.73016537720688035, 20.81770833367473017 ) ) ;
#420 = CARTESIAN_POINT ( 'NONE',  ( 26.26468353125000021, 32.00000000000000000, 21.67187500034139802 ) ) ;
#421 = ORIENTED_EDGE ( 'NONE', *, *, #1576, .F. ) ;
#422 = CARTESIAN_POINT ( 'NONE',  ( 23.60000000000000142, 32.00000000000000000, 20.78125000068279604 ) ) ;
#423 = EDGE_CURVE ( 'NONE', #654, #1522, #2107, .T. ) ;
#424 = DIRECTION ( 'NONE',  ( -1.214306433183764966E-16, 0.000000000000000000, 1.000000000000000000 ) ) ;
#425 = CARTESIAN_POINT ( 'NONE',  ( 8.500000000000015987, 50.00000000000000000, 0.000000000000000000 ) ) ;
#426 = ORIENTED_EDGE ( 'NONE', *, *, #1737, .T. ) ;
#427 = CARTESIAN_POINT ( 'NONE',  ( 26.39999999999150049, 31.99999512185726402, 20.53124950273623028 ) ) ;
#428 = CARTESIAN_POINT ( 'NONE',  ( 25.92623068388840935, 30.94626326382591941, 19.63118285328262402 ) ) ;
#429 = LINE ( 'NONE', #17, #320 ) ;
#430 = CARTESIAN_POINT ( 'NONE',  ( 24.36765823437500345, 30.90475193418969369, 20.50520833367473017 ) ) ;
#431 = ORIENTED_EDGE ( 'NONE', *, *, #1995, .T. ) ;
#432 = DIRECTION ( 'NONE',  ( 0.000000000000000000, 1.000000000000000000, 0.000000000000000000 ) ) ;
#433 = AXIS2_PLACEMENT_3D ( 'NONE', #1963, #414, #1808 ) ;
#434 = CARTESIAN_POINT ( 'NONE',  ( 25.00000000000000000, 30.38341924626904955, 21.40625000068279604 ) ) ;
#435 = CARTESIAN_POINT ( 'NONE',  ( 26.40000000000000568, 32.80829037686547167, 21.79166666666666430 ) ) ;
#436 = ORIENTED_EDGE ( 'NONE', *, *, #1132, .F. ) ;
#437 = FACE_OUTER_BOUND ( 'NONE', #189, .T. ) ;
#438 = AXIS2_PLACEMENT_3D ( 'NONE', #492, #280, #2026 ) ;
#439 = CARTESIAN_POINT ( 'NONE',  ( 26.39999999999999858, 32.00000000000000000, 21.75000000000000000 ) ) ;
#440 = CARTESIAN_POINT ( 'NONE',  ( 23.73531646875000689, 32.73016537720687325, 20.38020833367472662 ) ) ;
#441 = CARTESIAN_POINT ( 'NONE',  ( 24.36765823437500345, 33.09524806581030987, 20.27604166700806587 ) ) ;
#442 = CARTESIAN_POINT ( 'NONE',  ( 26.26468353125000021, 32.00000000000000000, 20.17187500034139447 ) ) ;
#443 = EDGE_LOOP ( 'NONE', ( #2231, #1946 ) ) ;
#444 = CARTESIAN_POINT ( 'NONE',  ( 24.30000000000000071, 33.21243556529821461, 20.69791666734946389 ) ) ;
#445 = CARTESIAN_POINT ( 'NONE',  ( 26.13263484499672273, 32.82288413967072671, 19.58438436977654717 ) ) ;
#446 = CARTESIAN_POINT ( 'NONE',  ( 23.73531646875000334, 32.00000000000000000, 21.92187500034139802 ) ) ;
#447 = CARTESIAN_POINT ( 'NONE',  ( 26.40000000000000213, 31.19170962313452478, 21.20833333333333215 ) ) ;
#448 = CARTESIAN_POINT ( 'NONE',  ( 25.00000000000000000, 32.00000000000000000, 17.00000000000000000 ) ) ;
#449 = FACE_OUTER_BOUND ( 'NONE', #928, .T. ) ;
#450 = ORIENTED_EDGE ( 'NONE', *, *, #1265, .F. ) ;
#451 = LINE ( 'NONE', #1980, #1485 ) ;
#452 = CARTESIAN_POINT ( 'NONE',  ( 23.73531646875000334, 32.00000000000000000, 19.85937500034139802 ) ) ;
#453 = ORIENTED_EDGE ( 'NONE', *, *, #1195, .F. ) ;
#454 = CARTESIAN_POINT ( 'NONE',  ( 25.69999999999999929, 30.78756443470178894, 19.94791666734946389 ) ) ;
#455 = EDGE_CURVE ( 'NONE', #1696, #1846, #558, .T. ) ;
#456 = DIRECTION ( 'NONE',  ( 0.000000000000000000, 0.000000000000000000, 1.000000000000000000 ) ) ;
#457 = CARTESIAN_POINT ( 'NONE',  ( 3.500000000000004441, 50.00000000000000000, 5.000000000000000000 ) ) ;
#458 = ORIENTED_EDGE ( 'NONE', *, *, #361, .F. ) ;
#459 = CARTESIAN_POINT ( 'NONE',  ( 26.40000000000000213, 32.80829037686547167, 21.79166666666666430 ) ) ;
#460 = CARTESIAN_POINT ( 'NONE',  ( 24.30000000000000071, 30.78756443470178894, 19.86458333401612819 ) ) ;
#461 = LINE ( 'NONE', #1320, #298 ) ;
#462 = CARTESIAN_POINT ( 'NONE',  ( 26.39999999999999858, 32.00000000000000000, 20.74999999999999645 ) ) ;
#463 = CARTESIAN_POINT ( 'NONE',  ( 24.36765823437500345, 33.09524806581030987, 19.77604166700806587 ) ) ;
#464 = CARTESIAN_POINT ( 'NONE',  ( 26.26468353125000021, 31.26983462279312675, 21.56770833367473017 ) ) ;
#465 = ORIENTED_EDGE ( 'NONE', *, *, #586, .T. ) ;
#466 = VERTEX_POINT ( 'NONE', #2125 ) ;
#467 = VECTOR ( 'NONE', #2089, 1000.000000000000000 ) ;
#468 = DIRECTION ( 'NONE',  ( 0.000000000000000000, 0.000000000000000000, -1.000000000000000000 ) ) ;
#469 = CARTESIAN_POINT ( 'NONE',  ( 25.00000000000000000, 33.39999999999999858, 19.71233490781575171 ) ) ;
#470 = CIRCLE ( 'NONE', #498, 5.650000000000002132 ) ;
#471 = EDGE_CURVE ( 'NONE', #1171, #1067, #1384, .T. ) ;
#472 = DIRECTION ( 'NONE',  ( -1.000000000000000000, 0.000000000000000000, -0.000000000000000000 ) ) ;
#473 = CARTESIAN_POINT ( 'NONE',  ( 4.211396927369683851, 50.00000000000000000, 11.00000000000000000 ) ) ;
#474 = VECTOR ( 'NONE', #603, 1000.000000000000000 ) ;
#475 = CARTESIAN_POINT ( 'NONE',  ( 24.36765823437500345, 30.90475193418969369, 20.44270833367473017 ) ) ;
#476 = ORIENTED_EDGE ( 'NONE', *, *, #1204, .F. ) ;
#477 = ORIENTED_EDGE ( 'NONE', *, *, #1401, .T. ) ;
#478 = DIRECTION ( 'NONE',  ( 0.000000000000000000, -0.000000000000000000, 1.000000000000000000 ) ) ;
#479 = CARTESIAN_POINT ( 'NONE',  ( 26.13263033445132422, 32.82289034831912744, 19.58162671371539787 ) ) ;
#480 = ORIENTED_EDGE ( 'NONE', *, *, #1838, .F. ) ;
#481 = CARTESIAN_POINT ( 'NONE',  ( 23.60000000000000497, 32.80829037686547167, 20.45833333333333215 ) ) ;
#482 = DIRECTION ( 'NONE',  ( -0.000000000000000000, -1.000000000000000000, -0.000000000000000000 ) ) ;
#483 = EDGE_CURVE ( 'NONE', #904, #1863, #1791, .T. ) ;
#484 = DIRECTION ( 'NONE',  ( -0.000000000000000000, -0.000000000000000000, -1.000000000000000000 ) ) ;
#485 = CARTESIAN_POINT ( 'NONE',  ( 50.00000000000000000, 50.00000000000000000, 0.000000000000000000 ) ) ;
#486 = VERTEX_POINT ( 'NONE', #271 ) ;
#487 = ORIENTED_EDGE ( 'NONE', *, *, #354, .T. ) ;
#488 = CARTESIAN_POINT ( 'NONE',  ( 25.11282387796061855, 33.55144185741937690, 19.64953429366133619 ) ) ;
#489 = ADVANCED_FACE ( 'NONE', ( #1644, #61 ), #1461, .T. ) ;
#490 = CARTESIAN_POINT ( 'NONE',  ( 23.73531646875000689, 31.26983462279312675, 21.46354166700806232 ) ) ;
#491 = CARTESIAN_POINT ( 'NONE',  ( 25.00000000000000000, 30.38341924626904955, 20.62500000000000000 ) ) ;
#492 = CARTESIAN_POINT ( 'NONE',  ( 25.00000000000000000, 0.000000000000000000, 14.41233490781574922 ) ) ;
#493 = DIRECTION ( 'NONE',  ( 1.000000000000000000, 0.000000000000000000, 0.000000000000000000 ) ) ;
#494 = CARTESIAN_POINT ( 'NONE',  ( 23.73531646875000334, 32.00000000000000000, 20.85937500034139802 ) ) ;
#495 = ORIENTED_EDGE ( 'NONE', *, *, #785, .F. ) ;
#496 = DIRECTION ( 'NONE',  ( 0.000000000000000000, 1.000000000000000000, 0.000000000000000000 ) ) ;
#497 = CARTESIAN_POINT ( 'NONE',  ( 24.36765823437500345, 33.09524806581030987, 19.83854166700806587 ) ) ;
#498 = AXIS2_PLACEMENT_3D ( 'NONE', #2100, #188, #1561 ) ;
#499 = CARTESIAN_POINT ( 'NONE',  ( 26.39999999999999858, 32.00000000000000000, 20.03125000068279604 ) ) ;
#500 = CARTESIAN_POINT ( 'NONE',  ( 23.60000000000000142, 32.00000000000000000, 17.00000000000000000 ) ) ;
#501 = VERTEX_POINT ( 'NONE', #575 ) ;
#502 =( LENGTH_UNIT ( ) NAMED_UNIT ( * ) SI_UNIT ( .MILLI., .METRE. ) );
#503 = CARTESIAN_POINT ( 'NONE',  ( 25.63234176562500011, 33.09524806581030987, 21.25520833367473017 ) ) ;
#504 = ORIENTED_EDGE ( 'NONE', *, *, #350, .F. ) ;
#505 = AXIS2_PLACEMENT_3D ( 'NONE', #1781, #378, #900 ) ;
#506 = DIRECTION ( 'NONE',  ( 0.000000000000000000, 0.000000000000000000, 1.000000000000000000 ) ) ;
#507 = CARTESIAN_POINT ( 'NONE',  ( 23.60000000000000497, 31.19170962313452478, 21.54166666666666075 ) ) ;
#508 = CARTESIAN_POINT ( 'NONE',  ( 24.30000000000000071, 30.78756443470178894, 20.86458333401612819 ) ) ;
#509 = VERTEX_POINT ( 'NONE', #1990 ) ;
#510 = CARTESIAN_POINT ( 'NONE',  ( 3.500000000000004441, 0.000000000000000000, 5.000000000000000000 ) ) ;
#511 = EDGE_CURVE ( 'NONE', #1001, #1546, #451, .T. ) ;
#512 = CARTESIAN_POINT ( 'NONE',  ( 46.50000000000000000, 50.00000000000000000, 5.000000000000000000 ) ) ;
#513 = EDGE_LOOP ( 'NONE', ( #222, #1842, #458, #1582, #338, #1295, #836, #1954, #2006, #450, #1175, #1619 ) ) ;
#514 = CARTESIAN_POINT ( 'NONE',  ( 22.25000000000000355, 32.00000000000000000, 22.77161119227961805 ) ) ;
#515 = EDGE_CURVE ( 'NONE', #2052, #1696, #263, .T. ) ;
#516 = CARTESIAN_POINT ( 'NONE',  ( 26.26468353125000021, 32.00000000000000000, 20.67187500034139802 ) ) ;
#517 = CARTESIAN_POINT ( 'NONE',  ( 23.60000000000000497, 32.80829037686547167, 19.73958333401613174 ) ) ;
#518 = B_SPLINE_CURVE_WITH_KNOTS ( 'NONE', 3,
 ( #1262, #1470, #2158, #764, #598, #1298, #259, #1989, #428, #1822, #84, #1481, #2171, #608 ),
 .UNSPECIFIED., .F., .F.,
 ( 4, 2, 2, 2, 2, 2, 4 ),
 ( 0.000000000000000000, 0.0002748641205157391419, 0.0005497282410314782838, 0.0008245923615472174799, 0.001099456482062956568, 0.001649184723094429105, 0.002198912964125901426 ),
 .UNSPECIFIED. ) ;
#519 = PRODUCT ( 'extruder_syringe_mount_simple', 'extruder_syringe_mount_simple', '', ( #1007 ) ) ;
#520 = CARTESIAN_POINT ( 'NONE',  ( 26.02316228924797059, 32.74334605943384702, 19.65975105446763749 ) ) ;
#521 = EDGE_LOOP ( 'NONE', ( #1864, #2167, #1949, #732 ) ) ;
#522 = DIRECTION ( 'NONE',  ( -0.000000000000000000, -0.000000000000000000, 1.000000000000000000 ) ) ;
#523 = ORIENTED_EDGE ( 'NONE', *, *, #390, .T. ) ;
#524 = CARTESIAN_POINT ( 'NONE',  ( 25.69999999999999929, 33.21243556529821461, 20.11458333401612819 ) ) ;
#525 = CARTESIAN_POINT ( 'NONE',  ( 26.26468353125000021, 32.00000000000000000, 20.60937500034139802 ) ) ;
#526 = CARTESIAN_POINT ( 'NONE',  ( 27.75000000000000000, 32.00000000000000000, 22.77161119227962160 ) ) ;
#527 = CARTESIAN_POINT ( 'NONE',  ( 26.40000000000000213, 31.19170962313452478, 21.20833333333333215 ) ) ;
#528 = CARTESIAN_POINT ( 'NONE',  ( 25.00000000000000000, 30.38341924626904955, 20.40625000068279959 ) ) ;
#529 = DIRECTION ( 'NONE',  ( -0.000000000000000000, -0.000000000000000000, 1.000000000000000000 ) ) ;
#530 = AXIS2_PLACEMENT_3D ( 'NONE', #1988, #739, #1999 ) ;
#531 = VERTEX_POINT ( 'NONE', #261 ) ;
#532 = CARTESIAN_POINT ( 'NONE',  ( 24.30000000000000071, 30.78756443470178894, 20.86458333401612819 ) ) ;
#533 = DIRECTION ( 'NONE',  ( 0.000000000000000000, 1.000000000000000000, 0.000000000000000000 ) ) ;
#534 = EDGE_LOOP ( 'NONE', ( #1594, #1340, #31, #1358, #1329, #835, #973, #1133, #1548, #309, #1716, #2079, #1707, #783, #318, #1146, #292 ) ) ;
#535 = LINE ( 'NONE', #202, #103 ) ;
#536 = B_SPLINE_CURVE_WITH_KNOTS ( 'NONE', 3,
 ( #1257, #1465, #1817, #1785, #252, #936 ),
 .UNSPECIFIED., .F., .F.,
 ( 4, 2, 4 ),
 ( 0.002198912964125901426, 0.002637937403280722105, 0.003076961842435542785 ),
 .UNSPECIFIED. ) ;
#537 = EDGE_CURVE ( 'NONE', #705, #1438, #1675, .T. ) ;
#538 = DIRECTION ( 'NONE',  ( -0.000000000000000000, -0.000000000000000000, 1.000000000000000000 ) ) ;
#539 = CARTESIAN_POINT ( 'NONE',  ( 3.500000000000004441, 4.999999999999997335, 5.000000000000000000 ) ) ;
#540 = VECTOR ( 'NONE', #1731, 1000.000000000000000 ) ;
#541 = CARTESIAN_POINT ( 'NONE',  ( 24.30000000000000071, 33.21243556529821461, 21.91666666666666430 ) ) ;
#542 = CARTESIAN_POINT ( 'NONE',  ( 26.39999999999999858, 32.00000000000000000, 21.53125000068279604 ) ) ;
#543 = CARTESIAN_POINT ( 'NONE',  ( 25.00000000000000000, 32.00000000000000000, 17.00000000000000000 ) ) ;
#544 = ORIENTED_EDGE ( 'NONE', *, *, #1021, .F. ) ;
#545 = DIRECTION ( 'NONE',  ( 0.000000000000000000, 0.000000000000000000, 1.000000000000000000 ) ) ;
#546 = ADVANCED_FACE ( 'NONE', ( #1448 ), #1277, .F. ) ;
#547 = CARTESIAN_POINT ( 'NONE',  ( 23.73531646875000689, 31.26983462279312675, 21.46354166700806232 ) ) ;
#548 = EDGE_LOOP ( 'NONE', ( #1523, #729, #2015 ) ) ;
#549 = DIRECTION ( 'NONE',  ( 0.000000000000000000, 0.000000000000000000, -1.000000000000000000 ) ) ;
#550 = CARTESIAN_POINT ( 'NONE',  ( 23.73531646875000689, 32.73016537720688035, 21.81770833367473372 ) ) ;
#551 = DIRECTION ( 'NONE',  ( -0.000000000000000000, 1.000000000000000000, -0.000000000000000000 ) ) ;
#552 = EDGE_CURVE ( 'NONE', #1287, #980, #1491, .T. ) ;
#553 = CARTESIAN_POINT ( 'NONE',  ( 23.60000000000573550, 31.99999729306632190, 20.28130517834050650 ) ) ;
#554 = CARTESIAN_POINT ( 'NONE',  ( 41.49999999999998579, 50.00000000000000000, 0.000000000000000000 ) ) ;
#555 = ORIENTED_EDGE ( 'NONE', *, *, #722, .T. ) ;
#556 = CARTESIAN_POINT ( 'NONE',  ( 24.28231978402762081, 34.66081688470298872, 23.18480931758747587 ) ) ;
#557 = CARTESIAN_POINT ( 'NONE',  ( 23.73531646875000334, 32.00000000000000000, 21.85937500034139802 ) ) ;
#558 =( BOUNDED_CURVE ( )  B_SPLINE_CURVE ( 2, ( #366, #898, #226, #1746, #1609, #733, #1439 ),
 .UNSPECIFIED., .F., .T. ) 
 B_SPLINE_CURVE_WITH_KNOTS ( ( 3, 2, 2, 3 ),
 ( 0.6000000000000005329, 0.6333333333333338588, 0.6666666666666672958, 0.7000000000000006217 ),
 .UNSPECIFIED. ) 
 CURVE ( )  GEOMETRIC_REPRESENTATION_ITEM ( )  RATIONAL_B_SPLINE_CURVE ( ( 0.9999999999999977796, 0.8660254037844409281, 1.000000000000000000, 0.8660254037844387076, 1.000000000000000000, 0.8660254037844360431, 1.000000000000002665 ) ) 
 REPRESENTATION_ITEM ( '' )  );
#559 = DIRECTION ( 'NONE',  ( 1.000000000000000000, 0.000000000000000000, 0.000000000000000000 ) ) ;
#560 = VERTEX_POINT ( 'NONE', #109 ) ;
#561 = CARTESIAN_POINT ( 'NONE',  ( 25.00000000000000000, 50.00000000000000000, 14.41233490781574922 ) ) ;
#562 = CARTESIAN_POINT ( 'NONE',  ( 23.73531646875000689, 32.73016537720688035, 21.38020833367473017 ) ) ;
#563 = CARTESIAN_POINT ( 'NONE',  ( 46.50000000000000000, 4.999999999999997335, 2.104480912413648319 ) ) ;
#564 = MANIFOLD_SOLID_BREP ( 'Cut-Extrude6', #604 ) ;
#565 = CARTESIAN_POINT ( 'NONE',  ( 25.00000000000000000, 33.61658075373095755, 19.87500000000000355 ) ) ;
#566 = AXIS2_PLACEMENT_3D ( 'NONE', #1487, #2200, #960 ) ;
#567 = CARTESIAN_POINT ( 'NONE',  ( 23.68691082564983219, 32.55872437304952882, 19.54956738845798725 ) ) ;
#568 = PRODUCT_DEFINITION_FORMATION_WITH_SPECIFIED_SOURCE ( 'ANY', '', #519, .NOT_KNOWN. ) ;
#569 = ORIENTED_EDGE ( 'NONE', *, *, #1014, .T. ) ;
#570 = CARTESIAN_POINT ( 'NONE',  ( 22.25000000000000355, 32.18017164337750557, 22.77161119227961805 ) ) ;
#571 = CARTESIAN_POINT ( 'NONE',  ( 25.00000000000000000, 40.00000000000000000, 20.06233490781574957 ) ) ;
#572 = AXIS2_PLACEMENT_3D ( 'NONE', #1019, #841, #1871 ) ;
#573 = CARTESIAN_POINT ( 'NONE',  ( 23.73531646875000689, 31.26983462279312675, 20.96354166700806587 ) ) ;
#574 = ORIENTED_EDGE ( 'NONE', *, *, #217, .T. ) ;
#575 = CARTESIAN_POINT ( 'NONE',  ( 25.00000000000000000, 40.00000000000000000, 19.71233490781575171 ) ) ;
#576 = VECTOR ( 'NONE', #866, 1000.000000000000000 ) ;
#577 = CARTESIAN_POINT ( 'NONE',  ( 26.02316494281144088, 32.74334240698122045, 19.72225075861637933 ) ) ;
#578 = CARTESIAN_POINT ( 'NONE',  ( 26.40000000000000213, 31.19170962313452478, 21.48958333401612819 ) ) ;
#579 = DIRECTION ( 'NONE',  ( -0.000000000000000000, -0.000000000000000000, 1.000000000000000000 ) ) ;
#580 = CARTESIAN_POINT ( 'NONE',  ( 26.39999999999999858, 32.00000000000000000, 21.24999999999999645 ) ) ;
#581 = AXIS2_PLACEMENT_3D ( 'NONE', #1476, #1984, #1130 ) ;
#582 = EDGE_LOOP ( 'NONE', ( #260, #569, #1934, #1253, #2088, #323, #137 ) ) ;
#583 = CARTESIAN_POINT ( 'NONE',  ( 8.500000000000015987, 4.999999999999997335, 2.104480912413648319 ) ) ;
#584 = DIRECTION ( 'NONE',  ( 0.000000000000000000, 0.000000000000000000, 1.000000000000000000 ) ) ;
#585 = CARTESIAN_POINT ( 'NONE',  ( 25.00000000000000000, 32.00000000000000000, 17.00000000000000000 ) ) ;
#586 = EDGE_CURVE ( 'NONE', #560, #466, #990, .T. ) ;
#587 = ADVANCED_FACE ( 'NONE', ( #2228, #339 ), #1692, .T. ) ;
#588 = CARTESIAN_POINT ( 'NONE',  ( 26.26468353125000021, 32.73016537720688035, 20.65104166700806587 ) ) ;
#589 = CARTESIAN_POINT ( 'NONE',  ( 25.63234176562500011, 30.90475193418969369, 20.08854166700806587 ) ) ;
#590 = CARTESIAN_POINT ( 'NONE',  ( 26.39999999999999858, 32.00000000000000000, 21.03125000068279604 ) ) ;
#591 = CARTESIAN_POINT ( 'NONE',  ( 23.32158359987998253, 29.81431821562334150, 23.05210031485491129 ) ) ;
#592 = CARTESIAN_POINT ( 'NONE',  ( 0.000000000000000000, 5.000000000000000000, 0.000000000000000000 ) ) ;
#593 = CARTESIAN_POINT ( 'NONE',  ( 25.69999999999999929, 30.78756443470178894, 21.16666666666666785 ) ) ;
#594 = ADVANCED_FACE ( 'NONE', ( #1335 ), #833, .F. ) ;
#595 = EDGE_LOOP ( 'NONE', ( #20, #673, #1874, #375 ) ) ;
#596 = CARTESIAN_POINT ( 'NONE',  ( 24.11032689867931467, 34.60840573676743048, 23.16886648521724368 ) ) ;
#597 = DIRECTION ( 'NONE',  ( -0.000000000000000000, -0.000000000000000000, 1.000000000000000000 ) ) ;
#598 = CARTESIAN_POINT ( 'NONE',  ( 25.45304912856754953, 30.67215839934850763, 19.69362226263487159 ) ) ;
#599 = ADVANCED_BREP_SHAPE_REPRESENTATION ( 'extruder_syringe_mount_simple', ( #564, #888 ), #2212 ) ;
#600 = CARTESIAN_POINT ( 'NONE',  ( 24.36765823437500345, 30.90475193418969369, 20.94270833367473017 ) ) ;
#601 = CARTESIAN_POINT ( 'NONE',  ( 25.00000000000000000, 30.53966924558625706, 21.54687500034139802 ) ) ;
#602 = CARTESIAN_POINT ( 'NONE',  ( 25.69999999999999929, 30.78756443470178894, 21.44791666734946034 ) ) ;
#603 = DIRECTION ( 'NONE',  ( -0.000000000000000000, 1.000000000000000000, -0.000000000000000000 ) ) ;
#604 = CLOSED_SHELL ( 'NONE', ( #1108, #51, #1806, #1632, #1089, #639, #984, #1239, #1161, #1369, #1698, #2201, #2174, #2133, #818, #1478, #1839, #1635, #804, #1337, #910, #2236, #2166, #155, #2020, #1012, #1694, #227, #310, #1197, #2067, #2242, #1847, #864, #1685, #1536, #2169, #1332, #587, #546, #916, #12, #1712, #16, #1092, #2071, #489, #594 ) ) ;
#605 = VERTEX_POINT ( 'NONE', #1531 ) ;
#606 = CARTESIAN_POINT ( 'NONE',  ( 23.18060025320929185, 34.06988400717466448, 23.02317993141521768 ) ) ;
#607 = DIRECTION ( 'NONE',  ( 0.000000000000000000, 0.000000000000000000, 1.000000000000000000 ) ) ;
#608 = CARTESIAN_POINT ( 'NONE',  ( 26.39999999999999858, 32.00000000000000000, 19.52408607546857056 ) ) ;
#609 = CARTESIAN_POINT ( 'NONE',  ( 26.26468353125000021, 32.73016537720688035, 21.65104166700806232 ) ) ;
#610 = CARTESIAN_POINT ( 'NONE',  ( 24.36765823437500345, 33.09524806581030987, 20.33854166700806587 ) ) ;
#611 = UNCERTAINTY_MEASURE_WITH_UNIT (LENGTH_MEASURE( 1.000000000000000082E-05 ), #1367, 'distance_accuracy_value', 'NONE');
#612 = CARTESIAN_POINT ( 'NONE',  ( 25.00000000000000000, 33.61658075373095755, 21.65625000068279604 ) ) ;
#613 = VECTOR ( 'NONE', #187, 1000.000000000000000 ) ;
#614 = CARTESIAN_POINT ( 'NONE',  ( 24.63574912815578699, 29.26830239375425791, 23.20656821397447800 ) ) ;
#615 = CARTESIAN_POINT ( 'NONE',  ( 27.75000000000000000, 32.00000000000000000, 22.00000000000000000 ) ) ;
#616 = EDGE_LOOP ( 'NONE', ( #1403, #1317, #860, #1850 ) ) ;
#617 = FACE_OUTER_BOUND ( 'NONE', #1571, .T. ) ;
#618 = VECTOR ( 'NONE', #1908, 1000.000000000000000 ) ;
#619 = CARTESIAN_POINT ( 'NONE',  ( 26.39999999999816893, 32.00000226464014474, 20.03125011844097259 ) ) ;
#620 = FACE_OUTER_BOUND ( 'NONE', #1912, .T. ) ;
#621 = EDGE_CURVE ( 'NONE', #2252, #2052, #83, .T. ) ;
#622 = EDGE_CURVE ( 'NONE', #605, #2130, #105, .T. ) ;
#623 = CARTESIAN_POINT ( 'NONE',  ( 24.36765823437500345, 30.90475193418969369, 20.44270833367473017 ) ) ;
#624 = EDGE_CURVE ( 'NONE', #705, #1764, #15, .T. ) ;
#625 = CARTESIAN_POINT ( 'NONE',  ( 26.26468353125000021, 32.73016537720687325, 21.15104166700806587 ) ) ;
#626 = ORIENTED_EDGE ( 'NONE', *, *, #350, .T. ) ;
#627 = CARTESIAN_POINT ( 'NONE',  ( 26.40000000000000213, 32.80829037686547167, 21.07291666734946389 ) ) ;
#628 = CARTESIAN_POINT ( 'NONE',  ( 24.11111174819923164, 29.39130826153453313, 23.16895119740394904 ) ) ;
#629 = LINE ( 'NONE', #104, #96 ) ;
#630 = EDGE_CURVE ( 'NONE', #1209, #1863, #1489, .T. ) ;
#631 = CARTESIAN_POINT ( 'NONE',  ( 26.26468353125000021, 31.26983462279312675, 21.13020833367472662 ) ) ;
#632 = CARTESIAN_POINT ( 'NONE',  ( 0.000000000000000000, 50.00000000000000000, 11.00000000000000000 ) ) ;
#633 = DIRECTION ( 'NONE',  ( -0.000000000000000000, -0.000000000000000000, 1.000000000000000000 ) ) ;
#634 = CARTESIAN_POINT ( 'NONE',  ( 25.00000000000000000, 33.61658075373095045, 20.87499999999999645 ) ) ;
#635 = CARTESIAN_POINT ( 'NONE',  ( 23.73531646875000334, 32.00000000000000000, 19.85937500034139802 ) ) ;
#636 = CARTESIAN_POINT ( 'NONE',  ( 23.73531646875000689, 32.73016537720687325, 19.81770833367473372 ) ) ;
#637 = VERTEX_POINT ( 'NONE', #851 ) ;
#638 = ORIENTED_EDGE ( 'NONE', *, *, #2135, .F. ) ;
#639 = ADVANCED_FACE ( 'NONE', ( #1955 ), #1774, .F. ) ;
#640 = CARTESIAN_POINT ( 'NONE',  ( 25.00000000000000000, 30.38341924626904955, 20.12499999999999289 ) ) ;
#641 = CARTESIAN_POINT ( 'NONE',  ( 25.00000000000000000, 0.000000000000000000, 14.41233490781574922 ) ) ;
#642 = VERTEX_POINT ( 'NONE', #861 ) ;
#643 = CARTESIAN_POINT ( 'NONE',  ( 23.60000000000000497, 31.19170962313452478, 20.04166666666666430 ) ) ;
#644 = CARTESIAN_POINT ( 'NONE',  ( 25.00000000000000000, 32.00000000000000000, 17.00000000000000000 ) ) ;
#645 = CARTESIAN_POINT ( 'NONE',  ( 25.53846430792128430, 33.29704530948770014, 19.68584684071119284 ) ) ;
#646 = CARTESIAN_POINT ( 'NONE',  ( 26.26468353125000021, 32.73016537720687325, 21.65104166700806942 ) ) ;
#647 = VERTEX_POINT ( 'NONE', #510 ) ;
#648 = ORIENTED_EDGE ( 'NONE', *, *, #954, .F. ) ;
#649 = CARTESIAN_POINT ( 'NONE',  ( 17.31345768743080527, -21.42197759079808606, 18.69684973181665200 ) ) ;
#650 = LINE ( 'NONE', #615, #790 ) ;
#651 = CARTESIAN_POINT ( 'NONE',  ( 26.26468353125000021, 32.73016537720688035, 21.21354166700806587 ) ) ;
#652 = CARTESIAN_POINT ( 'NONE',  ( 25.69999999999999929, 33.21243556529821461, 20.83333333333333215 ) ) ;
#653 = DIRECTION ( 'NONE',  ( 0.000000000000000000, 1.000000000000000000, 0.000000000000000000 ) ) ;
#654 = VERTEX_POINT ( 'NONE', #1947 ) ;
#655 = CARTESIAN_POINT ( 'NONE',  ( 23.60000000000001563, 32.80829037686547878, 20.95833333333333215 ) ) ;
#656 = CARTESIAN_POINT ( 'NONE',  ( 23.73531646875000689, 32.73016537720687325, 20.31770833367473017 ) ) ;
#657 = VERTEX_POINT ( 'NONE', #2250 ) ;
#658 = EDGE_CURVE ( 'NONE', #2052, #2043, #164, .T. ) ;
#659 = ORIENTED_EDGE ( 'NONE', *, *, #621, .T. ) ;
#660 = CYLINDRICAL_SURFACE ( 'NONE', #2004, 1.399999999999998579 ) ;
#661 = CARTESIAN_POINT ( 'NONE',  ( 24.82412095245953054, 33.39176788186559008, 19.71014155385341482 ) ) ;
#662 = ORIENTED_EDGE ( 'NONE', *, *, #1636, .F. ) ;
#663 = CARTESIAN_POINT ( 'NONE',  ( 26.40000000000000213, 31.19170962313452478, 20.70833333333333215 ) ) ;
#664 = CARTESIAN_POINT ( 'NONE',  ( 0.000000000000000000, 0.000000000000000000, 0.000000000000000000 ) ) ;
#665 = DIRECTION ( 'NONE',  ( -0.000000000000000000, -1.000000000000000000, -0.000000000000000000 ) ) ;
#666 = CARTESIAN_POINT ( 'NONE',  ( 24.36765823437500345, 33.09524806581030987, 21.77604166700806232 ) ) ;
#667 = EDGE_LOOP ( 'NONE', ( #1508, #384, #1433, #1077 ) ) ;
#668 = EDGE_LOOP ( 'NONE', ( #426, #1887, #43, #6 ) ) ;
#669 = DIRECTION ( 'NONE',  ( -1.000000000000000000, 0.000000000000000000, 0.000000000000000000 ) ) ;
#670 = CARTESIAN_POINT ( 'NONE',  ( 26.39999999999999858, 32.00000000000000000, 21.75000000000000000 ) ) ;
#671 = CARTESIAN_POINT ( 'NONE',  ( 23.60000000000000497, 31.19170962313452478, 20.54166666666666785 ) ) ;
#672 = LINE ( 'NONE', #2247, #2110 ) ;
#673 = ORIENTED_EDGE ( 'NONE', *, *, #2204, .T. ) ;
#674 = CARTESIAN_POINT ( 'NONE',  ( 25.22181928267376350, 33.38668528296289395, 19.70877456644293702 ) ) ;
#675 = CARTESIAN_POINT ( 'NONE',  ( 24.36765823437500345, 30.90475193418969369, 21.50520833367473017 ) ) ;
#676 = ORIENTED_EDGE ( 'NONE', *, *, #849, .F. ) ;
#677 = LINE ( 'NONE', #1004, #1166 ) ;
#678 = CARTESIAN_POINT ( 'NONE',  ( 25.63234176562500011, 30.90475193418969369, 20.08854166700806587 ) ) ;
#679 = AXIS2_PLACEMENT_3D ( 'NONE', #1412, #1227, #1733 ) ;
#680 = CARTESIAN_POINT ( 'NONE',  ( 26.24873608278188186, 32.66308449560469995, 19.78868333194394324 ) ) ;
#681 = CARTESIAN_POINT ( 'NONE',  ( 27.75000000000000000, 32.00000000000000000, 22.77161119227962160 ) ) ;
#682 = ORIENTED_EDGE ( 'NONE', *, *, #2010, .F. ) ;
#683 = CARTESIAN_POINT ( 'NONE',  ( 25.00000000000000000, 34.75000000000000000, 23.21233490781575526 ) ) ;
#684 = LINE ( 'NONE', #1553, #363 ) ;
#685 = EDGE_CURVE ( 'NONE', #2120, #1071, #895, .T. ) ;
#686 = EDGE_LOOP ( 'NONE', ( #1753, #176, #2018, #147 ) ) ;
#687 = EDGE_CURVE ( 'NONE', #1914, #531, #1923, .T. ) ;
#688 = VECTOR ( 'NONE', #1703, 1000.000000000000000 ) ;
#689 = CYLINDRICAL_SURFACE ( 'NONE', #2037, 1.399999999999998579 ) ;
#690 = LINE ( 'NONE', #1085, #405 ) ;
#691 = CARTESIAN_POINT ( 'NONE',  ( 24.36765823437500345, 30.90475193418969369, 21.00520833367473017 ) ) ;
#692 = CARTESIAN_POINT ( 'NONE',  ( 23.60000000000000497, 31.19170962313452478, 20.32291666734946389 ) ) ;
#693 = LINE ( 'NONE', #879, #1500 ) ;
#694 = VERTEX_POINT ( 'NONE', #683 ) ;
#695 = CARTESIAN_POINT ( 'NONE',  ( 26.26468353125000021, 31.26983462279312675, 21.13020833367473372 ) ) ;
#696 = ORIENTED_EDGE ( 'NONE', *, *, #191, .F. ) ;
#697 = CARTESIAN_POINT ( 'NONE',  ( 23.73531646875000689, 31.26983462279312675, 20.40104166700806587 ) ) ;
#698 = CARTESIAN_POINT ( 'NONE',  ( 25.00000000000000000, 40.00000000000000000, 20.06233490781574957 ) ) ;
#699 = B_SPLINE_CURVE_WITH_KNOTS ( 'NONE', 1,
 ( #2153, #1622 ),
 .UNSPECIFIED., .F., .F.,
 ( 2, 2 ),
 ( 0.000000000000000000, 1.000000000000000000 ),
 .UNSPECIFIED. ) ;
#700 = CARTESIAN_POINT ( 'NONE',  ( 25.69999999999999929, 33.21243556529821461, 21.83333333333333215 ) ) ;
#701 = B_SPLINE_CURVE_WITH_KNOTS ( 'NONE', 1,
 ( #1459, #2181 ),
 .UNSPECIFIED., .F., .F.,
 ( 2, 2 ),
 ( 0.000000000000000000, 1.000000000000000000 ),
 .UNSPECIFIED. ) ;
#702 = CARTESIAN_POINT ( 'NONE',  ( 23.60000000000000497, 32.80829037686547167, 21.73958333401613174 ) ) ;
#703 = DIRECTION ( 'NONE',  ( 1.000000000000000000, 0.000000000000000000, 0.000000000000000000 ) ) ;
#704 = EDGE_CURVE ( 'NONE', #2030, #1097, #1042, .T. ) ;
#705 = VERTEX_POINT ( 'NONE', #1411 ) ;
#706 = CARTESIAN_POINT ( 'NONE',  ( 4.211396927369683851, 50.00000000000000000, 26.00000000000000000 ) ) ;
#707 = FACE_OUTER_BOUND ( 'NONE', #1139, .T. ) ;
#708 = ORIENTED_EDGE ( 'NONE', *, *, #1636, .T. ) ;
#709 = LINE ( 'NONE', #1926, #206 ) ;
#710 = CARTESIAN_POINT ( 'NONE',  ( 4.211396927369683851, 0.000000000000000000, 11.00000000000000000 ) ) ;
#711 = DIRECTION ( 'NONE',  ( -0.000000000000000000, -1.000000000000000000, -0.000000000000000000 ) ) ;
#712 = CARTESIAN_POINT ( 'NONE',  ( 24.36765823437500345, 30.90475193418969369, 20.00520833367473017 ) ) ;
#713 = EDGE_CURVE ( 'NONE', #637, #1113, #1065, .T. ) ;
#714 = CARTESIAN_POINT ( 'NONE',  ( 25.00000000000000000, 33.61658075373095755, 19.65625000068279959 ) ) ;
#715 = EDGE_CURVE ( 'NONE', #1425, #1162, #2035, .T. ) ;
#716 = CARTESIAN_POINT ( 'NONE',  ( 22.81506481787666019, 30.32055017211120429, 22.93739731869960607 ) ) ;
#717 = EDGE_LOOP ( 'NONE', ( #1562, #382, #2115, #1873, #1306, #1379 ) ) ;
#718 = DIRECTION ( 'NONE',  ( 1.000000000000000000, 0.000000000000000000, 0.000000000000000000 ) ) ;
#719 = PLANE ( 'NONE',  #970 ) ;
#720 = ORIENTED_EDGE ( 'NONE', *, *, #1451, .F. ) ;
#721 = CARTESIAN_POINT ( 'NONE',  ( 25.00000000000000000, 33.61658075373095045, 20.15625000068279604 ) ) ;
#722 = EDGE_CURVE ( 'NONE', #2043, #1638, #919, .T. ) ;
#723 = FACE_OUTER_BOUND ( 'NONE', #668, .T. ) ;
#724 = CARTESIAN_POINT ( 'NONE',  ( 3.500000000000004441, 50.00000000000000000, 2.104480912413648319 ) ) ;
#725 = VECTOR ( 'NONE', #1368, 1000.000000000000000 ) ;
#726 = CARTESIAN_POINT ( 'NONE',  ( 24.30000000000000071, 30.78756443470178894, 20.08333333333333215 ) ) ;
#727 = CARTESIAN_POINT ( 'NONE',  ( 23.60000000000000497, 31.19170962313452478, 20.82291666734946389 ) ) ;
#728 = CARTESIAN_POINT ( 'NONE',  ( 23.77620158703336628, 29.53064535658651479, 23.12845609855714102 ) ) ;
#729 = ORIENTED_EDGE ( 'NONE', *, *, #985, .F. ) ;
#730 = CARTESIAN_POINT ( 'NONE',  ( 24.81935991015963339, 34.75000000000000000, 23.21233490781574815 ) ) ;
#731 = CARTESIAN_POINT ( 'NONE',  ( 24.36765823437500345, 30.90475193418969369, 21.00520833367473017 ) ) ;
#732 = ORIENTED_EDGE ( 'NONE', *, *, #319, .F. ) ;
#733 = CARTESIAN_POINT ( 'NONE',  ( 26.40000000000001634, 32.80829037686546457, 20.29166666666666785 ) ) ;
#734 = CARTESIAN_POINT ( 'NONE',  ( 25.63234176562500011, 33.09524806581030987, 21.69270833367473017 ) ) ;
#735 = CARTESIAN_POINT ( 'NONE',  ( 25.00000000000000000, 34.75000000000000000, 23.21233490781575526 ) ) ;
#736 = CARTESIAN_POINT ( 'NONE',  ( 24.30000000000000071, 33.21243556529821461, 20.41666666666666785 ) ) ;
#737 = CYLINDRICAL_SURFACE ( 'NONE', #324, 1.399999999999998579 ) ;
#738 = ORIENTED_EDGE ( 'NONE', *, *, #1769, .F. ) ;
#739 = DIRECTION ( 'NONE',  ( 0.000000000000000000, -0.000000000000000000, 1.000000000000000000 ) ) ;
#740 = CARTESIAN_POINT ( 'NONE',  ( 24.36765823437500345, 33.09524806581030987, 19.83854166700806587 ) ) ;
#741 = CARTESIAN_POINT ( 'NONE',  ( 25.86515507300463312, 32.96083324012374760, 19.73986765083280659 ) ) ;
#742 = CARTESIAN_POINT ( 'NONE',  ( 26.40000000000000213, 32.80829037686547167, 21.57291666734946389 ) ) ;
#743 = CARTESIAN_POINT ( 'NONE',  ( 23.60000000000000497, 32.80829037686547167, 20.45833333333333215 ) ) ;
#744 = DIRECTION ( 'NONE',  ( -0.000000000000000000, -0.000000000000000000, 1.000000000000000000 ) ) ;
#745 = EDGE_CURVE ( 'NONE', #694, #1897, #989, .T. ) ;
#746 = EDGE_CURVE ( 'NONE', #2112, #1904, #2180, .T. ) ;
#747 = ORIENTED_EDGE ( 'NONE', *, *, #1230, .F. ) ;
#748 = CARTESIAN_POINT ( 'NONE',  ( 25.00000000000000000, 0.000000000000000000, 14.41233490781574922 ) ) ;
#749 = DIRECTION ( 'NONE',  ( -0.000000000000000000, 1.000000000000000000, -0.000000000000000000 ) ) ;
#750 = AXIS2_PLACEMENT_3D ( 'NONE', #748, #1797, #59 ) ;
#751 = CARTESIAN_POINT ( 'NONE',  ( 26.26468353125000021, 31.26983462279312675, 20.63020833367473017 ) ) ;
#752 = CARTESIAN_POINT ( 'NONE',  ( 25.00000000000000000, 40.00000000000000000, 8.762334907815747087 ) ) ;
#753 = VECTOR ( 'NONE', #2154, 1000.000000000000000 ) ;
#754 = CARTESIAN_POINT ( 'NONE',  ( 24.30000000000000071, 33.21243556529821461, 19.69791666734946389 ) ) ;
#755 = CARTESIAN_POINT ( 'NONE',  ( 25.63234176562500011, 30.90475193418969369, 21.08854166700806587 ) ) ;
#756 = CARTESIAN_POINT ( 'NONE',  ( 24.30000000000000071, 30.78756443470178894, 19.86458333401612819 ) ) ;
#757 = EDGE_CURVE ( 'NONE', #904, #1998, #789, .T. ) ;
#758 = VECTOR ( 'NONE', #2199, 1000.000000000000000 ) ;
#759 = CARTESIAN_POINT ( 'NONE',  ( 23.60000000000000497, 32.80829037686547167, 19.95833333333333215 ) ) ;
#760 = CARTESIAN_POINT ( 'NONE',  ( 25.00000000000000000, 32.00000000000000000, 17.00000000000000000 ) ) ;
#761 = ORIENTED_EDGE ( 'NONE', *, *, #1610, .T. ) ;
#762 = CARTESIAN_POINT ( 'NONE',  ( 23.77593559114523103, 34.46920332046388324, 23.12841371747656183 ) ) ;
#763 = DIRECTION ( 'NONE',  ( -1.214306433183764966E-16, 0.000000000000000000, 1.000000000000000000 ) ) ;
#764 = CARTESIAN_POINT ( 'NONE',  ( 25.36386955114417674, 30.64501629299957486, 19.70059371324236963 ) ) ;
#765 = CARTESIAN_POINT ( 'NONE',  ( 25.69999999999999929, 30.78756443470178894, 20.66666666666666785 ) ) ;
#766 = CARTESIAN_POINT ( 'NONE',  ( 26.26468353125000021, 31.26983462279312675, 20.06770833367473017 ) ) ;
#767 = CARTESIAN_POINT ( 'NONE',  ( 24.36765823437500345, 33.09524806581030987, 21.83854166700806232 ) ) ;
#768 = CARTESIAN_POINT ( 'NONE',  ( 23.60000000000000497, 31.19170962313452478, 20.82291666734946389 ) ) ;
#769 = CARTESIAN_POINT ( 'NONE',  ( 25.00000000000000000, 0.000000000000000000, 19.71233490781575171 ) ) ;
#770 = CARTESIAN_POINT ( 'NONE',  ( 46.50000000000000000, 0.000000000000000000, 5.000000000000000000 ) ) ;
#771 = ORIENTED_EDGE ( 'NONE', *, *, #234, .T. ) ;
#772 = CARTESIAN_POINT ( 'NONE',  ( 23.67205517477979271, 31.54733092017515617, 19.54340384844560674 ) ) ;
#773 = FACE_OUTER_BOUND ( 'NONE', #616, .T. ) ;
#774 = CARTESIAN_POINT ( 'NONE',  ( 23.73531646875000689, 32.73016537720687325, 19.88020833367472662 ) ) ;
#775 = DIRECTION ( 'NONE',  ( -0.000000000000000000, 1.000000000000000000, -0.000000000000000000 ) ) ;
#776 = CARTESIAN_POINT ( 'NONE',  ( 24.36765823437500345, 33.09524806581030987, 20.83854166700806587 ) ) ;
#777 = EDGE_LOOP ( 'NONE', ( #1856, #1624 ) ) ;
#778 = CARTESIAN_POINT ( 'NONE',  ( 25.69999999999999929, 33.21243556529821461, 21.11458333401613174 ) ) ;
#779 =( BOUNDED_CURVE ( )  B_SPLINE_CURVE ( 2, ( #580, #1431, #593, #1634, #1294, #1973, #1104 ),
 .UNSPECIFIED., .F., .T. ) 
 B_SPLINE_CURVE_WITH_KNOTS ( ( 3, 2, 2, 3 ),
 ( 0.3000000000000002665, 0.3333333333333335924, 0.3666666666666669738, 0.4000000000000003553 ),
 .UNSPECIFIED. ) 
 CURVE ( )  GEOMETRIC_REPRESENTATION_ITEM ( )  RATIONAL_B_SPLINE_CURVE ( ( 0.9999999999999988898, 0.8660254037844398178, 1.000000000000000000, 0.8660254037844387076, 1.000000000000000000, 0.8660254037844373753, 1.000000000000001332 ) ) 
 REPRESENTATION_ITEM ( '' )  );
#780 = CARTESIAN_POINT ( 'NONE',  ( 8.500000000000015987, 50.00000000000000000, 2.104480912413648319 ) ) ;
#781 = CARTESIAN_POINT ( 'NONE',  ( 26.39999999999999858, 32.80829037686547167, 20.57291666734946389 ) ) ;
#782 = EDGE_CURVE ( 'NONE', #1696, #1638, #1296, .T. ) ;
#783 = ORIENTED_EDGE ( 'NONE', *, *, #1974, .T. ) ;
#784 = CARTESIAN_POINT ( 'NONE',  ( 25.00000000000000000, 30.60000000000000142, 19.71233490781575171 ) ) ;
#785 = EDGE_CURVE ( 'NONE', #1546, #409, #407, .T. ) ;
#786 = FACE_OUTER_BOUND ( 'NONE', #853, .T. ) ;
#787 = CARTESIAN_POINT ( 'NONE',  ( 26.69222280849476903, 29.80319563361014801, 23.05196408316167833 ) ) ;
#788 = CARTESIAN_POINT ( 'NONE',  ( 26.26468353125000021, 32.00000000000000000, 21.60937500034139802 ) ) ;
#789 = CIRCLE ( 'NONE', #1563, 5.650000000000002132 ) ;
#790 = VECTOR ( 'NONE', #1867, 1000.000000000000000 ) ;
#791 = CARTESIAN_POINT ( 'NONE',  ( 23.73531646875000689, 32.73016537720688035, 20.88020833367473372 ) ) ;
#792 = ORIENTED_EDGE ( 'NONE', *, *, #658, .F. ) ;
#793 = CARTESIAN_POINT ( 'NONE',  ( 25.00000000000000000, 33.61658075373095755, 20.15625000068279604 ) ) ;
#794 = VECTOR ( 'NONE', #1799, 1000.000000000000000 ) ;
#795 = EDGE_CURVE ( 'NONE', #1904, #501, #1036, .T. ) ;
#796 = CARTESIAN_POINT ( 'NONE',  ( 23.60000000000000142, 31.19170962313452478, 21.32291666734946034 ) ) ;
#797 = DIRECTION ( 'NONE',  ( -1.000000000000000000, 0.000000000000000000, 0.000000000000000000 ) ) ;
#798 = CARTESIAN_POINT ( 'NONE',  ( 23.73531646875000689, 32.73016537720688035, 21.38020833367473017 ) ) ;
#799 = CARTESIAN_POINT ( 'NONE',  ( 26.39999999999999858, 32.00000000000000000, 20.74999999999999645 ) ) ;
#800 = CIRCLE ( 'NONE', #2044, 5.650000000000002132 ) ;
#801 = CARTESIAN_POINT ( 'NONE',  ( 26.39999999999999858, 32.00000000000000000, 19.52408607546857056 ) ) ;
#802 = CARTESIAN_POINT ( 'NONE',  ( 26.39999999999816893, 32.00000226464014474, 20.03125011844097259 ) ) ;
#803 = CARTESIAN_POINT ( 'NONE',  ( 23.73531646875000689, 31.26983462279312675, 19.90104166700806587 ) ) ;
#804 = ADVANCED_FACE ( 'NONE', ( #50 ), #925, .F. ) ;
#805 = CARTESIAN_POINT ( 'NONE',  ( 23.73531646875000334, 32.00000000000000000, 21.85937500034139802 ) ) ;
#806 = ORIENTED_EDGE ( 'NONE', *, *, #687, .T. ) ;
#807 = ORIENTED_EDGE ( 'NONE', *, *, #181, .T. ) ;
#808 = LINE ( 'NONE', #1772, #758 ) ;
#809 = CARTESIAN_POINT ( 'NONE',  ( 26.13263033445132422, 32.82289034831912744, 19.58162671371539787 ) ) ;
#810 = VERTEX_POINT ( 'NONE', #427 ) ;
#811 = DIRECTION ( 'NONE',  ( 0.000000000000000000, 0.000000000000000000, -1.000000000000000000 ) ) ;
#812 = DIRECTION ( 'NONE',  ( 0.000000000000000000, 0.000000000000000000, 1.000000000000000000 ) ) ;
#813 = CARTESIAN_POINT ( 'NONE',  ( 25.99271116718282926, 32.99320244878146724, 19.61921733693189296 ) ) ;
#814 = CARTESIAN_POINT ( 'NONE',  ( 3.500000000000004441, 50.00000000000000000, 4.799999999999993605 ) ) ;
#815 = EDGE_LOOP ( 'NONE', ( #248, #2098, #465, #1993 ) ) ;
#816 = VERTEX_POINT ( 'NONE', #1468 ) ;
#817 = CARTESIAN_POINT ( 'NONE',  ( 50.00000000000000000, 0.000000000000000000, 11.00000000000000000 ) ) ;
#818 = ADVANCED_FACE ( 'NONE', ( #437 ), #1094, .F. ) ;
#819 = ORIENTED_EDGE ( 'NONE', *, *, #423, .T. ) ;
#820 = CARTESIAN_POINT ( 'NONE',  ( 26.39999999999999858, 32.00000000000000000, 21.24999999999999645 ) ) ;
#821 = EDGE_CURVE ( 'NONE', #1002, #816, #1458, .T. ) ;
#822 = FACE_OUTER_BOUND ( 'NONE', #373, .T. ) ;
#823 = DIRECTION ( 'NONE',  ( -0.000000000000000000, -0.000000000000000000, 1.000000000000000000 ) ) ;
#824 = CARTESIAN_POINT ( 'NONE',  ( 24.36765823437500345, 33.09524806581030987, 20.77604166700806587 ) ) ;
#825 = ORIENTED_EDGE ( 'NONE', *, *, #161, .F. ) ;
#826 = VERTEX_POINT ( 'NONE', #1284 ) ;
#827 = VECTOR ( 'NONE', #2058, 1000.000000000000000 ) ;
#828 = CARTESIAN_POINT ( 'NONE',  ( 0.000000000000000000, 50.00000000000000000, 11.00000000000000000 ) ) ;
#829 = DIRECTION ( 'NONE',  ( -0.000000000000000000, -1.000000000000000000, -0.000000000000000000 ) ) ;
#830 = ORIENTED_EDGE ( 'NONE', *, *, #471, .F. ) ;
#831 = CARTESIAN_POINT ( 'NONE',  ( 25.00000000000000000, 30.38341924626904955, 21.12499999999999645 ) ) ;
#832 = CARTESIAN_POINT ( 'NONE',  ( 23.60000000000000142, 32.00000000000000000, 21.50000000000000000 ) ) ;
#833 = CYLINDRICAL_SURFACE ( 'NONE', #572, 5.650000000000002132 ) ;
#834 = CARTESIAN_POINT ( 'NONE',  ( 24.36765823437500345, 30.90475193418969369, 20.94270833367473017 ) ) ;
#835 = ORIENTED_EDGE ( 'NONE', *, *, #64, .T. ) ;
#836 = ORIENTED_EDGE ( 'NONE', *, *, #515, .F. ) ;
#837 = PLANE ( 'NONE',  #975 ) ;
#838 = CARTESIAN_POINT ( 'NONE',  ( 23.73531646875000689, 32.73016537720688035, 19.88020833367472662 ) ) ;
#839 = CARTESIAN_POINT ( 'NONE',  ( 23.60000000000000142, 32.00000000000000000, 19.99999999999999645 ) ) ;
#840 = DIRECTION ( 'NONE',  ( 0.000000000000000000, 0.000000000000000000, 1.000000000000000000 ) ) ;
#841 = DIRECTION ( 'NONE',  ( -0.000000000000000000, 1.000000000000000000, -0.000000000000000000 ) ) ;
#842 = CARTESIAN_POINT ( 'NONE',  ( 23.73531646875000689, 32.73016537720687325, 21.81770833367473017 ) ) ;
#843 = EDGE_LOOP ( 'NONE', ( #1372, #2219, #968, #1389, #1187 ) ) ;
#844 = CARTESIAN_POINT ( 'NONE',  ( 26.07789767411511761, 32.78311632880918580, 19.69100123599587704 ) ) ;
#845 = CARTESIAN_POINT ( 'NONE',  ( 25.63234176562500011, 33.09524806581030987, 21.69270833367473017 ) ) ;
#846 = CARTESIAN_POINT ( 'NONE',  ( 25.63234176562500011, 30.90475193418969369, 21.08854166700806587 ) ) ;
#847 = CARTESIAN_POINT ( 'NONE',  ( 26.40000000000000213, 32.80829037686547167, 21.07291666734946389 ) ) ;
#848 = CARTESIAN_POINT ( 'NONE',  ( 22.26774648315710081, 31.63888279941142656, 22.77751258584755334 ) ) ;
#849 = EDGE_CURVE ( 'NONE', #2023, #114, #347, .T. ) ;
#850 = ORIENTED_EDGE ( 'NONE', *, *, #1920, .F. ) ;
#851 = CARTESIAN_POINT ( 'NONE',  ( 50.00000000000000000, 50.00000000000000000, 11.00000000000000000 ) ) ;
#852 = CARTESIAN_POINT ( 'NONE',  ( 26.02316228924797059, 32.74334605943384702, 19.65975105446763749 ) ) ;
#853 = EDGE_LOOP ( 'NONE', ( #850, #156, #1194, #2230 ) ) ;
#854 = CARTESIAN_POINT ( 'NONE',  ( 25.63234176562500011, 33.09524806581030987, 20.19270833367473017 ) ) ;
#855 = CARTESIAN_POINT ( 'NONE',  ( 25.00000000000000000, 32.00000000000000000, 17.00000000000000000 ) ) ;
#856 = AXIS2_PLACEMENT_3D ( 'NONE', #2168, #1625, #1616 ) ;
#857 = CARTESIAN_POINT ( 'NONE',  ( 25.00000000000000000, 30.53966924558625706, 20.04687500034140157 ) ) ;
#858 = CARTESIAN_POINT ( 'NONE',  ( 24.30000000000000071, 33.21243556529821461, 21.69791666734946034 ) ) ;
#859 = DIRECTION ( 'NONE',  ( 0.000000000000000000, 1.000000000000000000, 0.000000000000000000 ) ) ;
#860 = ORIENTED_EDGE ( 'NONE', *, *, #1282, .F. ) ;
#861 = CARTESIAN_POINT ( 'NONE',  ( 46.50000000000000000, 50.00000000000000000, 5.000000000000000000 ) ) ;
#862 = CARTESIAN_POINT ( 'NONE',  ( 25.00000000000000000, 33.61658075373095045, 21.65625000068279604 ) ) ;
#863 = VERTEX_POINT ( 'NONE', #1490 ) ;
#864 = ADVANCED_FACE ( 'NONE', ( #617 ), #1318, .F. ) ;
#865 = CIRCLE ( 'NONE', #1719, 5.300000000000002487 ) ;
#866 = DIRECTION ( 'NONE',  ( 1.000000000000000000, 0.000000000000000000, 0.000000000000000000 ) ) ;
#867 = DIRECTION ( 'NONE',  ( 0.000000000000000000, 0.000000000000000000, -1.000000000000000000 ) ) ;
#868 = CARTESIAN_POINT ( 'NONE',  ( 26.26468353125000021, 31.26983462279312675, 20.63020833367473017 ) ) ;
#869 = CARTESIAN_POINT ( 'NONE',  ( 26.39999999999999858, 32.00000000000000000, 21.03125000068279604 ) ) ;
#870 = CARTESIAN_POINT ( 'NONE',  ( 23.73531646875000334, 32.00000000000000000, 21.92187500034139802 ) ) ;
#871 = ORIENTED_EDGE ( 'NONE', *, *, #1472, .T. ) ;
#872 = LINE ( 'NONE', #1043, #2178 ) ;
#873 = VERTEX_POINT ( 'NONE', #1869 ) ;
#874 = CARTESIAN_POINT ( 'NONE',  ( 23.60000000000000142, 32.80829037686547167, 20.23958333401612819 ) ) ;
#875 = CARTESIAN_POINT ( 'NONE',  ( 25.00000000000000000, 32.00000000000000000, 17.00000000000000000 ) ) ;
#876 = CARTESIAN_POINT ( 'NONE',  ( 50.00000000000000000, 5.000000000000000000, 0.000000000000000000 ) ) ;
#877 = CARTESIAN_POINT ( 'NONE',  ( 24.30000000000000071, 30.78756443470178894, 21.08333333333333215 ) ) ;
#878 = CARTESIAN_POINT ( 'NONE',  ( 24.30000000000000071, 30.78756443470178894, 21.36458333401613174 ) ) ;
#879 = CARTESIAN_POINT ( 'NONE',  ( 46.50000000000000000, 50.00000000000000000, 2.104480912413648319 ) ) ;
#880 = ORIENTED_EDGE ( 'NONE', *, *, #1198, .T. ) ;
#881 = CARTESIAN_POINT ( 'NONE',  ( 23.60000000000000142, 32.00000000000000000, 20.78125000068279604 ) ) ;
#882 = EDGE_CURVE ( 'NONE', #1659, #647, #1843, .T. ) ;
#883 = CARTESIAN_POINT ( 'NONE',  ( 26.39999999998093827, 32.00000730538608451, 21.53125037727315316 ) ) ;
#884 = ORIENTED_EDGE ( 'NONE', *, *, #64, .F. ) ;
#885 = DIRECTION ( 'NONE',  ( -0.000000000000000000, -0.000000000000000000, 1.000000000000000000 ) ) ;
#886 = CARTESIAN_POINT ( 'NONE',  ( 26.26468353125000021, 32.00000000000000000, 21.10937500034139802 ) ) ;
#887 = CARTESIAN_POINT ( 'NONE',  ( 26.38647711692270903, 34.40175990582088872, 23.10880785555690053 ) ) ;
#888 = AXIS2_PLACEMENT_3D ( 'NONE', #664, #160, #132 ) ;
#889 = CARTESIAN_POINT ( 'NONE',  ( 0.000000000000000000, 50.00000000000000000, 11.00000000000000000 ) ) ;
#890 = CARTESIAN_POINT ( 'NONE',  ( 25.00000000000000000, 30.38341924626904955, 19.90625000068279249 ) ) ;
#891 = AXIS2_PLACEMENT_3D ( 'NONE', #1560, #1400, #545 ) ;
#892 = DIRECTION ( 'NONE',  ( 1.000000000000000000, -0.000000000000000000, -0.000000000000000000 ) ) ;
#893 = VECTOR ( 'NONE', #1705, 1000.000000000000000 ) ;
#894 = EDGE_LOOP ( 'NONE', ( #1852, #761 ) ) ;
#895 = LINE ( 'NONE', #1225, #2175 ) ;
#896 = CARTESIAN_POINT ( 'NONE',  ( 24.36765823437500345, 33.09524806581030987, 20.33854166700806587 ) ) ;
#897 = ORIENTED_EDGE ( 'NONE', *, *, #1126, .F. ) ;
#898 = CARTESIAN_POINT ( 'NONE',  ( 23.60000000000001918, 32.80829037686548588, 20.45833333333333570 ) ) ;
#899 = LINE ( 'NONE', #2083, #576 ) ;
#900 = DIRECTION ( 'NONE',  ( 1.000000000000000000, 0.000000000000000000, 0.000000000000000000 ) ) ;
#901 = CIRCLE ( 'NONE', #1207, 8.800000000000006040 ) ;
#902 = CARTESIAN_POINT ( 'NONE',  ( 24.30000000000000071, 30.78756443470178894, 21.58333333333333215 ) ) ;
#903 = CARTESIAN_POINT ( 'NONE',  ( 23.99772090334569441, 33.01578182561267738, 19.61913789548207987 ) ) ;
#904 = VERTEX_POINT ( 'NONE', #1376 ) ;
#905 = DIRECTION ( 'NONE',  ( 0.000000000000000000, 1.000000000000000000, 0.000000000000000000 ) ) ;
#906 = CARTESIAN_POINT ( 'NONE',  ( 23.73531646875000334, 32.00000000000000000, 19.92187500034139802 ) ) ;
#907 = CARTESIAN_POINT ( 'NONE',  ( 26.09614361382967473, 32.79637196851761871, 19.77433409174892631 ) ) ;
#908 = CARTESIAN_POINT ( 'NONE',  ( 23.73531646875000689, 31.26983462279312675, 20.96354166700806587 ) ) ;
#909 = CARTESIAN_POINT ( 'NONE',  ( 25.00000000000000000, 0.000000000000000000, 14.41233490781574922 ) ) ;
#910 = ADVANCED_FACE ( 'NONE', ( #131 ), #151, .F. ) ;
#911 = CARTESIAN_POINT ( 'NONE',  ( 25.00000000000000000, 30.38341924626904955, 20.12499999999999289 ) ) ;
#912 = CARTESIAN_POINT ( 'NONE',  ( 23.59999999999999787, 32.00000000000000000, 19.52408607546857056 ) ) ;
#913 = ORIENTED_EDGE ( 'NONE', *, *, #1805, .F. ) ;
#914 = CARTESIAN_POINT ( 'NONE',  ( 22.33918583124879831, 32.71791304008785772, 22.80050910430584921 ) ) ;
#915 = FACE_OUTER_BOUND ( 'NONE', #2202, .T. ) ;
#916 = ADVANCED_FACE ( 'NONE', ( #2049 ), #1190, .F. ) ;
#917 = CARTESIAN_POINT ( 'NONE',  ( 25.86515507300463312, 32.96083324012374760, 19.73986765083280659 ) ) ;
#918 = CARTESIAN_POINT ( 'NONE',  ( 25.95772120990870135, 33.06364015538154888, 19.59924278580727730 ) ) ;
#919 =( BOUNDED_CURVE ( )  B_SPLINE_CURVE ( 2, ( #1743, #1422, #173, #4, #532, #1241, #881, #2113, #1935 ),
 .UNSPECIFIED., .F., .T. ) 
 B_SPLINE_CURVE_WITH_KNOTS ( ( 3, 2, 2, 2, 3 ),
 ( 0.3408807545897283853, 0.3787562332382867214, 0.4166318565621124348, 0.4545074798859382592, 0.4545079019704695855 ),
 .UNSPECIFIED. ) 
 CURVE ( )  GEOMETRIC_REPRESENTATION_ITEM ( )  RATIONAL_B_SPLINE_CURVE ( ( 1.000000000000000000, 0.8660254037844387076, 1.000000000000000000, 0.8660254037844387076, 1.000000000000000000, 0.8660254037844387076, 1.000000000000000000, 0.9999985069921049075, 0.9999970140174858635 ) ) 
 REPRESENTATION_ITEM ( '' )  );
#920 = CARTESIAN_POINT ( 'NONE',  ( 23.73531646875000689, 31.26983462279312675, 21.46354166700806232 ) ) ;
#921 = CARTESIAN_POINT ( 'NONE',  ( 24.30000000000000071, 30.78756443470178894, 20.36458333401612819 ) ) ;
#922 = CARTESIAN_POINT ( 'NONE',  ( 26.39999999999150049, 31.99999512185726402, 20.53124950273623028 ) ) ;
#923 = CARTESIAN_POINT ( 'NONE',  ( 8.500000000000015987, 4.999999999999997335, 2.104480912413648319 ) ) ;
#924 = ORIENTED_EDGE ( 'NONE', *, *, #1049, .T. ) ;
#925 = PLANE ( 'NONE',  #530 ) ;
#926 = CARTESIAN_POINT ( 'NONE',  ( 46.50000000000000000, 50.00000000000000000, 4.799999999999998934 ) ) ;
#927 = CARTESIAN_POINT ( 'NONE',  ( 26.26468353125000021, 32.73016537720687325, 20.21354166700806587 ) ) ;
#928 = EDGE_LOOP ( 'NONE', ( #953, #1041, #2155, #421 ) ) ;
#929 = CARTESIAN_POINT ( 'NONE',  ( 24.36765823437500345, 33.09524806581030987, 20.77604166700806587 ) ) ;
#930 = CARTESIAN_POINT ( 'NONE',  ( 25.00000000000000000, 33.46033075441374649, 19.73437500034139802 ) ) ;
#931 = ORIENTED_EDGE ( 'NONE', *, *, #2253, .T. ) ;
#932 = CARTESIAN_POINT ( 'NONE',  ( 25.69999999999999929, 33.21243556529821461, 21.61458333401613174 ) ) ;
#933 =( BOUNDED_CURVE ( )  B_SPLINE_CURVE ( 2, ( #1103, #1807, #240, #80, #902, #205, #1600 ),
 .UNSPECIFIED., .F., .F. ) 
 B_SPLINE_CURVE_WITH_KNOTS ( ( 3, 2, 2, 3 ),
 ( 0.1000000000000000888, 0.1333333333333334425, 0.1666666666666667962, 0.2000000000000001776 ),
 .UNSPECIFIED. ) 
 CURVE ( )  GEOMETRIC_REPRESENTATION_ITEM ( )  RATIONAL_B_SPLINE_CURVE ( ( 0.9999999999999995559, 0.8660254037844390407, 1.000000000000000000, 0.8660254037844387076, 1.000000000000000000, 0.8660254037844380415, 1.000000000000000666 ) ) 
 REPRESENTATION_ITEM ( '' )  );
#934 = FACE_OUTER_BOUND ( 'NONE', #365, .T. ) ;
#935 = VECTOR ( 'NONE', #204, 1000.000000000000000 ) ;
#936 = CARTESIAN_POINT ( 'NONE',  ( 26.13262932357053714, 32.82289173954455919, 19.58989836420234454 ) ) ;
#937 = DIRECTION ( 'NONE',  ( -0.000000000000000000, -1.000000000000000000, -0.000000000000000000 ) ) ;
#938 = ORIENTED_EDGE ( 'NONE', *, *, #1617, .T. ) ;
#939 = CARTESIAN_POINT ( 'NONE',  ( 22.25000000000000355, 32.00000000000000000, 22.77161119227961805 ) ) ;
#940 = DIRECTION ( 'NONE',  ( 0.000000000000000000, 0.000000000000000000, 1.000000000000000000 ) ) ;
#941 = CARTESIAN_POINT ( 'NONE',  ( 0.000000000000000000, 50.00000000000000000, 11.00000000000000000 ) ) ;
#942 = ORIENTED_EDGE ( 'NONE', *, *, #985, .T. ) ;
#943 = CARTESIAN_POINT ( 'NONE',  ( 45.78860307263031615, 0.000000000000000000, 26.00000000000000000 ) ) ;
#944 = CARTESIAN_POINT ( 'NONE',  ( 23.73531646875000334, 32.00000000000000000, 20.85937500034139802 ) ) ;
#945 = CARTESIAN_POINT ( 'NONE',  ( 25.00000000000000000, 33.46033075441374649, 20.79687500034139802 ) ) ;
#946 = CARTESIAN_POINT ( 'NONE',  ( 23.60000000000000142, 32.00000000000000000, 21.28125000068279604 ) ) ;
#947 = CARTESIAN_POINT ( 'NONE',  ( 3.500000000000004441, 50.00000000000000000, 5.000000000000000000 ) ) ;
#948 = LINE ( 'NONE', #139, #1069 ) ;
#949 = VERTEX_POINT ( 'NONE', #207 ) ;
#950 = CARTESIAN_POINT ( 'NONE',  ( 24.63527440080142128, 30.64522051052272644, 19.70054105178055792 ) ) ;
#951 = CARTESIAN_POINT ( 'NONE',  ( 50.00000000000000000, 5.000000000000000000, 4.799999999999999822 ) ) ;
#952 = CYLINDRICAL_SURFACE ( 'NONE', #72, 1.399999999999998579 ) ;
#953 = ORIENTED_EDGE ( 'NONE', *, *, #537, .F. ) ;
#954 = EDGE_CURVE ( 'NONE', #1546, #49, #1454, .T. ) ;
#955 = CARTESIAN_POINT ( 'NONE',  ( 24.36765823437500345, 33.09524806581030987, 21.27604166700806232 ) ) ;
#956 = CARTESIAN_POINT ( 'NONE',  ( 25.00000000000000000, 33.46033075441374649, 19.79687500034139802 ) ) ;
#957 = VERTEX_POINT ( 'NONE', #68 ) ;
#958 = CARTESIAN_POINT ( 'NONE',  ( 26.39999999999999858, 32.00000000000000000, 20.53125000068279604 ) ) ;
#959 = DIRECTION ( 'NONE',  ( 1.000000000000000000, 0.000000000000000000, 1.214306433183764966E-16 ) ) ;
#960 = DIRECTION ( 'NONE',  ( 0.000000000000000000, 0.000000000000000000, -1.000000000000000000 ) ) ;
#961 = AXIS2_PLACEMENT_3D ( 'NONE', #943, #85, #1680 ) ;
#962 = EDGE_LOOP ( 'NONE', ( #1888, #341, #1350, #1879 ) ) ;
#963 = CARTESIAN_POINT ( 'NONE',  ( 24.30000000000000071, 33.21243556529821461, 21.41666666666666785 ) ) ;
#964 = PLANE ( 'NONE',  #208 ) ;
#965 = DIRECTION ( 'NONE',  ( -0.000000000000000000, -1.000000000000000000, -0.000000000000000000 ) ) ;
#966 = CARTESIAN_POINT ( 'NONE',  ( 26.26468353125000021, 31.26983462279312675, 21.06770833367473017 ) ) ;
#967 = CARTESIAN_POINT ( 'NONE',  ( 25.00000000000000000, 33.46033075441374649, 20.23437500034139802 ) ) ;
#968 = ORIENTED_EDGE ( 'NONE', *, *, #149, .T. ) ;
#969 = ORIENTED_EDGE ( 'NONE', *, *, #1805, .T. ) ;
#970 = AXIS2_PLACEMENT_3D ( 'NONE', #1948, #533, #1066 ) ;
#971 = PLANE ( 'NONE',  #1573 ) ;
#972 = CARTESIAN_POINT ( 'NONE',  ( 26.09614331098341466, 32.79637238536523824, 19.60766772137262137 ) ) ;
#973 = ORIENTED_EDGE ( 'NONE', *, *, #713, .T. ) ;
#974 = CARTESIAN_POINT ( 'NONE',  ( 24.30000000000000071, 30.78756443470178894, 21.58333333333333215 ) ) ;
#975 = AXIS2_PLACEMENT_3D ( 'NONE', #844, #2221, #1549 ) ;
#976 = CARTESIAN_POINT ( 'NONE',  ( 3.500000000000004441, 0.000000000000000000, 5.000000000000000000 ) ) ;
#977 = CARTESIAN_POINT ( 'NONE',  ( 23.73531646875000334, 32.00000000000000000, 21.35937500034139802 ) ) ;
#978 = DIRECTION ( 'NONE',  ( 0.000000000000000000, 1.000000000000000000, 0.000000000000000000 ) ) ;
#979 = ORIENTED_EDGE ( 'NONE', *, *, #983, .T. ) ;
#980 = VERTEX_POINT ( 'NONE', #1614 ) ;
#981 = CARTESIAN_POINT ( 'NONE',  ( 3.500000000000004441, 4.999999999999997335, 2.104480912413648319 ) ) ;
#982 = CARTESIAN_POINT ( 'NONE',  ( 8.500000000000015987, 50.00000000000000000, 2.104480912413648319 ) ) ;
#983 = EDGE_CURVE ( 'NONE', #1527, #2194, #48, .T. ) ;
#984 = ADVANCED_FACE ( 'NONE', ( #1281 ), #737, .F. ) ;
#985 = EDGE_CURVE ( 'NONE', #1615, #2023, #1029, .T. ) ;
#986 = CARTESIAN_POINT ( 'NONE',  ( 26.26468353125000021, 31.26983462279312675, 21.63020833367473372 ) ) ;
#987 = CARTESIAN_POINT ( 'NONE',  ( 25.69999999999999929, 33.21243556529821461, 21.83333333333333215 ) ) ;
#988 = CARTESIAN_POINT ( 'NONE',  ( 46.50000000000000000, 4.999999999999997335, 2.104480912413648319 ) ) ;
#989 = B_SPLINE_CURVE_WITH_KNOTS ( 'NONE', 3,
 ( #1251, #730, #2121, #556, #596, #762, #2012, #1480, #606, #71, #2131, #1446, #233, #1639, #914, #2156, #570, #939 ),
 .UNSPECIFIED., .F., .F.,
 ( 4, 2, 2, 2, 2, 2, 2, 2, 4 ),
 ( 0.004327274628788535006, 0.004867879817995803340, 0.005408485007203071675, 0.005949090196410340009, 0.006489695385617609211, 0.007030300574824876678, 0.007570905764032145879, 0.008111510953239413346, 0.008652116142446682548 ),
 .UNSPECIFIED. ) ;
#990 = LINE ( 'NONE', #1008, #288 ) ;
#991 = LINE ( 'NONE', #814, #1677 ) ;
#992 = VERTEX_POINT ( 'NONE', #1623 ) ;
#993 = ORIENTED_EDGE ( 'NONE', *, *, #782, .T. ) ;
#994 = DIRECTION ( 'NONE',  ( 0.000000000000000000, -0.000000000000000000, 1.000000000000000000 ) ) ;
#995 = DIRECTION ( 'NONE',  ( 0.000000000000000000, 0.000000000000000000, 1.000000000000000000 ) ) ;
#996 = CARTESIAN_POINT ( 'NONE',  ( 26.26468353125000021, 32.00000000000000000, 21.67187500034139802 ) ) ;
#997 = CARTESIAN_POINT ( 'NONE',  ( 25.00000000000000000, 33.61658075373095755, 20.37499999999999645 ) ) ;
#998 = DIRECTION ( 'NONE',  ( -1.000000000000000000, 0.000000000000000000, -1.214306433183764966E-16 ) ) ;
#999 = ORIENTED_EDGE ( 'NONE', *, *, #1503, .T. ) ;
#1000 = CARTESIAN_POINT ( 'NONE',  ( 26.26468353125000021, 31.26983462279312675, 21.06770833367473017 ) ) ;
#1001 = VERTEX_POINT ( 'NONE', #554 ) ;
#1002 = VERTEX_POINT ( 'NONE', #923 ) ;
#1003 = CIRCLE ( 'NONE', #1956, 5.300000000000002487 ) ;
#1004 = CARTESIAN_POINT ( 'NONE',  ( 50.00000000000000000, 50.00000000000000000, 0.000000000000000000 ) ) ;
#1005 = CARTESIAN_POINT ( 'NONE',  ( 25.69999999999999929, 33.21243556529821461, 20.83333333333333215 ) ) ;
#1006 = CARTESIAN_POINT ( 'NONE',  ( 25.00000000000000000, 30.38341924626904955, 20.12499999999999289 ) ) ;
#1007 = PRODUCT_CONTEXT ( 'NONE', #1333, 'mechanical' ) ;
#1008 = CARTESIAN_POINT ( 'NONE',  ( 26.39999999999999858, 32.00000000000000000, 17.00000000000000000 ) ) ;
#1009 = CARTESIAN_POINT ( 'NONE',  ( 26.26468353125000021, 32.00000000000000000, 20.10937500034139447 ) ) ;
#1010 = ORIENTED_EDGE ( 'NONE', *, *, #1601, .T. ) ;
#1011 = CARTESIAN_POINT ( 'NONE',  ( 23.60000000000000142, 32.00000000000000000, 19.99999999999999645 ) ) ;
#1012 = ADVANCED_FACE ( 'NONE', ( #219 ), #2142, .F. ) ;
#1013 = CARTESIAN_POINT ( 'NONE',  ( 24.36765823437500345, 33.09524806581030987, 21.77604166700806232 ) ) ;
#1014 = EDGE_CURVE ( 'NONE', #657, #1655, #1786, .T. ) ;
#1015 = CARTESIAN_POINT ( 'NONE',  ( 25.63234176562500011, 33.09524806581030987, 19.75520833367473017 ) ) ;
#1016 = CARTESIAN_POINT ( 'NONE',  ( 26.40000000000000213, 31.19170962313452478, 21.48958333401612819 ) ) ;
#1017 = CARTESIAN_POINT ( 'NONE',  ( 27.75000000000000000, 32.00000000000000000, 22.77161119227962160 ) ) ;
#1018 = ORIENTED_EDGE ( 'NONE', *, *, #2042, .T. ) ;
#1019 = CARTESIAN_POINT ( 'NONE',  ( 25.00000000000000000, 40.00000000000000000, 14.41233490781574922 ) ) ;
#1020 = DIRECTION ( 'NONE',  ( 1.000000000000000000, -0.000000000000000000, 1.214306433183764966E-16 ) ) ;
#1021 = EDGE_CURVE ( 'NONE', #654, #949, #1091, .T. ) ;
#1022 = ORIENTED_EDGE ( 'NONE', *, *, #1156, .T. ) ;
#1023 = CARTESIAN_POINT ( 'NONE',  ( 24.36765823437500345, 33.09524806581030987, 20.77604166700806587 ) ) ;
#1024 = DIRECTION ( 'NONE',  ( -0.000000000000000000, -1.000000000000000000, -0.000000000000000000 ) ) ;
#1025 = CARTESIAN_POINT ( 'NONE',  ( 26.26468353125000021, 32.00000000000000000, 20.17187500034139447 ) ) ;
#1026 = CARTESIAN_POINT ( 'NONE',  ( 23.60000000000000497, 31.19170962313452478, 19.82291666734946034 ) ) ;
#1027 = CARTESIAN_POINT ( 'NONE',  ( 22.61592259267038330, 30.61773070990616574, 22.88386403633827726 ) ) ;
#1028 = ORIENTED_EDGE ( 'NONE', *, *, #117, .T. ) ;
#1029 = B_SPLINE_CURVE_WITH_KNOTS ( 'NONE', 3,
 ( #1818, #1953, #903, #567, #1272, #912 ),
 .UNSPECIFIED., .F., .F.,
 ( 4, 2, 4 ),
 ( 0.004924840131508842651, 0.005759766718287409951, 0.006594693305065976383 ),
 .UNSPECIFIED. ) ;
#1030 = CARTESIAN_POINT ( 'NONE',  ( 24.36765823437500345, 33.09524806581030987, 21.83854166700806232 ) ) ;
#1031 = ORIENTED_EDGE ( 'NONE', *, *, #117, .F. ) ;
#1032 = CARTESIAN_POINT ( 'NONE',  ( 24.30000000000000071, 33.21243556529821461, 20.19791666734946389 ) ) ;
#1033 = EDGE_CURVE ( 'NONE', #1585, #705, #1795, .T. ) ;
#1034 = CARTESIAN_POINT ( 'NONE',  ( 26.26468353125000021, 32.73016537720688035, 20.65104166700806587 ) ) ;
#1035 = CARTESIAN_POINT ( 'NONE',  ( 25.00000000000000000, 40.00000000000000000, 14.41233490781574922 ) ) ;
#1036 = CIRCLE ( 'NONE', #856, 5.300000000000002487 ) ;
#1037 = CARTESIAN_POINT ( 'NONE',  ( 23.60000000000000142, 32.00000000000000000, 21.50000000000000000 ) ) ;
#1038 = AXIS2_PLACEMENT_3D ( 'NONE', #1173, #1532, #112 ) ;
#1039 = CARTESIAN_POINT ( 'NONE',  ( 24.30000000000000071, 30.78756443470178894, 19.86458333401612819 ) ) ;
#1040 = LINE ( 'NONE', #185, #1607 ) ;
#1041 = ORIENTED_EDGE ( 'NONE', *, *, #1033, .F. ) ;
#1042 = LINE ( 'NONE', #1390, #613 ) ;
#1043 = CARTESIAN_POINT ( 'NONE',  ( -5.828670879282063949E-16, 0.000000000000000000, 4.799999999999993605 ) ) ;
#1044 = VECTOR ( 'NONE', #2, 1000.000000000000000 ) ;
#1045 = ORIENTED_EDGE ( 'NONE', *, *, #2048, .F. ) ;
#1046 = LINE ( 'NONE', #2092, #1853 ) ;
#1047 = CARTESIAN_POINT ( 'NONE',  ( 23.73531646875000689, 31.26983462279312675, 21.40104166700806587 ) ) ;
#1048 = CARTESIAN_POINT ( 'NONE',  ( 25.89042511340462482, 34.60800891057875361, 23.16875445287265478 ) ) ;
#1049 = EDGE_CURVE ( 'NONE', #560, #2252, #779, .T. ) ;
#1050 = CARTESIAN_POINT ( 'NONE',  ( 25.00000000000000000, 33.46033075441374649, 19.79687500034139802 ) ) ;
#1051 = CARTESIAN_POINT ( 'NONE',  ( 26.40000000000000213, 32.80829037686547167, 21.57291666734946389 ) ) ;
#1052 = CARTESIAN_POINT ( 'NONE',  ( 23.60000000000000142, 32.00000000000000000, 22.00000000000000000 ) ) ;
#1053 = ORIENTED_EDGE ( 'NONE', *, *, #746, .T. ) ;
#1054 = DIRECTION ( 'NONE',  ( -1.000000000000000000, 0.000000000000000000, 0.000000000000000000 ) ) ;
#1055 = FACE_BOUND ( 'NONE', #443, .T. ) ;
#1056 = VERTEX_POINT ( 'NONE', #425 ) ;
#1057 = CARTESIAN_POINT ( 'NONE',  ( 26.39999999999816893, 32.00000226464014474, 20.03125011844097259 ) ) ;
#1058 = EDGE_CURVE ( 'NONE', #826, #49, #253, .T. ) ;
#1059 = CARTESIAN_POINT ( 'NONE',  ( 26.26468353125000021, 31.26983462279312675, 21.06770833367473017 ) ) ;
#1060 = LINE ( 'NONE', #1314, #334 ) ;
#1061 = CARTESIAN_POINT ( 'NONE',  ( 23.60000000000000497, 31.19170962313452478, 20.04166666666666430 ) ) ;
#1062 = CARTESIAN_POINT ( 'NONE',  ( 26.24873608278188186, 32.66308449560469995, 19.56993333262674284 ) ) ;
#1063 = CARTESIAN_POINT ( 'NONE',  ( 3.500000000000004441, 0.000000000000000000, 4.799999999999997158 ) ) ;
#1064 = VERTEX_POINT ( 'NONE', #1074 ) ;
#1065 = LINE ( 'NONE', #1605, #1782 ) ;
#1066 = DIRECTION ( 'NONE',  ( 0.000000000000000000, -0.000000000000000000, 1.000000000000000000 ) ) ;
#1067 = VERTEX_POINT ( 'NONE', #8 ) ;
#1068 = CARTESIAN_POINT ( 'NONE',  ( 24.30000000000000071, 33.21243556529821461, 19.91666666666666430 ) ) ;
#1069 = VECTOR ( 'NONE', #829, 1000.000000000000000 ) ;
#1070 = CARTESIAN_POINT ( 'NONE',  ( 25.00000000000000000, 30.53966924558625706, 20.48437500034139447 ) ) ;
#1071 = VERTEX_POINT ( 'NONE', #710 ) ;
#1072 = PLANE ( 'NONE',  #2222 ) ;
#1073 = CARTESIAN_POINT ( 'NONE',  ( 23.60000000000000142, 31.19170962313452478, 20.32291666734946389 ) ) ;
#1074 = CARTESIAN_POINT ( 'NONE',  ( 0.000000000000000000, 0.000000000000000000, 4.799999999999993605 ) ) ;
#1075 = VECTOR ( 'NONE', #2103, 1000.000000000000000 ) ;
#1076 = AXIS2_PLACEMENT_3D ( 'NONE', #585, #417, #559 ) ;
#1077 = ORIENTED_EDGE ( 'NONE', *, *, #220, .F. ) ;
#1078 = CARTESIAN_POINT ( 'NONE',  ( 0.000000000000000000, 5.000000000000000000, 0.000000000000000000 ) ) ;
#1079 = CARTESIAN_POINT ( 'NONE',  ( 23.73531646875000689, 31.26983462279312675, 20.46354166700806942 ) ) ;
#1080 = ORIENTED_EDGE ( 'NONE', *, *, #1087, .T. ) ;
#1081 = DIRECTION ( 'NONE',  ( 1.000000000000000000, -0.000000000000000000, -0.000000000000000000 ) ) ;
#1082 =( BOUNDED_CURVE ( )  B_SPLINE_CURVE ( 2, ( #2223, #277, #1658, #91, #1152, #435, #1855 ),
 .UNSPECIFIED., .F., .F. ) 
 B_SPLINE_CURVE_WITH_KNOTS ( ( 3, 2, 2, 3 ),
 ( 0.000000000000000000, 0.03333333333333336063, 0.06666666666666672125, 0.1000000000000000888 ),
 .UNSPECIFIED. ) 
 CURVE ( )  GEOMETRIC_REPRESENTATION_ITEM ( )  RATIONAL_B_SPLINE_CURVE ( ( 1.000000000000000000, 0.8660254037844387076, 1.000000000000000000, 0.8660254037844387076, 1.000000000000000000, 0.8660254037844383745, 1.000000000000000222 ) ) 
 REPRESENTATION_ITEM ( '' )  );
#1083 = CARTESIAN_POINT ( 'NONE',  ( 23.73531646875000689, 32.73016537720688035, 21.88020833367473372 ) ) ;
#1084 = ORIENTED_EDGE ( 'NONE', *, *, #161, .T. ) ;
#1085 = CARTESIAN_POINT ( 'NONE',  ( 25.00000000000000000, 0.000000000000000000, 19.71233490781575171 ) ) ;
#1086 = EDGE_CURVE ( 'NONE', #1243, #1425, #899, .T. ) ;
#1087 = EDGE_CURVE ( 'NONE', #163, #873, #400, .T. ) ;
#1088 = VECTOR ( 'NONE', #2255, 1000.000000000000000 ) ;
#1089 = ADVANCED_FACE ( 'NONE', ( #723 ), #689, .F. ) ;
#1090 = CARTESIAN_POINT ( 'NONE',  ( 41.49999999999998579, 4.999999999999997335, 2.104480912413648319 ) ) ;
#1091 = LINE ( 'NONE', #1118, #174 ) ;
#1092 = ADVANCED_FACE ( 'NONE', ( #367 ), #245, .F. ) ;
#1093 = EDGE_LOOP ( 'NONE', ( #1796, #1497, #1575, #1339, #720, #1836 ) ) ;
#1094 = CYLINDRICAL_SURFACE ( 'NONE', #750, 5.300000000000002487 ) ;
#1095 = CARTESIAN_POINT ( 'NONE',  ( 25.00000000000000000, 0.000000000000000000, 9.112334907815748508 ) ) ;
#1096 = CARTESIAN_POINT ( 'NONE',  ( 26.26468353125000021, 32.00000000000000000, 20.17187500034139447 ) ) ;
#1097 = VERTEX_POINT ( 'NONE', #1278 ) ;
#1098 = DIRECTION ( 'NONE',  ( -0.000000000000000000, -0.000000000000000000, 1.000000000000000000 ) ) ;
#1099 = CARTESIAN_POINT ( 'NONE',  ( 25.00000000000000000, 33.61658075373095755, 19.65625000068279959 ) ) ;
#1100 = CARTESIAN_POINT ( 'NONE',  ( 25.00000000000000000, 30.53966924558625706, 20.54687500034139447 ) ) ;
#1101 = DIRECTION ( 'NONE',  ( 0.000000000000000000, 1.000000000000000000, 0.000000000000000000 ) ) ;
#1102 =( BOUNDED_CURVE ( )  B_SPLINE_CURVE ( 2, ( #832, #1507, #270, #2183, #1542, #1157, #1691 ),
 .UNSPECIFIED., .F., .T. ) 
 B_SPLINE_CURVE_WITH_KNOTS ( ( 3, 2, 2, 3 ),
 ( 0.2000000000000001776, 0.2333333333333335591, 0.2666666666666669405, 0.3000000000000002665 ),
 .UNSPECIFIED. ) 
 CURVE ( )  GEOMETRIC_REPRESENTATION_ITEM ( )  RATIONAL_B_SPLINE_CURVE ( ( 0.9999999999999993339, 0.8660254037844393737, 1.000000000000000000, 0.8660254037844387076, 1.000000000000000000, 0.8660254037844375974, 1.000000000000001110 ) ) 
 REPRESENTATION_ITEM ( '' )  );
#1103 = CARTESIAN_POINT ( 'NONE',  ( 26.39999999999999858, 32.00000000000000000, 21.75000000000000000 ) ) ;
#1104 = CARTESIAN_POINT ( 'NONE',  ( 23.60000000000000142, 32.00000000000000000, 20.99999999999999645 ) ) ;
#1105 = ORIENTED_EDGE ( 'NONE', *, *, #1936, .T. ) ;
#1106 = CARTESIAN_POINT ( 'NONE',  ( 23.60000000000000142, 31.90769768279194096, 19.52408607546857056 ) ) ;
#1107 = FACE_OUTER_BOUND ( 'NONE', #815, .T. ) ;
#1108 = ADVANCED_FACE ( 'NONE', ( #1970 ), #1682, .F. ) ;
#1109 = CARTESIAN_POINT ( 'NONE',  ( 23.73531646875000689, 31.26983462279312675, 19.96354166700806942 ) ) ;
#1110 = ORIENTED_EDGE ( 'NONE', *, *, #1669, .F. ) ;
#1111 = CARTESIAN_POINT ( 'NONE',  ( 25.00000000000000000, 33.46033075441374649, 20.23437500034139802 ) ) ;
#1112 = CARTESIAN_POINT ( 'NONE',  ( 24.36765823437500345, 30.90475193418969369, 21.00520833367473017 ) ) ;
#1113 = VERTEX_POINT ( 'NONE', #485 ) ;
#1114 = FACE_OUTER_BOUND ( 'NONE', #1393, .T. ) ;
#1115 = EDGE_CURVE ( 'NONE', #1666, #1787, #991, .T. ) ;
#1116 = DIRECTION ( 'NONE',  ( 0.000000000000000000, 0.000000000000000000, 1.000000000000000000 ) ) ;
#1117 = CARTESIAN_POINT ( 'NONE',  ( 26.39999999999999858, 32.00000000000000000, 20.24999999999999645 ) ) ;
#1118 = CARTESIAN_POINT ( 'NONE',  ( 23.60000000000000142, 32.00000000000000000, 17.00000000000000000 ) ) ;
#1119 = ORIENTED_EDGE ( 'NONE', *, *, #658, .T. ) ;
#1120 = DIRECTION ( 'NONE',  ( 0.000000000000000000, 0.000000000000000000, -1.000000000000000000 ) ) ;
#1121 = AXIS2_PLACEMENT_3D ( 'NONE', #1288, #2149, #1299 ) ;
#1122 = CARTESIAN_POINT ( 'NONE',  ( 50.00000000000000000, 50.00000000000000000, 0.000000000000000000 ) ) ;
#1123 = AXIS2_PLACEMENT_3D ( 'NONE', #632, #811, #472 ) ;
#1124 = DIRECTION ( 'NONE',  ( -0.000000000000000000, -0.000000000000000000, 1.000000000000000000 ) ) ;
#1125 = CARTESIAN_POINT ( 'NONE',  ( 23.59999999999999076, 31.19170962313453188, 20.54166666666666075 ) ) ;
#1126 = EDGE_CURVE ( 'NONE', #45, #1259, #2229, .T. ) ;
#1127 = CARTESIAN_POINT ( 'NONE',  ( 26.26468353125000021, 32.00000000000000000, 21.10937500034139802 ) ) ;
#1128 = CARTESIAN_POINT ( 'NONE',  ( 23.73531646875000689, 31.26983462279312675, 20.46354166700806587 ) ) ;
#1129 = CARTESIAN_POINT ( 'NONE',  ( 25.00000000000000000, 30.38341924626904955, 21.40625000068279604 ) ) ;
#1130 = DIRECTION ( 'NONE',  ( 1.000000000000000000, 0.000000000000000000, 0.000000000000000000 ) ) ;
#1131 = VECTOR ( 'NONE', #998, 1000.000000000000000 ) ;
#1132 = EDGE_CURVE ( 'NONE', #2102, #1283, #1661, .T. ) ;
#1133 = ORIENTED_EDGE ( 'NONE', *, *, #1802, .T. ) ;
#1134 = CARTESIAN_POINT ( 'NONE',  ( 23.77719302184517858, 31.29421666723398232, 19.56985047477994755 ) ) ;
#1135 = CYLINDRICAL_SURFACE ( 'NONE', #1631, 1.399999999999998579 ) ;
#1136 = CARTESIAN_POINT ( 'NONE',  ( 46.50000000000000000, 50.00000000000000000, 5.000000000000000000 ) ) ;
#1137 = CARTESIAN_POINT ( 'NONE',  ( 25.63234176562500011, 30.90475193418969369, 20.02604166700806587 ) ) ;
#1138 = CARTESIAN_POINT ( 'NONE',  ( 23.73531646875000689, 31.26983462279312675, 19.96354166700806232 ) ) ;
#1139 = EDGE_LOOP ( 'NONE', ( #544, #819, #1684, #1031, #1604, #113 ) ) ;
#1140 = CARTESIAN_POINT ( 'NONE',  ( 26.40000000000000213, 32.80829037686547167, 20.57291666734946389 ) ) ;
#1141 = FACE_OUTER_BOUND ( 'NONE', #352, .T. ) ;
#1142 = CARTESIAN_POINT ( 'NONE',  ( 23.60000000000368203, 32.00000221241642606, 21.28120577588124718 ) ) ;
#1143 = CARTESIAN_POINT ( 'NONE',  ( 25.00000000000000000, 33.46033075441374649, 21.79687500034139447 ) ) ;
#1144 = CARTESIAN_POINT ( 'NONE',  ( 23.60000000000000497, 32.80829037686547167, 20.95833333333333215 ) ) ;
#1145 = DIRECTION ( 'NONE',  ( -0.000000000000000000, -0.000000000000000000, 1.000000000000000000 ) ) ;
#1146 = ORIENTED_EDGE ( 'NONE', *, *, #1769, .T. ) ;
#1147 = CARTESIAN_POINT ( 'NONE',  ( 26.26468353125000021, 32.00000000000000000, 20.10937500034139447 ) ) ;
#1148 = CARTESIAN_POINT ( 'NONE',  ( 25.00000000000000000, 30.53966924558625351, 21.48437500034139802 ) ) ;
#1149 = ORIENTED_EDGE ( 'NONE', *, *, #782, .F. ) ;
#1150 = CARTESIAN_POINT ( 'NONE',  ( 23.60000000000000497, 32.80829037686547167, 21.23958333401612819 ) ) ;
#1151 = CARTESIAN_POINT ( 'NONE',  ( 26.39999999998093827, 32.00000730538608451, 21.53125037727315316 ) ) ;
#1152 = CARTESIAN_POINT ( 'NONE',  ( 25.69999999999999929, 33.21243556529821461, 21.83333333333333215 ) ) ;
#1153 = CARTESIAN_POINT ( 'NONE',  ( 23.73531646875000689, 32.73016537720688035, 21.88020833367473372 ) ) ;
#1154 = CARTESIAN_POINT ( 'NONE',  ( 26.39999999999999858, 32.00000000000000000, 21.75000000000000000 ) ) ;
#1155 = AXIS2_PLACEMENT_3D ( 'NONE', #951, #763, #1297 ) ;
#1156 = EDGE_CURVE ( 'NONE', #1064, #1666, #872, .T. ) ;
#1157 = CARTESIAN_POINT ( 'NONE',  ( 26.40000000000000568, 32.80829037686547167, 21.29166666666667140 ) ) ;
#1158 =( NAMED_UNIT ( * ) PLANE_ANGLE_UNIT ( ) SI_UNIT ( $, .RADIAN. ) );
#1159 = AXIS2_PLACEMENT_3D ( 'NONE', #1078, #1788, #119 ) ;
#1160 = CARTESIAN_POINT ( 'NONE',  ( 26.26468353125000021, 32.00000000000000000, 20.60937500034139802 ) ) ;
#1161 = ADVANCED_FACE ( 'NONE', ( #707 ), #1242, .F. ) ;
#1162 = VERTEX_POINT ( 'NONE', #364 ) ;
#1163 = ORIENTED_EDGE ( 'NONE', *, *, #1547, .T. ) ;
#1164 = CARTESIAN_POINT ( 'NONE',  ( 8.500000000000015987, 50.00000000000000000, 0.000000000000000000 ) ) ;
#1165 = CARTESIAN_POINT ( 'NONE',  ( 24.91194233739296848, 33.39999999999999858, 19.71233490781574460 ) ) ;
#1166 = VECTOR ( 'NONE', #669, 1000.000000000000000 ) ;
#1167 = CARTESIAN_POINT ( 'NONE',  ( 25.63234176562500011, 33.09524806581030987, 21.75520833367473017 ) ) ;
#1168 = EDGE_CURVE ( 'NONE', #1071, #1425, #1937, .T. ) ;
#1169 = CARTESIAN_POINT ( 'NONE',  ( 24.30000000000000071, 33.21243556529821461, 19.91666666666666430 ) ) ;
#1170 = DIRECTION ( 'NONE',  ( 0.000000000000000000, 1.000000000000000000, 0.000000000000000000 ) ) ;
#1171 = VERTEX_POINT ( 'NONE', #2081 ) ;
#1172 = CARTESIAN_POINT ( 'NONE',  ( 23.60000000000000142, 32.00000000000000000, 20.99999999999999645 ) ) ;
#1173 = CARTESIAN_POINT ( 'NONE',  ( 25.00000000000000000, 40.00000000000000000, 14.41233490781574922 ) ) ;
#1174 = ORIENTED_EDGE ( 'NONE', *, *, #1775, .T. ) ;
#1175 = ORIENTED_EDGE ( 'NONE', *, *, #69, .F. ) ;
#1176 = CARTESIAN_POINT ( 'NONE',  ( 26.13263033445132422, 32.82289034831912744, 19.58162671371539787 ) ) ;
#1177 = CARTESIAN_POINT ( 'NONE',  ( 23.60000000004356480, 32.00000743721013663, 20.78109788983227091 ) ) ;
#1178 = ORIENTED_EDGE ( 'NONE', *, *, #1132, .T. ) ;
#1179 = CARTESIAN_POINT ( 'NONE',  ( 25.69999999999999929, 30.78756443470178894, 21.16666666666666785 ) ) ;
#1180 =( BOUNDED_CURVE ( )  B_SPLINE_CURVE ( 2, ( #922, #35, #2119, #1952, #391, #1073, #553 ),
 .UNSPECIFIED., .F., .T. ) 
 B_SPLINE_CURVE_WITH_KNOTS ( ( 3, 2, 2, 3 ),
 ( 0.5681344821735581085, 0.6060099731812660373, 0.6438855965050960251, 0.6817610667212041786 ),
 .UNSPECIFIED. ) 
 CURVE ( )  GEOMETRIC_REPRESENTATION_ITEM ( )  RATIONAL_B_SPLINE_CURVE ( ( 1.000000000000000000, 0.8660254037844387076, 1.000000000000000000, 0.8660254037844387076, 1.000000000000000000, 0.8660254037844387076, 1.000000000000000000 ) ) 
 REPRESENTATION_ITEM ( '' )  );
#1181 = CARTESIAN_POINT ( 'NONE',  ( 25.71528445379469119, 29.33849930753541813, 23.18501706267554852 ) ) ;
#1182 = SURFACE_SIDE_STYLE ('',( #306 ) ) ;
#1183 = CARTESIAN_POINT ( 'NONE',  ( 26.26468353125000021, 32.00000000000000000, 21.60937500034139802 ) ) ;
#1184 = ORIENTED_EDGE ( 'NONE', *, *, #2204, .F. ) ;
#1185 = ORIENTED_EDGE ( 'NONE', *, *, #220, .T. ) ;
#1186 = CARTESIAN_POINT ( 'NONE',  ( 25.69999999999999929, 33.21243556529821461, 19.61458333401612819 ) ) ;
#1187 = ORIENTED_EDGE ( 'NONE', *, *, #745, .T. ) ;
#1188 = CARTESIAN_POINT ( 'NONE',  ( 25.00000000000000000, 33.61658075373095755, 21.87500000000000000 ) ) ;
#1189 = DIRECTION ( 'NONE',  ( 1.000000000000000000, 0.000000000000000000, 0.000000000000000000 ) ) ;
#1190 =( BOUNDED_SURFACE ( )  B_SPLINE_SURFACE ( 1, 2, ( 
 ( #1330, #2191, #142, #1188, #987, #459, #1154, #1551, #107, #1858, #974, #293, #1702, #1366, #963, #314, #2234, #1690, #820, #447, #1179, #831, #1518, #2215, #1529, #1144, #1540, #2225, #652, #1504, #799, #663, #1356, #491, #1880, #671, #279, #481, #1344, #997, #1893, #1674, #1711, #2203, #325, #1006, #1721, #643, #839, #2036, #1169, #1203, #1902, #1556, #1419, #680, #1 ),
 ( #2109, #702, #858, #1602, #1919, #1051, #542, #1016, #336, #1739, #878, #184, #196, #1213, #1730, #170, #159, #847, #869, #1569, #2246, #1408, #508, #727, #1750, #1387, #13, #2075, #2096, #1580, #359, #1222, #1910, #528, #346, #692, #36, #2065, #1236, #1397, #1248, #1931, #499, #1944, #2086, #890, #1039, #1026, #1590, #517, #25, #714, #371, #1762, #380, #1062, #1771 ) ),
 .UNSPECIFIED., .F., .F., .T. ) 
 B_SPLINE_SURFACE_WITH_KNOTS ( ( 2, 2 ),
 ( 3, 2, 2, 2, 2, 2, 2, 2, 2, 2, 2, 2, 2, 2, 2, 2, 2, 2, 2, 2, 2, 2, 2, 2, 2, 2, 2, 2, 3 ),
 ( 0.000000000000000000, 1.000000000000000000 ),
 ( 0.000000000000000000, 0.03333333333333333287, 0.06666666666666666574, 0.1000000000000000056, 0.1333333333333333315, 0.1666666666666666574, 0.2000000000000000111, 0.2333333333333333370, 0.2666666666666666630, 0.2999999999999999889, 0.3333333333333333148, 0.3666666666666666408, 0.4000000000000000222, 0.4333333333333333481, 0.4666666666666666741, 0.5000000000000000000, 0.5333333333333333259, 0.5666666666666666519, 0.5999999999999999778, 0.6333333333333333037, 0.6666666666666666297, 0.6999999999999999556, 0.7333333333333332815, 0.7666666666666667185, 0.8000000000000000444, 0.8333333333333333703, 0.8666666666666666963, 0.8800735250833994217, 0.8888742603342334458 ),
 .UNSPECIFIED. ) 
 GEOMETRIC_REPRESENTATION_ITEM ( )  RATIONAL_B_SPLINE_SURFACE ( (
 ( 1.000000000000000000, 0.8660254037844387076, 1.000000000000000000, 0.8660254037844387076, 1.000000000000000000, 0.8660254037844387076, 1.000000000000000000, 0.8660254037844387076, 1.000000000000000000, 0.8660254037844387076, 1.000000000000000000, 0.8660254037844387076, 1.000000000000000000, 0.8660254037844387076, 1.000000000000000000, 0.8660254037844387076, 1.000000000000000000, 0.8660254037844387076, 1.000000000000000000, 0.8660254037844387076, 1.000000000000000000, 0.8660254037844387076, 1.000000000000000000, 0.8660254037844387076, 1.000000000000000000, 0.8660254037844387076, 1.000000000000000000, 0.8660254037844387076, 1.000000000000000000, 0.8660254037844387076, 1.000000000000000000, 0.8660254037844387076, 1.000000000000000000, 0.8660254037844387076, 1.000000000000000000, 0.8660254037844387076, 1.000000000000000000, 0.8660254037844387076, 1.000000000000000000, 0.8660254037844387076, 1.000000000000000000, 0.8660254037844387076, 1.000000000000000000, 0.8660254037844387076, 1.000000000000000000, 0.8660254037844387076, 1.000000000000000000, 0.8660254037844387076, 1.000000000000000000, 0.8660254037844387076, 1.000000000000000000, 0.8660254037844387076, 1.000000000000000000, 0.9461146467129710746, 0.9355752915612314258, 0.9355752915612314258, 0.9355752915612314258),
 ( 1.000000000000000000, 0.8660254037844387076, 1.000000000000000000, 0.8660254037844387076, 1.000000000000000000, 0.8660254037844387076, 1.000000000000000000, 0.8660254037844387076, 1.000000000000000000, 0.8660254037844387076, 1.000000000000000000, 0.8660254037844387076, 1.000000000000000000, 0.8660254037844387076, 1.000000000000000000, 0.8660254037844387076, 1.000000000000000000, 0.8660254037844387076, 1.000000000000000000, 0.8660254037844387076, 1.000000000000000000, 0.8660254037844387076, 1.000000000000000000, 0.8660254037844387076, 1.000000000000000000, 0.8660254037844387076, 1.000000000000000000, 0.8660254037844387076, 1.000000000000000000, 0.8660254037844387076, 1.000000000000000000, 0.8660254037844387076, 1.000000000000000000, 0.8660254037844387076, 1.000000000000000000, 0.8660254037844387076, 1.000000000000000000, 0.8660254037844387076, 1.000000000000000000, 0.8660254037844387076, 1.000000000000000000, 0.8660254037844387076, 1.000000000000000000, 0.8660254037844387076, 1.000000000000000000, 0.8660254037844387076, 1.000000000000000000, 0.8660254037844387076, 1.000000000000000000, 0.8660254037844387076, 1.000000000000000000, 0.8660254037844387076, 1.000000000000000000, 0.9461146467129710746, 0.9355752915612314258, 0.9355752915612314258, 0.9355752915612314258) ) ) 
 REPRESENTATION_ITEM ( '' )  SURFACE ( )  );
#1191 = DIRECTION ( 'NONE',  ( 0.000000000000000000, 0.000000000000000000, 1.000000000000000000 ) ) ;
#1192 = CARTESIAN_POINT ( 'NONE',  ( 23.73531646875000689, 32.73016537720687325, 20.81770833367473017 ) ) ;
#1193 = EDGE_CURVE ( 'NONE', #1863, #1209, #470, .T. ) ;
#1194 = ORIENTED_EDGE ( 'NONE', *, *, #1126, .T. ) ;
#1195 = EDGE_CURVE ( 'NONE', #637, #1764, #374, .T. ) ;
#1196 = AXIS2_PLACEMENT_3D ( 'NONE', #1704, #1191, #1544 ) ;
#1197 = ADVANCED_FACE ( 'NONE', ( #1055, #1913 ), #719, .T. ) ;
#1198 = EDGE_CURVE ( 'NONE', #1629, #466, #1270, .T. ) ;
#1199 =( GEOMETRIC_REPRESENTATION_CONTEXT ( 3 ) GLOBAL_UNCERTAINTY_ASSIGNED_CONTEXT ( ( #1324 ) ) GLOBAL_UNIT_ASSIGNED_CONTEXT ( ( #502, #1158, #296 ) ) REPRESENTATION_CONTEXT ( 'NONE', 'WORKASPACE' ) );
#1200 = VECTOR ( 'NONE', #2090, 1000.000000000000000 ) ;
#1201 = CARTESIAN_POINT ( 'NONE',  ( 26.39999999999999858, 32.00000000000000000, 20.24999999999999645 ) ) ;
#1202 = CARTESIAN_POINT ( 'NONE',  ( 25.69999999999999929, 33.21243556529821461, 21.33333333333333215 ) ) ;
#1203 = CARTESIAN_POINT ( 'NONE',  ( 25.00000000000000000, 33.61658075373095755, 19.87500000000000355 ) ) ;
#1204 = EDGE_CURVE ( 'NONE', #1689, #81, #684, .T. ) ;
#1205 = CARTESIAN_POINT ( 'NONE',  ( 27.07035634480103781, 30.18123902890266308, 22.96630049026999032 ) ) ;
#1206 = CARTESIAN_POINT ( 'NONE',  ( 25.00000000000000000, 33.39999999999999858, 19.71233490781575171 ) ) ;
#1207 = AXIS2_PLACEMENT_3D ( 'NONE', #909, #1441, #1760 ) ;
#1208 = CARTESIAN_POINT ( 'NONE',  ( 25.86515302978597219, 32.96083441977659589, 19.67736778546587928 ) ) ;
#1209 = VERTEX_POINT ( 'NONE', #2239 ) ;
#1210 = DIRECTION ( 'NONE',  ( 0.000000000000000000, 0.000000000000000000, 1.000000000000000000 ) ) ;
#1211 = EDGE_CURVE ( 'NONE', #642, #406, #29, .T. ) ;
#1212 = CARTESIAN_POINT ( 'NONE',  ( 25.86515507298576821, 32.96083324013464022, 19.73986765083405714 ) ) ;
#1213 = CARTESIAN_POINT ( 'NONE',  ( 23.60000000000000497, 32.80829037686547167, 21.23958333401612819 ) ) ;
#1214 = CARTESIAN_POINT ( 'NONE',  ( 22.33915418502484584, 31.28200664223786731, 22.80049957085564216 ) ) ;
#1215 = ORIENTED_EDGE ( 'NONE', *, *, #849, .T. ) ;
#1216 = CARTESIAN_POINT ( 'NONE',  ( 50.00000000000000000, 50.00000000000000000, 11.00000000000000000 ) ) ;
#1217 = ORIENTED_EDGE ( 'NONE', *, *, #795, .F. ) ;
#1218 = CARTESIAN_POINT ( 'NONE',  ( 3.500000000000004441, 50.00000000000000000, 2.104480912413648319 ) ) ;
#1219 = CARTESIAN_POINT ( 'NONE',  ( 23.73531646875000334, 32.00000000000000000, 21.85937500034139802 ) ) ;
#1220 = DIRECTION ( 'NONE',  ( 0.000000000000000000, 1.000000000000000000, 0.000000000000000000 ) ) ;
#1221 = CARTESIAN_POINT ( 'NONE',  ( 24.30000000000000071, 30.78756443470178894, 21.58333333333333215 ) ) ;
#1222 = CARTESIAN_POINT ( 'NONE',  ( 26.40000000000000213, 31.19170962313452478, 20.48958333401612819 ) ) ;
#1223 = CARTESIAN_POINT ( 'NONE',  ( 45.78860307263031615, 50.00000000000000000, 11.00000000000000000 ) ) ;
#1224 = ORIENTED_EDGE ( 'NONE', *, *, #552, .F. ) ;
#1225 = CARTESIAN_POINT ( 'NONE',  ( 0.000000000000000000, 0.000000000000000000, 11.00000000000000000 ) ) ;
#1226 = EDGE_CURVE ( 'NONE', #1534, #992, #2182, .T. ) ;
#1227 = DIRECTION ( 'NONE',  ( -0.000000000000000000, -0.000000000000000000, 1.000000000000000000 ) ) ;
#1228 = ORIENTED_EDGE ( 'NONE', *, *, #1927, .T. ) ;
#1229 = AXIS2_PLACEMENT_3D ( 'NONE', #1122, #258, #1978 ) ;
#1230 = EDGE_CURVE ( 'NONE', #642, #1659, #1311, .T. ) ;
#1231 = CARTESIAN_POINT ( 'NONE',  ( 26.26468353125000021, 32.00000000000000000, 20.10937500034139447 ) ) ;
#1232 = CARTESIAN_POINT ( 'NONE',  ( 8.500000000000015987, 50.00000000000000000, 0.000000000000000000 ) ) ;
#1233 = EDGE_CURVE ( 'NONE', #2248, #1421, #74, .T. ) ;
#1234 = VECTOR ( 'NONE', #1652, 1000.000000000000000 ) ;
#1235 = CARTESIAN_POINT ( 'NONE',  ( 25.63234176562500011, 33.09524806581030987, 20.75520833367473017 ) ) ;
#1236 = CARTESIAN_POINT ( 'NONE',  ( 24.30000000000000071, 33.21243556529821461, 20.19791666734946389 ) ) ;
#1237 = B_SPLINE_CURVE_WITH_KNOTS ( 'NONE', 1,
 ( #870, #1052 ),
 .UNSPECIFIED., .F., .F.,
 ( 2, 2 ),
 ( 0.000000000000000000, 1.000000000000000000 ),
 .UNSPECIFIED. ) ;
#1238 = CARTESIAN_POINT ( 'NONE',  ( 26.13263580870787450, 32.82288281346333747, 19.80037616169302694 ) ) ;
#1239 = ADVANCED_FACE ( 'NONE', ( #2134 ), #235, .F. ) ;
#1240 = ORIENTED_EDGE ( 'NONE', *, *, #515, .T. ) ;
#1241 = CARTESIAN_POINT ( 'NONE',  ( 23.60000000000000142, 31.19170962313452478, 20.82291666734946389 ) ) ;
#1242 = CYLINDRICAL_SURFACE ( 'NONE', #679, 1.399999999999998579 ) ;
#1243 = VERTEX_POINT ( 'NONE', #941 ) ;
#1244 = CARTESIAN_POINT ( 'NONE',  ( 26.02316494281143733, 32.74334240698122045, 19.72225075861638288 ) ) ;
#1245 = CARTESIAN_POINT ( 'NONE',  ( 23.73531646875000689, 32.73016537720688035, 20.31770833367473017 ) ) ;
#1246 = DIRECTION ( 'NONE',  ( 0.000000000000000000, 0.000000000000000000, -1.000000000000000000 ) ) ;
#1247 = CARTESIAN_POINT ( 'NONE',  ( 25.63234176562500011, 30.90475193418969369, 20.58854166700806587 ) ) ;
#1248 = CARTESIAN_POINT ( 'NONE',  ( 25.69999999999999929, 33.21243556529821461, 20.11458333401612819 ) ) ;
#1249 = CARTESIAN_POINT ( 'NONE',  ( 25.00000000000000000, 0.000000000000000000, 14.41233490781574922 ) ) ;
#1250 = VERTEX_POINT ( 'NONE', #1606 ) ;
#1251 = CARTESIAN_POINT ( 'NONE',  ( 25.00000000000000000, 34.75000000000000000, 23.21233490781575526 ) ) ;
#1252 = CARTESIAN_POINT ( 'NONE',  ( 23.73531646875000334, 32.00000000000000000, 21.42187500034139802 ) ) ;
#1253 = ORIENTED_EDGE ( 'NONE', *, *, #745, .F. ) ;
#1254 = CARTESIAN_POINT ( 'NONE',  ( 26.13263580870787450, 32.82288281346333747, 19.80037616169302694 ) ) ;
#1255 = CARTESIAN_POINT ( 'NONE',  ( 24.36765823437500345, 33.09524806581030987, 21.27604166700806232 ) ) ;
#1256 = LINE ( 'NONE', #368, #935 ) ;
#1257 = CARTESIAN_POINT ( 'NONE',  ( 26.39999999999999858, 32.00000000000000000, 19.52408607546857056 ) ) ;
#1258 = DIRECTION ( 'NONE',  ( -0.000000000000000000, 0.000000000000000000, 1.000000000000000000 ) ) ;
#1259 = VERTEX_POINT ( 'NONE', #1627 ) ;
#1260 = CARTESIAN_POINT ( 'NONE',  ( 0.000000000000000000, 0.000000000000000000, 11.00000000000000000 ) ) ;
#1261 = EDGE_CURVE ( 'NONE', #114, #2248, #518, .T. ) ;
#1262 = CARTESIAN_POINT ( 'NONE',  ( 25.00000000000000000, 30.60000000000000142, 19.71233490781575171 ) ) ;
#1263 = ORIENTED_EDGE ( 'NONE', *, *, #757, .F. ) ;
#1264 = DIRECTION ( 'NONE',  ( 0.000000000000000000, 1.000000000000000000, 0.000000000000000000 ) ) ;
#1265 = EDGE_CURVE ( 'NONE', #1250, #560, #1102, .T. ) ;
#1266 = AXIS2_PLACEMENT_3D ( 'NONE', #236, #484, #493 ) ;
#1267 = CARTESIAN_POINT ( 'NONE',  ( 25.63234176562500011, 33.09524806581030987, 19.75520833367473017 ) ) ;
#1268 = ORIENTED_EDGE ( 'NONE', *, *, #1261, .T. ) ;
#1269 = CARTESIAN_POINT ( 'NONE',  ( 46.50000000000000000, 50.00000000000000000, 2.104480912413648319 ) ) ;
#1270 =( BOUNDED_CURVE ( )  B_SPLINE_CURVE ( 2, ( #1584, #2251, #210, #862, #19, #200, #883 ),
 .UNSPECIFIED., .F., .F. ) 
 B_SPLINE_CURVE_WITH_KNOTS ( ( 3, 2, 2, 3 ),
 ( 0.000000000000000000, 0.03787562332382999469, 0.07575124664765998939, 0.1136266723315864230 ),
 .UNSPECIFIED. ) 
 CURVE ( )  GEOMETRIC_REPRESENTATION_ITEM ( )  RATIONAL_B_SPLINE_CURVE ( ( 1.000000000000000000, 0.8660254037844387076, 1.000000000000000000, 0.8660254037844387076, 1.000000000000000000, 0.8660254037844387076, 1.000000000000000000 ) ) 
 REPRESENTATION_ITEM ( '' )  );
#1271 = CARTESIAN_POINT ( 'NONE',  ( 50.00000000000000000, 0.000000000000000000, 4.799999999999997158 ) ) ;
#1272 = CARTESIAN_POINT ( 'NONE',  ( 23.60000000000000497, 32.28057430936015493, 19.52408607546857411 ) ) ;
#1273 = COLOUR_RGB ( '',0.7921568627450980005, 0.8196078431372548767, 0.9333333333333333481 ) ;
#1274 = ORIENTED_EDGE ( 'NONE', *, *, #386, .T. ) ;
#1275 = CARTESIAN_POINT ( 'NONE',  ( 25.00000000000000000, 0.000000000000000000, 9.112334907815748508 ) ) ;
#1276 = CARTESIAN_POINT ( 'NONE',  ( 23.73531646875000334, 32.00000000000000000, 20.42187500034139447 ) ) ;
#1277 = CYLINDRICAL_SURFACE ( 'NONE', #30, 2.749999999999999112 ) ;
#1278 = CARTESIAN_POINT ( 'NONE',  ( 50.00000000000000000, 5.000000000000000000, 4.799999999999999822 ) ) ;
#1279 = FACE_BOUND ( 'NONE', #894, .T. ) ;
#1280 = CARTESIAN_POINT ( 'NONE',  ( 25.69999999999999929, 30.78756443470178894, 20.66666666666666785 ) ) ;
#1281 = FACE_OUTER_BOUND ( 'NONE', #1514, .T. ) ;
#1282 = EDGE_CURVE ( 'NONE', #1001, #826, #1870, .T. ) ;
#1283 = VERTEX_POINT ( 'NONE', #2193 ) ;
#1284 = CARTESIAN_POINT ( 'NONE',  ( 41.49999999999998579, 5.000000000000000000, 0.000000000000000000 ) ) ;
#1285 = CARTESIAN_POINT ( 'NONE',  ( 25.00000000000000000, 40.00000000000000000, 14.41233490781574922 ) ) ;
#1286 = CARTESIAN_POINT ( 'NONE',  ( 24.36765823437500345, 33.09524806581030987, 20.83854166700806587 ) ) ;
#1287 = VERTEX_POINT ( 'NONE', #1346 ) ;
#1288 = CARTESIAN_POINT ( 'NONE',  ( 25.00000000000000000, 40.00000000000000000, 14.41233490781574922 ) ) ;
#1289 = CARTESIAN_POINT ( 'NONE',  ( 26.26468353125000021, 32.73016537720688035, 21.15104166700806587 ) ) ;
#1290 = CARTESIAN_POINT ( 'NONE',  ( 23.73531646875000689, 32.73016537720688035, 19.88020833367472662 ) ) ;
#1291 = CARTESIAN_POINT ( 'NONE',  ( 25.00000000000000000, -21.42197759079808606, 23.21233490781575526 ) ) ;
#1292 = CYLINDRICAL_SURFACE ( 'NONE', #581, 1.399999999999998579 ) ;
#1293 = CARTESIAN_POINT ( 'NONE',  ( 26.13263981423550675, 32.82287730021465677, 19.80037575827772400 ) ) ;
#1294 = CARTESIAN_POINT ( 'NONE',  ( 24.30000000000000071, 30.78756443470178894, 21.08333333333333215 ) ) ;
#1295 = ORIENTED_EDGE ( 'NONE', *, *, #455, .F. ) ;
#1296 = LINE ( 'NONE', #1977, #1857 ) ;
#1297 = DIRECTION ( 'NONE',  ( 1.000000000000000000, 0.000000000000000000, 1.214306433183764966E-16 ) ) ;
#1298 = CARTESIAN_POINT ( 'NONE',  ( 25.62245991646330623, 30.74263748993656620, 19.67634414882821403 ) ) ;
#1299 = DIRECTION ( 'NONE',  ( 0.000000000000000000, -0.000000000000000000, 1.000000000000000000 ) ) ;
#1300 = CARTESIAN_POINT ( 'NONE',  ( 25.86515302978597219, 32.96083441977659589, 19.67736778546587928 ) ) ;
#1301 = CARTESIAN_POINT ( 'NONE',  ( 26.26468353125000021, 32.73016537720688035, 21.21354166700806587 ) ) ;
#1302 = CARTESIAN_POINT ( 'NONE',  ( 23.60000000000000497, 32.80829037686547167, 20.73958333401612819 ) ) ;
#1303 = EDGE_CURVE ( 'NONE', #873, #163, #214, .T. ) ;
#1304 = CARTESIAN_POINT ( 'NONE',  ( 26.40000000000000213, 32.80829037686547167, 20.29166666666666785 ) ) ;
#1305 = VECTOR ( 'NONE', #432, 1000.000000000000000 ) ;
#1306 = ORIENTED_EDGE ( 'NONE', *, *, #1511, .F. ) ;
#1307 = CARTESIAN_POINT ( 'NONE',  ( 46.50000000000000000, 50.00000000000000000, 2.104480912413648319 ) ) ;
#1308 = MECHANICAL_DESIGN_GEOMETRIC_PRESENTATION_REPRESENTATION (  '', ( #283 ), #1199 ) ;
#1309 = CARTESIAN_POINT ( 'NONE',  ( 4.211396927369683851, -21.42197759079808606, 26.00000000000000000 ) ) ;
#1310 = VECTOR ( 'NONE', #1754, 1000.000000000000000 ) ;
#1311 = LINE ( 'NONE', #1136, #794 ) ;
#1312 = CARTESIAN_POINT ( 'NONE',  ( 25.00000000000000000, 30.53966924558625706, 20.48437500034139447 ) ) ;
#1313 = CARTESIAN_POINT ( 'NONE',  ( 26.26468353125000021, 31.26983462279312675, 21.13020833367472662 ) ) ;
#1314 = CARTESIAN_POINT ( 'NONE',  ( 26.13263503872818205, 32.82288387301233001, 19.69100123599587704 ) ) ;
#1315 = AXIS2_PLACEMENT_3D ( 'NONE', #828, #468, #1699 ) ;
#1316 = DIRECTION ( 'NONE',  ( 0.000000000000000000, 0.000000000000000000, 1.000000000000000000 ) ) ;
#1317 = ORIENTED_EDGE ( 'NONE', *, *, #1641, .F. ) ;
#1318 = PLANE ( 'NONE',  #1159 ) ;
#1319 = CARTESIAN_POINT ( 'NONE',  ( 26.39999999999999858, 31.19170962313452478, 19.98958333401612819 ) ) ;
#1320 = CARTESIAN_POINT ( 'NONE',  ( 0.000000000000000000, 50.00000000000000000, 0.000000000000000000 ) ) ;
#1321 = CARTESIAN_POINT ( 'NONE',  ( 23.73531646875000334, 32.00000000000000000, 20.35937500034139447 ) ) ;
#1322 = CARTESIAN_POINT ( 'NONE',  ( 26.26468353125000021, 31.26983462279312675, 20.56770833367472662 ) ) ;
#1323 = EDGE_LOOP ( 'NONE', ( #884, #2068, #1765, #453 ) ) ;
#1324 = UNCERTAINTY_MEASURE_WITH_UNIT (LENGTH_MEASURE( 1.000000000000000082E-05 ), #502, 'distance_accuracy_value', 'NONE');
#1325 = CARTESIAN_POINT ( 'NONE',  ( 25.00000000000000000, 30.38341924626904955, 20.90625000068279604 ) ) ;
#1326 = CARTESIAN_POINT ( 'NONE',  ( 24.48277861174566539, 33.30095427880162617, 19.68703698807888713 ) ) ;
#1327 = CARTESIAN_POINT ( 'NONE',  ( 23.60000900754223707, 32.80829557737240521, 20.73958279785290415 ) ) ;
#1328 =( BOUNDED_CURVE ( )  B_SPLINE_CURVE ( 2, ( #193, #1578, #2106, #23, #229 ),
 .UNSPECIFIED., .F., .T. ) 
 B_SPLINE_CURVE_WITH_KNOTS ( ( 3, 2, 3 ),
 ( 0.9090150119853112054, 0.9468905830957288217, 0.9522940702992227502 ),
 .UNSPECIFIED. ) 
 CURVE ( )  GEOMETRIC_REPRESENTATION_ITEM ( )  RATIONAL_B_SPLINE_CURVE ( ( 1.000000000000000000, 0.8660254037844387076, 1.000000000000000000, 0.9808866507607125751, 0.9672268745040999427 ) ) 
 REPRESENTATION_ITEM ( '' )  );
#1329 = ORIENTED_EDGE ( 'NONE', *, *, #1434, .T. ) ;
#1330 = CARTESIAN_POINT ( 'NONE',  ( 23.60000000000000142, 32.00000000000000000, 22.00000000000000000 ) ) ;
#1331 = CARTESIAN_POINT ( 'NONE',  ( 25.69999999999999929, 30.78756443470178894, 19.94791666734946389 ) ) ;
#1332 = ADVANCED_FACE ( 'NONE', ( #449 ), #1860, .F. ) ;
#1333 = APPLICATION_CONTEXT ( 'automotive_design' ) ;
#1334 = LINE ( 'NONE', #2038, #1687 ) ;
#1335 = FACE_OUTER_BOUND ( 'NONE', #686, .T. ) ;
#1336 = CARTESIAN_POINT ( 'NONE',  ( 23.73531646875000689, 32.73016537720688035, 19.81770833367473372 ) ) ;
#1337 = ADVANCED_FACE ( 'NONE', ( #822 ), #1494, .F. ) ;
#1338 = CARTESIAN_POINT ( 'NONE',  ( 24.36765823437500345, 33.09524806581030987, 19.77604166700806587 ) ) ;
#1339 = ORIENTED_EDGE ( 'NONE', *, *, #687, .F. ) ;
#1340 = ORIENTED_EDGE ( 'NONE', *, *, #715, .T. ) ;
#1341 = CARTESIAN_POINT ( 'NONE',  ( 24.30000000000000071, 30.78756443470178894, 20.08333333333333215 ) ) ;
#1342 = PLANE ( 'NONE',  #566 ) ;
#1343 = ORIENTED_EDGE ( 'NONE', *, *, #704, .F. ) ;
#1344 = CARTESIAN_POINT ( 'NONE',  ( 24.30000000000000071, 33.21243556529821461, 20.41666666666666785 ) ) ;
#1345 =( BOUNDED_SURFACE ( )  B_SPLINE_SURFACE ( 1, 2, ( 
 ( #1827, #1484, #2173, #612, #932, #742, #1815, #578, #602, #1129, #1837, #1647, #946, #1150, #1656, #1983, #778, #627, #590, #55, #1971, #1325, #249, #768, #422, #1302, #444, #412, #275, #1140, #958, #1994, #1804, #1667, #921, #1851, #1630, #286, #101, #793, #1498, #2019, #1452, #65, #454, #78, #756, #1464, #2152, #194, #754, #1099, #237, #918, #62 ),
 ( #344, #1900, #1013, #2063, #845, #609, #788, #1861, #1681, #1510, #97, #262, #977, #1813, #955, #2195, #272, #1289, #1127, #966, #1834, #1848, #600, #1981, #944, #419, #929, #1664, #87, #588, #1495, #2160, #122, #1312, #623, #110, #1321, #2016, #441, #1111, #2002, #76, #1147, #766, #1137, #1693, #2150, #803, #635, #1336, #463, #1473, #297, #1300, #1991 ) ),
 .UNSPECIFIED., .F., .F., .F. ) 
 B_SPLINE_SURFACE_WITH_KNOTS ( ( 2, 2 ),
 ( 3, 2, 2, 2, 2, 2, 2, 2, 2, 2, 2, 2, 2, 2, 2, 2, 2, 2, 2, 2, 2, 2, 2, 2, 2, 2, 2, 3 ),
 ( 0.000000000000000000, 1.000000000000000000 ),
 ( 0.000000000000000000, 0.03333333333333333287, 0.06666666666666666574, 0.1000000000000000056, 0.1333333333333333315, 0.1666666666666666574, 0.2000000000000000111, 0.2333333333333333370, 0.2666666666666666630, 0.2999999999999999889, 0.3333333333333333148, 0.3666666666666666408, 0.4000000000000000222, 0.4333333333333333481, 0.4666666666666666741, 0.5000000000000000000, 0.5333333333333333259, 0.5666666666666666519, 0.5999999999999999778, 0.6333333333333333037, 0.6666666666666666297, 0.6999999999999999556, 0.7333333333333332815, 0.7666666666666667185, 0.8000000000000000444, 0.8333333333333333703, 0.8666666666666666963, 0.8800740209644799528 ),
 .UNSPECIFIED. ) 
 GEOMETRIC_REPRESENTATION_ITEM ( )  RATIONAL_B_SPLINE_SURFACE ( (
 ( 1.000000000000000000, 0.8660254037844387076, 1.000000000000000000, 0.8660254037844387076, 1.000000000000000000, 0.8660254037844387076, 1.000000000000000000, 0.8660254037844387076, 1.000000000000000000, 0.8660254037844387076, 1.000000000000000000, 0.8660254037844387076, 1.000000000000000000, 0.8660254037844387076, 1.000000000000000000, 0.8660254037844387076, 1.000000000000000000, 0.8660254037844387076, 1.000000000000000000, 0.8660254037844387076, 1.000000000000000000, 0.8660254037844387076, 1.000000000000000000, 0.8660254037844387076, 1.000000000000000000, 0.8660254037844387076, 1.000000000000000000, 0.8660254037844387076, 1.000000000000000000, 0.8660254037844387076, 1.000000000000000000, 0.8660254037844387076, 1.000000000000000000, 0.8660254037844387076, 1.000000000000000000, 0.8660254037844387076, 1.000000000000000000, 0.8660254037844387076, 1.000000000000000000, 0.8660254037844387076, 1.000000000000000000, 0.8660254037844387076, 1.000000000000000000, 0.8660254037844387076, 1.000000000000000000, 0.8660254037844387076, 1.000000000000000000, 0.8660254037844387076, 1.000000000000000000, 0.8660254037844387076, 1.000000000000000000, 0.8660254037844387076, 1.000000000000000000, 0.9461126536489449235, 0.9355745119797440612),
 ( 1.000000000000000000, 0.8660254037844387076, 1.000000000000000000, 0.8660254037844387076, 1.000000000000000000, 0.8660254037844387076, 1.000000000000000000, 0.8660254037844387076, 1.000000000000000000, 0.8660254037844387076, 1.000000000000000000, 0.8660254037844387076, 1.000000000000000000, 0.8660254037844387076, 1.000000000000000000, 0.8660254037844387076, 1.000000000000000000, 0.8660254037844387076, 1.000000000000000000, 0.8660254037844387076, 1.000000000000000000, 0.8660254037844387076, 1.000000000000000000, 0.8660254037844387076, 1.000000000000000000, 0.8660254037844387076, 1.000000000000000000, 0.8660254037844387076, 1.000000000000000000, 0.8660254037844387076, 1.000000000000000000, 0.8660254037844387076, 1.000000000000000000, 0.8660254037844387076, 1.000000000000000000, 0.8660254037844387076, 1.000000000000000000, 0.8660254037844387076, 1.000000000000000000, 0.8660254037844387076, 1.000000000000000000, 0.8660254037844387076, 1.000000000000000000, 0.8660254037844387076, 1.000000000000000000, 0.8660254037844387076, 1.000000000000000000, 0.8660254037844387076, 1.000000000000000000, 0.8660254037844387076, 1.000000000000000000, 0.8660254037844387076, 1.000000000000000000, 0.9461126536489449235, 0.9355745119797440612) ) ) 
 REPRESENTATION_ITEM ( '' )  SURFACE ( )  );
#1346 = CARTESIAN_POINT ( 'NONE',  ( 23.60000000000000142, 32.00000000000000000, 22.00000000000000000 ) ) ;
#1347 = CARTESIAN_POINT ( 'NONE',  ( 25.43566685644801950, 33.33502593920286472, 19.69548465411648408 ) ) ;
#1348 = VECTOR ( 'NONE', #1966, 1000.000000000000000 ) ;
#1349 = CARTESIAN_POINT ( 'NONE',  ( 25.63234176562500011, 33.09524806581030987, 21.69270833367473017 ) ) ;
#1350 = ORIENTED_EDGE ( 'NONE', *, *, #1086, .F. ) ;
#1351 = EDGE_LOOP ( 'NONE', ( #1110, #480, #331, #166 ) ) ;
#1352 = CARTESIAN_POINT ( 'NONE',  ( 0.000000000000000000, 5.000000000000000000, 0.000000000000000000 ) ) ;
#1353 = CARTESIAN_POINT ( 'NONE',  ( 24.30000000000000071, 33.21243556529821461, 20.69791666734946389 ) ) ;
#1354 = CIRCLE ( 'NONE', #111, 14.99999999999999645 ) ;
#1355 = FACE_OUTER_BOUND ( 'NONE', #513, .T. ) ;
#1356 = CARTESIAN_POINT ( 'NONE',  ( 25.69999999999999929, 30.78756443470178894, 20.66666666666666785 ) ) ;
#1357 = CARTESIAN_POINT ( 'NONE',  ( 24.99999999999998934, 29.24999999999984013, 23.21233490781580144 ) ) ;
#1358 = ORIENTED_EDGE ( 'NONE', *, *, #471, .T. ) ;
#1359 = EDGE_CURVE ( 'NONE', #873, #1897, #1334, .T. ) ;
#1360 = CARTESIAN_POINT ( 'NONE',  ( 50.00000000000000000, 0.000000000000000000, 4.799999999999999822 ) ) ;
#1361 = EDGE_LOOP ( 'NONE', ( #172, #1543, #747, #100 ) ) ;
#1362 = EDGE_LOOP ( 'NONE', ( #979, #1174, #126, #317 ) ) ;
#1363 = CARTESIAN_POINT ( 'NONE',  ( 24.48277861174566539, 33.30095427880162617, 19.68703698807888713 ) ) ;
#1364 = CARTESIAN_POINT ( 'NONE',  ( 25.00000000000000000, 33.61658075373095045, 19.87500000000000355 ) ) ;
#1365 = ORIENTED_EDGE ( 'NONE', *, *, #123, .F. ) ;
#1366 = CARTESIAN_POINT ( 'NONE',  ( 23.60000000000000497, 32.80829037686547167, 21.45833333333333215 ) ) ;
#1367 =( LENGTH_UNIT ( ) NAMED_UNIT ( * ) SI_UNIT ( .MILLI., .METRE. ) );
#1368 = DIRECTION ( 'NONE',  ( 0.000000000000000000, 0.000000000000000000, -1.000000000000000000 ) ) ;
#1369 = ADVANCED_FACE ( 'NONE', ( #620 ), #952, .F. ) ;
#1370 = CARTESIAN_POINT ( 'NONE',  ( 25.69999999999999929, 33.21243556529821461, 20.83333333333333215 ) ) ;
#1371 = CARTESIAN_POINT ( 'NONE',  ( 25.63234176562500011, 30.90475193418969369, 21.52604166700806232 ) ) ;
#1372 = ORIENTED_EDGE ( 'NONE', *, *, #1359, .F. ) ;
#1373 = CARTESIAN_POINT ( 'NONE',  ( 50.00000000000000000, 0.000000000000000000, 11.00000000000000000 ) ) ;
#1374 = EDGE_CURVE ( 'NONE', #1162, #1171, #2148, .T. ) ;
#1375 = CARTESIAN_POINT ( 'NONE',  ( 24.30000000000000071, 33.21243556529821461, 21.41666666666666785 ) ) ;
#1376 = CARTESIAN_POINT ( 'NONE',  ( 25.00000000000000000, 40.00000000000000000, 8.762334907815747087 ) ) ;
#1377 = VECTOR ( 'NONE', #1586, 1000.000000000000000 ) ;
#1378 = CARTESIAN_POINT ( 'NONE',  ( 26.02316494281143733, 32.74334240698122045, 19.72225075861638288 ) ) ;
#1379 = ORIENTED_EDGE ( 'NONE', *, *, #882, .T. ) ;
#1380 = CARTESIAN_POINT ( 'NONE',  ( 25.10999980229953366, 33.40000000000000568, 19.71233490781575526 ) ) ;
#1381 = PRODUCT_RELATED_PRODUCT_CATEGORY ( 'part', '', ( #519 ) ) ;
#1382 = CARTESIAN_POINT ( 'NONE',  ( 24.36765823437500345, 33.09524806581030987, 21.33854166700806232 ) ) ;
#1383 = ORIENTED_EDGE ( 'NONE', *, *, #622, .T. ) ;
#1384 = CIRCLE ( 'NONE', #2101, 8.800000000000006040 ) ;
#1385 = FACE_OUTER_BOUND ( 'NONE', #1925, .T. ) ;
#1386 = CARTESIAN_POINT ( 'NONE',  ( 25.69999999999999929, 30.78756443470178894, 21.66666666666666430 ) ) ;
#1387 = CARTESIAN_POINT ( 'NONE',  ( 23.60000000000000497, 32.80829037686547167, 20.73958333401612819 ) ) ;
#1388 = CARTESIAN_POINT ( 'NONE',  ( 27.75000000000000355, 31.81710342655424384, 22.77161119227962160 ) ) ;
#1389 = ORIENTED_EDGE ( 'NONE', *, *, #1878, .T. ) ;
#1390 = CARTESIAN_POINT ( 'NONE',  ( 50.00000000000000000, 5.000000000000000000, 4.799999999999999822 ) ) ;
#1391 = AXIS2_PLACEMENT_3D ( 'NONE', #1352, #2045, #478 ) ;
#1392 = CARTESIAN_POINT ( 'NONE',  ( 23.73531646875000334, 32.00000000000000000, 21.92187500034139802 ) ) ;
#1393 = EDGE_LOOP ( 'NONE', ( #2186, #880, #708, #807, #555, #1410, #1697, #487, #931, #431, #2029, #825, #436 ) ) ;
#1394 = DIRECTION ( 'NONE',  ( 1.000000000000000000, 0.000000000000000000, 0.000000000000000000 ) ) ;
#1395 = CARTESIAN_POINT ( 'NONE',  ( 27.75000000000000000, 32.18299593394863933, 22.77161119227962516 ) ) ;
#1396 = CARTESIAN_POINT ( 'NONE',  ( 23.73531646875000334, 32.00000000000000000, 20.42187500034139447 ) ) ;
#1397 = CARTESIAN_POINT ( 'NONE',  ( 25.00000000000000000, 33.61658075373095755, 20.15625000068279604 ) ) ;
#1398 = CARTESIAN_POINT ( 'NONE',  ( 3.500000000000004441, 50.00000000000000000, 5.000000000000000000 ) ) ;
#1399 = ORIENTED_EDGE ( 'NONE', *, *, #1359, .T. ) ;
#1400 = DIRECTION ( 'NONE',  ( 0.000000000000000000, 1.000000000000000000, 0.000000000000000000 ) ) ;
#1401 = EDGE_CURVE ( 'NONE', #1438, #657, #1424, .T. ) ;
#1402 = CARTESIAN_POINT ( 'NONE',  ( 4.211396927369683851, 50.00000000000000000, 11.00000000000000000 ) ) ;
#1403 = ORIENTED_EDGE ( 'NONE', *, *, #1673, .T. ) ;
#1404 = CARTESIAN_POINT ( 'NONE',  ( 26.05965199001348509, 32.76986033745104265, 19.74829242519605543 ) ) ;
#1405 = CARTESIAN_POINT ( 'NONE',  ( 25.00000000000000000, 33.46033075441374649, 21.73437500034139802 ) ) ;
#1406 = DIRECTION ( 'NONE',  ( 1.000000000000000000, 0.000000000000000000, 0.000000000000000000 ) ) ;
#1407 = CARTESIAN_POINT ( 'NONE',  ( 26.02316494278693781, 32.74334240701495702, 19.72225075861912202 ) ) ;
#1408 = CARTESIAN_POINT ( 'NONE',  ( 25.00000000000000000, 30.38341924626904955, 20.90625000068279604 ) ) ;
#1409 = CYLINDRICAL_SURFACE ( 'NONE', #2256, 1.399999999999998579 ) ;
#1410 = ORIENTED_EDGE ( 'NONE', *, *, #182, .T. ) ;
#1411 = CARTESIAN_POINT ( 'NONE',  ( 45.78860307263031615, 0.000000000000000000, 11.00000000000000000 ) ) ;
#1412 = CARTESIAN_POINT ( 'NONE',  ( 25.00000000000000000, 32.00000000000000000, 17.00000000000000000 ) ) ;
#1413 = ORIENTED_EDGE ( 'NONE', *, *, #1617, .F. ) ;
#1414 = CARTESIAN_POINT ( 'NONE',  ( 23.60000000000000142, 32.00000000000000000, 17.00000000000000000 ) ) ;
#1415 = CARTESIAN_POINT ( 'NONE',  ( 24.36765823437500345, 30.90475193418969369, 20.94270833367473017 ) ) ;
#1416 = CARTESIAN_POINT ( 'NONE',  ( 27.46934758766199636, 33.22362492282434943, 22.85908298044245157 ) ) ;
#1417 = VECTOR ( 'NONE', #775, 1000.000000000000000 ) ;
#1418 = CARTESIAN_POINT ( 'NONE',  ( 23.60000000000000497, 32.80829037686547167, 20.95833333333333215 ) ) ;
#1419 = CARTESIAN_POINT ( 'NONE',  ( 26.13262379212497777, 32.82289935320937957, 19.80037737193895708 ) ) ;
#1420 = CARTESIAN_POINT ( 'NONE',  ( 41.49999999999998579, 50.00000000000000000, 2.104480912413648319 ) ) ;
#1421 = VERTEX_POINT ( 'NONE', #802 ) ;
#1422 = CARTESIAN_POINT ( 'NONE',  ( 26.39999999999999858, 31.19170962313452478, 20.98958333401612819 ) ) ;
#1423 = CARTESIAN_POINT ( 'NONE',  ( 25.00000000000000000, 33.46033075441374649, 21.79687500034139802 ) ) ;
#1424 = CIRCLE ( 'NONE', #438, 8.800000000000006040 ) ;
#1425 = VERTEX_POINT ( 'NONE', #473 ) ;
#1426 = DIRECTION ( 'NONE',  ( -0.000000000000000000, -0.000000000000000000, 1.000000000000000000 ) ) ;
#1427 = CARTESIAN_POINT ( 'NONE',  ( 26.26468353125000021, 32.73016537720688035, 21.65104166700806232 ) ) ;
#1428 = B_SPLINE_CURVE_WITH_KNOTS ( 'NONE', 3,
 ( #526, #1395, #2084, #1748, #1612, #1416, #1598, #402, #216, #46, #887, #1048, #1793, #356, #1768, #735 ),
 .UNSPECIFIED., .F., .F.,
 ( 4, 2, 2, 2, 2, 2, 2, 4 ),
 ( 0.000000000000000000, 0.0005409093285985631895, 0.001081818657197126379, 0.001622727985795689677, 0.002163637314394252758, 0.003245455971591393231, 0.003786365300189964336, 0.004327274628788535006 ),
 .UNSPECIFIED. ) ;
#1429 = DIRECTION ( 'NONE',  ( 0.000000000000000000, 0.000000000000000000, 1.000000000000000000 ) ) ;
#1430 = CARTESIAN_POINT ( 'NONE',  ( 25.00000000000000000, 30.38341924626904955, 20.62500000000000000 ) ) ;
#1431 = CARTESIAN_POINT ( 'NONE',  ( 26.39999999999999147, 31.19170962313451767, 21.20833333333333215 ) ) ;
#1432 = LINE ( 'NONE', #1486, #1462 ) ;
#1433 = ORIENTED_EDGE ( 'NONE', *, *, #622, .F. ) ;
#1434 = EDGE_CURVE ( 'NONE', #1067, #1585, #1354, .T. ) ;
#1435 = EDGE_CURVE ( 'NONE', #863, #81, #461, .T. ) ;
#1436 = EDGE_CURVE ( 'NONE', #1787, #1689, #120, .T. ) ;
#1437 = CARTESIAN_POINT ( 'NONE',  ( 23.73531646875000334, 32.00000000000000000, 20.92187500034139802 ) ) ;
#1438 = VERTEX_POINT ( 'NONE', #133 ) ;
#1439 = CARTESIAN_POINT ( 'NONE',  ( 26.39999999999999858, 32.00000000000000000, 20.24999999999999645 ) ) ;
#1440 = CARTESIAN_POINT ( 'NONE',  ( 25.00000000000000000, 30.53966924558625706, 21.48437500034139447 ) ) ;
#1441 = DIRECTION ( 'NONE',  ( -0.000000000000000000, -1.000000000000000000, -0.000000000000000000 ) ) ;
#1442 = EDGE_CURVE ( 'NONE', #647, #1666, #108, .T. ) ;
#1443 = CARTESIAN_POINT ( 'NONE',  ( 23.60000000000000142, 32.00000000000000000, 19.99999999999999645 ) ) ;
#1444 = DIRECTION ( 'NONE',  ( -0.000000000000000000, -1.000000000000000000, -0.000000000000000000 ) ) ;
#1445 = ORIENTED_EDGE ( 'NONE', *, *, #1503, .F. ) ;
#1446 = CARTESIAN_POINT ( 'NONE',  ( 22.61548593148370045, 33.38149857329062087, 22.88373953101043057 ) ) ;
#1447 = CARTESIAN_POINT ( 'NONE',  ( 26.39999999999999858, 32.00000000000000000, 17.00000000000000000 ) ) ;
#1448 = FACE_OUTER_BOUND ( 'NONE', #843, .T. ) ;
#1449 = APPLICATION_CONTEXT ( 'automotive_design' ) ;
#1450 = CARTESIAN_POINT ( 'NONE',  ( 25.00000000000000000, 33.46033075441374649, 21.79687500034139447 ) ) ;
#1451 = EDGE_CURVE ( 'NONE', #49, #1914, #305, .T. ) ;
#1452 = CARTESIAN_POINT ( 'NONE',  ( 26.39999999999999858, 32.00000000000000000, 20.03125000068279604 ) ) ;
#1453 = CARTESIAN_POINT ( 'NONE',  ( 25.00000000000000000, 32.00000000000000000, 22.00000000000000000 ) ) ;
#1454 = LINE ( 'NONE', #1986, #32 ) ;
#1455 = AXIS2_PLACEMENT_3D ( 'NONE', #198, #522, #394 ) ;
#1456 = VECTOR ( 'NONE', #1756, 1000.000000000000000 ) ;
#1457 = ORIENTED_EDGE ( 'NONE', *, *, #1673, .F. ) ;
#1458 = LINE ( 'NONE', #583, #250 ) ;
#1459 = CARTESIAN_POINT ( 'NONE',  ( 23.60000000000000142, 32.00000000000000000, 22.00000000000000000 ) ) ;
#1460 = CARTESIAN_POINT ( 'NONE',  ( 26.02316494281144088, 32.74334240698122045, 19.72225075861638288 ) ) ;
#1461 = PLANE ( 'NONE',  #1121 ) ;
#1462 = VECTOR ( 'NONE', #1854, 1000.000000000000000 ) ;
#1463 = CARTESIAN_POINT ( 'NONE',  ( 25.63234176562500011, 33.09524806581030987, 20.75520833367473017 ) ) ;
#1464 = CARTESIAN_POINT ( 'NONE',  ( 23.60000000000000497, 31.19170962313452478, 19.82291666734946034 ) ) ;
#1465 = CARTESIAN_POINT ( 'NONE',  ( 26.39999999999999503, 32.14662896297089389, 19.52408607546857056 ) ) ;
#1466 = CARTESIAN_POINT ( 'NONE',  ( 3.500000000000004441, 50.00000000000000000, 2.104480912413648319 ) ) ;
#1467 = EDGE_LOOP ( 'NONE', ( #118, #1163, #1224 ) ) ;
#1468 = CARTESIAN_POINT ( 'NONE',  ( 8.500000000000014211, 5.000000000000000000, 0.000000000000000000 ) ) ;
#1469 = CARTESIAN_POINT ( 'NONE',  ( 25.00000000000000000, 0.000000000000000000, 14.41233490781574922 ) ) ;
#1470 = CARTESIAN_POINT ( 'NONE',  ( 25.09297103733846157, 30.59999999999999432, 19.71233490781575526 ) ) ;
#1471 = CARTESIAN_POINT ( 'NONE',  ( 25.00000000000000000, 30.38341924626904955, 20.62499999999999645 ) ) ;
#1472 = EDGE_CURVE ( 'NONE', #1655, #1479, #1755, .T. ) ;
#1473 = CARTESIAN_POINT ( 'NONE',  ( 25.00000000000000000, 33.46033075441374649, 19.73437500034139802 ) ) ;
#1474 = CARTESIAN_POINT ( 'NONE',  ( 25.63234176562500011, 33.09524806581030987, 21.75520833367473017 ) ) ;
#1475 = DIRECTION ( 'NONE',  ( 1.817080791336688000E-06, -2.501090167869214710E-06, 0.9999999999952213781 ) ) ;
#1476 = CARTESIAN_POINT ( 'NONE',  ( 25.00000000000000000, 32.00000000000000000, 17.00000000000000000 ) ) ;
#1477 = CARTESIAN_POINT ( 'NONE',  ( 25.69999999999999929, 30.78756443470178894, 20.16666666666666430 ) ) ;
#1478 = ADVANCED_FACE ( 'NONE', ( #1558 ), #1409, .F. ) ;
#1479 = VERTEX_POINT ( 'NONE', #681 ) ;
#1480 = CARTESIAN_POINT ( 'NONE',  ( 23.32045410268871777, 34.18483277132311571, 23.05188349807678350 ) ) ;
#1481 = CARTESIAN_POINT ( 'NONE',  ( 26.36288760612610105, 31.63153035197303353, 19.53461300946422696 ) ) ;
#1482 = CARTESIAN_POINT ( 'NONE',  ( 26.26468353125000021, 31.26983462279312675, 20.63020833367473017 ) ) ;
#1483 = ORIENTED_EDGE ( 'NONE', *, *, #1877, .T. ) ;
#1484 = CARTESIAN_POINT ( 'NONE',  ( 23.60000000000000497, 32.80829037686547167, 21.73958333401613174 ) ) ;
#1485 = VECTOR ( 'NONE', #418, 1000.000000000000000 ) ;
#1486 = CARTESIAN_POINT ( 'NONE',  ( 0.000000000000000000, 5.000000000000000000, 4.799999999999993605 ) ) ;
#1487 = CARTESIAN_POINT ( 'NONE',  ( 41.49999999999998579, 50.00000000000000000, 2.104480912413648319 ) ) ;
#1488 = CARTESIAN_POINT ( 'NONE',  ( 23.66765823437500416, 32.00000000000000000, 21.96093750017069723 ) ) ;
#1489 = CIRCLE ( 'NONE', #891, 5.650000000000002132 ) ;
#1490 = CARTESIAN_POINT ( 'NONE',  ( 0.000000000000000000, 50.00000000000000000, 0.000000000000000000 ) ) ;
#1491 = CIRCLE ( 'NONE', #1266, 1.399999999999998579 ) ;
#1492 = FACE_OUTER_BOUND ( 'NONE', #1351, .T. ) ;
#1493 = AXIS2_PLACEMENT_3D ( 'NONE', #2014, #812, #1678 ) ;
#1494 = PLANE ( 'NONE',  #369 ) ;
#1495 = CARTESIAN_POINT ( 'NONE',  ( 26.26468353125000021, 32.00000000000000000, 20.60937500034139802 ) ) ;
#1496 = CARTESIAN_POINT ( 'NONE',  ( 26.26468353125000021, 32.00000000000000000, 21.17187500034139802 ) ) ;
#1497 = ORIENTED_EDGE ( 'NONE', *, *, #704, .T. ) ;
#1498 = CARTESIAN_POINT ( 'NONE',  ( 25.69999999999999929, 33.21243556529821461, 20.11458333401612819 ) ) ;
#1499 = CARTESIAN_POINT ( 'NONE',  ( 23.61785131163682294, 29.61589608489820336, 23.10441710393644144 ) ) ;
#1500 = VECTOR ( 'NONE', #171, 1000.000000000000000 ) ;
#1501 = CARTESIAN_POINT ( 'NONE',  ( 26.02316228924797059, 32.74334605943384702, 19.65975105446763749 ) ) ;
#1502 = CARTESIAN_POINT ( 'NONE',  ( 24.36765823437500345, 33.09524806581030987, 21.33854166700806232 ) ) ;
#1503 = EDGE_CURVE ( 'NONE', #409, #1914, #693, .T. ) ;
#1504 = CARTESIAN_POINT ( 'NONE',  ( 26.40000000000000213, 32.80829037686547167, 20.79166666666666430 ) ) ;
#1505 =( BOUNDED_CURVE ( )  B_SPLINE_CURVE ( 2, ( #1142, #128, #2009, #116, #1709, #2177, #1670 ),
 .UNSPECIFIED., .F., .T. ) 
 B_SPLINE_CURVE_WITH_KNOTS ( ( 3, 2, 2, 3 ),
 ( 0.2272538626519580163, 0.2651293632668030864, 0.3030049865906320194, 0.3408807545897283853 ),
 .UNSPECIFIED. ) 
 CURVE ( )  GEOMETRIC_REPRESENTATION_ITEM ( )  RATIONAL_B_SPLINE_CURVE ( ( 1.000000000000000000, 0.8660254037844387076, 1.000000000000000000, 0.8660254037844387076, 1.000000000000000000, 0.8660254037844387076, 1.000000000000000000 ) ) 
 REPRESENTATION_ITEM ( '' )  );
#1506 = CARTESIAN_POINT ( 'NONE',  ( 23.60000000000000142, 32.00000000000000000, 20.99999999999999645 ) ) ;
#1507 = CARTESIAN_POINT ( 'NONE',  ( 23.60000000000000853, 32.80829037686547878, 21.45833333333333215 ) ) ;
#1508 = ORIENTED_EDGE ( 'NONE', *, *, #1740, .F. ) ;
#1509 = SURFACE_STYLE_USAGE ( .BOTH. , #1182 ) ;
#1510 = CARTESIAN_POINT ( 'NONE',  ( 25.00000000000000000, 30.53966924558625706, 21.48437500034139447 ) ) ;
#1511 = EDGE_CURVE ( 'NONE', #1659, #1527, #1724, .T. ) ;
#1512 = CARTESIAN_POINT ( 'NONE',  ( 25.00000000000000000, 30.53966924558625351, 19.98437500034139802 ) ) ;
#1513 = ORIENTED_EDGE ( 'NONE', *, *, #1472, .F. ) ;
#1514 = EDGE_LOOP ( 'NONE', ( #924, #523, #662, #2041 ) ) ;
#1515 = CARTESIAN_POINT ( 'NONE',  ( 23.60000000000368203, 32.00000221241642606, 21.28120577588124718 ) ) ;
#1516 = CARTESIAN_POINT ( 'NONE',  ( 25.69999999999999929, 33.21243556529821461, 20.61458333401612819 ) ) ;
#1517 = ORIENTED_EDGE ( 'NONE', *, *, #361, .T. ) ;
#1518 = CARTESIAN_POINT ( 'NONE',  ( 24.30000000000000071, 30.78756443470178894, 21.08333333333333215 ) ) ;
#1519 = SHAPE_DEFINITION_REPRESENTATION ( #330, #599 ) ;
#1520 = CARTESIAN_POINT ( 'NONE',  ( 0.000000000000000000, 50.00000000000000000, 0.000000000000000000 ) ) ;
#1521 = CARTESIAN_POINT ( 'NONE',  ( 25.63234176562500011, 30.90475193418969369, 21.02604166700806587 ) ) ;
#1522 = VERTEX_POINT ( 'NONE', #1238 ) ;
#1523 = ORIENTED_EDGE ( 'NONE', *, *, #1537, .F. ) ;
#1524 = EDGE_CURVE ( 'NONE', #992, #1283, #2054, .T. ) ;
#1525 = FACE_OUTER_BOUND ( 'NONE', #1093, .T. ) ;
#1526 = CARTESIAN_POINT ( 'NONE',  ( 24.64896730821276449, 33.35820739419757075, 19.70142412501195750 ) ) ;
#1527 = VERTEX_POINT ( 'NONE', #1581 ) ;
#1528 = EDGE_CURVE ( 'NONE', #197, #1002, #1040, .T. ) ;
#1529 = CARTESIAN_POINT ( 'NONE',  ( 23.60000000000000142, 32.00000000000000000, 20.99999999999999645 ) ) ;
#1530 = CARTESIAN_POINT ( 'NONE',  ( 25.00000000000000000, 50.00000000000000000, 14.41233490781574922 ) ) ;
#1531 = CARTESIAN_POINT ( 'NONE',  ( 26.13262932357053714, 32.82289173954455919, 19.58989836420234454 ) ) ;
#1532 = DIRECTION ( 'NONE',  ( -0.000000000000000000, 1.000000000000000000, -0.000000000000000000 ) ) ;
#1533 = EDGE_LOOP ( 'NONE', ( #1228, #1938 ) ) ;
#1534 = VERTEX_POINT ( 'NONE', #152 ) ;
#1535 = LINE ( 'NONE', #1232, #2220 ) ;
#1536 = ADVANCED_FACE ( 'NONE', ( #2066 ), #2087, .T. ) ;
#1537 = EDGE_CURVE ( 'NONE', #2023, #509, #1894, .T. ) ;
#1538 = AXIS2_PLACEMENT_3D ( 'NONE', #1921, #859, #840 ) ;
#1539 = CARTESIAN_POINT ( 'NONE',  ( 25.00000000000000000, 30.53966924558625706, 21.54687500034139802 ) ) ;
#1540 = CARTESIAN_POINT ( 'NONE',  ( 24.30000000000000071, 33.21243556529821461, 20.91666666666666785 ) ) ;
#1541 = APPLICATION_PROTOCOL_DEFINITION ( 'draft international standard', 'automotive_design', 1998, #1333 ) ;
#1542 = CARTESIAN_POINT ( 'NONE',  ( 25.69999999999999929, 33.21243556529821461, 21.33333333333333215 ) ) ;
#1543 = ORIENTED_EDGE ( 'NONE', *, *, #882, .F. ) ;
#1544 = DIRECTION ( 'NONE',  ( 1.000000000000000000, 0.000000000000000000, -0.000000000000000000 ) ) ;
#1545 = CARTESIAN_POINT ( 'NONE',  ( 25.63234176562500011, 33.09524806581030987, 20.19270833367473017 ) ) ;
#1546 = VERTEX_POINT ( 'NONE', #1420 ) ;
#1547 = EDGE_CURVE ( 'NONE', #2198, #980, #1570, .T. ) ;
#1548 = ORIENTED_EDGE ( 'NONE', *, *, #511, .T. ) ;
#1549 = DIRECTION ( 'NONE',  ( 0.8090273896488414662, 0.5877709441593566009, 0.000000000000000000 ) ) ;
#1550 = CARTESIAN_POINT ( 'NONE',  ( 26.40000000000000213, 31.19170962313452478, 21.70833333333333570 ) ) ;
#1551 = CARTESIAN_POINT ( 'NONE',  ( 26.40000000000000213, 31.19170962313452478, 21.70833333333333570 ) ) ;
#1552 = CARTESIAN_POINT ( 'NONE',  ( 22.92814553651672327, 30.18282246825381065, 22.96595089871000539 ) ) ;
#1553 = CARTESIAN_POINT ( 'NONE',  ( 0.000000000000000000, 5.000000000000000000, 4.799999999999993605 ) ) ;
#1554 = ORIENTED_EDGE ( 'NONE', *, *, #1115, .F. ) ;
#1555 = CARTESIAN_POINT ( 'NONE',  ( 23.73531646875000689, 31.26983462279312675, 20.96354166700806587 ) ) ;
#1556 = CARTESIAN_POINT ( 'NONE',  ( 25.95771113500627791, 33.06364597212917289, 19.81799338482105100 ) ) ;
#1557 = PRESENTATION_LAYER_ASSIGNMENT (  '', '', ( #283 ) ) ;
#1558 = FACE_OUTER_BOUND ( 'NONE', #548, .T. ) ;
#1559 = ORIENTED_EDGE ( 'NONE', *, *, #537, .T. ) ;
#1560 = CARTESIAN_POINT ( 'NONE',  ( 25.00000000000000000, 50.00000000000000000, 14.41233490781574922 ) ) ;
#1561 = DIRECTION ( 'NONE',  ( 0.000000000000000000, 0.000000000000000000, 1.000000000000000000 ) ) ;
#1562 = ORIENTED_EDGE ( 'NONE', *, *, #1442, .T. ) ;
#1563 = AXIS2_PLACEMENT_3D ( 'NONE', #256, #905, #223 ) ;
#1564 = CARTESIAN_POINT ( 'NONE',  ( 26.26468353125000021, 32.73016537720688035, 20.15104166700806232 ) ) ;
#1565 = VECTOR ( 'NONE', #1124, 1000.000000000000000 ) ;
#1566 = CARTESIAN_POINT ( 'NONE',  ( 26.13263033445132422, 32.82289034831912744, 19.58162671371539787 ) ) ;
#1567 = EDGE_CURVE ( 'NONE', #1534, #1287, #1237, .T. ) ;
#1568 = CARTESIAN_POINT ( 'NONE',  ( 25.00000000000000000, 33.46033075441374649, 20.29687500034139447 ) ) ;
#1569 = CARTESIAN_POINT ( 'NONE',  ( 26.40000000000000213, 31.19170962313452478, 20.98958333401613174 ) ) ;
#1570 = LINE ( 'NONE', #372, #540 ) ;
#1571 = EDGE_LOOP ( 'NONE', ( #1906, #2240, #1777, #1961, #626, #348 ) ) ;
#1572 = CARTESIAN_POINT ( 'NONE',  ( 46.50000000000000000, 4.999999999999997335, 5.000000000000000000 ) ) ;
#1573 = AXIS2_PLACEMENT_3D ( 'NONE', #1718, #994, #148 ) ;
#1574 = CARTESIAN_POINT ( 'NONE',  ( 25.63234176562500011, 33.09524806581030987, 21.75520833367473017 ) ) ;
#1575 = ORIENTED_EDGE ( 'NONE', *, *, #1920, .T. ) ;
#1576 = EDGE_CURVE ( 'NONE', #1438, #1067, #672, .T. ) ;
#1577 = CARTESIAN_POINT ( 'NONE',  ( 25.00000000000000000, 30.53966924558625706, 20.98437500034139802 ) ) ;
#1578 = CARTESIAN_POINT ( 'NONE',  ( 23.60000000000000142, 32.80829037686547167, 19.73958333401612819 ) ) ;
#1579 = CARTESIAN_POINT ( 'NONE',  ( 23.73531646875000689, 32.73016537720688035, 20.88020833367473372 ) ) ;
#1580 = CARTESIAN_POINT ( 'NONE',  ( 26.40000000000000213, 32.80829037686547167, 20.57291666734946389 ) ) ;
#1581 = CARTESIAN_POINT ( 'NONE',  ( 3.500000000000004441, 50.00000000000000000, 2.104480912413648319 ) ) ;
#1582 = ORIENTED_EDGE ( 'NONE', *, *, #423, .F. ) ;
#1583 = DIRECTION ( 'NONE',  ( 0.000000000000000000, 0.000000000000000000, -1.000000000000000000 ) ) ;
#1584 = CARTESIAN_POINT ( 'NONE',  ( 23.60000000000000142, 32.00000000000000000, 21.78125000068279604 ) ) ;
#1585 = VERTEX_POINT ( 'NONE', #1223 ) ;
#1586 = DIRECTION ( 'NONE',  ( 0.000000000000000000, 0.000000000000000000, 1.000000000000000000 ) ) ;
#1587 = CARTESIAN_POINT ( 'NONE',  ( 26.26468353125000021, 32.00000000000000000, 21.60937500034139802 ) ) ;
#1588 = LINE ( 'NONE', #539, #1722 ) ;
#1589 = CARTESIAN_POINT ( 'NONE',  ( 25.69999999999999929, 30.78756443470178894, 21.16666666666666785 ) ) ;
#1590 = CARTESIAN_POINT ( 'NONE',  ( 23.60000000000000142, 32.00000000000000000, 19.78125000068279604 ) ) ;
#1591 = CARTESIAN_POINT ( 'NONE',  ( 22.25000000000000355, 32.00000000000000000, 22.77161119227961805 ) ) ;
#1592 = ORIENTED_EDGE ( 'NONE', *, *, #254, .F. ) ;
#1593 = DIRECTION ( 'NONE',  ( 0.000000000000000000, 0.000000000000000000, -1.000000000000000000 ) ) ;
#1594 = ORIENTED_EDGE ( 'NONE', *, *, #1086, .T. ) ;
#1595 = CARTESIAN_POINT ( 'NONE',  ( 46.50000000000000000, 0.000000000000000000, 5.000000000000000000 ) ) ;
#1596 = AXIS2_PLACEMENT_3D ( 'NONE', #239, #1101, #2007 ) ;
#1597 = CARTESIAN_POINT ( 'NONE',  ( 26.26468353125000021, 31.26983462279312675, 20.56770833367473372 ) ) ;
#1598 = CARTESIAN_POINT ( 'NONE',  ( 27.38476990809473932, 33.38114160092637661, 22.88367223974696429 ) ) ;
#1599 = VECTOR ( 'NONE', #404, 1000.000000000000000 ) ;
#1600 = CARTESIAN_POINT ( 'NONE',  ( 23.60000000000000142, 32.00000000000000000, 21.50000000000000000 ) ) ;
#1601 = EDGE_CURVE ( 'NONE', #1897, #1655, #2076, .T. ) ;
#1602 = CARTESIAN_POINT ( 'NONE',  ( 25.00000000000000000, 33.61658075373095755, 21.65625000068279604 ) ) ;
#1603 = CARTESIAN_POINT ( 'NONE',  ( 24.30000000000000071, 30.78756443470178894, 21.36458333401613174 ) ) ;
#1604 = ORIENTED_EDGE ( 'NONE', *, *, #1233, .T. ) ;
#1605 = CARTESIAN_POINT ( 'NONE',  ( 50.00000000000000000, 50.00000000000000000, 11.00000000000000000 ) ) ;
#1606 = CARTESIAN_POINT ( 'NONE',  ( 23.60000000000000142, 32.00000000000000000, 21.50000000000000000 ) ) ;
#1607 = VECTOR ( 'NONE', #327, 1000.000000000000000 ) ;
#1608 = ORIENTED_EDGE ( 'NONE', *, *, #1193, .T. ) ;
#1609 = CARTESIAN_POINT ( 'NONE',  ( 25.69999999999999929, 33.21243556529821461, 20.33333333333333215 ) ) ;
#1610 = EDGE_CURVE ( 'NONE', #2112, #486, #865, .T. ) ;
#1611 = CARTESIAN_POINT ( 'NONE',  ( 23.73531646875000689, 31.26983462279312675, 20.90104166700806232 ) ) ;
#1612 = CARTESIAN_POINT ( 'NONE',  ( 27.60784284584537929, 32.89111792251198807, 22.81735639514629099 ) ) ;
#1613 = CARTESIAN_POINT ( 'NONE',  ( 25.69999999999999929, 33.21243556529821461, 19.83333333333333215 ) ) ;
#1614 = CARTESIAN_POINT ( 'NONE',  ( 26.39999999999999858, 32.00000000000000000, 22.00000000000000000 ) ) ;
#1615 = VERTEX_POINT ( 'NONE', #1326 ) ;
#1616 = DIRECTION ( 'NONE',  ( 0.000000000000000000, 0.000000000000000000, 1.000000000000000000 ) ) ;
#1617 = EDGE_CURVE ( 'NONE', #2130, #501, #1840, .T. ) ;
#1618 = CARTESIAN_POINT ( 'NONE',  ( 26.26468353125000021, 32.00000000000000000, 20.67187500034139802 ) ) ;
#1619 = ORIENTED_EDGE ( 'NONE', *, *, #287, .F. ) ;
#1620 = CARTESIAN_POINT ( 'NONE',  ( 24.36765823437500345, 33.09524806581030987, 19.77604166700806587 ) ) ;
#1621 = FACE_OUTER_BOUND ( 'NONE', #2047, .T. ) ;
#1622 = CARTESIAN_POINT ( 'NONE',  ( 23.73531646875000334, 32.00000000000000000, 21.85937500034139802 ) ) ;
#1623 = CARTESIAN_POINT ( 'NONE',  ( 26.02316494281143733, 32.74334240698122045, 19.72225075861638288 ) ) ;
#1624 = ORIENTED_EDGE ( 'NONE', *, *, #1942, .T. ) ;
#1625 = DIRECTION ( 'NONE',  ( -0.000000000000000000, -1.000000000000000000, -0.000000000000000000 ) ) ;
#1626 = CYLINDRICAL_SURFACE ( 'NONE', #2244, 5.300000000000002487 ) ;
#1627 = CARTESIAN_POINT ( 'NONE',  ( 46.50000000000000000, 0.000000000000000000, 4.799999999999999822 ) ) ;
#1628 = CARTESIAN_POINT ( 'NONE',  ( 25.63234176562500011, 33.09524806581030987, 19.69270833367473017 ) ) ;
#1629 = VERTEX_POINT ( 'NONE', #2021 ) ;
#1630 = CARTESIAN_POINT ( 'NONE',  ( 23.60000000000000142, 32.00000000000000000, 20.28125000068279604 ) ) ;
#1631 = AXIS2_PLACEMENT_3D ( 'NONE', #2192, #1832, #1811 ) ;
#1632 = ADVANCED_FACE ( 'NONE', ( #934 ), #1292, .F. ) ;
#1633 = LINE ( 'NONE', #889, #2249 ) ;
#1634 = CARTESIAN_POINT ( 'NONE',  ( 25.00000000000000000, 30.38341924626904955, 21.12499999999999289 ) ) ;
#1635 = ADVANCED_FACE ( 'NONE', ( #102 ), #1945, .F. ) ;
#1636 = EDGE_CURVE ( 'NONE', #466, #957, #1898, .T. ) ;
#1637 = VECTOR ( 'NONE', #1258, 1000.000000000000000 ) ;
#1638 = VERTEX_POINT ( 'NONE', #2176 ) ;
#1639 = CARTESIAN_POINT ( 'NONE',  ( 22.39162398144504706, 32.88939615313800147, 22.81718684929402485 ) ) ;
#1640 = CARTESIAN_POINT ( 'NONE',  ( 50.00000000000000000, 50.00000000000000000, 11.00000000000000000 ) ) ;
#1641 = EDGE_CURVE ( 'NONE', #826, #2030, #381, .T. ) ;
#1642 = CARTESIAN_POINT ( 'NONE',  ( 25.00000000000000000, 30.53966924558625351, 20.04687500034139802 ) ) ;
#1643 = ORIENTED_EDGE ( 'NONE', *, *, #390, .F. ) ;
#1644 = FACE_OUTER_BOUND ( 'NONE', #1533, .T. ) ;
#1645 = AXIS2_PLACEMENT_3D ( 'NONE', #780, #79, #456 ) ;
#1646 = CARTESIAN_POINT ( 'NONE',  ( 26.26468353125000021, 32.73016537720688035, 21.71354166700806232 ) ) ;
#1647 = CARTESIAN_POINT ( 'NONE',  ( 23.60000000000000497, 31.19170962313452478, 21.32291666734946034 ) ) ;
#1648 = EDGE_CURVE ( 'NONE', #1689, #1064, #1432, .T. ) ;
#1649 = DIRECTION ( 'NONE',  ( 0.000000000000000000, 0.000000000000000000, 1.000000000000000000 ) ) ;
#1650 = LINE ( 'NONE', #770, #211 ) ;
#1651 = ORIENTED_EDGE ( 'NONE', *, *, #1303, .F. ) ;
#1652 = DIRECTION ( 'NONE',  ( 1.000000000000000000, -0.000000000000000000, -0.000000000000000000 ) ) ;
#1653 = CARTESIAN_POINT ( 'NONE',  ( 25.63234176562500011, 33.09524806581030987, 19.75520833367473017 ) ) ;
#1654 = CARTESIAN_POINT ( 'NONE',  ( 25.63234176562500011, 33.09524806581030987, 20.25520833367473017 ) ) ;
#1655 = VERTEX_POINT ( 'NONE', #265 ) ;
#1656 = CARTESIAN_POINT ( 'NONE',  ( 24.30000000000000071, 33.21243556529821461, 21.19791666734946389 ) ) ;
#1657 = DIRECTION ( 'NONE',  ( 0.000000000000000000, 1.000000000000000000, 0.000000000000000000 ) ) ;
#1658 = CARTESIAN_POINT ( 'NONE',  ( 24.30000000000000071, 33.21243556529821461, 21.91666666666666430 ) ) ;
#1659 = VERTEX_POINT ( 'NONE', #947 ) ;
#1660 = CARTESIAN_POINT ( 'NONE',  ( 24.81557539921447031, 30.60915860198072735, 19.70989439784537822 ) ) ;
#1661 =( BOUNDED_CURVE ( )  B_SPLINE_CURVE ( 2, ( #805, #842, #666, #2207, #1349, #646, #1183, #464, #1371, #1148, #1695, #1872, #2185, #1886, #299, #2060, #154, #625, #316, #1000, #1521, #135, #834, #124, #494, #1192, #824, #2039, #2217, #1896, #1160, #1322, #1849, #329, #475, #307, #1862, #656, #2051, #967, #1545, #1715, #1009, #145, #1726, #1512, #2196, #2017, #452, #636, #1338, #2028, #383, #1208, #852 ),
 .UNSPECIFIED., .F., .T. ) 
 B_SPLINE_CURVE_WITH_KNOTS ( ( 3, 2, 2, 2, 2, 2, 2, 2, 2, 2, 2, 2, 2, 2, 2, 2, 2, 2, 2, 2, 2, 2, 2, 2, 2, 2, 2, 3 ),
 ( 0.000000000000000000, 0.03333333333333333287, 0.06666666666666666574, 0.1000000000000000056, 0.1333333333333333315, 0.1666666666666666574, 0.2000000000000000111, 0.2333333333333333370, 0.2666666666666666630, 0.2999999999999999889, 0.3333333333333333148, 0.3666666666666666408, 0.4000000000000000222, 0.4333333333333333481, 0.4666666666666666741, 0.5000000000000000000, 0.5333333333333333259, 0.5666666666666666519, 0.5999999999999999778, 0.6333333333333333037, 0.6666666666666666297, 0.6999999999999999556, 0.7333333333333332815, 0.7666666666666667185, 0.8000000000000000444, 0.8333333333333333703, 0.8666666666666666963, 0.8800740209644799528 ),
 .UNSPECIFIED. ) 
 CURVE ( )  GEOMETRIC_REPRESENTATION_ITEM ( )  RATIONAL_B_SPLINE_CURVE ( ( 1.000000000000000000, 0.8660254037844387076, 1.000000000000000000, 0.8660254037844387076, 1.000000000000000000, 0.8660254037844387076, 1.000000000000000000, 0.8660254037844387076, 1.000000000000000000, 0.8660254037844387076, 1.000000000000000000, 0.8660254037844387076, 1.000000000000000000, 0.8660254037844387076, 1.000000000000000000, 0.8660254037844387076, 1.000000000000000000, 0.8660254037844387076, 1.000000000000000000, 0.8660254037844387076, 1.000000000000000000, 0.8660254037844387076, 1.000000000000000000, 0.8660254037844387076, 1.000000000000000000, 0.8660254037844387076, 1.000000000000000000, 0.8660254037844387076, 1.000000000000000000, 0.8660254037844387076, 1.000000000000000000, 0.8660254037844387076, 1.000000000000000000, 0.8660254037844387076, 1.000000000000000000, 0.8660254037844387076, 1.000000000000000000, 0.8660254037844387076, 1.000000000000000000, 0.8660254037844387076, 1.000000000000000000, 0.8660254037844387076, 1.000000000000000000, 0.8660254037844387076, 1.000000000000000000, 0.8660254037844387076, 1.000000000000000000, 0.8660254037844387076, 1.000000000000000000, 0.8660254037844387076, 1.000000000000000000, 0.8660254037844387076, 1.000000000000000000, 0.9461126536489449235, 0.9355745119797440612 ) ) 
 REPRESENTATION_ITEM ( '' )  );
#1662 = DIRECTION ( 'NONE',  ( -0.000000000000000000, -1.000000000000000000, -0.000000000000000000 ) ) ;
#1663 = DIRECTION ( 'NONE',  ( 0.000000000000000000, 0.000000000000000000, 1.000000000000000000 ) ) ;
#1664 = CARTESIAN_POINT ( 'NONE',  ( 25.00000000000000000, 33.46033075441374649, 20.73437500034139802 ) ) ;
#1665 = CARTESIAN_POINT ( 'NONE',  ( 25.00000000000000000, 30.53966924558625706, 21.04687500034139802 ) ) ;
#1666 = VERTEX_POINT ( 'NONE', #1063 ) ;
#1667 = CARTESIAN_POINT ( 'NONE',  ( 25.00000000000000000, 30.38341924626904955, 20.40625000068279959 ) ) ;
#1668 = VECTOR ( 'NONE', #1426, 1000.000000000000000 ) ;
#1669 = EDGE_CURVE ( 'NONE', #2190, #1071, #2073, .T. ) ;
#1670 = CARTESIAN_POINT ( 'NONE',  ( 26.39999999998978453, 31.99999465235264751, 21.03124972501636236 ) ) ;
#1671 = AXIS2_PLACEMENT_3D ( 'NONE', #1309, #2013, #940 ) ;
#1672 = DIRECTION ( 'NONE',  ( 0.000000000000000000, -1.000000000000000000, 0.000000000000000000 ) ) ;
#1673 = EDGE_CURVE ( 'NONE', #1113, #2030, #808, .T. ) ;
#1674 = CARTESIAN_POINT ( 'NONE',  ( 26.40000000000000213, 32.80829037686547167, 20.29166666666666785 ) ) ;
#1675 = CIRCLE ( 'NONE', #961, 14.99999999999999645 ) ;
#1676 = DIRECTION ( 'NONE',  ( 0.000000000000000000, -1.000000000000000000, 0.000000000000000000 ) ) ;
#1677 = VECTOR ( 'NONE', #978, 1000.000000000000000 ) ;
#1678 = DIRECTION ( 'NONE',  ( 1.000000000000000000, 0.000000000000000000, 0.000000000000000000 ) ) ;
#1679 = ORIENTED_EDGE ( 'NONE', *, *, #1303, .T. ) ;
#1680 = DIRECTION ( 'NONE',  ( 0.000000000000000000, 0.000000000000000000, 1.000000000000000000 ) ) ;
#1681 = CARTESIAN_POINT ( 'NONE',  ( 25.63234176562500011, 30.90475193418969369, 21.52604166700806232 ) ) ;
#1682 = CYLINDRICAL_SURFACE ( 'NONE', #1038, 5.650000000000002132 ) ;
#1683 = ORIENTED_EDGE ( 'NONE', *, *, #69, .T. ) ;
#1684 = ORIENTED_EDGE ( 'NONE', *, *, #2042, .F. ) ;
#1685 = ADVANCED_FACE ( 'NONE', ( #1141 ), #38, .F. ) ;
#1686 = CARTESIAN_POINT ( 'NONE',  ( 24.81878509210868700, 29.25000000000000000, 23.21233490781575526 ) ) ;
#1687 = VECTOR ( 'NONE', #1145, 1000.000000000000000 ) ;
#1688 = CARTESIAN_POINT ( 'NONE',  ( 27.75000000000000000, 32.00000000000000000, 22.00000000000000000 ) ) ;
#1689 = VERTEX_POINT ( 'NONE', #1816 ) ;
#1690 = CARTESIAN_POINT ( 'NONE',  ( 26.40000000000000213, 32.80829037686547167, 21.29166666666667140 ) ) ;
#1691 = CARTESIAN_POINT ( 'NONE',  ( 26.39999999999999858, 32.00000000000000000, 21.24999999999999645 ) ) ;
#1692 = PLANE ( 'NONE',  #1196 ) ;
#1693 = CARTESIAN_POINT ( 'NONE',  ( 25.00000000000000000, 30.53966924558625706, 19.98437500034140157 ) ) ;
#1694 = ADVANCED_FACE ( 'NONE', ( #289 ), #971, .F. ) ;
#1695 = CARTESIAN_POINT ( 'NONE',  ( 24.36765823437500345, 30.90475193418969369, 21.44270833367473017 ) ) ;
#1696 = VERTEX_POINT ( 'NONE', #1865 ) ;
#1697 = ORIENTED_EDGE ( 'NONE', *, *, #86, .T. ) ;
#1698 = ADVANCED_FACE ( 'NONE', ( #1385 ), #660, .F. ) ;
#1699 = DIRECTION ( 'NONE',  ( -1.000000000000000000, 0.000000000000000000, -0.000000000000000000 ) ) ;
#1700 = CARTESIAN_POINT ( 'NONE',  ( 24.48277861174566539, 33.30095427880162617, 19.68703698807888713 ) ) ;
#1701 = CARTESIAN_POINT ( 'NONE',  ( 24.36765823437500345, 30.90475193418969369, 21.50520833367473017 ) ) ;
#1702 = CARTESIAN_POINT ( 'NONE',  ( 23.60000000000000142, 32.00000000000000000, 21.50000000000000000 ) ) ;
#1703 = DIRECTION ( 'NONE',  ( 1.000000000000000000, -0.000000000000000000, 0.000000000000000000 ) ) ;
#1704 = CARTESIAN_POINT ( 'NONE',  ( 25.00000000000000000, 32.00000000000000000, 22.00000000000000000 ) ) ;
#1705 = DIRECTION ( 'NONE',  ( -1.000000000000000000, 0.000000000000000000, -1.214306433183764966E-16 ) ) ;
#1706 = EDGE_LOOP ( 'NONE', ( #134, #278, #648, #1809 ) ) ;
#1707 = ORIENTED_EDGE ( 'NONE', *, *, #1511, .T. ) ;
#1708 = CARTESIAN_POINT ( 'NONE',  ( 25.00000000000000000, 50.00000000000000000, 8.762334907815747087 ) ) ;
#1709 = CARTESIAN_POINT ( 'NONE',  ( 25.69999999999999929, 33.21243556529821461, 21.11458333401613174 ) ) ;
#1710 = CARTESIAN_POINT ( 'NONE',  ( 26.26468353125000021, 32.00000000000000000, 21.17187500034139802 ) ) ;
#1711 = CARTESIAN_POINT ( 'NONE',  ( 26.39999999999999858, 32.00000000000000000, 20.24999999999999645 ) ) ;
#1712 = ADVANCED_FACE ( 'NONE', ( #157 ), #837, .T. ) ;
#1713 = CARTESIAN_POINT ( 'NONE',  ( 25.18121832120160875, 29.25000000000000355, 23.21233490781576947 ) ) ;
#1714 = FILL_AREA_STYLE_COLOUR ( '', #1273 ) ;
#1715 = CARTESIAN_POINT ( 'NONE',  ( 26.26468353125000021, 32.73016537720687325, 20.15104166700806942 ) ) ;
#1716 = ORIENTED_EDGE ( 'NONE', *, *, #2003, .T. ) ;
#1717 = VERTEX_POINT ( 'NONE', #1566 ) ;
#1718 = CARTESIAN_POINT ( 'NONE',  ( 46.50000000000000000, 50.00000000000000000, 5.000000000000000000 ) ) ;
#1719 = AXIS2_PLACEMENT_3D ( 'NONE', #1249, #1657, #1649 ) ;
#1720 = CARTESIAN_POINT ( 'NONE',  ( 25.00000000000000000, 30.53966924558625706, 20.54687500034139447 ) ) ;
#1721 = CARTESIAN_POINT ( 'NONE',  ( 24.30000000000000071, 30.78756443470178894, 20.08333333333333215 ) ) ;
#1722 = VECTOR ( 'NONE', #1246, 1000.000000000000000 ) ;
#1723 =( NAMED_UNIT ( * ) SI_UNIT ( $, .STERADIAN. ) SOLID_ANGLE_UNIT ( ) );
#1724 = LINE ( 'NONE', #1398, #1044 ) ;
#1725 =( BOUNDED_CURVE ( )  B_SPLINE_CURVE ( 2, ( #1177, #1327, #1353, #1841, #1516, #781, #303 ),
 .UNSPECIFIED., .F., .T. ) 
 B_SPLINE_CURVE_WITH_KNOTS ( ( 3, 2, 2, 3 ),
 ( 0.4545079019704695855, 0.4923831032097708560, 0.5302587265336033973, 0.5681344821735581085 ),
 .UNSPECIFIED. ) 
 CURVE ( )  GEOMETRIC_REPRESENTATION_ITEM ( )  RATIONAL_B_SPLINE_CURVE ( ( 0.9999970140174858635, 0.8660268967923338002, 1.000000000000000000, 0.8660254037844387076, 1.000000000000000000, 0.8660254037844387076, 1.000000000000000000 ) ) 
 REPRESENTATION_ITEM ( '' )  );
#1726 = CARTESIAN_POINT ( 'NONE',  ( 25.63234176562500011, 30.90475193418969369, 20.02604166700806587 ) ) ;
#1727 = ORIENTED_EDGE ( 'NONE', *, *, #1669, .T. ) ;
#1728 = CARTESIAN_POINT ( 'NONE',  ( 25.00000000000000000, -21.42197759079808606, 14.41233490781574922 ) ) ;
#1729 = CARTESIAN_POINT ( 'NONE',  ( 23.60000000000000497, 32.80829037686547167, 21.45833333333333215 ) ) ;
#1730 = CARTESIAN_POINT ( 'NONE',  ( 24.30000000000000071, 33.21243556529821461, 21.19791666734946389 ) ) ;
#1731 = DIRECTION ( 'NONE',  ( -0.000000000000000000, -0.000000000000000000, 1.000000000000000000 ) ) ;
#1732 = ORIENTED_EDGE ( 'NONE', *, *, #1884, .T. ) ;
#1733 = DIRECTION ( 'NONE',  ( 1.000000000000000000, 0.000000000000000000, 0.000000000000000000 ) ) ;
#1734 = ORIENTED_EDGE ( 'NONE', *, *, #291, .F. ) ;
#1735 = CARTESIAN_POINT ( 'NONE',  ( 23.73531646875000334, 32.00000000000000000, 20.35937500034139447 ) ) ;
#1736 = FACE_OUTER_BOUND ( 'NONE', #962, .T. ) ;
#1737 = EDGE_CURVE ( 'NONE', #1846, #654, #322, .T. ) ;
#1738 = CARTESIAN_POINT ( 'NONE',  ( 26.39999999999999858, 32.00000000000000000, 21.24999999999999645 ) ) ;
#1739 = CARTESIAN_POINT ( 'NONE',  ( 25.00000000000000000, 30.38341924626904955, 21.40625000068279604 ) ) ;
#1740 = EDGE_CURVE ( 'NONE', #1615, #1717, #98, .T. ) ;
#1741 = CARTESIAN_POINT ( 'NONE',  ( 27.46938354015511408, 30.77650434815886982, 22.85907127895640301 ) ) ;
#1742 = ORIENTED_EDGE ( 'NONE', *, *, #149, .F. ) ;
#1743 = CARTESIAN_POINT ( 'NONE',  ( 26.39999999998978453, 31.99999465235264751, 21.03124972501636236 ) ) ;
#1744 = CARTESIAN_POINT ( 'NONE',  ( 26.26468353125000021, 32.00000000000000000, 21.67187500034139802 ) ) ;
#1745 = ORIENTED_EDGE ( 'NONE', *, *, #1211, .F. ) ;
#1746 = CARTESIAN_POINT ( 'NONE',  ( 25.00000000000000000, 33.61658075373095045, 20.37499999999999645 ) ) ;
#1747 = CARTESIAN_POINT ( 'NONE',  ( 23.73531646875000334, 32.00000000000000000, 20.85937500034139802 ) ) ;
#1748 = CARTESIAN_POINT ( 'NONE',  ( 27.66130361949607419, 32.71580976826746934, 22.80035248358314348 ) ) ;
#1749 = CARTESIAN_POINT ( 'NONE',  ( 26.40000000000000213, 32.80829037686547167, 21.29166666666667140 ) ) ;
#1750 = CARTESIAN_POINT ( 'NONE',  ( 23.60000000000000142, 32.00000000000000000, 20.78125000068279604 ) ) ;
#1751 = VECTOR ( 'NONE', #1941, 1000.000000000000000 ) ;
#1752 = CARTESIAN_POINT ( 'NONE',  ( 26.02316029048558832, 32.74334881059656510, 19.68058409197418612 ) ) ;
#1753 = ORIENTED_EDGE ( 'NONE', *, *, #483, .F. ) ;
#1754 = DIRECTION ( 'NONE',  ( -0.000000000000000000, 0.000000000000000000, 1.000000000000000000 ) ) ;
#1755 = B_SPLINE_CURVE_WITH_KNOTS ( 'NONE', 3,
 ( #1357, #1713, #2050, #1181, #2059, #95, #787, #1205, #162, #1903, #1741, #1911, #2111, #337, #1388, #1017 ),
 .UNSPECIFIED., .F., .F.,
 ( 4, 2, 2, 2, 2, 2, 2, 4 ),
 ( 0.01297695974835911398, 0.01351757538178236136, 0.01405819101520560874, 0.01513942228205211044, 0.01568003791547535955, 0.01622065354889861213, 0.01676126918232186125, 0.01730188481574511036 ),
 .UNSPECIFIED. ) ;
#1756 = DIRECTION ( 'NONE',  ( 0.000000000000000000, 1.000000000000000000, 0.000000000000000000 ) ) ;
#1757 = ORIENTED_EDGE ( 'NONE', *, *, #1648, .T. ) ;
#1758 = CARTESIAN_POINT ( 'NONE',  ( 23.73531646875000334, 32.00000000000000000, 21.89062500034139802 ) ) ;
#1759 = CARTESIAN_POINT ( 'NONE',  ( 25.63234176562500011, 33.09524806581030987, 21.19270833367473017 ) ) ;
#1760 = DIRECTION ( 'NONE',  ( 0.000000000000000000, 0.000000000000000000, 1.000000000000000000 ) ) ;
#1761 = CARTESIAN_POINT ( 'NONE',  ( 26.40000000000000213, 32.80829037686547167, 21.79166666666666430 ) ) ;
#1762 = CARTESIAN_POINT ( 'NONE',  ( 25.95771113500627791, 33.06364597212917289, 19.59924338550385059 ) ) ;
#1763 = DIRECTION ( 'NONE',  ( 0.000000000000000000, 1.000000000000000000, 0.000000000000000000 ) ) ;
#1764 = VERTEX_POINT ( 'NONE', #817 ) ;
#1765 = ORIENTED_EDGE ( 'NONE', *, *, #624, .T. ) ;
#1766 = CARTESIAN_POINT ( 'NONE',  ( 23.60000000000573550, 31.99999729306632190, 20.28130517834050650 ) ) ;
#1767 = CARTESIAN_POINT ( 'NONE',  ( 25.63234176562500011, 30.90475193418969369, 20.52604166700806587 ) ) ;
#1768 = CARTESIAN_POINT ( 'NONE',  ( 25.18074171625474378, 34.75000000000000711, 23.21233490781576236 ) ) ;
#1769 = EDGE_CURVE ( 'NONE', #1056, #863, #2241, .T. ) ;
#1770 = CARTESIAN_POINT ( 'NONE',  ( 26.40000000000000213, 31.19170962313452478, 20.70833333333333215 ) ) ;
#1771 = CARTESIAN_POINT ( 'NONE',  ( 26.36484837343878596, 32.50326963800002034, 19.55823929263171834 ) ) ;
#1772 = CARTESIAN_POINT ( 'NONE',  ( 50.00000000000000000, 50.00000000000000000, 0.000000000000000000 ) ) ;
#1773 = ORIENTED_EDGE ( 'NONE', *, *, #722, .F. ) ;
#1774 = CYLINDRICAL_SURFACE ( 'NONE', #1455, 1.399999999999998579 ) ;
#1775 = EDGE_CURVE ( 'NONE', #2194, #1002, #333, .T. ) ;
#1776 = CARTESIAN_POINT ( 'NONE',  ( 26.26468353125000021, 32.73016537720687325, 21.71354166700805877 ) ) ;
#1777 = ORIENTED_EDGE ( 'NONE', *, *, #1436, .T. ) ;
#1778 = CARTESIAN_POINT ( 'NONE',  ( 25.95772347172333383, 33.06363884952226329, 19.81799265049265557 ) ) ;
#1779 = CARTESIAN_POINT ( 'NONE',  ( 25.00000000000000000, 33.46033075441374649, 20.23437500034139802 ) ) ;
#1780 = EDGE_LOOP ( 'NONE', ( #2209, #2091, #2124, #830, #1045, #2143, #1513 ) ) ;
#1781 = CARTESIAN_POINT ( 'NONE',  ( 25.00000000000000000, 32.00000000000000000, 22.00000000000000000 ) ) ;
#1782 = VECTOR ( 'NONE', #1583, 1000.000000000000000 ) ;
#1783 = AXIS2_PLACEMENT_3D ( 'NONE', #457, #797, #995 ) ;
#1784 = PRODUCT_DEFINITION ( 'UNKNOWN', '', #568, #1826 ) ;
#1785 = CARTESIAN_POINT ( 'NONE',  ( 26.28590414547583975, 32.57255101110617090, 19.55418647524414766 ) ) ;
#1786 = LINE ( 'NONE', #231, #1599 ) ;
#1787 = VERTEX_POINT ( 'NONE', #2232 ) ;
#1788 = DIRECTION ( 'NONE',  ( 0.000000000000000000, 1.000000000000000000, 0.000000000000000000 ) ) ;
#1789 = CARTESIAN_POINT ( 'NONE',  ( 26.26468353125000021, 31.26983462279312675, 20.13020833367473017 ) ) ;
#1790 = VECTOR ( 'NONE', #1406, 1000.000000000000000 ) ;
#1791 = LINE ( 'NONE', #752, #1417 ) ;
#1792 = CARTESIAN_POINT ( 'NONE',  ( 25.63234176562500011, 30.90475193418969369, 21.58854166700806232 ) ) ;
#1793 = CARTESIAN_POINT ( 'NONE',  ( 25.71574762293309746, 34.66140848743312830, 23.18498875038055829 ) ) ;
#1794 = CARTESIAN_POINT ( 'NONE',  ( 26.39999999999999858, 32.00000000000000000, 20.74999999999999645 ) ) ;
#1795 = LINE ( 'NONE', #57, #753 ) ;
#1796 = ORIENTED_EDGE ( 'NONE', *, *, #1641, .T. ) ;
#1797 = DIRECTION ( 'NONE',  ( -0.000000000000000000, 1.000000000000000000, -0.000000000000000000 ) ) ;
#1798 = FACE_OUTER_BOUND ( 'NONE', #1467, .T. ) ;
#1799 = DIRECTION ( 'NONE',  ( -1.000000000000000000, 0.000000000000000000, 0.000000000000000000 ) ) ;
#1800 = ORIENTED_EDGE ( 'NONE', *, *, #795, .T. ) ;
#1801 = DIRECTION ( 'NONE',  ( 1.000000000000000000, 0.000000000000000000, 0.000000000000000000 ) ) ;
#1802 = EDGE_CURVE ( 'NONE', #1113, #1001, #677, .T. ) ;
#1803 = CARTESIAN_POINT ( 'NONE',  ( 26.26468353125000021, 32.73016537720688035, 20.71354166700806232 ) ) ;
#1804 = CARTESIAN_POINT ( 'NONE',  ( 25.69999999999999929, 30.78756443470178894, 20.44791666734946389 ) ) ;
#1805 = EDGE_CURVE ( 'NONE', #1764, #45, #1875, .T. ) ;
#1806 = ADVANCED_FACE ( 'NONE', ( #2062 ), #2072, .T. ) ;
#1807 = CARTESIAN_POINT ( 'NONE',  ( 26.39999999999999503, 31.19170962313452122, 21.70833333333333215 ) ) ;
#1808 = DIRECTION ( 'NONE',  ( 0.000000000000000000, 0.000000000000000000, -1.000000000000000000 ) ) ;
#1809 = ORIENTED_EDGE ( 'NONE', *, *, #511, .F. ) ;
#1810 = CARTESIAN_POINT ( 'NONE',  ( 23.60903964133862232, 31.81657983126462952, 19.52658687503555512 ) ) ;
#1811 = DIRECTION ( 'NONE',  ( 1.000000000000000000, 0.000000000000000000, 0.000000000000000000 ) ) ;
#1812 = CARTESIAN_POINT ( 'NONE',  ( 24.36765823437500345, 30.90475193418969369, 20.50520833367473017 ) ) ;
#1813 = CARTESIAN_POINT ( 'NONE',  ( 23.73531646875000689, 32.73016537720688035, 21.31770833367473372 ) ) ;
#1814 = CARTESIAN_POINT ( 'NONE',  ( 24.36765823437500345, 30.90475193418969369, 20.00520833367473017 ) ) ;
#1815 = CARTESIAN_POINT ( 'NONE',  ( 26.39999999999999858, 32.00000000000000000, 21.53125000068279604 ) ) ;
#1816 = CARTESIAN_POINT ( 'NONE',  ( 0.000000000000000000, 5.000000000000000000, 4.799999999999993605 ) ) ;
#1817 = CARTESIAN_POINT ( 'NONE',  ( 26.37643697774970519, 32.29459358097880539, 19.53069482668636070 ) ) ;
#1818 = CARTESIAN_POINT ( 'NONE',  ( 24.48277861174566539, 33.30095427880162617, 19.68703698807888713 ) ) ;
#1819 = ORIENTED_EDGE ( 'NONE', *, *, #624, .F. ) ;
#1820 = CARTESIAN_POINT ( 'NONE',  ( 24.13799408272018354, 30.88200162175749597, 19.64339747286667404 ) ) ;
#1821 = LINE ( 'NONE', #926, #2033 ) ;
#1822 = CARTESIAN_POINT ( 'NONE',  ( 26.11897402511885957, 31.13921275168245018, 19.59451647177412070 ) ) ;
#1823 = CARTESIAN_POINT ( 'NONE',  ( 23.60000000000000142, 32.00000000000000000, 20.49999999999999645 ) ) ;
#1824 = VECTOR ( 'NONE', #892, 1000.000000000000000 ) ;
#1825 = CARTESIAN_POINT ( 'NONE',  ( 23.73531646875000334, 32.00000000000000000, 20.42187500034139447 ) ) ;
#1826 = PRODUCT_DEFINITION_CONTEXT ( 'detailed design', #1449, 'design' ) ;
#1827 = CARTESIAN_POINT ( 'NONE',  ( 23.60000000000000142, 32.00000000000000000, 21.78125000068279604 ) ) ;
#1828 = CARTESIAN_POINT ( 'NONE',  ( 50.00000000000000000, 5.000000000000000000, 0.000000000000000000 ) ) ;
#1829 = FACE_OUTER_BOUND ( 'NONE', #1706, .T. ) ;
#1830 = ORIENTED_EDGE ( 'NONE', *, *, #181, .F. ) ;
#1831 = CARTESIAN_POINT ( 'NONE',  ( 24.29319135984423994, 30.77780627973222849, 19.66772508062851088 ) ) ;
#1832 = DIRECTION ( 'NONE',  ( -0.000000000000000000, -0.000000000000000000, 1.000000000000000000 ) ) ;
#1833 = CARTESIAN_POINT ( 'NONE',  ( 25.00000000000000000, 33.46033075441374649, 19.79687500034139802 ) ) ;
#1834 = CARTESIAN_POINT ( 'NONE',  ( 25.63234176562500011, 30.90475193418969369, 21.02604166700806587 ) ) ;
#1835 = CARTESIAN_POINT ( 'NONE',  ( 23.73531646875000334, 32.00000000000000000, 19.92187500034139802 ) ) ;
#1836 = ORIENTED_EDGE ( 'NONE', *, *, #1058, .F. ) ;
#1837 = CARTESIAN_POINT ( 'NONE',  ( 24.30000000000000071, 30.78756443470178894, 21.36458333401613174 ) ) ;
#1838 = EDGE_CURVE ( 'NONE', #1162, #2190, #343, .T. ) ;
#1839 = ADVANCED_FACE ( 'NONE', ( #1736 ), #2031, .F. ) ;
#1840 = LINE ( 'NONE', #769, #474 ) ;
#1841 = CARTESIAN_POINT ( 'NONE',  ( 25.00000000000000000, 33.61658075373095045, 20.65625000068279604 ) ) ;
#1842 = ORIENTED_EDGE ( 'NONE', *, *, #1226, .T. ) ;
#1843 = LINE ( 'NONE', #2024, #827 ) ;
#1844 = CARTESIAN_POINT ( 'NONE',  ( 3.500000000000004441, 4.999999999999997335, 2.104480912413648319 ) ) ;
#1845 = CARTESIAN_POINT ( 'NONE',  ( 41.49999999999998579, 50.00000000000000000, 0.000000000000000000 ) ) ;
#1846 = VERTEX_POINT ( 'NONE', #127 ) ;
#1847 = ADVANCED_FACE ( 'NONE', ( #1525 ), #311, .F. ) ;
#1848 = CARTESIAN_POINT ( 'NONE',  ( 25.00000000000000000, 30.53966924558625706, 20.98437500034139802 ) ) ;
#1849 = CARTESIAN_POINT ( 'NONE',  ( 25.63234176562500011, 30.90475193418969369, 20.52604166700806587 ) ) ;
#1850 = ORIENTED_EDGE ( 'NONE', *, *, #1802, .F. ) ;
#1851 = CARTESIAN_POINT ( 'NONE',  ( 23.60000000000000497, 31.19170962313452478, 20.32291666734946389 ) ) ;
#1852 = ORIENTED_EDGE ( 'NONE', *, *, #191, .T. ) ;
#1853 = VECTOR ( 'NONE', #1081, 1000.000000000000000 ) ;
#1854 = DIRECTION ( 'NONE',  ( -0.000000000000000000, -1.000000000000000000, -0.000000000000000000 ) ) ;
#1855 = CARTESIAN_POINT ( 'NONE',  ( 26.39999999999999858, 32.00000000000000000, 21.75000000000000000 ) ) ;
#1856 = ORIENTED_EDGE ( 'NONE', *, *, #552, .T. ) ;
#1857 = VECTOR ( 'NONE', #2144, 1000.000000000000000 ) ;
#1858 = CARTESIAN_POINT ( 'NONE',  ( 25.00000000000000000, 30.38341924626904955, 21.62499999999999645 ) ) ;
#1859 = AXIS2_PLACEMENT_3D ( 'NONE', #192, #1210, #203 ) ;
#1860 = CYLINDRICAL_SURFACE ( 'NONE', #332, 14.99999999999999645 ) ;
#1861 = CARTESIAN_POINT ( 'NONE',  ( 26.26468353125000021, 31.26983462279312675, 21.56770833367473017 ) ) ;
#1862 = CARTESIAN_POINT ( 'NONE',  ( 23.73531646875000334, 32.00000000000000000, 20.35937500034139447 ) ) ;
#1863 = VERTEX_POINT ( 'NONE', #1708 ) ;
#1864 = ORIENTED_EDGE ( 'NONE', *, *, #1528, .T. ) ;
#1865 = CARTESIAN_POINT ( 'NONE',  ( 23.60000000000000142, 32.00000000000000000, 20.49999999999999645 ) ) ;
#1866 = VECTOR ( 'NONE', #321, 1000.000000000000000 ) ;
#1867 = DIRECTION ( 'NONE',  ( -0.000000000000000000, -0.000000000000000000, 1.000000000000000000 ) ) ;
#1868 = CARTESIAN_POINT ( 'NONE',  ( 26.26468353125000021, 32.73016537720688035, 21.71354166700806232 ) ) ;
#1869 = CARTESIAN_POINT ( 'NONE',  ( 22.25000000000000355, 32.00000000000000000, 22.00000000000000000 ) ) ;
#1870 = LINE ( 'NONE', #1845, #2140 ) ;
#1871 = DIRECTION ( 'NONE',  ( 0.000000000000000000, 0.000000000000000000, 1.000000000000000000 ) ) ;
#1872 = CARTESIAN_POINT ( 'NONE',  ( 23.73531646875000689, 31.26983462279312675, 21.40104166700806232 ) ) ;
#1873 = ORIENTED_EDGE ( 'NONE', *, *, #983, .F. ) ;
#1874 = ORIENTED_EDGE ( 'NONE', *, *, #18, .T. ) ;
#1875 = LINE ( 'NONE', #1373, #618 ) ;
#1876 = CARTESIAN_POINT ( 'NONE',  ( 26.13263485000640785, 32.82288413277522920, 19.58714136698944586 ) ) ;
#1877 = EDGE_CURVE ( 'NONE', #1056, #816, #1535, .T. ) ;
#1878 = EDGE_CURVE ( 'NONE', #1479, #694, #1428, .T. ) ;
#1879 = ORIENTED_EDGE ( 'NONE', *, *, #326, .T. ) ;
#1880 = CARTESIAN_POINT ( 'NONE',  ( 24.30000000000000071, 30.78756443470178894, 20.58333333333333215 ) ) ;
#1881 = APPLICATION_PROTOCOL_DEFINITION ( 'draft international standard', 'automotive_design', 1998, #1449 ) ;
#1882 = DIRECTION ( 'NONE',  ( 1.000000000000000000, 0.000000000000000000, 0.000000000000000000 ) ) ;
#1883 = FILL_AREA_STYLE ('',( #1714 ) ) ;
#1884 = EDGE_CURVE ( 'NONE', #657, #2190, #901, .T. ) ;
#1885 =( BOUNDED_CURVE ( )  B_SPLINE_CURVE ( 2, ( #1766, #874, #1032, #721, #524, #53, #1057 ),
 .UNSPECIFIED., .F., .T. ) 
 B_SPLINE_CURVE_WITH_KNOTS ( ( 3, 2, 2, 3 ),
 ( 0.6817610667212041786, 0.7196368431527547793, 0.7575124664765835458, 0.7953880285313976728 ),
 .UNSPECIFIED. ) 
 CURVE ( )  GEOMETRIC_REPRESENTATION_ITEM ( )  RATIONAL_B_SPLINE_CURVE ( ( 1.000000000000000000, 0.8660254037844387076, 1.000000000000000000, 0.8660254037844387076, 1.000000000000000000, 0.8660254037844387076, 1.000000000000000000 ) ) 
 REPRESENTATION_ITEM ( '' )  );
#1886 = CARTESIAN_POINT ( 'NONE',  ( 23.73531646875000689, 32.73016537720687325, 21.31770833367473372 ) ) ;
#1887 = ORIENTED_EDGE ( 'NONE', *, *, #1021, .T. ) ;
#1888 = ORIENTED_EDGE ( 'NONE', *, *, #685, .T. ) ;
#1889 = DIRECTION ( 'NONE',  ( -1.000000000000000000, 0.000000000000000000, 0.000000000000000000 ) ) ;
#1890 = VECTOR ( 'NONE', #376, 1000.000000000000000 ) ;
#1891 = AXIS2_PLACEMENT_3D ( 'NONE', #1285, #1662, #607 ) ;
#1892 = ORIENTED_EDGE ( 'NONE', *, *, #685, .F. ) ;
#1893 = CARTESIAN_POINT ( 'NONE',  ( 25.69999999999999929, 33.21243556529821461, 20.33333333333333215 ) ) ;
#1894 = LINE ( 'NONE', #500, #2145 ) ;
#1895 = CARTESIAN_POINT ( 'NONE',  ( 26.13262932357053714, 32.82289173954455919, 19.58989836420234454 ) ) ;
#1896 = CARTESIAN_POINT ( 'NONE',  ( 26.26468353125000021, 32.73016537720687325, 20.65104166700806587 ) ) ;
#1897 = VERTEX_POINT ( 'NONE', #514 ) ;
#1898 =( BOUNDED_CURVE ( )  B_SPLINE_CURVE ( 2, ( #1151, #2164, #115, #434, #1603, #796, #1515 ),
 .UNSPECIFIED., .F., .T. ) 
 B_SPLINE_CURVE_WITH_KNOTS ( ( 3, 2, 2, 3 ),
 ( 0.1136266723315864230, 0.1515024932953180359, 0.1893781166191460807, 0.2272538626519580163 ),
 .UNSPECIFIED. ) 
 CURVE ( )  GEOMETRIC_REPRESENTATION_ITEM ( )  RATIONAL_B_SPLINE_CURVE ( ( 1.000000000000000000, 0.8660254037844387076, 1.000000000000000000, 0.8660254037844387076, 1.000000000000000000, 0.8660254037844387076, 1.000000000000000000 ) ) 
 REPRESENTATION_ITEM ( '' )  );
#1899 = CARTESIAN_POINT ( 'NONE',  ( 25.95771113500628147, 33.06364597212918000, 19.59924338550385414 ) ) ;
#1900 = CARTESIAN_POINT ( 'NONE',  ( 23.73531646875000689, 32.73016537720688035, 21.81770833367473372 ) ) ;
#1901 = CARTESIAN_POINT ( 'NONE',  ( 25.63234176562500011, 33.09524806581030987, 20.25520833367473017 ) ) ;
#1902 = CARTESIAN_POINT ( 'NONE',  ( 25.69999999999999929, 33.21243556529821461, 19.83333333333333215 ) ) ;
#1903 = CARTESIAN_POINT ( 'NONE',  ( 27.38497931253975537, 30.61925379047045936, 22.88361099490476747 ) ) ;
#1904 = VERTEX_POINT ( 'NONE', #34 ) ;
#1905 = CARTESIAN_POINT ( 'NONE',  ( 26.26468353125000021, 32.73016537720687325, 21.21354166700806587 ) ) ;
#1906 = ORIENTED_EDGE ( 'NONE', *, *, #1775, .F. ) ;
#1907 = CARTESIAN_POINT ( 'NONE',  ( 24.36765823437500345, 30.90475193418969369, 21.44270833367473017 ) ) ;
#1908 = DIRECTION ( 'NONE',  ( 0.000000000000000000, 0.000000000000000000, -1.000000000000000000 ) ) ;
#1909 = CARTESIAN_POINT ( 'NONE',  ( 23.73531646875000689, 31.26983462279312675, 20.46354166700806587 ) ) ;
#1910 = CARTESIAN_POINT ( 'NONE',  ( 25.69999999999999929, 30.78756443470178894, 20.44791666734946389 ) ) ;
#1911 = CARTESIAN_POINT ( 'NONE',  ( 27.60761266051037310, 31.10828654198266818, 22.81742661491125190 ) ) ;
#1912 = EDGE_LOOP ( 'NONE', ( #1149, #146, #1274, #1922 ) ) ;
#1913 = FACE_OUTER_BOUND ( 'NONE', #534, .T. ) ;
#1914 = VERTEX_POINT ( 'NONE', #563 ) ;
#1915 = DIRECTION ( 'NONE',  ( -1.000000000000000000, 0.000000000000000000, -0.000000000000000000 ) ) ;
#1916 = CARTESIAN_POINT ( 'NONE',  ( 24.36765823437500345, 33.09524806581030987, 21.77604166700806232 ) ) ;
#1917 = CARTESIAN_POINT ( 'NONE',  ( 46.50000000000000000, 50.00000000000000000, 5.000000000000000000 ) ) ;
#1918 = CARTESIAN_POINT ( 'NONE',  ( 24.36765823437500345, 33.09524806581030987, 20.83854166700806587 ) ) ;
#1919 = CARTESIAN_POINT ( 'NONE',  ( 25.69999999999999929, 33.21243556529821461, 21.61458333401613174 ) ) ;
#1920 = EDGE_CURVE ( 'NONE', #1097, #531, #389, .T. ) ;
#1921 = CARTESIAN_POINT ( 'NONE',  ( 25.00000000000000000, -21.42197759079808606, 14.41233490781574922 ) ) ;
#1922 = ORIENTED_EDGE ( 'NONE', *, *, #182, .F. ) ;
#1923 = LINE ( 'NONE', #1572, #1310 ) ;
#1924 = DIRECTION ( 'NONE',  ( -0.000000000000000000, -1.000000000000000000, -0.000000000000000000 ) ) ;
#1925 = EDGE_LOOP ( 'NONE', ( #1643, #659, #1119, #1830 ) ) ;
#1926 = CARTESIAN_POINT ( 'NONE',  ( 26.39999999999999858, 32.00000000000000000, 17.00000000000000000 ) ) ;
#1927 = EDGE_CURVE ( 'NONE', #1998, #904, #800, .T. ) ;
#1928 = CARTESIAN_POINT ( 'NONE',  ( 23.73531646875000689, 31.26983462279312675, 19.90104166700806587 ) ) ;
#1929 = CARTESIAN_POINT ( 'NONE',  ( 50.00000000000000000, 5.000000000000000000, 4.799999999999999822 ) ) ;
#1930 = CARTESIAN_POINT ( 'NONE',  ( 25.00000000000000000, 30.53966924558625706, 21.04687500034139802 ) ) ;
#1931 = CARTESIAN_POINT ( 'NONE',  ( 26.40000000000000213, 32.80829037686547167, 20.07291666734946389 ) ) ;
#1932 = VECTOR ( 'NONE', #1889, 1000.000000000000000 ) ;
#1933 = CARTESIAN_POINT ( 'NONE',  ( 26.02316032834144011, 32.74334875849051230, 19.70141742530731932 ) ) ;
#1934 = ORIENTED_EDGE ( 'NONE', *, *, #1601, .F. ) ;
#1935 = CARTESIAN_POINT ( 'NONE',  ( 23.60000000004356480, 32.00000743721013663, 20.78109788983227091 ) ) ;
#1936 = EDGE_CURVE ( 'NONE', #1250, #1629, #1256, .T. ) ;
#1937 = LINE ( 'NONE', #1402, #1456 ) ;
#1938 = ORIENTED_EDGE ( 'NONE', *, *, #757, .T. ) ;
#1939 = LINE ( 'NONE', #1414, #1668 ) ;
#1940 = CARTESIAN_POINT ( 'NONE',  ( 25.63234176562500011, 30.90475193418969369, 20.02604166700806587 ) ) ;
#1941 = DIRECTION ( 'NONE',  ( -1.000000000000000000, 0.000000000000000000, -1.214306433183764966E-16 ) ) ;
#1942 = EDGE_CURVE ( 'NONE', #980, #1287, #257, .T. ) ;
#1943 = CARTESIAN_POINT ( 'NONE',  ( 25.00000000000000000, 33.61658075373095755, 20.87499999999999645 ) ) ;
#1944 = CARTESIAN_POINT ( 'NONE',  ( 26.40000000000000213, 31.19170962313452478, 19.98958333401612819 ) ) ;
#1945 = PLANE ( 'NONE',  #1645 ) ;
#1946 = ORIENTED_EDGE ( 'NONE', *, *, #1193, .F. ) ;
#1947 = CARTESIAN_POINT ( 'NONE',  ( 23.60000000000000142, 32.00000000000000000, 19.99999999999999645 ) ) ;
#1948 = CARTESIAN_POINT ( 'NONE',  ( 0.000000000000000000, 50.00000000000000000, 0.000000000000000000 ) ) ;
#1949 = ORIENTED_EDGE ( 'NONE', *, *, #1877, .F. ) ;
#1950 = CARTESIAN_POINT ( 'NONE',  ( 8.500000000000015987, 50.00000000000000000, 2.104480912413648319 ) ) ;
#1951 = CARTESIAN_POINT ( 'NONE',  ( 25.63234176562500011, 30.90475193418969369, 21.02604166700806587 ) ) ;
#1952 = CARTESIAN_POINT ( 'NONE',  ( 25.00000000000000000, 30.38341924626904955, 20.40625000068279959 ) ) ;
#1953 = CARTESIAN_POINT ( 'NONE',  ( 24.22496012142291733, 33.19845318429340608, 19.66175608397222518 ) ) ;
#1954 = ORIENTED_EDGE ( 'NONE', *, *, #621, .F. ) ;
#1955 = FACE_OUTER_BOUND ( 'NONE', #70, .T. ) ;
#1956 = AXIS2_PLACEMENT_3D ( 'NONE', #641, #2032, #1316 ) ;
#1957 = CARTESIAN_POINT ( 'NONE',  ( 25.63234176562500011, 30.90475193418969369, 21.08854166700806587 ) ) ;
#1958 = DIRECTION ( 'NONE',  ( 0.000000000000000000, 0.000000000000000000, 1.000000000000000000 ) ) ;
#1959 = AXIS2_PLACEMENT_3D ( 'NONE', #448, #597, #2000 ) ;
#1960 = CARTESIAN_POINT ( 'NONE',  ( 25.86515507300463312, 32.96083324012374760, 19.67736765083281369 ) ) ;
#1961 = ORIENTED_EDGE ( 'NONE', *, *, #1204, .T. ) ;
#1962 = FACE_OUTER_BOUND ( 'NONE', #304, .T. ) ;
#1963 = CARTESIAN_POINT ( 'NONE',  ( 46.50000000000000000, 50.00000000000000000, 5.000000000000000000 ) ) ;
#1964 =( BOUNDED_CURVE ( )  B_SPLINE_CURVE ( 2, ( #619, #1319, #1331, #2025, #460, #143, #294 ),
 .UNSPECIFIED., .F., .F. ) 
 B_SPLINE_CURVE_WITH_KNOTS ( ( 3, 2, 2, 3 ),
 ( 0.7953880285313976728, 0.8332637131242413009, 0.8711393364480702894, 0.9090150119853112054 ),
 .UNSPECIFIED. ) 
 CURVE ( )  GEOMETRIC_REPRESENTATION_ITEM ( )  RATIONAL_B_SPLINE_CURVE ( ( 1.000000000000000000, 0.8660254037844387076, 1.000000000000000000, 0.8660254037844387076, 1.000000000000000000, 0.8660254037844387076, 1.000000000000000000 ) ) 
 REPRESENTATION_ITEM ( '' )  );
#1965 = ORIENTED_EDGE ( 'NONE', *, *, #2253, .F. ) ;
#1966 = DIRECTION ( 'NONE',  ( -0.000000000000000000, 1.000000000000000000, -0.000000000000000000 ) ) ;
#1967 = FACE_OUTER_BOUND ( 'NONE', #140, .T. ) ;
#1968 = CARTESIAN_POINT ( 'NONE',  ( 25.00000000000000000, 33.46033075441374649, 20.79687500034139802 ) ) ;
#1969 = AXIS2_PLACEMENT_3D ( 'NONE', #2008, #251, #1116 ) ;
#1970 = FACE_OUTER_BOUND ( 'NONE', #267, .T. ) ;
#1971 = CARTESIAN_POINT ( 'NONE',  ( 25.69999999999999929, 30.78756443470178894, 20.94791666734946389 ) ) ;
#1972 = DIRECTION ( 'NONE',  ( 1.000000000000000000, 0.000000000000000000, 0.000000000000000000 ) ) ;
#1973 = CARTESIAN_POINT ( 'NONE',  ( 23.59999999999999076, 31.19170962313452833, 21.04166666666666430 ) ) ;
#1974 = EDGE_CURVE ( 'NONE', #1527, #197, #2127, .T. ) ;
#1975 = B_SPLINE_CURVE_WITH_KNOTS ( 'NONE', 3,
 ( #469, #1165, #661, #1526, #2046, #1700 ),
 .UNSPECIFIED., .F., .F.,
 ( 4, 2, 4 ),
 ( 0.004396627165154063342, 0.004660733648331452997, 0.004924840131508842651 ),
 .UNSPECIFIED. ) ;
#1976 = EDGE_LOOP ( 'NONE', ( #806, #201, #242, #1745, #308, #999 ) ) ;
#1977 = CARTESIAN_POINT ( 'NONE',  ( 23.60000000000000142, 32.00000000000000000, 17.00000000000000000 ) ) ;
#1978 = DIRECTION ( 'NONE',  ( 1.000000000000000000, 0.000000000000000000, -0.000000000000000000 ) ) ;
#1979 = CARTESIAN_POINT ( 'NONE',  ( 25.00000000000000000, 33.46033075441374649, 20.29687500034139092 ) ) ;
#1980 = CARTESIAN_POINT ( 'NONE',  ( 41.49999999999998579, 50.00000000000000000, 2.104480912413648319 ) ) ;
#1981 = CARTESIAN_POINT ( 'NONE',  ( 23.73531646875000689, 31.26983462279312675, 20.90104166700806232 ) ) ;
#1982 = CARTESIAN_POINT ( 'NONE',  ( 26.26468353125000021, 31.26983462279312675, 21.63020833367473372 ) ) ;
#1983 = CARTESIAN_POINT ( 'NONE',  ( 25.00000000000000000, 33.61658075373095755, 21.15625000068279959 ) ) ;
#1984 = DIRECTION ( 'NONE',  ( -0.000000000000000000, -0.000000000000000000, 1.000000000000000000 ) ) ;
#1985 = CARTESIAN_POINT ( 'NONE',  ( 25.00000000000000000, 33.61658075373095755, 20.37499999999999645 ) ) ;
#1986 = CARTESIAN_POINT ( 'NONE',  ( 41.49999999999998579, 50.00000000000000000, 2.104480912413648319 ) ) ;
#1987 = ORIENTED_EDGE ( 'NONE', *, *, #2104, .F. ) ;
#1988 = CARTESIAN_POINT ( 'NONE',  ( 8.500000000000015987, 50.00000000000000000, 0.000000000000000000 ) ) ;
#1989 = CARTESIAN_POINT ( 'NONE',  ( 25.85465203856735528, 30.88737981818397671, 19.64353616010278358 ) ) ;
#1990 = CARTESIAN_POINT ( 'NONE',  ( 23.60000000000066933, 32.00000093699005532, 19.78123118298734440 ) ) ;
#1991 = CARTESIAN_POINT ( 'NONE',  ( 26.02316228924797059, 32.74334605943384702, 19.65975105446763749 ) ) ;
#1992 = CARTESIAN_POINT ( 'NONE',  ( 25.63234176562500011, 30.90475193418969369, 20.58854166700806587 ) ) ;
#1993 = ORIENTED_EDGE ( 'NONE', *, *, #1198, .F. ) ;
#1994 = CARTESIAN_POINT ( 'NONE',  ( 26.40000000000000213, 31.19170962313452478, 20.48958333401612819 ) ) ;
#1995 = EDGE_CURVE ( 'NONE', #509, #1615, #1328, .T. ) ;
#1996 = CARTESIAN_POINT ( 'NONE',  ( 24.28304343770593476, 29.33901826436341054, 23.18485971134717261 ) ) ;
#1997 = FACE_OUTER_BOUND ( 'NONE', #717, .T. ) ;
#1998 = VERTEX_POINT ( 'NONE', #698 ) ;
#1999 = DIRECTION ( 'NONE',  ( 1.000000000000000000, 0.000000000000000000, -0.000000000000000000 ) ) ;
#2000 = DIRECTION ( 'NONE',  ( 1.000000000000000000, 0.000000000000000000, 0.000000000000000000 ) ) ;
#2001 = B_SPLINE_CURVE_WITH_KNOTS ( 'NONE', 3,
 ( #1254, #907, #1404, #1244 ),
 .UNSPECIFIED., .F., .F.,
 ( 4, 4 ),
 ( 0.000000000000000000, 1.000000000000000000 ),
 .UNSPECIFIED. ) ;
#2002 = CARTESIAN_POINT ( 'NONE',  ( 25.63234176562500011, 33.09524806581030987, 20.19270833367473017 ) ) ;
#2003 = EDGE_CURVE ( 'NONE', #409, #642, #179, .T. ) ;
#2004 = AXIS2_PLACEMENT_3D ( 'NONE', #855, #2210, #138 ) ;
#2005 = CARTESIAN_POINT ( 'NONE',  ( 26.26468353125000021, 31.26983462279312675, 20.13020833367473017 ) ) ;
#2006 = ORIENTED_EDGE ( 'NONE', *, *, #1049, .F. ) ;
#2007 = DIRECTION ( 'NONE',  ( 0.000000000000000000, -0.000000000000000000, 1.000000000000000000 ) ) ;
#2008 = CARTESIAN_POINT ( 'NONE',  ( 4.211396927369683851, 0.000000000000000000, 26.00000000000000000 ) ) ;
#2009 = CARTESIAN_POINT ( 'NONE',  ( 24.30000000000000071, 33.21243556529821461, 21.19791666734946389 ) ) ;
#2010 = EDGE_CURVE ( 'NONE', #486, #114, #690, .T. ) ;
#2011 = CARTESIAN_POINT ( 'NONE',  ( 24.36765823437500345, 33.09524806581030987, 21.83854166700806232 ) ) ;
#2012 = CARTESIAN_POINT ( 'NONE',  ( 23.61701925127585611, 34.38363858596075318, 23.10428742225777299 ) ) ;
#2013 = DIRECTION ( 'NONE',  ( 0.000000000000000000, 1.000000000000000000, 0.000000000000000000 ) ) ;
#2014 = CARTESIAN_POINT ( 'NONE',  ( 25.00000000000000000, 32.00000000000000000, 22.00000000000000000 ) ) ;
#2015 = ORIENTED_EDGE ( 'NONE', *, *, #1995, .F. ) ;
#2016 = CARTESIAN_POINT ( 'NONE',  ( 23.73531646875000689, 32.73016537720688035, 20.31770833367473017 ) ) ;
#2017 = CARTESIAN_POINT ( 'NONE',  ( 23.73531646875000689, 31.26983462279312675, 19.90104166700806587 ) ) ;
#2018 = ORIENTED_EDGE ( 'NONE', *, *, #2104, .T. ) ;
#2019 = CARTESIAN_POINT ( 'NONE',  ( 26.40000000000000213, 32.80829037686547167, 20.07291666734946389 ) ) ;
#2020 = ADVANCED_FACE ( 'NONE', ( #2118 ), #1072, .F. ) ;
#2021 = CARTESIAN_POINT ( 'NONE',  ( 23.60000000000000142, 32.00000000000000000, 21.78125000068279604 ) ) ;
#2022 = DIRECTION ( 'NONE',  ( 0.000000000000000000, 0.000000000000000000, 1.000000000000000000 ) ) ;
#2023 = VERTEX_POINT ( 'NONE', #2094 ) ;
#2024 = CARTESIAN_POINT ( 'NONE',  ( 3.500000000000004441, 50.00000000000000000, 5.000000000000000000 ) ) ;
#2025 = CARTESIAN_POINT ( 'NONE',  ( 25.00000000000000000, 30.38341924626904955, 19.90625000068279604 ) ) ;
#2026 = DIRECTION ( 'NONE',  ( 7.885106708985481145E-16, 0.000000000000000000, 1.000000000000000000 ) ) ;
#2027 = CARTESIAN_POINT ( 'NONE',  ( 26.40000000000001279, 32.80829037686546457, 20.79166666666666785 ) ) ;
#2028 = CARTESIAN_POINT ( 'NONE',  ( 25.00000000000000000, 33.46033075441374649, 19.73437500034139802 ) ) ;
#2029 = ORIENTED_EDGE ( 'NONE', *, *, #1740, .T. ) ;
#2030 = VERTEX_POINT ( 'NONE', #876 ) ;
#2031 = PLANE ( 'NONE',  #1315 ) ;
#2032 = DIRECTION ( 'NONE',  ( 0.000000000000000000, 1.000000000000000000, 0.000000000000000000 ) ) ;
#2033 = VECTOR ( 'NONE', #1676, 1000.000000000000000 ) ;
#2034 = FACE_OUTER_BOUND ( 'NONE', #595, .T. ) ;
#2035 = CIRCLE ( 'NONE', #2138, 14.99999999999999645 ) ;
#2036 = CARTESIAN_POINT ( 'NONE',  ( 23.60000000000000497, 32.80829037686547167, 19.95833333333333215 ) ) ;
#2037 = AXIS2_PLACEMENT_3D ( 'NONE', #875, #538, #1394 ) ;
#2038 = CARTESIAN_POINT ( 'NONE',  ( 22.25000000000000355, 32.00000000000000000, 22.00000000000000000 ) ) ;
#2039 = CARTESIAN_POINT ( 'NONE',  ( 25.00000000000000000, 33.46033075441374649, 20.73437500034139802 ) ) ;
#2040 = EDGE_CURVE ( 'NONE', #1787, #2194, #1588, .T. ) ;
#2041 = ORIENTED_EDGE ( 'NONE', *, *, #586, .F. ) ;
#2042 = EDGE_CURVE ( 'NONE', #605, #1522, #1060, .T. ) ;
#2043 = VERTEX_POINT ( 'NONE', #90 ) ;
#2044 = AXIS2_PLACEMENT_3D ( 'NONE', #1035, #1220, #1429 ) ;
#2045 = DIRECTION ( 'NONE',  ( 0.000000000000000000, 1.000000000000000000, 0.000000000000000000 ) ) ;
#2046 = CARTESIAN_POINT ( 'NONE',  ( 24.56433253020447793, 33.33337773257722603, 19.69503391952278193 ) ) ;
#2047 = EDGE_LOOP ( 'NONE', ( #1819, #1559, #477, #1732, #1727, #1892, #2197, #1022, #2224, #388, #1365, #897, #913 ) ) ;
#2048 = EDGE_CURVE ( 'NONE', #694, #1171, #2163, .T. ) ;
#2049 = FACE_OUTER_BOUND ( 'NONE', #667, .T. ) ;
#2050 = CARTESIAN_POINT ( 'NONE',  ( 25.36051109149124372, 29.26773911590756327, 23.20674311945499113 ) ) ;
#2051 = CARTESIAN_POINT ( 'NONE',  ( 24.36765823437500345, 33.09524806581030987, 20.27604166700806587 ) ) ;
#2052 = VERTEX_POINT ( 'NONE', #2187 ) ;
#2053 = EDGE_LOOP ( 'NONE', ( #1483, #504, #281, #738 ) ) ;
#2054 = B_SPLINE_CURVE_WITH_KNOTS ( 'NONE', 3,
 ( #1378, #1933, #1752, #520 ),
 .UNSPECIFIED., .F., .F.,
 ( 4, 4 ),
 ( 0.000000000000000000, 1.000000000000000000 ),
 .UNSPECIFIED. ) ;
#2055 = CARTESIAN_POINT ( 'NONE',  ( 25.69999999999999929, 30.78756443470178894, 20.16666666666666430 ) ) ;
#2056 = CARTESIAN_POINT ( 'NONE',  ( 25.69999999999999929, 33.21243556529821461, 19.83333333333333215 ) ) ;
#2057 = PLANE ( 'NONE',  #2243 ) ;
#2058 = DIRECTION ( 'NONE',  ( -0.000000000000000000, -1.000000000000000000, -0.000000000000000000 ) ) ;
#2059 = CARTESIAN_POINT ( 'NONE',  ( 25.89058667358577637, 29.39202384511374433, 23.16874358159319414 ) ) ;
#2060 = CARTESIAN_POINT ( 'NONE',  ( 25.00000000000000000, 33.46033075441374649, 21.23437500034139802 ) ) ;
#2061 = ORIENTED_EDGE ( 'NONE', *, *, #1233, .F. ) ;
#2062 = FACE_OUTER_BOUND ( 'NONE', #582, .T. ) ;
#2063 = CARTESIAN_POINT ( 'NONE',  ( 25.00000000000000000, 33.46033075441374649, 21.73437500034139802 ) ) ;
#2064 = CARTESIAN_POINT ( 'NONE',  ( 25.00000000000000000, 33.61658075373095755, 21.37500000000000000 ) ) ;
#2065 = CARTESIAN_POINT ( 'NONE',  ( 23.60000000000000497, 32.80829037686547167, 20.23958333401612819 ) ) ;
#2066 = FACE_OUTER_BOUND ( 'NONE', #1780, .T. ) ;
#2067 = ADVANCED_FACE ( 'NONE', ( #1279, #1621 ), #2137, .F. ) ;
#2068 = ORIENTED_EDGE ( 'NONE', *, *, #1033, .T. ) ;
#2069 = CARTESIAN_POINT ( 'NONE',  ( 25.00000000000000000, 33.46033075441374649, 21.29687500034140157 ) ) ;
#2070 = ORIENTED_EDGE ( 'NONE', *, *, #1547, .F. ) ;
#2071 = ADVANCED_FACE ( 'NONE', ( #1114 ), #1345, .F. ) ;
#2072 = CYLINDRICAL_SURFACE ( 'NONE', #180, 8.800000000000006040 ) ;
#2073 = CIRCLE ( 'NONE', #1969, 14.99999999999999645 ) ;
#2074 = CARTESIAN_POINT ( 'NONE',  ( 23.60000000000000497, 32.80829037686547167, 21.95833333333333215 ) ) ;
#2075 = CARTESIAN_POINT ( 'NONE',  ( 25.00000000000000000, 33.61658075373095755, 20.65625000068279249 ) ) ;
#2076 = B_SPLINE_CURVE_WITH_KNOTS ( 'NONE', 3,
 ( #1591, #2078, #848, #1214, #26, #360, #1027, #716, #1552, #2235, #591, #1499, #728, #628, #1996, #614, #1686, #2188 ),
 .UNSPECIFIED., .F., .F.,
 ( 4, 2, 2, 2, 2, 2, 2, 2, 4 ),
 ( 0.008652116142446682548, 0.009192721593185735826, 0.009733327043924790839, 0.01027393249466384412, 0.01081453794540289740, 0.01135514339614195241, 0.01189574884688100569, 0.01243635429762006070, 0.01297695974835911398 ),
 .UNSPECIFIED. ) ;
#2077 = EDGE_CURVE ( 'NONE', #406, #647, #429, .T. ) ;
#2078 = CARTESIAN_POINT ( 'NONE',  ( 22.25000000000000711, 31.81982826945979070, 22.77161119227961805 ) ) ;
#2079 = ORIENTED_EDGE ( 'NONE', *, *, #1230, .T. ) ;
#2080 = DIRECTION ( 'NONE',  ( -1.792547591842700927E-15, 0.000000000000000000, 1.000000000000000000 ) ) ;
#2081 = CARTESIAN_POINT ( 'NONE',  ( 25.00000000000000000, 50.00000000000000000, 23.21233490781575526 ) ) ;
#2082 = ORIENTED_EDGE ( 'NONE', *, *, #1610, .F. ) ;
#2083 = CARTESIAN_POINT ( 'NONE',  ( 0.000000000000000000, 50.00000000000000000, 11.00000000000000000 ) ) ;
#2084 = CARTESIAN_POINT ( 'NONE',  ( 27.73191853575539056, 32.36268677048681752, 22.77762013430515609 ) ) ;
#2085 = CARTESIAN_POINT ( 'NONE',  ( 25.00000000000000000, 33.61658075373095755, 21.87500000000000000 ) ) ;
#2086 = CARTESIAN_POINT ( 'NONE',  ( 25.69999999999999929, 30.78756443470178894, 19.94791666734946389 ) ) ;
#2087 = CYLINDRICAL_SURFACE ( 'NONE', #1538, 8.800000000000006040 ) ;
#2088 = ORIENTED_EDGE ( 'NONE', *, *, #2048, .T. ) ;
#2089 = DIRECTION ( 'NONE',  ( -0.000000000000000000, -0.000000000000000000, 1.000000000000000000 ) ) ;
#2090 = DIRECTION ( 'NONE',  ( -0.000000000000000000, -1.000000000000000000, -0.000000000000000000 ) ) ;
#2091 = ORIENTED_EDGE ( 'NONE', *, *, #1401, .F. ) ;
#2092 = CARTESIAN_POINT ( 'NONE',  ( 50.00000000000000000, 5.000000000000000000, 0.000000000000000000 ) ) ;
#2093 = CARTESIAN_POINT ( 'NONE',  ( 23.73531646875000334, 32.00000000000000000, 21.35937500034139802 ) ) ;
#2094 = CARTESIAN_POINT ( 'NONE',  ( 23.59999999999999787, 32.00000000000000000, 19.52408607546857056 ) ) ;
#2095 = CARTESIAN_POINT ( 'NONE',  ( 25.00000000000000000, 30.38341924626904955, 21.62499999999999645 ) ) ;
#2096 = CARTESIAN_POINT ( 'NONE',  ( 25.69999999999999929, 33.21243556529821461, 20.61458333401612819 ) ) ;
#2097 = DIRECTION ( 'NONE',  ( -0.000000000000000000, -0.000000000000000000, 1.000000000000000000 ) ) ;
#2098 = ORIENTED_EDGE ( 'NONE', *, *, #1265, .T. ) ;
#2099 = DIRECTION ( 'NONE',  ( -0.000000000000000000, -1.000000000000000000, -0.000000000000000000 ) ) ;
#2100 = CARTESIAN_POINT ( 'NONE',  ( 25.00000000000000000, 50.00000000000000000, 14.41233490781574922 ) ) ;
#2101 = AXIS2_PLACEMENT_3D ( 'NONE', #561, #1264, #399 ) ;
#2102 = VERTEX_POINT ( 'NONE', #557 ) ;
#2103 = DIRECTION ( 'NONE',  ( -0.000000000000000000, -1.000000000000000000, -0.000000000000000000 ) ) ;
#2104 = EDGE_CURVE ( 'NONE', #1998, #1209, #41, .T. ) ;
#2105 = CARTESIAN_POINT ( 'NONE',  ( 24.36765823437500345, 30.90475193418969369, 20.44270833367473017 ) ) ;
#2106 = CARTESIAN_POINT ( 'NONE',  ( 24.30000000000000071, 33.21243556529821461, 19.69791666734946389 ) ) ;
#2107 =( BOUNDED_CURVE ( )  B_SPLINE_CURVE ( 2, ( #385, #7, #1068, #1364, #2056, #1778, #213 ),
 .UNSPECIFIED., .F., .T. ) 
 B_SPLINE_CURVE_WITH_KNOTS ( ( 3, 2, 2, 3 ),
 ( 0.8000000000000007105, 0.8333333333333337034, 0.8666666666666668073, 0.8800741322894478635 ),
 .UNSPECIFIED. ) 
 CURVE ( )  GEOMETRIC_REPRESENTATION_ITEM ( )  RATIONAL_B_SPLINE_CURVE ( ( 0.9999999999999973355, 0.8660254037844413721, 1.000000000000000000, 0.8660254037844387076, 1.000000000000000000, 0.9461122062074162065, 0.9355743369805276100 ) ) 
 REPRESENTATION_ITEM ( '' )  );
#2108 = CARTESIAN_POINT ( 'NONE',  ( 24.30000000000000071, 33.21243556529821461, 20.91666666666666785 ) ) ;
#2109 = CARTESIAN_POINT ( 'NONE',  ( 23.60000000000000142, 32.00000000000000000, 21.78125000068279604 ) ) ;
#2110 = VECTOR ( 'NONE', #1763, 1000.000000000000000 ) ;
#2111 = CARTESIAN_POINT ( 'NONE',  ( 27.66121164978223135, 31.28380060901345061, 22.80038189833998175 ) ) ;
#2112 = VERTEX_POINT ( 'NONE', #1095 ) ;
#2113 = CARTESIAN_POINT ( 'NONE',  ( 23.60000000000000142, 32.00000780078550378, 20.78124959855907861 ) ) ;
#2114 = CARTESIAN_POINT ( 'NONE',  ( 25.00000000000000000, 30.53966924558625351, 21.54687500034139802 ) ) ;
#2115 = ORIENTED_EDGE ( 'NONE', *, *, #2040, .T. ) ;
#2116 = CARTESIAN_POINT ( 'NONE',  ( 46.50000000000000000, 50.00000000000000000, 2.104480912413648319 ) ) ;
#2117 = CARTESIAN_POINT ( 'NONE',  ( 26.26468353125000021, 31.26983462279312675, 21.56770833367473017 ) ) ;
#2118 = FACE_OUTER_BOUND ( 'NONE', #2162, .T. ) ;
#2119 = CARTESIAN_POINT ( 'NONE',  ( 25.69999999999999929, 30.78756443470178894, 20.44791666734946389 ) ) ;
#2120 = VERTEX_POINT ( 'NONE', #2122 ) ;
#2121 = CARTESIAN_POINT ( 'NONE',  ( 24.63589376280681620, 34.73174633418911128, 23.20658296040870994 ) ) ;
#2122 = CARTESIAN_POINT ( 'NONE',  ( 0.000000000000000000, 0.000000000000000000, 11.00000000000000000 ) ) ;
#2123 = CARTESIAN_POINT ( 'NONE',  ( 25.00000000000000000, 30.53966924558625351, 20.54687500034139447 ) ) ;
#2124 = ORIENTED_EDGE ( 'NONE', *, *, #1576, .T. ) ;
#2125 = CARTESIAN_POINT ( 'NONE',  ( 26.39999999998093827, 32.00000730538608451, 21.53125037727315316 ) ) ;
#2126 = CARTESIAN_POINT ( 'NONE',  ( 26.26468353125000021, 32.73016537720688035, 21.15104166700806587 ) ) ;
#2127 = LINE ( 'NONE', #724, #1790 ) ;
#2128 = CARTESIAN_POINT ( 'NONE',  ( 26.40000000000000213, 31.19170962313452478, 20.20833333333333215 ) ) ;
#2129 = DIRECTION ( 'NONE',  ( 1.000000000000000000, 0.000000000000000000, 0.000000000000000000 ) ) ;
#2130 = VERTEX_POINT ( 'NONE', #395 ) ;
#2131 = CARTESIAN_POINT ( 'NONE',  ( 22.81436941999964674, 33.67853049383187880, 22.93721746422693997 ) ) ;
#2132 = AXIS2_PLACEMENT_3D ( 'NONE', #1453, #579, #1972 ) ;
#2133 = ADVANCED_FACE ( 'NONE', ( #1967 ), #1626, .F. ) ;
#2134 = FACE_OUTER_BOUND ( 'NONE', #212, .T. ) ;
#2135 = EDGE_CURVE ( 'NONE', #501, #1904, #285, .T. ) ;
#2136 = CARTESIAN_POINT ( 'NONE',  ( 23.73531646875000689, 32.73016537720688035, 20.38020833367473372 ) ) ;
#2137 = PLANE ( 'NONE',  #1596 ) ;
#2138 = AXIS2_PLACEMENT_3D ( 'NONE', #706, #2099, #2080 ) ;
#2139 = EDGE_CURVE ( 'NONE', #531, #1259, #1821, .T. ) ;
#2140 = VECTOR ( 'NONE', #482, 1000.000000000000000 ) ;
#2141 = CARTESIAN_POINT ( 'NONE',  ( 25.69999999999999929, 33.21243556529821461, 20.33333333333333215 ) ) ;
#2142 = PLANE ( 'NONE',  #433 ) ;
#2143 = ORIENTED_EDGE ( 'NONE', *, *, #1878, .F. ) ;
#2144 = DIRECTION ( 'NONE',  ( -0.000000000000000000, -0.000000000000000000, 1.000000000000000000 ) ) ;
#2145 = VECTOR ( 'NONE', #529, 1000.000000000000000 ) ;
#2146 = PLANE ( 'NONE',  #1155 ) ;
#2147 = CARTESIAN_POINT ( 'NONE',  ( 25.63234176562500011, 30.90475193418969369, 20.08854166700806587 ) ) ;
#2148 = CIRCLE ( 'NONE', #2184, 8.800000000000006040 ) ;
#2149 = DIRECTION ( 'NONE',  ( 0.000000000000000000, 1.000000000000000000, 0.000000000000000000 ) ) ;
#2150 = CARTESIAN_POINT ( 'NONE',  ( 24.36765823437500345, 30.90475193418969369, 19.94270833367473017 ) ) ;
#2151 = CARTESIAN_POINT ( 'NONE',  ( 26.26468353125000021, 32.73016537720688035, 20.21354166700806587 ) ) ;
#2152 = CARTESIAN_POINT ( 'NONE',  ( 23.60000000000000142, 32.00000000000000000, 19.78125000068279604 ) ) ;
#2153 = CARTESIAN_POINT ( 'NONE',  ( 23.60000000000000142, 32.00000000000000000, 21.78125000068279604 ) ) ;
#2154 = DIRECTION ( 'NONE',  ( -0.000000000000000000, -1.000000000000000000, -0.000000000000000000 ) ) ;
#2155 = ORIENTED_EDGE ( 'NONE', *, *, #1434, .F. ) ;
#2156 = CARTESIAN_POINT ( 'NONE',  ( 22.26799313055891005, 32.36258742267489907, 22.77759263586072080 ) ) ;
#2157 = PLANE ( 'NONE',  #1229 ) ;
#2158 = CARTESIAN_POINT ( 'NONE',  ( 25.18430754974227881, 30.60916836978932665, 19.70989217230379964 ) ) ;
#2159 = CARTESIAN_POINT ( 'NONE',  ( 24.30000000000000071, 30.78756443470178894, 20.58333333333333215 ) ) ;
#2160 = CARTESIAN_POINT ( 'NONE',  ( 26.26468353125000021, 31.26983462279312675, 20.56770833367473372 ) ) ;
#2161 = CARTESIAN_POINT ( 'NONE',  ( 26.02316494281144088, 32.74334240698122045, 19.65975075861638288 ) ) ;
#2162 = EDGE_LOOP ( 'NONE', ( #3, #284, #1445, #495 ) ) ;
#2163 = LINE ( 'NONE', #1291, #1305 ) ;
#2164 = CARTESIAN_POINT ( 'NONE',  ( 26.39999999999999858, 31.19170962313452478, 21.48958333401613530 ) ) ;
#2165 = CARTESIAN_POINT ( 'NONE',  ( 23.60000000000000497, 31.19170962313452478, 20.54166666666666785 ) ) ;
#2166 = ADVANCED_FACE ( 'NONE', ( #773 ), #2157, .F. ) ;
#2167 = ORIENTED_EDGE ( 'NONE', *, *, #821, .T. ) ;
#2168 = CARTESIAN_POINT ( 'NONE',  ( 25.00000000000000000, 40.00000000000000000, 14.41233490781574922 ) ) ;
#2169 = ADVANCED_FACE ( 'NONE', ( #1492 ), #2170, .F. ) ;
#2170 = CYLINDRICAL_SURFACE ( 'NONE', #1671, 14.99999999999999645 ) ;
#2171 = CARTESIAN_POINT ( 'NONE',  ( 26.39999999999999858, 31.81639727835326070, 19.52408607546857056 ) ) ;
#2172 = CARTESIAN_POINT ( 'NONE',  ( 25.63234176562500011, 33.09524806581030987, 21.25520833367473017 ) ) ;
#2173 = CARTESIAN_POINT ( 'NONE',  ( 24.30000000000000071, 33.21243556529821461, 21.69791666734946034 ) ) ;
#2174 = ADVANCED_FACE ( 'NONE', ( #1798 ), #94, .F. ) ;
#2175 = VECTOR ( 'NONE', #718, 1000.000000000000000 ) ;
#2176 = CARTESIAN_POINT ( 'NONE',  ( 23.60000000004356480, 32.00000743721013663, 20.78109788983227091 ) ) ;
#2177 = CARTESIAN_POINT ( 'NONE',  ( 26.39999999999999858, 32.80829037686547167, 21.07291666734946389 ) ) ;
#2178 = VECTOR ( 'NONE', #1020, 1000.000000000000000 ) ;
#2179 = DIRECTION ( 'NONE',  ( 0.000000000000000000, -0.000000000000000000, -1.000000000000000000 ) ) ;
#2180 = LINE ( 'NONE', #1275, #1348 ) ;
#2181 = CARTESIAN_POINT ( 'NONE',  ( 23.60000000000000142, 32.00000000000000000, 21.78125000068279604 ) ) ;
#2182 =( BOUNDED_CURVE ( )  B_SPLINE_CURVE ( 2, ( #1392, #351, #1030, #1423, #1574, #1776, #1744, #175, #5, #2114, #675, #547, #1252, #165, #1382, #2069, #503, #1905, #340, #695, #1957, #52, #731, #573, #1437, #397, #1286, #1968, #42, #246, #1618, #751, #60, #2123, #1812, #1079, #1276, #440, #896, #1979, #408, #927, #1096, #1789, #2147, #1642, #224, #1109, #906, #774, #740, #1833, #1653, #917, #1460 ),
 .UNSPECIFIED., .F., .T. ) 
 B_SPLINE_CURVE_WITH_KNOTS ( ( 3, 2, 2, 2, 2, 2, 2, 2, 2, 2, 2, 2, 2, 2, 2, 2, 2, 2, 2, 2, 2, 2, 2, 2, 2, 2, 2, 3 ),
 ( 0.000000000000000000, 0.03333333333333333287, 0.06666666666666666574, 0.1000000000000000056, 0.1333333333333333315, 0.1666666666666666574, 0.2000000000000000111, 0.2333333333333333370, 0.2666666666666666630, 0.2999999999999999889, 0.3333333333333333148, 0.3666666666666666408, 0.4000000000000000222, 0.4333333333333333481, 0.4666666666666666741, 0.5000000000000000000, 0.5333333333333333259, 0.5666666666666666519, 0.5999999999999999778, 0.6333333333333333037, 0.6666666666666666297, 0.6999999999999999556, 0.7333333333333332815, 0.7666666666666667185, 0.8000000000000000444, 0.8333333333333333703, 0.8666666666666666963, 0.8800741322904760411 ),
 .UNSPECIFIED. ) 
 CURVE ( )  GEOMETRIC_REPRESENTATION_ITEM ( )  RATIONAL_B_SPLINE_CURVE ( ( 1.000000000000000000, 0.8660254037844387076, 1.000000000000000000, 0.8660254037844387076, 1.000000000000000000, 0.8660254037844387076, 1.000000000000000000, 0.8660254037844387076, 1.000000000000000000, 0.8660254037844387076, 1.000000000000000000, 0.8660254037844387076, 1.000000000000000000, 0.8660254037844387076, 1.000000000000000000, 0.8660254037844387076, 1.000000000000000000, 0.8660254037844387076, 1.000000000000000000, 0.8660254037844387076, 1.000000000000000000, 0.8660254037844387076, 1.000000000000000000, 0.8660254037844387076, 1.000000000000000000, 0.8660254037844387076, 1.000000000000000000, 0.8660254037844387076, 1.000000000000000000, 0.8660254037844387076, 1.000000000000000000, 0.8660254037844387076, 1.000000000000000000, 0.8660254037844387076, 1.000000000000000000, 0.8660254037844387076, 1.000000000000000000, 0.8660254037844387076, 1.000000000000000000, 0.8660254037844387076, 1.000000000000000000, 0.8660254037844387076, 1.000000000000000000, 0.8660254037844387076, 1.000000000000000000, 0.8660254037844387076, 1.000000000000000000, 0.8660254037844387076, 1.000000000000000000, 0.8660254037844387076, 1.000000000000000000, 0.8660254037844387076, 1.000000000000000000, 0.9461122062032837343, 0.9355743369789115693 ) ) 
 REPRESENTATION_ITEM ( '' )  );
#2183 = CARTESIAN_POINT ( 'NONE',  ( 25.00000000000000000, 33.61658075373095045, 21.37499999999999645 ) ) ;
#2184 = AXIS2_PLACEMENT_3D ( 'NONE', #1530, #653, #295 ) ;
#2185 = CARTESIAN_POINT ( 'NONE',  ( 23.73531646875000334, 32.00000000000000000, 21.35937500034139802 ) ) ;
#2186 = ORIENTED_EDGE ( 'NONE', *, *, #18, .F. ) ;
#2187 = CARTESIAN_POINT ( 'NONE',  ( 26.39999999999999858, 32.00000000000000000, 20.74999999999999645 ) ) ;
#2188 = CARTESIAN_POINT ( 'NONE',  ( 24.99999999999998934, 29.24999999999984013, 23.21233490781580144 ) ) ;
#2189 = PLANE ( 'NONE',  #1783 ) ;
#2190 = VERTEX_POINT ( 'NONE', #269 ) ;
#2191 = CARTESIAN_POINT ( 'NONE',  ( 23.60000000000000497, 32.80829037686547167, 21.95833333333333215 ) ) ;
#2192 = CARTESIAN_POINT ( 'NONE',  ( 25.00000000000000000, 32.00000000000000000, 17.00000000000000000 ) ) ;
#2193 = CARTESIAN_POINT ( 'NONE',  ( 26.02316228924797059, 32.74334605943384702, 19.65975105446763749 ) ) ;
#2194 = VERTEX_POINT ( 'NONE', #1844 ) ;
#2195 = CARTESIAN_POINT ( 'NONE',  ( 25.00000000000000000, 33.46033075441374649, 21.23437500034139802 ) ) ;
#2196 = CARTESIAN_POINT ( 'NONE',  ( 24.36765823437500345, 30.90475193418969369, 19.94270833367473017 ) ) ;
#2197 = ORIENTED_EDGE ( 'NONE', *, *, #234, .F. ) ;
#2198 = VERTEX_POINT ( 'NONE', #439 ) ;
#2199 = DIRECTION ( 'NONE',  ( -0.000000000000000000, -1.000000000000000000, -0.000000000000000000 ) ) ;
#2200 = DIRECTION ( 'NONE',  ( 1.000000000000000000, -0.000000000000000000, 0.000000000000000000 ) ) ;
#2201 = ADVANCED_FACE ( 'NONE', ( #1107 ), #1135, .F. ) ;
#2202 = EDGE_LOOP ( 'NONE', ( #969, #1592, #1343, #1457, #186, #125 ) ) ;
#2203 = CARTESIAN_POINT ( 'NONE',  ( 26.40000000000000213, 31.19170962313452478, 20.20833333333333215 ) ) ;
#2204 = EDGE_CURVE ( 'NONE', #1287, #1629, #701, .T. ) ;
#2205 = CARTESIAN_POINT ( 'NONE',  ( 50.00000000000000000, 5.000000000000000000, 4.799999999999999822 ) ) ;
#2206 = CARTESIAN_POINT ( 'NONE',  ( 25.73573842094351960, 33.19622711962097839, 19.66195974138654989 ) ) ;
#2207 = CARTESIAN_POINT ( 'NONE',  ( 25.00000000000000000, 33.46033075441374649, 21.73437500034139802 ) ) ;
#2208 = EDGE_LOOP ( 'NONE', ( #1517, #2237, #1084, #1185, #1018 ) ) ;
#2209 = ORIENTED_EDGE ( 'NONE', *, *, #1014, .F. ) ;
#2210 = DIRECTION ( 'NONE',  ( -0.000000000000000000, -0.000000000000000000, 1.000000000000000000 ) ) ;
#2211 = DIRECTION ( 'NONE',  ( -0.000000000000000000, -0.000000000000000000, 1.000000000000000000 ) ) ;
#2212 =( GEOMETRIC_REPRESENTATION_CONTEXT ( 3 ) GLOBAL_UNCERTAINTY_ASSIGNED_CONTEXT ( ( #611 ) ) GLOBAL_UNIT_ASSIGNED_CONTEXT ( ( #1367, #2226, #1723 ) ) REPRESENTATION_CONTEXT ( 'NONE', 'WORKASPACE' ) );
#2213 = CARTESIAN_POINT ( 'NONE',  ( 25.00000000000000000, 33.46033075441374649, 21.29687500034139802 ) ) ;
#2214 = VECTOR ( 'NONE', #40, 1000.000000000000000 ) ;
#2215 = CARTESIAN_POINT ( 'NONE',  ( 23.60000000000000497, 31.19170962313452478, 21.04166666666666785 ) ) ;
#2216 = DIRECTION ( 'NONE',  ( 0.000000000000000000, 0.000000000000000000, -1.000000000000000000 ) ) ;
#2217 = CARTESIAN_POINT ( 'NONE',  ( 25.63234176562500011, 33.09524806581030987, 20.69270833367473017 ) ) ;
#2218 = ORIENTED_EDGE ( 'NONE', *, *, #1435, .T. ) ;
#2219 = ORIENTED_EDGE ( 'NONE', *, *, #1087, .F. ) ;
#2220 = VECTOR ( 'NONE', #711, 1000.000000000000000 ) ;
#2221 = DIRECTION ( 'NONE',  ( 0.5877709441565479587, -0.8090273896449755586, -3.091477742125409906E-06 ) ) ;
#2222 = AXIS2_PLACEMENT_3D ( 'NONE', #1269, #867, #9 ) ;
#2223 = CARTESIAN_POINT ( 'NONE',  ( 23.60000000000000142, 32.00000000000000000, 22.00000000000000000 ) ) ;
#2224 = ORIENTED_EDGE ( 'NONE', *, *, #1442, .F. ) ;
#2225 = CARTESIAN_POINT ( 'NONE',  ( 25.00000000000000000, 33.61658075373095755, 20.87499999999999645 ) ) ;
#2226 =( NAMED_UNIT ( * ) PLANE_ANGLE_UNIT ( ) SI_UNIT ( $, .RADIAN. ) );
#2227 = DIRECTION ( 'NONE',  ( 0.000000000000000000, 0.000000000000000000, 1.000000000000000000 ) ) ;
#2228 = FACE_OUTER_BOUND ( 'NONE', #274, .T. ) ;
#2229 = LINE ( 'NONE', #1360, #893 ) ;
#2230 = ORIENTED_EDGE ( 'NONE', *, *, #2139, .F. ) ;
#2231 = ORIENTED_EDGE ( 'NONE', *, *, #630, .F. ) ;
#2232 = CARTESIAN_POINT ( 'NONE',  ( 3.500000000000003109, 5.000000000000000000, 4.799999999999993605 ) ) ;
#2233 = CARTESIAN_POINT ( 'NONE',  ( 24.36765823437500345, 33.09524806581030987, 20.33854166700806587 ) ) ;
#2234 = CARTESIAN_POINT ( 'NONE',  ( 25.69999999999999929, 33.21243556529821461, 21.33333333333333215 ) ) ;
#2235 = CARTESIAN_POINT ( 'NONE',  ( 23.18192136634998946, 29.92893621981261276, 23.02346244835321443 ) ) ;
#2236 = ADVANCED_FACE ( 'NONE', ( #915 ), #964, .F. ) ;
#2237 = ORIENTED_EDGE ( 'NONE', *, *, #1524, .T. ) ;
#2238 = CARTESIAN_POINT ( 'NONE',  ( 25.82668806256227612, 33.13512704704451295, 19.64814305358511959 ) ) ;
#2239 = CARTESIAN_POINT ( 'NONE',  ( 25.00000000000000000, 50.00000000000000000, 20.06233490781574957 ) ) ;
#2240 = ORIENTED_EDGE ( 'NONE', *, *, #2040, .F. ) ;
#2241 = LINE ( 'NONE', #1164, #1932 ) ;
#2242 = ADVANCED_FACE ( 'NONE', ( #786 ), #2146, .F. ) ;
#2243 = AXIS2_PLACEMENT_3D ( 'NONE', #1488, #1672, #2179 ) ;
#2244 = AXIS2_PLACEMENT_3D ( 'NONE', #1469, #749, #584 ) ;
#2245 = CARTESIAN_POINT ( 'NONE',  ( 23.73531646875000689, 31.26983462279312675, 19.96354166700806232 ) ) ;
#2246 = CARTESIAN_POINT ( 'NONE',  ( 25.69999999999999929, 30.78756443470178894, 20.94791666734946389 ) ) ;
#2247 = CARTESIAN_POINT ( 'NONE',  ( 32.68654231256920184, -21.42197759079808606, 18.69684973181665200 ) ) ;
#2248 = VERTEX_POINT ( 'NONE', #801 ) ;
#2249 = VECTOR ( 'NONE', #413, 1000.000000000000000 ) ;
#2250 = CARTESIAN_POINT ( 'NONE',  ( 25.00000000000000000, 0.000000000000000000, 23.21233490781575526 ) ) ;
#2251 = CARTESIAN_POINT ( 'NONE',  ( 23.60000000000000142, 32.80829037686547167, 21.73958333401613174 ) ) ;
#2252 = VERTEX_POINT ( 'NONE', #1506 ) ;
#2253 = EDGE_CURVE ( 'NONE', #1421, #509, #1964, .T. ) ;
#2254 = CARTESIAN_POINT ( 'NONE',  ( 25.00000000000000000, 30.53966924558625706, 19.98437500034140157 ) ) ;
#2255 = DIRECTION ( 'NONE',  ( -0.000000000000000000, -0.000000000000000000, 1.000000000000000000 ) ) ;
#2256 = AXIS2_PLACEMENT_3D ( 'NONE', #543, #2097, #703 ) ;
#2257 = CARTESIAN_POINT ( 'NONE',  ( 26.26468353125000021, 31.26983462279312675, 20.13020833367473017 ) ) ;
ENDSEC;
END-ISO-10303-21;
