ISO-10303-21;
HEADER;
FILE_DESCRIPTION (( 'STEP AP214' ),
    '1' );
FILE_NAME ('motherboard_case_bottom v2.STEP',
    '2025-05-19T07:33:48',
    ( '' ),
    ( '' ),
    'SwSTEP 2.0',
    'SolidWorks 2025',
    '' );
FILE_SCHEMA (( 'AUTOMOTIVE_DESIGN' ));
ENDSEC;

DATA;
#1 = EDGE_CURVE ( 'NONE', #2760, #3159, #960, .T. ) ;
#2 = CARTESIAN_POINT ( 'NONE',  ( 92.25000000000000000, 8.500000000000000000, -36.57374344848197012 ) ) ;
#3 = DIRECTION ( 'NONE',  ( 1.000000000000000000, -0.000000000000000000, -0.000000000000000000 ) ) ;
#4 = EDGE_CURVE ( 'NONE', #2439, #2957, #4628, .T. ) ;
#5 = DIRECTION ( 'NONE',  ( 1.000000000000000000, 0.000000000000000000, 0.000000000000000000 ) ) ;
#6 = AXIS2_PLACEMENT_3D ( 'NONE', #4866, #2559, #4405 ) ;
#7 = DIRECTION ( 'NONE',  ( 0.000000000000000000, -0.000000000000000000, 1.000000000000000000 ) ) ;
#8 = EDGE_CURVE ( 'NONE', #399, #5760, #2892, .T. ) ;
#9 = DIRECTION ( 'NONE',  ( 1.000000000000000000, 0.000000000000000000, 0.000000000000000000 ) ) ;
#10 = ORIENTED_EDGE ( 'NONE', *, *, #289, .T. ) ;
#11 = AXIS2_PLACEMENT_3D ( 'NONE', #967, #5533, #5650 ) ;
#12 = LINE ( 'NONE', #4688, #680 ) ;
#13 = VERTEX_POINT ( 'NONE', #1380 ) ;
#14 = AXIS2_PLACEMENT_3D ( 'NONE', #5028, #2258, #3040 ) ;
#15 = ORIENTED_EDGE ( 'NONE', *, *, #1900, .T. ) ;
#16 = EDGE_LOOP ( 'NONE', ( #5041, #3412 ) ) ;
#17 = EDGE_CURVE ( 'NONE', #1199, #1888, #2410, .T. ) ;
#18 = EDGE_CURVE ( 'NONE', #4790, #4461, #4227, .T. ) ;
#19 = CARTESIAN_POINT ( 'NONE',  ( -12.50000000000000711, 30.00000000000000000, -201.9999999999999716 ) ) ;
#20 = DIRECTION ( 'NONE',  ( 0.000000000000000000, 0.000000000000000000, 1.000000000000000000 ) ) ;
#21 = VERTEX_POINT ( 'NONE', #3292 ) ;
#22 = ORIENTED_EDGE ( 'NONE', *, *, #1872, .F. ) ;
#23 = CARTESIAN_POINT ( 'NONE',  ( 97.50000000000000000, 6.999999999999996447, -89.04374344848194767 ) ) ;
#24 = FACE_OUTER_BOUND ( 'NONE', #5703, .T. ) ;
#25 = ORIENTED_EDGE ( 'NONE', *, *, #5116, .T. ) ;
#26 = ORIENTED_EDGE ( 'NONE', *, *, #4601, .F. ) ;
#27 = DIRECTION ( 'NONE',  ( 0.000000000000000000, 0.000000000000000000, 1.000000000000000000 ) ) ;
#28 = CYLINDRICAL_SURFACE ( 'NONE', #895, 1.000000000000000888 ) ;
#29 = FACE_OUTER_BOUND ( 'NONE', #4328, .T. ) ;
#30 = LINE ( 'NONE', #3772, #3441 ) ;
#31 = CARTESIAN_POINT ( 'NONE',  ( -3.778791841201668346E-15, 26.08578643762690064, -130.4142135623731065 ) ) ;
#32 = DIRECTION ( 'NONE',  ( -1.000000000000000000, 0.000000000000000000, 0.000000000000000000 ) ) ;
#33 = EDGE_CURVE ( 'NONE', #2951, #5979, #5153, .T. ) ;
#34 = DIRECTION ( 'NONE',  ( 0.000000000000000000, -1.000000000000000000, 0.000000000000000000 ) ) ;
#35 = AXIS2_PLACEMENT_3D ( 'NONE', #5488, #2619, #252 ) ;
#36 = TOROIDAL_SURFACE ( 'NONE', #723, 3.749999999999999112, 1.000000000000000000 ) ;
#37 = FACE_OUTER_BOUND ( 'NONE', #384, .T. ) ;
#38 = ORIENTED_EDGE ( 'NONE', *, *, #5952, .T. ) ;
#39 = AXIS2_PLACEMENT_3D ( 'NONE', #4198, #5, #1377 ) ;
#40 = VECTOR ( 'NONE', #1107, 1000.000000000000000 ) ;
#41 = DIRECTION ( 'NONE',  ( 1.000000000000000000, -4.358601698434187676E-16, 0.000000000000000000 ) ) ;
#42 = ORIENTED_EDGE ( 'NONE', *, *, #3122, .T. ) ;
#43 = EDGE_CURVE ( 'NONE', #5276, #2697, #627, .T. ) ;
#44 = ORIENTED_EDGE ( 'NONE', *, *, #3494, .F. ) ;
#45 =( BOUNDED_CURVE ( )  B_SPLINE_CURVE ( 3, ( #23, #972, #1790, #2848 ),
 .UNSPECIFIED., .F., .F. ) 
 B_SPLINE_CURVE_WITH_KNOTS ( ( 4, 4 ),
 ( 4.712388980384689674, 6.283185307179586232 ),
 .UNSPECIFIED. ) 
 CURVE ( )  GEOMETRIC_REPRESENTATION_ITEM ( )  RATIONAL_B_SPLINE_CURVE ( ( 1.000000000000000000, 0.8047378541243649375, 0.8047378541243649375, 1.000000000000000000 ) ) 
 REPRESENTATION_ITEM ( '' )  );
#46 = AXIS2_PLACEMENT_3D ( 'NONE', #3803, #1022, #2329 ) ;
#47 = AXIS2_PLACEMENT_3D ( 'NONE', #558, #2432, #1547 ) ;
#48 = ORIENTED_EDGE ( 'NONE', *, *, #5803, .F. ) ;
#49 = VECTOR ( 'NONE', #4306, 1000.000000000000000 ) ;
#50 = AXIS2_PLACEMENT_3D ( 'NONE', #3546, #3053, #4912 ) ;
#51 = FACE_OUTER_BOUND ( 'NONE', #2485, .T. ) ;
#52 = DIRECTION ( 'NONE',  ( 0.000000000000000000, 0.000000000000000000, 1.000000000000000000 ) ) ;
#53 = ORIENTED_EDGE ( 'NONE', *, *, #4506, .T. ) ;
#54 = VECTOR ( 'NONE', #1517, 1000.000000000000000 ) ;
#55 = ORIENTED_EDGE ( 'NONE', *, *, #4697, .T. ) ;
#56 = CARTESIAN_POINT ( 'NONE',  ( 15.95000000000000639, 3.499999999999999556, -33.82374345000000204 ) ) ;
#57 = CARTESIAN_POINT ( 'NONE',  ( -1.000000000000002442, 0.000000000000000000, -90.99999999999998579 ) ) ;
#58 = DIRECTION ( 'NONE',  ( 0.000000000000000000, 0.000000000000000000, 1.000000000000000000 ) ) ;
#59 = ORIENTED_EDGE ( 'NONE', *, *, #3624, .T. ) ;
#60 = PLANE ( 'NONE',  #3355 ) ;
#61 = VERTEX_POINT ( 'NONE', #1961 ) ;
#62 = CARTESIAN_POINT ( 'NONE',  ( -1.000000000000005329, 41.00000000000000000, -201.9999999999999716 ) ) ;
#63 = DIRECTION ( 'NONE',  ( -0.000000000000000000, -1.000000000000000000, -0.000000000000000000 ) ) ;
#64 = CARTESIAN_POINT ( 'NONE',  ( 60.00000000000000000, 1.000000000000000888, -210.0000000000000000 ) ) ;
#65 = EDGE_CURVE ( 'NONE', #1199, #5494, #936, .T. ) ;
#66 = DIRECTION ( 'NONE',  ( 0.000000000000000000, 0.000000000000000000, -1.000000000000000000 ) ) ;
#67 = DIRECTION ( 'NONE',  ( 0.000000000000000000, 0.000000000000000000, 1.000000000000000000 ) ) ;
#68 = DIRECTION ( 'NONE',  ( 0.000000000000000000, 1.000000000000000000, 0.000000000000000000 ) ) ;
#69 = DIRECTION ( 'NONE',  ( -0.000000000000000000, -1.000000000000000000, -0.000000000000000000 ) ) ;
#70 = ORIENTED_EDGE ( 'NONE', *, *, #1252, .T. ) ;
#71 = DIRECTION ( 'NONE',  ( 1.000000000000000000, 0.000000000000000000, -0.000000000000000000 ) ) ;
#72 = EDGE_CURVE ( 'NONE', #1697, #1862, #2832, .T. ) ;
#73 = ORIENTED_EDGE ( 'NONE', *, *, #3956, .T. ) ;
#74 = ORIENTED_EDGE ( 'NONE', *, *, #4602, .T. ) ;
#75 = ADVANCED_FACE ( 'NONE', ( #37 ), #438, .F. ) ;
#76 = EDGE_CURVE ( 'NONE', #623, #652, #409, .T. ) ;
#77 = CARTESIAN_POINT ( 'NONE',  ( -3.130000000000003002, 6.500000000000000888, -130.0000000000000000 ) ) ;
#78 = ORIENTED_EDGE ( 'NONE', *, *, #1736, .T. ) ;
#79 = EDGE_CURVE ( 'NONE', #4641, #4461, #1898, .T. ) ;
#80 = ORIENTED_EDGE ( 'NONE', *, *, #812, .F. ) ;
#81 = AXIS2_PLACEMENT_3D ( 'NONE', #2131, #4002, #1639 ) ;
#82 = LINE ( 'NONE', #2933, #386 ) ;
#83 = CARTESIAN_POINT ( 'NONE',  ( 89.50000000000001421, 3.500000000000000000, -3.499999999999999556 ) ) ;
#84 = CARTESIAN_POINT ( 'NONE',  ( 90.50000000000001421, 46.50000000000000000, -9.500000000000001776 ) ) ;
#85 = VECTOR ( 'NONE', #1101, 1000.000000000000000 ) ;
#86 = ORIENTED_EDGE ( 'NONE', *, *, #4148, .F. ) ;
#87 = DIRECTION ( 'NONE',  ( 0.000000000000000000, 0.000000000000000000, -1.000000000000000000 ) ) ;
#88 = ORIENTED_EDGE ( 'NONE', *, *, #1563, .T. ) ;
#89 = EDGE_CURVE ( 'NONE', #1235, #4030, #1130, .T. ) ;
#90 = CARTESIAN_POINT ( 'NONE',  ( 99.99999999999998579, 0.4142135623730958116, -7.222594520736746447E-16 ) ) ;
#91 = CARTESIAN_POINT ( 'NONE',  ( -39.25000000000004263, 40.00000000000000000, -209.5000000000000284 ) ) ;
#92 = TOROIDAL_SURFACE ( 'NONE', #1184, 2.000000000000000000, 1.000000000000000000 ) ;
#93 = DIRECTION ( 'NONE',  ( -1.000000000000000000, -0.000000000000000000, -0.000000000000000000 ) ) ;
#94 = CARTESIAN_POINT ( 'NONE',  ( -3.130000000000003890, 4.509999999999999787, -130.0000000000000000 ) ) ;
#95 = CARTESIAN_POINT ( 'NONE',  ( -39.24999999999999289, 1.000000000000000888, -200.4999999999999716 ) ) ;
#96 = LINE ( 'NONE', #5700, #586 ) ;
#97 = LINE ( 'NONE', #4801, #4421 ) ;
#98 = FACE_OUTER_BOUND ( 'NONE', #1166, .T. ) ;
#99 = CARTESIAN_POINT ( 'NONE',  ( 15.95000000000000639, 3.499999999999999556, -31.07374344999999849 ) ) ;
#100 = VECTOR ( 'NONE', #4199, 1000.000000000000000 ) ;
#101 = PLANE ( 'NONE',  #284 ) ;
#102 = EDGE_LOOP ( 'NONE', ( #4299, #1712, #953, #3982 ) ) ;
#103 = ORIENTED_EDGE ( 'NONE', *, *, #5329, .T. ) ;
#104 = VECTOR ( 'NONE', #1119, 1000.000000000000000 ) ;
#105 = EDGE_CURVE ( 'NONE', #3574, #909, #1466, .T. ) ;
#106 = CIRCLE ( 'NONE', #3538, 2.750000000000009326 ) ;
#107 = ORIENTED_EDGE ( 'NONE', *, *, #3232, .T. ) ;
#108 = ORIENTED_EDGE ( 'NONE', *, *, #1296, .T. ) ;
#109 = EDGE_CURVE ( 'NONE', #4959, #215, #4416, .T. ) ;
#110 = CARTESIAN_POINT ( 'NONE',  ( 0.9999999999999947820, 41.26393202250023506, -201.9999999999999716 ) ) ;
#111 = CARTESIAN_POINT ( 'NONE',  ( -2.346165446787560440E-15, 47.50000000000000000, -90.99999999999998579 ) ) ;
#113 = FACE_OUTER_BOUND ( 'NONE', #2593, .T. ) ;
#112 = AXIS2_PLACEMENT_3D ( 'NONE', #2766, #4588, #2735 ) ;
#114 = ORIENTED_EDGE ( 'NONE', *, *, #443, .T. ) ;
#115 = DIRECTION ( 'NONE',  ( -0.5557275541795662077, 0.8313644721333702803, 0.000000000000000000 ) ) ;
#116 = ORIENTED_EDGE ( 'NONE', *, *, #1094, .F. ) ;
#117 = DIRECTION ( 'NONE',  ( 0.000000000000000000, -0.000000000000000000, 1.000000000000000000 ) ) ;
#118 = CARTESIAN_POINT ( 'NONE',  ( -3.202229855454900583E-15, 26.49999999999999645, -130.0000000000000000 ) ) ;
#119 = CARTESIAN_POINT ( 'NONE',  ( 90.50000000000001421, 47.50000000000000000, 0.000000000000000000 ) ) ;
#120 = LINE ( 'NONE', #1047, #49 ) ;
#121 = CARTESIAN_POINT ( 'NONE',  ( -1.000000000000005329, 33.06000000000000227, -199.5000000000000000 ) ) ;
#122 = LINE ( 'NONE', #612, #3811 ) ;
#123 = DIRECTION ( 'NONE',  ( 0.000000000000000000, 0.000000000000000000, 1.000000000000000000 ) ) ;
#124 = DIRECTION ( 'NONE',  ( -0.000000000000000000, -1.000000000000000000, -0.000000000000000000 ) ) ;
#125 = EDGE_CURVE ( 'NONE', #3593, #6046, #4683, .T. ) ;
#126 = FACE_OUTER_BOUND ( 'NONE', #4642, .T. ) ;
#127 = VECTOR ( 'NONE', #376, 1000.000000000000000 ) ;
#128 = SPHERICAL_SURFACE ( 'NONE', #482, 1.000000000000000000 ) ;
#129 = CIRCLE ( 'NONE', #1915, 1.400000000000000133 ) ;
#130 = ORIENTED_EDGE ( 'NONE', *, *, #3206, .T. ) ;
#131 = ORIENTED_EDGE ( 'NONE', *, *, #5694, .T. ) ;
#132 = ORIENTED_EDGE ( 'NONE', *, *, #3992, .F. ) ;
#133 = LINE ( 'NONE', #4382, #4924 ) ;
#134 = VECTOR ( 'NONE', #5986, 1000.000000000000000 ) ;
#135 = EDGE_CURVE ( 'NONE', #4351, #2951, #3316, .T. ) ;
#136 = AXIS2_PLACEMENT_3D ( 'NONE', #3995, #3940, #698 ) ;
#137 = VECTOR ( 'NONE', #3934, 1000.000000000000000 ) ;
#138 = ORIENTED_EDGE ( 'NONE', *, *, #4708, .T. ) ;
#139 = VERTEX_POINT ( 'NONE', #183 ) ;
#140 = VECTOR ( 'NONE', #2731, 1000.000000000000000 ) ;
#141 = VECTOR ( 'NONE', #6037, 1000.000000000000000 ) ;
#142 = DIRECTION ( 'NONE',  ( 0.000000000000000000, -1.000000000000000000, 0.000000000000000000 ) ) ;
#143 = CARTESIAN_POINT ( 'NONE',  ( 20.00000000000000355, 7.499999999999999112, -2.085786437626904188 ) ) ;
#144 = CARTESIAN_POINT ( 'NONE',  ( 98.50000000000000000, 7.999999999999998224, -71.74374344848196472 ) ) ;
#145 = ORIENTED_EDGE ( 'NONE', *, *, #5429, .T. ) ;
#146 = DIRECTION ( 'NONE',  ( 0.000000000000000000, 0.4008188340197077482, 0.9161573349021892021 ) ) ;
#147 = ORIENTED_EDGE ( 'NONE', *, *, #344, .T. ) ;
#148 = FACE_OUTER_BOUND ( 'NONE', #102, .T. ) ;
#149 = CARTESIAN_POINT ( 'NONE',  ( -3.130000000000003002, 32.05999999999999517, -130.0000000000000000 ) ) ;
#150 = DIRECTION ( 'NONE',  ( 1.000000000000000000, 0.000000000000000000, 0.000000000000000000 ) ) ;
#151 = CARTESIAN_POINT ( 'NONE',  ( 48.72159142431875267, 70.45000000000000284, -201.9999999999999716 ) ) ;
#152 = ADVANCED_FACE ( 'NONE', ( #98 ), #3926, .F. ) ;
#153 = FACE_OUTER_BOUND ( 'NONE', #317, .T. ) ;
#154 = CARTESIAN_POINT ( 'NONE',  ( -1.000000000000007772, 40.00000000000000000, -199.5000000000000000 ) ) ;
#155 = CARTESIAN_POINT ( 'NONE',  ( 87.00000000000001421, 47.50000000000000000, -189.9999999999999716 ) ) ;
#156 = EDGE_CURVE ( 'NONE', #5413, #2120, #5225, .T. ) ;
#157 = CARTESIAN_POINT ( 'NONE',  ( 11.49999999999999645, 47.50000000000000000, -2.500000000000000444 ) ) ;
#158 = VERTEX_POINT ( 'NONE', #3406 ) ;
#159 = FACE_OUTER_BOUND ( 'NONE', #3592, .T. ) ;
#160 = DIRECTION ( 'NONE',  ( 0.000000000000000000, 1.000000000000000000, 0.000000000000000000 ) ) ;
#161 = LINE ( 'NONE', #3897, #3034 ) ;
#162 = VERTEX_POINT ( 'NONE', #4309 ) ;
#163 = EDGE_LOOP ( 'NONE', ( #4944, #5277, #894, #1853 ) ) ;
#164 = EDGE_LOOP ( 'NONE', ( #6011, #5378, #3048, #3191 ) ) ;
#165 = CARTESIAN_POINT ( 'NONE',  ( -0.4142135623730986982, 32.05999999999999517, -130.0000000000000000 ) ) ;
#166 = EDGE_CURVE ( 'NONE', #1156, #469, #2598, .T. ) ;
#167 = ORIENTED_EDGE ( 'NONE', *, *, #5472, .T. ) ;
#168 = ORIENTED_EDGE ( 'NONE', *, *, #2748, .T. ) ;
#169 = DIRECTION ( 'NONE',  ( 0.000000000000000000, -1.064247531274115171E-16, -1.000000000000000000 ) ) ;
#170 = CARTESIAN_POINT ( 'NONE',  ( 3.261448464418270850E-16, 47.08578643762690064, -0.4142135623730950345 ) ) ;
#171 = EDGE_CURVE ( 'NONE', #5809, #1069, #338, .T. ) ;
#172 = VERTEX_POINT ( 'NONE', #5792 ) ;
#173 = DIRECTION ( 'NONE',  ( 0.000000000000000000, 1.000000000000000000, 0.000000000000000000 ) ) ;
#174 = VERTEX_POINT ( 'NONE', #3471 ) ;
#175 = DIRECTION ( 'NONE',  ( -0.000000000000000000, 0.000000000000000000, 1.000000000000000000 ) ) ;
#176 = ADVANCED_FACE ( 'NONE', ( #5268 ), #1178, .T. ) ;
#177 = LINE ( 'NONE', #5787, #2353 ) ;
#178 = LINE ( 'NONE', #1640, #539 ) ;
#179 = AXIS2_PLACEMENT_3D ( 'NONE', #1303, #3152, #2098 ) ;
#180 = DIRECTION ( 'NONE',  ( 0.000000000000000000, 0.000000000000000000, 1.000000000000000000 ) ) ;
#181 = DIRECTION ( 'NONE',  ( -1.000000000000000000, 0.000000000000000000, 0.000000000000000000 ) ) ;
#182 = LINE ( 'NONE', #1465, #240 ) ;
#183 = CARTESIAN_POINT ( 'NONE',  ( 93.50000000000000000, 37.50000000000000000, -5.099999999999996980 ) ) ;
#184 = ORIENTED_EDGE ( 'NONE', *, *, #3022, .F. ) ;
#185 = STYLED_ITEM ( 'NONE', ( #2383 ), #5020 ) ;
#186 = EDGE_CURVE ( 'NONE', #390, #825, #937, .T. ) ;
#187 = EDGE_CURVE ( 'NONE', #3937, #5097, #3377, .T. ) ;
#188 = LINE ( 'NONE', #2048, #104 ) ;
#189 = FACE_OUTER_BOUND ( 'NONE', #3914, .T. ) ;
#190 = EDGE_CURVE ( 'NONE', #3482, #3536, #4242, .T. ) ;
#191 = FACE_OUTER_BOUND ( 'NONE', #2145, .T. ) ;
#192 = EDGE_CURVE ( 'NONE', #3413, #3167, #5242, .T. ) ;
#193 = AXIS2_PLACEMENT_3D ( 'NONE', #619, #5765, #1154 ) ;
#194 = VERTEX_POINT ( 'NONE', #3012 ) ;
#195 = ORIENTED_EDGE ( 'NONE', *, *, #3876, .T. ) ;
#196 = AXIS2_PLACEMENT_3D ( 'NONE', #292, #649, #1078 ) ;
#197 = CIRCLE ( 'NONE', #2942, 2.750000000000002665 ) ;
#198 = ORIENTED_EDGE ( 'NONE', *, *, #4774, .T. ) ;
#199 = ORIENTED_EDGE ( 'NONE', *, *, #2597, .T. ) ;
#200 = EDGE_CURVE ( 'NONE', #3296, #5942, #4341, .T. ) ;
#201 =( BOUNDED_CURVE ( )  B_SPLINE_CURVE ( 3, ( #2480, #1998, #3362, #2420 ),
 .UNSPECIFIED., .F., .F. ) 
 B_SPLINE_CURVE_WITH_KNOTS ( ( 4, 4 ),
 ( 0.000000000000000000, 1.570796326794896558 ),
 .UNSPECIFIED. ) 
 CURVE ( )  GEOMETRIC_REPRESENTATION_ITEM ( )  RATIONAL_B_SPLINE_CURVE ( ( 1.000000000000000000, 0.8047378541243649375, 0.8047378541243649375, 1.000000000000000000 ) ) 
 REPRESENTATION_ITEM ( '' )  );
#202 = AXIS2_PLACEMENT_3D ( 'NONE', #5976, #1182, #2712 ) ;
#203 = CARTESIAN_POINT ( 'NONE',  ( 87.00000000000001421, 46.50000000000000000, -200.4999999999999716 ) ) ;
#204 = CARTESIAN_POINT ( 'NONE',  ( -2.578203787678561845E-17, 46.50000000000000000, -1.000000000000000000 ) ) ;
#205 = DIRECTION ( 'NONE',  ( -0.000000000000000000, -1.000000000000000000, -0.000000000000000000 ) ) ;
#206 = ORIENTED_EDGE ( 'NONE', *, *, #1497, .T. ) ;
#207 = DIRECTION ( 'NONE',  ( 0.000000000000000000, 0.000000000000000000, -1.000000000000000000 ) ) ;
#208 = EDGE_LOOP ( 'NONE', ( #2824, #3849, #3807, #5856 ) ) ;
#209 = EDGE_CURVE ( 'NONE', #2689, #1651, #4333, .T. ) ;
#210 = CARTESIAN_POINT ( 'NONE',  ( 2.499999999999995115, 46.50000000000000000, -191.4999999999999716 ) ) ;
#211 = LINE ( 'NONE', #5729, #350 ) ;
#212 = VECTOR ( 'NONE', #4579, 1000.000000000000000 ) ;
#213 = LINE ( 'NONE', #2043, #2010 ) ;
#214 = DIRECTION ( 'NONE',  ( -0.000000000000000000, 1.000000000000000000, 0.000000000000000000 ) ) ;
#215 = VERTEX_POINT ( 'NONE', #678 ) ;
#216 = LINE ( 'NONE', #2167, #4600 ) ;
#217 = LINE ( 'NONE', #2530, #2173 ) ;
#218 = DIRECTION ( 'NONE',  ( -0.000000000000000000, -0.000000000000000000, 1.000000000000000000 ) ) ;
#219 = VERTEX_POINT ( 'NONE', #1051 ) ;
#220 = ORIENTED_EDGE ( 'NONE', *, *, #1745, .T. ) ;
#221 = CARTESIAN_POINT ( 'NONE',  ( 11.50000000000001066, 47.50000000000000000, -198.4999999999999716 ) ) ;
#222 = AXIS2_PLACEMENT_3D ( 'NONE', #62, #3795, #5663 ) ;
#223 = ADVANCED_FACE ( 'NONE', ( #4770 ), #585, .F. ) ;
#224 = EDGE_CURVE ( 'NONE', #3357, #1505, #5619, .T. ) ;
#225 = ORIENTED_EDGE ( 'NONE', *, *, #716, .T. ) ;
#226 = VECTOR ( 'NONE', #1230, 1000.000000000000000 ) ;
#227 = ORIENTED_EDGE ( 'NONE', *, *, #5581, .F. ) ;
#228 = VECTOR ( 'NONE', #3011, 1000.000000000000000 ) ;
#229 = VECTOR ( 'NONE', #5365, 1000.000000000000114 ) ;
#230 = CARTESIAN_POINT ( 'NONE',  ( 6.499999999999992006, 37.50000000000000000, -196.9000000000000057 ) ) ;
#231 = AXIS2_PLACEMENT_3D ( 'NONE', #3994, #4546, #3544 ) ;
#232 = DIRECTION ( 'NONE',  ( -0.4472135954999417184, 0.8944271909999239600, 0.000000000000000000 ) ) ;
#233 = PLANE ( 'NONE',  #927 ) ;
#234 = CARTESIAN_POINT ( 'NONE',  ( 88.50000000000000000, 3.500000000000000000, -3.500000000000000000 ) ) ;
#235 = ORIENTED_EDGE ( 'NONE', *, *, #4686, .F. ) ;
#236 = AXIS2_PLACEMENT_3D ( 'NONE', #4554, #5444, #303 ) ;
#237 = CARTESIAN_POINT ( 'NONE',  ( 87.00000000000001421, 3.500000000000016875, -199.4999999999999716 ) ) ;
#238 = VERTEX_POINT ( 'NONE', #3889 ) ;
#239 = VECTOR ( 'NONE', #4201, 1000.000000000000000 ) ;
#240 = VECTOR ( 'NONE', #4747, 1000.000000000000000 ) ;
#241 = AXIS2_PLACEMENT_3D ( 'NONE', #4431, #2461, #2977 ) ;
#242 = FACE_OUTER_BOUND ( 'NONE', #3738, .T. ) ;
#243 = CARTESIAN_POINT ( 'NONE',  ( -1.000000000000005329, 41.26393202250023506, -200.9999999999999716 ) ) ;
#244 = CARTESIAN_POINT ( 'NONE',  ( -3.130000000000002114, 24.50999999999999801, -130.0000000000000000 ) ) ;
#245 = DIRECTION ( 'NONE',  ( 0.000000000000000000, 0.000000000000000000, -1.000000000000000000 ) ) ;
#246 = DIRECTION ( 'NONE',  ( -1.000000000000000000, 0.000000000000000000, 0.000000000000000000 ) ) ;
#247 = ORIENTED_EDGE ( 'NONE', *, *, #5644, .T. ) ;
#248 = CARTESIAN_POINT ( 'NONE',  ( 9.499999999999996447, 46.50000000000000000, -198.4999999999999716 ) ) ;
#249 = DIRECTION ( 'NONE',  ( -0.000000000000000000, 0.000000000000000000, 1.000000000000000000 ) ) ;
#250 = DIRECTION ( 'NONE',  ( 1.000000000000000000, -4.358601698434192113E-16, 0.000000000000000000 ) ) ;
#251 = DIRECTION ( 'NONE',  ( 0.000000000000000000, 0.000000000000000000, 1.000000000000000000 ) ) ;
#252 = DIRECTION ( 'NONE',  ( -0.000000000000000000, 0.000000000000000000, 1.000000000000000000 ) ) ;
#253 = ORIENTED_EDGE ( 'NONE', *, *, #4529, .F. ) ;
#254 = ORIENTED_EDGE ( 'NONE', *, *, #1909, .T. ) ;
#255 = CARTESIAN_POINT ( 'NONE',  ( 3.499999999999995115, 2.500000000000002220, -191.4999999999999716 ) ) ;
#256 = EDGE_CURVE ( 'NONE', #5940, #172, #1622, .T. ) ;
#257 = VERTEX_POINT ( 'NONE', #5302 ) ;
#258 = ORIENTED_EDGE ( 'NONE', *, *, #4067, .F. ) ;
#259 = EDGE_CURVE ( 'NONE', #5760, #3936, #4834, .T. ) ;
#260 = ADVANCED_FACE ( 'NONE', ( #4987 ), #5970, .T. ) ;
#261 = ADVANCED_FACE ( 'NONE', ( #5513 ), #4434, .F. ) ;
#262 = DIRECTION ( 'NONE',  ( 0.000000000000000000, 0.000000000000000000, -1.000000000000000000 ) ) ;
#263 = EDGE_CURVE ( 'NONE', #5108, #4501, #1766, .T. ) ;
#264 = CARTESIAN_POINT ( 'NONE',  ( 97.50000000000000000, 3.500000000000000000, -11.50000000000000000 ) ) ;
#265 = DIRECTION ( 'NONE',  ( -1.000000000000000000, 0.000000000000000000, -0.000000000000000000 ) ) ;
#266 = FACE_OUTER_BOUND ( 'NONE', #2113, .T. ) ;
#267 = ORIENTED_EDGE ( 'NONE', *, *, #3171, .F. ) ;
#268 = LINE ( 'NONE', #2185, #4437 ) ;
#269 = ORIENTED_EDGE ( 'NONE', *, *, #5742, .F. ) ;
#270 = CARTESIAN_POINT ( 'NONE',  ( 92.25000000000000000, 3.499999999999999556, -139.4237434484819573 ) ) ;
#271 = CARTESIAN_POINT ( 'NONE',  ( -3.130000000000003002, 32.05999999999999517, -80.00000000000000000 ) ) ;
#272 = DIRECTION ( 'NONE',  ( 0.000000000000000000, 1.000000000000000000, 0.000000000000000000 ) ) ;
#273 = ORIENTED_EDGE ( 'NONE', *, *, #4320, .T. ) ;
#274 = PLANE ( 'NONE',  #2213 ) ;
#275 = ORIENTED_EDGE ( 'NONE', *, *, #565, .T. ) ;
#276 = FACE_OUTER_BOUND ( 'NONE', #4163, .T. ) ;
#277 = CIRCLE ( 'NONE', #2440, 1.000000000000000444 ) ;
#278 = CARTESIAN_POINT ( 'NONE',  ( -32.50000000000000711, 10.50000000000000178, -201.9999999999999716 ) ) ;
#279 = CARTESIAN_POINT ( 'NONE',  ( 1.499999999999995781, 46.50000000000000000, -190.4999999999999716 ) ) ;
#280 = FACE_OUTER_BOUND ( 'NONE', #1706, .T. ) ;
#281 = CARTESIAN_POINT ( 'NONE',  ( 98.50000000000000000, 12.69999999999999574, -71.74374344848196472 ) ) ;
#282 = ORIENTED_EDGE ( 'NONE', *, *, #2302, .F. ) ;
#283 = ORIENTED_EDGE ( 'NONE', *, *, #5061, .T. ) ;
#284 = AXIS2_PLACEMENT_3D ( 'NONE', #5671, #1499, #5186 ) ;
#285 = AXIS2_PLACEMENT_3D ( 'NONE', #2234, #2259, #847 ) ;
#286 = ORIENTED_EDGE ( 'NONE', *, *, #4526, .F. ) ;
#287 = ORIENTED_EDGE ( 'NONE', *, *, #1551, .F. ) ;
#288 = VECTOR ( 'NONE', #1682, 1000.000000000000000 ) ;
#289 = EDGE_CURVE ( 'NONE', #3936, #3354, #734, .T. ) ;
#290 = DIRECTION ( 'NONE',  ( 1.000000000000000000, 0.000000000000000000, 0.000000000000000000 ) ) ;
#291 = CIRCLE ( 'NONE', #4397, 1.000000000000000888 ) ;
#292 = CARTESIAN_POINT ( 'NONE',  ( 15.94999999999996376, 3.499999999999999556, -139.4237434499999893 ) ) ;
#293 = DIRECTION ( 'NONE',  ( -1.387778780781445676E-14, 0.000000000000000000, 1.000000000000000000 ) ) ;
#294 = CARTESIAN_POINT ( 'NONE',  ( -3.130000000000003890, 34.04999999999999716, -130.0000000000000000 ) ) ;
#295 = CARTESIAN_POINT ( 'NONE',  ( -3.377446961859016831E-15, 5.500000000000000888, -131.0000000000000000 ) ) ;
#296 = DIRECTION ( 'NONE',  ( -1.000000000000000000, 0.000000000000000000, 0.000000000000000000 ) ) ;
#297 = ORIENTED_EDGE ( 'NONE', *, *, #2818, .T. ) ;
#298 = CARTESIAN_POINT ( 'NONE',  ( 60.00000000000000711, 1.000000000000000888, -201.9999999999999716 ) ) ;
#299 = ORIENTED_EDGE ( 'NONE', *, *, #2520, .F. ) ;
#300 = AXIS2_PLACEMENT_3D ( 'NONE', #5118, #3198, #5062 ) ;
#301 = ADVANCED_FACE ( 'NONE', ( #740 ), #307, .F. ) ;
#302 = CARTESIAN_POINT ( 'NONE',  ( -3.130000000000003890, 4.509999999999999787, -80.00000000000000000 ) ) ;
#303 = DIRECTION ( 'NONE',  ( -2.168404344971007142E-16, 0.000000000000000000, -1.000000000000000000 ) ) ;
#304 = DIRECTION ( 'NONE',  ( 0.000000000000000000, 0.000000000000000000, 1.000000000000000000 ) ) ;
#305 = VECTOR ( 'NONE', #5603, 1000.000000000000114 ) ;
#306 = ORIENTED_EDGE ( 'NONE', *, *, #3206, .F. ) ;
#307 = CYLINDRICAL_SURFACE ( 'NONE', #2315, 2.250000000000001776 ) ;
#308 = ORIENTED_EDGE ( 'NONE', *, *, #2543, .F. ) ;
#309 = ORIENTED_EDGE ( 'NONE', *, *, #4774, .F. ) ;
#310 = CARTESIAN_POINT ( 'NONE',  ( 105.5000000000000142, 7.999999999999998224, -90.56374344848194369 ) ) ;
#311 = CARTESIAN_POINT ( 'NONE',  ( 99.00000000000000000, 0.000000000000000000, 0.000000000000000000 ) ) ;
#312 = DIRECTION ( 'NONE',  ( 0.000000000000000000, 1.000000000000000000, -0.000000000000000000 ) ) ;
#313 = FACE_OUTER_BOUND ( 'NONE', #3916, .T. ) ;
#314 = CARTESIAN_POINT ( 'NONE',  ( 69.99999999999998579, 55.00000000000000000, -201.9999999999999716 ) ) ;
#315 = ADVANCED_FACE ( 'NONE', ( #5479 ), #2612, .T. ) ;
#316 = ORIENTED_EDGE ( 'NONE', *, *, #5316, .F. ) ;
#317 = EDGE_LOOP ( 'NONE', ( #4268, #235, #4473, #4050 ) ) ;
#318 = VERTEX_POINT ( 'NONE', #2584 ) ;
#319 = EDGE_LOOP ( 'NONE', ( #3695, #1556, #5084, #1091 ) ) ;
#320 = DIRECTION ( 'NONE',  ( 0.000000000000000000, -1.000000000000000000, 0.000000000000000000 ) ) ;
#321 = CARTESIAN_POINT ( 'NONE',  ( 97.91421356237310647, 8.000000000000000000, -52.47374344848195449 ) ) ;
#322 = AXIS2_PLACEMENT_3D ( 'NONE', #3346, #3, #932 ) ;
#323 = DIRECTION ( 'NONE',  ( 0.000000000000000000, 0.000000000000000000, 1.000000000000000000 ) ) ;
#324 = AXIS2_PLACEMENT_3D ( 'NONE', #4645, #5112, #2250 ) ;
#325 = CARTESIAN_POINT ( 'NONE',  ( 0.000000000000000000, 47.50000000000000000, 0.000000000000000000 ) ) ;
#326 = DIRECTION ( 'NONE',  ( 1.000000000000000000, -3.469446951953614189E-15, 0.000000000000000000 ) ) ;
#327 = VECTOR ( 'NONE', #1241, 1000.000000000000000 ) ;
#328 = ORIENTED_EDGE ( 'NONE', *, *, #2360, .F. ) ;
#329 = DIRECTION ( 'NONE',  ( 0.000000000000000000, -0.000000000000000000, 1.000000000000000000 ) ) ;
#330 = EDGE_LOOP ( 'NONE', ( #3091, #1391, #3099, #4146 ) ) ;
#331 = AXIS2_PLACEMENT_3D ( 'NONE', #1306, #2672, #3155 ) ;
#332 = CIRCLE ( 'NONE', #2596, 2.000000000000000000 ) ;
#333 = LINE ( 'NONE', #5350, #2638 ) ;
#334 = CARTESIAN_POINT ( 'NONE',  ( 0.000000000000000000, 0.000000000000000000, 0.000000000000000000 ) ) ;
#335 = CARTESIAN_POINT ( 'NONE',  ( -3.130000000000003890, 4.509999999999999787, -130.0000000000000000 ) ) ;
#336 = CARTESIAN_POINT ( 'NONE',  ( 90.00000000000000000, 35.00000000000000000, -201.9999999999999716 ) ) ;
#337 = ORIENTED_EDGE ( 'NONE', *, *, #974, .T. ) ;
#338 = CIRCLE ( 'NONE', #5909, 2.249999999999998668 ) ;
#339 = AXIS2_PLACEMENT_3D ( 'NONE', #2218, #5076, #3677 ) ;
#340 = DIRECTION ( 'NONE',  ( -0.000000000000000000, 1.000000000000000000, 0.000000000000000000 ) ) ;
#341 = ORIENTED_EDGE ( 'NONE', *, *, #2980, .T. ) ;
#342 = EDGE_LOOP ( 'NONE', ( #5106, #1144, #297, #53, #5565, #4087, #4275, #5099 ) ) ;
#343 = CARTESIAN_POINT ( 'NONE',  ( 1.000000000000000000, 47.50000000000000000, -1.000000000000000000 ) ) ;
#344 = EDGE_CURVE ( 'NONE', #5923, #158, #2985, .T. ) ;
#345 = EDGE_CURVE ( 'NONE', #5784, #2926, #3157, .T. ) ;
#346 = CARTESIAN_POINT ( 'NONE',  ( -39.24999999999999289, 39.00000000000000000, -200.9999999999999716 ) ) ;
#347 = DIRECTION ( 'NONE',  ( -0.000000000000000000, -1.000000000000000000, -0.000000000000000000 ) ) ;
#348 = ADVANCED_FACE ( 'NONE', ( #1664, #802 ), #274, .F. ) ;
#349 = DIRECTION ( 'NONE',  ( 0.000000000000000000, 0.000000000000000000, 1.000000000000000000 ) ) ;
#350 = VECTOR ( 'NONE', #3402, 1000.000000000000000 ) ;
#351 = ORIENTED_EDGE ( 'NONE', *, *, #3714, .T. ) ;
#352 = EDGE_LOOP ( 'NONE', ( #2509, #980, #5127, #487 ) ) ;
#353 = EDGE_LOOP ( 'NONE', ( #4521, #2211, #2096, #1557 ) ) ;
#354 = ADVANCED_FACE ( 'NONE', ( #5019, #835, #708, #2705 ), #4037, .F. ) ;
#355 = VERTEX_POINT ( 'NONE', #5878 ) ;
#356 =( NAMED_UNIT ( * ) SI_UNIT ( $, .STERADIAN. ) SOLID_ANGLE_UNIT ( ) );
#357 = CARTESIAN_POINT ( 'NONE',  ( 89.50000000000001421, 47.50000000000000000, -10.50000000000000000 ) ) ;
#358 = CARTESIAN_POINT ( 'NONE',  ( 97.50000000000000000, 6.999999999999998224, -68.47374344848196870 ) ) ;
#359 = DIRECTION ( 'NONE',  ( 8.673617379884028570E-16, -0.000000000000000000, 1.000000000000000000 ) ) ;
#360 = CARTESIAN_POINT ( 'NONE',  ( 0.000000000000000000, 47.50000000000000000, -1.500000000000000222 ) ) ;
#361 = ORIENTED_EDGE ( 'NONE', *, *, #5911, .T. ) ;
#362 = ADVANCED_FACE ( 'NONE', ( #2642 ), #2674, .T. ) ;
#363 = ORIENTED_EDGE ( 'NONE', *, *, #1401, .F. ) ;
#364 = DIRECTION ( 'NONE',  ( 0.000000000000000000, 0.000000000000000000, 1.000000000000000000 ) ) ;
#365 = FACE_OUTER_BOUND ( 'NONE', #836, .T. ) ;
#366 = CARTESIAN_POINT ( 'NONE',  ( -39.24999999999999289, 39.00000000000000000, -200.9999999999999716 ) ) ;
#367 = CARTESIAN_POINT ( 'NONE',  ( -5.182189613234063050E-15, 47.50000000000000000, -200.9999999999999716 ) ) ;
#368 = EDGE_LOOP ( 'NONE', ( #1333, #5048, #3793, #661 ) ) ;
#369 = DIRECTION ( 'NONE',  ( 0.000000000000000000, 0.000000000000000000, 1.000000000000000000 ) ) ;
#370 = ORIENTED_EDGE ( 'NONE', *, *, #3712, .T. ) ;
#371 = LINE ( 'NONE', #3064, #4718 ) ;
#372 = CARTESIAN_POINT ( 'NONE',  ( 3.500000000000016875, 3.500000000000000000, -11.50000000000003730 ) ) ;
#373 = DIRECTION ( 'NONE',  ( 0.000000000000000000, -0.000000000000000000, 1.000000000000000000 ) ) ;
#374 = FACE_OUTER_BOUND ( 'NONE', #4064, .T. ) ;
#375 = DIRECTION ( 'NONE',  ( 0.000000000000000000, 0.000000000000000000, -1.000000000000000000 ) ) ;
#376 = DIRECTION ( 'NONE',  ( -1.000000000000000000, 0.000000000000000000, -0.000000000000000000 ) ) ;
#377 = ORIENTED_EDGE ( 'NONE', *, *, #2343, .F. ) ;
#378 = ORIENTED_EDGE ( 'NONE', *, *, #1163, .F. ) ;
#379 = CIRCLE ( 'NONE', #3414, 2.249999999999998668 ) ;
#380 = EDGE_CURVE ( 'NONE', #1151, #5784, #5941, .T. ) ;
#381 = ADVANCED_FACE ( 'NONE', ( #3981 ), #5848, .F. ) ;
#382 = EDGE_CURVE ( 'NONE', #3669, #2413, #842, .T. ) ;
#383 = EDGE_CURVE ( 'NONE', #1010, #1798, #3194, .T. ) ;
#384 = EDGE_LOOP ( 'NONE', ( #2676, #3001, #4812, #3751 ) ) ;
#385 = EDGE_LOOP ( 'NONE', ( #3080, #1657, #1835, #3386 ) ) ;
#386 = VECTOR ( 'NONE', #4818, 1000.000000000000000 ) ;
#387 = CARTESIAN_POINT ( 'NONE',  ( 92.25000000000000000, 3.499999999999999556, -131.9237434484819573 ) ) ;
#388 = DIRECTION ( 'NONE',  ( 0.000000000000000000, 0.000000000000000000, -1.000000000000000000 ) ) ;
#389 = CARTESIAN_POINT ( 'NONE',  ( 10.49999999999999645, 47.50000000000000000, -191.4999999999999716 ) ) ;
#390 = VERTEX_POINT ( 'NONE', #4391 ) ;
#391 = EDGE_CURVE ( 'NONE', #355, #1821, #3490, .T. ) ;
#392 = ORIENTED_EDGE ( 'NONE', *, *, #793, .T. ) ;
#393 = CIRCLE ( 'NONE', #1671, 2.000000000000001776 ) ;
#394 = DIRECTION ( 'NONE',  ( -1.000000000000000000, 0.000000000000000000, -0.000000000000000000 ) ) ;
#395 = LINE ( 'NONE', #4669, #3065 ) ;
#396 = DIRECTION ( 'NONE',  ( 0.000000000000000000, -1.000000000000000000, 0.000000000000000000 ) ) ;
#397 = VERTEX_POINT ( 'NONE', #2183 ) ;
#398 = DIRECTION ( 'NONE',  ( -1.000000000000000000, -0.000000000000000000, -0.000000000000000000 ) ) ;
#399 = VERTEX_POINT ( 'NONE', #3088 ) ;
#400 = AXIS2_PLACEMENT_3D ( 'NONE', #2943, #3343, #519 ) ;
#401 = EDGE_CURVE ( 'NONE', #1263, #2209, #1634, .T. ) ;
#402 = FACE_OUTER_BOUND ( 'NONE', #3598, .T. ) ;
#403 =( BOUNDED_CURVE ( )  B_SPLINE_CURVE ( 3, ( #624, #1061, #4902, #4845 ),
 .UNSPECIFIED., .F., .F. ) 
 B_SPLINE_CURVE_WITH_KNOTS ( ( 4, 4 ),
 ( 3.141592653589793116, 4.712388980384689674 ),
 .UNSPECIFIED. ) 
 CURVE ( )  GEOMETRIC_REPRESENTATION_ITEM ( )  RATIONAL_B_SPLINE_CURVE ( ( 1.000000000000000000, 0.8047378541243649375, 0.8047378541243649375, 1.000000000000000000 ) ) 
 REPRESENTATION_ITEM ( '' )  );
#404 = CARTESIAN_POINT ( 'NONE',  ( 2.500000000000016875, 47.50000000000000000, -10.50000000000000000 ) ) ;
#405 = DIRECTION ( 'NONE',  ( 1.000000000000000000, -0.000000000000000000, -0.000000000000000000 ) ) ;
#406 = AXIS2_PLACEMENT_3D ( 'NONE', #3561, #4466, #4109 ) ;
#407 = DIRECTION ( 'NONE',  ( 0.000000000000000000, 1.000000000000000000, 0.000000000000000000 ) ) ;
#408 = DIRECTION ( 'NONE',  ( 1.000000000000000000, 0.000000000000000000, 0.000000000000000000 ) ) ;
#409 = LINE ( 'NONE', #2294, #141 ) ;
#410 = ORIENTED_EDGE ( 'NONE', *, *, #109, .T. ) ;
#411 = CARTESIAN_POINT ( 'NONE',  ( 20.00000000000000355, 7.500000000000000000, 0.000000000000000000 ) ) ;
#412 = ORIENTED_EDGE ( 'NONE', *, *, #2444, .F. ) ;
#413 = EDGE_LOOP ( 'NONE', ( #2318, #5913, #1910, #2624 ) ) ;
#414 = EDGE_CURVE ( 'NONE', #4030, #3536, #1655, .T. ) ;
#415 = DIRECTION ( 'NONE',  ( -1.000000000000000000, 0.000000000000000000, 0.000000000000000000 ) ) ;
#416 = CARTESIAN_POINT ( 'NONE',  ( 105.5000000000000142, 12.69999999999999574, -71.74374344848196472 ) ) ;
#417 = CARTESIAN_POINT ( 'NONE',  ( -5.815307244990785662, 12.25499999999999723, -130.0000000000000000 ) ) ;
#418 = ORIENTED_EDGE ( 'NONE', *, *, #1163, .T. ) ;
#419 = ORIENTED_EDGE ( 'NONE', *, *, #4332, .F. ) ;
#420 = VECTOR ( 'NONE', #2346, 1000.000000000000000 ) ;
#421 = FACE_OUTER_BOUND ( 'NONE', #3140, .T. ) ;
#422 = CIRCLE ( 'NONE', #3955, 1.000000000000000000 ) ;
#423 = CARTESIAN_POINT ( 'NONE',  ( 15.94999999999996376, 8.500000000000000000, -132.9237434499999893 ) ) ;
#424 = CARTESIAN_POINT ( 'NONE',  ( 100.0000000000000000, 7.999999999999994671, -100.5637434484819437 ) ) ;
#425 = VERTEX_POINT ( 'NONE', #4029 ) ;
#426 = DIRECTION ( 'NONE',  ( 1.000000000000000000, -0.000000000000000000, 0.000000000000000000 ) ) ;
#427 = EDGE_LOOP ( 'NONE', ( #5914, #3528, #5189, #2698 ) ) ;
#428 = ORIENTED_EDGE ( 'NONE', *, *, #1312, .F. ) ;
#429 = VECTOR ( 'NONE', #3661, 1000.000000000000000 ) ;
#430 = VECTOR ( 'NONE', #2512, 1000.000000000000000 ) ;
#431 = CYLINDRICAL_SURFACE ( 'NONE', #1810, 1.400000000000040101 ) ;
#432 = CARTESIAN_POINT ( 'NONE',  ( 0.000000000000000000, 2.500000000000000000, 0.000000000000000000 ) ) ;
#433 = CARTESIAN_POINT ( 'NONE',  ( 60.41421356237309936, 8.314926636972174565E-16, -209.5857864376268367 ) ) ;
#434 = DIRECTION ( 'NONE',  ( 0.000000000000000000, -1.000000000000000000, 0.000000000000000000 ) ) ;
#435 = DIRECTION ( 'NONE',  ( -0.000000000000000000, -1.000000000000000000, -0.000000000000000000 ) ) ;
#436 = AXIS2_PLACEMENT_3D ( 'NONE', #1092, #2114, #5310 ) ;
#437 = CARTESIAN_POINT ( 'NONE',  ( 60.00000000000000711, 39.00000000000000000, -200.9999999999999716 ) ) ;
#438 = CYLINDRICAL_SURFACE ( 'NONE', #46, 1.000000000000000888 ) ;
#439 = AXIS2_PLACEMENT_3D ( 'NONE', #2253, #5415, #5448 ) ;
#440 = EDGE_LOOP ( 'NONE', ( #5441, #5855, #1043, #2729 ) ) ;
#441 = ORIENTED_EDGE ( 'NONE', *, *, #190, .F. ) ;
#442 = ORIENTED_EDGE ( 'NONE', *, *, #4676, .T. ) ;
#443 = EDGE_CURVE ( 'NONE', #3481, #5454, #4454, .T. ) ;
#444 = CARTESIAN_POINT ( 'NONE',  ( 10.49999999999999467, 46.50000000000000000, -10.50000000000000000 ) ) ;
#445 = FACE_OUTER_BOUND ( 'NONE', #1412, .T. ) ;
#446 = DIRECTION ( 'NONE',  ( 0.000000000000000000, 0.000000000000000000, 1.000000000000000000 ) ) ;
#447 = ORIENTED_EDGE ( 'NONE', *, *, #597, .T. ) ;
#448 = EDGE_CURVE ( 'NONE', #4501, #4755, #3694, .T. ) ;
#449 = VERTEX_POINT ( 'NONE', #1165 ) ;
#450 = ADVANCED_FACE ( 'NONE', ( #266 ), #4881, .F. ) ;
#451 = EDGE_CURVE ( 'NONE', #2385, #5760, #2137, .T. ) ;
#452 = ADVANCED_FACE ( 'NONE', ( #5817 ), #3028, .F. ) ;
#453 = FACE_OUTER_BOUND ( 'NONE', #368, .T. ) ;
#454 = CARTESIAN_POINT ( 'NONE',  ( 88.50000000000000000, 47.50000000000000000, -3.499999999999999556 ) ) ;
#455 = DIRECTION ( 'NONE',  ( -0.000000000000000000, -1.064247531274115417E-16, -1.000000000000000000 ) ) ;
#456 = ORIENTED_EDGE ( 'NONE', *, *, #4916, .T. ) ;
#457 = CYLINDRICAL_SURFACE ( 'NONE', #5198, 1.500000000000001332 ) ;
#458 = VERTEX_POINT ( 'NONE', #411 ) ;
#459 = DIRECTION ( 'NONE',  ( -0.8313644721333702803, -0.5557275541795662077, -0.000000000000000000 ) ) ;
#460 = CARTESIAN_POINT ( 'NONE',  ( -3.202229855454900583E-15, 12.05999999999999872, -130.0000000000000000 ) ) ;
#461 = CARTESIAN_POINT ( 'NONE',  ( 61.00000000000000000, 0.000000000000000000, -209.0000000000000000 ) ) ;
#462 = LINE ( 'NONE', #3741, #2123 ) ;
#463 = CARTESIAN_POINT ( 'NONE',  ( 0.000000000000000000, 3.500000000000000000, -11.50000000000000000 ) ) ;
#464 = FACE_OUTER_BOUND ( 'NONE', #3601, .T. ) ;
#465 = CARTESIAN_POINT ( 'NONE',  ( -0.1055728090000781216, 41.71114561800016673, -91.44721359549993167 ) ) ;
#466 = EDGE_CURVE ( 'NONE', #2910, #5885, #2221, .T. ) ;
#467 = EDGE_CURVE ( 'NONE', #5885, #1697, #4479, .T. ) ;
#468 = CARTESIAN_POINT ( 'NONE',  ( 0.000000000000000000, 0.000000000000000000, -80.00000000000000000 ) ) ;
#469 = VERTEX_POINT ( 'NONE', #5437 ) ;
#470 = EDGE_LOOP ( 'NONE', ( #4346, #1411, #1455, #2727 ) ) ;
#471 =( BOUNDED_CURVE ( )  B_SPLINE_CURVE ( 3, ( #281, #4443, #2111, #5884 ),
 .UNSPECIFIED., .F., .F. ) 
 B_SPLINE_CURVE_WITH_KNOTS ( ( 4, 4 ),
 ( 3.141592653589793116, 4.712388980384689674 ),
 .UNSPECIFIED. ) 
 CURVE ( )  GEOMETRIC_REPRESENTATION_ITEM ( )  RATIONAL_B_SPLINE_CURVE ( ( 1.000000000000000000, 0.8047378541243649375, 0.8047378541243649375, 1.000000000000000000 ) ) 
 REPRESENTATION_ITEM ( '' )  );
#472 = ORIENTED_EDGE ( 'NONE', *, *, #2302, .T. ) ;
#473 = AXIS2_PLACEMENT_3D ( 'NONE', #3647, #2311, #1363 ) ;
#474 = CARTESIAN_POINT ( 'NONE',  ( 9.499999999999998224, 3.500000000000003109, -192.4999999999999716 ) ) ;
#475 = DIRECTION ( 'NONE',  ( 0.000000000000000000, 0.000000000000000000, -1.000000000000000000 ) ) ;
#476 = DIRECTION ( 'NONE',  ( -7.946398182715860978E-16, -0.4008188340197077482, -0.9161573349021892021 ) ) ;
#477 = ORIENTED_EDGE ( 'NONE', *, *, #5329, .F. ) ;
#478 = ORIENTED_EDGE ( 'NONE', *, *, #3277, .F. ) ;
#479 = VECTOR ( 'NONE', #3275, 1000.000000000000000 ) ;
#480 = ADVANCED_FACE ( 'NONE', ( #5375 ), #1198, .T. ) ;
#481 = PLANE ( 'NONE',  #676 ) ;
#482 = AXIS2_PLACEMENT_3D ( 'NONE', #2502, #2923, #2050 ) ;
#483 = DIRECTION ( 'NONE',  ( 0.000000000000000000, 0.000000000000000000, 1.000000000000000000 ) ) ;
#484 = DIRECTION ( 'NONE',  ( 0.000000000000000000, 0.000000000000000000, 1.000000000000000000 ) ) ;
#485 = ORIENTED_EDGE ( 'NONE', *, *, #4506, .F. ) ;
#486 = DIRECTION ( 'NONE',  ( -0.000000000000000000, 1.000000000000000000, -0.000000000000000000 ) ) ;
#487 = ORIENTED_EDGE ( 'NONE', *, *, #65, .F. ) ;
#488 = CARTESIAN_POINT ( 'NONE',  ( 19.00000000000000355, 6.500000000000000000, -2.500000000000000000 ) ) ;
#489 = AXIS2_PLACEMENT_3D ( 'NONE', #1114, #557, #5300 ) ;
#490 = DIRECTION ( 'NONE',  ( -0.000000000000000000, 1.000000000000000000, -0.000000000000000000 ) ) ;
#491 = LINE ( 'NONE', #2406, #2468 ) ;
#492 = PLANE ( 'NONE',  #618 ) ;
#493 = EDGE_CURVE ( 'NONE', #1235, #158, #757, .T. ) ;
#494 = DIRECTION ( 'NONE',  ( 0.000000000000000000, 0.000000000000000000, 1.000000000000000000 ) ) ;
#495 = AXIS2_PLACEMENT_3D ( 'NONE', #1612, #249, #5272 ) ;
#496 = CARTESIAN_POINT ( 'NONE',  ( 96.50000000000000000, 47.50000000000000000, -187.9999999999999432 ) ) ;
#497 = DIRECTION ( 'NONE',  ( 0.000000000000000000, 1.000000000000000000, 0.000000000000000000 ) ) ;
#498 = AXIS2_PLACEMENT_3D ( 'NONE', #387, #882, #5103 ) ;
#499 = EDGE_CURVE ( 'NONE', #174, #2932, #731, .T. ) ;
#500 = SURFACE_STYLE_FILL_AREA ( #4574 ) ;
#501 = ORIENTED_EDGE ( 'NONE', *, *, #5952, .F. ) ;
#502 = ORIENTED_EDGE ( 'NONE', *, *, #5874, .T. ) ;
#503 = ORIENTED_EDGE ( 'NONE', *, *, #5673, .T. ) ;
#504 = AXIS2_PLACEMENT_3D ( 'NONE', #1485, #3368, #146 ) ;
#505 = CARTESIAN_POINT ( 'NONE',  ( 9.499999999999998224, 46.50000000000000000, -3.499999999999999112 ) ) ;
#506 = APPLICATION_PROTOCOL_DEFINITION ( 'draft international standard', 'automotive_design', 1998, #1118 ) ;
#507 = CARTESIAN_POINT ( 'NONE',  ( 0.000000000000000000, 47.50000000000000000, -192.4999999999999716 ) ) ;
#508 = VERTEX_POINT ( 'NONE', #5403 ) ;
#509 = EDGE_LOOP ( 'NONE', ( #4870, #145, #4066 ) ) ;
#510 = EDGE_CURVE ( 'NONE', #4933, #1346, #1934, .T. ) ;
#511 = DIRECTION ( 'NONE',  ( -2.578203787678638882E-17, -0.000000000000000000, -1.000000000000000000 ) ) ;
#512 = DIRECTION ( 'NONE',  ( -0.000000000000000000, -0.000000000000000000, -1.000000000000000000 ) ) ;
#513 = CARTESIAN_POINT ( 'NONE',  ( 97.49999999999997158, 7.585786437626903300, -71.32952988610885825 ) ) ;
#514 = VERTEX_POINT ( 'NONE', #4976 ) ;
#515 = DIRECTION ( 'NONE',  ( -1.000000000000000000, 0.000000000000000000, 0.000000000000000000 ) ) ;
#516 = EDGE_LOOP ( 'NONE', ( #370, #2719, #3097, #748 ) ) ;
#517 = CARTESIAN_POINT ( 'NONE',  ( -40.24999999999998579, 1.000000000000000888, -200.4999999999999716 ) ) ;
#518 = AXIS2_PLACEMENT_3D ( 'NONE', #1578, #4344, #4769 ) ;
#519 = DIRECTION ( 'NONE',  ( 1.000000000000000000, 0.000000000000000000, -0.000000000000000000 ) ) ;
#520 = EDGE_CURVE ( 'NONE', #947, #5660, #2665, .T. ) ;
#521 = DIRECTION ( 'NONE',  ( -0.000000000000000000, -1.000000000000000000, -0.000000000000000000 ) ) ;
#522 = CARTESIAN_POINT ( 'NONE',  ( -1.000000000000003553, 26.49999999999999645, -130.0000000000000000 ) ) ;
#523 = DIRECTION ( 'NONE',  ( -6.895795184007186635E-16, 0.000000000000000000, -1.000000000000000000 ) ) ;
#524 = FACE_OUTER_BOUND ( 'NONE', #509, .T. ) ;
#525 = VECTOR ( 'NONE', #2422, 1000.000000000000000 ) ;
#526 = CARTESIAN_POINT ( 'NONE',  ( 11.49999999999999645, 3.500000000000000000, -192.4999999999999716 ) ) ;
#527 = AXIS2_PLACEMENT_3D ( 'NONE', #677, #2554, #1545 ) ;
#528 = EDGE_CURVE ( 'NONE', #1059, #1199, #5738, .T. ) ;
#529 = ADVANCED_FACE ( 'NONE', ( #622 ), #4842, .F. ) ;
#530 = EDGE_CURVE ( 'NONE', #5132, #3757, #2992, .T. ) ;
#531 = AXIS2_PLACEMENT_3D ( 'NONE', #3821, #4363, #5750 ) ;
#532 = VECTOR ( 'NONE', #4010, 1000.000000000000000 ) ;
#533 = EDGE_CURVE ( 'NONE', #397, #1936, #4541, .T. ) ;
#534 = CARTESIAN_POINT ( 'NONE',  ( -0.1055728090000781216, 41.71114561800016673, -91.44721359549993167 ) ) ;
#535 = ORIENTED_EDGE ( 'NONE', *, *, #994, .T. ) ;
#536 = ORIENTED_EDGE ( 'NONE', *, *, #344, .F. ) ;
#537 = AXIS2_PLACEMENT_3D ( 'NONE', #5385, #3061, #4925 ) ;
#538 = VECTOR ( 'NONE', #2319, 1000.000000000000000 ) ;
#539 = VECTOR ( 'NONE', #3979, 1000.000000000000000 ) ;
#540 = DIRECTION ( 'NONE',  ( 0.000000000000000000, 0.000000000000000000, 1.000000000000000000 ) ) ;
#541 = EDGE_CURVE ( 'NONE', #4844, #621, #3765, .T. ) ;
#542 = LINE ( 'NONE', #1851, #5022 ) ;
#543 = EDGE_LOOP ( 'NONE', ( #5898, #1765, #4950, #2717, #4634, #4761 ) ) ;
#544 = ORIENTED_EDGE ( 'NONE', *, *, #156, .T. ) ;
#545 = DIRECTION ( 'NONE',  ( 0.000000000000000000, 0.000000000000000000, 1.000000000000000000 ) ) ;
#546 = CARTESIAN_POINT ( 'NONE',  ( 10.49999999999999645, 3.500000000000000000, -2.500000000000000444 ) ) ;
#547 = DIRECTION ( 'NONE',  ( 0.000000000000000000, 1.000000000000000000, 0.000000000000000000 ) ) ;
#548 = VERTEX_POINT ( 'NONE', #4862 ) ;
#549 = CARTESIAN_POINT ( 'NONE',  ( -3.130000000000003002, 26.49999999999999645, -80.00000000000000000 ) ) ;
#550 = ORIENTED_EDGE ( 'NONE', *, *, #5984, .T. ) ;
#551 = CARTESIAN_POINT ( 'NONE',  ( 99.58578643762687932, 1.178403816307626370E-15, -0.4142135623730955341 ) ) ;
#552 = CARTESIAN_POINT ( 'NONE',  ( -40.24999999999999289, 39.00000000000000000, -200.4999999999999716 ) ) ;
#553 = DIRECTION ( 'NONE',  ( -0.8313644721333696141, -0.5557275541795670959, 0.000000000000000000 ) ) ;
#554 = DIRECTION ( 'NONE',  ( -0.000000000000000000, -0.000000000000000000, 1.000000000000000000 ) ) ;
#555 = LINE ( 'NONE', #2349, #4444 ) ;
#556 = DIRECTION ( 'NONE',  ( 0.000000000000000000, 1.000000000000000000, 0.000000000000000000 ) ) ;
#557 = DIRECTION ( 'NONE',  ( -0.000000000000000000, -1.000000000000000000, -0.000000000000000000 ) ) ;
#558 = CARTESIAN_POINT ( 'NONE',  ( 15.94999999999996376, 8.500000000000000000, -135.6737434499999893 ) ) ;
#559 = CARTESIAN_POINT ( 'NONE',  ( 105.5000000000000142, 25.59999999999999787, -90.56374344848194369 ) ) ;
#560 = LINE ( 'NONE', #3834, #4787 ) ;
#561 = DIRECTION ( 'NONE',  ( -0.000000000000000000, -1.000000000000000000, -0.000000000000000000 ) ) ;
#562 = ORIENTED_EDGE ( 'NONE', *, *, #5442, .F. ) ;
#563 = ORIENTED_EDGE ( 'NONE', *, *, #17, .F. ) ;
#564 = ADVANCED_FACE ( 'NONE', ( #5828 ), #5353, .T. ) ;
#565 = EDGE_CURVE ( 'NONE', #2781, #5338, #1207, .T. ) ;
#566 = CYLINDRICAL_SURFACE ( 'NONE', #2656, 1.000000000000000888 ) ;
#567 = VERTEX_POINT ( 'NONE', #1692 ) ;
#568 = VERTEX_POINT ( 'NONE', #5412 ) ;
#569 = CYLINDRICAL_SURFACE ( 'NONE', #878, 1.000000000000000888 ) ;
#570 = ADVANCED_FACE ( 'NONE', ( #3096 ), #5542, .T. ) ;
#571 = CARTESIAN_POINT ( 'NONE',  ( 9.499999999999998224, 47.50000000000000000, -192.4999999999999716 ) ) ;
#572 = CIRCLE ( 'NONE', #3029, 1.000000000000000888 ) ;
#573 = ORIENTED_EDGE ( 'NONE', *, *, #5694, .F. ) ;
#574 = FACE_OUTER_BOUND ( 'NONE', #2924, .T. ) ;
#575 = ORIENTED_EDGE ( 'NONE', *, *, #2520, .T. ) ;
#576 = LINE ( 'NONE', #1571, #4635 ) ;
#577 = CARTESIAN_POINT ( 'NONE',  ( 3.500000000000016875, 3.500000000000000000, -11.50000000000000000 ) ) ;
#578 = AXIS2_PLACEMENT_3D ( 'NONE', #5423, #1249, #1774 ) ;
#579 = CARTESIAN_POINT ( 'NONE',  ( 8.673617379884035472E-16, 41.50000000000000000, -91.99999999999998579 ) ) ;
#580 = LINE ( 'NONE', #4368, #841 ) ;
#581 = DIRECTION ( 'NONE',  ( 0.000000000000000000, 0.000000000000000000, 1.000000000000000000 ) ) ;
#582 = DIRECTION ( 'NONE',  ( 0.000000000000000000, 0.000000000000000000, 1.000000000000000000 ) ) ;
#583 = CARTESIAN_POINT ( 'NONE',  ( 98.50000000000000000, 46.50000000000000000, -187.9999999999999432 ) ) ;
#584 = EDGE_CURVE ( 'NONE', #5743, #4448, #3218, .T. ) ;
#585 = PLANE ( 'NONE',  #1832 ) ;
#586 = VECTOR ( 'NONE', #1228, 1000.000000000000000 ) ;
#587 = CARTESIAN_POINT ( 'NONE',  ( -5.815307244990788327, 6.304999999999996163, -130.0000000000000000 ) ) ;
#588 = PLANE ( 'NONE',  #2646 ) ;
#589 = ORIENTED_EDGE ( 'NONE', *, *, #1822, .T. ) ;
#590 = VERTEX_POINT ( 'NONE', #831 ) ;
#591 = ORIENTED_EDGE ( 'NONE', *, *, #1202, .T. ) ;
#592 = CARTESIAN_POINT ( 'NONE',  ( 72.25000000000000000, 55.00000000000000000, -201.9999999999999716 ) ) ;
#593 = AXIS2_PLACEMENT_3D ( 'NONE', #1894, #405, #1956 ) ;
#594 = PRODUCT_RELATED_PRODUCT_CATEGORY ( 'part', '', ( #4622 ) ) ;
#595 = EDGE_LOOP ( 'NONE', ( #4301, #2592, #1035, #308 ) ) ;
#596 = EDGE_LOOP ( 'NONE', ( #3235, #1532, #1117, #3081 ) ) ;
#597 = EDGE_CURVE ( 'NONE', #257, #3060, #2225, .T. ) ;
#598 = EDGE_CURVE ( 'NONE', #4018, #4331, #3247, .T. ) ;
#599 = LINE ( 'NONE', #3456, #4286 ) ;
#600 = CARTESIAN_POINT ( 'NONE',  ( 6.499999999999994671, 47.50000000000000000, -7.900000000000000355 ) ) ;
#602 = CARTESIAN_POINT ( 'NONE',  ( 60.00000000000000000, 1.000000000000000888, -210.0000000000000000 ) ) ;
#601 = CIRCLE ( 'NONE', #2960, 1.000000000000000888 ) ;
#603 = ORIENTED_EDGE ( 'NONE', *, *, #3259, .F. ) ;
#604 = CARTESIAN_POINT ( 'NONE',  ( 10.49999999999999645, 46.50000000000000000, -192.4999999999999716 ) ) ;
#605 = ORIENTED_EDGE ( 'NONE', *, *, #18, .F. ) ;
#606 = CARTESIAN_POINT ( 'NONE',  ( -3.130000000000002114, 24.50999999999999801, -80.00000000000000000 ) ) ;
#607 = PLANE ( 'NONE',  #400 ) ;
#608 = DIRECTION ( 'NONE',  ( 0.000000000000000000, 0.000000000000000000, -1.000000000000000000 ) ) ;
#609 = DIRECTION ( 'NONE',  ( 2.578203787678638882E-17, 0.000000000000000000, 1.000000000000000000 ) ) ;
#610 = CARTESIAN_POINT ( 'NONE',  ( -3.202229855454900583E-15, 26.49999999999999645, -130.0000000000000000 ) ) ;
#611 = DIRECTION ( 'NONE',  ( 2.578203787678638882E-17, 0.000000000000000000, 1.000000000000000000 ) ) ;
#612 = CARTESIAN_POINT ( 'NONE',  ( 105.5000000000000142, 7.999999999999998224, -67.47374344848196870 ) ) ;
#613 = CARTESIAN_POINT ( 'NONE',  ( -3.707053692619296164E-15, 12.47421356237309631, -130.4142135623731065 ) ) ;
#614 = CARTESIAN_POINT ( 'NONE',  ( 80.41421356237310647, 7.085786437626903300, -2.499999999999999556 ) ) ;
#615 = ORIENTED_EDGE ( 'NONE', *, *, #1189, .T. ) ;
#616 = CARTESIAN_POINT ( 'NONE',  ( 11.49999999999999645, 3.500000000000000000, -2.500000000000000000 ) ) ;
#617 = CARTESIAN_POINT ( 'NONE',  ( 88.50000000000001421, 3.500000000000000000, 0.000000000000000000 ) ) ;
#618 = AXIS2_PLACEMENT_3D ( 'NONE', #1432, #1983, #5698 ) ;
#619 = CARTESIAN_POINT ( 'NONE',  ( 93.50000000000000000, 37.50000000000000000, -195.4999999999999716 ) ) ;
#620 = VECTOR ( 'NONE', #648, 1000.000000000000000 ) ;
#621 = VERTEX_POINT ( 'NONE', #2313 ) ;
#622 = FACE_OUTER_BOUND ( 'NONE', #5369, .T. ) ;
#623 = VERTEX_POINT ( 'NONE', #424 ) ;
#624 = CARTESIAN_POINT ( 'NONE',  ( 20.00000000000000355, 47.50000000000000000, -1.499999999999999556 ) ) ;
#625 = VECTOR ( 'NONE', #3190, 1000.000000000000000 ) ;
#626 = EDGE_CURVE ( 'NONE', #910, #4536, #2795, .T. ) ;
#627 = CIRCLE ( 'NONE', #5420, 1.000000000000000888 ) ;
#628 = AXIS2_PLACEMENT_3D ( 'NONE', #3964, #1619, #3484 ) ;
#629 = VERTEX_POINT ( 'NONE', #4162 ) ;
#630 = ADVANCED_FACE ( 'NONE', ( #4071 ), #4615, .T. ) ;
#631 = EDGE_LOOP ( 'NONE', ( #2355, #1618, #2845, #573 ) ) ;
#632 =( BOUNDED_CURVE ( )  B_SPLINE_CURVE ( 3, ( #3372, #3462, #5325, #5261 ),
 .UNSPECIFIED., .F., .F. ) 
 B_SPLINE_CURVE_WITH_KNOTS ( ( 4, 4 ),
 ( 0.000000000000000000, 1.570796326794896558 ),
 .UNSPECIFIED. ) 
 CURVE ( )  GEOMETRIC_REPRESENTATION_ITEM ( )  RATIONAL_B_SPLINE_CURVE ( ( 1.000000000000000000, 0.8047378541243649375, 0.8047378541243649375, 1.000000000000000000 ) ) 
 REPRESENTATION_ITEM ( '' )  );
#633 = AXIS2_PLACEMENT_3D ( 'NONE', #2336, #4665, #20 ) ;
#634 = CARTESIAN_POINT ( 'NONE',  ( -39.24999999999999289, 0.000000000000000000, -200.4999999999999716 ) ) ;
#635 = CARTESIAN_POINT ( 'NONE',  ( -30.25000000000000711, 10.50000000000000178, -209.5000000000000284 ) ) ;
#636 = AXIS2_PLACEMENT_3D ( 'NONE', #1867, #4197, #5150 ) ;
#637 = CARTESIAN_POINT ( 'NONE',  ( 0.8944271909999249592, 41.94721359549994588, -200.9999999999999716 ) ) ;
#638 = ORIENTED_EDGE ( 'NONE', *, *, #3712, .F. ) ;
#639 = EDGE_CURVE ( 'NONE', #3330, #172, #5939, .T. ) ;
#640 = FACE_OUTER_BOUND ( 'NONE', #352, .T. ) ;
#641 = ORIENTED_EDGE ( 'NONE', *, *, #4860, .F. ) ;
#642 = EDGE_CURVE ( 'NONE', #4980, #3481, #891, .T. ) ;
#643 = CARTESIAN_POINT ( 'NONE',  ( 11.49999999999999645, 2.500000000000000000, -2.500000000000000000 ) ) ;
#644 = ADVANCED_FACE ( 'NONE', ( #1858 ), #2284, .F. ) ;
#645 = EDGE_CURVE ( 'NONE', #1141, #4542, #1396, .T. ) ;
#646 = CARTESIAN_POINT ( 'NONE',  ( 0.000000000000000000, 46.50000000000000000, -91.99999999999998579 ) ) ;
#647 = DIRECTION ( 'NONE',  ( -0.000000000000000000, -0.000000000000000000, -1.000000000000000000 ) ) ;
#648 = DIRECTION ( 'NONE',  ( -4.358601698434191620E-16, 1.000000000000000000, -0.000000000000000000 ) ) ;
#649 = DIRECTION ( 'NONE',  ( 1.000000000000000000, -0.000000000000000000, 1.224646799147353207E-16 ) ) ;
#650 = PLANE ( 'NONE',  #518 ) ;
#651 = DIRECTION ( 'NONE',  ( 1.000000000000000000, -0.000000000000000000, 0.000000000000000000 ) ) ;
#652 = VERTEX_POINT ( 'NONE', #922 ) ;
#653 = CARTESIAN_POINT ( 'NONE',  ( -10.25000000000000533, 30.00000000000000000, -199.5000000000000000 ) ) ;
#654 = CARTESIAN_POINT ( 'NONE',  ( -0.1055728090000809527, 41.71114561800017384, -200.9999999999999716 ) ) ;
#655 = DIRECTION ( 'NONE',  ( -4.373252460445732411E-16, -1.000000000000000000, 0.000000000000000000 ) ) ;
#656 = EDGE_CURVE ( 'NONE', #2056, #4571, #4556, .T. ) ;
#657 = ORIENTED_EDGE ( 'NONE', *, *, #4412, .T. ) ;
#658 = EDGE_LOOP ( 'NONE', ( #1307, #3018, #2057, #3780 ) ) ;
#659 = EDGE_CURVE ( 'NONE', #3111, #3426, #3667, .T. ) ;
#660 = DIRECTION ( 'NONE',  ( 0.000000000000000000, 1.000000000000000000, 0.000000000000000000 ) ) ;
#661 = ORIENTED_EDGE ( 'NONE', *, *, #974, .F. ) ;
#662 = EDGE_CURVE ( 'NONE', #3129, #4331, #2874, .T. ) ;
#663 = ORIENTED_EDGE ( 'NONE', *, *, #2525, .F. ) ;
#664 = FACE_OUTER_BOUND ( 'NONE', #2995, .T. ) ;
#665 = CARTESIAN_POINT ( 'NONE',  ( 92.25000000000000000, 8.500000000000000000, -31.07374344848195236 ) ) ;
#666 = PLANE ( 'NONE',  #5023 ) ;
#667 = DIRECTION ( 'NONE',  ( 0.000000000000000000, 0.000000000000000000, 1.000000000000000000 ) ) ;
#668 = ORIENTED_EDGE ( 'NONE', *, *, #4894, .F. ) ;
#669 = CARTESIAN_POINT ( 'NONE',  ( 11.49999999999999467, 2.500000000000000000, -198.4999999999999716 ) ) ;
#670 = ORIENTED_EDGE ( 'NONE', *, *, #3263, .F. ) ;
#671 =( BOUNDED_CURVE ( )  B_SPLINE_CURVE ( 3, ( #204, #170, #2908, #5780 ),
 .UNSPECIFIED., .F., .F. ) 
 B_SPLINE_CURVE_WITH_KNOTS ( ( 4, 4 ),
 ( 1.570796326794896780, 3.141592653589793116 ),
 .UNSPECIFIED. ) 
 CURVE ( )  GEOMETRIC_REPRESENTATION_ITEM ( )  RATIONAL_B_SPLINE_CURVE ( ( 1.000000000000000000, 0.8047378541243650485, 0.8047378541243650485, 1.000000000000000000 ) ) 
 REPRESENTATION_ITEM ( '' )  );
#672 = EDGE_CURVE ( 'NONE', #5039, #2910, #5967, .T. ) ;
#673 = CARTESIAN_POINT ( 'NONE',  ( 6.499999999999994671, 37.50000000000000000, -7.900000000000000355 ) ) ;
#674 = LINE ( 'NONE', #1543, #5851 ) ;
#675 = CARTESIAN_POINT ( 'NONE',  ( -3.130000000000002114, 14.04999999999999893, -80.00000000000000000 ) ) ;
#676 = AXIS2_PLACEMENT_3D ( 'NONE', #4668, #5539, #4125 ) ;
#677 = CARTESIAN_POINT ( 'NONE',  ( 0.9999999999999947820, 1.000000000000000888, -199.5000000000000000 ) ) ;
#678 = CARTESIAN_POINT ( 'NONE',  ( -2.346165446787560440E-15, 41.26393202250022796, -90.99999999999998579 ) ) ;
#679 = ORIENTED_EDGE ( 'NONE', *, *, #1019, .F. ) ;
#680 = VECTOR ( 'NONE', #3805, 1000.000000000000000 ) ;
#681 = EDGE_CURVE ( 'NONE', #5143, #3167, #1021, .T. ) ;
#682 = DIRECTION ( 'NONE',  ( 0.000000000000000000, 1.000000000000000000, 0.000000000000000000 ) ) ;
#683 = FACE_OUTER_BOUND ( 'NONE', #1281, .T. ) ;
#684 = FACE_OUTER_BOUND ( 'NONE', #2236, .T. ) ;
#685 = CIRCLE ( 'NONE', #4107, 1.499999999999994449 ) ;
#686 = DIRECTION ( 'NONE',  ( 0.000000000000000000, 1.064247531274115171E-16, 1.000000000000000000 ) ) ;
#687 = EDGE_LOOP ( 'NONE', ( #964, #316, #5009, #5768 ) ) ;
#688 = ORIENTED_EDGE ( 'NONE', *, *, #5745, .F. ) ;
#689 = DIRECTION ( 'NONE',  ( 0.000000000000000000, 0.000000000000000000, 1.000000000000000000 ) ) ;
#690 = AXIS2_PLACEMENT_3D ( 'NONE', #5868, #3055, #1234 ) ;
#691 = VECTOR ( 'NONE', #63, 1000.000000000000000 ) ;
#692 = ORIENTED_EDGE ( 'NONE', *, *, #125, .F. ) ;
#693 = AXIS2_PLACEMENT_3D ( 'NONE', #701, #3119, #3583 ) ;
#694 = ORIENTED_EDGE ( 'NONE', *, *, #1943, .F. ) ;
#695 = CIRCLE ( 'NONE', #4116, 1.000000000000000000 ) ;
#696 = CARTESIAN_POINT ( 'NONE',  ( 15.95000000000000639, 8.500000000000000000, -32.32374344999999494 ) ) ;
#697 = CARTESIAN_POINT ( 'NONE',  ( 6.499999999999994671, 47.50000000000000000, -5.099999999999999645 ) ) ;
#698 = DIRECTION ( 'NONE',  ( 0.000000000000000000, -0.000000000000000000, 1.000000000000000000 ) ) ;
#699 = CARTESIAN_POINT ( 'NONE',  ( -2.536895158665565031, 47.50000000000000000, -201.9999999999999432 ) ) ;
#700 = EDGE_LOOP ( 'NONE', ( #59, #1624 ) ) ;
#701 = CARTESIAN_POINT ( 'NONE',  ( 90.50000000000001421, 46.50000000000000000, -9.500000000000001776 ) ) ;
#702 = ADVANCED_FACE ( 'NONE', ( #5446 ), #3650, .F. ) ;
#703 = EDGE_LOOP ( 'NONE', ( #1650, #1301, #1334, #688 ) ) ;
#704 = DIRECTION ( 'NONE',  ( -8.673617379884028570E-16, 0.000000000000000000, -1.000000000000000000 ) ) ;
#705 = DIRECTION ( 'NONE',  ( 0.000000000000000000, 0.000000000000000000, 1.000000000000000000 ) ) ;
#706 = CIRCLE ( 'NONE', #5492, 1.400000000000002798 ) ;
#707 = FACE_OUTER_BOUND ( 'NONE', #3872, .T. ) ;
#708 = FACE_BOUND ( 'NONE', #413, .T. ) ;
#709 = ADVANCED_FACE ( 'NONE', ( #1342 ), #4917, .T. ) ;
#710 = CYLINDRICAL_SURFACE ( 'NONE', #1218, 1.000000000000000888 ) ;
#711 = PLANE ( 'NONE',  #2952 ) ;
#712 = CYLINDRICAL_SURFACE ( 'NONE', #3720, 1.000000000000000888 ) ;
#713 = EDGE_CURVE ( 'NONE', #567, #5077, #4586, .T. ) ;
#714 = EDGE_LOOP ( 'NONE', ( #5737, #3707, #5960, #1501 ) ) ;
#715 = ORIENTED_EDGE ( 'NONE', *, *, #4873, .T. ) ;
#716 = EDGE_CURVE ( 'NONE', #1504, #567, #2305, .T. ) ;
#717 = CARTESIAN_POINT ( 'NONE',  ( 15.95000000000000639, 8.500000000000000000, -35.32374345000000204 ) ) ;
#718 = EDGE_CURVE ( 'NONE', #3568, #257, #3947, .T. ) ;
#719 = EDGE_CURVE ( 'NONE', #139, #3511, #4272, .T. ) ;
#720 = AXIS2_PLACEMENT_3D ( 'NONE', #1666, #5943, #1770 ) ;
#721 = EDGE_LOOP ( 'NONE', ( #2277, #1442, #1089, #926 ) ) ;
#722 = AXIS2_PLACEMENT_3D ( 'NONE', #2217, #4062, #3608 ) ;
#723 = AXIS2_PLACEMENT_3D ( 'NONE', #3545, #3913, #1103 ) ;
#724 = EDGE_LOOP ( 'NONE', ( #1679, #3868, #116, #5308 ) ) ;
#725 = CIRCLE ( 'NONE', #4041, 1.000000000000000888 ) ;
#726 = AXIS2_PLACEMENT_3D ( 'NONE', #1755, #1359, #2243 ) ;
#727 = DIRECTION ( 'NONE',  ( 0.000000000000000000, 0.000000000000000000, -1.000000000000000000 ) ) ;
#728 = AXIS2_PLACEMENT_3D ( 'NONE', #3729, #2304, #5589 ) ;
#729 = CARTESIAN_POINT ( 'NONE',  ( 92.25000000000000000, 8.500000000000000000, -33.82374344848196301 ) ) ;
#730 = CARTESIAN_POINT ( 'NONE',  ( 89.50000000000001421, 46.50000000000000000, -10.50000000000000000 ) ) ;
#731 = LINE ( 'NONE', #1847, #1135 ) ;
#732 = EDGE_LOOP ( 'NONE', ( #3988, #1318, #1450, #6056 ) ) ;
#733 = ORIENTED_EDGE ( 'NONE', *, *, #105, .F. ) ;
#734 = CIRCLE ( 'NONE', #5129, 1.000000000000000000 ) ;
#735 = VECTOR ( 'NONE', #1786, 1000.000000000000000 ) ;
#736 = DIRECTION ( 'NONE',  ( 0.000000000000000000, 1.000000000000000000, -0.000000000000000000 ) ) ;
#737 = DIRECTION ( 'NONE',  ( 0.000000000000000000, 1.000000000000000000, 0.000000000000000000 ) ) ;
#738 = DIRECTION ( 'NONE',  ( -2.578203787678638882E-17, 0.000000000000000000, -1.000000000000000000 ) ) ;
#739 = EDGE_LOOP ( 'NONE', ( #5252, #4751, #2062, #2706 ) ) ;
#740 = FACE_OUTER_BOUND ( 'NONE', #5231, .T. ) ;
#741 = ORIENTED_EDGE ( 'NONE', *, *, #5068, .T. ) ;
#742 = ORIENTED_EDGE ( 'NONE', *, *, #2720, .F. ) ;
#743 = DIRECTION ( 'NONE',  ( -1.000000000000000000, 0.000000000000000000, 0.000000000000000000 ) ) ;
#744 = DIRECTION ( 'NONE',  ( 0.000000000000000000, 0.000000000000000000, 1.000000000000000000 ) ) ;
#745 = CARTESIAN_POINT ( 'NONE',  ( 19.00000000000000355, 46.50000000000000000, -2.500000000000000000 ) ) ;
#746 = DIRECTION ( 'NONE',  ( 0.000000000000000000, 0.000000000000000000, -1.000000000000000000 ) ) ;
#747 = EDGE_CURVE ( 'NONE', #4571, #5934, #4217, .T. ) ;
#748 = ORIENTED_EDGE ( 'NONE', *, *, #3893, .F. ) ;
#749 = ORIENTED_EDGE ( 'NONE', *, *, #3297, .F. ) ;
#750 = EDGE_LOOP ( 'NONE', ( #4218, #1104 ) ) ;
#751 = EDGE_CURVE ( 'NONE', #1888, #1125, #3278, .T. ) ;
#752 = ORIENTED_EDGE ( 'NONE', *, *, #5926, .F. ) ;
#753 = CARTESIAN_POINT ( 'NONE',  ( 97.50000000000000000, 21.49999999999999645, -68.47374344848196870 ) ) ;
#754 = LINE ( 'NONE', #2492, #4486 ) ;
#755 = CARTESIAN_POINT ( 'NONE',  ( 105.5000000000000142, 8.000000000000000000, -52.47374344848196159 ) ) ;
#756 = LINE ( 'NONE', #4512, #3569 ) ;
#757 = LINE ( 'NONE', #788, #3483 ) ;
#758 = EDGE_LOOP ( 'NONE', ( #3820, #5470, #5995 ) ) ;
#759 = DIRECTION ( 'NONE',  ( -2.578203787678638882E-17, -0.000000000000000000, -1.000000000000000000 ) ) ;
#760 = ORIENTED_EDGE ( 'NONE', *, *, #2151, .F. ) ;
#761 = EDGE_CURVE ( 'NONE', #3446, #1601, #2937, .T. ) ;
#762 = CARTESIAN_POINT ( 'NONE',  ( -2.999999999999862776, 47.50000000000000000, -92.99999999999998579 ) ) ;
#763 = CARTESIAN_POINT ( 'NONE',  ( 96.50000000000000000, 46.50000000000000000, -9.500000000000001776 ) ) ;
#764 = DIRECTION ( 'NONE',  ( 0.8313644721333690590, -0.5557275541795677620, 0.000000000000000000 ) ) ;
#765 = VERTEX_POINT ( 'NONE', #5142 ) ;
#766 = DIRECTION ( 'NONE',  ( 0.000000000000000000, 0.000000000000000000, 1.000000000000000000 ) ) ;
#767 = ORIENTED_EDGE ( 'NONE', *, *, #3524, .T. ) ;
#768 = EDGE_LOOP ( 'NONE', ( #3933, #4192 ) ) ;
#769 = DIRECTION ( 'NONE',  ( 0.000000000000000000, 1.000000000000000000, 0.000000000000000000 ) ) ;
#770 = AXIS2_PLACEMENT_3D ( 'NONE', #3761, #4613, #5080 ) ;
#771 = DIRECTION ( 'NONE',  ( -0.000000000000000000, 1.000000000000000000, 0.000000000000000000 ) ) ;
#772 = DIRECTION ( 'NONE',  ( 0.000000000000000000, 0.000000000000000000, 1.000000000000000000 ) ) ;
#773 = CARTESIAN_POINT ( 'NONE',  ( 6.499999999999992006, 37.50000000000000000, -195.4999999999999716 ) ) ;
#774 = EDGE_CURVE ( 'NONE', #3603, #5647, #5633, .T. ) ;
#775 = EDGE_LOOP ( 'NONE', ( #3631, #5672, #917, #2471 ) ) ;
#776 = ORIENTED_EDGE ( 'NONE', *, *, #584, .T. ) ;
#777 = CIRCLE ( 'NONE', #3319, 1.000000000000000888 ) ;
#778 = VECTOR ( 'NONE', #3228, 1000.000000000000000 ) ;
#779 = VERTEX_POINT ( 'NONE', #571 ) ;
#780 = ORIENTED_EDGE ( 'NONE', *, *, #5428, .T. ) ;
#781 = AXIS2_PLACEMENT_3D ( 'NONE', #5104, #914, #1294 ) ;
#782 = LINE ( 'NONE', #1195, #1662 ) ;
#783 = CIRCLE ( 'NONE', #1191, 1.000000000000000888 ) ;
#784 = FACE_OUTER_BOUND ( 'NONE', #5500, .T. ) ;
#785 = CARTESIAN_POINT ( 'NONE',  ( 81.00000000000000000, 46.50000000000000000, -2.500000000000000000 ) ) ;
#786 = CARTESIAN_POINT ( 'NONE',  ( 97.50000000000000000, 7.000000000000000000, -51.47374344848196159 ) ) ;
#787 = CARTESIAN_POINT ( 'NONE',  ( 98.50000000000000000, 7.999999999999996447, -88.04374344848194767 ) ) ;
#788 = CARTESIAN_POINT ( 'NONE',  ( 2.500000000000016875, 2.500000000000002220, -11.50000000000003730 ) ) ;
#789 = EDGE_LOOP ( 'NONE', ( #485, #4261, #1559, #6021 ) ) ;
#790 = ADVANCED_FACE ( 'NONE', ( #1536 ), #5230, .T. ) ;
#791 = DIRECTION ( 'NONE',  ( 0.000000000000000000, -1.000000000000000000, 0.000000000000000000 ) ) ;
#792 = ORIENTED_EDGE ( 'NONE', *, *, #5288, .F. ) ;
#793 = EDGE_CURVE ( 'NONE', #1475, #4524, #2100, .T. ) ;
#794 = AXIS2_PLACEMENT_3D ( 'NONE', #3895, #3865, #5735 ) ;
#795 = EDGE_CURVE ( 'NONE', #909, #910, #4381, .T. ) ;
#796 = DIRECTION ( 'NONE',  ( 1.000000000000000000, 0.000000000000000000, -8.673617379884028570E-16 ) ) ;
#797 = DIRECTION ( 'NONE',  ( 0.000000000000000000, -1.000000000000000000, 0.000000000000000000 ) ) ;
#798 = LINE ( 'NONE', #2583, #1332 ) ;
#799 = CARTESIAN_POINT ( 'NONE',  ( 88.50000000000000000, 2.500000000000002220, -2.500000000000000444 ) ) ;
#800 = VECTOR ( 'NONE', #4709, 1000.000000000000000 ) ;
#801 = ORIENTED_EDGE ( 'NONE', *, *, #5582, .F. ) ;
#802 = FACE_OUTER_BOUND ( 'NONE', #2448, .T. ) ;
#803 = ORIENTED_EDGE ( 'NONE', *, *, #719, .T. ) ;
#804 = CARTESIAN_POINT ( 'NONE',  ( 96.50000000000000000, 2.500000000000002220, -10.50000000000000000 ) ) ;
#805 = FACE_BOUND ( 'NONE', #2278, .T. ) ;
#806 = DIRECTION ( 'NONE',  ( -0.000000000000000000, -0.000000000000000000, 1.000000000000000000 ) ) ;
#807 = CARTESIAN_POINT ( 'NONE',  ( 97.50000000000000000, 26.59999999999999787, -89.56374344848194369 ) ) ;
#808 = ADVANCED_FACE ( 'NONE', ( #1918 ), #2398, .T. ) ;
#809 = CARTESIAN_POINT ( 'NONE',  ( 100.0000000000000000, 7.999999999999986677, -210.0000000000000000 ) ) ;
#810 = ORIENTED_EDGE ( 'NONE', *, *, #4325, .F. ) ;
#811 = ORIENTED_EDGE ( 'NONE', *, *, #79, .T. ) ;
#812 = EDGE_CURVE ( 'NONE', #3298, #1919, #5199, .T. ) ;
#813 = EDGE_LOOP ( 'NONE', ( #2022, #2163, #2808, #4292 ) ) ;
#814 = EDGE_LOOP ( 'NONE', ( #4689, #4140, #2002, #1509 ) ) ;
#815 = EDGE_CURVE ( 'NONE', #4648, #5102, #1222, .T. ) ;
#816 =( NAMED_UNIT ( * ) PLANE_ANGLE_UNIT ( ) SI_UNIT ( $, .RADIAN. ) );
#817 = CARTESIAN_POINT ( 'NONE',  ( -5.815307244990785662, 12.25499999999999723, -130.0000000000000000 ) ) ;
#818 = CIRCLE ( 'NONE', #2487, 3.750000000000010214 ) ;
#819 = CARTESIAN_POINT ( 'NONE',  ( 11.50000000000001066, 46.50000000000000000, -198.4999999999999716 ) ) ;
#820 = AXIS2_PLACEMENT_3D ( 'NONE', #2999, #4821, #1566 ) ;
#821 = DIRECTION ( 'NONE',  ( 0.000000000000000000, 0.000000000000000000, 1.000000000000000000 ) ) ;
#822 = LINE ( 'NONE', #5895, #3269 ) ;
#823 = AXIS2_PLACEMENT_3D ( 'NONE', #366, #3095, #3553 ) ;
#824 = ORIENTED_EDGE ( 'NONE', *, *, #2784, .T. ) ;
#825 = VERTEX_POINT ( 'NONE', #1508 ) ;
#826 = AXIS2_PLACEMENT_3D ( 'NONE', #221, #660, #689 ) ;
#827 = CARTESIAN_POINT ( 'NONE',  ( -40.24999999999999289, 47.50000000000000000, -200.9999999999999716 ) ) ;
#828 = DIRECTION ( 'NONE',  ( 0.000000000000000000, -0.000000000000000000, 1.000000000000000000 ) ) ;
#829 = EDGE_CURVE ( 'NONE', #3944, #5649, #5170, .T. ) ;
#830 = CARTESIAN_POINT ( 'NONE',  ( 67.74999999999998579, 55.00000000000000000, -210.0000000000000000 ) ) ;
#831 = CARTESIAN_POINT ( 'NONE',  ( -1.000000000000002442, 46.50000000000000000, -91.99999999999998579 ) ) ;
#832 = ADVANCED_BREP_SHAPE_REPRESENTATION ( 'motherboard_case_bottom v2', ( #5020, #728 ), #2790 ) ;
#833 = ORIENTED_EDGE ( 'NONE', *, *, #3078, .F. ) ;
#834 = EDGE_CURVE ( 'NONE', #5406, #5923, #2453, .T. ) ;
#835 = FACE_BOUND ( 'NONE', #1589, .T. ) ;
#836 = EDGE_LOOP ( 'NONE', ( #5158, #3146, #536, #4869 ) ) ;
#837 = EDGE_LOOP ( 'NONE', ( #3107, #1693 ) ) ;
#838 = ADVANCED_FACE ( 'NONE', ( #113 ), #36, .F. ) ;
#839 = CARTESIAN_POINT ( 'NONE',  ( 11.49999999999999467, 2.500000000000000000, -11.50000000000000000 ) ) ;
#840 = ADVANCED_FACE ( 'NONE', ( #5257 ), #3974, .T. ) ;
#841 = VECTOR ( 'NONE', #3010, 1000.000000000000000 ) ;
#842 =( BOUNDED_CURVE ( )  B_SPLINE_CURVE ( 3, ( #4589, #5058, #867, #1345 ),
 .UNSPECIFIED., .F., .F. ) 
 B_SPLINE_CURVE_WITH_KNOTS ( ( 4, 4 ),
 ( 0.000000000000000000, 1.570796326794896558 ),
 .UNSPECIFIED. ) 
 CURVE ( )  GEOMETRIC_REPRESENTATION_ITEM ( )  RATIONAL_B_SPLINE_CURVE ( ( 1.000000000000000000, 0.8047378541243649375, 0.8047378541243649375, 1.000000000000000000 ) ) 
 REPRESENTATION_ITEM ( '' )  );
#843 = AXIS2_PLACEMENT_3D ( 'NONE', #3836, #2532, #4377 ) ;
#844 = DIRECTION ( 'NONE',  ( 1.000000000000000000, 0.000000000000000000, 0.000000000000000000 ) ) ;
#845 = PLANE ( 'NONE',  #406 ) ;
#846 = ADVANCED_FACE ( 'NONE', ( #4880 ), #4910, .T. ) ;
#847 = DIRECTION ( 'NONE',  ( 0.000000000000000000, -1.000000000000000000, 0.000000000000000000 ) ) ;
#848 = DIRECTION ( 'NONE',  ( -1.000000000000000000, -4.373252460445734383E-16, 0.000000000000000000 ) ) ;
#849 = ORIENTED_EDGE ( 'NONE', *, *, #3109, .F. ) ;
#850 = ORIENTED_EDGE ( 'NONE', *, *, #4042, .F. ) ;
#851 = ORIENTED_EDGE ( 'NONE', *, *, #4673, .T. ) ;
#852 = ORIENTED_EDGE ( 'NONE', *, *, #2690, .F. ) ;
#853 = DIRECTION ( 'NONE',  ( 0.000000000000000000, -1.000000000000000000, 0.000000000000000000 ) ) ;
#854 = LINE ( 'NONE', #2836, #3904 ) ;
#855 = CARTESIAN_POINT ( 'NONE',  ( 11.49999999999999645, 46.50000000000000000, -2.500000000000000000 ) ) ;
#856 = ADVANCED_FACE ( 'NONE', ( #5816 ), #1654, .F. ) ;
#857 = CYLINDRICAL_SURFACE ( 'NONE', #2873, 1.000000000000000000 ) ;
#858 = CARTESIAN_POINT ( 'NONE',  ( -32.50000000000000711, 10.50000000000000178, -199.5000000000000000 ) ) ;
#859 = ORIENTED_EDGE ( 'NONE', *, *, #1938, .T. ) ;
#860 = EDGE_LOOP ( 'NONE', ( #3148, #4515, #3448, #1686 ) ) ;
#861 = CYLINDRICAL_SURFACE ( 'NONE', #1169, 0.9999999999999997780 ) ;
#862 = LINE ( 'NONE', #3058, #3082 ) ;
#863 = CARTESIAN_POINT ( 'NONE',  ( 97.49999999999997158, 21.91421356237309226, -67.88795701085504675 ) ) ;
#864 = DIRECTION ( 'NONE',  ( 0.000000000000000000, -0.000000000000000000, 1.000000000000000000 ) ) ;
#865 = ORIENTED_EDGE ( 'NONE', *, *, #4632, .T. ) ;
#866 = DIRECTION ( 'NONE',  ( 1.000000000000000000, 0.000000000000000000, 0.000000000000000000 ) ) ;
#867 = CARTESIAN_POINT ( 'NONE',  ( 97.49999999999997158, 7.585786437626903300, -90.14952988610886564 ) ) ;
#868 = ORIENTED_EDGE ( 'NONE', *, *, #2117, .T. ) ;
#869 = DIRECTION ( 'NONE',  ( -0.000000000000000000, 1.000000000000000000, -0.000000000000000000 ) ) ;
#870 = DIRECTION ( 'NONE',  ( -1.000000000000000000, 0.000000000000000000, -0.000000000000000000 ) ) ;
#871 = DIRECTION ( 'NONE',  ( 0.000000000000000000, 0.000000000000000000, 1.000000000000000000 ) ) ;
#872 = DIRECTION ( 'NONE',  ( 1.000000000000000000, 0.000000000000000000, 0.000000000000000000 ) ) ;
#873 = CARTESIAN_POINT ( 'NONE',  ( 92.25000000000000000, 8.500000000000000000, -134.1737434484819573 ) ) ;
#874 = ORIENTED_EDGE ( 'NONE', *, *, #414, .T. ) ;
#875 = EDGE_LOOP ( 'NONE', ( #3320, #2153, #851, #5981 ) ) ;
#876 = ADVANCED_FACE ( 'NONE', ( #5374 ), #666, .T. ) ;
#877 = VECTOR ( 'NONE', #2668, 1000.000000000000000 ) ;
#878 = AXIS2_PLACEMENT_3D ( 'NONE', #5779, #5746, #1479 ) ;
#879 = EDGE_LOOP ( 'NONE', ( #5554, #2314, #1726, #5138, #2614, #3100, #4937, #5260, #824, #4118, #283, #1457, #22, #874, #441, #1647, #138, #3932, #5404, #5311, #1855, #5215, #5323, #44, #5293, #3158, #2503, #893, #2796, #4963, #1570, #605 ) ) ;
#880 = ORIENTED_EDGE ( 'NONE', *, *, #2194, .T. ) ;
#881 = AXIS2_PLACEMENT_3D ( 'NONE', #3385, #3016, #1087 ) ;
#882 = DIRECTION ( 'NONE',  ( -1.000000000000000000, 0.000000000000000000, 0.000000000000000000 ) ) ;
#883 = CARTESIAN_POINT ( 'NONE',  ( 92.25000000000000000, 8.500000000000000000, -132.9237434484819573 ) ) ;
#884 = CARTESIAN_POINT ( 'NONE',  ( -3.469446951953614189E-15, 12.06000000000000050, -131.0000000000000000 ) ) ;
#885 = CARTESIAN_POINT ( 'NONE',  ( -3.130000000000003002, 12.05999999999999872, -130.0000000000000000 ) ) ;
#886 = AXIS2_PLACEMENT_3D ( 'NONE', #5119, #930, #1046 ) ;
#887 = ORIENTED_EDGE ( 'NONE', *, *, #3521, .F. ) ;
#888 = ORIENTED_EDGE ( 'NONE', *, *, #466, .T. ) ;
#889 = AXIS2_PLACEMENT_3D ( 'NONE', #3595, #4994, #3199 ) ;
#890 = CARTESIAN_POINT ( 'NONE',  ( -1.000000000000005329, 1.000000000000000888, -198.5000000000000000 ) ) ;
#891 = LINE ( 'NONE', #5569, #5408 ) ;
#892 = ORIENTED_EDGE ( 'NONE', *, *, #2343, .T. ) ;
#893 = ORIENTED_EDGE ( 'NONE', *, *, #963, .T. ) ;
#894 = ORIENTED_EDGE ( 'NONE', *, *, #3794, .F. ) ;
#895 = AXIS2_PLACEMENT_3D ( 'NONE', #3400, #2974, #2373 ) ;
#896 = DIRECTION ( 'NONE',  ( -1.000000000000000000, 0.000000000000000000, 0.000000000000000000 ) ) ;
#897 = FACE_BOUND ( 'NONE', #4019, .T. ) ;
#898 = DIRECTION ( 'NONE',  ( -1.000000000000000000, 0.000000000000000000, 0.000000000000000000 ) ) ;
#899 = FACE_OUTER_BOUND ( 'NONE', #5438, .T. ) ;
#900 = CIRCLE ( 'NONE', #1676, 3.750000000000003553 ) ;
#901 = DIRECTION ( 'NONE',  ( -2.578203787678638882E-17, 0.000000000000000000, -1.000000000000000000 ) ) ;
#902 = DIRECTION ( 'NONE',  ( 1.734723475976805517E-15, 0.000000000000000000, 1.000000000000000000 ) ) ;
#903 = ADVANCED_FACE ( 'NONE', ( #5320, #5401, #1231, #4390, #1633 ), #2968, .T. ) ;
#904 = ORIENTED_EDGE ( 'NONE', *, *, #2180, .T. ) ;
#905 = ORIENTED_EDGE ( 'NONE', *, *, #520, .F. ) ;
#906 = ADVANCED_FACE ( 'NONE', ( #4327 ), #2148, .F. ) ;
#907 = CIRCLE ( 'NONE', #3645, 1.500000000000001332 ) ;
#908 = EDGE_CURVE ( 'NONE', #508, #909, #3489, .T. ) ;
#909 = VERTEX_POINT ( 'NONE', #144 ) ;
#910 = VERTEX_POINT ( 'NONE', #2035 ) ;
#911 = EDGE_CURVE ( 'NONE', #5077, #3966, #3425, .T. ) ;
#912 = ORIENTED_EDGE ( 'NONE', *, *, #5786, .T. ) ;
#913 = ADVANCED_FACE ( 'NONE', ( #4453 ), #2575, .T. ) ;
#914 = DIRECTION ( 'NONE',  ( -0.000000000000000000, -1.000000000000000000, -0.000000000000000000 ) ) ;
#915 = CARTESIAN_POINT ( 'NONE',  ( 96.50000000000000000, 3.500000000000000000, -10.50000000000000000 ) ) ;
#916 = EDGE_LOOP ( 'NONE', ( #5769, #4086 ) ) ;
#917 = ORIENTED_EDGE ( 'NONE', *, *, #1372, .T. ) ;
#918 = AXIS2_PLACEMENT_3D ( 'NONE', #5552, #1378, #902 ) ;
#919 = DIRECTION ( 'NONE',  ( 0.000000000000000000, 0.000000000000000000, 1.000000000000000000 ) ) ;
#920 = VECTOR ( 'NONE', #611, 1000.000000000000000 ) ;
#921 = CARTESIAN_POINT ( 'NONE',  ( 98.50000000000000000, 25.59999999999999787, -90.56374344848194369 ) ) ;
#922 = CARTESIAN_POINT ( 'NONE',  ( 100.0000000000000000, 7.999999999999998224, -90.56374344848194369 ) ) ;
#923 = EDGE_CURVE ( 'NONE', #3603, #6046, #3571, .T. ) ;
#924 = ORIENTED_EDGE ( 'NONE', *, *, #2517, .F. ) ;
#925 = CARTESIAN_POINT ( 'NONE',  ( 2.500000000000016875, 46.50000000000000000, -10.50000000000000000 ) ) ;
#926 = ORIENTED_EDGE ( 'NONE', *, *, #4836, .F. ) ;
#927 = AXIS2_PLACEMENT_3D ( 'NONE', #2126, #265, #5536 ) ;
#928 = FACE_OUTER_BOUND ( 'NONE', #3556, .T. ) ;
#929 = FACE_OUTER_BOUND ( 'NONE', #1392, .T. ) ;
#930 = DIRECTION ( 'NONE',  ( -0.000000000000000000, -1.000000000000000000, -0.000000000000000000 ) ) ;
#931 = LINE ( 'NONE', #2802, #1895 ) ;
#932 = DIRECTION ( 'NONE',  ( 0.000000000000000000, 0.000000000000000000, 1.000000000000000000 ) ) ;
#933 = CARTESIAN_POINT ( 'NONE',  ( 92.25000000000000000, 2.500000000000000444, -33.82374344848196301 ) ) ;
#934 = VECTOR ( 'NONE', #2567, 1000.000000000000000 ) ;
#935 = DIRECTION ( 'NONE',  ( 4.373252460445734383E-16, -1.000000000000000000, 0.000000000000000000 ) ) ;
#936 = LINE ( 'NONE', #5096, #5821 ) ;
#937 = CIRCLE ( 'NONE', #1727, 3.750000000000003553 ) ;
#938 = ADVANCED_FACE ( 'NONE', ( #5781 ), #1600, .T. ) ;
#939 = VECTOR ( 'NONE', #4745, 1000.000000000000000 ) ;
#940 = EDGE_LOOP ( 'NONE', ( #392, #833, #1806, #378 ) ) ;
#941 = ORIENTED_EDGE ( 'NONE', *, *, #1872, .T. ) ;
#942 = ADVANCED_FACE ( 'NONE', ( #4423 ), #233, .T. ) ;
#943 = EDGE_LOOP ( 'NONE', ( #5291, #1859, #904, #1451 ) ) ;
#944 = DIRECTION ( 'NONE',  ( -0.000000000000000000, -0.000000000000000000, 1.000000000000000000 ) ) ;
#945 = CARTESIAN_POINT ( 'NONE',  ( 86.00000000000000000, 3.500000000000000000, 0.000000000000000000 ) ) ;
#946 = ORIENTED_EDGE ( 'NONE', *, *, #2280, .T. ) ;
#947 = VERTEX_POINT ( 'NONE', #417 ) ;
#948 = CARTESIAN_POINT ( 'NONE',  ( 87.75000000000000000, 35.00000000000000000, -201.9999999999999716 ) ) ;
#949 = DIRECTION ( 'NONE',  ( 0.000000000000000000, 1.000000000000000000, 0.000000000000000000 ) ) ;
#950 = DIRECTION ( 'NONE',  ( -0.000000000000000000, -1.000000000000000000, -0.000000000000000000 ) ) ;
#951 = ORIENTED_EDGE ( 'NONE', *, *, #192, .F. ) ;
#952 = CARTESIAN_POINT ( 'NONE',  ( 11.49999999999999645, 3.500000000000000000, -3.500000000000000000 ) ) ;
#953 = ORIENTED_EDGE ( 'NONE', *, *, #2447, .T. ) ;
#954 = CYLINDRICAL_SURFACE ( 'NONE', #3166, 1.000000000000000888 ) ;
#955 = EDGE_CURVE ( 'NONE', #2515, #2792, #2182, .T. ) ;
#956 = CARTESIAN_POINT ( 'NONE',  ( 9.499999999999998224, 46.50000000000000000, -191.4999999999999716 ) ) ;
#957 = CARTESIAN_POINT ( 'NONE',  ( 90.50000000000001421, 47.50000000000000000, -9.500000000000001776 ) ) ;
#958 = CYLINDRICAL_SURFACE ( 'NONE', #2551, 1.000000000000000000 ) ;
#959 = FACE_OUTER_BOUND ( 'NONE', #342, .T. ) ;
#960 = LINE ( 'NONE', #1870, #4727 ) ;
#961 = DIRECTION ( 'NONE',  ( -0.000000000000000000, -1.000000000000000000, -0.000000000000000000 ) ) ;
#962 = ORIENTED_EDGE ( 'NONE', *, *, #2720, .T. ) ;
#963 = EDGE_CURVE ( 'NONE', #5890, #174, #5987, .T. ) ;
#964 = ORIENTED_EDGE ( 'NONE', *, *, #2374, .T. ) ;
#965 = ORIENTED_EDGE ( 'NONE', *, *, #2081, .F. ) ;
#966 = AXIS2_PLACEMENT_3D ( 'NONE', #4186, #1394, #3215 ) ;
#967 = CARTESIAN_POINT ( 'NONE',  ( 1.000000000000000000, 46.50000000000000000, -2.578203787678638882E-17 ) ) ;
#968 = DIRECTION ( 'NONE',  ( -0.000000000000000000, -1.000000000000000000, -0.000000000000000000 ) ) ;
#969 = ORIENTED_EDGE ( 'NONE', *, *, #5561, .T. ) ;
#970 = ORIENTED_EDGE ( 'NONE', *, *, #3076, .F. ) ;
#971 = AXIS2_PLACEMENT_3D ( 'NONE', #4323, #3422, #169 ) ;
#972 = CARTESIAN_POINT ( 'NONE',  ( 97.49999999999997158, 7.585786437626901524, -88.45795701085501150 ) ) ;
#973 = VECTOR ( 'NONE', #1670, 1000.000000000000000 ) ;
#974 = EDGE_CURVE ( 'NONE', #3612, #1876, #2306, .T. ) ;
#975 = DIRECTION ( 'NONE',  ( 0.000000000000000000, 0.000000000000000000, 1.000000000000000000 ) ) ;
#976 = CARTESIAN_POINT ( 'NONE',  ( 90.50000000000001421, 47.50000000000000000, -10.50000000000000000 ) ) ;
#977 = EDGE_LOOP ( 'NONE', ( #1637, #5489, #5907, #965 ) ) ;
#978 = EDGE_CURVE ( 'NONE', #3354, #4720, #5901, .T. ) ;
#979 = DIRECTION ( 'NONE',  ( 0.000000000000000000, -1.000000000000000000, 0.000000000000000000 ) ) ;
#980 = ORIENTED_EDGE ( 'NONE', *, *, #2360, .T. ) ;
#981 = EDGE_CURVE ( 'NONE', #5447, #3574, #822, .T. ) ;
#982 = DIRECTION ( 'NONE',  ( 0.000000000000000000, 0.000000000000000000, 1.000000000000000000 ) ) ;
#983 = AXIS2_PLACEMENT_3D ( 'NONE', #5266, #2948, #181 ) ;
#984 = EDGE_CURVE ( 'NONE', #1992, #4331, #1335, .T. ) ;
#985 = DIRECTION ( 'NONE',  ( 0.000000000000000000, 0.000000000000000000, 1.000000000000000000 ) ) ;
#986 = CARTESIAN_POINT ( 'NONE',  ( 60.00000000000000711, 39.00000000000000000, -201.9999999999999716 ) ) ;
#987 = CARTESIAN_POINT ( 'NONE',  ( 11.49999999999999645, 47.50000000000000000, -3.499999999999999556 ) ) ;
#988 = CARTESIAN_POINT ( 'NONE',  ( 10.49999999999999645, 47.50000000000000000, -2.500000000000000000 ) ) ;
#989 = PLANE ( 'NONE',  #4877 ) ;
#990 = VECTOR ( 'NONE', #4496, 1000.000000000000000 ) ;
#991 = CARTESIAN_POINT ( 'NONE',  ( 92.25000000000000000, 8.500000000000000000, -33.82374344848196301 ) ) ;
#992 = CARTESIAN_POINT ( 'NONE',  ( 88.50000000000001421, 2.500000000000000000, -10.50000000000000000 ) ) ;
#993 = CIRCLE ( 'NONE', #3727, 1.000000000000000888 ) ;
#994 = EDGE_CURVE ( 'NONE', #4619, #5880, #1320, .T. ) ;
#995 = DIRECTION ( 'NONE',  ( 0.000000000000000000, -0.000000000000000000, 1.000000000000000000 ) ) ;
#996 = ORIENTED_EDGE ( 'NONE', *, *, #5681, .T. ) ;
#997 = EDGE_LOOP ( 'NONE', ( #1063, #5834, #4684, #1273 ) ) ;
#998 = EDGE_LOOP ( 'NONE', ( #1356, #1210, #5767, #5653 ) ) ;
#999 = EDGE_CURVE ( 'NONE', #1651, #219, #3609, .T. ) ;
#1000 = AXIS2_PLACEMENT_3D ( 'NONE', #1952, #1105, #2063 ) ;
#1001 = CARTESIAN_POINT ( 'NONE',  ( -32.50000000000000711, 10.50000000000000178, -209.5000000000000284 ) ) ;
#1002 = CARTESIAN_POINT ( 'NONE',  ( 10.49999999999999467, 47.50000000000000000, -198.4999999999999716 ) ) ;
#1003 = EDGE_LOOP ( 'NONE', ( #287, #5925, #3110, #996 ) ) ;
#1004 = VERTEX_POINT ( 'NONE', #4577 ) ;
#1005 = DIRECTION ( 'NONE',  ( 0.000000000000000000, 0.000000000000000000, -1.000000000000000000 ) ) ;
#1006 = CARTESIAN_POINT ( 'NONE',  ( 88.50000000000000000, 47.50000000000000000, -1.500000000000000222 ) ) ;
#1007 = CARTESIAN_POINT ( 'NONE',  ( 90.00000000000000000, 35.00000000000000000, -201.9999999999999716 ) ) ;
#1008 = EDGE_LOOP ( 'NONE', ( #679, #4892, #73, #3184 ) ) ;
#1009 = FACE_OUTER_BOUND ( 'NONE', #4824, .T. ) ;
#1010 = VERTEX_POINT ( 'NONE', #4090 ) ;
#1011 = CARTESIAN_POINT ( 'NONE',  ( 97.49999999999997158, 7.585786437626900636, -100.9779570108550502 ) ) ;
#1012 = AXIS2_PLACEMENT_3D ( 'NONE', #3310, #5548, #1371 ) ;
#1013 = CARTESIAN_POINT ( 'NONE',  ( 9.499999999999998224, 2.500000000000000000, -192.4999999999999716 ) ) ;
#1014 = DIRECTION ( 'NONE',  ( 0.000000000000000000, 0.000000000000000000, 1.000000000000000000 ) ) ;
#1015 = DIRECTION ( 'NONE',  ( -0.000000000000000000, -1.000000000000000000, -0.000000000000000000 ) ) ;
#1016 = EDGE_CURVE ( 'NONE', #2687, #3519, #5131, .T. ) ;
#1017 = CARTESIAN_POINT ( 'NONE',  ( -5.204170427930421283E-15, 0.000000000000000000, -198.5000000000000000 ) ) ;
#1018 = FACE_OUTER_BOUND ( 'NONE', #440, .T. ) ;
#1019 = EDGE_CURVE ( 'NONE', #4933, #21, #756, .T. ) ;
#1020 = VECTOR ( 'NONE', #686, 1000.000000000000000 ) ;
#1021 = CIRCLE ( 'NONE', #331, 1.000000000000000000 ) ;
#1022 = DIRECTION ( 'NONE',  ( 0.000000000000000000, 1.000000000000000000, 0.000000000000000000 ) ) ;
#1023 = ORIENTED_EDGE ( 'NONE', *, *, #166, .F. ) ;
#1024 = CIRCLE ( 'NONE', #3363, 1.000000000000000888 ) ;
#1025 = VECTOR ( 'NONE', #1145, 1000.000000000000000 ) ;
#1026 = AXIS2_PLACEMENT_3D ( 'NONE', #4737, #5720, #2034 ) ;
#1027 = FACE_OUTER_BOUND ( 'NONE', #943, .T. ) ;
#1028 = ORIENTED_EDGE ( 'NONE', *, *, #5388, .F. ) ;
#1029 = EDGE_LOOP ( 'NONE', ( #1187, #4986, #442, #4675 ) ) ;
#1030 = AXIS2_PLACEMENT_3D ( 'NONE', #5645, #3745, #1496 ) ;
#1031 = AXIS2_PLACEMENT_3D ( 'NONE', #3315, #3348, #5210 ) ;
#1032 = ADVANCED_FACE ( 'NONE', ( #2664 ), #5436, .T. ) ;
#1033 = AXIS2_PLACEMENT_3D ( 'NONE', #4829, #647, #3857 ) ;
#1034 = DIRECTION ( 'NONE',  ( -0.000000000000000000, -1.000000000000000000, -0.000000000000000000 ) ) ;
#1035 = ORIENTED_EDGE ( 'NONE', *, *, #256, .F. ) ;
#1036 = ORIENTED_EDGE ( 'NONE', *, *, #4894, .T. ) ;
#1037 = EDGE_CURVE ( 'NONE', #3168, #4835, #4975, .T. ) ;
#1038 = CARTESIAN_POINT ( 'NONE',  ( -40.24999999999999289, 1.000000000000000888, -200.4999999999999716 ) ) ;
#1039 = LINE ( 'NONE', #5289, #5814 ) ;
#1040 = CARTESIAN_POINT ( 'NONE',  ( 6.499999999999994671, 37.50000000000000000, -6.500000000000000000 ) ) ;
#1041 = ORIENTED_EDGE ( 'NONE', *, *, #493, .T. ) ;
#1042 = CARTESIAN_POINT ( 'NONE',  ( 0.000000000000000000, 47.50000000000000000, -1.500000000000000222 ) ) ;
#1043 = ORIENTED_EDGE ( 'NONE', *, *, #530, .T. ) ;
#1044 = CARTESIAN_POINT ( 'NONE',  ( 100.0000000000000000, 25.59999999999999787, -90.56374344848194369 ) ) ;
#1045 = CARTESIAN_POINT ( 'NONE',  ( 92.25000000000000000, 8.500000000000000000, -134.1737434484819573 ) ) ;
#1046 = DIRECTION ( 'NONE',  ( 0.000000000000000000, 0.000000000000000000, -1.000000000000000000 ) ) ;
#1047 = CARTESIAN_POINT ( 'NONE',  ( 97.50000000000000000, 6.999999999999998224, -67.47374344848196870 ) ) ;
#1048 = LINE ( 'NONE', #3828, #2686 ) ;
#1049 = CARTESIAN_POINT ( 'NONE',  ( -1.000000000000003553, 26.49999999999999645, -130.0000000000000000 ) ) ;
#1050 = DIRECTION ( 'NONE',  ( 1.000000000000000000, 0.000000000000000000, 0.000000000000000000 ) ) ;
#1051 = CARTESIAN_POINT ( 'NONE',  ( 96.50000000000000000, 47.50000000000000000, -189.9999999999999716 ) ) ;
#1052 = ORIENTED_EDGE ( 'NONE', *, *, #5495, .F. ) ;
#1053 = CARTESIAN_POINT ( 'NONE',  ( 3.499999999999995115, 3.500000000000000000, -190.4999999999999716 ) ) ;
#1054 = CARTESIAN_POINT ( 'NONE',  ( -1.000000000000005329, 47.50000000000000000, -198.5000000000000000 ) ) ;
#1055 = ADVANCED_FACE ( 'NONE', ( #1298 ), #2633, .T. ) ;
#1056 = ORIENTED_EDGE ( 'NONE', *, *, #1339, .F. ) ;
#1057 = CARTESIAN_POINT ( 'NONE',  ( 6.499999999999992006, 37.50000000000000000, -195.4999999999999716 ) ) ;
#1058 = ORIENTED_EDGE ( 'NONE', *, *, #3832, .T. ) ;
#1059 = VERTEX_POINT ( 'NONE', #1331 ) ;
#1060 = ADVANCED_FACE ( 'NONE', ( #3183, #1261 ), #3116, .T. ) ;
#1061 = CARTESIAN_POINT ( 'NONE',  ( 20.00000000000000355, 47.49999999999997868, -2.085786437626904188 ) ) ;
#1062 = VERTEX_POINT ( 'NONE', #6019 ) ;
#1063 = ORIENTED_EDGE ( 'NONE', *, *, #263, .T. ) ;
#1064 = CIRCLE ( 'NONE', #473, 1.500000000000001332 ) ;
#1065 = CARTESIAN_POINT ( 'NONE',  ( 97.50000000000000000, 7.999999999999998224, -70.74374344848196472 ) ) ;
#1066 = CARTESIAN_POINT ( 'NONE',  ( 3.500000000000016875, 2.500000000000000000, -11.50000000000000000 ) ) ;
#1067 = DIRECTION ( 'NONE',  ( -0.000000000000000000, -1.000000000000000000, -0.000000000000000000 ) ) ;
#1068 = VECTOR ( 'NONE', #4359, 1000.000000000000000 ) ;
#1069 = VERTEX_POINT ( 'NONE', #858 ) ;
#1070 = DIRECTION ( 'NONE',  ( 0.000000000000000000, 0.000000000000000000, -1.000000000000000000 ) ) ;
#1071 = ORIENTED_EDGE ( 'NONE', *, *, #3479, .F. ) ;
#1072 = CARTESIAN_POINT ( 'NONE',  ( 97.91421356237310647, 7.999999999999996447, -100.5637434484819437 ) ) ;
#1073 = FACE_OUTER_BOUND ( 'NONE', #3073, .T. ) ;
#1074 = AXIS2_PLACEMENT_3D ( 'NONE', #4467, #4594, #4956 ) ;
#1075 = CARTESIAN_POINT ( 'NONE',  ( 3.499999999999995115, 3.500000000000000000, -190.4999999999999716 ) ) ;
#1076 = FACE_OUTER_BOUND ( 'NONE', #4129, .T. ) ;
#1077 = CARTESIAN_POINT ( 'NONE',  ( 100.0000000000000000, 7.999999999999996447, -88.04374344848194767 ) ) ;
#1078 = DIRECTION ( 'NONE',  ( 0.000000000000000000, 0.000000000000000000, -1.000000000000000000 ) ) ;
#1079 = DIRECTION ( 'NONE',  ( 0.000000000000000000, 0.000000000000000000, 1.000000000000000000 ) ) ;
#1080 = DIRECTION ( 'NONE',  ( -1.000000000000000000, 0.000000000000000000, 0.000000000000000000 ) ) ;
#1081 = ORIENTED_EDGE ( 'NONE', *, *, #3972, .T. ) ;
#1082 = CIRCLE ( 'NONE', #3423, 1.000000000000000888 ) ;
#1083 = EDGE_CURVE ( 'NONE', #5454, #3574, #1852, .T. ) ;
#1084 = CYLINDRICAL_SURFACE ( 'NONE', #5283, 0.9999999999999991118 ) ;
#1085 = DIRECTION ( 'NONE',  ( -1.000000000000000000, 0.000000000000000000, 0.000000000000000000 ) ) ;
#1086 = VECTOR ( 'NONE', #1572, 1000.000000000000000 ) ;
#1087 = DIRECTION ( 'NONE',  ( 1.000000000000000000, 0.000000000000000000, 0.000000000000000000 ) ) ;
#1088 = ADVANCED_FACE ( 'NONE', ( #5466 ), #4826, .T. ) ;
#1089 = ORIENTED_EDGE ( 'NONE', *, *, #5786, .F. ) ;
#1090 = ORIENTED_EDGE ( 'NONE', *, *, #1863, .F. ) ;
#1091 = ORIENTED_EDGE ( 'NONE', *, *, #345, .F. ) ;
#1092 = CARTESIAN_POINT ( 'NONE',  ( 0.9999999999999976685, 46.50000000000000000, -90.99999999999998579 ) ) ;
#1093 = AXIS2_PLACEMENT_3D ( 'NONE', #2321, #4194, #1865 ) ;
#1094 = EDGE_CURVE ( 'NONE', #4353, #2399, #5693, .T. ) ;
#1095 = EDGE_CURVE ( 'NONE', #4732, #3593, #1979, .T. ) ;
#1096 = CIRCLE ( 'NONE', #593, 1.000000000000000888 ) ;
#1097 = EDGE_CURVE ( 'NONE', #1367, #5570, #1540, .T. ) ;
#1098 = VERTEX_POINT ( 'NONE', #606 ) ;
#1099 = EDGE_CURVE ( 'NONE', #5480, #4571, #5282, .T. ) ;
#1100 = ORIENTED_EDGE ( 'NONE', *, *, #1549, .T. ) ;
#1101 = DIRECTION ( 'NONE',  ( 0.000000000000000000, -1.000000000000000000, -0.000000000000000000 ) ) ;
#1102 = DIRECTION ( 'NONE',  ( -1.000000000000000000, 0.000000000000000000, 0.000000000000000000 ) ) ;
#1103 = DIRECTION ( 'NONE',  ( 0.000000000000000000, 0.000000000000000000, 1.000000000000000000 ) ) ;
#1104 = ORIENTED_EDGE ( 'NONE', *, *, #5684, .F. ) ;
#1105 = DIRECTION ( 'NONE',  ( -0.000000000000000000, 1.000000000000000000, 0.000000000000000000 ) ) ;
#1106 = EDGE_LOOP ( 'NONE', ( #2287, #6054, #1734, #1861 ) ) ;
#1107 = DIRECTION ( 'NONE',  ( 2.168404344971009361E-16, -0.000000000000000000, 1.000000000000000000 ) ) ;
#1108 = DIRECTION ( 'NONE',  ( -1.000000000000000000, 0.000000000000000000, 0.000000000000000000 ) ) ;
#1109 = EDGE_CURVE ( 'NONE', #1714, #5285, #5056, .T. ) ;
#1110 = FACE_OUTER_BOUND ( 'NONE', #5172, .T. ) ;
#1111 = PLANE ( 'NONE',  #3480 ) ;
#1112 = ADVANCED_FACE ( 'NONE', ( #3853 ), #3399, .F. ) ;
#1113 = CARTESIAN_POINT ( 'NONE',  ( 92.25000000000000000, 3.499999999999999556, -33.82374344848196301 ) ) ;
#1114 = CARTESIAN_POINT ( 'NONE',  ( 15.94999999999996376, 2.500000000000000444, -135.6737434499999893 ) ) ;
#1115 = DIRECTION ( 'NONE',  ( 0.000000000000000000, 1.000000000000000000, 0.000000000000000000 ) ) ;
#1116 = DIRECTION ( 'NONE',  ( 0.000000000000000000, 0.000000000000000000, 1.000000000000000000 ) ) ;
#1117 = ORIENTED_EDGE ( 'NONE', *, *, #1672, .T. ) ;
#1118 = APPLICATION_CONTEXT ( 'automotive_design' ) ;
#1119 = DIRECTION ( 'NONE',  ( -0.000000000000000000, -3.469446951953617640E-16, -1.000000000000000000 ) ) ;
#1120 = CARTESIAN_POINT ( 'NONE',  ( 15.95000000000000639, 2.500000000000000444, -35.32374345000000204 ) ) ;
#1121 = VECTOR ( 'NONE', #2389, 1000.000000000000000 ) ;
#1122 = CARTESIAN_POINT ( 'NONE',  ( 90.50000000000001421, 46.50000000000000000, -10.50000000000000000 ) ) ;
#1123 = VECTOR ( 'NONE', #4702, 1000.000000000000000 ) ;
#1124 = AXIS2_PLACEMENT_3D ( 'NONE', #5605, #1434, #67 ) ;
#1125 = VERTEX_POINT ( 'NONE', #4827 ) ;
#1126 = ORIENTED_EDGE ( 'NONE', *, *, #3210, .F. ) ;
#1127 = CARTESIAN_POINT ( 'NONE',  ( 15.95000000000000639, 3.499999999999999556, -33.82374345000000204 ) ) ;
#1128 = AXIS2_PLACEMENT_3D ( 'NONE', #1127, #1649, #2082 ) ;
#1129 = AXIS2_PLACEMENT_3D ( 'NONE', #819, #1229, #2694 ) ;
#1130 = CIRCLE ( 'NONE', #1030, 1.000000000000000000 ) ;
#1131 = VECTOR ( 'NONE', #1558, 1000.000000000000000 ) ;
#1132 = EDGE_CURVE ( 'NONE', #2781, #458, #576, .T. ) ;
#1133 = EDGE_LOOP ( 'NONE', ( #2931, #4409, #4425, #4104 ) ) ;
#1134 = VERTEX_POINT ( 'NONE', #4856 ) ;
#1135 = VECTOR ( 'NONE', #1685, 1000.000000000000000 ) ;
#1136 = DIRECTION ( 'NONE',  ( 0.000000000000000000, 1.000000000000000000, 0.000000000000000000 ) ) ;
#1137 = PLANE ( 'NONE',  #5031 ) ;
#1138 = VECTOR ( 'NONE', #2945, 1000.000000000000000 ) ;
#1139 = DIRECTION ( 'NONE',  ( 1.000000000000000000, -0.000000000000000000, 0.000000000000000000 ) ) ;
#1140 = CARTESIAN_POINT ( 'NONE',  ( 105.5000000000000142, 7.999999999999998224, -90.56374344848194369 ) ) ;
#1141 = VERTEX_POINT ( 'NONE', #5785 ) ;
#1142 = LINE ( 'NONE', #5724, #3874 ) ;
#1143 = EDGE_CURVE ( 'NONE', #3137, #4978, #632, .T. ) ;
#1144 = ORIENTED_EDGE ( 'NONE', *, *, #125, .T. ) ;
#1145 = DIRECTION ( 'NONE',  ( 2.578203787678638882E-17, 0.000000000000000000, 1.000000000000000000 ) ) ;
#1146 = LINE ( 'NONE', #579, #5755 ) ;
#1147 = CARTESIAN_POINT ( 'NONE',  ( 97.50000000000000000, 6.999999999999998224, -89.56374344848194369 ) ) ;
#1148 = LINE ( 'NONE', #4280, #4629 ) ;
#1149 = CIRCLE ( 'NONE', #693, 1.000000000000000888 ) ;
#1150 = CARTESIAN_POINT ( 'NONE',  ( 11.50000000000001066, 3.500000000000000000, -198.4999999999999716 ) ) ;
#1151 = VERTEX_POINT ( 'NONE', #1044 ) ;
#1152 = CARTESIAN_POINT ( 'NONE',  ( 92.25000000000000000, 35.00000000000000000, -210.0000000000000000 ) ) ;
#1153 = CARTESIAN_POINT ( 'NONE',  ( 97.49999999999997158, 26.01421356237309723, -90.14952988610886564 ) ) ;
#1154 = DIRECTION ( 'NONE',  ( 0.000000000000000000, 0.000000000000000000, 1.000000000000000000 ) ) ;
#1155 = ORIENTED_EDGE ( 'NONE', *, *, #1941, .T. ) ;
#1156 = VERTEX_POINT ( 'NONE', #673 ) ;
#1157 = CARTESIAN_POINT ( 'NONE',  ( 2.500000000000016875, 46.50000000000000000, -11.50000000000003730 ) ) ;
#1158 = ADVANCED_FACE ( 'NONE', ( #2550 ), #3429, .F. ) ;
#1159 = ORIENTED_EDGE ( 'NONE', *, *, #3970, .F. ) ;
#1160 = ORIENTED_EDGE ( 'NONE', *, *, #4325, .T. ) ;
#1161 = CYLINDRICAL_SURFACE ( 'NONE', #2546, 1.000000000000000888 ) ;
#1162 = CARTESIAN_POINT ( 'NONE',  ( -12.50000000000000711, 30.00000000000000000, -199.5000000000000000 ) ) ;
#1163 = EDGE_CURVE ( 'NONE', #1475, #4351, #5295, .T. ) ;
#1164 = CARTESIAN_POINT ( 'NONE',  ( -1.000000000000002220, 32.05999999999999517, -80.00000000000000000 ) ) ;
#1165 = CARTESIAN_POINT ( 'NONE',  ( 0.9999999999999976685, 47.50000000000000000, -90.99999999999998579 ) ) ;
#1166 = EDGE_LOOP ( 'NONE', ( #1299, #5879, #5339, #5532 ) ) ;
#1167 = LINE ( 'NONE', #3031, #3102 ) ;
#1168 = ORIENTED_EDGE ( 'NONE', *, *, #4204, .F. ) ;
#1169 = AXIS2_PLACEMENT_3D ( 'NONE', #3680, #6022, #3733 ) ;
#1170 = CARTESIAN_POINT ( 'NONE',  ( 60.00000000000000000, 66.94999999999998863, -210.0000000000000000 ) ) ;
#1171 = EDGE_CURVE ( 'NONE', #5818, #5924, #4742, .T. ) ;
#1172 = CARTESIAN_POINT ( 'NONE',  ( 11.49999999999999645, 3.500000000000000000, -3.500000000000000000 ) ) ;
#1173 = LINE ( 'NONE', #3036, #3962 ) ;
#1174 = AXIS2_PLACEMENT_3D ( 'NONE', #5371, #5340, #4878 ) ;
#1175 = EDGE_CURVE ( 'NONE', #2865, #4093, #4366, .T. ) ;
#1176 = CARTESIAN_POINT ( 'NONE',  ( 6.499999999999992006, 47.50000000000000000, -195.4999999999999716 ) ) ;
#1177 = EDGE_CURVE ( 'NONE', #5480, #2419, #2941, .T. ) ;
#1178 = CYLINDRICAL_SURFACE ( 'NONE', #4733, 2.750000000000002665 ) ;
#1179 = ADVANCED_FACE ( 'NONE', ( #148 ), #2402, .F. ) ;
#1180 = TOROIDAL_SURFACE ( 'NONE', #4874, 3.749999999999999112, 1.000000000000000000 ) ;
#1181 = LINE ( 'NONE', #5358, #1292 ) ;
#1182 = DIRECTION ( 'NONE',  ( 0.000000000000000000, 0.000000000000000000, 1.000000000000000000 ) ) ;
#1183 = PLANE ( 'NONE',  #5370 ) ;
#1184 = AXIS2_PLACEMENT_3D ( 'NONE', #4773, #5307, #251 ) ;
#1185 = FACE_OUTER_BOUND ( 'NONE', #1529, .T. ) ;
#1186 = ORIENTED_EDGE ( 'NONE', *, *, #1143, .F. ) ;
#1187 = ORIENTED_EDGE ( 'NONE', *, *, #5903, .F. ) ;
#1188 = DIRECTION ( 'NONE',  ( -0.000000000000000000, 1.000000000000000000, -0.000000000000000000 ) ) ;
#1189 = EDGE_CURVE ( 'NONE', #3220, #3074, #1488, .T. ) ;
#1190 = AXIS2_PLACEMENT_3D ( 'NONE', #6017, #5045, #1785 ) ;
#1191 = AXIS2_PLACEMENT_3D ( 'NONE', #1582, #4348, #3894 ) ;
#1192 = ORIENTED_EDGE ( 'NONE', *, *, #2006, .T. ) ;
#1193 = ORIENTED_EDGE ( 'NONE', *, *, #774, .F. ) ;
#1194 = AXIS2_PLACEMENT_3D ( 'NONE', #1053, #3930, #1085 ) ;
#1195 = CARTESIAN_POINT ( 'NONE',  ( 15.95000000000000639, 8.500000000000000000, -31.07374344999999849 ) ) ;
#1196 = CARTESIAN_POINT ( 'NONE',  ( 97.91421356237310647, 7.999999999999998224, -67.47374344848196870 ) ) ;
#1197 = DIRECTION ( 'NONE',  ( 0.000000000000000000, -0.000000000000000000, 1.000000000000000000 ) ) ;
#1198 = SPHERICAL_SURFACE ( 'NONE', #50, 1.000000000000000000 ) ;
#1199 = VERTEX_POINT ( 'NONE', #1170 ) ;
#1200 = FACE_OUTER_BOUND ( 'NONE', #5849, .T. ) ;
#1201 = VERTEX_POINT ( 'NONE', #3033 ) ;
#1202 = EDGE_CURVE ( 'NONE', #5649, #2209, #2595, .T. ) ;
#1203 = DIRECTION ( 'NONE',  ( 0.000000000000000000, 1.000000000000000000, 0.000000000000000000 ) ) ;
#1204 = CYLINDRICAL_SURFACE ( 'NONE', #1800, 1.000000000000000888 ) ;
#1205 = VECTOR ( 'NONE', #5571, 1000.000000000000000 ) ;
#1206 = FACE_OUTER_BOUND ( 'NONE', #4784, .T. ) ;
#1207 = LINE ( 'NONE', #4922, #1439 ) ;
#1208 = ORIENTED_EDGE ( 'NONE', *, *, #467, .F. ) ;
#1209 = CARTESIAN_POINT ( 'NONE',  ( 87.00000000000001421, 46.50000000000000000, -200.4999999999999716 ) ) ;
#1210 = ORIENTED_EDGE ( 'NONE', *, *, #2249, .T. ) ;
#1211 = DIRECTION ( 'NONE',  ( 1.000000000000000000, 0.000000000000000000, 0.000000000000000000 ) ) ;
#1212 = DIRECTION ( 'NONE',  ( 1.000000000000000000, 0.000000000000000000, 0.000000000000000000 ) ) ;
#1213 = DIRECTION ( 'NONE',  ( 0.000000000000000000, 0.000000000000000000, 1.000000000000000000 ) ) ;
#1214 = EDGE_CURVE ( 'NONE', #765, #4756, #5337, .T. ) ;
#1215 = CARTESIAN_POINT ( 'NONE',  ( 80.00000000000000000, 6.500000000000000000, -2.499999999999999556 ) ) ;
#1216 = ORIENTED_EDGE ( 'NONE', *, *, #978, .F. ) ;
#1217 = ORIENTED_EDGE ( 'NONE', *, *, #5505, .T. ) ;
#1218 = AXIS2_PLACEMENT_3D ( 'NONE', #2165, #5450, #1246 ) ;
#1219 = TOROIDAL_SURFACE ( 'NONE', #2876, 2.000000000000000000, 1.000000000000000000 ) ;
#1220 = ORIENTED_EDGE ( 'NONE', *, *, #3351, .T. ) ;
#1221 = AXIS2_PLACEMENT_3D ( 'NONE', #2805, #3256, #4657 ) ;
#1222 = CIRCLE ( 'NONE', #5125, 2.250000000000001776 ) ;
#1223 = ORIENTED_EDGE ( 'NONE', *, *, #3005, .F. ) ;
#1224 = VECTOR ( 'NONE', #2662, 1000.000000000000000 ) ;
#1225 = EDGE_CURVE ( 'NONE', #5338, #4021, #403, .T. ) ;
#1226 = CIRCLE ( 'NONE', #1128, 2.749999999999999112 ) ;
#1227 = DIRECTION ( 'NONE',  ( 0.000000000000000000, 1.000000000000000000, 0.000000000000000000 ) ) ;
#1228 = DIRECTION ( 'NONE',  ( -0.000000000000000000, -1.000000000000000000, -0.000000000000000000 ) ) ;
#1229 = DIRECTION ( 'NONE',  ( -0.000000000000000000, -1.000000000000000000, -0.000000000000000000 ) ) ;
#1230 = DIRECTION ( 'NONE',  ( -4.358601698434191620E-16, 1.000000000000000000, -0.000000000000000000 ) ) ;
#1231 = FACE_BOUND ( 'NONE', #2600, .T. ) ;
#1232 = CARTESIAN_POINT ( 'NONE',  ( 15.95000000000000639, 8.500000000000000000, -33.82374345000000204 ) ) ;
#1233 = ORIENTED_EDGE ( 'NONE', *, *, #642, .F. ) ;
#1234 = DIRECTION ( 'NONE',  ( 0.000000000000000000, 0.000000000000000000, -1.000000000000000000 ) ) ;
#1235 = VERTEX_POINT ( 'NONE', #1157 ) ;
#1236 = VECTOR ( 'NONE', #2127, 1000.000000000000000 ) ;
#1237 = EDGE_CURVE ( 'NONE', #3130, #4835, #2928, .T. ) ;
#1238 = CIRCLE ( 'NONE', #4241, 1.000000000000000888 ) ;
#1239 = CARTESIAN_POINT ( 'NONE',  ( 98.50000000000000000, 12.69999999999999574, -89.04374344848194767 ) ) ;
#1240 = CARTESIAN_POINT ( 'NONE',  ( -3.130000000000003002, 26.49999999999999645, -130.0000000000000000 ) ) ;
#1241 = DIRECTION ( 'NONE',  ( -0.000000000000000000, -1.000000000000000000, -0.000000000000000000 ) ) ;
#1242 = ORIENTED_EDGE ( 'NONE', *, *, #5833, .F. ) ;
#1243 = CARTESIAN_POINT ( 'NONE',  ( 98.50000000000000000, 25.59999999999999787, -100.5637434484819437 ) ) ;
#1244 = EDGE_LOOP ( 'NONE', ( #2940, #3486, #924, #3174 ) ) ;
#1245 = ORIENTED_EDGE ( 'NONE', *, *, #1290, .T. ) ;
#1246 = DIRECTION ( 'NONE',  ( 0.000000000000000000, 0.000000000000000000, 1.000000000000000000 ) ) ;
#1247 = CARTESIAN_POINT ( 'NONE',  ( 10.49999999999999467, 47.50000000000000000, -10.50000000000000000 ) ) ;
#1248 = DIRECTION ( 'NONE',  ( 0.000000000000000000, 0.000000000000000000, 1.000000000000000000 ) ) ;
#1249 = DIRECTION ( 'NONE',  ( 0.000000000000000000, 1.000000000000000000, -0.000000000000000000 ) ) ;
#1250 = ORIENTED_EDGE ( 'NONE', *, *, #4597, .F. ) ;
#1251 = ORIENTED_EDGE ( 'NONE', *, *, #2380, .T. ) ;
#1252 = EDGE_CURVE ( 'NONE', #194, #4446, #5836, .T. ) ;
#1253 = EDGE_CURVE ( 'NONE', #3353, #1882, #2753, .T. ) ;
#1254 = ORIENTED_EDGE ( 'NONE', *, *, #4148, .T. ) ;
#1255 = EDGE_CURVE ( 'NONE', #4844, #2687, #4447, .T. ) ;
#1256 = ORIENTED_EDGE ( 'NONE', *, *, #192, .T. ) ;
#1257 = CARTESIAN_POINT ( 'NONE',  ( 88.50000000000000000, 46.50000000000000000, -3.499999999999999556 ) ) ;
#1258 = LINE ( 'NONE', #2463, #4290 ) ;
#1259 = DIRECTION ( 'NONE',  ( 0.000000000000000000, 1.000000000000000000, 0.000000000000000000 ) ) ;
#1260 = CARTESIAN_POINT ( 'NONE',  ( -40.24999999999999289, 39.00000000000000000, -200.9999999999999716 ) ) ;
#1261 = FACE_OUTER_BOUND ( 'NONE', #4174, .T. ) ;
#1262 = DIRECTION ( 'NONE',  ( -0.000000000000000000, -1.000000000000000000, -0.000000000000000000 ) ) ;
#1263 = VERTEX_POINT ( 'NONE', #592 ) ;
#1264 = CARTESIAN_POINT ( 'NONE',  ( 88.50000000000001421, 2.500000000000000000, -3.499999999999999556 ) ) ;
#1265 = EDGE_LOOP ( 'NONE', ( #5128, #1707 ) ) ;
#1266 = EDGE_CURVE ( 'NONE', #2957, #5276, #5800, .T. ) ;
#1267 = CARTESIAN_POINT ( 'NONE',  ( 100.0000000000000000, 8.000000000000000000, -52.47374344848196159 ) ) ;
#1268 = DIRECTION ( 'NONE',  ( 0.000000000000000000, 0.000000000000000000, 1.000000000000000000 ) ) ;
#1269 = DIRECTION ( 'NONE',  ( -0.5557275541795678730, -0.8313644721333691701, 0.000000000000000000 ) ) ;
#1270 = CARTESIAN_POINT ( 'NONE',  ( 97.50000000000000000, 3.500000000000000000, -188.9999999999999716 ) ) ;
#1271 = ORIENTED_EDGE ( 'NONE', *, *, #4159, .F. ) ;
#1272 = ORIENTED_EDGE ( 'NONE', *, *, #1237, .T. ) ;
#1273 = ORIENTED_EDGE ( 'NONE', *, *, #5461, .T. ) ;
#1274 = DIRECTION ( 'NONE',  ( 0.000000000000000000, -1.000000000000000000, 0.000000000000000000 ) ) ;
#1275 = VECTOR ( 'NONE', #93, 1000.000000000000000 ) ;
#1276 = CARTESIAN_POINT ( 'NONE',  ( 98.50000000000000000, 7.999999999999996447, -88.04374344848194767 ) ) ;
#1277 = DIRECTION ( 'NONE',  ( -1.000000000000000000, 0.000000000000000000, 0.000000000000000000 ) ) ;
#1278 = LINE ( 'NONE', #5854, #973 ) ;
#1279 = PLANE ( 'NONE',  #35 ) ;
#1280 = EDGE_CURVE ( 'NONE', #449, #3663, #3470, .T. ) ;
#1281 = EDGE_LOOP ( 'NONE', ( #1997, #4316, #3485, #4208 ) ) ;
#1282 = ORIENTED_EDGE ( 'NONE', *, *, #4708, .F. ) ;
#1283 = AXIS2_PLACEMENT_3D ( 'NONE', #5397, #320, #727 ) ;
#1284 = EDGE_CURVE ( 'NONE', #4803, #2850, #3903, .T. ) ;
#1285 = PRESENTATION_LAYER_ASSIGNMENT (  '', '', ( #185 ) ) ;
#1286 = EDGE_LOOP ( 'NONE', ( #2751, #3590, #4903, #5033 ) ) ;
#1287 = ORIENTED_EDGE ( 'NONE', *, *, #911, .T. ) ;
#1288 = VECTOR ( 'NONE', #3181, 1000.000000000000000 ) ;
#1289 = EDGE_CURVE ( 'NONE', #1651, #1779, #3449, .T. ) ;
#1290 = EDGE_CURVE ( 'NONE', #397, #5321, #133, .T. ) ;
#1291 = CARTESIAN_POINT ( 'NONE',  ( 88.50000000000000000, 46.50000000000000000, -2.500000000000000000 ) ) ;
#1292 = VECTOR ( 'NONE', #5830, 1000.000000000000000 ) ;
#1293 = ADVANCED_FACE ( 'NONE', ( #2054 ), #1716, .T. ) ;
#1294 = DIRECTION ( 'NONE',  ( 0.000000000000000000, 0.000000000000000000, 1.000000000000000000 ) ) ;
#1295 = DIRECTION ( 'NONE',  ( 0.000000000000000000, 0.000000000000000000, 1.000000000000000000 ) ) ;
#1296 = EDGE_CURVE ( 'NONE', #2881, #4091, #5910, .T. ) ;
#1297 = DIRECTION ( 'NONE',  ( 0.000000000000000000, -0.000000000000000000, 1.000000000000000000 ) ) ;
#1298 = FACE_OUTER_BOUND ( 'NONE', #860, .T. ) ;
#1299 = ORIENTED_EDGE ( 'NONE', *, *, #2846, .T. ) ;
#1300 = CARTESIAN_POINT ( 'NONE',  ( -2.385244779468109755E-15, 46.50000000000000000, -91.99999999999998579 ) ) ;
#1301 = ORIENTED_EDGE ( 'NONE', *, *, #4229, .F. ) ;
#1302 = AXIS2_PLACEMENT_3D ( 'NONE', #2435, #5359, #4749 ) ;
#1303 = CARTESIAN_POINT ( 'NONE',  ( 98.50000000000000000, 7.000000000000000000, -52.47374344848196159 ) ) ;
#1304 = CARTESIAN_POINT ( 'NONE',  ( 100.0000000000000000, 12.69999999999999574, -88.04374344848194767 ) ) ;
#1305 = LINE ( 'NONE', #4921, #5610 ) ;
#1306 = CARTESIAN_POINT ( 'NONE',  ( 11.49999999999999645, 46.50000000000000000, -1.500000000000000222 ) ) ;
#1307 = ORIENTED_EDGE ( 'NONE', *, *, #3893, .T. ) ;
#1308 = CARTESIAN_POINT ( 'NONE',  ( 81.00000000000000000, 47.50000000000000000, -1.499999999999999556 ) ) ;
#1309 = ORIENTED_EDGE ( 'NONE', *, *, #3892, .F. ) ;
#1310 = ORIENTED_EDGE ( 'NONE', *, *, #1563, .F. ) ;
#1311 = DIRECTION ( 'NONE',  ( 0.000000000000000000, -1.000000000000000000, 0.000000000000000000 ) ) ;
#1312 = EDGE_CURVE ( 'NONE', #1413, #449, #3077, .T. ) ;
#1313 = CIRCLE ( 'NONE', #4310, 1.000000000000000888 ) ;
#1314 = FACE_BOUND ( 'NONE', #5113, .T. ) ;
#1315 = DIRECTION ( 'NONE',  ( 0.000000000000000000, 0.000000000000000000, -1.000000000000000000 ) ) ;
#1316 = LINE ( 'NONE', #5029, #4480 ) ;
#1317 = FACE_OUTER_BOUND ( 'NONE', #1904, .T. ) ;
#1318 = ORIENTED_EDGE ( 'NONE', *, *, #713, .F. ) ;
#1319 = ORIENTED_EDGE ( 'NONE', *, *, #5428, .F. ) ;
#1320 =( BOUNDED_CURVE ( )  B_SPLINE_CURVE ( 3, ( #1721, #1787, #3642, #295 ),
 .UNSPECIFIED., .F., .F. ) 
 B_SPLINE_CURVE_WITH_KNOTS ( ( 4, 4 ),
 ( 3.141592653589793116, 4.712388980384689674 ),
 .UNSPECIFIED. ) 
 CURVE ( )  GEOMETRIC_REPRESENTATION_ITEM ( )  RATIONAL_B_SPLINE_CURVE ( ( 1.000000000000000000, 0.8047378541243649375, 0.8047378541243649375, 1.000000000000000000 ) ) 
 REPRESENTATION_ITEM ( '' )  );
#1321 = EDGE_CURVE ( 'NONE', #3901, #4855, #1226, .T. ) ;
#1322 = VERTEX_POINT ( 'NONE', #3870 ) ;
#1323 = ORIENTED_EDGE ( 'NONE', *, *, #1550, .T. ) ;
#1324 = CIRCLE ( 'NONE', #1623, 1.000000000000000888 ) ;
#1325 = ORIENTED_EDGE ( 'NONE', *, *, #1225, .T. ) ;
#1326 = FACE_OUTER_BOUND ( 'NONE', #2991, .T. ) ;
#1327 = CARTESIAN_POINT ( 'NONE',  ( -5.471982704841312474E-15, 40.41421356237308515, -199.0857864376268935 ) ) ;
#1328 = VECTOR ( 'NONE', #1437, 1000.000000000000000 ) ;
#1329 = AXIS2_PLACEMENT_3D ( 'NONE', #3087, #5748, #4942 ) ;
#1330 = DIRECTION ( 'NONE',  ( 1.000000000000000000, 0.000000000000000000, 0.000000000000000000 ) ) ;
#1331 = CARTESIAN_POINT ( 'NONE',  ( 60.00000000000000711, 70.45000000000000284, -201.9999999999999716 ) ) ;
#1332 = VECTOR ( 'NONE', #1340, 1000.000000000000000 ) ;
#1333 = ORIENTED_EDGE ( 'NONE', *, *, #5622, .T. ) ;
#1334 = ORIENTED_EDGE ( 'NONE', *, *, #5622, .F. ) ;
#1335 = CIRCLE ( 'NONE', #726, 1.000000000000000888 ) ;
#1336 = TOROIDAL_SURFACE ( 'NONE', #4730, 2.000000000000000000, 1.000000000000000000 ) ;
#1337 = DIRECTION ( 'NONE',  ( 0.000000000000000000, 0.000000000000000000, 1.000000000000000000 ) ) ;
#1338 = FACE_OUTER_BOUND ( 'NONE', #5070, .T. ) ;
#1339 = EDGE_CURVE ( 'NONE', #1346, #4933, #4237, .T. ) ;
#1340 = DIRECTION ( 'NONE',  ( -0.000000000000000000, 1.000000000000000000, -0.000000000000000000 ) ) ;
#1341 = EDGE_CURVE ( 'NONE', #4855, #3518, #5220, .T. ) ;
#1342 = FACE_OUTER_BOUND ( 'NONE', #4057, .T. ) ;
#1343 = VERTEX_POINT ( 'NONE', #3507 ) ;
#1344 = DIRECTION ( 'NONE',  ( 0.000000000000000000, -1.156482317317871725E-16, -1.000000000000000000 ) ) ;
#1345 = CARTESIAN_POINT ( 'NONE',  ( 97.50000000000000000, 6.999999999999998224, -89.56374344848194369 ) ) ;
#1346 = VERTEX_POINT ( 'NONE', #717 ) ;
#1347 = CARTESIAN_POINT ( 'NONE',  ( -2.346165446787560440E-15, 46.50000000000000000, -90.99999999999998579 ) ) ;
#1349 = CIRCLE ( 'NONE', #636, 1.000000000000000888 ) ;
#1348 = DIRECTION ( 'NONE',  ( 0.000000000000000000, 0.000000000000000000, 1.000000000000000000 ) ) ;
#1350 = CARTESIAN_POINT ( 'NONE',  ( -1.000000000000002220, 26.49999999999999645, -80.00000000000000000 ) ) ;
#1351 = CARTESIAN_POINT ( 'NONE',  ( -1.000000000000003109, 43.50000000000009948, -91.99999999999998579 ) ) ;
#1352 = CARTESIAN_POINT ( 'NONE',  ( 92.25000000000000000, 8.500000000000000000, -33.82374344848196301 ) ) ;
#1353 = DIRECTION ( 'NONE',  ( -0.000000000000000000, 1.000000000000000000, -0.000000000000000000 ) ) ;
#1354 = VERTEX_POINT ( 'NONE', #2993 ) ;
#1355 = ORIENTED_EDGE ( 'NONE', *, *, #79, .F. ) ;
#1356 = ORIENTED_EDGE ( 'NONE', *, *, #1678, .T. ) ;
#1357 = CARTESIAN_POINT ( 'NONE',  ( -39.24999999999999289, 1.000000000000000000, -200.9999999999999716 ) ) ;
#1358 = LINE ( 'NONE', #5075, #5217 ) ;
#1359 = DIRECTION ( 'NONE',  ( 0.000000000000000000, 1.000000000000000000, 0.000000000000000000 ) ) ;
#1360 = ORIENTED_EDGE ( 'NONE', *, *, #2681, .T. ) ;
#1361 = ORIENTED_EDGE ( 'NONE', *, *, #4092, .T. ) ;
#1362 = EDGE_CURVE ( 'NONE', #3573, #5039, #5761, .T. ) ;
#1363 = DIRECTION ( 'NONE',  ( 0.000000000000000000, 0.000000000000000000, 1.000000000000000000 ) ) ;
#1364 = DIRECTION ( 'NONE',  ( 1.000000000000000000, 0.000000000000000000, 0.000000000000000000 ) ) ;
#1365 = DIRECTION ( 'NONE',  ( 0.000000000000000000, 0.000000000000000000, 1.000000000000000000 ) ) ;
#1366 = DIRECTION ( 'NONE',  ( -4.358601698434192113E-16, 1.000000000000000000, 0.000000000000000000 ) ) ;
#1367 = VERTEX_POINT ( 'NONE', #2528 ) ;
#1368 = DIRECTION ( 'NONE',  ( 1.000000000000000000, -0.000000000000000000, -0.000000000000000000 ) ) ;
#1369 = ORIENTED_EDGE ( 'NONE', *, *, #1321, .T. ) ;
#1370 = ORIENTED_EDGE ( 'NONE', *, *, #1854, .F. ) ;
#1371 = DIRECTION ( 'NONE',  ( 1.000000000000000000, 0.000000000000000000, 0.000000000000000000 ) ) ;
#1372 = EDGE_CURVE ( 'NONE', #2209, #5649, #4053, .T. ) ;
#1373 = ADVANCED_FACE ( 'NONE', ( #3983 ), #4561, .F. ) ;
#1374 = CARTESIAN_POINT ( 'NONE',  ( -40.24999999999998579, 1.000000000000000888, -199.4999999999999716 ) ) ;
#1375 = CARTESIAN_POINT ( 'NONE',  ( -3.130000000000002114, 14.04999999999999893, -130.0000000000000000 ) ) ;
#1376 = EDGE_CURVE ( 'NONE', #5942, #1343, #3160, .T. ) ;
#1377 = DIRECTION ( 'NONE',  ( 0.000000000000000000, 0.000000000000000000, -1.000000000000000000 ) ) ;
#1378 = DIRECTION ( 'NONE',  ( -0.000000000000000000, -1.000000000000000000, -0.000000000000000000 ) ) ;
#1379 = ADVANCED_FACE ( 'NONE', ( #3531 ), #5030, .F. ) ;
#1380 = CARTESIAN_POINT ( 'NONE',  ( -2.578203787678561845E-17, 46.50000000000000000, -1.000000000000000000 ) ) ;
#1381 = ORIENTED_EDGE ( 'NONE', *, *, #981, .T. ) ;
#1382 = AXIS2_PLACEMENT_3D ( 'NONE', #5237, #2976, #2552 ) ;
#1383 = AXIS2_PLACEMENT_3D ( 'NONE', #2603, #4451, #262 ) ;
#1384 = ORIENTED_EDGE ( 'NONE', *, *, #1972, .T. ) ;
#1385 = EDGE_LOOP ( 'NONE', ( #227, #258, #4017, #2226 ) ) ;
#1386 = VECTOR ( 'NONE', #3105, 1000.000000000000000 ) ;
#1387 = CARTESIAN_POINT ( 'NONE',  ( -1.000000000000002220, 12.05999999999999872, -80.00000000000000000 ) ) ;
#1388 = CARTESIAN_POINT ( 'NONE',  ( 9.499999999999998224, 3.500000000000003109, -192.4999999999999716 ) ) ;
#1389 = DIRECTION ( 'NONE',  ( 0.000000000000000000, -1.000000000000000000, 0.000000000000000000 ) ) ;
#1390 = VECTOR ( 'NONE', #759, 1000.000000000000000 ) ;
#1391 = ORIENTED_EDGE ( 'NONE', *, *, #2895, .T. ) ;
#1392 = EDGE_LOOP ( 'NONE', ( #48, #3127, #351, #2196 ) ) ;
#1393 = AXIS2_PLACEMENT_3D ( 'NONE', #5027, #3626, #4531 ) ;
#1394 = DIRECTION ( 'NONE',  ( 1.000000000000000000, 0.000000000000000000, 0.000000000000000000 ) ) ;
#1395 = CARTESIAN_POINT ( 'NONE',  ( -40.24999999999999289, 47.50000000000000000, -200.4999999999999716 ) ) ;
#1396 = LINE ( 'NONE', #3126, #3756 ) ;
#1397 = ORIENTED_EDGE ( 'NONE', *, *, #2525, .T. ) ;
#1398 = CARTESIAN_POINT ( 'NONE',  ( -3.130000000000003890, 4.509999999999999787, -130.0000000000000000 ) ) ;
#1399 = ORIENTED_EDGE ( 'NONE', *, *, #4958, .F. ) ;
#1400 = LINE ( 'NONE', #3251, #2119 ) ;
#1401 = EDGE_CURVE ( 'NONE', #652, #3669, #4928, .T. ) ;
#1402 = CARTESIAN_POINT ( 'NONE',  ( 11.50000000000001066, 46.50000000000000000, -200.4999999999999716 ) ) ;
#1403 = FACE_OUTER_BOUND ( 'NONE', #2601, .T. ) ;
#1404 = DIRECTION ( 'NONE',  ( 0.000000000000000000, -1.000000000000000000, 0.000000000000000000 ) ) ;
#1405 = CIRCLE ( 'NONE', #4793, 1.000000000000000888 ) ;
#1406 = FACE_OUTER_BOUND ( 'NONE', #4572, .T. ) ;
#1407 = FACE_OUTER_BOUND ( 'NONE', #4690, .T. ) ;
#1408 = DIRECTION ( 'NONE',  ( -1.000000000000000000, 0.000000000000000000, 0.000000000000000000 ) ) ;
#1409 = EDGE_CURVE ( 'NONE', #3654, #4091, #2987, .T. ) ;
#1410 = VECTOR ( 'NONE', #2911, 1000.000000000000000 ) ;
#1411 = ORIENTED_EDGE ( 'NONE', *, *, #5864, .T. ) ;
#1412 = EDGE_LOOP ( 'NONE', ( #3791, #167, #2219, #3678, #5717, #4882, #1921, #5216 ) ) ;
#1413 = VERTEX_POINT ( 'NONE', #1347 ) ;
#1414 = CYLINDRICAL_SURFACE ( 'NONE', #11, 1.000000000000000000 ) ;
#1415 = CARTESIAN_POINT ( 'NONE',  ( -0.1055728090000781216, 41.71114561800016673, -91.44721359549993167 ) ) ;
#1416 = CARTESIAN_POINT ( 'NONE',  ( 15.94999999999996376, 3.499999999999999556, -135.6737434499999893 ) ) ;
#1417 = ORIENTED_EDGE ( 'NONE', *, *, #3969, .F. ) ;
#1418 = EDGE_CURVE ( 'NONE', #5459, #623, #5482, .T. ) ;
#1419 = ORIENTED_EDGE ( 'NONE', *, *, #3321, .F. ) ;
#1420 = UNCERTAINTY_MEASURE_WITH_UNIT (LENGTH_MEASURE( 1.000000000000000082E-05 ), #2631, 'distance_accuracy_value', 'NONE');
#1421 = CIRCLE ( 'NONE', #5312, 1.400000000000000133 ) ;
#1422 = CARTESIAN_POINT ( 'NONE',  ( 92.25000000000000000, 8.500000000000000000, -35.32374344848195591 ) ) ;
#1423 = CIRCLE ( 'NONE', #4530, 2.750000000000009326 ) ;
#1424 = FACE_OUTER_BOUND ( 'NONE', #1937, .T. ) ;
#1425 = CARTESIAN_POINT ( 'NONE',  ( 92.25000000000000000, 8.500000000000000000, -135.6737434484819573 ) ) ;
#1426 = ORIENTED_EDGE ( 'NONE', *, *, #4846, .T. ) ;
#1427 = DIRECTION ( 'NONE',  ( 0.000000000000000000, 0.000000000000000000, 1.000000000000000000 ) ) ;
#1428 = ORIENTED_EDGE ( 'NONE', *, *, #499, .F. ) ;
#1429 = DIRECTION ( 'NONE',  ( 0.000000000000000000, -1.000000000000000000, 0.000000000000000000 ) ) ;
#1430 = AXIS2_PLACEMENT_3D ( 'NONE', #5815, #1295, #3085 ) ;
#1431 = FACE_OUTER_BOUND ( 'NONE', #2534, .T. ) ;
#1432 = CARTESIAN_POINT ( 'NONE',  ( -3.130000000000003002, 6.500000000000000888, -130.0000000000000000 ) ) ;
#1433 = AXIS2_PLACEMENT_3D ( 'NONE', #3831, #5355, #4748 ) ;
#1434 = DIRECTION ( 'NONE',  ( 0.000000000000000000, 1.000000000000000000, -0.000000000000000000 ) ) ;
#1435 = PLANE ( 'NONE',  #2556 ) ;
#1436 = AXIS2_PLACEMENT_3D ( 'NONE', #3101, #4464, #1799 ) ;
#1437 = DIRECTION ( 'NONE',  ( 0.000000000000000000, 1.000000000000000000, -0.000000000000000000 ) ) ;
#1438 = CARTESIAN_POINT ( 'NONE',  ( -2.634753436143122009E-15, 41.41988184645385473, -91.15594982395361967 ) ) ;
#1439 = VECTOR ( 'NONE', #2160, 1000.000000000000000 ) ;
#1440 = DIRECTION ( 'NONE',  ( 0.000000000000000000, 2.312964634635743450E-16, 1.000000000000000000 ) ) ;
#1441 = EDGE_LOOP ( 'NONE', ( #3293, #3539, #4212, #5514 ) ) ;
#1442 = ORIENTED_EDGE ( 'NONE', *, *, #584, .F. ) ;
#1443 = CARTESIAN_POINT ( 'NONE',  ( 0.000000000000000000, 47.50000000000000000, 0.000000000000000000 ) ) ;
#1444 = APPLICATION_CONTEXT ( 'automotive_design' ) ;
#1445 = ORIENTED_EDGE ( 'NONE', *, *, #3657, .F. ) ;
#1446 = ADVANCED_FACE ( 'NONE', ( #4040 ), #4728, .F. ) ;
#1447 = EDGE_CURVE ( 'NONE', #5934, #1888, #371, .T. ) ;
#1448 = ADVANCED_FACE ( 'NONE', ( #276 ), #710, .F. ) ;
#1449 = CARTESIAN_POINT ( 'NONE',  ( 98.50000000000000000, 7.999999999999992895, -100.5637434484819437 ) ) ;
#1450 = ORIENTED_EDGE ( 'NONE', *, *, #716, .F. ) ;
#1451 = ORIENTED_EDGE ( 'NONE', *, *, #639, .T. ) ;
#1452 = LINE ( 'NONE', #1422, #479 ) ;
#1453 = DIRECTION ( 'NONE',  ( -0.000000000000000000, 2.312964634635743450E-16, 1.000000000000000000 ) ) ;
#1454 = CARTESIAN_POINT ( 'NONE',  ( -3.130000000000002114, 24.50999999999999801, -130.0000000000000000 ) ) ;
#1455 = ORIENTED_EDGE ( 'NONE', *, *, #4067, .T. ) ;
#1456 = DIRECTION ( 'NONE',  ( 0.000000000000000000, 0.000000000000000000, -1.000000000000000000 ) ) ;
#1457 = ORIENTED_EDGE ( 'NONE', *, *, #2097, .T. ) ;
#1458 = ADVANCED_FACE ( 'NONE', ( #5024 ), #2586, .F. ) ;
#1459 = FACE_OUTER_BOUND ( 'NONE', #5997, .T. ) ;
#1460 = CARTESIAN_POINT ( 'NONE',  ( 80.00000000000000000, 7.500000000000000000, 0.000000000000000000 ) ) ;
#1461 = LINE ( 'NONE', #986, #4115 ) ;
#1462 = CARTESIAN_POINT ( 'NONE',  ( 11.49999999999999645, 3.500000000000000000, -198.4999999999999716 ) ) ;
#1463 = CARTESIAN_POINT ( 'NONE',  ( 72.25000000000000000, 55.00000000000000000, -210.0000000000000000 ) ) ;
#1464 = LINE ( 'NONE', #1896, #3323 ) ;
#1465 = CARTESIAN_POINT ( 'NONE',  ( 60.00000000000000711, 47.50000000000000000, -201.9999999999999716 ) ) ;
#1466 = LINE ( 'NONE', #4138, #2027 ) ;
#1467 = ADVANCED_FACE ( 'NONE', ( #5915 ), #1737, .T. ) ;
#1468 = LINE ( 'NONE', #3318, #5364 ) ;
#1469 = ORIENTED_EDGE ( 'NONE', *, *, #4245, .F. ) ;
#1470 = ORIENTED_EDGE ( 'NONE', *, *, #2089, .T. ) ;
#1471 = CIRCLE ( 'NONE', #3706, 1.000000000000000888 ) ;
#1472 = CARTESIAN_POINT ( 'NONE',  ( -5.815307244990785662, 26.30500000000000327, -130.0000000000000000 ) ) ;
#1473 = LINE ( 'NONE', #77, #4319 ) ;
#1474 = ORIENTED_EDGE ( 'NONE', *, *, #1938, .F. ) ;
#1475 = VERTEX_POINT ( 'NONE', #839 ) ;
#1476 = VECTOR ( 'NONE', #5719, 1000.000000000000000 ) ;
#1477 = EDGE_CURVE ( 'NONE', #3966, #1978, #2255, .T. ) ;
#1478 = EDGE_CURVE ( 'NONE', #5538, #2969, #4528, .T. ) ;
#1479 = DIRECTION ( 'NONE',  ( 0.000000000000000000, -1.000000000000000000, 0.000000000000000000 ) ) ;
#1480 = EDGE_CURVE ( 'NONE', #3851, #1674, #3358, .T. ) ;
#1481 = VECTOR ( 'NONE', #3290, 1000.000000000000000 ) ;
#1482 = LINE ( 'NONE', #546, #3175 ) ;
#1483 = DIRECTION ( 'NONE',  ( -1.000000000000000000, 0.000000000000000000, 0.000000000000000000 ) ) ;
#1484 = ORIENTED_EDGE ( 'NONE', *, *, #4229, .T. ) ;
#1485 = CARTESIAN_POINT ( 'NONE',  ( 48.72159142431875267, 70.45000000000000284, -201.9999999999999716 ) ) ;
#1486 = ORIENTED_EDGE ( 'NONE', *, *, #4332, .T. ) ;
#1487 = EDGE_CURVE ( 'NONE', #1062, #3387, #2870, .T. ) ;
#1488 = LINE ( 'NONE', #5823, #5715 ) ;
#1489 = AXIS2_PLACEMENT_3D ( 'NONE', #945, #2842, #3300 ) ;
#1490 = DIRECTION ( 'NONE',  ( 1.000000000000000000, 0.000000000000000000, -0.000000000000000000 ) ) ;
#1491 = DIRECTION ( 'NONE',  ( 0.000000000000000000, 1.000000000000000000, -0.000000000000000000 ) ) ;
#1492 = CARTESIAN_POINT ( 'NONE',  ( -0.4142135623730986982, 26.50000000000000000, -130.0000000000000000 ) ) ;
#1493 = LINE ( 'NONE', #1017, #228 ) ;
#1494 = CIRCLE ( 'NONE', #3041, 2.250000000000001776 ) ;
#1495 = CARTESIAN_POINT ( 'NONE',  ( -5.117734518542097889E-15, 1.000000000000000888, -198.5000000000000000 ) ) ;
#1496 = DIRECTION ( 'NONE',  ( 1.000000000000000000, 0.000000000000000000, 0.000000000000000000 ) ) ;
#1497 = EDGE_CURVE ( 'NONE', #508, #4980, #5387, .T. ) ;
#1498 = CIRCLE ( 'NONE', #2279, 1.000000000000000888 ) ;
#1499 = DIRECTION ( 'NONE',  ( 0.000000000000000000, 0.000000000000000000, 1.000000000000000000 ) ) ;
#1500 = EDGE_LOOP ( 'NONE', ( #2635, #6038, #641, #3779 ) ) ;
#1501 = ORIENTED_EDGE ( 'NONE', *, *, #4711, .F. ) ;
#1502 = EDGE_CURVE ( 'NONE', #1992, #1134, #3476, .T. ) ;
#1503 = DIRECTION ( 'NONE',  ( 0.000000000000000000, 1.000000000000000000, 0.000000000000000000 ) ) ;
#1504 = VERTEX_POINT ( 'NONE', #4649 ) ;
#1505 = VERTEX_POINT ( 'NONE', #5637 ) ;
#1506 = DIRECTION ( 'NONE',  ( 0.000000000000000000, 0.000000000000000000, 1.000000000000000000 ) ) ;
#1507 = DIRECTION ( 'NONE',  ( 0.000000000000000000, 0.000000000000000000, 1.000000000000000000 ) ) ;
#1508 = CARTESIAN_POINT ( 'NONE',  ( 15.94999999999996376, 2.499999999999999556, -139.4237434499999893 ) ) ;
#1509 = ORIENTED_EDGE ( 'NONE', *, *, #2783, .F. ) ;
#1510 = CARTESIAN_POINT ( 'NONE',  ( 93.50000000000000000, 37.50000000000000000, -6.500000000000000000 ) ) ;
#1511 = VERTEX_POINT ( 'NONE', #1954 ) ;
#1512 = CARTESIAN_POINT ( 'NONE',  ( -5.815307244990788327, 6.304999999999996163, -130.0000000000000000 ) ) ;
#1513 = CIRCLE ( 'NONE', #4908, 1.000000000000000000 ) ;
#1514 = FACE_OUTER_BOUND ( 'NONE', #4786, .T. ) ;
#1515 = AXIS2_PLACEMENT_3D ( 'NONE', #95, #5699, #2070 ) ;
#1516 = CARTESIAN_POINT ( 'NONE',  ( -1.000000000000002220, 12.05999999999999872, -80.00000000000000000 ) ) ;
#1517 = DIRECTION ( 'NONE',  ( 1.000000000000000000, -0.000000000000000000, -0.000000000000000000 ) ) ;
#1518 = DIRECTION ( 'NONE',  ( 0.000000000000000000, 0.000000000000000000, 1.000000000000000000 ) ) ;
#1519 = DIRECTION ( 'NONE',  ( 0.000000000000000000, -0.000000000000000000, 1.000000000000000000 ) ) ;
#1520 = DIRECTION ( 'NONE',  ( 1.000000000000000000, 0.000000000000000000, 0.000000000000000000 ) ) ;
#1521 = AXIS2_PLACEMENT_3D ( 'NONE', #5122, #3744, #5525 ) ;
#1522 = VECTOR ( 'NONE', #1793, 1000.000000000000000 ) ;
#1523 = CARTESIAN_POINT ( 'NONE',  ( 15.94999999999996376, 2.500000000000000000, -135.6737434499999893 ) ) ;
#1524 = AXIS2_PLACEMENT_3D ( 'NONE', #4549, #5931, #5563 ) ;
#1525 = CYLINDRICAL_SURFACE ( 'NONE', #2371, 1.000000000000000888 ) ;
#1526 = FACE_OUTER_BOUND ( 'NONE', #4999, .T. ) ;
#1527 = CARTESIAN_POINT ( 'NONE',  ( 60.00000000000000711, 70.45000000000000284, -201.9999999999999716 ) ) ;
#1528 = ORIENTED_EDGE ( 'NONE', *, *, #4154, .F. ) ;
#1529 = EDGE_LOOP ( 'NONE', ( #5592, #275, #2607, #5258 ) ) ;
#1530 = VECTOR ( 'NONE', #1262, 1000.000000000000000 ) ;
#1531 = VECTOR ( 'NONE', #3498, 1000.000000000000000 ) ;
#1532 = ORIENTED_EDGE ( 'NONE', *, *, #3196, .F. ) ;
#1533 = VERTEX_POINT ( 'NONE', #4591 ) ;
#1534 = DIRECTION ( 'NONE',  ( 0.000000000000000000, 0.000000000000000000, -1.000000000000000000 ) ) ;
#1535 = FACE_OUTER_BOUND ( 'NONE', #4240, .T. ) ;
#1536 = FACE_OUTER_BOUND ( 'NONE', #4616, .T. ) ;
#1537 = ORIENTED_EDGE ( 'NONE', *, *, #2414, .T. ) ;
#1538 = CARTESIAN_POINT ( 'NONE',  ( -3.130000000000003002, 32.05999999999999517, -80.00000000000000000 ) ) ;
#1539 = EDGE_LOOP ( 'NONE', ( #4472, #3554, #5723, #1417 ) ) ;
#1540 = LINE ( 'NONE', #1512, #2310 ) ;
#1541 = CARTESIAN_POINT ( 'NONE',  ( -1.000000000000002442, 47.50000000000000000, -92.99999999999998579 ) ) ;
#1542 = ADVANCED_FACE ( 'NONE', ( #1459 ), #2372, .T. ) ;
#1543 = CARTESIAN_POINT ( 'NONE',  ( -40.25000000000000000, 1.000000000000000888, -201.9999999999999716 ) ) ;
#1544 = DIRECTION ( 'NONE',  ( 0.000000000000000000, 0.000000000000000000, -1.000000000000000000 ) ) ;
#1545 = DIRECTION ( 'NONE',  ( 1.000000000000000000, 0.000000000000000000, 0.000000000000000000 ) ) ;
#1546 = DIRECTION ( 'NONE',  ( 0.000000000000000000, 1.000000000000000000, 0.000000000000000000 ) ) ;
#1547 = DIRECTION ( 'NONE',  ( 0.000000000000000000, 0.000000000000000000, -1.000000000000000000 ) ) ;
#1548 = DIRECTION ( 'NONE',  ( 0.000000000000000000, -0.000000000000000000, 1.000000000000000000 ) ) ;
#1549 = EDGE_CURVE ( 'NONE', #1601, #3108, #3768, .T. ) ;
#1550 = EDGE_CURVE ( 'NONE', #4505, #3258, #2104, .T. ) ;
#1551 = EDGE_CURVE ( 'NONE', #2969, #5818, #5060, .T. ) ;
#1552 = DIRECTION ( 'NONE',  ( -1.000000000000000000, -0.000000000000000000, -0.000000000000000000 ) ) ;
#1553 = ADVANCED_FACE ( 'NONE', ( #5088 ), #5117, .F. ) ;
#1554 = PLANE ( 'NONE',  #5366 ) ;
#1555 = ORIENTED_EDGE ( 'NONE', *, *, #5347, .T. ) ;
#1556 = ORIENTED_EDGE ( 'NONE', *, *, #5068, .F. ) ;
#1557 = ORIENTED_EDGE ( 'NONE', *, *, #955, .T. ) ;
#1558 = DIRECTION ( 'NONE',  ( -1.000000000000000000, -0.000000000000000000, 6.895795184007186635E-16 ) ) ;
#1559 = ORIENTED_EDGE ( 'NONE', *, *, #1826, .T. ) ;
#1560 = EDGE_LOOP ( 'NONE', ( #6016, #2142, #2423, #2308 ) ) ;
#1561 = EDGE_CURVE ( 'NONE', #1505, #3357, #2391, .T. ) ;
#1562 = CIRCLE ( 'NONE', #4380, 2.249999999999998668 ) ;
#1563 = EDGE_CURVE ( 'NONE', #172, #1601, #3959, .T. ) ;
#1564 = CARTESIAN_POINT ( 'NONE',  ( -3.202229855454900583E-15, 12.05999999999999872, -130.0000000000000000 ) ) ;
#1565 = CARTESIAN_POINT ( 'NONE',  ( 20.00000000000000355, 7.500000000000000000, -1.499999999999999556 ) ) ;
#1566 = DIRECTION ( 'NONE',  ( 0.000000000000000000, 1.000000000000000000, 0.000000000000000000 ) ) ;
#1567 = CIRCLE ( 'NONE', #4097, 1.000000000000000888 ) ;
#1568 = ORIENTED_EDGE ( 'NONE', *, *, #2579, .T. ) ;
#1569 = CARTESIAN_POINT ( 'NONE',  ( 2.500000000000016875, 46.50000000000000000, -9.500000000000001776 ) ) ;
#1570 = ORIENTED_EDGE ( 'NONE', *, *, #5208, .T. ) ;
#1571 = CARTESIAN_POINT ( 'NONE',  ( 20.00000000000000355, 7.500000000000000000, -10.00000000000000000 ) ) ;
#1572 = DIRECTION ( 'NONE',  ( 0.000000000000000000, 0.000000000000000000, 1.000000000000000000 ) ) ;
#1573 = VECTOR ( 'NONE', #4499, 1000.000000000000000 ) ;
#1574 = DIRECTION ( 'NONE',  ( 0.4472135954999417184, -0.8944271909999239600, -0.000000000000000000 ) ) ;
#1575 = DIRECTION ( 'NONE',  ( 0.000000000000000000, -0.000000000000000000, -1.000000000000000000 ) ) ;
#1576 = DIRECTION ( 'NONE',  ( 0.000000000000000000, 1.000000000000000000, -0.000000000000000000 ) ) ;
#1577 = FACE_OUTER_BOUND ( 'NONE', #4630, .T. ) ;
#1578 = CARTESIAN_POINT ( 'NONE',  ( -3.130000000000003002, 32.05999999999999517, -130.0000000000000000 ) ) ;
#1579 = CARTESIAN_POINT ( 'NONE',  ( -30.25000000000000711, 10.50000000000000178, -199.5000000000000000 ) ) ;
#1580 = ORIENTED_EDGE ( 'NONE', *, *, #3639, .F. ) ;
#1581 = AXIS2_PLACEMENT_3D ( 'NONE', #4370, #4025, #4768 ) ;
#1582 = CARTESIAN_POINT ( 'NONE',  ( 11.49999999999999467, 3.500000000000000000, -198.4999999999999716 ) ) ;
#1583 = ADVANCED_FACE ( 'NONE', ( #402 ), #5600, .F. ) ;
#1584 = CARTESIAN_POINT ( 'NONE',  ( -39.24999999999999289, 1.000000000000000888, -200.4999999999999716 ) ) ;
#1585 = TOROIDAL_SURFACE ( 'NONE', #3237, 3.749999999999999112, 1.000000000000000000 ) ;
#1586 = DIRECTION ( 'NONE',  ( -1.000000000000000000, 0.000000000000000000, 0.000000000000000000 ) ) ;
#1587 = ORIENTED_EDGE ( 'NONE', *, *, #1940, .F. ) ;
#1588 = VERTEX_POINT ( 'NONE', #488 ) ;
#1589 = EDGE_LOOP ( 'NONE', ( #3759, #206, #1397, #2086 ) ) ;
#1590 = DIRECTION ( 'NONE',  ( 2.168404344971007142E-16, -0.000000000000000000, 1.000000000000000000 ) ) ;
#1591 = VECTOR ( 'NONE', #3477, 1000.000000000000000 ) ;
#1592 = EDGE_CURVE ( 'NONE', #5162, #4353, #1923, .T. ) ;
#1593 = AXIS2_PLACEMENT_3D ( 'NONE', #987, #5520, #871 ) ;
#1594 = EDGE_LOOP ( 'NONE', ( #4395, #1361, #1808, #1580 ) ) ;
#1595 = VERTEX_POINT ( 'NONE', #6001 ) ;
#1596 = UNCERTAINTY_MEASURE_WITH_UNIT (LENGTH_MEASURE( 1.000000000000000082E-05 ), #5044, 'distance_accuracy_value', 'NONE');
#1597 = DIRECTION ( 'NONE',  ( -0.000000000000000000, -0.000000000000000000, -1.000000000000000000 ) ) ;
#1598 = ADVANCED_FACE ( 'NONE', ( #4252 ), #4621, .F. ) ;
#1599 = DIRECTION ( 'NONE',  ( -1.000000000000000000, 0.000000000000000000, 0.000000000000000000 ) ) ;
#1600 = PLANE ( 'NONE',  #136 ) ;
#1601 = VERTEX_POINT ( 'NONE', #5175 ) ;
#1602 = CARTESIAN_POINT ( 'NONE',  ( -5.815307244990788327, 32.25499999999999545, -130.0000000000000000 ) ) ;
#1603 = EDGE_LOOP ( 'NONE', ( #4904, #4032 ) ) ;
#1604 = DIRECTION ( 'NONE',  ( -0.000000000000000000, -0.000000000000000000, 1.000000000000000000 ) ) ;
#1605 = DIRECTION ( 'NONE',  ( 0.000000000000000000, 0.000000000000000000, 1.000000000000000000 ) ) ;
#1606 = LINE ( 'NONE', #5328, #620 ) ;
#1607 = FACE_OUTER_BOUND ( 'NONE', #5526, .T. ) ;
#1608 = DIRECTION ( 'NONE',  ( 0.000000000000000000, 0.000000000000000000, 1.000000000000000000 ) ) ;
#1609 = EDGE_LOOP ( 'NONE', ( #2438, #2547, #3991, #477 ) ) ;
#1610 = AXIS2_PLACEMENT_3D ( 'NONE', #4706, #1429, #3284 ) ;
#1611 = ADVANCED_FACE ( 'NONE', ( #6031 ), #431, .F. ) ;
#1612 = CARTESIAN_POINT ( 'NONE',  ( 0.000000000000000000, 0.000000000000000000, -91.99999999999998579 ) ) ;
#1613 = CARTESIAN_POINT ( 'NONE',  ( 98.50000000000000000, 25.59999999999999787, -90.56374344848194369 ) ) ;
#1614 = AXIS2_PLACEMENT_3D ( 'NONE', #1869, #1353, #3229 ) ;
#1615 = AXIS2_PLACEMENT_3D ( 'NONE', #637, #5865, #3458 ) ;
#1616 = AXIS2_PLACEMENT_3D ( 'NONE', #5937, #1763, #5475 ) ;
#1617 = ORIENTED_EDGE ( 'NONE', *, *, #2568, .T. ) ;
#1618 = ORIENTED_EDGE ( 'NONE', *, *, #1321, .F. ) ;
#1619 = DIRECTION ( 'NONE',  ( 1.000000000000000000, -0.000000000000000000, 1.224646799147353207E-16 ) ) ;
#1620 = CLOSED_SHELL ( 'NONE', ( #3445, #4264, #3332, #838, #702, #2008, #1760, #2647, #2833, #4857, #6013, #906, #5504, #3965, #2817, #1598, #4084, #3453, #2039, #1611, #1902, #903, #3858, #354, #3646, #4522, #3585, #3440, #5349, #2539, #1032, #3562, #876, #2261, #5614, #3201, #3748, #4973, #942, #4045, #2536, #1769, #3526, #5063, #2064, #644, #5544, #2498, #808, #1553, #938, #1999, #381, #1629, #5244, #5938, #3279, #176, #1060, #4811, #3329, #1055, #3075, #4016, #2330, #913, #4604, #2964, #4967, #3758, #2121, #3063, #348, #301, #2377, #5501, #1112, #452, #5811, #223, #1373, #4693, #152, #1778, #1458, #2626, #1158, #4993, #2187, #4992, #5655, #5072, #5050, #4085, #4782, #5133, #4961, #570, #1642, #2296, #5794, #5618, #2055, #2840, #2896, #2033, #3909, #3839, #3450, #2807, #5368, #3715, #4905, #5361, #4569, #2271, #1820, #1700, #480, #5808, #1542, #5098, #5315, #2084, #2207, #4605, #1088, #5962, #5491, #3816, #846, #2671, #5689, #1467, #5247, #3814, #5772, #5632, #5877, #2564, #2557, #3265, #3164, #2155, #2266, #3702, #856, #3008, #529, #4585, #2858, #4355, #362, #3550, #5135, #5236, #790, #5427, #1925, #5270, #4897, #5065, #3451, #2130, #6059, #1379, #5802, #2759, #3908, #3935, #5778, #2898, #2769, #4228, #2479, #1448, #5042, #315, #1293, #450, #3855, #1807, #564, #4637, #75, #261, #4717, #709, #4158, #2835, #2819, #5090, #260, #5107, #5146, #4175, #1583, #5522, #4083, #1631, #1901, #840, #2949, #5243, #3980, #1996, #630, #4482, #4365, #4540, #2713, #5692, #4781, #4714, #2394, #1446, #1179 ) ) ;
#1621 = AXIS2_PLACEMENT_3D ( 'NONE', #5499, #4121, #3699 ) ;
#1622 = CIRCLE ( 'NONE', #1715, 1.000000000000000888 ) ;
#1623 = AXIS2_PLACEMENT_3D ( 'NONE', #583, #5181, #3888 ) ;
#1624 = ORIENTED_EDGE ( 'NONE', *, *, #4000, .T. ) ;
#1625 = ORIENTED_EDGE ( 'NONE', *, *, #3630, .T. ) ;
#1626 = VECTOR ( 'NONE', #5754, 1000.000000000000000 ) ;
#1627 = EDGE_CURVE ( 'NONE', #4448, #5636, #1400, .T. ) ;
#1628 = VECTOR ( 'NONE', #3517, 1000.000000000000000 ) ;
#1629 = ADVANCED_FACE ( 'NONE', ( #928 ), #2800, .F. ) ;
#1630 = DIRECTION ( 'NONE',  ( -0.000000000000000000, -1.000000000000000000, -0.000000000000000000 ) ) ;
#1631 = ADVANCED_FACE ( 'NONE', ( #5147 ), #954, .F. ) ;
#1632 = CARTESIAN_POINT ( 'NONE',  ( 97.49999999999997158, 7.585786437626903300, -67.88795701085504675 ) ) ;
#1633 = FACE_OUTER_BOUND ( 'NONE', #879, .T. ) ;
#1634 = LINE ( 'NONE', #2604, #5718 ) ;
#1635 = ORIENTED_EDGE ( 'NONE', *, *, #3743, .T. ) ;
#1636 = CARTESIAN_POINT ( 'NONE',  ( 0.9999999999999947820, 0.000000000000000000, -198.5000000000000000 ) ) ;
#1637 = ORIENTED_EDGE ( 'NONE', *, *, #3210, .T. ) ;
#1638 = DIRECTION ( 'NONE',  ( 0.000000000000000000, 0.000000000000000000, -1.000000000000000000 ) ) ;
#1639 = DIRECTION ( 'NONE',  ( 0.000000000000000000, 0.000000000000000000, 1.000000000000000000 ) ) ;
#1640 = CARTESIAN_POINT ( 'NONE',  ( -28.00000000000000711, 10.50000000000000178, -209.5000000000000284 ) ) ;
#1641 = CARTESIAN_POINT ( 'NONE',  ( 99.00000000000000000, 0.000000000000000000, -1.000000000000000000 ) ) ;
#1642 = ADVANCED_FACE ( 'NONE', ( #4713 ), #650, .T. ) ;
#1643 = DIRECTION ( 'NONE',  ( 1.000000000000000000, 0.000000000000000000, 0.000000000000000000 ) ) ;
#1644 = FACE_OUTER_BOUND ( 'NONE', #1560, .T. ) ;
#1645 = CARTESIAN_POINT ( 'NONE',  ( 96.50000000000000000, 46.50000000000000000, -10.50000000000000000 ) ) ;
#1646 = FACE_OUTER_BOUND ( 'NONE', #2080, .T. ) ;
#1647 = ORIENTED_EDGE ( 'NONE', *, *, #1916, .T. ) ;
#1648 = ORIENTED_EDGE ( 'NONE', *, *, #3257, .F. ) ;
#1649 = DIRECTION ( 'NONE',  ( 0.000000000000000000, 1.000000000000000000, 0.000000000000000000 ) ) ;
#1650 = ORIENTED_EDGE ( 'NONE', *, *, #3919, .F. ) ;
#1651 = VERTEX_POINT ( 'NONE', #155 ) ;
#1652 = LINE ( 'NONE', #753, #4474 ) ;
#1653 = CARTESIAN_POINT ( 'NONE',  ( 88.50000000000001421, 2.500000000000000000, -9.500000000000001776 ) ) ;
#1654 = SPHERICAL_SURFACE ( 'NONE', #4142, 1.000000000000000000 ) ;
#1655 = LINE ( 'NONE', #2545, #1236 ) ;
#1656 = ORIENTED_EDGE ( 'NONE', *, *, #3005, .T. ) ;
#1657 = ORIENTED_EDGE ( 'NONE', *, *, #5561, .F. ) ;
#1658 = TOROIDAL_SURFACE ( 'NONE', #2834, 3.750000000000008882, 1.000000000000000000 ) ;
#1659 = EDGE_CURVE ( 'NONE', #1504, #5979, #5529, .T. ) ;
#1660 = EDGE_CURVE ( 'NONE', #2505, #5163, #1324, .T. ) ;
#1661 = DIRECTION ( 'NONE',  ( 0.000000000000000000, -1.000000000000000000, 0.000000000000000000 ) ) ;
#1662 = VECTOR ( 'NONE', #5462, 1000.000000000000000 ) ;
#1663 = DIRECTION ( 'NONE',  ( -1.000000000000000000, -0.000000000000000000, -0.000000000000000000 ) ) ;
#1664 = FACE_BOUND ( 'NONE', #4590, .T. ) ;
#1665 = VERTEX_POINT ( 'NONE', #5267 ) ;
#1666 = CARTESIAN_POINT ( 'NONE',  ( 15.94999999999996376, 8.500000000000000000, -135.6737434499999893 ) ) ;
#1667 = AXIS2_PLACEMENT_3D ( 'NONE', #3931, #4868, #5832 ) ;
#1668 = DIRECTION ( 'NONE',  ( -1.000000000000000000, -0.000000000000000000, -0.000000000000000000 ) ) ;
#1669 = FACE_OUTER_BOUND ( 'NONE', #837, .T. ) ;
#1670 = DIRECTION ( 'NONE',  ( -0.000000000000000000, 1.000000000000000000, -0.000000000000000000 ) ) ;
#1671 = AXIS2_PLACEMENT_3D ( 'NONE', #2523, #1546, #582 ) ;
#1672 = EDGE_CURVE ( 'NONE', #4559, #4855, #97, .T. ) ;
#1673 = ORIENTED_EDGE ( 'NONE', *, *, #3602, .T. ) ;
#1674 = VERTEX_POINT ( 'NONE', #2465 ) ;
#1675 = VECTOR ( 'NONE', #4707, 1000.000000000000000 ) ;
#1676 = AXIS2_PLACEMENT_3D ( 'NONE', #5452, #347, #2649 ) ;
#1677 = ORIENTED_EDGE ( 'NONE', *, *, #2622, .F. ) ;
#1678 = EDGE_CURVE ( 'NONE', #4285, #2244, #5213, .T. ) ;
#1679 = ORIENTED_EDGE ( 'NONE', *, *, #1935, .T. ) ;
#1680 = CIRCLE ( 'NONE', #3436, 1.400000000000002798 ) ;
#1681 = CARTESIAN_POINT ( 'NONE',  ( 1.000000000000000000, 1.000000000000000888, -1.000000000000000000 ) ) ;
#1682 = DIRECTION ( 'NONE',  ( -2.168404344971009361E-16, -0.000000000000000000, -1.000000000000000000 ) ) ;
#1683 = CARTESIAN_POINT ( 'NONE',  ( 80.00000000000000000, 47.49999999999997868, -2.085786437626904632 ) ) ;
#1684 = CARTESIAN_POINT ( 'NONE',  ( 96.50000000000000000, 3.500000000000000000, -187.9999999999999716 ) ) ;
#1685 = DIRECTION ( 'NONE',  ( -0.000000000000000000, -0.000000000000000000, 1.000000000000000000 ) ) ;
#1686 = ORIENTED_EDGE ( 'NONE', *, *, #5424, .T. ) ;
#1687 = CYLINDRICAL_SURFACE ( 'NONE', #690, 1.000000000000000222 ) ;
#1688 = ORIENTED_EDGE ( 'NONE', *, *, #391, .T. ) ;
#1689 = CARTESIAN_POINT ( 'NONE',  ( 89.50000000000001421, 3.500000000000000000, -2.500000000000000000 ) ) ;
#1690 = DIRECTION ( 'NONE',  ( -1.000000000000000000, 0.000000000000000000, 1.198013450260226217E-16 ) ) ;
#1691 = DIRECTION ( 'NONE',  ( -1.000000000000000000, 0.000000000000000000, -0.000000000000000000 ) ) ;
#1692 = CARTESIAN_POINT ( 'NONE',  ( 90.50000000000001421, 3.500000000000000000, -10.50000000000000000 ) ) ;
#1693 = ORIENTED_EDGE ( 'NONE', *, *, #5334, .F. ) ;
#1694 = PRODUCT_DEFINITION ( 'UNKNOWN', '', #4147, #4816 ) ;
#1695 = CARTESIAN_POINT ( 'NONE',  ( 100.0000000000000000, 47.50000000000000000, -210.0000000000000000 ) ) ;
#1696 = VERTEX_POINT ( 'NONE', #1959 ) ;
#1697 = VERTEX_POINT ( 'NONE', #5668 ) ;
#1698 = DIRECTION ( 'NONE',  ( -0.000000000000000000, 0.000000000000000000, 1.000000000000000000 ) ) ;
#1699 = EDGE_CURVE ( 'NONE', #2419, #2056, #1513, .T. ) ;
#1700 = ADVANCED_FACE ( 'NONE', ( #524 ), #4372, .T. ) ;
#1701 =( BOUNDED_CURVE ( )  B_SPLINE_CURVE ( 3, ( #1773, #5883, #2588, #2201 ),
 .UNSPECIFIED., .F., .F. ) 
 B_SPLINE_CURVE_WITH_KNOTS ( ( 4, 4 ),
 ( 4.712388980384689674, 6.283185307179586232 ),
 .UNSPECIFIED. ) 
 CURVE ( )  GEOMETRIC_REPRESENTATION_ITEM ( )  RATIONAL_B_SPLINE_CURVE ( ( 1.000000000000000000, 0.8047378541243649375, 0.8047378541243649375, 1.000000000000000000 ) ) 
 REPRESENTATION_ITEM ( '' )  );
#1702 = PLANE ( 'NONE',  #6 ) ;
#1703 = DIRECTION ( 'NONE',  ( 0.000000000000000000, 0.000000000000000000, 1.000000000000000000 ) ) ;
#1704 = CARTESIAN_POINT ( 'NONE',  ( 98.50000000000000000, 25.59999999999999787, -101.5637434484819437 ) ) ;
#1705 = DIRECTION ( 'NONE',  ( 0.000000000000000000, 1.000000000000000000, -0.000000000000000000 ) ) ;
#1706 = EDGE_LOOP ( 'NONE', ( #3338, #892, #86 ) ) ;
#1707 = ORIENTED_EDGE ( 'NONE', *, *, #224, .F. ) ;
#1708 = AXIS2_PLACEMENT_3D ( 'NONE', #3203, #5606, #7 ) ;
#1709 = CIRCLE ( 'NONE', #5124, 2.749999999999999112 ) ;
#1710 = ORIENTED_EDGE ( 'NONE', *, *, #2568, .F. ) ;
#1711 = VECTOR ( 'NONE', #5958, 1000.000000000000000 ) ;
#1712 = ORIENTED_EDGE ( 'NONE', *, *, #530, .F. ) ;
#1713 = AXIS2_PLACEMENT_3D ( 'NONE', #4644, #2340, #4127 ) ;
#1714 = VERTEX_POINT ( 'NONE', #3381 ) ;
#1715 = AXIS2_PLACEMENT_3D ( 'NONE', #5759, #214, #2526 ) ;
#1716 = TOROIDAL_SURFACE ( 'NONE', #1825, 2.000000000000000000, 1.000000000000000000 ) ;
#1717 = CARTESIAN_POINT ( 'NONE',  ( 0.000000000000000000, 2.500000000000000000, 0.000000000000000000 ) ) ;
#1718 = PLANE ( 'NONE',  #5089 ) ;
#1719 = CYLINDRICAL_SURFACE ( 'NONE', #4927, 2.750000000000009326 ) ;
#1720 = CARTESIAN_POINT ( 'NONE',  ( 89.50000000000001421, 46.50000000000000000, -9.500000000000001776 ) ) ;
#1721 = CARTESIAN_POINT ( 'NONE',  ( -1.000000000000003553, 6.500000000000000888, -130.0000000000000000 ) ) ;
#1722 = DIRECTION ( 'NONE',  ( 0.000000000000000000, -1.000000000000000000, 0.000000000000000000 ) ) ;
#1723 = ORIENTED_EDGE ( 'NONE', *, *, #4236, .F. ) ;
#1724 = VECTOR ( 'NONE', #5992, 1000.000000000000000 ) ;
#1725 = CARTESIAN_POINT ( 'NONE',  ( 98.50000000000000000, 25.59999999999999787, -89.56374344848194369 ) ) ;
#1726 = ORIENTED_EDGE ( 'NONE', *, *, #8, .F. ) ;
#1727 = AXIS2_PLACEMENT_3D ( 'NONE', #1523, #4373, #4802 ) ;
#1728 = EDGE_CURVE ( 'NONE', #1595, #3692, #5675, .T. ) ;
#1729 = CARTESIAN_POINT ( 'NONE',  ( 87.00000000000001421, 3.500000000000016875, -199.4999999999999716 ) ) ;
#1730 = CARTESIAN_POINT ( 'NONE',  ( 97.50000000000000000, 46.50000000000000000, -189.9999999999999716 ) ) ;
#1731 = CARTESIAN_POINT ( 'NONE',  ( 92.25000000000000000, 3.499999999999999556, -37.57374344848197012 ) ) ;
#1732 = CARTESIAN_POINT ( 'NONE',  ( 92.25000000000000000, 8.500000000000000000, -138.4237434484819573 ) ) ;
#1733 = EDGE_LOOP ( 'NONE', ( #361, #1617, #5269, #3491 ) ) ;
#1734 = ORIENTED_EDGE ( 'NONE', *, *, #994, .F. ) ;
#1735 = ORIENTED_EDGE ( 'NONE', *, *, #3336, .F. ) ;
#1736 = EDGE_CURVE ( 'NONE', #2245, #514, #2015, .T. ) ;
#1737 = CYLINDRICAL_SURFACE ( 'NONE', #4734, 1.000000000000000000 ) ;
#1738 = DIRECTION ( 'NONE',  ( 0.000000000000000000, 0.000000000000000000, -1.000000000000000000 ) ) ;
#1739 = DIRECTION ( 'NONE',  ( 1.000000000000000000, 0.000000000000000000, 0.000000000000000000 ) ) ;
#1740 = CYLINDRICAL_SURFACE ( 'NONE', #2746, 2.250000000000001776 ) ;
#1741 = LINE ( 'NONE', #809, #1020 ) ;
#1742 = ORIENTED_EDGE ( 'NONE', *, *, #2280, .F. ) ;
#1743 = ORIENTED_EDGE ( 'NONE', *, *, #2191, .F. ) ;
#1744 = EDGE_CURVE ( 'NONE', #2399, #3130, #2045, .T. ) ;
#1745 = EDGE_CURVE ( 'NONE', #2697, #5413, #5701, .T. ) ;
#1746 = EDGE_CURVE ( 'NONE', #458, #3655, #5241, .T. ) ;
#1747 = EDGE_CURVE ( 'NONE', #4790, #1125, #182, .T. ) ;
#1748 = ORIENTED_EDGE ( 'NONE', *, *, #3726, .F. ) ;
#1749 = ORIENTED_EDGE ( 'NONE', *, *, #510, .F. ) ;
#1750 = CARTESIAN_POINT ( 'NONE',  ( -3.130000000000003002, 12.05999999999999872, -80.00000000000000000 ) ) ;
#1751 = CARTESIAN_POINT ( 'NONE',  ( 98.50000000000000000, 21.49999999999999645, -67.47374344848196870 ) ) ;
#1752 = LINE ( 'NONE', #3607, #5126 ) ;
#1753 = CARTESIAN_POINT ( 'NONE',  ( 92.25000000000000000, 2.500000000000000444, -33.82374344848196301 ) ) ;
#1754 = PRODUCT_DEFINITION_SHAPE ( 'NONE', 'NONE',  #1694 ) ;
#1755 = CARTESIAN_POINT ( 'NONE',  ( 0.9999999999999947820, 41.00000000000000000, -200.9999999999999716 ) ) ;
#1756 = VERTEX_POINT ( 'NONE', #1495 ) ;
#1758 = EDGE_CURVE ( 'NONE', #5163, #3213, #2599, .T. ) ;
#1757 = CARTESIAN_POINT ( 'NONE',  ( 98.50000000000000000, 25.59999999999999787, -100.5637434484819437 ) ) ;
#1759 = ORIENTED_EDGE ( 'NONE', *, *, #1099, .F. ) ;
#1760 = ADVANCED_FACE ( 'NONE', ( #1018 ), #2891, .T. ) ;
#1761 = LINE ( 'NONE', #5825, #4094 ) ;
#1762 = CYLINDRICAL_SURFACE ( 'NONE', #4753, 1.400000000000000133 ) ;
#1763 = DIRECTION ( 'NONE',  ( -0.5557275541795658746, -0.8313644721333705023, 0.000000000000000000 ) ) ;
#1764 = DIRECTION ( 'NONE',  ( 0.000000000000000000, -1.000000000000000000, 0.000000000000000000 ) ) ;
#1765 = ORIENTED_EDGE ( 'NONE', *, *, #4529, .T. ) ;
#1766 = LINE ( 'NONE', #2195, #3378 ) ;
#1767 = EDGE_LOOP ( 'NONE', ( #4514, #4914, #428, #5250 ) ) ;
#1768 = ORIENTED_EDGE ( 'NONE', *, *, #5881, .F. ) ;
#1769 = ADVANCED_FACE ( 'NONE', ( #3676 ), #4576, .T. ) ;
#1770 = DIRECTION ( 'NONE',  ( 0.000000000000000000, 0.000000000000000000, 1.000000000000000000 ) ) ;
#1771 = AXIS2_PLACEMENT_3D ( 'NONE', #1239, #3057, #4033 ) ;
#1772 = PLANE ( 'NONE',  #5481 ) ;
#1773 = CARTESIAN_POINT ( 'NONE',  ( 97.50000000000000000, 26.59999999999999787, -101.5637434484819437 ) ) ;
#1774 = DIRECTION ( 'NONE',  ( 0.000000000000000000, 0.000000000000000000, 1.000000000000000000 ) ) ;
#1775 = ORIENTED_EDGE ( 'NONE', *, *, #2818, .F. ) ;
#1776 = EDGE_LOOP ( 'NONE', ( #4560, #1677, #253, #4525 ) ) ;
#1777 = AXIS2_PLACEMENT_3D ( 'NONE', #2090, #1630, #3487 ) ;
#1778 = ADVANCED_FACE ( 'NONE', ( #2275 ), #4089, .F. ) ;
#1779 = VERTEX_POINT ( 'NONE', #2181 ) ;
#1780 = ORIENTED_EDGE ( 'NONE', *, *, #4697, .F. ) ;
#1781 = VECTOR ( 'NONE', #540, 1000.000000000000000 ) ;
#1782 = EDGE_CURVE ( 'NONE', #1848, #5979, #4440, .T. ) ;
#1783 = CARTESIAN_POINT ( 'NONE',  ( -3.130000000000003002, 32.05999999999999517, -130.0000000000000000 ) ) ;
#1784 = VECTOR ( 'NONE', #5602, 1000.000000000000000 ) ;
#1785 = DIRECTION ( 'NONE',  ( 0.000000000000000000, 0.000000000000000000, -1.000000000000000000 ) ) ;
#1786 = DIRECTION ( 'NONE',  ( 0.000000000000000000, -1.000000000000000000, 0.000000000000000000 ) ) ;
#1787 = CARTESIAN_POINT ( 'NONE',  ( -0.4142135623730986982, 6.500000000000000888, -130.0000000000000000 ) ) ;
#1788 = ORIENTED_EDGE ( 'NONE', *, *, #5733, .F. ) ;
#1789 = ORIENTED_EDGE ( 'NONE', *, *, #2629, .F. ) ;
#1790 = CARTESIAN_POINT ( 'NONE',  ( 97.91421356237310647, 7.999999999999996447, -88.04374344848194767 ) ) ;
#1791 = CARTESIAN_POINT ( 'NONE',  ( 98.50000000000000000, 47.50000000000000000, -11.50000000000000000 ) ) ;
#1792 = DIRECTION ( 'NONE',  ( -0.000000000000000000, 0.000000000000000000, 1.000000000000000000 ) ) ;
#1793 = DIRECTION ( 'NONE',  ( 0.000000000000000000, -1.000000000000000000, 0.000000000000000000 ) ) ;
#1794 = EDGE_LOOP ( 'NONE', ( #1381, #1905, #3495, #2504 ) ) ;
#1795 = LINE ( 'NONE', #5996, #1994 ) ;
#1796 = DIRECTION ( 'NONE',  ( 0.4472135954999426621, -0.8944271909999235159, 2.909219710836546188E-16 ) ) ;
#1797 = ORIENTED_EDGE ( 'NONE', *, *, #1016, .F. ) ;
#1798 = VERTEX_POINT ( 'NONE', #5435 ) ;
#1799 = DIRECTION ( 'NONE',  ( 0.000000000000000000, 0.000000000000000000, 1.000000000000000000 ) ) ;
#1800 = AXIS2_PLACEMENT_3D ( 'NONE', #1730, #4983, #5936 ) ;
#1801 = DIRECTION ( 'NONE',  ( 1.000000000000000000, 0.000000000000000000, -0.000000000000000000 ) ) ;
#1802 = FACE_OUTER_BOUND ( 'NONE', #319, .T. ) ;
#1803 = LINE ( 'NONE', #1215, #6052 ) ;
#1804 = PLANE ( 'NONE',  #3946 ) ;
#1805 = ORIENTED_EDGE ( 'NONE', *, *, #681, .F. ) ;
#1806 = ORIENTED_EDGE ( 'NONE', *, *, #5004, .F. ) ;
#1807 = ADVANCED_FACE ( 'NONE', ( #5007 ), #857, .F. ) ;
#1808 = ORIENTED_EDGE ( 'NONE', *, *, #5684, .T. ) ;
#1809 = EDGE_LOOP ( 'NONE', ( #3407, #5059, #3032, #801 ) ) ;
#1810 = AXIS2_PLACEMENT_3D ( 'NONE', #5573, #3224, #982 ) ;
#1811 = EDGE_CURVE ( 'NONE', #2565, #5447, #5400, .T. ) ;
#1812 = FACE_OUTER_BOUND ( 'NONE', #1767, .T. ) ;
#1813 = CARTESIAN_POINT ( 'NONE',  ( 88.50000000000001421, 3.500000000000000000, -3.499999999999999556 ) ) ;
#1814 = TOROIDAL_SURFACE ( 'NONE', #3169, 2.000000000000000000, 1.000000000000000000 ) ;
#1815 = AXIS2_PLACEMENT_3D ( 'NONE', #5510, #2764, #5083 ) ;
#1816 = DIRECTION ( 'NONE',  ( -1.000000000000000000, -0.000000000000000000, -0.000000000000000000 ) ) ;
#1817 = DIRECTION ( 'NONE',  ( -1.000000000000000000, 0.000000000000000000, -0.000000000000000000 ) ) ;
#1818 = CIRCLE ( 'NONE', #4724, 1.000000000000000000 ) ;
#1819 = ORIENTED_EDGE ( 'NONE', *, *, #1659, .T. ) ;
#1820 = ADVANCED_FACE ( 'NONE', ( #5535 ), #4548, .T. ) ;
#1821 = VERTEX_POINT ( 'NONE', #786 ) ;
#1822 = EDGE_CURVE ( 'NONE', #5097, #3573, #1358, .T. ) ;
#1823 = EDGE_CURVE ( 'NONE', #3159, #5880, #5957, .T. ) ;
#1824 = VECTOR ( 'NONE', #1408, 1000.000000000000000 ) ;
#1825 = AXIS2_PLACEMENT_3D ( 'NONE', #4413, #4810, #3045 ) ;
#1826 = EDGE_CURVE ( 'NONE', #4988, #5538, #5046, .T. ) ;
#1827 = CYLINDRICAL_SURFACE ( 'NONE', #2256, 1.000000000000000888 ) ;
#1828 = DIRECTION ( 'NONE',  ( 0.000000000000000000, 0.000000000000000000, 1.000000000000000000 ) ) ;
#1829 = LINE ( 'NONE', #423, #3071 ) ;
#1830 = DIRECTION ( 'NONE',  ( 1.000000000000000000, 4.358601698434192113E-16, -0.000000000000000000 ) ) ;
#1831 = ORIENTED_EDGE ( 'NONE', *, *, #1659, .F. ) ;
#1832 = AXIS2_PLACEMENT_3D ( 'NONE', #559, #2433, #1548 ) ;
#1833 = AXIS2_PLACEMENT_3D ( 'NONE', #2827, #4167, #1837 ) ;
#1834 = DIRECTION ( 'NONE',  ( 0.000000000000000000, 0.000000000000000000, 1.000000000000000000 ) ) ;
#1835 = ORIENTED_EDGE ( 'NONE', *, *, #3575, .F. ) ;
#1836 = ORIENTED_EDGE ( 'NONE', *, *, #2437, .F. ) ;
#1837 = DIRECTION ( 'NONE',  ( 0.000000000000000000, 0.000000000000000000, 1.000000000000000000 ) ) ;
#1839 = VECTOR ( 'NONE', #3587, 1000.000000000000000 ) ;
#1838 = DIRECTION ( 'NONE',  ( -1.000000000000000000, 0.000000000000000000, 0.000000000000000000 ) ) ;
#1840 = CARTESIAN_POINT ( 'NONE',  ( 60.00000000000000711, 47.50000000000000000, -201.9999999999999716 ) ) ;
#1841 = CYLINDRICAL_SURFACE ( 'NONE', #1593, 1.000000000000000000 ) ;
#1842 = DIRECTION ( 'NONE',  ( 0.000000000000000000, 0.000000000000000000, 1.000000000000000000 ) ) ;
#1843 = DIRECTION ( 'NONE',  ( 0.000000000000000000, 1.000000000000000000, 0.000000000000000000 ) ) ;
#1844 = FACE_OUTER_BOUND ( 'NONE', #385, .T. ) ;
#1845 = ORIENTED_EDGE ( 'NONE', *, *, #1782, .T. ) ;
#1846 = VERTEX_POINT ( 'NONE', #3641 ) ;
#1847 = CARTESIAN_POINT ( 'NONE',  ( 80.00000000000000000, 47.50000000000000000, -10.00000000000000000 ) ) ;
#1848 = VERTEX_POINT ( 'NONE', #5498 ) ;
#1849 = CARTESIAN_POINT ( 'NONE',  ( -0.4142135623730973659, 6.500000000000001776, -80.00000000000000000 ) ) ;
#1850 = CARTESIAN_POINT ( 'NONE',  ( 15.95000000000000639, 8.500000000000000000, -33.82374345000000204 ) ) ;
#1851 = CARTESIAN_POINT ( 'NONE',  ( 10.49999999999999467, 46.50000000000000000, -10.50000000000000000 ) ) ;
#1852 = LINE ( 'NONE', #787, #2500 ) ;
#1853 = ORIENTED_EDGE ( 'NONE', *, *, #448, .F. ) ;
#1854 = EDGE_CURVE ( 'NONE', #2932, #2331, #3925, .T. ) ;
#1855 = ORIENTED_EDGE ( 'NONE', *, *, #999, .T. ) ;
#1856 = CARTESIAN_POINT ( 'NONE',  ( 92.25000000000000000, 35.00000000000000000, -201.9999999999999716 ) ) ;
#1857 = CARTESIAN_POINT ( 'NONE',  ( 15.95000000000000639, 2.500000000000000000, -33.82374345000000204 ) ) ;
#1858 = FACE_OUTER_BOUND ( 'NONE', #3864, .T. ) ;
#1859 = ORIENTED_EDGE ( 'NONE', *, *, #5495, .T. ) ;
#1860 = CARTESIAN_POINT ( 'NONE',  ( -2.578203787678563694E-17, 47.50000000000000000, -1.000000000000000888 ) ) ;
#1861 = ORIENTED_EDGE ( 'NONE', *, *, #3106, .F. ) ;
#1862 = VERTEX_POINT ( 'NONE', #1720 ) ;
#1863 = EDGE_CURVE ( 'NONE', #4501, #5636, #4941, .T. ) ;
#1864 = DIRECTION ( 'NONE',  ( -1.000000000000000000, -0.000000000000000000, -0.000000000000000000 ) ) ;
#1865 = DIRECTION ( 'NONE',  ( 0.000000000000000000, 0.000000000000000000, 1.000000000000000000 ) ) ;
#1866 = LINE ( 'NONE', #1375, #5100 ) ;
#1867 = CARTESIAN_POINT ( 'NONE',  ( 90.50000000000001421, 46.50000000000000000, -9.500000000000001776 ) ) ;
#1868 = CARTESIAN_POINT ( 'NONE',  ( -39.24999999999999289, 47.50000000000000000, -200.4999999999999716 ) ) ;
#1869 = CARTESIAN_POINT ( 'NONE',  ( 93.50000000000000000, 37.50000000000000000, -6.500000000000000000 ) ) ;
#1870 = CARTESIAN_POINT ( 'NONE',  ( -2.036780992266124193E-15, 47.50000000000000000, -79.00000000000000000 ) ) ;
#1871 = VECTOR ( 'NONE', #3432, 1000.000000000000000 ) ;
#1872 = EDGE_CURVE ( 'NONE', #4030, #3967, #4813, .T. ) ;
#1873 = AXIS2_PLACEMENT_3D ( 'NONE', #4699, #142, #1534 ) ;
#1874 = ORIENTED_EDGE ( 'NONE', *, *, #209, .T. ) ;
#1875 = EDGE_LOOP ( 'NONE', ( #5430, #5751, #1251, #1883 ) ) ;
#1876 = VERTEX_POINT ( 'NONE', #1260 ) ;
#1877 = CARTESIAN_POINT ( 'NONE',  ( 8.673617379884035472E-16, 41.50000000000000000, -91.99999999999998579 ) ) ;
#1878 = LINE ( 'NONE', #2216, #1881 ) ;
#1879 = EDGE_CURVE ( 'NONE', #5335, #2496, #3360, .T. ) ;
#1880 = DIRECTION ( 'NONE',  ( 0.000000000000000000, 0.000000000000000000, 1.000000000000000000 ) ) ;
#1881 = VECTOR ( 'NONE', #3240, 1000.000000000000000 ) ;
#1882 = VERTEX_POINT ( 'NONE', #3211 ) ;
#1883 = ORIENTED_EDGE ( 'NONE', *, *, #4183, .T. ) ;
#1884 = CIRCLE ( 'NONE', #3633, 1.400000000000002798 ) ;
#1885 = CARTESIAN_POINT ( 'NONE',  ( -1.000000000000003553, 6.500000000000000888, -130.0000000000000000 ) ) ;
#1886 = CARTESIAN_POINT ( 'NONE',  ( 98.50000000000000000, 7.999999999999998224, -68.47374344848196870 ) ) ;
#1887 = CARTESIAN_POINT ( 'NONE',  ( 67.74999999999998579, 55.00000000000000000, -201.9999999999999716 ) ) ;
#1888 = VERTEX_POINT ( 'NONE', #2725 ) ;
#1889 = CARTESIAN_POINT ( 'NONE',  ( 92.25000000000000000, 2.500000000000000000, -135.6737434484819573 ) ) ;
#1890 = ORIENTED_EDGE ( 'NONE', *, *, #4650, .T. ) ;
#1891 = AXIS2_PLACEMENT_3D ( 'NONE', #372, #1942, #5043 ) ;
#1892 = DIRECTION ( 'NONE',  ( 0.000000000000000000, 1.156482317317871725E-16, 1.000000000000000000 ) ) ;
#1893 = FACE_OUTER_BOUND ( 'NONE', #1286, .T. ) ;
#1894 = CARTESIAN_POINT ( 'NONE',  ( 96.50000000000000000, 3.500000000000000000, -11.50000000000000000 ) ) ;
#1895 = VECTOR ( 'NONE', #2828, 1000.000000000000000 ) ;
#1896 = CARTESIAN_POINT ( 'NONE',  ( 98.50000000000000000, 7.999999999999998224, -90.56374344848194369 ) ) ;
#1897 = CARTESIAN_POINT ( 'NONE',  ( 1.000000000000000000, 1.000000000000000888, 0.000000000000000000 ) ) ;
#1898 = LINE ( 'NONE', #5669, #4052 ) ;
#1899 = EDGE_LOOP ( 'NONE', ( #2332, #4759, #6026 ) ) ;
#1900 = EDGE_CURVE ( 'NONE', #5880, #3692, #3086, .T. ) ;
#1901 = ADVANCED_FACE ( 'NONE', ( #1607 ), #2632, .F. ) ;
#1902 = ADVANCED_FACE ( 'NONE', ( #5161, #4640, #445 ), #3698, .F. ) ;
#1903 = FACE_OUTER_BOUND ( 'NONE', #4899, .T. ) ;
#1904 = EDGE_LOOP ( 'NONE', ( #4580, #5515, #132, #3248 ) ) ;
#1905 = ORIENTED_EDGE ( 'NONE', *, *, #105, .T. ) ;
#1906 = ORIENTED_EDGE ( 'NONE', *, *, #4283, .F. ) ;
#1907 =( BOUNDED_CURVE ( )  B_SPLINE_CURVE ( 3, ( #461, #433, #2324, #64 ),
 .UNSPECIFIED., .F., .F. ) 
 B_SPLINE_CURVE_WITH_KNOTS ( ( 4, 4 ),
 ( 1.570796326794896558, 3.141592653589793116 ),
 .UNSPECIFIED. ) 
 CURVE ( )  GEOMETRIC_REPRESENTATION_ITEM ( )  RATIONAL_B_SPLINE_CURVE ( ( 1.000000000000000000, 0.8047378541243649375, 0.8047378541243649375, 1.000000000000000000 ) ) 
 REPRESENTATION_ITEM ( '' )  );
#1908 = LINE ( 'NONE', #1001, #5670 ) ;
#1909 = EDGE_CURVE ( 'NONE', #3137, #2150, #542, .T. ) ;
#1910 = ORIENTED_EDGE ( 'NONE', *, *, #2437, .T. ) ;
#1911 = EDGE_LOOP ( 'NONE', ( #1656, #2342, #1090, #6039 ) ) ;
#1912 = AXIS2_PLACEMENT_3D ( 'NONE', #2417, #3730, #4266 ) ;
#1913 = VECTOR ( 'NONE', #1764, 1000.000000000000000 ) ;
#1914 = CARTESIAN_POINT ( 'NONE',  ( 96.50000000000000000, 3.500000000000000000, 0.000000000000000000 ) ) ;
#1915 = AXIS2_PLACEMENT_3D ( 'NONE', #2978, #4369, #3379 ) ;
#1916 = EDGE_CURVE ( 'NONE', #3482, #779, #2868, .T. ) ;
#1917 = CYLINDRICAL_SURFACE ( 'NONE', #2212, 1.000000000000000888 ) ;
#1918 = FACE_OUTER_BOUND ( 'NONE', #2765, .T. ) ;
#1919 = VERTEX_POINT ( 'NONE', #6045 ) ;
#1920 = PLANE ( 'NONE',  #5593 ) ;
#1921 = ORIENTED_EDGE ( 'NONE', *, *, #5881, .T. ) ;
#1922 = AXIS2_PLACEMENT_3D ( 'NONE', #2231, #1698, #1211 ) ;
#1923 = LINE ( 'NONE', #3687, #4137 ) ;
#1924 = CARTESIAN_POINT ( 'NONE',  ( 10.49999999999999467, 46.50000000000000000, -198.4999999999999716 ) ) ;
#1925 = ADVANCED_FACE ( 'NONE', ( #2789 ), #1814, .F. ) ;
#1926 = CARTESIAN_POINT ( 'NONE',  ( 92.25000000000000000, 3.499999999999999556, -33.82374344848196301 ) ) ;
#1927 = CARTESIAN_POINT ( 'NONE',  ( 61.00000000000017764, 0.000000000000000000, -5.290906601729272998E-14 ) ) ;
#1928 = LINE ( 'NONE', #3774, #54 ) ;
#1929 = VECTOR ( 'NONE', #5829, 1000.000000000000114 ) ;
#1930 = CARTESIAN_POINT ( 'NONE',  ( 92.25000000000000000, 2.499999999999999556, -37.57374344848197012 ) ) ;
#1931 = VECTOR ( 'NONE', #4308, 1000.000000000000000 ) ;
#1932 = LINE ( 'NONE', #5978, #4631 ) ;
#1933 = ORIENTED_EDGE ( 'NONE', *, *, #3017, .F. ) ;
#1934 = CIRCLE ( 'NONE', #5916, 1.500000000000001332 ) ;
#1935 = EDGE_CURVE ( 'NONE', #5162, #4619, #1473, .T. ) ;
#1936 = VERTEX_POINT ( 'NONE', #4151 ) ;
#1937 = EDGE_LOOP ( 'NONE', ( #2184, #2778, #3056, #10 ) ) ;
#1938 = EDGE_CURVE ( 'NONE', #5413, #3654, #3326, .T. ) ;
#1939 = ORIENTED_EDGE ( 'NONE', *, *, #4686, .T. ) ;
#1940 = EDGE_CURVE ( 'NONE', #1862, #5077, #5407, .T. ) ;
#1941 = EDGE_CURVE ( 'NONE', #5932, #5948, #1421, .T. ) ;
#1942 = DIRECTION ( 'NONE',  ( -0.000000000000000000, -1.000000000000000000, 0.000000000000000000 ) ) ;
#1943 = EDGE_CURVE ( 'NONE', #1201, #5344, #818, .T. ) ;
#1944 = CYLINDRICAL_SURFACE ( 'NONE', #1489, 1.000000000000000888 ) ;
#1945 = ORIENTED_EDGE ( 'NONE', *, *, #4547, .T. ) ;
#1946 = ORIENTED_EDGE ( 'NONE', *, *, #528, .T. ) ;
#1947 =( BOUNDED_CURVE ( )  B_SPLINE_CURVE ( 3, ( #1565, #143, #3875, #3457 ),
 .UNSPECIFIED., .F., .F. ) 
 B_SPLINE_CURVE_WITH_KNOTS ( ( 4, 4 ),
 ( 0.000000000000000000, 1.570796326794896558 ),
 .UNSPECIFIED. ) 
 CURVE ( )  GEOMETRIC_REPRESENTATION_ITEM ( )  RATIONAL_B_SPLINE_CURVE ( ( 1.000000000000000000, 0.8047378541243649375, 0.8047378541243649375, 1.000000000000000000 ) ) 
 REPRESENTATION_ITEM ( '' )  );
#1948 = CARTESIAN_POINT ( 'NONE',  ( -1.000000000000003553, 26.49999999999999645, -130.0000000000000000 ) ) ;
#1949 = CARTESIAN_POINT ( 'NONE',  ( 97.50000000000000000, 22.50000000000000000, -52.47374344848196159 ) ) ;
#1950 = DIRECTION ( 'NONE',  ( 0.000000000000000000, 1.000000000000000000, 0.000000000000000000 ) ) ;
#1951 = ORIENTED_EDGE ( 'NONE', *, *, #3515, .F. ) ;
#1952 = CARTESIAN_POINT ( 'NONE',  ( 9.499999999999998224, 46.50000000000000000, -192.4999999999999716 ) ) ;
#1953 = ORIENTED_EDGE ( 'NONE', *, *, #2097, .F. ) ;
#1954 = CARTESIAN_POINT ( 'NONE',  ( -5.815307244990788327, 32.25499999999999545, -130.0000000000000000 ) ) ;
#1955 = CARTESIAN_POINT ( 'NONE',  ( 60.00000000000000711, 1.000000000000000888, -200.9999999999999716 ) ) ;
#1956 = DIRECTION ( 'NONE',  ( 0.000000000000000000, 0.000000000000000000, 1.000000000000000000 ) ) ;
#1957 = CYLINDRICAL_SURFACE ( 'NONE', #5037, 1.000000000000000888 ) ;
#1958 = CARTESIAN_POINT ( 'NONE',  ( 3.499999999999995115, 2.500000000000000000, -190.4999999999999716 ) ) ;
#1959 = CARTESIAN_POINT ( 'NONE',  ( 9.499999999999998224, 2.500000000000000000, -190.4999999999999716 ) ) ;
#1960 = EDGE_CURVE ( 'NONE', #5049, #318, #2787, .T. ) ;
#1961 = CARTESIAN_POINT ( 'NONE',  ( -5.117734518542097889E-15, 41.00000000000000000, -198.5000000000000000 ) ) ;
#1962 = ORIENTED_EDGE ( 'NONE', *, *, #5164, .T. ) ;
#1963 = CARTESIAN_POINT ( 'NONE',  ( 105.5000000000000142, 21.50000000000000000, -52.47374344848196159 ) ) ;
#1964 = EDGE_LOOP ( 'NONE', ( #4258, #5546, #1159, #5426 ) ) ;
#1965 = EDGE_LOOP ( 'NONE', ( #3619, #3283 ) ) ;
#1966 = VECTOR ( 'NONE', #554, 1000.000000000000000 ) ;
#1967 = CIRCLE ( 'NONE', #1383, 1.000000000000000000 ) ;
#1968 = DIRECTION ( 'NONE',  ( 0.000000000000000000, 0.000000000000000000, 1.000000000000000000 ) ) ;
#1969 = ORIENTED_EDGE ( 'NONE', *, *, #4419, .T. ) ;
#1970 = ORIENTED_EDGE ( 'NONE', *, *, #4968, .T. ) ;
#1971 = AXIS2_PLACEMENT_3D ( 'NONE', #1054, #3504, #4806 ) ;
#1972 = EDGE_CURVE ( 'NONE', #2337, #5660, #3241, .T. ) ;
#1973 = LINE ( 'NONE', #2058, #85 ) ;
#1974 = DIRECTION ( 'NONE',  ( -0.000000000000000000, -0.000000000000000000, -1.000000000000000000 ) ) ;
#1975 = DIRECTION ( 'NONE',  ( 0.000000000000000000, 0.000000000000000000, -1.000000000000000000 ) ) ;
#1976 = ORIENTED_EDGE ( 'NONE', *, *, #345, .T. ) ;
#1977 = FACE_OUTER_BOUND ( 'NONE', #5073, .T. ) ;
#1978 = VERTEX_POINT ( 'NONE', #915 ) ;
#1979 = LINE ( 'NONE', #2040, #1025 ) ;
#1980 = CIRCLE ( 'NONE', #781, 3.750000000000000000 ) ;
#1981 = CARTESIAN_POINT ( 'NONE',  ( 100.0000000000000000, 0.4142135623730958671, -210.0000000000000284 ) ) ;
#1982 = CARTESIAN_POINT ( 'NONE',  ( 93.50000000000000000, 47.50000000000000000, -6.500000000000000000 ) ) ;
#1983 = DIRECTION ( 'NONE',  ( 0.000000000000000000, -1.000000000000000000, 0.000000000000000000 ) ) ;
#1984 = FACE_OUTER_BOUND ( 'NONE', #687, .T. ) ;
#1985 = CARTESIAN_POINT ( 'NONE',  ( -3.130000000000003890, 34.04999999999999716, -80.00000000000000000 ) ) ;
#1986 = VECTOR ( 'NONE', #6032, 1000.000000000000000 ) ;
#1987 = CARTESIAN_POINT ( 'NONE',  ( 2.499999999999996003, 47.50000000000000000, -190.4999999999999716 ) ) ;
#1988 = CARTESIAN_POINT ( 'NONE',  ( 3.499999999999995115, 47.50000000000000000, -190.4999999999999716 ) ) ;
#1989 = VECTOR ( 'NONE', #2679, 1000.000000000000000 ) ;
#1990 = CYLINDRICAL_SURFACE ( 'NONE', #2083, 1.500000000000001332 ) ;
#1991 = CARTESIAN_POINT ( 'NONE',  ( 11.49999999999999645, 3.500000000000000000, -3.499999999999999556 ) ) ;
#1992 = VERTEX_POINT ( 'NONE', #4754 ) ;
#1993 = ORIENTED_EDGE ( 'NONE', *, *, #1214, .F. ) ;
#1994 = VECTOR ( 'NONE', #1368, 1000.000000000000000 ) ;
#1995 = EDGE_LOOP ( 'NONE', ( #5145, #5556, #2767, #733 ) ) ;
#1996 = ADVANCED_FACE ( 'NONE', ( #5590 ), #4664, .T. ) ;
#1997 = ORIENTED_EDGE ( 'NONE', *, *, #1339, .T. ) ;
#1998 = CARTESIAN_POINT ( 'NONE',  ( 87.00000000000002842, 2.914213562373095368, -188.9999999999999716 ) ) ;
#1999 = ADVANCED_FACE ( 'NONE', ( #1185 ), #1279, .F. ) ;
#2000 = DIRECTION ( 'NONE',  ( 0.000000000000000000, 1.000000000000000000, 0.000000000000000000 ) ) ;
#2001 = CARTESIAN_POINT ( 'NONE',  ( 10.49999999999999467, 3.500000000000016875, -10.50000000000000000 ) ) ;
#2002 = ORIENTED_EDGE ( 'NONE', *, *, #4056, .F. ) ;
#2003 = EDGE_CURVE ( 'NONE', #3481, #3118, #471, .T. ) ;
#2004 = DIRECTION ( 'NONE',  ( -0.000000000000000000, -0.000000000000000000, 1.000000000000000000 ) ) ;
#2005 = ORIENTED_EDGE ( 'NONE', *, *, #4510, .T. ) ;
#2006 = EDGE_CURVE ( 'NONE', #909, #3481, #2652, .T. ) ;
#2007 = CARTESIAN_POINT ( 'NONE',  ( 98.50000000000000000, 7.999999999999994671, -100.5637434484819437 ) ) ;
#2008 = ADVANCED_FACE ( 'NONE', ( #4957 ), #4500, .F. ) ;
#2009 = DIRECTION ( 'NONE',  ( 0.000000000000000000, 0.000000000000000000, 1.000000000000000000 ) ) ;
#2010 = VECTOR ( 'NONE', #3499, 1000.000000000000000 ) ;
#2011 = CARTESIAN_POINT ( 'NONE',  ( -1.000000000000002442, 0.000000000000000000, -91.99999999999998579 ) ) ;
#2012 = DIRECTION ( 'NONE',  ( -1.000000000000000000, 0.000000000000000000, 0.000000000000000000 ) ) ;
#2013 = CARTESIAN_POINT ( 'NONE',  ( 90.00000000000000000, 35.00000000000000000, -201.9999999999999716 ) ) ;
#2014 = LINE ( 'NONE', #3861, #2169 ) ;
#2015 = LINE ( 'NONE', #1987, #5036 ) ;
#2016 = AXIS2_PLACEMENT_3D ( 'NONE', #4596, #34, #4112 ) ;
#2017 = AXIS2_PLACEMENT_3D ( 'NONE', #4851, #5841, #1197 ) ;
#2018 = AXIS2_PLACEMENT_3D ( 'NONE', #4026, #4422, #2241 ) ;
#2019 = VECTOR ( 'NONE', #4436, 1000.000000000000000 ) ;
#2020 = CARTESIAN_POINT ( 'NONE',  ( 60.00000000000000000, 62.50000000000000000, -201.9999999999999716 ) ) ;
#2021 = CARTESIAN_POINT ( 'NONE',  ( -3.130000000000002114, 14.04999999999999893, -130.0000000000000000 ) ) ;
#2022 = ORIENTED_EDGE ( 'NONE', *, *, #4263, .T. ) ;
#2023 = VECTOR ( 'NONE', #4948, 1000.000000000000000 ) ;
#2024 = EDGE_LOOP ( 'NONE', ( #969, #2483, #615, #3328 ) ) ;
#2025 = ORIENTED_EDGE ( 'NONE', *, *, #1097, .F. ) ;
#2026 = EDGE_CURVE ( 'NONE', #5447, #508, #1741, .T. ) ;
#2027 = VECTOR ( 'NONE', #3719, 1000.000000000000000 ) ;
#2028 = CARTESIAN_POINT ( 'NONE',  ( -3.707053692619296164E-15, 32.47421356237309453, -130.4142135623731065 ) ) ;
#2029 = AXIS2_PLACEMENT_3D ( 'NONE', #2669, #2609, #1690 ) ;
#2030 = ORIENTED_EDGE ( 'NONE', *, *, #3321, .T. ) ;
#2031 = ORIENTED_EDGE ( 'NONE', *, *, #5155, .T. ) ;
#2032 = LINE ( 'NONE', #3873, #5271 ) ;
#2033 = ADVANCED_FACE ( 'NONE', ( #959 ), #3165, .T. ) ;
#2034 = DIRECTION ( 'NONE',  ( 0.000000000000000000, 0.000000000000000000, 1.000000000000000000 ) ) ;
#2035 = CARTESIAN_POINT ( 'NONE',  ( 97.50000000000000000, 6.999999999999998224, -70.74374344848196472 ) ) ;
#2036 = ORIENTED_EDGE ( 'NONE', *, *, #5166, .T. ) ;
#2037 = CARTESIAN_POINT ( 'NONE',  ( -3.130000000000003002, 32.05999999999999517, -130.0000000000000000 ) ) ;
#2038 = EDGE_LOOP ( 'NONE', ( #4231, #5195, #4074, #3301 ) ) ;
#2039 = ADVANCED_FACE ( 'NONE', ( #464 ), #3691, .F. ) ;
#2040 = CARTESIAN_POINT ( 'NONE',  ( -1.000000000000003553, 26.49999999999999645, -130.0000000000000000 ) ) ;
#2041 = DIRECTION ( 'NONE',  ( 0.000000000000000000, 1.000000000000000000, 0.000000000000000000 ) ) ;
#2042 = CARTESIAN_POINT ( 'NONE',  ( 96.50000000000000000, 3.500000000000000000, -11.50000000000000000 ) ) ;
#2043 = CARTESIAN_POINT ( 'NONE',  ( 97.50000000000000000, 46.50000000000000000, -188.9999999999999716 ) ) ;
#2044 = DIRECTION ( 'NONE',  ( 0.000000000000000000, -0.000000000000000000, 1.000000000000000000 ) ) ;
#2045 = LINE ( 'NONE', #3802, #5706 ) ;
#2046 = CARTESIAN_POINT ( 'NONE',  ( 105.5000000000000142, 12.69999999999999574, -88.04374344848194767 ) ) ;
#2047 = ORIENTED_EDGE ( 'NONE', *, *, #2320, .T. ) ;
#2048 = CARTESIAN_POINT ( 'NONE',  ( 97.50000000000000000, 6.999999999999994671, -100.5637434484819437 ) ) ;
#2049 = DIRECTION ( 'NONE',  ( 0.000000000000000000, 0.000000000000000000, 1.000000000000000000 ) ) ;
#2050 = DIRECTION ( 'NONE',  ( 0.000000000000000000, 0.000000000000000000, -1.000000000000000000 ) ) ;
#2051 = ORIENTED_EDGE ( 'NONE', *, *, #1177, .F. ) ;
#2052 = ORIENTED_EDGE ( 'NONE', *, *, #795, .T. ) ;
#2053 = ORIENTED_EDGE ( 'NONE', *, *, #4970, .F. ) ;
#2054 = FACE_OUTER_BOUND ( 'NONE', #1964, .T. ) ;
#2055 = ADVANCED_FACE ( 'NONE', ( #6009 ), #1804, .T. ) ;
#2056 = VERTEX_POINT ( 'NONE', #1897 ) ;
#2057 = ORIENTED_EDGE ( 'NONE', *, *, #4602, .F. ) ;
#2058 = CARTESIAN_POINT ( 'NONE',  ( 19.00000000000000355, 7.500000000000000000, -2.499999999999999556 ) ) ;
#2059 = LINE ( 'NONE', #4326, #3565 ) ;
#2060 = CARTESIAN_POINT ( 'NONE',  ( -0.4142135623730973659, 32.05999999999999517, -80.00000000000000000 ) ) ;
#2061 = AXIS2_PLACEMENT_3D ( 'NONE', #3971, #3993, #5862 ) ;
#2062 = ORIENTED_EDGE ( 'NONE', *, *, #3891, .F. ) ;
#2063 = DIRECTION ( 'NONE',  ( 0.000000000000000000, 0.000000000000000000, -1.000000000000000000 ) ) ;
#2064 = ADVANCED_FACE ( 'NONE', ( #1407 ), #4226, .T. ) ;
#2065 = EDGE_LOOP ( 'NONE', ( #2052, #5860, #3635, #4666 ) ) ;
#2066 = DIRECTION ( 'NONE',  ( 0.8313644721333705023, -0.5557275541795658746, 0.000000000000000000 ) ) ;
#2067 = AXIS2_PLACEMENT_3D ( 'NONE', #1704, #2202, #4046 ) ;
#2068 = LINE ( 'NONE', #4796, #4188 ) ;
#2069 = LINE ( 'NONE', #3921, #1531 ) ;
#2070 = DIRECTION ( 'NONE',  ( 1.000000000000000000, 0.000000000000000000, 0.000000000000000000 ) ) ;
#2071 = DIRECTION ( 'NONE',  ( 4.373252460445734383E-16, -1.000000000000000000, -0.000000000000000000 ) ) ;
#2072 = DIRECTION ( 'NONE',  ( 0.000000000000000000, -0.000000000000000000, -1.000000000000000000 ) ) ;
#2073 = DIRECTION ( 'NONE',  ( 0.000000000000000000, 1.000000000000000000, 0.000000000000000000 ) ) ;
#2074 = VECTOR ( 'NONE', #2358, 1000.000000000000000 ) ;
#2075 = FACE_OUTER_BOUND ( 'NONE', #5980, .T. ) ;
#2076 = CARTESIAN_POINT ( 'NONE',  ( 97.50000000000000000, 26.59999999999999787, -89.56374344848194369 ) ) ;
#2077 = AXIS2_PLACEMENT_3D ( 'NONE', #3854, #5664, #5727 ) ;
#2078 = CYLINDRICAL_SURFACE ( 'NONE', #881, 1.000000000000000000 ) ;
#2079 = EDGE_LOOP ( 'NONE', ( #4612, #3999, #2611, #5793 ) ) ;
#2080 = EDGE_LOOP ( 'NONE', ( #1735, #2251, #4809, #5682, #2025, #3391, #4156, #3223 ) ) ;
#2081 = EDGE_CURVE ( 'NONE', #5636, #1354, #5579, .T. ) ;
#2082 = DIRECTION ( 'NONE',  ( 0.000000000000000000, 0.000000000000000000, 1.000000000000000000 ) ) ;
#2083 = AXIS2_PLACEMENT_3D ( 'NONE', #2560, #2106, #5831 ) ;
#2084 = ADVANCED_FACE ( 'NONE', ( #1844 ), #6036, .T. ) ;
#2085 = EDGE_CURVE ( 'NONE', #3621, #5049, #2328, .T. ) ;
#2086 = ORIENTED_EDGE ( 'NONE', *, *, #1811, .T. ) ;
#2087 = ORIENTED_EDGE ( 'NONE', *, *, #4154, .T. ) ;
#2088 = VECTOR ( 'NONE', #2798, 1000.000000000000000 ) ;
#2089 = EDGE_CURVE ( 'NONE', #1696, #5406, #4682, .T. ) ;
#2090 = CARTESIAN_POINT ( 'NONE',  ( 92.25000000000000000, 2.500000000000000000, -135.6737434484819573 ) ) ;
#2091 = CARTESIAN_POINT ( 'NONE',  ( -28.00000000000000711, 10.50000000000000178, -199.5000000000000000 ) ) ;
#2092 = CARTESIAN_POINT ( 'NONE',  ( -2.364478473299528272E-15, 32.47421356237309453, -79.58578643762689353 ) ) ;
#2093 = DIRECTION ( 'NONE',  ( -0.000000000000000000, -0.000000000000000000, -1.000000000000000000 ) ) ;
#2094 = ORIENTED_EDGE ( 'NONE', *, *, #2141, .T. ) ;
#2095 = CARTESIAN_POINT ( 'NONE',  ( 9.499999999999998224, 3.500000000000000000, -191.4999999999999716 ) ) ;
#2096 = ORIENTED_EDGE ( 'NONE', *, *, #5733, .T. ) ;
#2097 = EDGE_CURVE ( 'NONE', #4978, #3967, #2260, .T. ) ;
#2098 = DIRECTION ( 'NONE',  ( 0.000000000000000000, 1.000000000000000000, 0.000000000000000000 ) ) ;
#2099 = DIRECTION ( 'NONE',  ( -0.000000000000000000, 0.000000000000000000, -1.000000000000000000 ) ) ;
#2100 =( BOUNDED_CURVE ( )  B_SPLINE_CURVE ( 3, ( #2823, #4670, #4758, #2001 ),
 .UNSPECIFIED., .F., .F. ) 
 B_SPLINE_CURVE_WITH_KNOTS ( ( 4, 4 ),
 ( 4.712388980384689674, 6.283185307179586232 ),
 .UNSPECIFIED. ) 
 CURVE ( )  GEOMETRIC_REPRESENTATION_ITEM ( )  RATIONAL_B_SPLINE_CURVE ( ( 1.000000000000000000, 0.8047378541243649375, 0.8047378541243649375, 1.000000000000000000 ) ) 
 REPRESENTATION_ITEM ( '' )  );
#2101 = FACE_OUTER_BOUND ( 'NONE', #3977, .T. ) ;
#2102 = DIRECTION ( 'NONE',  ( 0.000000000000000000, 0.000000000000000000, 1.000000000000000000 ) ) ;
#2103 = ORIENTED_EDGE ( 'NONE', *, *, #383, .F. ) ;
#2104 = CIRCLE ( 'NONE', #1833, 1.000000000000000888 ) ;
#2105 = DIRECTION ( 'NONE',  ( 0.000000000000000000, 0.000000000000000000, 1.000000000000000000 ) ) ;
#2106 = DIRECTION ( 'NONE',  ( -0.000000000000000000, -1.000000000000000000, -0.000000000000000000 ) ) ;
#2107 = AXIS2_PLACEMENT_3D ( 'NONE', #5095, #2743, #3776 ) ;
#2108 = LINE ( 'NONE', #2140, #5858 ) ;
#2109 = VECTOR ( 'NONE', #950, 1000.000000000000000 ) ;
#2110 = CIRCLE ( 'NONE', #823, 1.000000000000000888 ) ;
#2111 = CARTESIAN_POINT ( 'NONE',  ( 97.49999999999997158, 13.11421356237309332, -71.32952988610885825 ) ) ;
#2112 = ORIENTED_EDGE ( 'NONE', *, *, #4236, .T. ) ;
#2113 = EDGE_LOOP ( 'NONE', ( #1625, #147, #3696 ) ) ;
#2114 = DIRECTION ( 'NONE',  ( 0.000000000000000000, 0.000000000000000000, -1.000000000000000000 ) ) ;
#2115 = AXIS2_PLACEMENT_3D ( 'NONE', #2136, #769, #3558 ) ;
#2116 = AXIS2_PLACEMENT_3D ( 'NONE', #2125, #1259, #323 ) ;
#2117 = EDGE_CURVE ( 'NONE', #1936, #397, #4722, .T. ) ;
#2118 = AXIS2_PLACEMENT_3D ( 'NONE', #1308, #340, #4462 ) ;
#2119 = VECTOR ( 'NONE', #1892, 1000.000000000000000 ) ;
#2120 = VERTEX_POINT ( 'NONE', #2351 ) ;
#2121 = ADVANCED_FACE ( 'NONE', ( #2293, #2831 ), #4200, .T. ) ;
#2122 = ORIENTED_EDGE ( 'NONE', *, *, #2690, .T. ) ;
#2123 = VECTOR ( 'NONE', #1015, 1000.000000000000000 ) ;
#2124 = DIRECTION ( 'NONE',  ( 1.000000000000000000, 0.000000000000000000, 0.000000000000000000 ) ) ;
#2125 = CARTESIAN_POINT ( 'NONE',  ( 11.49999999999999645, 47.50000000000000000, -3.499999999999999556 ) ) ;
#2126 = CARTESIAN_POINT ( 'NONE',  ( 87.00000000000001421, 47.50000000000000000, -188.9999999999999716 ) ) ;
#2127 = DIRECTION ( 'NONE',  ( -1.198013450260226463E-16, 0.000000000000000000, -1.000000000000000000 ) ) ;
#2128 = ORIENTED_EDGE ( 'NONE', *, *, #4785, .T. ) ;
#2129 = ORIENTED_EDGE ( 'NONE', *, *, #4798, .F. ) ;
#2130 = ADVANCED_FACE ( 'NONE', ( #1317 ), #4566, .T. ) ;
#2131 = CARTESIAN_POINT ( 'NONE',  ( 3.499999999999995115, 46.50000000000000000, -190.4999999999999716 ) ) ;
#2132 = CARTESIAN_POINT ( 'NONE',  ( 97.50000000000000000, 13.69999999999999751, -71.74374344848196472 ) ) ;
#2133 = FACE_OUTER_BOUND ( 'NONE', #1244, .T. ) ;
#2134 = CARTESIAN_POINT ( 'NONE',  ( 105.5000000000000142, 25.59999999999999787, -90.56374344848194369 ) ) ;
#2135 = ORIENTED_EDGE ( 'NONE', *, *, #5191, .F. ) ;
#2136 = CARTESIAN_POINT ( 'NONE',  ( 92.25000000000000000, 3.499999999999999556, -135.6737434484819573 ) ) ;
#2137 =( BOUNDED_CURVE ( )  B_SPLINE_CURVE ( 3, ( #3941, #699, #5897, #2634 ),
 .UNSPECIFIED., .F., .F. ) 
 B_SPLINE_CURVE_WITH_KNOTS ( ( 4, 4 ),
 ( 1.570796326794885678, 3.141592653589793116 ),
 .UNSPECIFIED. ) 
 CURVE ( )  GEOMETRIC_REPRESENTATION_ITEM ( )  RATIONAL_B_SPLINE_CURVE ( ( 1.000000000000000000, 0.8047378541243623840, 0.8047378541243623840, 1.000000000000000000 ) ) 
 REPRESENTATION_ITEM ( '' )  );
#2138 = CYLINDRICAL_SURFACE ( 'NONE', #2363, 1.400000000000000133 ) ;
#2139 = DIRECTION ( 'NONE',  ( 1.000000000000000000, 0.000000000000000000, -0.000000000000000000 ) ) ;
#2140 = CARTESIAN_POINT ( 'NONE',  ( 97.50000000000000000, 26.59999999999999787, -90.56374344848194369 ) ) ;
#2141 = EDGE_CURVE ( 'NONE', #3258, #3851, #1932, .T. ) ;
#2142 = ORIENTED_EDGE ( 'NONE', *, *, #3002, .T. ) ;
#2143 = DIRECTION ( 'NONE',  ( -1.000000000000000000, 0.000000000000000000, 0.000000000000000000 ) ) ;
#2144 = ORIENTED_EDGE ( 'NONE', *, *, #135, .T. ) ;
#2145 = EDGE_LOOP ( 'NONE', ( #946, #4288, #1710, #1906 ) ) ;
#2146 = DIRECTION ( 'NONE',  ( 0.000000000000000000, 0.000000000000000000, 1.000000000000000000 ) ) ;
#2147 = DIRECTION ( 'NONE',  ( 1.000000000000000000, 0.000000000000000000, 1.387778780781446307E-14 ) ) ;
#2148 = CYLINDRICAL_SURFACE ( 'NONE', #1329, 1.499999999999994449 ) ;
#2149 = CARTESIAN_POINT ( 'NONE',  ( 3.500000000000016875, 3.500000000000000000, -11.50000000000000000 ) ) ;
#2150 = VERTEX_POINT ( 'NONE', #4136 ) ;
#2151 = EDGE_CURVE ( 'NONE', #765, #2906, #3557, .T. ) ;
#2152 = CARTESIAN_POINT ( 'NONE',  ( 88.50000000000000000, 3.500000000000000000, -2.500000000000000000 ) ) ;
#2153 = ORIENTED_EDGE ( 'NONE', *, *, #5388, .T. ) ;
#2154 = AXIS2_PLACEMENT_3D ( 'NONE', #4828, #4398, #5665 ) ;
#2155 = ADVANCED_FACE ( 'NONE', ( #2776 ), #5152, .F. ) ;
#2156 = DIRECTION ( 'NONE',  ( 1.000000000000000000, -0.000000000000000000, 1.224646799147353207E-16 ) ) ;
#2157 = FACE_OUTER_BOUND ( 'NONE', #3030, .T. ) ;
#2158 = CIRCLE ( 'NONE', #2061, 1.000000000000000888 ) ;
#2159 = DIRECTION ( 'NONE',  ( 0.000000000000000000, -0.000000000000000000, 1.000000000000000000 ) ) ;
#2160 = DIRECTION ( 'NONE',  ( 0.000000000000000000, 1.000000000000000000, 0.000000000000000000 ) ) ;
#2161 = EDGE_LOOP ( 'NONE', ( #38, #3459, #3272, #3317 ) ) ;
#2162 = DIRECTION ( 'NONE',  ( 1.000000000000000000, 0.000000000000000000, 0.000000000000000000 ) ) ;
#2163 = ORIENTED_EDGE ( 'NONE', *, *, #1745, .F. ) ;
#2164 = ORIENTED_EDGE ( 'NONE', *, *, #3524, .F. ) ;
#2165 = CARTESIAN_POINT ( 'NONE',  ( 0.000000000000000000, 3.500000000000000000, -11.50000000000000000 ) ) ;
#2166 = AXIS2_PLACEMENT_3D ( 'NONE', #463, #32, #2326 ) ;
#2167 = CARTESIAN_POINT ( 'NONE',  ( 10.49999999999999467, 2.500000000000000000, -11.50000000000000000 ) ) ;
#2168 = CARTESIAN_POINT ( 'NONE',  ( 11.49999999999999645, 47.50000000000000000, -1.500000000000000222 ) ) ;
#2169 = VECTOR ( 'NONE', #2071, 1000.000000000000000 ) ;
#2170 = VERTEX_POINT ( 'NONE', #5485 ) ;
#2171 = ORIENTED_EDGE ( 'NONE', *, *, #4262, .T. ) ;
#2172 = CIRCLE ( 'NONE', #3815, 1.000000000000000888 ) ;
#2173 = VECTOR ( 'NONE', #3015, 1000.000000000000000 ) ;
#2174 = ORIENTED_EDGE ( 'NONE', *, *, #774, .T. ) ;
#2175 = ORIENTED_EDGE ( 'NONE', *, *, #2085, .F. ) ;
#2176 = VECTOR ( 'NONE', #521, 1000.000000000000000 ) ;
#2177 = CARTESIAN_POINT ( 'NONE',  ( 60.00000000000000711, 47.50000000000000000, -201.9999999999999716 ) ) ;
#2178 = DIRECTION ( 'NONE',  ( -0.000000000000000000, 1.000000000000000000, -0.000000000000000000 ) ) ;
#2179 = CARTESIAN_POINT ( 'NONE',  ( 80.00000000000000000, 47.50000000000000000, -1.499999999999999556 ) ) ;
#2180 = EDGE_CURVE ( 'NONE', #2689, #3330, #4533, .T. ) ;
#2181 = CARTESIAN_POINT ( 'NONE',  ( 87.00000000000001421, 47.50000000000000000, -200.4999999999999716 ) ) ;
#2182 = LINE ( 'NONE', #2276, #1711 ) ;
#2183 = CARTESIAN_POINT ( 'NONE',  ( 93.50000000000000000, 37.50000000000000000, -194.0999999999999375 ) ) ;
#2184 = ORIENTED_EDGE ( 'NONE', *, *, #978, .T. ) ;
#2185 = CARTESIAN_POINT ( 'NONE',  ( -0.1055728090000777192, 41.71114561800016673, -91.99999999999998579 ) ) ;
#2186 = ORIENTED_EDGE ( 'NONE', *, *, #3630, .F. ) ;
#2187 = ADVANCED_FACE ( 'NONE', ( #2803 ), #492, .T. ) ;
#2188 = DIRECTION ( 'NONE',  ( 0.000000000000000000, 0.000000000000000000, 1.000000000000000000 ) ) ;
#2189 = FACE_OUTER_BOUND ( 'NONE', #4550, .T. ) ;
#2190 = AXIS2_PLACEMENT_3D ( 'NONE', #3221, #4219, #4647 ) ;
#2191 = EDGE_CURVE ( 'NONE', #4732, #238, #4023, .T. ) ;
#2192 = CARTESIAN_POINT ( 'NONE',  ( 0.9999999999999940048, 47.50000000000000000, -201.9999999999999716 ) ) ;
#2193 = EDGE_LOOP ( 'NONE', ( #4646, #4318 ) ) ;
#2194 = EDGE_CURVE ( 'NONE', #2418, #4756, #2973, .T. ) ;
#2195 = CARTESIAN_POINT ( 'NONE',  ( 100.0000000000000000, 7.999999999999979572, -210.0000000000000000 ) ) ;
#2196 = ORIENTED_EDGE ( 'NONE', *, *, #3465, .T. ) ;
#2197 = ORIENTED_EDGE ( 'NONE', *, *, #1237, .F. ) ;
#2198 = EDGE_CURVE ( 'NONE', #2150, #4490, #2376, .T. ) ;
#2199 = CARTESIAN_POINT ( 'NONE',  ( -8.000000000000003553, 30.00000000000000000, -209.5000000000000284 ) ) ;
#2200 = CARTESIAN_POINT ( 'NONE',  ( 6.499999999999992006, 47.50000000000000000, -194.0999999999999659 ) ) ;
#2201 = CARTESIAN_POINT ( 'NONE',  ( 98.50000000000000000, 25.59999999999999787, -100.5637434484819437 ) ) ;
#2202 = DIRECTION ( 'NONE',  ( 0.000000000000000000, 1.000000000000000000, 0.000000000000000000 ) ) ;
#2203 = ORIENTED_EDGE ( 'NONE', *, *, #3277, .T. ) ;
#2204 = EDGE_LOOP ( 'NONE', ( #2675, #4964, #377, #3141 ) ) ;
#2205 = VECTOR ( 'NONE', #1705, 1000.000000000000000 ) ;
#2206 = VECTOR ( 'NONE', #1663, 1000.000000000000000 ) ;
#2207 = ADVANCED_FACE ( 'NONE', ( #4654 ), #3827, .T. ) ;
#2208 = EDGE_CURVE ( 'NONE', #5570, #5162, #6034, .T. ) ;
#2209 = VERTEX_POINT ( 'NONE', #1463 ) ;
#2210 = VECTOR ( 'NONE', #4028, 1000.000000000000000 ) ;
#2211 = ORIENTED_EDGE ( 'NONE', *, *, #3602, .F. ) ;
#2212 = AXIS2_PLACEMENT_3D ( 'NONE', #57, #949, #483 ) ;
#2213 = AXIS2_PLACEMENT_3D ( 'NONE', #4491, #4951, #4006 ) ;
#2214 = AXIS2_PLACEMENT_3D ( 'NONE', #4609, #4152, #5047 ) ;
#2215 = CARTESIAN_POINT ( 'NONE',  ( -39.25000000000000000, 1.000000000000000888, -201.9999999999999716 ) ) ;
#2216 = CARTESIAN_POINT ( 'NONE',  ( -39.24999999999887734, 0.000000000000000000, 2.178812685826805844E-13 ) ) ;
#2217 = CARTESIAN_POINT ( 'NONE',  ( -1.000000000000003553, 25.49999999999999645, -130.0000000000000000 ) ) ;
#2218 = CARTESIAN_POINT ( 'NONE',  ( 2.499999999999995115, 47.50000000000000000, -191.4999999999999716 ) ) ;
#2219 = ORIENTED_EDGE ( 'NONE', *, *, #5418, .T. ) ;
#2220 = ORIENTED_EDGE ( 'NONE', *, *, #3575, .T. ) ;
#2221 = CIRCLE ( 'NONE', #5625, 1.000000000000000000 ) ;
#2222 = CARTESIAN_POINT ( 'NONE',  ( 60.00000000000000000, 47.50000000000000000, -210.0000000000000000 ) ) ;
#2223 = CARTESIAN_POINT ( 'NONE',  ( 87.00000000000001421, 47.50000000000000000, -199.4999999999999716 ) ) ;
#2224 = FACE_OUTER_BOUND ( 'NONE', #4166, .T. ) ;
#2225 = LINE ( 'NONE', #1732, #625 ) ;
#2226 = ORIENTED_EDGE ( 'NONE', *, *, #5016, .F. ) ;
#2227 = EDGE_CURVE ( 'NONE', #3651, #1846, #1928, .T. ) ;
#2228 = DIRECTION ( 'NONE',  ( 0.000000000000000000, 1.156482317317871725E-16, 1.000000000000000000 ) ) ;
#2229 = ORIENTED_EDGE ( 'NONE', *, *, #751, .F. ) ;
#2230 = EDGE_LOOP ( 'NONE', ( #2197, #198, #2971, #2862 ) ) ;
#2231 = CARTESIAN_POINT ( 'NONE',  ( 105.5000000000000142, 12.69999999999999574, -71.74374344848196472 ) ) ;
#2232 = PLANE ( 'NONE',  #2272 ) ;
#2233 = CYLINDRICAL_SURFACE ( 'NONE', #4214, 1.000000000000000888 ) ;
#2234 = CARTESIAN_POINT ( 'NONE',  ( -1.000000000000005329, 41.26393202250023506, -199.5000000000000000 ) ) ;
#2235 = ORIENTED_EDGE ( 'NONE', *, *, #2963, .T. ) ;
#2236 = EDGE_LOOP ( 'NONE', ( #3693, #5449, #5543, #3359 ) ) ;
#2237 = EDGE_CURVE ( 'NONE', #5940, #6030, #5576, .T. ) ;
#2238 = ORIENTED_EDGE ( 'NONE', *, *, #4383, .F. ) ;
#2239 = EDGE_LOOP ( 'NONE', ( #1216, #5194, #4072, #3013, #1970, #2094, #1220, #5187, #247 ) ) ;
#2240 = CARTESIAN_POINT ( 'NONE',  ( 97.50000000000000000, 13.69999999999999751, -70.74374344848196472 ) ) ;
#2241 = DIRECTION ( 'NONE',  ( 0.000000000000000000, 0.000000000000000000, 1.000000000000000000 ) ) ;
#2242 = DIRECTION ( 'NONE',  ( 1.000000000000000000, 0.000000000000000000, 0.000000000000000000 ) ) ;
#2243 = DIRECTION ( 'NONE',  ( 0.000000000000000000, 0.000000000000000000, -1.000000000000000000 ) ) ;
#2244 = VERTEX_POINT ( 'NONE', #2829 ) ;
#2245 = VERTEX_POINT ( 'NONE', #4680 ) ;
#2246 = DIRECTION ( 'NONE',  ( 0.000000000000000000, -0.000000000000000000, 1.000000000000000000 ) ) ;
#2247 = CARTESIAN_POINT ( 'NONE',  ( 98.50000000000000000, 47.50000000000000000, -187.9999999999999432 ) ) ;
#2248 = CARTESIAN_POINT ( 'NONE',  ( -5.815307244990785662, 12.25499999999999723, -80.00000000000000000 ) ) ;
#2249 = EDGE_CURVE ( 'NONE', #2244, #2496, #462, .T. ) ;
#2250 = DIRECTION ( 'NONE',  ( 0.000000000000000000, 0.000000000000000000, 1.000000000000000000 ) ) ;
#2251 = ORIENTED_EDGE ( 'NONE', *, *, #3106, .T. ) ;
#2252 = FACE_OUTER_BOUND ( 'NONE', #977, .T. ) ;
#2253 = CARTESIAN_POINT ( 'NONE',  ( 9.499999999999996447, 46.50000000000000000, -10.50000000000000000 ) ) ;
#2254 = ORIENTED_EDGE ( 'NONE', *, *, #1225, .F. ) ;
#2255 = LINE ( 'NONE', #804, #3662 ) ;
#2256 = AXIS2_PLACEMENT_3D ( 'NONE', #1914, #1337, #5964 ) ;
#2257 = LINE ( 'NONE', #311, #990 ) ;
#2258 = DIRECTION ( 'NONE',  ( -0.000000000000000000, 1.000000000000000000, -0.000000000000000000 ) ) ;
#2259 = DIRECTION ( 'NONE',  ( 2.578203787678638882E-17, -5.156407575357511341E-17, 1.000000000000000000 ) ) ;
#2260 = LINE ( 'NONE', #5032, #127 ) ;
#2261 = ADVANCED_FACE ( 'NONE', ( #2325 ), #5179, .T. ) ;
#2262 = EDGE_LOOP ( 'NONE', ( #4752, #5615 ) ) ;
#2263 = VERTEX_POINT ( 'NONE', #2857 ) ;
#2264 = AXIS2_PLACEMENT_3D ( 'NONE', #2450, #4296, #3846 ) ;
#2265 =( GEOMETRIC_REPRESENTATION_CONTEXT ( 3 ) GLOBAL_UNCERTAINTY_ASSIGNED_CONTEXT ( ( #1596 ) ) GLOBAL_UNIT_ASSIGNED_CONTEXT ( ( #5044, #816, #356 ) ) REPRESENTATION_CONTEXT ( 'NONE', 'WORKASPACE' ) );
#2266 = ADVANCED_FACE ( 'NONE', ( #3376 ), #1957, .T. ) ;
#2267 = ORIENTED_EDGE ( 'NONE', *, *, #5770, .F. ) ;
#2268 = EDGE_CURVE ( 'NONE', #6030, #629, #555, .T. ) ;
#2269 = EDGE_LOOP ( 'NONE', ( #2220, #3747, #2653, #4220 ) ) ;
#2270 = TOROIDAL_SURFACE ( 'NONE', #1581, 2.000000000000000000, 1.000000000000000000 ) ;
#2271 = ADVANCED_FACE ( 'NONE', ( #899 ), #2774, .T. ) ;
#2272 = AXIS2_PLACEMENT_3D ( 'NONE', #432, #2740, #2323 ) ;
#2273 = DIRECTION ( 'NONE',  ( -4.373252460445732411E-16, -1.000000000000000000, 0.000000000000000000 ) ) ;
#2274 = SHAPE_DEFINITION_REPRESENTATION ( #1754, #832 ) ;
#2275 = FACE_OUTER_BOUND ( 'NONE', #4484, .T. ) ;
#2276 = CARTESIAN_POINT ( 'NONE',  ( -3.130000000000003002, 26.49999999999999645, -130.0000000000000000 ) ) ;
#2277 = ORIENTED_EDGE ( 'NONE', *, *, #6050, .T. ) ;
#2278 = EDGE_LOOP ( 'NONE', ( #4502, #865 ) ) ;
#2279 = AXIS2_PLACEMENT_3D ( 'NONE', #5390, #4995, #1703 ) ;
#2280 = EDGE_CURVE ( 'NONE', #2285, #1862, #1349, .T. ) ;
#2281 = CARTESIAN_POINT ( 'NONE',  ( 96.50000000000000000, 47.50000000000000000, -9.500000000000001776 ) ) ;
#2282 = DIRECTION ( 'NONE',  ( -1.000000000000000000, 0.000000000000000000, 0.000000000000000000 ) ) ;
#2283 = DIRECTION ( 'NONE',  ( 0.000000000000000000, 1.000000000000000000, 0.000000000000000000 ) ) ;
#2284 = CYLINDRICAL_SURFACE ( 'NONE', #324, 1.400000000000002798 ) ;
#2285 = VERTEX_POINT ( 'NONE', #957 ) ;
#2286 = CARTESIAN_POINT ( 'NONE',  ( 6.499999999999992006, 47.50000000000000000, -196.9000000000000057 ) ) ;
#2287 = ORIENTED_EDGE ( 'NONE', *, *, #1728, .T. ) ;
#2288 = CARTESIAN_POINT ( 'NONE',  ( -5.815307244990788327, 32.25499999999999545, -80.00000000000000000 ) ) ;
#2289 = CIRCLE ( 'NONE', #4804, 1.000000000000000888 ) ;
#2290 = DIRECTION ( 'NONE',  ( 0.000000000000000000, 0.000000000000000000, -1.000000000000000000 ) ) ;
#2291 = CARTESIAN_POINT ( 'NONE',  ( -2.292740324717156485E-15, 26.08578643762690064, -79.58578643762689353 ) ) ;
#2292 = LINE ( 'NONE', #3775, #1481 ) ;
#2293 = FACE_BOUND ( 'NONE', #768, .T. ) ;
#2294 = CARTESIAN_POINT ( 'NONE',  ( 100.0000000000000000, 7.999999999999958256, -210.0000000000000000 ) ) ;
#2295 = ORIENTED_EDGE ( 'NONE', *, *, #187, .T. ) ;
#2296 = ADVANCED_FACE ( 'NONE', ( #4859 ), #1111, .T. ) ;
#2297 = ORIENTED_EDGE ( 'NONE', *, *, #1177, .T. ) ;
#2298 = AXIS2_PLACEMENT_3D ( 'NONE', #604, #515, #4740 ) ;
#2299 = AXIS2_PLACEMENT_3D ( 'NONE', #5643, #3862, #3437 ) ;
#2300 = AXIS2_PLACEMENT_3D ( 'NONE', #1886, #3246, #4584 ) ;
#2301 = CARTESIAN_POINT ( 'NONE',  ( -2.036780992266124193E-15, 5.500000000000000888, -79.00000000000000000 ) ) ;
#2302 = EDGE_CURVE ( 'NONE', #1821, #4207, #120, .T. ) ;
#2303 = DIRECTION ( 'NONE',  ( 0.000000000000000000, 0.000000000000000000, 1.000000000000000000 ) ) ;
#2304 = DIRECTION ( 'NONE',  ( 0.000000000000000000, 0.000000000000000000, 1.000000000000000000 ) ) ;
#2305 = CIRCLE ( 'NONE', #4527, 1.000000000000000888 ) ;
#2306 = LINE ( 'NONE', #4478, #2210 ) ;
#2307 = VECTOR ( 'NONE', #2998, 1000.000000000000000 ) ;
#2308 = ORIENTED_EDGE ( 'NONE', *, *, #2447, .F. ) ;
#2309 = ORIENTED_EDGE ( 'NONE', *, *, #2414, .F. ) ;
#2310 = VECTOR ( 'NONE', #2066, 1000.000000000000114 ) ;
#2311 = DIRECTION ( 'NONE',  ( 0.000000000000000000, 1.000000000000000000, -0.000000000000000000 ) ) ;
#2312 = DIRECTION ( 'NONE',  ( -0.000000000000000000, -1.000000000000000000, -0.000000000000000000 ) ) ;
#2313 = CARTESIAN_POINT ( 'NONE',  ( 6.499999999999992006, 37.50000000000000000, -194.0999999999999659 ) ) ;
#2314 = ORIENTED_EDGE ( 'NONE', *, *, #451, .T. ) ;
#2315 = AXIS2_PLACEMENT_3D ( 'NONE', #3527, #3555, #4523 ) ;
#2316 = LINE ( 'NONE', #1860, #1205 ) ;
#2317 = ORIENTED_EDGE ( 'NONE', *, *, #380, .T. ) ;
#2318 = ORIENTED_EDGE ( 'NONE', *, *, #76, .T. ) ;
#2319 = DIRECTION ( 'NONE',  ( -1.000000000000000000, 0.000000000000000000, 0.000000000000000000 ) ) ;
#2320 = EDGE_CURVE ( 'NONE', #2120, #2925, #580, .T. ) ;
#2322 = AXIS2_PLACEMENT_3D ( 'NONE', #243, #2099, #5788 ) ;
#2321 = CARTESIAN_POINT ( 'NONE',  ( 96.50000000000000000, 46.50000000000000000, -11.50000000000000000 ) ) ;
#2323 = DIRECTION ( 'NONE',  ( 0.000000000000000000, -0.000000000000000000, 1.000000000000000000 ) ) ;
#2324 = CARTESIAN_POINT ( 'NONE',  ( 60.00000000000000000, 0.4142135623730956451, -210.0000000000000284 ) ) ;
#2325 = FACE_OUTER_BOUND ( 'NONE', #2657, .T. ) ;
#2326 = DIRECTION ( 'NONE',  ( 0.000000000000000000, 0.000000000000000000, 1.000000000000000000 ) ) ;
#2327 = CARTESIAN_POINT ( 'NONE',  ( 97.50000000000000000, 8.000000000000000000, -89.56374344848194369 ) ) ;
#2328 = LINE ( 'NONE', #873, #429 ) ;
#2329 = DIRECTION ( 'NONE',  ( 0.000000000000000000, 0.000000000000000000, 1.000000000000000000 ) ) ;
#2330 = ADVANCED_FACE ( 'NONE', ( #1076 ), #2916, .F. ) ;
#2331 = VERTEX_POINT ( 'NONE', #3885 ) ;
#2332 = ORIENTED_EDGE ( 'NONE', *, *, #3515, .T. ) ;
#2333 = ORIENTED_EDGE ( 'NONE', *, *, #5168, .T. ) ;
#2334 = FACE_OUTER_BOUND ( 'NONE', #543, .T. ) ;
#2335 = CARTESIAN_POINT ( 'NONE',  ( 96.50000000000000000, 46.50000000000000000, -188.9999999999999716 ) ) ;
#2336 = CARTESIAN_POINT ( 'NONE',  ( 93.50000000000000000, 37.50000000000000000, -195.4999999999999716 ) ) ;
#2337 = VERTEX_POINT ( 'NONE', #675 ) ;
#2338 = ORIENTED_EDGE ( 'NONE', *, *, #923, .T. ) ;
#2339 = DIRECTION ( 'NONE',  ( -0.000000000000000000, 1.000000000000000000, -0.000000000000000000 ) ) ;
#2340 = DIRECTION ( 'NONE',  ( 1.000000000000000000, 4.358601698434192113E-16, -0.000000000000000000 ) ) ;
#2341 = CARTESIAN_POINT ( 'NONE',  ( 0.000000000000000000, 1.000000000000000888, 0.000000000000000000 ) ) ;
#2342 = ORIENTED_EDGE ( 'NONE', *, *, #1627, .T. ) ;
#2343 = EDGE_CURVE ( 'NONE', #6030, #3446, #3286, .T. ) ;
#2344 = FACE_OUTER_BOUND ( 'NONE', #5139, .T. ) ;
#2345 = ORIENTED_EDGE ( 'NONE', *, *, #1916, .F. ) ;
#2346 = DIRECTION ( 'NONE',  ( 0.000000000000000000, 1.000000000000000000, 0.000000000000000000 ) ) ;
#2347 = DIRECTION ( 'NONE',  ( 0.000000000000000000, 1.000000000000000000, 0.000000000000000000 ) ) ;
#2348 = CARTESIAN_POINT ( 'NONE',  ( 97.50000000000000000, 6.999999999999998224, -68.47374344848196870 ) ) ;
#2349 = CARTESIAN_POINT ( 'NONE',  ( 97.50000000000000000, 47.50000000000000000, -11.50000000000000000 ) ) ;
#2350 = FACE_OUTER_BOUND ( 'NONE', #703, .T. ) ;
#2351 = CARTESIAN_POINT ( 'NONE',  ( 11.50000000000001066, 3.500000000000000000, -199.4999999999999716 ) ) ;
#2352 = CARTESIAN_POINT ( 'NONE',  ( 60.00000000000000000, 47.50000000000000000, -210.0000000000000000 ) ) ;
#2353 = VECTOR ( 'NONE', #1604, 1000.000000000000000 ) ;
#2354 = DIRECTION ( 'NONE',  ( -0.000000000000000000, 1.000000000000000000, -0.000000000000000000 ) ) ;
#2355 = ORIENTED_EDGE ( 'NONE', *, *, #1341, .F. ) ;
#2356 = ORIENTED_EDGE ( 'NONE', *, *, #5926, .T. ) ;
#2357 = ORIENTED_EDGE ( 'NONE', *, *, #4092, .F. ) ;
#2358 = DIRECTION ( 'NONE',  ( 0.000000000000000000, -1.000000000000000000, 0.000000000000000000 ) ) ;
#2359 = ORIENTED_EDGE ( 'NONE', *, *, #911, .F. ) ;
#2360 = EDGE_CURVE ( 'NONE', #1059, #4641, #2553, .T. ) ;
#2361 = ORIENTED_EDGE ( 'NONE', *, *, #1095, .F. ) ;
#2362 =( BOUNDED_CURVE ( )  B_SPLINE_CURVE ( 3, ( #2301, #3299, #1849, #5159 ),
 .UNSPECIFIED., .F., .F. ) 
 B_SPLINE_CURVE_WITH_KNOTS ( ( 4, 4 ),
 ( 4.712388980384689674, 6.283185307179586232 ),
 .UNSPECIFIED. ) 
 CURVE ( )  GEOMETRIC_REPRESENTATION_ITEM ( )  RATIONAL_B_SPLINE_CURVE ( ( 1.000000000000000000, 0.8047378541243649375, 0.8047378541243649375, 1.000000000000000000 ) ) 
 REPRESENTATION_ITEM ( '' )  );
#2363 = AXIS2_PLACEMENT_3D ( 'NONE', #3442, #5305, #3984 ) ;
#2364 = EDGE_CURVE ( 'NONE', #4599, #2285, #3433, .T. ) ;
#2365 = LINE ( 'NONE', #4215, #2733 ) ;
#2366 = DIRECTION ( 'NONE',  ( 0.000000000000000000, 0.000000000000000000, 1.000000000000000000 ) ) ;
#2367 = CARTESIAN_POINT ( 'NONE',  ( 90.50000000000001421, 3.500000000000003109, -9.500000000000001776 ) ) ;
#2368 = ORIENTED_EDGE ( 'NONE', *, *, #1782, .F. ) ;
#2369 = SPHERICAL_SURFACE ( 'NONE', #1000, 1.000000000000000000 ) ;
#2370 = ORIENTED_EDGE ( 'NONE', *, *, #5833, .T. ) ;
#2371 = AXIS2_PLACEMENT_3D ( 'NONE', #617, #2501, #3443 ) ;
#2372 = CYLINDRICAL_SURFACE ( 'NONE', #4150, 1.000000000000000888 ) ;
#2373 = DIRECTION ( 'NONE',  ( 0.000000000000000000, 0.000000000000000000, -1.000000000000000000 ) ) ;
#2374 = EDGE_CURVE ( 'NONE', #1756, #2906, #2411, .T. ) ;
#2375 = CARTESIAN_POINT ( 'NONE',  ( 11.50000000000001066, 2.500000000000002220, -199.4999999999999716 ) ) ;
#2376 = LINE ( 'NONE', #4279, #3752 ) ;
#2377 = ADVANCED_FACE ( 'NONE', ( #5298 ), #2581, .F. ) ;
#2378 = FACE_OUTER_BOUND ( 'NONE', #2852, .T. ) ;
#2379 = DIRECTION ( 'NONE',  ( 0.000000000000000000, 1.000000000000000000, 0.000000000000000000 ) ) ;
#2380 = EDGE_CURVE ( 'NONE', #3168, #3812, #211, .T. ) ;
#2381 = CARTESIAN_POINT ( 'NONE',  ( 89.50000000000001421, 2.500000000000000000, -3.499999999999999556 ) ) ;
#2382 = EDGE_CURVE ( 'NONE', #3936, #4018, #3770, .T. ) ;
#2383 = PRESENTATION_STYLE_ASSIGNMENT (( #3142 ) ) ;
#2384 = VERTEX_POINT ( 'NONE', #4887 ) ;
#2385 = VERTEX_POINT ( 'NONE', #5264 ) ;
#2386 = ORIENTED_EDGE ( 'NONE', *, *, #401, .F. ) ;
#2387 = EDGE_CURVE ( 'NONE', #4934, #3118, #3950, .T. ) ;
#2388 = FACE_OUTER_BOUND ( 'NONE', #875, .T. ) ;
#2389 = DIRECTION ( 'NONE',  ( 1.000000000000000000, -0.000000000000000000, -0.000000000000000000 ) ) ;
#2390 = EDGE_LOOP ( 'NONE', ( #3549, #2053, #5396, #2103 ) ) ;
#2391 = CIRCLE ( 'NONE', #5990, 2.250000000000001776 ) ;
#2392 = ORIENTED_EDGE ( 'NONE', *, *, #3530, .T. ) ;
#2393 = AXIS2_PLACEMENT_3D ( 'NONE', #5465, #4608, #3579 ) ;
#2394 = ADVANCED_FACE ( 'NONE', ( #4797 ), #5824, .F. ) ;
#2395 = FACE_OUTER_BOUND ( 'NONE', #2230, .T. ) ;
#2396 = VECTOR ( 'NONE', #1453, 1000.000000000000000 ) ;
#2397 = CARTESIAN_POINT ( 'NONE',  ( -1.000000000000005329, 1.000000000000000888, -198.5000000000000000 ) ) ;
#2398 = PLANE ( 'NONE',  #6000 ) ;
#2399 = VERTEX_POINT ( 'NONE', #5846 ) ;
#2400 = DIRECTION ( 'NONE',  ( 0.000000000000000000, 0.000000000000000000, 1.000000000000000000 ) ) ;
#2401 = EDGE_LOOP ( 'NONE', ( #3280, #1041, #4260, #78 ) ) ;
#2402 = TOROIDAL_SURFACE ( 'NONE', #5414, 3.749999999999999112, 1.000000000000000000 ) ;
#2403 = DIRECTION ( 'NONE',  ( 0.000000000000000000, 0.000000000000000000, 1.000000000000000000 ) ) ;
#2404 = CIRCLE ( 'NONE', #2116, 2.000000000000000000 ) ;
#2405 = FACE_OUTER_BOUND ( 'NONE', #2905, .T. ) ;
#2406 = CARTESIAN_POINT ( 'NONE',  ( 20.00000000000000355, 7.500000000000000000, -1.499999999999999556 ) ) ;
#2407 = DIRECTION ( 'NONE',  ( 0.000000000000000000, -1.000000000000000000, 0.000000000000000000 ) ) ;
#2408 = AXIS2_PLACEMENT_3D ( 'NONE', #416, #5930, #1297 ) ;
#2409 = CARTESIAN_POINT ( 'NONE',  ( -0.4142135623730986982, 12.06000000000000050, -130.0000000000000000 ) ) ;
#2410 = LINE ( 'NONE', #2352, #4636 ) ;
#2411 = CIRCLE ( 'NONE', #4837, 1.000000000000000000 ) ;
#2412 = DIRECTION ( 'NONE',  ( 0.000000000000000000, 0.000000000000000000, -1.000000000000000000 ) ) ;
#2413 = VERTEX_POINT ( 'NONE', #1147 ) ;
#2414 = EDGE_CURVE ( 'NONE', #3111, #5809, #178, .T. ) ;
#2415 = ORIENTED_EDGE ( 'NONE', *, *, #5874, .F. ) ;
#2416 = CYLINDRICAL_SURFACE ( 'NONE', #886, 1.499999999999994449 ) ;
#2417 = CARTESIAN_POINT ( 'NONE',  ( 90.50000000000001421, 46.50000000000000000, -9.500000000000001776 ) ) ;
#2418 = VERTEX_POINT ( 'NONE', #2490 ) ;
#2419 = VERTEX_POINT ( 'NONE', #4340 ) ;
#2420 = CARTESIAN_POINT ( 'NONE',  ( 86.00000000000000000, 2.500000000000000000, -187.9999999999999716 ) ) ;
#2421 = CARTESIAN_POINT ( 'NONE',  ( 87.00000000000001421, 3.500000000000000000, -188.9999999999999716 ) ) ;
#2422 = DIRECTION ( 'NONE',  ( 0.000000000000000000, 0.000000000000000000, -1.000000000000000000 ) ) ;
#2423 = ORIENTED_EDGE ( 'NONE', *, *, #186, .F. ) ;
#2424 = FACE_OUTER_BOUND ( 'NONE', #4364, .T. ) ;
#2425 = EDGE_LOOP ( 'NONE', ( #3271, #741, #2235, #2844 ) ) ;
#2426 = DIRECTION ( 'NONE',  ( 1.000000000000000000, 0.000000000000000000, 0.000000000000000000 ) ) ;
#2427 = LINE ( 'NONE', #118, #2561 ) ;
#2428 = DIRECTION ( 'NONE',  ( 0.000000000000000000, 0.000000000000000000, 1.000000000000000000 ) ) ;
#2429 = DIRECTION ( 'NONE',  ( -0.000000000000000000, 1.000000000000000000, -0.000000000000000000 ) ) ;
#2430 = CARTESIAN_POINT ( 'NONE',  ( 11.50000000000001066, 46.50000000000000000, -198.4999999999999716 ) ) ;
#2431 = DIRECTION ( 'NONE',  ( 2.775557561562888511E-14, -0.000000000000000000, -1.000000000000000000 ) ) ;
#2432 = DIRECTION ( 'NONE',  ( -0.000000000000000000, -1.000000000000000000, -0.000000000000000000 ) ) ;
#2433 = DIRECTION ( 'NONE',  ( -0.000000000000000000, 1.000000000000000000, 0.000000000000000000 ) ) ;
#2434 = ORIENTED_EDGE ( 'NONE', *, *, #3786, .T. ) ;
#2435 = CARTESIAN_POINT ( 'NONE',  ( -1.000000000000006439, 1.000000000000000888, -200.5000000000000000 ) ) ;
#2436 = DIRECTION ( 'NONE',  ( 0.000000000000000000, 1.000000000000000000, -2.312964634635743450E-16 ) ) ;
#2437 = EDGE_CURVE ( 'NONE', #1151, #5459, #2069, .T. ) ;
#2438 = ORIENTED_EDGE ( 'NONE', *, *, #1109, .F. ) ;
#2439 = VERTEX_POINT ( 'NONE', #5351 ) ;
#2440 = AXIS2_PLACEMENT_3D ( 'NONE', #1172, #4553, #5379 ) ;
#2441 = CARTESIAN_POINT ( 'NONE',  ( 11.49999999999999645, 3.500000000000000000, -2.493664996716659804E-15 ) ) ;
#2442 = EDGE_CURVE ( 'NONE', #1862, #1504, #1173, .T. ) ;
#2443 = CIRCLE ( 'NONE', #3713, 1.000000000000000888 ) ;
#2444 = EDGE_CURVE ( 'NONE', #5494, #5934, #3094, .T. ) ;
#2445 = EDGE_CURVE ( 'NONE', #4599, #3966, #2602, .T. ) ;
#2446 = EDGE_LOOP ( 'NONE', ( #4807, #3785, #3295 ) ) ;
#2447 = EDGE_CURVE ( 'NONE', #5132, #390, #5229, .T. ) ;
#2448 = EDGE_LOOP ( 'NONE', ( #4357, #1355, #328, #4358 ) ) ;
#2449 = CIRCLE ( 'NONE', #578, 2.750000000000002665 ) ;
#2450 = CARTESIAN_POINT ( 'NONE',  ( 93.50000000000000000, 47.50000000000000000, -6.500000000000000000 ) ) ;
#2451 = AXIS2_PLACEMENT_3D ( 'NONE', #5790, #2431, #2979 ) ;
#2452 = CARTESIAN_POINT ( 'NONE',  ( 0.000000000000000000, 46.50000000000000000, -92.99999999999998579 ) ) ;
#2453 = LINE ( 'NONE', #3735, #2685 ) ;
#2454 = ORIENTED_EDGE ( 'NONE', *, *, #1409, .T. ) ;
#2455 = LINE ( 'NONE', #2037, #5686 ) ;
#2456 = ORIENTED_EDGE ( 'NONE', *, *, #5155, .F. ) ;
#2457 = CARTESIAN_POINT ( 'NONE',  ( 9.499999999999998224, 47.50000000000000000, -191.4999999999999716 ) ) ;
#2458 = VECTOR ( 'NONE', #3625, 1000.000000000000000 ) ;
#2459 = DIRECTION ( 'NONE',  ( 5.551115123125778758E-15, 0.000000000000000000, 1.000000000000000000 ) ) ;
#2460 = FACE_OUTER_BOUND ( 'NONE', #5174, .T. ) ;
#2461 = DIRECTION ( 'NONE',  ( -0.000000000000000000, -1.000000000000000000, -0.000000000000000000 ) ) ;
#2462 = CARTESIAN_POINT ( 'NONE',  ( 15.95000000000000639, 8.500000000000000000, -33.82374345000000204 ) ) ;
#2463 = CARTESIAN_POINT ( 'NONE',  ( -5.143516556418884111E-15, 1.000000000000000888, -199.5000000000000000 ) ) ;
#2464 = CIRCLE ( 'NONE', #1093, 1.000000000000000888 ) ;
#2465 = CARTESIAN_POINT ( 'NONE',  ( -39.24999999999999289, 40.00000000000000000, -200.9999999999999716 ) ) ;
#2466 = DIRECTION ( 'NONE',  ( -1.000000000000000000, 0.000000000000000000, -0.000000000000000000 ) ) ;
#2467 = VERTEX_POINT ( 'NONE', #1791 ) ;
#2468 = VECTOR ( 'NONE', #898, 1000.000000000000000 ) ;
#2469 = DIRECTION ( 'NONE',  ( 0.000000000000000000, 0.000000000000000000, 1.000000000000000000 ) ) ;
#2470 = FACE_OUTER_BOUND ( 'NONE', #5691, .T. ) ;
#2471 = ORIENTED_EDGE ( 'NONE', *, *, #829, .F. ) ;
#2472 = ORIENTED_EDGE ( 'NONE', *, *, #5061, .F. ) ;
#2473 = EDGE_LOOP ( 'NONE', ( #1426, #5674, #5002 ) ) ;
#2474 = CARTESIAN_POINT ( 'NONE',  ( 11.49999999999999645, 2.500000000000000000, -191.4999999999999716 ) ) ;
#2475 = DIRECTION ( 'NONE',  ( -2.168404344971009361E-16, 0.000000000000000000, -1.000000000000000000 ) ) ;
#2476 = EDGE_CURVE ( 'NONE', #3632, #2056, #862, .T. ) ;
#2477 = ORIENTED_EDGE ( 'NONE', *, *, #4159, .T. ) ;
#2478 = ORIENTED_EDGE ( 'NONE', *, *, #4785, .F. ) ;
#2479 = ADVANCED_FACE ( 'NONE', ( #365 ), #5410, .F. ) ;
#2480 = CARTESIAN_POINT ( 'NONE',  ( 87.00000000000001421, 3.500000000000016875, -188.9999999999999716 ) ) ;
#2481 = CARTESIAN_POINT ( 'NONE',  ( 88.50000000000000000, 47.50000000000000000, -3.499999999999999556 ) ) ;
#2482 = CARTESIAN_POINT ( 'NONE',  ( 105.5000000000000142, 7.999999999999998224, -71.74374344848196472 ) ) ;
#2483 = ORIENTED_EDGE ( 'NONE', *, *, #3640, .T. ) ;
#2484 = CARTESIAN_POINT ( 'NONE',  ( 20.00000000000000355, 7.500000000000000000, -1.499999999999999556 ) ) ;
#2485 = EDGE_LOOP ( 'NONE', ( #3963, #4051, #1780, #2415 ) ) ;
#2486 = CARTESIAN_POINT ( 'NONE',  ( -5.815307244990785662, 26.30500000000000327, -80.00000000000000000 ) ) ;
#2487 = AXIS2_PLACEMENT_3D ( 'NONE', #2814, #6018, #3810 ) ;
#2488 = DIRECTION ( 'NONE',  ( 0.000000000000000000, 0.000000000000000000, -1.000000000000000000 ) ) ;
#2489 = CARTESIAN_POINT ( 'NONE',  ( -30.25000000000000711, 10.50000000000000178, -199.5000000000000000 ) ) ;
#2490 = CARTESIAN_POINT ( 'NONE',  ( -39.24999999999999289, 1.000000000000000888, -199.4999999999999716 ) ) ;
#2491 = FACE_OUTER_BOUND ( 'NONE', #4470, .T. ) ;
#2492 = CARTESIAN_POINT ( 'NONE',  ( 96.50000000000000000, 47.50000000000000000, -188.9999999999999716 ) ) ;
#2493 = CARTESIAN_POINT ( 'NONE',  ( -3.377446961859016831E-15, 13.06000000000000227, -131.0000000000000000 ) ) ;
#2494 = VECTOR ( 'NONE', #1817, 1000.000000000000000 ) ;
#2495 = CARTESIAN_POINT ( 'NONE',  ( 90.00000000000000000, 35.00000000000000000, -210.0000000000000000 ) ) ;
#2496 = VERTEX_POINT ( 'NONE', #4096 ) ;
#2497 = CIRCLE ( 'NONE', #1129, 1.000000000000000888 ) ;
#2498 = ADVANCED_FACE ( 'NONE', ( #1338 ), #1762, .F. ) ;
#2499 = CARTESIAN_POINT ( 'NONE',  ( 0.7888543819998430351, 42.15835921350011972, -201.9999999999999716 ) ) ;
#2500 = VECTOR ( 'NONE', #1389, 1000.000000000000000 ) ;
#2501 = DIRECTION ( 'NONE',  ( 0.000000000000000000, 0.000000000000000000, 1.000000000000000000 ) ) ;
#2502 = CARTESIAN_POINT ( 'NONE',  ( 88.50000000000001421, 3.500000000000000000, -3.499999999999999556 ) ) ;
#2503 = ORIENTED_EDGE ( 'NONE', *, *, #5911, .F. ) ;
#2504 = ORIENTED_EDGE ( 'NONE', *, *, #2026, .F. ) ;
#2505 = VERTEX_POINT ( 'NONE', #2247 ) ;
#2506 = VECTOR ( 'NONE', #476, 1000.000000000000000 ) ;
#2507 = DIRECTION ( 'NONE',  ( -0.4472135954999417184, 0.8944271909999239600, 0.000000000000000000 ) ) ;
#2508 = ORIENTED_EDGE ( 'NONE', *, *, #2374, .F. ) ;
#2509 = ORIENTED_EDGE ( 'NONE', *, *, #528, .F. ) ;
#2510 = DIRECTION ( 'NONE',  ( 0.000000000000000000, 1.000000000000000000, 0.000000000000000000 ) ) ;
#2511 = DIRECTION ( 'NONE',  ( -0.000000000000000000, -0.000000000000000000, 1.000000000000000000 ) ) ;
#2512 = DIRECTION ( 'NONE',  ( -1.000000000000000000, -0.000000000000000000, -0.000000000000000000 ) ) ;
#2513 = ORIENTED_EDGE ( 'NONE', *, *, #3092, .T. ) ;
#2514 = DIRECTION ( 'NONE',  ( 1.000000000000000000, 0.000000000000000000, 0.000000000000000000 ) ) ;
#2515 = VERTEX_POINT ( 'NONE', #1240 ) ;
#2516 = DIRECTION ( 'NONE',  ( 4.373252460445734383E-16, -1.000000000000000000, -0.000000000000000000 ) ) ;
#2517 = EDGE_CURVE ( 'NONE', #590, #3663, #1238, .T. ) ;
#2518 = DIRECTION ( 'NONE',  ( -1.000000000000000000, 0.000000000000000000, -0.000000000000000000 ) ) ;
#2519 = DIRECTION ( 'NONE',  ( 0.000000000000000000, 1.000000000000000000, 0.000000000000000000 ) ) ;
#2520 = EDGE_CURVE ( 'NONE', #3167, #4021, #3552, .T. ) ;
#2521 =( BOUNDED_CURVE ( )  B_SPLINE_CURVE ( 3, ( #3615, #2639, #5013, #1729 ),
 .UNSPECIFIED., .F., .F. ) 
 B_SPLINE_CURVE_WITH_KNOTS ( ( 4, 4 ),
 ( 4.712388980384689674, 6.283185307179586232 ),
 .UNSPECIFIED. ) 
 CURVE ( )  GEOMETRIC_REPRESENTATION_ITEM ( )  RATIONAL_B_SPLINE_CURVE ( ( 1.000000000000000000, 0.8047378541243649375, 0.8047378541243649375, 1.000000000000000000 ) ) 
 REPRESENTATION_ITEM ( '' )  );
#2522 = DIRECTION ( 'NONE',  ( 0.000000000000000000, 1.000000000000000000, 0.000000000000000000 ) ) ;
#2523 = CARTESIAN_POINT ( 'NONE',  ( 96.50000000000000000, 47.50000000000000000, -187.9999999999999432 ) ) ;
#2524 = CARTESIAN_POINT ( 'NONE',  ( -1.000000000000002220, 0.000000000000000000, -79.00000000000000000 ) ) ;
#2525 = EDGE_CURVE ( 'NONE', #4980, #2565, #4126, .T. ) ;
#2526 = DIRECTION ( 'NONE',  ( 0.000000000000000000, 0.000000000000000000, 1.000000000000000000 ) ) ;
#2527 = EDGE_LOOP ( 'NONE', ( #3023, #3822, #3880, #1242 ) ) ;
#2528 = CARTESIAN_POINT ( 'NONE',  ( -5.815307244990788327, 6.304999999999996163, -130.0000000000000000 ) ) ;
#2529 = DIRECTION ( 'NONE',  ( 1.000000000000000000, -0.000000000000000000, 0.000000000000000000 ) ) ;
#2530 = CARTESIAN_POINT ( 'NONE',  ( 15.95000000000000639, 8.500000000000000000, -35.32374345000000204 ) ) ;
#2531 = FACE_OUTER_BOUND ( 'NONE', #5278, .T. ) ;
#2532 = DIRECTION ( 'NONE',  ( 0.000000000000000000, 1.000000000000000000, 0.000000000000000000 ) ) ;
#2533 = EDGE_LOOP ( 'NONE', ( #5564, #1874, #5572, #4741, #3262, #502 ) ) ;
#2534 = EDGE_LOOP ( 'NONE', ( #273, #5346, #2768, #3664 ) ) ;
#2535 = CARTESIAN_POINT ( 'NONE',  ( -1.000000000000002442, 47.50000000000000000, -90.99999999999998579 ) ) ;
#2536 = ADVANCED_FACE ( 'NONE', ( #3124 ), #2640, .T. ) ;
#2537 = ORIENTED_EDGE ( 'NONE', *, *, #4412, .F. ) ;
#2538 = ORIENTED_EDGE ( 'NONE', *, *, #3968, .F. ) ;
#2539 = ADVANCED_FACE ( 'NONE', ( #2189 ), #4488, .F. ) ;
#2540 = CIRCLE ( 'NONE', #5949, 1.400000000000040101 ) ;
#2541 = DIRECTION ( 'NONE',  ( 1.000000000000000000, 0.000000000000000000, 0.000000000000000000 ) ) ;
#2542 = CARTESIAN_POINT ( 'NONE',  ( 60.00000000000000711, 47.50000000000000000, -201.9999999999999716 ) ) ;
#2543 = EDGE_CURVE ( 'NONE', #5163, #5940, #2701, .T. ) ;
#2544 = CARTESIAN_POINT ( 'NONE',  ( -2.036780992266124193E-15, 33.06000000000000227, -79.00000000000000000 ) ) ;
#2545 = CARTESIAN_POINT ( 'NONE',  ( 1.500000000000018430, 47.50000000000000000, -1.797020175390361635E-16 ) ) ;
#2546 = AXIS2_PLACEMENT_3D ( 'NONE', #2215, #2573, #2541 ) ;
#2547 = ORIENTED_EDGE ( 'NONE', *, *, #3410, .F. ) ;
#2548 = LINE ( 'NONE', #2327, #100 ) ;
#2549 = VERTEX_POINT ( 'NONE', #271 ) ;
#2550 = FACE_OUTER_BOUND ( 'NONE', #4289, .T. ) ;
#2551 = AXIS2_PLACEMENT_3D ( 'NONE', #4681, #901, #4746 ) ;
#2552 = DIRECTION ( 'NONE',  ( 0.000000000000000000, 0.000000000000000000, -1.000000000000000000 ) ) ;
#2553 = LINE ( 'NONE', #151, #1626 ) ;
#2554 = DIRECTION ( 'NONE',  ( 2.578203787678638882E-17, -0.000000000000000000, 1.000000000000000000 ) ) ;
#2555 = DIRECTION ( 'NONE',  ( 0.000000000000000000, 0.000000000000000000, -1.000000000000000000 ) ) ;
#2556 = AXIS2_PLACEMENT_3D ( 'NONE', #5642, #4476, #2044 ) ;
#2557 = ADVANCED_FACE ( 'NONE', ( #2157 ), #3570, .T. ) ;
#2558 =( BOUNDED_CURVE ( )  B_SPLINE_CURVE ( 3, ( #2179, #1683, #4509, #785 ),
 .UNSPECIFIED., .F., .F. ) 
 B_SPLINE_CURVE_WITH_KNOTS ( ( 4, 4 ),
 ( 0.000000000000000000, 1.570796326794896558 ),
 .UNSPECIFIED. ) 
 CURVE ( )  GEOMETRIC_REPRESENTATION_ITEM ( )  RATIONAL_B_SPLINE_CURVE ( ( 1.000000000000000000, 0.8047378541243649375, 0.8047378541243649375, 1.000000000000000000 ) ) 
 REPRESENTATION_ITEM ( '' )  );
#2559 = DIRECTION ( 'NONE',  ( 1.000000000000000000, 0.000000000000000000, -5.551115123125778758E-15 ) ) ;
#2560 = CARTESIAN_POINT ( 'NONE',  ( 15.95000000000000639, 8.500000000000000000, -33.82374345000000204 ) ) ;
#2561 = VECTOR ( 'NONE', #5695, 1000.000000000000000 ) ;
#2562 = EDGE_CURVE ( 'NONE', #1010, #2925, #4034, .T. ) ;
#2563 = CYLINDRICAL_SURFACE ( 'NONE', #193, 1.400000000000040101 ) ;
#2564 = ADVANCED_FACE ( 'NONE', ( #3523 ), #1204, .T. ) ;
#2565 = VERTEX_POINT ( 'NONE', #1304 ) ;
#2566 = ORIENTED_EDGE ( 'NONE', *, *, #4798, .T. ) ;
#2567 = DIRECTION ( 'NONE',  ( -0.000000000000000000, 1.000000000000000000, -0.000000000000000000 ) ) ;
#2568 = EDGE_CURVE ( 'NONE', #5101, #1697, #1313, .T. ) ;
#2569 = CIRCLE ( 'NONE', #794, 1.000000000000000888 ) ;
#2570 = ORIENTED_EDGE ( 'NONE', *, *, #3303, .T. ) ;
#2571 = ORIENTED_EDGE ( 'NONE', *, *, #3192, .T. ) ;
#2572 = EDGE_CURVE ( 'NONE', #21, #3900, #907, .T. ) ;
#2573 = DIRECTION ( 'NONE',  ( 5.551115123125778758E-15, -0.000000000000000000, 1.000000000000000000 ) ) ;
#2574 = CARTESIAN_POINT ( 'NONE',  ( 97.50000000000000000, 3.500000000000000000, -187.9999999999999432 ) ) ;
#2575 = CYLINDRICAL_SURFACE ( 'NONE', #3564, 2.750000000000002665 ) ;
#2576 = CARTESIAN_POINT ( 'NONE',  ( 100.0000000000000000, 47.50000000000000000, -52.47374344848196159 ) ) ;
#2577 = EDGE_LOOP ( 'NONE', ( #2454, #1282, #5725, #2683 ) ) ;
#2578 = EDGE_LOOP ( 'NONE', ( #2031, #3867 ) ) ;
#2579 = EDGE_CURVE ( 'NONE', #4542, #1235, #2289, .T. ) ;
#2580 = FACE_OUTER_BOUND ( 'NONE', #3243, .T. ) ;
#2581 = CYLINDRICAL_SURFACE ( 'NONE', #1033, 2.250000000000001776 ) ;
#2582 = AXIS2_PLACEMENT_3D ( 'NONE', #5322, #3915, #1070 ) ;
#2583 = CARTESIAN_POINT ( 'NONE',  ( 6.499999999999992006, 37.50000000000000000, -194.0999999999999659 ) ) ;
#2584 = CARTESIAN_POINT ( 'NONE',  ( 92.25000000000000000, 2.500000000000000444, -137.1737434484819573 ) ) ;
#2585 = VECTOR ( 'NONE', #4106, 1000.000000000000000 ) ;
#2586 = PLANE ( 'NONE',  #3674 ) ;
#2587 = PLANE ( 'NONE',  #495 ) ;
#2588 = CARTESIAN_POINT ( 'NONE',  ( 97.91421356237310647, 25.60000000000000142, -100.5637434484819437 ) ) ;
#2589 = CARTESIAN_POINT ( 'NONE',  ( 92.25000000000000000, 2.500000000000000444, -134.1737434484819573 ) ) ;
#2590 = AXIS2_PLACEMENT_3D ( 'NONE', #4128, #547, #484 ) ;
#2591 = TOROIDAL_SURFACE ( 'NONE', #6002, 2.000000000000000000, 1.000000000000000000 ) ;
#2592 = ORIENTED_EDGE ( 'NONE', *, *, #3007, .F. ) ;
#2593 = EDGE_LOOP ( 'NONE', ( #562, #4703, #306, #2658 ) ) ;
#2594 = CARTESIAN_POINT ( 'NONE',  ( -1.382606934393441069E-13, 0.000000000000000000, -200.5000000000000000 ) ) ;
#2595 = CIRCLE ( 'NONE', #2793, 2.250000000000001776 ) ;
#2596 = AXIS2_PLACEMENT_3D ( 'NONE', #2481, #2000, #1507 ) ;
#2597 = EDGE_CURVE ( 'NONE', #3108, #2439, #4551, .T. ) ;
#2598 = CIRCLE ( 'NONE', #3079, 1.400000000000000133 ) ;
#2599 = CIRCLE ( 'NONE', #1031, 1.000000000000000888 ) ;
#2600 = EDGE_LOOP ( 'NONE', ( #2478, #4672 ) ) ;
#2601 = EDGE_LOOP ( 'NONE', ( #1160, #4122, #4876, #5968 ) ) ;
#2602 = CIRCLE ( 'NONE', #6014, 1.000000000000000888 ) ;
#2603 = CARTESIAN_POINT ( 'NONE',  ( 1.000000000000000000, 1.000000000000000888, -1.000000000000000000 ) ) ;
#2604 = CARTESIAN_POINT ( 'NONE',  ( 72.25000000000000000, 55.00000000000000000, -201.9999999999999716 ) ) ;
#2605 = ORIENTED_EDGE ( 'NONE', *, *, #1549, .F. ) ;
#2606 = CARTESIAN_POINT ( 'NONE',  ( 0.000000000000000000, 0.000000000000000000, -130.0000000000000000 ) ) ;
#2607 = ORIENTED_EDGE ( 'NONE', *, *, #3781, .T. ) ;
#2608 = FACE_OUTER_BOUND ( 'NONE', #4504, .T. ) ;
#2609 = DIRECTION ( 'NONE',  ( -1.198013450260226463E-16, 0.000000000000000000, -1.000000000000000000 ) ) ;
#2610 = CARTESIAN_POINT ( 'NONE',  ( 11.49999999999999645, 46.50000000000000000, -3.499999999999999556 ) ) ;
#2611 = ORIENTED_EDGE ( 'NONE', *, *, #3022, .T. ) ;
#2612 = CYLINDRICAL_SURFACE ( 'NONE', #2118, 1.000000000000000000 ) ;
#2613 = ORIENTED_EDGE ( 'NONE', *, *, #1189, .F. ) ;
#2614 = ORIENTED_EDGE ( 'NONE', *, *, #1280, .F. ) ;
#2615 = DIRECTION ( 'NONE',  ( 0.000000000000000000, 0.000000000000000000, -1.000000000000000000 ) ) ;
#2616 = CARTESIAN_POINT ( 'NONE',  ( 96.50000000000000000, 2.500000000000000000, -11.50000000000000000 ) ) ;
#2617 = CARTESIAN_POINT ( 'NONE',  ( 1.500000000000016875, 47.50000000000000000, -11.50000000000003730 ) ) ;
#2618 = CARTESIAN_POINT ( 'NONE',  ( 10.49999999999999467, 46.50000000000000000, -199.4999999999999716 ) ) ;
#2619 = DIRECTION ( 'NONE',  ( -1.000000000000000000, 0.000000000000000000, -0.000000000000000000 ) ) ;
#2620 = ORIENTED_EDGE ( 'NONE', *, *, #4270, .T. ) ;
#2621 = ORIENTED_EDGE ( 'NONE', *, *, #1672, .F. ) ;
#2622 = EDGE_CURVE ( 'NONE', #399, #3663, #1795, .T. ) ;
#2623 = ORIENTED_EDGE ( 'NONE', *, *, #1660, .F. ) ;
#2624 = ORIENTED_EDGE ( 'NONE', *, *, #1418, .T. ) ;
#2625 = EDGE_CURVE ( 'NONE', #4848, #5321, #5393, .T. ) ;
#2626 = ADVANCED_FACE ( 'NONE', ( #4164 ), #1920, .F. ) ;
#2627 = EDGE_CURVE ( 'NONE', #5660, #194, #5085, .T. ) ;
#2628 = CARTESIAN_POINT ( 'NONE',  ( 15.95000000000000639, 3.499999999999999556, -36.57374345000000204 ) ) ;
#2629 = EDGE_CURVE ( 'NONE', #6020, #4103, #3149, .T. ) ;
#2630 = PLANE ( 'NONE',  #4111 ) ;
#2631 =( LENGTH_UNIT ( ) NAMED_UNIT ( * ) SI_UNIT ( .MILLI., .METRE. ) );
#2632 = CYLINDRICAL_SURFACE ( 'NONE', #722, 1.000000000000000000 ) ;
#2633 = CYLINDRICAL_SURFACE ( 'NONE', #1524, 2.750000000000009326 ) ;
#2634 = CARTESIAN_POINT ( 'NONE',  ( -2.999999999999862776, 47.50000000000000000, -200.9999999999999716 ) ) ;
#2635 = ORIENTED_EDGE ( 'NONE', *, *, #3726, .T. ) ;
#2636 = CYLINDRICAL_SURFACE ( 'NONE', #4687, 1.000000000000000888 ) ;
#2637 = ORIENTED_EDGE ( 'NONE', *, *, #1266, .T. ) ;
#2638 = VECTOR ( 'NONE', #5473, 1000.000000000000000 ) ;
#2639 = CARTESIAN_POINT ( 'NONE',  ( 86.58578643762689353, 2.500000000000000444, -199.0857864376268935 ) ) ;
#2640 = PLANE ( 'NONE',  #236 ) ;
#2641 = ORIENTED_EDGE ( 'NONE', *, *, #3521, .T. ) ;
#2642 = FACE_OUTER_BOUND ( 'NONE', #2390, .T. ) ;
#2643 = ORIENTED_EDGE ( 'NONE', *, *, #4245, .T. ) ;
#2644 = ORIENTED_EDGE ( 'NONE', *, *, #5950, .T. ) ;
#2645 = DIRECTION ( 'NONE',  ( 0.000000000000000000, 0.000000000000000000, 1.000000000000000000 ) ) ;
#2646 = AXIS2_PLACEMENT_3D ( 'NONE', #5707, #5797, #655 ) ;
#2647 = ADVANCED_FACE ( 'NONE', ( #4191 ), #457, .F. ) ;
#2648 = DIRECTION ( 'NONE',  ( 0.000000000000000000, 0.000000000000000000, 1.000000000000000000 ) ) ;
#2649 = DIRECTION ( 'NONE',  ( 0.000000000000000000, 0.000000000000000000, 1.000000000000000000 ) ) ;
#2650 = DIRECTION ( 'NONE',  ( -0.000000000000000000, 1.000000000000000000, 0.000000000000000000 ) ) ;
#2651 = AXIS2_PLACEMENT_3D ( 'NONE', #357, #388, #4119 ) ;
#2652 = LINE ( 'NONE', #3566, #2205 ) ;
#2653 = ORIENTED_EDGE ( 'NONE', *, *, #984, .F. ) ;
#2654 = EDGE_LOOP ( 'NONE', ( #5621, #3021, #5971, #3398 ) ) ;
#2655 = CIRCLE ( 'NONE', #3138, 1.000000000000000000 ) ;
#2656 = AXIS2_PLACEMENT_3D ( 'NONE', #2441, #2475, #5280 ) ;
#2657 = EDGE_LOOP ( 'NONE', ( #2900, #589, #3214, #3584, #2370, #1256, #575, #5843 ) ) ;
#2658 = ORIENTED_EDGE ( 'NONE', *, *, #3666, .F. ) ;
#2659 = VECTOR ( 'NONE', #4223, 1000.000000000000000 ) ;
#2660 = EDGE_CURVE ( 'NONE', #2384, #779, #601, .T. ) ;
#2661 = CARTESIAN_POINT ( 'NONE',  ( 90.50000000000001421, 3.500000000000000000, -11.50000000000000000 ) ) ;
#2662 = DIRECTION ( 'NONE',  ( -2.578203787678638882E-17, -0.000000000000000000, -1.000000000000000000 ) ) ;
#2663 = DIRECTION ( 'NONE',  ( 0.000000000000000000, 0.000000000000000000, 1.000000000000000000 ) ) ;
#2664 = FACE_OUTER_BOUND ( 'NONE', #2401, .T. ) ;
#2665 = LINE ( 'NONE', #4513, #5038 ) ;
#2666 = ORIENTED_EDGE ( 'NONE', *, *, #17, .T. ) ;
#2667 = ORIENTED_EDGE ( 'NONE', *, *, #6047, .F. ) ;
#2668 = DIRECTION ( 'NONE',  ( 2.578203787678638882E-17, -0.000000000000000000, 1.000000000000000000 ) ) ;
#2669 = CARTESIAN_POINT ( 'NONE',  ( 3.500000000000018208, 3.500000000000000000, -4.193047075910814562E-16 ) ) ;
#2670 = DIRECTION ( 'NONE',  ( 0.000000000000000000, 0.000000000000000000, 1.000000000000000000 ) ) ;
#2671 = ADVANCED_FACE ( 'NONE', ( #5635 ), #5598, .T. ) ;
#2672 = DIRECTION ( 'NONE',  ( -1.000000000000000000, 0.000000000000000000, 0.000000000000000000 ) ) ;
#2673 = ORIENTED_EDGE ( 'NONE', *, *, #3342, .T. ) ;
#2674 = CYLINDRICAL_SURFACE ( 'NONE', #5324, 1.000000000000000888 ) ;
#2675 = ORIENTED_EDGE ( 'NONE', *, *, #3076, .T. ) ;
#2676 = ORIENTED_EDGE ( 'NONE', *, *, #3773, .T. ) ;
#2677 = DIRECTION ( 'NONE',  ( -0.000000000000000000, -0.000000000000000000, 1.000000000000000000 ) ) ;
#2678 = FACE_OUTER_BOUND ( 'NONE', #2239, .T. ) ;
#2679 = DIRECTION ( 'NONE',  ( -0.000000000000000000, 1.000000000000000000, -0.000000000000000000 ) ) ;
#2680 = CYLINDRICAL_SURFACE ( 'NONE', #285, 1.000000000000000888 ) ;
#2681 = EDGE_CURVE ( 'NONE', #5459, #2926, #3766, .T. ) ;
#2682 = ORIENTED_EDGE ( 'NONE', *, *, #955, .F. ) ;
#2683 = ORIENTED_EDGE ( 'NONE', *, *, #5166, .F. ) ;
#2684 = AXIS2_PLACEMENT_3D ( 'NONE', #5221, #1034, #1880 ) ;
#2685 = VECTOR ( 'NONE', #4298, 1000.000000000000000 ) ;
#2686 = VECTOR ( 'NONE', #5827, 1000.000000000000000 ) ;
#2687 = VERTEX_POINT ( 'NONE', #2286 ) ;
#2688 = AXIS2_PLACEMENT_3D ( 'NONE', #2913, #3945, #4762 ) ;
#2689 = VERTEX_POINT ( 'NONE', #3737 ) ;
#2690 = EDGE_CURVE ( 'NONE', #3655, #2932, #5173, .T. ) ;
#2691 = VECTOR ( 'NONE', #3349, 1000.000000000000000 ) ;
#2692 = AXIS2_PLACEMENT_3D ( 'NONE', #389, #3115, #4027 ) ;
#2693 = CARTESIAN_POINT ( 'NONE',  ( -1.000000000000005329, 40.00000000000000000, -200.9999999999999716 ) ) ;
#2694 = DIRECTION ( 'NONE',  ( 0.000000000000000000, 0.000000000000000000, 1.000000000000000000 ) ) ;
#2695 = CARTESIAN_POINT ( 'NONE',  ( 100.0000000000000000, 47.50000000000000000, -88.04374344848194767 ) ) ;
#2696 = DIRECTION ( 'NONE',  ( -1.000000000000000000, -0.000000000000000000, -0.000000000000000000 ) ) ;
#2697 = VERTEX_POINT ( 'NONE', #4618 ) ;
#2698 = ORIENTED_EDGE ( 'NONE', *, *, #3718, .T. ) ;
#2699 = AXIS2_PLACEMENT_3D ( 'NONE', #2149, #3996, #4943 ) ;
#2700 = CARTESIAN_POINT ( 'NONE',  ( 1.000000000000000000, 47.50000000000000000, -2.578203787678638882E-17 ) ) ;
#2701 = LINE ( 'NONE', #4517, #140 ) ;
#2702 = FACE_OUTER_BOUND ( 'NONE', #16, .T. ) ;
#2703 = DIRECTION ( 'NONE',  ( -0.000000000000000000, 1.000000000000000000, -0.000000000000000000 ) ) ;
#2704 = ORIENTED_EDGE ( 'NONE', *, *, #1447, .T. ) ;
#2705 = FACE_OUTER_BOUND ( 'NONE', #3954, .T. ) ;
#2706 = ORIENTED_EDGE ( 'NONE', *, *, #3896, .F. ) ;
#2707 = EDGE_LOOP ( 'NONE', ( #3700, #2229, #1528, #2810 ) ) ;
#2708 = CARTESIAN_POINT ( 'NONE',  ( -3.130000000000003890, 34.04999999999999716, -130.0000000000000000 ) ) ;
#2709 = CARTESIAN_POINT ( 'NONE',  ( 15.94999999999996376, 8.500000000000000000, -135.6737434499999893 ) ) ;
#2710 = EDGE_CURVE ( 'NONE', #3413, #4490, #4124, .T. ) ;
#2711 = CARTESIAN_POINT ( 'NONE',  ( 15.95000000000000639, 2.499999999999999556, -37.57374344999999494 ) ) ;
#2712 = DIRECTION ( 'NONE',  ( 1.000000000000000000, 0.000000000000000000, 0.000000000000000000 ) ) ;
#2713 = ADVANCED_FACE ( 'NONE', ( #2252 ), #5545, .T. ) ;
#2714 = DIRECTION ( 'NONE',  ( 0.000000000000000000, 0.000000000000000000, 1.000000000000000000 ) ) ;
#2715 = CARTESIAN_POINT ( 'NONE',  ( 2.499999999999995115, 2.500000000000000000, -190.4999999999999716 ) ) ;
#2716 = EDGE_CURVE ( 'NONE', #5570, #4446, #2825, .T. ) ;
#2717 = ORIENTED_EDGE ( 'NONE', *, *, #259, .T. ) ;
#2718 = ORIENTED_EDGE ( 'NONE', *, *, #751, .T. ) ;
#2719 = ORIENTED_EDGE ( 'NONE', *, *, #43, .T. ) ;
#2720 = EDGE_CURVE ( 'NONE', #4542, #3137, #5144, .T. ) ;
#2721 = ORIENTED_EDGE ( 'NONE', *, *, #3232, .F. ) ;
#2722 = DIRECTION ( 'NONE',  ( 0.000000000000000000, 0.000000000000000000, -1.000000000000000000 ) ) ;
#2723 = FILL_AREA_STYLE_COLOUR ( '', #2837 ) ;
#2724 = DIRECTION ( 'NONE',  ( 0.000000000000000000, 0.000000000000000000, 1.000000000000000000 ) ) ;
#2725 = CARTESIAN_POINT ( 'NONE',  ( 60.00000000000000000, 1.000000000000000888, -210.0000000000000000 ) ) ;
#2726 = LINE ( 'NONE', #5677, #5192 ) ;
#2727 = ORIENTED_EDGE ( 'NONE', *, *, #4105, .F. ) ;
#2728 = CARTESIAN_POINT ( 'NONE',  ( 86.00000000000000000, 2.500000000000000000, -199.4999999999999716 ) ) ;
#2729 = ORIENTED_EDGE ( 'NONE', *, *, #3714, .F. ) ;
#2730 = DIRECTION ( 'NONE',  ( 1.000000000000000000, 0.000000000000000000, 0.000000000000000000 ) ) ;
#2731 = DIRECTION ( 'NONE',  ( 0.000000000000000000, -1.000000000000000000, 0.000000000000000000 ) ) ;
#2732 = CARTESIAN_POINT ( 'NONE',  ( 97.91421356237310647, 21.49999999999999645, -67.47374344848196870 ) ) ;
#2733 = VECTOR ( 'NONE', #5594, 1000.000000000000000 ) ;
#2734 = EDGE_LOOP ( 'NONE', ( #3787, #2737, #4293, #1052 ) ) ;
#2735 = DIRECTION ( 'NONE',  ( 0.000000000000000000, 0.000000000000000000, -1.000000000000000000 ) ) ;
#2736 = CARTESIAN_POINT ( 'NONE',  ( 87.00000000000001421, 46.50000000000000000, -199.4999999999999716 ) ) ;
#2737 = ORIENTED_EDGE ( 'NONE', *, *, #999, .F. ) ;
#2738 = DIRECTION ( 'NONE',  ( 0.000000000000000000, 0.000000000000000000, -1.000000000000000000 ) ) ;
#2739 = CIRCLE ( 'NONE', #4771, 2.250000000000001776 ) ;
#2740 = DIRECTION ( 'NONE',  ( 0.000000000000000000, 1.000000000000000000, 0.000000000000000000 ) ) ;
#2741 = FACE_OUTER_BOUND ( 'NONE', #5922, .T. ) ;
#2742 = CARTESIAN_POINT ( 'NONE',  ( -3.130000000000003002, 6.500000000000000888, -130.0000000000000000 ) ) ;
#2743 = DIRECTION ( 'NONE',  ( 0.000000000000000000, 1.000000000000000000, -0.000000000000000000 ) ) ;
#2744 = ORIENTED_EDGE ( 'NONE', *, *, #72, .T. ) ;
#2745 = ORIENTED_EDGE ( 'NONE', *, *, #2710, .T. ) ;
#2746 = AXIS2_PLACEMENT_3D ( 'NONE', #3597, #5453, #872 ) ;
#2747 = EDGE_CURVE ( 'NONE', #162, #13, #2316, .T. ) ;
#2748 = EDGE_CURVE ( 'NONE', #238, #1882, #3308, .T. ) ;
#2749 = AXIS2_PLACEMENT_3D ( 'NONE', #505, #5626, #3325 ) ;
#2750 = ORIENTED_EDGE ( 'NONE', *, *, #2903, .F. ) ;
#2751 = ORIENTED_EDGE ( 'NONE', *, *, #3072, .T. ) ;
#2752 = CIRCLE ( 'NONE', #2749, 1.000000000000000888 ) ;
#2753 =( BOUNDED_CURVE ( )  B_SPLINE_CURVE ( 3, ( #4872, #165, #2028, #4778 ),
 .UNSPECIFIED., .F., .F. ) 
 B_SPLINE_CURVE_WITH_KNOTS ( ( 4, 4 ),
 ( 0.000000000000000000, 1.570796326794896558 ),
 .UNSPECIFIED. ) 
 CURVE ( )  GEOMETRIC_REPRESENTATION_ITEM ( )  RATIONAL_B_SPLINE_CURVE ( ( 1.000000000000000000, 0.8047378541243649375, 0.8047378541243649375, 1.000000000000000000 ) ) 
 REPRESENTATION_ITEM ( '' )  );
#2754 = CIRCLE ( 'NONE', #3529, 2.000000000000001776 ) ;
#2755 = CARTESIAN_POINT ( 'NONE',  ( -39.24999999999999289, 1.000000000000000888, -201.9999999999999716 ) ) ;
#2756 = DIRECTION ( 'NONE',  ( 0.000000000000000000, 0.000000000000000000, 1.000000000000000000 ) ) ;
#2757 = DIRECTION ( 'NONE',  ( -0.000000000000000000, -1.000000000000000000, -0.000000000000000000 ) ) ;
#2758 = ORIENTED_EDGE ( 'NONE', *, *, #718, .F. ) ;
#2759 = ADVANCED_FACE ( 'NONE', ( #2344 ), #2369, .T. ) ;
#2760 = VERTEX_POINT ( 'NONE', #4674 ) ;
#2761 = CIRCLE ( 'NONE', #4295, 1.000000000000000888 ) ;
#2762 = DIRECTION ( 'NONE',  ( 0.000000000000000000, 1.000000000000000000, 0.000000000000000000 ) ) ;
#2763 = FACE_OUTER_BOUND ( 'NONE', #721, .T. ) ;
#2764 = DIRECTION ( 'NONE',  ( 0.000000000000000000, -1.000000000000000000, 0.000000000000000000 ) ) ;
#2765 = EDGE_LOOP ( 'NONE', ( #25, #5775 ) ) ;
#2766 = CARTESIAN_POINT ( 'NONE',  ( 1.000000000000000000, 1.000000000000000000, -1.000000000000000000 ) ) ;
#2767 = ORIENTED_EDGE ( 'NONE', *, *, #795, .F. ) ;
#2768 = ORIENTED_EDGE ( 'NONE', *, *, #3786, .F. ) ;
#2769 = ADVANCED_FACE ( 'NONE', ( #1009 ), #5690, .T. ) ;
#2770 = DIRECTION ( 'NONE',  ( 2.578203787678638882E-17, 0.000000000000000000, 1.000000000000000000 ) ) ;
#2771 = FACE_BOUND ( 'NONE', #3501, .T. ) ;
#2772 = DIRECTION ( 'NONE',  ( 0.000000000000000000, 0.000000000000000000, 1.000000000000000000 ) ) ;
#2773 = CARTESIAN_POINT ( 'NONE',  ( -3.130000000000002114, 24.50999999999999801, -80.00000000000000000 ) ) ;
#2774 = CYLINDRICAL_SURFACE ( 'NONE', #4155, 1.000000000000000888 ) ;
#2775 = DIRECTION ( 'NONE',  ( -2.578203787678638882E-17, 0.000000000000000000, -1.000000000000000000 ) ) ;
#2776 = FACE_OUTER_BOUND ( 'NONE', #595, .T. ) ;
#2777 = DIRECTION ( 'NONE',  ( -0.000000000000000000, -1.000000000000000000, -0.000000000000000000 ) ) ;
#2778 = ORIENTED_EDGE ( 'NONE', *, *, #5354, .T. ) ;
#2779 = EDGE_LOOP ( 'NONE', ( #3307, #254, #2815, #5071 ) ) ;
#2780 = ORIENTED_EDGE ( 'NONE', *, *, #3614, .T. ) ;
#2781 = VERTEX_POINT ( 'NONE', #2484 ) ;
#2782 = AXIS2_PLACEMENT_3D ( 'NONE', #5137, #5652, #3356 ) ;
#2783 = EDGE_CURVE ( 'NONE', #2505, #2467, #3460, .T. ) ;
#2784 = EDGE_CURVE ( 'NONE', #5338, #5143, #4823, .T. ) ;
#2785 = CYLINDRICAL_SURFACE ( 'NONE', #5286, 1.000000000000000888 ) ;
#2786 = CARTESIAN_POINT ( 'NONE',  ( -28.00000000000000711, 10.50000000000000178, -201.9999999999999716 ) ) ;
#2787 = CIRCLE ( 'NONE', #2684, 1.500000000000001332 ) ;
#2788 = AXIS2_PLACEMENT_3D ( 'NONE', #336, #4520, #5017 ) ;
#2789 = FACE_OUTER_BOUND ( 'NONE', #516, .T. ) ;
#2790 =( GEOMETRIC_REPRESENTATION_CONTEXT ( 3 ) GLOBAL_UNCERTAINTY_ASSIGNED_CONTEXT ( ( #1420 ) ) GLOBAL_UNIT_ASSIGNED_CONTEXT ( ( #2631, #6044, #4639 ) ) REPRESENTATION_CONTEXT ( 'NONE', 'WORKASPACE' ) );
#2791 = ORIENTED_EDGE ( 'NONE', *, *, #4394, .T. ) ;
#2792 = VERTEX_POINT ( 'NONE', #549 ) ;
#2793 = AXIS2_PLACEMENT_3D ( 'NONE', #5348, #1638, #2143 ) ;
#2794 = FACE_OUTER_BOUND ( 'NONE', #353, .T. ) ;
#2795 = LINE ( 'NONE', #4099, #5807 ) ;
#2796 = ORIENTED_EDGE ( 'NONE', *, *, #499, .T. ) ;
#2797 = VECTOR ( 'NONE', #651, 1000.000000000000000 ) ;
#2798 = DIRECTION ( 'NONE',  ( -0.000000000000000000, 1.000000000000000000, 0.000000000000000000 ) ) ;
#2799 = ORIENTED_EDGE ( 'NONE', *, *, #1362, .F. ) ;
#2800 = PLANE ( 'NONE',  #1610 ) ;
#2801 = DIRECTION ( 'NONE',  ( 0.000000000000000000, 0.000000000000000000, 1.000000000000000000 ) ) ;
#2802 = CARTESIAN_POINT ( 'NONE',  ( 97.50000000000000000, 12.69999999999999574, -89.04374344848194767 ) ) ;
#2803 = FACE_OUTER_BOUND ( 'NONE', #724, .T. ) ;
#2804 = DIRECTION ( 'NONE',  ( 0.000000000000000000, 0.000000000000000000, 1.000000000000000000 ) ) ;
#2805 = CARTESIAN_POINT ( 'NONE',  ( 93.50000000000000000, 37.50000000000000000, -195.4999999999999716 ) ) ;
#2806 = CARTESIAN_POINT ( 'NONE',  ( 89.50000000000001421, 46.50000000000000000, -2.500000000000000000 ) ) ;
#2807 = ADVANCED_FACE ( 'NONE', ( #640 ), #3792, .T. ) ;
#2808 = ORIENTED_EDGE ( 'NONE', *, *, #43, .F. ) ;
#2809 = EDGE_LOOP ( 'NONE', ( #2036, #5599, #220, #859 ) ) ;
#2810 = ORIENTED_EDGE ( 'NONE', *, *, #4185, .F. ) ;
#2811 = EDGE_CURVE ( 'NONE', #2170, #139, #706, .T. ) ;
#2812 = CARTESIAN_POINT ( 'NONE',  ( 20.00000000000000355, 47.50000000000000000, -10.00000000000000000 ) ) ;
#2813 = CARTESIAN_POINT ( 'NONE',  ( 97.49999999999997158, 13.11421356237309332, -88.45795701085501150 ) ) ;
#2814 = CARTESIAN_POINT ( 'NONE',  ( 92.25000000000000000, 2.500000000000000000, -33.82374344848196301 ) ) ;
#2815 = ORIENTED_EDGE ( 'NONE', *, *, #2198, .T. ) ;
#2816 = ORIENTED_EDGE ( 'NONE', *, *, #4526, .T. ) ;
#2817 = ADVANCED_FACE ( 'NONE', ( #3337 ), #5232, .F. ) ;
#2818 = EDGE_CURVE ( 'NONE', #6046, #2549, #4330, .T. ) ;
#2819 = ADVANCED_FACE ( 'NONE', ( #2424 ), #5292, .T. ) ;
#2820 = CARTESIAN_POINT ( 'NONE',  ( 100.0000000000000000, 1.000000000000000888, 0.000000000000000000 ) ) ;
#2821 = EDGE_CURVE ( 'NONE', #3353, #4988, #2455, .T. ) ;
#2822 = LINE ( 'NONE', #1395, #4819 ) ;
#2823 = CARTESIAN_POINT ( 'NONE',  ( 11.49999999999999467, 2.500000000000000000, -11.50000000000000000 ) ) ;
#2824 = ORIENTED_EDGE ( 'NONE', *, *, #3898, .F. ) ;
#2825 = LINE ( 'NONE', #1398, #5886 ) ;
#2826 = ORIENTED_EDGE ( 'NONE', *, *, #4601, .T. ) ;
#2827 = CARTESIAN_POINT ( 'NONE',  ( -39.24999999999999289, 1.000000000000000888, -200.9999999999999716 ) ) ;
#2828 = DIRECTION ( 'NONE',  ( -0.000000000000000000, 1.000000000000000000, -0.000000000000000000 ) ) ;
#2829 = CARTESIAN_POINT ( 'NONE',  ( 92.25000000000000000, 8.500000000000000000, -32.32374344848197012 ) ) ;
#2830 = DIRECTION ( 'NONE',  ( 0.000000000000000000, 0.000000000000000000, 1.000000000000000000 ) ) ;
#2831 = FACE_OUTER_BOUND ( 'NONE', #700, .T. ) ;
#2832 = LINE ( 'NONE', #2806, #239 ) ;
#2833 = ADVANCED_FACE ( 'NONE', ( #1977 ), #2970, .T. ) ;
#2834 = AXIS2_PLACEMENT_3D ( 'NONE', #5297, #2041, #3884 ) ;
#2835 = ADVANCED_FACE ( 'NONE', ( #574 ), #3397, .T. ) ;
#2836 = CARTESIAN_POINT ( 'NONE',  ( -1.000000000000005773, 40.00000000000000000, -199.5000000000000000 ) ) ;
#2837 = COLOUR_RGB ( '',0.7921568627450980005, 0.8196078431372548767, 0.9333333333333333481 ) ;
#2838 = ORIENTED_EDGE ( 'NONE', *, *, #2716, .T. ) ;
#2839 = ORIENTED_EDGE ( 'NONE', *, *, #3970, .T. ) ;
#2840 = ADVANCED_FACE ( 'NONE', ( #4300 ), #60, .T. ) ;
#2841 = CIRCLE ( 'NONE', #1074, 2.750000000000002665 ) ;
#2842 = DIRECTION ( 'NONE',  ( 0.000000000000000000, 0.000000000000000000, 1.000000000000000000 ) ) ;
#2843 = AXIS2_PLACEMENT_3D ( 'NONE', #4606, #415, #2303 ) ;
#2844 = ORIENTED_EDGE ( 'NONE', *, *, #3410, .T. ) ;
#2845 = ORIENTED_EDGE ( 'NONE', *, *, #3666, .T. ) ;
#2846 = EDGE_CURVE ( 'NONE', #2565, #5454, #1142, .T. ) ;
#2847 = AXIS2_PLACEMENT_3D ( 'NONE', #577, #1490, #2488 ) ;
#2848 = CARTESIAN_POINT ( 'NONE',  ( 98.50000000000000000, 7.999999999999996447, -88.04374344848194767 ) ) ;
#2849 = CARTESIAN_POINT ( 'NONE',  ( 96.50000000000000000, 2.500000000000000000, -188.9999999999999716 ) ) ;
#2850 = VERTEX_POINT ( 'NONE', #3003 ) ;
#2851 = CARTESIAN_POINT ( 'NONE',  ( -3.469446951953614189E-15, 32.05999999999999517, -131.0000000000000000 ) ) ;
#2852 = EDGE_LOOP ( 'NONE', ( #2613, #1484, #2641, #4567 ) ) ;
#2853 = CIRCLE ( 'NONE', #5678, 2.750000000000002665 ) ;
#2854 = CARTESIAN_POINT ( 'NONE',  ( 6.499999999999992006, 37.50000000000000000, -195.4999999999999716 ) ) ;
#2855 = CARTESIAN_POINT ( 'NONE',  ( 15.94999999999996376, 8.500000000000000000, -138.4237434499999893 ) ) ;
#2856 = CARTESIAN_POINT ( 'NONE',  ( -2.036780992266124193E-15, 25.49999999999999645, -79.00000000000000000 ) ) ;
#2857 = CARTESIAN_POINT ( 'NONE',  ( 15.95000000000000639, 8.500000000000000000, -31.07374344999999849 ) ) ;
#2858 = ADVANCED_FACE ( 'NONE', ( #4791 ), #3879, .F. ) ;
#2859 = LINE ( 'NONE', #2889, #5959 ) ;
#2860 = CARTESIAN_POINT ( 'NONE',  ( 1.000000000000000000, 1.000000000000000000, -1.000000000000000000 ) ) ;
#2861 = CARTESIAN_POINT ( 'NONE',  ( -1.000000000000002220, 0.000000000000000000, -80.00000000000000000 ) ) ;
#2862 = ORIENTED_EDGE ( 'NONE', *, *, #1037, .T. ) ;
#2863 = VECTOR ( 'NONE', #4760, 1000.000000000000000 ) ;
#2864 = DIRECTION ( 'NONE',  ( 1.000000000000000000, -0.000000000000000000, -0.000000000000000000 ) ) ;
#2865 = VERTEX_POINT ( 'NONE', #2095 ) ;
#2866 = ORIENTED_EDGE ( 'NONE', *, *, #3992, .T. ) ;
#2867 = CARTESIAN_POINT ( 'NONE',  ( 97.91421356237310647, 12.69999999999999751, -88.04374344848194767 ) ) ;
#2868 = LINE ( 'NONE', #507, #1121 ) ;
#2869 = ORIENTED_EDGE ( 'NONE', *, *, #1214, .T. ) ;
#2870 = CIRCLE ( 'NONE', #720, 1.500000000000001332 ) ;
#2871 = ORIENTED_EDGE ( 'NONE', *, *, #3260, .F. ) ;
#2872 = EDGE_CURVE ( 'NONE', #1263, #3944, #3833, .T. ) ;
#2873 = AXIS2_PLACEMENT_3D ( 'NONE', #4511, #4477, #821 ) ;
#2874 = CIRCLE ( 'NONE', #4047, 1.000000000000000000 ) ;
#2875 = LINE ( 'NONE', #4244, #4678 ) ;
#2876 = AXIS2_PLACEMENT_3D ( 'NONE', #2430, #2522, #180 ) ;
#2877 = LINE ( 'NONE', #111, #5222 ) ;
#2878 = DIRECTION ( 'NONE',  ( -0.000000000000000000, -0.000000000000000000, -1.000000000000000000 ) ) ;
#2879 = ORIENTED_EDGE ( 'NONE', *, *, #3233, .F. ) ;
#2880 = CARTESIAN_POINT ( 'NONE',  ( -30.25000000000000711, 10.50000000000000178, -209.5000000000000284 ) ) ;
#2881 = VERTEX_POINT ( 'NONE', #4393 ) ;
#2882 = DIRECTION ( 'NONE',  ( -0.000000000000000000, -0.000000000000000000, 1.000000000000000000 ) ) ;
#2883 = VECTOR ( 'NONE', #232, 1000.000000000000000 ) ;
#2884 = LINE ( 'NONE', #3374, #5578 ) ;
#2885 = EDGE_CURVE ( 'NONE', #3936, #4959, #268, .T. ) ;
#2886 = CARTESIAN_POINT ( 'NONE',  ( 105.5000000000000142, 7.999999999999994671, -100.5637434484819437 ) ) ;
#2887 = CARTESIAN_POINT ( 'NONE',  ( 98.50000000000000000, 46.50000000000000000, -10.50000000000000000 ) ) ;
#2888 = AXIS2_PLACEMENT_3D ( 'NONE', #4891, #4558, #3591 ) ;
#2889 = CARTESIAN_POINT ( 'NONE',  ( 1.000000000000000000, 0.000000000000000000, -2.578203787678638882E-17 ) ) ;
#2890 = AXIS2_PLACEMENT_3D ( 'NONE', #991, #3830, #1079 ) ;
#2891 = CYLINDRICAL_SURFACE ( 'NONE', #47, 2.750000000000002665 ) ;
#2892 = LINE ( 'NONE', #5123, #3370 ) ;
#2893 = EDGE_LOOP ( 'NONE', ( #3636, #88, #970 ) ) ;
#2894 = EDGE_CURVE ( 'NONE', #2285, #5077, #1149, .T. ) ;
#2895 = EDGE_CURVE ( 'NONE', #1936, #4848, #1167, .T. ) ;
#2896 = ADVANCED_FACE ( 'NONE', ( #4883 ), #5819, .F. ) ;
#2897 = CARTESIAN_POINT ( 'NONE',  ( 98.50000000000000000, 25.59999999999999787, -90.56374344848194369 ) ) ;
#2898 = ADVANCED_FACE ( 'NONE', ( #1200 ), #1687, .T. ) ;
#2899 = FACE_OUTER_BOUND ( 'NONE', #1441, .T. ) ;
#2900 = ORIENTED_EDGE ( 'NONE', *, *, #5165, .T. ) ;
#2901 = ORIENTED_EDGE ( 'NONE', *, *, #5116, .F. ) ;
#2902 = CARTESIAN_POINT ( 'NONE',  ( -39.24999999999999289, 39.00000000000000000, -201.9999999999999716 ) ) ;
#2903 = EDGE_CURVE ( 'NONE', #3813, #1125, #5212, .T. ) ;
#2904 = CARTESIAN_POINT ( 'NONE',  ( -3.130000000000002114, 14.04999999999999893, -80.00000000000000000 ) ) ;
#2905 = EDGE_LOOP ( 'NONE', ( #1323, #5156, #2750, #792 ) ) ;
#2906 = VERTEX_POINT ( 'NONE', #1636 ) ;
#2907 = DIRECTION ( 'NONE',  ( 0.000000000000000000, 1.000000000000000000, 0.000000000000000000 ) ) ;
#2908 = CARTESIAN_POINT ( 'NONE',  ( 0.4142135623730953120, 47.49999999999999289, -2.734758149568682143E-16 ) ) ;
#2909 = DIRECTION ( 'NONE',  ( 0.8313644721333690590, -0.5557275541795677620, -0.000000000000000000 ) ) ;
#2910 = VERTEX_POINT ( 'NONE', #2152 ) ;
#2911 = DIRECTION ( 'NONE',  ( -1.000000000000000000, 0.000000000000000000, -0.000000000000000000 ) ) ;
#2912 = ORIENTED_EDGE ( 'NONE', *, *, #3637, .T. ) ;
#2913 = CARTESIAN_POINT ( 'NONE',  ( 105.5000000000000142, 7.999999999999998224, -67.47374344848196870 ) ) ;
#2914 = LINE ( 'NONE', #5176, #691 ) ;
#2915 = LINE ( 'NONE', #2011, #2927 ) ;
#2916 = CYLINDRICAL_SURFACE ( 'NONE', #241, 1.500000000000001332 ) ;
#2917 = DIRECTION ( 'NONE',  ( 0.000000000000000000, 0.000000000000000000, -1.000000000000000000 ) ) ;
#2918 = DIRECTION ( 'NONE',  ( -0.000000000000000000, -1.000000000000000000, 0.000000000000000000 ) ) ;
#2919 = DIRECTION ( 'NONE',  ( -1.000000000000000000, 0.000000000000000000, 0.000000000000000000 ) ) ;
#2920 = DIRECTION ( 'NONE',  ( -0.000000000000000000, -1.000000000000000000, -0.000000000000000000 ) ) ;
#2921 = EDGE_CURVE ( 'NONE', #5538, #1511, #5469, .T. ) ;
#2922 = DIRECTION ( 'NONE',  ( 0.000000000000000000, -0.000000000000000000, -1.000000000000000000 ) ) ;
#2923 = DIRECTION ( 'NONE',  ( -0.000000000000000000, 1.000000000000000000, 0.000000000000000000 ) ) ;
#2924 = EDGE_LOOP ( 'NONE', ( #1325, #299, #1805, #4378 ) ) ;
#2925 = VERTEX_POINT ( 'NONE', #237 ) ;
#2926 = VERTEX_POINT ( 'NONE', #1757 ) ;
#2927 = VECTOR ( 'NONE', #5728, 1000.000000000000000 ) ;
#2928 = LINE ( 'NONE', #5711, #3371 ) ;
#2929 = EDGE_CURVE ( 'NONE', #5942, #3296, #3234, .T. ) ;
#2930 = AXIS2_PLACEMENT_3D ( 'NONE', #468, #995, #71 ) ;
#2931 = ORIENTED_EDGE ( 'NONE', *, *, #3794, .T. ) ;
#2932 = VERTEX_POINT ( 'NONE', #5899 ) ;
#2933 = CARTESIAN_POINT ( 'NONE',  ( -5.204170427930421283E-15, 41.26393202250023506, -201.9999999999999716 ) ) ;
#2934 = CIRCLE ( 'NONE', #3721, 2.749999999999999112 ) ;
#2935 = EDGE_CURVE ( 'NONE', #13, #1413, #4065, .T. ) ;
#2936 = CARTESIAN_POINT ( 'NONE',  ( -5.815307244990785662, 26.30500000000000327, -80.00000000000000000 ) ) ;
#2937 = LINE ( 'NONE', #2849, #525 ) ;
#2938 = VERTEX_POINT ( 'NONE', #3493 ) ;
#2939 = DIRECTION ( 'NONE',  ( -1.000000000000000000, -0.000000000000000000, -0.000000000000000000 ) ) ;
#2940 = ORIENTED_EDGE ( 'NONE', *, *, #1312, .T. ) ;
#2941 = LINE ( 'NONE', #4335, #4334 ) ;
#2942 = AXIS2_PLACEMENT_3D ( 'NONE', #5852, #682, #2105 ) ;
#2943 = CARTESIAN_POINT ( 'NONE',  ( 100.0000000000000000, 47.50000000000000000, -210.0000000000000000 ) ) ;
#2944 = DIRECTION ( 'NONE',  ( -0.000000000000000000, -1.000000000000000000, -0.000000000000000000 ) ) ;
#2945 = DIRECTION ( 'NONE',  ( -0.000000000000000000, -0.000000000000000000, 1.000000000000000000 ) ) ;
#2946 =( BOUNDED_CURVE ( )  B_SPLINE_CURVE ( 3, ( #3606, #3143, #1327, #5005 ),
 .UNSPECIFIED., .F., .F. ) 
 B_SPLINE_CURVE_WITH_KNOTS ( ( 4, 4 ),
 ( 2.578203787678636725E-17, 1.570796326794896558 ),
 .UNSPECIFIED. ) 
 CURVE ( )  GEOMETRIC_REPRESENTATION_ITEM ( )  RATIONAL_B_SPLINE_CURVE ( ( 1.000000000000000000, 0.8047378541243649375, 0.8047378541243649375, 1.000000000000000000 ) ) 
 REPRESENTATION_ITEM ( '' )  );
#2947 = DIRECTION ( 'NONE',  ( 0.000000000000000000, -1.000000000000000000, 0.000000000000000000 ) ) ;
#2948 = DIRECTION ( 'NONE',  ( 0.000000000000000000, 0.000000000000000000, -1.000000000000000000 ) ) ;
#2949 = ADVANCED_FACE ( 'NONE', ( #4854 ), #2636, .T. ) ;
#2950 = CARTESIAN_POINT ( 'NONE',  ( 15.95000000000000639, 8.500000000000000000, -33.82374345000000204 ) ) ;
#2951 = VERTEX_POINT ( 'NONE', #1264 ) ;
#2952 = AXIS2_PLACEMENT_3D ( 'NONE', #4441, #250, #3985 ) ;
#2953 = DIRECTION ( 'NONE',  ( 0.000000000000000000, 1.000000000000000000, 0.000000000000000000 ) ) ;
#2954 = CARTESIAN_POINT ( 'NONE',  ( -40.24999999999998579, 40.00000000000000000, -209.5000000000000284 ) ) ;
#2955 = CARTESIAN_POINT ( 'NONE',  ( 81.00000000000000000, 6.500000000000000000, -2.500000000000000000 ) ) ;
#2956 = EDGE_LOOP ( 'NONE', ( #4469, #2996 ) ) ;
#2957 = VERTEX_POINT ( 'NONE', #669 ) ;
#2958 = ORIENTED_EDGE ( 'NONE', *, *, #4352, .T. ) ;
#2959 = DIRECTION ( 'NONE',  ( 0.000000000000000000, 0.000000000000000000, 1.000000000000000000 ) ) ;
#2960 = AXIS2_PLACEMENT_3D ( 'NONE', #5057, #5512, #866 ) ;
#2961 = ORIENTED_EDGE ( 'NONE', *, *, #672, .F. ) ;
#2962 = ORIENTED_EDGE ( 'NONE', *, *, #3415, .T. ) ;
#2963 = EDGE_CURVE ( 'NONE', #5233, #2413, #2548, .T. ) ;
#2964 = ADVANCED_FACE ( 'NONE', ( #4172 ), #1435, .T. ) ;
#2965 = EDGE_CURVE ( 'NONE', #1756, #162, #1258, .T. ) ;
#2966 = CARTESIAN_POINT ( 'NONE',  ( -5.143516556418884111E-15, 33.06000000000000227, -199.5000000000000000 ) ) ;
#2967 = FACE_OUTER_BOUND ( 'NONE', #3156, .T. ) ;
#2968 = PLANE ( 'NONE',  #2017 ) ;
#2969 = VERTEX_POINT ( 'NONE', #1985 ) ;
#2970 = CYLINDRICAL_SURFACE ( 'NONE', #531, 2.750000000000002665 ) ;
#2971 = ORIENTED_EDGE ( 'NONE', *, *, #3336, .T. ) ;
#2972 = CARTESIAN_POINT ( 'NONE',  ( 105.5000000000000142, 25.59999999999999787, -90.56374344848194369 ) ) ;
#2973 = CIRCLE ( 'NONE', #322, 1.000000000000000888 ) ;
#2974 = DIRECTION ( 'NONE',  ( 1.000000000000000000, 0.000000000000000000, 0.000000000000000000 ) ) ;
#2975 = AXIS2_PLACEMENT_3D ( 'NONE', #244, #1269, #764 ) ;
#2976 = DIRECTION ( 'NONE',  ( 1.000000000000000000, -0.000000000000000000, 0.000000000000000000 ) ) ;
#2977 = DIRECTION ( 'NONE',  ( 0.000000000000000000, 0.000000000000000000, -1.000000000000000000 ) ) ;
#2978 = CARTESIAN_POINT ( 'NONE',  ( 6.499999999999994671, 47.50000000000000000, -6.500000000000000000 ) ) ;
#2979 = DIRECTION ( 'NONE',  ( 1.000000000000000000, 0.000000000000000000, 2.775557561562888827E-14 ) ) ;
#2980 = EDGE_CURVE ( 'NONE', #1004, #5876, #6058, .T. ) ;
#2981 = AXIS2_PLACEMENT_3D ( 'NONE', #1425, #5596, #58 ) ;
#2982 = DIRECTION ( 'NONE',  ( 0.000000000000000000, 0.000000000000000000, -1.000000000000000000 ) ) ;
#2983 = VECTOR ( 'NONE', #2511, 1000.000000000000000 ) ;
#2984 =( BOUNDED_CURVE ( )  B_SPLINE_CURVE ( 3, ( #1613, #4311, #1153, #2076 ),
 .UNSPECIFIED., .F., .F. ) 
 B_SPLINE_CURVE_WITH_KNOTS ( ( 4, 4 ),
 ( 3.141592653589793116, 4.712388980384689674 ),
 .UNSPECIFIED. ) 
 CURVE ( )  GEOMETRIC_REPRESENTATION_ITEM ( )  RATIONAL_B_SPLINE_CURVE ( ( 1.000000000000000000, 0.8047378541243649375, 0.8047378541243649375, 1.000000000000000000 ) ) 
 REPRESENTATION_ITEM ( '' )  );
#2985 = CIRCLE ( 'NONE', #2888, 1.000000000000000000 ) ;
#2986 = CARTESIAN_POINT ( 'NONE',  ( 9.499999999999996447, 46.50000000000000000, -199.4999999999999716 ) ) ;
#2987 = CIRCLE ( 'NONE', #3173, 0.9999999999999991118 ) ;
#2988 = PLANE ( 'NONE',  #4996 ) ;
#2989 = CARTESIAN_POINT ( 'NONE',  ( 90.50000000000001421, 46.50000000000000000, -2.500000000000000000 ) ) ;
#2990 = ORIENTED_EDGE ( 'NONE', *, *, #5165, .F. ) ;
#2991 = EDGE_LOOP ( 'NONE', ( #888, #107, #5086 ) ) ;
#2992 = CIRCLE ( 'NONE', #4249, 2.750000000000002665 ) ;
#2993 = CARTESIAN_POINT ( 'NONE',  ( 98.50000000000000000, 21.50000000000000000, -52.47374344848196159 ) ) ;
#2994 = EDGE_CURVE ( 'NONE', #2505, #219, #393, .T. ) ;
#2995 = EDGE_LOOP ( 'NONE', ( #2571, #3204, #5710, #3724 ) ) ;
#2996 = ORIENTED_EDGE ( 'NONE', *, *, #3415, .F. ) ;
#2997 = FACE_OUTER_BOUND ( 'NONE', #4660, .T. ) ;
#2998 = DIRECTION ( 'NONE',  ( -0.000000000000000000, -1.000000000000000000, -0.000000000000000000 ) ) ;
#2999 = CARTESIAN_POINT ( 'NONE',  ( 98.50000000000000000, 6.999999999999998224, -90.56374344848194369 ) ) ;
#3000 = DIRECTION ( 'NONE',  ( 0.000000000000000000, 0.000000000000000000, -1.000000000000000000 ) ) ;
#3001 = ORIENTED_EDGE ( 'NONE', *, *, #493, .F. ) ;
#3002 = EDGE_CURVE ( 'NONE', #3757, #825, #4203, .T. ) ;
#3003 = CARTESIAN_POINT ( 'NONE',  ( 3.499999999999995115, 3.500000000000000000, -191.4999999999999716 ) ) ;
#3004 = ORIENTED_EDGE ( 'NONE', *, *, #3196, .T. ) ;
#3005 = EDGE_CURVE ( 'NONE', #5108, #4448, #122, .T. ) ;
#3006 = DIRECTION ( 'NONE',  ( 1.000000000000000000, 0.000000000000000000, 0.000000000000000000 ) ) ;
#3007 = EDGE_CURVE ( 'NONE', #172, #3213, #754, .T. ) ;
#3008 = ADVANCED_FACE ( 'NONE', ( #5398 ), #2270, .T. ) ;
#3009 = CARTESIAN_POINT ( 'NONE',  ( -3.130000000000003002, 6.500000000000000888, -80.00000000000000000 ) ) ;
#3010 = DIRECTION ( 'NONE',  ( 1.000000000000000000, -0.000000000000000000, -0.000000000000000000 ) ) ;
#3011 = DIRECTION ( 'NONE',  ( 0.000000000000000000, -1.000000000000000000, 0.000000000000000000 ) ) ;
#3012 = CARTESIAN_POINT ( 'NONE',  ( -5.815307244990788327, 6.304999999999996163, -80.00000000000000000 ) ) ;
#3013 = ORIENTED_EDGE ( 'NONE', *, *, #1747, .T. ) ;
#3014 = CARTESIAN_POINT ( 'NONE',  ( 98.50000000000000000, 21.50000000000000000, -52.47374344848196159 ) ) ;
#3015 = DIRECTION ( 'NONE',  ( -0.000000000000000000, -1.000000000000000000, -0.000000000000000000 ) ) ;
#3016 = DIRECTION ( 'NONE',  ( 2.578203787678638882E-17, 0.000000000000000000, 1.000000000000000000 ) ) ;
#3017 = EDGE_CURVE ( 'NONE', #3944, #1263, #5963, .T. ) ;
#3018 = ORIENTED_EDGE ( 'NONE', *, *, #3718, .F. ) ;
#3019 = ORIENTED_EDGE ( 'NONE', *, *, #3092, .F. ) ;
#3020 = DIRECTION ( 'NONE',  ( -1.000000000000000000, 0.000000000000000000, 0.000000000000000000 ) ) ;
#3021 = ORIENTED_EDGE ( 'NONE', *, *, #5983, .F. ) ;
#3022 = EDGE_CURVE ( 'NONE', #1511, #3298, #2014, .T. ) ;
#3023 = ORIENTED_EDGE ( 'NONE', *, *, #6023, .T. ) ;
#3024 = AXIS2_PLACEMENT_3D ( 'NONE', #4487, #736, #2188 ) ;
#3025 = CARTESIAN_POINT ( 'NONE',  ( 3.499999999999995115, 46.50000000000000000, -191.4999999999999716 ) ) ;
#3026 = CARTESIAN_POINT ( 'NONE',  ( 88.50000000000001421, 3.500000000000000000, -3.499999999999999556 ) ) ;
#3027 = DIRECTION ( 'NONE',  ( -1.000000000000000000, 0.000000000000000000, 0.000000000000000000 ) ) ;
#3028 = PLANE ( 'NONE',  #5327 ) ;
#3029 = AXIS2_PLACEMENT_3D ( 'NONE', #2661, #3050, #5839 ) ;
#3030 = EDGE_LOOP ( 'NONE', ( #5003, #2392, #3736, #2623 ) ) ;
#3031 = CARTESIAN_POINT ( 'NONE',  ( 93.50000000000000000, 37.50000000000000000, -196.9000000000000057 ) ) ;
#3032 = ORIENTED_EDGE ( 'NONE', *, *, #1016, .T. ) ;
#3033 = CARTESIAN_POINT ( 'NONE',  ( 92.25000000000000000, 2.499999999999999556, -30.07374344848195236 ) ) ;
#3034 = VECTOR ( 'NONE', #4442, 1000.000000000000000 ) ;
#3035 = DIRECTION ( 'NONE',  ( 0.000000000000000000, 0.000000000000000000, -1.000000000000000000 ) ) ;
#3036 = CARTESIAN_POINT ( 'NONE',  ( 89.50000000000001421, 47.50000000000000000, -9.500000000000001776 ) ) ;
#3037 = DIRECTION ( 'NONE',  ( 0.000000000000000000, 0.000000000000000000, 1.000000000000000000 ) ) ;
#3038 = ORIENTED_EDGE ( 'NONE', *, *, #5601, .T. ) ;
#3039 = CARTESIAN_POINT ( 'NONE',  ( 97.49999999999997158, 21.91421356237309581, -52.05952988610886933 ) ) ;
#3040 = DIRECTION ( 'NONE',  ( 0.000000000000000000, 0.000000000000000000, 1.000000000000000000 ) ) ;
#3041 = AXIS2_PLACEMENT_3D ( 'NONE', #653, #3532, #4439 ) ;
#3042 = CARTESIAN_POINT ( 'NONE',  ( 0.000000000000000000, 0.000000000000000000, -130.0000000000000000 ) ) ;
#3043 = EDGE_LOOP ( 'NONE', ( #4960, #3186, #1245, #3990 ) ) ;
#3044 = ORIENTED_EDGE ( 'NONE', *, *, #467, .T. ) ;
#3045 = DIRECTION ( 'NONE',  ( 0.000000000000000000, 0.000000000000000000, 1.000000000000000000 ) ) ;
#3046 = AXIS2_PLACEMENT_3D ( 'NONE', #2709, #5974, #4562 ) ;
#3047 = EDGE_LOOP ( 'NONE', ( #5384, #2570, #3447, #2309 ) ) ;
#3048 = ORIENTED_EDGE ( 'NONE', *, *, #3260, .T. ) ;
#3049 = AXIS2_PLACEMENT_3D ( 'NONE', #1569, #4274, #87 ) ;
#3050 = DIRECTION ( 'NONE',  ( 1.000000000000000000, 0.000000000000000000, -0.000000000000000000 ) ) ;
#3051 = CYLINDRICAL_SURFACE ( 'NONE', #231, 1.000000000000000888 ) ;
#3052 = DIRECTION ( 'NONE',  ( -2.168404344971009361E-16, 0.000000000000000000, -1.000000000000000000 ) ) ;
#3053 = DIRECTION ( 'NONE',  ( 0.000000000000000000, 1.000000000000000000, -0.000000000000000000 ) ) ;
#3054 = ORIENTED_EDGE ( 'NONE', *, *, #3303, .F. ) ;
#3055 = DIRECTION ( 'NONE',  ( 1.000000000000000000, -0.000000000000000000, 0.000000000000000000 ) ) ;
#3056 = ORIENTED_EDGE ( 'NONE', *, *, #2382, .F. ) ;
#3057 = DIRECTION ( 'NONE',  ( 0.000000000000000000, 1.000000000000000000, 0.000000000000000000 ) ) ;
#3058 = CARTESIAN_POINT ( 'NONE',  ( 1.000000000000000000, 47.50000000000000000, 0.000000000000000000 ) ) ;
#3059 = DIRECTION ( 'NONE',  ( 0.000000000000000000, 0.000000000000000000, -1.000000000000000000 ) ) ;
#3060 = VERTEX_POINT ( 'NONE', #5433 ) ;
#3061 = DIRECTION ( 'NONE',  ( 1.000000000000000000, 0.000000000000000000, 0.000000000000000000 ) ) ;
#3062 = ORIENTED_EDGE ( 'NONE', *, *, #5673, .F. ) ;
#3063 = ADVANCED_FACE ( 'NONE', ( #5892 ), #1718, .T. ) ;
#3064 = CARTESIAN_POINT ( 'NONE',  ( 100.0000000000000000, 1.000000000000000888, -210.0000000000000000 ) ) ;
#3065 = VECTOR ( 'NONE', #3734, 1000.000000000000000 ) ;
#3066 = CARTESIAN_POINT ( 'NONE',  ( 97.50000000000000000, 22.49999999999999645, -68.47374344848196870 ) ) ;
#3067 = CYLINDRICAL_SURFACE ( 'NONE', #202, 1.000000000000000888 ) ;
#3068 = VECTOR ( 'NONE', #5105, 1000.000000000000000 ) ;
#3069 = LINE ( 'NONE', #4565, #778 ) ;
#3070 = VECTOR ( 'NONE', #5658, 1000.000000000000000 ) ;
#3071 = VECTOR ( 'NONE', #2312, 1000.000000000000000 ) ;
#3072 = EDGE_CURVE ( 'NONE', #629, #5163, #3923, .T. ) ;
#3073 = EDGE_LOOP ( 'NONE', ( #3411, #4230, #5431, #3244 ) ) ;
#3074 = VERTEX_POINT ( 'NONE', #154 ) ;
#3075 = ADVANCED_FACE ( 'NONE', ( #4343, #1577 ), #2630, .T. ) ;
#3076 = EDGE_CURVE ( 'NONE', #5940, #1601, #5281, .T. ) ;
#3077 = CIRCLE ( 'NONE', #436, 1.000000000000000000 ) ;
#3078 = EDGE_CURVE ( 'NONE', #4490, #4524, #4832, .T. ) ;
#3079 = AXIS2_PLACEMENT_3D ( 'NONE', #5702, #2073, #1116 ) ;
#3080 = ORIENTED_EDGE ( 'NONE', *, *, #1480, .T. ) ;
#3081 = ORIENTED_EDGE ( 'NONE', *, *, #5442, .T. ) ;
#3082 = VECTOR ( 'NONE', #797, 1000.000000000000000 ) ;
#3083 = PLANE ( 'NONE',  #3512 ) ;
#3084 = DIRECTION ( 'NONE',  ( -0.000000000000000000, -1.000000000000000000, -0.000000000000000000 ) ) ;
#3085 = DIRECTION ( 'NONE',  ( 1.000000000000000000, 0.000000000000000000, 0.000000000000000000 ) ) ;
#3086 = LINE ( 'NONE', #884, #5806 ) ;
#3087 = CARTESIAN_POINT ( 'NONE',  ( 92.25000000000000000, 8.500000000000000000, -33.82374344848196301 ) ) ;
#3088 = CARTESIAN_POINT ( 'NONE',  ( -2.999999999999862776, 47.50000000000000000, -92.99999999999998579 ) ) ;
#3089 = ORIENTED_EDGE ( 'NONE', *, *, #2085, .T. ) ;
#3090 = CARTESIAN_POINT ( 'NONE',  ( -5.815307244990788327, 32.25499999999999545, -130.0000000000000000 ) ) ;
#3091 = ORIENTED_EDGE ( 'NONE', *, *, #2117, .F. ) ;
#3092 = EDGE_CURVE ( 'NONE', #2938, #318, #3543, .T. ) ;
#3093 = CYLINDRICAL_SURFACE ( 'NONE', #179, 1.000000000000000000 ) ;
#3094 = LINE ( 'NONE', #4003, #1839 ) ;
#3095 = DIRECTION ( 'NONE',  ( 0.000000000000000000, 0.000000000000000000, -1.000000000000000000 ) ) ;
#3096 = FACE_OUTER_BOUND ( 'NONE', #789, .T. ) ;
#3097 = ORIENTED_EDGE ( 'NONE', *, *, #3783, .F. ) ;
#3098 = DIRECTION ( 'NONE',  ( 0.000000000000000000, 0.000000000000000000, -1.000000000000000000 ) ) ;
#3099 = ORIENTED_EDGE ( 'NONE', *, *, #2625, .T. ) ;
#3100 = ORIENTED_EDGE ( 'NONE', *, *, #4449, .T. ) ;
#3101 = CARTESIAN_POINT ( 'NONE',  ( 90.50000000000001421, 3.500000000000003109, -9.500000000000001776 ) ) ;
#3102 = VECTOR ( 'NONE', #4979, 1000.000000000000000 ) ;
#3103 = DIRECTION ( 'NONE',  ( 0.000000000000000000, 1.000000000000000000, 0.000000000000000000 ) ) ;
#3104 = CARTESIAN_POINT ( 'NONE',  ( 2.500000000000016875, 3.500000000000000000, -10.50000000000000000 ) ) ;
#3105 = DIRECTION ( 'NONE',  ( 1.000000000000000000, -0.000000000000000000, -0.000000000000000000 ) ) ;
#3106 = EDGE_CURVE ( 'NONE', #1595, #4619, #96, .T. ) ;
#3107 = ORIENTED_EDGE ( 'NONE', *, *, #1879, .F. ) ;
#3108 = VERTEX_POINT ( 'NONE', #4940 ) ;
#3109 = EDGE_CURVE ( 'NONE', #3353, #4732, #3380, .T. ) ;
#3110 = ORIENTED_EDGE ( 'NONE', *, *, #2921, .T. ) ;
#3111 = VERTEX_POINT ( 'NONE', #2786 ) ;
#3112 = DIRECTION ( 'NONE',  ( 0.000000000000000000, 0.000000000000000000, 1.000000000000000000 ) ) ;
#3113 = CARTESIAN_POINT ( 'NONE',  ( 97.50000000000000000, 46.50000000000000000, -10.50000000000000000 ) ) ;
#3114 = FACE_OUTER_BOUND ( 'NONE', #4853, .T. ) ;
#3115 = DIRECTION ( 'NONE',  ( 0.000000000000000000, 0.000000000000000000, 1.000000000000000000 ) ) ;
#3116 = PLANE ( 'NONE',  #2214 ) ;
#3117 = DIRECTION ( 'NONE',  ( 0.000000000000000000, 0.000000000000000000, 1.000000000000000000 ) ) ;
#3118 = VERTEX_POINT ( 'NONE', #2240 ) ;
#3119 = DIRECTION ( 'NONE',  ( -1.000000000000000000, 0.000000000000000000, 0.000000000000000000 ) ) ;
#3120 = ORIENTED_EDGE ( 'NONE', *, *, #76, .F. ) ;
#3121 = CIRCLE ( 'NONE', #81, 1.000000000000000888 ) ;
#3122 = EDGE_CURVE ( 'NONE', #4756, #4505, #1878, .T. ) ;
#3123 = CARTESIAN_POINT ( 'NONE',  ( 10.49999999999999645, 3.500000000000000000, -3.499999999999999556 ) ) ;
#3124 = FACE_OUTER_BOUND ( 'NONE', #2809, .T. ) ;
#3125 = LINE ( 'NONE', #5411, #327 ) ;
#3126 = CARTESIAN_POINT ( 'NONE',  ( 3.500000000000016875, 47.50000000000000000, -10.50000000000000000 ) ) ;
#3127 = ORIENTED_EDGE ( 'NONE', *, *, #3624, .F. ) ;
#3128 = CARTESIAN_POINT ( 'NONE',  ( 0.7888543819998423690, 42.15835921350011972, -200.9999999999999716 ) ) ;
#3129 = VERTEX_POINT ( 'NONE', #2693 ) ;
#3130 = VERTEX_POINT ( 'NONE', #1387 ) ;
#3131 = CARTESIAN_POINT ( 'NONE',  ( -39.24999999999999289, 39.00000000000000000, -200.9999999999999716 ) ) ;
#3132 = DIRECTION ( 'NONE',  ( 0.000000000000000000, 0.000000000000000000, -1.000000000000000000 ) ) ;
#3133 = DIRECTION ( 'NONE',  ( -1.000000000000000000, -0.000000000000000000, -0.000000000000000000 ) ) ;
#3134 = CYLINDRICAL_SURFACE ( 'NONE', #4685, 1.000000000000000888 ) ;
#3135 = AXIS2_PLACEMENT_3D ( 'NONE', #5439, #329, #5405 ) ;
#3136 = ORIENTED_EDGE ( 'NONE', *, *, #3639, .T. ) ;
#3137 = VERTEX_POINT ( 'NONE', #444 ) ;
#3138 = AXIS2_PLACEMENT_3D ( 'NONE', #5389, #1668, #4375 ) ;
#3139 = AXIS2_PLACEMENT_3D ( 'NONE', #1955, #3796, #4743 ) ;
#3140 = EDGE_LOOP ( 'NONE', ( #2839, #5585, #3905, #5468 ) ) ;
#3141 = ORIENTED_EDGE ( 'NONE', *, *, #2237, .F. ) ;
#3142 = SURFACE_STYLE_USAGE ( .BOTH. , #3180 ) ;
#3143 = CARTESIAN_POINT ( 'NONE',  ( -0.4142135623731003635, 40.00000000000000000, -199.5000000000000000 ) ) ;
#3144 = CARTESIAN_POINT ( 'NONE',  ( 10.49442719099912047, 22.74721359550068200, -201.9999999999999716 ) ) ;
#3145 = DIRECTION ( 'NONE',  ( 0.000000000000000000, 1.000000000000000000, 0.000000000000000000 ) ) ;
#3146 = ORIENTED_EDGE ( 'NONE', *, *, #5954, .F. ) ;
#3147 = DIRECTION ( 'NONE',  ( -0.000000000000000000, -1.000000000000000000, -0.000000000000000000 ) ) ;
#3148 = ORIENTED_EDGE ( 'NONE', *, *, #5864, .F. ) ;
#3149 = CIRCLE ( 'NONE', #4900, 3.750000000000003553 ) ;
#3150 = EDGE_CURVE ( 'NONE', #1354, #5743, #5534, .T. ) ;
#3151 = EDGE_CURVE ( 'NONE', #947, #1367, #4088, .T. ) ;
#3152 = DIRECTION ( 'NONE',  ( 0.000000000000000000, -1.156482317317871725E-16, -1.000000000000000000 ) ) ;
#3153 = DIRECTION ( 'NONE',  ( 0.000000000000000000, 0.000000000000000000, -1.000000000000000000 ) ) ;
#3154 = DIRECTION ( 'NONE',  ( 0.000000000000000000, 0.000000000000000000, 1.000000000000000000 ) ) ;
#3155 = DIRECTION ( 'NONE',  ( 0.000000000000000000, 0.000000000000000000, 1.000000000000000000 ) ) ;
#3156 = EDGE_LOOP ( 'NONE', ( #3054, #4080, #1537, #4007 ) ) ;
#3157 = LINE ( 'NONE', #1243, #4438 ) ;
#3158 = ORIENTED_EDGE ( 'NONE', *, *, #4283, .T. ) ;
#3159 = VERTEX_POINT ( 'NONE', #5956 ) ;
#3160 = LINE ( 'NONE', #2199, #2019 ) ;
#3161 = FACE_BOUND ( 'NONE', #4610, .T. ) ;
#3162 = CYLINDRICAL_SURFACE ( 'NONE', #14, 1.400000000000012346 ) ;
#3163 = DIRECTION ( 'NONE',  ( 0.000000000000000000, 1.000000000000000000, -0.000000000000000000 ) ) ;
#3164 = ADVANCED_FACE ( 'NONE', ( #3728 ), #5463, .F. ) ;
#3165 = PLANE ( 'NONE',  #1521 ) ;
#3166 = AXIS2_PLACEMENT_3D ( 'NONE', #2524, #1115, #123 ) ;
#3167 = VERTEX_POINT ( 'NONE', #855 ) ;
#3168 = VERTEX_POINT ( 'NONE', #6043 ) ;
#3169 = AXIS2_PLACEMENT_3D ( 'NONE', #1388, #1503, #52 ) ;
#3170 = AXIS2_PLACEMENT_3D ( 'NONE', #5906, #3589, #3618 ) ;
#3171 = EDGE_CURVE ( 'NONE', #4959, #4144, #4655, .T. ) ;
#3172 = ORIENTED_EDGE ( 'NONE', *, *, #4185, .T. ) ;
#3173 = AXIS2_PLACEMENT_3D ( 'NONE', #248, #2677, #5850 ) ;
#3174 = ORIENTED_EDGE ( 'NONE', *, *, #6003, .T. ) ;
#3175 = VECTOR ( 'NONE', #4389, 1000.000000000000000 ) ;
#3176 =( BOUNDED_CURVE ( )  B_SPLINE_CURVE ( 3, ( #4888, #4432, #4035, #4460 ),
 .UNSPECIFIED., .F., .F. ) 
 B_SPLINE_CURVE_WITH_KNOTS ( ( 4, 4 ),
 ( 1.570796326794893893, 3.141592653589787787 ),
 .UNSPECIFIED. ) 
 CURVE ( )  GEOMETRIC_REPRESENTATION_ITEM ( )  RATIONAL_B_SPLINE_CURVE ( ( 1.000000000000000000, 0.8047378541243654926, 0.8047378541243654926, 1.000000000000000000 ) ) 
 REPRESENTATION_ITEM ( '' )  );
#3177 = FACE_OUTER_BOUND ( 'NONE', #3710, .T. ) ;
#3178 = VECTOR ( 'NONE', #3383, 1000.000000000000000 ) ;
#3179 = AXIS2_PLACEMENT_3D ( 'NONE', #3131, #5973, #3656 ) ;
#3180 = SURFACE_SIDE_STYLE ('',( #500 ) ) ;
#3181 = DIRECTION ( 'NONE',  ( -0.000000000000000000, -1.000000000000000000, -0.000000000000000000 ) ) ;
#3182 = CARTESIAN_POINT ( 'NONE',  ( 61.00000000000000000, 1.000000000000000888, -210.0000000000000000 ) ) ;
#3183 = FACE_BOUND ( 'NONE', #4385, .T. ) ;
#3184 = ORIENTED_EDGE ( 'NONE', *, *, #4404, .T. ) ;
#3185 = AXIS2_PLACEMENT_3D ( 'NONE', #5826, #2519, #1605 ) ;
#3186 = ORIENTED_EDGE ( 'NONE', *, *, #533, .F. ) ;
#3187 = CARTESIAN_POINT ( 'NONE',  ( 15.95000000000000639, 8.500000000000000000, -36.57374345000000204 ) ) ;
#3188 = DIRECTION ( 'NONE',  ( 0.000000000000000000, 0.000000000000000000, 1.000000000000000000 ) ) ;
#3189 = DIRECTION ( 'NONE',  ( 0.000000000000000000, 0.000000000000000000, 1.000000000000000000 ) ) ;
#3190 = DIRECTION ( 'NONE',  ( -0.000000000000000000, -1.000000000000000000, -0.000000000000000000 ) ) ;
#3191 = ORIENTED_EDGE ( 'NONE', *, *, #443, .F. ) ;
#3192 = EDGE_CURVE ( 'NONE', #5820, #4505, #1082, .T. ) ;
#3193 = CARTESIAN_POINT ( 'NONE',  ( 105.5000000000000142, 8.000000000000000000, -52.47374344848196159 ) ) ;
#3194 = LINE ( 'NONE', #2736, #3957 ) ;
#3195 = ORIENTED_EDGE ( 'NONE', *, *, #4836, .T. ) ;
#3196 = EDGE_CURVE ( 'NONE', #4559, #2263, #2934, .T. ) ;
#3197 = CARTESIAN_POINT ( 'NONE',  ( 87.00000000000001421, 2.500000000000000000, -187.9999999999999716 ) ) ;
#3198 = DIRECTION ( 'NONE',  ( -1.000000000000000000, 0.000000000000000000, -0.000000000000000000 ) ) ;
#3199 = DIRECTION ( 'NONE',  ( 0.000000000000000000, 0.000000000000000000, -1.000000000000000000 ) ) ;
#3200 = CARTESIAN_POINT ( 'NONE',  ( 3.499999999999995115, 47.50000000000000000, -190.4999999999999716 ) ) ;
#3201 = ADVANCED_FACE ( 'NONE', ( #784 ), #4508, .T. ) ;
#3202 = CARTESIAN_POINT ( 'NONE',  ( 96.50000000000000000, 3.500000000000000000, -11.50000000000000000 ) ) ;
#3203 = CARTESIAN_POINT ( 'NONE',  ( 93.50000000000000000, 37.50000000000000000, -195.4999999999999716 ) ) ;
#3204 = ORIENTED_EDGE ( 'NONE', *, *, #3122, .F. ) ;
#3205 = ORIENTED_EDGE ( 'NONE', *, *, #3657, .T. ) ;
#3206 = EDGE_CURVE ( 'NONE', #1322, #3518, #1980, .T. ) ;
#3207 = ORIENTED_EDGE ( 'NONE', *, *, #5288, .T. ) ;
#3208 = CARTESIAN_POINT ( 'NONE',  ( 0.9999999999999947820, 47.50000000000000000, -200.9999999999999716 ) ) ;
#3209 = CARTESIAN_POINT ( 'NONE',  ( 98.50000000000000000, 8.000000000000000000, -52.47374344848196159 ) ) ;
#3210 = EDGE_CURVE ( 'NONE', #5636, #1821, #5908, .T. ) ;
#3211 = CARTESIAN_POINT ( 'NONE',  ( -3.377446961859016831E-15, 33.06000000000000227, -131.0000000000000000 ) ) ;
#3212 = CARTESIAN_POINT ( 'NONE',  ( 0.000000000000000000, 47.50000000000000000, -189.9999999999999716 ) ) ;
#3213 = VERTEX_POINT ( 'NONE', #2335 ) ;
#3214 = ORIENTED_EDGE ( 'NONE', *, *, #1362, .T. ) ;
#3215 = DIRECTION ( 'NONE',  ( 0.000000000000000000, 0.000000000000000000, -1.000000000000000000 ) ) ;
#3216 = CARTESIAN_POINT ( 'NONE',  ( 90.50000000000001421, 46.50000000000000000, -3.499999999999999556 ) ) ;
#3217 = CARTESIAN_POINT ( 'NONE',  ( 98.50000000000000000, 21.49999999999999645, -67.47374344848196870 ) ) ;
#3218 = LINE ( 'NONE', #3705, #1913 ) ;
#3219 = AXIS2_PLACEMENT_3D ( 'NONE', #2222, #796, #704 ) ;
#3220 = VERTEX_POINT ( 'NONE', #4179 ) ;
#3221 = CARTESIAN_POINT ( 'NONE',  ( 93.50000000000000000, 47.50000000000000000, -195.4999999999999716 ) ) ;
#3222 = ORIENTED_EDGE ( 'NONE', *, *, #1909, .F. ) ;
#3223 = ORIENTED_EDGE ( 'NONE', *, *, #2380, .F. ) ;
#3224 = DIRECTION ( 'NONE',  ( -0.000000000000000000, 1.000000000000000000, -0.000000000000000000 ) ) ;
#3225 = CIRCLE ( 'NONE', #3616, 1.000000000000000888 ) ;
#3226 = CYLINDRICAL_SURFACE ( 'NONE', #4291, 1.000000000000000888 ) ;
#3227 = DIRECTION ( 'NONE',  ( 0.000000000000000000, 0.000000000000000000, 1.000000000000000000 ) ) ;
#3228 = DIRECTION ( 'NONE',  ( 4.358601698434187676E-16, 1.000000000000000000, 0.000000000000000000 ) ) ;
#3229 = DIRECTION ( 'NONE',  ( 0.000000000000000000, 0.000000000000000000, 1.000000000000000000 ) ) ;
#3230 = DIRECTION ( 'NONE',  ( -1.000000000000000000, 0.000000000000000000, 0.000000000000000000 ) ) ;
#3231 = ORIENTED_EDGE ( 'NONE', *, *, #4659, .F. ) ;
#3232 = EDGE_CURVE ( 'NONE', #5885, #2951, #4981, .T. ) ;
#3233 = EDGE_CURVE ( 'NONE', #3074, #61, #2946, .T. ) ;
#3234 = CIRCLE ( 'NONE', #3135, 2.250000000000001776 ) ;
#3235 = ORIENTED_EDGE ( 'NONE', *, *, #4873, .F. ) ;
#3236 = ORIENTED_EDGE ( 'NONE', *, *, #3150, .F. ) ;
#3237 = AXIS2_PLACEMENT_3D ( 'NONE', #3928, #2953, #744 ) ;
#3238 = CARTESIAN_POINT ( 'NONE',  ( 61.00000000000000711, 0.000000000000000000, -200.9999999999999716 ) ) ;
#3239 = VECTOR ( 'NONE', #5333, 1000.000000000000000 ) ;
#3240 = DIRECTION ( 'NONE',  ( -5.551115123125778758E-15, 0.000000000000000000, -1.000000000000000000 ) ) ;
#3241 = LINE ( 'NONE', #2904, #3068 ) ;
#3242 = CARTESIAN_POINT ( 'NONE',  ( -1.000000000000005329, 41.26393202250023506, -201.9999999999999716 ) ) ;
#3243 = EDGE_LOOP ( 'NONE', ( #2666, #2718, #3506, #1309, #1946 ) ) ;
#3244 = ORIENTED_EDGE ( 'NONE', *, *, #4, .F. ) ;
#3245 = FACE_BOUND ( 'NONE', #916, .T. ) ;
#3246 = DIRECTION ( 'NONE',  ( 0.000000000000000000, 1.000000000000000000, 0.000000000000000000 ) ) ;
#3247 = LINE ( 'NONE', #367, #4233 ) ;
#3248 = ORIENTED_EDGE ( 'NONE', *, *, #1175, .F. ) ;
#3249 = CARTESIAN_POINT ( 'NONE',  ( 98.50000000000000000, 8.000000000000000000, -51.47374344848196159 ) ) ;
#3250 = ORIENTED_EDGE ( 'NONE', *, *, #4383, .T. ) ;
#3251 = CARTESIAN_POINT ( 'NONE',  ( 98.50000000000000000, 8.000000000000000000, -52.47374344848196159 ) ) ;
#3252 = PLANE ( 'NONE',  #300 ) ;
#3253 = LINE ( 'NONE', #4196, #4503 ) ;
#3254 = DIRECTION ( 'NONE',  ( 0.000000000000000000, 0.000000000000000000, -1.000000000000000000 ) ) ;
#3255 = CARTESIAN_POINT ( 'NONE',  ( -40.24999999999998579, 47.50000000000000000, -199.4999999999999716 ) ) ;
#3256 = DIRECTION ( 'NONE',  ( 0.000000000000000000, 1.000000000000000000, 0.000000000000000000 ) ) ;
#3257 = EDGE_CURVE ( 'NONE', #3568, #568, #5928, .T. ) ;
#3258 = VERTEX_POINT ( 'NONE', #2755 ) ;
#3259 = EDGE_CURVE ( 'NONE', #4803, #3482, #5372, .T. ) ;
#3260 = EDGE_CURVE ( 'NONE', #4934, #5454, #5012, .T. ) ;
#3261 = EDGE_LOOP ( 'NONE', ( #1036, #1845, #1831, #225 ) ) ;
#3262 = ORIENTED_EDGE ( 'NONE', *, *, #2562, .T. ) ;
#3263 = EDGE_CURVE ( 'NONE', #3632, #425, #3268, .T. ) ;
#3264 = ORIENTED_EDGE ( 'NONE', *, *, #1960, .T. ) ;
#3265 = ADVANCED_FACE ( 'NONE', ( #51 ), #1944, .F. ) ;
#3266 = VECTOR ( 'NONE', #5666, 1000.000000000000000 ) ;
#3267 = AXIS2_PLACEMENT_3D ( 'NONE', #121, #3886, #5756 ) ;
#3268 = LINE ( 'NONE', #4663, #5773 ) ;
#3269 = VECTOR ( 'NONE', #2696, 1000.000000000000000 ) ;
#3270 = DIRECTION ( 'NONE',  ( 0.000000000000000000, 1.000000000000000000, 0.000000000000000000 ) ) ;
#3271 = ORIENTED_EDGE ( 'NONE', *, *, #5245, .T. ) ;
#3272 = ORIENTED_EDGE ( 'NONE', *, *, #187, .F. ) ;
#3273 = AXIS2_PLACEMENT_3D ( 'NONE', #5734, #4864, #4345 ) ;
#3274 = AXIS2_PLACEMENT_3D ( 'NONE', #5741, #3416, #2959 ) ;
#3275 = DIRECTION ( 'NONE',  ( -0.000000000000000000, -1.000000000000000000, -0.000000000000000000 ) ) ;
#3276 = CARTESIAN_POINT ( 'NONE',  ( 98.50000000000000000, 21.49999999999999645, -67.47374344848196870 ) ) ;
#3277 = EDGE_CURVE ( 'NONE', #2926, #5285, #5160, .T. ) ;
#3278 = LINE ( 'NONE', #602, #5218 ) ;
#3279 = ADVANCED_FACE ( 'NONE', ( #4726 ), #3784, .F. ) ;
#3280 = ORIENTED_EDGE ( 'NONE', *, *, #4294, .T. ) ;
#3281 = VECTOR ( 'NONE', #3975, 1000.000000000000000 ) ;
#3282 = DIRECTION ( 'NONE',  ( -0.000000000000000000, -1.000000000000000000, 0.000000000000000000 ) ) ;
#3283 = ORIENTED_EDGE ( 'NONE', *, *, #2572, .F. ) ;
#3284 = DIRECTION ( 'NONE',  ( 0.000000000000000000, -0.000000000000000000, -1.000000000000000000 ) ) ;
#3286 = CIRCLE ( 'NONE', #4347, 1.000000000000000888 ) ;
#3285 = CARTESIAN_POINT ( 'NONE',  ( 10.49999999999999645, 3.500000000000000000, -191.4999999999999716 ) ) ;
#3287 = CARTESIAN_POINT ( 'NONE',  ( -3.130000000000002114, 14.04999999999999893, -130.0000000000000000 ) ) ;
#3288 = CARTESIAN_POINT ( 'NONE',  ( -1.000000000000002220, -0.000000000000000000, -79.00000000000000000 ) ) ;
#3289 = DIRECTION ( 'NONE',  ( -1.000000000000000000, 0.000000000000000000, 0.000000000000000000 ) ) ;
#3290 = DIRECTION ( 'NONE',  ( 0.000000000000000000, -1.000000000000000000, 0.000000000000000000 ) ) ;
#3291 = DIRECTION ( 'NONE',  ( -0.000000000000000000, 1.000000000000000000, -0.000000000000000000 ) ) ;
#3292 = CARTESIAN_POINT ( 'NONE',  ( 15.95000000000000639, 2.500000000000000444, -32.32374344999999494 ) ) ;
#3293 = ORIENTED_EDGE ( 'NONE', *, *, #5254, .F. ) ;
#3294 = DIRECTION ( 'NONE',  ( -1.000000000000000000, 0.000000000000000000, 0.000000000000000000 ) ) ;
#3295 = ORIENTED_EDGE ( 'NONE', *, *, #3192, .F. ) ;
#3296 = VERTEX_POINT ( 'NONE', #19 ) ;
#3297 = EDGE_CURVE ( 'NONE', #3298, #5924, #5651, .T. ) ;
#3298 = VERTEX_POINT ( 'NONE', #1472 ) ;
#3299 = CARTESIAN_POINT ( 'NONE',  ( -2.292740324717156485E-15, 6.085786437626905077, -79.58578643762689353 ) ) ;
#3300 = DIRECTION ( 'NONE',  ( 1.000000000000000000, 0.000000000000000000, 0.000000000000000000 ) ) ;
#3301 = ORIENTED_EDGE ( 'NONE', *, *, #2885, .F. ) ;
#3302 = EDGE_LOOP ( 'NONE', ( #55, #2605, #1310, #5557 ) ) ;
#3303 = EDGE_CURVE ( 'NONE', #3426, #1069, #1908, .T. ) ;
#3304 = LINE ( 'NONE', #948, #4195 ) ;
#3305 = CYLINDRICAL_SURFACE ( 'NONE', #4324, 1.000000000000000000 ) ;
#3306 = DIRECTION ( 'NONE',  ( -1.000000000000000000, 0.000000000000000000, 0.000000000000000000 ) ) ;
#3307 = ORIENTED_EDGE ( 'NONE', *, *, #3508, .F. ) ;
#3308 = LINE ( 'NONE', #2851, #2088 ) ;
#3309 = VERTEX_POINT ( 'NONE', #5136 ) ;
#3310 = CARTESIAN_POINT ( 'NONE',  ( -10.25000000000000533, 30.00000000000000000, -209.5000000000000284 ) ) ;
#3311 = DIRECTION ( 'NONE',  ( 0.000000000000000000, 0.000000000000000000, 1.000000000000000000 ) ) ;
#3312 = DIRECTION ( 'NONE',  ( -0.000000000000000000, -0.000000000000000000, -1.000000000000000000 ) ) ;
#3313 = CARTESIAN_POINT ( 'NONE',  ( 97.50000000000000000, 3.500000000000000000, -10.50000000000000000 ) ) ;
#3314 = DIRECTION ( 'NONE',  ( 0.000000000000000000, 3.469446951953616161E-16, 1.000000000000000000 ) ) ;
#3315 = CARTESIAN_POINT ( 'NONE',  ( 96.50000000000000000, 46.50000000000000000, -187.9999999999999432 ) ) ;
#3316 = LINE ( 'NONE', #2381, #2797 ) ;
#3317 = ORIENTED_EDGE ( 'NONE', *, *, #5347, .F. ) ;
#3318 = CARTESIAN_POINT ( 'NONE',  ( 0.000000000000000000, 47.50000000000000000, -200.4999999999999716 ) ) ;
#3319 = AXIS2_PLACEMENT_3D ( 'NONE', #203, #2124, #2146 ) ;
#3320 = ORIENTED_EDGE ( 'NONE', *, *, #2249, .F. ) ;
#3321 = EDGE_CURVE ( 'NONE', #4123, #2150, #2752, .T. ) ;
#3322 = ORIENTED_EDGE ( 'NONE', *, *, #4865, .T. ) ;
#3323 = VECTOR ( 'NONE', #3314, 1000.000000000000000 ) ;
#3324 = DIRECTION ( 'NONE',  ( 0.8944271909999239600, 0.4472135954999417184, -0.000000000000000000 ) ) ;
#3325 = DIRECTION ( 'NONE',  ( 1.000000000000000000, 0.000000000000000000, -4.336808689942013792E-16 ) ) ;
#3326 = LINE ( 'NONE', #1002, #4141 ) ;
#3327 = AXIS2_PLACEMENT_3D ( 'NONE', #2606, #5377, #3611 ) ;
#3328 = ORIENTED_EDGE ( 'NONE', *, *, #3969, .T. ) ;
#3329 = ADVANCED_FACE ( 'NONE', ( #2388 ), #2416, .F. ) ;
#3330 = VERTEX_POINT ( 'NONE', #3344 ) ;
#3331 = VECTOR ( 'NONE', #553, 1000.000000000000000 ) ;
#3332 = ADVANCED_FACE ( 'NONE', ( #29 ), #3520, .F. ) ;
#3333 = CARTESIAN_POINT ( 'NONE',  ( 15.94999999999996376, 2.500000000000000444, -134.1737434499999893 ) ) ;
#3334 = CARTESIAN_POINT ( 'NONE',  ( 98.50000000000000000, 7.999999999999998224, -71.74374344848196472 ) ) ;
#3335 = EDGE_LOOP ( 'NONE', ( #5182, #4946, #15, #1486 ) ) ;
#3336 = EDGE_CURVE ( 'NONE', #1595, #3168, #4652, .T. ) ;
#3337 = FACE_OUTER_BOUND ( 'NONE', #3047, .T. ) ;
#3338 = ORIENTED_EDGE ( 'NONE', *, *, #4860, .T. ) ;
#3339 = VECTOR ( 'NONE', #2469, 1000.000000000000000 ) ;
#3340 = EDGE_CURVE ( 'NONE', #3812, #947, #5696, .T. ) ;
#3341 = DIRECTION ( 'NONE',  ( 0.000000000000000000, 1.000000000000000000, 0.000000000000000000 ) ) ;
#3342 = EDGE_CURVE ( 'NONE', #3309, #3511, #1884, .T. ) ;
#3343 = DIRECTION ( 'NONE',  ( 0.000000000000000000, -0.000000000000000000, 1.000000000000000000 ) ) ;
#3344 = CARTESIAN_POINT ( 'NONE',  ( 87.00000000000001421, 3.500000000000016875, -188.9999999999999716 ) ) ;
#3345 = DIRECTION ( 'NONE',  ( -0.000000000000000000, -1.000000000000000000, -0.000000000000000000 ) ) ;
#3346 = CARTESIAN_POINT ( 'NONE',  ( -39.24999999999999289, 1.000000000000000000, -200.4999999999999716 ) ) ;
#3347 = LINE ( 'NONE', #5094, #5183 ) ;
#3348 = DIRECTION ( 'NONE',  ( 0.000000000000000000, 1.000000000000000000, 0.000000000000000000 ) ) ;
#3349 = DIRECTION ( 'NONE',  ( 0.000000000000000000, 0.000000000000000000, -1.000000000000000000 ) ) ;
#3350 = AXIS2_PLACEMENT_3D ( 'NONE', #2880, #5201, #2514 ) ;
#3351 = EDGE_CURVE ( 'NONE', #3851, #1134, #1461, .T. ) ;
#3352 = CARTESIAN_POINT ( 'NONE',  ( 9.499999999999996447, 47.50000000000000000, -9.500000000000001776 ) ) ;
#3353 = VERTEX_POINT ( 'NONE', #3502 ) ;
#3354 = VERTEX_POINT ( 'NONE', #2499 ) ;
#3355 = AXIS2_PLACEMENT_3D ( 'NONE', #1602, #115, #3850 ) ;
#3356 = DIRECTION ( 'NONE',  ( -2.578203787678638882E-17, 0.000000000000000000, -1.000000000000000000 ) ) ;
#3357 = VERTEX_POINT ( 'NONE', #1152 ) ;
#3358 = CIRCLE ( 'NONE', #3179, 1.000000000000000888 ) ;
#3359 = ORIENTED_EDGE ( 'NONE', *, *, #520, .T. ) ;
#3360 = CIRCLE ( 'NONE', #4428, 1.499999999999994449 ) ;
#3361 = VECTOR ( 'NONE', #2909, 1000.000000000000114 ) ;
#3362 = CARTESIAN_POINT ( 'NONE',  ( 86.58578643762689353, 2.500000000000000444, -188.5857864376268935 ) ) ;
#3363 = AXIS2_PLACEMENT_3D ( 'NONE', #1731, #3588, #3059 ) ;
#3364 = EDGE_CURVE ( 'NONE', #5890, #5039, #2655, .T. ) ;
#3365 = CARTESIAN_POINT ( 'NONE',  ( 105.5000000000000142, 25.59999999999999787, -100.5637434484819437 ) ) ;
#3366 = CARTESIAN_POINT ( 'NONE',  ( 93.50000000000000000, 37.50000000000000000, -5.099999999999996980 ) ) ;
#3367 = ORIENTED_EDGE ( 'NONE', *, *, #2227, .T. ) ;
#3368 = DIRECTION ( 'NONE',  ( 0.000000000000000000, 0.9161573349021892021, -0.4008188340197077482 ) ) ;
#3369 = VERTEX_POINT ( 'NONE', #4011 ) ;
#3370 = VECTOR ( 'NONE', #5211, 1000.000000000000000 ) ;
#3371 = VECTOR ( 'NONE', #3020, 1000.000000000000000 ) ;
#3372 = CARTESIAN_POINT ( 'NONE',  ( 10.49999999999999467, 46.50000000000000000, -10.50000000000000000 ) ) ;
#3373 = CIRCLE ( 'NONE', #1430, 2.250000000000001776 ) ;
#3374 = CARTESIAN_POINT ( 'NONE',  ( 93.50000000000000000, 37.50000000000000000, -7.900000000000002132 ) ) ;
#3375 = CYLINDRICAL_SURFACE ( 'NONE', #1382, 1.000000000000000888 ) ;
#3376 = FACE_OUTER_BOUND ( 'NONE', #814, .T. ) ;
#3377 =( BOUNDED_CURVE ( )  B_SPLINE_CURVE ( 3, ( #3863, #5330, #614, #4402 ),
 .UNSPECIFIED., .F., .F. ) 
 B_SPLINE_CURVE_WITH_KNOTS ( ( 4, 4 ),
 ( 0.000000000000000000, 1.570796326794896558 ),
 .UNSPECIFIED. ) 
 CURVE ( )  GEOMETRIC_REPRESENTATION_ITEM ( )  RATIONAL_B_SPLINE_CURVE ( ( 1.000000000000000000, 0.8047378541243649375, 0.8047378541243649375, 1.000000000000000000 ) ) 
 REPRESENTATION_ITEM ( '' )  );
#3378 = VECTOR ( 'NONE', #2228, 1000.000000000000000 ) ;
#3379 = DIRECTION ( 'NONE',  ( 0.000000000000000000, 0.000000000000000000, 1.000000000000000000 ) ) ;
#3380 = LINE ( 'NONE', #1049, #4001 ) ;
#3381 = CARTESIAN_POINT ( 'NONE',  ( 97.50000000000000000, 6.999999999999994671, -101.5637434484819437 ) ) ;
#3382 = EDGE_CURVE ( 'NONE', #2384, #2697, #1181, .T. ) ;
#3383 = DIRECTION ( 'NONE',  ( -0.000000000000000000, 1.000000000000000000, -0.000000000000000000 ) ) ;
#3384 = LINE ( 'NONE', #5274, #3239 ) ;
#3385 = CARTESIAN_POINT ( 'NONE',  ( -1.000000000000005329, 13.06000000000000227, -199.5000000000000000 ) ) ;
#3386 = ORIENTED_EDGE ( 'NONE', *, *, #3351, .F. ) ;
#3387 = VERTEX_POINT ( 'NONE', #4839 ) ;
#3388 = DIRECTION ( 'NONE',  ( 0.000000000000000000, 1.000000000000000000, 0.000000000000000000 ) ) ;
#3389 = EDGE_CURVE ( 'NONE', #2957, #2120, #783, .T. ) ;
#3390 = ORIENTED_EDGE ( 'NONE', *, *, #3257, .T. ) ;
#3391 = ORIENTED_EDGE ( 'NONE', *, *, #3151, .F. ) ;
#3392 = EDGE_CURVE ( 'NONE', #1354, #355, #5478, .T. ) ;
#3393 = PLANE ( 'NONE',  #4384 ) ;
#3394 = CARTESIAN_POINT ( 'NONE',  ( -5.815307244990788327, 32.25499999999999545, -80.00000000000000000 ) ) ;
#3395 = DIRECTION ( 'NONE',  ( 0.000000000000000000, 1.000000000000000000, 0.000000000000000000 ) ) ;
#3396 = VERTEX_POINT ( 'NONE', #4895 ) ;
#3397 = CYLINDRICAL_SURFACE ( 'NONE', #2582, 1.000000000000000222 ) ;
#3398 = ORIENTED_EDGE ( 'NONE', *, *, #259, .F. ) ;
#3399 = PLANE ( 'NONE',  #3952 ) ;
#3400 = CARTESIAN_POINT ( 'NONE',  ( 0.000000000000000000, 3.500000000000000000, -198.4999999999999716 ) ) ;
#3401 = CARTESIAN_POINT ( 'NONE',  ( -2.036780992266124193E-15, 13.06000000000000227, -79.00000000000000000 ) ) ;
#3402 = DIRECTION ( 'NONE',  ( 4.358601698434191620E-16, 1.000000000000000000, 0.000000000000000000 ) ) ;
#3403 = CYLINDRICAL_SURFACE ( 'NONE', #4815, 2.750000000000002665 ) ;
#3404 = DIRECTION ( 'NONE',  ( -1.000000000000000000, -0.000000000000000000, -0.000000000000000000 ) ) ;
#3405 = CARTESIAN_POINT ( 'NONE',  ( -1.000000000000003553, 12.05999999999999872, -130.0000000000000000 ) ) ;
#3406 = CARTESIAN_POINT ( 'NONE',  ( 2.500000000000016875, 3.500000000000000000, -11.50000000000003730 ) ) ;
#3407 = ORIENTED_EDGE ( 'NONE', *, *, #541, .F. ) ;
#3408 = DIRECTION ( 'NONE',  ( -0.000000000000000000, -1.000000000000000000, -0.000000000000000000 ) ) ;
#3409 = CYLINDRICAL_SURFACE ( 'NONE', #3907, 1.000000000000000888 ) ;
#3410 = EDGE_CURVE ( 'NONE', #2413, #1714, #188, .T. ) ;
#3411 = ORIENTED_EDGE ( 'NONE', *, *, #4414, .T. ) ;
#3412 = ORIENTED_EDGE ( 'NONE', *, *, #2811, .T. ) ;
#3413 = VERTEX_POINT ( 'NONE', #616 ) ;
#3414 = AXIS2_PLACEMENT_3D ( 'NONE', #5991, #2246, #4095 ) ;
#3415 = EDGE_CURVE ( 'NONE', #5989, #1343, #1494, .T. ) ;
#3416 = DIRECTION ( 'NONE',  ( 0.000000000000000000, 1.000000000000000000, -0.000000000000000000 ) ) ;
#3417 = FACE_OUTER_BOUND ( 'NONE', #940, .T. ) ;
#3418 = AXIS2_PLACEMENT_3D ( 'NONE', #1963, #2436, #1440 ) ;
#3419 = ORIENTED_EDGE ( 'NONE', *, *, #5644, .F. ) ;
#3420 = ORIENTED_EDGE ( 'NONE', *, *, #1699, .F. ) ;
#3421 = CIRCLE ( 'NONE', #3623, 1.400000000000012346 ) ;
#3422 = DIRECTION ( 'NONE',  ( 0.000000000000000000, -1.000000000000000000, 1.064247531274115171E-16 ) ) ;
#3423 = AXIS2_PLACEMENT_3D ( 'NONE', #1357, #2724, #3697 ) ;
#3424 = FACE_OUTER_BOUND ( 'NONE', #1776, .T. ) ;
#3425 = LINE ( 'NONE', #730, #3845 ) ;
#3426 = VERTEX_POINT ( 'NONE', #278 ) ;
#3427 = CARTESIAN_POINT ( 'NONE',  ( 96.50000000000000000, 47.50000000000000000, -11.50000000000000000 ) ) ;
#3428 = ORIENTED_EDGE ( 'NONE', *, *, #533, .T. ) ;
#3429 = PLANE ( 'NONE',  #2688 ) ;
#3430 = AXIS2_PLACEMENT_3D ( 'NONE', #1926, #2347, #2801 ) ;
#3431 = CARTESIAN_POINT ( 'NONE',  ( 1.000000000000000000, 47.50000000000000000, 0.000000000000000000 ) ) ;
#3432 = DIRECTION ( 'NONE',  ( 1.198013450260226463E-16, -0.000000000000000000, 1.000000000000000000 ) ) ;
#3433 = LINE ( 'NONE', #3467, #4058 ) ;
#3434 = FACE_OUTER_BOUND ( 'NONE', #4923, .T. ) ;
#3435 = DIRECTION ( 'NONE',  ( 0.000000000000000000, 1.000000000000000000, -0.000000000000000000 ) ) ;
#3436 = AXIS2_PLACEMENT_3D ( 'NONE', #4805, #160, #2049 ) ;
#3437 = DIRECTION ( 'NONE',  ( 0.000000000000000000, -1.000000000000000000, 0.000000000000000000 ) ) ;
#3438 = DIRECTION ( 'NONE',  ( 0.000000000000000000, 1.000000000000000000, 0.000000000000000000 ) ) ;
#3439 = ORIENTED_EDGE ( 'NONE', *, *, #2191, .T. ) ;
#3440 = ADVANCED_FACE ( 'NONE', ( #2075 ), #1702, .F. ) ;
#3441 = VECTOR ( 'NONE', #5640, 1000.000000000000000 ) ;
#3442 = CARTESIAN_POINT ( 'NONE',  ( 6.499999999999994671, 37.50000000000000000, -6.500000000000000000 ) ) ;
#3443 = DIRECTION ( 'NONE',  ( 1.000000000000000000, 0.000000000000000000, 0.000000000000000000 ) ) ;
#3444 = FACE_OUTER_BOUND ( 'NONE', #3540, .T. ) ;
#3445 = ADVANCED_FACE ( 'NONE', ( #1644 ), #1585, .F. ) ;
#3446 = VERTEX_POINT ( 'NONE', #2616 ) ;
#3447 = ORIENTED_EDGE ( 'NONE', *, *, #4336, .T. ) ;
#3448 = ORIENTED_EDGE ( 'NONE', *, *, #4105, .T. ) ;
#3449 = LINE ( 'NONE', #5279, #137 ) ;
#3450 = ADVANCED_FACE ( 'NONE', ( #159 ), #2587, .T. ) ;
#3451 = ADVANCED_FACE ( 'NONE', ( #3475 ), #1084, .T. ) ;
#3452 = EDGE_LOOP ( 'NONE', ( #1428, #1555, #3250, #2122 ) ) ;
#3453 = ADVANCED_FACE ( 'NONE', ( #5332 ), #2138, .F. ) ;
#3454 = EDGE_CURVE ( 'NONE', #5923, #1475, #216, .T. ) ;
#3455 = ORIENTED_EDGE ( 'NONE', *, *, #2894, .T. ) ;
#3456 = CARTESIAN_POINT ( 'NONE',  ( 100.0000000000000000, 47.50000000000000000, -90.56374344848194369 ) ) ;
#3457 = CARTESIAN_POINT ( 'NONE',  ( 19.00000000000000355, 6.500000000000000000, -2.500000000000000000 ) ) ;
#3458 = DIRECTION ( 'NONE',  ( 0.8944271909999234049, 0.4472135954999426621, 0.000000000000000000 ) ) ;
#3459 = ORIENTED_EDGE ( 'NONE', *, *, #1822, .F. ) ;
#3460 = LINE ( 'NONE', #5661, #4410 ) ;
#3461 = ORIENTED_EDGE ( 'NONE', *, *, #963, .F. ) ;
#3462 = CARTESIAN_POINT ( 'NONE',  ( 10.49999999999999467, 47.08578643762690774, -10.50000000000000178 ) ) ;
#3463 = AXIS2_PLACEMENT_3D ( 'NONE', #3182, #359, #2242 ) ;
#3464 = AXIS2_PLACEMENT_3D ( 'NONE', #3525, #272, #2159 ) ;
#3465 = EDGE_CURVE ( 'NONE', #3757, #5132, #197, .T. ) ;
#3466 = CARTESIAN_POINT ( 'NONE',  ( 15.94999999999996376, 8.500000000000000000, -135.6737434499999893 ) ) ;
#3467 = CARTESIAN_POINT ( 'NONE',  ( 0.000000000000000000, 47.50000000000000000, -9.500000000000001776 ) ) ;
#3468 = DIRECTION ( 'NONE',  ( 0.000000000000000000, 1.000000000000000000, 0.000000000000000000 ) ) ;
#3469 = CARTESIAN_POINT ( 'NONE',  ( 90.50000000000001421, 2.500000000000000000, -9.500000000000001776 ) ) ;
#3470 = CIRCLE ( 'NONE', #4145, 2.000000000000001776 ) ;
#3471 = CARTESIAN_POINT ( 'NONE',  ( 80.00000000000000000, 47.50000000000000000, -1.499999999999999556 ) ) ;
#3472 = VERTEX_POINT ( 'NONE', #3066 ) ;
#3473 = CIRCLE ( 'NONE', #2018, 1.000000000000000888 ) ;
#3474 = AXIS2_PLACEMENT_3D ( 'NONE', #1150, #2920, #2102 ) ;
#3475 = FACE_OUTER_BOUND ( 'NONE', #2577, .T. ) ;
#3476 = CIRCLE ( 'NONE', #222, 2.000000000000000000 ) ;
#3477 = DIRECTION ( 'NONE',  ( 0.000000000000000000, 1.000000000000000000, -0.000000000000000000 ) ) ;
#3478 = CARTESIAN_POINT ( 'NONE',  ( 87.75000000000000000, 35.00000000000000000, -201.9999999999999716 ) ) ;
#3479 = EDGE_CURVE ( 'NONE', #4619, #2399, #3958, .T. ) ;
#3480 = AXIS2_PLACEMENT_3D ( 'NONE', #610, #1661, #1575 ) ;
#3481 = VERTEX_POINT ( 'NONE', #3560 ) ;
#3482 = VERTEX_POINT ( 'NONE', #4623 ) ;
#3483 = VECTOR ( 'NONE', #1722, 1000.000000000000000 ) ;
#3484 = DIRECTION ( 'NONE',  ( 0.000000000000000000, 0.000000000000000000, -1.000000000000000000 ) ) ;
#3485 = ORIENTED_EDGE ( 'NONE', *, *, #2572, .T. ) ;
#3486 = ORIENTED_EDGE ( 'NONE', *, *, #1280, .T. ) ;
#3487 = DIRECTION ( 'NONE',  ( 0.000000000000000000, 0.000000000000000000, 1.000000000000000000 ) ) ;
#3488 = CARTESIAN_POINT ( 'NONE',  ( 98.50000000000000000, 7.999999999999998224, -67.47374344848196870 ) ) ;
#3489 = LINE ( 'NONE', #2482, #430 ) ;
#3490 = LINE ( 'NONE', #5343, #1530 ) ;
#3491 = ORIENTED_EDGE ( 'NONE', *, *, #3364, .F. ) ;
#3492 = EDGE_CURVE ( 'NONE', #1846, #5480, #2257, .T. ) ;
#3493 = CARTESIAN_POINT ( 'NONE',  ( 92.25000000000000000, 8.500000000000000000, -137.1737434484819573 ) ) ;
#3494 = EDGE_CURVE ( 'NONE', #4599, #2467, #3725, .T. ) ;
#3495 = ORIENTED_EDGE ( 'NONE', *, *, #908, .F. ) ;
#3496 = DIRECTION ( 'NONE',  ( 1.000000000000000000, 0.000000000000000000, 0.000000000000000000 ) ) ;
#3497 = DIRECTION ( 'NONE',  ( -4.358601698434191620E-16, 1.000000000000000000, -0.000000000000000000 ) ) ;
#3498 = DIRECTION ( 'NONE',  ( 0.000000000000000000, 0.000000000000000000, -1.000000000000000000 ) ) ;
#3499 = DIRECTION ( 'NONE',  ( -1.000000000000000000, 0.000000000000000000, 0.000000000000000000 ) ) ;
#3500 = DIRECTION ( 'NONE',  ( 0.000000000000000000, 0.000000000000000000, -1.000000000000000000 ) ) ;
#3501 = EDGE_LOOP ( 'NONE', ( #3195, #503, #1688, #472 ) ) ;
#3502 = CARTESIAN_POINT ( 'NONE',  ( -1.000000000000003553, 32.05999999999999517, -130.0000000000000000 ) ) ;
#3503 = CARTESIAN_POINT ( 'NONE',  ( 3.500000000000016875, 47.50000000000000000, -9.500000000000001776 ) ) ;
#3504 = DIRECTION ( 'NONE',  ( 0.000000000000000000, 1.000000000000000000, 0.000000000000000000 ) ) ;
#3505 = EDGE_LOOP ( 'NONE', ( #2357, #2791, #3136, #341 ) ) ;
#3506 = ORIENTED_EDGE ( 'NONE', *, *, #1747, .F. ) ;
#3507 = CARTESIAN_POINT ( 'NONE',  ( -8.000000000000003553, 30.00000000000000000, -199.5000000000000000 ) ) ;
#3508 = EDGE_CURVE ( 'NONE', #3137, #4524, #5483, .T. ) ;
#3509 = VECTOR ( 'NONE', #4458, 1000.000000000000000 ) ;
#3510 = ORIENTED_EDGE ( 'NONE', *, *, #4716, .T. ) ;
#3511 = VERTEX_POINT ( 'NONE', #4133 ) ;
#3512 = AXIS2_PLACEMENT_3D ( 'NONE', #1717, #4475, #4939 ) ;
#3513 = DIRECTION ( 'NONE',  ( -0.000000000000000000, 1.000000000000000000, -0.000000000000000000 ) ) ;
#3514 = LINE ( 'NONE', #5863, #1224 ) ;
#3515 = EDGE_CURVE ( 'NONE', #3851, #1876, #291, .T. ) ;
#3516 = DIRECTION ( 'NONE',  ( 0.000000000000000000, 1.000000000000000000, 0.000000000000000000 ) ) ;
#3517 = DIRECTION ( 'NONE',  ( -0.000000000000000000, 1.000000000000000000, -0.000000000000000000 ) ) ;
#3518 = VERTEX_POINT ( 'NONE', #2711 ) ;
#3519 = VERTEX_POINT ( 'NONE', #2200 ) ;
#3520 = TOROIDAL_SURFACE ( 'NONE', #3430, 3.750000000000008882, 1.000000000000000000 ) ;
#3521 = EDGE_CURVE ( 'NONE', #2418, #4691, #4563, .T. ) ;
#3522 = CARTESIAN_POINT ( 'NONE',  ( -2.999999999999861444, 47.49999999999997868, -92.41421356237307805 ) ) ;
#3523 = FACE_OUTER_BOUND ( 'NONE', #2734, .T. ) ;
#3524 = EDGE_CURVE ( 'NONE', #4093, #779, #4885, .T. ) ;
#3525 = CARTESIAN_POINT ( 'NONE',  ( 93.50000000000000000, 37.50000000000000000, -6.500000000000000000 ) ) ;
#3526 = ADVANCED_FACE ( 'NONE', ( #6004, #3161, #1314, #5549, #897 ), #2232, .T. ) ;
#3527 = CARTESIAN_POINT ( 'NONE',  ( 69.99999999999998579, 55.00000000000000000, -201.9999999999999716 ) ) ;
#3528 = ORIENTED_EDGE ( 'NONE', *, *, #5888, .T. ) ;
#3529 = AXIS2_PLACEMENT_3D ( 'NONE', #1013, #4222, #985 ) ;
#3530 = EDGE_CURVE ( 'NONE', #219, #3213, #3918, .T. ) ;
#3531 = FACE_OUTER_BOUND ( 'NONE', #3261, .T. ) ;
#3532 = DIRECTION ( 'NONE',  ( 0.000000000000000000, 0.000000000000000000, 1.000000000000000000 ) ) ;
#3533 = LINE ( 'NONE', #3689, #2176 ) ;
#3534 = AXIS2_PLACEMENT_3D ( 'NONE', #4108, #4043, #3132 ) ;
#3535 = CARTESIAN_POINT ( 'NONE',  ( 97.50000000000000000, 46.50000000000000000, -187.9999999999999432 ) ) ;
#3536 = VERTEX_POINT ( 'NONE', #5421 ) ;
#3537 = ORIENTED_EDGE ( 'NONE', *, *, #5581, .T. ) ;
#3538 = AXIS2_PLACEMENT_3D ( 'NONE', #4044, #5918, #772 ) ;
#3539 = ORIENTED_EDGE ( 'NONE', *, *, #2716, .F. ) ;
#3540 = EDGE_LOOP ( 'NONE', ( #3582, #905, #5157, #5511 ) ) ;
#3541 = VECTOR ( 'NONE', #486, 1000.000000000000000 ) ;
#3542 = DIRECTION ( 'NONE',  ( 0.000000000000000000, 1.000000000000000000, 0.000000000000000000 ) ) ;
#3543 = LINE ( 'NONE', #4281, #5861 ) ;
#3544 = DIRECTION ( 'NONE',  ( 0.000000000000000000, 0.000000000000000000, -1.000000000000000000 ) ) ;
#3545 = CARTESIAN_POINT ( 'NONE',  ( 15.95000000000000639, 3.499999999999999556, -33.82374345000000204 ) ) ;
#3546 = CARTESIAN_POINT ( 'NONE',  ( -39.24999999999999289, 39.00000000000000000, -200.9999999999999716 ) ) ;
#3547 = ORIENTED_EDGE ( 'NONE', *, *, #2476, .T. ) ;
#3548 = DIRECTION ( 'NONE',  ( -0.8313644721333702803, -0.5557275541795662077, -0.000000000000000000 ) ) ;
#3549 = ORIENTED_EDGE ( 'NONE', *, *, #4935, .F. ) ;
#3550 = ADVANCED_FACE ( 'NONE', ( #3658 ), #3226, .F. ) ;
#3551 = CARTESIAN_POINT ( 'NONE',  ( -2.792893218813323752, 47.08578643762690774, -91.99999999999998579 ) ) ;
#3552 = LINE ( 'NONE', #3648, #2023 ) ;
#3553 = DIRECTION ( 'NONE',  ( -1.000000000000000000, 0.000000000000000000, 0.000000000000000000 ) ) ;
#3554 = ORIENTED_EDGE ( 'NONE', *, *, #5472, .F. ) ;
#3555 = DIRECTION ( 'NONE',  ( -0.000000000000000000, -0.000000000000000000, -1.000000000000000000 ) ) ;
#3556 = EDGE_LOOP ( 'NONE', ( #2238, #5493, #5392, #5537 ) ) ;
#3557 = CIRCLE ( 'NONE', #918, 2.000000000000001776 ) ;
#3558 = DIRECTION ( 'NONE',  ( 0.000000000000000000, 0.000000000000000000, 1.000000000000000000 ) ) ;
#3559 = CIRCLE ( 'NONE', #1124, 1.499999999999994449 ) ;
#3560 = CARTESIAN_POINT ( 'NONE',  ( 98.50000000000000000, 12.69999999999999574, -71.74374344848196472 ) ) ;
#3561 = CARTESIAN_POINT ( 'NONE',  ( 0.000000000000000000, 2.500000000000000000, 0.000000000000000000 ) ) ;
#3562 = ADVANCED_FACE ( 'NONE', ( #4077 ), #5917, .T. ) ;
#3563 = DIRECTION ( 'NONE',  ( 2.168404344971007142E-16, -0.000000000000000000, 1.000000000000000000 ) ) ;
#3564 = AXIS2_PLACEMENT_3D ( 'NONE', #5290, #205, #5342 ) ;
#3565 = VECTOR ( 'NONE', #1599, 1000.000000000000000 ) ;
#3566 = CARTESIAN_POINT ( 'NONE',  ( 98.50000000000000000, 12.69999999999999574, -71.74374344848196472 ) ) ;
#3567 = EDGE_LOOP ( 'NONE', ( #6048, #5363, #4248, #4938 ) ) ;
#3568 = VERTEX_POINT ( 'NONE', #5091 ) ;
#3569 = VECTOR ( 'NONE', #2757, 1000.000000000000000 ) ;
#3570 = TOROIDAL_SURFACE ( 'NONE', #4338, 2.000000000000000000, 1.000000000000000000 ) ;
#3571 =( BOUNDED_CURVE ( )  B_SPLINE_CURVE ( 3, ( #2544, #2092, #2060, #1164 ),
 .UNSPECIFIED., .F., .F. ) 
 B_SPLINE_CURVE_WITH_KNOTS ( ( 4, 4 ),
 ( 1.570796326794896558, 3.141592653589793116 ),
 .UNSPECIFIED. ) 
 CURVE ( )  GEOMETRIC_REPRESENTATION_ITEM ( )  RATIONAL_B_SPLINE_CURVE ( ( 1.000000000000000000, 0.8047378541243649375, 0.8047378541243649375, 1.000000000000000000 ) ) 
 REPRESENTATION_ITEM ( '' )  );
#3572 = AXIS2_PLACEMENT_3D ( 'NONE', #1988, #3438, #4284 ) ;
#3573 = VERTEX_POINT ( 'NONE', #5944 ) ;
#3574 = VERTEX_POINT ( 'NONE', #1276 ) ;
#3575 = EDGE_CURVE ( 'NONE', #1134, #3129, #4009, .T. ) ;
#3576 = CARTESIAN_POINT ( 'NONE',  ( 96.50000000000000000, 3.500000000000000000, -11.50000000000000000 ) ) ;
#3577 = DIRECTION ( 'NONE',  ( 0.000000000000000000, 1.000000000000000000, 0.000000000000000000 ) ) ;
#3578 = DIRECTION ( 'NONE',  ( 0.000000000000000000, 0.000000000000000000, -1.000000000000000000 ) ) ;
#3579 = DIRECTION ( 'NONE',  ( 0.000000000000000000, 0.000000000000000000, 1.000000000000000000 ) ) ;
#3580 = DIRECTION ( 'NONE',  ( 1.000000000000000000, -0.000000000000000000, -0.000000000000000000 ) ) ;
#3581 = DIRECTION ( 'NONE',  ( 0.000000000000000000, 1.000000000000000000, -0.000000000000000000 ) ) ;
#3582 = ORIENTED_EDGE ( 'NONE', *, *, #2627, .F. ) ;
#3583 = DIRECTION ( 'NONE',  ( 0.000000000000000000, 0.000000000000000000, 1.000000000000000000 ) ) ;
#3584 = ORIENTED_EDGE ( 'NONE', *, *, #672, .T. ) ;
#3585 = ADVANCED_FACE ( 'NONE', ( #805, #5519, #2678 ), #1772, .F. ) ;
#3586 = LINE ( 'NONE', #827, #3509 ) ;
#3587 = DIRECTION ( 'NONE',  ( -0.000000000000000000, -1.000000000000000000, -0.000000000000000000 ) ) ;
#3588 = DIRECTION ( 'NONE',  ( 1.000000000000000000, -0.000000000000000000, 1.224646799147353207E-16 ) ) ;
#3589 = DIRECTION ( 'NONE',  ( 0.000000000000000000, -0.000000000000000000, 1.000000000000000000 ) ) ;
#3590 = ORIENTED_EDGE ( 'NONE', *, *, #2543, .T. ) ;
#3591 = DIRECTION ( 'NONE',  ( -1.000000000000000000, 0.000000000000000000, -3.816391647148975608E-14 ) ) ;
#3592 = EDGE_LOOP ( 'NONE', ( #2620, #5331, #2958 ) ) ;
#3593 = VERTEX_POINT ( 'NONE', #1350 ) ;
#3594 = DIRECTION ( 'NONE',  ( 0.000000000000000000, 0.000000000000000000, -1.000000000000000000 ) ) ;
#3595 = CARTESIAN_POINT ( 'NONE',  ( -1.000000000000005329, 39.00000000000000000, -200.9999999999999716 ) ) ;
#3596 = FACE_OUTER_BOUND ( 'NONE', #4913, .T. ) ;
#3597 = CARTESIAN_POINT ( 'NONE',  ( -10.25000000000000533, 30.00000000000000000, -209.5000000000000284 ) ) ;
#3598 = EDGE_LOOP ( 'NONE', ( #535, #4989, #2434, #1071 ) ) ;
#3599 = ORIENTED_EDGE ( 'NONE', *, *, #4, .T. ) ;
#3600 = EDGE_CURVE ( 'NONE', #1846, #5934, #3989, .T. ) ;
#3601 = EDGE_LOOP ( 'NONE', ( #4998, #3205, #2673, #4661 ) ) ;
#3602 = EDGE_CURVE ( 'NONE', #1919, #1098, #4795, .T. ) ;
#3603 = VERTEX_POINT ( 'NONE', #5204 ) ;
#3604 =( BOUNDED_CURVE ( )  B_SPLINE_CURVE ( 3, ( #5409, #3551, #3522, #762 ),
 .UNSPECIFIED., .F., .F. ) 
 B_SPLINE_CURVE_WITH_KNOTS ( ( 4, 4 ),
 ( 4.712388980384689674, 6.283185307179586232 ),
 .UNSPECIFIED. ) 
 CURVE ( )  GEOMETRIC_REPRESENTATION_ITEM ( )  RATIONAL_B_SPLINE_CURVE ( ( 1.000000000000000000, 0.8047378541243649375, 0.8047378541243649375, 1.000000000000000000 ) ) 
 REPRESENTATION_ITEM ( '' )  );
#3605 = DIRECTION ( 'NONE',  ( 0.000000000000000000, 0.000000000000000000, -1.000000000000000000 ) ) ;
#3606 = CARTESIAN_POINT ( 'NONE',  ( -1.000000000000007772, 40.00000000000000000, -199.5000000000000000 ) ) ;
#3607 = CARTESIAN_POINT ( 'NONE',  ( 2.499999999999995559, 3.500000000000000000, -191.4999999999999716 ) ) ;
#3608 = DIRECTION ( 'NONE',  ( 1.000000000000000000, 0.000000000000000000, 0.000000000000000000 ) ) ;
#3609 = LINE ( 'NONE', #3212, #5812 ) ;
#3610 = EDGE_LOOP ( 'NONE', ( #1648, #2456, #447, #4184 ) ) ;
#3611 = DIRECTION ( 'NONE',  ( 1.000000000000000000, 0.000000000000000000, 0.000000000000000000 ) ) ;
#3612 = VERTEX_POINT ( 'NONE', #552 ) ;
#3613 = AXIS2_PLACEMENT_3D ( 'NONE', #5167, #5051, #2730 ) ;
#3614 = EDGE_CURVE ( 'NONE', #4988, #2549, #3769, .T. ) ;
#3615 = CARTESIAN_POINT ( 'NONE',  ( 86.00000000000000000, 2.500000000000000000, -198.4999999999999716 ) ) ;
#3616 = AXIS2_PLACEMENT_3D ( 'NONE', #3576, #1227, #5432 ) ;
#3617 = CARTESIAN_POINT ( 'NONE',  ( 3.500000000000016875, 46.50000000000000000, -9.500000000000001776 ) ) ;
#3618 = DIRECTION ( 'NONE',  ( 1.000000000000000000, 0.000000000000000000, 0.000000000000000000 ) ) ;
#3619 = ORIENTED_EDGE ( 'NONE', *, *, #4404, .F. ) ;
#3620 = CARTESIAN_POINT ( 'NONE',  ( 11.49999999999999645, 3.500000000000000000, -3.499999999999999556 ) ) ;
#3621 = VERTEX_POINT ( 'NONE', #1045 ) ;
#3622 = CARTESIAN_POINT ( 'NONE',  ( 69.99999999999998579, 55.00000000000000000, -210.0000000000000000 ) ) ;
#3623 = AXIS2_PLACEMENT_3D ( 'NONE', #773, #407, #2714 ) ;
#3624 = EDGE_CURVE ( 'NONE', #3369, #6040, #4494, .T. ) ;
#3625 = DIRECTION ( 'NONE',  ( 1.000000000000000000, -0.000000000000000000, -0.000000000000000000 ) ) ;
#3626 = DIRECTION ( 'NONE',  ( 0.000000000000000000, 1.000000000000000000, 0.000000000000000000 ) ) ;
#3627 = LINE ( 'NONE', #4955, #1989 ) ;
#3628 = SPHERICAL_SURFACE ( 'NONE', #3809, 1.000000000000000000 ) ;
#3629 = CARTESIAN_POINT ( 'NONE',  ( 98.50000000000000000, 6.999999999999998224, -71.74374344848196472 ) ) ;
#3630 = EDGE_CURVE ( 'NONE', #1141, #5923, #5190, .T. ) ;
#3631 = ORIENTED_EDGE ( 'NONE', *, *, #2872, .F. ) ;
#3632 = VERTEX_POINT ( 'NONE', #3431 ) ;
#3633 = AXIS2_PLACEMENT_3D ( 'NONE', #1982, #3771, #5639 ) ;
#3634 = VECTOR ( 'NONE', #3408, 1000.000000000000000 ) ;
#3635 = ORIENTED_EDGE ( 'NONE', *, *, #2003, .F. ) ;
#3636 = ORIENTED_EDGE ( 'NONE', *, *, #256, .T. ) ;
#3637 = EDGE_CURVE ( 'NONE', #2515, #4732, #2427, .T. ) ;
#3638 = CARTESIAN_POINT ( 'NONE',  ( -3.130000000000003890, 4.509999999999999787, -130.0000000000000000 ) ) ;
#3639 = EDGE_CURVE ( 'NONE', #1062, #1004, #2914, .T. ) ;
#3640 = EDGE_CURVE ( 'NONE', #1674, #3220, #5262, .T. ) ;
#3641 = CARTESIAN_POINT ( 'NONE',  ( 99.00000000000000000, 0.000000000000000000, -209.0000000000000000 ) ) ;
#3642 = CARTESIAN_POINT ( 'NONE',  ( -3.778791841201668346E-15, 6.085786437626905077, -130.4142135623731065 ) ) ;
#3643 = ORIENTED_EDGE ( 'NONE', *, *, #5608, .T. ) ;
#3644 = ORIENTED_EDGE ( 'NONE', *, *, #1960, .F. ) ;
#3645 = AXIS2_PLACEMENT_3D ( 'NONE', #5540, #3681, #1828 ) ;
#3646 = ADVANCED_FACE ( 'NONE', ( #5638, #3825, #1514 ), #607, .F. ) ;
#3647 = CARTESIAN_POINT ( 'NONE',  ( 92.25000000000000000, 8.500000000000000000, -135.6737434484819573 ) ) ;
#3648 = CARTESIAN_POINT ( 'NONE',  ( 10.49999999999999645, 46.50000000000000000, -2.500000000000000000 ) ) ;
#3649 = CARTESIAN_POINT ( 'NONE',  ( 89.50000000000001421, 47.50000000000000000, -2.500000000000000000 ) ) ;
#3650 = CYLINDRICAL_SURFACE ( 'NONE', #2788, 2.250000000000001776 ) ;
#3651 = VERTEX_POINT ( 'NONE', #3882 ) ;
#3652 = DIRECTION ( 'NONE',  ( 0.000000000000000000, -1.000000000000000000, 1.156482317317871725E-16 ) ) ;
#3653 = DIRECTION ( 'NONE',  ( 0.8944271909999235159, 0.4472135954999428842, 0.000000000000000000 ) ) ;
#3654 = VERTEX_POINT ( 'NONE', #1924 ) ;
#3655 = VERTEX_POINT ( 'NONE', #1460 ) ;
#3656 = DIRECTION ( 'NONE',  ( 0.000000000000000000, 0.000000000000000000, 1.000000000000000000 ) ) ;
#3657 = EDGE_CURVE ( 'NONE', #2170, #3309, #2884, .T. ) ;
#3658 = FACE_OUTER_BOUND ( 'NONE', #3701, .T. ) ;
#3659 = FACE_OUTER_BOUND ( 'NONE', #1809, .T. ) ;
#3660 = LINE ( 'NONE', #5521, #1386 ) ;
#3661 = DIRECTION ( 'NONE',  ( -0.000000000000000000, -1.000000000000000000, -0.000000000000000000 ) ) ;
#3662 = VECTOR ( 'NONE', #1274, 1000.000000000000000 ) ;
#3663 = VERTEX_POINT ( 'NONE', #1541 ) ;
#3664 = ORIENTED_EDGE ( 'NONE', *, *, #1, .F. ) ;
#3665 = AXIS2_PLACEMENT_3D ( 'NONE', #3629, #4408, #4015 ) ;
#3666 = EDGE_CURVE ( 'NONE', #3901, #1322, #2172, .T. ) ;
#3667 = CIRCLE ( 'NONE', #3170, 2.249999999999998668 ) ;
#3668 = AXIS2_PLACEMENT_3D ( 'NONE', #1176, #3468, #1518 ) ;
#3669 = VERTEX_POINT ( 'NONE', #4337 ) ;
#3670 = VECTOR ( 'NONE', #3006, 1000.000000000000000 ) ;
#3671 = AXIS2_PLACEMENT_3D ( 'NONE', #334, #737, #828 ) ;
#3672 = LINE ( 'NONE', #5587, #4210 ) ;
#3673 = AXIS2_PLACEMENT_3D ( 'NONE', #2495, #2555, #1080 ) ;
#3674 = AXIS2_PLACEMENT_3D ( 'NONE', #4953, #2645, #4495 ) ;
#3675 = CARTESIAN_POINT ( 'NONE',  ( 97.49999999999997158, 7.585786437626905077, -52.05952988610886933 ) ) ;
#3676 = FACE_OUTER_BOUND ( 'NONE', #427, .T. ) ;
#3677 = DIRECTION ( 'NONE',  ( -1.198013450260226463E-16, 0.000000000000000000, -1.000000000000000000 ) ) ;
#3678 = ORIENTED_EDGE ( 'NONE', *, *, #2965, .T. ) ;
#3679 = ORIENTED_EDGE ( 'NONE', *, *, #1376, .F. ) ;
#3680 = CARTESIAN_POINT ( 'NONE',  ( 1.499999999999995559, 46.50000000000000000, -191.4999999999999716 ) ) ;
#3681 = DIRECTION ( 'NONE',  ( -0.000000000000000000, -1.000000000000000000, -0.000000000000000000 ) ) ;
#3682 = DIRECTION ( 'NONE',  ( -0.000000000000000000, -1.000000000000000000, -0.000000000000000000 ) ) ;
#3683 = DIRECTION ( 'NONE',  ( -1.000000000000000000, -0.000000000000000000, -0.000000000000000000 ) ) ;
#3684 = ORIENTED_EDGE ( 'NONE', *, *, #5547, .T. ) ;
#3685 = DIRECTION ( 'NONE',  ( -0.000000000000000000, -1.000000000000000000, -0.000000000000000000 ) ) ;
#3686 = ORIENTED_EDGE ( 'NONE', *, *, #3454, .F. ) ;
#3687 = CARTESIAN_POINT ( 'NONE',  ( -3.130000000000003002, 6.500000000000000888, -130.0000000000000000 ) ) ;
#3688 = CARTESIAN_POINT ( 'NONE',  ( 99.00000000000000000, 0.000000000000000000, -209.0000000000000000 ) ) ;
#3689 = CARTESIAN_POINT ( 'NONE',  ( 15.94999999999996376, 8.500000000000000000, -134.1737434499999893 ) ) ;
#3690 = CARTESIAN_POINT ( 'NONE',  ( 20.00000000000000355, 47.50000000000000000, -1.499999999999999556 ) ) ;
#3691 = CYLINDRICAL_SURFACE ( 'NONE', #1614, 1.400000000000002798 ) ;
#3692 = VERTEX_POINT ( 'NONE', #4304 ) ;
#3693 = ORIENTED_EDGE ( 'NONE', *, *, #1972, .F. ) ;
#3694 = LINE ( 'NONE', #2576, #3281 ) ;
#3695 = ORIENTED_EDGE ( 'NONE', *, *, #3891, .T. ) ;
#3696 = ORIENTED_EDGE ( 'NONE', *, *, #3773, .F. ) ;
#3697 = DIRECTION ( 'NONE',  ( -1.000000000000000000, 0.000000000000000000, 0.000000000000000000 ) ) ;
#3698 = PLANE ( 'NONE',  #2782 ) ;
#3699 = DIRECTION ( 'NONE',  ( 0.000000000000000000, 0.000000000000000000, 1.000000000000000000 ) ) ;
#3700 = ORIENTED_EDGE ( 'NONE', *, *, #2903, .T. ) ;
#3701 = EDGE_LOOP ( 'NONE', ( #544, #1469, #2667, #1474 ) ) ;
#3702 = ADVANCED_FACE ( 'NONE', ( #1073 ), #28, .F. ) ;
#3703 = FACE_OUTER_BOUND ( 'NONE', #2578, .T. ) ;
#3704 = DIRECTION ( 'NONE',  ( 1.000000000000000000, 0.000000000000000000, 0.000000000000000000 ) ) ;
#3705 = CARTESIAN_POINT ( 'NONE',  ( 98.50000000000000000, 7.999999999999998224, -67.47374344848196870 ) ) ;
#3706 = AXIS2_PLACEMENT_3D ( 'NONE', #270, #2156, #3035 ) ;
#3707 = ORIENTED_EDGE ( 'NONE', *, *, #3896, .T. ) ;
#3708 = DIRECTION ( 'NONE',  ( -4.373252460445732411E-16, -1.000000000000000000, 0.000000000000000000 ) ) ;
#3709 = ORIENTED_EDGE ( 'NONE', *, *, #5770, .T. ) ;
#3710 = EDGE_LOOP ( 'NONE', ( #5223, #5887, #3749, #3419 ) ) ;
#3711 = DIRECTION ( 'NONE',  ( 0.000000000000000000, 0.000000000000000000, 1.000000000000000000 ) ) ;
#3712 = EDGE_CURVE ( 'NONE', #1696, #5276, #2754, .T. ) ;
#3713 = AXIS2_PLACEMENT_3D ( 'NONE', #5683, #2510, #1005 ) ;
#3714 = EDGE_CURVE ( 'NONE', #3369, #3757, #5235, .T. ) ;
#3715 = ADVANCED_FACE ( 'NONE', ( #2405 ), #4253, .T. ) ;
#3716 = CARTESIAN_POINT ( 'NONE',  ( 98.50000000000000000, 7.999999999999994671, -100.5637434484819437 ) ) ;
#3717 = DIRECTION ( 'NONE',  ( 0.000000000000000000, 0.000000000000000000, -1.000000000000000000 ) ) ;
#3718 = EDGE_CURVE ( 'NONE', #2850, #2865, #4076, .T. ) ;
#3719 = DIRECTION ( 'NONE',  ( 0.000000000000000000, 1.064247531274115171E-16, 1.000000000000000000 ) ) ;
#3720 = AXIS2_PLACEMENT_3D ( 'NONE', #5248, #5946, #5066 ) ;
#3721 = AXIS2_PLACEMENT_3D ( 'NONE', #1850, #5560, #4575 ) ;
#3722 = ORIENTED_EDGE ( 'NONE', *, *, #5273, .F. ) ;
#3723 = ORIENTED_EDGE ( 'NONE', *, *, #1627, .F. ) ;
#3724 = ORIENTED_EDGE ( 'NONE', *, *, #4329, .F. ) ;
#3725 = CIRCLE ( 'NONE', #1393, 2.000000000000000000 ) ;
#3726 = EDGE_CURVE ( 'NONE', #3966, #629, #2464, .T. ) ;
#3727 = AXIS2_PLACEMENT_3D ( 'NONE', #1402, #1838, #1348 ) ;
#3728 = FACE_OUTER_BOUND ( 'NONE', #3302, .T. ) ;
#3729 = CARTESIAN_POINT ( 'NONE',  ( 0.000000000000000000, 0.000000000000000000, 0.000000000000000000 ) ) ;
#3730 = DIRECTION ( 'NONE',  ( -0.000000000000000000, -1.000000000000000000, -0.000000000000000000 ) ) ;
#3731 = ORIENTED_EDGE ( 'NONE', *, *, #2442, .T. ) ;
#3732 = ORIENTED_EDGE ( 'NONE', *, *, #5623, .F. ) ;
#3733 = DIRECTION ( 'NONE',  ( 1.000000000000000000, 0.000000000000000000, 0.000000000000000000 ) ) ;
#3734 = DIRECTION ( 'NONE',  ( -4.358601698434191620E-16, 1.000000000000000000, -0.000000000000000000 ) ) ;
#3735 = CARTESIAN_POINT ( 'NONE',  ( 3.500000000000016875, 2.500000000000000000, -10.50000000000000000 ) ) ;
#3736 = ORIENTED_EDGE ( 'NONE', *, *, #1758, .F. ) ;
#3737 = CARTESIAN_POINT ( 'NONE',  ( 87.00000000000001421, 46.50000000000000000, -188.9999999999999716 ) ) ;
#3738 = EDGE_LOOP ( 'NONE', ( #5087, #282, #1126, #3723 ) ) ;
#3739 = DIRECTION ( 'NONE',  ( 0.000000000000000000, 0.000000000000000000, -1.000000000000000000 ) ) ;
#3740 = DIRECTION ( 'NONE',  ( 0.000000000000000000, 0.000000000000000000, 1.000000000000000000 ) ) ;
#3741 = CARTESIAN_POINT ( 'NONE',  ( 92.25000000000000000, 8.500000000000000000, -32.32374344848197012 ) ) ;
#3742 = DIRECTION ( 'NONE',  ( 1.000000000000000000, -0.000000000000000000, -0.000000000000000000 ) ) ;
#3743 = EDGE_CURVE ( 'NONE', #1798, #2881, #993, .T. ) ;
#3744 = DIRECTION ( 'NONE',  ( -0.000000000000000000, 0.000000000000000000, 1.000000000000000000 ) ) ;
#3745 = DIRECTION ( 'NONE',  ( 0.000000000000000000, 0.000000000000000000, 1.000000000000000000 ) ) ;
#3746 = PLANE ( 'NONE',  #6049 ) ;
#3747 = ORIENTED_EDGE ( 'NONE', *, *, #662, .T. ) ;
#3748 = ADVANCED_FACE ( 'NONE', ( #4651, #6060, #2771, #1893 ), #3252, .T. ) ;
#3749 = ORIENTED_EDGE ( 'NONE', *, *, #5354, .F. ) ;
#3750 = FACE_OUTER_BOUND ( 'NONE', #3890, .T. ) ;
#3751 = ORIENTED_EDGE ( 'NONE', *, *, #645, .F. ) ;
#3752 = VECTOR ( 'NONE', #1404, 1000.000000000000000 ) ;
#3753 = VECTOR ( 'NONE', #5054, 1000.000000000000000 ) ;
#3754 = TOROIDAL_SURFACE ( 'NONE', #4234, 2.000000000000000000, 1.000000000000000000 ) ;
#3755 = DIRECTION ( 'NONE',  ( -0.000000000000000000, -0.000000000000000000, 1.000000000000000000 ) ) ;
#3756 = VECTOR ( 'NONE', #2703, 1000.000000000000000 ) ;
#3757 = VERTEX_POINT ( 'NONE', #5148 ) ;
#3758 = ADVANCED_FACE ( 'NONE', ( #929 ), #5026, .T. ) ;
#3759 = ORIENTED_EDGE ( 'NONE', *, *, #2026, .T. ) ;
#3760 = VECTOR ( 'NONE', #4303, 1000.000000000000000 ) ;
#3761 = CARTESIAN_POINT ( 'NONE',  ( 92.25000000000000000, 2.500000000000000444, -135.6737434484819573 ) ) ;
#3762 = FACE_OUTER_BOUND ( 'NONE', #4239, .T. ) ;
#3763 = CARTESIAN_POINT ( 'NONE',  ( 97.91421356237310647, 7.999999999999998224, -71.74374344848196472 ) ) ;
#3764 = EDGE_LOOP ( 'NONE', ( #5078, #3062, #912, #3236 ) ) ;
#3765 = CIRCLE ( 'NONE', #4054, 1.400000000000012346 ) ;
#3766 = LINE ( 'NONE', #5969, #4022 ) ;
#3767 = ORIENTED_EDGE ( 'NONE', *, *, #645, .T. ) ;
#3768 = LINE ( 'NONE', #3197, #538 ) ;
#3770 = CIRCLE ( 'NONE', #2322, 1.000000000000000000 ) ;
#3769 = LINE ( 'NONE', #149, #1086 ) ;
#3771 = DIRECTION ( 'NONE',  ( 0.000000000000000000, 1.000000000000000000, 0.000000000000000000 ) ) ;
#3772 = CARTESIAN_POINT ( 'NONE',  ( 105.5000000000000142, 21.49999999999999645, -67.47374344848196870 ) ) ;
#3773 = EDGE_CURVE ( 'NONE', #1141, #158, #5870, .T. ) ;
#3774 = CARTESIAN_POINT ( 'NONE',  ( 0.000000000000000000, 0.000000000000000000, -209.0000000000000000 ) ) ;
#3775 = CARTESIAN_POINT ( 'NONE',  ( 80.00000000000000000, 7.500000000000000000, -1.499999999999999556 ) ) ;
#3776 = DIRECTION ( 'NONE',  ( 0.000000000000000000, 0.000000000000000000, 1.000000000000000000 ) ) ;
#3777 = DIRECTION ( 'NONE',  ( 1.000000000000000000, 0.000000000000000000, 0.000000000000000000 ) ) ;
#3778 = ORIENTED_EDGE ( 'NONE', *, *, #65, .T. ) ;
#3779 = ORIENTED_EDGE ( 'NONE', *, *, #1477, .F. ) ;
#3780 = ORIENTED_EDGE ( 'NONE', *, *, #2089, .F. ) ;
#3781 = EDGE_CURVE ( 'NONE', #5338, #425, #5624, .T. ) ;
#3782 = DIRECTION ( 'NONE',  ( -1.000000000000000000, -0.000000000000000000, -0.000000000000000000 ) ) ;
#3783 = EDGE_CURVE ( 'NONE', #2865, #2697, #4890, .T. ) ;
#3784 = CYLINDRICAL_SURFACE ( 'NONE', #5185, 1.500000000000001332 ) ;
#3785 = ORIENTED_EDGE ( 'NONE', *, *, #1550, .F. ) ;
#3786 = EDGE_CURVE ( 'NONE', #3159, #2399, #2362, .T. ) ;
#3787 = ORIENTED_EDGE ( 'NONE', *, *, #3530, .F. ) ;
#3788 = FACE_OUTER_BOUND ( 'NONE', #3764, .T. ) ;
#3789 = PLANE ( 'NONE',  #1713 ) ;
#3790 = DIRECTION ( 'NONE',  ( -0.000000000000000000, 1.000000000000000000, -0.000000000000000000 ) ) ;
#3791 = ORIENTED_EDGE ( 'NONE', *, *, #598, .T. ) ;
#3792 = PLANE ( 'NONE',  #504 ) ;
#3793 = ORIENTED_EDGE ( 'NONE', *, *, #5555, .F. ) ;
#3794 = EDGE_CURVE ( 'NONE', #4755, #1354, #3672, .T. ) ;
#3795 = DIRECTION ( 'NONE',  ( -0.000000000000000000, 0.000000000000000000, -1.000000000000000000 ) ) ;
#3796 = DIRECTION ( 'NONE',  ( -1.000000000000000000, 0.000000000000000000, 0.000000000000000000 ) ) ;
#3797 = CYLINDRICAL_SURFACE ( 'NONE', #2154, 1.000000000000000888 ) ;
#3798 = DIRECTION ( 'NONE',  ( -1.000000000000000000, 0.000000000000000000, 0.000000000000000000 ) ) ;
#3799 = CIRCLE ( 'NONE', #4573, 1.500000000000001332 ) ;
#3800 =( BOUNDED_CURVE ( )  B_SPLINE_CURVE ( 3, ( #358, #1632, #1196, #3488 ),
 .UNSPECIFIED., .F., .F. ) 
 B_SPLINE_CURVE_WITH_KNOTS ( ( 4, 4 ),
 ( 4.712388980384689674, 6.283185307179586232 ),
 .UNSPECIFIED. ) 
 CURVE ( )  GEOMETRIC_REPRESENTATION_ITEM ( )  RATIONAL_B_SPLINE_CURVE ( ( 1.000000000000000000, 0.8047378541243649375, 0.8047378541243649375, 1.000000000000000000 ) ) 
 REPRESENTATION_ITEM ( '' )  );
#3801 = DIRECTION ( 'NONE',  ( 0.000000000000000000, 1.000000000000000000, 0.000000000000000000 ) ) ;
#3802 = CARTESIAN_POINT ( 'NONE',  ( -1.000000000000002220, -0.000000000000000000, -80.00000000000000000 ) ) ;
#3803 = CARTESIAN_POINT ( 'NONE',  ( 3.500000000000016875, 47.50000000000000000, -11.50000000000003730 ) ) ;
#3804 = CIRCLE ( 'NONE', #966, 1.000000000000000888 ) ;
#3805 = DIRECTION ( 'NONE',  ( -1.000000000000000000, 0.000000000000000000, 0.000000000000000000 ) ) ;
#3806 = CIRCLE ( 'NONE', #5762, 1.000000000000000000 ) ;
#3807 = ORIENTED_EDGE ( 'NONE', *, *, #1376, .T. ) ;
#3808 = ORIENTED_EDGE ( 'NONE', *, *, #1943, .T. ) ;
#3809 = AXIS2_PLACEMENT_3D ( 'NONE', #3202, #2650, #375 ) ;
#3810 = DIRECTION ( 'NONE',  ( 0.000000000000000000, 0.000000000000000000, 1.000000000000000000 ) ) ;
#3811 = VECTOR ( 'NONE', #3404, 1000.000000000000000 ) ;
#3812 = VERTEX_POINT ( 'NONE', #5559 ) ;
#3813 = VERTEX_POINT ( 'NONE', #3238 ) ;
#3814 = ADVANCED_FACE ( 'NONE', ( #1812 ), #1414, .T. ) ;
#3815 = AXIS2_PLACEMENT_3D ( 'NONE', #5296, #1108, #3311 ) ;
#3816 = ADVANCED_FACE ( 'NONE', ( #3177 ), #2785, .T. ) ;
#3817 = PLANE ( 'NONE',  #971 ) ;
#3818 = LINE ( 'NONE', #665, #2307 ) ;
#3819 = DIRECTION ( 'NONE',  ( 8.673617379884028570E-16, -0.000000000000000000, 1.000000000000000000 ) ) ;
#3820 = ORIENTED_EDGE ( 'NONE', *, *, #4457, .T. ) ;
#3821 = CARTESIAN_POINT ( 'NONE',  ( 92.25000000000000000, 8.500000000000000000, -135.6737434484819573 ) ) ;
#3822 = ORIENTED_EDGE ( 'NONE', *, *, #135, .F. ) ;
#3823 = CIRCLE ( 'NONE', #498, 1.000000000000000888 ) ;
#3824 = CARTESIAN_POINT ( 'NONE',  ( 99.00000000000000000, 0.000000000000000000, -1.000000000000000000 ) ) ;
#3825 = FACE_BOUND ( 'NONE', #1265, .T. ) ;
#3826 = DIRECTION ( 'NONE',  ( 0.000000000000000000, 0.000000000000000000, 1.000000000000000000 ) ) ;
#3827 = CYLINDRICAL_SURFACE ( 'NONE', #5530, 1.000000000000000888 ) ;
#3828 = CARTESIAN_POINT ( 'NONE',  ( 100.0000000000000000, 21.49999999999996092, -210.0000000000000000 ) ) ;
#3829 = DIRECTION ( 'NONE',  ( 0.000000000000000000, 0.000000000000000000, 1.000000000000000000 ) ) ;
#3830 = DIRECTION ( 'NONE',  ( 0.000000000000000000, 1.000000000000000000, -0.000000000000000000 ) ) ;
#3831 = CARTESIAN_POINT ( 'NONE',  ( 87.00000000000001421, 46.50000000000000000, -189.9999999999999716 ) ) ;
#3832 = EDGE_CURVE ( 'NONE', #568, #4103, #3823, .T. ) ;
#3833 = CIRCLE ( 'NONE', #6006, 2.250000000000001776 ) ;
#3834 = CARTESIAN_POINT ( 'NONE',  ( -1.000000000000005329, 40.00000000000000000, -201.9999999999999716 ) ) ;
#3835 = DIRECTION ( 'NONE',  ( 0.000000000000000000, 0.000000000000000000, 1.000000000000000000 ) ) ;
#3836 = CARTESIAN_POINT ( 'NONE',  ( 11.49999999999999467, 3.500000000000000000, -198.4999999999999716 ) ) ;
#3837 = ORIENTED_EDGE ( 'NONE', *, *, #186, .T. ) ;
#3838 = ORIENTED_EDGE ( 'NONE', *, *, #1083, .F. ) ;
#3839 = ADVANCED_FACE ( 'NONE', ( #2334 ), #6042, .F. ) ;
#3840 = ORIENTED_EDGE ( 'NONE', *, *, #1252, .F. ) ;
#3841 = AXIS2_PLACEMENT_3D ( 'NONE', #4193, #1864, #27 ) ;
#3842 = ORIENTED_EDGE ( 'NONE', *, *, #4597, .T. ) ;
#3843 = CIRCLE ( 'NONE', #1515, 1.000000000000000888 ) ;
#3844 = VECTOR ( 'NONE', #4627, 1000.000000000000000 ) ;
#3845 = VECTOR ( 'NONE', #1139, 1000.000000000000000 ) ;
#3846 = DIRECTION ( 'NONE',  ( 0.000000000000000000, 0.000000000000000000, 1.000000000000000000 ) ) ;
#3847 = VECTOR ( 'NONE', #1102, 1000.000000000000000 ) ;
#3848 = CARTESIAN_POINT ( 'NONE',  ( 92.25000000000000000, 8.500000000000000000, -36.57374344848197012 ) ) ;
#3849 = ORIENTED_EDGE ( 'NONE', *, *, #2929, .F. ) ;
#3850 = DIRECTION ( 'NONE',  ( -0.8313644721333702803, -0.5557275541795662077, 0.000000000000000000 ) ) ;
#3851 = VERTEX_POINT ( 'NONE', #2902 ) ;
#3852 = AXIS2_PLACEMENT_3D ( 'NONE', #3622, #2615, #4075 ) ;
#3853 = FACE_OUTER_BOUND ( 'NONE', #714, .T. ) ;
#3854 = CARTESIAN_POINT ( 'NONE',  ( 15.94999999999996376, 8.500000000000000000, -135.6737434499999893 ) ) ;
#3855 = ADVANCED_FACE ( 'NONE', ( #3417 ), #566, .F. ) ;
#3856 = CARTESIAN_POINT ( 'NONE',  ( 92.25000000000000000, 8.500000000000000000, -35.32374344848195591 ) ) ;
#3857 = DIRECTION ( 'NONE',  ( -1.000000000000000000, 0.000000000000000000, 0.000000000000000000 ) ) ;
#3858 = ADVANCED_FACE ( 'NONE', ( #3750 ), #5617, .F. ) ;
#3859 = VECTOR ( 'NONE', #497, 1000.000000000000000 ) ;
#3860 = DIRECTION ( 'NONE',  ( 0.000000000000000000, 0.000000000000000000, -1.000000000000000000 ) ) ;
#3861 = CARTESIAN_POINT ( 'NONE',  ( -5.815307244990785662, 26.30500000000000327, -130.0000000000000000 ) ) ;
#3862 = DIRECTION ( 'NONE',  ( 0.000000000000000000, 0.000000000000000000, 1.000000000000000000 ) ) ;
#3863 = CARTESIAN_POINT ( 'NONE',  ( 80.00000000000000000, 7.500000000000000000, -1.499999999999999556 ) ) ;
#3864 = EDGE_LOOP ( 'NONE', ( #1445, #4537, #803, #2128 ) ) ;
#3865 = DIRECTION ( 'NONE',  ( 1.000000000000000000, 0.000000000000000000, 0.000000000000000000 ) ) ;
#3866 = CARTESIAN_POINT ( 'NONE',  ( 15.94999999999996376, 3.499999999999999556, -132.9237434499999893 ) ) ;
#3867 = ORIENTED_EDGE ( 'NONE', *, *, #718, .T. ) ;
#3868 = ORIENTED_EDGE ( 'NONE', *, *, #3479, .T. ) ;
#3869 = ORIENTED_EDGE ( 'NONE', *, *, #33, .F. ) ;
#3870 = CARTESIAN_POINT ( 'NONE',  ( 15.95000000000000639, 2.499999999999999556, -30.07374344999999849 ) ) ;
#3871 = ORIENTED_EDGE ( 'NONE', *, *, #681, .T. ) ;
#3872 = EDGE_LOOP ( 'NONE', ( #3044, #2744, #3731, #2816 ) ) ;
#3873 = CARTESIAN_POINT ( 'NONE',  ( -1.000000000000003553, 12.05999999999999872, -130.0000000000000000 ) ) ;
#3874 = VECTOR ( 'NONE', #2939, 1000.000000000000000 ) ;
#3875 = CARTESIAN_POINT ( 'NONE',  ( 19.58578643762690774, 7.085786437626903300, -2.499999999999999556 ) ) ;
#3876 = EDGE_CURVE ( 'NONE', #1978, #567, #2726, .T. ) ;
#3877 = DIRECTION ( 'NONE',  ( 1.000000000000000000, 0.000000000000000000, -2.168404344971009361E-16 ) ) ;
#3878 = ORIENTED_EDGE ( 'NONE', *, *, #812, .T. ) ;
#3879 = CYLINDRICAL_SURFACE ( 'NONE', #5130, 1.000000000000000888 ) ;
#3880 = ORIENTED_EDGE ( 'NONE', *, *, #4457, .F. ) ;
#3881 = CARTESIAN_POINT ( 'NONE',  ( 97.50000000000000000, 6.999999999999994671, -101.5637434484819437 ) ) ;
#3882 = CARTESIAN_POINT ( 'NONE',  ( 61.00000000000000000, 0.000000000000000000, -209.0000000000000000 ) ) ;
#3883 = EDGE_CURVE ( 'NONE', #139, #2170, #1680, .T. ) ;
#3884 = DIRECTION ( 'NONE',  ( 0.000000000000000000, 0.000000000000000000, 1.000000000000000000 ) ) ;
#3885 = CARTESIAN_POINT ( 'NONE',  ( 100.0000000000000000, 47.50000000000000000, 0.000000000000000000 ) ) ;
#3886 = DIRECTION ( 'NONE',  ( 2.578203787678638882E-17, -0.000000000000000000, 1.000000000000000000 ) ) ;
#3887 = CARTESIAN_POINT ( 'NONE',  ( 0.000000000000000000, 8.500000000000000000, 0.000000000000000000 ) ) ;
#3888 = DIRECTION ( 'NONE',  ( -1.000000000000000000, 0.000000000000000000, 0.000000000000000000 ) ) ;
#3889 = CARTESIAN_POINT ( 'NONE',  ( -3.377446961859016831E-15, 25.49999999999999645, -131.0000000000000000 ) ) ;
#3890 = EDGE_LOOP ( 'NONE', ( #670, #3547, #4696, #3732, #1370, #852, #4543, #3231 ) ) ;
#3891 = EDGE_CURVE ( 'NONE', #5784, #5233, #2984, .T. ) ;
#3892 = EDGE_CURVE ( 'NONE', #1059, #4790, #4406, .T. ) ;
#3893 = EDGE_CURVE ( 'NONE', #1696, #2865, #2569, .T. ) ;
#3894 = DIRECTION ( 'NONE',  ( 1.561251128379125123E-14, 0.000000000000000000, -1.000000000000000000 ) ) ;
#3895 = CARTESIAN_POINT ( 'NONE',  ( 9.499999999999998224, 3.500000000000000000, -190.4999999999999716 ) ) ;
#3896 = EDGE_CURVE ( 'NONE', #3669, #5784, #5246, .T. ) ;
#3897 = CARTESIAN_POINT ( 'NONE',  ( 9.499999999999998224, 47.50000000000000000, -2.059984127722458425E-15 ) ) ;
#3898 = EDGE_CURVE ( 'NONE', #3296, #5989, #3384, .T. ) ;
#3899 = ORIENTED_EDGE ( 'NONE', *, *, #713, .T. ) ;
#3900 = VERTEX_POINT ( 'NONE', #1120 ) ;
#3901 = VERTEX_POINT ( 'NONE', #99 ) ;
#3902 = AXIS2_PLACEMENT_3D ( 'NONE', #3466, #1491, #2428 ) ;
#3903 = LINE ( 'NONE', #255, #4539 ) ;
#3904 = VECTOR ( 'NONE', #2354, 1000.000000000000000 ) ;
#3905 = ORIENTED_EDGE ( 'NONE', *, *, #89, .F. ) ;
#3906 = ORIENTED_EDGE ( 'NONE', *, *, #2387, .T. ) ;
#3907 = AXIS2_PLACEMENT_3D ( 'NONE', #2989, #3961, #1586 ) ;
#3908 = ADVANCED_FACE ( 'NONE', ( #189 ), #5764, .F. ) ;
#3909 = ADVANCED_FACE ( 'NONE', ( #4867 ), #2988, .F. ) ;
#3910 = CARTESIAN_POINT ( 'NONE',  ( 100.0000000000000000, 21.50000000000000000, -52.47374344848196159 ) ) ;
#3911 = VECTOR ( 'NONE', #2273, 1000.000000000000000 ) ;
#3912 = DIRECTION ( 'NONE',  ( -1.000000000000000000, 0.000000000000000000, -0.000000000000000000 ) ) ;
#3913 = DIRECTION ( 'NONE',  ( 0.000000000000000000, 1.000000000000000000, 0.000000000000000000 ) ) ;
#3914 = EDGE_LOOP ( 'NONE', ( #269, #74, #810 ) ) ;
#3915 = DIRECTION ( 'NONE',  ( 1.000000000000000000, -0.000000000000000000, 0.000000000000000000 ) ) ;
#3916 = EDGE_LOOP ( 'NONE', ( #5634, #478, #5188, #3942 ) ) ;
#3917 = CARTESIAN_POINT ( 'NONE',  ( 100.0000000000000000, 1.000000000000000888, 0.000000000000000000 ) ) ;
#3918 = CIRCLE ( 'NONE', #4692, 1.000000000000000888 ) ;
#3919 = EDGE_CURVE ( 'NONE', #2418, #4698, #4302, .T. ) ;
#3920 = LINE ( 'NONE', #646, #4962 ) ;
#3921 = CARTESIAN_POINT ( 'NONE',  ( 100.0000000000000000, 25.59999999999999787, -210.0000000000000000 ) ) ;
#3922 = CARTESIAN_POINT ( 'NONE',  ( 15.95000000000000639, 3.499999999999999556, -33.82374345000000204 ) ) ;
#3923 = LINE ( 'NONE', #3113, #5574 ) ;
#3924 = CIRCLE ( 'NONE', #1302, 1.000000000000000888 ) ;
#3925 = LINE ( 'NONE', #325, #4039 ) ;
#3926 = PLANE ( 'NONE',  #4538 ) ;
#3927 = ORIENTED_EDGE ( 'NONE', *, *, #3876, .F. ) ;
#3928 = CARTESIAN_POINT ( 'NONE',  ( 15.94999999999996376, 3.499999999999999556, -135.6737434499999893 ) ) ;
#3929 = EDGE_CURVE ( 'NONE', #1367, #194, #4840, .T. ) ;
#3930 = DIRECTION ( 'NONE',  ( 0.000000000000000000, 1.000000000000000000, 0.000000000000000000 ) ) ;
#3931 = CARTESIAN_POINT ( 'NONE',  ( 6.499999999999994671, 37.50000000000000000, -6.500000000000000000 ) ) ;
#3932 = ORIENTED_EDGE ( 'NONE', *, *, #1296, .F. ) ;
#3933 = ORIENTED_EDGE ( 'NONE', *, *, #1487, .F. ) ;
#3934 = DIRECTION ( 'NONE',  ( 0.000000000000000000, 0.000000000000000000, -1.000000000000000000 ) ) ;
#3935 = ADVANCED_FACE ( 'NONE', ( #126 ), #1525, .F. ) ;
#3936 = VERTEX_POINT ( 'NONE', #654 ) ;
#3937 = VERTEX_POINT ( 'NONE', #4349 ) ;
#3938 = FACE_OUTER_BOUND ( 'NONE', #732, .T. ) ;
#3939 = CARTESIAN_POINT ( 'NONE',  ( -40.24999999999999289, 1.000000000000000888, -200.9999999999999716 ) ) ;
#3940 = DIRECTION ( 'NONE',  ( 0.000000000000000000, 1.000000000000000000, 0.000000000000000000 ) ) ;
#3941 = CARTESIAN_POINT ( 'NONE',  ( -1.881966011249964987, 47.50000000000000000, -201.9999999999999716 ) ) ;
#3942 = ORIENTED_EDGE ( 'NONE', *, *, #5245, .F. ) ;
#3943 = CARTESIAN_POINT ( 'NONE',  ( 69.99999999999998579, 55.00000000000000000, -201.9999999999999716 ) ) ;
#3944 = VERTEX_POINT ( 'NONE', #5306 ) ;
#3945 = DIRECTION ( 'NONE',  ( 0.000000000000000000, 0.000000000000000000, -1.000000000000000000 ) ) ;
#3946 = AXIS2_PLACEMENT_3D ( 'NONE', #4173, #848, #935 ) ;
#3947 = CIRCLE ( 'NONE', #2981, 2.750000000000002665 ) ;
#3948 = AXIS2_PLACEMENT_3D ( 'NONE', #1868, #2407, #4656 ) ;
#3949 = CARTESIAN_POINT ( 'NONE',  ( 3.500000000000016875, 46.50000000000000000, -10.50000000000000000 ) ) ;
#3950 = LINE ( 'NONE', #2132, #1138 ) ;
#3951 = DIRECTION ( 'NONE',  ( -1.000000000000000000, 0.000000000000000000, -0.000000000000000000 ) ) ;
#3952 = AXIS2_PLACEMENT_3D ( 'NONE', #2972, #175, #5234 ) ;
#3953 = CARTESIAN_POINT ( 'NONE',  ( 8.673617379884035472E-16, 41.50000000000000000, -200.9999999999999716 ) ) ;
#3954 = EDGE_LOOP ( 'NONE', ( #4493, #4455, #412, #1962, #811, #5362 ) ) ;
#3955 = AXIS2_PLACEMENT_3D ( 'NONE', #5141, #512, #3704 ) ;
#3956 = EDGE_CURVE ( 'NONE', #1346, #3900, #217, .T. ) ;
#3957 = VECTOR ( 'NONE', #296, 1000.000000000000000 ) ;
#3958 = LINE ( 'NONE', #4465, #4990 ) ;
#3959 = CIRCLE ( 'NONE', #3841, 1.000000000000000888 ) ;
#3960 = DIRECTION ( 'NONE',  ( 0.000000000000000000, -1.000000000000000000, 0.000000000000000000 ) ) ;
#3961 = DIRECTION ( 'NONE',  ( 0.000000000000000000, 0.000000000000000000, -1.000000000000000000 ) ) ;
#3962 = VECTOR ( 'NONE', #5873, 1000.000000000000000 ) ;
#3963 = ORIENTED_EDGE ( 'NONE', *, *, #4414, .F. ) ;
#3964 = CARTESIAN_POINT ( 'NONE',  ( 15.95000000000000639, 3.499999999999999556, -37.57374344999999494 ) ) ;
#3965 = ADVANCED_FACE ( 'NONE', ( #683 ), #1990, .F. ) ;
#3966 = VERTEX_POINT ( 'NONE', #1645 ) ;
#3967 = VERTEX_POINT ( 'NONE', #3503 ) ;
#3968 = EDGE_CURVE ( 'NONE', #4691, #765, #3924, .T. ) ;
#3969 = EDGE_CURVE ( 'NONE', #3074, #3129, #560, .T. ) ;
#3970 = EDGE_CURVE ( 'NONE', #514, #3536, #695, .T. ) ;
#3971 = CARTESIAN_POINT ( 'NONE',  ( 92.25000000000000000, 3.499999999999999556, -30.07374344848195236 ) ) ;
#3972 = EDGE_CURVE ( 'NONE', #4524, #1141, #5945, .T. ) ;
#3973 = CARTESIAN_POINT ( 'NONE',  ( 0.000000000000000000, 1.000000000000000888, -1.000000000000000000 ) ) ;
#3974 = CYLINDRICAL_SURFACE ( 'NONE', #820, 1.000000000000000000 ) ;
#3975 = DIRECTION ( 'NONE',  ( 0.000000000000000000, 1.000000000000000000, -0.000000000000000000 ) ) ;
#3976 = ORIENTED_EDGE ( 'NONE', *, *, #2445, .T. ) ;
#3977 = EDGE_LOOP ( 'NONE', ( #5744, #4633 ) ) ;
#3978 = CARTESIAN_POINT ( 'NONE',  ( 100.0000000000000000, 47.50000000000000000, -201.9999999999999716 ) ) ;
#3979 = DIRECTION ( 'NONE',  ( -0.000000000000000000, -0.000000000000000000, 1.000000000000000000 ) ) ;
#3980 = ADVANCED_FACE ( 'NONE', ( #1802 ), #3067, .T. ) ;
#3981 = FACE_OUTER_BOUND ( 'NONE', #3452, .T. ) ;
#3982 = ORIENTED_EDGE ( 'NONE', *, *, #4082, .F. ) ;
#3983 = FACE_OUTER_BOUND ( 'NONE', #5502, .T. ) ;
#3984 = DIRECTION ( 'NONE',  ( 0.000000000000000000, 0.000000000000000000, 1.000000000000000000 ) ) ;
#3985 = DIRECTION ( 'NONE',  ( 4.358601698434192113E-16, 1.000000000000000000, 0.000000000000000000 ) ) ;
#3986 = CYLINDRICAL_SURFACE ( 'NONE', #2067, 1.000000000000000888 ) ;
#3987 = ORIENTED_EDGE ( 'NONE', *, *, #3968, .T. ) ;
#3988 = ORIENTED_EDGE ( 'NONE', *, *, #1940, .T. ) ;
#3989 =( BOUNDED_CURVE ( )  B_SPLINE_CURVE ( 3, ( #3688, #4277, #1981, #4763 ),
 .UNSPECIFIED., .F., .F. ) 
 B_SPLINE_CURVE_WITH_KNOTS ( ( 4, 4 ),
 ( 1.570796326794896558, 3.141592653589793116 ),
 .UNSPECIFIED. ) 
 CURVE ( )  GEOMETRIC_REPRESENTATION_ITEM ( )  RATIONAL_B_SPLINE_CURVE ( ( 1.000000000000000000, 0.8047378541243649375, 0.8047378541243649375, 1.000000000000000000 ) ) 
 REPRESENTATION_ITEM ( '' )  );
#3990 = ORIENTED_EDGE ( 'NONE', *, *, #4468, .T. ) ;
#3991 = ORIENTED_EDGE ( 'NONE', *, *, #382, .F. ) ;
#3992 = EDGE_CURVE ( 'NONE', #4093, #2384, #1498, .T. ) ;
#3993 = DIRECTION ( 'NONE',  ( -1.000000000000000000, 0.000000000000000000, 0.000000000000000000 ) ) ;
#3994 = CARTESIAN_POINT ( 'NONE',  ( 0.000000000000000000, 3.500000000000000000, -190.4999999999999716 ) ) ;
#3995 = CARTESIAN_POINT ( 'NONE',  ( 6.499999999999992006, 37.50000000000000000, -195.4999999999999716 ) ) ;
#3996 = DIRECTION ( 'NONE',  ( 1.000000000000000000, 0.000000000000000000, 0.000000000000000000 ) ) ;
#3997 = CIRCLE ( 'NONE', #1667, 1.400000000000000133 ) ;
#3998 = ORIENTED_EDGE ( 'NONE', *, *, #3929, .F. ) ;
#3999 = ORIENTED_EDGE ( 'NONE', *, *, #5681, .F. ) ;
#4000 = EDGE_CURVE ( 'NONE', #6040, #3369, #2853, .T. ) ;
#4001 = VECTOR ( 'NONE', #2918, 1000.000000000000000 ) ;
#4002 = DIRECTION ( 'NONE',  ( -0.000000000000000000, -1.000000000000000000, -0.000000000000000000 ) ) ;
#4003 = CARTESIAN_POINT ( 'NONE',  ( 100.0000000000000000, 47.50000000000000000, -210.0000000000000000 ) ) ;
#4004 = DIRECTION ( 'NONE',  ( 1.000000000000000000, -0.000000000000000000, -0.000000000000000000 ) ) ;
#4005 = ORIENTED_EDGE ( 'NONE', *, *, #3494, .T. ) ;
#4006 = DIRECTION ( 'NONE',  ( -1.000000000000000000, 0.000000000000000000, -0.000000000000000000 ) ) ;
#4007 = ORIENTED_EDGE ( 'NONE', *, *, #171, .T. ) ;
#4008 = EDGE_LOOP ( 'NONE', ( #26, #3644 ) ) ;
#4009 = CIRCLE ( 'NONE', #889, 1.000000000000000888 ) ;
#4010 = DIRECTION ( 'NONE',  ( 0.000000000000000000, -1.000000000000000000, 0.000000000000000000 ) ) ;
#4011 = CARTESIAN_POINT ( 'NONE',  ( 15.94999999999996376, 8.500000000000000000, -138.4237434499999893 ) ) ;
#4012 = DIRECTION ( 'NONE',  ( 0.000000000000000000, -0.000000000000000000, 1.000000000000000000 ) ) ;
#4013 = AXIS2_PLACEMENT_3D ( 'NONE', #1584, #4772, #5796 ) ;
#4014 = CARTESIAN_POINT ( 'NONE',  ( -1.000000000000003553, 47.50000000000000000, -131.0000000000000000 ) ) ;
#4015 = DIRECTION ( 'NONE',  ( 0.000000000000000000, 1.000000000000000000, 0.000000000000000000 ) ) ;
#4016 = ADVANCED_FACE ( 'NONE', ( #1669 ), #845, .T. ) ;
#4017 = ORIENTED_EDGE ( 'NONE', *, *, #4958, .T. ) ;
#4018 = VERTEX_POINT ( 'NONE', #4931 ) ;
#4019 = EDGE_LOOP ( 'NONE', ( #3837, #5648 ) ) ;
#4020 = EDGE_CURVE ( 'NONE', #548, #2926, #1701, .T. ) ;
#4021 = VERTEX_POINT ( 'NONE', #745 ) ;
#4022 = VECTOR ( 'NONE', #398, 1000.000000000000000 ) ;
#4023 =( BOUNDED_CURVE ( )  B_SPLINE_CURVE ( 3, ( #522, #1492, #31, #4255 ),
 .UNSPECIFIED., .F., .F. ) 
 B_SPLINE_CURVE_WITH_KNOTS ( ( 4, 4 ),
 ( 3.141592653589793116, 4.712388980384689674 ),
 .UNSPECIFIED. ) 
 CURVE ( )  GEOMETRIC_REPRESENTATION_ITEM ( )  RATIONAL_B_SPLINE_CURVE ( ( 1.000000000000000000, 0.8047378541243649375, 0.8047378541243649375, 1.000000000000000000 ) ) 
 REPRESENTATION_ITEM ( '' )  );
#4024 = CARTESIAN_POINT ( 'NONE',  ( 93.50000000000000000, 47.50000000000000000, -196.9000000000000057 ) ) ;
#4025 = DIRECTION ( 'NONE',  ( 0.000000000000000000, 1.000000000000000000, 0.000000000000000000 ) ) ;
#4026 = CARTESIAN_POINT ( 'NONE',  ( -1.000000000000002442, 46.50000000000000000, -90.99999999999998579 ) ) ;
#4027 = DIRECTION ( 'NONE',  ( 1.000000000000000000, 0.000000000000000000, -0.000000000000000000 ) ) ;
#4028 = DIRECTION ( 'NONE',  ( -5.551115123125778758E-15, -0.000000000000000000, -1.000000000000000000 ) ) ;
#4029 = CARTESIAN_POINT ( 'NONE',  ( 20.00000000000000355, 47.50000000000000000, 0.000000000000000000 ) ) ;
#4030 = VERTEX_POINT ( 'NONE', #2617 ) ;
#4031 = DIRECTION ( 'NONE',  ( 2.578203787678638882E-17, -5.156407575357511341E-17, 1.000000000000000000 ) ) ;
#4032 = ORIENTED_EDGE ( 'NONE', *, *, #4336, .F. ) ;
#4033 = DIRECTION ( 'NONE',  ( 0.000000000000000000, 0.000000000000000000, 1.000000000000000000 ) ) ;
#4034 = LINE ( 'NONE', #2223, #1724 ) ;
#4035 = CARTESIAN_POINT ( 'NONE',  ( -39.83578643762688642, 39.99999999999998579, -199.4999999999999716 ) ) ;
#4036 = ORIENTED_EDGE ( 'NONE', *, *, #2151, .T. ) ;
#4037 = PLANE ( 'NONE',  #4825 ) ;
#4038 = ORIENTED_EDGE ( 'NONE', *, *, #1097, .T. ) ;
#4039 = VECTOR ( 'NONE', #1330, 1000.000000000000000 ) ;
#4040 = FACE_OUTER_BOUND ( 'NONE', #4379, .T. ) ;
#4041 = AXIS2_PLACEMENT_3D ( 'NONE', #3617, #4004, #3154 ) ;
#4042 = EDGE_CURVE ( 'NONE', #1156, #5932, #3627, .T. ) ;
#4043 = DIRECTION ( 'NONE',  ( -1.000000000000000000, -0.000000000000000000, -0.000000000000000000 ) ) ;
#4044 = CARTESIAN_POINT ( 'NONE',  ( 92.25000000000000000, 3.499999999999999556, -33.82374344848196301 ) ) ;
#4045 = ADVANCED_FACE ( 'NONE', ( #374 ), #4564, .T. ) ;
#4046 = DIRECTION ( 'NONE',  ( 0.000000000000000000, 0.000000000000000000, 1.000000000000000000 ) ) ;
#4047 = AXIS2_PLACEMENT_3D ( 'NONE', #5476, #864, #4985 ) ;
#4048 = CIRCLE ( 'NONE', #4435, 1.000000000000000000 ) ;
#4049 = DIRECTION ( 'NONE',  ( -0.000000000000000000, -0.000000000000000000, -1.000000000000000000 ) ) ;
#4050 = ORIENTED_EDGE ( 'NONE', *, *, #5601, .F. ) ;
#4051 = ORIENTED_EDGE ( 'NONE', *, *, #2597, .F. ) ;
#4052 = VECTOR ( 'NONE', #4658, 1000.000000000000000 ) ;
#4053 = CIRCLE ( 'NONE', #3852, 2.250000000000001776 ) ;
#4054 = AXIS2_PLACEMENT_3D ( 'NONE', #1057, #4314, #5382 ) ;
#4055 = EDGE_LOOP ( 'NONE', ( #4005, #5055, #1748, #5799 ) ) ;
#4056 = EDGE_CURVE ( 'NONE', #2467, #629, #2761, .T. ) ;
#4057 = EDGE_LOOP ( 'NONE', ( #4776, #941, #5367, #1568 ) ) ;
#4058 = VECTOR ( 'NONE', #5238, 1000.000000000000000 ) ;
#4059 = FACE_OUTER_BOUND ( 'NONE', #1965, .T. ) ;
#4060 = DIRECTION ( 'NONE',  ( -1.000000000000000000, 0.000000000000000000, 0.000000000000000000 ) ) ;
#4061 = DIRECTION ( 'NONE',  ( 0.000000000000000000, 0.000000000000000000, -1.000000000000000000 ) ) ;
#4062 = DIRECTION ( 'NONE',  ( 2.578203787678638882E-17, 0.000000000000000000, 1.000000000000000000 ) ) ;
#4063 = DIRECTION ( 'NONE',  ( 0.000000000000000000, 0.000000000000000000, 1.000000000000000000 ) ) ;
#4064 = EDGE_LOOP ( 'NONE', ( #5583, #5591, #2643, #2047 ) ) ;
#4065 = LINE ( 'NONE', #1300, #1390 ) ;
#4066 = ORIENTED_EDGE ( 'NONE', *, *, #2194, .F. ) ;
#4067 = EDGE_CURVE ( 'NONE', #1533, #5386, #106, .T. ) ;
#4068 = DIRECTION ( 'NONE',  ( -0.000000000000000000, -0.000000000000000000, 1.000000000000000000 ) ) ;
#4069 = CARTESIAN_POINT ( 'NONE',  ( 96.50000000000000000, 46.50000000000000000, -187.9999999999999432 ) ) ;
#4070 = PLANE ( 'NONE',  #1616 ) ;
#4071 = FACE_OUTER_BOUND ( 'NONE', #2065, .T. ) ;
#4072 = ORIENTED_EDGE ( 'NONE', *, *, #5871, .F. ) ;
#4073 = DIRECTION ( 'NONE',  ( -1.000000000000000000, 0.000000000000000000, 0.000000000000000000 ) ) ;
#4074 = ORIENTED_EDGE ( 'NONE', *, *, #109, .F. ) ;
#4075 = DIRECTION ( 'NONE',  ( -1.000000000000000000, 0.000000000000000000, 0.000000000000000000 ) ) ;
#4076 = LINE ( 'NONE', #3285, #2458 ) ;
#4077 = FACE_OUTER_BOUND ( 'NONE', #4822, .T. ) ;
#4078 = CARTESIAN_POINT ( 'NONE',  ( -1.000000000000003553, 47.50000000000000000, -131.0000000000000000 ) ) ;
#4079 = DIRECTION ( 'NONE',  ( -0.000000000000000000, -0.000000000000000000, -1.000000000000000000 ) ) ;
#4080 = ORIENTED_EDGE ( 'NONE', *, *, #659, .F. ) ;
#4081 = EDGE_LOOP ( 'NONE', ( #4598, #1028 ) ) ;
#4082 = EDGE_CURVE ( 'NONE', #825, #390, #900, .T. ) ;
#4083 = ADVANCED_FACE ( 'NONE', ( #3596 ), #2233, .F. ) ;
#4084 = ADVANCED_FACE ( 'NONE', ( #3659 ), #3162, .F. ) ;
#4085 = ADVANCED_FACE ( 'NONE', ( #4896 ), #711, .T. ) ;
#4086 = ORIENTED_EDGE ( 'NONE', *, *, #4547, .F. ) ;
#4087 = ORIENTED_EDGE ( 'NONE', *, *, #1171, .T. ) ;
#4088 = LINE ( 'NONE', #817, #3911 ) ;
#4089 = PLANE ( 'NONE',  #2408 ) ;
#4090 = CARTESIAN_POINT ( 'NONE',  ( 87.00000000000001421, 46.50000000000000000, -199.4999999999999716 ) ) ;
#4091 = VERTEX_POINT ( 'NONE', #5853 ) ;
#4092 = EDGE_CURVE ( 'NONE', #3387, #5876, #3533, .T. ) ;
#4093 = VERTEX_POINT ( 'NONE', #956 ) ;
#4094 = VECTOR ( 'NONE', #3497, 1000.000000000000000 ) ;
#4095 = DIRECTION ( 'NONE',  ( 1.000000000000000000, 0.000000000000000000, 0.000000000000000000 ) ) ;
#4096 = CARTESIAN_POINT ( 'NONE',  ( 92.25000000000000000, 2.500000000000000444, -32.32374344848197012 ) ) ;
#4097 = AXIS2_PLACEMENT_3D ( 'NONE', #1991, #5496, #3294 ) ;
#4098 = LINE ( 'NONE', #1949, #2396 ) ;
#4099 = CARTESIAN_POINT ( 'NONE',  ( 97.50000000000000000, 6.999999999999996447, -88.04374344848194767 ) ) ;
#4100 = EDGE_LOOP ( 'NONE', ( #5776, #4354 ) ) ;
#4101 = DIRECTION ( 'NONE',  ( -0.000000000000000000, -1.000000000000000000, -0.000000000000000000 ) ) ;
#4102 = DIRECTION ( 'NONE',  ( 0.000000000000000000, 0.000000000000000000, -1.000000000000000000 ) ) ;
#4103 = VERTEX_POINT ( 'NONE', #6033 ) ;
#4104 = ORIENTED_EDGE ( 'NONE', *, *, #5503, .F. ) ;
#4105 = EDGE_CURVE ( 'NONE', #5804, #5386, #6005, .T. ) ;
#4106 = DIRECTION ( 'NONE',  ( 0.000000000000000000, 0.000000000000000000, 1.000000000000000000 ) ) ;
#4107 = AXIS2_PLACEMENT_3D ( 'NONE', #933, #435, #2804 ) ;
#4108 = CARTESIAN_POINT ( 'NONE',  ( 9.499999999999998224, 46.50000000000000000, -192.4999999999999716 ) ) ;
#4109 = DIRECTION ( 'NONE',  ( 0.000000000000000000, -0.000000000000000000, 1.000000000000000000 ) ) ;
#4110 = FACE_OUTER_BOUND ( 'NONE', #1106, .T. ) ;
#4111 = AXIS2_PLACEMENT_3D ( 'NONE', #3887, #3435, #3829 ) ;
#4112 = DIRECTION ( 'NONE',  ( 0.000000000000000000, 0.000000000000000000, -1.000000000000000000 ) ) ;
#4113 = ORIENTED_EDGE ( 'NONE', *, *, #5273, .T. ) ;
#4114 = ORIENTED_EDGE ( 'NONE', *, *, #6047, .T. ) ;
#4115 = VECTOR ( 'NONE', #1212, 1000.000000000000000 ) ;
#4116 = AXIS2_PLACEMENT_3D ( 'NONE', #279, #806, #1277 ) ;
#4117 = ORIENTED_EDGE ( 'NONE', *, *, #5805, .F. ) ;
#4118 = ORIENTED_EDGE ( 'NONE', *, *, #5950, .F. ) ;
#4119 = DIRECTION ( 'NONE',  ( -1.000000000000000000, 0.000000000000000000, -0.000000000000000000 ) ) ;
#4120 = DIRECTION ( 'NONE',  ( -0.000000000000000000, 1.000000000000000000, -0.000000000000000000 ) ) ;
#4121 = DIRECTION ( 'NONE',  ( 0.000000000000000000, 1.000000000000000000, 0.000000000000000000 ) ) ;
#4122 = ORIENTED_EDGE ( 'NONE', *, *, #1284, .F. ) ;
#4123 = VERTEX_POINT ( 'NONE', #4169 ) ;
#4124 = CIRCLE ( 'NONE', #4701, 1.000000000000000000 ) ;
#4125 = DIRECTION ( 'NONE',  ( 0.000000000000000000, 0.000000000000000000, 1.000000000000000000 ) ) ;
#4126 = LINE ( 'NONE', #5014, #5419 ) ;
#4127 = DIRECTION ( 'NONE',  ( -4.358601698434192113E-16, 1.000000000000000000, 0.000000000000000000 ) ) ;
#4128 = CARTESIAN_POINT ( 'NONE',  ( 3.500000000000016875, 46.50000000000000000, -11.50000000000003730 ) ) ;
#4129 = EDGE_LOOP ( 'NONE', ( #2175, #1945, #2513, #2826 ) ) ;
#4130 = CARTESIAN_POINT ( 'NONE',  ( 80.00000000000000000, 47.50000000000000000, 0.000000000000000000 ) ) ;
#4131 = ORIENTED_EDGE ( 'NONE', *, *, #2627, .T. ) ;
#4132 = CARTESIAN_POINT ( 'NONE',  ( -1.000000000000003553, 5.500000000000000888, -130.0000000000000000 ) ) ;
#4133 = CARTESIAN_POINT ( 'NONE',  ( 93.50000000000000000, 47.50000000000000000, -5.099999999999996980 ) ) ;
#4134 = CARTESIAN_POINT ( 'NONE',  ( -1.000000000000002220, 26.49999999999999645, -80.00000000000000000 ) ) ;
#4135 = FACE_BOUND ( 'NONE', #1603, .T. ) ;
#4136 = CARTESIAN_POINT ( 'NONE',  ( 10.49999999999999645, 46.50000000000000000, -3.499999999999999556 ) ) ;
#4137 = VECTOR ( 'NONE', #3711, 1000.000000000000000 ) ;
#4138 = CARTESIAN_POINT ( 'NONE',  ( 98.50000000000000000, 7.999999999999998224, -71.74374344848196472 ) ) ;
#4139 = CIRCLE ( 'NONE', #5314, 2.749999999999999112 ) ;
#4140 = ORIENTED_EDGE ( 'NONE', *, *, #3072, .F. ) ;
#4141 = VECTOR ( 'NONE', #4729, 1000.000000000000000 ) ;
#4142 = AXIS2_PLACEMENT_3D ( 'NONE', #1684, #3516, #3027 ) ;
#4143 = AXIS2_PLACEMENT_3D ( 'NONE', #3649, #1691, #1792 ) ;
#4144 = VERTEX_POINT ( 'NONE', #1351 ) ;
#4145 = AXIS2_PLACEMENT_3D ( 'NONE', #2535, #3388, #5251 ) ;
#4146 = ORIENTED_EDGE ( 'NONE', *, *, #1290, .F. ) ;
#4147 = PRODUCT_DEFINITION_FORMATION_WITH_SPECIFIED_SOURCE ( 'ANY', '', #4622, .NOT_KNOWN. ) ;
#4148 = EDGE_CURVE ( 'NONE', #1978, #3446, #1096, .T. ) ;
#4149 = DIRECTION ( 'NONE',  ( 0.000000000000000000, 0.000000000000000000, 1.000000000000000000 ) ) ;
#4150 = AXIS2_PLACEMENT_3D ( 'NONE', #517, #4221, #3739 ) ;
#4151 = CARTESIAN_POINT ( 'NONE',  ( 93.50000000000000000, 37.50000000000000000, -196.9000000000000057 ) ) ;
#4152 = DIRECTION ( 'NONE',  ( 0.000000000000000000, 1.000000000000000000, -0.000000000000000000 ) ) ;
#4153 = ORIENTED_EDGE ( 'NONE', *, *, #5205, .F. ) ;
#4154 = EDGE_CURVE ( 'NONE', #3651, #1888, #1907, .T. ) ;
#4155 = AXIS2_PLACEMENT_3D ( 'NONE', #4625, #434, #4170 ) ;
#4156 = ORIENTED_EDGE ( 'NONE', *, *, #3340, .F. ) ;
#4157 = EDGE_CURVE ( 'NONE', #5924, #1098, #5120, .T. ) ;
#4158 = ADVANCED_FACE ( 'NONE', ( #2741 ), #1841, .F. ) ;
#4159 = EDGE_CURVE ( 'NONE', #5647, #3593, #4617, .T. ) ;
#4160 = CARTESIAN_POINT ( 'NONE',  ( 6.499999999999994671, 37.50000000000000000, -5.099999999999999645 ) ) ;
#4161 = DIRECTION ( 'NONE',  ( 0.000000000000000000, -0.000000000000000000, 1.000000000000000000 ) ) ;
#4162 = CARTESIAN_POINT ( 'NONE',  ( 97.50000000000000000, 46.50000000000000000, -11.50000000000000000 ) ) ;
#4163 = EDGE_LOOP ( 'NONE', ( #5749, #3686, #2186, #5034 ) ) ;
#4164 = FACE_OUTER_BOUND ( 'NONE', #1911, .T. ) ;
#4165 = EDGE_LOOP ( 'NONE', ( #2317, #1976, #5900, #1836 ) ) ;
#4166 = EDGE_LOOP ( 'NONE', ( #3840, #3998, #4038, #2838 ) ) ;
#4167 = DIRECTION ( 'NONE',  ( 1.000000000000000000, 0.000000000000000000, 0.000000000000000000 ) ) ;
#4168 = DIRECTION ( 'NONE',  ( 2.578203787678638882E-17, 0.000000000000000000, 1.000000000000000000 ) ) ;
#4169 = CARTESIAN_POINT ( 'NONE',  ( 9.499999999999998224, 47.50000000000000000, -3.499999999999999112 ) ) ;
#4170 = DIRECTION ( 'NONE',  ( 0.000000000000000000, 0.000000000000000000, -1.000000000000000000 ) ) ;
#4171 = FACE_OUTER_BOUND ( 'NONE', #1539, .T. ) ;
#4172 = FACE_OUTER_BOUND ( 'NONE', #4008, .T. ) ;
#4173 = CARTESIAN_POINT ( 'NONE',  ( -5.815307244990785662, 26.30500000000000327, -130.0000000000000000 ) ) ;
#4174 = EDGE_LOOP ( 'NONE', ( #3004, #1217 ) ) ;
#4175 = ADVANCED_FACE ( 'NONE', ( #1431 ), #5575, .F. ) ;
#4176 = ORIENTED_EDGE ( 'NONE', *, *, #1099, .T. ) ;
#4177 = ORIENTED_EDGE ( 'NONE', *, *, #1094, .T. ) ;
#4178 = EDGE_LOOP ( 'NONE', ( #5782, #4705 ) ) ;
#4179 = CARTESIAN_POINT ( 'NONE',  ( -39.24999999999999289, 40.00000000000000000, -199.5000000000000000 ) ) ;
#4180 = DIRECTION ( 'NONE',  ( 1.000000000000000000, 0.000000000000000000, 0.000000000000000000 ) ) ;
#4181 = DIRECTION ( 'NONE',  ( 0.000000000000000000, 0.000000000000000000, 1.000000000000000000 ) ) ;
#4182 = ORIENTED_EDGE ( 'NONE', *, *, #2198, .F. ) ;
#4183 = EDGE_CURVE ( 'NONE', #3812, #2337, #1866, .T. ) ;
#4184 = ORIENTED_EDGE ( 'NONE', *, *, #5191, .T. ) ;
#4185 = EDGE_CURVE ( 'NONE', #3813, #3651, #5092, .T. ) ;
#4186 = CARTESIAN_POINT ( 'NONE',  ( 3.499999999999995115, 3.500000000000000000, -190.4999999999999716 ) ) ;
#4187 = CARTESIAN_POINT ( 'NONE',  ( -1.000000000000005329, 41.26393202250023506, -200.9999999999999716 ) ) ;
#4188 = VECTOR ( 'NONE', #609, 1000.000000000000000 ) ;
#4189 = ORIENTED_EDGE ( 'NONE', *, *, #5984, .F. ) ;
#4190 =( BOUNDED_CURVE ( )  B_SPLINE_CURVE ( 3, ( #3401, #4278, #5326, #1516 ),
 .UNSPECIFIED., .F., .F. ) 
 B_SPLINE_CURVE_WITH_KNOTS ( ( 4, 4 ),
 ( 1.570796326794896558, 3.141592653589793116 ),
 .UNSPECIFIED. ) 
 CURVE ( )  GEOMETRIC_REPRESENTATION_ITEM ( )  RATIONAL_B_SPLINE_CURVE ( ( 1.000000000000000000, 0.8047378541243649375, 0.8047378541243649375, 1.000000000000000000 ) ) 
 REPRESENTATION_ITEM ( '' )  );
#4191 = FACE_OUTER_BOUND ( 'NONE', #1594, .T. ) ;
#4192 = ORIENTED_EDGE ( 'NONE', *, *, #4394, .F. ) ;
#4193 = CARTESIAN_POINT ( 'NONE',  ( 96.50000000000000000, 3.500000000000000000, -187.9999999999999716 ) ) ;
#4194 = DIRECTION ( 'NONE',  ( 0.000000000000000000, 1.000000000000000000, 0.000000000000000000 ) ) ;
#4195 = VECTOR ( 'NONE', #1597, 1000.000000000000000 ) ;
#4196 = CARTESIAN_POINT ( 'NONE',  ( -39.24999999999999289, 47.50000000000000000, -199.4999999999999716 ) ) ;
#4197 = DIRECTION ( 'NONE',  ( -0.000000000000000000, -0.000000000000000000, 1.000000000000000000 ) ) ;
#4198 = CARTESIAN_POINT ( 'NONE',  ( -39.24999999999999289, 1.000000000000000000, -200.9999999999999716 ) ) ;
#4199 = DIRECTION ( 'NONE',  ( -0.000000000000000000, -1.000000000000000000, -0.000000000000000000 ) ) ;
#4200 = PLANE ( 'NONE',  #2107 ) ;
#4201 = DIRECTION ( 'NONE',  ( 0.000000000000000000, 0.000000000000000000, -1.000000000000000000 ) ) ;
#4202 = AXIS2_PLACEMENT_3D ( 'NONE', #1352, #3163, #349 ) ;
#4203 = CIRCLE ( 'NONE', #196, 1.000000000000000888 ) ;
#4204 = EDGE_CURVE ( 'NONE', #3937, #2781, #491, .T. ) ;
#4205 = CARTESIAN_POINT ( 'NONE',  ( 15.94999999999996376, 8.500000000000000000, -135.6737434499999893 ) ) ;
#4206 = ORIENTED_EDGE ( 'NONE', *, *, #3017, .T. ) ;
#4207 = VERTEX_POINT ( 'NONE', #2348 ) ;
#4208 = ORIENTED_EDGE ( 'NONE', *, *, #3956, .F. ) ;
#4209 = DIRECTION ( 'NONE',  ( 0.000000000000000000, 1.000000000000000000, 0.000000000000000000 ) ) ;
#4210 = VECTOR ( 'NONE', #3782, 1000.000000000000000 ) ;
#4211 = CARTESIAN_POINT ( 'NONE',  ( 15.95000000000000639, 8.500000000000000000, -33.82374345000000204 ) ) ;
#4212 = ORIENTED_EDGE ( 'NONE', *, *, #2208, .T. ) ;
#4213 = EDGE_LOOP ( 'NONE', ( #1360, #2203, #2537, #4777 ) ) ;
#4214 = AXIS2_PLACEMENT_3D ( 'NONE', #4078, #5484, #1315 ) ;
#4215 = CARTESIAN_POINT ( 'NONE',  ( 20.00000000000000355, 47.50000000000000000, 0.000000000000000000 ) ) ;
#4216 = CARTESIAN_POINT ( 'NONE',  ( -2.999999999999862776, 47.50000000000000000, -200.9999999999999716 ) ) ;
#4217 = LINE ( 'NONE', #4738, #3070 ) ;
#4218 = ORIENTED_EDGE ( 'NONE', *, *, #2980, .F. ) ;
#4219 = DIRECTION ( 'NONE',  ( 0.000000000000000000, 1.000000000000000000, 0.000000000000000000 ) ) ;
#4220 = ORIENTED_EDGE ( 'NONE', *, *, #1502, .T. ) ;
#4221 = DIRECTION ( 'NONE',  ( 1.000000000000000000, 0.000000000000000000, -6.895795184007186635E-16 ) ) ;
#4222 = DIRECTION ( 'NONE',  ( 0.000000000000000000, 1.000000000000000000, 0.000000000000000000 ) ) ;
#4223 = DIRECTION ( 'NONE',  ( 0.000000000000000000, -1.000000000000000000, 0.000000000000000000 ) ) ;
#4224 = CARTESIAN_POINT ( 'NONE',  ( 99.00000000000000000, 1.000000000000000888, -210.0000000000000000 ) ) ;
#4225 = CYLINDRICAL_SURFACE ( 'NONE', #2166, 1.000000000000000888 ) ;
#4226 = PLANE ( 'NONE',  #1708 ) ;
#4227 = LINE ( 'NONE', #4715, #4929 ) ;
#4228 = ADVANCED_FACE ( 'NONE', ( #1403 ), #4254, .F. ) ;
#4229 = EDGE_CURVE ( 'NONE', #3220, #2418, #3253, .T. ) ;
#4230 = ORIENTED_EDGE ( 'NONE', *, *, #2320, .F. ) ;
#4231 = ORIENTED_EDGE ( 'NONE', *, *, #2382, .T. ) ;
#4232 = ORIENTED_EDGE ( 'NONE', *, *, #3898, .T. ) ;
#4233 = VECTOR ( 'NONE', #396, 1000.000000000000000 ) ;
#4234 = AXIS2_PLACEMENT_3D ( 'NONE', #4489, #5847, #2670 ) ;
#4235 = DIRECTION ( 'NONE',  ( 1.000000000000000000, 0.000000000000000000, 0.000000000000000000 ) ) ;
#4236 = EDGE_CURVE ( 'NONE', #4536, #4934, #931, .T. ) ;
#4237 = CIRCLE ( 'NONE', #3274, 1.500000000000001332 ) ;
#4238 = CARTESIAN_POINT ( 'NONE',  ( 6.499999999999994671, 47.50000000000000000, -6.500000000000000000 ) ) ;
#4239 = EDGE_LOOP ( 'NONE', ( #3322, #1208, #5021, #2961 ) ) ;
#4240 = EDGE_LOOP ( 'NONE', ( #2087, #5115, #4463, #4568 ) ) ;
#4241 = AXIS2_PLACEMENT_3D ( 'NONE', #4920, #4459, #3153 ) ;
#4242 = CIRCLE ( 'NONE', #3572, 2.000000000000001776 ) ;
#4243 = AXIS2_PLACEMENT_3D ( 'NONE', #5732, #2072, #1520 ) ;
#4244 = CARTESIAN_POINT ( 'NONE',  ( 9.500000000000039080, 47.50000000000000000, -2.059984127722465524E-15 ) ) ;
#4245 = EDGE_CURVE ( 'NONE', #1798, #2120, #4679, .T. ) ;
#4246 = CYLINDRICAL_SURFACE ( 'NONE', #2300, 1.000000000000000888 ) ;
#4247 = DIRECTION ( 'NONE',  ( 0.000000000000000000, -0.000000000000000000, 1.000000000000000000 ) ) ;
#4248 = ORIENTED_EDGE ( 'NONE', *, *, #224, .T. ) ;
#4249 = AXIS2_PLACEMENT_3D ( 'NONE', #1416, #3270, #446 ) ;
#4250 = DIRECTION ( 'NONE',  ( 0.000000000000000000, 1.000000000000000000, 0.000000000000000000 ) ) ;
#4251 = EDGE_LOOP ( 'NONE', ( #2112, #3906, #3510, #5425 ) ) ;
#4252 = FACE_OUTER_BOUND ( 'NONE', #4456, .T. ) ;
#4253 = CYLINDRICAL_SURFACE ( 'NONE', #3139, 1.000000000000000888 ) ;
#4254 = CYLINDRICAL_SURFACE ( 'NONE', #5294, 1.000000000000000888 ) ;
#4255 = CARTESIAN_POINT ( 'NONE',  ( -3.377446961859016831E-15, 25.49999999999999645, -131.0000000000000000 ) ) ;
#4256 = DIRECTION ( 'NONE',  ( -0.000000000000000000, 1.000000000000000000, -0.000000000000000000 ) ) ;
#4257 = DIRECTION ( 'NONE',  ( -0.000000000000000000, -0.000000000000000000, -1.000000000000000000 ) ) ;
#4258 = ORIENTED_EDGE ( 'NONE', *, *, #3259, .T. ) ;
#4259 = FACE_OUTER_BOUND ( 'NONE', #1133, .T. ) ;
#4260 = ORIENTED_EDGE ( 'NONE', *, *, #5954, .T. ) ;
#4261 = ORIENTED_EDGE ( 'NONE', *, *, #3614, .F. ) ;
#4262 = EDGE_CURVE ( 'NONE', #3396, #5743, #30, .T. ) ;
#4263 = EDGE_CURVE ( 'NONE', #2957, #5413, #1405, .T. ) ;
#4264 = ADVANCED_FACE ( 'NONE', ( #2460 ), #1658, .F. ) ;
#4265 = CARTESIAN_POINT ( 'NONE',  ( 98.50000000000000000, 12.69999999999999574, -88.04374344848194767 ) ) ;
#4266 = DIRECTION ( 'NONE',  ( 0.000000000000000000, 0.000000000000000000, 1.000000000000000000 ) ) ;
#4267 = ORIENTED_EDGE ( 'NONE', *, *, #5184, .F. ) ;
#4268 = ORIENTED_EDGE ( 'NONE', *, *, #923, .F. ) ;
#4269 = FACE_OUTER_BOUND ( 'NONE', #5531, .T. ) ;
#4270 = EDGE_CURVE ( 'NONE', #4144, #590, #2915, .T. ) ;
#4271 = DIRECTION ( 'NONE',  ( -1.000000000000000000, 0.000000000000000000, -0.000000000000000000 ) ) ;
#4272 = LINE ( 'NONE', #3366, #5713 ) ;
#4273 = ORIENTED_EDGE ( 'NONE', *, *, #5440, .F. ) ;
#4274 = DIRECTION ( 'NONE',  ( 1.000000000000000000, -0.000000000000000000, 0.000000000000000000 ) ) ;
#4275 = ORIENTED_EDGE ( 'NONE', *, *, #4157, .T. ) ;
#4276 = CARTESIAN_POINT ( 'NONE',  ( 15.94999999999996376, 3.499999999999999556, -135.6737434499999893 ) ) ;
#4277 = CARTESIAN_POINT ( 'NONE',  ( 99.58578643762692195, 1.048333098194318540E-15, -209.5857864376268367 ) ) ;
#4278 = CARTESIAN_POINT ( 'NONE',  ( -2.364478473299528272E-15, 12.47421356237309631, -79.58578643762689353 ) ) ;
#4279 = CARTESIAN_POINT ( 'NONE',  ( 10.49999999999999645, 2.500000000000002220, -3.499999999999999556 ) ) ;
#4280 = CARTESIAN_POINT ( 'NONE',  ( 100.0000000000000000, 47.50000000000000000, -67.47374344848198291 ) ) ;
#4281 = CARTESIAN_POINT ( 'NONE',  ( 92.25000000000000000, 8.500000000000000000, -137.1737434484819573 ) ) ;
#4282 = DIRECTION ( 'NONE',  ( 0.000000000000000000, 0.000000000000000000, 1.000000000000000000 ) ) ;
#4283 = EDGE_CURVE ( 'NONE', #2285, #5101, #4305, .T. ) ;
#4284 = DIRECTION ( 'NONE',  ( 0.000000000000000000, 0.000000000000000000, 1.000000000000000000 ) ) ;
#4285 = VERTEX_POINT ( 'NONE', #3856 ) ;
#4286 = VECTOR ( 'NONE', #2907, 1000.000000000000000 ) ;
#4287 = FACE_OUTER_BOUND ( 'NONE', #3505, .T. ) ;
#4288 = ORIENTED_EDGE ( 'NONE', *, *, #72, .F. ) ;
#4289 = EDGE_LOOP ( 'NONE', ( #2171, #776, #1223, #5953 ) ) ;
#4290 = VECTOR ( 'NONE', #5757, 1000.000000000000000 ) ;
#4291 = AXIS2_PLACEMENT_3D ( 'NONE', #4954, #771, #2648 ) ;
#4292 = ORIENTED_EDGE ( 'NONE', *, *, #1266, .F. ) ;
#4293 = ORIENTED_EDGE ( 'NONE', *, *, #209, .F. ) ;
#4294 = EDGE_CURVE ( 'NONE', #514, #1235, #5206, .T. ) ;
#4295 = AXIS2_PLACEMENT_3D ( 'NONE', #4532, #4012, #1739 ) ;
#4296 = DIRECTION ( 'NONE',  ( 0.000000000000000000, 1.000000000000000000, 0.000000000000000000 ) ) ;
#4297 = CYLINDRICAL_SURFACE ( 'NONE', #1026, 1.000000000000000888 ) ;
#4298 = DIRECTION ( 'NONE',  ( 1.198013450260226463E-16, -0.000000000000000000, 1.000000000000000000 ) ) ;
#4299 = ORIENTED_EDGE ( 'NONE', *, *, #3002, .F. ) ;
#4300 = FACE_OUTER_BOUND ( 'NONE', #1003, .T. ) ;
#4301 = ORIENTED_EDGE ( 'NONE', *, *, #1758, .T. ) ;
#4302 = CIRCLE ( 'NONE', #4013, 1.000000000000000888 ) ;
#4303 = DIRECTION ( 'NONE',  ( -0.000000000000000000, 1.000000000000000000, -0.000000000000000000 ) ) ;
#4304 = CARTESIAN_POINT ( 'NONE',  ( -3.377446961859016831E-15, 13.06000000000000227, -131.0000000000000000 ) ) ;
#4305 = LINE ( 'NONE', #119, #1966 ) ;
#4306 = DIRECTION ( 'NONE',  ( -0.000000000000000000, -1.156482317317871725E-16, -1.000000000000000000 ) ) ;
#4307 = CYLINDRICAL_SURFACE ( 'NONE', #3267, 1.000000000000000000 ) ;
#4308 = DIRECTION ( 'NONE',  ( -2.168404344971007142E-16, -0.000000000000000000, -1.000000000000000000 ) ) ;
#4309 = CARTESIAN_POINT ( 'NONE',  ( -2.578203787678561845E-17, 1.000000000000000888, -1.000000000000000000 ) ) ;
#4310 = AXIS2_PLACEMENT_3D ( 'NONE', #3216, #5081, #1364 ) ;
#4311 = CARTESIAN_POINT ( 'NONE',  ( 97.91421356237310647, 25.60000000000000142, -90.56374344848192948 ) ) ;
#4312 = DIRECTION ( 'NONE',  ( 0.000000000000000000, -0.000000000000000000, 1.000000000000000000 ) ) ;
#4313 = ORIENTED_EDGE ( 'NONE', *, *, #4485, .F. ) ;
#4314 = DIRECTION ( 'NONE',  ( 0.000000000000000000, 1.000000000000000000, 0.000000000000000000 ) ) ;
#4315 = ORIENTED_EDGE ( 'NONE', *, *, #5888, .F. ) ;
#4316 = ORIENTED_EDGE ( 'NONE', *, *, #1019, .T. ) ;
#4317 = DIRECTION ( 'NONE',  ( 0.000000000000000000, -1.000000000000000000, 0.000000000000000000 ) ) ;
#4318 = ORIENTED_EDGE ( 'NONE', *, *, #1372, .F. ) ;
#4319 = VECTOR ( 'NONE', #4180, 1000.000000000000000 ) ;
#4320 = EDGE_CURVE ( 'NONE', #2760, #3130, #4190, .T. ) ;
#4321 = ORIENTED_EDGE ( 'NONE', *, *, #3508, .T. ) ;
#4322 = VECTOR ( 'NONE', #6025, 1000.000000000000000 ) ;
#4323 = CARTESIAN_POINT ( 'NONE',  ( 105.5000000000000142, 7.999999999999998224, -71.74374344848196472 ) ) ;
#4324 = AXIS2_PLACEMENT_3D ( 'NONE', #454, #5169, #975 ) ;
#4325 = EDGE_CURVE ( 'NONE', #2245, #2850, #5265, .T. ) ;
#4326 = CARTESIAN_POINT ( 'NONE',  ( 10.49999999999999645, 46.50000000000000000, -191.4999999999999716 ) ) ;
#4327 = FACE_OUTER_BOUND ( 'NONE', #998, .T. ) ;
#4328 = EDGE_LOOP ( 'NONE', ( #5947, #3537, #694, #1399 ) ) ;
#4329 = EDGE_CURVE ( 'NONE', #5820, #4698, #674, .T. ) ;
#4330 = LINE ( 'NONE', #1538, #2863 ) ;
#4331 = VERTEX_POINT ( 'NONE', #5263 ) ;
#4332 = EDGE_CURVE ( 'NONE', #3692, #2760, #2068, .T. ) ;
#4333 = CIRCLE ( 'NONE', #1433, 1.000000000000000888 ) ;
#4334 = VECTOR ( 'NONE', #4396, 1000.000000000000000 ) ;
#4335 = CARTESIAN_POINT ( 'NONE',  ( 0.000000000000000000, 0.000000000000000000, -1.000000000000000000 ) ) ;
#4336 = EDGE_CURVE ( 'NONE', #1069, #5809, #1562, .T. ) ;
#4337 = CARTESIAN_POINT ( 'NONE',  ( 98.50000000000000000, 7.999999999999998224, -90.56374344848194369 ) ) ;
#4338 = AXIS2_PLACEMENT_3D ( 'NONE', #4069, #5904, #1268 ) ;
#4339 = DIRECTION ( 'NONE',  ( 5.551115123125778758E-15, -0.000000000000000000, 1.000000000000000000 ) ) ;
#4340 = CARTESIAN_POINT ( 'NONE',  ( 1.000000000000000000, 0.000000000000000000, -1.000000000000000000 ) ) ;
#4341 = CIRCLE ( 'NONE', #3273, 2.250000000000001776 ) ;
#4342 = DIRECTION ( 'NONE',  ( -0.000000000000000000, -1.000000000000000000, -0.000000000000000000 ) ) ;
#4343 = FACE_BOUND ( 'NONE', #4081, .T. ) ;
#4344 = DIRECTION ( 'NONE',  ( 0.000000000000000000, 1.000000000000000000, 0.000000000000000000 ) ) ;
#4345 = DIRECTION ( 'NONE',  ( 1.000000000000000000, 0.000000000000000000, 0.000000000000000000 ) ) ;
#4346 = ORIENTED_EDGE ( 'NONE', *, *, #5168, .F. ) ;
#4347 = AXIS2_PLACEMENT_3D ( 'NONE', #2042, #1544, #2012 ) ;
#4348 = DIRECTION ( 'NONE',  ( 1.000000000000000000, 0.000000000000000000, 1.561251128379124807E-14 ) ) ;
#4349 = CARTESIAN_POINT ( 'NONE',  ( 80.00000000000000000, 7.500000000000000000, -1.499999999999999556 ) ) ;
#4350 = DIRECTION ( 'NONE',  ( -0.5557275541795670959, 0.8313644721333696141, 0.000000000000000000 ) ) ;
#4351 = VERTEX_POINT ( 'NONE', #5753 ) ;
#4352 = EDGE_CURVE ( 'NONE', #1665, #4144, #1146, .T. ) ;
#4353 = VERTEX_POINT ( 'NONE', #3009 ) ;
#4354 = ORIENTED_EDGE ( 'NONE', *, *, #200, .T. ) ;
#4355 = ADVANCED_FACE ( 'NONE', ( #1110 ), #3375, .T. ) ;
#4356 = CARTESIAN_POINT ( 'NONE',  ( 6.499999999999992006, 37.50000000000000000, -196.9000000000000057 ) ) ;
#4357 = ORIENTED_EDGE ( 'NONE', *, *, #18, .T. ) ;
#4358 = ORIENTED_EDGE ( 'NONE', *, *, #3892, .T. ) ;
#4359 = DIRECTION ( 'NONE',  ( -0.000000000000000000, -1.000000000000000000, -0.000000000000000000 ) ) ;
#4360 = LINE ( 'NONE', #2542, #3847 ) ;
#4361 = CARTESIAN_POINT ( 'NONE',  ( 10.49999999999999467, 47.50000000000000000, -10.50000000000000000 ) ) ;
#4362 = ORIENTED_EDGE ( 'NONE', *, *, #4518, .T. ) ;
#4363 = DIRECTION ( 'NONE',  ( -0.000000000000000000, -1.000000000000000000, -0.000000000000000000 ) ) ;
#4364 = EDGE_LOOP ( 'NONE', ( #3684, #1953, #1186, #742 ) ) ;
#4365 = ADVANCED_FACE ( 'NONE', ( #4367 ), #3797, .T. ) ;
#4366 = LINE ( 'NONE', #2457, #3760 ) ;
#4367 = FACE_OUTER_BOUND ( 'NONE', #164, .T. ) ;
#4368 = CARTESIAN_POINT ( 'NONE',  ( 87.00000000000001421, 3.500000000000000000, -199.4999999999999716 ) ) ;
#4369 = DIRECTION ( 'NONE',  ( 0.000000000000000000, 1.000000000000000000, 0.000000000000000000 ) ) ;
#4370 = CARTESIAN_POINT ( 'NONE',  ( 96.50000000000000000, 46.50000000000000000, -11.50000000000000000 ) ) ;
#4371 = DIRECTION ( 'NONE',  ( 1.000000000000000000, 0.000000000000000000, 0.000000000000000000 ) ) ;
#4372 = SPHERICAL_SURFACE ( 'NONE', #2299, 1.000000000000000000 ) ;
#4373 = DIRECTION ( 'NONE',  ( -0.000000000000000000, -1.000000000000000000, -0.000000000000000000 ) ) ;
#4374 = EDGE_CURVE ( 'NONE', #590, #1665, #3920, .T. ) ;
#4375 = DIRECTION ( 'NONE',  ( 0.000000000000000000, 0.000000000000000000, -1.000000000000000000 ) ) ;
#4376 = CARTESIAN_POINT ( 'NONE',  ( 90.50000000000001421, 47.50000000000000000, -3.499999999999999556 ) ) ;
#4377 = DIRECTION ( 'NONE',  ( -1.000000000000000000, 0.000000000000000000, -2.775557561562893560E-14 ) ) ;
#4378 = ORIENTED_EDGE ( 'NONE', *, *, #2784, .F. ) ;
#4379 = EDGE_LOOP ( 'NONE', ( #5011, #3722, #1058, #1789 ) ) ;
#4380 = AXIS2_PLACEMENT_3D ( 'NONE', #2489, #4764, #150 ) ;
#4381 =( BOUNDED_CURVE ( )  B_SPLINE_CURVE ( 3, ( #3334, #3763, #513, #5687 ),
 .UNSPECIFIED., .F., .F. ) 
 B_SPLINE_CURVE_WITH_KNOTS ( ( 4, 4 ),
 ( 0.000000000000000000, 1.570796326794896558 ),
 .UNSPECIFIED. ) 
 CURVE ( )  GEOMETRIC_REPRESENTATION_ITEM ( )  RATIONAL_B_SPLINE_CURVE ( ( 1.000000000000000000, 0.8047378541243649375, 0.8047378541243649375, 1.000000000000000000 ) ) 
 REPRESENTATION_ITEM ( '' )  );
#4382 = CARTESIAN_POINT ( 'NONE',  ( 93.50000000000000000, 37.50000000000000000, -194.0999999999999375 ) ) ;
#4383 = EDGE_CURVE ( 'NONE', #3937, #3655, #177, .T. ) ;
#4384 = AXIS2_PLACEMENT_3D ( 'NONE', #1564, #4736, #1506 ) ;
#4385 = EDGE_LOOP ( 'NONE', ( #1056, #1749 ) ) ;
#4386 = ORIENTED_EDGE ( 'NONE', *, *, #2821, .F. ) ;
#4387 = CIRCLE ( 'NONE', #4202, 2.750000000000009326 ) ;
#4388 = CARTESIAN_POINT ( 'NONE',  ( 97.50000000000000000, 13.69999999999999751, -89.04374344848194767 ) ) ;
#4389 = DIRECTION ( 'NONE',  ( -1.000000000000000000, -0.000000000000000000, -0.000000000000000000 ) ) ;
#4390 = FACE_BOUND ( 'NONE', #2262, .T. ) ;
#4391 = CARTESIAN_POINT ( 'NONE',  ( 15.94999999999996376, 2.499999999999999556, -131.9237434499999893 ) ) ;
#4392 = ORIENTED_EDGE ( 'NONE', *, *, #2921, .F. ) ;
#4393 = CARTESIAN_POINT ( 'NONE',  ( 11.50000000000001066, 47.50000000000000000, -200.4999999999999716 ) ) ;
#4394 = EDGE_CURVE ( 'NONE', #3387, #1062, #5558, .T. ) ;
#4395 = ORIENTED_EDGE ( 'NONE', *, *, #1487, .T. ) ;
#4396 = DIRECTION ( 'NONE',  ( -1.000000000000000000, 0.000000000000000000, -0.000000000000000000 ) ) ;
#4397 = AXIS2_PLACEMENT_3D ( 'NONE', #346, #3103, #2772 ) ;
#4398 = DIRECTION ( 'NONE',  ( 0.000000000000000000, 0.000000000000000000, 1.000000000000000000 ) ) ;
#4399 = DIRECTION ( 'NONE',  ( -1.000000000000000000, 0.000000000000000000, 0.000000000000000000 ) ) ;
#4400 = CARTESIAN_POINT ( 'NONE',  ( 100.0000000000000000, 66.94999999999998863, -210.0000000000000000 ) ) ;
#4401 = VECTOR ( 'NONE', #944, 1000.000000000000000 ) ;
#4402 = CARTESIAN_POINT ( 'NONE',  ( 81.00000000000000000, 6.500000000000000000, -2.500000000000000000 ) ) ;
#4403 = ORIENTED_EDGE ( 'NONE', *, *, #4263, .F. ) ;
#4404 = EDGE_CURVE ( 'NONE', #3900, #21, #4766, .T. ) ;
#4405 = DIRECTION ( 'NONE',  ( -5.551115123125778758E-15, 0.000000000000000000, -1.000000000000000000 ) ) ;
#4406 = LINE ( 'NONE', #2020, #3634 ) ;
#4407 = FACE_OUTER_BOUND ( 'NONE', #3043, .T. ) ;
#4408 = DIRECTION ( 'NONE',  ( 0.000000000000000000, -1.064247531274115171E-16, -1.000000000000000000 ) ) ;
#4409 = ORIENTED_EDGE ( 'NONE', *, *, #3150, .T. ) ;
#4410 = VECTOR ( 'NONE', #2004, 1000.000000000000000 ) ;
#4411 = ORIENTED_EDGE ( 'NONE', *, *, #2364, .F. ) ;
#4412 = EDGE_CURVE ( 'NONE', #623, #5285, #4744, .T. ) ;
#4413 = CARTESIAN_POINT ( 'NONE',  ( 3.499999999999995115, 46.50000000000000000, -190.4999999999999716 ) ) ;
#4414 = EDGE_CURVE ( 'NONE', #2439, #2925, #2521, .T. ) ;
#4415 = EDGE_CURVE ( 'NONE', #514, #4803, #3121, .T. ) ;
#4416 =( BOUNDED_CURVE ( )  B_SPLINE_CURVE ( 3, ( #465, #5580, #1438, #6010 ),
 .UNSPECIFIED., .F., .F. ) 
 B_SPLINE_CURVE_WITH_KNOTS ( ( 4, 4 ),
 ( 4.248741371383900400, 4.712388980384689674 ),
 .UNSPECIFIED. ) 
 CURVE ( )  GEOMETRIC_REPRESENTATION_ITEM ( )  RATIONAL_B_SPLINE_CURVE ( ( 1.000000000000000000, 0.9821659929784880561, 0.9821659929784880561, 1.000000000000000000 ) ) 
 REPRESENTATION_ITEM ( '' )  );
#4417 = ORIENTED_EDGE ( 'NONE', *, *, #642, .T. ) ;
#4418 = ORIENTED_EDGE ( 'NONE', *, *, #3454, .T. ) ;
#4419 = EDGE_CURVE ( 'NONE', #5804, #4620, #5457, .T. ) ;
#4420 = CARTESIAN_POINT ( 'NONE',  ( 97.50000000000000000, 2.500000000000000000, -11.50000000000000000 ) ) ;
#4421 = VECTOR ( 'NONE', #5758, 1000.000000000000000 ) ;
#4422 = DIRECTION ( 'NONE',  ( -0.000000000000000000, -1.000000000000000000, -0.000000000000000000 ) ) ;
#4423 = FACE_OUTER_BOUND ( 'NONE', #2533, .T. ) ;
#4424 = DIRECTION ( 'NONE',  ( 0.000000000000000000, -1.000000000000000000, 3.469446951953616161E-16 ) ) ;
#4425 = ORIENTED_EDGE ( 'NONE', *, *, #4262, .F. ) ;
#4426 = CARTESIAN_POINT ( 'NONE',  ( 60.00000000000000711, 0.4142135623730956451, -202.0000000000000000 ) ) ;
#4427 = ORIENTED_EDGE ( 'NONE', *, *, #1744, .T. ) ;
#4428 = AXIS2_PLACEMENT_3D ( 'NONE', #1753, #4974, #2756 ) ;
#4429 = VECTOR ( 'NONE', #3189, 1000.000000000000000 ) ;
#4430 = LINE ( 'NONE', #1689, #5357 ) ;
#4431 = CARTESIAN_POINT ( 'NONE',  ( 92.25000000000000000, 8.500000000000000000, -135.6737434484819573 ) ) ;
#4432 = CARTESIAN_POINT ( 'NONE',  ( -40.24999999999999289, 39.58578643762690774, -199.9142135623730780 ) ) ;
#4433 = VECTOR ( 'NONE', #1590, 1000.000000000000000 ) ;
#4434 = SPHERICAL_SURFACE ( 'NONE', #5528, 1.000000000000000000 ) ;
#4435 = AXIS2_PLACEMENT_3D ( 'NONE', #3026, #2147, #293 ) ;
#4436 = DIRECTION ( 'NONE',  ( -0.000000000000000000, -0.000000000000000000, 1.000000000000000000 ) ) ;
#4437 = VECTOR ( 'NONE', #4031, 1000.000000000000000 ) ;
#4438 = VECTOR ( 'NONE', #3098, 1000.000000000000000 ) ;
#4439 = DIRECTION ( 'NONE',  ( 1.000000000000000000, 0.000000000000000000, 0.000000000000000000 ) ) ;
#4440 = CIRCLE ( 'NONE', #6012, 2.000000000000000000 ) ;
#4441 = CARTESIAN_POINT ( 'NONE',  ( -3.130000000000003002, 12.05999999999999872, -130.0000000000000000 ) ) ;
#4442 = DIRECTION ( 'NONE',  ( -2.168404344971009361E-16, 0.000000000000000000, -1.000000000000000000 ) ) ;
#4443 = CARTESIAN_POINT ( 'NONE',  ( 97.91421356237310647, 12.69999999999999751, -71.74374344848196472 ) ) ;
#4444 = VECTOR ( 'NONE', #2429, 1000.000000000000000 ) ;
#4445 = ORIENTED_EDGE ( 'NONE', *, *, #2846, .F. ) ;
#4446 = VERTEX_POINT ( 'NONE', #302 ) ;
#4447 = LINE ( 'NONE', #4356, #934 ) ;
#4448 = VERTEX_POINT ( 'NONE', #4919 ) ;
#4449 = EDGE_CURVE ( 'NONE', #449, #3632, #4886, .T. ) ;
#4450 = ORIENTED_EDGE ( 'NONE', *, *, #3492, .T. ) ;
#4451 = DIRECTION ( 'NONE',  ( -0.000000000000000000, 1.000000000000000000, -0.000000000000000000 ) ) ;
#4452 = FACE_OUTER_BOUND ( 'NONE', #658, .T. ) ;
#4453 = FACE_OUTER_BOUND ( 'NONE', #3610, .T. ) ;
#4454 = LINE ( 'NONE', #4852, #5134 ) ;
#4455 = ORIENTED_EDGE ( 'NONE', *, *, #747, .T. ) ;
#4456 = EDGE_LOOP ( 'NONE', ( #5739, #4232, #2962, #3679 ) ) ;
#4457 = EDGE_CURVE ( 'NONE', #3413, #4351, #277, .T. ) ;
#4458 = DIRECTION ( 'NONE',  ( 0.000000000000000000, -1.000000000000000000, 0.000000000000000000 ) ) ;
#4459 = DIRECTION ( 'NONE',  ( -1.000000000000000000, -0.000000000000000000, -0.000000000000000000 ) ) ;
#4460 = CARTESIAN_POINT ( 'NONE',  ( -39.24999999999999289, 40.00000000000000000, -199.5000000000000000 ) ) ;
#4461 = VERTEX_POINT ( 'NONE', #3978 ) ;
#4462 = DIRECTION ( 'NONE',  ( 0.000000000000000000, 0.000000000000000000, 1.000000000000000000 ) ) ;
#4463 = ORIENTED_EDGE ( 'NONE', *, *, #3600, .F. ) ;
#4464 = DIRECTION ( 'NONE',  ( 0.000000000000000000, 1.000000000000000000, 0.000000000000000000 ) ) ;
#4465 = CARTESIAN_POINT ( 'NONE',  ( -1.000000000000003553, 6.500000000000000888, -130.0000000000000000 ) ) ;
#4466 = DIRECTION ( 'NONE',  ( 0.000000000000000000, 1.000000000000000000, 0.000000000000000000 ) ) ;
#4467 = CARTESIAN_POINT ( 'NONE',  ( 92.25000000000000000, 3.499999999999999556, -135.6737434484819573 ) ) ;
#4468 = EDGE_CURVE ( 'NONE', #5321, #4848, #2540, .T. ) ;
#4469 = ORIENTED_EDGE ( 'NONE', *, *, #6027, .F. ) ;
#4470 = EDGE_LOOP ( 'NONE', ( #6029, #715, #1369, #2621 ) ) ;
#4471 = AXIS2_PLACEMENT_3D ( 'NONE', #4858, #3345, #1014 ) ;
#4472 = ORIENTED_EDGE ( 'NONE', *, *, #3233, .T. ) ;
#4473 = ORIENTED_EDGE ( 'NONE', *, *, #1253, .F. ) ;
#4474 = VECTOR ( 'NONE', #3513, 1000.000000000000000 ) ;
#4475 = DIRECTION ( 'NONE',  ( 0.000000000000000000, 1.000000000000000000, 0.000000000000000000 ) ) ;
#4476 = DIRECTION ( 'NONE',  ( 0.000000000000000000, 1.000000000000000000, 0.000000000000000000 ) ) ;
#4477 = DIRECTION ( 'NONE',  ( -1.000000000000000000, 0.000000000000000000, 0.000000000000000000 ) ) ;
#4478 = CARTESIAN_POINT ( 'NONE',  ( -40.25000000000000000, 39.00000000000000000, -201.9999999999999716 ) ) ;
#4479 = LINE ( 'NONE', #5842, #1628 ) ;
#4480 = VECTOR ( 'NONE', #4079, 1000.000000000000000 ) ;
#4481 = ORIENTED_EDGE ( 'NONE', *, *, #2476, .F. ) ;
#4482 = ADVANCED_FACE ( 'NONE', ( #2608 ), #4947, .T. ) ;
#4483 = CARTESIAN_POINT ( 'NONE',  ( 61.00000000000000711, 0.000000000000000000, -200.9999999999999716 ) ) ;
#4484 = EDGE_LOOP ( 'NONE', ( #4417, #114, #4445, #663 ) ) ;
#4485 = EDGE_CURVE ( 'NONE', #1876, #5820, #3586, .T. ) ;
#4486 = VECTOR ( 'NONE', #2178, 1000.000000000000000 ) ;
#4487 = CARTESIAN_POINT ( 'NONE',  ( 92.25000000000000000, 8.500000000000000000, -33.82374344848196301 ) ) ;
#4488 = PLANE ( 'NONE',  #3671 ) ;
#4489 = CARTESIAN_POINT ( 'NONE',  ( -1.000000000000002442, 46.50000000000000000, -90.99999999999998579 ) ) ;
#4490 = VERTEX_POINT ( 'NONE', #3123 ) ;
#4491 = CARTESIAN_POINT ( 'NONE',  ( 60.00000000000000000, 62.50000000000000000, -201.9999999999999716 ) ) ;
#4492 = EDGE_LOOP ( 'NONE', ( #657, #103, #363, #3120 ) ) ;
#4493 = ORIENTED_EDGE ( 'NONE', *, *, #5623, .T. ) ;
#4494 = CIRCLE ( 'NONE', #2077, 2.750000000000002665 ) ;
#4495 = DIRECTION ( 'NONE',  ( 1.000000000000000000, 0.000000000000000000, -0.000000000000000000 ) ) ;
#4496 = DIRECTION ( 'NONE',  ( -0.000000000000000000, -0.000000000000000000, 1.000000000000000000 ) ) ;
#4497 = CARTESIAN_POINT ( 'NONE',  ( 15.94999999999996376, 8.500000000000000000, -135.6737434499999893 ) ) ;
#4498 = AXIS2_PLACEMENT_3D ( 'NONE', #1877, #3324, #2507 ) ;
#4499 = DIRECTION ( 'NONE',  ( -0.000000000000000000, 0.4008188340197078037, 0.9161573349021892021 ) ) ;
#4500 = CYLINDRICAL_SURFACE ( 'NONE', #4915, 2.250000000000001776 ) ;
#4501 = VERTEX_POINT ( 'NONE', #1267 ) ;
#4502 = ORIENTED_EDGE ( 'NONE', *, *, #659, .T. ) ;
#4503 = VECTOR ( 'NONE', #5149, 1000.000000000000000 ) ;
#4504 = EDGE_LOOP ( 'NONE', ( #5309, #3838, #2871, #1723 ) ) ;
#4505 = VERTEX_POINT ( 'NONE', #5443 ) ;
#4506 = EDGE_CURVE ( 'NONE', #2549, #2969, #1761, .T. ) ;
#4507 = CYLINDRICAL_SURFACE ( 'NONE', #1283, 1.000000000000000888 ) ;
#4508 = PLANE ( 'NONE',  #2651 ) ;
#4509 = CARTESIAN_POINT ( 'NONE',  ( 80.41421356237310647, 47.08578643762690774, -2.499999999999999556 ) ) ;
#4510 = EDGE_CURVE ( 'NONE', #4835, #2337, #333, .T. ) ;
#4511 = CARTESIAN_POINT ( 'NONE',  ( 0.000000000000000000, 3.500000000000000000, -3.499999999999999556 ) ) ;
#4512 = CARTESIAN_POINT ( 'NONE',  ( 15.95000000000000639, 8.500000000000000000, -32.32374344999999494 ) ) ;
#4513 = CARTESIAN_POINT ( 'NONE',  ( -5.815307244990785662, 12.25499999999999723, -130.0000000000000000 ) ) ;
#4514 = ORIENTED_EDGE ( 'NONE', *, *, #5805, .T. ) ;
#4515 = ORIENTED_EDGE ( 'NONE', *, *, #4419, .F. ) ;
#4516 = CARTESIAN_POINT ( 'NONE',  ( 93.50000000000000000, 47.50000000000000000, -195.4999999999999716 ) ) ;
#4517 = CARTESIAN_POINT ( 'NONE',  ( 97.50000000000000000, 2.500000000000002220, -187.9999999999999432 ) ) ;
#4518 = EDGE_CURVE ( 'NONE', #3060, #6020, #1471, .T. ) ;
#4519 = CARTESIAN_POINT ( 'NONE',  ( -3.130000000000003890, 34.04999999999999716, -130.0000000000000000 ) ) ;
#4520 = DIRECTION ( 'NONE',  ( -0.000000000000000000, -0.000000000000000000, -1.000000000000000000 ) ) ;
#4521 = ORIENTED_EDGE ( 'NONE', *, *, #5456, .F. ) ;
#4522 = ADVANCED_FACE ( 'NONE', ( #2580 ), #4982, .F. ) ;
#4523 = DIRECTION ( 'NONE',  ( -1.000000000000000000, 0.000000000000000000, 0.000000000000000000 ) ) ;
#4524 = VERTEX_POINT ( 'NONE', #5872 ) ;
#4525 = ORIENTED_EDGE ( 'NONE', *, *, #4374, .F. ) ;
#4526 = EDGE_CURVE ( 'NONE', #1504, #5885, #4430, .T. ) ;
#4527 = AXIS2_PLACEMENT_3D ( 'NONE', #2367, #1067, #5722 ) ;
#4528 = LINE ( 'NONE', #2708, #2585 ) ;
#4529 = EDGE_CURVE ( 'NONE', #1665, #399, #3604, .T. ) ;
#4530 = AXIS2_PLACEMENT_3D ( 'NONE', #1113, #556, #5299 ) ;
#4531 = DIRECTION ( 'NONE',  ( 0.000000000000000000, 0.000000000000000000, 1.000000000000000000 ) ) ;
#4532 = CARTESIAN_POINT ( 'NONE',  ( 98.50000000000000000, 46.50000000000000000, -11.50000000000000000 ) ) ;
#4533 = LINE ( 'NONE', #5093, #3266 ) ;
#4534 = LINE ( 'NONE', #2618, #5568 ) ;
#4535 = VECTOR ( 'NONE', #4838, 1000.000000000000000 ) ;
#4536 = VERTEX_POINT ( 'NONE', #5935 ) ;
#4537 = ORIENTED_EDGE ( 'NONE', *, *, #3883, .F. ) ;
#4538 = AXIS2_PLACEMENT_3D ( 'NONE', #2046, #2982, #2466 ) ;
#4539 = VECTOR ( 'NONE', #4317, 1000.000000000000000 ) ;
#4540 = ADVANCED_FACE ( 'NONE', ( #242 ), #3093, .T. ) ;
#4541 = CIRCLE ( 'NONE', #633, 1.400000000000040101 ) ;
#4542 = VERTEX_POINT ( 'NONE', #3949 ) ;
#4543 = ORIENTED_EDGE ( 'NONE', *, *, #1746, .F. ) ;
#4544 = CYLINDRICAL_SURFACE ( 'NONE', #5955, 1.500000000000001332 ) ;
#4545 = CARTESIAN_POINT ( 'NONE',  ( -0.2796474843070537175, 42.05929496861413952, -91.79536294611388314 ) ) ;
#4546 = DIRECTION ( 'NONE',  ( 1.000000000000000000, 0.000000000000000000, 0.000000000000000000 ) ) ;
#4547 = EDGE_CURVE ( 'NONE', #3621, #2938, #1064, .T. ) ;
#4548 = CYLINDRICAL_SURFACE ( 'NONE', #3463, 1.000000000000000888 ) ;
#4549 = CARTESIAN_POINT ( 'NONE',  ( 92.25000000000000000, 8.500000000000000000, -33.82374344848196301 ) ) ;
#4550 = EDGE_LOOP ( 'NONE', ( #4450, #2297, #5394, #760, #2869, #42, #3207, #3172, #3367 ) ) ;
#4551 = LINE ( 'NONE', #2728, #212 ) ;
#4552 = ORIENTED_EDGE ( 'NONE', *, *, #1826, .F. ) ;
#4553 = DIRECTION ( 'NONE',  ( 1.000000000000000000, 0.000000000000000000, -0.000000000000000000 ) ) ;
#4554 = CARTESIAN_POINT ( 'NONE',  ( 10.49999999999999467, 47.50000000000000000, -199.4999999999999716 ) ) ;
#4555 = DIRECTION ( 'NONE',  ( -0.000000000000000000, -1.000000000000000000, -0.000000000000000000 ) ) ;
#4556 = LINE ( 'NONE', #2341, #3753 ) ;
#4557 = EDGE_LOOP ( 'NONE', ( #3987, #4036, #2508, #3709 ) ) ;
#4558 = DIRECTION ( 'NONE',  ( 3.816391647148975608E-14, 0.000000000000000000, -1.000000000000000000 ) ) ;
#4559 = VERTEX_POINT ( 'NONE', #3187 ) ;
#4560 = ORIENTED_EDGE ( 'NONE', *, *, #2517, .T. ) ;
#4561 = PLANE ( 'NONE',  #1922 ) ;
#4562 = DIRECTION ( 'NONE',  ( 0.000000000000000000, 0.000000000000000000, -1.000000000000000000 ) ) ;
#4563 = LINE ( 'NONE', #1374, #5774 ) ;
#4564 = PLANE ( 'NONE',  #5383 ) ;
#4565 = CARTESIAN_POINT ( 'NONE',  ( -3.130000000000003890, 4.509999999999999787, -80.00000000000000000 ) ) ;
#4566 = CYLINDRICAL_SURFACE ( 'NONE', #2016, 1.000000000000000888 ) ;
#4567 = ORIENTED_EDGE ( 'NONE', *, *, #4965, .T. ) ;
#4568 = ORIENTED_EDGE ( 'NONE', *, *, #2227, .F. ) ;
#4569 = ADVANCED_FACE ( 'NONE', ( #453 ), #6051, .T. ) ;
#4570 = EDGE_CURVE ( 'NONE', #4536, #3574, #45, .T. ) ;
#4571 = VERTEX_POINT ( 'NONE', #2820 ) ;
#4572 = EDGE_LOOP ( 'NONE', ( #1254, #2129, #668, #3927 ) ) ;
#4573 = AXIS2_PLACEMENT_3D ( 'NONE', #5567, #5110, #919 ) ;
#4574 = FILL_AREA_STYLE ('',( #2723 ) ) ;
#4575 = DIRECTION ( 'NONE',  ( 0.000000000000000000, 0.000000000000000000, 1.000000000000000000 ) ) ;
#4576 = PLANE ( 'NONE',  #2692 ) ;
#4577 = CARTESIAN_POINT ( 'NONE',  ( 15.94999999999996376, 2.500000000000000444, -137.1737434499999893 ) ) ;
#4578 = EDGE_LOOP ( 'NONE', ( #1319, #1797 ) ) ;
#4579 = DIRECTION ( 'NONE',  ( 0.000000000000000000, 0.000000000000000000, -1.000000000000000000 ) ) ;
#4580 = ORIENTED_EDGE ( 'NONE', *, *, #3783, .T. ) ;
#4581 = CARTESIAN_POINT ( 'NONE',  ( 92.25000000000000000, 8.500000000000000000, -31.07374344848195236 ) ) ;
#4582 = CARTESIAN_POINT ( 'NONE',  ( 15.94999999999996376, 3.499999999999999556, -131.9237434499999893 ) ) ;
#4583 = CIRCLE ( 'NONE', #2264, 1.400000000000002798 ) ;
#4584 = DIRECTION ( 'NONE',  ( 0.000000000000000000, 0.000000000000000000, 1.000000000000000000 ) ) ;
#4585 = ADVANCED_FACE ( 'NONE', ( #4643 ), #1827, .F. ) ;
#4586 = LINE ( 'NONE', #976, #1123 ) ;
#4587 = EDGE_LOOP ( 'NONE', ( #5867, #2472, #2030, #3222 ) ) ;
#4588 = DIRECTION ( 'NONE',  ( 1.000000000000000000, 0.000000000000000000, 0.000000000000000000 ) ) ;
#4589 = CARTESIAN_POINT ( 'NONE',  ( 98.50000000000000000, 7.999999999999998224, -90.56374344848194369 ) ) ;
#4590 = EDGE_LOOP ( 'NONE', ( #4206, #4926 ) ) ;
#4591 = CARTESIAN_POINT ( 'NONE',  ( 92.25000000000000000, 3.499999999999999556, -31.07374344848195236 ) ) ;
#4592 = CIRCLE ( 'NONE', #5025, 1.000000000000000888 ) ;
#4593 = DIRECTION ( 'NONE',  ( 1.000000000000000000, 0.000000000000000000, -6.895795184007186635E-16 ) ) ;
#4594 = DIRECTION ( 'NONE',  ( 0.000000000000000000, 1.000000000000000000, 0.000000000000000000 ) ) ;
#4595 = AXIS2_PLACEMENT_3D ( 'NONE', #1813, #5497, #4060 ) ;
#4596 = CARTESIAN_POINT ( 'NONE',  ( 9.499999999999998224, 47.50000000000000000, -192.4999999999999716 ) ) ;
#4597 = EDGE_CURVE ( 'NONE', #469, #5948, #5140, .T. ) ;
#4598 = ORIENTED_EDGE ( 'NONE', *, *, #1678, .F. ) ;
#4599 = VERTEX_POINT ( 'NONE', #2281 ) ;
#4600 = VECTOR ( 'NONE', #2529, 1000.000000000000000 ) ;
#4601 = EDGE_CURVE ( 'NONE', #318, #5049, #5171, .T. ) ;
#4602 = EDGE_CURVE ( 'NONE', #5406, #2850, #3804, .T. ) ;
#4603 = ORIENTED_EDGE ( 'NONE', *, *, #3637, .F. ) ;
#4604 = ADVANCED_FACE ( 'NONE', ( #3245, #3703 ), #481, .T. ) ;
#4605 = ADVANCED_FACE ( 'NONE', ( #5507 ), #4871, .T. ) ;
#4606 = CARTESIAN_POINT ( 'NONE',  ( 3.499999999999995115, 46.50000000000000000, -192.4999999999999716 ) ) ;
#4607 = APPLICATION_PROTOCOL_DEFINITION ( 'draft international standard', 'automotive_design', 1998, #1444 ) ;
#4608 = DIRECTION ( 'NONE',  ( 0.000000000000000000, 1.000000000000000000, 0.000000000000000000 ) ) ;
#4609 = CARTESIAN_POINT ( 'NONE',  ( 0.000000000000000000, 8.500000000000000000, 0.000000000000000000 ) ) ;
#4610 = EDGE_LOOP ( 'NONE', ( #130, #131 ) ) ;
#4611 = CARTESIAN_POINT ( 'NONE',  ( 3.500000000000016875, 46.50000000000000000, -11.50000000000003730 ) ) ;
#4612 = ORIENTED_EDGE ( 'NONE', *, *, #1171, .F. ) ;
#4613 = DIRECTION ( 'NONE',  ( -0.000000000000000000, -1.000000000000000000, -0.000000000000000000 ) ) ;
#4614 = CARTESIAN_POINT ( 'NONE',  ( 88.50000000000000000, 46.50000000000000000, -3.499999999999999556 ) ) ;
#4615 = CYLINDRICAL_SURFACE ( 'NONE', #1815, 1.000000000000000888 ) ;
#4616 = EDGE_LOOP ( 'NONE', ( #1742, #3455, #1587 ) ) ;
#4617 =( BOUNDED_CURVE ( )  B_SPLINE_CURVE ( 3, ( #2856, #2291, #5064, #4134 ),
 .UNSPECIFIED., .F., .F. ) 
 B_SPLINE_CURVE_WITH_KNOTS ( ( 4, 4 ),
 ( 4.712388980384689674, 6.283185307179586232 ),
 .UNSPECIFIED. ) 
 CURVE ( )  GEOMETRIC_REPRESENTATION_ITEM ( )  RATIONAL_B_SPLINE_CURVE ( ( 1.000000000000000000, 0.8047378541243649375, 0.8047378541243649375, 1.000000000000000000 ) ) 
 REPRESENTATION_ITEM ( '' )  );
#4618 = CARTESIAN_POINT ( 'NONE',  ( 10.49999999999999645, 3.500000000000000000, -192.4999999999999716 ) ) ;
#4619 = VERTEX_POINT ( 'NONE', #1885 ) ;
#4620 = VERTEX_POINT ( 'NONE', #4581 ) ;
#4621 = CYLINDRICAL_SURFACE ( 'NONE', #1012, 2.250000000000001776 ) ;
#4622 = PRODUCT ( 'motherboard_case_bottom v2', 'motherboard_case_bottom v2', '', ( #5985 ) ) ;
#4623 = CARTESIAN_POINT ( 'NONE',  ( 3.499999999999995115, 47.50000000000000000, -192.4999999999999716 ) ) ;
#4624 = DIRECTION ( 'NONE',  ( -0.000000000000000000, 1.000000000000000000, 0.000000000000000000 ) ) ;
#4625 = CARTESIAN_POINT ( 'NONE',  ( -39.24999999999999289, 47.50000000000000000, -200.9999999999999716 ) ) ;
#4626 = CARTESIAN_POINT ( 'NONE',  ( 0.9999999999999947820, 41.26393202250023506, -200.9999999999999716 ) ) ;
#4627 = DIRECTION ( 'NONE',  ( -1.000000000000000000, 0.000000000000000000, 0.000000000000000000 ) ) ;
#4628 = LINE ( 'NONE', #5553, #1824 ) ;
#4629 = VECTOR ( 'NONE', #2947, 1000.000000000000000 ) ;
#4630 = EDGE_LOOP ( 'NONE', ( #1969, #2333 ) ) ;
#4631 = VECTOR ( 'NONE', #3291, 1000.000000000000000 ) ;
#4632 = EDGE_CURVE ( 'NONE', #3426, #3111, #379, .T. ) ;
#4633 = ORIENTED_EDGE ( 'NONE', *, *, #815, .T. ) ;
#4634 = ORIENTED_EDGE ( 'NONE', *, *, #2885, .T. ) ;
#4635 = VECTOR ( 'NONE', #2882, 1000.000000000000000 ) ;
#4636 = VECTOR ( 'NONE', #69, 1000.000000000000000 ) ;
#4637 = ADVANCED_FACE ( 'NONE', ( #421 ), #861, .T. ) ;
#4638 = CARTESIAN_POINT ( 'NONE',  ( 97.50000000000000000, 7.000000000000000000, -51.47374344848196159 ) ) ;
#4639 =( NAMED_UNIT ( * ) SI_UNIT ( $, .STERADIAN. ) SOLID_ANGLE_UNIT ( ) );
#4640 = FACE_BOUND ( 'NONE', #5249, .T. ) ;
#4641 = VERTEX_POINT ( 'NONE', #5630 ) ;
#4642 = EDGE_LOOP ( 'NONE', ( #1819, #3869, #2721, #286 ) ) ;
#4643 = FACE_OUTER_BOUND ( 'NONE', #2204, .T. ) ;
#4644 = CARTESIAN_POINT ( 'NONE',  ( -3.130000000000003002, 26.49999999999999645, -130.0000000000000000 ) ) ;
#4645 = CARTESIAN_POINT ( 'NONE',  ( 93.50000000000000000, 37.50000000000000000, -6.500000000000000000 ) ) ;
#4646 = ORIENTED_EDGE ( 'NONE', *, *, #1202, .F. ) ;
#4647 = DIRECTION ( 'NONE',  ( 0.000000000000000000, 0.000000000000000000, 1.000000000000000000 ) ) ;
#4648 = VERTEX_POINT ( 'NONE', #1856 ) ;
#4649 = CARTESIAN_POINT ( 'NONE',  ( 89.50000000000001421, 3.500000000000000000, -9.500000000000001776 ) ) ;
#4650 = EDGE_CURVE ( 'NONE', #2938, #3621, #3799, .T. ) ;
#4651 = FACE_BOUND ( 'NONE', #2425, .T. ) ;
#4652 = LINE ( 'NONE', #460, #1784 ) ;
#4653 = DIRECTION ( 'NONE',  ( 0.000000000000000000, 0.000000000000000000, 1.000000000000000000 ) ) ;
#4654 = FACE_OUTER_BOUND ( 'NONE', #4884, .T. ) ;
#4655 =( BOUNDED_CURVE ( )  B_SPLINE_CURVE ( 3, ( #1415, #4545, #5588, #4971 ),
 .UNSPECIFIED., .F., .F. ) 
 B_SPLINE_CURVE_WITH_KNOTS ( ( 4, 4 ),
 ( 3.605240262590581501, 4.712388980384689674 ),
 .UNSPECIFIED. ) 
 CURVE ( )  GEOMETRIC_REPRESENTATION_ITEM ( )  RATIONAL_B_SPLINE_CURVE ( ( 1.000000000000000000, 0.9004338722346902912, 0.9004338722346902912, 1.000000000000000000 ) ) 
 REPRESENTATION_ITEM ( '' )  );
#4656 = DIRECTION ( 'NONE',  ( 0.000000000000000000, 0.000000000000000000, -1.000000000000000000 ) ) ;
#4657 = DIRECTION ( 'NONE',  ( 0.000000000000000000, 0.000000000000000000, 1.000000000000000000 ) ) ;
#4658 = DIRECTION ( 'NONE',  ( -0.000000000000000000, -1.000000000000000000, -0.000000000000000000 ) ) ;
#4659 = EDGE_CURVE ( 'NONE', #425, #458, #2365, .T. ) ;
#4660 = EDGE_LOOP ( 'NONE', ( #1890, #3089, #3264, #3019 ) ) ;
#4661 = ORIENTED_EDGE ( 'NONE', *, *, #719, .F. ) ;
#4662 = ORIENTED_EDGE ( 'NONE', *, *, #656, .F. ) ;
#4663 = CARTESIAN_POINT ( 'NONE',  ( 0.000000000000000000, 47.50000000000000000, 0.000000000000000000 ) ) ;
#4664 = CYLINDRICAL_SURFACE ( 'NONE', #3665, 1.000000000000000000 ) ;
#4665 = DIRECTION ( 'NONE',  ( 0.000000000000000000, 1.000000000000000000, 0.000000000000000000 ) ) ;
#4666 = ORIENTED_EDGE ( 'NONE', *, *, #2006, .F. ) ;
#4667 = ORIENTED_EDGE ( 'NONE', *, *, #6003, .F. ) ;
#4668 = CARTESIAN_POINT ( 'NONE',  ( 0.000000000000000000, 8.500000000000000000, 0.000000000000000000 ) ) ;
#4669 = CARTESIAN_POINT ( 'NONE',  ( -3.130000000000003002, 26.49999999999999645, -130.0000000000000000 ) ) ;
#4670 = CARTESIAN_POINT ( 'NONE',  ( 10.91421356237309048, 2.500000000000000000, -10.91421356237309581 ) ) ;
#4671 = AXIS2_PLACEMENT_3D ( 'NONE', #1075, #2944, #3826 ) ;
#4672 = ORIENTED_EDGE ( 'NONE', *, *, #3342, .F. ) ;
#4673 = EDGE_CURVE ( 'NONE', #4285, #5335, #1452, .T. ) ;
#4674 = CARTESIAN_POINT ( 'NONE',  ( -2.036780992266124193E-15, 13.06000000000000227, -79.00000000000000000 ) ) ;
#4675 = ORIENTED_EDGE ( 'NONE', *, *, #1561, .T. ) ;
#4676 = EDGE_CURVE ( 'NONE', #5102, #1505, #3304, .T. ) ;
#4677 = CARTESIAN_POINT ( 'NONE',  ( 90.00000000000000000, 35.00000000000000000, -210.0000000000000000 ) ) ;
#4678 = VECTOR ( 'NONE', #5287, 1000.000000000000000 ) ;
#4679 = LINE ( 'NONE', #2375, #2659 ) ;
#4680 = CARTESIAN_POINT ( 'NONE',  ( 2.499999999999995115, 3.500000000000000000, -190.4999999999999716 ) ) ;
#4681 = CARTESIAN_POINT ( 'NONE',  ( -1.000000000000005329, 41.00000000000000000, -199.5000000000000000 ) ) ;
#4682 = LINE ( 'NONE', #2715, #3844 ) ;
#4683 = LINE ( 'NONE', #2861, #3859 ) ;
#4684 = ORIENTED_EDGE ( 'NONE', *, *, #5503, .T. ) ;
#4685 = AXIS2_PLACEMENT_3D ( 'NONE', #4014, #5977, #746 ) ;
#4686 = EDGE_CURVE ( 'NONE', #1882, #3603, #5255, .T. ) ;
#4687 = AXIS2_PLACEMENT_3D ( 'NONE', #1725, #791, #5345 ) ;
#4688 = CARTESIAN_POINT ( 'NONE',  ( 60.00000000000000711, 1.000000000000000888, -201.9999999999999716 ) ) ;
#4689 = ORIENTED_EDGE ( 'NONE', *, *, #1660, .T. ) ;
#4690 = EDGE_LOOP ( 'NONE', ( #3428, #868 ) ) ;
#4691 = VERTEX_POINT ( 'NONE', #4788 ) ;
#4692 = AXIS2_PLACEMENT_3D ( 'NONE', #5975, #844, #2290 ) ;
#4693 = ADVANCED_FACE ( 'NONE', ( #5227 ), #3817, .F. ) ;
#4694 = AXIS2_PLACEMENT_3D ( 'NONE', #1443, #608, #870 ) ;
#4695 = CARTESIAN_POINT ( 'NONE',  ( -5.815307244990785662, 26.30500000000000327, -130.0000000000000000 ) ) ;
#4696 = ORIENTED_EDGE ( 'NONE', *, *, #656, .T. ) ;
#4697 = EDGE_CURVE ( 'NONE', #3330, #3108, #201, .T. ) ;
#4698 = VERTEX_POINT ( 'NONE', #1038 ) ;
#4699 = CARTESIAN_POINT ( 'NONE',  ( 19.00000000000000355, 47.50000000000000000, -1.499999999999999556 ) ) ;
#4700 = DIRECTION ( 'NONE',  ( -0.000000000000000000, 1.000000000000000000, -0.000000000000000000 ) ) ;
#4702 = DIRECTION ( 'NONE',  ( -0.000000000000000000, 1.000000000000000000, -0.000000000000000000 ) ) ;
#4701 = AXIS2_PLACEMENT_3D ( 'NONE', #952, #3282, #1834 ) ;
#4703 = ORIENTED_EDGE ( 'NONE', *, *, #1341, .T. ) ;
#4704 = DIRECTION ( 'NONE',  ( 0.000000000000000000, 0.000000000000000000, -1.000000000000000000 ) ) ;
#4705 = ORIENTED_EDGE ( 'NONE', *, *, #2629, .T. ) ;
#4706 = CARTESIAN_POINT ( 'NONE',  ( 20.00000000000000355, 7.500000000000000000, -10.00000000000000000 ) ) ;
#4707 = DIRECTION ( 'NONE',  ( -0.000000000000000000, -1.000000000000000000, -0.000000000000000000 ) ) ;
#4708 = EDGE_CURVE ( 'NONE', #779, #4091, #2875, .T. ) ;
#4709 = DIRECTION ( 'NONE',  ( -8.673617379884028570E-16, 0.000000000000000000, -1.000000000000000000 ) ) ;
#4710 = DIRECTION ( 'NONE',  ( 0.000000000000000000, 0.000000000000000000, -1.000000000000000000 ) ) ;
#4711 = EDGE_CURVE ( 'NONE', #652, #1151, #599, .T. ) ;
#4712 = CYLINDRICAL_SURFACE ( 'NONE', #3948, 1.000000000000000888 ) ;
#4713 = FACE_OUTER_BOUND ( 'NONE', #5616, .T. ) ;
#4714 = ADVANCED_FACE ( 'NONE', ( #5318 ), #1180, .F. ) ;
#4715 = CARTESIAN_POINT ( 'NONE',  ( 60.00000000000000000, 47.50000000000000000, -201.9999999999999716 ) ) ;
#4716 = EDGE_CURVE ( 'NONE', #3118, #910, #5196, .T. ) ;
#4717 = ADVANCED_FACE ( 'NONE', ( #4269 ), #5656, .T. ) ;
#4718 = VECTOR ( 'NONE', #743, 1000.000000000000000 ) ;
#4719 = CARTESIAN_POINT ( 'NONE',  ( 100.0000000000000000, 12.69999999999999574, -71.74374344848196472 ) ) ;
#4720 = VERTEX_POINT ( 'NONE', #110 ) ;
#4721 = ORIENTED_EDGE ( 'NONE', *, *, #4320, .F. ) ;
#4722 = CIRCLE ( 'NONE', #1221, 1.400000000000040101 ) ;
#4723 = AXIS2_PLACEMENT_3D ( 'NONE', #5994, #1830, #1366 ) ;
#4724 = AXIS2_PLACEMENT_3D ( 'NONE', #2610, #4555, #304 ) ;
#4725 = EDGE_CURVE ( 'NONE', #215, #4018, #82, .T. ) ;
#4726 = FACE_OUTER_BOUND ( 'NONE', #1008, .T. ) ;
#4727 = VECTOR ( 'NONE', #2777, 1000.000000000000000 ) ;
#4728 = TOROIDAL_SURFACE ( 'NONE', #2115, 3.750000000000008882, 1.000000000000000000 ) ;
#4729 = DIRECTION ( 'NONE',  ( -0.000000000000000000, 1.000000000000000000, -0.000000000000000000 ) ) ;
#4730 = AXIS2_PLACEMENT_3D ( 'NONE', #4614, #5541, #6053 ) ;
#4731 = ORIENTED_EDGE ( 'NONE', *, *, #5205, .T. ) ;
#4732 = VERTEX_POINT ( 'NONE', #1948 ) ;
#4733 = AXIS2_PLACEMENT_3D ( 'NONE', #2950, #124, #3500 ) ;
#4734 = AXIS2_PLACEMENT_3D ( 'NONE', #343, #1311, #3594 ) ;
#4735 = EDGE_CURVE ( 'NONE', #4021, #1588, #1973, .T. ) ;
#4736 = DIRECTION ( 'NONE',  ( 0.000000000000000000, 1.000000000000000000, -0.000000000000000000 ) ) ;
#4737 = CARTESIAN_POINT ( 'NONE',  ( 100.0000000000000000, 1.000000000000000888, -209.0000000000000000 ) ) ;
#4738 = CARTESIAN_POINT ( 'NONE',  ( 100.0000000000000000, 1.000000000000000888, -210.0000000000000000 ) ) ;
#4739 = ORIENTED_EDGE ( 'NONE', *, *, #834, .T. ) ;
#4740 = DIRECTION ( 'NONE',  ( 0.000000000000000000, 0.000000000000000000, 1.000000000000000000 ) ) ;
#4741 = ORIENTED_EDGE ( 'NONE', *, *, #4935, .T. ) ;
#4742 = LINE ( 'NONE', #2486, #5317 ) ;
#4743 = DIRECTION ( 'NONE',  ( 0.000000000000000000, 0.000000000000000000, 1.000000000000000000 ) ) ;
#4744 = LINE ( 'NONE', #2886, #1275 ) ;
#4745 = DIRECTION ( 'NONE',  ( -0.000000000000000000, -0.000000000000000000, 1.000000000000000000 ) ) ;
#4746 = DIRECTION ( 'NONE',  ( -1.000000000000000000, 0.000000000000000000, 0.000000000000000000 ) ) ;
#4747 = DIRECTION ( 'NONE',  ( -0.000000000000000000, -1.000000000000000000, -0.000000000000000000 ) ) ;
#4748 = DIRECTION ( 'NONE',  ( 0.000000000000000000, 0.000000000000000000, 1.000000000000000000 ) ) ;
#4749 = DIRECTION ( 'NONE',  ( -6.505213034913020688E-16, 0.000000000000000000, -1.000000000000000000 ) ) ;
#4750 = DIRECTION ( 'NONE',  ( 4.358601698434187676E-16, 1.000000000000000000, 0.000000000000000000 ) ) ;
#4751 = ORIENTED_EDGE ( 'NONE', *, *, #2963, .F. ) ;
#4752 = ORIENTED_EDGE ( 'NONE', *, *, #4468, .F. ) ;
#4753 = AXIS2_PLACEMENT_3D ( 'NONE', #5508, #5474, #3188 ) ;
#4754 = CARTESIAN_POINT ( 'NONE',  ( 0.9999999999999947820, 41.00000000000000000, -201.9999999999999716 ) ) ;
#4755 = VERTEX_POINT ( 'NONE', #3910 ) ;
#4756 = VERTEX_POINT ( 'NONE', #634 ) ;
#4757 = FACE_OUTER_BOUND ( 'NONE', #4213, .T. ) ;
#4758 = CARTESIAN_POINT ( 'NONE',  ( 10.49999999999999467, 2.914213562373094479, -10.49999999999999822 ) ) ;
#4759 = ORIENTED_EDGE ( 'NONE', *, *, #5555, .T. ) ;
#4760 = DIRECTION ( 'NONE',  ( -1.000000000000000000, -0.000000000000000000, -0.000000000000000000 ) ) ;
#4761 = ORIENTED_EDGE ( 'NONE', *, *, #3171, .T. ) ;
#4762 = DIRECTION ( 'NONE',  ( -1.000000000000000000, 0.000000000000000000, -0.000000000000000000 ) ) ;
#4763 = CARTESIAN_POINT ( 'NONE',  ( 100.0000000000000000, 1.000000000000000888, -210.0000000000000000 ) ) ;
#4764 = DIRECTION ( 'NONE',  ( 0.000000000000000000, 0.000000000000000000, 1.000000000000000000 ) ) ;
#4765 = CARTESIAN_POINT ( 'NONE',  ( 0.9999999999999947820, 1.000000000000000000, -198.5000000000000000 ) ) ;
#4766 = CIRCLE ( 'NONE', #4471, 1.500000000000001332 ) ;
#4767 = LINE ( 'NONE', #4799, #920 ) ;
#4768 = DIRECTION ( 'NONE',  ( 0.000000000000000000, 0.000000000000000000, 1.000000000000000000 ) ) ;
#4769 = DIRECTION ( 'NONE',  ( 0.000000000000000000, -0.000000000000000000, 1.000000000000000000 ) ) ;
#4770 = FACE_OUTER_BOUND ( 'NONE', #4165, .T. ) ;
#4771 = AXIS2_PLACEMENT_3D ( 'NONE', #5927, #3605, #4849 ) ;
#4772 = DIRECTION ( 'NONE',  ( 0.000000000000000000, -1.000000000000000000, 0.000000000000000000 ) ) ;
#4773 = CARTESIAN_POINT ( 'NONE',  ( 11.49999999999999645, 46.50000000000000000, -3.499999999999999556 ) ) ;
#4774 = EDGE_CURVE ( 'NONE', #3130, #1595, #2032, .T. ) ;
#4775 = ORIENTED_EDGE ( 'NONE', *, *, #761, .T. ) ;
#4776 = ORIENTED_EDGE ( 'NONE', *, *, #89, .T. ) ;
#4777 = ORIENTED_EDGE ( 'NONE', *, *, #1418, .F. ) ;
#4778 = CARTESIAN_POINT ( 'NONE',  ( -3.377446961859016831E-15, 33.06000000000000227, -131.0000000000000000 ) ) ;
#4779 = VECTOR ( 'NONE', #5074, 1000.000000000000000 ) ;
#4780 = EDGE_CURVE ( 'NONE', #3258, #5820, #2443, .T. ) ;
#4781 = ADVANCED_FACE ( 'NONE', ( #3788 ), #569, .T. ) ;
#4782 = ADVANCED_FACE ( 'NONE', ( #2395 ), #3393, .T. ) ;
#4783 = AXIS2_PLACEMENT_3D ( 'NONE', #404, #1738, #5451 ) ;
#4784 = EDGE_LOOP ( 'NONE', ( #5835, #749, #3878, #1673 ) ) ;
#4785 = EDGE_CURVE ( 'NONE', #3511, #3309, #4583, .T. ) ;
#4786 = EDGE_LOOP ( 'NONE', ( #5627, #2704, #563, #3778 ) ) ;
#4787 = VECTOR ( 'NONE', #5704, 1000.000000000000000 ) ;
#4788 = CARTESIAN_POINT ( 'NONE',  ( -1.000000000000005773, 1.000000000000000888, -199.5000000000000000 ) ) ;
#4789 = CARTESIAN_POINT ( 'NONE',  ( -2.036780992266124193E-15, 47.50000000000000000, -79.00000000000000000 ) ) ;
#4790 = VERTEX_POINT ( 'NONE', #2177 ) ;
#4791 = FACE_OUTER_BOUND ( 'NONE', #1500, .T. ) ;
#4792 = ORIENTED_EDGE ( 'NONE', *, *, #1255, .F. ) ;
#4793 = AXIS2_PLACEMENT_3D ( 'NONE', #1462, #3312, #5697 ) ;
#4794 = CARTESIAN_POINT ( 'NONE',  ( -3.130000000000003002, 6.500000000000000888, -80.00000000000000000 ) ) ;
#4795 = LINE ( 'NONE', #5752, #5972 ) ;
#4796 = CARTESIAN_POINT ( 'NONE',  ( -5.143516556418884111E-15, 13.06000000000000227, -199.5000000000000000 ) ) ;
#4797 = FACE_OUTER_BOUND ( 'NONE', #1385, .T. ) ;
#4798 = EDGE_CURVE ( 'NONE', #1848, #3446, #5813, .T. ) ;
#4799 = CARTESIAN_POINT ( 'NONE',  ( -5.204170427930421283E-15, 41.00000000000000000, -199.5000000000000000 ) ) ;
#4800 = DIRECTION ( 'NONE',  ( 0.000000000000000000, 0.000000000000000000, -1.000000000000000000 ) ) ;
#4801 = CARTESIAN_POINT ( 'NONE',  ( 15.95000000000000639, 8.500000000000000000, -36.57374345000000204 ) ) ;
#4802 = DIRECTION ( 'NONE',  ( 0.000000000000000000, 0.000000000000000000, 1.000000000000000000 ) ) ;
#4803 = VERTEX_POINT ( 'NONE', #3025 ) ;
#4804 = AXIS2_PLACEMENT_3D ( 'NONE', #4611, #3147, #5010 ) ;
#4805 = CARTESIAN_POINT ( 'NONE',  ( 93.50000000000000000, 37.50000000000000000, -6.500000000000000000 ) ) ;
#4806 = DIRECTION ( 'NONE',  ( 0.000000000000000000, 0.000000000000000000, 1.000000000000000000 ) ) ;
#4807 = ORIENTED_EDGE ( 'NONE', *, *, #4780, .F. ) ;
#4808 = ORIENTED_EDGE ( 'NONE', *, *, #4270, .F. ) ;
#4809 = ORIENTED_EDGE ( 'NONE', *, *, #1935, .F. ) ;
#4810 = DIRECTION ( 'NONE',  ( 0.000000000000000000, 1.000000000000000000, 0.000000000000000000 ) ) ;
#4811 = ADVANCED_FACE ( 'NONE', ( #4059 ), #3083, .T. ) ;
#4812 = ORIENTED_EDGE ( 'NONE', *, *, #2579, .F. ) ;
#4813 = CIRCLE ( 'NONE', #2393, 2.000000000000000000 ) ;
#4814 = ORIENTED_EDGE ( 'NONE', *, *, #5608, .F. ) ;
#4815 = AXIS2_PLACEMENT_3D ( 'NONE', #4831, #4342, #2917 ) ;
#4816 = PRODUCT_DEFINITION_CONTEXT ( 'detailed design', #1444, 'design' ) ;
#4817 = AXIS2_PLACEMENT_3D ( 'NONE', #84, #1950, #1483 ) ;
#4818 = DIRECTION ( 'NONE',  ( -2.578203787678638882E-17, 5.156407575357511341E-17, -1.000000000000000000 ) ) ;
#4819 = VECTOR ( 'NONE', #4700, 1000.000000000000000 ) ;
#4820 = CYLINDRICAL_SURFACE ( 'NONE', #5714, 2.249999999999998668 ) ;
#4821 = DIRECTION ( 'NONE',  ( 0.000000000000000000, -3.469446951953616654E-16, -1.000000000000000000 ) ) ;
#4822 = EDGE_LOOP ( 'NONE', ( #3767, #962, #4321, #1081 ) ) ;
#4823 = LINE ( 'NONE', #1042, #1410 ) ;
#4824 = EDGE_LOOP ( 'NONE', ( #767, #2345, #603, #4315 ) ) ;
#4825 = AXIS2_PLACEMENT_3D ( 'NONE', #1695, #4073, #766 ) ;
#4826 = TOROIDAL_SURFACE ( 'NONE', #5523, 2.000000000000000000, 1.000000000000000000 ) ;
#4827 = CARTESIAN_POINT ( 'NONE',  ( 60.00000000000000711, 1.000000000000000888, -201.9999999999999716 ) ) ;
#4828 = CARTESIAN_POINT ( 'NONE',  ( 98.50000000000000000, 13.69999999999999751, -71.74374344848196472 ) ) ;
#4829 = CARTESIAN_POINT ( 'NONE',  ( 90.00000000000000000, 35.00000000000000000, -201.9999999999999716 ) ) ;
#4830 = AXIS2_PLACEMENT_3D ( 'NONE', #4889, #4371, #245 ) ;
#4831 = CARTESIAN_POINT ( 'NONE',  ( 15.95000000000000639, 8.500000000000000000, -33.82374345000000204 ) ) ;
#4832 = LINE ( 'NONE', #5240, #288 ) ;
#4833 = CARTESIAN_POINT ( 'NONE',  ( 10.49999999999999467, 3.500000000000000000, -199.4999999999999716 ) ) ;
#4834 = LINE ( 'NONE', #3953, #1929 ) ;
#4835 = VERTEX_POINT ( 'NONE', #1750 ) ;
#4836 = EDGE_CURVE ( 'NONE', #4207, #3472, #1652, .T. ) ;
#4837 = AXIS2_PLACEMENT_3D ( 'NONE', #4765, #705, #4399 ) ;
#4838 = DIRECTION ( 'NONE',  ( 1.000000000000000000, -0.000000000000000000, 0.000000000000000000 ) ) ;
#4839 = CARTESIAN_POINT ( 'NONE',  ( 15.94999999999996376, 8.500000000000000000, -134.1737434499999893 ) ) ;
#4840 = LINE ( 'NONE', #587, #3339 ) ;
#4841 = CARTESIAN_POINT ( 'NONE',  ( 100.0000000000000000, 7.999999999999998224, -67.47374344848196870 ) ) ;
#4842 = SPHERICAL_SURFACE ( 'NONE', #843, 1.000000000000000000 ) ;
#4843 = EDGE_LOOP ( 'NONE', ( #4731, #5716 ) ) ;
#4844 = VERTEX_POINT ( 'NONE', #230 ) ;
#4845 = CARTESIAN_POINT ( 'NONE',  ( 19.00000000000000355, 46.50000000000000000, -2.500000000000000000 ) ) ;
#4846 = EDGE_CURVE ( 'NONE', #162, #2419, #5857, .T. ) ;
#4847 = ORIENTED_EDGE ( 'NONE', *, *, #597, .F. ) ;
#4848 = VERTEX_POINT ( 'NONE', #4024 ) ;
#4849 = DIRECTION ( 'NONE',  ( -1.000000000000000000, 0.000000000000000000, 0.000000000000000000 ) ) ;
#4850 = CYLINDRICAL_SURFACE ( 'NONE', #5612, 1.000000000000000888 ) ;
#4851 = CARTESIAN_POINT ( 'NONE',  ( 0.000000000000000000, 47.50000000000000000, 0.000000000000000000 ) ) ;
#4852 = CARTESIAN_POINT ( 'NONE',  ( 98.50000000000000000, 12.69999999999999574, -88.04374344848194767 ) ) ;
#4853 = EDGE_LOOP ( 'NONE', ( #4176, #4662, #3420, #2051 ) ) ;
#4854 = FACE_OUTER_BOUND ( 'NONE', #739, .T. ) ;
#4855 = VERTEX_POINT ( 'NONE', #2628 ) ;
#4856 = CARTESIAN_POINT ( 'NONE',  ( -1.000000000000005329, 39.00000000000000000, -201.9999999999999716 ) ) ;
#4857 = ADVANCED_FACE ( 'NONE', ( #2997 ), #5891, .F. ) ;
#4858 = CARTESIAN_POINT ( 'NONE',  ( 15.95000000000000639, 2.500000000000000444, -33.82374345000000204 ) ) ;
#4859 = FACE_OUTER_BOUND ( 'NONE', #5609, .T. ) ;
#4860 = EDGE_CURVE ( 'NONE', #1978, #6030, #3225, .T. ) ;
#4861 = CARTESIAN_POINT ( 'NONE',  ( 98.50000000000000000, 12.69999999999999574, -88.04374344848194767 ) ) ;
#4862 = CARTESIAN_POINT ( 'NONE',  ( 97.50000000000000000, 26.59999999999999787, -101.5637434484819437 ) ) ;
#4863 = EDGE_CURVE ( 'NONE', #5102, #4648, #2739, .T. ) ;
#4864 = DIRECTION ( 'NONE',  ( 0.000000000000000000, -0.000000000000000000, 1.000000000000000000 ) ) ;
#4865 = EDGE_CURVE ( 'NONE', #5039, #1697, #3806, .T. ) ;
#4866 = CARTESIAN_POINT ( 'NONE',  ( -40.25000000000000000, 47.50000000000000000, -201.9999999999999716 ) ) ;
#4867 = FACE_OUTER_BOUND ( 'NONE', #2024, .T. ) ;
#4868 = DIRECTION ( 'NONE',  ( 0.000000000000000000, 1.000000000000000000, 0.000000000000000000 ) ) ;
#4869 = ORIENTED_EDGE ( 'NONE', *, *, #834, .F. ) ;
#4870 = ORIENTED_EDGE ( 'NONE', *, *, #3919, .T. ) ;
#4871 = TOROIDAL_SURFACE ( 'NONE', #5659, 2.000000000000000000, 1.000000000000000000 ) ;
#4872 = CARTESIAN_POINT ( 'NONE',  ( -1.000000000000003553, 32.05999999999999517, -130.0000000000000000 ) ) ;
#4873 = EDGE_CURVE ( 'NONE', #2263, #3901, #782, .T. ) ;
#4874 = AXIS2_PLACEMENT_3D ( 'NONE', #56, #1136, #545 ) ;
#4875 = EDGE_LOOP ( 'NONE', ( #4386, #5688, #4603, #1788, #80, #184, #4392, #4552 ) ) ;
#4876 = ORIENTED_EDGE ( 'NONE', *, *, #4415, .F. ) ;
#4877 = AXIS2_PLACEMENT_3D ( 'NONE', #3255, #523, #5180 ) ;
#4878 = DIRECTION ( 'NONE',  ( 0.000000000000000000, 0.000000000000000000, -1.000000000000000000 ) ) ;
#4879 = DIRECTION ( 'NONE',  ( -0.000000000000000000, -0.000000000000000000, 1.000000000000000000 ) ) ;
#4880 = FACE_OUTER_BOUND ( 'NONE', #2654, .T. ) ;
#4881 = SPHERICAL_SURFACE ( 'NONE', #2699, 1.000000000000000000 ) ;
#4882 = ORIENTED_EDGE ( 'NONE', *, *, #2935, .T. ) ;
#4883 = FACE_OUTER_BOUND ( 'NONE', #4875, .T. ) ;
#4884 = EDGE_LOOP ( 'NONE', ( #5416, #4901, #1759, #5455 ) ) ;
#4885 = CIRCLE ( 'NONE', #3534, 1.000000000000000888 ) ;
#4886 = LINE ( 'NONE', #2700, #877 ) ;
#4887 = CARTESIAN_POINT ( 'NONE',  ( 10.49999999999999645, 46.50000000000000000, -192.4999999999999716 ) ) ;
#4888 = CARTESIAN_POINT ( 'NONE',  ( -40.24999999999999289, 39.00000000000000000, -200.4999999999999716 ) ) ;
#4889 = CARTESIAN_POINT ( 'NONE',  ( 20.00000000000000355, 6.500000000000000000, -1.499999999999999556 ) ) ;
#4890 = CIRCLE ( 'NONE', #5777, 1.000000000000000888 ) ;
#4891 = CARTESIAN_POINT ( 'NONE',  ( 3.500000000000016875, 3.500000000000000000, -11.50000000000000000 ) ) ;
#4892 = ORIENTED_EDGE ( 'NONE', *, *, #510, .T. ) ;
#4893 = CARTESIAN_POINT ( 'NONE',  ( 100.0000000000000000, 47.50000000000000000, -100.5637434484819437 ) ) ;
#4894 = EDGE_CURVE ( 'NONE', #567, #1848, #572, .T. ) ;
#4895 = CARTESIAN_POINT ( 'NONE',  ( 100.0000000000000000, 21.49999999999999645, -67.47374344848195449 ) ) ;
#4896 = FACE_OUTER_BOUND ( 'NONE', #1875, .T. ) ;
#4897 = ADVANCED_FACE ( 'NONE', ( #3938 ), #4507, .T. ) ;
#4898 = DIRECTION ( 'NONE',  ( 1.000000000000000000, 0.000000000000000000, -0.000000000000000000 ) ) ;
#4899 = EDGE_LOOP ( 'NONE', ( #4177, #4427, #1272, #2005, #1384, #4131, #70, #5982 ) ) ;
#4900 = AXIS2_PLACEMENT_3D ( 'NONE', #1889, #4101, #6055 ) ;
#4901 = ORIENTED_EDGE ( 'NONE', *, *, #747, .F. ) ;
#4902 = CARTESIAN_POINT ( 'NONE',  ( 19.58578643762690774, 47.08578643762690774, -2.499999999999999556 ) ) ;
#4903 = ORIENTED_EDGE ( 'NONE', *, *, #2237, .T. ) ;
#4904 = ORIENTED_EDGE ( 'NONE', *, *, #171, .F. ) ;
#4905 = ADVANCED_FACE ( 'NONE', ( #664 ), #1161, .T. ) ;
#4906 = DIRECTION ( 'NONE',  ( 1.000000000000000000, -0.000000000000000000, 0.000000000000000000 ) ) ;
#4907 = VECTOR ( 'NONE', #426, 1000.000000000000000 ) ;
#4908 = AXIS2_PLACEMENT_3D ( 'NONE', #2860, #2919, #4282 ) ;
#4909 = DIRECTION ( 'NONE',  ( -1.198013450260226463E-16, -0.000000000000000000, -1.000000000000000000 ) ) ;
#4910 = CYLINDRICAL_SURFACE ( 'NONE', #1615, 1.000000000000000444 ) ;
#4911 = CIRCLE ( 'NONE', #5708, 3.750000000000000000 ) ;
#4912 = DIRECTION ( 'NONE',  ( 0.000000000000000000, 0.000000000000000000, 1.000000000000000000 ) ) ;
#4913 = EDGE_LOOP ( 'NONE', ( #5001, #5284, #1743, #849 ) ) ;
#4914 = ORIENTED_EDGE ( 'NONE', *, *, #4449, .F. ) ;
#4915 = AXIS2_PLACEMENT_3D ( 'NONE', #314, #4049, #5920 ) ;
#4916 = EDGE_CURVE ( 'NONE', #162, #2056, #1967, .T. ) ;
#4917 = TOROIDAL_SURFACE ( 'NONE', #2590, 2.000000000000000000, 1.000000000000000000 ) ;
#4918 = CIRCLE ( 'NONE', #5902, 1.000000000000000888 ) ;
#4919 = CARTESIAN_POINT ( 'NONE',  ( 98.50000000000000000, 7.999999999999998224, -67.47374344848196870 ) ) ;
#4920 = CARTESIAN_POINT ( 'NONE',  ( -1.000000000000002442, 46.50000000000000000, -92.99999999999998579 ) ) ;
#4921 = CARTESIAN_POINT ( 'NONE',  ( -1.000000000000003553, 32.05999999999999517, -130.0000000000000000 ) ) ;
#4922 = CARTESIAN_POINT ( 'NONE',  ( 20.00000000000000355, 47.50000000000000000, -1.499999999999999556 ) ) ;
#4923 = EDGE_LOOP ( 'NONE', ( #1635, #108, #5961, #4114 ) ) ;
#4924 = VECTOR ( 'NONE', #1188, 1000.000000000000000 ) ;
#4925 = DIRECTION ( 'NONE',  ( 0.000000000000000000, 0.000000000000000000, -1.000000000000000000 ) ) ;
#4926 = ORIENTED_EDGE ( 'NONE', *, *, #2872, .T. ) ;
#4927 = AXIS2_PLACEMENT_3D ( 'NONE', #729, #5464, #3578 ) ;
#4928 = LINE ( 'NONE', #310, #5620 ) ;
#4929 = VECTOR ( 'NONE', #3777, 1000.000000000000000 ) ;
#4930 = CARTESIAN_POINT ( 'NONE',  ( 97.91421356237310647, 21.49999999999999645, -52.47374344848195449 ) ) ;
#4931 = CARTESIAN_POINT ( 'NONE',  ( -5.182189613234063050E-15, 41.26393202250023506, -200.9999999999999716 ) ) ;
#4932 = LINE ( 'NONE', #5391, #1573 ) ;
#4933 = VERTEX_POINT ( 'NONE', #696 ) ;
#4934 = VERTEX_POINT ( 'NONE', #4388 ) ;
#4935 = EDGE_CURVE ( 'NONE', #1779, #1010, #777, .T. ) ;
#4936 = EDGE_CURVE ( 'NONE', #4103, #6020, #5566, .T. ) ;
#4937 = ORIENTED_EDGE ( 'NONE', *, *, #3263, .T. ) ;
#4938 = ORIENTED_EDGE ( 'NONE', *, *, #4676, .F. ) ;
#4939 = DIRECTION ( 'NONE',  ( 0.000000000000000000, -0.000000000000000000, 1.000000000000000000 ) ) ;
#4940 = CARTESIAN_POINT ( 'NONE',  ( 86.00000000000000000, 2.500000000000000000, -187.9999999999999716 ) ) ;
#4941 = LINE ( 'NONE', #755, #5999 ) ;
#4942 = DIRECTION ( 'NONE',  ( 0.000000000000000000, 0.000000000000000000, -1.000000000000000000 ) ) ;
#4943 = DIRECTION ( 'NONE',  ( 0.000000000000000000, 0.000000000000000000, -1.000000000000000000 ) ) ;
#4944 = ORIENTED_EDGE ( 'NONE', *, *, #1863, .T. ) ;
#4945 = CARTESIAN_POINT ( 'NONE',  ( 60.41421356237309936, 8.314926636972174565E-16, -201.5857864376268935 ) ) ;
#4946 = ORIENTED_EDGE ( 'NONE', *, *, #1823, .T. ) ;
#4947 = CYLINDRICAL_SURFACE ( 'NONE', #1771, 1.000000000000000888 ) ;
#4948 = DIRECTION ( 'NONE',  ( 1.000000000000000000, -0.000000000000000000, 0.000000000000000000 ) ) ;
#4949 = PLANE ( 'NONE',  #2975 ) ;
#4950 = ORIENTED_EDGE ( 'NONE', *, *, #8, .T. ) ;
#4951 = DIRECTION ( 'NONE',  ( 0.000000000000000000, 0.000000000000000000, -1.000000000000000000 ) ) ;
#4952 = ORIENTED_EDGE ( 'NONE', *, *, #1728, .F. ) ;
#4953 = CARTESIAN_POINT ( 'NONE',  ( 105.5000000000000142, 8.000000000000000000, -52.47374344848196159 ) ) ;
#4954 = CARTESIAN_POINT ( 'NONE',  ( 11.50000000000001066, 47.50000000000000000, -198.4999999999999716 ) ) ;
#4955 = CARTESIAN_POINT ( 'NONE',  ( 6.499999999999994671, 37.50000000000000000, -7.900000000000000355 ) ) ;
#4956 = DIRECTION ( 'NONE',  ( 0.000000000000000000, 0.000000000000000000, 1.000000000000000000 ) ) ;
#4957 = FACE_OUTER_BOUND ( 'NONE', #775, .T. ) ;
#4958 = EDGE_CURVE ( 'NONE', #1533, #1201, #2158, .T. ) ;
#4959 = VERTEX_POINT ( 'NONE', #534 ) ;
#4960 = ORIENTED_EDGE ( 'NONE', *, *, #2895, .F. ) ;
#4961 = ADVANCED_FACE ( 'NONE', ( #1903 ), #5214, .T. ) ;
#4962 = VECTOR ( 'NONE', #2518, 1000.000000000000000 ) ;
#4963 = ORIENTED_EDGE ( 'NONE', *, *, #1854, .T. ) ;
#4964 = ORIENTED_EDGE ( 'NONE', *, *, #761, .F. ) ;
#4965 = EDGE_CURVE ( 'NONE', #4691, #3074, #854, .T. ) ;
#4966 = CIRCLE ( 'NONE', #5460, 3.750000000000010214 ) ;
#4967 = ADVANCED_FACE ( 'NONE', ( #4287 ), #4544, .F. ) ;
#4968 = EDGE_CURVE ( 'NONE', #1125, #3258, #12, .T. ) ;
#4969 = DIRECTION ( 'NONE',  ( 0.000000000000000000, 0.000000000000000000, 1.000000000000000000 ) ) ;
#4970 = EDGE_CURVE ( 'NONE', #2881, #1779, #1468, .T. ) ;
#4971 = CARTESIAN_POINT ( 'NONE',  ( -1.000000000000003109, 43.50000000000009948, -91.99999999999998579 ) ) ;
#4972 = DIRECTION ( 'NONE',  ( 1.000000000000000000, -0.000000000000000000, 0.000000000000000000 ) ) ;
#4973 = ADVANCED_FACE ( 'NONE', ( #1027 ), #101, .T. ) ;
#4974 = DIRECTION ( 'NONE',  ( -0.000000000000000000, -1.000000000000000000, -0.000000000000000000 ) ) ;
#4975 = LINE ( 'NONE', #885, #6008 ) ;
#4976 = CARTESIAN_POINT ( 'NONE',  ( 2.499999999999995115, 46.50000000000000000, -190.4999999999999716 ) ) ;
#4977 = AXIS2_PLACEMENT_3D ( 'NONE', #5209, #3801, #2830 ) ;
#4978 = VERTEX_POINT ( 'NONE', #3352 ) ;
#4979 = DIRECTION ( 'NONE',  ( -0.000000000000000000, 1.000000000000000000, -0.000000000000000000 ) ) ;
#4980 = VERTEX_POINT ( 'NONE', #4719 ) ;
#4981 = CIRCLE ( 'NONE', #4595, 1.000000000000000888 ) ;
#4982 = PLANE ( 'NONE',  #3219 ) ;
#4983 = DIRECTION ( 'NONE',  ( -1.000000000000000000, 0.000000000000000000, 0.000000000000000000 ) ) ;
#4984 = CARTESIAN_POINT ( 'NONE',  ( 98.50000000000000000, 8.000000000000000000, -52.47374344848196159 ) ) ;
#4985 = DIRECTION ( 'NONE',  ( 1.000000000000000000, 0.000000000000000000, 0.000000000000000000 ) ) ;
#4986 = ORIENTED_EDGE ( 'NONE', *, *, #4863, .F. ) ;
#4987 = FACE_OUTER_BOUND ( 'NONE', #4587, .T. ) ;
#4988 = VERTEX_POINT ( 'NONE', #1783 ) ;
#4989 = ORIENTED_EDGE ( 'NONE', *, *, #1823, .F. ) ;
#4990 = VECTOR ( 'NONE', #4168, 1000.000000000000000 ) ;
#4991 = CARTESIAN_POINT ( 'NONE',  ( 100.0000000000000000, 47.50000000000000000, -71.74374344848197893 ) ) ;
#4992 = ADVANCED_FACE ( 'NONE', ( #2899 ), #3746, .T. ) ;
#4993 = ADVANCED_FACE ( 'NONE', ( #4259 ), #5613, .F. ) ;
#4994 = DIRECTION ( 'NONE',  ( 1.000000000000000000, -0.000000000000000000, 0.000000000000000000 ) ) ;
#4995 = DIRECTION ( 'NONE',  ( 0.000000000000000000, 1.000000000000000000, 0.000000000000000000 ) ) ;
#4996 = AXIS2_PLACEMENT_3D ( 'NONE', #2954, #3960, #2922 ) ;
#4997 = DIRECTION ( 'NONE',  ( 1.000000000000000000, -0.000000000000000000, -0.000000000000000000 ) ) ;
#4998 = ORIENTED_EDGE ( 'NONE', *, *, #2811, .F. ) ;
#4999 = EDGE_LOOP ( 'NONE', ( #2267, #5838, #2879, #5998 ) ) ;
#5000 = AXIS2_PLACEMENT_3D ( 'NONE', #3288, #5550, #3740 ) ;
#5001 = ORIENTED_EDGE ( 'NONE', *, *, #1253, .T. ) ;
#5002 = ORIENTED_EDGE ( 'NONE', *, *, #4916, .F. ) ;
#5003 = ORIENTED_EDGE ( 'NONE', *, *, #2994, .T. ) ;
#5004 = EDGE_CURVE ( 'NONE', #4351, #4490, #1567, .T. ) ;
#5005 = CARTESIAN_POINT ( 'NONE',  ( -5.117734518542097889E-15, 41.00000000000000000, -198.5000000000000000 ) ) ;
#5006 = CARTESIAN_POINT ( 'NONE',  ( 15.94999999999996376, 8.500000000000000000, -132.9237434499999893 ) ) ;
#5007 = FACE_OUTER_BOUND ( 'NONE', #2527, .T. ) ;
#5008 = DIRECTION ( 'NONE',  ( -0.000000000000000000, 0.000000000000000000, -1.000000000000000000 ) ) ;
#5009 = ORIENTED_EDGE ( 'NONE', *, *, #4846, .F. ) ;
#5010 = DIRECTION ( 'NONE',  ( 0.000000000000000000, 0.000000000000000000, 1.000000000000000000 ) ) ;
#5011 = ORIENTED_EDGE ( 'NONE', *, *, #4518, .F. ) ;
#5012 =( BOUNDED_CURVE ( )  B_SPLINE_CURVE ( 3, ( #5193, #2813, #2867, #4265 ),
 .UNSPECIFIED., .F., .F. ) 
 B_SPLINE_CURVE_WITH_KNOTS ( ( 4, 4 ),
 ( 4.712388980384689674, 6.283185307179586232 ),
 .UNSPECIFIED. ) 
 CURVE ( )  GEOMETRIC_REPRESENTATION_ITEM ( )  RATIONAL_B_SPLINE_CURVE ( ( 1.000000000000000000, 0.8047378541243649375, 0.8047378541243649375, 1.000000000000000000 ) ) 
 REPRESENTATION_ITEM ( '' )  );
#5013 = CARTESIAN_POINT ( 'NONE',  ( 87.00000000000002842, 2.914213562373095368, -199.4999999999999716 ) ) ;
#5014 = CARTESIAN_POINT ( 'NONE',  ( 100.0000000000000000, 12.69999999999999574, -210.0000000000000000 ) ) ;
#5015 = LINE ( 'NONE', #2192, #5518 ) ;
#5016 = EDGE_CURVE ( 'NONE', #5344, #1201, #4966, .T. ) ;
#5017 = DIRECTION ( 'NONE',  ( -1.000000000000000000, 0.000000000000000000, 0.000000000000000000 ) ) ;
#5018 = EDGE_LOOP ( 'NONE', ( #456, #4481, #4117, #5477 ) ) ;
#5019 = FACE_BOUND ( 'NONE', #997, .T. ) ;
#5020 = MANIFOLD_SOLID_BREP ( 'Fillet1', #1620 ) ;
#5021 = ORIENTED_EDGE ( 'NONE', *, *, #466, .F. ) ;
#5022 = VECTOR ( 'NONE', #5679, 1000.000000000000000 ) ;
#5023 = AXIS2_PLACEMENT_3D ( 'NONE', #4361, #3877, #3052 ) ;
#5024 = FACE_OUTER_BOUND ( 'NONE', #163, .T. ) ;
#5025 = AXIS2_PLACEMENT_3D ( 'NONE', #4626, #1843, #494 ) ;
#5026 = CYLINDRICAL_SURFACE ( 'NONE', #3046, 2.750000000000002665 ) ;
#5027 = CARTESIAN_POINT ( 'NONE',  ( 96.50000000000000000, 47.50000000000000000, -11.50000000000000000 ) ) ;
#5028 = CARTESIAN_POINT ( 'NONE',  ( 6.499999999999992006, 37.50000000000000000, -195.4999999999999716 ) ) ;
#5029 = CARTESIAN_POINT ( 'NONE',  ( 100.0000000000000000, 47.50000000000000000, -201.9999999999999716 ) ) ;
#5030 = TOROIDAL_SURFACE ( 'NONE', #1436, 2.000000000000000000, 1.000000000000000000 ) ;
#5031 = AXIS2_PLACEMENT_3D ( 'NONE', #3365, #5228, #4271 ) ;
#5032 = CARTESIAN_POINT ( 'NONE',  ( 0.000000000000000000, 47.50000000000000000, -9.500000000000001776 ) ) ;
#5033 = ORIENTED_EDGE ( 'NONE', *, *, #2268, .T. ) ;
#5034 = ORIENTED_EDGE ( 'NONE', *, *, #3972, .F. ) ;
#5035 = VECTOR ( 'NONE', #5912, 1000.000000000000000 ) ;
#5036 = VECTOR ( 'NONE', #4256, 1000.000000000000000 ) ;
#5037 = AXIS2_PLACEMENT_3D ( 'NONE', #2887, #4710, #3798 ) ;
#5038 = VECTOR ( 'NONE', #4181, 1000.000000000000000 ) ;
#5039 = VERTEX_POINT ( 'NONE', #1291 ) ;
#5040 = ORIENTED_EDGE ( 'NONE', *, *, #4485, .T. ) ;
#5041 = ORIENTED_EDGE ( 'NONE', *, *, #3883, .T. ) ;
#5042 = ADVANCED_FACE ( 'NONE', ( #1326 ), #128, .F. ) ;
#5043 = DIRECTION ( 'NONE',  ( 0.000000000000000000, 0.000000000000000000, 1.000000000000000000 ) ) ;
#5044 =( LENGTH_UNIT ( ) NAMED_UNIT ( * ) SI_UNIT ( .MILLI., .METRE. ) );
#5045 = DIRECTION ( 'NONE',  ( 1.000000000000000000, 0.000000000000000000, 0.000000000000000000 ) ) ;
#5046 = LINE ( 'NONE', #294, #226 ) ;
#5047 = DIRECTION ( 'NONE',  ( 0.000000000000000000, 0.000000000000000000, 1.000000000000000000 ) ) ;
#5048 = ORIENTED_EDGE ( 'NONE', *, *, #3640, .F. ) ;
#5049 = VERTEX_POINT ( 'NONE', #2589 ) ;
#5050 = ADVANCED_FACE ( 'NONE', ( #684 ), #1554, .T. ) ;
#5051 = DIRECTION ( 'NONE',  ( 5.551115123125778758E-15, 0.000000000000000000, 1.000000000000000000 ) ) ;
#5052 = DIRECTION ( 'NONE',  ( 0.000000000000000000, 0.000000000000000000, -1.000000000000000000 ) ) ;
#5053 = CARTESIAN_POINT ( 'NONE',  ( 97.50000000000000000, 22.49999999999999645, -68.47374344848196870 ) ) ;
#5054 = DIRECTION ( 'NONE',  ( 1.000000000000000000, -0.000000000000000000, 0.000000000000000000 ) ) ;
#5055 = ORIENTED_EDGE ( 'NONE', *, *, #4056, .T. ) ;
#5056 =( BOUNDED_CURVE ( )  B_SPLINE_CURVE ( 3, ( #3881, #1011, #1072, #2007 ),
 .UNSPECIFIED., .F., .F. ) 
 B_SPLINE_CURVE_WITH_KNOTS ( ( 4, 4 ),
 ( 4.712388980384689674, 6.283185307179586232 ),
 .UNSPECIFIED. ) 
 CURVE ( )  GEOMETRIC_REPRESENTATION_ITEM ( )  RATIONAL_B_SPLINE_CURVE ( ( 1.000000000000000000, 0.8047378541243649375, 0.8047378541243649375, 1.000000000000000000 ) ) 
 REPRESENTATION_ITEM ( '' )  );
#5057 = CARTESIAN_POINT ( 'NONE',  ( 9.499999999999998224, 46.50000000000000000, -192.4999999999999716 ) ) ;
#5058 = CARTESIAN_POINT ( 'NONE',  ( 97.91421356237310647, 7.999999999999998224, -90.56374344848192948 ) ) ;
#5059 = ORIENTED_EDGE ( 'NONE', *, *, #1255, .T. ) ;
#5060 = LINE ( 'NONE', #2288, #5822 ) ;
#5061 = EDGE_CURVE ( 'NONE', #4123, #4978, #161, .T. ) ;
#5062 = DIRECTION ( 'NONE',  ( -0.000000000000000000, 0.000000000000000000, 1.000000000000000000 ) ) ;
#5063 = ADVANCED_FACE ( 'NONE', ( #4407 ), #2563, .F. ) ;
#5064 = CARTESIAN_POINT ( 'NONE',  ( -0.4142135623730973659, 26.50000000000000000, -80.00000000000000000 ) ) ;
#5065 = ADVANCED_FACE ( 'NONE', ( #191 ), #3409, .T. ) ;
#5066 = DIRECTION ( 'NONE',  ( -1.000000000000000000, 0.000000000000000000, 2.168404344971006896E-16 ) ) ;
#5067 = CARTESIAN_POINT ( 'NONE',  ( 98.50000000000000000, 21.50000000000000000, -52.47374344848196159 ) ) ;
#5068 = EDGE_CURVE ( 'NONE', #548, #5233, #2108, .T. ) ;
#5069 = ORIENTED_EDGE ( 'NONE', *, *, #2894, .F. ) ;
#5070 = EDGE_LOOP ( 'NONE', ( #850, #2901, #3842, #5654 ) ) ;
#5071 = ORIENTED_EDGE ( 'NONE', *, *, #3078, .T. ) ;
#5072 = ADVANCED_FACE ( 'NONE', ( #3444 ), #588, .T. ) ;
#5073 = EDGE_LOOP ( 'NONE', ( #2758, #3390, #4113, #4847 ) ) ;
#5074 = DIRECTION ( 'NONE',  ( 0.000000000000000000, -2.312964634635743450E-16, -1.000000000000000000 ) ) ;
#5075 = CARTESIAN_POINT ( 'NONE',  ( 81.00000000000000000, 47.50000000000000000, -2.499999999999999556 ) ) ;
#5076 = DIRECTION ( 'NONE',  ( 1.000000000000000000, 0.000000000000000000, -1.198013450260226463E-16 ) ) ;
#5077 = VERTEX_POINT ( 'NONE', #1122 ) ;
#5078 = ORIENTED_EDGE ( 'NONE', *, *, #3392, .T. ) ;
#5079 = AXIS2_PLACEMENT_3D ( 'NONE', #1681, #3112, #290 ) ;
#5080 = DIRECTION ( 'NONE',  ( 0.000000000000000000, 0.000000000000000000, 1.000000000000000000 ) ) ;
#5081 = DIRECTION ( 'NONE',  ( 0.000000000000000000, -0.000000000000000000, 1.000000000000000000 ) ) ;
#5082 = LINE ( 'NONE', #5595, #4429 ) ;
#5083 = DIRECTION ( 'NONE',  ( 0.000000000000000000, 0.000000000000000000, -1.000000000000000000 ) ) ;
#5084 = ORIENTED_EDGE ( 'NONE', *, *, #4020, .T. ) ;
#5085 = LINE ( 'NONE', #5114, #5705 ) ;
#5086 = ORIENTED_EDGE ( 'NONE', *, *, #6023, .F. ) ;
#5087 = ORIENTED_EDGE ( 'NONE', *, *, #6050, .F. ) ;
#5088 = FACE_OUTER_BOUND ( 'NONE', #5417, .T. ) ;
#5089 = AXIS2_PLACEMENT_3D ( 'NONE', #5731, #3577, #1519 ) ;
#5090 = ADVANCED_FACE ( 'NONE', ( #2531 ), #92, .T. ) ;
#5091 = CARTESIAN_POINT ( 'NONE',  ( 92.25000000000000000, 8.500000000000000000, -132.9237434484819573 ) ) ;
#5092 = LINE ( 'NONE', #1927, #800 ) ;
#5093 = CARTESIAN_POINT ( 'NONE',  ( 87.00000000000001421, 47.50000000000000000, -188.9999999999999716 ) ) ;
#5094 = CARTESIAN_POINT ( 'NONE',  ( 0.000000000000000000, 0.000000000000000000, -200.9999999999999716 ) ) ;
#5095 = CARTESIAN_POINT ( 'NONE',  ( 0.000000000000000000, 8.500000000000000000, 0.000000000000000000 ) ) ;
#5096 = CARTESIAN_POINT ( 'NONE',  ( 48.72159142431875267, 66.94999999999998863, -210.0000000000000000 ) ) ;
#5097 = VERTEX_POINT ( 'NONE', #2955 ) ;
#5098 = ADVANCED_FACE ( 'NONE', ( #1526 ), #5275, .F. ) ;
#5099 = ORIENTED_EDGE ( 'NONE', *, *, #5456, .T. ) ;
#5100 = VECTOR ( 'NONE', #3227, 1000.000000000000000 ) ;
#5101 = VERTEX_POINT ( 'NONE', #4376 ) ;
#5102 = VERTEX_POINT ( 'NONE', #3478 ) ;
#5103 = DIRECTION ( 'NONE',  ( 0.000000000000000000, 0.000000000000000000, 1.000000000000000000 ) ) ;
#5104 = CARTESIAN_POINT ( 'NONE',  ( 15.95000000000000639, 2.500000000000000000, -33.82374345000000204 ) ) ;
#5105 = DIRECTION ( 'NONE',  ( -0.8313644721333696141, -0.5557275541795670959, 0.000000000000000000 ) ) ;
#5106 = ORIENTED_EDGE ( 'NONE', *, *, #5184, .T. ) ;
#5107 = ADVANCED_FACE ( 'NONE', ( #2470 ), #2078, .F. ) ;
#5108 = VERTEX_POINT ( 'NONE', #4841 ) ;
#5109 = AXIS2_PLACEMENT_3D ( 'NONE', #3249, #979, #1456 ) ;
#5110 = DIRECTION ( 'NONE',  ( 0.000000000000000000, 1.000000000000000000, -0.000000000000000000 ) ) ;
#5111 = DIRECTION ( 'NONE',  ( 0.000000000000000000, 0.000000000000000000, 1.000000000000000000 ) ) ;
#5112 = DIRECTION ( 'NONE',  ( -0.000000000000000000, 1.000000000000000000, -0.000000000000000000 ) ) ;
#5113 = EDGE_LOOP ( 'NONE', ( #3808, #5988 ) ) ;
#5114 = CARTESIAN_POINT ( 'NONE',  ( -5.815307244990785662, 12.25499999999999723, -80.00000000000000000 ) ) ;
#5115 = ORIENTED_EDGE ( 'NONE', *, *, #1447, .F. ) ;
#5116 = EDGE_CURVE ( 'NONE', #469, #1156, #3997, .T. ) ;
#5117 = CYLINDRICAL_SURFACE ( 'NONE', #5506, 1.400000000000012346 ) ;
#5118 = CARTESIAN_POINT ( 'NONE',  ( 97.50000000000000000, 47.50000000000000000, -10.50000000000000000 ) ) ;
#5119 = CARTESIAN_POINT ( 'NONE',  ( 92.25000000000000000, 8.500000000000000000, -33.82374344848196301 ) ) ;
#5120 = LINE ( 'NONE', #2773, #305 ) ;
#5121 = CARTESIAN_POINT ( 'NONE',  ( 92.25000000000000000, 3.499999999999999556, -36.57374344848197012 ) ) ;
#5122 = CARTESIAN_POINT ( 'NONE',  ( 0.000000000000000000, 0.000000000000000000, -80.00000000000000000 ) ) ;
#5123 = CARTESIAN_POINT ( 'NONE',  ( -2.999999999999862776, 47.50000000000000000, -91.99999999999998579 ) ) ;
#5124 = AXIS2_PLACEMENT_3D ( 'NONE', #2462, #1576, #581 ) ;
#5125 = AXIS2_PLACEMENT_3D ( 'NONE', #1007, #1975, #3306 ) ;
#5126 = VECTOR ( 'NONE', #4909, 1000.000000000000000 ) ;
#5127 = ORIENTED_EDGE ( 'NONE', *, *, #5164, .F. ) ;
#5128 = ORIENTED_EDGE ( 'NONE', *, *, #1561, .F. ) ;
#5129 = AXIS2_PLACEMENT_3D ( 'NONE', #3128, #1796, #3653 ) ;
#5130 = AXIS2_PLACEMENT_3D ( 'NONE', #3427, #173, #2400 ) ;
#5131 = CIRCLE ( 'NONE', #1621, 1.400000000000012346 ) ;
#5132 = VERTEX_POINT ( 'NONE', #3866 ) ;
#5133 = ADVANCED_FACE ( 'NONE', ( #1646 ), #1183, .F. ) ;
#5134 = VECTOR ( 'NONE', #3000, 1000.000000000000000 ) ;
#5135 = ADVANCED_FACE ( 'NONE', ( #5736 ), #712, .F. ) ;
#5136 = CARTESIAN_POINT ( 'NONE',  ( 93.50000000000000000, 47.50000000000000000, -7.900000000000002132 ) ) ;
#5137 = CARTESIAN_POINT ( 'NONE',  ( -5.143516556418884111E-15, 47.50000000000000000, -199.5000000000000000 ) ) ;
#5138 = ORIENTED_EDGE ( 'NONE', *, *, #2622, .T. ) ;
#5139 = EDGE_LOOP ( 'NONE', ( #2866, #5490, #2164 ) ) ;
#5140 = LINE ( 'NONE', #4160, #6041 ) ;
#5141 = CARTESIAN_POINT ( 'NONE',  ( 3.499999999999995115, 3.500000000000000000, -190.4999999999999716 ) ) ;
#5142 = CARTESIAN_POINT ( 'NONE',  ( -1.000000000000006439, 0.000000000000000000, -200.5000000000000000 ) ) ;
#5143 = VERTEX_POINT ( 'NONE', #2168 ) ;
#5144 = LINE ( 'NONE', #925, #4907 ) ;
#5145 = ORIENTED_EDGE ( 'NONE', *, *, #4570, .F. ) ;
#5146 = ADVANCED_FACE ( 'NONE', ( #4110 ), #3134, .F. ) ;
#5147 = FACE_OUTER_BOUND ( 'NONE', #5680, .T. ) ;
#5148 = CARTESIAN_POINT ( 'NONE',  ( 15.94999999999996376, 3.499999999999999556, -138.4237434499999893 ) ) ;
#5149 = DIRECTION ( 'NONE',  ( 0.000000000000000000, -1.000000000000000000, 0.000000000000000000 ) ) ;
#5150 = DIRECTION ( 'NONE',  ( -1.000000000000000000, 0.000000000000000000, 0.000000000000000000 ) ) ;
#5151 = SPHERICAL_SURFACE ( 'NONE', #39, 1.000000000000000000 ) ;
#5152 = CYLINDRICAL_SURFACE ( 'NONE', #5607, 1.000000000000000888 ) ;
#5153 = LINE ( 'NONE', #992, #2691 ) ;
#5154 = CARTESIAN_POINT ( 'NONE',  ( 92.25000000000000000, 2.500000000000000000, -33.82374344848196301 ) ) ;
#5155 = EDGE_CURVE ( 'NONE', #257, #3568, #2449, .T. ) ;
#5156 = ORIENTED_EDGE ( 'NONE', *, *, #4968, .F. ) ;
#5157 = ORIENTED_EDGE ( 'NONE', *, *, #3151, .T. ) ;
#5158 = ORIENTED_EDGE ( 'NONE', *, *, #5742, .T. ) ;
#5159 = CARTESIAN_POINT ( 'NONE',  ( -1.000000000000002220, 6.500000000000000888, -80.00000000000000000 ) ) ;
#5160 = LINE ( 'NONE', #1449, #2074 ) ;
#5161 = FACE_BOUND ( 'NONE', #3335, .T. ) ;
#5162 = VERTEX_POINT ( 'NONE', #2742 ) ;
#5163 = VERTEX_POINT ( 'NONE', #3535 ) ;
#5164 = EDGE_CURVE ( 'NONE', #5494, #4641, #4932, .T. ) ;
#5165 = EDGE_CURVE ( 'NONE', #1588, #5097, #1803, .T. ) ;
#5166 = EDGE_CURVE ( 'NONE', #3654, #2384, #4534, .T. ) ;
#5167 = CARTESIAN_POINT ( 'NONE',  ( -39.25000000000004263, 39.00000000000000000, -209.5000000000000284 ) ) ;
#5168 = EDGE_CURVE ( 'NONE', #4620, #5804, #4387, .T. ) ;
#5169 = DIRECTION ( 'NONE',  ( 0.000000000000000000, 1.000000000000000000, 0.000000000000000000 ) ) ;
#5170 = LINE ( 'NONE', #1887, #5516 ) ;
#5171 = CIRCLE ( 'NONE', #770, 1.500000000000001332 ) ;
#5172 = EDGE_LOOP ( 'NONE', ( #3976, #2359, #5069, #4411 ) ) ;
#5173 = LINE ( 'NONE', #4130, #3541 ) ;
#5174 = EDGE_LOOP ( 'NONE', ( #2135, #4362, #5869, #5586 ) ) ;
#5175 = CARTESIAN_POINT ( 'NONE',  ( 96.50000000000000000, 2.500000000000000000, -187.9999999999999716 ) ) ;
#5176 = CARTESIAN_POINT ( 'NONE',  ( 15.94999999999996376, 8.500000000000000000, -137.1737434499999893 ) ) ;
#5177 = VECTOR ( 'NONE', #4906, 1000.000000000000000 ) ;
#5178 = DIRECTION ( 'NONE',  ( -0.000000000000000000, -1.000000000000000000, -0.000000000000000000 ) ) ;
#5179 = PLANE ( 'NONE',  #5921 ) ;
#5180 = DIRECTION ( 'NONE',  ( -1.000000000000000000, 0.000000000000000000, 6.895795184007186635E-16 ) ) ;
#5181 = DIRECTION ( 'NONE',  ( -0.000000000000000000, -0.000000000000000000, 1.000000000000000000 ) ) ;
#5182 = ORIENTED_EDGE ( 'NONE', *, *, #1, .T. ) ;
#5183 = VECTOR ( 'NONE', #3742, 1000.000000000000000 ) ;
#5184 = EDGE_CURVE ( 'NONE', #2792, #3593, #3660, .T. ) ;
#5185 = AXIS2_PLACEMENT_3D ( 'NONE', #4211, #968, #475 ) ;
#5186 = DIRECTION ( 'NONE',  ( 1.000000000000000000, 0.000000000000000000, -0.000000000000000000 ) ) ;
#5187 = ORIENTED_EDGE ( 'NONE', *, *, #1502, .F. ) ;
#5188 = ORIENTED_EDGE ( 'NONE', *, *, #4020, .F. ) ;
#5189 = ORIENTED_EDGE ( 'NONE', *, *, #1284, .T. ) ;
#5190 = CIRCLE ( 'NONE', #2847, 1.000000000000000888 ) ;
#5191 = EDGE_CURVE ( 'NONE', #3060, #568, #2841, .T. ) ;
#5192 = VECTOR ( 'NONE', #1552, 1000.000000000000000 ) ;
#5193 = CARTESIAN_POINT ( 'NONE',  ( 97.50000000000000000, 13.69999999999999751, -89.04374344848194767 ) ) ;
#5194 = ORIENTED_EDGE ( 'NONE', *, *, #5983, .T. ) ;
#5195 = ORIENTED_EDGE ( 'NONE', *, *, #4725, .F. ) ;
#5196 = LINE ( 'NONE', #1065, #1068 ) ;
#5197 = DIRECTION ( 'NONE',  ( -0.000000000000000000, -1.000000000000000000, -0.000000000000000000 ) ) ;
#5199 = LINE ( 'NONE', #1454, #3361 ) ;
#5198 = AXIS2_PLACEMENT_3D ( 'NONE', #6028, #3685, #4704 ) ;
#5200 = ORIENTED_EDGE ( 'NONE', *, *, #4042, .T. ) ;
#5201 = DIRECTION ( 'NONE',  ( -0.000000000000000000, -0.000000000000000000, 1.000000000000000000 ) ) ;
#5202 = ORIENTED_EDGE ( 'NONE', *, *, #4329, .T. ) ;
#5203 = DIRECTION ( 'NONE',  ( 0.000000000000000000, 0.000000000000000000, 1.000000000000000000 ) ) ;
#5204 = CARTESIAN_POINT ( 'NONE',  ( -2.036780992266124193E-15, 33.06000000000000227, -79.00000000000000000 ) ) ;
#5205 = EDGE_CURVE ( 'NONE', #621, #4844, #3421, .T. ) ;
#5206 = LINE ( 'NONE', #210, #1871 ) ;
#5207 = DIRECTION ( 'NONE',  ( 4.358601698434187676E-16, 1.000000000000000000, 0.000000000000000000 ) ) ;
#5208 = EDGE_CURVE ( 'NONE', #2331, #4461, #1316, .T. ) ;
#5209 = CARTESIAN_POINT ( 'NONE',  ( 92.25000000000000000, 3.499999999999999556, -135.6737434484819573 ) ) ;
#5210 = DIRECTION ( 'NONE',  ( 0.000000000000000000, 0.000000000000000000, 1.000000000000000000 ) ) ;
#5211 = DIRECTION ( 'NONE',  ( -0.000000000000000000, -0.000000000000000000, -1.000000000000000000 ) ) ;
#5212 =( BOUNDED_CURVE ( )  B_SPLINE_CURVE ( 3, ( #4483, #4945, #4426, #298 ),
 .UNSPECIFIED., .F., .F. ) 
 B_SPLINE_CURVE_WITH_KNOTS ( ( 4, 4 ),
 ( 1.570796326794896558, 3.141592653589793116 ),
 .UNSPECIFIED. ) 
 CURVE ( )  GEOMETRIC_REPRESENTATION_ITEM ( )  RATIONAL_B_SPLINE_CURVE ( ( 1.000000000000000000, 0.8047378541243649375, 0.8047378541243649375, 1.000000000000000000 ) ) 
 REPRESENTATION_ITEM ( '' )  );
#5213 = CIRCLE ( 'NONE', #2890, 1.499999999999994449 ) ;
#5214 = PLANE ( 'NONE',  #2930 ) ;
#5215 = ORIENTED_EDGE ( 'NONE', *, *, #2994, .F. ) ;
#5216 = ORIENTED_EDGE ( 'NONE', *, *, #4725, .T. ) ;
#5217 = VECTOR ( 'NONE', #4120, 1000.000000000000000 ) ;
#5218 = VECTOR ( 'NONE', #3819, 1000.000000000000000 ) ;
#5219 = AXIS2_PLACEMENT_3D ( 'NONE', #5657, #3682, #2366 ) ;
#5220 = CIRCLE ( 'NONE', #628, 1.000000000000000888 ) ;
#5221 = CARTESIAN_POINT ( 'NONE',  ( 92.25000000000000000, 2.500000000000000444, -135.6737434484819573 ) ) ;
#5222 = VECTOR ( 'NONE', #5197, 1000.000000000000000 ) ;
#5223 = ORIENTED_EDGE ( 'NONE', *, *, #984, .T. ) ;
#5224 = ORIENTED_EDGE ( 'NONE', *, *, #1497, .F. ) ;
#5225 = CIRCLE ( 'NONE', #3474, 1.000000000000000888 ) ;
#5226 = VECTOR ( 'NONE', #1050, 1000.000000000000000 ) ;
#5227 = FACE_OUTER_BOUND ( 'NONE', #1794, .T. ) ;
#5228 = DIRECTION ( 'NONE',  ( 0.000000000000000000, 0.000000000000000000, -1.000000000000000000 ) ) ;
#5229 = CIRCLE ( 'NONE', #5721, 1.000000000000000888 ) ;
#5230 = SPHERICAL_SURFACE ( 'NONE', #4817, 1.000000000000000000 ) ;
#5231 = EDGE_LOOP ( 'NONE', ( #2386, #1933, #5662, #591 ) ) ;
#5232 = CYLINDRICAL_SURFACE ( 'NONE', #3350, 2.249999999999998668 ) ;
#5233 = VERTEX_POINT ( 'NONE', #807 ) ;
#5234 = DIRECTION ( 'NONE',  ( 1.000000000000000000, 0.000000000000000000, 0.000000000000000000 ) ) ;
#5235 = LINE ( 'NONE', #2855, #1675 ) ;
#5236 = ADVANCED_FACE ( 'NONE', ( #280 ), #3628, .F. ) ;
#5237 = CARTESIAN_POINT ( 'NONE',  ( 89.50000000000001421, 46.50000000000000000, -9.500000000000001776 ) ) ;
#5238 = DIRECTION ( 'NONE',  ( -1.000000000000000000, 0.000000000000000000, -0.000000000000000000 ) ) ;
#5239 = PLANE ( 'NONE',  #5402 ) ;
#5240 = CARTESIAN_POINT ( 'NONE',  ( 10.49999999999999467, 3.500000000000000000, -10.50000000000000000 ) ) ;
#5241 = LINE ( 'NONE', #5301, #5226 ) ;
#5242 = LINE ( 'NONE', #157, #3178 ) ;
#5243 = ADVANCED_FACE ( 'NONE', ( #313 ), #3986, .T. ) ;
#5244 = ADVANCED_FACE ( 'NONE', ( #5919 ), #1740, .F. ) ;
#5245 = EDGE_CURVE ( 'NONE', #1714, #548, #1278, .T. ) ;
#5246 = LINE ( 'NONE', #2897, #1591 ) ;
#5247 = ADVANCED_FACE ( 'NONE', ( #5487 ), #2680, .F. ) ;
#5248 = CARTESIAN_POINT ( 'NONE',  ( 11.50000000000003730, 3.500000000000000000, -2.493664996716666509E-15 ) ) ;
#5249 = EDGE_LOOP ( 'NONE', ( #2174, #550, #168, #1939 ) ) ;
#5250 = ORIENTED_EDGE ( 'NONE', *, *, #2935, .F. ) ;
#5251 = DIRECTION ( 'NONE',  ( 0.000000000000000000, 0.000000000000000000, 1.000000000000000000 ) ) ;
#5252 = ORIENTED_EDGE ( 'NONE', *, *, #382, .T. ) ;
#5253 = ORIENTED_EDGE ( 'NONE', *, *, #33, .T. ) ;
#5254 = EDGE_CURVE ( 'NONE', #4446, #4353, #3069, .T. ) ;
#5255 = LINE ( 'NONE', #2966, #1476 ) ;
#5256 = LINE ( 'NONE', #2421, #2983 ) ;
#5257 = FACE_OUTER_BOUND ( 'NONE', #1609, .T. ) ;
#5258 = ORIENTED_EDGE ( 'NONE', *, *, #4659, .T. ) ;
#5259 = DIRECTION ( 'NONE',  ( -1.000000000000000000, -0.000000000000000000, -0.000000000000000000 ) ) ;
#5260 = ORIENTED_EDGE ( 'NONE', *, *, #3781, .F. ) ;
#5261 = CARTESIAN_POINT ( 'NONE',  ( 9.499999999999996447, 47.50000000000000000, -9.500000000000001776 ) ) ;
#5262 = LINE ( 'NONE', #91, #5676 ) ;
#5263 = CARTESIAN_POINT ( 'NONE',  ( -5.182189613234063050E-15, 41.00000000000000000, -200.9999999999999716 ) ) ;
#5264 = CARTESIAN_POINT ( 'NONE',  ( -1.881966011249964987, 47.50000000000000000, -201.9999999999999716 ) ) ;
#5265 = CIRCLE ( 'NONE', #4671, 1.000000000000000888 ) ;
#5266 = CARTESIAN_POINT ( 'NONE',  ( 69.99999999999998579, 55.00000000000000000, -201.9999999999999716 ) ) ;
#5267 = CARTESIAN_POINT ( 'NONE',  ( -2.499999999999884537, 46.50000000000000000, -91.99999999999998579 ) ) ;
#5268 = FACE_OUTER_BOUND ( 'NONE', #596, .T. ) ;
#5269 = ORIENTED_EDGE ( 'NONE', *, *, #4865, .F. ) ;
#5270 = ADVANCED_FACE ( 'NONE', ( #1406 ), #4225, .F. ) ;
#5271 = VECTOR ( 'NONE', #511, 1000.000000000000000 ) ;
#5272 = DIRECTION ( 'NONE',  ( 1.000000000000000000, 0.000000000000000000, 0.000000000000000000 ) ) ;
#5273 = EDGE_CURVE ( 'NONE', #568, #3060, #5766, .T. ) ;
#5274 = CARTESIAN_POINT ( 'NONE',  ( -12.50000000000000711, 30.00000000000000000, -209.5000000000000284 ) ) ;
#5275 = CYLINDRICAL_SURFACE ( 'NONE', #1971, 1.000000000000000888 ) ;
#5276 = VERTEX_POINT ( 'NONE', #5641 ) ;
#5277 = ORIENTED_EDGE ( 'NONE', *, *, #2081, .T. ) ;
#5278 = EDGE_LOOP ( 'NONE', ( #3871, #3643, #1419, #2644 ) ) ;
#5279 = CARTESIAN_POINT ( 'NONE',  ( 87.00000000000001421, 47.50000000000000000, -188.9999999999999716 ) ) ;
#5280 = DIRECTION ( 'NONE',  ( -1.000000000000000000, 0.000000000000000000, 2.168404344971006896E-16 ) ) ;
#5281 = CIRCLE ( 'NONE', #2451, 1.000000000000000888 ) ;
#5282 =( BOUNDED_CURVE ( )  B_SPLINE_CURVE ( 3, ( #3824, #551, #90, #3917 ),
 .UNSPECIFIED., .F., .F. ) 
 B_SPLINE_CURVE_WITH_KNOTS ( ( 4, 4 ),
 ( 1.570796326794896780, 3.141592653589793116 ),
 .UNSPECIFIED. ) 
 CURVE ( )  GEOMETRIC_REPRESENTATION_ITEM ( )  RATIONAL_B_SPLINE_CURVE ( ( 1.000000000000000000, 0.8047378541243650485, 0.8047378541243650485, 1.000000000000000000 ) ) 
 REPRESENTATION_ITEM ( '' )  );
#5283 = AXIS2_PLACEMENT_3D ( 'NONE', #2986, #5882, #5763 ) ;
#5284 = ORIENTED_EDGE ( 'NONE', *, *, #2748, .F. ) ;
#5285 = VERTEX_POINT ( 'NONE', #3716 ) ;
#5286 = AXIS2_PLACEMENT_3D ( 'NONE', #3208, #853, #2722 ) ;
#5287 = DIRECTION ( 'NONE',  ( -2.168404344971007142E-16, 0.000000000000000000, -1.000000000000000000 ) ) ;
#5288 = EDGE_CURVE ( 'NONE', #4505, #3813, #3347, .T. ) ;
#5289 = CARTESIAN_POINT ( 'NONE',  ( 92.25000000000000000, 35.00000000000000000, -201.9999999999999716 ) ) ;
#5290 = CARTESIAN_POINT ( 'NONE',  ( 92.25000000000000000, 8.500000000000000000, -135.6737434484819573 ) ) ;
#5291 = ORIENTED_EDGE ( 'NONE', *, *, #3007, .T. ) ;
#5292 = CYLINDRICAL_SURFACE ( 'NONE', #3049, 1.000000000000000888 ) ;
#5293 = ORIENTED_EDGE ( 'NONE', *, *, #2364, .T. ) ;
#5294 = AXIS2_PLACEMENT_3D ( 'NONE', #3200, #4624, #4653 ) ;
#5295 = LINE ( 'NONE', #643, #40 ) ;
#5296 = CARTESIAN_POINT ( 'NONE',  ( 15.95000000000000639, 3.499999999999999556, -30.07374344999999849 ) ) ;
#5297 = CARTESIAN_POINT ( 'NONE',  ( 92.25000000000000000, 3.499999999999999556, -135.6737434484819573 ) ) ;
#5298 = FACE_OUTER_BOUND ( 'NONE', #1029, .T. ) ;
#5299 = DIRECTION ( 'NONE',  ( 0.000000000000000000, 0.000000000000000000, 1.000000000000000000 ) ) ;
#5300 = DIRECTION ( 'NONE',  ( 0.000000000000000000, 0.000000000000000000, 1.000000000000000000 ) ) ;
#5301 = CARTESIAN_POINT ( 'NONE',  ( 20.00000000000000355, 7.500000000000000000, 0.000000000000000000 ) ) ;
#5302 = CARTESIAN_POINT ( 'NONE',  ( 92.25000000000000000, 8.500000000000000000, -138.4237434484819573 ) ) ;
#5303 = EDGE_LOOP ( 'NONE', ( #4273, #5709 ) ) ;
#5304 = CARTESIAN_POINT ( 'NONE',  ( 10.49999999999999645, 46.50000000000000000, -2.500000000000000000 ) ) ;
#5305 = DIRECTION ( 'NONE',  ( -0.000000000000000000, 1.000000000000000000, -0.000000000000000000 ) ) ;
#5306 = CARTESIAN_POINT ( 'NONE',  ( 67.74999999999998579, 55.00000000000000000, -201.9999999999999716 ) ) ;
#5307 = DIRECTION ( 'NONE',  ( 0.000000000000000000, 1.000000000000000000, 0.000000000000000000 ) ) ;
#5308 = ORIENTED_EDGE ( 'NONE', *, *, #1592, .F. ) ;
#5309 = ORIENTED_EDGE ( 'NONE', *, *, #4570, .T. ) ;
#5310 = DIRECTION ( 'NONE',  ( -1.000000000000000000, 0.000000000000000000, 0.000000000000000000 ) ) ;
#5311 = ORIENTED_EDGE ( 'NONE', *, *, #1289, .F. ) ;
#5312 = AXIS2_PLACEMENT_3D ( 'NONE', #4238, #5562, #1968 ) ;
#5313 = ORIENTED_EDGE ( 'NONE', *, *, #5582, .T. ) ;
#5314 = AXIS2_PLACEMENT_3D ( 'NONE', #3922, #5789, #3037 ) ;
#5315 = ADVANCED_FACE ( 'NONE', ( #4171 ), #958, .F. ) ;
#5316 = EDGE_CURVE ( 'NONE', #2419, #2906, #2859, .T. ) ;
#5317 = VECTOR ( 'NONE', #2516, 1000.000000000000000 ) ;
#5318 = FACE_OUTER_BOUND ( 'NONE', #631, .T. ) ;
#5319 = CARTESIAN_POINT ( 'NONE',  ( -3.377446961859016831E-15, 5.500000000000000888, -131.0000000000000000 ) ) ;
#5320 = FACE_BOUND ( 'NONE', #4578, .T. ) ;
#5321 = VERTEX_POINT ( 'NONE', #6007 ) ;
#5322 = CARTESIAN_POINT ( 'NONE',  ( 10.49999999999999645, 46.50000000000000000, -1.500000000000000222 ) ) ;
#5323 = ORIENTED_EDGE ( 'NONE', *, *, #2783, .T. ) ;
#5324 = AXIS2_PLACEMENT_3D ( 'NONE', #1209, #246, #369 ) ;
#5325 = CARTESIAN_POINT ( 'NONE',  ( 10.08578643762689886, 47.49999999999997868, -10.08578643762690596 ) ) ;
#5326 = CARTESIAN_POINT ( 'NONE',  ( -0.4142135623730973659, 12.06000000000000050, -80.00000000000000000 ) ) ;
#5327 = AXIS2_PLACEMENT_3D ( 'NONE', #1140, #4424, #6015 ) ;
#5328 = CARTESIAN_POINT ( 'NONE',  ( -3.130000000000003002, 26.49999999999999645, -80.00000000000000000 ) ) ;
#5329 = EDGE_CURVE ( 'NONE', #5285, #3669, #1464, .T. ) ;
#5330 = CARTESIAN_POINT ( 'NONE',  ( 80.00000000000000000, 7.499999999999999112, -2.085786437626904188 ) ) ;
#5331 = ORIENTED_EDGE ( 'NONE', *, *, #4374, .T. ) ;
#5332 = FACE_OUTER_BOUND ( 'NONE', #5837, .T. ) ;
#5333 = DIRECTION ( 'NONE',  ( -0.000000000000000000, -0.000000000000000000, 1.000000000000000000 ) ) ;
#5334 = EDGE_CURVE ( 'NONE', #2496, #5335, #685, .T. ) ;
#5335 = VERTEX_POINT ( 'NONE', #5577 ) ;
#5336 = ORIENTED_EDGE ( 'NONE', *, *, #156, .F. ) ;
#5337 = LINE ( 'NONE', #2594, #1131 ) ;
#5338 = VERTEX_POINT ( 'NONE', #3690 ) ;
#5339 = ORIENTED_EDGE ( 'NONE', *, *, #981, .F. ) ;
#5340 = DIRECTION ( 'NONE',  ( -0.000000000000000000, -1.000000000000000000, -0.000000000000000000 ) ) ;
#5341 = CARTESIAN_POINT ( 'NONE',  ( -1.000000000000002220, 32.05999999999999517, -80.00000000000000000 ) ) ;
#5342 = DIRECTION ( 'NONE',  ( 0.000000000000000000, 0.000000000000000000, -1.000000000000000000 ) ) ;
#5343 = CARTESIAN_POINT ( 'NONE',  ( 97.50000000000000000, 8.000000000000000000, -51.47374344848196159 ) ) ;
#5344 = VERTEX_POINT ( 'NONE', #1930 ) ;
#5345 = DIRECTION ( 'NONE',  ( 0.000000000000000000, 0.000000000000000000, -1.000000000000000000 ) ) ;
#5346 = ORIENTED_EDGE ( 'NONE', *, *, #1744, .F. ) ;
#5347 = EDGE_CURVE ( 'NONE', #174, #3937, #2292, .T. ) ;
#5348 = CARTESIAN_POINT ( 'NONE',  ( 69.99999999999998579, 55.00000000000000000, -210.0000000000000000 ) ) ;
#5349 = ADVANCED_FACE ( 'NONE', ( #2378, #4135, #6035 ), #989, .F. ) ;
#5350 = CARTESIAN_POINT ( 'NONE',  ( -3.130000000000003002, 12.05999999999999872, -80.00000000000000000 ) ) ;
#5351 = CARTESIAN_POINT ( 'NONE',  ( 86.00000000000000000, 2.500000000000000000, -198.4999999999999716 ) ) ;
#5352 = CARTESIAN_POINT ( 'NONE',  ( 100.0000000000000000, 25.59999999999999787, -100.5637434484819437 ) ) ;
#5353 = CYLINDRICAL_SURFACE ( 'NONE', #4830, 1.000000000000000000 ) ;
#5354 = EDGE_CURVE ( 'NONE', #4720, #4018, #4592, .T. ) ;
#5355 = DIRECTION ( 'NONE',  ( -1.000000000000000000, -0.000000000000000000, -0.000000000000000000 ) ) ;
#5356 = ORIENTED_EDGE ( 'NONE', *, *, #4780, .T. ) ;
#5357 = VECTOR ( 'NONE', #4068, 1000.000000000000000 ) ;
#5358 = CARTESIAN_POINT ( 'NONE',  ( 10.49999999999999645, 47.50000000000000000, -192.4999999999999716 ) ) ;
#5359 = DIRECTION ( 'NONE',  ( 1.000000000000000000, 0.000000000000000000, -6.505213034913020688E-16 ) ) ;
#5360 = DIRECTION ( 'NONE',  ( -0.8313644721333696141, -0.5557275541795670959, 0.000000000000000000 ) ) ;
#5361 = ADVANCED_FACE ( 'NONE', ( #2350 ), #4712, .T. ) ;
#5362 = ORIENTED_EDGE ( 'NONE', *, *, #5208, .F. ) ;
#5363 = ORIENTED_EDGE ( 'NONE', *, *, #5903, .T. ) ;
#5364 = VECTOR ( 'NONE', #2864, 1000.000000000000000 ) ;
#5365 = DIRECTION ( 'NONE',  ( 0.8313644721333705023, -0.5557275541795658746, 0.000000000000000000 ) ) ;
#5366 = AXIS2_PLACEMENT_3D ( 'NONE', #2021, #4350, #5360 ) ;
#5367 = ORIENTED_EDGE ( 'NONE', *, *, #5547, .F. ) ;
#5368 = ADVANCED_FACE ( 'NONE', ( #5551 ), #5151, .T. ) ;
#5369 = EDGE_LOOP ( 'NONE', ( #4403, #5458, #5336 ) ) ;
#5370 = AXIS2_PLACEMENT_3D ( 'NONE', #3042, #4312, #4898 ) ;
#5371 = CARTESIAN_POINT ( 'NONE',  ( 92.25000000000000000, 8.500000000000000000, -135.6737434484819573 ) ) ;
#5372 = CIRCLE ( 'NONE', #2843, 1.000000000000000888 ) ;
#5373 = CARTESIAN_POINT ( 'NONE',  ( 92.25000000000000000, 2.499999999999999556, -139.4237434484819573 ) ) ;
#5374 = FACE_OUTER_BOUND ( 'NONE', #2779, .T. ) ;
#5375 = FACE_OUTER_BOUND ( 'NONE', #1899, .T. ) ;
#5376 = ORIENTED_EDGE ( 'NONE', *, *, #565, .F. ) ;
#5377 = DIRECTION ( 'NONE',  ( -0.000000000000000000, 0.000000000000000000, 1.000000000000000000 ) ) ;
#5378 = ORIENTED_EDGE ( 'NONE', *, *, #2387, .F. ) ;
#5379 = DIRECTION ( 'NONE',  ( 0.000000000000000000, 0.000000000000000000, -1.000000000000000000 ) ) ;
#5380 = DIRECTION ( 'NONE',  ( 0.000000000000000000, 0.000000000000000000, 1.000000000000000000 ) ) ;
#5381 = PLANE ( 'NONE',  #4143 ) ;
#5382 = DIRECTION ( 'NONE',  ( 0.000000000000000000, 0.000000000000000000, 1.000000000000000000 ) ) ;
#5383 = AXIS2_PLACEMENT_3D ( 'NONE', #5422, #1248, #2139 ) ;
#5384 = ORIENTED_EDGE ( 'NONE', *, *, #4632, .F. ) ;
#5385 = CARTESIAN_POINT ( 'NONE',  ( 80.00000000000000000, 47.50000000000000000, -10.00000000000000000 ) ) ;
#5386 = VERTEX_POINT ( 'NONE', #5121 ) ;
#5387 = LINE ( 'NONE', #4991, #420 ) ;
#5388 = EDGE_CURVE ( 'NONE', #2244, #4285, #3559, .T. ) ;
#5389 = CARTESIAN_POINT ( 'NONE',  ( 88.50000000000000000, 46.50000000000000000, -1.500000000000000000 ) ) ;
#5390 = CARTESIAN_POINT ( 'NONE',  ( 9.499999999999998224, 46.50000000000000000, -192.4999999999999716 ) ) ;
#5391 = CARTESIAN_POINT ( 'NONE',  ( 100.0000000000000000, 70.45000000000000284, -201.9999999999999716 ) ) ;
#5392 = ORIENTED_EDGE ( 'NONE', *, *, #1132, .T. ) ;
#5393 = CIRCLE ( 'NONE', #2190, 1.400000000000040101 ) ;
#5394 = ORIENTED_EDGE ( 'NONE', *, *, #5316, .T. ) ;
#5395 = EDGE_LOOP ( 'NONE', ( #3599, #2637, #638, #1470, #4739, #4418, #418, #2144, #5253, #2368, #2566, #4775, #1100, #199 ) ) ;
#5396 = ORIENTED_EDGE ( 'NONE', *, *, #3743, .F. ) ;
#5397 = CARTESIAN_POINT ( 'NONE',  ( 90.50000000000001421, 47.50000000000000000, -9.500000000000001776 ) ) ;
#5398 = FACE_OUTER_BOUND ( 'NONE', #4055, .T. ) ;
#5399 = LINE ( 'NONE', #3144, #2883 ) ;
#5400 = LINE ( 'NONE', #2695, #735 ) ;
#5401 = FACE_BOUND ( 'NONE', #5303, .T. ) ;
#5402 = AXIS2_PLACEMENT_3D ( 'NONE', #2013, #3860, #3951 ) ;
#5403 = CARTESIAN_POINT ( 'NONE',  ( 100.0000000000000000, 7.999999999999998224, -71.74374344848196472 ) ) ;
#5404 = ORIENTED_EDGE ( 'NONE', *, *, #4970, .T. ) ;
#5405 = DIRECTION ( 'NONE',  ( 1.000000000000000000, 0.000000000000000000, 0.000000000000000000 ) ) ;
#5406 = VERTEX_POINT ( 'NONE', #1958 ) ;
#5407 = CIRCLE ( 'NONE', #1912, 1.000000000000000888 ) ;
#5408 = VECTOR ( 'NONE', #3683, 1000.000000000000000 ) ;
#5409 = CARTESIAN_POINT ( 'NONE',  ( -2.499999999999884537, 46.50000000000000000, -91.99999999999998579 ) ) ;
#5410 = CYLINDRICAL_SURFACE ( 'NONE', #2029, 1.000000000000000000 ) ;
#5411 = CARTESIAN_POINT ( 'NONE',  ( 100.0000000000000000, 47.50000000000000000, 0.000000000000000000 ) ) ;
#5412 = CARTESIAN_POINT ( 'NONE',  ( 92.25000000000000000, 3.499999999999999556, -132.9237434484819573 ) ) ;
#5413 = VERTEX_POINT ( 'NONE', #5667 ) ;
#5414 = AXIS2_PLACEMENT_3D ( 'NONE', #4276, #3341, #5203 ) ;
#5415 = DIRECTION ( 'NONE',  ( 2.168404344971009361E-16, -0.000000000000000000, 1.000000000000000000 ) ) ;
#5416 = ORIENTED_EDGE ( 'NONE', *, *, #3600, .T. ) ;
#5417 = EDGE_LOOP ( 'NONE', ( #4792, #4153, #5313, #780 ) ) ;
#5418 = EDGE_CURVE ( 'NONE', #61, #1756, #1493, .T. ) ;
#5419 = VECTOR ( 'NONE', #5052, 1000.000000000000000 ) ;
#5420 = AXIS2_PLACEMENT_3D ( 'NONE', #526, #4257, #3230 ) ;
#5421 = CARTESIAN_POINT ( 'NONE',  ( 1.499999999999995781, 47.50000000000000000, -190.4999999999999716 ) ) ;
#5422 = CARTESIAN_POINT ( 'NONE',  ( 87.00000000000001421, 47.50000000000000000, -199.4999999999999716 ) ) ;
#5423 = CARTESIAN_POINT ( 'NONE',  ( 92.25000000000000000, 8.500000000000000000, -135.6737434484819573 ) ) ;
#5424 = EDGE_CURVE ( 'NONE', #5386, #1533, #1423, .T. ) ;
#5425 = ORIENTED_EDGE ( 'NONE', *, *, #626, .T. ) ;
#5426 = ORIENTED_EDGE ( 'NONE', *, *, #4415, .T. ) ;
#5427 = ADVANCED_FACE ( 'NONE', ( #3434 ), #1219, .T. ) ;
#5428 = EDGE_CURVE ( 'NONE', #3519, #2687, #5896, .T. ) ;
#5429 = EDGE_CURVE ( 'NONE', #4698, #4756, #3843, .T. ) ;
#5430 = ORIENTED_EDGE ( 'NONE', *, *, #4510, .F. ) ;
#5431 = ORIENTED_EDGE ( 'NONE', *, *, #3389, .F. ) ;
#5432 = DIRECTION ( 'NONE',  ( 0.000000000000000000, 0.000000000000000000, 1.000000000000000000 ) ) ;
#5433 = CARTESIAN_POINT ( 'NONE',  ( 92.25000000000000000, 3.499999999999999556, -138.4237434484819573 ) ) ;
#5434 = DIRECTION ( 'NONE',  ( 1.000000000000000000, 0.000000000000000000, 0.000000000000000000 ) ) ;
#5435 = CARTESIAN_POINT ( 'NONE',  ( 11.50000000000001066, 46.50000000000000000, -199.4999999999999716 ) ) ;
#5436 = PLANE ( 'NONE',  #339 ) ;
#5437 = CARTESIAN_POINT ( 'NONE',  ( 6.499999999999994671, 37.50000000000000000, -5.099999999999999645 ) ) ;
#5438 = EDGE_LOOP ( 'NONE', ( #5356, #4313, #1951, #5798 ) ) ;
#5440 = EDGE_CURVE ( 'NONE', #5948, #5932, #129, .T. ) ;
#5439 = CARTESIAN_POINT ( 'NONE',  ( -10.25000000000000533, 30.00000000000000000, -201.9999999999999716 ) ) ;
#5441 = ORIENTED_EDGE ( 'NONE', *, *, #4000, .F. ) ;
#5442 = EDGE_CURVE ( 'NONE', #4855, #3901, #4139, .T. ) ;
#5443 = CARTESIAN_POINT ( 'NONE',  ( -39.24999999999999289, 0.000000000000000000, -200.9999999999999716 ) ) ;
#5444 = DIRECTION ( 'NONE',  ( 1.000000000000000000, 0.000000000000000000, -2.168404344971007142E-16 ) ) ;
#5445 = LINE ( 'NONE', #5875, #2206 ) ;
#5446 = FACE_OUTER_BOUND ( 'NONE', #3567, .T. ) ;
#5447 = VERTEX_POINT ( 'NONE', #1077 ) ;
#5448 = DIRECTION ( 'NONE',  ( 1.000000000000000000, 0.000000000000000000, 0.000000000000000000 ) ) ;
#5449 = ORIENTED_EDGE ( 'NONE', *, *, #4183, .F. ) ;
#5450 = DIRECTION ( 'NONE',  ( -1.000000000000000000, 0.000000000000000000, 0.000000000000000000 ) ) ;
#5451 = DIRECTION ( 'NONE',  ( -1.000000000000000000, 0.000000000000000000, -0.000000000000000000 ) ) ;
#5452 = CARTESIAN_POINT ( 'NONE',  ( 15.94999999999996376, 2.500000000000000000, -135.6737434499999893 ) ) ;
#5453 = DIRECTION ( 'NONE',  ( -0.000000000000000000, -0.000000000000000000, 1.000000000000000000 ) ) ;
#5454 = VERTEX_POINT ( 'NONE', #4861 ) ;
#5455 = ORIENTED_EDGE ( 'NONE', *, *, #3492, .F. ) ;
#5456 = EDGE_CURVE ( 'NONE', #1098, #2792, #1606, .T. ) ;
#5457 = CIRCLE ( 'NONE', #3024, 2.750000000000009326 ) ;
#5458 = ORIENTED_EDGE ( 'NONE', *, *, #3389, .T. ) ;
#5459 = VERTEX_POINT ( 'NONE', #5352 ) ;
#5460 = AXIS2_PLACEMENT_3D ( 'NONE', #5154, #961, #3835 ) ;
#5461 = EDGE_CURVE ( 'NONE', #3396, #5108, #1148, .T. ) ;
#5462 = DIRECTION ( 'NONE',  ( -0.000000000000000000, -1.000000000000000000, -0.000000000000000000 ) ) ;
#5463 = CYLINDRICAL_SURFACE ( 'NONE', #1190, 1.000000000000000888 ) ;
#5464 = DIRECTION ( 'NONE',  ( -0.000000000000000000, -1.000000000000000000, -0.000000000000000000 ) ) ;
#5465 = CARTESIAN_POINT ( 'NONE',  ( 3.500000000000016875, 47.50000000000000000, -11.50000000000003730 ) ) ;
#5466 = FACE_OUTER_BOUND ( 'NONE', #2269, .T. ) ;
#5467 = MECHANICAL_DESIGN_GEOMETRIC_PRESENTATION_REPRESENTATION (  '', ( #185 ), #2265 ) ;
#5468 = ORIENTED_EDGE ( 'NONE', *, *, #4294, .F. ) ;
#5469 = LINE ( 'NONE', #3090, #5471 ) ;
#5470 = ORIENTED_EDGE ( 'NONE', *, *, #5004, .T. ) ;
#5471 = VECTOR ( 'NONE', #3548, 1000.000000000000114 ) ;
#5472 = EDGE_CURVE ( 'NONE', #4331, #61, #4767, .T. ) ;
#5473 = DIRECTION ( 'NONE',  ( 4.358601698434191620E-16, 1.000000000000000000, 0.000000000000000000 ) ) ;
#5474 = DIRECTION ( 'NONE',  ( -0.000000000000000000, 1.000000000000000000, -0.000000000000000000 ) ) ;
#5475 = DIRECTION ( 'NONE',  ( 0.8313644721333703913, -0.5557275541795657636, 0.000000000000000000 ) ) ;
#5476 = CARTESIAN_POINT ( 'NONE',  ( -1.000000000000005329, 41.00000000000000000, -200.9999999999999716 ) ) ;
#5477 = ORIENTED_EDGE ( 'NONE', *, *, #2747, .F. ) ;
#5478 =( BOUNDED_CURVE ( )  B_SPLINE_CURVE ( 3, ( #3014, #4930, #3039, #5795 ),
 .UNSPECIFIED., .F., .F. ) 
 B_SPLINE_CURVE_WITH_KNOTS ( ( 4, 4 ),
 ( 3.141592653589793116, 4.712388980384689674 ),
 .UNSPECIFIED. ) 
 CURVE ( )  GEOMETRIC_REPRESENTATION_ITEM ( )  RATIONAL_B_SPLINE_CURVE ( ( 1.000000000000000000, 0.8047378541243649375, 0.8047378541243649375, 1.000000000000000000 ) ) 
 REPRESENTATION_ITEM ( '' )  );
#5479 = FACE_OUTER_BOUND ( 'NONE', #2161, .T. ) ;
#5480 = VERTEX_POINT ( 'NONE', #1641 ) ;
#5481 = AXIS2_PLACEMENT_3D ( 'NONE', #1840, #373, #1801 ) ;
#5482 = LINE ( 'NONE', #4893, #532 ) ;
#5483 = LINE ( 'NONE', #1247, #1986 ) ;
#5484 = DIRECTION ( 'NONE',  ( 0.000000000000000000, -1.000000000000000000, 0.000000000000000000 ) ) ;
#5485 = CARTESIAN_POINT ( 'NONE',  ( 93.50000000000000000, 37.50000000000000000, -7.900000000000002132 ) ) ;
#5486 = VECTOR ( 'NONE', #3133, 1000.000000000000000 ) ;
#5487 = FACE_OUTER_BOUND ( 'NONE', #2038, .T. ) ;
#5488 = CARTESIAN_POINT ( 'NONE',  ( 20.00000000000000355, 47.50000000000000000, -10.00000000000000000 ) ) ;
#5489 = ORIENTED_EDGE ( 'NONE', *, *, #391, .F. ) ;
#5490 = ORIENTED_EDGE ( 'NONE', *, *, #2660, .T. ) ;
#5491 = ADVANCED_FACE ( 'NONE', ( #1984 ), #5730, .T. ) ;
#5492 = AXIS2_PLACEMENT_3D ( 'NONE', #1510, #4250, #5783 ) ;
#5493 = ORIENTED_EDGE ( 'NONE', *, *, #4204, .T. ) ;
#5494 = VERTEX_POINT ( 'NONE', #4400 ) ;
#5495 = EDGE_CURVE ( 'NONE', #3213, #2689, #213, .T. ) ;
#5496 = DIRECTION ( 'NONE',  ( -0.000000000000000000, -0.000000000000000000, -1.000000000000000000 ) ) ;
#5497 = DIRECTION ( 'NONE',  ( 0.000000000000000000, 0.000000000000000000, -1.000000000000000000 ) ) ;
#5498 = CARTESIAN_POINT ( 'NONE',  ( 90.50000000000001421, 2.500000000000000000, -11.50000000000000000 ) ) ;
#5499 = CARTESIAN_POINT ( 'NONE',  ( 6.499999999999992006, 47.50000000000000000, -195.4999999999999716 ) ) ;
#5500 = EDGE_LOOP ( 'NONE', ( #3899, #1287, #5844, #195 ) ) ;
#5501 = ADVANCED_FACE ( 'NONE', ( #2101 ), #5239, .T. ) ;
#5502 = EDGE_LOOP ( 'NONE', ( #5527, #1192, #1233, #5224 ) ) ;
#5503 = EDGE_CURVE ( 'NONE', #4755, #3396, #1048, .T. ) ;
#5504 = ADVANCED_FACE ( 'NONE', ( #2491 ), #3403, .T. ) ;
#5505 = EDGE_CURVE ( 'NONE', #2263, #4559, #1709, .T. ) ;
#5506 = AXIS2_PLACEMENT_3D ( 'NONE', #2854, #869, #2403 ) ;
#5507 = FACE_OUTER_BOUND ( 'NONE', #4557, .T. ) ;
#5508 = CARTESIAN_POINT ( 'NONE',  ( 6.499999999999994671, 37.50000000000000000, -6.500000000000000000 ) ) ;
#5509 = PLANE ( 'NONE',  #3464 ) ;
#5510 = CARTESIAN_POINT ( 'NONE',  ( 98.50000000000000000, 12.69999999999999574, -70.74374344848196472 ) ) ;
#5511 = ORIENTED_EDGE ( 'NONE', *, *, #3929, .T. ) ;
#5512 = DIRECTION ( 'NONE',  ( 0.000000000000000000, 0.000000000000000000, 1.000000000000000000 ) ) ;
#5513 = FACE_OUTER_BOUND ( 'NONE', #758, .T. ) ;
#5514 = ORIENTED_EDGE ( 'NONE', *, *, #1592, .T. ) ;
#5515 = ORIENTED_EDGE ( 'NONE', *, *, #3382, .F. ) ;
#5516 = VECTOR ( 'NONE', #2878, 1000.000000000000000 ) ;
#5517 = DIRECTION ( 'NONE',  ( -1.000000000000000000, -0.000000000000000000, -0.000000000000000000 ) ) ;
#5518 = VECTOR ( 'NONE', #5966, 1000.000000000000000 ) ;
#5519 = FACE_BOUND ( 'NONE', #4100, .T. ) ;
#5520 = DIRECTION ( 'NONE',  ( 0.000000000000000000, 1.000000000000000000, 0.000000000000000000 ) ) ;
#5521 = CARTESIAN_POINT ( 'NONE',  ( -3.202229855454900583E-15, 26.49999999999999645, -80.00000000000000000 ) ) ;
#5522 = ADVANCED_FACE ( 'NONE', ( #153 ), #4307, .F. ) ;
#5523 = AXIS2_PLACEMENT_3D ( 'NONE', #5726, #117, #2426 ) ;
#5524 = AXIS2_PLACEMENT_3D ( 'NONE', #3973, #4972, #4061 ) ;
#5525 = DIRECTION ( 'NONE',  ( 1.000000000000000000, 0.000000000000000000, 0.000000000000000000 ) ) ;
#5526 = EDGE_LOOP ( 'NONE', ( #3439, #4189, #2477, #2361 ) ) ;
#5527 = ORIENTED_EDGE ( 'NONE', *, *, #908, .T. ) ;
#5528 = AXIS2_PLACEMENT_3D ( 'NONE', #3620, #2162, #4102 ) ;
#5529 = CIRCLE ( 'NONE', #4243, 1.000000000000000888 ) ;
#5530 = AXIS2_PLACEMENT_3D ( 'NONE', #4224, #3254, #3289 ) ;
#5531 = EDGE_LOOP ( 'NONE', ( #2356, #5889, #2254, #5376 ) ) ;
#5532 = ORIENTED_EDGE ( 'NONE', *, *, #1811, .F. ) ;
#5533 = DIRECTION ( 'NONE',  ( -2.578203787678638882E-17, 0.000000000000000000, -1.000000000000000000 ) ) ;
#5534 = LINE ( 'NONE', #1751, #4779 ) ;
#5535 = FACE_OUTER_BOUND ( 'NONE', #2707, .T. ) ;
#5536 = DIRECTION ( 'NONE',  ( -0.000000000000000000, 0.000000000000000000, 1.000000000000000000 ) ) ;
#5537 = ORIENTED_EDGE ( 'NONE', *, *, #1746, .T. ) ;
#5538 = VERTEX_POINT ( 'NONE', #4519 ) ;
#5539 = DIRECTION ( 'NONE',  ( 0.000000000000000000, 1.000000000000000000, -0.000000000000000000 ) ) ;
#5540 = CARTESIAN_POINT ( 'NONE',  ( 15.95000000000000639, 2.500000000000000444, -33.82374345000000204 ) ) ;
#5541 = DIRECTION ( 'NONE',  ( 0.000000000000000000, 1.000000000000000000, 0.000000000000000000 ) ) ;
#5542 = PLANE ( 'NONE',  #4723 ) ;
#5543 = ORIENTED_EDGE ( 'NONE', *, *, #3340, .T. ) ;
#5544 = ADVANCED_FACE ( 'NONE', ( #2702 ), #5509, .T. ) ;
#5545 = CYLINDRICAL_SURFACE ( 'NONE', #5109, 1.000000000000000888 ) ;
#5546 = ORIENTED_EDGE ( 'NONE', *, *, #190, .T. ) ;
#5547 = EDGE_CURVE ( 'NONE', #4542, #3967, #725, .T. ) ;
#5548 = DIRECTION ( 'NONE',  ( -0.000000000000000000, -0.000000000000000000, 1.000000000000000000 ) ) ;
#5549 = FACE_BOUND ( 'NONE', #4178, .T. ) ;
#5550 = DIRECTION ( 'NONE',  ( 0.000000000000000000, 1.000000000000000000, 0.000000000000000000 ) ) ;
#5551 = FACE_OUTER_BOUND ( 'NONE', #2446, .T. ) ;
#5552 = CARTESIAN_POINT ( 'NONE',  ( -1.000000000000005329, 0.000000000000000000, -198.5000000000000000 ) ) ;
#5553 = CARTESIAN_POINT ( 'NONE',  ( 10.49999999999999467, 2.500000000000000000, -198.4999999999999716 ) ) ;
#5554 = ORIENTED_EDGE ( 'NONE', *, *, #5871, .T. ) ;
#5555 = EDGE_CURVE ( 'NONE', #1876, #1674, #2110, .T. ) ;
#5556 = ORIENTED_EDGE ( 'NONE', *, *, #626, .F. ) ;
#5557 = ORIENTED_EDGE ( 'NONE', *, *, #639, .F. ) ;
#5558 = CIRCLE ( 'NONE', #3902, 1.500000000000001332 ) ;
#5559 = CARTESIAN_POINT ( 'NONE',  ( -3.130000000000002114, 14.04999999999999893, -130.0000000000000000 ) ) ;
#5560 = DIRECTION ( 'NONE',  ( 0.000000000000000000, 1.000000000000000000, -0.000000000000000000 ) ) ;
#5561 = EDGE_CURVE ( 'NONE', #3129, #1674, #5445, .T. ) ;
#5562 = DIRECTION ( 'NONE',  ( 0.000000000000000000, 1.000000000000000000, 0.000000000000000000 ) ) ;
#5563 = DIRECTION ( 'NONE',  ( 0.000000000000000000, 0.000000000000000000, -1.000000000000000000 ) ) ;
#5564 = ORIENTED_EDGE ( 'NONE', *, *, #2180, .F. ) ;
#5565 = ORIENTED_EDGE ( 'NONE', *, *, #1551, .T. ) ;
#5566 = CIRCLE ( 'NONE', #1777, 3.750000000000003553 ) ;
#5567 = CARTESIAN_POINT ( 'NONE',  ( 92.25000000000000000, 8.500000000000000000, -135.6737434484819573 ) ) ;
#5568 = VECTOR ( 'NONE', #3563, 1000.000000000000000 ) ;
#5569 = CARTESIAN_POINT ( 'NONE',  ( 105.5000000000000142, 12.69999999999999574, -71.74374344848196472 ) ) ;
#5570 = VERTEX_POINT ( 'NONE', #335 ) ;
#5571 = DIRECTION ( 'NONE',  ( -0.000000000000000000, 1.000000000000000000, -0.000000000000000000 ) ) ;
#5572 = ORIENTED_EDGE ( 'NONE', *, *, #1289, .T. ) ;
#5573 = CARTESIAN_POINT ( 'NONE',  ( 93.50000000000000000, 37.50000000000000000, -195.4999999999999716 ) ) ;
#5574 = VECTOR ( 'NONE', #4800, 1000.000000000000000 ) ;
#5575 = CYLINDRICAL_SURFACE ( 'NONE', #5000, 1.000000000000000888 ) ;
#5576 = LINE ( 'NONE', #3313, #939 ) ;
#5577 = CARTESIAN_POINT ( 'NONE',  ( 92.25000000000000000, 2.500000000000000444, -35.32374344848195591 ) ) ;
#5578 = VECTOR ( 'NONE', #490, 1000.000000000000000 ) ;
#5579 = LINE ( 'NONE', #5067, #1328 ) ;
#5580 = CARTESIAN_POINT ( 'NONE',  ( -0.03582992751219429839, 41.57165985502439298, -91.30772783252415081 ) ) ;
#5581 = EDGE_CURVE ( 'NONE', #5386, #5344, #1024, .T. ) ;
#5582 = EDGE_CURVE ( 'NONE', #621, #3519, #798, .T. ) ;
#5583 = ORIENTED_EDGE ( 'NONE', *, *, #2562, .F. ) ;
#5584 = VECTOR ( 'NONE', #5178, 1000.000000000000000 ) ;
#5585 = ORIENTED_EDGE ( 'NONE', *, *, #414, .F. ) ;
#5586 = ORIENTED_EDGE ( 'NONE', *, *, #3832, .F. ) ;
#5587 = CARTESIAN_POINT ( 'NONE',  ( 105.5000000000000142, 21.50000000000000000, -52.47374344848196159 ) ) ;
#5588 = CARTESIAN_POINT ( 'NONE',  ( -0.6107571928523877203, 42.72151438570483606, -91.99999999999998579 ) ) ;
#5589 = DIRECTION ( 'NONE',  ( 1.000000000000000000, 0.000000000000000000, 0.000000000000000000 ) ) ;
#5590 = FACE_OUTER_BOUND ( 'NONE', #1995, .T. ) ;
#5591 = ORIENTED_EDGE ( 'NONE', *, *, #383, .T. ) ;
#5592 = ORIENTED_EDGE ( 'NONE', *, *, #1132, .F. ) ;
#5593 = AXIS2_PLACEMENT_3D ( 'NONE', #3193, #3652, #1344 ) ;
#5594 = DIRECTION ( 'NONE',  ( 0.000000000000000000, -1.000000000000000000, 0.000000000000000000 ) ) ;
#5595 = CARTESIAN_POINT ( 'NONE',  ( -5.815307244990788327, 32.25499999999999545, -130.0000000000000000 ) ) ;
#5596 = DIRECTION ( 'NONE',  ( 0.000000000000000000, 1.000000000000000000, -0.000000000000000000 ) ) ;
#5597 = ORIENTED_EDGE ( 'NONE', *, *, #1095, .T. ) ;
#5598 = SPHERICAL_SURFACE ( 'NONE', #112, 1.000000000000000000 ) ;
#5599 = ORIENTED_EDGE ( 'NONE', *, *, #3382, .T. ) ;
#5600 = CYLINDRICAL_SURFACE ( 'NONE', #5801, 1.000000000000000000 ) ;
#5601 = EDGE_CURVE ( 'NONE', #6046, #3353, #1305, .T. ) ;
#5602 = DIRECTION ( 'NONE',  ( -1.000000000000000000, 0.000000000000000000, 0.000000000000000000 ) ) ;
#5603 = DIRECTION ( 'NONE',  ( 0.8313644721333690590, -0.5557275541795677620, -0.000000000000000000 ) ) ;
#5604 = DIRECTION ( 'NONE',  ( -1.000000000000000000, 0.000000000000000000, -0.000000000000000000 ) ) ;
#5605 = CARTESIAN_POINT ( 'NONE',  ( 92.25000000000000000, 8.500000000000000000, -33.82374344848196301 ) ) ;
#5606 = DIRECTION ( 'NONE',  ( 0.000000000000000000, 1.000000000000000000, 0.000000000000000000 ) ) ;
#5607 = AXIS2_PLACEMENT_3D ( 'NONE', #496, #2379, #1842 ) ;
#5608 = EDGE_CURVE ( 'NONE', #3167, #2150, #1818, .T. ) ;
#5609 = EDGE_LOOP ( 'NONE', ( #2912, #5597, #4267, #2682 ) ) ;
#5610 = VECTOR ( 'NONE', #738, 1000.000000000000000 ) ;
#5611 = AXIS2_PLACEMENT_3D ( 'NONE', #3242, #5008, #326 ) ;
#5612 = AXIS2_PLACEMENT_3D ( 'NONE', #2452, #3912, #5685 ) ;
#5613 = PLANE ( 'NONE',  #3418 ) ;
#5614 = ADVANCED_FACE ( 'NONE', ( #707 ), #5381, .T. ) ;
#5615 = ORIENTED_EDGE ( 'NONE', *, *, #2625, .F. ) ;
#5616 = EDGE_LOOP ( 'NONE', ( #1775, #3038, #5740, #2780 ) ) ;
#5617 = PLANE ( 'NONE',  #4694 ) ;
#5618 = ADVANCED_FACE ( 'NONE', ( #1206 ), #4949, .T. ) ;
#5619 = CIRCLE ( 'NONE', #3673, 2.250000000000001776 ) ;
#5620 = VECTOR ( 'NONE', #5517, 1000.000000000000000 ) ;
#5621 = ORIENTED_EDGE ( 'NONE', *, *, #451, .F. ) ;
#5622 = EDGE_CURVE ( 'NONE', #3612, #3220, #3176, .T. ) ;
#5623 = EDGE_CURVE ( 'NONE', #2331, #4571, #3125, .T. ) ;
#5624 = LINE ( 'NONE', #2812, #4401 ) ;
#5625 = AXIS2_PLACEMENT_3D ( 'NONE', #234, #5866, #667 ) ;
#5626 = DIRECTION ( 'NONE',  ( -4.336808689942021680E-16, 0.000000000000000000, -1.000000000000000000 ) ) ;
#5627 = ORIENTED_EDGE ( 'NONE', *, *, #2444, .T. ) ;
#5628 = VECTOR ( 'NONE', #5207, 1000.000000000000000 ) ;
#5629 = EDGE_LOOP ( 'NONE', ( #2295, #2990, #752, #1168 ) ) ;
#5630 = CARTESIAN_POINT ( 'NONE',  ( 100.0000000000000000, 70.45000000000000284, -201.9999999999999716 ) ) ;
#5631 = DIRECTION ( 'NONE',  ( -0.000000000000000000, -1.000000000000000000, -0.000000000000000000 ) ) ;
#5632 = ADVANCED_FACE ( 'NONE', ( #2133 ), #3754, .T. ) ;
#5633 = LINE ( 'NONE', #4789, #2109 ) ;
#5634 = ORIENTED_EDGE ( 'NONE', *, *, #1109, .T. ) ;
#5635 = FACE_OUTER_BOUND ( 'NONE', #2473, .T. ) ;
#5636 = VERTEX_POINT ( 'NONE', #4984 ) ;
#5637 = CARTESIAN_POINT ( 'NONE',  ( 87.75000000000000000, 35.00000000000000000, -210.0000000000000000 ) ) ;
#5638 = FACE_BOUND ( 'NONE', #2193, .T. ) ;
#5639 = DIRECTION ( 'NONE',  ( 0.000000000000000000, 0.000000000000000000, 1.000000000000000000 ) ) ;
#5640 = DIRECTION ( 'NONE',  ( -1.000000000000000000, -0.000000000000000000, -0.000000000000000000 ) ) ;
#5641 = CARTESIAN_POINT ( 'NONE',  ( 11.49999999999999645, 2.500000000000000000, -192.4999999999999716 ) ) ;
#5642 = CARTESIAN_POINT ( 'NONE',  ( 0.000000000000000000, 2.500000000000000000, 0.000000000000000000 ) ) ;
#5643 = CARTESIAN_POINT ( 'NONE',  ( -39.24999999999999289, 1.000000000000000000, -200.4999999999999716 ) ) ;
#5644 = EDGE_CURVE ( 'NONE', #1992, #4720, #5015, .T. ) ;
#5645 = CARTESIAN_POINT ( 'NONE',  ( 1.500000000000016875, 46.50000000000000000, -11.50000000000003730 ) ) ;
#5646 =( BOUNDED_CURVE ( )  B_SPLINE_CURVE ( 3, ( #5053, #863, #2732, #3217 ),
 .UNSPECIFIED., .F., .F. ) 
 B_SPLINE_CURVE_WITH_KNOTS ( ( 4, 4 ),
 ( 4.712388980384689674, 6.283185307179586232 ),
 .UNSPECIFIED. ) 
 CURVE ( )  GEOMETRIC_REPRESENTATION_ITEM ( )  RATIONAL_B_SPLINE_CURVE ( ( 1.000000000000000000, 0.8047378541243649375, 0.8047378541243649375, 1.000000000000000000 ) ) 
 REPRESENTATION_ITEM ( '' )  );
#5647 = VERTEX_POINT ( 'NONE', #5905 ) ;
#5648 = ORIENTED_EDGE ( 'NONE', *, *, #4082, .T. ) ;
#5649 = VERTEX_POINT ( 'NONE', #830 ) ;
#5650 = DIRECTION ( 'NONE',  ( -1.000000000000000000, 0.000000000000000000, 2.578203787678638882E-17 ) ) ;
#5651 = LINE ( 'NONE', #4695, #1781 ) ;
#5652 = DIRECTION ( 'NONE',  ( 1.000000000000000000, 0.000000000000000000, -2.578203787678638882E-17 ) ) ;
#5653 = ORIENTED_EDGE ( 'NONE', *, *, #4673, .F. ) ;
#5654 = ORIENTED_EDGE ( 'NONE', *, *, #5440, .T. ) ;
#5655 = ADVANCED_FACE ( 'NONE', ( #2224 ), #4070, .T. ) ;
#5656 = CYLINDRICAL_SURFACE ( 'NONE', #1873, 1.000000000000000000 ) ;
#5657 = CARTESIAN_POINT ( 'NONE',  ( 15.94999999999996376, 2.500000000000000444, -135.6737434499999893 ) ) ;
#5658 = DIRECTION ( 'NONE',  ( 0.000000000000000000, 0.000000000000000000, -1.000000000000000000 ) ) ;
#5659 = AXIS2_PLACEMENT_3D ( 'NONE', #890, #2762, #364 ) ;
#5660 = VERTEX_POINT ( 'NONE', #2248 ) ;
#5661 = CARTESIAN_POINT ( 'NONE',  ( 98.50000000000000000, 47.50000000000000000, 0.000000000000000000 ) ) ;
#5662 = ORIENTED_EDGE ( 'NONE', *, *, #829, .T. ) ;
#5663 = DIRECTION ( 'NONE',  ( 1.000000000000000000, 0.000000000000000000, 0.000000000000000000 ) ) ;
#5664 = DIRECTION ( 'NONE',  ( 0.000000000000000000, 1.000000000000000000, -0.000000000000000000 ) ) ;
#5665 = DIRECTION ( 'NONE',  ( 1.000000000000000000, 0.000000000000000000, 0.000000000000000000 ) ) ;
#5666 = DIRECTION ( 'NONE',  ( 0.000000000000000000, -1.000000000000000000, 0.000000000000000000 ) ) ;
#5667 = CARTESIAN_POINT ( 'NONE',  ( 10.49999999999999467, 3.500000000000000000, -198.4999999999999716 ) ) ;
#5668 = CARTESIAN_POINT ( 'NONE',  ( 89.50000000000001421, 46.50000000000000000, -3.499999999999999556 ) ) ;
#5669 = CARTESIAN_POINT ( 'NONE',  ( 100.0000000000000000, 62.50000000000000000, -201.9999999999999716 ) ) ;
#5670 = VECTOR ( 'NONE', #3755, 1000.000000000000000 ) ;
#5671 = CARTESIAN_POINT ( 'NONE',  ( 97.50000000000000000, 47.50000000000000000, -188.9999999999999716 ) ) ;
#5672 = ORIENTED_EDGE ( 'NONE', *, *, #401, .T. ) ;
#5673 = EDGE_CURVE ( 'NONE', #3472, #355, #4098, .T. ) ;
#5674 = ORIENTED_EDGE ( 'NONE', *, *, #1699, .T. ) ;
#5675 =( BOUNDED_CURVE ( )  B_SPLINE_CURVE ( 3, ( #3405, #2409, #613, #2493 ),
 .UNSPECIFIED., .F., .F. ) 
 B_SPLINE_CURVE_WITH_KNOTS ( ( 4, 4 ),
 ( 0.000000000000000000, 1.570796326794896558 ),
 .UNSPECIFIED. ) 
 CURVE ( )  GEOMETRIC_REPRESENTATION_ITEM ( )  RATIONAL_B_SPLINE_CURVE ( ( 1.000000000000000000, 0.8047378541243649375, 0.8047378541243649375, 1.000000000000000000 ) ) 
 REPRESENTATION_ITEM ( '' )  );
#5676 = VECTOR ( 'NONE', #2459, 1000.000000000000000 ) ;
#5677 = CARTESIAN_POINT ( 'NONE',  ( 89.50000000000001421, 3.500000000000000000, -10.50000000000000000 ) ) ;
#5678 = AXIS2_PLACEMENT_3D ( 'NONE', #4497, #312, #1213 ) ;
#5679 = DIRECTION ( 'NONE',  ( 2.168404344971009361E-16, -0.000000000000000000, 1.000000000000000000 ) ) ;
#5680 = EDGE_LOOP ( 'NONE', ( #2338, #692, #1271, #1193 ) ) ;
#5681 = EDGE_CURVE ( 'NONE', #1511, #5818, #5082, .T. ) ;
#5682 = ORIENTED_EDGE ( 'NONE', *, *, #2208, .F. ) ;
#5683 = CARTESIAN_POINT ( 'NONE',  ( -39.24999999999999289, 1.000000000000000888, -200.9999999999999716 ) ) ;
#5684 = EDGE_CURVE ( 'NONE', #5876, #1004, #5810, .T. ) ;
#5685 = DIRECTION ( 'NONE',  ( 0.000000000000000000, 0.000000000000000000, 1.000000000000000000 ) ) ;
#5687 = CARTESIAN_POINT ( 'NONE',  ( 97.50000000000000000, 6.999999999999998224, -70.74374344848196472 ) ) ;
#5686 = VECTOR ( 'NONE', #5259, 1000.000000000000000 ) ;
#5688 = ORIENTED_EDGE ( 'NONE', *, *, #3109, .T. ) ;
#5689 = ADVANCED_FACE ( 'NONE', ( #1424 ), #2591, .T. ) ;
#5690 = CYLINDRICAL_SURFACE ( 'NONE', #2298, 1.000000000000000888 ) ;
#5691 = EDGE_LOOP ( 'NONE', ( #4721, #419, #4952, #309 ) ) ;
#5692 = ADVANCED_FACE ( 'NONE', ( #2763 ), #4246, .T. ) ;
#5693 = LINE ( 'NONE', #4794, #3670 ) ;
#5694 = EDGE_CURVE ( 'NONE', #3518, #1322, #4911, .T. ) ;
#5695 = DIRECTION ( 'NONE',  ( 1.000000000000000000, -0.000000000000000000, -0.000000000000000000 ) ) ;
#5696 = LINE ( 'NONE', #3287, #3331 ) ;
#5697 = DIRECTION ( 'NONE',  ( 1.000000000000000000, 0.000000000000000000, 0.000000000000000000 ) ) ;
#5698 = DIRECTION ( 'NONE',  ( 0.000000000000000000, -0.000000000000000000, -1.000000000000000000 ) ) ;
#5699 = DIRECTION ( 'NONE',  ( 0.000000000000000000, 0.000000000000000000, 1.000000000000000000 ) ) ;
#5700 = CARTESIAN_POINT ( 'NONE',  ( -1.000000000000003553, 6.499999999999999112, -130.0000000000000000 ) ) ;
#5701 = LINE ( 'NONE', #4833, #1931 ) ;
#5702 = CARTESIAN_POINT ( 'NONE',  ( 6.499999999999994671, 37.50000000000000000, -6.500000000000000000 ) ) ;
#5703 = EDGE_LOOP ( 'NONE', ( #410, #1768, #4667, #4808, #267 ) ) ;
#5704 = DIRECTION ( 'NONE',  ( -2.578203787678638882E-17, -0.000000000000000000, -1.000000000000000000 ) ) ;
#5705 = VECTOR ( 'NONE', #3708, 1000.000000000000000 ) ;
#5706 = VECTOR ( 'NONE', #68, 1000.000000000000000 ) ;
#5707 = CARTESIAN_POINT ( 'NONE',  ( -5.815307244990785662, 12.25499999999999723, -130.0000000000000000 ) ) ;
#5708 = AXIS2_PLACEMENT_3D ( 'NONE', #1857, #5631, #1365 ) ;
#5709 = ORIENTED_EDGE ( 'NONE', *, *, #1941, .F. ) ;
#5710 = ORIENTED_EDGE ( 'NONE', *, *, #5429, .F. ) ;
#5711 = CARTESIAN_POINT ( 'NONE',  ( -3.202229855454900583E-15, 12.05999999999999872, -80.00000000000000000 ) ) ;
#5712 = AXIS2_PLACEMENT_3D ( 'NONE', #437, #408, #3717 ) ;
#5713 = VECTOR ( 'NONE', #3790, 1000.000000000000000 ) ;
#5714 = AXIS2_PLACEMENT_3D ( 'NONE', #635, #4879, #5434 ) ;
#5715 = VECTOR ( 'NONE', #3496, 1000.000000000000000 ) ;
#5716 = ORIENTED_EDGE ( 'NONE', *, *, #541, .T. ) ;
#5717 = ORIENTED_EDGE ( 'NONE', *, *, #2747, .T. ) ;
#5718 = VECTOR ( 'NONE', #2093, 1000.000000000000000 ) ;
#5719 = DIRECTION ( 'NONE',  ( 2.578203787678638882E-17, -0.000000000000000000, 1.000000000000000000 ) ) ;
#5720 = DIRECTION ( 'NONE',  ( -1.000000000000000000, 0.000000000000000000, 0.000000000000000000 ) ) ;
#5721 = AXIS2_PLACEMENT_3D ( 'NONE', #4582, #2282, #5380 ) ;
#5722 = DIRECTION ( 'NONE',  ( 0.000000000000000000, 0.000000000000000000, 1.000000000000000000 ) ) ;
#5723 = ORIENTED_EDGE ( 'NONE', *, *, #662, .F. ) ;
#5724 = CARTESIAN_POINT ( 'NONE',  ( 105.5000000000000142, 12.69999999999999574, -88.04374344848194767 ) ) ;
#5725 = ORIENTED_EDGE ( 'NONE', *, *, #2660, .F. ) ;
#5726 = CARTESIAN_POINT ( 'NONE',  ( -1.000000000000005329, 41.00000000000000000, -200.9999999999999716 ) ) ;
#5727 = DIRECTION ( 'NONE',  ( 0.000000000000000000, 0.000000000000000000, 1.000000000000000000 ) ) ;
#5728 = DIRECTION ( 'NONE',  ( 0.000000000000000000, 1.000000000000000000, 0.000000000000000000 ) ) ;
#5729 = CARTESIAN_POINT ( 'NONE',  ( -3.130000000000003002, 12.05999999999999872, -130.0000000000000000 ) ) ;
#5730 = CYLINDRICAL_SURFACE ( 'NONE', #527, 1.000000000000000000 ) ;
#5731 = CARTESIAN_POINT ( 'NONE',  ( 0.000000000000000000, 2.500000000000000000, 0.000000000000000000 ) ) ;
#5732 = CARTESIAN_POINT ( 'NONE',  ( 88.50000000000001421, 3.500000000000000000, -9.500000000000001776 ) ) ;
#5733 = EDGE_CURVE ( 'NONE', #1919, #2515, #395, .T. ) ;
#5734 = CARTESIAN_POINT ( 'NONE',  ( -10.25000000000000533, 30.00000000000000000, -201.9999999999999716 ) ) ;
#5735 = DIRECTION ( 'NONE',  ( 0.000000000000000000, 0.000000000000000000, 1.000000000000000000 ) ) ;
#5736 = FACE_OUTER_BOUND ( 'NONE', #813, .T. ) ;
#5737 = ORIENTED_EDGE ( 'NONE', *, *, #1401, .T. ) ;
#5738 = LINE ( 'NONE', #1527, #2506 ) ;
#5739 = ORIENTED_EDGE ( 'NONE', *, *, #200, .F. ) ;
#5740 = ORIENTED_EDGE ( 'NONE', *, *, #2821, .T. ) ;
#5741 = CARTESIAN_POINT ( 'NONE',  ( 15.95000000000000639, 8.500000000000000000, -33.82374345000000204 ) ) ;
#5742 = EDGE_CURVE ( 'NONE', #5406, #2245, #422, .T. ) ;
#5743 = VERTEX_POINT ( 'NONE', #3276 ) ;
#5744 = ORIENTED_EDGE ( 'NONE', *, *, #4863, .T. ) ;
#5745 = EDGE_CURVE ( 'NONE', #4698, #3612, #2822, .T. ) ;
#5746 = DIRECTION ( 'NONE',  ( 0.000000000000000000, 2.312964634635743450E-16, 1.000000000000000000 ) ) ;
#5747 = CARTESIAN_POINT ( 'NONE',  ( 100.0000000000000000, 1.000000000000000888, -210.0000000000000000 ) ) ;
#5748 = DIRECTION ( 'NONE',  ( -0.000000000000000000, -1.000000000000000000, -0.000000000000000000 ) ) ;
#5749 = ORIENTED_EDGE ( 'NONE', *, *, #793, .F. ) ;
#5750 = DIRECTION ( 'NONE',  ( 0.000000000000000000, 0.000000000000000000, -1.000000000000000000 ) ) ;
#5751 = ORIENTED_EDGE ( 'NONE', *, *, #1037, .F. ) ;
#5752 = CARTESIAN_POINT ( 'NONE',  ( -3.130000000000002114, 24.50999999999999801, -130.0000000000000000 ) ) ;
#5753 = CARTESIAN_POINT ( 'NONE',  ( 11.49999999999999645, 2.500000000000000000, -3.499999999999999556 ) ) ;
#5754 = DIRECTION ( 'NONE',  ( 1.000000000000000000, 0.000000000000000000, 0.000000000000000000 ) ) ;
#5755 = VECTOR ( 'NONE', #1574, 1000.000000000000000 ) ;
#5756 = DIRECTION ( 'NONE',  ( 1.000000000000000000, 0.000000000000000000, 0.000000000000000000 ) ) ;
#5757 = DIRECTION ( 'NONE',  ( 2.578203787678638882E-17, -0.000000000000000000, 1.000000000000000000 ) ) ;
#5758 = DIRECTION ( 'NONE',  ( -0.000000000000000000, -1.000000000000000000, -0.000000000000000000 ) ) ;
#5759 = CARTESIAN_POINT ( 'NONE',  ( 96.50000000000000000, 3.500000000000000000, -187.9999999999999432 ) ) ;
#5760 = VERTEX_POINT ( 'NONE', #4216 ) ;
#5761 = LINE ( 'NONE', #5304, #4535 ) ;
#5762 = AXIS2_PLACEMENT_3D ( 'NONE', #1257, #3542, #4969 ) ;
#5763 = DIRECTION ( 'NONE',  ( 1.000000000000000000, 0.000000000000000000, 0.000000000000000000 ) ) ;
#5764 = SPHERICAL_SURFACE ( 'NONE', #1194, 1.000000000000000000 ) ;
#5765 = DIRECTION ( 'NONE',  ( -0.000000000000000000, 1.000000000000000000, -0.000000000000000000 ) ) ;
#5766 = CIRCLE ( 'NONE', #4977, 2.750000000000002665 ) ;
#5767 = ORIENTED_EDGE ( 'NONE', *, *, #5334, .T. ) ;
#5768 = ORIENTED_EDGE ( 'NONE', *, *, #2965, .F. ) ;
#5769 = ORIENTED_EDGE ( 'NONE', *, *, #4650, .F. ) ;
#5770 = EDGE_CURVE ( 'NONE', #1756, #4691, #4918, .T. ) ;
#5771 = CARTESIAN_POINT ( 'NONE',  ( -5.815307244990788327, 6.304999999999996163, -80.00000000000000000 ) ) ;
#5772 = ADVANCED_FACE ( 'NONE', ( #24 ), #1917, .F. ) ;
#5773 = VECTOR ( 'NONE', #4235, 1000.000000000000000 ) ;
#5774 = VECTOR ( 'NONE', #4593, 1000.000000000000000 ) ;
#5775 = ORIENTED_EDGE ( 'NONE', *, *, #166, .T. ) ;
#5776 = ORIENTED_EDGE ( 'NONE', *, *, #2929, .T. ) ;
#5777 = AXIS2_PLACEMENT_3D ( 'NONE', #474, #4209, #4149 ) ;
#5778 = ADVANCED_FACE ( 'NONE', ( #3762 ), #3305, .F. ) ;
#5779 = CARTESIAN_POINT ( 'NONE',  ( 98.50000000000000000, 22.50000000000000000, -52.47374344848196159 ) ) ;
#5780 = CARTESIAN_POINT ( 'NONE',  ( 1.000000000000000000, 47.50000000000000000, 0.000000000000000000 ) ) ;
#5781 = FACE_OUTER_BOUND ( 'NONE', #4843, .T. ) ;
#5782 = ORIENTED_EDGE ( 'NONE', *, *, #4936, .T. ) ;
#5783 = DIRECTION ( 'NONE',  ( 0.000000000000000000, 0.000000000000000000, 1.000000000000000000 ) ) ;
#5784 = VERTEX_POINT ( 'NONE', #921 ) ;
#5785 = CARTESIAN_POINT ( 'NONE',  ( 3.500000000000016875, 3.500000000000000000, -10.50000000000000000 ) ) ;
#5786 = EDGE_CURVE ( 'NONE', #3472, #5743, #5646, .T. ) ;
#5787 = CARTESIAN_POINT ( 'NONE',  ( 80.00000000000000000, 7.500000000000000000, -10.00000000000000000 ) ) ;
#5788 = DIRECTION ( 'NONE',  ( 1.000000000000000000, -6.938893903907228378E-15, 0.000000000000000000 ) ) ;
#5789 = DIRECTION ( 'NONE',  ( 0.000000000000000000, 1.000000000000000000, 0.000000000000000000 ) ) ;
#5790 = CARTESIAN_POINT ( 'NONE',  ( 96.50000000000000000, 3.500000000000000000, -187.9999999999999716 ) ) ;
#5791 = DIRECTION ( 'NONE',  ( -0.000000000000000000, 1.000000000000000000, 0.000000000000000000 ) ) ;
#5792 = CARTESIAN_POINT ( 'NONE',  ( 96.50000000000000000, 3.500000000000000000, -188.9999999999999716 ) ) ;
#5793 = ORIENTED_EDGE ( 'NONE', *, *, #3297, .T. ) ;
#5794 = ADVANCED_FACE ( 'NONE', ( #2794 ), #3789, .T. ) ;
#5795 = CARTESIAN_POINT ( 'NONE',  ( 97.50000000000000000, 22.50000000000000000, -51.47374344848196159 ) ) ;
#5796 = DIRECTION ( 'NONE',  ( 0.000000000000000000, 0.000000000000000000, -1.000000000000000000 ) ) ;
#5797 = DIRECTION ( 'NONE',  ( -1.000000000000000000, 4.373252460445732411E-16, 0.000000000000000000 ) ) ;
#5798 = ORIENTED_EDGE ( 'NONE', *, *, #2141, .F. ) ;
#5799 = ORIENTED_EDGE ( 'NONE', *, *, #2445, .F. ) ;
#5800 = LINE ( 'NONE', #2474, #4433 ) ;
#5801 = AXIS2_PLACEMENT_3D ( 'NONE', #4132, #2770, #6057 ) ;
#5802 = ADVANCED_FACE ( 'NONE', ( #5993 ), #1336, .T. ) ;
#5803 = EDGE_CURVE ( 'NONE', #6040, #5132, #1829, .T. ) ;
#5804 = VERTEX_POINT ( 'NONE', #3848 ) ;
#5805 = EDGE_CURVE ( 'NONE', #13, #3632, #671, .T. ) ;
#5806 = VECTOR ( 'NONE', #5791, 1000.000000000000000 ) ;
#5807 = VECTOR ( 'NONE', #455, 1000.000000000000000 ) ;
#5808 = ADVANCED_FACE ( 'NONE', ( #1535 ), #4297, .T. ) ;
#5809 = VERTEX_POINT ( 'NONE', #2091 ) ;
#5810 = CIRCLE ( 'NONE', #5219, 1.500000000000001332 ) ;
#5811 = ADVANCED_FACE ( 'NONE', ( #4757 ), #1137, .F. ) ;
#5812 = VECTOR ( 'NONE', #3580, 1000.000000000000000 ) ;
#5813 = LINE ( 'NONE', #4420, #5177 ) ;
#5814 = VECTOR ( 'NONE', #1974, 1000.000000000000000 ) ;
#5815 = CARTESIAN_POINT ( 'NONE',  ( -10.25000000000000533, 30.00000000000000000, -199.5000000000000000 ) ) ;
#5816 = FACE_OUTER_BOUND ( 'NONE', #2893, .T. ) ;
#5817 = FACE_OUTER_BOUND ( 'NONE', #4492, .T. ) ;
#5818 = VERTEX_POINT ( 'NONE', #3394 ) ;
#5819 = PLANE ( 'NONE',  #3327 ) ;
#5820 = VERTEX_POINT ( 'NONE', #3939 ) ;
#5821 = VECTOR ( 'NONE', #9, 1000.000000000000000 ) ;
#5822 = VECTOR ( 'NONE', #459, 1000.000000000000114 ) ;
#5823 = CARTESIAN_POINT ( 'NONE',  ( -40.24999999999998579, 40.00000000000000000, -199.5000000000000000 ) ) ;
#5824 = TOROIDAL_SURFACE ( 'NONE', #3185, 3.750000000000008882, 1.000000000000000000 ) ;
#5825 = CARTESIAN_POINT ( 'NONE',  ( -3.130000000000003890, 34.04999999999999716, -80.00000000000000000 ) ) ;
#5826 = CARTESIAN_POINT ( 'NONE',  ( 92.25000000000000000, 3.499999999999999556, -33.82374344848196301 ) ) ;
#5827 = DIRECTION ( 'NONE',  ( 0.000000000000000000, -2.312964634635743450E-16, -1.000000000000000000 ) ) ;
#5828 = FACE_OUTER_BOUND ( 'NONE', #5629, .T. ) ;
#5829 = DIRECTION ( 'NONE',  ( 0.4472135954999417184, -0.8944271909999239600, 0.000000000000000000 ) ) ;
#5830 = DIRECTION ( 'NONE',  ( 0.000000000000000000, -1.000000000000000000, 0.000000000000000000 ) ) ;
#5831 = DIRECTION ( 'NONE',  ( 0.000000000000000000, 0.000000000000000000, -1.000000000000000000 ) ) ;
#5832 = DIRECTION ( 'NONE',  ( 0.000000000000000000, 0.000000000000000000, 1.000000000000000000 ) ) ;
#5833 = EDGE_CURVE ( 'NONE', #2910, #3413, #1482, .T. ) ;
#5834 = ORIENTED_EDGE ( 'NONE', *, *, #448, .T. ) ;
#5835 = ORIENTED_EDGE ( 'NONE', *, *, #4157, .F. ) ;
#5836 = LINE ( 'NONE', #5771, #229 ) ;
#5837 = EDGE_LOOP ( 'NONE', ( #1023, #5200, #1155, #1250 ) ) ;
#5838 = ORIENTED_EDGE ( 'NONE', *, *, #5418, .F. ) ;
#5839 = DIRECTION ( 'NONE',  ( 0.000000000000000000, 0.000000000000000000, -1.000000000000000000 ) ) ;
#5840 = FACE_OUTER_BOUND ( 'NONE', #470, .T. ) ;
#5841 = DIRECTION ( 'NONE',  ( 0.000000000000000000, 1.000000000000000000, 0.000000000000000000 ) ) ;
#5842 = CARTESIAN_POINT ( 'NONE',  ( 89.50000000000001421, 47.50000000000000000, -3.499999999999999556 ) ) ;
#5843 = ORIENTED_EDGE ( 'NONE', *, *, #4735, .T. ) ;
#5844 = ORIENTED_EDGE ( 'NONE', *, *, #1477, .T. ) ;
#5845 = DIRECTION ( 'NONE',  ( 0.000000000000000000, 0.000000000000000000, 1.000000000000000000 ) ) ;
#5846 = CARTESIAN_POINT ( 'NONE',  ( -1.000000000000002220, 6.500000000000000888, -80.00000000000000000 ) ) ;
#5847 = DIRECTION ( 'NONE',  ( 0.000000000000000000, 1.000000000000000000, 0.000000000000000000 ) ) ;
#5848 = PLANE ( 'NONE',  #537 ) ;
#5849 = EDGE_LOOP ( 'NONE', ( #5859, #2799, #501, #3461 ) ) ;
#5850 = DIRECTION ( 'NONE',  ( -1.000000000000000000, 0.000000000000000000, 0.000000000000000000 ) ) ;
#5851 = VECTOR ( 'NONE', #4339, 1000.000000000000000 ) ;
#5852 = CARTESIAN_POINT ( 'NONE',  ( 15.94999999999996376, 3.499999999999999556, -135.6737434499999893 ) ) ;
#5853 = CARTESIAN_POINT ( 'NONE',  ( 9.499999999999996447, 47.50000000000000000, -198.4999999999999716 ) ) ;
#5854 = CARTESIAN_POINT ( 'NONE',  ( 97.50000000000000000, 25.59999999999999787, -101.5637434484819437 ) ) ;
#5855 = ORIENTED_EDGE ( 'NONE', *, *, #5803, .T. ) ;
#5856 = ORIENTED_EDGE ( 'NONE', *, *, #6027, .T. ) ;
#5857 = CIRCLE ( 'NONE', #5079, 1.000000000000000000 ) ;
#5858 = VECTOR ( 'NONE', #218, 1000.000000000000000 ) ;
#5859 = ORIENTED_EDGE ( 'NONE', *, *, #3364, .T. ) ;
#5860 = ORIENTED_EDGE ( 'NONE', *, *, #4716, .F. ) ;
#5861 = VECTOR ( 'NONE', #3084, 1000.000000000000000 ) ;
#5862 = DIRECTION ( 'NONE',  ( 0.000000000000000000, 0.000000000000000000, 1.000000000000000000 ) ) ;
#5863 = CARTESIAN_POINT ( 'NONE',  ( -5.143516556418884111E-15, 25.49999999999999645, -199.5000000000000000 ) ) ;
#5864 = EDGE_CURVE ( 'NONE', #4620, #1533, #3818, .T. ) ;
#5865 = DIRECTION ( 'NONE',  ( 0.4472135954999417184, -0.8944271909999239600, 0.000000000000000000 ) ) ;
#5866 = DIRECTION ( 'NONE',  ( 0.000000000000000000, 1.000000000000000000, 0.000000000000000000 ) ) ;
#5867 = ORIENTED_EDGE ( 'NONE', *, *, #1143, .T. ) ;
#5868 = CARTESIAN_POINT ( 'NONE',  ( 10.49999999999999645, 46.50000000000000000, -1.500000000000000222 ) ) ;
#5869 = ORIENTED_EDGE ( 'NONE', *, *, #4936, .F. ) ;
#5870 = CIRCLE ( 'NONE', #1891, 1.000000000000000888 ) ;
#5871 = EDGE_CURVE ( 'NONE', #4790, #2385, #4360, .T. ) ;
#5872 = CARTESIAN_POINT ( 'NONE',  ( 10.49999999999999467, 3.500000000000016875, -10.50000000000000000 ) ) ;
#5873 = DIRECTION ( 'NONE',  ( 0.000000000000000000, -1.000000000000000000, 0.000000000000000000 ) ) ;
#5874 = EDGE_CURVE ( 'NONE', #2925, #3330, #5256, .T. ) ;
#5875 = CARTESIAN_POINT ( 'NONE',  ( -40.24999999999998579, 40.00000000000000000, -200.9999999999999716 ) ) ;
#5876 = VERTEX_POINT ( 'NONE', #3333 ) ;
#5877 = ADVANCED_FACE ( 'NONE', ( #3424 ), #4850, .T. ) ;
#5878 = CARTESIAN_POINT ( 'NONE',  ( 97.50000000000000000, 22.50000000000000000, -51.47374344848196159 ) ) ;
#5879 = ORIENTED_EDGE ( 'NONE', *, *, #1083, .T. ) ;
#5880 = VERTEX_POINT ( 'NONE', #5319 ) ;
#5881 = EDGE_CURVE ( 'NONE', #1413, #215, #2877, .T. ) ;
#5882 = DIRECTION ( 'NONE',  ( 2.168404344971007142E-16, -0.000000000000000000, 1.000000000000000000 ) ) ;
#5883 = CARTESIAN_POINT ( 'NONE',  ( 97.49999999999997158, 26.01421356237309723, -100.9779570108550502 ) ) ;
#5884 = CARTESIAN_POINT ( 'NONE',  ( 97.50000000000000000, 13.69999999999999751, -70.74374344848196472 ) ) ;
#5885 = VERTEX_POINT ( 'NONE', #83 ) ;
#5886 = VECTOR ( 'NONE', #1427, 1000.000000000000000 ) ;
#5887 = ORIENTED_EDGE ( 'NONE', *, *, #598, .F. ) ;
#5888 = EDGE_CURVE ( 'NONE', #4093, #4803, #2059, .T. ) ;
#5889 = ORIENTED_EDGE ( 'NONE', *, *, #4735, .F. ) ;
#5890 = VERTEX_POINT ( 'NONE', #1006 ) ;
#5891 = CYLINDRICAL_SURFACE ( 'NONE', #1174, 1.500000000000001332 ) ;
#5892 = FACE_OUTER_BOUND ( 'NONE', #750, .T. ) ;
#5893 = CYLINDRICAL_SURFACE ( 'NONE', #5524, 1.000000000000000000 ) ;
#5894 = CARTESIAN_POINT ( 'NONE',  ( -5.143516556418884111E-15, 5.499999999999998224, -199.5000000000000000 ) ) ;
#5895 = CARTESIAN_POINT ( 'NONE',  ( 105.5000000000000142, 7.999999999999996447, -88.04374344848194767 ) ) ;
#5896 = CIRCLE ( 'NONE', #3668, 1.400000000000012346 ) ;
#5897 = CARTESIAN_POINT ( 'NONE',  ( -2.999999999999862776, 47.50000000000000000, -201.5857864376268935 ) ) ;
#5898 = ORIENTED_EDGE ( 'NONE', *, *, #4352, .F. ) ;
#5899 = CARTESIAN_POINT ( 'NONE',  ( 80.00000000000000000, 47.50000000000000000, 0.000000000000000000 ) ) ;
#5900 = ORIENTED_EDGE ( 'NONE', *, *, #2681, .F. ) ;
#5901 = CIRCLE ( 'NONE', #5611, 2.000000000000000000 ) ;
#5902 = AXIS2_PLACEMENT_3D ( 'NONE', #2397, #2283, #5111 ) ;
#5903 = EDGE_CURVE ( 'NONE', #4648, #3357, #1039, .T. ) ;
#5904 = DIRECTION ( 'NONE',  ( 0.000000000000000000, 1.000000000000000000, 0.000000000000000000 ) ) ;
#5905 = CARTESIAN_POINT ( 'NONE',  ( -2.036780992266124193E-15, 25.49999999999999645, -79.00000000000000000 ) ) ;
#5906 = CARTESIAN_POINT ( 'NONE',  ( -30.25000000000000711, 10.50000000000000178, -201.9999999999999716 ) ) ;
#5907 = ORIENTED_EDGE ( 'NONE', *, *, #3392, .F. ) ;
#5908 =( BOUNDED_CURVE ( )  B_SPLINE_CURVE ( 3, ( #3209, #321, #3675, #4638 ),
 .UNSPECIFIED., .F., .F. ) 
 B_SPLINE_CURVE_WITH_KNOTS ( ( 4, 4 ),
 ( 0.000000000000000000, 1.570796326794896558 ),
 .UNSPECIFIED. ) 
 CURVE ( )  GEOMETRIC_REPRESENTATION_ITEM ( )  RATIONAL_B_SPLINE_CURVE ( ( 1.000000000000000000, 0.8047378541243649375, 0.8047378541243649375, 1.000000000000000000 ) ) 
 REPRESENTATION_ITEM ( '' )  );
#5909 = AXIS2_PLACEMENT_3D ( 'NONE', #1579, #1608, #1643 ) ;
#5910 = CIRCLE ( 'NONE', #826, 2.000000000000001776 ) ;
#5911 = EDGE_CURVE ( 'NONE', #5890, #5101, #332, .T. ) ;
#5912 = DIRECTION ( 'NONE',  ( -1.000000000000000000, -0.000000000000000000, -0.000000000000000000 ) ) ;
#5913 = ORIENTED_EDGE ( 'NONE', *, *, #4711, .T. ) ;
#5914 = ORIENTED_EDGE ( 'NONE', *, *, #1175, .T. ) ;
#5915 = FACE_OUTER_BOUND ( 'NONE', #5018, .T. ) ;
#5916 = AXIS2_PLACEMENT_3D ( 'NONE', #1232, #3581, #3117 ) ;
#5917 = PLANE ( 'NONE',  #4783 ) ;
#5918 = DIRECTION ( 'NONE',  ( 0.000000000000000000, 1.000000000000000000, 0.000000000000000000 ) ) ;
#5919 = FACE_OUTER_BOUND ( 'NONE', #208, .T. ) ;
#5920 = DIRECTION ( 'NONE',  ( -1.000000000000000000, 0.000000000000000000, 0.000000000000000000 ) ) ;
#5921 = AXIS2_PLACEMENT_3D ( 'NONE', #988, #66, #5604 ) ;
#5922 = EDGE_LOOP ( 'NONE', ( #2745, #4182, #4814, #951 ) ) ;
#5923 = VERTEX_POINT ( 'NONE', #1066 ) ;
#5924 = VERTEX_POINT ( 'NONE', #2936 ) ;
#5925 = ORIENTED_EDGE ( 'NONE', *, *, #1478, .F. ) ;
#5926 = EDGE_CURVE ( 'NONE', #2781, #1588, #1947, .T. ) ;
#5927 = CARTESIAN_POINT ( 'NONE',  ( 90.00000000000000000, 35.00000000000000000, -201.9999999999999716 ) ) ;
#5928 = LINE ( 'NONE', #883, #1288 ) ;
#5929 = CARTESIAN_POINT ( 'NONE',  ( -8.000000000000003553, 30.00000000000000000, -201.9999999999999716 ) ) ;
#5930 = DIRECTION ( 'NONE',  ( -0.000000000000000000, 1.000000000000000000, 0.000000000000000000 ) ) ;
#5931 = DIRECTION ( 'NONE',  ( -0.000000000000000000, -1.000000000000000000, -0.000000000000000000 ) ) ;
#5932 = VERTEX_POINT ( 'NONE', #600 ) ;
#5933 = DIRECTION ( 'NONE',  ( -1.000000000000000000, 0.000000000000000000, 0.000000000000000000 ) ) ;
#5934 = VERTEX_POINT ( 'NONE', #5747 ) ;
#5935 = CARTESIAN_POINT ( 'NONE',  ( 97.50000000000000000, 6.999999999999996447, -89.04374344848194767 ) ) ;
#5936 = DIRECTION ( 'NONE',  ( 0.000000000000000000, 0.000000000000000000, 1.000000000000000000 ) ) ;
#5937 = CARTESIAN_POINT ( 'NONE',  ( -5.815307244990788327, 6.304999999999996163, -130.0000000000000000 ) ) ;
#5938 = ADVANCED_FACE ( 'NONE', ( #2967 ), #4820, .F. ) ;
#5939 = LINE ( 'NONE', #1270, #4322 ) ;
#5940 = VERTEX_POINT ( 'NONE', #2574 ) ;
#5941 = LINE ( 'NONE', #2134, #5035 ) ;
#5942 = VERTEX_POINT ( 'NONE', #5929 ) ;
#5943 = DIRECTION ( 'NONE',  ( 0.000000000000000000, 1.000000000000000000, -0.000000000000000000 ) ) ;
#5944 = CARTESIAN_POINT ( 'NONE',  ( 81.00000000000000000, 46.50000000000000000, -2.500000000000000000 ) ) ;
#5945 = LINE ( 'NONE', #3104, #5486 ) ;
#5946 = DIRECTION ( 'NONE',  ( -2.168404344971007142E-16, 0.000000000000000000, -1.000000000000000000 ) ) ;
#5947 = ORIENTED_EDGE ( 'NONE', *, *, #5424, .F. ) ;
#5948 = VERTEX_POINT ( 'NONE', #697 ) ;
#5949 = AXIS2_PLACEMENT_3D ( 'NONE', #4516, #1203, #5845 ) ;
#5950 = EDGE_CURVE ( 'NONE', #4123, #5143, #2404, .T. ) ;
#5951 = ORIENTED_EDGE ( 'NONE', *, *, #5745, .T. ) ;
#5952 = EDGE_CURVE ( 'NONE', #174, #3573, #2558, .T. ) ;
#5953 = ORIENTED_EDGE ( 'NONE', *, *, #5461, .F. ) ;
#5954 = EDGE_CURVE ( 'NONE', #158, #2245, #1752, .T. ) ;
#5955 = AXIS2_PLACEMENT_3D ( 'NONE', #4205, #561, #2412 ) ;
#5956 = CARTESIAN_POINT ( 'NONE',  ( -2.036780992266124193E-15, 5.500000000000000888, -79.00000000000000000 ) ) ;
#5957 = LINE ( 'NONE', #5894, #134 ) ;
#5958 = DIRECTION ( 'NONE',  ( 0.000000000000000000, 0.000000000000000000, 1.000000000000000000 ) ) ;
#5959 = VECTOR ( 'NONE', #2775, 1000.000000000000000 ) ;
#5960 = ORIENTED_EDGE ( 'NONE', *, *, #380, .F. ) ;
#5961 = ORIENTED_EDGE ( 'NONE', *, *, #1409, .F. ) ;
#5962 = ADVANCED_FACE ( 'NONE', ( #3114 ), #5893, .T. ) ;
#5963 = CIRCLE ( 'NONE', #983, 2.250000000000001776 ) ;
#5964 = DIRECTION ( 'NONE',  ( 1.000000000000000000, 0.000000000000000000, 0.000000000000000000 ) ) ;
#5965 = DIRECTION ( 'NONE',  ( 0.000000000000000000, 0.000000000000000000, -1.000000000000000000 ) ) ;
#5966 = DIRECTION ( 'NONE',  ( -0.000000000000000000, 1.000000000000000000, -0.000000000000000000 ) ) ;
#5967 = LINE ( 'NONE', #799, #1522 ) ;
#5968 = ORIENTED_EDGE ( 'NONE', *, *, #1736, .F. ) ;
#5969 = CARTESIAN_POINT ( 'NONE',  ( 105.5000000000000142, 25.59999999999999787, -100.5637434484819437 ) ) ;
#5970 = CYLINDRICAL_SURFACE ( 'NONE', #439, 0.9999999999999991118 ) ;
#5971 = ORIENTED_EDGE ( 'NONE', *, *, #289, .F. ) ;
#5972 = VECTOR ( 'NONE', #2009, 1000.000000000000000 ) ;
#5973 = DIRECTION ( 'NONE',  ( 1.000000000000000000, -0.000000000000000000, -0.000000000000000000 ) ) ;
#5974 = DIRECTION ( 'NONE',  ( -0.000000000000000000, -1.000000000000000000, -0.000000000000000000 ) ) ;
#5975 = CARTESIAN_POINT ( 'NONE',  ( 96.50000000000000000, 46.50000000000000000, -189.9999999999999716 ) ) ;
#5976 = CARTESIAN_POINT ( 'NONE',  ( 98.50000000000000000, 26.59999999999999787, -90.56374344848194369 ) ) ;
#5977 = DIRECTION ( 'NONE',  ( 0.000000000000000000, -1.000000000000000000, 0.000000000000000000 ) ) ;
#5978 = CARTESIAN_POINT ( 'NONE',  ( -39.25000000000000000, 47.50000000000000000, -201.9999999999999716 ) ) ;
#5979 = VERTEX_POINT ( 'NONE', #1653 ) ;
#5980 = EDGE_LOOP ( 'NONE', ( #337, #5040, #5202, #5951 ) ) ;
#5981 = ORIENTED_EDGE ( 'NONE', *, *, #1879, .T. ) ;
#5982 = ORIENTED_EDGE ( 'NONE', *, *, #5254, .T. ) ;
#5983 = EDGE_CURVE ( 'NONE', #3354, #2385, #5399, .T. ) ;
#5984 = EDGE_CURVE ( 'NONE', #5647, #238, #3514, .T. ) ;
#5985 = PRODUCT_CONTEXT ( 'NONE', #1118, 'mechanical' ) ;
#5986 = DIRECTION ( 'NONE',  ( -2.578203787678638882E-17, -0.000000000000000000, -1.000000000000000000 ) ) ;
#5987 = LINE ( 'NONE', #360, #2494 ) ;
#5988 = ORIENTED_EDGE ( 'NONE', *, *, #5016, .T. ) ;
#5989 = VERTEX_POINT ( 'NONE', #1162 ) ;
#5990 = AXIS2_PLACEMENT_3D ( 'NONE', #4677, #2738, #896 ) ;
#5991 = CARTESIAN_POINT ( 'NONE',  ( -30.25000000000000711, 10.50000000000000178, -201.9999999999999716 ) ) ;
#5992 = DIRECTION ( 'NONE',  ( 0.000000000000000000, -1.000000000000000000, 0.000000000000000000 ) ) ;
#5993 = FACE_OUTER_BOUND ( 'NONE', #1733, .T. ) ;
#5994 = CARTESIAN_POINT ( 'NONE',  ( -3.130000000000003890, 34.04999999999999716, -130.0000000000000000 ) ) ;
#5995 = ORIENTED_EDGE ( 'NONE', *, *, #2710, .F. ) ;
#5996 = CARTESIAN_POINT ( 'NONE',  ( 0.000000000000000000, 47.50000000000000000, -92.99999999999998579 ) ) ;
#5997 = EDGE_LOOP ( 'NONE', ( #880, #1993, #2538, #887 ) ) ;
#5998 = ORIENTED_EDGE ( 'NONE', *, *, #4965, .F. ) ;
#5999 = VECTOR ( 'NONE', #1816, 1000.000000000000000 ) ;
#6000 = AXIS2_PLACEMENT_3D ( 'NONE', #1040, #3395, #4247 ) ;
#6001 = CARTESIAN_POINT ( 'NONE',  ( -1.000000000000003553, 12.05999999999999872, -130.0000000000000000 ) ) ;
#6002 = AXIS2_PLACEMENT_3D ( 'NONE', #4187, #4161, #6024 ) ;
#6003 = EDGE_CURVE ( 'NONE', #590, #1413, #3473, .T. ) ;
#6004 = FACE_OUTER_BOUND ( 'NONE', #5395, .T. ) ;
#6005 = LINE ( 'NONE', #2, #5584 ) ;
#6006 = AXIS2_PLACEMENT_3D ( 'NONE', #3943, #207, #5933 ) ;
#6007 = CARTESIAN_POINT ( 'NONE',  ( 93.50000000000000000, 47.50000000000000000, -194.0999999999999375 ) ) ;
#6008 = VECTOR ( 'NONE', #4063, 1000.000000000000000 ) ;
#6009 = FACE_OUTER_BOUND ( 'NONE', #2079, .T. ) ;
#6010 = CARTESIAN_POINT ( 'NONE',  ( -2.346165446787560440E-15, 41.26393202250022796, -90.99999999999998579 ) ) ;
#6011 = ORIENTED_EDGE ( 'NONE', *, *, #2003, .T. ) ;
#6012 = AXIS2_PLACEMENT_3D ( 'NONE', #3469, #3145, #2663 ) ;
#6013 = ADVANCED_FACE ( 'NONE', ( #5840 ), #1719, .T. ) ;
#6014 = AXIS2_PLACEMENT_3D ( 'NONE', #763, #394, #5965 ) ;
#6015 = DIRECTION ( 'NONE',  ( 0.000000000000000000, -3.469446951953616161E-16, -1.000000000000000000 ) ) ;
#6016 = ORIENTED_EDGE ( 'NONE', *, *, #3465, .F. ) ;
#6017 = CARTESIAN_POINT ( 'NONE',  ( 0.000000000000000000, 3.500000000000000000, -187.9999999999999716 ) ) ;
#6018 = DIRECTION ( 'NONE',  ( -0.000000000000000000, -1.000000000000000000, -0.000000000000000000 ) ) ;
#6019 = CARTESIAN_POINT ( 'NONE',  ( 15.94999999999996376, 8.500000000000000000, -137.1737434499999893 ) ) ;
#6020 = VERTEX_POINT ( 'NONE', #5373 ) ;
#6021 = ORIENTED_EDGE ( 'NONE', *, *, #1478, .T. ) ;
#6022 = DIRECTION ( 'NONE',  ( 1.198013450260226463E-16, -0.000000000000000000, 1.000000000000000000 ) ) ;
#6023 = EDGE_CURVE ( 'NONE', #2910, #2951, #4048, .T. ) ;
#6024 = DIRECTION ( 'NONE',  ( 1.000000000000000000, 0.000000000000000000, 0.000000000000000000 ) ) ;
#6025 = DIRECTION ( 'NONE',  ( 1.000000000000000000, -0.000000000000000000, -0.000000000000000000 ) ) ;
#6026 = ORIENTED_EDGE ( 'NONE', *, *, #1480, .F. ) ;
#6027 = EDGE_CURVE ( 'NONE', #1343, #5989, #3373, .T. ) ;
#6028 = CARTESIAN_POINT ( 'NONE',  ( 15.94999999999996376, 8.500000000000000000, -135.6737434499999893 ) ) ;
#6029 = ORIENTED_EDGE ( 'NONE', *, *, #5505, .F. ) ;
#6030 = VERTEX_POINT ( 'NONE', #264 ) ;
#6031 = FACE_OUTER_BOUND ( 'NONE', #330, .T. ) ;
#6032 = DIRECTION ( 'NONE',  ( 0.000000000000000000, -1.000000000000000000, 0.000000000000000000 ) ) ;
#6033 = CARTESIAN_POINT ( 'NONE',  ( 92.25000000000000000, 2.499999999999999556, -131.9237434484819573 ) ) ;
#6034 = LINE ( 'NONE', #94, #5628 ) ;
#6035 = FACE_BOUND ( 'NONE', #2956, .T. ) ;
#6036 = CYLINDRICAL_SURFACE ( 'NONE', #5712, 1.000000000000000888 ) ;
#6037 = DIRECTION ( 'NONE',  ( 0.000000000000000000, 3.469446951953616161E-16, 1.000000000000000000 ) ) ;
#6038 = ORIENTED_EDGE ( 'NONE', *, *, #2268, .F. ) ;
#6039 = ORIENTED_EDGE ( 'NONE', *, *, #263, .F. ) ;
#6040 = VERTEX_POINT ( 'NONE', #5006 ) ;
#6041 = VECTOR ( 'NONE', #2339, 1000.000000000000000 ) ;
#6042 = PLANE ( 'NONE',  #4498 ) ;
#6043 = CARTESIAN_POINT ( 'NONE',  ( -3.130000000000003002, 12.05999999999999872, -130.0000000000000000 ) ) ;
#6044 =( NAMED_UNIT ( * ) PLANE_ANGLE_UNIT ( ) SI_UNIT ( $, .RADIAN. ) );
#6045 = CARTESIAN_POINT ( 'NONE',  ( -3.130000000000002114, 24.50999999999999801, -130.0000000000000000 ) ) ;
#6046 = VERTEX_POINT ( 'NONE', #5341 ) ;
#6047 = EDGE_CURVE ( 'NONE', #3654, #1798, #2497, .T. ) ;
#6048 = ORIENTED_EDGE ( 'NONE', *, *, #815, .F. ) ;
#6049 = AXIS2_PLACEMENT_3D ( 'NONE', #3638, #41, #4750 ) ;
#6050 = EDGE_CURVE ( 'NONE', #4207, #4448, #3800, .T. ) ;
#6051 = CYLINDRICAL_SURFACE ( 'NONE', #3613, 1.000000000000000888 ) ;
#6052 = VECTOR ( 'NONE', #4997, 1000.000000000000000 ) ;
#6053 = DIRECTION ( 'NONE',  ( 0.000000000000000000, 0.000000000000000000, 1.000000000000000000 ) ) ;
#6054 = ORIENTED_EDGE ( 'NONE', *, *, #1900, .F. ) ;
#6055 = DIRECTION ( 'NONE',  ( 0.000000000000000000, 0.000000000000000000, 1.000000000000000000 ) ) ;
#6056 = ORIENTED_EDGE ( 'NONE', *, *, #2442, .F. ) ;
#6057 = DIRECTION ( 'NONE',  ( 1.000000000000000000, 0.000000000000000000, 0.000000000000000000 ) ) ;
#6058 = CIRCLE ( 'NONE', #489, 1.500000000000001332 ) ;
#6059 = ADVANCED_FACE ( 'NONE', ( #4452 ), #3051, .F. ) ;
#6060 = FACE_BOUND ( 'NONE', #4251, .T. ) ;
ENDSEC;
END-ISO-10303-21;
