ISO-10303-21;
HEADER;
FILE_DESCRIPTION (( 'STEP AP214' ),
    '1' );
FILE_NAME ('power_supply_left.STEP',
    '2025-05-19T07:38:30',
    ( '' ),
    ( '' ),
    'SwSTEP 2.0',
    'SolidWorks 2025',
    '' );
FILE_SCHEMA (( 'AUTOMOTIVE_DESIGN' ));
ENDSEC;

DATA;
#1 = DIRECTION ( 'NONE',  ( -0.000000000000000000, -1.000000000000000000, 0.000000000000000000 ) ) ;
#2 = EDGE_CURVE ( 'NONE', #1932, #341, #396, .T. ) ;
#3 = VERTEX_POINT ( 'NONE', #1928 ) ;
#4 =( GEOMETRIC_REPRESENTATION_CONTEXT ( 3 ) GLOBAL_UNCERTAINTY_ASSIGNED_CONTEXT ( ( #1720 ) ) GLOBAL_UNIT_ASSIGNED_CONTEXT ( ( #1320, #1169, #871 ) ) REPRESENTATION_CONTEXT ( 'NONE', 'WORKASPACE' ) );
#5 = DIRECTION ( 'NONE',  ( 0.000000000000000000, 0.000000000000000000, -1.000000000000000000 ) ) ;
#6 = EDGE_CURVE ( 'NONE', #1411, #129, #1244, .T. ) ;
#7 = AXIS2_PLACEMENT_3D ( 'NONE', #61, #1150, #690 ) ;
#8 = ORIENTED_EDGE ( 'NONE', *, *, #55, .T. ) ;
#9 = DIRECTION ( 'NONE',  ( 0.000000000000000000, 0.000000000000000000, -1.000000000000000000 ) ) ;
#10 = CARTESIAN_POINT ( 'NONE',  ( 30.39999999999999503, 2.000000000000000000, 6.300000000000008704 ) ) ;
#11 = FACE_OUTER_BOUND ( 'NONE', #1437, .T. ) ;
#12 = DIRECTION ( 'NONE',  ( -1.000000000000000000, 0.000000000000000000, 4.130293990420960022E-16 ) ) ;
#13 = VERTEX_POINT ( 'NONE', #1776 ) ;
#14 = DIRECTION ( 'NONE',  ( 0.000000000000000000, 0.000000000000000000, 1.000000000000000000 ) ) ;
#15 = CIRCLE ( 'NONE', #1929, 3.100000000000000977 ) ;
#16 = ADVANCED_FACE ( 'NONE', ( #1622 ), #417, .F. ) ;
#17 = ADVANCED_FACE ( 'NONE', ( #1949 ), #578, .T. ) ;
#18 = ORIENTED_EDGE ( 'NONE', *, *, #1146, .F. ) ;
#19 = DIRECTION ( 'NONE',  ( 0.000000000000000000, 0.000000000000000000, 1.000000000000000000 ) ) ;
#20 = AXIS2_PLACEMENT_3D ( 'NONE', #33, #664, #975 ) ;
#21 = VECTOR ( 'NONE', #384, 1000.000000000000000 ) ;
#22 = EDGE_CURVE ( 'NONE', #1844, #1830, #995, .T. ) ;
#23 = EDGE_LOOP ( 'NONE', ( #484, #711, #632, #18 ) ) ;
#24 = DIRECTION ( 'NONE',  ( 0.000000000000000000, 1.000000000000000000, -0.000000000000000000 ) ) ;
#25 = DIRECTION ( 'NONE',  ( -1.000000000000000000, 0.000000000000000000, 0.000000000000000000 ) ) ;
#26 = ORIENTED_EDGE ( 'NONE', *, *, #373, .F. ) ;
#27 = DIRECTION ( 'NONE',  ( 0.000000000000000000, 0.000000000000000000, 1.000000000000000000 ) ) ;
#28 = ORIENTED_EDGE ( 'NONE', *, *, #728, .F. ) ;
#29 = EDGE_CURVE ( 'NONE', #389, #956, #616, .T. ) ;
#30 = DIRECTION ( 'NONE',  ( 0.000000000000000000, 0.000000000000000000, 1.000000000000000000 ) ) ;
#31 = VECTOR ( 'NONE', #760, 1000.000000000000000 ) ;
#32 = EDGE_LOOP ( 'NONE', ( #1553, #328, #776, #865 ) ) ;
#33 = CARTESIAN_POINT ( 'NONE',  ( 30.39999999999999503, 1.000000000000000000, 1.100000000000006306 ) ) ;
#34 = DIRECTION ( 'NONE',  ( 0.000000000000000000, -1.000000000000000000, 0.000000000000000000 ) ) ;
#35 = ORIENTED_EDGE ( 'NONE', *, *, #1827, .T. ) ;
#36 = CARTESIAN_POINT ( 'NONE',  ( 0.000000000000000000, -2.000000000000000000, 15.19999999999999751 ) ) ;
#37 = EDGE_LOOP ( 'NONE', ( #781, #1414, #964, #928 ) ) ;
#38 = CARTESIAN_POINT ( 'NONE',  ( 0.000000000000000000, 24.75000000000000711, -33.45479946839506624 ) ) ;
#39 = VECTOR ( 'NONE', #839, 1000.000000000000000 ) ;
#40 = ORIENTED_EDGE ( 'NONE', *, *, #1053, .F. ) ;
#41 = DIRECTION ( 'NONE',  ( -0.000000000000000000, 1.000000000000000000, -0.000000000000000000 ) ) ;
#42 = LINE ( 'NONE', #645, #1691 ) ;
#43 = ORIENTED_EDGE ( 'NONE', *, *, #1944, .T. ) ;
#44 = CARTESIAN_POINT ( 'NONE',  ( 0.000000000000000000, 24.74999999999999645, -33.25479946839506340 ) ) ;
#45 = CIRCLE ( 'NONE', #1417, 1.000000000000000888 ) ;
#46 = DIRECTION ( 'NONE',  ( 1.000000000000000000, 0.000000000000000000, -0.000000000000000000 ) ) ;
#47 = ADVANCED_FACE ( 'NONE', ( #589 ), #1109, .F. ) ;
#48 = ORIENTED_EDGE ( 'NONE', *, *, #541, .T. ) ;
#49 = DIRECTION ( 'NONE',  ( -1.000000000000000000, -0.000000000000000000, -0.000000000000000000 ) ) ;
#50 = AXIS2_PLACEMENT_3D ( 'NONE', #1817, #24, #1646 ) ;
#51 = ORIENTED_EDGE ( 'NONE', *, *, #1388, .F. ) ;
#52 = EDGE_CURVE ( 'NONE', #1419, #1367, #1546, .T. ) ;
#53 = CARTESIAN_POINT ( 'NONE',  ( 1.000000000000000000, 39.19999999999999574, -28.99999999999999289 ) ) ;
#54 = AXIS2_PLACEMENT_3D ( 'NONE', #1943, #1504, #119 ) ;
#55 = EDGE_CURVE ( 'NONE', #1252, #1784, #1663, .T. ) ;
#56 = FACE_OUTER_BOUND ( 'NONE', #640, .T. ) ;
#57 = ORIENTED_EDGE ( 'NONE', *, *, #504, .T. ) ;
#58 = DIRECTION ( 'NONE',  ( 0.000000000000000000, -0.5547001962257769314, -0.8320502943374784577 ) ) ;
#59 = ORIENTED_EDGE ( 'NONE', *, *, #1397, .T. ) ;
#60 = LINE ( 'NONE', #67, #901 ) ;
#61 = CARTESIAN_POINT ( 'NONE',  ( 80.40000000000003411, 1.000000000000000000, 1.100000000000006306 ) ) ;
#62 = PLANE ( 'NONE',  #595 ) ;
#63 = VERTEX_POINT ( 'NONE', #308 ) ;
#64 = LINE ( 'NONE', #1248, #917 ) ;
#65 = VECTOR ( 'NONE', #25, 1000.000000000000000 ) ;
#66 = EDGE_LOOP ( 'NONE', ( #1108, #604, #8, #301 ) ) ;
#67 = CARTESIAN_POINT ( 'NONE',  ( 115.0000000000000000, 12.19999999999999929, -33.25479946839504919 ) ) ;
#68 = FACE_OUTER_BOUND ( 'NONE', #796, .T. ) ;
#69 = EDGE_LOOP ( 'NONE', ( #591, #248, #707, #1282 ) ) ;
#70 = EDGE_CURVE ( 'NONE', #716, #1469, #931, .T. ) ;
#71 = DIRECTION ( 'NONE',  ( 0.000000000000000000, 0.000000000000000000, -1.000000000000000000 ) ) ;
#72 = ORIENTED_EDGE ( 'NONE', *, *, #70, .T. ) ;
#73 = DIRECTION ( 'NONE',  ( 0.000000000000000000, -1.000000000000000000, 0.000000000000000000 ) ) ;
#74 = EDGE_CURVE ( 'NONE', #1322, #1043, #1979, .T. ) ;
#75 = DIRECTION ( 'NONE',  ( -1.000000000000000000, 0.000000000000000000, 0.000000000000000000 ) ) ;
#76 = ORIENTED_EDGE ( 'NONE', *, *, #466, .T. ) ;
#77 = VECTOR ( 'NONE', #1106, 1000.000000000000000 ) ;
#78 = CARTESIAN_POINT ( 'NONE',  ( 115.0000000000000000, 34.24999999999999289, -33.25479946839509893 ) ) ;
#79 = PLANE ( 'NONE',  #1423 ) ;
#80 = VERTEX_POINT ( 'NONE', #297 ) ;
#81 = DIRECTION ( 'NONE',  ( -1.000000000000000000, 0.000000000000000000, -0.000000000000000000 ) ) ;
#82 = CARTESIAN_POINT ( 'NONE',  ( 126.5716306148988224, 4.600612844430441051, -33.30299495918344377 ) ) ;
#83 = VECTOR ( 'NONE', #1148, 1000.000000000000000 ) ;
#84 = EDGE_CURVE ( 'NONE', #372, #13, #600, .T. ) ;
#85 = EDGE_LOOP ( 'NONE', ( #1921, #666, #773, #211 ) ) ;
#86 = CARTESIAN_POINT ( 'NONE',  ( 126.5716306148988224, 34.24999999999999289, -33.25479946839509893 ) ) ;
#87 = EDGE_CURVE ( 'NONE', #1105, #337, #1737, .T. ) ;
#88 = CARTESIAN_POINT ( 'NONE',  ( 30.39999999999999503, 1.694818351060767551E-28, 9.300000000000004263 ) ) ;
#89 = EDGE_LOOP ( 'NONE', ( #959, #1911, #1852, #1286 ) ) ;
#90 = DIRECTION ( 'NONE',  ( 0.000000000000000000, 0.000000000000000000, -1.000000000000000000 ) ) ;
#91 = FACE_OUTER_BOUND ( 'NONE', #222, .T. ) ;
#92 = ORIENTED_EDGE ( 'NONE', *, *, #1089, .F. ) ;
#93 = CARTESIAN_POINT ( 'NONE',  ( 84.60000000000002274, 0.000000000000000000, 1.100000000000006306 ) ) ;
#94 = CARTESIAN_POINT ( 'NONE',  ( 115.0000000000000000, 2.000000000000000000, -27.79999999999999361 ) ) ;
#95 = CARTESIAN_POINT ( 'NONE',  ( 0.000000000000000000, 14.09999999999999609, -33.25479946839504208 ) ) ;
#96 = EDGE_CURVE ( 'NONE', #1915, #1023, #893, .T. ) ;
#97 = ORIENTED_EDGE ( 'NONE', *, *, #254, .F. ) ;
#98 = DIRECTION ( 'NONE',  ( 1.000000000000000000, 0.000000000000000000, -4.130293990420960022E-16 ) ) ;
#99 = EDGE_CURVE ( 'NONE', #1160, #370, #1378, .T. ) ;
#100 = ORIENTED_EDGE ( 'NONE', *, *, #1667, .T. ) ;
#101 = CARTESIAN_POINT ( 'NONE',  ( 34.60000000000000853, 0.000000000000000000, 4.200000000000007283 ) ) ;
#102 = CARTESIAN_POINT ( 'NONE',  ( 80.40000000000003411, 1.000000000000000000, 2.100000000000006306 ) ) ;
#103 = AXIS2_PLACEMENT_3D ( 'NONE', #180, #1869, #810 ) ;
#104 = EDGE_LOOP ( 'NONE', ( #278, #1290, #233, #1296 ) ) ;
#105 = CARTESIAN_POINT ( 'NONE',  ( 0.000000000000000000, 26.65000000000000213, -29.99999999999999645 ) ) ;
#106 = CARTESIAN_POINT ( 'NONE',  ( 80.40000000000001990, 0.000000000000000000, -0.9000000000000050182 ) ) ;
#107 = DIRECTION ( 'NONE',  ( -0.000000000000000000, -0.000000000000000000, -1.000000000000000000 ) ) ;
#108 = ORIENTED_EDGE ( 'NONE', *, *, #1269, .F. ) ;
#109 = CARTESIAN_POINT ( 'NONE',  ( 0.000000000000000000, 39.19999999999999574, 1.276203358246281642E-15 ) ) ;
#110 = EDGE_CURVE ( 'NONE', #674, #1762, #1209, .T. ) ;
#111 = AXIS2_PLACEMENT_3D ( 'NONE', #1343, #1070, #1081 ) ;
#112 = ORIENTED_EDGE ( 'NONE', *, *, #1225, .T. ) ;
#113 = CARTESIAN_POINT ( 'NONE',  ( 0.000000000000000000, 0.000000000000000000, 0.000000000000000000 ) ) ;
#114 = DIRECTION ( 'NONE',  ( 0.000000000000000000, 0.000000000000000000, -1.000000000000000000 ) ) ;
#115 = ORIENTED_EDGE ( 'NONE', *, *, #852, .T. ) ;
#116 = VECTOR ( 'NONE', #1572, 1000.000000000000114 ) ;
#117 = DIRECTION ( 'NONE',  ( 0.000000000000000000, -0.5547001962259211494, 0.8320502943373823124 ) ) ;
#118 = AXIS2_PLACEMENT_3D ( 'NONE', #1795, #863, #1643 ) ;
#119 = DIRECTION ( 'NONE',  ( -1.000000000000000000, 0.000000000000000000, 0.000000000000000000 ) ) ;
#120 = EDGE_CURVE ( 'NONE', #1766, #986, #1967, .T. ) ;
#121 = PLANE ( 'NONE',  #118 ) ;
#122 = ORIENTED_EDGE ( 'NONE', *, *, #1327, .F. ) ;
#123 = DIRECTION ( 'NONE',  ( 0.000000000000000000, -0.8320502943373832005, -0.5547001962259198171 ) ) ;
#124 = EDGE_LOOP ( 'NONE', ( #1740, #1123, #778, #1490 ) ) ;
#125 = CARTESIAN_POINT ( 'NONE',  ( 126.5716306148988224, 4.730996777863603064, -33.56573950764021674 ) ) ;
#126 = ORIENTED_EDGE ( 'NONE', *, *, #1530, .T. ) ;
#127 = DIRECTION ( 'NONE',  ( -0.000000000000000000, -1.000000000000000000, 0.000000000000000000 ) ) ;
#128 = DIRECTION ( 'NONE',  ( 0.000000000000000000, -0.9996774502997662903, -0.02539675889081775828 ) ) ;
#129 = VERTEX_POINT ( 'NONE', #738 ) ;
#130 = DIRECTION ( 'NONE',  ( -0.000000000000000000, -0.5547001962257784857, -0.8320502943374773475 ) ) ;
#131 = FACE_OUTER_BOUND ( 'NONE', #178, .T. ) ;
#132 = FACE_OUTER_BOUND ( 'NONE', #1373, .T. ) ;
#133 = ORIENTED_EDGE ( 'NONE', *, *, #1807, .F. ) ;
#134 = CARTESIAN_POINT ( 'NONE',  ( 80.40000000000001990, 0.000000000000000000, 4.200000000000007283 ) ) ;
#135 = CIRCLE ( 'NONE', #1410, 2.100000000000000977 ) ;
#136 = DIRECTION ( 'NONE',  ( 2.920558888920691725E-16, -0.7071067811865511255, -0.7071067811865440200 ) ) ;
#137 = ORIENTED_EDGE ( 'NONE', *, *, #448, .F. ) ;
#138 = FACE_OUTER_BOUND ( 'NONE', #311, .T. ) ;
#139 = DIRECTION ( 'NONE',  ( 0.000000000000000000, 0.000000000000000000, 1.000000000000000000 ) ) ;
#140 = CARTESIAN_POINT ( 'NONE',  ( 84.60000000000002274, -3.000000000000000000, 6.300000000000008704 ) ) ;
#141 = ORIENTED_EDGE ( 'NONE', *, *, #695, .T. ) ;
#142 = FACE_OUTER_BOUND ( 'NONE', #37, .T. ) ;
#143 = VECTOR ( 'NONE', #779, 1000.000000000000000 ) ;
#144 = ORIENTED_EDGE ( 'NONE', *, *, #1279, .F. ) ;
#145 = CYLINDRICAL_SURFACE ( 'NONE', #1445, 1.000000000000000888 ) ;
#146 = EDGE_CURVE ( 'NONE', #1941, #1880, #1769, .T. ) ;
#147 = DIRECTION ( 'NONE',  ( 1.000000000000000000, 0.000000000000000000, 0.000000000000000000 ) ) ;
#148 = ADVANCED_FACE ( 'NONE', ( #1499 ), #769, .T. ) ;
#149 = AXIS2_PLACEMENT_3D ( 'NONE', #1193, #1966, #128 ) ;
#150 = CARTESIAN_POINT ( 'NONE',  ( 80.40000000000003411, 0.000000000000000000, 1.100000000000006306 ) ) ;
#151 = ORIENTED_EDGE ( 'NONE', *, *, #495, .F. ) ;
#152 = FACE_BOUND ( 'NONE', #32, .T. ) ;
#153 = ORIENTED_EDGE ( 'NONE', *, *, #1416, .F. ) ;
#154 = CARTESIAN_POINT ( 'NONE',  ( 30.39999999999999503, 1.000000000000000000, 6.300000000000008704 ) ) ;
#155 = DIRECTION ( 'NONE',  ( -0.000000000000000000, 0.000000000000000000, 1.000000000000000000 ) ) ;
#156 = EDGE_CURVE ( 'NONE', #808, #314, #446, .T. ) ;
#157 = ADVANCED_FACE ( 'NONE', ( #455 ), #1069, .T. ) ;
#158 = PLANE ( 'NONE',  #719 ) ;
#159 = ORIENTED_EDGE ( 'NONE', *, *, #29, .T. ) ;
#160 = CARTESIAN_POINT ( 'NONE',  ( 1.000000000000000000, 32.34999999999999432, -28.99999999999999289 ) ) ;
#161 = VECTOR ( 'NONE', #431, 1000.000000000000000 ) ;
#162 = FACE_OUTER_BOUND ( 'NONE', #626, .T. ) ;
#163 = VECTOR ( 'NONE', #621, 1000.000000000000000 ) ;
#164 = EDGE_LOOP ( 'NONE', ( #1154, #704, #1458, #1329 ) ) ;
#165 = CARTESIAN_POINT ( 'NONE',  ( 0.000000000000000000, 32.32629658162959885, -36.25479946839507051 ) ) ;
#166 = ORIENTED_EDGE ( 'NONE', *, *, #156, .T. ) ;
#167 = DIRECTION ( 'NONE',  ( 0.000000000000000000, 0.000000000000000000, -1.000000000000000000 ) ) ;
#168 = EDGE_LOOP ( 'NONE', ( #803, #1729, #642, #26 ) ) ;
#169 = CYLINDRICAL_SURFACE ( 'NONE', #1719, 2.100000000000000977 ) ;
#170 = ADVANCED_FACE ( 'NONE', ( #131 ), #1351, .T. ) ;
#171 = AXIS2_PLACEMENT_3D ( 'NONE', #1615, #821, #1440 ) ;
#172 = ORIENTED_EDGE ( 'NONE', *, *, #1783, .T. ) ;
#173 = PLANE ( 'NONE',  #1699 ) ;
#174 = AXIS2_PLACEMENT_3D ( 'NONE', #866, #123, #1937 ) ;
#175 = EDGE_LOOP ( 'NONE', ( #526, #1177, #126, #1772, #172 ) ) ;
#176 = DIRECTION ( 'NONE',  ( -1.000000000000000000, 0.000000000000000000, -0.000000000000000000 ) ) ;
#177 = CARTESIAN_POINT ( 'NONE',  ( 80.40000000000001990, -3.000000000000000000, 4.200000000000007283 ) ) ;
#178 = EDGE_LOOP ( 'NONE', ( #1650, #1254, #845, #1936, #938 ) ) ;
#179 = CIRCLE ( 'NONE', #1298, 8.100000000000029843 ) ;
#180 = CARTESIAN_POINT ( 'NONE',  ( 114.0000000000000000, 39.19999999999999574, -45.25880863149649258 ) ) ;
#181 = ADVANCED_FACE ( 'NONE', ( #1655 ), #360, .F. ) ;
#182 = ORIENTED_EDGE ( 'NONE', *, *, #1607, .F. ) ;
#183 = FACE_BOUND ( 'NONE', #1047, .T. ) ;
#184 = ORIENTED_EDGE ( 'NONE', *, *, #1561, .T. ) ;
#185 = CARTESIAN_POINT ( 'NONE',  ( 0.000000000000000000, 34.24999999999999289, -33.25479946839509893 ) ) ;
#186 = ORIENTED_EDGE ( 'NONE', *, *, #1318, .T. ) ;
#187 = DIRECTION ( 'NONE',  ( -1.000000000000000000, 0.000000000000000000, 0.000000000000000000 ) ) ;
#188 = EDGE_CURVE ( 'NONE', #1191, #1519, #509, .T. ) ;
#189 = ORIENTED_EDGE ( 'NONE', *, *, #1269, .T. ) ;
#190 = CARTESIAN_POINT ( 'NONE',  ( 30.39999999999999503, 2.000000000000000000, 4.200000000000005507 ) ) ;
#191 = CIRCLE ( 'NONE', #220, 1.000000000000000000 ) ;
#192 = ORIENTED_EDGE ( 'NONE', *, *, #1675, .F. ) ;
#193 = ADVANCED_FACE ( 'NONE', ( #1402 ), #1088, .T. ) ;
#194 = DIRECTION ( 'NONE',  ( -0.000000000000000000, 1.000000000000000000, -0.000000000000000000 ) ) ;
#195 = ORIENTED_EDGE ( 'NONE', *, *, #587, .T. ) ;
#196 = EDGE_CURVE ( 'NONE', #282, #469, #945, .T. ) ;
#197 = DIRECTION ( 'NONE',  ( 1.000000000000000000, -0.000000000000000000, -0.000000000000000000 ) ) ;
#198 = CIRCLE ( 'NONE', #1763, 0.1999999999994367395 ) ;
#199 = DIRECTION ( 'NONE',  ( 0.000000000000000000, 0.000000000000000000, -1.000000000000000000 ) ) ;
#200 = VERTEX_POINT ( 'NONE', #1873 ) ;
#201 = DIRECTION ( 'NONE',  ( 1.000000000000000000, 0.000000000000000000, 0.000000000000000000 ) ) ;
#202 = EDGE_CURVE ( 'NONE', #358, #1760, #1890, .T. ) ;
#203 = VECTOR ( 'NONE', #1042, 1000.000000000000000 ) ;
#204 = ORIENTED_EDGE ( 'NONE', *, *, #944, .T. ) ;
#205 = CARTESIAN_POINT ( 'NONE',  ( 0.000000000000000000, 32.34999999999999432, -33.25479946839509893 ) ) ;
#206 = CIRCLE ( 'NONE', #564, 2.100000000000000977 ) ;
#207 = DIRECTION ( 'NONE',  ( 0.000000000000000000, 0.000000000000000000, -1.000000000000000000 ) ) ;
#208 = ORIENTED_EDGE ( 'NONE', *, *, #29, .F. ) ;
#209 = ADVANCED_BREP_SHAPE_REPRESENTATION ( 'power_supply_left', ( #1336, #1116 ), #4 ) ;
#210 = CARTESIAN_POINT ( 'NONE',  ( 115.0000000000000000, -3.000000000000000000, -29.99999999999999645 ) ) ;
#211 = ORIENTED_EDGE ( 'NONE', *, *, #1823, .F. ) ;
#212 = ADVANCED_FACE ( 'NONE', ( #1855 ), #1730, .T. ) ;
#213 = LINE ( 'NONE', #846, #1563 ) ;
#214 = DIRECTION ( 'NONE',  ( -1.000000000000000000, -0.000000000000000000, -0.000000000000000000 ) ) ;
#215 = LINE ( 'NONE', #1771, #1263 ) ;
#216 = EDGE_CURVE ( 'NONE', #1969, #956, #483, .T. ) ;
#217 = TOROIDAL_SURFACE ( 'NONE', #1721, 3.100000000000000977, 1.000000000000000000 ) ;
#218 = ORIENTED_EDGE ( 'NONE', *, *, #1284, .T. ) ;
#219 = PLANE ( 'NONE',  #174 ) ;
#220 = AXIS2_PLACEMENT_3D ( 'NONE', #754, #422, #1502 ) ;
#221 = CARTESIAN_POINT ( 'NONE',  ( 1.000000000000000000, -1.999999999999999112, -28.99999999999999289 ) ) ;
#222 = EDGE_LOOP ( 'NONE', ( #1369, #159, #981, #255, #1138, #1534, #153, #1307, #954, #848, #1710, #873, #490, #1957, #1358, #411, #671, #879, #647, #343, #1299, #1060, #1964, #799, #1051, #582, #1121 ) ) ;
#223 = DIRECTION ( 'NONE',  ( -0.000000000000000000, 1.000000000000000000, -0.000000000000000000 ) ) ;
#224 = LINE ( 'NONE', #1906, #83 ) ;
#225 = VERTEX_POINT ( 'NONE', #325 ) ;
#226 = CARTESIAN_POINT ( 'NONE',  ( 115.0000000000000000, 24.75000000000000711, -33.45479946839506624 ) ) ;
#227 = EDGE_CURVE ( 'NONE', #480, #1234, #518, .T. ) ;
#228 = DIRECTION ( 'NONE',  ( 0.000000000000000000, 0.000000000000000000, -1.000000000000000000 ) ) ;
#229 = CARTESIAN_POINT ( 'NONE',  ( 0.000000000000000000, -2.000000000000000000, 15.19999999999999396 ) ) ;
#230 = VECTOR ( 'NONE', #1368, 1000.000000000000000 ) ;
#231 = ORIENTED_EDGE ( 'NONE', *, *, #452, .T. ) ;
#232 = DIRECTION ( 'NONE',  ( 0.000000000000000000, 0.000000000000000000, -1.000000000000000000 ) ) ;
#233 = ORIENTED_EDGE ( 'NONE', *, *, #1225, .F. ) ;
#234 = CIRCLE ( 'NONE', #1484, 2.100000000000000977 ) ;
#235 = CARTESIAN_POINT ( 'NONE',  ( 34.60000000000000853, -3.000000000000000000, 6.300000000000008704 ) ) ;
#236 = DIRECTION ( 'NONE',  ( 0.000000000000000000, -1.000000000000000000, 0.000000000000000000 ) ) ;
#237 = VERTEX_POINT ( 'NONE', #1096 ) ;
#238 = CARTESIAN_POINT ( 'NONE',  ( 146.9999999999999716, 1.999999999999996669, -27.79999999999999361 ) ) ;
#239 = EDGE_CURVE ( 'NONE', #736, #449, #633, .T. ) ;
#240 = CARTESIAN_POINT ( 'NONE',  ( 1.000000000000000000, -1.999999999999998224, -28.99999999999999289 ) ) ;
#241 = AXIS2_PLACEMENT_3D ( 'NONE', #1356, #275, #1205 ) ;
#242 = DIRECTION ( 'NONE',  ( -1.000000000000000000, 0.000000000000000000, -0.000000000000000000 ) ) ;
#243 = ORIENTED_EDGE ( 'NONE', *, *, #293, .F. ) ;
#244 = CARTESIAN_POINT ( 'NONE',  ( 1.000000000000000000, -3.000000000000000000, -28.99999999999999289 ) ) ;
#245 = ORIENTED_EDGE ( 'NONE', *, *, #250, .T. ) ;
#246 = DIRECTION ( 'NONE',  ( -1.000000000000000000, 0.000000000000000000, 0.000000000000000000 ) ) ;
#247 = CARTESIAN_POINT ( 'NONE',  ( 34.60000000000000853, 1.000000000000000000, 4.200000000000007283 ) ) ;
#248 = ORIENTED_EDGE ( 'NONE', *, *, #1916, .F. ) ;
#249 = CARTESIAN_POINT ( 'NONE',  ( 0.000000000000000000, 26.37629658163896096, -36.25479946839507051 ) ) ;
#250 = EDGE_CURVE ( 'NONE', #554, #699, #64, .T. ) ;
#251 = FACE_OUTER_BOUND ( 'NONE', #168, .T. ) ;
#252 = ORIENTED_EDGE ( 'NONE', *, *, #1130, .T. ) ;
#253 = FACE_OUTER_BOUND ( 'NONE', #421, .T. ) ;
#254 = EDGE_CURVE ( 'NONE', #1880, #1463, #950, .T. ) ;
#255 = ORIENTED_EDGE ( 'NONE', *, *, #1089, .T. ) ;
#256 = VECTOR ( 'NONE', #127, 1000.000000000000000 ) ;
#257 = DIRECTION ( 'NONE',  ( -0.000000000000000000, 1.000000000000000000, -0.000000000000000000 ) ) ;
#258 = AXIS2_PLACEMENT_3D ( 'NONE', #829, #1438, #678 ) ;
#259 = EDGE_LOOP ( 'NONE', ( #1644, #1309, #252, #331 ) ) ;
#260 = EDGE_CURVE ( 'NONE', #1114, #1313, #941, .T. ) ;
#261 = FACE_OUTER_BOUND ( 'NONE', #1017, .T. ) ;
#262 = CARTESIAN_POINT ( 'NONE',  ( 115.0000000000000000, 29.00000000000000000, -29.99999999999999645 ) ) ;
#263 = CARTESIAN_POINT ( 'NONE',  ( 30.39999999999999503, 1.000000000000000000, 7.300000000000006928 ) ) ;
#264 = ORIENTED_EDGE ( 'NONE', *, *, #87, .F. ) ;
#265 = DIRECTION ( 'NONE',  ( -1.000000000000000000, 0.000000000000000000, 0.000000000000000000 ) ) ;
#266 = AXIS2_PLACEMENT_3D ( 'NONE', #287, #1188, #306 ) ;
#267 = AXIS2_PLACEMENT_3D ( 'NONE', #1443, #75, #927 ) ;
#268 = VERTEX_POINT ( 'NONE', #653 ) ;
#269 = VECTOR ( 'NONE', #1517, 1000.000000000000000 ) ;
#270 = DIRECTION ( 'NONE',  ( 0.000000000000000000, 0.000000000000000000, -1.000000000000000000 ) ) ;
#271 = ORIENTED_EDGE ( 'NONE', *, *, #1280, .T. ) ;
#272 = AXIS2_PLACEMENT_3D ( 'NONE', #1838, #280, #464 ) ;
#273 = DIRECTION ( 'NONE',  ( 0.000000000000000000, -1.000000000000000000, 0.000000000000000000 ) ) ;
#274 = AXIS2_PLACEMENT_3D ( 'NONE', #590, #1648, #1810 ) ;
#275 = DIRECTION ( 'NONE',  ( 1.000000000000000000, 0.000000000000000000, 0.000000000000000000 ) ) ;
#276 = CARTESIAN_POINT ( 'NONE',  ( 30.39999999999999503, -3.000000000000000000, 2.100000000000006306 ) ) ;
#277 = VECTOR ( 'NONE', #691, 1000.000000000000000 ) ;
#278 = ORIENTED_EDGE ( 'NONE', *, *, #340, .F. ) ;
#279 = CARTESIAN_POINT ( 'NONE',  ( 0.000000000000000000, 39.19999999999999574, -28.99999999999999289 ) ) ;
#280 = DIRECTION ( 'NONE',  ( 0.000000000000000000, -0.8320502943373823124, -0.5547001962259211494 ) ) ;
#281 = CARTESIAN_POINT ( 'NONE',  ( 0.000000000000000000, 4.600612844430441051, -33.30299495918344377 ) ) ;
#282 = VERTEX_POINT ( 'NONE', #1702 ) ;
#283 = CARTESIAN_POINT ( 'NONE',  ( 80.40000000000001990, 1.000000000000000000, 7.300000000000008704 ) ) ;
#284 = PLANE ( 'NONE',  #1899 ) ;
#285 = ORIENTED_EDGE ( 'NONE', *, *, #350, .F. ) ;
#286 = ADVANCED_FACE ( 'NONE', ( #1433 ), #672, .T. ) ;
#287 = CARTESIAN_POINT ( 'NONE',  ( 0.000000000000000000, 29.00000000000000000, -29.99999999999999645 ) ) ;
#288 = CARTESIAN_POINT ( 'NONE',  ( 115.0000000000000000, 1.000000000000000000, 15.19999999999999751 ) ) ;
#289 = DIRECTION ( 'NONE',  ( 1.000000000000000000, 0.000000000000000000, -0.000000000000000000 ) ) ;
#290 = ORIENTED_EDGE ( 'NONE', *, *, #1016, .F. ) ;
#291 = PLANE ( 'NONE',  #383 ) ;
#292 = CIRCLE ( 'NONE', #479, 0.2000000000000057288 ) ;
#293 = EDGE_CURVE ( 'NONE', #1082, #1341, #1723, .T. ) ;
#294 = EDGE_CURVE ( 'NONE', #1680, #268, #1703, .T. ) ;
#295 = ORIENTED_EDGE ( 'NONE', *, *, #756, .F. ) ;
#296 = CARTESIAN_POINT ( 'NONE',  ( 115.0000000000000000, 24.58358994113253004, -33.56573950764025938 ) ) ;
#297 = CARTESIAN_POINT ( 'NONE',  ( 34.60000000000000853, 1.000000000000000000, 6.300000000000008704 ) ) ;
#298 = CARTESIAN_POINT ( 'NONE',  ( 115.0000000000000000, 2.000000000000000000, 0.000000000000000000 ) ) ;
#299 = FACE_OUTER_BOUND ( 'NONE', #66, .T. ) ;
#300 = CIRCLE ( 'NONE', #171, 8.100000000000042277 ) ;
#301 = ORIENTED_EDGE ( 'NONE', *, *, #587, .F. ) ;
#302 = DIRECTION ( 'NONE',  ( 1.000000000000000000, 0.000000000000000000, -0.000000000000000000 ) ) ;
#304 = EDGE_CURVE ( 'NONE', #1901, #1635, #1554, .T. ) ;
#303 = VECTOR ( 'NONE', #1748, 1000.000000000000000 ) ;
#305 = ORIENTED_EDGE ( 'NONE', *, *, #472, .T. ) ;
#306 = DIRECTION ( 'NONE',  ( 1.000000000000000000, 0.000000000000000000, -0.000000000000000000 ) ) ;
#307 = EDGE_CURVE ( 'NONE', #674, #856, #797, .T. ) ;
#308 = CARTESIAN_POINT ( 'NONE',  ( 0.000000000000000000, 39.19999999999999574, -27.79999999999999361 ) ) ;
#309 = TOROIDAL_SURFACE ( 'NONE', #434, 3.100000000000000977, 1.000000000000000000 ) ;
#310 = PLANE ( 'NONE',  #274 ) ;
#311 = EDGE_LOOP ( 'NONE', ( #1582, #243, #28, #1511 ) ) ;
#312 = CARTESIAN_POINT ( 'NONE',  ( 115.0000000000000000, 4.730996777863603064, -33.56573950764021674 ) ) ;
#313 = CARTESIAN_POINT ( 'NONE',  ( 1.000000000000000888, 12.19999999999999929, -29.99999999999999645 ) ) ;
#314 = VERTEX_POINT ( 'NONE', #1425 ) ;
#315 = CARTESIAN_POINT ( 'NONE',  ( 115.0000000000000000, 14.09999999999999609, -33.25479946839504208 ) ) ;
#316 = DIRECTION ( 'NONE',  ( -0.000000000000000000, -0.000000000000000000, 1.000000000000000000 ) ) ;
#317 = CARTESIAN_POINT ( 'NONE',  ( 0.000000000000000000, 12.47370341836066743, -36.25479946839499945 ) ) ;
#318 = CYLINDRICAL_SURFACE ( 'NONE', #623, 1.000000000000000888 ) ;
#319 = ORIENTED_EDGE ( 'NONE', *, *, #895, .T. ) ;
#320 = DIRECTION ( 'NONE',  ( 0.000000000000000000, -1.000000000000000000, 0.000000000000000000 ) ) ;
#321 = CIRCLE ( 'NONE', #1593, 1.000000000000000888 ) ;
#322 = VERTEX_POINT ( 'NONE', #1297 ) ;
#323 = DIRECTION ( 'NONE',  ( 1.000000000000000000, 0.000000000000000000, 4.130293990420960022E-16 ) ) ;
#324 = VERTEX_POINT ( 'NONE', #854 ) ;
#325 = CARTESIAN_POINT ( 'NONE',  ( 115.0000000000000000, 12.19999999999999929, -33.25479946839504919 ) ) ;
#326 = EDGE_CURVE ( 'NONE', #986, #1586, #844, .T. ) ;
#327 = CARTESIAN_POINT ( 'NONE',  ( 115.0000000000000000, 34.24999999999999289, -33.25479946839509893 ) ) ;
#328 = ORIENTED_EDGE ( 'NONE', *, *, #110, .T. ) ;
#329 = CYLINDRICAL_SURFACE ( 'NONE', #1660, 1.000000000000000000 ) ;
#330 = CIRCLE ( 'NONE', #588, 1.000000000000000000 ) ;
#331 = ORIENTED_EDGE ( 'NONE', *, *, #260, .F. ) ;
#332 = FACE_OUTER_BOUND ( 'NONE', #1303, .T. ) ;
#333 = AXIS2_PLACEMENT_3D ( 'NONE', #1543, #1115, #176 ) ;
#334 = ORIENTED_EDGE ( 'NONE', *, *, #432, .T. ) ;
#335 = DIRECTION ( 'NONE',  ( -1.000000000000000000, 0.000000000000000000, -0.000000000000000000 ) ) ;
#336 = DIRECTION ( 'NONE',  ( 0.000000000000000000, 0.000000000000000000, 1.000000000000000000 ) ) ;
#337 = VERTEX_POINT ( 'NONE', #1317 ) ;
#338 = CIRCLE ( 'NONE', #1927, 2.100000000000000977 ) ;
#339 = DIRECTION ( 'NONE',  ( 0.000000000000000000, 0.000000000000000000, -1.000000000000000000 ) ) ;
#340 = EDGE_CURVE ( 'NONE', #630, #1892, #1761, .T. ) ;
#341 = VERTEX_POINT ( 'NONE', #1476 ) ;
#342 = CARTESIAN_POINT ( 'NONE',  ( 80.40000000000003411, 1.000000000000000000, 1.100000000000006306 ) ) ;
#343 = ORIENTED_EDGE ( 'NONE', *, *, #1397, .F. ) ;
#344 = CARTESIAN_POINT ( 'NONE',  ( 115.0000000000000000, 26.65000000000000213, -29.99999999999999645 ) ) ;
#345 = DIRECTION ( 'NONE',  ( 0.000000000000000000, 0.000000000000000000, -1.000000000000000000 ) ) ;
#346 = ORIENTED_EDGE ( 'NONE', *, *, #188, .T. ) ;
#347 = CARTESIAN_POINT ( 'NONE',  ( 115.0000000000000000, 32.34999999999999432, -33.25479946839509893 ) ) ;
#348 = ADVANCED_FACE ( 'NONE', ( #1155 ), #1143, .T. ) ;
#349 = DIRECTION ( 'NONE',  ( -0.000000000000000000, 1.000000000000000000, -0.000000000000000000 ) ) ;
#350 = EDGE_CURVE ( 'NONE', #63, #476, #1464, .T. ) ;
#351 = AXIS2_PLACEMENT_3D ( 'NONE', #1214, #302, #1965 ) ;
#352 = ORIENTED_EDGE ( 'NONE', *, *, #1388, .T. ) ;
#353 = DIRECTION ( 'NONE',  ( 0.000000000000000000, 0.000000000000000000, -1.000000000000000000 ) ) ;
#354 = DIRECTION ( 'NONE',  ( 0.000000000000000000, 1.000000000000000000, 0.000000000000000000 ) ) ;
#355 = VERTEX_POINT ( 'NONE', #531 ) ;
#356 = DIRECTION ( 'NONE',  ( 0.000000000000000000, -0.000000000000000000, -1.000000000000000000 ) ) ;
#357 = EDGE_CURVE ( 'NONE', #385, #1191, #234, .T. ) ;
#358 = VERTEX_POINT ( 'NONE', #1007 ) ;
#359 = VECTOR ( 'NONE', #685, 1000.000000000000000 ) ;
#360 = PLANE ( 'NONE',  #592 ) ;
#361 = AXIS2_PLACEMENT_3D ( 'NONE', #1674, #1079, #1240 ) ;
#362 = EDGE_CURVE ( 'NONE', #1242, #1665, #982, .T. ) ;
#363 = VECTOR ( 'NONE', #740, 1000.000000000000000 ) ;
#364 = DIRECTION ( 'NONE',  ( 0.000000000000000000, 0.000000000000000000, -1.000000000000000000 ) ) ;
#365 = ORIENTED_EDGE ( 'NONE', *, *, #503, .T. ) ;
#366 = CYLINDRICAL_SURFACE ( 'NONE', #1312, 1.000000000000000888 ) ;
#367 = EDGE_CURVE ( 'NONE', #1701, #736, #489, .T. ) ;
#368 = CARTESIAN_POINT ( 'NONE',  ( 1.000000000000000000, 39.19999999999999574, -28.99999999999999289 ) ) ;
#369 = SPHERICAL_SURFACE ( 'NONE', #1774, 1.000000000000000000 ) ;
#370 = VERTEX_POINT ( 'NONE', #371 ) ;
#371 = CARTESIAN_POINT ( 'NONE',  ( 34.60000000000000853, 2.000000000000000000, 6.300000000000008704 ) ) ;
#372 = VERTEX_POINT ( 'NONE', #717 ) ;
#373 = EDGE_CURVE ( 'NONE', #1653, #856, #1308, .T. ) ;
#374 = AXIS2_PLACEMENT_3D ( 'NONE', #1786, #556, #1168 ) ;
#375 = FACE_OUTER_BOUND ( 'NONE', #482, .T. ) ;
#376 = LINE ( 'NONE', #1301, #465 ) ;
#377 = EDGE_LOOP ( 'NONE', ( #166, #319, #721, #1689 ) ) ;
#378 = DIRECTION ( 'NONE',  ( 0.000000000000000000, 0.000000000000000000, -1.000000000000000000 ) ) ;
#379 = DIRECTION ( 'NONE',  ( -0.000000000000000000, -0.5547001962259211494, 0.8320502943373823124 ) ) ;
#380 = FILL_AREA_STYLE ('',( #1630 ) ) ;
#381 = VERTEX_POINT ( 'NONE', #555 ) ;
#382 = CARTESIAN_POINT ( 'NONE',  ( 115.0000000000000000, 2.000000000000001776, 15.19999999999999751 ) ) ;
#383 = AXIS2_PLACEMENT_3D ( 'NONE', #1492, #603, #1822 ) ;
#384 = DIRECTION ( 'NONE',  ( -1.000000000000000000, -0.000000000000000000, -4.130293990420960022E-16 ) ) ;
#385 = VERTEX_POINT ( 'NONE', #1167 ) ;
#386 = EDGE_CURVE ( 'NONE', #424, #1566, #1773, .T. ) ;
#387 = DIRECTION ( 'NONE',  ( 0.000000000000000000, 1.000000000000000000, -0.000000000000000000 ) ) ;
#388 = PLANE ( 'NONE',  #1045 ) ;
#389 = VERTEX_POINT ( 'NONE', #382 ) ;
#390 = DIRECTION ( 'NONE',  ( -1.000000000000000000, 0.000000000000000000, -0.000000000000000000 ) ) ;
#391 = DIRECTION ( 'NONE',  ( 0.000000000000000000, 0.000000000000000000, 1.000000000000000000 ) ) ;
#392 = LINE ( 'NONE', #1026, #1837 ) ;
#393 = VECTOR ( 'NONE', #1406, 1000.000000000000000 ) ;
#394 = ORIENTED_EDGE ( 'NONE', *, *, #1716, .F. ) ;
#395 = DIRECTION ( 'NONE',  ( 0.000000000000000000, 1.251179762986551355E-16, -1.000000000000000000 ) ) ;
#396 = LINE ( 'NONE', #1600, #665 ) ;
#397 = VECTOR ( 'NONE', #1132, 1000.000000000000000 ) ;
#398 = DIRECTION ( 'NONE',  ( 0.000000000000000000, 0.000000000000000000, -1.000000000000000000 ) ) ;
#399 = EDGE_CURVE ( 'NONE', #1608, #129, #1619, .T. ) ;
#400 = FACE_OUTER_BOUND ( 'NONE', #1102, .T. ) ;
#401 = ORIENTED_EDGE ( 'NONE', *, *, #1973, .T. ) ;
#402 = CARTESIAN_POINT ( 'NONE',  ( 126.5716306148988224, 32.34999999999999432, -33.25479946839509893 ) ) ;
#403 = FACE_OUTER_BOUND ( 'NONE', #758, .T. ) ;
#404 = VECTOR ( 'NONE', #701, 1000.000000000000000 ) ;
#405 = EDGE_CURVE ( 'NONE', #200, #372, #519, .T. ) ;
#406 = ORIENTED_EDGE ( 'NONE', *, *, #654, .F. ) ;
#407 = DIRECTION ( 'NONE',  ( 0.000000000000000000, 0.000000000000000000, -1.000000000000000000 ) ) ;
#408 = EDGE_CURVE ( 'NONE', #3, #766, #416, .T. ) ;
#409 = EDGE_LOOP ( 'NONE', ( #112, #925, #1537, #264 ) ) ;
#410 = CARTESIAN_POINT ( 'NONE',  ( 0.000000000000000000, 6.523703418370021545, -36.25479946839499945 ) ) ;
#411 = ORIENTED_EDGE ( 'NONE', *, *, #202, .F. ) ;
#412 = CARTESIAN_POINT ( 'NONE',  ( 34.60000000000000853, 1.000000000000000000, 2.100000000000006306 ) ) ;
#413 = FACE_OUTER_BOUND ( 'NONE', #23, .T. ) ;
#414 = DIRECTION ( 'NONE',  ( -0.000000000000000000, 1.000000000000000000, -0.000000000000000000 ) ) ;
#415 = VERTEX_POINT ( 'NONE', #1330 ) ;
#416 = LINE ( 'NONE', #1487, #622 ) ;
#417 = PLANE ( 'NONE',  #1302 ) ;
#418 = CONICAL_SURFACE ( 'NONE', #1472, 5.099999999999998757, 0.7853981633974506105 ) ;
#419 = CARTESIAN_POINT ( 'NONE',  ( 34.60000000000000853, 1.000000000000000000, 4.200000000000007283 ) ) ;
#420 = VECTOR ( 'NONE', #952, 1000.000000000000000 ) ;
#421 = EDGE_LOOP ( 'NONE', ( #1821, #1498, #245, #1479 ) ) ;
#422 = DIRECTION ( 'NONE',  ( 1.000000000000000000, 0.000000000000000000, -0.000000000000000000 ) ) ;
#423 = CARTESIAN_POINT ( 'NONE',  ( 1.000000000000000000, -2.000000000000000000, -29.99999999999999645 ) ) ;
#424 = VERTEX_POINT ( 'NONE', #1587 ) ;
#425 = FACE_OUTER_BOUND ( 'NONE', #377, .T. ) ;
#426 = ADVANCED_FACE ( 'NONE', ( #253 ), #219, .T. ) ;
#427 = DIRECTION ( 'NONE',  ( -0.000000000000000000, -1.000000000000000000, 0.000000000000000000 ) ) ;
#428 = CARTESIAN_POINT ( 'NONE',  ( 0.000000000000000000, 29.00000000000000000, -28.99999999999999289 ) ) ;
#429 = ORIENTED_EDGE ( 'NONE', *, *, #1944, .F. ) ;
#430 = AXIS2_PLACEMENT_3D ( 'NONE', #1960, #1361, #1808 ) ;
#431 = DIRECTION ( 'NONE',  ( 0.000000000000000000, -1.251179762986551355E-16, 1.000000000000000000 ) ) ;
#432 = EDGE_CURVE ( 'NONE', #1635, #1665, #1128, .T. ) ;
#433 = LINE ( 'NONE', #1347, #1366 ) ;
#434 = AXIS2_PLACEMENT_3D ( 'NONE', #419, #236, #270 ) ;
#435 = ORIENTED_EDGE ( 'NONE', *, *, #908, .T. ) ;
#436 = PLANE ( 'NONE',  #1669 ) ;
#437 = DIRECTION ( 'NONE',  ( 0.000000000000000000, -1.000000000000000000, 0.000000000000000000 ) ) ;
#438 = VECTOR ( 'NONE', #1057, 1000.000000000000114 ) ;
#439 = DIRECTION ( 'NONE',  ( 0.000000000000000000, 0.000000000000000000, -1.000000000000000000 ) ) ;
#440 = EDGE_CURVE ( 'NONE', #766, #1796, #15, .T. ) ;
#441 = ORIENTED_EDGE ( 'NONE', *, *, #1781, .T. ) ;
#442 = CARTESIAN_POINT ( 'NONE',  ( 0.000000000000000000, 34.11900322213596581, -33.56573950763936409 ) ) ;
#443 = EDGE_CURVE ( 'NONE', #1375, #1635, #1453, .T. ) ;
#444 = ORIENTED_EDGE ( 'NONE', *, *, #1846, .T. ) ;
#445 = DIRECTION ( 'NONE',  ( -1.000000000000000000, 0.000000000000000000, 0.000000000000000000 ) ) ;
#446 = LINE ( 'NONE', #627, #1544 ) ;
#447 = CARTESIAN_POINT ( 'NONE',  ( 0.000000000000000000, 12.19999999999999929, -33.25479946839504919 ) ) ;
#448 = EDGE_CURVE ( 'NONE', #453, #1091, #1194, .T. ) ;
#449 = VERTEX_POINT ( 'NONE', #759 ) ;
#450 = CARTESIAN_POINT ( 'NONE',  ( 0.000000000000000000, 2.000000000000000000, 0.000000000000000000 ) ) ;
#451 = CIRCLE ( 'NONE', #772, 8.100000000000042277 ) ;
#452 = EDGE_CURVE ( 'NONE', #337, #480, #1947, .T. ) ;
#453 = VERTEX_POINT ( 'NONE', #1681 ) ;
#454 = DIRECTION ( 'NONE',  ( 0.000000000000000000, 0.000000000000000000, 1.000000000000000000 ) ) ;
#455 = FACE_OUTER_BOUND ( 'NONE', #1385, .T. ) ;
#456 = CIRCLE ( 'NONE', #1735, 1.000000000000000888 ) ;
#457 = LINE ( 'NONE', #731, #1203 ) ;
#458 = ORIENTED_EDGE ( 'NONE', *, *, #1916, .T. ) ;
#459 = DIRECTION ( 'NONE',  ( -0.000000000000000000, 1.000000000000000000, -0.000000000000000000 ) ) ;
#460 = ADVANCED_FACE ( 'NONE', ( #425 ), #920, .F. ) ;
#461 = CONICAL_SURFACE ( 'NONE', #1576, 5.099999999999998757, 0.7853981633974506105 ) ;
#462 = ORIENTED_EDGE ( 'NONE', *, *, #1062, .T. ) ;
#463 = DIRECTION ( 'NONE',  ( -1.000000000000000000, 0.000000000000000000, 0.000000000000000000 ) ) ;
#464 = DIRECTION ( 'NONE',  ( 0.000000000000000000, 0.5547001962259211494, -0.8320502943373823124 ) ) ;
#465 = VECTOR ( 'NONE', #1321, 1000.000000000000000 ) ;
#466 = EDGE_CURVE ( 'NONE', #1367, #916, #1662, .T. ) ;
#467 = DIRECTION ( 'NONE',  ( 0.000000000000000000, -1.000000000000000000, 0.000000000000000000 ) ) ;
#468 = CARTESIAN_POINT ( 'NONE',  ( 30.39999999999999503, 1.000000000000000000, 2.100000000000006306 ) ) ;
#469 = VERTEX_POINT ( 'NONE', #1532 ) ;
#470 = LINE ( 'NONE', #1687, #1793 ) ;
#471 = EDGE_LOOP ( 'NONE', ( #1455, #59, #72, #1342 ) ) ;
#472 = EDGE_CURVE ( 'NONE', #13, #1399, #605, .T. ) ;
#473 = CYLINDRICAL_SURFACE ( 'NONE', #876, 1.000000000000000000 ) ;
#474 = ORIENTED_EDGE ( 'NONE', *, *, #722, .F. ) ;
#475 = DIRECTION ( 'NONE',  ( -0.000000000000000000, -1.000000000000000000, 0.000000000000000000 ) ) ;
#476 = VERTEX_POINT ( 'NONE', #279 ) ;
#477 = CIRCLE ( 'NONE', #1623, 5.100000000000012079 ) ;
#478 = DIRECTION ( 'NONE',  ( 0.000000000000000000, -1.000000000000000000, 0.000000000000000000 ) ) ;
#479 = AXIS2_PLACEMENT_3D ( 'NONE', #226, #390, #1605 ) ;
#480 = VERTEX_POINT ( 'NONE', #1524 ) ;
#481 = FACE_OUTER_BOUND ( 'NONE', #89, .T. ) ;
#482 = EDGE_LOOP ( 'NONE', ( #663, #133, #1686, #285 ) ) ;
#483 = LINE ( 'NONE', #210, #77 ) ;
#484 = ORIENTED_EDGE ( 'NONE', *, *, #1607, .T. ) ;
#485 = LINE ( 'NONE', #1396, #163 ) ;
#486 = AXIS2_PLACEMENT_3D ( 'NONE', #929, #1835, #1826 ) ;
#487 = ORIENTED_EDGE ( 'NONE', *, *, #326, .T. ) ;
#488 = FACE_OUTER_BOUND ( 'NONE', #164, .T. ) ;
#489 = CIRCLE ( 'NONE', #1606, 0.1999999999994298006 ) ;
#490 = ORIENTED_EDGE ( 'NONE', *, *, #516, .F. ) ;
#491 = DIRECTION ( 'NONE',  ( 1.000000000000000000, -0.000000000000000000, 0.000000000000000000 ) ) ;
#492 = ORIENTED_EDGE ( 'NONE', *, *, #814, .F. ) ;
#493 = VECTOR ( 'NONE', #1311, 1000.000000000000000 ) ;
#494 = LINE ( 'NONE', #629, #1055 ) ;
#495 = EDGE_CURVE ( 'NONE', #992, #322, #1797, .T. ) ;
#496 = EDGE_CURVE ( 'NONE', #1469, #699, #597, .T. ) ;
#497 = DIRECTION ( 'NONE',  ( -0.000000000000000000, 1.000000000000000000, -0.000000000000000000 ) ) ;
#498 = ORIENTED_EDGE ( 'NONE', *, *, #399, .F. ) ;
#499 = CARTESIAN_POINT ( 'NONE',  ( 34.60000000000000853, 1.000000000000000000, 2.100000000000006306 ) ) ;
#500 = CARTESIAN_POINT ( 'NONE',  ( 84.60000000000002274, 2.000000000000000000, 4.200000000000005507 ) ) ;
#501 = ORIENTED_EDGE ( 'NONE', *, *, #1732, .T. ) ;
#502 = DIRECTION ( 'NONE',  ( 0.000000000000000000, -1.000000000000000000, 0.000000000000000000 ) ) ;
#503 = EDGE_CURVE ( 'NONE', #1574, #1452, #1645, .T. ) ;
#504 = EDGE_CURVE ( 'NONE', #80, #385, #1207, .T. ) ;
#505 = VECTOR ( 'NONE', #214, 1000.000000000000000 ) ;
#506 = DIRECTION ( 'NONE',  ( 0.000000000000000000, -1.000000000000000000, -3.652049423109073546E-15 ) ) ;
#507 = AXIS2_PLACEMENT_3D ( 'NONE', #936, #1412, #1529 ) ;
#508 = ORIENTED_EDGE ( 'NONE', *, *, #294, .T. ) ;
#509 = LINE ( 'NONE', #499, #684 ) ;
#510 = ORIENTED_EDGE ( 'NONE', *, *, #254, .T. ) ;
#511 = CARTESIAN_POINT ( 'NONE',  ( 115.0000000000000000, 26.65000000000000213, -33.25479946839506340 ) ) ;
#512 = LINE ( 'NONE', #1595, #505 ) ;
#513 = VECTOR ( 'NONE', #130, 1000.000000000000000 ) ;
#514 = CIRCLE ( 'NONE', #1668, 1.000000000000000000 ) ;
#515 = DIRECTION ( 'NONE',  ( -0.000000000000000000, 1.000000000000000000, -0.000000000000000000 ) ) ;
#516 = EDGE_CURVE ( 'NONE', #225, #1701, #777, .T. ) ;
#517 = VERTEX_POINT ( 'NONE', #1217 ) ;
#518 = CIRCLE ( 'NONE', #1198, 8.100000000000029843 ) ;
#519 = LINE ( 'NONE', #880, #397 ) ;
#520 = CIRCLE ( 'NONE', #883, 2.100000000000000977 ) ;
#521 = DIRECTION ( 'NONE',  ( -0.000000000000000000, 1.000000000000000000, -0.000000000000000000 ) ) ;
#522 = ORIENTED_EDGE ( 'NONE', *, *, #6, .F. ) ;
#523 = LINE ( 'NONE', #511, #1787 ) ;
#524 = CARTESIAN_POINT ( 'NONE',  ( 115.0000000000000000, -3.000000000000000000, 15.19999999999999751 ) ) ;
#525 = VECTOR ( 'NONE', #980, 1000.000000000000000 ) ;
#526 = ORIENTED_EDGE ( 'NONE', *, *, #1137, .F. ) ;
#527 = DIRECTION ( 'NONE',  ( -1.000000000000000000, 0.000000000000000000, 0.000000000000000000 ) ) ;
#528 = DIRECTION ( 'NONE',  ( 0.000000000000000000, 0.000000000000000000, -1.000000000000000000 ) ) ;
#529 = EDGE_CURVE ( 'NONE', #1665, #237, #1497, .T. ) ;
#530 = ORIENTED_EDGE ( 'NONE', *, *, #923, .F. ) ;
#531 = CARTESIAN_POINT ( 'NONE',  ( 0.000000000000000000, 32.34999999999999432, -28.99999999999999289 ) ) ;
#532 = LINE ( 'NONE', #1914, #21 ) ;
#533 = CARTESIAN_POINT ( 'NONE',  ( 80.40000000000003411, -3.000000000000000000, 2.100000000000006306 ) ) ;
#534 = DIRECTION ( 'NONE',  ( 0.000000000000000000, 1.251179762986551355E-16, -1.000000000000000000 ) ) ;
#535 = FACE_OUTER_BOUND ( 'NONE', #69, .T. ) ;
#536 = ORIENTED_EDGE ( 'NONE', *, *, #695, .F. ) ;
#537 = DIRECTION ( 'NONE',  ( 0.000000000000000000, 1.000000000000000000, -0.000000000000000000 ) ) ;
#538 = FACE_OUTER_BOUND ( 'NONE', #1731, .T. ) ;
#539 = EDGE_LOOP ( 'NONE', ( #602, #1604, #822, #656 ) ) ;
#540 = CARTESIAN_POINT ( 'NONE',  ( 0.000000000000000000, 34.08550813762892773, -33.36856425738304921 ) ) ;
#541 = EDGE_CURVE ( 'NONE', #1586, #129, #1540, .T. ) ;
#542 = VECTOR ( 'NONE', #898, 1000.000000000000000 ) ;
#543 = FACE_OUTER_BOUND ( 'NONE', #1542, .T. ) ;
#544 = ORIENTED_EDGE ( 'NONE', *, *, #472, .F. ) ;
#545 = CARTESIAN_POINT ( 'NONE',  ( 115.0000000000000000, 39.19999999999999574, -27.79999999999999361 ) ) ;
#546 = CARTESIAN_POINT ( 'NONE',  ( 0.000000000000000000, 32.34999999999999432, -33.25479946839509893 ) ) ;
#547 = ORIENTED_EDGE ( 'NONE', *, *, #1918, .T. ) ;
#548 = EDGE_CURVE ( 'NONE', #1375, #1242, #198, .T. ) ;
#549 = CYLINDRICAL_SURFACE ( 'NONE', #1792, 0.1999999999994298006 ) ;
#550 = CARTESIAN_POINT ( 'NONE',  ( 114.0000000000000000, 40.20000000000000284, -29.99999999999999645 ) ) ;
#551 = ADVANCED_FACE ( 'NONE', ( #1815 ), #911, .T. ) ;
#552 = LINE ( 'NONE', #715, #1421 ) ;
#553 = AXIS2_PLACEMENT_3D ( 'NONE', #1271, #947, #228 ) ;
#554 = VERTEX_POINT ( 'NONE', #296 ) ;
#555 = CARTESIAN_POINT ( 'NONE',  ( 84.60000000000002274, 2.000000000000000000, 2.100000000000006306 ) ) ;
#556 = DIRECTION ( 'NONE',  ( 0.000000000000000000, 1.000000000000000000, -0.000000000000000000 ) ) ;
#557 = VECTOR ( 'NONE', #565, 1000.000000000000000 ) ;
#558 = CARTESIAN_POINT ( 'NONE',  ( 115.0000000000000000, 6.500000000000000000, -33.25474111729089088 ) ) ;
#559 = DIRECTION ( 'NONE',  ( -1.000000000000000000, 0.000000000000000000, 0.000000000000000000 ) ) ;
#560 = ORIENTED_EDGE ( 'NONE', *, *, #367, .T. ) ;
#561 = PLANE ( 'NONE',  #1882 ) ;
#562 = ADVANCED_FACE ( 'NONE', ( #614 ), #436, .T. ) ;
#563 = CARTESIAN_POINT ( 'NONE',  ( 126.5716306148988224, 12.19999999999999929, -33.25479946839504919 ) ) ;
#564 = AXIS2_PLACEMENT_3D ( 'NONE', #247, #1032, #858 ) ;
#565 = DIRECTION ( 'NONE',  ( -1.000000000000000000, -0.000000000000000000, -0.000000000000000000 ) ) ;
#566 = ORIENTED_EDGE ( 'NONE', *, *, #1430, .F. ) ;
#567 = DIRECTION ( 'NONE',  ( -1.000000000000000000, 0.000000000000000000, -0.000000000000000000 ) ) ;
#568 = ORIENTED_EDGE ( 'NONE', *, *, #466, .F. ) ;
#569 = CYLINDRICAL_SURFACE ( 'NONE', #1938, 0.1999999999994367395 ) ;
#570 = ORIENTED_EDGE ( 'NONE', *, *, #99, .T. ) ;
#571 = LINE ( 'NONE', #1192, #161 ) ;
#572 = DIRECTION ( 'NONE',  ( -0.000000000000000000, 1.000000000000000000, -0.000000000000000000 ) ) ;
#573 = ADVANCED_FACE ( 'NONE', ( #138 ), #145, .T. ) ;
#574 = EDGE_LOOP ( 'NONE', ( #231, #1349, #1952, #406 ) ) ;
#575 = CIRCLE ( 'NONE', #702, 1.000000000000000000 ) ;
#576 = DIRECTION ( 'NONE',  ( 0.000000000000000000, -0.7071067811865460184, -0.7071067811865490160 ) ) ;
#577 = EDGE_LOOP ( 'NONE', ( #1339, #1206, #1405, #1550, #763, #204, #1441, #334, #1426, #869, #983, #195, #189, #1250, #1196, #271, #1011, #613, #365, #1005, #1272, #1354, #100, #1854, #1239, #218 ) ) ;
#578 = CYLINDRICAL_SURFACE ( 'NONE', #1427, 1.000000000000000888 ) ;
#579 = AXIS2_PLACEMENT_3D ( 'NONE', #1061, #1791, #733 ) ;
#580 = EDGE_CURVE ( 'NONE', #1411, #517, #1262, .T. ) ;
#581 = LINE ( 'NONE', #428, #1480 ) ;
#582 = ORIENTED_EDGE ( 'NONE', *, *, #1620, .T. ) ;
#583 = CARTESIAN_POINT ( 'NONE',  ( 80.40000000000001990, -3.000000000000000000, 6.300000000000008704 ) ) ;
#584 = CARTESIAN_POINT ( 'NONE',  ( 30.39999999999999503, 0.000000000000000000, 9.300000000000004263 ) ) ;
#585 = VERTEX_POINT ( 'NONE', #1103 ) ;
#586 = CARTESIAN_POINT ( 'NONE',  ( 84.60000000000002274, 1.000000000000000000, 4.200000000000005507 ) ) ;
#587 = EDGE_CURVE ( 'NONE', #699, #1784, #1637, .T. ) ;
#588 = AXIS2_PLACEMENT_3D ( 'NONE', #1387, #1711, #1862 ) ;
#589 = FACE_OUTER_BOUND ( 'NONE', #124, .T. ) ;
#590 = CARTESIAN_POINT ( 'NONE',  ( 126.5716306148988224, 32.32629658162959885, -36.25479946839507051 ) ) ;
#591 = ORIENTED_EDGE ( 'NONE', *, *, #1590, .T. ) ;
#592 = AXIS2_PLACEMENT_3D ( 'NONE', #1122, #491, #1580 ) ;
#593 = LINE ( 'NONE', #583, #1090 ) ;
#594 = FACE_OUTER_BOUND ( 'NONE', #1008, .T. ) ;
#595 = AXIS2_PLACEMENT_3D ( 'NONE', #106, #713, #1326 ) ;
#596 = EDGE_LOOP ( 'NONE', ( #1896, #1403, #1638, #144 ) ) ;
#597 = LINE ( 'NONE', #1958, #1386 ) ;
#598 = ADVANCED_FACE ( 'NONE', ( #1878 ), #963, .T. ) ;
#599 = ORIENTED_EDGE ( 'NONE', *, *, #1078, .F. ) ;
#600 = LINE ( 'NONE', #1683, #31 ) ;
#601 = CYLINDRICAL_SURFACE ( 'NONE', #1328, 0.2000000000000057288 ) ;
#602 = ORIENTED_EDGE ( 'NONE', *, *, #443, .F. ) ;
#603 = DIRECTION ( 'NONE',  ( 0.000000000000000000, 0.000000000000000000, -1.000000000000000000 ) ) ;
#604 = ORIENTED_EDGE ( 'NONE', *, *, #1573, .T. ) ;
#605 = LINE ( 'NONE', #746, #747 ) ;
#606 = CARTESIAN_POINT ( 'NONE',  ( 114.0000000000000000, 39.19999999999999574, -27.79999999999999361 ) ) ;
#607 = ADVANCED_FACE ( 'NONE', ( #183, #641 ), #1112, .T. ) ;
#608 = DIRECTION ( 'NONE',  ( 0.000000000000000000, 0.000000000000000000, -1.000000000000000000 ) ) ;
#609 = EDGE_LOOP ( 'NONE', ( #1631, #1216, #1889, #1751 ) ) ;
#610 = PLANE ( 'NONE',  #579 ) ;
#611 = AXIS2_PLACEMENT_3D ( 'NONE', #1063, #1843, #1545 ) ;
#612 = EDGE_CURVE ( 'NONE', #1463, #63, #330, .T. ) ;
#613 = ORIENTED_EDGE ( 'NONE', *, *, #1016, .T. ) ;
#614 = FACE_OUTER_BOUND ( 'NONE', #175, .T. ) ;
#615 = ADVANCED_FACE ( 'NONE', ( #1253 ), #173, .F. ) ;
#616 = LINE ( 'NONE', #288, #1813 ) ;
#617 = CIRCLE ( 'NONE', #1394, 1.000000000000000888 ) ;
#618 = DIRECTION ( 'NONE',  ( -0.000000000000000000, 1.000000000000000000, -0.000000000000000000 ) ) ;
#619 = DIRECTION ( 'NONE',  ( 1.000000000000000000, -0.000000000000000000, -0.000000000000000000 ) ) ;
#620 = ORIENTED_EDGE ( 'NONE', *, *, #6, .T. ) ;
#621 = DIRECTION ( 'NONE',  ( 1.000000000000000000, 0.000000000000000000, 0.000000000000000000 ) ) ;
#622 = VECTOR ( 'NONE', #993, 1000.000000000000000 ) ;
#623 = AXIS2_PLACEMENT_3D ( 'NONE', #1962, #1, #608 ) ;
#624 = VERTEX_POINT ( 'NONE', #1246 ) ;
#625 = CARTESIAN_POINT ( 'NONE',  ( 34.60000000000000853, -3.000000000000000000, 12.30000000000003624 ) ) ;
#626 = EDGE_LOOP ( 'NONE', ( #305, #1677, #1236, #474 ) ) ;
#627 = CARTESIAN_POINT ( 'NONE',  ( 115.0000000000000000, 29.00000000000000000, -29.99999999999999645 ) ) ;
#628 = EDGE_LOOP ( 'NONE', ( #1501, #1021, #1847, #444, #1712 ) ) ;
#629 = CARTESIAN_POINT ( 'NONE',  ( 34.60000000000000853, 0.000000000000000000, 7.300000000000008704 ) ) ;
#630 = VERTEX_POINT ( 'NONE', #625 ) ;
#631 = DIRECTION ( 'NONE',  ( 1.000000000000000000, 0.000000000000000000, 4.130293990420960022E-16 ) ) ;
#632 = ORIENTED_EDGE ( 'NONE', *, *, #1522, .F. ) ;
#633 = LINE ( 'NONE', #643, #1516 ) ;
#634 = CARTESIAN_POINT ( 'NONE',  ( 115.0000000000000000, 26.37629658163896096, -36.25479946839507051 ) ) ;
#635 = EDGE_LOOP ( 'NONE', ( #544, #832, #1613, #1908 ) ) ;
#636 = ADVANCED_FACE ( 'NONE', ( #481 ), #973, .F. ) ;
#637 = AXIS2_PLACEMENT_3D ( 'NONE', #1905, #1135, #819 ) ;
#638 = CARTESIAN_POINT ( 'NONE',  ( -31.99999999999995737, 40.20000000000000284, -45.25880863149649258 ) ) ;
#639 = TOROIDAL_SURFACE ( 'NONE', #1151, 3.100000000000000977, 1.000000000000000000 ) ;
#640 = EDGE_LOOP ( 'NONE', ( #1556, #620, #498, #1054 ) ) ;
#641 = FACE_OUTER_BOUND ( 'NONE', #1187, .T. ) ;
#642 = ORIENTED_EDGE ( 'NONE', *, *, #307, .T. ) ;
#643 = CARTESIAN_POINT ( 'NONE',  ( 115.0000000000000000, 12.47370341836066743, -36.25479946839499945 ) ) ;
#644 = ADVANCED_FACE ( 'NONE', ( #488 ), #473, .T. ) ;
#645 = CARTESIAN_POINT ( 'NONE',  ( 115.0000000000000000, 6.499999999999999112, -29.99999999999999645 ) ) ;
#646 = ADVANCED_FACE ( 'NONE', ( #332 ), #1845, .F. ) ;
#647 = ORIENTED_EDGE ( 'NONE', *, *, #921, .F. ) ;
#648 = CARTESIAN_POINT ( 'NONE',  ( 34.60000000000000853, -3.000000000000000000, 4.200000000000007283 ) ) ;
#649 = AXIS2_PLACEMENT_3D ( 'NONE', #1400, #1871, #506 ) ;
#650 = LINE ( 'NONE', #1422, #393 ) ;
#651 = VECTOR ( 'NONE', #1370, 1000.000000000000000 ) ;
#652 = ORIENTED_EDGE ( 'NONE', *, *, #293, .T. ) ;
#653 = CARTESIAN_POINT ( 'NONE',  ( 115.0000000000000000, 4.600612844430441051, -33.30299495918344377 ) ) ;
#654 = EDGE_CURVE ( 'NONE', #337, #1830, #955, .T. ) ;
#655 = DIRECTION ( 'NONE',  ( 0.000000000000000000, 1.000000000000000000, 0.000000000000000000 ) ) ;
#656 = ORIENTED_EDGE ( 'NONE', *, *, #432, .F. ) ;
#657 = VECTOR ( 'NONE', #837, 1000.000000000000000 ) ;
#658 = DIRECTION ( 'NONE',  ( 0.000000000000000000, 0.000000000000000000, 1.000000000000000000 ) ) ;
#659 = EDGE_CURVE ( 'NONE', #517, #1608, #45, .T. ) ;
#660 = APPLICATION_CONTEXT ( 'automotive_design' ) ;
#661 = AXIS2_PLACEMENT_3D ( 'NONE', #1049, #922, #167 ) ;
#662 = CYLINDRICAL_SURFACE ( 'NONE', #553, 1.000000000000000888 ) ;
#663 = ORIENTED_EDGE ( 'NONE', *, *, #612, .F. ) ;
#664 = DIRECTION ( 'NONE',  ( -1.000000000000000000, 0.000000000000000000, 0.000000000000000000 ) ) ;
#665 = VECTOR ( 'NONE', #835, 1000.000000000000000 ) ;
#666 = ORIENTED_EDGE ( 'NONE', *, *, #504, .F. ) ;
#667 = DIRECTION ( 'NONE',  ( 0.000000000000000000, -1.000000000000000000, 0.000000000000000000 ) ) ;
#668 = PLANE ( 'NONE',  #1724 ) ;
#669 = VECTOR ( 'NONE', #1080, 1000.000000000000000 ) ;
#670 = CARTESIAN_POINT ( 'NONE',  ( 84.60000000000002274, 1.000000000000000000, 7.300000000000008704 ) ) ;
#671 = ORIENTED_EDGE ( 'NONE', *, *, #1918, .F. ) ;
#672 = PLANE ( 'NONE',  #333 ) ;
#673 = LINE ( 'NONE', #1891, #877 ) ;
#674 = VERTEX_POINT ( 'NONE', #939 ) ;
#675 = DIRECTION ( 'NONE',  ( 1.000000000000000000, 0.000000000000000000, -0.000000000000000000 ) ) ;
#676 = DIRECTION ( 'NONE',  ( 0.000000000000000000, 0.000000000000000000, 1.000000000000000000 ) ) ;
#677 = ORIENTED_EDGE ( 'NONE', *, *, #52, .F. ) ;
#678 = DIRECTION ( 'NONE',  ( 1.000000000000000000, 0.000000000000000000, 0.000000000000000000 ) ) ;
#679 = VECTOR ( 'NONE', #1671, 1000.000000000000000 ) ;
#680 = EDGE_CURVE ( 'NONE', #1234, #630, #786, .T. ) ;
#681 = LINE ( 'NONE', #82, #277 ) ;
#682 = CARTESIAN_POINT ( 'NONE',  ( 0.000000000000000000, -3.000000000000000000, 15.19999999999999751 ) ) ;
#683 = ORIENTED_EDGE ( 'NONE', *, *, #708, .F. ) ;
#684 = VECTOR ( 'NONE', #201, 1000.000000000000000 ) ;
#685 = DIRECTION ( 'NONE',  ( -0.000000000000000000, 1.000000000000000000, -0.000000000000000000 ) ) ;
#686 = EDGE_LOOP ( 'NONE', ( #352, #435, #394 ) ) ;
#687 = CARTESIAN_POINT ( 'NONE',  ( 34.60000000000000853, -3.000000000000000000, -3.900000000000021227 ) ) ;
#688 = AXIS2_PLACEMENT_3D ( 'NONE', #1592, #257, #114 ) ;
#689 = ORIENTED_EDGE ( 'NONE', *, *, #1694, .T. ) ;
#690 = DIRECTION ( 'NONE',  ( 0.000000000000000000, 0.000000000000000000, -1.000000000000000000 ) ) ;
#691 = DIRECTION ( 'NONE',  ( -1.000000000000000000, 0.000000000000000000, 0.000000000000000000 ) ) ;
#692 = DIRECTION ( 'NONE',  ( 1.000000000000000000, 0.000000000000000000, 0.000000000000000000 ) ) ;
#693 = ORIENTED_EDGE ( 'NONE', *, *, #503, .F. ) ;
#694 = CARTESIAN_POINT ( 'NONE',  ( 0.000000000000000000, 29.00000000000000000, -28.99999999999999289 ) ) ;
#695 = EDGE_CURVE ( 'NONE', #322, #1160, #1256, .T. ) ;
#696 = ORIENTED_EDGE ( 'NONE', *, *, #1561, .F. ) ;
#697 = LINE ( 'NONE', #1764, #1503 ) ;
#698 = CARTESIAN_POINT ( 'NONE',  ( 126.5716306148988224, 12.47370341836066743, -36.25479946839499945 ) ) ;
#699 = VERTEX_POINT ( 'NONE', #1413 ) ;
#700 = DIRECTION ( 'NONE',  ( 0.000000000000000000, 0.000000000000000000, -1.000000000000000000 ) ) ;
#701 = DIRECTION ( 'NONE',  ( -1.000000000000000000, 0.000000000000000000, 0.000000000000000000 ) ) ;
#702 = AXIS2_PLACEMENT_3D ( 'NONE', #1456, #1734, #90 ) ;
#703 =( NAMED_UNIT ( * ) PLANE_ANGLE_UNIT ( ) SI_UNIT ( $, .RADIAN. ) );
#704 = ORIENTED_EDGE ( 'NONE', *, *, #1179, .F. ) ;
#705 = CARTESIAN_POINT ( 'NONE',  ( 30.39999999999999503, 0.000000000000000000, -0.8999999999999928058 ) ) ;
#706 = AXIS2_PLACEMENT_3D ( 'NONE', #1839, #467, #1684 ) ;
#707 = ORIENTED_EDGE ( 'NONE', *, *, #885, .T. ) ;
#708 = EDGE_CURVE ( 'NONE', #585, #1395, #650, .T. ) ;
#709 = ADVANCED_FACE ( 'NONE', ( #56 ), #662, .T. ) ;
#710 = CARTESIAN_POINT ( 'NONE',  ( 34.60000000000000853, -3.000000000000000000, 2.100000000000006306 ) ) ;
#711 = ORIENTED_EDGE ( 'NONE', *, *, #1833, .F. ) ;
#712 = DIRECTION ( 'NONE',  ( 0.000000000000000000, 0.000000000000000000, -1.000000000000000000 ) ) ;
#713 = DIRECTION ( 'NONE',  ( 2.920558888920690739E-16, -0.7071067811865512365, 0.7071067811865437980 ) ) ;
#714 = AXIS2_PLACEMENT_3D ( 'NONE', #140, #894, #289 ) ;
#715 = CARTESIAN_POINT ( 'NONE',  ( 0.000000000000000000, 12.19999999999999929, -33.25479946839504919 ) ) ;
#716 = VERTEX_POINT ( 'NONE', #1758 ) ;
#717 = CARTESIAN_POINT ( 'NONE',  ( 80.40000000000001990, -3.000000000000000000, 12.30000000000005222 ) ) ;
#718 = EDGE_LOOP ( 'NONE', ( #859, #1778, #1876, #1705 ) ) ;
#719 = AXIS2_PLACEMENT_3D ( 'NONE', #750, #771, #1363 ) ;
#720 = LINE ( 'NONE', #698, #757 ) ;
#721 = ORIENTED_EDGE ( 'NONE', *, *, #580, .T. ) ;
#722 = EDGE_CURVE ( 'NONE', #13, #674, #300, .T. ) ;
#723 = ADVANCED_FACE ( 'NONE', ( #403 ), #1152, .F. ) ;
#724 = DIRECTION ( 'NONE',  ( 0.000000000000000000, -0.000000000000000000, -1.000000000000000000 ) ) ;
#725 = DIRECTION ( 'NONE',  ( 1.000000000000000000, 0.000000000000000000, -0.000000000000000000 ) ) ;
#726 = CARTESIAN_POINT ( 'NONE',  ( 115.0000000000000000, 39.19999999999999574, -29.99999999999999645 ) ) ;
#727 = ORIENTED_EDGE ( 'NONE', *, *, #820, .F. ) ;
#728 = EDGE_CURVE ( 'NONE', #1322, #1082, #1019, .T. ) ;
#729 = DIRECTION ( 'NONE',  ( -1.000000000000000000, 0.000000000000000000, 0.000000000000000000 ) ) ;
#730 = VERTEX_POINT ( 'NONE', #94 ) ;
#731 = CARTESIAN_POINT ( 'NONE',  ( 84.60000000000002274, 0.000000000000000000, 9.300000000000018474 ) ) ;
#732 = ORIENTED_EDGE ( 'NONE', *, *, #1224, .T. ) ;
#733 = DIRECTION ( 'NONE',  ( 0.000000000000000000, -0.000000000000000000, -1.000000000000000000 ) ) ;
#734 = DIRECTION ( 'NONE',  ( -1.000000000000000000, 0.000000000000000000, -0.000000000000000000 ) ) ;
#735 = EDGE_CURVE ( 'NONE', #1653, #1762, #1450, .T. ) ;
#736 = VERTEX_POINT ( 'NONE', #1887 ) ;
#737 = CARTESIAN_POINT ( 'NONE',  ( 115.0000000000000000, 34.08550813762892773, -33.36856425738304921 ) ) ;
#738 = CARTESIAN_POINT ( 'NONE',  ( 0.000000000000000000, -1.999999999999998224, -28.99999999999999289 ) ) ;
#739 = AXIS2_PLACEMENT_3D ( 'NONE', #368, #537, #1325 ) ;
#740 = DIRECTION ( 'NONE',  ( -1.000000000000000000, -0.000000000000000000, 0.000000000000000000 ) ) ;
#741 = ORIENTED_EDGE ( 'NONE', *, *, #1633, .T. ) ;
#742 = CARTESIAN_POINT ( 'NONE',  ( 115.0000000000000000, 14.09999999999999609, -33.25479946839504208 ) ) ;
#743 = CARTESIAN_POINT ( 'NONE',  ( 1.000000000000000888, 26.65000000000000213, -29.99999999999999645 ) ) ;
#744 = EDGE_CURVE ( 'NONE', #1395, #1322, #215, .T. ) ;
#745 = EDGE_LOOP ( 'NONE', ( #1558, #1959, #1755, #909 ) ) ;
#746 = CARTESIAN_POINT ( 'NONE',  ( 84.60000000000002274, -3.000000000000000000, 12.30000000000005045 ) ) ;
#747 = VECTOR ( 'NONE', #1038, 1000.000000000000000 ) ;
#748 = CARTESIAN_POINT ( 'NONE',  ( 126.5716306148988224, 26.37629658163896096, -36.25479946839507051 ) ) ;
#749 = APPLICATION_PROTOCOL_DEFINITION ( 'draft international standard', 'automotive_design', 1998, #660 ) ;
#750 = CARTESIAN_POINT ( 'NONE',  ( 0.000000000000000000, 1.000000000000000000, 15.19999999999999751 ) ) ;
#751 = EDGE_LOOP ( 'NONE', ( #1814, #1488, #1156, #492 ) ) ;
#752 = VECTOR ( 'NONE', #98, 1000.000000000000000 ) ;
#753 = VECTOR ( 'NONE', #903, 1000.000000000000000 ) ;
#754 = CARTESIAN_POINT ( 'NONE',  ( 84.60000000000002274, 1.000000000000000000, 1.100000000000006306 ) ) ;
#755 = DIRECTION ( 'NONE',  ( 0.000000000000000000, 0.000000000000000000, -1.000000000000000000 ) ) ;
#756 = EDGE_CURVE ( 'NONE', #1830, #1892, #1870, .T. ) ;
#757 = VECTOR ( 'NONE', #847, 1000.000000000000000 ) ;
#758 = EDGE_LOOP ( 'NONE', ( #842, #1514, #401, #141 ) ) ;
#759 = CARTESIAN_POINT ( 'NONE',  ( 115.0000000000000000, 12.47370341836066743, -36.25479946839499945 ) ) ;
#760 = DIRECTION ( 'NONE',  ( 1.000000000000000000, 0.000000000000000000, -4.130293990420960022E-16 ) ) ;
#761 = EDGE_CURVE ( 'NONE', #268, #1091, #681, .T. ) ;
#762 = CARTESIAN_POINT ( 'NONE',  ( 115.0000000000000000, -2.000000000000000000, -28.99999999999999289 ) ) ;
#763 = ORIENTED_EDGE ( 'NONE', *, *, #1221, .T. ) ;
#764 = CARTESIAN_POINT ( 'NONE',  ( 0.000000000000000000, 6.500000000000000000, -33.25474111729089088 ) ) ;
#765 = ADVANCED_FACE ( 'NONE', ( #538 ), #369, .T. ) ;
#766 = VERTEX_POINT ( 'NONE', #1935 ) ;
#767 = CARTESIAN_POINT ( 'NONE',  ( 30.39999999999999503, 2.000000000000000000, 2.100000000000006306 ) ) ;
#768 = AXIS2_PLACEMENT_3D ( 'NONE', #1126, #1300, #675 ) ;
#769 = PLANE ( 'NONE',  #50 ) ;
#770 = LINE ( 'NONE', #933, #65 ) ;
#771 = DIRECTION ( 'NONE',  ( -0.000000000000000000, 0.000000000000000000, 1.000000000000000000 ) ) ;
#772 = AXIS2_PLACEMENT_3D ( 'NONE', #177, #618, #345 ) ;
#773 = ORIENTED_EDGE ( 'NONE', *, *, #885, .F. ) ;
#774 = DIRECTION ( 'NONE',  ( -0.000000000000000000, -1.000000000000000000, 0.000000000000000000 ) ) ;
#775 = VECTOR ( 'NONE', #339, 1000.000000000000000 ) ;
#776 = ORIENTED_EDGE ( 'NONE', *, *, #1379, .T. ) ;
#777 = LINE ( 'NONE', #315, #1357 ) ;
#778 = ORIENTED_EDGE ( 'NONE', *, *, #735, .F. ) ;
#779 = DIRECTION ( 'NONE',  ( 0.000000000000000000, 0.000000000000000000, 1.000000000000000000 ) ) ;
#780 = AXIS2_PLACEMENT_3D ( 'NONE', #190, #804, #1853 ) ;
#781 = ORIENTED_EDGE ( 'NONE', *, *, #120, .F. ) ;
#782 = DIRECTION ( 'NONE',  ( -0.000000000000000000, 1.000000000000000000, -0.000000000000000000 ) ) ;
#783 = EDGE_CURVE ( 'NONE', #63, #1915, #1281, .T. ) ;
#784 = VECTOR ( 'NONE', #395, 1000.000000000000000 ) ;
#785 = ORIENTED_EDGE ( 'NONE', *, *, #867, .T. ) ;
#786 = LINE ( 'NONE', #1569, #1861 ) ;
#787 = VECTOR ( 'NONE', #734, 1000.000000000000000 ) ;
#788 = EDGE_LOOP ( 'NONE', ( #1939, #1692, #1447, #1075 ) ) ;
#789 = CARTESIAN_POINT ( 'NONE',  ( -31.99999999999995737, 40.20000000000000284, -28.99999999999999289 ) ) ;
#790 = CARTESIAN_POINT ( 'NONE',  ( 1.000000000000000000, 39.19999999999999574, -28.99999999999999289 ) ) ;
#791 = ORIENTED_EDGE ( 'NONE', *, *, #814, .T. ) ;
#792 = FACE_OUTER_BOUND ( 'NONE', #85, .T. ) ;
#793 = ORIENTED_EDGE ( 'NONE', *, *, #1530, .F. ) ;
#794 = EDGE_CURVE ( 'NONE', #1099, #237, #1461, .T. ) ;
#795 = DIRECTION ( 'NONE',  ( -1.000000000000000000, 0.000000000000000000, 0.000000000000000000 ) ) ;
#796 = EDGE_LOOP ( 'NONE', ( #1486, #547, #1131, #108 ) ) ;
#797 = LINE ( 'NONE', #966, #116 ) ;
#798 = DIRECTION ( 'NONE',  ( 0.000000000000000000, 0.9996774502997662903, 0.02539675889081775828 ) ) ;
#799 = ORIENTED_EDGE ( 'NONE', *, *, #1739, .F. ) ;
#800 = CIRCLE ( 'NONE', #861, 3.100000000000000977 ) ;
#801 = FACE_OUTER_BOUND ( 'NONE', #1182, .T. ) ;
#802 = AXIS2_PLACEMENT_3D ( 'NONE', #53, #1092, #658 ) ;
#803 = ORIENTED_EDGE ( 'NONE', *, *, #735, .T. ) ;
#804 = DIRECTION ( 'NONE',  ( 0.000000000000000000, 1.000000000000000000, 0.000000000000000000 ) ) ;
#805 = VERTEX_POINT ( 'NONE', #1293 ) ;
#806 = DIRECTION ( 'NONE',  ( 0.000000000000000000, 0.000000000000000000, -1.000000000000000000 ) ) ;
#807 = EDGE_CURVE ( 'NONE', #949, #282, #1315, .T. ) ;
#808 = VERTEX_POINT ( 'NONE', #1747 ) ;
#809 = VECTOR ( 'NONE', #414, 1000.000000000000000 ) ;
#810 = DIRECTION ( 'NONE',  ( 0.000000000000000000, -1.000000000000000000, 0.000000000000000000 ) ) ;
#811 = AXIS2_PLACEMENT_3D ( 'NONE', #1577, #1728, #356 ) ;
#812 = VECTOR ( 'NONE', #1656, 1000.000000000000000 ) ;
#813 = CARTESIAN_POINT ( 'NONE',  ( 80.40000000000001990, -3.000000000000000000, 4.200000000000007283 ) ) ;
#814 = EDGE_CURVE ( 'NONE', #1880, #1082, #1923, .T. ) ;
#815 = EDGE_LOOP ( 'NONE', ( #1201, #560, #1145, #290 ) ) ;
#816 = CARTESIAN_POINT ( 'NONE',  ( 1.000000000000000000, -2.000000000000000000, -28.99999999999999289 ) ) ;
#817 = EDGE_LOOP ( 'NONE', ( #1904, #1722, #1213, #1407 ) ) ;
#818 = AXIS2_PLACEMENT_3D ( 'NONE', #1473, #831, #71 ) ;
#819 = DIRECTION ( 'NONE',  ( 0.000000000000000000, 0.000000000000000000, -1.000000000000000000 ) ) ;
#820 = EDGE_CURVE ( 'NONE', #1267, #453, #1014, .T. ) ;
#821 = DIRECTION ( 'NONE',  ( -0.000000000000000000, 1.000000000000000000, -0.000000000000000000 ) ) ;
#822 = ORIENTED_EDGE ( 'NONE', *, *, #362, .T. ) ;
#823 = DIRECTION ( 'NONE',  ( -1.000000000000000000, 0.000000000000000000, 0.000000000000000000 ) ) ;
#824 = DIRECTION ( 'NONE',  ( -0.000000000000000000, -1.000000000000000000, 0.000000000000000000 ) ) ;
#825 = EDGE_LOOP ( 'NONE', ( #487, #853, #1475, #1142 ) ) ;
#826 = ADVANCED_FACE ( 'NONE', ( #251 ), #62, .T. ) ;
#827 = CARTESIAN_POINT ( 'NONE',  ( 0.000000000000000000, 1.999999999999996669, -27.79999999999999361 ) ) ;
#828 = VECTOR ( 'NONE', #223, 1000.000000000000000 ) ;
#829 = CARTESIAN_POINT ( 'NONE',  ( 30.39999999999999503, -3.000000000000000000, 6.300000000000008704 ) ) ;
#830 = AXIS2_PLACEMENT_3D ( 'NONE', #450, #1803, #724 ) ;
#831 = DIRECTION ( 'NONE',  ( 0.000000000000000000, -1.000000000000000000, 0.000000000000000000 ) ) ;
#832 = ORIENTED_EDGE ( 'NONE', *, *, #84, .F. ) ;
#833 = DIRECTION ( 'NONE',  ( -0.000000000000000000, 1.000000000000000000, -0.000000000000000000 ) ) ;
#834 = FACE_OUTER_BOUND ( 'NONE', #930, .T. ) ;
#835 = DIRECTION ( 'NONE',  ( -1.000000000000000000, 0.000000000000000000, 0.000000000000000000 ) ) ;
#836 = LINE ( 'NONE', #996, #1086 ) ;
#837 = DIRECTION ( 'NONE',  ( -1.000000000000000000, 0.000000000000000000, 0.000000000000000000 ) ) ;
#838 = ORIENTED_EDGE ( 'NONE', *, *, #408, .T. ) ;
#839 = DIRECTION ( 'NONE',  ( -1.000000000000000000, 0.000000000000000000, 0.000000000000000000 ) ) ;
#840 = DIRECTION ( 'NONE',  ( 1.000000000000000000, 0.000000000000000000, -0.000000000000000000 ) ) ;
#841 = SURFACE_STYLE_FILL_AREA ( #380 ) ;
#842 = ORIENTED_EDGE ( 'NONE', *, *, #1306, .F. ) ;
#843 = VECTOR ( 'NONE', #41, 1000.000000000000000 ) ;
#844 = LINE ( 'NONE', #244, #1040 ) ;
#845 = ORIENTED_EDGE ( 'NONE', *, *, #1113, .T. ) ;
#846 = CARTESIAN_POINT ( 'NONE',  ( 126.5716306148988224, 12.19999999999999929, -29.99999999999999645 ) ) ;
#847 = DIRECTION ( 'NONE',  ( -1.000000000000000000, 0.000000000000000000, 0.000000000000000000 ) ) ;
#848 = ORIENTED_EDGE ( 'NONE', *, *, #1318, .F. ) ;
#849 = CARTESIAN_POINT ( 'NONE',  ( 0.000000000000000000, 14.26641005886703795, -33.56573950763927883 ) ) ;
#850 = DIRECTION ( 'NONE',  ( 1.000000000000000000, 0.000000000000000000, 0.000000000000000000 ) ) ;
#851 = CARTESIAN_POINT ( 'NONE',  ( 30.39999999999999503, 1.647987302177966740E-14, 4.200000000000005507 ) ) ;
#852 = EDGE_CURVE ( 'NONE', #225, #1114, #1780, .T. ) ;
#853 = ORIENTED_EDGE ( 'NONE', *, *, #1675, .T. ) ;
#854 = CARTESIAN_POINT ( 'NONE',  ( 84.60000000000002274, 1.000000000000000000, 2.100000000000006306 ) ) ;
#855 = ADVANCED_FACE ( 'NONE', ( #413 ), #1629, .T. ) ;
#856 = VERTEX_POINT ( 'NONE', #1337 ) ;
#857 = DIRECTION ( 'NONE',  ( -0.000000000000000000, 1.000000000000000000, -0.000000000000000000 ) ) ;
#858 = DIRECTION ( 'NONE',  ( 0.000000000000000000, 0.000000000000000000, -1.000000000000000000 ) ) ;
#859 = ORIENTED_EDGE ( 'NONE', *, *, #807, .F. ) ;
#860 = CARTESIAN_POINT ( 'NONE',  ( 126.5716306148988224, 26.65000000000000213, -29.99999999999999645 ) ) ;
#861 = AXIS2_PLACEMENT_3D ( 'NONE', #101, #1435, #398 ) ;
#862 = CARTESIAN_POINT ( 'NONE',  ( 0.000000000000000000, 4.730996777863603064, -33.56573950764021674 ) ) ;
#863 = DIRECTION ( 'NONE',  ( -2.920558888920690739E-16, -0.7071067811865512365, -0.7071067811865437980 ) ) ;
#864 = PRODUCT_RELATED_PRODUCT_CATEGORY ( 'part', '', ( #870 ) ) ;
#865 = ORIENTED_EDGE ( 'NONE', *, *, #84, .T. ) ;
#866 = CARTESIAN_POINT ( 'NONE',  ( 126.5716306148988224, 24.58358994113253004, -33.56573950764025938 ) ) ;
#867 = EDGE_CURVE ( 'NONE', #1760, #624, #1483, .T. ) ;
#868 = ADVANCED_FACE ( 'NONE', ( #594 ), #1804, .T. ) ;
#869 = ORIENTED_EDGE ( 'NONE', *, *, #1559, .T. ) ;
#870 = PRODUCT ( 'power_supply_left', 'power_supply_left', '', ( #1819 ) ) ;
#871 =( NAMED_UNIT ( * ) SI_UNIT ( $, .STERADIAN. ) SOLID_ANGLE_UNIT ( ) );
#872 = DIRECTION ( 'NONE',  ( 1.000000000000000000, 0.000000000000000000, -0.000000000000000000 ) ) ;
#873 = ORIENTED_EDGE ( 'NONE', *, *, #367, .F. ) ;
#874 = PLANE ( 'NONE',  #258 ) ;
#875 = LINE ( 'NONE', #423, #787 ) ;
#876 = AXIS2_PLACEMENT_3D ( 'NONE', #342, #795, #1238 ) ;
#877 = VECTOR ( 'NONE', #521, 1000.000000000000000 ) ;
#878 = SURFACE_SIDE_STYLE ('',( #841 ) ) ;
#879 = ORIENTED_EDGE ( 'NONE', *, *, #1573, .F. ) ;
#880 = CARTESIAN_POINT ( 'NONE',  ( 80.40000000000001990, 1.725633230170963324E-28, 9.300000000000020250 ) ) ;
#881 = AXIS2_PLACEMENT_3D ( 'NONE', #1199, #155, #1392 ) ;
#882 = ORIENTED_EDGE ( 'NONE', *, *, #1973, .F. ) ;
#883 = AXIS2_PLACEMENT_3D ( 'NONE', #1782, #991, #1924 ) ;
#884 = CARTESIAN_POINT ( 'NONE',  ( 84.60000000000002274, 0.000000000000000000, 7.300000000000008704 ) ) ;
#885 = EDGE_CURVE ( 'NONE', #415, #80, #948, .T. ) ;
#886 = ORIENTED_EDGE ( 'NONE', *, *, #1783, .F. ) ;
#887 = CARTESIAN_POINT ( 'NONE',  ( 80.40000000000001990, 0.000000000000000000, -0.9000000000000050182 ) ) ;
#888 = DIRECTION ( 'NONE',  ( -0.000000000000000000, -1.000000000000000000, -0.000000000000000000 ) ) ;
#889 = DIRECTION ( 'NONE',  ( 0.000000000000000000, 0.000000000000000000, -1.000000000000000000 ) ) ;
#890 = PRODUCT_DEFINITION_SHAPE ( 'NONE', 'NONE',  #1448 ) ;
#891 = ORIENTED_EDGE ( 'NONE', *, *, #1933, .T. ) ;
#892 = DIRECTION ( 'NONE',  ( 0.000000000000000000, 1.000000000000000000, 3.652049423109073546E-15 ) ) ;
#893 = LINE ( 'NONE', #1229, #143 ) ;
#894 = DIRECTION ( 'NONE',  ( 0.000000000000000000, 0.000000000000000000, 1.000000000000000000 ) ) ;
#895 = EDGE_CURVE ( 'NONE', #314, #1411, #875, .T. ) ;
#896 = VERTEX_POINT ( 'NONE', #1493 ) ;
#897 = CLOSED_SHELL ( 'NONE', ( #646, #16, #636, #1111, #723, #1360, #1818, #1568, #1583, #1465, #615, #460, #181, #1865, #965, #1470, #286, #157, #1270, #868, #170, #148, #598, #1505, #1107, #1634, #426, #1170, #1039, #1491, #562, #990, #953, #1770, #709, #1875, #17, #1552, #573, #1717, #1212, #1157, #1649, #1708, #765, #193, #1439, #607, #1352, #47, #1371, #826, #914, #1362, #1259, #348, #1856, #212, #1756, #969, #1536, #644, #855, #551 ) ) ;
#898 = DIRECTION ( 'NONE',  ( 1.000000000000000000, 0.000000000000000000, -0.000000000000000000 ) ) ;
#899 = LINE ( 'NONE', #410, #1679 ) ;
#900 = ORIENTED_EDGE ( 'NONE', *, *, #1707, .T. ) ;
#901 = VECTOR ( 'NONE', #1743, 1000.000000000000000 ) ;
#902 = CARTESIAN_POINT ( 'NONE',  ( 0.000000000000000000, 39.19999999999999574, -28.99999999999999289 ) ) ;
#903 = DIRECTION ( 'NONE',  ( -1.000000000000000000, 0.000000000000000000, 0.000000000000000000 ) ) ;
#904 = CIRCLE ( 'NONE', #802, 1.000000000000000888 ) ;
#905 = CARTESIAN_POINT ( 'NONE',  ( 126.5716306148988224, 14.09999999999999609, -33.25479946839504208 ) ) ;
#906 = ORIENTED_EDGE ( 'NONE', *, *, #239, .T. ) ;
#907 = CARTESIAN_POINT ( 'NONE',  ( 126.5716306148988224, 6.523703418370021545, -36.25479946839499945 ) ) ;
#908 = EDGE_CURVE ( 'NONE', #476, #1341, #1454, .T. ) ;
#909 = ORIENTED_EDGE ( 'NONE', *, *, #529, .F. ) ;
#910 = EDGE_CURVE ( 'NONE', #324, #381, #433, .T. ) ;
#911 = TOROIDAL_SURFACE ( 'NONE', #1801, 3.100000000000000977, 1.000000000000000000 ) ;
#912 = CARTESIAN_POINT ( 'NONE',  ( 126.5716306148988224, 24.74999999999999645, -33.25479946839506340 ) ) ;
#913 = DIRECTION ( 'NONE',  ( 1.000000000000000000, 0.000000000000000000, 0.000000000000000000 ) ) ;
#914 = ADVANCED_FACE ( 'NONE', ( #1956 ), #284, .T. ) ;
#915 = LINE ( 'NONE', #150, #363 ) ;
#916 = VERTEX_POINT ( 'NONE', #743 ) ;
#917 = VECTOR ( 'NONE', #1693, 1000.000000000000000 ) ;
#918 = FACE_BOUND ( 'NONE', #1975, .T. ) ;
#919 = VERTEX_POINT ( 'NONE', #1184 ) ;
#920 = PLANE ( 'NONE',  #266 ) ;
#921 = EDGE_CURVE ( 'NONE', #716, #554, #1035, .T. ) ;
#922 = DIRECTION ( 'NONE',  ( 0.000000000000000000, -1.000000000000000000, 0.000000000000000000 ) ) ;
#923 = EDGE_CURVE ( 'NONE', #1452, #1267, #899, .T. ) ;
#924 = LINE ( 'NONE', #1527, #970 ) ;
#925 = ORIENTED_EDGE ( 'NONE', *, *, #227, .F. ) ;
#926 = DIRECTION ( 'NONE',  ( 0.000000000000000000, 1.251179762986551355E-16, -1.000000000000000000 ) ) ;
#927 = DIRECTION ( 'NONE',  ( 0.000000000000000000, 0.000000000000000000, 1.000000000000000000 ) ) ;
#928 = ORIENTED_EDGE ( 'NONE', *, *, #326, .F. ) ;
#929 = CARTESIAN_POINT ( 'NONE',  ( 1.000000000000000000, -2.000000000000000000, -28.99999999999999289 ) ) ;
#930 = EDGE_LOOP ( 'NONE', ( #1825, #508, #1180, #137 ) ) ;
#931 = LINE ( 'NONE', #748, #1482 ) ;
#932 = EDGE_CURVE ( 'NONE', #449, #1452, #720, .T. ) ;
#933 = CARTESIAN_POINT ( 'NONE',  ( 126.5716306148988224, 14.26641005886703795, -33.56573950763927883 ) ) ;
#934 = AXIS2_PLACEMENT_3D ( 'NONE', #283, #1345, #5 ) ;
#935 = ORIENTED_EDGE ( 'NONE', *, *, #1460, .F. ) ;
#936 = CARTESIAN_POINT ( 'NONE',  ( 80.40000000000001990, 0.000000000000000000, 4.200000000000007283 ) ) ;
#937 = CIRCLE ( 'NONE', #507, 3.100000000000000977 ) ;
#938 = ORIENTED_EDGE ( 'NONE', *, *, #1013, .F. ) ;
#939 = CARTESIAN_POINT ( 'NONE',  ( 84.60000000000002274, -3.000000000000000000, -3.900000000000036771 ) ) ;
#940 = ORIENTED_EDGE ( 'NONE', *, *, #1727, .T. ) ;
#941 = LINE ( 'NONE', #1255, #972 ) ;
#942 = ORIENTED_EDGE ( 'NONE', *, *, #1930, .F. ) ;
#943 = LINE ( 'NONE', #1384, #1219 ) ;
#944 = EDGE_CURVE ( 'NONE', #355, #1901, #1022, .T. ) ;
#945 = CIRCLE ( 'NONE', #1166, 2.100000000000000977 ) ;
#946 = ORIENTED_EDGE ( 'NONE', *, *, #1204, .F. ) ;
#947 = DIRECTION ( 'NONE',  ( -0.000000000000000000, -1.000000000000000000, 0.000000000000000000 ) ) ;
#948 = CIRCLE ( 'NONE', #241, 1.000000000000000000 ) ;
#949 = VERTEX_POINT ( 'NONE', #102 ) ;
#950 = LINE ( 'NONE', #1265, #1261 ) ;
#951 = ORIENTED_EDGE ( 'NONE', *, *, #1306, .T. ) ;
#952 = DIRECTION ( 'NONE',  ( -0.000000000000000000, -1.251179762986551355E-16, 1.000000000000000000 ) ) ;
#953 = ADVANCED_FACE ( 'NONE', ( #1332 ), #569, .T. ) ;
#954 = ORIENTED_EDGE ( 'NONE', *, *, #1694, .F. ) ;
#955 = LINE ( 'NONE', #1690, #1963 ) ;
#956 = VERTEX_POINT ( 'NONE', #524 ) ;
#957 = DIRECTION ( 'NONE',  ( -0.000000000000000000, 1.000000000000000000, 3.652049423109073546E-15 ) ) ;
#958 = CARTESIAN_POINT ( 'NONE',  ( 0.000000000000000000, 12.19999999999999929, -28.99999999999999289 ) ) ;
#959 = ORIENTED_EDGE ( 'NONE', *, *, #910, .F. ) ;
#960 = FACE_OUTER_BOUND ( 'NONE', #1625, .T. ) ;
#961 = EDGE_CURVE ( 'NONE', #1760, #916, #1159, .T. ) ;
#962 = VECTOR ( 'NONE', #187, 1000.000000000000000 ) ;
#963 = PLANE ( 'NONE',  #649 ) ;
#964 = ORIENTED_EDGE ( 'NONE', *, *, #541, .F. ) ;
#965 = ADVANCED_FACE ( 'NONE', ( #91 ), #1765, .T. ) ;
#966 = CARTESIAN_POINT ( 'NONE',  ( 84.60000000000002274, -3.000000000000000000, -3.900000000000036771 ) ) ;
#967 = CARTESIAN_POINT ( 'NONE',  ( 84.60000000000002274, 0.000000000000000000, 9.300000000000018474 ) ) ;
#968 = ORIENTED_EDGE ( 'NONE', *, *, #1146, .T. ) ;
#969 = ADVANCED_FACE ( 'NONE', ( #535 ), #309, .T. ) ;
#970 = VECTOR ( 'NONE', #1685, 1000.000000000000000 ) ;
#971 = DIRECTION ( 'NONE',  ( 0.000000000000000000, 0.000000000000000000, -1.000000000000000000 ) ) ;
#972 = VECTOR ( 'NONE', #957, 1000.000000000000000 ) ;
#973 = CYLINDRICAL_SURFACE ( 'NONE', #1888, 2.100000000000000977 ) ;
#974 = ORIENTED_EDGE ( 'NONE', *, *, #756, .T. ) ;
#975 = DIRECTION ( 'NONE',  ( 0.000000000000000000, 0.000000000000000000, 1.000000000000000000 ) ) ;
#976 = DIRECTION ( 'NONE',  ( 0.000000000000000000, 0.000000000000000000, -1.000000000000000000 ) ) ;
#977 = EDGE_LOOP ( 'NONE', ( #732, #1977, #92, #192 ) ) ;
#978 = DIRECTION ( 'NONE',  ( 0.000000000000000000, -0.5547001962257784857, -0.8320502943374774585 ) ) ;
#979 = CARTESIAN_POINT ( 'NONE',  ( 126.5716306148988224, 14.09999999999999609, -33.45479946839446939 ) ) ;
#980 = DIRECTION ( 'NONE',  ( -0.000000000000000000, -1.000000000000000000, -0.000000000000000000 ) ) ;
#981 = ORIENTED_EDGE ( 'NONE', *, *, #216, .F. ) ;
#982 = LINE ( 'NONE', #1785, #1230 ) ;
#983 = ORIENTED_EDGE ( 'NONE', *, *, #496, .T. ) ;
#984 = PLANE ( 'NONE',  #768 ) ;
#985 = CARTESIAN_POINT ( 'NONE',  ( 34.60000000000000853, -3.000000000000000000, 4.200000000000007283 ) ) ;
#986 = VERTEX_POINT ( 'NONE', #1636 ) ;
#987 = LINE ( 'NONE', #1934, #1119 ) ;
#988 = VECTOR ( 'NONE', #1922, 1000.000000000000000 ) ;
#989 = DIRECTION ( 'NONE',  ( 0.000000000000000000, -0.7071067811865460184, -0.7071067811865490160 ) ) ;
#990 = ADVANCED_FACE ( 'NONE', ( #400 ), #79, .T. ) ;
#991 = DIRECTION ( 'NONE',  ( 0.000000000000000000, -1.000000000000000000, 0.000000000000000000 ) ) ;
#992 = VERTEX_POINT ( 'NONE', #1612 ) ;
#993 = DIRECTION ( 'NONE',  ( -1.000000000000000000, -0.000000000000000000, 0.000000000000000000 ) ) ;
#994 = CYLINDRICAL_SURFACE ( 'NONE', #267, 0.2000000000000057288 ) ;
#995 = LINE ( 'NONE', #1509, #438 ) ;
#996 = CARTESIAN_POINT ( 'NONE',  ( 80.40000000000001990, 1.000000000000000000, 6.300000000000008704 ) ) ;
#997 = DIRECTION ( 'NONE',  ( 1.000000000000000000, 0.000000000000000000, -0.000000000000000000 ) ) ;
#998 = VERTEX_POINT ( 'NONE', #884 ) ;
#999 = CARTESIAN_POINT ( 'NONE',  ( 1.000000000000000888, 40.20000000000000284, -27.79999999999999361 ) ) ;
#1000 = EDGE_CURVE ( 'NONE', #1519, #80, #206, .T. ) ;
#1001 = VECTOR ( 'NONE', #463, 1000.000000000000000 ) ;
#1002 = EDGE_CURVE ( 'NONE', #1519, #992, #1744, .T. ) ;
#1003 = CARTESIAN_POINT ( 'NONE',  ( 115.0000000000000142, 39.78578643762690348, -29.99999999999999645 ) ) ;
#1004 = PLANE ( 'NONE',  #1832 ) ;
#1005 = ORIENTED_EDGE ( 'NONE', *, *, #923, .T. ) ;
#1006 = VECTOR ( 'NONE', #1741, 1000.000000000000000 ) ;
#1007 = CARTESIAN_POINT ( 'NONE',  ( 115.0000000000000000, 26.65000000000000213, -33.25479946839506340 ) ) ;
#1008 = EDGE_LOOP ( 'NONE', ( #1364, #1849, #1208, #1805 ) ) ;
#1009 = CARTESIAN_POINT ( 'NONE',  ( 126.5716306148988224, 34.24999999999999289, -33.25479946839509893 ) ) ;
#1010 = AXIS2_PLACEMENT_3D ( 'NONE', #1596, #1738, #391 ) ;
#1011 = ORIENTED_EDGE ( 'NONE', *, *, #260, .T. ) ;
#1012 = SPHERICAL_SURFACE ( 'NONE', #739, 1.000000000000000000 ) ;
#1013 = EDGE_CURVE ( 'NONE', #341, #1608, #376, .T. ) ;
#1014 = LINE ( 'NONE', #862, #1074 ) ;
#1015 = FACE_OUTER_BOUND ( 'NONE', #635, .T. ) ;
#1016 = EDGE_CURVE ( 'NONE', #1313, #1574, #1578, .T. ) ;
#1017 = EDGE_LOOP ( 'NONE', ( #942, #57, #951, #570 ) ) ;
#1018 = CARTESIAN_POINT ( 'NONE',  ( 84.60000000000002274, -3.000000000000000000, 6.300000000000006928 ) ) ;
#1019 =( BOUNDED_CURVE ( )  B_SPLINE_CURVE ( 3, ( #1025, #1003, #1305, #1431 ),
 .UNSPECIFIED., .F., .T. ) 
 B_SPLINE_CURVE_WITH_KNOTS ( ( 4, 4 ),
 ( 0.000000000000000000, 1.570796326794896558 ),
 .UNSPECIFIED. ) 
 CURVE ( )  GEOMETRIC_REPRESENTATION_ITEM ( )  RATIONAL_B_SPLINE_CURVE ( ( 1.000000000000000000, 0.8047378541243649375, 0.8047378541243649375, 1.000000000000000000 ) ) 
 REPRESENTATION_ITEM ( '' )  );
#1020 = DIRECTION ( 'NONE',  ( 0.000000000000000000, -0.7071067811865440200, 0.7071067811865511255 ) ) ;
#1021 = ORIENTED_EDGE ( 'NONE', *, *, #202, .T. ) ;
#1022 = LINE ( 'NONE', #546, #493 ) ;
#1023 = VERTEX_POINT ( 'NONE', #1777 ) ;
#1024 = CARTESIAN_POINT ( 'NONE',  ( 84.60000000000002274, 1.000000000000000000, 7.300000000000008704 ) ) ;
#1025 = CARTESIAN_POINT ( 'NONE',  ( 115.0000000000000000, 39.19999999999999574, -29.99999999999999645 ) ) ;
#1026 = CARTESIAN_POINT ( 'NONE',  ( 84.60000000000002274, 2.000000000000000000, 6.300000000000008704 ) ) ;
#1027 = CONICAL_SURFACE ( 'NONE', #611, 5.100000000000012079, 0.7853981633974506105 ) ;
#1028 = ORIENTED_EDGE ( 'NONE', *, *, #196, .T. ) ;
#1029 = DIRECTION ( 'NONE',  ( 0.000000000000000000, 0.7071067811865440200, -0.7071067811865511255 ) ) ;
#1030 = AXIS2_PLACEMENT_3D ( 'NONE', #1083, #1706, #1404 ) ;
#1031 = DIRECTION ( 'NONE',  ( 0.000000000000000000, 0.000000000000000000, -1.000000000000000000 ) ) ;
#1032 = DIRECTION ( 'NONE',  ( 0.000000000000000000, -1.000000000000000000, 0.000000000000000000 ) ) ;
#1033 = ORIENTED_EDGE ( 'NONE', *, *, #1907, .T. ) ;
#1034 = FACE_BOUND ( 'NONE', #1948, .T. ) ;
#1035 = LINE ( 'NONE', #1652, #1521 ) ;
#1036 = AXIS2_PLACEMENT_3D ( 'NONE', #813, #349, #1541 ) ;
#1037 = ORIENTED_EDGE ( 'NONE', *, *, #1295, .F. ) ;
#1038 = DIRECTION ( 'NONE',  ( 0.000000000000000000, 0.7071067811865437980, -0.7071067811865513475 ) ) ;
#1039 = ADVANCED_FACE ( 'NONE', ( #68 ), #388, .T. ) ;
#1040 = VECTOR ( 'NONE', #1609, 1000.000000000000000 ) ;
#1041 = DIRECTION ( 'NONE',  ( 0.000000000000000000, 0.000000000000000000, -1.000000000000000000 ) ) ;
#1042 = DIRECTION ( 'NONE',  ( -1.000000000000000000, 0.000000000000000000, 0.000000000000000000 ) ) ;
#1043 = VERTEX_POINT ( 'NONE', #1895 ) ;
#1044 = CARTESIAN_POINT ( 'NONE',  ( 115.0000000000000000, 4.730996777863603064, -33.56573950764021674 ) ) ;
#1045 = AXIS2_PLACEMENT_3D ( 'NONE', #1624, #676, #997 ) ;
#1046 = DIRECTION ( 'NONE',  ( 1.000000000000000000, 0.000000000000000000, 4.130293990420960022E-16 ) ) ;
#1047 = EDGE_LOOP ( 'NONE', ( #1925, #458, #838, #1331 ) ) ;
#1048 = DIRECTION ( 'NONE',  ( 0.000000000000000000, 1.000000000000000000, -0.000000000000000000 ) ) ;
#1049 = CARTESIAN_POINT ( 'NONE',  ( 30.39999999999999503, 0.000000000000000000, 4.200000000000005507 ) ) ;
#1050 = PLANE ( 'NONE',  #714 ) ;
#1051 = ORIENTED_EDGE ( 'NONE', *, *, #74, .F. ) ;
#1052 = LINE ( 'NONE', #312, #1627 ) ;
#1053 = EDGE_CURVE ( 'NONE', #630, #1844, #179, .T. ) ;
#1054 = ORIENTED_EDGE ( 'NONE', *, *, #659, .F. ) ;
#1055 = VECTOR ( 'NONE', #197, 1000.000000000000000 ) ;
#1056 = CARTESIAN_POINT ( 'NONE',  ( 0.000000000000000000, 12.47370341836066743, -36.25479946839499945 ) ) ;
#1057 = DIRECTION ( 'NONE',  ( 0.000000000000000000, 0.7071067811865460184, 0.7071067811865490160 ) ) ;
#1058 = CIRCLE ( 'NONE', #934, 1.000000000000000000 ) ;
#1059 = FACE_OUTER_BOUND ( 'NONE', #745, .T. ) ;
#1060 = ORIENTED_EDGE ( 'NONE', *, *, #548, .F. ) ;
#1061 = CARTESIAN_POINT ( 'NONE',  ( 1.000000000000000000, -3.000000000000000000, -28.99999999999999289 ) ) ;
#1062 = EDGE_CURVE ( 'NONE', #998, #1579, #1549, .T. ) ;
#1063 = CARTESIAN_POINT ( 'NONE',  ( 84.60000000000002274, 1.647987302177966740E-14, 4.200000000000005507 ) ) ;
#1064 = EDGE_CURVE ( 'NONE', #381, #282, #224, .T. ) ;
#1065 = ORIENTED_EDGE ( 'NONE', *, *, #227, .T. ) ;
#1066 = DIRECTION ( 'NONE',  ( 1.000000000000000000, 0.000000000000000000, 0.000000000000000000 ) ) ;
#1067 = MECHANICAL_DESIGN_GEOMETRIC_PRESENTATION_REPRESENTATION (  '', ( #1673 ), #1570 ) ;
#1068 = AXIS2_PLACEMENT_3D ( 'NONE', #1978, #445, #1359 ) ;
#1069 = PLANE ( 'NONE',  #272 ) ;
#1070 = DIRECTION ( 'NONE',  ( 0.000000000000000000, 1.000000000000000000, 0.000000000000000000 ) ) ;
#1071 = COLOUR_RGB ( '',0.7921568627450980005, 0.8196078431372548767, 0.9333333333333333481 ) ;
#1072 = ORIENTED_EDGE ( 'NONE', *, *, #1640, .T. ) ;
#1073 = CARTESIAN_POINT ( 'NONE',  ( 115.0000000000000000, -3.000000000000000000, -28.99999999999999289 ) ) ;
#1074 = VECTOR ( 'NONE', #379, 1000.000000000000114 ) ;
#1075 = ORIENTED_EDGE ( 'NONE', *, *, #1428, .F. ) ;
#1076 = CARTESIAN_POINT ( 'NONE',  ( 30.39999999999999503, 1.647987302177966740E-14, -0.8999999999999928058 ) ) ;
#1077 = EDGE_CURVE ( 'NONE', #1399, #200, #457, .T. ) ;
#1078 = EDGE_CURVE ( 'NONE', #919, #949, #338, .T. ) ;
#1079 = DIRECTION ( 'NONE',  ( 0.000000000000000000, -1.000000000000000000, 0.000000000000000000 ) ) ;
#1080 = DIRECTION ( 'NONE',  ( -1.000000000000000000, 0.000000000000000000, 0.000000000000000000 ) ) ;
#1081 = DIRECTION ( 'NONE',  ( 0.000000000000000000, 0.000000000000000000, 1.000000000000000000 ) ) ;
#1082 = VERTEX_POINT ( 'NONE', #1676 ) ;
#1083 = CARTESIAN_POINT ( 'NONE',  ( 30.39999999999999503, 1.000000000000000000, 7.300000000000008704 ) ) ;
#1084 = ORIENTED_EDGE ( 'NONE', *, *, #408, .F. ) ;
#1085 = DIRECTION ( 'NONE',  ( -0.000000000000000000, 1.000000000000000000, -0.000000000000000000 ) ) ;
#1086 = VECTOR ( 'NONE', #1894, 1000.000000000000000 ) ;
#1087 = EDGE_LOOP ( 'NONE', ( #566, #906, #1173, #693 ) ) ;
#1088 = CYLINDRICAL_SURFACE ( 'NONE', #1733, 1.000000000000000888 ) ;
#1089 = EDGE_CURVE ( 'NONE', #1969, #314, #456, .T. ) ;
#1090 = VECTOR ( 'NONE', #459, 1000.000000000000000 ) ;
#1091 = VERTEX_POINT ( 'NONE', #281 ) ;
#1092 = DIRECTION ( 'NONE',  ( 1.000000000000000000, -0.000000000000000000, -0.000000000000000000 ) ) ;
#1093 = EDGE_LOOP ( 'NONE', ( #1316, #1858, #115, #1258, #1834 ) ) ;
#1094 = CARTESIAN_POINT ( 'NONE',  ( 1.000000000000000000, 6.499999999999999112, -28.99999999999999289 ) ) ;
#1095 = ORIENTED_EDGE ( 'NONE', *, *, #440, .F. ) ;
#1096 = CARTESIAN_POINT ( 'NONE',  ( 0.000000000000000000, 32.32629658162959885, -36.25479946839507051 ) ) ;
#1097 = VECTOR ( 'NONE', #576, 1000.000000000000114 ) ;
#1098 = CARTESIAN_POINT ( 'NONE',  ( 126.5716306148988224, 26.65000000000000213, -33.25479946839506340 ) ) ;
#1099 = VERTEX_POINT ( 'NONE', #1211 ) ;
#1100 = FACE_OUTER_BOUND ( 'NONE', #751, .T. ) ;
#1101 = VECTOR ( 'NONE', #1029, 1000.000000000000000 ) ;
#1102 = EDGE_LOOP ( 'NONE', ( #793, #1033, #1745, #1742 ) ) ;
#1103 = CARTESIAN_POINT ( 'NONE',  ( 1.000000000000000888, 32.34999999999999432, -29.99999999999999645 ) ) ;
#1104 = VECTOR ( 'NONE', #515, 1000.000000000000000 ) ;
#1105 = VERTEX_POINT ( 'NONE', #1829 ) ;
#1106 = DIRECTION ( 'NONE',  ( 0.000000000000000000, 0.000000000000000000, 1.000000000000000000 ) ) ;
#1107 = ADVANCED_FACE ( 'NONE', ( #1059 ), #310, .T. ) ;
#1108 = ORIENTED_EDGE ( 'NONE', *, *, #250, .F. ) ;
#1109 = CONICAL_SURFACE ( 'NONE', #361, 5.100000000000012079, 0.7853981633974506105 ) ;
#1110 = DIRECTION ( 'NONE',  ( 0.000000000000000000, 0.000000000000000000, -1.000000000000000000 ) ) ;
#1111 = ADVANCED_FACE ( 'NONE', ( #1820 ), #1050, .F. ) ;
#1112 = PLANE ( 'NONE',  #811 ) ;
#1113 = EDGE_CURVE ( 'NONE', #808, #517, #1518, .T. ) ;
#1114 = VERTEX_POINT ( 'NONE', #447 ) ;
#1115 = DIRECTION ( 'NONE',  ( 0.000000000000000000, 0.000000000000000000, -1.000000000000000000 ) ) ;
#1116 = AXIS2_PLACEMENT_3D ( 'NONE', #113, #1961, #913 ) ;
#1117 = ORIENTED_EDGE ( 'NONE', *, *, #1930, .T. ) ;
#1118 = CARTESIAN_POINT ( 'NONE',  ( 115.0000000000000000, 26.65000000000000213, -29.99999999999999645 ) ) ;
#1119 = VECTOR ( 'NONE', #1736, 1000.000000000000000 ) ;
#1120 = DIRECTION ( 'NONE',  ( -1.000000000000000000, 0.000000000000000000, 0.000000000000000000 ) ) ;
#1121 = ORIENTED_EDGE ( 'NONE', *, *, #1768, .T. ) ;
#1122 = CARTESIAN_POINT ( 'NONE',  ( 0.000000000000000000, 29.00000000000000000, 0.000000000000000000 ) ) ;
#1123 = ORIENTED_EDGE ( 'NONE', *, *, #1379, .F. ) ;
#1124 = VECTOR ( 'NONE', #1227, 1000.000000000000000 ) ;
#1125 = VECTOR ( 'NONE', #1951, 1000.000000000000000 ) ;
#1126 = CARTESIAN_POINT ( 'NONE',  ( 0.000000000000000000, 29.00000000000000000, -29.99999999999999645 ) ) ;
#1127 = CARTESIAN_POINT ( 'NONE',  ( 126.5716306148988224, 12.47370341836066743, -36.25479946839499945 ) ) ;
#1128 = CIRCLE ( 'NONE', #1393, 0.1999999999994367395 ) ;
#1129 = CARTESIAN_POINT ( 'NONE',  ( 80.40000000000001990, 1.647987302177966740E-14, -0.9000000000000050182 ) ) ;
#1130 = EDGE_CURVE ( 'NONE', #1701, #1313, #1840, .T. ) ;
#1131 = ORIENTED_EDGE ( 'NONE', *, *, #1408, .T. ) ;
#1132 = DIRECTION ( 'NONE',  ( 0.000000000000000000, -0.7071067811865437980, 0.7071067811865513475 ) ) ;
#1133 = CARTESIAN_POINT ( 'NONE',  ( 30.39999999999999503, -3.000000000000000000, 12.30000000000003446 ) ) ;
#1134 = ORIENTED_EDGE ( 'NONE', *, *, #87, .T. ) ;
#1135 = DIRECTION ( 'NONE',  ( 0.000000000000000000, 1.000000000000000000, 0.000000000000000000 ) ) ;
#1136 = DIRECTION ( 'NONE',  ( -0.000000000000000000, 1.000000000000000000, -0.000000000000000000 ) ) ;
#1137 = EDGE_CURVE ( 'NONE', #1043, #585, #924, .T. ) ;
#1138 = ORIENTED_EDGE ( 'NONE', *, *, #156, .F. ) ;
#1139 = CARTESIAN_POINT ( 'NONE',  ( 84.60000000000002274, 2.000000000000000000, 6.300000000000006928 ) ) ;
#1140 = CARTESIAN_POINT ( 'NONE',  ( 0.000000000000000000, 1.999999999999996669, -27.79999999999999361 ) ) ;
#1141 = CARTESIAN_POINT ( 'NONE',  ( 30.39999999999999503, -3.000000000000000000, 6.300000000000008704 ) ) ;
#1142 = ORIENTED_EDGE ( 'NONE', *, *, #1327, .T. ) ;
#1143 = PLANE ( 'NONE',  #1893 ) ;
#1144 = CARTESIAN_POINT ( 'NONE',  ( 115.0000000000000000, 34.11900322213596581, -33.56573950763936409 ) ) ;
#1145 = ORIENTED_EDGE ( 'NONE', *, *, #1430, .T. ) ;
#1146 = EDGE_CURVE ( 'NONE', #1477, #998, #1353, .T. ) ;
#1147 = CARTESIAN_POINT ( 'NONE',  ( 115.0000000000000000, 32.32629658162959885, -36.25479946839507051 ) ) ;
#1148 = DIRECTION ( 'NONE',  ( -1.000000000000000000, -0.000000000000000000, -0.000000000000000000 ) ) ;
#1149 = ORIENTED_EDGE ( 'NONE', *, *, #680, .T. ) ;
#1150 = DIRECTION ( 'NONE',  ( 1.000000000000000000, 0.000000000000000000, -0.000000000000000000 ) ) ;
#1151 = AXIS2_PLACEMENT_3D ( 'NONE', #1757, #1585, #712 ) ;
#1152 = CYLINDRICAL_SURFACE ( 'NONE', #1010, 2.100000000000000977 ) ;
#1153 = CARTESIAN_POINT ( 'NONE',  ( 1.000000000000000000, 40.20000000000000284, -28.99999999999999289 ) ) ;
#1154 = ORIENTED_EDGE ( 'NONE', *, *, #1513, .T. ) ;
#1155 = FACE_OUTER_BOUND ( 'NONE', #574, .T. ) ;
#1156 = ORIENTED_EDGE ( 'NONE', *, *, #728, .T. ) ;
#1157 = ADVANCED_FACE ( 'NONE', ( #132 ), #158, .T. ) ;
#1158 = CARTESIAN_POINT ( 'NONE',  ( 115.0000000000000000, -3.000000000000000000, -28.99999999999999289 ) ) ;
#1159 = LINE ( 'NONE', #1789, #657 ) ;
#1160 = VERTEX_POINT ( 'NONE', #1664 ) ;
#1161 = DIRECTION ( 'NONE',  ( 0.000000000000000000, 0.000000000000000000, -1.000000000000000000 ) ) ;
#1162 = AXIS2_PLACEMENT_3D ( 'NONE', #38, #1120, #207 ) ;
#1163 = DIRECTION ( 'NONE',  ( 0.000000000000000000, 1.251179762986551355E-16, -1.000000000000000000 ) ) ;
#1164 =( NAMED_UNIT ( * ) SI_UNIT ( $, .STERADIAN. ) SOLID_ANGLE_UNIT ( ) );
#1165 = ORIENTED_EDGE ( 'NONE', *, *, #807, .T. ) ;
#1166 = AXIS2_PLACEMENT_3D ( 'NONE', #1713, #1283, #1415 ) ;
#1167 = CARTESIAN_POINT ( 'NONE',  ( 30.39999999999999503, 1.000000000000000000, 6.300000000000008704 ) ) ;
#1168 = DIRECTION ( 'NONE',  ( 0.000000000000000000, 0.000000000000000000, -1.000000000000000000 ) ) ;
#1169 =( NAMED_UNIT ( * ) PLANE_ANGLE_UNIT ( ) SI_UNIT ( $, .RADIAN. ) );
#1170 = ADVANCED_FACE ( 'NONE', ( #299 ), #601, .T. ) ;
#1171 = DIRECTION ( 'NONE',  ( 0.000000000000000000, 0.000000000000000000, -1.000000000000000000 ) ) ;
#1172 = AXIS2_PLACEMENT_3D ( 'NONE', #1753, #1919, #1446 ) ;
#1173 = ORIENTED_EDGE ( 'NONE', *, *, #932, .T. ) ;
#1174 = DIRECTION ( 'NONE',  ( 0.000000000000000000, 0.5547001962257769314, 0.8320502943374784577 ) ) ;
#1175 = DIRECTION ( 'NONE',  ( -1.000000000000000000, 0.000000000000000000, 0.000000000000000000 ) ) ;
#1176 = DIRECTION ( 'NONE',  ( 0.000000000000000000, 0.000000000000000000, -1.000000000000000000 ) ) ;
#1177 = ORIENTED_EDGE ( 'NONE', *, *, #1739, .T. ) ;
#1178 = DIRECTION ( 'NONE',  ( -2.920558888920691725E-16, -0.7071067811865511255, 0.7071067811865440200 ) ) ;
#1179 = EDGE_CURVE ( 'NONE', #1579, #896, #915, .T. ) ;
#1180 = ORIENTED_EDGE ( 'NONE', *, *, #761, .T. ) ;
#1181 = DIRECTION ( 'NONE',  ( -0.000000000000000000, -1.000000000000000000, -0.000000000000000000 ) ) ;
#1182 = EDGE_LOOP ( 'NONE', ( #97, #791, #652, #1872 ) ) ;
#1183 = FACE_BOUND ( 'NONE', #788, .T. ) ;
#1184 = CARTESIAN_POINT ( 'NONE',  ( 80.40000000000001990, 1.000000000000000000, 6.300000000000008704 ) ) ;
#1185 = SURFACE_STYLE_USAGE ( .BOTH. , #878 ) ;
#1186 = VECTOR ( 'NONE', #1950, 1000.000000000000000 ) ;
#1187 = EDGE_LOOP ( 'NONE', ( #1134, #1860, #974, #1434 ) ) ;
#1188 = DIRECTION ( 'NONE',  ( 0.000000000000000000, 0.000000000000000000, 1.000000000000000000 ) ) ;
#1189 = DIRECTION ( 'NONE',  ( -1.000000000000000000, 0.000000000000000000, -0.000000000000000000 ) ) ;
#1190 = DIRECTION ( 'NONE',  ( 1.000000000000000000, 0.000000000000000000, -0.000000000000000000 ) ) ;
#1191 = VERTEX_POINT ( 'NONE', #468 ) ;
#1192 = CARTESIAN_POINT ( 'NONE',  ( 115.0000000000000000, 39.19999999999999574, -27.79999999999999361 ) ) ;
#1193 = CARTESIAN_POINT ( 'NONE',  ( 126.5716306148988224, 6.500000000000000000, -33.25474111729089088 ) ) ;
#1194 = CIRCLE ( 'NONE', #1068, 0.2000000000000057288 ) ;
#1195 = DIRECTION ( 'NONE',  ( 0.000000000000000000, -1.000000000000000000, 0.000000000000000000 ) ) ;
#1196 = ORIENTED_EDGE ( 'NONE', *, *, #1617, .T. ) ;
#1197 = DIRECTION ( 'NONE',  ( 0.000000000000000000, -1.000000000000000000, 0.000000000000000000 ) ) ;
#1198 = AXIS2_PLACEMENT_3D ( 'NONE', #1409, #194, #806 ) ;
#1199 = CARTESIAN_POINT ( 'NONE',  ( 1.000000000000000000, -2.000000000000000000, 15.19999999999999396 ) ) ;
#1200 = DIRECTION ( 'NONE',  ( 0.000000000000000000, -1.000000000000000000, 0.000000000000000000 ) ) ;
#1201 = ORIENTED_EDGE ( 'NONE', *, *, #1130, .F. ) ;
#1202 = CARTESIAN_POINT ( 'NONE',  ( 30.39999999999999503, -3.000000000000000000, -3.900000000000023004 ) ) ;
#1203 = VECTOR ( 'NONE', #12, 1000.000000000000000 ) ;
#1204 = EDGE_CURVE ( 'NONE', #370, #992, #1485, .T. ) ;
#1205 = DIRECTION ( 'NONE',  ( 0.000000000000000000, 0.000000000000000000, -1.000000000000000000 ) ) ;
#1206 = ORIENTED_EDGE ( 'NONE', *, *, #96, .F. ) ;
#1207 = LINE ( 'NONE', #154, #1001 ) ;
#1208 = ORIENTED_EDGE ( 'NONE', *, *, #2, .T. ) ;
#1209 = LINE ( 'NONE', #1525, #651 ) ;
#1210 = APPLICATION_PROTOCOL_DEFINITION ( 'draft international standard', 'automotive_design', 1998, #1955 ) ;
#1211 = CARTESIAN_POINT ( 'NONE',  ( 115.0000000000000000, 32.32629658162959885, -36.25479946839507051 ) ) ;
#1212 = ADVANCED_FACE ( 'NONE', ( #1372 ), #318, .T. ) ;
#1213 = ORIENTED_EDGE ( 'NONE', *, *, #1672, .T. ) ;
#1214 = CARTESIAN_POINT ( 'NONE',  ( 34.60000000000000853, 1.000000000000000000, 1.100000000000006306 ) ) ;
#1215 = EDGE_CURVE ( 'NONE', #1680, #453, #1489, .T. ) ;
#1216 = ORIENTED_EDGE ( 'NONE', *, *, #744, .T. ) ;
#1217 = CARTESIAN_POINT ( 'NONE',  ( 1.000000000000000888, 6.499999999999999112, -29.99999999999999645 ) ) ;
#1218 = DIRECTION ( 'NONE',  ( -1.000000000000000000, 0.000000000000000000, 0.000000000000000000 ) ) ;
#1219 = VECTOR ( 'NONE', #502, 1000.000000000000000 ) ;
#1220 = DIRECTION ( 'NONE',  ( 0.000000000000000000, 0.000000000000000000, 1.000000000000000000 ) ) ;
#1221 = EDGE_CURVE ( 'NONE', #476, #355, #581, .T. ) ;
#1222 = EDGE_LOOP ( 'NONE', ( #968, #462, #1344, #441 ) ) ;
#1223 = CARTESIAN_POINT ( 'NONE',  ( 0.000000000000000000, 6.499999999999999112, -28.99999999999999289 ) ) ;
#1224 = EDGE_CURVE ( 'NONE', #1586, #1411, #617, .T. ) ;
#1225 = EDGE_CURVE ( 'NONE', #1105, #1234, #1775, .T. ) ;
#1226 = ORIENTED_EDGE ( 'NONE', *, *, #1781, .F. ) ;
#1227 = DIRECTION ( 'NONE',  ( -0.000000000000000000, -0.5547001962257769314, -0.8320502943374784577 ) ) ;
#1228 = VECTOR ( 'NONE', #619, 1000.000000000000000 ) ;
#1229 = CARTESIAN_POINT ( 'NONE',  ( 0.000000000000000000, 2.000000000000000000, 0.000000000000000000 ) ) ;
#1230 = VECTOR ( 'NONE', #265, 1000.000000000000000 ) ;
#1231 = PLANE ( 'NONE',  #706 ) ;
#1232 = DIRECTION ( 'NONE',  ( 0.000000000000000000, 0.000000000000000000, -1.000000000000000000 ) ) ;
#1233 = VECTOR ( 'NONE', #1020, 1000.000000000000000 ) ;
#1234 = VERTEX_POINT ( 'NONE', #1133 ) ;
#1235 = CYLINDRICAL_SURFACE ( 'NONE', #103, 1.000000000000000888 ) ;
#1236 = ORIENTED_EDGE ( 'NONE', *, *, #307, .F. ) ;
#1237 = EDGE_CURVE ( 'NONE', #1892, #1105, #532, .T. ) ;
#1238 = DIRECTION ( 'NONE',  ( 0.000000000000000000, 0.000000000000000000, 1.000000000000000000 ) ) ;
#1239 = ORIENTED_EDGE ( 'NONE', *, *, #399, .T. ) ;
#1240 = DIRECTION ( 'NONE',  ( 0.000000000000000000, 0.000000000000000000, -1.000000000000000000 ) ) ;
#1241 = DIRECTION ( 'NONE',  ( 0.000000000000000000, 0.000000000000000000, 1.000000000000000000 ) ) ;
#1242 = VERTEX_POINT ( 'NONE', #1144 ) ;
#1243 = PLANE ( 'NONE',  #1628 ) ;
#1244 = CIRCLE ( 'NONE', #374, 1.000000000000000888 ) ;
#1245 = ORIENTED_EDGE ( 'NONE', *, *, #612, .T. ) ;
#1246 = CARTESIAN_POINT ( 'NONE',  ( 115.0000000000000000, 12.19999999999999929, -29.99999999999999645 ) ) ;
#1247 = ORIENTED_EDGE ( 'NONE', *, *, #1640, .F. ) ;
#1248 = CARTESIAN_POINT ( 'NONE',  ( 126.5716306148988224, 24.58358994113253004, -33.56573950764025938 ) ) ;
#1249 = CIRCLE ( 'NONE', #1377, 5.100000000000012079 ) ;
#1250 = ORIENTED_EDGE ( 'NONE', *, *, #1496, .T. ) ;
#1251 = CARTESIAN_POINT ( 'NONE',  ( 30.39999999999999503, 0.000000000000000000, 7.300000000000008704 ) ) ;
#1252 = VERTEX_POINT ( 'NONE', #1285 ) ;
#1253 = FACE_OUTER_BOUND ( 'NONE', #1383, .T. ) ;
#1254 = ORIENTED_EDGE ( 'NONE', *, *, #1418, .T. ) ;
#1255 = CARTESIAN_POINT ( 'NONE',  ( 0.000000000000000000, 14.09999999999999609, -33.25479946839504208 ) ) ;
#1256 = CIRCLE ( 'NONE', #780, 2.100000000000000977 ) ;
#1257 = DIRECTION ( 'NONE',  ( 0.000000000000000000, -2.664917751462696950E-16, 1.000000000000000000 ) ) ;
#1258 = ORIENTED_EDGE ( 'NONE', *, *, #1280, .F. ) ;
#1259 = ADVANCED_FACE ( 'NONE', ( #543 ), #461, .F. ) ;
#1260 = CARTESIAN_POINT ( 'NONE',  ( 0.000000000000000000, 26.65000000000000213, -33.25479946839506340 ) ) ;
#1261 = VECTOR ( 'NONE', #823, 1000.000000000000000 ) ;
#1262 = LINE ( 'NONE', #1700, #1601 ) ;
#1263 = VECTOR ( 'NONE', #840, 1000.000000000000000 ) ;
#1264 = ORIENTED_EDGE ( 'NONE', *, *, #1002, .T. ) ;
#1265 = CARTESIAN_POINT ( 'NONE',  ( 146.9999999999999716, 40.20000000000000284, -27.79999999999999361 ) ) ;
#1266 = CARTESIAN_POINT ( 'NONE',  ( 1.000000000000000000, 39.19999999999999574, -29.99999999999999645 ) ) ;
#1267 = VERTEX_POINT ( 'NONE', #1581 ) ;
#1268 = LINE ( 'NONE', #1567, #775 ) ;
#1269 = EDGE_CURVE ( 'NONE', #1784, #1714, #673, .T. ) ;
#1270 = ADVANCED_FACE ( 'NONE', ( #834 ), #994, .T. ) ;
#1271 = CARTESIAN_POINT ( 'NONE',  ( 1.000000000000000000, 29.00000000000000000, -28.99999999999999289 ) ) ;
#1272 = ORIENTED_EDGE ( 'NONE', *, *, #820, .T. ) ;
#1273 = DIRECTION ( 'NONE',  ( 0.000000000000000000, 0.000000000000000000, 1.000000000000000000 ) ) ;
#1274 = ORIENTED_EDGE ( 'NONE', *, *, #1617, .F. ) ;
#1275 = CARTESIAN_POINT ( 'NONE',  ( 30.39999999999999503, 1.000000000000000000, 4.200000000000005507 ) ) ;
#1276 = VECTOR ( 'NONE', #798, 1000.000000000000114 ) ;
#1277 = AXIS2_PLACEMENT_3D ( 'NONE', #160, #774, #14 ) ;
#1278 = FACE_OUTER_BOUND ( 'NONE', #628, .T. ) ;
#1279 = EDGE_CURVE ( 'NONE', #324, #424, #520, .T. ) ;
#1280 = EDGE_CURVE ( 'NONE', #1419, #1114, #552, .T. ) ;
#1281 = LINE ( 'NONE', #1140, #525 ) ;
#1282 = ORIENTED_EDGE ( 'NONE', *, *, #1000, .F. ) ;
#1283 = DIRECTION ( 'NONE',  ( 0.000000000000000000, 1.000000000000000000, 0.000000000000000000 ) ) ;
#1284 = EDGE_CURVE ( 'NONE', #129, #1766, #1900, .T. ) ;
#1285 = CARTESIAN_POINT ( 'NONE',  ( 115.0000000000000000, 24.74999999999999645, -33.25479946839506340 ) ) ;
#1286 = ORIENTED_EDGE ( 'NONE', *, *, #1428, .T. ) ;
#1287 = VECTOR ( 'NONE', #1970, 1000.000000000000000 ) ;
#1288 = CARTESIAN_POINT ( 'NONE',  ( 34.60000000000000853, 0.000000000000000000, 9.300000000000006040 ) ) ;
#1289 = DIRECTION ( 'NONE',  ( -0.000000000000000000, 1.000000000000000000, -0.000000000000000000 ) ) ;
#1290 = ORIENTED_EDGE ( 'NONE', *, *, #680, .F. ) ;
#1291 = FACE_OUTER_BOUND ( 'NONE', #815, .T. ) ;
#1292 = AXIS2_PLACEMENT_3D ( 'NONE', #606, #316, #1218 ) ;
#1293 = CARTESIAN_POINT ( 'NONE',  ( 0.000000000000000000, 26.65000000000000213, -28.99999999999999289 ) ) ;
#1294 = FACE_OUTER_BOUND ( 'NONE', #409, .T. ) ;
#1295 = EDGE_CURVE ( 'NONE', #1796, #385, #514, .T. ) ;
#1296 = ORIENTED_EDGE ( 'NONE', *, *, #1237, .F. ) ;
#1297 = CARTESIAN_POINT ( 'NONE',  ( 30.39999999999999503, 2.000000000000000000, 2.100000000000006306 ) ) ;
#1298 = AXIS2_PLACEMENT_3D ( 'NONE', #985, #1289, #1603 ) ;
#1299 = ORIENTED_EDGE ( 'NONE', *, *, #1879, .F. ) ;
#1300 = DIRECTION ( 'NONE',  ( 0.000000000000000000, 0.000000000000000000, 1.000000000000000000 ) ) ;
#1301 = CARTESIAN_POINT ( 'NONE',  ( 0.000000000000000000, 6.499999999999999112, -29.99999999999999645 ) ) ;
#1302 = AXIS2_PLACEMENT_3D ( 'NONE', #533, #1031, #1189 ) ;
#1303 = EDGE_LOOP ( 'NONE', ( #1466, #1661, #1165, #1028 ) ) ;
#1304 = FACE_OUTER_BOUND ( 'NONE', #686, .T. ) ;
#1305 = CARTESIAN_POINT ( 'NONE',  ( 114.5857864376269220, 40.20000000000000284, -29.58578643762690064 ) ) ;
#1306 = EDGE_CURVE ( 'NONE', #385, #1160, #1462, .T. ) ;
#1307 = ORIENTED_EDGE ( 'NONE', *, *, #294, .F. ) ;
#1308 = LINE ( 'NONE', #1632, #752 ) ;
#1309 = ORIENTED_EDGE ( 'NONE', *, *, #516, .T. ) ;
#1310 = CARTESIAN_POINT ( 'NONE',  ( 114.0000000000000000, 40.20000000000000284, -27.79999999999999361 ) ) ;
#1311 = DIRECTION ( 'NONE',  ( -0.000000000000000000, -0.000000000000000000, -1.000000000000000000 ) ) ;
#1312 = AXIS2_PLACEMENT_3D ( 'NONE', #1885, #534, #1591 ) ;
#1313 = VERTEX_POINT ( 'NONE', #95 ) ;
#1314 = FACE_OUTER_BOUND ( 'NONE', #1087, .T. ) ;
#1315 = LINE ( 'NONE', #1898, #1104 ) ;
#1316 = ORIENTED_EDGE ( 'NONE', *, *, #1933, .F. ) ;
#1317 = CARTESIAN_POINT ( 'NONE',  ( 30.39999999999999503, 0.000000000000000000, -0.8999999999999928058 ) ) ;
#1318 = EDGE_CURVE ( 'NONE', #449, #1682, #1474, .T. ) ;
#1319 = ORIENTED_EDGE ( 'NONE', *, *, #1590, .F. ) ;
#1320 =( LENGTH_UNIT ( ) NAMED_UNIT ( * ) SI_UNIT ( .MILLI., .METRE. ) );
#1321 = DIRECTION ( 'NONE',  ( -0.000000000000000000, -2.664917751462696950E-16, 1.000000000000000000 ) ) ;
#1322 = VERTEX_POINT ( 'NONE', #726 ) ;
#1323 = PRESENTATION_LAYER_ASSIGNMENT (  '', '', ( #1673 ) ) ;
#1324 = EDGE_CURVE ( 'NONE', #469, #1566, #392, .T. ) ;
#1325 = DIRECTION ( 'NONE',  ( 0.000000000000000000, 0.000000000000000000, 1.000000000000000000 ) ) ;
#1326 = DIRECTION ( 'NONE',  ( -1.000000000000000000, 0.000000000000000000, 4.130293990420960022E-16 ) ) ;
#1327 = EDGE_CURVE ( 'NONE', #956, #986, #1616, .T. ) ;
#1328 = AXIS2_PLACEMENT_3D ( 'NONE', #1800, #1382, #1220 ) ;
#1329 = ORIENTED_EDGE ( 'NONE', *, *, #1798, .F. ) ;
#1330 = CARTESIAN_POINT ( 'NONE',  ( 34.60000000000000853, 0.000000000000000000, 7.300000000000008704 ) ) ;
#1331 = ORIENTED_EDGE ( 'NONE', *, *, #440, .T. ) ;
#1332 = FACE_OUTER_BOUND ( 'NONE', #539, .T. ) ;
#1333 = VECTOR ( 'NONE', #1136, 1000.000000000000000 ) ;
#1334 = ORIENTED_EDGE ( 'NONE', *, *, #1768, .F. ) ;
#1335 = LINE ( 'NONE', #1202, #1506 ) ;
#1336 = MANIFOLD_SOLID_BREP ( '\X2\0421043a044004430433043b0435043d04380435\X0\11', #897 ) ;
#1337 = CARTESIAN_POINT ( 'NONE',  ( 84.60000000000002274, 0.000000000000000000, -0.9000000000000066835 ) ) ;
#1338 = DIRECTION ( 'NONE',  ( -0.000000000000000000, -0.000000000000000000, 1.000000000000000000 ) ) ;
#1339 = ORIENTED_EDGE ( 'NONE', *, *, #1732, .F. ) ;
#1340 = CARTESIAN_POINT ( 'NONE',  ( 30.39999999999999503, 0.000000000000000000, 4.200000000000005507 ) ) ;
#1341 = VERTEX_POINT ( 'NONE', #1153 ) ;
#1342 = ORIENTED_EDGE ( 'NONE', *, *, #1559, .F. ) ;
#1343 = CARTESIAN_POINT ( 'NONE',  ( 34.60000000000000853, 2.000000000000000000, 4.200000000000007283 ) ) ;
#1344 = ORIENTED_EDGE ( 'NONE', *, *, #1179, .T. ) ;
#1345 = DIRECTION ( 'NONE',  ( 1.000000000000000000, 0.000000000000000000, 0.000000000000000000 ) ) ;
#1346 = CIRCLE ( 'NONE', #637, 1.000000000000000888 ) ;
#1347 = CARTESIAN_POINT ( 'NONE',  ( 84.60000000000002274, -3.000000000000000000, 2.100000000000006306 ) ) ;
#1348 = CIRCLE ( 'NONE', #7, 1.000000000000000000 ) ;
#1349 = ORIENTED_EDGE ( 'NONE', *, *, #1707, .F. ) ;
#1350 = CARTESIAN_POINT ( 'NONE',  ( 126.5716306148988224, 32.34999999999999432, -33.25479946839509893 ) ) ;
#1351 = PLANE ( 'NONE',  #430 ) ;
#1352 = ADVANCED_FACE ( 'NONE', ( #1015 ), #121, .T. ) ;
#1353 = LINE ( 'NONE', #1510, #1228 ) ;
#1354 = ORIENTED_EDGE ( 'NONE', *, *, #448, .T. ) ;
#1355 = LINE ( 'NONE', #1073, #542 ) ;
#1356 = CARTESIAN_POINT ( 'NONE',  ( 34.60000000000000853, 1.000000000000000000, 7.300000000000008704 ) ) ;
#1357 = VECTOR ( 'NONE', #892, 1000.000000000000000 ) ;
#1358 = ORIENTED_EDGE ( 'NONE', *, *, #867, .F. ) ;
#1359 = DIRECTION ( 'NONE',  ( 0.000000000000000000, 0.000000000000000000, -1.000000000000000000 ) ) ;
#1360 = ADVANCED_FACE ( 'NONE', ( #1759 ), #1004, .F. ) ;
#1361 = DIRECTION ( 'NONE',  ( 0.000000000000000000, -1.000000000000000000, -2.664917751462696950E-16 ) ) ;
#1362 = ADVANCED_FACE ( 'NONE', ( #1294 ), #418, .F. ) ;
#1363 = DIRECTION ( 'NONE',  ( 1.000000000000000000, 0.000000000000000000, 0.000000000000000000 ) ) ;
#1364 = ORIENTED_EDGE ( 'NONE', *, *, #761, .F. ) ;
#1365 = LINE ( 'NONE', #1520, #256 ) ;
#1366 = VECTOR ( 'NONE', #572, 1000.000000000000000 ) ;
#1367 = VERTEX_POINT ( 'NONE', #313 ) ;
#1368 = DIRECTION ( 'NONE',  ( -0.000000000000000000, 1.000000000000000000, -0.000000000000000000 ) ) ;
#1369 = ORIENTED_EDGE ( 'NONE', *, *, #1460, .T. ) ;
#1370 = DIRECTION ( 'NONE',  ( -1.000000000000000000, 0.000000000000000000, 4.130293990420960022E-16 ) ) ;
#1371 = ADVANCED_FACE ( 'NONE', ( #162 ), #1027, .F. ) ;
#1372 = FACE_OUTER_BOUND ( 'NONE', #1868, .T. ) ;
#1373 = EDGE_LOOP ( 'NONE', ( #501, #1531, #122, #208, #940 ) ) ;
#1374 = DIRECTION ( 'NONE',  ( -0.000000000000000000, 0.9996774502997662903, 0.02539675889081776175 ) ) ;
#1375 = VERTEX_POINT ( 'NONE', #327 ) ;
#1376 = DIRECTION ( 'NONE',  ( -1.000000000000000000, 0.000000000000000000, -0.000000000000000000 ) ) ;
#1377 = AXIS2_PLACEMENT_3D ( 'NONE', #134, #273, #1953 ) ;
#1378 = LINE ( 'NONE', #10, #1866 ) ;
#1379 = EDGE_CURVE ( 'NONE', #1762, #372, #451, .T. ) ;
#1380 = CIRCLE ( 'NONE', #351, 1.000000000000000000 ) ;
#1381 = FACE_BOUND ( 'NONE', #1222, .T. ) ;
#1382 = DIRECTION ( 'NONE',  ( -1.000000000000000000, 0.000000000000000000, 0.000000000000000000 ) ) ;
#1383 = EDGE_LOOP ( 'NONE', ( #891, #76, #1444, #785 ) ) ;
#1384 = CARTESIAN_POINT ( 'NONE',  ( 0.000000000000000000, 1.000000000000000000, 15.19999999999999751 ) ) ;
#1385 = EDGE_LOOP ( 'NONE', ( #1247, #689, #1657, #727 ) ) ;
#1386 = VECTOR ( 'NONE', #1654, 1000.000000000000000 ) ;
#1387 = CARTESIAN_POINT ( 'NONE',  ( 1.000000000000000000, 39.19999999999999574, -27.79999999999999361 ) ) ;
#1388 = EDGE_CURVE ( 'NONE', #1395, #476, #321, .T. ) ;
#1389 = VECTOR ( 'NONE', #1338, 1000.000000000000000 ) ;
#1390 = PRODUCT_DEFINITION_CONTEXT ( 'detailed design', #660, 'design' ) ;
#1391 = ORIENTED_EDGE ( 'NONE', *, *, #1002, .F. ) ;
#1392 = DIRECTION ( 'NONE',  ( 1.000000000000000000, 0.000000000000000000, 0.000000000000000000 ) ) ;
#1393 = AXIS2_PLACEMENT_3D ( 'NONE', #540, #729, #232 ) ;
#1394 = AXIS2_PLACEMENT_3D ( 'NONE', #221, #1903, #364 ) ;
#1395 = VERTEX_POINT ( 'NONE', #1266 ) ;
#1396 = CARTESIAN_POINT ( 'NONE',  ( 84.60000000000002274, 1.000000000000000000, 2.100000000000006306 ) ) ;
#1397 = EDGE_CURVE ( 'NONE', #1099, #716, #1857, .T. ) ;
#1398 = AXIS2_PLACEMENT_3D ( 'NONE', #1931, #559, #1171 ) ;
#1399 = VERTEX_POINT ( 'NONE', #967 ) ;
#1400 = CARTESIAN_POINT ( 'NONE',  ( 126.5716306148988224, 14.09999999999999609, -33.25479946839504208 ) ) ;
#1401 = EDGE_LOOP ( 'NONE', ( #882, #346, #1264, #1695 ) ) ;
#1402 = FACE_OUTER_BOUND ( 'NONE', #977, .T. ) ;
#1403 = ORIENTED_EDGE ( 'NONE', *, *, #1062, .F. ) ;
#1404 = DIRECTION ( 'NONE',  ( 0.000000000000000000, 0.000000000000000000, -1.000000000000000000 ) ) ;
#1405 = ORIENTED_EDGE ( 'NONE', *, *, #783, .F. ) ;
#1406 = DIRECTION ( 'NONE',  ( -0.000000000000000000, 1.000000000000000000, -0.000000000000000000 ) ) ;
#1407 = ORIENTED_EDGE ( 'NONE', *, *, #1324, .T. ) ;
#1408 = EDGE_CURVE ( 'NONE', #358, #1714, #1867, .T. ) ;
#1409 = CARTESIAN_POINT ( 'NONE',  ( 30.39999999999999503, -3.000000000000000000, 4.200000000000005507 ) ) ;
#1410 = AXIS2_PLACEMENT_3D ( 'NONE', #500, #354, #1241 ) ;
#1411 = VERTEX_POINT ( 'NONE', #1874 ) ;
#1412 = DIRECTION ( 'NONE',  ( -0.000000000000000000, 1.000000000000000000, -0.000000000000000000 ) ) ;
#1413 = CARTESIAN_POINT ( 'NONE',  ( 0.000000000000000000, 24.58358994113253004, -33.56573950764025938 ) ) ;
#1414 = ORIENTED_EDGE ( 'NONE', *, *, #1284, .F. ) ;
#1415 = DIRECTION ( 'NONE',  ( 0.000000000000000000, 0.000000000000000000, 1.000000000000000000 ) ) ;
#1416 = EDGE_CURVE ( 'NONE', #268, #1932, #1704, .T. ) ;
#1417 = AXIS2_PLACEMENT_3D ( 'NONE', #1094, #1560, #199 ) ;
#1418 = EDGE_CURVE ( 'NONE', #1932, #808, #42, .T. ) ;
#1419 = VERTEX_POINT ( 'NONE', #958 ) ;
#1420 = CARTESIAN_POINT ( 'NONE',  ( 1.000000000000000000, -2.000000000000000000, -28.99999999999999289 ) ) ;
#1421 = VECTOR ( 'NONE', #107, 1000.000000000000000 ) ;
#1422 = CARTESIAN_POINT ( 'NONE',  ( 1.000000000000000000, 29.00000000000000000, -29.99999999999999645 ) ) ;
#1423 = AXIS2_PLACEMENT_3D ( 'NONE', #1009, #1478, #872 ) ;
#1424 = ORIENTED_EDGE ( 'NONE', *, *, #1224, .F. ) ;
#1425 = CARTESIAN_POINT ( 'NONE',  ( 115.0000000000000000, -1.999999999999991340, -29.99999999999999645 ) ) ;
#1426 = ORIENTED_EDGE ( 'NONE', *, *, #529, .T. ) ;
#1427 = AXIS2_PLACEMENT_3D ( 'NONE', #1799, #427, #1041 ) ;
#1428 = EDGE_CURVE ( 'NONE', #1566, #381, #135, .T. ) ;
#1429 = FACE_OUTER_BOUND ( 'NONE', #1594, .T. ) ;
#1430 = EDGE_CURVE ( 'NONE', #736, #1574, #770, .T. ) ;
#1431 = CARTESIAN_POINT ( 'NONE',  ( 114.0000000000000000, 40.20000000000000284, -28.99999999999999289 ) ) ;
#1432 = ORIENTED_EDGE ( 'NONE', *, *, #1727, .F. ) ;
#1433 = FACE_OUTER_BOUND ( 'NONE', #1495, .T. ) ;
#1434 = ORIENTED_EDGE ( 'NONE', *, *, #1237, .T. ) ;
#1435 = DIRECTION ( 'NONE',  ( -0.000000000000000000, 1.000000000000000000, -0.000000000000000000 ) ) ;
#1436 = VECTOR ( 'NONE', #1976, 1000.000000000000000 ) ;
#1437 = EDGE_LOOP ( 'NONE', ( #741, #1598, #35, #1528 ) ) ;
#1438 = DIRECTION ( 'NONE',  ( -0.000000000000000000, 0.000000000000000000, 1.000000000000000000 ) ) ;
#1439 = ADVANCED_FACE ( 'NONE', ( #1381, #11 ), #1231, .T. ) ;
#1440 = DIRECTION ( 'NONE',  ( 0.000000000000000000, 0.000000000000000000, -1.000000000000000000 ) ) ;
#1441 = ORIENTED_EDGE ( 'NONE', *, *, #304, .T. ) ;
#1442 = CARTESIAN_POINT ( 'NONE',  ( 34.60000000000000853, -3.000000000000000000, 12.30000000000003624 ) ) ;
#1443 = CARTESIAN_POINT ( 'NONE',  ( 126.5716306148988224, 4.787614288834452836, -33.37392069351744084 ) ) ;
#1444 = ORIENTED_EDGE ( 'NONE', *, *, #961, .F. ) ;
#1445 = AXIS2_PLACEMENT_3D ( 'NONE', #902, #1066, #1508 ) ;
#1446 = DIRECTION ( 'NONE',  ( -0.000000000000000000, 0.000000000000000000, -1.000000000000000000 ) ) ;
#1447 = ORIENTED_EDGE ( 'NONE', *, *, #1064, .F. ) ;
#1448 = PRODUCT_DEFINITION ( 'UNKNOWN', '', #1659, #1390 ) ;
#1449 = VECTOR ( 'NONE', #49, 1000.000000000000000 ) ;
#1450 = LINE ( 'NONE', #1129, #1972 ) ;
#1451 = DIRECTION ( 'NONE',  ( 1.000000000000000000, -0.000000000000000000, -0.000000000000000000 ) ) ;
#1452 = VERTEX_POINT ( 'NONE', #317 ) ;
#1453 = LINE ( 'NONE', #86, #1287 ) ;
#1454 = CIRCLE ( 'NONE', #54, 1.000000000000000000 ) ;
#1455 = ORIENTED_EDGE ( 'NONE', *, *, #794, .F. ) ;
#1456 = CARTESIAN_POINT ( 'NONE',  ( 30.39999999999999503, 1.000000000000000000, 1.100000000000004530 ) ) ;
#1457 = DIRECTION ( 'NONE',  ( 0.000000000000000000, 0.000000000000000000, 1.000000000000000000 ) ) ;
#1458 = ORIENTED_EDGE ( 'NONE', *, *, #1697, .F. ) ;
#1459 = DIRECTION ( 'NONE',  ( 0.000000000000000000, 0.8320502943374784577, -0.5547001962257769314 ) ) ;
#1460 = EDGE_CURVE ( 'NONE', #730, #389, #1526, .T. ) ;
#1461 = LINE ( 'NONE', #1910, #404 ) ;
#1462 = LINE ( 'NONE', #1141, #809 ) ;
#1463 = VERTEX_POINT ( 'NONE', #999 ) ;
#1464 = LINE ( 'NONE', #109, #784 ) ;
#1465 = ADVANCED_FACE ( 'NONE', ( #1614 ), #561, .F. ) ;
#1466 = ORIENTED_EDGE ( 'NONE', *, *, #1672, .F. ) ;
#1467 = LINE ( 'NONE', #1147, #1913 ) ;
#1468 = DIRECTION ( 'NONE',  ( -1.000000000000000000, 0.000000000000000000, 0.000000000000000000 ) ) ;
#1469 = VERTEX_POINT ( 'NONE', #249 ) ;
#1470 = ADVANCED_FACE ( 'NONE', ( #1314 ), #668, .T. ) ;
#1471 = LINE ( 'NONE', #105, #988 ) ;
#1472 = AXIS2_PLACEMENT_3D ( 'NONE', #851, #1195, #755 ) ;
#1473 = CARTESIAN_POINT ( 'NONE',  ( 34.60000000000000853, 0.000000000000000000, 4.200000000000007283 ) ) ;
#1474 = LINE ( 'NONE', #1494, #303 ) ;
#1475 = ORIENTED_EDGE ( 'NONE', *, *, #216, .T. ) ;
#1476 = CARTESIAN_POINT ( 'NONE',  ( 0.000000000000000000, 6.500000000000000000, -33.25474111729089088 ) ) ;
#1477 = VERTEX_POINT ( 'NONE', #1746 ) ;
#1478 = DIRECTION ( 'NONE',  ( 0.000000000000000000, 0.000000000000000000, 1.000000000000000000 ) ) ;
#1479 = ORIENTED_EDGE ( 'NONE', *, *, #496, .F. ) ;
#1480 = VECTOR ( 'NONE', #824, 1000.000000000000000 ) ;
#1481 = CARTESIAN_POINT ( 'NONE',  ( 1.000000000000000000, -3.000000000000000000, -28.99999999999999289 ) ) ;
#1482 = VECTOR ( 'NONE', #1848, 1000.000000000000000 ) ;
#1483 = LINE ( 'NONE', #262, #1809 ) ;
#1484 = AXIS2_PLACEMENT_3D ( 'NONE', #1750, #73, #407 ) ;
#1485 = CIRCLE ( 'NONE', #111, 2.100000000000000977 ) ;
#1486 = ORIENTED_EDGE ( 'NONE', *, *, #55, .F. ) ;
#1487 = CARTESIAN_POINT ( 'NONE',  ( 30.39999999999999503, 0.000000000000000000, 1.100000000000006306 ) ) ;
#1488 = ORIENTED_EDGE ( 'NONE', *, *, #1620, .F. ) ;
#1489 = LINE ( 'NONE', #125, #1125 ) ;
#1490 = ORIENTED_EDGE ( 'NONE', *, *, #1633, .F. ) ;
#1491 = ADVANCED_FACE ( 'NONE', ( #1278 ), #1767, .T. ) ;
#1492 = CARTESIAN_POINT ( 'NONE',  ( 126.5716306148988224, 26.37629658163896096, -36.25479946839507051 ) ) ;
#1493 = CARTESIAN_POINT ( 'NONE',  ( 80.40000000000003411, 0.000000000000000000, 1.100000000000006306 ) ) ;
#1494 = CARTESIAN_POINT ( 'NONE',  ( 115.0000000000000000, 6.523703418370021545, -36.25479946839499945 ) ) ;
#1495 = EDGE_LOOP ( 'NONE', ( #1802, #186, #1072, #530 ) ) ;
#1496 = EDGE_CURVE ( 'NONE', #1714, #805, #1471, .T. ) ;
#1497 = LINE ( 'NONE', #165, #513 ) ;
#1498 = ORIENTED_EDGE ( 'NONE', *, *, #921, .T. ) ;
#1499 = FACE_OUTER_BOUND ( 'NONE', #1093, .T. ) ;
#1500 = CARTESIAN_POINT ( 'NONE',  ( 126.5716306148988224, 6.499999999999999112, -29.99999999999999645 ) ) ;
#1501 = ORIENTED_EDGE ( 'NONE', *, *, #1408, .F. ) ;
#1502 = DIRECTION ( 'NONE',  ( 0.000000000000000000, 0.000000000000000000, -1.000000000000000000 ) ) ;
#1503 = VECTOR ( 'NONE', #857, 1000.000000000000000 ) ;
#1504 = DIRECTION ( 'NONE',  ( 0.000000000000000000, 0.000000000000000000, -1.000000000000000000 ) ) ;
#1505 = ADVANCED_FACE ( 'NONE', ( #1291 ), #549, .T. ) ;
#1506 = VECTOR ( 'NONE', #1812, 1000.000000000000000 ) ;
#1507 = ORIENTED_EDGE ( 'NONE', *, *, #357, .F. ) ;
#1508 = DIRECTION ( 'NONE',  ( 0.000000000000000000, 0.000000000000000000, -1.000000000000000000 ) ) ;
#1509 = CARTESIAN_POINT ( 'NONE',  ( 34.60000000000000853, -3.000000000000000000, -3.900000000000021227 ) ) ;
#1510 = CARTESIAN_POINT ( 'NONE',  ( 84.60000000000002274, 0.000000000000000000, 7.300000000000008704 ) ) ;
#1511 = ORIENTED_EDGE ( 'NONE', *, *, #744, .F. ) ;
#1512 = FACE_OUTER_BOUND ( 'NONE', #825, .T. ) ;
#1513 = EDGE_CURVE ( 'NONE', #949, #896, #1348, .T. ) ;
#1514 = ORIENTED_EDGE ( 'NONE', *, *, #357, .T. ) ;
#1515 = CARTESIAN_POINT ( 'NONE',  ( 1.000000000000000000, 29.00000000000000000, -29.99999999999999645 ) ) ;
#1516 = VECTOR ( 'NONE', #58, 1000.000000000000000 ) ;
#1517 = DIRECTION ( 'NONE',  ( -0.000000000000000000, -1.000000000000000000, -0.000000000000000000 ) ) ;
#1518 = LINE ( 'NONE', #1500, #203 ) ;
#1519 = VERTEX_POINT ( 'NONE', #412 ) ;
#1520 = CARTESIAN_POINT ( 'NONE',  ( 0.000000000000000000, 29.00000000000000000, -28.99999999999999289 ) ) ;
#1521 = VECTOR ( 'NONE', #1641, 1000.000000000000000 ) ;
#1522 = EDGE_CURVE ( 'NONE', #998, #424, #1954, .T. ) ;
#1523 = EDGE_LOOP ( 'NONE', ( #43, #1084, #1319, #1611 ) ) ;
#1524 = CARTESIAN_POINT ( 'NONE',  ( 30.39999999999999503, -3.000000000000000000, -3.900000000000023004 ) ) ;
#1525 = CARTESIAN_POINT ( 'NONE',  ( 80.40000000000001990, -3.000000000000000000, -3.900000000000036771 ) ) ;
#1526 = LINE ( 'NONE', #298, #1186 ) ;
#1527 = CARTESIAN_POINT ( 'NONE',  ( 126.5716306148988224, 32.34999999999999432, -29.99999999999999645 ) ) ;
#1528 = ORIENTED_EDGE ( 'NONE', *, *, #1077, .T. ) ;
#1529 = DIRECTION ( 'NONE',  ( 0.000000000000000000, 0.000000000000000000, -1.000000000000000000 ) ) ;
#1530 = EDGE_CURVE ( 'NONE', #1816, #1901, #1909, .T. ) ;
#1531 = ORIENTED_EDGE ( 'NONE', *, *, #120, .T. ) ;
#1532 = CARTESIAN_POINT ( 'NONE',  ( 80.40000000000001990, 2.000000000000000000, 6.300000000000008704 ) ) ;
#1533 = AXIS2_PLACEMENT_3D ( 'NONE', #1024, #1886, #1161 ) ;
#1534 = ORIENTED_EDGE ( 'NONE', *, *, #1418, .F. ) ;
#1535 = CARTESIAN_POINT ( 'NONE',  ( 1.000000000000000000, 12.19999999999999929, -28.99999999999999289 ) ) ;
#1536 = ADVANCED_FACE ( 'NONE', ( #1626 ), #639, .T. ) ;
#1537 = ORIENTED_EDGE ( 'NONE', *, *, #452, .F. ) ;
#1538 = DIRECTION ( 'NONE',  ( 0.000000000000000000, 0.000000000000000000, 1.000000000000000000 ) ) ;
#1539 = ORIENTED_EDGE ( 'NONE', *, *, #146, .T. ) ;
#1540 = CIRCLE ( 'NONE', #486, 1.000000000000000000 ) ;
#1541 = DIRECTION ( 'NONE',  ( 0.000000000000000000, 0.000000000000000000, 1.000000000000000000 ) ) ;
#1542 = EDGE_LOOP ( 'NONE', ( #1749, #295, #1811, #40 ) ) ;
#1543 = CARTESIAN_POINT ( 'NONE',  ( 126.5716306148988224, 6.523703418370021545, -36.25479946839499945 ) ) ;
#1544 = VECTOR ( 'NONE', #1828, 1000.000000000000000 ) ;
#1545 = DIRECTION ( 'NONE',  ( 0.000000000000000000, 0.000000000000000000, -1.000000000000000000 ) ) ;
#1546 = CIRCLE ( 'NONE', #1968, 1.000000000000000888 ) ;
#1547 = ORIENTED_EDGE ( 'NONE', *, *, #1846, .F. ) ;
#1548 = DIRECTION ( 'NONE',  ( 1.000000000000000000, 0.000000000000000000, 0.000000000000000000 ) ) ;
#1549 = CIRCLE ( 'NONE', #688, 3.100000000000000977 ) ;
#1550 = ORIENTED_EDGE ( 'NONE', *, *, #350, .T. ) ;
#1551 = CARTESIAN_POINT ( 'NONE',  ( 0.000000000000000000, 29.00000000000000000, -29.99999999999999645 ) ) ;
#1552 = ADVANCED_FACE ( 'NONE', ( #1304 ), #1012, .T. ) ;
#1553 = ORIENTED_EDGE ( 'NONE', *, *, #722, .T. ) ;
#1554 = LINE ( 'NONE', #185, #843 ) ;
#1555 = CARTESIAN_POINT ( 'NONE',  ( 115.0000000000000000, 6.500000000000000000, -33.25474111729089088 ) ) ;
#1556 = ORIENTED_EDGE ( 'NONE', *, *, #580, .F. ) ;
#1557 = CARTESIAN_POINT ( 'NONE',  ( 1.000000000000000888, 40.20000000000000284, -45.25880863149649258 ) ) ;
#1558 = ORIENTED_EDGE ( 'NONE', *, *, #362, .F. ) ;
#1559 = EDGE_CURVE ( 'NONE', #237, #1469, #987, .T. ) ;
#1560 = DIRECTION ( 'NONE',  ( 0.000000000000000000, 1.000000000000000000, 2.664917751462696950E-16 ) ) ;
#1561 = EDGE_CURVE ( 'NONE', #730, #1915, #512, .T. ) ;
#1562 = UNCERTAINTY_MEASURE_WITH_UNIT (LENGTH_MEASURE( 1.000000000000000082E-05 ), #1597, 'distance_accuracy_value', 'NONE');
#1563 = VECTOR ( 'NONE', #246, 1000.000000000000000 ) ;
#1564 = ORIENTED_EDGE ( 'NONE', *, *, #1221, .F. ) ;
#1565 = DIRECTION ( 'NONE',  ( 0.000000000000000000, 0.000000000000000000, 1.000000000000000000 ) ) ;
#1566 = VERTEX_POINT ( 'NONE', #1139 ) ;
#1567 = CARTESIAN_POINT ( 'NONE',  ( 115.0000000000000000, 32.34999999999999432, -33.25479946839509893 ) ) ;
#1568 = ADVANCED_FACE ( 'NONE', ( #261 ), #874, .F. ) ;
#1569 = CARTESIAN_POINT ( 'NONE',  ( 34.60000000000000853, -3.000000000000000000, 12.30000000000003624 ) ) ;
#1571 = ORIENTED_EDGE ( 'NONE', *, *, #783, .T. ) ;
#1570 =( GEOMETRIC_REPRESENTATION_CONTEXT ( 3 ) GLOBAL_UNCERTAINTY_ASSIGNED_CONTEXT ( ( #1562 ) ) GLOBAL_UNIT_ASSIGNED_CONTEXT ( ( #1597, #703, #1164 ) ) REPRESENTATION_CONTEXT ( 'NONE', 'WORKASPACE' ) );
#1572 = DIRECTION ( 'NONE',  ( 0.000000000000000000, 0.7071067811865460184, 0.7071067811865490160 ) ) ;
#1573 = EDGE_CURVE ( 'NONE', #554, #1252, #292, .T. ) ;
#1574 = VERTEX_POINT ( 'NONE', #849 ) ;
#1575 = CARTESIAN_POINT ( 'NONE',  ( 34.60000000000000853, 0.000000000000000000, -0.8999999999999910294 ) ) ;
#1576 = AXIS2_PLACEMENT_3D ( 'NONE', #1621, #1588, #976 ) ;
#1577 = CARTESIAN_POINT ( 'NONE',  ( 30.39999999999999503, 0.000000000000000000, 4.200000000000005507 ) ) ;
#1578 = CIRCLE ( 'NONE', #1398, 0.1999999999994298006 ) ;
#1579 = VERTEX_POINT ( 'NONE', #93 ) ;
#1580 = DIRECTION ( 'NONE',  ( 0.000000000000000000, 0.000000000000000000, -1.000000000000000000 ) ) ;
#1581 = CARTESIAN_POINT ( 'NONE',  ( 0.000000000000000000, 6.523703418370021545, -36.25479946839499945 ) ) ;
#1582 = ORIENTED_EDGE ( 'NONE', *, *, #1716, .T. ) ;
#1583 = ADVANCED_FACE ( 'NONE', ( #1034, #1183, #1678 ), #1942, .F. ) ;
#1584 = FACE_OUTER_BOUND ( 'NONE', #609, .T. ) ;
#1585 = DIRECTION ( 'NONE',  ( 0.000000000000000000, -1.000000000000000000, 0.000000000000000000 ) ) ;
#1586 = VERTEX_POINT ( 'NONE', #1481 ) ;
#1587 = CARTESIAN_POINT ( 'NONE',  ( 84.60000000000002274, 1.000000000000000000, 6.300000000000006928 ) ) ;
#1588 = DIRECTION ( 'NONE',  ( 0.000000000000000000, -1.000000000000000000, 0.000000000000000000 ) ) ;
#1589 = EDGE_LOOP ( 'NONE', ( #182, #1226, #1863, #599 ) ) ;
#1590 = EDGE_CURVE ( 'NONE', #1519, #3, #1380, .T. ) ;
#1591 = DIRECTION ( 'NONE',  ( 0.000000000000000000, 1.000000000000000000, 1.251179762986549875E-16 ) ) ;
#1592 = CARTESIAN_POINT ( 'NONE',  ( 84.60000000000002274, 0.000000000000000000, 4.200000000000005507 ) ) ;
#1593 = AXIS2_PLACEMENT_3D ( 'NONE', #790, #655, #336 ) ;
#1594 = EDGE_LOOP ( 'NONE', ( #1037, #1095, #429, #1507 ) ) ;
#1595 = CARTESIAN_POINT ( 'NONE',  ( 146.9999999999999716, 1.999999999999996669, -27.79999999999999361 ) ) ;
#1596 = CARTESIAN_POINT ( 'NONE',  ( 30.39999999999999503, -3.000000000000000000, 4.200000000000005507 ) ) ;
#1597 =( LENGTH_UNIT ( ) NAMED_UNIT ( * ) SI_UNIT ( .MILLI., .METRE. ) );
#1598 = ORIENTED_EDGE ( 'NONE', *, *, #373, .T. ) ;
#1599 = DIRECTION ( 'NONE',  ( 0.000000000000000000, 0.000000000000000000, -1.000000000000000000 ) ) ;
#1600 = CARTESIAN_POINT ( 'NONE',  ( 126.5716306148988224, 6.500000000000000000, -33.25474111729089088 ) ) ;
#1601 = VECTOR ( 'NONE', #497, 1000.000000000000000 ) ;
#1602 = LINE ( 'NONE', #78, #1688 ) ;
#1603 = DIRECTION ( 'NONE',  ( 0.000000000000000000, 0.000000000000000000, -1.000000000000000000 ) ) ;
#1604 = ORIENTED_EDGE ( 'NONE', *, *, #548, .T. ) ;
#1605 = DIRECTION ( 'NONE',  ( 0.000000000000000000, 0.000000000000000000, -1.000000000000000000 ) ) ;
#1606 = AXIS2_PLACEMENT_3D ( 'NONE', #1926, #567, #1912 ) ;
#1607 = EDGE_CURVE ( 'NONE', #1477, #919, #1058, .T. ) ;
#1608 = VERTEX_POINT ( 'NONE', #1223 ) ;
#1609 = DIRECTION ( 'NONE',  ( 0.000000000000000000, 0.000000000000000000, -1.000000000000000000 ) ) ;
#1610 = VECTOR ( 'NONE', #1163, 1000.000000000000000 ) ;
#1611 = ORIENTED_EDGE ( 'NONE', *, *, #188, .F. ) ;
#1612 = CARTESIAN_POINT ( 'NONE',  ( 34.60000000000000853, 2.000000000000000000, 2.100000000000006306 ) ) ;
#1613 = ORIENTED_EDGE ( 'NONE', *, *, #405, .F. ) ;
#1614 = FACE_OUTER_BOUND ( 'NONE', #1725, .T. ) ;
#1615 = CARTESIAN_POINT ( 'NONE',  ( 84.60000000000002274, -3.000000000000000000, 4.200000000000005507 ) ) ;
#1616 = LINE ( 'NONE', #682, #557 ) ;
#1617 = EDGE_CURVE ( 'NONE', #805, #1419, #1365, .T. ) ;
#1618 = ORIENTED_EDGE ( 'NONE', *, *, #1000, .T. ) ;
#1619 = LINE ( 'NONE', #694, #1006 ) ;
#1620 = EDGE_CURVE ( 'NONE', #1322, #1941, #571, .T. ) ;
#1621 = CARTESIAN_POINT ( 'NONE',  ( 34.60000000000000853, 1.647987302177966740E-14, 4.200000000000007283 ) ) ;
#1622 = FACE_OUTER_BOUND ( 'NONE', #718, .T. ) ;
#1623 = AXIS2_PLACEMENT_3D ( 'NONE', #1851, #478, #1110 ) ;
#1624 = CARTESIAN_POINT ( 'NONE',  ( 126.5716306148988224, 26.65000000000000213, -33.25479946839506340 ) ) ;
#1625 = EDGE_LOOP ( 'NONE', ( #1391, #1618, #1117, #1841 ) ) ;
#1626 = FACE_OUTER_BOUND ( 'NONE', #1589, .T. ) ;
#1627 = VECTOR ( 'NONE', #117, 1000.000000000000114 ) ;
#1628 = AXIS2_PLACEMENT_3D ( 'NONE', #638, #1715, #926 ) ;
#1629 = CYLINDRICAL_SURFACE ( 'NONE', #1709, 1.000000000000000000 ) ;
#1630 = FILL_AREA_STYLE_COLOUR ( '', #1071 ) ;
#1631 = ORIENTED_EDGE ( 'NONE', *, *, #708, .T. ) ;
#1632 = CARTESIAN_POINT ( 'NONE',  ( 80.40000000000001990, 0.000000000000000000, -0.9000000000000050182 ) ) ;
#1633 = EDGE_CURVE ( 'NONE', #200, #1653, #1249, .T. ) ;
#1634 = ADVANCED_FACE ( 'NONE', ( #1666 ), #291, .T. ) ;
#1635 = VERTEX_POINT ( 'NONE', #1658 ) ;
#1636 = CARTESIAN_POINT ( 'NONE',  ( 1.000000000000000000, -3.000000000000000000, 15.19999999999999751 ) ) ;
#1637 = CIRCLE ( 'NONE', #1162, 0.2000000000000057288 ) ;
#1638 = ORIENTED_EDGE ( 'NONE', *, *, #1522, .T. ) ;
#1639 = LINE ( 'NONE', #907, #1436 ) ;
#1640 = EDGE_CURVE ( 'NONE', #1682, #1267, #1639, .T. ) ;
#1641 = DIRECTION ( 'NONE',  ( 0.000000000000000000, -0.5547001962259198171, 0.8320502943373832005 ) ) ;
#1642 = AXIS2_PLACEMENT_3D ( 'NONE', #1864, #335, #353 ) ;
#1643 = DIRECTION ( 'NONE',  ( 1.000000000000000000, 0.000000000000000000, -4.130293990420960022E-16 ) ) ;
#1644 = ORIENTED_EDGE ( 'NONE', *, *, #852, .F. ) ;
#1645 = LINE ( 'NONE', #1056, #1124 ) ;
#1646 = DIRECTION ( 'NONE',  ( 0.000000000000000000, 0.000000000000000000, 1.000000000000000000 ) ) ;
#1647 = VECTOR ( 'NONE', #1175, 1000.000000000000000 ) ;
#1648 = DIRECTION ( 'NONE',  ( 0.000000000000000000, 0.8320502943374774585, -0.5547001962257784857 ) ) ;
#1649 = ADVANCED_FACE ( 'NONE', ( #152, #918, #1512 ), #610, .T. ) ;
#1650 = ORIENTED_EDGE ( 'NONE', *, *, #2, .F. ) ;
#1651 = CARTESIAN_POINT ( 'NONE',  ( 115.0000000000000000, 6.523703418370022433, -36.25479946839499945 ) ) ;
#1652 = CARTESIAN_POINT ( 'NONE',  ( 115.0000000000000000, 24.58358994113253004, -33.56573950764025938 ) ) ;
#1653 = VERTEX_POINT ( 'NONE', #887 ) ;
#1654 = DIRECTION ( 'NONE',  ( -0.000000000000000000, -0.5547001962259198171, 0.8320502943373832005 ) ) ;
#1655 = FACE_OUTER_BOUND ( 'NONE', #577, .T. ) ;
#1656 = DIRECTION ( 'NONE',  ( -1.000000000000000000, 0.000000000000000000, 0.000000000000000000 ) ) ;
#1657 = ORIENTED_EDGE ( 'NONE', *, *, #1215, .T. ) ;
#1658 = CARTESIAN_POINT ( 'NONE',  ( 0.000000000000000000, 34.24999999999999289, -33.25479946839509893 ) ) ;
#1659 = PRODUCT_DEFINITION_FORMATION_WITH_SPECIFIED_SOURCE ( 'ANY', '', #870, .NOT_KNOWN. ) ;
#1660 = AXIS2_PLACEMENT_3D ( 'NONE', #1420, #1538, #1548 ) ;
#1661 = ORIENTED_EDGE ( 'NONE', *, *, #1078, .T. ) ;
#1662 = LINE ( 'NONE', #1515, #230 ) ;
#1663 = LINE ( 'NONE', #912, #753 ) ;
#1664 = CARTESIAN_POINT ( 'NONE',  ( 30.39999999999999503, 2.000000000000000000, 6.300000000000008704 ) ) ;
#1665 = VERTEX_POINT ( 'NONE', #442 ) ;
#1666 = FACE_OUTER_BOUND ( 'NONE', #471, .T. ) ;
#1667 = EDGE_CURVE ( 'NONE', #1091, #341, #1831, .T. ) ;
#1668 = AXIS2_PLACEMENT_3D ( 'NONE', #263, #692, #1176 ) ;
#1669 = AXIS2_PLACEMENT_3D ( 'NONE', #1350, #1048, #454 ) ;
#1670 = EDGE_LOOP ( 'NONE', ( #886, #1564, #51, #683 ) ) ;
#1671 = DIRECTION ( 'NONE',  ( -1.000000000000000000, -0.000000000000000000, -0.000000000000000000 ) ) ;
#1672 = EDGE_CURVE ( 'NONE', #919, #469, #593, .T. ) ;
#1673 = STYLED_ITEM ( 'NONE', ( #1945 ), #1336 ) ;
#1674 = CARTESIAN_POINT ( 'NONE',  ( 80.40000000000001990, 1.647987302177966740E-14, 4.200000000000007283 ) ) ;
#1675 = EDGE_CURVE ( 'NONE', #1586, #1969, #1355, .T. ) ;
#1676 = CARTESIAN_POINT ( 'NONE',  ( 114.0000000000000000, 40.20000000000000284, -28.99999999999999289 ) ) ;
#1677 = ORIENTED_EDGE ( 'NONE', *, *, #1827, .F. ) ;
#1678 = FACE_OUTER_BOUND ( 'NONE', #1698, .T. ) ;
#1679 = VECTOR ( 'NONE', #1181, 1000.000000000000000 ) ;
#1680 = VERTEX_POINT ( 'NONE', #1044 ) ;
#1681 = CARTESIAN_POINT ( 'NONE',  ( 0.000000000000000000, 4.730996777863603064, -33.56573950764021674 ) ) ;
#1682 = VERTEX_POINT ( 'NONE', #1651 ) ;
#1683 = CARTESIAN_POINT ( 'NONE',  ( 84.60000000000002274, -3.000000000000000000, 12.30000000000005045 ) ) ;
#1684 = DIRECTION ( 'NONE',  ( 0.000000000000000000, -0.000000000000000000, -1.000000000000000000 ) ) ;
#1685 = DIRECTION ( 'NONE',  ( -1.000000000000000000, 0.000000000000000000, 0.000000000000000000 ) ) ;
#1686 = ORIENTED_EDGE ( 'NONE', *, *, #908, .F. ) ;
#1687 = CARTESIAN_POINT ( 'NONE',  ( 115.0000000000000000, 1.999999999999996669, -27.79999999999999361 ) ) ;
#1688 = VECTOR ( 'NONE', #1752, 1000.000000000000000 ) ;
#1689 = ORIENTED_EDGE ( 'NONE', *, *, #1113, .F. ) ;
#1690 = CARTESIAN_POINT ( 'NONE',  ( 30.39999999999999503, 0.000000000000000000, -0.8999999999999928058 ) ) ;
#1691 = VECTOR ( 'NONE', #1257, 1000.000000000000000 ) ;
#1692 = ORIENTED_EDGE ( 'NONE', *, *, #196, .F. ) ;
#1693 = DIRECTION ( 'NONE',  ( -1.000000000000000000, 0.000000000000000000, 0.000000000000000000 ) ) ;
#1694 = EDGE_CURVE ( 'NONE', #1682, #1680, #1052, .T. ) ;
#1695 = ORIENTED_EDGE ( 'NONE', *, *, #495, .T. ) ;
#1696 = CARTESIAN_POINT ( 'NONE',  ( 0.000000000000000000, 2.000000000000001776, 15.19999999999999751 ) ) ;
#1697 = EDGE_CURVE ( 'NONE', #324, #1579, #191, .T. ) ;
#1698 = EDGE_LOOP ( 'NONE', ( #1946, #1432, #935, #184 ) ) ;
#1699 = AXIS2_PLACEMENT_3D ( 'NONE', #1551, #19, #46 ) ;
#1700 = CARTESIAN_POINT ( 'NONE',  ( 1.000000000000000000, 29.00000000000000000, -29.99999999999999645 ) ) ;
#1701 = VERTEX_POINT ( 'NONE', #742 ) ;
#1702 = CARTESIAN_POINT ( 'NONE',  ( 80.40000000000003411, 2.000000000000000000, 2.100000000000006306 ) ) ;
#1703 = CIRCLE ( 'NONE', #1642, 0.2000000000000057288 ) ;
#1704 = LINE ( 'NONE', #1555, #1276 ) ;
#1705 = ORIENTED_EDGE ( 'NONE', *, *, #1064, .T. ) ;
#1706 = DIRECTION ( 'NONE',  ( 1.000000000000000000, 0.000000000000000000, 0.000000000000000000 ) ) ;
#1707 = EDGE_CURVE ( 'NONE', #1844, #480, #1335, .T. ) ;
#1708 = ADVANCED_FACE ( 'NONE', ( #142 ), #329, .T. ) ;
#1709 = AXIS2_PLACEMENT_3D ( 'NONE', #670, #725, #1794 ) ;
#1710 = ORIENTED_EDGE ( 'NONE', *, *, #239, .F. ) ;
#1711 = DIRECTION ( 'NONE',  ( -0.000000000000000000, -0.000000000000000000, 1.000000000000000000 ) ) ;
#1712 = ORIENTED_EDGE ( 'NONE', *, *, #1496, .F. ) ;
#1713 = CARTESIAN_POINT ( 'NONE',  ( 80.40000000000001990, 2.000000000000000000, 4.200000000000007283 ) ) ;
#1714 = VERTEX_POINT ( 'NONE', #1260 ) ;
#1715 = DIRECTION ( 'NONE',  ( 0.000000000000000000, -1.000000000000000000, -1.251179762986551355E-16 ) ) ;
#1716 = EDGE_CURVE ( 'NONE', #1395, #1341, #904, .T. ) ;
#1717 = ADVANCED_FACE ( 'NONE', ( #1100 ), #1235, .T. ) ;
#1718 = CARTESIAN_POINT ( 'NONE',  ( 84.60000000000002274, -3.000000000000000000, 4.200000000000005507 ) ) ;
#1719 = AXIS2_PLACEMENT_3D ( 'NONE', #648, #782, #27 ) ;
#1720 = UNCERTAINTY_MEASURE_WITH_UNIT (LENGTH_MEASURE( 1.000000000000000082E-05 ), #1320, 'distance_accuracy_value', 'NONE');
#1721 = AXIS2_PLACEMENT_3D ( 'NONE', #1275, #667, #971 ) ;
#1722 = ORIENTED_EDGE ( 'NONE', *, *, #1833, .T. ) ;
#1723 = LINE ( 'NONE', #789, #1449 ) ;
#1724 = AXIS2_PLACEMENT_3D ( 'NONE', #1127, #1459, #1174 ) ;
#1725 = EDGE_LOOP ( 'NONE', ( #1334, #1539, #510, #1245, #1571, #696 ) ) ;
#1726 = CARTESIAN_POINT ( 'NONE',  ( 80.40000000000001990, -3.000000000000000000, -3.900000000000034994 ) ) ;
#1727 = EDGE_CURVE ( 'NONE', #389, #1023, #1842, .T. ) ;
#1728 = DIRECTION ( 'NONE',  ( 0.000000000000000000, -1.000000000000000000, 0.000000000000000000 ) ) ;
#1729 = ORIENTED_EDGE ( 'NONE', *, *, #110, .F. ) ;
#1730 = CYLINDRICAL_SURFACE ( 'NONE', #20, 1.000000000000000000 ) ;
#1731 = EDGE_LOOP ( 'NONE', ( #48, #522, #1424 ) ) ;
#1732 = EDGE_CURVE ( 'NONE', #1023, #1766, #943, .T. ) ;
#1733 = AXIS2_PLACEMENT_3D ( 'NONE', #816, #1881, #1565 ) ;
#1734 = DIRECTION ( 'NONE',  ( 1.000000000000000000, 0.000000000000000000, -0.000000000000000000 ) ) ;
#1735 = AXIS2_PLACEMENT_3D ( 'NONE', #762, #1190, #1232 ) ;
#1736 = DIRECTION ( 'NONE',  ( -0.000000000000000000, -1.000000000000000000, -0.000000000000000000 ) ) ;
#1737 = CIRCLE ( 'NONE', #661, 5.099999999999998757 ) ;
#1738 = DIRECTION ( 'NONE',  ( -0.000000000000000000, 1.000000000000000000, -0.000000000000000000 ) ) ;
#1739 = EDGE_CURVE ( 'NONE', #1043, #1816, #1268, .T. ) ;
#1740 = ORIENTED_EDGE ( 'NONE', *, *, #405, .T. ) ;
#1741 = DIRECTION ( 'NONE',  ( -0.000000000000000000, -1.000000000000000000, 0.000000000000000000 ) ) ;
#1742 = ORIENTED_EDGE ( 'NONE', *, *, #304, .F. ) ;
#1743 = DIRECTION ( 'NONE',  ( 0.000000000000000000, 0.000000000000000000, -1.000000000000000000 ) ) ;
#1744 = LINE ( 'NONE', #710, #1333 ) ;
#1745 = ORIENTED_EDGE ( 'NONE', *, *, #443, .T. ) ;
#1746 = CARTESIAN_POINT ( 'NONE',  ( 80.40000000000001990, 0.000000000000000000, 7.300000000000008704 ) ) ;
#1747 = CARTESIAN_POINT ( 'NONE',  ( 115.0000000000000000, 6.500000000000002665, -29.99999999999999645 ) ) ;
#1748 = DIRECTION ( 'NONE',  ( 0.000000000000000000, -1.000000000000000000, 0.000000000000000000 ) ) ;
#1749 = ORIENTED_EDGE ( 'NONE', *, *, #340, .T. ) ;
#1750 = CARTESIAN_POINT ( 'NONE',  ( 30.39999999999999503, 1.000000000000000000, 4.200000000000005507 ) ) ;
#1751 = ORIENTED_EDGE ( 'NONE', *, *, #1137, .T. ) ;
#1752 = DIRECTION ( 'NONE',  ( 0.000000000000000000, 1.000000000000000000, -0.000000000000000000 ) ) ;
#1753 = CARTESIAN_POINT ( 'NONE',  ( 115.0000000000000000, 2.000000000000000000, 0.000000000000000000 ) ) ;
#1754 = VECTOR ( 'NONE', #1374, 1000.000000000000000 ) ;
#1755 = ORIENTED_EDGE ( 'NONE', *, *, #794, .T. ) ;
#1756 = ADVANCED_FACE ( 'NONE', ( #792 ), #1877, .T. ) ;
#1757 = CARTESIAN_POINT ( 'NONE',  ( 80.40000000000001990, 1.000000000000000000, 4.200000000000007283 ) ) ;
#1758 = CARTESIAN_POINT ( 'NONE',  ( 115.0000000000000000, 26.37629658163896096, -36.25479946839507051 ) ) ;
#1759 = FACE_OUTER_BOUND ( 'NONE', #1401, .T. ) ;
#1760 = VERTEX_POINT ( 'NONE', #1118 ) ;
#1761 = LINE ( 'NONE', #1442, #1101 ) ;
#1762 = VERTEX_POINT ( 'NONE', #1726 ) ;
#1763 = AXIS2_PLACEMENT_3D ( 'NONE', #737, #1376, #9 ) ;
#1764 = CARTESIAN_POINT ( 'NONE',  ( 30.39999999999999503, -3.000000000000000000, 2.100000000000006306 ) ) ;
#1765 = PLANE ( 'NONE',  #1172 ) ;
#1766 = VERTEX_POINT ( 'NONE', #36 ) ;
#1767 = PLANE ( 'NONE',  #1824 ) ;
#1768 = EDGE_CURVE ( 'NONE', #1941, #730, #470, .T. ) ;
#1769 = CIRCLE ( 'NONE', #1292, 1.000000000000000888 ) ;
#1770 = ADVANCED_FACE ( 'NONE', ( #801 ), #1243, .F. ) ;
#1771 = CARTESIAN_POINT ( 'NONE',  ( 0.000000000000000000, 39.19999999999999574, -29.99999999999999645 ) ) ;
#1772 = ORIENTED_EDGE ( 'NONE', *, *, #944, .F. ) ;
#1773 = LINE ( 'NONE', #1018, #359 ) ;
#1774 = AXIS2_PLACEMENT_3D ( 'NONE', #240, #850, #528 ) ;
#1775 = LINE ( 'NONE', #88, #1233 ) ;
#1776 = CARTESIAN_POINT ( 'NONE',  ( 84.60000000000002274, -3.000000000000000000, 12.30000000000005045 ) ) ;
#1777 = CARTESIAN_POINT ( 'NONE',  ( 0.000000000000000000, 2.000000000000001776, 15.19999999999999751 ) ) ;
#1778 = ORIENTED_EDGE ( 'NONE', *, *, #1798, .T. ) ;
#1779 = DIRECTION ( 'NONE',  ( 0.000000000000000000, 0.000000000000000000, 1.000000000000000000 ) ) ;
#1780 = LINE ( 'NONE', #563, #1647 ) ;
#1781 = EDGE_CURVE ( 'NONE', #896, #1477, #937, .T. ) ;
#1782 = CARTESIAN_POINT ( 'NONE',  ( 84.60000000000002274, 1.000000000000000000, 4.200000000000005507 ) ) ;
#1783 = EDGE_CURVE ( 'NONE', #355, #585, #1883, .T. ) ;
#1784 = VERTEX_POINT ( 'NONE', #44 ) ;
#1785 = CARTESIAN_POINT ( 'NONE',  ( 126.5716306148988224, 34.11900322213596581, -33.56573950763936409 ) ) ;
#1786 = CARTESIAN_POINT ( 'NONE',  ( 1.000000000000000000, -1.999999999999998224, -28.99999999999999289 ) ) ;
#1787 = VECTOR ( 'NONE', #387, 1000.000000000000000 ) ;
#1788 = SHAPE_DEFINITION_REPRESENTATION ( #890, #209 ) ;
#1789 = CARTESIAN_POINT ( 'NONE',  ( 126.5716306148988224, 26.65000000000000213, -29.99999999999999645 ) ) ;
#1790 = ORIENTED_EDGE ( 'NONE', *, *, #99, .F. ) ;
#1791 = DIRECTION ( 'NONE',  ( 0.000000000000000000, -1.000000000000000000, 0.000000000000000000 ) ) ;
#1792 = AXIS2_PLACEMENT_3D ( 'NONE', #979, #527, #1779 ) ;
#1793 = VECTOR ( 'NONE', #320, 1000.000000000000000 ) ;
#1794 = DIRECTION ( 'NONE',  ( 0.000000000000000000, 0.000000000000000000, -1.000000000000000000 ) ) ;
#1795 = CARTESIAN_POINT ( 'NONE',  ( 84.60000000000002274, 0.000000000000000000, 9.300000000000018474 ) ) ;
#1796 = VERTEX_POINT ( 'NONE', #1251 ) ;
#1797 = LINE ( 'NONE', #767, #679 ) ;
#1798 = EDGE_CURVE ( 'NONE', #949, #324, #485, .T. ) ;
#1799 = CARTESIAN_POINT ( 'NONE',  ( 1.000000000000000000, 29.00000000000000000, -28.99999999999999289 ) ) ;
#1800 = CARTESIAN_POINT ( 'NONE',  ( 126.5716306148988224, 24.75000000000000711, -33.45479946839506624 ) ) ;
#1801 = AXIS2_PLACEMENT_3D ( 'NONE', #586, #1197, #1806 ) ;
#1802 = ORIENTED_EDGE ( 'NONE', *, *, #932, .F. ) ;
#1803 = DIRECTION ( 'NONE',  ( 0.000000000000000000, -1.000000000000000000, 0.000000000000000000 ) ) ;
#1804 = PLANE ( 'NONE',  #149 ) ;
#1805 = ORIENTED_EDGE ( 'NONE', *, *, #1667, .F. ) ;
#1806 = DIRECTION ( 'NONE',  ( 0.000000000000000000, 0.000000000000000000, -1.000000000000000000 ) ) ;
#1807 = EDGE_CURVE ( 'NONE', #1341, #1463, #1859, .T. ) ;
#1808 = DIRECTION ( 'NONE',  ( 0.000000000000000000, 2.664917751462696950E-16, -1.000000000000000000 ) ) ;
#1809 = VECTOR ( 'NONE', #888, 1000.000000000000000 ) ;
#1810 = DIRECTION ( 'NONE',  ( 0.000000000000000000, 0.5547001962257784857, 0.8320502943374774585 ) ) ;
#1811 = ORIENTED_EDGE ( 'NONE', *, *, #22, .F. ) ;
#1812 = DIRECTION ( 'NONE',  ( -1.000000000000000000, 0.000000000000000000, -4.130293990420960022E-16 ) ) ;
#1813 = VECTOR ( 'NONE', #437, 1000.000000000000000 ) ;
#1814 = ORIENTED_EDGE ( 'NONE', *, *, #146, .F. ) ;
#1815 = FACE_OUTER_BOUND ( 'NONE', #596, .T. ) ;
#1816 = VERTEX_POINT ( 'NONE', #347 ) ;
#1817 = CARTESIAN_POINT ( 'NONE',  ( 126.5716306148988224, 12.19999999999999929, -33.25479946839504919 ) ) ;
#1818 = ADVANCED_FACE ( 'NONE', ( #960 ), #169, .F. ) ;
#1819 = PRODUCT_CONTEXT ( 'NONE', #1955, 'mechanical' ) ;
#1820 = FACE_OUTER_BOUND ( 'NONE', #817, .T. ) ;
#1821 = ORIENTED_EDGE ( 'NONE', *, *, #70, .F. ) ;
#1822 = DIRECTION ( 'NONE',  ( -1.000000000000000000, 0.000000000000000000, -0.000000000000000000 ) ) ;
#1823 = EDGE_CURVE ( 'NONE', #1796, #415, #494, .T. ) ;
#1824 = AXIS2_PLACEMENT_3D ( 'NONE', #860, #1897, #378 ) ;
#1825 = ORIENTED_EDGE ( 'NONE', *, *, #1215, .F. ) ;
#1826 = DIRECTION ( 'NONE',  ( -1.000000000000000000, 0.000000000000000000, 0.000000000000000000 ) ) ;
#1827 = EDGE_CURVE ( 'NONE', #856, #1399, #477, .T. ) ;
#1828 = DIRECTION ( 'NONE',  ( -0.000000000000000000, -1.000000000000000000, -0.000000000000000000 ) ) ;
#1829 = CARTESIAN_POINT ( 'NONE',  ( 30.39999999999999503, 0.000000000000000000, 9.300000000000004263 ) ) ;
#1830 = VERTEX_POINT ( 'NONE', #1575 ) ;
#1831 = LINE ( 'NONE', #764, #1754 ) ;
#1832 = AXIS2_PLACEMENT_3D ( 'NONE', #276, #889, #242 ) ;
#1833 = EDGE_CURVE ( 'NONE', #424, #919, #836, .T. ) ;
#1834 = ORIENTED_EDGE ( 'NONE', *, *, #52, .T. ) ;
#1835 = DIRECTION ( 'NONE',  ( -0.000000000000000000, -0.000000000000000000, -1.000000000000000000 ) ) ;
#1836 = VECTOR ( 'NONE', #1273, 1000.000000000000000 ) ;
#1837 = VECTOR ( 'NONE', #1451, 1000.000000000000000 ) ;
#1838 = CARTESIAN_POINT ( 'NONE',  ( 126.5716306148988224, 4.730996777863603064, -33.56573950764021674 ) ) ;
#1839 = CARTESIAN_POINT ( 'NONE',  ( 80.40000000000001990, 0.000000000000000000, 4.200000000000007283 ) ) ;
#1840 = LINE ( 'NONE', #905, #812 ) ;
#1841 = ORIENTED_EDGE ( 'NONE', *, *, #1204, .T. ) ;
#1842 = LINE ( 'NONE', #1696, #962 ) ;
#1843 = DIRECTION ( 'NONE',  ( 0.000000000000000000, -1.000000000000000000, 0.000000000000000000 ) ) ;
#1844 = VERTEX_POINT ( 'NONE', #687 ) ;
#1845 = CYLINDRICAL_SURFACE ( 'NONE', #1036, 2.100000000000000977 ) ;
#1846 = EDGE_CURVE ( 'NONE', #916, #805, #1346, .T. ) ;
#1847 = ORIENTED_EDGE ( 'NONE', *, *, #961, .T. ) ;
#1848 = DIRECTION ( 'NONE',  ( -1.000000000000000000, 0.000000000000000000, 0.000000000000000000 ) ) ;
#1849 = ORIENTED_EDGE ( 'NONE', *, *, #1416, .T. ) ;
#1850 = EDGE_CURVE ( 'NONE', #624, #225, #60, .T. ) ;
#1851 = CARTESIAN_POINT ( 'NONE',  ( 84.60000000000002274, 0.000000000000000000, 4.200000000000005507 ) ) ;
#1852 = ORIENTED_EDGE ( 'NONE', *, *, #386, .T. ) ;
#1853 = DIRECTION ( 'NONE',  ( 0.000000000000000000, 0.000000000000000000, 1.000000000000000000 ) ) ;
#1854 = ORIENTED_EDGE ( 'NONE', *, *, #1013, .T. ) ;
#1855 = FACE_OUTER_BOUND ( 'NONE', #1523, .T. ) ;
#1856 = ADVANCED_FACE ( 'NONE', ( #1429 ), #217, .T. ) ;
#1857 = LINE ( 'NONE', #634, #1920 ) ;
#1858 = ORIENTED_EDGE ( 'NONE', *, *, #1850, .T. ) ;
#1859 = LINE ( 'NONE', #1557, #420 ) ;
#1860 = ORIENTED_EDGE ( 'NONE', *, *, #654, .T. ) ;
#1861 = VECTOR ( 'NONE', #631, 1000.000000000000000 ) ;
#1862 = DIRECTION ( 'NONE',  ( -1.000000000000000000, 0.000000000000000000, 0.000000000000000000 ) ) ;
#1863 = ORIENTED_EDGE ( 'NONE', *, *, #1513, .F. ) ;
#1864 = CARTESIAN_POINT ( 'NONE',  ( 115.0000000000000000, 4.787614288834452836, -33.37392069351744084 ) ) ;
#1865 = ADVANCED_FACE ( 'NONE', ( #1584 ), #984, .F. ) ;
#1866 = VECTOR ( 'NONE', #147, 1000.000000000000000 ) ;
#1867 = LINE ( 'NONE', #1098, #669 ) ;
#1868 = EDGE_LOOP ( 'NONE', ( #1547, #568, #677, #1274 ) ) ;
#1869 = DIRECTION ( 'NONE',  ( 0.000000000000000000, -1.251179762986551355E-16, 1.000000000000000000 ) ) ;
#1870 = CIRCLE ( 'NONE', #818, 5.099999999999998757 ) ;
#1871 = DIRECTION ( 'NONE',  ( 0.000000000000000000, -3.652049423109073546E-15, 1.000000000000000000 ) ) ;
#1872 = ORIENTED_EDGE ( 'NONE', *, *, #1807, .T. ) ;
#1873 = CARTESIAN_POINT ( 'NONE',  ( 80.40000000000001990, 0.000000000000000000, 9.300000000000020250 ) ) ;
#1874 = CARTESIAN_POINT ( 'NONE',  ( 1.000000000000000000, -1.999999999999998224, -29.99999999999999645 ) ) ;
#1875 = ADVANCED_FACE ( 'NONE', ( #375 ), #366, .T. ) ;
#1876 = ORIENTED_EDGE ( 'NONE', *, *, #910, .T. ) ;
#1877 = CYLINDRICAL_SURFACE ( 'NONE', #1030, 1.000000000000000000 ) ;
#1878 = FACE_OUTER_BOUND ( 'NONE', #259, .T. ) ;
#1879 = EDGE_CURVE ( 'NONE', #1242, #1099, #1467, .T. ) ;
#1880 = VERTEX_POINT ( 'NONE', #1310 ) ;
#1881 = DIRECTION ( 'NONE',  ( -1.000000000000000000, 0.000000000000000000, 0.000000000000000000 ) ) ;
#1882 = AXIS2_PLACEMENT_3D ( 'NONE', #238, #700, #81 ) ;
#1883 = CIRCLE ( 'NONE', #1277, 1.000000000000000888 ) ;
#1884 = ORIENTED_EDGE ( 'NONE', *, *, #1053, .T. ) ;
#1885 = CARTESIAN_POINT ( 'NONE',  ( 1.000000000000000000, 39.19999999999998863, 1.276203358246281445E-15 ) ) ;
#1886 = DIRECTION ( 'NONE',  ( 1.000000000000000000, 0.000000000000000000, 0.000000000000000000 ) ) ;
#1887 = CARTESIAN_POINT ( 'NONE',  ( 115.0000000000000000, 14.26641005886703795, -33.56573950763927883 ) ) ;
#1888 = AXIS2_PLACEMENT_3D ( 'NONE', #1718, #1085, #30 ) ;
#1889 = ORIENTED_EDGE ( 'NONE', *, *, #74, .T. ) ;
#1890 = LINE ( 'NONE', #344, #1836 ) ;
#1891 = CARTESIAN_POINT ( 'NONE',  ( 0.000000000000000000, 26.65000000000000213, -33.25479946839506340 ) ) ;
#1892 = VERTEX_POINT ( 'NONE', #1288 ) ;
#1893 = AXIS2_PLACEMENT_3D ( 'NONE', #705, #1178, #1902 ) ;
#1894 = DIRECTION ( 'NONE',  ( -1.000000000000000000, 0.000000000000000000, 0.000000000000000000 ) ) ;
#1895 = CARTESIAN_POINT ( 'NONE',  ( 115.0000000000000000, 32.34999999999999432, -29.99999999999999645 ) ) ;
#1896 = ORIENTED_EDGE ( 'NONE', *, *, #1697, .T. ) ;
#1897 = DIRECTION ( 'NONE',  ( 0.000000000000000000, -1.000000000000000000, -0.000000000000000000 ) ) ;
#1898 = CARTESIAN_POINT ( 'NONE',  ( 80.40000000000003411, -3.000000000000000000, 2.100000000000006306 ) ) ;
#1899 = AXIS2_PLACEMENT_3D ( 'NONE', #584, #136, #1046 ) ;
#1900 = LINE ( 'NONE', #229, #1389 ) ;
#1901 = VERTEX_POINT ( 'NONE', #205 ) ;
#1902 = DIRECTION ( 'NONE',  ( -1.000000000000000000, 0.000000000000000000, -4.130293990420960022E-16 ) ) ;
#1903 = DIRECTION ( 'NONE',  ( 1.000000000000000000, 0.000000000000000000, 0.000000000000000000 ) ) ;
#1904 = ORIENTED_EDGE ( 'NONE', *, *, #386, .F. ) ;
#1905 = CARTESIAN_POINT ( 'NONE',  ( 1.000000000000000000, 26.65000000000000213, -28.99999999999999289 ) ) ;
#1906 = CARTESIAN_POINT ( 'NONE',  ( 80.40000000000003411, 2.000000000000000000, 2.100000000000006306 ) ) ;
#1907 = EDGE_CURVE ( 'NONE', #1816, #1375, #1602, .T. ) ;
#1908 = ORIENTED_EDGE ( 'NONE', *, *, #1077, .F. ) ;
#1909 = LINE ( 'NONE', #402, #39 ) ;
#1910 = CARTESIAN_POINT ( 'NONE',  ( 126.5716306148988224, 32.32629658162959885, -36.25479946839507051 ) ) ;
#1911 = ORIENTED_EDGE ( 'NONE', *, *, #1279, .T. ) ;
#1912 = DIRECTION ( 'NONE',  ( 0.000000000000000000, -8.673617379908764684E-15, -1.000000000000000000 ) ) ;
#1913 = VECTOR ( 'NONE', #978, 1000.000000000000000 ) ;
#1914 = CARTESIAN_POINT ( 'NONE',  ( 30.39999999999999503, 0.000000000000000000, 9.300000000000004263 ) ) ;
#1915 = VERTEX_POINT ( 'NONE', #827 ) ;
#1916 = EDGE_CURVE ( 'NONE', #415, #3, #800, .T. ) ;
#1917 = LINE ( 'NONE', #235, #828 ) ;
#1918 = EDGE_CURVE ( 'NONE', #1252, #358, #523, .T. ) ;
#1919 = DIRECTION ( 'NONE',  ( 1.000000000000000000, 0.000000000000000000, -0.000000000000000000 ) ) ;
#1920 = VECTOR ( 'NONE', #34, 1000.000000000000000 ) ;
#1921 = ORIENTED_EDGE ( 'NONE', *, *, #1295, .T. ) ;
#1922 = DIRECTION ( 'NONE',  ( -0.000000000000000000, -0.000000000000000000, 1.000000000000000000 ) ) ;
#1923 = LINE ( 'NONE', #550, #1610 ) ;
#1924 = DIRECTION ( 'NONE',  ( 0.000000000000000000, 0.000000000000000000, -1.000000000000000000 ) ) ;
#1925 = ORIENTED_EDGE ( 'NONE', *, *, #1823, .T. ) ;
#1926 = CARTESIAN_POINT ( 'NONE',  ( 115.0000000000000000, 14.09999999999999609, -33.45479946839446939 ) ) ;
#1927 = AXIS2_PLACEMENT_3D ( 'NONE', #1974, #1200, #439 ) ;
#1928 = CARTESIAN_POINT ( 'NONE',  ( 34.60000000000000853, 0.000000000000000000, 1.100000000000006306 ) ) ;
#1929 = AXIS2_PLACEMENT_3D ( 'NONE', #1340, #833, #1599 ) ;
#1930 = EDGE_CURVE ( 'NONE', #80, #370, #1917, .T. ) ;
#1931 = CARTESIAN_POINT ( 'NONE',  ( 0.000000000000000000, 14.09999999999999609, -33.45479946839446939 ) ) ;
#1932 = VERTEX_POINT ( 'NONE', #558 ) ;
#1933 = EDGE_CURVE ( 'NONE', #624, #1367, #213, .T. ) ;
#1934 = CARTESIAN_POINT ( 'NONE',  ( 0.000000000000000000, 26.37629658163896096, -36.25479946839507051 ) ) ;
#1935 = CARTESIAN_POINT ( 'NONE',  ( 30.39999999999999503, 0.000000000000000000, 1.100000000000004530 ) ) ;
#1936 = ORIENTED_EDGE ( 'NONE', *, *, #659, .T. ) ;
#1937 = DIRECTION ( 'NONE',  ( 0.000000000000000000, 0.5547001962259198171, -0.8320502943373832005 ) ) ;
#1938 = AXIS2_PLACEMENT_3D ( 'NONE', #1940, #1468, #1457 ) ;
#1939 = ORIENTED_EDGE ( 'NONE', *, *, #1324, .F. ) ;
#1940 = CARTESIAN_POINT ( 'NONE',  ( 126.5716306148988224, 34.08550813762892773, -33.36856425738304921 ) ) ;
#1941 = VERTEX_POINT ( 'NONE', #545 ) ;
#1942 = PLANE ( 'NONE',  #830 ) ;
#1943 = CARTESIAN_POINT ( 'NONE',  ( 1.000000000000000000, 39.19999999999999574, -28.99999999999999289 ) ) ;
#1944 = EDGE_CURVE ( 'NONE', #1191, #766, #575, .T. ) ;
#1945 = PRESENTATION_STYLE_ASSIGNMENT (( #1185 ) ) ;
#1946 = ORIENTED_EDGE ( 'NONE', *, *, #96, .T. ) ;
#1947 = LINE ( 'NONE', #1076, #1097 ) ;
#1948 = EDGE_LOOP ( 'NONE', ( #1790, #536, #151, #946 ) ) ;
#1949 = FACE_OUTER_BOUND ( 'NONE', #1670, .T. ) ;
#1950 = DIRECTION ( 'NONE',  ( 0.000000000000000000, 0.000000000000000000, 1.000000000000000000 ) ) ;
#1951 = DIRECTION ( 'NONE',  ( -1.000000000000000000, 0.000000000000000000, 0.000000000000000000 ) ) ;
#1952 = ORIENTED_EDGE ( 'NONE', *, *, #22, .T. ) ;
#1953 = DIRECTION ( 'NONE',  ( 0.000000000000000000, 0.000000000000000000, -1.000000000000000000 ) ) ;
#1954 = CIRCLE ( 'NONE', #1533, 1.000000000000000000 ) ;
#1955 = APPLICATION_CONTEXT ( 'automotive_design' ) ;
#1956 = FACE_OUTER_BOUND ( 'NONE', #104, .T. ) ;
#1957 = ORIENTED_EDGE ( 'NONE', *, *, #1850, .F. ) ;
#1958 = CARTESIAN_POINT ( 'NONE',  ( 0.000000000000000000, 24.58358994113253004, -33.56573950764025938 ) ) ;
#1959 = ORIENTED_EDGE ( 'NONE', *, *, #1879, .T. ) ;
#1960 = CARTESIAN_POINT ( 'NONE',  ( 126.5716306148988224, 6.499999999999999112, -29.99999999999999645 ) ) ;
#1961 = DIRECTION ( 'NONE',  ( 0.000000000000000000, 0.000000000000000000, 1.000000000000000000 ) ) ;
#1962 = CARTESIAN_POINT ( 'NONE',  ( 1.000000000000000000, 29.00000000000000000, -28.99999999999999289 ) ) ;
#1963 = VECTOR ( 'NONE', #323, 1000.000000000000000 ) ;
#1964 = ORIENTED_EDGE ( 'NONE', *, *, #1907, .F. ) ;
#1965 = DIRECTION ( 'NONE',  ( 0.000000000000000000, 0.000000000000000000, -1.000000000000000000 ) ) ;
#1966 = DIRECTION ( 'NONE',  ( 0.000000000000000000, -0.02539675889081775828, 0.9996774502997662903 ) ) ;
#1967 = CIRCLE ( 'NONE', #881, 1.000000000000000000 ) ;
#1968 = AXIS2_PLACEMENT_3D ( 'NONE', #1535, #475, #139 ) ;
#1969 = VERTEX_POINT ( 'NONE', #1158 ) ;
#1970 = DIRECTION ( 'NONE',  ( -1.000000000000000000, 0.000000000000000000, 0.000000000000000000 ) ) ;
#1971 = CARTESIAN_POINT ( 'NONE',  ( 115.0000000000000000, 29.00000000000000000, -29.99999999999999645 ) ) ;
#1972 = VECTOR ( 'NONE', #989, 1000.000000000000114 ) ;
#1973 = EDGE_CURVE ( 'NONE', #1191, #322, #697, .T. ) ;
#1974 = CARTESIAN_POINT ( 'NONE',  ( 80.40000000000001990, 1.000000000000000000, 4.200000000000007283 ) ) ;
#1975 = EDGE_LOOP ( 'NONE', ( #1884, #900, #1065, #1149 ) ) ;
#1976 = DIRECTION ( 'NONE',  ( -1.000000000000000000, 0.000000000000000000, 0.000000000000000000 ) ) ;
#1977 = ORIENTED_EDGE ( 'NONE', *, *, #895, .F. ) ;
#1978 = CARTESIAN_POINT ( 'NONE',  ( 0.000000000000000000, 4.787614288834452836, -33.37392069351744084 ) ) ;
#1979 = LINE ( 'NONE', #1971, #269 ) ;
ENDSEC;
END-ISO-10303-21;
