ISO-10303-21;
HEADER;
FILE_DESCRIPTION (( 'STEP AP214' ),
    '1' );
FILE_NAME ('power_supply_right.STEP',
    '2025-05-19T07:40:12',
    ( '' ),
    ( '' ),
    'SwSTEP 2.0',
    'SolidWorks 2025',
    '' );
FILE_SCHEMA (( 'AUTOMOTIVE_DESIGN' ));
ENDSEC;

DATA;
#1 = DIRECTION ( 'NONE',  ( 0.000000000000000000, 0.000000000000000000, -1.000000000000000000 ) ) ;
#2 = CARTESIAN_POINT ( 'NONE',  ( 165.3324686416905536, 39.55499999999999972, -42.49999999999998579 ) ) ;
#3 = AXIS2_PLACEMENT_3D ( 'NONE', #3459, #2027, #1587 ) ;
#4 = VECTOR ( 'NONE', #2902, 1000.000000000000000 ) ;
#5 = PRESENTATION_LAYER_ASSIGNMENT (  '', '', ( #2200 ) ) ;
#6 = EDGE_CURVE ( 'NONE', #1574, #665, #3322, .T. ) ;
#7 = ORIENTED_EDGE ( 'NONE', *, *, #3435, .T. ) ;
#8 = ORIENTED_EDGE ( 'NONE', *, *, #4809, .T. ) ;
#9 = VECTOR ( 'NONE', #920, 1000.000000000000000 ) ;
#10 = CARTESIAN_POINT ( 'NONE',  ( 1.000000000000000000, 58.00000000000000000, -3.999999999999989786 ) ) ;
#11 = LINE ( 'NONE', #4491, #302 ) ;
#12 = LINE ( 'NONE', #3762, #3297 ) ;
#13 = CIRCLE ( 'NONE', #2276, 0.1999999999994367395 ) ;
#14 = AXIS2_PLACEMENT_3D ( 'NONE', #2133, #4731, #3286 ) ;
#15 = VERTEX_POINT ( 'NONE', #2814 ) ;
#16 = ORIENTED_EDGE ( 'NONE', *, *, #806, .F. ) ;
#17 = CYLINDRICAL_SURFACE ( 'NONE', #2432, 24.00000000000000355 ) ;
#18 = CARTESIAN_POINT ( 'NONE',  ( 0.000000000000000000, 29.00000000000000000, 0.6999999999999995115 ) ) ;
#19 = DIRECTION ( 'NONE',  ( 0.000000000000000000, 0.000000000000000000, -1.000000000000000000 ) ) ;
#20 = CARTESIAN_POINT ( 'NONE',  ( 3.000000000000028866, 55.99999999999999289, 12.50000000000000355 ) ) ;
#21 = CARTESIAN_POINT ( 'NONE',  ( 115.0000000000000000, 12.19999999999999929, -29.99999999999999645 ) ) ;
#22 = UNCERTAINTY_MEASURE_WITH_UNIT (LENGTH_MEASURE( 1.000000000000000082E-05 ), #3747, 'distance_accuracy_value', 'NONE');
#23 = CARTESIAN_POINT ( 'NONE',  ( 44.99999999999998579, 54.30000000000004690, -28.99999999999999289 ) ) ;
#24 = VERTEX_POINT ( 'NONE', #525 ) ;
#25 = LINE ( 'NONE', #422, #1429 ) ;
#26 = CARTESIAN_POINT ( 'NONE',  ( 2.000000000000000000, 54.99999999999999289, -3.019237886466821230 ) ) ;
#27 = VECTOR ( 'NONE', #759, 1000.000000000000000 ) ;
#28 = ORIENTED_EDGE ( 'NONE', *, *, #2496, .T. ) ;
#29 = ORIENTED_EDGE ( 'NONE', *, *, #2576, .F. ) ;
#30 = AXIS2_PLACEMENT_3D ( 'NONE', #1310, #2798, #4295 ) ;
#31 = CARTESIAN_POINT ( 'NONE',  ( 3.000000000000030198, 56.00000000000000000, 0.000000000000000000 ) ) ;
#32 = EDGE_CURVE ( 'NONE', #4135, #3392, #4315, .T. ) ;
#33 = DIRECTION ( 'NONE',  ( 0.000000000000000000, -1.000000000000000000, 0.000000000000000000 ) ) ;
#34 = CARTESIAN_POINT ( 'NONE',  ( 0.000000000000000000, 2.000000000000000000, 31.75000000000000000 ) ) ;
#35 = CIRCLE ( 'NONE', #1836, 2.500000000000002220 ) ;
#36 = ORIENTED_EDGE ( 'NONE', *, *, #4309, .F. ) ;
#37 = ORIENTED_EDGE ( 'NONE', *, *, #2059, .T. ) ;
#38 = LINE ( 'NONE', #3027, #2899 ) ;
#39 = ORIENTED_EDGE ( 'NONE', *, *, #102, .T. ) ;
#40 = CARTESIAN_POINT ( 'NONE',  ( 165.3324686416905536, 39.55499999999999972, -42.49999999999998579 ) ) ;
#41 = DIRECTION ( 'NONE',  ( 0.000000000000000000, 1.000000000000000000, 0.000000000000000000 ) ) ;
#42 = CARTESIAN_POINT ( 'NONE',  ( 118.0000000000000142, -0.7000000000000022871, -42.49999999999999289 ) ) ;
#43 = DIRECTION ( 'NONE',  ( -0.000000000000000000, -0.000000000000000000, -1.000000000000000000 ) ) ;
#44 = EDGE_CURVE ( 'NONE', #3894, #495, #519, .T. ) ;
#45 = DIRECTION ( 'NONE',  ( 0.000000000000000000, 1.000000000000000000, -0.000000000000000000 ) ) ;
#46 = DIRECTION ( 'NONE',  ( 0.000000000000000000, 1.000000000000000000, -0.000000000000000000 ) ) ;
#47 = EDGE_LOOP ( 'NONE', ( #1454, #2330, #121, #2141 ) ) ;
#48 = DIRECTION ( 'NONE',  ( -0.000000000000000000, -0.000000000000000000, -1.000000000000000000 ) ) ;
#49 = CARTESIAN_POINT ( 'NONE',  ( 30.40000000000000213, -3.000000000000000000, 25.74999999999999645 ) ) ;
#50 = ORIENTED_EDGE ( 'NONE', *, *, #3556, .F. ) ;
#51 = ORIENTED_EDGE ( 'NONE', *, *, #2512, .T. ) ;
#52 = DIRECTION ( 'NONE',  ( 0.000000000000000000, 0.000000000000000000, 1.000000000000000000 ) ) ;
#53 = CYLINDRICAL_SURFACE ( 'NONE', #562, 1.000000000000000888 ) ;
#54 = DIRECTION ( 'NONE',  ( 0.000000000000000000, 0.000000000000000000, -1.000000000000000000 ) ) ;
#55 = EDGE_CURVE ( 'NONE', #2699, #192, #2692, .T. ) ;
#56 = ADVANCED_FACE ( 'NONE', ( #3878 ), #4269, .T. ) ;
#57 = ORIENTED_EDGE ( 'NONE', *, *, #2419, .T. ) ;
#58 = ORIENTED_EDGE ( 'NONE', *, *, #191, .T. ) ;
#59 = LINE ( 'NONE', #709, #3131 ) ;
#60 = VERTEX_POINT ( 'NONE', #203 ) ;
#61 = EDGE_CURVE ( 'NONE', #4688, #2410, #1693, .T. ) ;
#62 = ORIENTED_EDGE ( 'NONE', *, *, #55, .T. ) ;
#63 = CARTESIAN_POINT ( 'NONE',  ( 1.000000000000000000, 26.65000000000000213, -28.99999999999999289 ) ) ;
#64 = DIRECTION ( 'NONE',  ( 1.000000000000000000, 0.000000000000000000, 0.000000000000000000 ) ) ;
#65 = LINE ( 'NONE', #1200, #3403 ) ;
#66 = CARTESIAN_POINT ( 'NONE',  ( 116.0000000000000000, 63.00000000000000000, 13.50000000000000533 ) ) ;
#67 = DIRECTION ( 'NONE',  ( 0.000000000000000000, 1.135642882145983605E-16, -1.000000000000000000 ) ) ;
#68 = CARTESIAN_POINT ( 'NONE',  ( 84.60000000000000853, 2.000000000000000000, 33.85000000000000142 ) ) ;
#69 = ADVANCED_FACE ( 'NONE', ( #913 ), #1669, .F. ) ;
#70 = ORIENTED_EDGE ( 'NONE', *, *, #1840, .F. ) ;
#71 = CARTESIAN_POINT ( 'NONE',  ( 116.1934088600407051, 58.11569209914390655, 11.42546638035347684 ) ) ;
#72 = CARTESIAN_POINT ( 'NONE',  ( 26.98076211353317433, 55.99999999999999289, -27.99999999999999645 ) ) ;
#73 = CARTESIAN_POINT ( 'NONE',  ( 107.0000000000000142, 34.24999999999999289, -33.25479946839509893 ) ) ;
#74 = AXIS2_PLACEMENT_3D ( 'NONE', #4018, #2127, #345 ) ;
#75 = ORIENTED_EDGE ( 'NONE', *, *, #270, .F. ) ;
#76 = VECTOR ( 'NONE', #779, 1000.000000000000000 ) ;
#77 = CONICAL_SURFACE ( 'NONE', #3450, 5.100000000000013856, 0.7853981633974485010 ) ;
#78 = VERTEX_POINT ( 'NONE', #4288 ) ;
#79 = DIRECTION ( 'NONE',  ( -0.7071067811865371366, 0.7071067811865580088, -1.752335333352453788E-16 ) ) ;
#80 = CARTESIAN_POINT ( 'NONE',  ( 117.0000000000000000, 7.000000000000000000, -27.99999999999999645 ) ) ;
#81 = FACE_OUTER_BOUND ( 'NONE', #1581, .T. ) ;
#82 = AXIS2_PLACEMENT_3D ( 'NONE', #3427, #466, #3898 ) ;
#83 = AXIS2_PLACEMENT_3D ( 'NONE', #3123, #3442, #2367 ) ;
#84 = ORIENTED_EDGE ( 'NONE', *, *, #3258, .T. ) ;
#85 = AXIS2_PLACEMENT_3D ( 'NONE', #533, #211, #4644 ) ;
#86 = VERTEX_POINT ( 'NONE', #2428 ) ;
#87 = VECTOR ( 'NONE', #3315, 1000.000000000000000 ) ;
#88 = CARTESIAN_POINT ( 'NONE',  ( 117.0705796122533826, 58.25576519084339111, 10.92088623924880153 ) ) ;
#89 = VECTOR ( 'NONE', #1254, 1000.000000000000000 ) ;
#90 = ORIENTED_EDGE ( 'NONE', *, *, #2801, .T. ) ;
#91 = ORIENTED_EDGE ( 'NONE', *, *, #2363, .F. ) ;
#92 = AXIS2_PLACEMENT_3D ( 'NONE', #1815, #349, #3723 ) ;
#93 = LINE ( 'NONE', #3795, #3246 ) ;
#94 = DIRECTION ( 'NONE',  ( 0.000000000000000000, -1.000000000000000000, 0.000000000000000000 ) ) ;
#95 = DIRECTION ( 'NONE',  ( -6.938893903907228378E-15, 1.000000000000000000, 0.000000000000000000 ) ) ;
#96 = CARTESIAN_POINT ( 'NONE',  ( 3.000000000000028866, 32.00000000000000000, 12.50000000000000355 ) ) ;
#97 = DIRECTION ( 'NONE',  ( -3.469446951953611033E-15, 0.000000000000000000, -1.000000000000000000 ) ) ;
#98 = EDGE_LOOP ( 'NONE', ( #2331, #2538, #4300, #1313 ) ) ;
#99 = LINE ( 'NONE', #1230, #793 ) ;
#100 = CARTESIAN_POINT ( 'NONE',  ( 118.0000000000000142, 63.00000000000000000, 12.50000000000000355 ) ) ;
#101 = FACE_OUTER_BOUND ( 'NONE', #729, .T. ) ;
#102 = EDGE_CURVE ( 'NONE', #3686, #3597, #3001, .T. ) ;
#103 = EDGE_CURVE ( 'NONE', #3331, #4135, #572, .T. ) ;
#104 = ADVANCED_FACE ( 'NONE', ( #3902 ), #545, .T. ) ;
#105 = ORIENTED_EDGE ( 'NONE', *, *, #2415, .F. ) ;
#106 = ORIENTED_EDGE ( 'NONE', *, *, #3070, .T. ) ;
#107 = DIRECTION ( 'NONE',  ( 0.000000000000000000, -1.000000000000000000, 0.000000000000000000 ) ) ;
#108 = DIRECTION ( 'NONE',  ( -1.000000000000000000, 0.000000000000000000, 0.000000000000000000 ) ) ;
#109 = CARTESIAN_POINT ( 'NONE',  ( 2.000000000000001776, 60.62488094968134789, 1.699999999999999289 ) ) ;
#110 = AXIS2_PLACEMENT_3D ( 'NONE', #1466, #1761, #670 ) ;
#111 = ORIENTED_EDGE ( 'NONE', *, *, #2565, .T. ) ;
#112 = VECTOR ( 'NONE', #4774, 1000.000000000000000 ) ;
#113 = VERTEX_POINT ( 'NONE', #1717 ) ;
#114 = ADVANCED_FACE ( 'NONE', ( #4659 ), #3578, .T. ) ;
#115 = CARTESIAN_POINT ( 'NONE',  ( 84.60000000000000853, 2.000000000000000000, 31.74999999999999289 ) ) ;
#116 = EDGE_CURVE ( 'NONE', #129, #4103, #1209, .T. ) ;
#117 = EDGE_CURVE ( 'NONE', #2924, #558, #4358, .T. ) ;
#118 = VECTOR ( 'NONE', #4512, 1000.000000000000000 ) ;
#119 = EDGE_CURVE ( 'NONE', #113, #3199, #900, .T. ) ;
#120 = ORIENTED_EDGE ( 'NONE', *, *, #1445, .T. ) ;
#121 = ORIENTED_EDGE ( 'NONE', *, *, #3379, .F. ) ;
#122 = AXIS2_PLACEMENT_3D ( 'NONE', #1565, #2695, #1249 ) ;
#123 = CARTESIAN_POINT ( 'NONE',  ( 113.9999999999999858, 32.00000000000000000, 12.50000000000000355 ) ) ;
#124 = CARTESIAN_POINT ( 'NONE',  ( 126.5716306148988224, 14.26641005886703795, -33.56573950763927883 ) ) ;
#125 = CARTESIAN_POINT ( 'NONE',  ( 1.000000000000000000, 40.25000000000000711, -5.999999999999992006 ) ) ;
#126 = CARTESIAN_POINT ( 'NONE',  ( 0.000000000000000000, 33.00000000000000000, 13.50000000000001954 ) ) ;
#127 = CARTESIAN_POINT ( 'NONE',  ( 117.7320508075688821, -1.380187778610362011E-15, 12.49999999999999645 ) ) ;
#128 = EDGE_CURVE ( 'NONE', #2110, #723, #1378, .T. ) ;
#129 = VERTEX_POINT ( 'NONE', #1740 ) ;
#130 = DIRECTION ( 'NONE',  ( 0.000000000000000000, -4.336808689941893885E-15, -1.000000000000000000 ) ) ;
#131 = CARTESIAN_POINT ( 'NONE',  ( 116.4383232739548362, 58.16525741862354693, 11.22080089824092219 ) ) ;
#132 = CARTESIAN_POINT ( 'NONE',  ( 118.0000000000000142, 63.00000000000001421, -42.49999999999998579 ) ) ;
#133 = ORIENTED_EDGE ( 'NONE', *, *, #3588, .F. ) ;
#134 = ORIENTED_EDGE ( 'NONE', *, *, #1233, .F. ) ;
#135 = CARTESIAN_POINT ( 'NONE',  ( 44.99999999999998579, 45.00000000000004974, -28.99999999999999289 ) ) ;
#136 = CARTESIAN_POINT ( 'NONE',  ( 126.5716306148988224, 4.730996777863603064, -33.56573950764021674 ) ) ;
#137 = FACE_OUTER_BOUND ( 'NONE', #3918, .T. ) ;
#138 = ORIENTED_EDGE ( 'NONE', *, *, #1848, .T. ) ;
#139 = VERTEX_POINT ( 'NONE', #3335 ) ;
#140 = EDGE_CURVE ( 'NONE', #3217, #86, #819, .T. ) ;
#141 = LINE ( 'NONE', #3838, #3996 ) ;
#142 = ORIENTED_EDGE ( 'NONE', *, *, #4085, .T. ) ;
#143 = EDGE_CURVE ( 'NONE', #3819, #15, #715, .T. ) ;
#144 = ORIENTED_EDGE ( 'NONE', *, *, #4085, .F. ) ;
#145 = PLANE ( 'NONE',  #1754 ) ;
#146 = DIRECTION ( 'NONE',  ( 0.000000000000000000, 1.000000000000000000, -0.000000000000000000 ) ) ;
#147 = DIRECTION ( 'NONE',  ( 0.000000000000000000, -1.000000000000000000, 0.000000000000000000 ) ) ;
#148 = DIRECTION ( 'NONE',  ( 0.000000000000000000, -2.478176394252582127E-16, -1.000000000000000000 ) ) ;
#149 = DIRECTION ( 'NONE',  ( 0.000000000000000000, 0.000000000000000000, 1.000000000000000000 ) ) ;
#150 = ORIENTED_EDGE ( 'NONE', *, *, #1127, .T. ) ;
#151 = CARTESIAN_POINT ( 'NONE',  ( 3.000000000000030198, 56.00000000000000000, -3.077037206368541611 ) ) ;
#152 = CARTESIAN_POINT ( 'NONE',  ( 126.5716306148988224, 4.730996777863603064, -33.56573950764021674 ) ) ;
#153 = LINE ( 'NONE', #1643, #1811 ) ;
#154 = ORIENTED_EDGE ( 'NONE', *, *, #256, .F. ) ;
#155 = ORIENTED_EDGE ( 'NONE', *, *, #3169, .T. ) ;
#156 = CARTESIAN_POINT ( 'NONE',  ( 0.000000000000000000, 2.000000000000029310, 47.16926539601615787 ) ) ;
#157 = VECTOR ( 'NONE', #1958, 1000.000000000000000 ) ;
#158 = CYLINDRICAL_SURFACE ( 'NONE', #1423, 26.00000000000001421 ) ;
#159 = CARTESIAN_POINT ( 'NONE',  ( 117.5494877179972946, 57.34314575050760254, 11.50000000000000178 ) ) ;
#160 = AXIS2_PLACEMENT_3D ( 'NONE', #2655, #4111, #1532 ) ;
#161 = VECTOR ( 'NONE', #4660, 999.9999999999998863 ) ;
#162 = ORIENTED_EDGE ( 'NONE', *, *, #1704, .T. ) ;
#163 = ORIENTED_EDGE ( 'NONE', *, *, #3478, .F. ) ;
#164 = CARTESIAN_POINT ( 'NONE',  ( 115.0000000000000000, 27.05499999999998906, -57.25000000000000000 ) ) ;
#165 = AXIS2_PLACEMENT_3D ( 'NONE', #3941, #605, #1343 ) ;
#166 = EDGE_CURVE ( 'NONE', #4734, #2737, #741, .T. ) ;
#167 = CIRCLE ( 'NONE', #4074, 1.000000000000000888 ) ;
#168 = VERTEX_POINT ( 'NONE', #3976 ) ;
#169 = AXIS2_PLACEMENT_3D ( 'NONE', #4549, #1199, #1859 ) ;
#170 = ORIENTED_EDGE ( 'NONE', *, *, #61, .F. ) ;
#171 = ADVANCED_FACE ( 'NONE', ( #2573 ), #3264, .T. ) ;
#172 = CARTESIAN_POINT ( 'NONE',  ( 0.000000000000000000, 26.65000000000000213, -33.25479946839506340 ) ) ;
#173 = DIRECTION ( 'NONE',  ( -0.000000000000000000, -1.000000000000000000, 0.000000000000000000 ) ) ;
#174 = LINE ( 'NONE', #4056, #4461 ) ;
#175 = AXIS2_PLACEMENT_3D ( 'NONE', #4050, #1384, #3615 ) ;
#176 = CARTESIAN_POINT ( 'NONE',  ( 116.8660254037844481, -1.321694076934709613E-15, 11.99999999999999645 ) ) ;
#177 = CIRCLE ( 'NONE', #4633, 1.000000000000000888 ) ;
#178 = AXIS2_PLACEMENT_3D ( 'NONE', #395, #3096, #4662 ) ;
#179 = CARTESIAN_POINT ( 'NONE',  ( 30.39999999999999858, -3.000000000000000000, 25.74999999999999645 ) ) ;
#180 = ADVANCED_FACE ( 'NONE', ( #2202 ), #2103, .T. ) ;
#181 = CARTESIAN_POINT ( 'NONE',  ( 119.0000000000000142, 27.05499999999998906, -59.75000000000000711 ) ) ;
#182 = CARTESIAN_POINT ( 'NONE',  ( 116.0879644085642468, 58.09139463007351623, 11.53970099223625922 ) ) ;
#183 = CARTESIAN_POINT ( 'NONE',  ( 0.000000000000000000, 38.25000000000000711, 0.000000000000000000 ) ) ;
#184 = EDGE_CURVE ( 'NONE', #2782, #1308, #3606, .T. ) ;
#185 = ORIENTED_EDGE ( 'NONE', *, *, #1191, .F. ) ;
#186 = ORIENTED_EDGE ( 'NONE', *, *, #1672, .F. ) ;
#187 = DIRECTION ( 'NONE',  ( 0.000000000000000000, 2.523234146875356491E-16, -1.000000000000000000 ) ) ;
#188 = DIRECTION ( 'NONE',  ( 0.000000000000000000, 0.000000000000000000, 1.000000000000000000 ) ) ;
#189 = PLANE ( 'NONE',  #1498 ) ;
#190 = ORIENTED_EDGE ( 'NONE', *, *, #3435, .F. ) ;
#191 = EDGE_CURVE ( 'NONE', #3540, #4367, #296, .T. ) ;
#192 = VERTEX_POINT ( 'NONE', #4021 ) ;
#193 = LINE ( 'NONE', #1683, #3453 ) ;
#194 = AXIS2_PLACEMENT_3D ( 'NONE', #3140, #961, #3558 ) ;
#195 = ORIENTED_EDGE ( 'NONE', *, *, #3803, .F. ) ;
#196 = ORIENTED_EDGE ( 'NONE', *, *, #2368, .T. ) ;
#197 = DIRECTION ( 'NONE',  ( 0.7071067811865475727, 0.000000000000000000, 0.7071067811865475727 ) ) ;
#198 = FACE_OUTER_BOUND ( 'NONE', #539, .T. ) ;
#199 = AXIS2_PLACEMENT_3D ( 'NONE', #2907, #4105, #2257 ) ;
#200 = CARTESIAN_POINT ( 'NONE',  ( 1.000000000000000000, 57.00000000000000000, 13.50000000000001954 ) ) ;
#201 = CARTESIAN_POINT ( 'NONE',  ( 108.0000000000000711, 46.99999999999995737, -18.99999999999992539 ) ) ;
#202 = CIRCLE ( 'NONE', #516, 1.000000000000000888 ) ;
#203 = CARTESIAN_POINT ( 'NONE',  ( 116.0000000000000000, 58.00000000000000000, 13.50000000000000533 ) ) ;
#204 = DIRECTION ( 'NONE',  ( 1.000000000000000000, 0.000000000000000000, 0.000000000000000000 ) ) ;
#205 = CARTESIAN_POINT ( 'NONE',  ( 117.3798257801399529, 58.27890339568052269, 10.85292553820806916 ) ) ;
#206 = EDGE_CURVE ( 'NONE', #24, #4842, #3241, .T. ) ;
#207 = DIRECTION ( 'NONE',  ( 0.000000000000000000, 1.000000000000000000, 0.000000000000000000 ) ) ;
#208 = ORIENTED_EDGE ( 'NONE', *, *, #2313, .T. ) ;
#209 = EDGE_LOOP ( 'NONE', ( #1019, #3413, #3500, #4516 ) ) ;
#210 = DIRECTION ( 'NONE',  ( -1.000000000000000000, 6.938893903907227589E-15, 6.938893903907221278E-15 ) ) ;
#211 = DIRECTION ( 'NONE',  ( -1.000000000000000000, 0.000000000000000000, 0.000000000000000000 ) ) ;
#212 = DIRECTION ( 'NONE',  ( 0.000000000000000000, -1.000000000000000000, 0.000000000000000000 ) ) ;
#213 = EDGE_LOOP ( 'NONE', ( #4340, #756, #4303, #2208 ) ) ;
#214 = ORIENTED_EDGE ( 'NONE', *, *, #4582, .F. ) ;
#215 = DIRECTION ( 'NONE',  ( 1.000000000000000000, 0.000000000000000000, -0.000000000000000000 ) ) ;
#216 = ORIENTED_EDGE ( 'NONE', *, *, #2623, .T. ) ;
#217 = ORIENTED_EDGE ( 'NONE', *, *, #4556, .F. ) ;
#218 = CARTESIAN_POINT ( 'NONE',  ( 118.5857864376269220, 39.55499999999999261, -69.24999999999998579 ) ) ;
#219 = LINE ( 'NONE', #1713, #1268 ) ;
#220 = DIRECTION ( 'NONE',  ( 0.000000000000000000, 0.000000000000000000, 1.000000000000000000 ) ) ;
#221 = EDGE_CURVE ( 'NONE', #1071, #1512, #2497, .T. ) ;
#222 =( NAMED_UNIT ( * ) SI_UNIT ( $, .STERADIAN. ) SOLID_ANGLE_UNIT ( ) );
#223 = CARTESIAN_POINT ( 'NONE',  ( 2.000000000000000000, 29.00000000000000000, 0.000000000000000000 ) ) ;
#224 = DIRECTION ( 'NONE',  ( -0.7071067811865474617, 0.7071067811865474617, 0.000000000000000000 ) ) ;
#225 = DIRECTION ( 'NONE',  ( 0.000000000000000000, 0.000000000000000000, 1.000000000000000000 ) ) ;
#226 = CARTESIAN_POINT ( 'NONE',  ( 113.9999999999999858, 56.00000000000000000, 12.50000000000000355 ) ) ;
#227 = ORIENTED_EDGE ( 'NONE', *, *, #2675, .F. ) ;
#228 = ORIENTED_EDGE ( 'NONE', *, *, #1287, .F. ) ;
#229 = CARTESIAN_POINT ( 'NONE',  ( 126.5716306148988224, 6.500000000000000000, -33.25474111729089088 ) ) ;
#230 = DIRECTION ( 'NONE',  ( 1.000000000000000000, -0.000000000000000000, 0.000000000000000000 ) ) ;
#231 = LINE ( 'NONE', #2508, #1257 ) ;
#232 = ORIENTED_EDGE ( 'NONE', *, *, #2504, .T. ) ;
#233 = AXIS2_PLACEMENT_3D ( 'NONE', #2163, #1503, #2236 ) ;
#234 = ORIENTED_EDGE ( 'NONE', *, *, #1986, .T. ) ;
#235 = CARTESIAN_POINT ( 'NONE',  ( 0.000000000000000000, 24.74999999999999645, -33.25479946839506340 ) ) ;
#236 = CIRCLE ( 'NONE', #74, 1.000000000000000888 ) ;
#237 = VERTEX_POINT ( 'NONE', #4431 ) ;
#238 = ORIENTED_EDGE ( 'NONE', *, *, #4254, .T. ) ;
#239 = AXIS2_PLACEMENT_3D ( 'NONE', #3887, #1653, #4615 ) ;
#240 = CIRCLE ( 'NONE', #3757, 1.000000000000000888 ) ;
#241 = CARTESIAN_POINT ( 'NONE',  ( 1.000000000000000000, 39.25000000000000711, -5.999999999999992006 ) ) ;
#242 = CARTESIAN_POINT ( 'NONE',  ( 116.0000000000000000, 32.00000000000000000, 14.50000000000000355 ) ) ;
#243 = DIRECTION ( 'NONE',  ( 0.000000000000000000, 0.000000000000000000, 1.000000000000000000 ) ) ;
#244 = VECTOR ( 'NONE', #2526, 1000.000000000000000 ) ;
#245 = AXIS2_PLACEMENT_3D ( 'NONE', #3389, #1082, #2557 ) ;
#246 = PRODUCT_DEFINITION_FORMATION_WITH_SPECIFIED_SOURCE ( 'ANY', '', #4413, .NOT_KNOWN. ) ;
#247 = ADVANCED_FACE ( 'NONE', ( #3313 ), #2550, .F. ) ;
#248 = DIRECTION ( 'NONE',  ( 1.000000000000000000, -0.000000000000000000, -0.000000000000000000 ) ) ;
#249 = CYLINDRICAL_SURFACE ( 'NONE', #714, 1.000000000000000888 ) ;
#250 = DIRECTION ( 'NONE',  ( 0.000000000000000000, 1.000000000000000000, -0.000000000000000000 ) ) ;
#251 = CIRCLE ( 'NONE', #1734, 1.000000000000000000 ) ;
#252 = FACE_OUTER_BOUND ( 'NONE', #3614, .T. ) ;
#253 = CIRCLE ( 'NONE', #2126, 1.000000000000000888 ) ;
#254 = ORIENTED_EDGE ( 'NONE', *, *, #4809, .F. ) ;
#255 = ORIENTED_EDGE ( 'NONE', *, *, #2874, .F. ) ;
#256 = EDGE_CURVE ( 'NONE', #3028, #4103, #4025, .T. ) ;
#257 = LINE ( 'NONE', #2878, #4630 ) ;
#258 = CARTESIAN_POINT ( 'NONE',  ( 117.0000000000000000, 56.00000000000000000, 0.000000000000000000 ) ) ;
#259 = ADVANCED_FACE ( 'NONE', ( #346 ), #693, .T. ) ;
#260 = EDGE_CURVE ( 'NONE', #1786, #3129, #4063, .T. ) ;
#261 = ORIENTED_EDGE ( 'NONE', *, *, #3672, .F. ) ;
#262 = VERTEX_POINT ( 'NONE', #738 ) ;
#263 = CARTESIAN_POINT ( 'NONE',  ( 1.000000000000000222, 57.00000000000000000, 14.50000000000001776 ) ) ;
#264 = LINE ( 'NONE', #3623, #3925 ) ;
#265 = EDGE_CURVE ( 'NONE', #3703, #2335, #3820, .T. ) ;
#266 = ORIENTED_EDGE ( 'NONE', *, *, #1470, .T. ) ;
#267 = ORIENTED_EDGE ( 'NONE', *, *, #1943, .T. ) ;
#268 = ADVANCED_FACE ( 'NONE', ( #2987 ), #1198, .T. ) ;
#269 = DIRECTION ( 'NONE',  ( 0.000000000000000000, 0.000000000000000000, -1.000000000000000000 ) ) ;
#270 = EDGE_CURVE ( 'NONE', #4611, #2592, #1857, .T. ) ;
#271 = DIRECTION ( 'NONE',  ( 1.000000000000000000, 0.000000000000000000, -1.196361017915039486E-16 ) ) ;
#272 = LINE ( 'NONE', #2810, #2193 ) ;
#273 = ADVANCED_FACE ( 'NONE', ( #1493, #385 ), #440, .T. ) ;
#274 = VECTOR ( 'NONE', #3101, 1000.000000000000000 ) ;
#275 = DIRECTION ( 'NONE',  ( 0.000000000000000000, 0.000000000000000000, 1.000000000000000000 ) ) ;
#276 = DIRECTION ( 'NONE',  ( 0.000000000000000000, -1.734723475976805517E-15, -1.000000000000000000 ) ) ;
#277 = CARTESIAN_POINT ( 'NONE',  ( 117.5559382939929378, 57.33468407288729196, 11.51175532311028427 ) ) ;
#278 = FACE_OUTER_BOUND ( 'NONE', #4722, .T. ) ;
#279 = AXIS2_PLACEMENT_3D ( 'NONE', #2719, #4211, #4241 ) ;
#280 = ADVANCED_FACE ( 'NONE', ( #3055 ), #3352, .T. ) ;
#281 = EDGE_LOOP ( 'NONE', ( #3646, #3247, #2608, #3227, #4810, #4596, #3126 ) ) ;
#282 = VERTEX_POINT ( 'NONE', #3085 ) ;
#283 = CARTESIAN_POINT ( 'NONE',  ( 2.000000000000001776, 32.00000000000000000, 11.50000000000000000 ) ) ;
#284 = DIRECTION ( 'NONE',  ( -1.000000000000000000, 0.000000000000000000, -0.000000000000000000 ) ) ;
#285 = ORIENTED_EDGE ( 'NONE', *, *, #2571, .T. ) ;
#286 = EDGE_LOOP ( 'NONE', ( #1361, #1004, #3989, #2058 ) ) ;
#287 = DIRECTION ( 'NONE',  ( -0.000000000000000000, -0.000000000000000000, -1.000000000000000000 ) ) ;
#288 = LINE ( 'NONE', #4720, #2903 ) ;
#289 = EDGE_CURVE ( 'NONE', #1189, #3764, #3455, .T. ) ;
#290 = EDGE_LOOP ( 'NONE', ( #1286, #3248, #622, #1066 ) ) ;
#291 = ORIENTED_EDGE ( 'NONE', *, *, #2801, .F. ) ;
#292 = CARTESIAN_POINT ( 'NONE',  ( 126.5716306148988224, 14.09999999999999609, -33.25479946839504208 ) ) ;
#293 = LINE ( 'NONE', #3280, #3754 ) ;
#294 = DIRECTION ( 'NONE',  ( -0.000000000000000000, -1.000000000000000000, -0.000000000000000000 ) ) ;
#295 = EDGE_CURVE ( 'NONE', #4283, #1024, #93, .T. ) ;
#296 = LINE ( 'NONE', #1448, #350 ) ;
#297 = CARTESIAN_POINT ( 'NONE',  ( 119.0000000000000142, 31.50000000000000000, 4.299999999999998934 ) ) ;
#298 = CARTESIAN_POINT ( 'NONE',  ( 44.99999999999998579, 54.30000000000004690, -28.99999999999999289 ) ) ;
#299 = DIRECTION ( 'NONE',  ( 0.5773502691896368333, 0.5773502691896198469, 0.5773502691896206240 ) ) ;
#300 = ORIENTED_EDGE ( 'NONE', *, *, #614, .F. ) ;
#301 = ORIENTED_EDGE ( 'NONE', *, *, #4087, .F. ) ;
#302 = VECTOR ( 'NONE', #1481, 1000.000000000000000 ) ;
#303 = DIRECTION ( 'NONE',  ( 0.000000000000000000, 1.000000000000000000, -0.000000000000000000 ) ) ;
#304 = CARTESIAN_POINT ( 'NONE',  ( 4.814824860968089633E-32, 57.00000000000000000, 14.50000000000001776 ) ) ;
#305 = VERTEX_POINT ( 'NONE', #1096 ) ;
#306 = VERTEX_POINT ( 'NONE', #782 ) ;
#307 = DIRECTION ( 'NONE',  ( -1.000000000000000000, 0.000000000000000000, 8.260587980841940752E-16 ) ) ;
#308 = CARTESIAN_POINT ( 'NONE',  ( 80.40000000000000568, 1.000000000000000000, 33.85000000000000142 ) ) ;
#309 = DIRECTION ( 'NONE',  ( 0.000000000000000000, 0.000000000000000000, 1.000000000000000000 ) ) ;
#310 = ORIENTED_EDGE ( 'NONE', *, *, #3093, .F. ) ;
#311 = ORIENTED_EDGE ( 'NONE', *, *, #777, .T. ) ;
#312 = DIRECTION ( 'NONE',  ( 0.000000000000000000, 0.000000000000000000, -1.000000000000000000 ) ) ;
#313 = EDGE_CURVE ( 'NONE', #3568, #3028, #1164, .T. ) ;
#314 = AXIS2_PLACEMENT_3D ( 'NONE', #200, #4193, #2279 ) ;
#315 = FACE_OUTER_BOUND ( 'NONE', #1402, .T. ) ;
#316 = CARTESIAN_POINT ( 'NONE',  ( 0.000000000000000000, 14.09999999999999609, -33.25479946839504208 ) ) ;
#317 = EDGE_CURVE ( 'NONE', #1453, #1228, #975, .T. ) ;
#318 = VECTOR ( 'NONE', #3157, 1000.000000000000000 ) ;
#319 = AXIS2_PLACEMENT_3D ( 'NONE', #1397, #2946, #2498 ) ;
#320 = DIRECTION ( 'NONE',  ( 0.000000000000000000, -1.000000000000000000, 0.000000000000000000 ) ) ;
#321 = LINE ( 'NONE', #1814, #390 ) ;
#322 = DIRECTION ( 'NONE',  ( 1.000000000000000000, 0.000000000000000000, 0.000000000000000000 ) ) ;
#323 = PLANE ( 'NONE',  #92 ) ;
#324 = VECTOR ( 'NONE', #3785, 1000.000000000000000 ) ;
#325 = CIRCLE ( 'NONE', #4706, 1.000000000000000888 ) ;
#326 = EDGE_CURVE ( 'NONE', #1640, #2459, #4160, .T. ) ;
#327 = ORIENTED_EDGE ( 'NONE', *, *, #1652, .F. ) ;
#328 = CIRCLE ( 'NONE', #3059, 1.000000000000000888 ) ;
#329 = ORIENTED_EDGE ( 'NONE', *, *, #2861, .F. ) ;
#330 = ADVANCED_FACE ( 'NONE', ( #4501 ), #3745, .T. ) ;
#331 = DIRECTION ( 'NONE',  ( 0.000000000000000000, 0.000000000000000000, 1.000000000000000000 ) ) ;
#332 = FACE_OUTER_BOUND ( 'NONE', #4049, .T. ) ;
#333 = ADVANCED_FACE ( 'NONE', ( #2638, #2268 ), #835, .T. ) ;
#334 = AXIS2_PLACEMENT_3D ( 'NONE', #1865, #1888, #2626 ) ;
#335 = EDGE_CURVE ( 'NONE', #2023, #3290, #4726, .T. ) ;
#336 = ORIENTED_EDGE ( 'NONE', *, *, #2615, .F. ) ;
#337 = VECTOR ( 'NONE', #4551, 1000.000000000000000 ) ;
#338 = ORIENTED_EDGE ( 'NONE', *, *, #1414, .T. ) ;
#339 = CARTESIAN_POINT ( 'NONE',  ( 115.0000000000000000, 2.000000000000000000, 0.000000000000000000 ) ) ;
#340 = CARTESIAN_POINT ( 'NONE',  ( 113.9999999999999858, 32.00000000000000000, 12.50000000000000355 ) ) ;
#341 = CARTESIAN_POINT ( 'NONE',  ( 119.0000000000000426, 39.14078643762690035, -42.08578643762689353 ) ) ;
#342 = VERTEX_POINT ( 'NONE', #3030 ) ;
#343 = ORIENTED_EDGE ( 'NONE', *, *, #831, .T. ) ;
#344 = FACE_OUTER_BOUND ( 'NONE', #3893, .T. ) ;
#345 = DIRECTION ( 'NONE',  ( 0.000000000000000000, 0.000000000000000000, 1.000000000000000000 ) ) ;
#346 = FACE_OUTER_BOUND ( 'NONE', #2503, .T. ) ;
#347 = CARTESIAN_POINT ( 'NONE',  ( 117.0000000000000000, 7.000000000000000000, 0.000000000000000000 ) ) ;
#348 = CARTESIAN_POINT ( 'NONE',  ( 1.000000000000000000, 32.00000000000000000, 13.50000000000001954 ) ) ;
#349 = DIRECTION ( 'NONE',  ( 0.000000000000000000, 0.000000000000000000, -1.000000000000000000 ) ) ;
#350 = VECTOR ( 'NONE', #248, 1000.000000000000000 ) ;
#351 = ORIENTED_EDGE ( 'NONE', *, *, #663, .F. ) ;
#352 = ORIENTED_EDGE ( 'NONE', *, *, #4547, .F. ) ;
#353 = CARTESIAN_POINT ( 'NONE',  ( 80.40000000000000568, 2.000000000000000000, 31.74999999999999289 ) ) ;
#354 = CYLINDRICAL_SURFACE ( 'NONE', #2353, 1.000000000000000888 ) ;
#355 = CIRCLE ( 'NONE', #1681, 1.000000000000000888 ) ;
#356 = ORIENTED_EDGE ( 'NONE', *, *, #3592, .F. ) ;
#357 = VECTOR ( 'NONE', #1166, 1000.000000000000000 ) ;
#358 = ORIENTED_EDGE ( 'NONE', *, *, #690, .F. ) ;
#359 = DIRECTION ( 'NONE',  ( 1.000000000000000000, 0.000000000000000000, 0.000000000000000000 ) ) ;
#360 = CARTESIAN_POINT ( 'NONE',  ( 84.60000000000000853, 2.000000000000000000, 35.95000000000000284 ) ) ;
#361 = DIRECTION ( 'NONE',  ( 0.000000000000000000, 0.000000000000000000, 1.000000000000000000 ) ) ;
#362 = EDGE_LOOP ( 'NONE', ( #1221, #3865, #655, #1159, #1501 ) ) ;
#363 = EDGE_LOOP ( 'NONE', ( #2653, #2046, #3104, #3493 ) ) ;
#364 = CARTESIAN_POINT ( 'NONE',  ( 115.0000000000000000, 26.65000000000000213, -33.25479946839506340 ) ) ;
#365 = CARTESIAN_POINT ( 'NONE',  ( 107.0000000000000142, 32.34999999999999432, -32.65294628269511890 ) ) ;
#366 = ADVANCED_FACE ( 'NONE', ( #809 ), #2291, .F. ) ;
#367 = DIRECTION ( 'NONE',  ( -0.000000000000000000, 1.000000000000000000, 0.000000000000000000 ) ) ;
#368 = DIRECTION ( 'NONE',  ( -0.8660254037844418162, 0.000000000000000000, -0.4999999999999946709 ) ) ;
#369 = CYLINDRICAL_SURFACE ( 'NONE', #952, 1.000000000000000888 ) ;
#370 = CARTESIAN_POINT ( 'NONE',  ( 1.000000000000000000, 57.00000000000000000, -3.999999999999989786 ) ) ;
#371 = ADVANCED_FACE ( 'NONE', ( #2316 ), #2226, .T. ) ;
#372 = VERTEX_POINT ( 'NONE', #907 ) ;
#373 = ORIENTED_EDGE ( 'NONE', *, *, #2663, .T. ) ;
#374 = FACE_OUTER_BOUND ( 'NONE', #2194, .T. ) ;
#375 = FACE_BOUND ( 'NONE', #455, .T. ) ;
#376 = EDGE_CURVE ( 'NONE', #459, #342, #1751, .T. ) ;
#377 = ORIENTED_EDGE ( 'NONE', *, *, #2096, .F. ) ;
#378 = VERTEX_POINT ( 'NONE', #2450 ) ;
#379 = PLANE ( 'NONE',  #2146 ) ;
#380 = CARTESIAN_POINT ( 'NONE',  ( 119.0000000000000142, 0.2999999999999945488, -41.49999999999999289 ) ) ;
#381 = EDGE_LOOP ( 'NONE', ( #1458, #1897, #1272 ) ) ;
#382 = ORIENTED_EDGE ( 'NONE', *, *, #4670, .F. ) ;
#383 = DIRECTION ( 'NONE',  ( -1.000000000000000000, 0.000000000000000000, 0.000000000000000000 ) ) ;
#384 = CIRCLE ( 'NONE', #2185, 1.000000000000000888 ) ;
#385 = FACE_OUTER_BOUND ( 'NONE', #3714, .T. ) ;
#386 = LINE ( 'NONE', #3425, #2829 ) ;
#387 = DIRECTION ( 'NONE',  ( 0.000000000000000000, -1.000000000000000000, 0.000000000000000000 ) ) ;
#388 = CARTESIAN_POINT ( 'NONE',  ( 0.000000000000000000, 33.00000000000000000, 0.6999999999999995115 ) ) ;
#389 = AXIS2_PLACEMENT_3D ( 'NONE', #2784, #2312, #4282 ) ;
#390 = VECTOR ( 'NONE', #2869, 1000.000000000000000 ) ;
#391 = DIRECTION ( 'NONE',  ( 1.000000000000000000, 0.000000000000000000, 0.000000000000000000 ) ) ;
#392 = EDGE_CURVE ( 'NONE', #3129, #4069, #3661, .T. ) ;
#393 = ORIENTED_EDGE ( 'NONE', *, *, #317, .T. ) ;
#394 = AXIS2_PLACEMENT_3D ( 'NONE', #1157, #2587, #4795 ) ;
#395 = CARTESIAN_POINT ( 'NONE',  ( 115.0000000000000000, 24.75000000000000711, -33.45479946839506624 ) ) ;
#396 = DIRECTION ( 'NONE',  ( 0.000000000000000000, 0.000000000000000000, -1.000000000000000000 ) ) ;
#397 = CIRCLE ( 'NONE', #1800, 13.99999999999999822 ) ;
#398 = AXIS2_PLACEMENT_3D ( 'NONE', #2620, #41, #3353 ) ;
#399 = EDGE_LOOP ( 'NONE', ( #3908, #517, #1790, #575 ) ) ;
#400 = ORIENTED_EDGE ( 'NONE', *, *, #3969, .T. ) ;
#401 = EDGE_CURVE ( 'NONE', #3678, #2135, #3397, .T. ) ;
#402 = AXIS2_PLACEMENT_3D ( 'NONE', #4835, #4465, #4169 ) ;
#403 = LINE ( 'NONE', #4398, #4813 ) ;
#404 = DIRECTION ( 'NONE',  ( 0.000000000000000000, 0.000000000000000000, -1.000000000000000000 ) ) ;
#405 = DIRECTION ( 'NONE',  ( 0.000000000000000000, 0.000000000000000000, -1.000000000000000000 ) ) ;
#406 = AXIS2_PLACEMENT_3D ( 'NONE', #1736, #1026, #609 ) ;
#407 = ADVANCED_FACE ( 'NONE', ( #2739 ), #3133, .F. ) ;
#408 = VECTOR ( 'NONE', #3011, 1000.000000000000000 ) ;
#409 = ORIENTED_EDGE ( 'NONE', *, *, #2891, .F. ) ;
#410 = EDGE_LOOP ( 'NONE', ( #4693, #1839, #2929, #16 ) ) ;
#411 = EDGE_CURVE ( 'NONE', #2699, #1162, #2222, .T. ) ;
#412 = DIRECTION ( 'NONE',  ( -0.000000000000000000, 1.000000000000000000, -0.000000000000000000 ) ) ;
#413 = ORIENTED_EDGE ( 'NONE', *, *, #1514, .F. ) ;
#414 = EDGE_CURVE ( 'NONE', #4626, #1735, #4285, .T. ) ;
#415 = EDGE_CURVE ( 'NONE', #4688, #965, #3789, .T. ) ;
#416 = DIRECTION ( 'NONE',  ( 0.000000000000000000, -0.000000000000000000, -1.000000000000000000 ) ) ;
#417 = LINE ( 'NONE', #1902, #4625 ) ;
#418 = SPHERICAL_SURFACE ( 'NONE', #2359, 1.000000000000000000 ) ;
#419 = FACE_OUTER_BOUND ( 'NONE', #3562, .T. ) ;
#420 = CARTESIAN_POINT ( 'NONE',  ( 0.000000000000000000, 1.000000000000000000, 35.95000000000000284 ) ) ;
#421 = VERTEX_POINT ( 'NONE', #2080 ) ;
#422 = CARTESIAN_POINT ( 'NONE',  ( 165.3324686416905536, -0.7000000000000023981, -69.24999999999998579 ) ) ;
#423 = CARTESIAN_POINT ( 'NONE',  ( 62.39999999999999858, 55.30000000000004690, -27.99999999999999645 ) ) ;
#424 = EDGE_CURVE ( 'NONE', #563, #4123, #3005, .T. ) ;
#425 = ADVANCED_FACE ( 'NONE', ( #3479 ), #4727, .T. ) ;
#426 = AXIS2_PLACEMENT_3D ( 'NONE', #1424, #2919, #3997 ) ;
#427 = VERTEX_POINT ( 'NONE', #3504 ) ;
#428 = EDGE_LOOP ( 'NONE', ( #1284, #2311 ) ) ;
#429 = VECTOR ( 'NONE', #2239, 1000.000000000000000 ) ;
#430 = DIRECTION ( 'NONE',  ( 0.000000000000000000, 1.000000000000000000, 1.101411730778925047E-16 ) ) ;
#431 = DIRECTION ( 'NONE',  ( 0.000000000000000000, 0.000000000000000000, 1.000000000000000000 ) ) ;
#432 = DIRECTION ( 'NONE',  ( 0.000000000000000000, 0.000000000000000000, -1.000000000000000000 ) ) ;
#433 = EDGE_CURVE ( 'NONE', #3540, #282, #1319, .T. ) ;
#434 = VECTOR ( 'NONE', #3802, 1000.000000000000000 ) ;
#435 = EDGE_LOOP ( 'NONE', ( #228, #2013, #3372, #2629, #2554 ) ) ;
#436 = ORIENTED_EDGE ( 'NONE', *, *, #3169, .F. ) ;
#437 = CARTESIAN_POINT ( 'NONE',  ( 119.0000000000000142, -2.000000000000001776, -0.7287565553229600201 ) ) ;
#438 = ADVANCED_FACE ( 'NONE', ( #4235, #2712, #4597 ), #145, .T. ) ;
#439 = ORIENTED_EDGE ( 'NONE', *, *, #4497, .T. ) ;
#440 = PLANE ( 'NONE',  #511 ) ;
#441 = LINE ( 'NONE', #739, #1655 ) ;
#442 = LINE ( 'NONE', #3426, #1758 ) ;
#443 = CARTESIAN_POINT ( 'NONE',  ( 119.0000000000000142, 4.999999999999969802, -30.00000000000002842 ) ) ;
#444 = DIRECTION ( 'NONE',  ( 0.000000000000000000, -2.478176394252582127E-16, -1.000000000000000000 ) ) ;
#445 = DIRECTION ( 'NONE',  ( 1.000000000000000000, -0.000000000000000000, -0.000000000000000000 ) ) ;
#446 = ORIENTED_EDGE ( 'NONE', *, *, #119, .F. ) ;
#447 = LINE ( 'NONE', #471, #1495 ) ;
#448 = CYLINDRICAL_SURFACE ( 'NONE', #2280, 1.199999999999999734 ) ;
#449 = CARTESIAN_POINT ( 'NONE',  ( 0.000000000000000000, 57.00000000000000000, -29.99999999999999645 ) ) ;
#450 = ORIENTED_EDGE ( 'NONE', *, *, #978, .T. ) ;
#451 = ORIENTED_EDGE ( 'NONE', *, *, #1703, .T. ) ;
#452 = CARTESIAN_POINT ( 'NONE',  ( 115.0000000000000000, 6.500000000000000000, -33.25474111729089088 ) ) ;
#453 = LINE ( 'NONE', #1937, #2671 ) ;
#454 = CARTESIAN_POINT ( 'NONE',  ( 84.60000000000000853, -3.000000000000000000, 33.85000000000000142 ) ) ;
#455 = EDGE_LOOP ( 'NONE', ( #3472, #3656, #84, #4545 ) ) ;
#456 = ORIENTED_EDGE ( 'NONE', *, *, #6, .T. ) ;
#457 = VECTOR ( 'NONE', #287, 1000.000000000000000 ) ;
#458 = CARTESIAN_POINT ( 'NONE',  ( 1.000000000000000000, 58.00000000000000000, 0.000000000000000000 ) ) ;
#459 = VERTEX_POINT ( 'NONE', #2807 ) ;
#460 = ORIENTED_EDGE ( 'NONE', *, *, #103, .T. ) ;
#461 = EDGE_CURVE ( 'NONE', #3597, #3571, #2787, .T. ) ;
#462 = DIRECTION ( 'NONE',  ( 0.000000000000000000, -1.000000000000000000, 0.000000000000000000 ) ) ;
#463 = DIRECTION ( 'NONE',  ( -0.000000000000000000, 1.000000000000000000, -0.000000000000000000 ) ) ;
#464 = FACE_OUTER_BOUND ( 'NONE', #795, .T. ) ;
#465 = EDGE_CURVE ( 'NONE', #1531, #2753, #669, .T. ) ;
#466 = DIRECTION ( 'NONE',  ( 0.000000000000000000, 0.000000000000000000, -1.000000000000000000 ) ) ;
#467 = EDGE_CURVE ( 'NONE', #3758, #3349, #4652, .T. ) ;
#468 = CARTESIAN_POINT ( 'NONE',  ( 115.0000000000000000, 0.000000000000000000, 0.000000000000000000 ) ) ;
#469 = LINE ( 'NONE', #3138, #2077 ) ;
#470 = ORIENTED_EDGE ( 'NONE', *, *, #2220, .T. ) ;
#471 = CARTESIAN_POINT ( 'NONE',  ( 107.6666666666667140, 16.33333333333342097, -18.66666666666658259 ) ) ;
#472 = DIRECTION ( 'NONE',  ( -0.000000000000000000, 0.9996774502997662903, 0.02539675889081776175 ) ) ;
#473 = DIRECTION ( 'NONE',  ( 1.000000000000000000, -0.000000000000000000, -0.000000000000000000 ) ) ;
#474 = VECTOR ( 'NONE', #4430, 1000.000000000000000 ) ;
#475 = ADVANCED_FACE ( 'NONE', ( #1245 ), #3921, .T. ) ;
#476 = ORIENTED_EDGE ( 'NONE', *, *, #2138, .T. ) ;
#477 = AXIS2_PLACEMENT_3D ( 'NONE', #4445, #2633, #732 ) ;
#478 = ADVANCED_FACE ( 'NONE', ( #1459 ), #2167, .F. ) ;
#479 = AXIS2_PLACEMENT_3D ( 'NONE', #2085, #1718, #3903 ) ;
#480 = ORIENTED_EDGE ( 'NONE', *, *, #1116, .T. ) ;
#481 = ADVANCED_FACE ( 'NONE', ( #771 ), #4817, .F. ) ;
#482 = DIRECTION ( 'NONE',  ( 0.000000000000000000, -1.000000000000000000, 0.000000000000000000 ) ) ;
#483 = LINE ( 'NONE', #3517, #9 ) ;
#484 = CARTESIAN_POINT ( 'NONE',  ( 165.3324686416905536, 27.05499999999998906, -57.25000000000000000 ) ) ;
#485 = AXIS2_PLACEMENT_3D ( 'NONE', #3828, #1568, #2384 ) ;
#486 = ADVANCED_FACE ( 'NONE', ( #4701 ), #902, .F. ) ;
#487 = VECTOR ( 'NONE', #2800, 1000.000000000000000 ) ;
#488 = ORIENTED_EDGE ( 'NONE', *, *, #1838, .F. ) ;
#489 = VECTOR ( 'NONE', #4716, 1000.000000000000000 ) ;
#490 = EDGE_LOOP ( 'NONE', ( #2532, #2513, #3198, #4322 ) ) ;
#491 = AXIS2_PLACEMENT_3D ( 'NONE', #4433, #2575, #4503 ) ;
#492 = DIRECTION ( 'NONE',  ( 0.000000000000000000, 1.000000000000000000, 0.000000000000000000 ) ) ;
#493 = VECTOR ( 'NONE', #1081, 1000.000000000000000 ) ;
#494 = EDGE_CURVE ( 'NONE', #305, #262, #1110, .T. ) ;
#495 = VERTEX_POINT ( 'NONE', #2539 ) ;
#496 = ORIENTED_EDGE ( 'NONE', *, *, #4632, .T. ) ;
#497 = DIRECTION ( 'NONE',  ( 0.000000000000000000, 0.000000000000000000, -1.000000000000000000 ) ) ;
#498 = CARTESIAN_POINT ( 'NONE',  ( 44.99999999999998579, 54.30000000000004690, -28.99999999999999289 ) ) ;
#499 = CARTESIAN_POINT ( 'NONE',  ( 119.0000000000000142, 27.05499999999998906, -62.25000000000000711 ) ) ;
#500 = CARTESIAN_POINT ( 'NONE',  ( 126.5716306148988224, 12.19999999999999929, -33.25479946839504919 ) ) ;
#501 = DIRECTION ( 'NONE',  ( 0.000000000000000000, -0.7071067811865479058, -0.7071067811865471286 ) ) ;
#502 = ORIENTED_EDGE ( 'NONE', *, *, #1055, .F. ) ;
#503 = DIRECTION ( 'NONE',  ( 0.000000000000000000, 1.000000000000000000, -0.000000000000000000 ) ) ;
#504 = CARTESIAN_POINT ( 'NONE',  ( 118.5857864376269077, 63.00000000000000711, -42.49999999999998579 ) ) ;
#505 = CARTESIAN_POINT ( 'NONE',  ( 115.5857864376269077, 57.58578643762690774, 14.50000000000000355 ) ) ;
#506 = ORIENTED_EDGE ( 'NONE', *, *, #3892, .F. ) ;
#507 = VERTEX_POINT ( 'NONE', #1409 ) ;
#508 = DIRECTION ( 'NONE',  ( 0.000000000000000000, 0.9996774502997662903, 0.02539675889081775828 ) ) ;
#509 = DIRECTION ( 'NONE',  ( 0.000000000000000000, 1.000000000000000000, 0.000000000000000000 ) ) ;
#510 = CARTESIAN_POINT ( 'NONE',  ( 118.0000000000000142, 48.00000000000000711, -41.49999999999997868 ) ) ;
#511 = AXIS2_PLACEMENT_3D ( 'NONE', #2228, #1946, #3008 ) ;
#512 = ORIENTED_EDGE ( 'NONE', *, *, #3029, .T. ) ;
#513 = CIRCLE ( 'NONE', #3638, 8.100000000000017408 ) ;
#514 = ORIENTED_EDGE ( 'NONE', *, *, #3800, .F. ) ;
#515 = CARTESIAN_POINT ( 'NONE',  ( 30.39999999999999858, 0.000000000000000000, 33.85000000000000142 ) ) ;
#516 = AXIS2_PLACEMENT_3D ( 'NONE', #3151, #2483, #4276 ) ;
#517 = ORIENTED_EDGE ( 'NONE', *, *, #3368, .T. ) ;
#518 = ORIENTED_EDGE ( 'NONE', *, *, #1349, .F. ) ;
#519 = CIRCLE ( 'NONE', #3257, 1.000000000000000888 ) ;
#520 = DIRECTION ( 'NONE',  ( 0.000000000000000000, -2.593979029498029342E-16, -1.000000000000000000 ) ) ;
#521 = LINE ( 'NONE', #2788, #3304 ) ;
#522 = CARTESIAN_POINT ( 'NONE',  ( 113.0000000000000000, 6.999999999999999112, 0.000000000000000000 ) ) ;
#523 = LINE ( 'NONE', #3163, #960 ) ;
#524 = LINE ( 'NONE', #2670, #434 ) ;
#525 = CARTESIAN_POINT ( 'NONE',  ( 1.000000000000000222, 2.000000000000000000, 1.699999999999999734 ) ) ;
#526 = CARTESIAN_POINT ( 'NONE',  ( 0.000000000000000000, 2.000000000000000000, 31.74999999999999289 ) ) ;
#527 = CARTESIAN_POINT ( 'NONE',  ( 26.00000000000000355, 40.25000000000000711, -28.99999999999999289 ) ) ;
#528 = EDGE_CURVE ( 'NONE', #4742, #3217, #403, .T. ) ;
#529 = DIRECTION ( 'NONE',  ( 0.000000000000000000, -1.000000000000000000, 0.000000000000000000 ) ) ;
#530 = ORIENTED_EDGE ( 'NONE', *, *, #1117, .F. ) ;
#531 = ORIENTED_EDGE ( 'NONE', *, *, #974, .F. ) ;
#532 = CARTESIAN_POINT ( 'NONE',  ( 165.3324686416905536, 6.799999999999997158, -57.25000000000000000 ) ) ;
#533 = CARTESIAN_POINT ( 'NONE',  ( 115.0000000000000000, 6.799999999999997158, -59.75000000000000711 ) ) ;
#534 = LINE ( 'NONE', #484, #2979 ) ;
#535 = ORIENTED_EDGE ( 'NONE', *, *, #768, .T. ) ;
#536 = VERTEX_POINT ( 'NONE', #752 ) ;
#537 = ADVANCED_FACE ( 'NONE', ( #2609 ), #3346, .T. ) ;
#538 = ORIENTED_EDGE ( 'NONE', *, *, #2373, .T. ) ;
#539 = EDGE_LOOP ( 'NONE', ( #1962, #4506, #2098, #488 ) ) ;
#540 = CARTESIAN_POINT ( 'NONE',  ( 80.40000000000000568, 0.000000000000000000, 33.85000000000000142 ) ) ;
#541 = CARTESIAN_POINT ( 'NONE',  ( 116.0000000000000000, 57.08392021690038121, 11.50000000000000355 ) ) ;
#542 = CARTESIAN_POINT ( 'NONE',  ( 26.00000000000000711, 57.00000000000000000, -28.99999999999999289 ) ) ;
#543 = FACE_OUTER_BOUND ( 'NONE', #3563, .T. ) ;
#544 = CARTESIAN_POINT ( 'NONE',  ( 1.000000000000000888, 12.19999999999999929, -29.99999999999999645 ) ) ;
#545 = PLANE ( 'NONE',  #2294 ) ;
#546 = CARTESIAN_POINT ( 'NONE',  ( 61.39999999999999858, 45.00000000000004974, -29.58578643762690064 ) ) ;
#547 = CARTESIAN_POINT ( 'NONE',  ( 116.0000000000000000, -3.000000000000000000, 11.49999999999999645 ) ) ;
#548 = EDGE_CURVE ( 'NONE', #262, #2281, #2931, .T. ) ;
#549 = ORIENTED_EDGE ( 'NONE', *, *, #884, .F. ) ;
#550 = EDGE_LOOP ( 'NONE', ( #4247, #923, #3105, #2148 ) ) ;
#551 = CARTESIAN_POINT ( 'NONE',  ( 30.39999999999999858, 1.000000000000000000, 33.85000000000000142 ) ) ;
#552 = VECTOR ( 'NONE', #1176, 1000.000000000000000 ) ;
#553 = DIRECTION ( 'NONE',  ( 1.000000000000000000, -0.000000000000000000, 1.652117596168382431E-15 ) ) ;
#554 = DIRECTION ( 'NONE',  ( -0.000000000000000000, -1.000000000000000000, 0.000000000000000000 ) ) ;
#555 = AXIS2_PLACEMENT_3D ( 'NONE', #515, #4648, #2020 ) ;
#556 = VECTOR ( 'NONE', #444, 1000.000000000000000 ) ;
#557 = ORIENTED_EDGE ( 'NONE', *, *, #2923, .T. ) ;
#558 = VERTEX_POINT ( 'NONE', #3735 ) ;
#559 = VECTOR ( 'NONE', #1642, 1000.000000000000000 ) ;
#560 = DIRECTION ( 'NONE',  ( -1.000000000000000000, 0.000000000000000000, 0.000000000000000000 ) ) ;
#561 = CIRCLE ( 'NONE', #4313, 1.199999999999999734 ) ;
#562 = AXIS2_PLACEMENT_3D ( 'NONE', #824, #2218, #431 ) ;
#563 = VERTEX_POINT ( 'NONE', #1437 ) ;
#564 = ADVANCED_FACE ( 'NONE', ( #1846 ), #379, .T. ) ;
#565 = ORIENTED_EDGE ( 'NONE', *, *, #1287, .T. ) ;
#566 = DIRECTION ( 'NONE',  ( -1.000000000000000000, 0.000000000000000000, 0.000000000000000000 ) ) ;
#567 = LINE ( 'NONE', #4286, #786 ) ;
#568 = VECTOR ( 'NONE', #553, 1000.000000000000000 ) ;
#569 = DIRECTION ( 'NONE',  ( -0.5773502691896210681, -0.5773502691896269523, 0.5773502691896292838 ) ) ;
#570 = AXIS2_PLACEMENT_3D ( 'NONE', #241, #4745, #3204 ) ;
#571 = TOROIDAL_SURFACE ( 'NONE', #4242, 6.000000000000004441, 1.000000000000000000 ) ;
#572 = LINE ( 'NONE', #594, #1904 ) ;
#573 = DIRECTION ( 'NONE',  ( 0.7071067811865524577, 0.000000000000000000, -0.7071067811865425767 ) ) ;
#574 = FACE_OUTER_BOUND ( 'NONE', #4068, .T. ) ;
#575 = ORIENTED_EDGE ( 'NONE', *, *, #4407, .F. ) ;
#576 = ORIENTED_EDGE ( 'NONE', *, *, #1295, .F. ) ;
#577 = PLANE ( 'NONE',  #3251 ) ;
#578 = EDGE_CURVE ( 'NONE', #1674, #2110, #1794, .T. ) ;
#579 = CYLINDRICAL_SURFACE ( 'NONE', #2911, 1.000000000000000888 ) ;
#580 = CARTESIAN_POINT ( 'NONE',  ( 1.000000000000000000, 29.00000000000000000, -28.99999999999999289 ) ) ;
#581 = ORIENTED_EDGE ( 'NONE', *, *, #3588, .T. ) ;
#582 = VERTEX_POINT ( 'NONE', #2187 ) ;
#583 = DIRECTION ( 'NONE',  ( 0.000000000000000000, 1.000000000000000000, 0.000000000000000000 ) ) ;
#584 = EDGE_CURVE ( 'NONE', #2192, #3515, #1869, .T. ) ;
#585 = AXIS2_PLACEMENT_3D ( 'NONE', #3283, #2176, #3673 ) ;
#586 = ORIENTED_EDGE ( 'NONE', *, *, #467, .T. ) ;
#587 = ORIENTED_EDGE ( 'NONE', *, *, #3737, .T. ) ;
#588 = DIRECTION ( 'NONE',  ( 2.168404344971006896E-16, 0.000000000000000000, 1.000000000000000000 ) ) ;
#589 = DIRECTION ( 'NONE',  ( 0.000000000000000000, -1.000000000000000000, -1.135642882145983605E-16 ) ) ;
#590 = VECTOR ( 'NONE', #860, 1000.000000000000000 ) ;
#591 = DIRECTION ( 'NONE',  ( 0.000000000000000000, 0.5547001962257769314, 0.8320502943374784577 ) ) ;
#592 = CARTESIAN_POINT ( 'NONE',  ( 0.000000000000000000, 14.26641005886703795, -33.56573950763927883 ) ) ;
#593 = CIRCLE ( 'NONE', #3877, 1.000000000000000888 ) ;
#594 = CARTESIAN_POINT ( 'NONE',  ( 115.0000000000000000, 6.499999999999999112, -29.99999999999999645 ) ) ;
#595 = DIRECTION ( 'NONE',  ( -3.469446951953610639E-15, 0.000000000000000000, 1.000000000000000000 ) ) ;
#596 = CARTESIAN_POINT ( 'NONE',  ( 116.8777919280152275, 58.23409141607047701, 10.98611581545382521 ) ) ;
#597 = CARTESIAN_POINT ( 'NONE',  ( 117.0000000000000000, 29.00000000000000000, -27.99999999999999645 ) ) ;
#598 = ORIENTED_EDGE ( 'NONE', *, *, #4200, .T. ) ;
#599 = VERTEX_POINT ( 'NONE', #10 ) ;
#600 = CYLINDRICAL_SURFACE ( 'NONE', #30, 1.000000000000000888 ) ;
#601 = FACE_OUTER_BOUND ( 'NONE', #290, .T. ) ;
#602 = DIRECTION ( 'NONE',  ( 0.000000000000000000, -1.000000000000000000, 0.000000000000000000 ) ) ;
#603 = VERTEX_POINT ( 'NONE', #4839 ) ;
#604 = ORIENTED_EDGE ( 'NONE', *, *, #631, .F. ) ;
#605 = DIRECTION ( 'NONE',  ( 1.000000000000000000, -0.000000000000000000, 0.000000000000000000 ) ) ;
#606 = EDGE_CURVE ( 'NONE', #582, #1919, #1508, .T. ) ;
#607 = EDGE_LOOP ( 'NONE', ( #971, #833, #1211, #3418, #2796, #4484, #3202, #953, #2926, #2544 ) ) ;
#608 = ORIENTED_EDGE ( 'NONE', *, *, #3443, .T. ) ;
#609 = DIRECTION ( 'NONE',  ( 0.000000000000000000, 0.000000000000000000, -1.000000000000000000 ) ) ;
#610 = DIRECTION ( 'NONE',  ( 0.000000000000000000, 0.000000000000000000, -1.000000000000000000 ) ) ;
#611 = VECTOR ( 'NONE', #1068, 1000.000000000000114 ) ;
#612 = ADVANCED_FACE ( 'NONE', ( #4055 ), #704, .T. ) ;
#613 = EDGE_CURVE ( 'NONE', #2905, #2094, #2955, .T. ) ;
#614 = EDGE_CURVE ( 'NONE', #2410, #4526, #2585, .T. ) ;
#615 = DIRECTION ( 'NONE',  ( -1.000000000000000000, 0.000000000000000000, 0.000000000000000000 ) ) ;
#616 = CARTESIAN_POINT ( 'NONE',  ( 30.39999999999999858, 1.000000000000000000, 35.95000000000000284 ) ) ;
#617 = FACE_OUTER_BOUND ( 'NONE', #808, .T. ) ;
#618 = ADVANCED_FACE ( 'NONE', ( #2306 ), #1620, .T. ) ;
#619 = CARTESIAN_POINT ( 'NONE',  ( 119.0000000000000142, 38.55500000000000682, -0.7287565553229575777 ) ) ;
#620 = ORIENTED_EDGE ( 'NONE', *, *, #1478, .F. ) ;
#621 = EDGE_CURVE ( 'NONE', #2711, #2852, #3042, .T. ) ;
#622 = ORIENTED_EDGE ( 'NONE', *, *, #1009, .F. ) ;
#623 = DIRECTION ( 'NONE',  ( -0.000000000000000000, 1.000000000000000000, -0.000000000000000000 ) ) ;
#624 = CARTESIAN_POINT ( 'NONE',  ( 117.7320508075688821, 58.28595479208968300, 10.83333333333333748 ) ) ;
#625 = DIRECTION ( 'NONE',  ( -1.000000000000000000, 0.000000000000000000, 0.000000000000000000 ) ) ;
#626 = ADVANCED_FACE ( 'NONE', ( #4533 ), #4219, .T. ) ;
#627 = EDGE_CURVE ( 'NONE', #2335, #4435, #822, .T. ) ;
#628 = ORIENTED_EDGE ( 'NONE', *, *, #1130, .T. ) ;
#629 = EDGE_CURVE ( 'NONE', #2261, #4611, #823, .T. ) ;
#630 = EDGE_LOOP ( 'NONE', ( #4510, #3309, #2685, #2914 ) ) ;
#631 = EDGE_CURVE ( 'NONE', #2607, #778, #513, .T. ) ;
#632 = DIRECTION ( 'NONE',  ( 1.000000000000000000, 0.000000000000000000, -0.000000000000000000 ) ) ;
#633 = PLANE ( 'NONE',  #1803 ) ;
#634 = VECTOR ( 'NONE', #3302, 1000.000000000000000 ) ;
#635 =( GEOMETRIC_REPRESENTATION_CONTEXT ( 3 ) GLOBAL_UNCERTAINTY_ASSIGNED_CONTEXT ( ( #762 ) ) GLOBAL_UNIT_ASSIGNED_CONTEXT ( ( #2476, #2791, #222 ) ) REPRESENTATION_CONTEXT ( 'NONE', 'WORKASPACE' ) );
#636 = ORIENTED_EDGE ( 'NONE', *, *, #3224, .F. ) ;
#637 = CIRCLE ( 'NONE', #2344, 0.1999999999994298006 ) ;
#638 = ORIENTED_EDGE ( 'NONE', *, *, #2074, .T. ) ;
#639 = AXIS2_PLACEMENT_3D ( 'NONE', #3938, #1768, #284 ) ;
#640 = CARTESIAN_POINT ( 'NONE',  ( 34.60000000000000142, -3.000000000000000000, 41.95000000000000284 ) ) ;
#641 = CARTESIAN_POINT ( 'NONE',  ( 113.0000000000000000, 7.000000000000000000, 0.000000000000000000 ) ) ;
#642 = LINE ( 'NONE', #1715, #3139 ) ;
#643 = ADVANCED_FACE ( 'NONE', ( #4197 ), #798, .T. ) ;
#644 = VECTOR ( 'NONE', #243, 1000.000000000000000 ) ;
#645 = CIRCLE ( 'NONE', #1099, 1.000000000000000888 ) ;
#646 = CIRCLE ( 'NONE', #4318, 2.500000000000002220 ) ;
#647 = CIRCLE ( 'NONE', #3376, 1.000000000000000888 ) ;
#648 = CARTESIAN_POINT ( 'NONE',  ( 80.40000000000000568, 1.000000000000000000, 30.74999999999999289 ) ) ;
#649 = CARTESIAN_POINT ( 'NONE',  ( 24.00000000000000355, 41.25000000000000711, -29.99999999999999645 ) ) ;
#650 = CYLINDRICAL_SURFACE ( 'NONE', #2668, 1.000000000000000888 ) ;
#651 = VECTOR ( 'NONE', #666, 1000.000000000000000 ) ;
#652 = CYLINDRICAL_SURFACE ( 'NONE', #2755, 1.000000000000000000 ) ;
#653 = VECTOR ( 'NONE', #1035, 1000.000000000000000 ) ;
#654 = ORIENTED_EDGE ( 'NONE', *, *, #2149, .F. ) ;
#655 = ORIENTED_EDGE ( 'NONE', *, *, #2882, .T. ) ;
#656 = DIRECTION ( 'NONE',  ( -1.000000000000000000, 0.000000000000000000, 0.000000000000000000 ) ) ;
#657 = CARTESIAN_POINT ( 'NONE',  ( 0.000000000000000000, 12.47370341836066743, -36.25479946839499945 ) ) ;
#658 = EDGE_CURVE ( 'NONE', #4119, #4178, #1236, .T. ) ;
#659 = EDGE_LOOP ( 'NONE', ( #3837, #1841, #186, #310 ) ) ;
#660 = ORIENTED_EDGE ( 'NONE', *, *, #985, .F. ) ;
#661 = CARTESIAN_POINT ( 'NONE',  ( 115.0000000000000000, 1.010333609296566234E-14, -42.49999999999999289 ) ) ;
#662 = CYLINDRICAL_SURFACE ( 'NONE', #719, 1.000000000000000888 ) ;
#663 = EDGE_CURVE ( 'NONE', #2360, #24, #1527, .T. ) ;
#664 = ORIENTED_EDGE ( 'NONE', *, *, #937, .F. ) ;
#665 = VERTEX_POINT ( 'NONE', #135 ) ;
#666 = DIRECTION ( 'NONE',  ( 0.000000000000000000, -2.523234146875356491E-16, 1.000000000000000000 ) ) ;
#667 = CARTESIAN_POINT ( 'NONE',  ( 84.60000000000000853, 1.000000000000000000, 31.74999999999999289 ) ) ;
#668 = FACE_OUTER_BOUND ( 'NONE', #1471, .T. ) ;
#669 = CIRCLE ( 'NONE', #2386, 3.100000000000001865 ) ;
#670 = DIRECTION ( 'NONE',  ( 0.000000000000000000, 0.000000000000000000, -1.000000000000000000 ) ) ;
#671 = CARTESIAN_POINT ( 'NONE',  ( 118.0000000000000142, 0.2999999999999947153, -0.7287565553229597981 ) ) ;
#672 = DIRECTION ( 'NONE',  ( 0.000000000000000000, 0.8320502943374774585, -0.5547001962257784857 ) ) ;
#673 = DIRECTION ( 'NONE',  ( 0.000000000000000000, 1.850371707708594366E-15, -1.000000000000000000 ) ) ;
#674 = CIRCLE ( 'NONE', #2470, 24.00000000000000355 ) ;
#675 = EDGE_LOOP ( 'NONE', ( #1522, #2688, #1721, #1149 ) ) ;
#676 = ORIENTED_EDGE ( 'NONE', *, *, #1672, .T. ) ;
#677 = FACE_OUTER_BOUND ( 'NONE', #3233, .T. ) ;
#678 = DIRECTION ( 'NONE',  ( -1.000000000000000000, 0.000000000000000000, 0.000000000000000000 ) ) ;
#679 = ORIENTED_EDGE ( 'NONE', *, *, #4194, .T. ) ;
#680 = EDGE_CURVE ( 'NONE', #3819, #3324, #2227, .T. ) ;
#681 = VERTEX_POINT ( 'NONE', #3121 ) ;
#682 = DIRECTION ( 'NONE',  ( 0.000000000000000000, 0.1666666666666691832, -0.9860132971832687998 ) ) ;
#683 = CARTESIAN_POINT ( 'NONE',  ( 113.9999999999999574, 32.00000000000000000, 12.50000000000000355 ) ) ;
#684 = DIRECTION ( 'NONE',  ( 0.000000000000000000, -4.053092233590671617E-18, -1.000000000000000000 ) ) ;
#685 = EDGE_LOOP ( 'NONE', ( #3940, #460, #142, #3120, #2707 ) ) ;
#686 = ORIENTED_EDGE ( 'NONE', *, *, #4234, .F. ) ;
#687 = CARTESIAN_POINT ( 'NONE',  ( 119.0000000000000142, -3.000000000000002665, 10.49999999999999467 ) ) ;
#688 = DIRECTION ( 'NONE',  ( -1.000000000000000000, -0.000000000000000000, -0.000000000000000000 ) ) ;
#689 = DIRECTION ( 'NONE',  ( -0.000000000000000000, -0.000000000000000000, -1.000000000000000000 ) ) ;
#690 = EDGE_CURVE ( 'NONE', #1181, #3289, #3885, .T. ) ;
#691 = EDGE_CURVE ( 'NONE', #2261, #495, #1893, .T. ) ;
#692 = EDGE_CURVE ( 'NONE', #3704, #1228, #2729, .T. ) ;
#693 = PLANE ( 'NONE',  #585 ) ;
#694 = DIRECTION ( 'NONE',  ( 0.000000000000000000, 0.000000000000000000, 1.000000000000000000 ) ) ;
#695 = DIRECTION ( 'NONE',  ( 1.000000000000000000, 0.000000000000000000, -0.000000000000000000 ) ) ;
#696 = EDGE_CURVE ( 'NONE', #2886, #2282, #1155, .T. ) ;
#697 = ORIENTED_EDGE ( 'NONE', *, *, #2145, .T. ) ;
#698 = ORIENTED_EDGE ( 'NONE', *, *, #3006, .T. ) ;
#699 = CARTESIAN_POINT ( 'NONE',  ( 115.0000000000000000, 54.99999999999998579, 11.49999999999998934 ) ) ;
#700 = CARTESIAN_POINT ( 'NONE',  ( 118.0000000000000142, 39.55499999999999261, -69.24999999999998579 ) ) ;
#701 = EDGE_CURVE ( 'NONE', #1341, #3331, #3811, .T. ) ;
#702 = ORIENTED_EDGE ( 'NONE', *, *, #4273, .F. ) ;
#703 = EDGE_LOOP ( 'NONE', ( #7, #3422, #327 ) ) ;
#704 = PLANE ( 'NONE',  #4655 ) ;
#705 = CARTESIAN_POINT ( 'NONE',  ( 115.0000000000000000, 14.09999999999999609, -33.45479946839446939 ) ) ;
#706 = DIRECTION ( 'NONE',  ( -1.000000000000000000, 0.000000000000000000, 0.000000000000000000 ) ) ;
#707 = ORIENTED_EDGE ( 'NONE', *, *, #4057, .T. ) ;
#708 = ORIENTED_EDGE ( 'NONE', *, *, #2646, .F. ) ;
#709 = CARTESIAN_POINT ( 'NONE',  ( 117.7320508075688821, 58.10102051443363536, 11.50000000000000355 ) ) ;
#710 = VECTOR ( 'NONE', #2952, 1000.000000000000000 ) ;
#711 = CARTESIAN_POINT ( 'NONE',  ( 118.0000000000000142, 63.00000000000000000, -0.7287565553229582438 ) ) ;
#712 = ADVANCED_FACE ( 'NONE', ( #4561 ), #4251, .F. ) ;
#713 = VECTOR ( 'NONE', #2758, 1000.000000000000000 ) ;
#714 = AXIS2_PLACEMENT_3D ( 'NONE', #1741, #1425, #694 ) ;
#715 = LINE ( 'NONE', #2963, #112 ) ;
#716 = DIRECTION ( 'NONE',  ( -0.000000000000000000, 1.000000000000000000, -0.000000000000000000 ) ) ;
#717 = CARTESIAN_POINT ( 'NONE',  ( 80.40000000000000568, 2.000000000000000000, 31.74999999999999289 ) ) ;
#718 = DIRECTION ( 'NONE',  ( 0.000000000000000000, 0.000000000000000000, -1.000000000000000000 ) ) ;
#719 = AXIS2_PLACEMENT_3D ( 'NONE', #2884, #1796, #2144 ) ;
#720 = VECTOR ( 'NONE', #1847, 1000.000000000000000 ) ;
#721 = ORIENTED_EDGE ( 'NONE', *, *, #2923, .F. ) ;
#722 = AXIS2_PLACEMENT_3D ( 'NONE', #2229, #4114, #368 ) ;
#723 = VERTEX_POINT ( 'NONE', #1213 ) ;
#724 = CARTESIAN_POINT ( 'NONE',  ( 117.0000000000000000, 1.000000000000000000, -42.49999999999999289 ) ) ;
#725 = FACE_BOUND ( 'NONE', #2382, .T. ) ;
#726 = VECTOR ( 'NONE', #2355, 1000.000000000000000 ) ;
#727 = ORIENTED_EDGE ( 'NONE', *, *, #2663, .F. ) ;
#728 = EDGE_CURVE ( 'NONE', #3704, #129, #355, .T. ) ;
#729 = EDGE_LOOP ( 'NONE', ( #4202, #2762, #2832 ) ) ;
#730 = CARTESIAN_POINT ( 'NONE',  ( 116.0000000000000000, 57.08392021690038121, 11.50000000000000355 ) ) ;
#731 = DIRECTION ( 'NONE',  ( -0.000000000000000000, -1.000000000000000000, 0.000000000000000000 ) ) ;
#732 = DIRECTION ( 'NONE',  ( 0.000000000000000000, 0.000000000000000000, -1.000000000000000000 ) ) ;
#733 = EDGE_LOOP ( 'NONE', ( #1711, #4084, #2584, #195 ) ) ;
#734 = ORIENTED_EDGE ( 'NONE', *, *, #3192, .F. ) ;
#735 = ADVANCED_FACE ( 'NONE', ( #2701 ), #4265, .T. ) ;
#736 = CARTESIAN_POINT ( 'NONE',  ( 84.60000000000000853, 1.000000000000000000, 30.74999999999999289 ) ) ;
#737 = CARTESIAN_POINT ( 'NONE',  ( 0.000000000000000000, 1.000000000000000000, 36.95000000000000284 ) ) ;
#738 = CARTESIAN_POINT ( 'NONE',  ( 115.0000000000000000, 2.000000000000000000, 11.49999999999999822 ) ) ;
#739 = CARTESIAN_POINT ( 'NONE',  ( 126.5716306148988224, 12.19999999999999929, -33.25479946839504919 ) ) ;
#740 = DIRECTION ( 'NONE',  ( -0.000000000000000000, -2.593979029498029342E-16, -1.000000000000000000 ) ) ;
#741 = CIRCLE ( 'NONE', #2930, 1.199999999999999734 ) ;
#742 = SPHERICAL_SURFACE ( 'NONE', #1036, 1.000000000000000000 ) ;
#743 = VECTOR ( 'NONE', #1273, 1000.000000000000000 ) ;
#744 = ORIENTED_EDGE ( 'NONE', *, *, #1037, .F. ) ;
#745 = VERTEX_POINT ( 'NONE', #1363 ) ;
#746 = CYLINDRICAL_SURFACE ( 'NONE', #334, 1.000000000000000888 ) ;
#747 = DIRECTION ( 'NONE',  ( 1.000000000000000000, 0.000000000000000000, 0.000000000000000000 ) ) ;
#748 = AXIS2_PLACEMENT_3D ( 'NONE', #3553, #886, #2003 ) ;
#749 = ORIENTED_EDGE ( 'NONE', *, *, #184, .T. ) ;
#750 = VECTOR ( 'NONE', #2402, 1000.000000000000000 ) ;
#751 = ORIENTED_EDGE ( 'NONE', *, *, #1282, .T. ) ;
#752 = CARTESIAN_POINT ( 'NONE',  ( 107.0000000000000142, 32.67468153101199846, -33.25479946839509893 ) ) ;
#753 = DIRECTION ( 'NONE',  ( -0.000000000000000000, 1.000000000000000000, -4.053092233590671617E-18 ) ) ;
#754 = CARTESIAN_POINT ( 'NONE',  ( 44.99999999999998579, 54.30000000000004690, -28.99999999999999289 ) ) ;
#755 = ORIENTED_EDGE ( 'NONE', *, *, #2425, .F. ) ;
#756 = ORIENTED_EDGE ( 'NONE', *, *, #1351, .F. ) ;
#757 = DIRECTION ( 'NONE',  ( 0.000000000000000000, 0.000000000000000000, -1.000000000000000000 ) ) ;
#758 = EDGE_CURVE ( 'NONE', #4664, #2360, #2039, .T. ) ;
#759 = DIRECTION ( 'NONE',  ( 0.000000000000000000, 0.000000000000000000, -1.000000000000000000 ) ) ;
#760 = DIRECTION ( 'NONE',  ( -1.000000000000000000, 0.000000000000000000, 0.000000000000000000 ) ) ;
#761 = DIRECTION ( 'NONE',  ( 1.000000000000000000, 0.000000000000000000, 0.000000000000000000 ) ) ;
#762 = UNCERTAINTY_MEASURE_WITH_UNIT (LENGTH_MEASURE( 1.000000000000000082E-05 ), #2476, 'distance_accuracy_value', 'NONE');
#763 = CARTESIAN_POINT ( 'NONE',  ( 43.99999999999998579, 29.00000000000000000, -29.99999999999999645 ) ) ;
#764 = ADVANCED_FACE ( 'NONE', ( #967 ), #577, .F. ) ;
#765 = ORIENTED_EDGE ( 'NONE', *, *, #2675, .T. ) ;
#766 = LINE ( 'NONE', #2253, #2524 ) ;
#767 = CARTESIAN_POINT ( 'NONE',  ( 0.000000000000000000, 44.00000000000004263, -29.99999999999999645 ) ) ;
#768 = EDGE_CURVE ( 'NONE', #2738, #1604, #1676, .T. ) ;
#769 = ORIENTED_EDGE ( 'NONE', *, *, #4601, .T. ) ;
#770 = ORIENTED_EDGE ( 'NONE', *, *, #3237, .F. ) ;
#771 = FACE_OUTER_BOUND ( 'NONE', #4274, .T. ) ;
#772 = CARTESIAN_POINT ( 'NONE',  ( 119.0000000000000142, 6.799999999999997158, -57.25000000000000000 ) ) ;
#773 = LINE ( 'NONE', #3395, #2037 ) ;
#774 = EDGE_CURVE ( 'NONE', #3331, #1048, #1288, .T. ) ;
#775 = ADVANCED_FACE ( 'NONE', ( #3982 ), #600, .T. ) ;
#776 = ORIENTED_EDGE ( 'NONE', *, *, #1138, .F. ) ;
#777 = EDGE_CURVE ( 'NONE', #1914, #2558, #1598, .T. ) ;
#778 = VERTEX_POINT ( 'NONE', #939 ) ;
#779 = DIRECTION ( 'NONE',  ( 0.000000000000000000, 1.000000000000000000, 0.000000000000000000 ) ) ;
#780 = ORIENTED_EDGE ( 'NONE', *, *, #1639, .T. ) ;
#781 = VECTOR ( 'NONE', #2406, 1000.000000000000000 ) ;
#782 = CARTESIAN_POINT ( 'NONE',  ( 25.00000000000000355, 41.25000000000000711, -28.99999999999999289 ) ) ;
#783 = EDGE_CURVE ( 'NONE', #78, #1084, #3564, .T. ) ;
#784 = DIRECTION ( 'NONE',  ( 0.000000000000000000, 0.000000000000000000, -1.000000000000000000 ) ) ;
#785 = DIRECTION ( 'NONE',  ( -0.000000000000000000, -0.000000000000000000, -1.000000000000000000 ) ) ;
#786 = VECTOR ( 'NONE', #173, 1000.000000000000000 ) ;
#787 = VECTOR ( 'NONE', #3801, 1000.000000000000000 ) ;
#788 = CARTESIAN_POINT ( 'NONE',  ( 3.000000000000028866, 2.000000000000000000, 1.699999999999998845 ) ) ;
#789 = ORIENTED_EDGE ( 'NONE', *, *, #1491, .F. ) ;
#790 = VECTOR ( 'NONE', #4764, 1000.000000000000000 ) ;
#791 = CARTESIAN_POINT ( 'NONE',  ( 3.000000000000028866, 38.25000000000000711, -27.99999999999999645 ) ) ;
#792 = CARTESIAN_POINT ( 'NONE',  ( 115.0000000000000000, 57.00000000000000000, 14.50000000000000355 ) ) ;
#793 = VECTOR ( 'NONE', #2300, 1000.000000000000000 ) ;
#794 = AXIS2_PLACEMENT_3D ( 'NONE', #1144, #2639, #2339 ) ;
#795 = EDGE_LOOP ( 'NONE', ( #3685, #8, #3396, #4642, #4566 ) ) ;
#796 = VERTEX_POINT ( 'NONE', #156 ) ;
#797 = AXIS2_PLACEMENT_3D ( 'NONE', #1311, #4296, #4277 ) ;
#798 = CYLINDRICAL_SURFACE ( 'NONE', #3329, 1.000000000000000888 ) ;
#799 = CARTESIAN_POINT ( 'NONE',  ( 118.0000000000000142, 59.25000000000000000, 9.192810861169261827 ) ) ;
#800 = EDGE_CURVE ( 'NONE', #3436, #1556, #1602, .T. ) ;
#801 = CARTESIAN_POINT ( 'NONE',  ( -1.112761644346096847E-14, 55.30000000000001847, -27.99999999999999645 ) ) ;
#802 = AXIS2_PLACEMENT_3D ( 'NONE', #3696, #2224, #3792 ) ;
#803 = AXIS2_PLACEMENT_3D ( 'NONE', #4066, #761, #2948 ) ;
#804 = ORIENTED_EDGE ( 'NONE', *, *, #606, .T. ) ;
#805 = ORIENTED_EDGE ( 'NONE', *, *, #3746, .F. ) ;
#806 = EDGE_CURVE ( 'NONE', #2122, #1874, #1294, .T. ) ;
#807 = DIRECTION ( 'NONE',  ( -0.000000000000000000, -1.000000000000000000, -1.135642882145983605E-16 ) ) ;
#808 = EDGE_LOOP ( 'NONE', ( #3077, #3149, #1541, #2416 ) ) ;
#809 = FACE_OUTER_BOUND ( 'NONE', #3868, .T. ) ;
#810 = DIRECTION ( 'NONE',  ( -1.000000000000000000, 0.000000000000000000, 0.000000000000000000 ) ) ;
#811 = DIRECTION ( 'NONE',  ( 0.000000000000000000, 0.000000000000000000, -1.000000000000000000 ) ) ;
#812 = CARTESIAN_POINT ( 'NONE',  ( 116.0000000000000000, -2.000000000000001776, 11.49999999999999645 ) ) ;
#813 = DIRECTION ( 'NONE',  ( 0.000000000000000000, 1.000000000000000000, 1.135642882145983605E-16 ) ) ;
#814 = CARTESIAN_POINT ( 'NONE',  ( 115.0000000000000000, 7.000000000000000000, 0.000000000000000000 ) ) ;
#815 = VERTEX_POINT ( 'NONE', #994 ) ;
#816 = CARTESIAN_POINT ( 'NONE',  ( 30.39999999999999858, 1.000000000000000000, 31.75000000000000000 ) ) ;
#817 = CARTESIAN_POINT ( 'NONE',  ( -6.000000000000050626, 10.99999999999981171, -19.00000000000017053 ) ) ;
#818 = DIRECTION ( 'NONE',  ( 0.000000000000000000, 1.000000000000000000, 0.000000000000000000 ) ) ;
#819 = CIRCLE ( 'NONE', #110, 1.000000000000000888 ) ;
#820 = ORIENTED_EDGE ( 'NONE', *, *, #3550, .F. ) ;
#821 = ORIENTED_EDGE ( 'NONE', *, *, #4682, .T. ) ;
#822 = CIRCLE ( 'NONE', #4104, 1.000000000000000888 ) ;
#823 = LINE ( 'NONE', #1915, #2853 ) ;
#824 = CARTESIAN_POINT ( 'NONE',  ( 115.0000000000000000, 32.00000000000000000, 13.50000000000000533 ) ) ;
#825 = LINE ( 'NONE', #1215, #713 ) ;
#826 = AXIS2_PLACEMENT_3D ( 'NONE', #4165, #1929, #2404 ) ;
#827 = EDGE_CURVE ( 'NONE', #1680, #1084, #1649, .T. ) ;
#828 = ORIENTED_EDGE ( 'NONE', *, *, #2149, .T. ) ;
#829 = EDGE_CURVE ( 'NONE', #2281, #2797, #202, .T. ) ;
#830 = ORIENTED_EDGE ( 'NONE', *, *, #1703, .F. ) ;
#831 = EDGE_CURVE ( 'NONE', #3260, #1898, #4342, .T. ) ;
#832 = LINE ( 'NONE', #3180, #1647 ) ;
#833 = ORIENTED_EDGE ( 'NONE', *, *, #3187, .T. ) ;
#834 = ORIENTED_EDGE ( 'NONE', *, *, #658, .T. ) ;
#835 = PLANE ( 'NONE',  #4565 ) ;
#836 = DIRECTION ( 'NONE',  ( 1.000000000000000000, 0.000000000000000000, 0.000000000000000000 ) ) ;
#837 = CARTESIAN_POINT ( 'NONE',  ( 113.9999999999999858, 56.00000000000000000, 0.000000000000000000 ) ) ;
#838 = EDGE_CURVE ( 'NONE', #883, #2023, #2825, .T. ) ;
#839 = EDGE_CURVE ( 'NONE', #1348, #2255, #2111, .T. ) ;
#840 = FACE_BOUND ( 'NONE', #885, .T. ) ;
#841 = LINE ( 'NONE', #1171, #3640 ) ;
#842 = ADVANCED_FACE ( 'NONE', ( #919 ), #912, .T. ) ;
#843 = EDGE_CURVE ( 'NONE', #2369, #3667, #3253, .T. ) ;
#844 = ORIENTED_EDGE ( 'NONE', *, *, #4509, .F. ) ;
#845 = CARTESIAN_POINT ( 'NONE',  ( 115.0000000000000000, 63.00000000000000000, 12.50000000000000355 ) ) ;
#846 = CARTESIAN_POINT ( 'NONE',  ( 0.000000000000000000, 12.47370341836066743, -36.25479946839499945 ) ) ;
#847 = DIRECTION ( 'NONE',  ( 1.000000000000000000, -0.000000000000000000, 0.000000000000000000 ) ) ;
#848 = ORIENTED_EDGE ( 'NONE', *, *, #4087, .T. ) ;
#849 = EDGE_LOOP ( 'NONE', ( #58, #37, #2472, #906, #2362, #2700, #1618, #2880 ) ) ;
#850 = CARTESIAN_POINT ( 'NONE',  ( 119.0000000000000142, -3.000000000000000000, -42.49999999999999289 ) ) ;
#851 = DIRECTION ( 'NONE',  ( 1.000000000000000000, 0.000000000000000000, 0.000000000000000000 ) ) ;
#852 = EDGE_CURVE ( 'NONE', #3819, #1382, #2857, .T. ) ;
#853 = DIRECTION ( 'NONE',  ( -1.000000000000000000, 0.000000000000000000, 0.000000000000000000 ) ) ;
#854 = ORIENTED_EDGE ( 'NONE', *, *, #1906, .F. ) ;
#855 = ORIENTED_EDGE ( 'NONE', *, *, #2500, .T. ) ;
#856 = LINE ( 'NONE', #1605, #4156 ) ;
#857 = B_SPLINE_CURVE_WITH_KNOTS ( 'NONE', 3,
 ( #2780, #3911, #1238, #3814, #4199, #3518, #159, #3497 ),
 .UNSPECIFIED., .F., .F.,
 ( 4, 2, 2, 4 ),
 ( 0.000000000000000000, 0.0002694552357890007792, 0.0005389104715780015584, 0.001077820943156031306 ),
 .UNSPECIFIED. ) ;
#858 = VERTEX_POINT ( 'NONE', #3876 ) ;
#859 = ORIENTED_EDGE ( 'NONE', *, *, #2874, .T. ) ;
#860 = DIRECTION ( 'NONE',  ( -0.000000000000000000, 1.000000000000000000, -0.000000000000000000 ) ) ;
#861 = FACE_OUTER_BOUND ( 'NONE', #4304, .T. ) ;
#862 = DIRECTION ( 'NONE',  ( -0.5773502691896257311, 0.5773502691896258421, 0.5773502691896257311 ) ) ;
#863 = CARTESIAN_POINT ( 'NONE',  ( 115.0000000000000000, 32.00000000000000000, 11.50000000000000000 ) ) ;
#864 = DIRECTION ( 'NONE',  ( 0.000000000000000000, -1.000000000000000000, 0.000000000000000000 ) ) ;
#865 = FACE_OUTER_BOUND ( 'NONE', #4366, .T. ) ;
#866 = AXIS2_PLACEMENT_3D ( 'NONE', #957, #3185, #3491 ) ;
#867 = ORIENTED_EDGE ( 'NONE', *, *, #4748, .T. ) ;
#868 = CARTESIAN_POINT ( 'NONE',  ( 116.5000000000000000, -0.7000000000000020650, -41.63397459621555186 ) ) ;
#869 = CARTESIAN_POINT ( 'NONE',  ( 117.0851870401213404, 57.19830889926086570, 11.73248053793098933 ) ) ;
#870 = LINE ( 'NONE', #2431, #726 ) ;
#871 = ORIENTED_EDGE ( 'NONE', *, *, #1976, .F. ) ;
#872 = CIRCLE ( 'NONE', #3684, 0.1999999999994298006 ) ;
#873 = ORIENTED_EDGE ( 'NONE', *, *, #4093, .F. ) ;
#874 = CARTESIAN_POINT ( 'NONE',  ( 80.40000000000000568, -3.000000000000000000, 33.85000000000000142 ) ) ;
#875 = LINE ( 'NONE', #3862, #489 ) ;
#876 = CARTESIAN_POINT ( 'NONE',  ( 126.5716306148988224, 24.58358994113253004, -33.56573950764025938 ) ) ;
#877 = CIRCLE ( 'NONE', #2748, 5.100000000000007638 ) ;
#878 = ORIENTED_EDGE ( 'NONE', *, *, #206, .T. ) ;
#879 = VERTEX_POINT ( 'NONE', #3899 ) ;
#880 = CIRCLE ( 'NONE', #2518, 1.000000000000000888 ) ;
#881 = LINE ( 'NONE', #3915, #318 ) ;
#882 = VECTOR ( 'NONE', #529, 1000.000000000000000 ) ;
#883 = VERTEX_POINT ( 'NONE', #544 ) ;
#884 = EDGE_CURVE ( 'NONE', #3635, #4167, #2028, .T. ) ;
#885 = EDGE_LOOP ( 'NONE', ( #702, #2775 ) ) ;
#886 = DIRECTION ( 'NONE',  ( -0.000000000000000000, 1.000000000000000000, -0.000000000000000000 ) ) ;
#887 = DIRECTION ( 'NONE',  ( 1.000000000000000000, -0.000000000000000000, 0.000000000000000000 ) ) ;
#888 = CARTESIAN_POINT ( 'NONE',  ( 114.0000000000000000, -3.000000000000000000, 47.16926539601615787 ) ) ;
#889 = LINE ( 'NONE', #910, #1816 ) ;
#890 = CARTESIAN_POINT ( 'NONE',  ( 44.99999999999998579, 45.00000000000004974, -28.99999999999999289 ) ) ;
#891 = DIRECTION ( 'NONE',  ( 0.000000000000000000, -1.000000000000000000, 0.000000000000000000 ) ) ;
#892 = CARTESIAN_POINT ( 'NONE',  ( 44.00000000000000000, 54.30000000000004690, -27.99999999999999645 ) ) ;
#893 = CARTESIAN_POINT ( 'NONE',  ( 0.000000000000000000, 26.65000000000000213, -29.99999999999999645 ) ) ;
#894 = DIRECTION ( 'NONE',  ( 1.000000000000000000, 0.000000000000000000, 0.000000000000000000 ) ) ;
#895 = ORIENTED_EDGE ( 'NONE', *, *, #3732, .T. ) ;
#896 = ORIENTED_EDGE ( 'NONE', *, *, #4669, .T. ) ;
#897 = DIRECTION ( 'NONE',  ( 1.000000000000000000, 0.000000000000000000, 0.000000000000000000 ) ) ;
#898 = CARTESIAN_POINT ( 'NONE',  ( 1.000000000000000000, 38.25000000000000711, -28.99999999999999289 ) ) ;
#899 = DIRECTION ( 'NONE',  ( 1.000000000000000000, -0.000000000000000000, -0.000000000000000000 ) ) ;
#900 = CIRCLE ( 'NONE', #4649, 6.000000000000004441 ) ;
#901 = ORIENTED_EDGE ( 'NONE', *, *, #831, .F. ) ;
#902 = CONICAL_SURFACE ( 'NONE', #4419, 5.100000000000013856, 0.7853981633974485010 ) ;
#903 = ORIENTED_EDGE ( 'NONE', *, *, #4467, .T. ) ;
#904 = DIRECTION ( 'NONE',  ( 0.000000000000000000, 0.000000000000000000, -1.000000000000000000 ) ) ;
#905 = EDGE_LOOP ( 'NONE', ( #1140, #2836, #2421, #2846 ) ) ;
#906 = ORIENTED_EDGE ( 'NONE', *, *, #4166, .F. ) ;
#907 = CARTESIAN_POINT ( 'NONE',  ( 119.0000000000000142, 27.05499999999998906, -57.25000000000000000 ) ) ;
#908 = CARTESIAN_POINT ( 'NONE',  ( 126.5716306148988224, 6.500000000000000000, -33.25474111729089088 ) ) ;
#909 = CARTESIAN_POINT ( 'NONE',  ( 118.1666666666666572, 51.83333333333333570, 8.333333333333335702 ) ) ;
#910 = CARTESIAN_POINT ( 'NONE',  ( 30.39999999999999503, -3.000000000000000000, 41.95000000000000284 ) ) ;
#911 = EDGE_CURVE ( 'NONE', #4038, #3708, #1612, .T. ) ;
#912 = PLANE ( 'NONE',  #1374 ) ;
#913 = FACE_OUTER_BOUND ( 'NONE', #4837, .T. ) ;
#914 = DIRECTION ( 'NONE',  ( 0.000000000000000000, 0.000000000000000000, -1.000000000000000000 ) ) ;
#915 = FACE_OUTER_BOUND ( 'NONE', #1663, .T. ) ;
#916 = FACE_OUTER_BOUND ( 'NONE', #1025, .T. ) ;
#917 = ORIENTED_EDGE ( 'NONE', *, *, #2469, .F. ) ;
#918 = ORIENTED_EDGE ( 'NONE', *, *, #728, .F. ) ;
#919 = FACE_OUTER_BOUND ( 'NONE', #362, .T. ) ;
#920 = DIRECTION ( 'NONE',  ( -0.000000000000000000, -1.000000000000000000, 0.000000000000000000 ) ) ;
#921 = DIRECTION ( 'NONE',  ( 0.000000000000000000, 0.000000000000000000, -1.000000000000000000 ) ) ;
#922 = EDGE_CURVE ( 'NONE', #3072, #1003, #1636, .T. ) ;
#923 = ORIENTED_EDGE ( 'NONE', *, *, #3812, .F. ) ;
#924 = VERTEX_POINT ( 'NONE', #2767 ) ;
#925 = DIRECTION ( 'NONE',  ( 0.000000000000000000, -1.000000000000000000, 0.000000000000000000 ) ) ;
#926 = ORIENTED_EDGE ( 'NONE', *, *, #4279, .T. ) ;
#927 = VERTEX_POINT ( 'NONE', #4267 ) ;
#928 = CARTESIAN_POINT ( 'NONE',  ( 118.0000000000000142, 39.55499999999999261, -69.24999999999998579 ) ) ;
#929 = DIRECTION ( 'NONE',  ( -0.000000000000000000, -1.000000000000000000, -1.101411730778925047E-16 ) ) ;
#930 = DIRECTION ( 'NONE',  ( -1.000000000000000000, -4.231032868236109008E-16, 0.000000000000000000 ) ) ;
#931 = ADVANCED_FACE ( 'NONE', ( #3484 ), #4553, .F. ) ;
#932 = EDGE_LOOP ( 'NONE', ( #4814, #770, #514, #3657 ) ) ;
#933 = DIRECTION ( 'NONE',  ( 0.000000000000000000, 0.000000000000000000, -1.000000000000000000 ) ) ;
#934 = DIRECTION ( 'NONE',  ( 0.000000000000000000, 1.000000000000000000, -2.478176394252582127E-16 ) ) ;
#935 = CARTESIAN_POINT ( 'NONE',  ( 0.000000000000000000, 14.09999999999999609, -33.25479946839504208 ) ) ;
#936 = ORIENTED_EDGE ( 'NONE', *, *, #3545, .T. ) ;
#937 = EDGE_CURVE ( 'NONE', #2511, #306, #593, .T. ) ;
#938 = ORIENTED_EDGE ( 'NONE', *, *, #1337, .T. ) ;
#939 = CARTESIAN_POINT ( 'NONE',  ( 80.40000000000000568, -3.000000000000000000, 41.95000000000001705 ) ) ;
#940 = DIRECTION ( 'NONE',  ( 0.000000000000000000, -1.000000000000000000, 0.000000000000000000 ) ) ;
#941 = CYLINDRICAL_SURFACE ( 'NONE', #4469, 1.000000000000000888 ) ;
#942 = VECTOR ( 'NONE', #4332, 1000.000000000000000 ) ;
#943 = AXIS2_PLACEMENT_3D ( 'NONE', #3674, #2551, #276 ) ;
#944 = EDGE_LOOP ( 'NONE', ( #970, #4808 ) ) ;
#945 = ORIENTED_EDGE ( 'NONE', *, *, #1302, .T. ) ;
#946 = EDGE_CURVE ( 'NONE', #4687, #4734, #841, .T. ) ;
#947 = VECTOR ( 'NONE', #503, 1000.000000000000000 ) ;
#948 = PLANE ( 'NONE',  #1949 ) ;
#949 = VECTOR ( 'NONE', #2119, 1000.000000000000000 ) ;
#950 = AXIS2_PLACEMENT_3D ( 'NONE', #2826, #2162, #1747 ) ;
#951 = ORIENTED_EDGE ( 'NONE', *, *, #4248, .F. ) ;
#952 = AXIS2_PLACEMENT_3D ( 'NONE', #3337, #387, #784 ) ;
#953 = ORIENTED_EDGE ( 'NONE', *, *, #295, .T. ) ;
#954 = DIRECTION ( 'NONE',  ( 0.000000000000000000, 0.000000000000000000, -1.000000000000000000 ) ) ;
#955 = FACE_OUTER_BOUND ( 'NONE', #3934, .T. ) ;
#956 = VECTOR ( 'NONE', #48, 1000.000000000000000 ) ;
#957 = CARTESIAN_POINT ( 'NONE',  ( 0.000000000000000000, 2.000000000000000000, 0.000000000000000000 ) ) ;
#958 = CARTESIAN_POINT ( 'NONE',  ( 80.40000000000000568, 2.000000000000000000, 33.85000000000000142 ) ) ;
#959 = PRODUCT_CONTEXT ( 'NONE', #1158, 'mechanical' ) ;
#960 = VECTOR ( 'NONE', #2318, 1000.000000000000114 ) ;
#961 = DIRECTION ( 'NONE',  ( 0.000000000000000000, -0.000000000000000000, 1.000000000000000000 ) ) ;
#962 = DIRECTION ( 'NONE',  ( 0.000000000000000000, -1.000000000000000000, 0.000000000000000000 ) ) ;
#963 = FACE_OUTER_BOUND ( 'NONE', #4158, .T. ) ;
#964 = CARTESIAN_POINT ( 'NONE',  ( 34.60000000000001563, 2.000000000000000000, 35.95000000000000995 ) ) ;
#965 = VERTEX_POINT ( 'NONE', #3113 ) ;
#966 = ORIENTED_EDGE ( 'NONE', *, *, #2199, .T. ) ;
#967 = FACE_OUTER_BOUND ( 'NONE', #3345, .T. ) ;
#968 = PLANE ( 'NONE',  #4394 ) ;
#969 = DIRECTION ( 'NONE',  ( 1.000000000000000000, 0.000000000000000000, -1.196361017915039486E-16 ) ) ;
#970 = ORIENTED_EDGE ( 'NONE', *, *, #4234, .T. ) ;
#971 = ORIENTED_EDGE ( 'NONE', *, *, #119, .T. ) ;
#972 =( BOUNDED_CURVE ( )  B_SPLINE_CURVE ( 3, ( #4243, #2383, #1325, #151 ),
 .UNSPECIFIED., .F., .T. ) 
 B_SPLINE_CURVE_WITH_KNOTS ( ( 4, 4 ),
 ( 4.750860007792018003, 4.789388121041514346 ),
 .UNSPECIFIED. ) 
 CURVE ( )  GEOMETRIC_REPRESENTATION_ITEM ( )  RATIONAL_B_SPLINE_CURVE ( ( 1.000000000000000000, 0.9998763025329078236, 0.9998763025329078236, 1.000000000000000000 ) ) 
 REPRESENTATION_ITEM ( '' )  );
#973 = CARTESIAN_POINT ( 'NONE',  ( 107.0000000000000142, 31.50000000000000711, -34.70000000000000284 ) ) ;
#974 = EDGE_CURVE ( 'NONE', #4069, #1735, #524, .T. ) ;
#975 = CIRCLE ( 'NONE', #1121, 1.000000000000000888 ) ;
#976 = ADVANCED_FACE ( 'NONE', ( #2348 ), #1589, .F. ) ;
#977 = ORIENTED_EDGE ( 'NONE', *, *, #548, .T. ) ;
#978 = EDGE_CURVE ( 'NONE', #378, #2459, #2232, .T. ) ;
#979 = VERTEX_POINT ( 'NONE', #4189 ) ;
#980 = LINE ( 'NONE', #3948, #942 ) ;
#981 = DIRECTION ( 'NONE',  ( 1.000000000000000000, -0.000000000000000000, -0.000000000000000000 ) ) ;
#982 = CARTESIAN_POINT ( 'NONE',  ( 165.3324686416905536, -0.7000000000000022871, -42.49999999999999289 ) ) ;
#983 = AXIS2_PLACEMENT_3D ( 'NONE', #4162, #147, #811 ) ;
#984 = ORIENTED_EDGE ( 'NONE', *, *, #2207, .T. ) ;
#985 = EDGE_CURVE ( 'NONE', #778, #815, #469, .T. ) ;
#986 = LINE ( 'NONE', #347, #3840 ) ;
#987 = CARTESIAN_POINT ( 'NONE',  ( 26.00000000000000711, 57.00000000000000000, -28.99999999999999289 ) ) ;
#988 = CARTESIAN_POINT ( 'NONE',  ( 118.0000000000000142, -3.000000000000000000, -42.49999999999999289 ) ) ;
#989 = ADVANCED_FACE ( 'NONE', ( #4576 ), #1227, .T. ) ;
#990 = ADVANCED_FACE ( 'NONE', ( #865 ), #2008, .T. ) ;
#991 = EDGE_CURVE ( 'NONE', #4249, #665, #4634, .T. ) ;
#992 = EDGE_LOOP ( 'NONE', ( #476, #2759, #4054, #2180 ) ) ;
#993 = ORIENTED_EDGE ( 'NONE', *, *, #2935, .F. ) ;
#994 = CARTESIAN_POINT ( 'NONE',  ( 84.60000000000000853, -3.000000000000000000, 41.95000000000001705 ) ) ;
#995 = FACE_OUTER_BOUND ( 'NONE', #1525, .T. ) ;
#996 = CARTESIAN_POINT ( 'NONE',  ( 119.0000000000000142, 6.799999999999997158, -62.25000000000000711 ) ) ;
#997 = VERTEX_POINT ( 'NONE', #3135 ) ;
#998 = ORIENTED_EDGE ( 'NONE', *, *, #166, .T. ) ;
#999 = EDGE_CURVE ( 'NONE', #927, #3819, #4573, .T. ) ;
#1000 = DIRECTION ( 'NONE',  ( 0.000000000000000000, -1.000000000000000000, 0.000000000000000000 ) ) ;
#1001 = CYLINDRICAL_SURFACE ( 'NONE', #2267, 0.1999999999994367395 ) ;
#1002 =( BOUNDED_CURVE ( )  B_SPLINE_CURVE ( 3, ( #3510, #2723, #546, #4607 ),
 .UNSPECIFIED., .F., .T. ) 
 B_SPLINE_CURVE_WITH_KNOTS ( ( 4, 4 ),
 ( 1.570796326794896558, 3.141592653589793116 ),
 .UNSPECIFIED. ) 
 CURVE ( )  GEOMETRIC_REPRESENTATION_ITEM ( )  RATIONAL_B_SPLINE_CURVE ( ( 1.000000000000000000, 0.8047378541243649375, 0.8047378541243649375, 1.000000000000000000 ) ) 
 REPRESENTATION_ITEM ( '' )  );
#1003 = VERTEX_POINT ( 'NONE', #1633 ) ;
#1004 = ORIENTED_EDGE ( 'NONE', *, *, #3282, .F. ) ;
#1005 = DIRECTION ( 'NONE',  ( 0.000000000000000000, -1.000000000000000000, 0.000000000000000000 ) ) ;
#1006 = CARTESIAN_POINT ( 'NONE',  ( 0.000000000000000000, 1.000000000000000000, 31.74999999999999289 ) ) ;
#1007 = DIRECTION ( 'NONE',  ( -0.000000000000000000, 1.000000000000000000, 1.135642882145983605E-16 ) ) ;
#1008 = DIRECTION ( 'NONE',  ( 0.000000000000000000, -1.000000000000000000, 0.000000000000000000 ) ) ;
#1009 = EDGE_CURVE ( 'NONE', #1308, #2072, #4732, .T. ) ;
#1010 = DIRECTION ( 'NONE',  ( 1.000000000000000000, 0.000000000000000000, 1.652117596168382431E-15 ) ) ;
#1011 = CARTESIAN_POINT ( 'NONE',  ( 115.0000000000000000, 33.00000000000000000, 14.50000000000000355 ) ) ;
#1012 = APPLICATION_CONTEXT ( 'automotive_design' ) ;
#1013 = ORIENTED_EDGE ( 'NONE', *, *, #2064, .F. ) ;
#1014 = ORIENTED_EDGE ( 'NONE', *, *, #4088, .T. ) ;
#1015 = CARTESIAN_POINT ( 'NONE',  ( 2.000000000000000000, 55.00000000000000000, 11.50000000000000355 ) ) ;
#1016 = DIRECTION ( 'NONE',  ( 0.000000000000000000, 0.5547001962259198171, -0.8320502943373832005 ) ) ;
#1017 = ORIENTED_EDGE ( 'NONE', *, *, #621, .F. ) ;
#1018 = CIRCLE ( 'NONE', #4374, 2.100000000000004530 ) ;
#1019 = ORIENTED_EDGE ( 'NONE', *, *, #2129, .T. ) ;
#1020 = CARTESIAN_POINT ( 'NONE',  ( 115.0000000000000000, 1.000000000000000000, 47.16926539601615787 ) ) ;
#1021 = CARTESIAN_POINT ( 'NONE',  ( 0.000000000000000000, 12.19999999999999929, -28.99999999999999289 ) ) ;
#1022 = AXIS2_PLACEMENT_3D ( 'NONE', #3351, #4498, #757 ) ;
#1023 = VECTOR ( 'NONE', #3167, 1000.000000000000000 ) ;
#1024 = VERTEX_POINT ( 'NONE', #4629 ) ;
#1025 = EDGE_LOOP ( 'NONE', ( #4843, #4129, #4352, #4391 ) ) ;
#1026 = DIRECTION ( 'NONE',  ( -0.000000000000000000, 1.000000000000000000, 0.000000000000000000 ) ) ;
#1027 = LINE ( 'NONE', #3649, #4220 ) ;
#1028 = CARTESIAN_POINT ( 'NONE',  ( 116.0000000000000000, 63.00000000000000000, 12.50000000000000355 ) ) ;
#1029 = VECTOR ( 'NONE', #810, 1000.000000000000000 ) ;
#1030 = AXIS2_PLACEMENT_3D ( 'NONE', #4690, #4198, #4586 ) ;
#1031 = DIRECTION ( 'NONE',  ( 0.000000000000000000, 0.000000000000000000, 1.000000000000000000 ) ) ;
#1032 = CARTESIAN_POINT ( 'NONE',  ( -4.336808689942017736E-16, -3.000000000000000000, -28.99999999999998934 ) ) ;
#1033 = CARTESIAN_POINT ( 'NONE',  ( 115.0000000000000000, 31.50000000000000000, 6.699999999999998401 ) ) ;
#1034 = VECTOR ( 'NONE', #1464, 1000.000000000000000 ) ;
#1035 = DIRECTION ( 'NONE',  ( -1.000000000000000000, 0.000000000000000000, 0.000000000000000000 ) ) ;
#1036 = AXIS2_PLACEMENT_3D ( 'NONE', #4849, #3676, #4832 ) ;
#1037 = EDGE_CURVE ( 'NONE', #1061, #507, #3174, .T. ) ;
#1038 = ORIENTED_EDGE ( 'NONE', *, *, #2139, .T. ) ;
#1039 = VERTEX_POINT ( 'NONE', #888 ) ;
#1040 = DIRECTION ( 'NONE',  ( 0.000000000000000000, 0.000000000000000000, -1.000000000000000000 ) ) ;
#1041 = CYLINDRICAL_SURFACE ( 'NONE', #3843, 1.000000000000000888 ) ;
#1042 = VERTEX_POINT ( 'NONE', #499 ) ;
#1043 = ORIENTED_EDGE ( 'NONE', *, *, #4406, .T. ) ;
#1044 = CARTESIAN_POINT ( 'NONE',  ( 80.40000000000000568, 2.602085213965210642E-15, 33.85000000000000142 ) ) ;
#1045 = CYLINDRICAL_SURFACE ( 'NONE', #3589, 5.000000000000004441 ) ;
#1046 = EDGE_CURVE ( 'NONE', #3986, #1348, #35, .T. ) ;
#1047 = CARTESIAN_POINT ( 'NONE',  ( 0.000000000000000000, 26.65000000000000213, -33.25479946839506340 ) ) ;
#1048 = VERTEX_POINT ( 'NONE', #1925 ) ;
#1049 = ORIENTED_EDGE ( 'NONE', *, *, #3245, .F. ) ;
#1050 = PLANE ( 'NONE',  #3308 ) ;
#1051 = DIRECTION ( 'NONE',  ( 0.000000000000000000, -1.000000000000000000, 0.000000000000000000 ) ) ;
#1052 = CYLINDRICAL_SURFACE ( 'NONE', #2271, 2.099999999999997868 ) ;
#1053 = AXIS2_PLACEMENT_3D ( 'NONE', #3895, #4307, #588 ) ;
#1054 = AXIS2_PLACEMENT_3D ( 'NONE', #730, #359, #682 ) ;
#1055 = EDGE_CURVE ( 'NONE', #3758, #237, #4522, .T. ) ;
#1056 = DIRECTION ( 'NONE',  ( 1.000000000000000000, -0.000000000000000000, -3.252606517456510344E-16 ) ) ;
#1057 = LINE ( 'NONE', #4022, #3363 ) ;
#1058 = FACE_OUTER_BOUND ( 'NONE', #703, .T. ) ;
#1059 = CARTESIAN_POINT ( 'NONE',  ( 118.5857864376269077, -3.000000000000000888, -42.49999999999999289 ) ) ;
#1060 = AXIS2_PLACEMENT_3D ( 'NONE', #3531, #4740, #632 ) ;
#1061 = VERTEX_POINT ( 'NONE', #125 ) ;
#1062 = ORIENTED_EDGE ( 'NONE', *, *, #3443, .F. ) ;
#1063 = PLANE ( 'NONE',  #4155 ) ;
#1064 = LINE ( 'NONE', #2, #2333 ) ;
#1065 = ORIENTED_EDGE ( 'NONE', *, *, #3489, .F. ) ;
#1066 = ORIENTED_EDGE ( 'NONE', *, *, #4692, .F. ) ;
#1067 = DIRECTION ( 'NONE',  ( 0.000000000000000000, 0.000000000000000000, -1.000000000000000000 ) ) ;
#1068 = DIRECTION ( 'NONE',  ( 0.7071067811865474617, 0.000000000000000000, -0.7071067811865474617 ) ) ;
#1069 = LINE ( 'NONE', #1510, #324 ) ;
#1070 = ADVANCED_FACE ( 'NONE', ( #3457 ), #2714, .T. ) ;
#1071 = VERTEX_POINT ( 'NONE', #42 ) ;
#1072 = ORIENTED_EDGE ( 'NONE', *, *, #3875, .F. ) ;
#1073 = CARTESIAN_POINT ( 'NONE',  ( 30.39999999999999858, 0.000000000000000000, 38.94999999999999574 ) ) ;
#1074 = DIRECTION ( 'NONE',  ( 1.000000000000000000, 0.000000000000000000, -0.000000000000000000 ) ) ;
#1075 = DIRECTION ( 'NONE',  ( 0.000000000000000000, 0.000000000000000000, 1.000000000000000000 ) ) ;
#1076 = LINE ( 'NONE', #3242, #2035 ) ;
#1077 = DIRECTION ( 'NONE',  ( 0.7071067811865453523, -0.000000000000000000, 0.7071067811865497932 ) ) ;
#1078 = LINE ( 'NONE', #4804, #3150 ) ;
#1079 = ORIENTED_EDGE ( 'NONE', *, *, #2935, .T. ) ;
#1080 = ORIENTED_EDGE ( 'NONE', *, *, #663, .T. ) ;
#1081 = DIRECTION ( 'NONE',  ( 0.000000000000000000, -1.000000000000000000, 0.000000000000000000 ) ) ;
#1082 = DIRECTION ( 'NONE',  ( 1.000000000000000000, 0.000000000000000000, 0.000000000000000000 ) ) ;
#1083 = ADVANCED_FACE ( 'NONE', ( #464 ), #1560, .T. ) ;
#1084 = VERTEX_POINT ( 'NONE', #2741 ) ;
#1085 = ORIENTED_EDGE ( 'NONE', *, *, #4582, .T. ) ;
#1086 = DIRECTION ( 'NONE',  ( 1.000000000000000000, 0.000000000000000000, -1.196361017915039486E-16 ) ) ;
#1087 = DIRECTION ( 'NONE',  ( -3.252606517456510344E-16, 0.000000000000000000, -1.000000000000000000 ) ) ;
#1088 = FACE_OUTER_BOUND ( 'NONE', #3179, .T. ) ;
#1089 = ORIENTED_EDGE ( 'NONE', *, *, #2210, .F. ) ;
#1090 = VERTEX_POINT ( 'NONE', #2317 ) ;
#1091 = CARTESIAN_POINT ( 'NONE',  ( 61.39999999999999858, 54.30000000000004690, -29.58578643762690064 ) ) ;
#1092 = CIRCLE ( 'NONE', #233, 1.000000000000000888 ) ;
#1093 = CARTESIAN_POINT ( 'NONE',  ( 116.8660254037844481, -2.000000000000000000, 11.99999999999999467 ) ) ;
#1094 = CIRCLE ( 'NONE', #477, 2.100000000000004530 ) ;
#1095 = AXIS2_PLACEMENT_3D ( 'NONE', #468, #3356, #1226 ) ;
#1096 = CARTESIAN_POINT ( 'NONE',  ( 115.0000000000000000, 2.000000000000000000, 2.000000000000000444 ) ) ;
#1097 = DIRECTION ( 'NONE',  ( -1.000000000000000000, -6.938893903907222067E-15, 0.000000000000000000 ) ) ;
#1098 = CIRCLE ( 'NONE', #1172, 5.000000000000004441 ) ;
#1099 = AXIS2_PLACEMENT_3D ( 'NONE', #1678, #212, #3637 ) ;
#1100 = PRODUCT_DEFINITION_CONTEXT ( 'detailed design', #1012, 'design' ) ;
#1101 = AXIS2_PLACEMENT_3D ( 'NONE', #4392, #230, #1040 ) ;
#1102 = ORIENTED_EDGE ( 'NONE', *, *, #3645, .F. ) ;
#1103 = AXIS2_PLACEMENT_3D ( 'NONE', #2530, #672, #1305 ) ;
#1104 = ORIENTED_EDGE ( 'NONE', *, *, #692, .F. ) ;
#1105 = DIRECTION ( 'NONE',  ( 0.000000000000000000, -2.202823461557850095E-16, 1.000000000000000000 ) ) ;
#1106 = CARTESIAN_POINT ( 'NONE',  ( 115.0000000000000000, 6.523703418370021545, -36.25479946839499945 ) ) ;
#1107 = CIRCLE ( 'NONE', #2916, 1.199999999999999734 ) ;
#1108 = VERTEX_POINT ( 'NONE', #4237 ) ;
#1109 = EDGE_LOOP ( 'NONE', ( #1329, #4053, #664, #1744 ) ) ;
#1110 = LINE ( 'NONE', #339, #2543 ) ;
#1111 = EDGE_CURVE ( 'NONE', #1583, #3349, #2765, .T. ) ;
#1112 = DIRECTION ( 'NONE',  ( -1.000000000000000000, 0.000000000000000000, 0.000000000000000000 ) ) ;
#1113 = EDGE_LOOP ( 'NONE', ( #3972, #3083, #918, #382 ) ) ;
#1114 = ORIENTED_EDGE ( 'NONE', *, *, #3726, .F. ) ;
#1115 = DIRECTION ( 'NONE',  ( 0.000000000000000000, -1.000000000000000000, 0.000000000000000000 ) ) ;
#1116 = EDGE_CURVE ( 'NONE', #3540, #4402, #3872, .T. ) ;
#1117 = EDGE_CURVE ( 'NONE', #2840, #924, #674, .T. ) ;
#1118 = CARTESIAN_POINT ( 'NONE',  ( 84.60000000000000853, 1.000000000000000000, 36.95000000000000284 ) ) ;
#1119 = PLANE ( 'NONE',  #398 ) ;
#1120 = DIRECTION ( 'NONE',  ( 0.000000000000000000, -1.000000000000000000, 0.000000000000000000 ) ) ;
#1121 = AXIS2_PLACEMENT_3D ( 'NONE', #1118, #2245, #2619 ) ;
#1122 = PLANE ( 'NONE',  #803 ) ;
#1123 = EDGE_CURVE ( 'NONE', #1134, #1090, #3406, .T. ) ;
#1124 = CYLINDRICAL_SURFACE ( 'NONE', #4223, 1.000000000000000888 ) ;
#1125 = VECTOR ( 'NONE', #4666, 1000.000000000000000 ) ;
#1126 = ORIENTED_EDGE ( 'NONE', *, *, #3595, .F. ) ;
#1127 = EDGE_CURVE ( 'NONE', #2782, #1987, #3098, .T. ) ;
#1128 = DIRECTION ( 'NONE',  ( 0.000000000000000000, -0.7071067811865474617, -0.7071067811865474617 ) ) ;
#1129 = DIRECTION ( 'NONE',  ( 0.000000000000000000, 1.000000000000000000, 1.101411730778925047E-16 ) ) ;
#1130 = EDGE_CURVE ( 'NONE', #1258, #3933, #442, .T. ) ;
#1131 = VECTOR ( 'NONE', #862, 999.9999999999998863 ) ;
#1132 = EDGE_CURVE ( 'NONE', #4102, #3173, #65, .T. ) ;
#1133 = EDGE_LOOP ( 'NONE', ( #4348, #3980, #2885, #1013 ) ) ;
#1134 = VERTEX_POINT ( 'NONE', #4550 ) ;
#1135 = CARTESIAN_POINT ( 'NONE',  ( 126.5716306148988224, 14.09999999999999609, -33.25479946839504208 ) ) ;
#1136 = CARTESIAN_POINT ( 'NONE',  ( 0.000000000000000000, -3.000000000000000000, 47.16926539601615787 ) ) ;
#1137 = CARTESIAN_POINT ( 'NONE',  ( 0.000000000000000000, 6.523703418370021545, -36.25479946839499945 ) ) ;
#1138 = EDGE_CURVE ( 'NONE', #1039, #3598, #1912, .T. ) ;
#1139 = ADVANCED_FACE ( 'NONE', ( #4208 ), #4657, .T. ) ;
#1140 = ORIENTED_EDGE ( 'NONE', *, *, #1177, .T. ) ;
#1141 = ORIENTED_EDGE ( 'NONE', *, *, #2373, .F. ) ;
#1142 = CARTESIAN_POINT ( 'NONE',  ( 113.9999999999999858, 32.00000000000000000, 12.50000000000000355 ) ) ;
#1143 = DIRECTION ( 'NONE',  ( 0.000000000000000000, -2.478176394252582127E-16, -1.000000000000000000 ) ) ;
#1144 = CARTESIAN_POINT ( 'NONE',  ( 117.7320508075688821, -2.000000000000000000, 10.49999999999999112 ) ) ;
#1145 = LINE ( 'NONE', #2270, #2123 ) ;
#1146 = LINE ( 'NONE', #2667, #4546 ) ;
#1147 = LINE ( 'NONE', #763, #787 ) ;
#1148 = ADVANCED_FACE ( 'NONE', ( #3274 ), #4763, .F. ) ;
#1149 = ORIENTED_EDGE ( 'NONE', *, *, #4273, .T. ) ;
#1150 = CARTESIAN_POINT ( 'NONE',  ( 62.39999999999999858, 45.00000000000004974, -27.99999999999999645 ) ) ;
#1151 = CARTESIAN_POINT ( 'NONE',  ( 115.0000000000000000, 6.499999999999999112, -29.99999999999999645 ) ) ;
#1152 = ADVANCED_FACE ( 'NONE', ( #1300 ), #2908, .T. ) ;
#1153 = VERTEX_POINT ( 'NONE', #2516 ) ;
#1154 = ORIENTED_EDGE ( 'NONE', *, *, #1487, .T. ) ;
#1155 = LINE ( 'NONE', #4173, #118 ) ;
#1156 = DIRECTION ( 'NONE',  ( 0.000000000000000000, 0.000000000000000000, -1.000000000000000000 ) ) ;
#1157 = CARTESIAN_POINT ( 'NONE',  ( 1.000000000000000000, 41.25000000000000711, -28.99999999999999289 ) ) ;
#1158 = APPLICATION_CONTEXT ( 'automotive_design' ) ;
#1159 = ORIENTED_EDGE ( 'NONE', *, *, #335, .T. ) ;
#1160 = ORIENTED_EDGE ( 'NONE', *, *, #3423, .T. ) ;
#1161 = CARTESIAN_POINT ( 'NONE',  ( 119.0000000000000142, 56.00000000000000000, 2.000000000000029310 ) ) ;
#1162 = VERTEX_POINT ( 'NONE', #263 ) ;
#1163 = VECTOR ( 'NONE', #1806, 1000.000000000000000 ) ;
#1164 = LINE ( 'NONE', #4846, #3088 ) ;
#1165 = CARTESIAN_POINT ( 'NONE',  ( 84.60000000000000853, 2.000000000000000000, 35.95000000000000284 ) ) ;
#1166 = DIRECTION ( 'NONE',  ( -0.000000000000000000, -1.000000000000000000, -0.000000000000000000 ) ) ;
#1167 = CARTESIAN_POINT ( 'NONE',  ( 1.000000000000000000, 32.00000000000000000, 1.699999999999999956 ) ) ;
#1168 = CIRCLE ( 'NONE', #570, 1.000000000000000000 ) ;
#1169 = VECTOR ( 'NONE', #3429, 1000.000000000000000 ) ;
#1170 = DIRECTION ( 'NONE',  ( -0.000000000000000000, -1.000000000000000000, -0.000000000000000000 ) ) ;
#1171 = CARTESIAN_POINT ( 'NONE',  ( 107.0000000000000142, 31.50000000000000000, 4.299999999999998934 ) ) ;
#1172 = AXIS2_PLACEMENT_3D ( 'NONE', #845, #3904, #3535 ) ;
#1173 = ORIENTED_EDGE ( 'NONE', *, *, #2731, .T. ) ;
#1174 = VECTOR ( 'NONE', #2804, 1000.000000000000000 ) ;
#1175 = CARTESIAN_POINT ( 'NONE',  ( 118.0000000000000142, 62.00000000000000000, -0.7287565553229564674 ) ) ;
#1176 = DIRECTION ( 'NONE',  ( -1.000000000000000000, 0.000000000000000000, 0.000000000000000000 ) ) ;
#1177 = EDGE_CURVE ( 'NONE', #3000, #2287, #3689, .T. ) ;
#1178 = CIRCLE ( 'NONE', #1808, 1.000000000000000888 ) ;
#1179 = COLOUR_RGB ( '',0.7921568627450980005, 0.8196078431372548767, 0.9333333333333333481 ) ;
#1180 = EDGE_CURVE ( 'NONE', #4083, #1555, #1772, .T. ) ;
#1181 = VERTEX_POINT ( 'NONE', #683 ) ;
#1182 = EDGE_LOOP ( 'NONE', ( #1392, #1922, #1430, #3734 ) ) ;
#1183 = VECTOR ( 'NONE', #1455, 1000.000000000000000 ) ;
#1184 = CARTESIAN_POINT ( 'NONE',  ( 1.000000000000000000, 39.25000000000000711, -28.99999999999999289 ) ) ;
#1185 = CARTESIAN_POINT ( 'NONE',  ( 34.60000000000001563, 1.000000000000000000, 31.75000000000000000 ) ) ;
#1186 = CARTESIAN_POINT ( 'NONE',  ( 126.5716306148988224, 32.32629658162959885, -36.25479946839507051 ) ) ;
#1187 = VECTOR ( 'NONE', #1115, 1000.000000000000000 ) ;
#1188 = AXIS2_PLACEMENT_3D ( 'NONE', #2553, #4411, #4710 ) ;
#1189 = VERTEX_POINT ( 'NONE', #3987 ) ;
#1190 = ORIENTED_EDGE ( 'NONE', *, *, #1745, .T. ) ;
#1191 = EDGE_CURVE ( 'NONE', #1971, #2310, #174, .T. ) ;
#1192 = FACE_OUTER_BOUND ( 'NONE', #3778, .T. ) ;
#1193 = EDGE_CURVE ( 'NONE', #582, #2334, #637, .T. ) ;
#1194 = ADVANCED_FACE ( 'NONE', ( #2855 ), #1438, .F. ) ;
#1195 = EDGE_CURVE ( 'NONE', #4742, #3392, #2488, .T. ) ;
#1196 = ORIENTED_EDGE ( 'NONE', *, *, #1400, .T. ) ;
#1197 = EDGE_LOOP ( 'NONE', ( #765, #755, #2160, #1102 ) ) ;
#1198 = PLANE ( 'NONE',  #1518 ) ;
#1199 = DIRECTION ( 'NONE',  ( 0.000000000000000000, -2.202823461557850095E-16, 1.000000000000000000 ) ) ;
#1200 = CARTESIAN_POINT ( 'NONE',  ( 30.39999999999999858, 0.000000000000000000, 38.94999999999999574 ) ) ;
#1201 = DIRECTION ( 'NONE',  ( 0.000000000000000000, 0.000000000000000000, -1.000000000000000000 ) ) ;
#1202 = CYLINDRICAL_SURFACE ( 'NONE', #3528, 2.500000000000002220 ) ;
#1203 = DIRECTION ( 'NONE',  ( 0.000000000000000000, -1.000000000000000000, 0.000000000000000000 ) ) ;
#1204 = ADVANCED_FACE ( 'NONE', ( #2956 ), #4349, .F. ) ;
#1205 = ORIENTED_EDGE ( 'NONE', *, *, #3804, .F. ) ;
#1206 = CARTESIAN_POINT ( 'NONE',  ( 117.0471840118029121, 58.01379580730655050, 11.75300906901255615 ) ) ;
#1207 = CARTESIAN_POINT ( 'NONE',  ( 115.0000000000000000, 29.00000000000000000, -29.99999999999999645 ) ) ;
#1208 = DIRECTION ( 'NONE',  ( 0.000000000000000000, 1.000000000000000000, 0.000000000000000000 ) ) ;
#1209 = CIRCLE ( 'NONE', #3475, 2.100000000000004530 ) ;
#1210 = VERTEX_POINT ( 'NONE', #4794 ) ;
#1211 = ORIENTED_EDGE ( 'NONE', *, *, #3306, .T. ) ;
#1212 = VECTOR ( 'NONE', #2561, 1000.000000000000000 ) ;
#1213 = CARTESIAN_POINT ( 'NONE',  ( 115.0000000000000000, 2.000000000000001776, 47.16926539601615787 ) ) ;
#1214 = DIRECTION ( 'NONE',  ( 0.000000000000000000, 0.000000000000000000, -1.000000000000000000 ) ) ;
#1215 = CARTESIAN_POINT ( 'NONE',  ( 115.0000000000000000, 63.00000000000001421, -42.49999999999998579 ) ) ;
#1216 = VECTOR ( 'NONE', #3091, 1000.000000000000000 ) ;
#1217 = EDGE_LOOP ( 'NONE', ( #4624, #1533, #1625, #4796 ) ) ;
#1218 = ORIENTED_EDGE ( 'NONE', *, *, #691, .T. ) ;
#1219 = DIRECTION ( 'NONE',  ( -0.000000000000000000, 1.000000000000000000, -0.000000000000000000 ) ) ;
#1220 = ORIENTED_EDGE ( 'NONE', *, *, #578, .F. ) ;
#1221 = ORIENTED_EDGE ( 'NONE', *, *, #3141, .F. ) ;
#1222 = CARTESIAN_POINT ( 'NONE',  ( 115.0000000000000000, 39.55499999999999972, -42.49999999999998579 ) ) ;
#1223 = LINE ( 'NONE', #1665, #2034 ) ;
#1224 = CARTESIAN_POINT ( 'NONE',  ( 3.000000000000030198, 56.00000000000000000, 0.000000000000000000 ) ) ;
#1225 = LINE ( 'NONE', #1561, #4781 ) ;
#1226 = DIRECTION ( 'NONE',  ( 0.000000000000000000, 0.000000000000000000, -1.000000000000000000 ) ) ;
#1227 = CYLINDRICAL_SURFACE ( 'NONE', #279, 1.000000000000000888 ) ;
#1228 = VERTEX_POINT ( 'NONE', #3255 ) ;
#1229 = LINE ( 'NONE', #4213, #2819 ) ;
#1230 = CARTESIAN_POINT ( 'NONE',  ( 116.0000000000000000, 32.00000000000000000, 13.50000000000000533 ) ) ;
#1231 = CYLINDRICAL_SURFACE ( 'NONE', #4159, 1.000000000000000888 ) ;
#1232 = LINE ( 'NONE', #73, #2029 ) ;
#1233 = EDGE_CURVE ( 'NONE', #4010, #1071, #1388, .T. ) ;
#1234 = ORIENTED_EDGE ( 'NONE', *, *, #629, .F. ) ;
#1235 = ORIENTED_EDGE ( 'NONE', *, *, #3390, .T. ) ;
#1236 = LINE ( 'NONE', #1547, #1831 ) ;
#1237 = CARTESIAN_POINT ( 'NONE',  ( 89.00000000000001421, 55.99999999999999289, -27.99999999999999645 ) ) ;
#1238 = CARTESIAN_POINT ( 'NONE',  ( 116.9616403148699533, 57.13820990914143039, 11.85677677431902488 ) ) ;
#1239 = EDGE_CURVE ( 'NONE', #723, #3598, #1410, .T. ) ;
#1240 = ORIENTED_EDGE ( 'NONE', *, *, #4118, .T. ) ;
#1241 = ORIENTED_EDGE ( 'NONE', *, *, #3391, .F. ) ;
#1242 = CARTESIAN_POINT ( 'NONE',  ( 1.000000000000000000, 40.25000000000000711, -5.020842383436391110 ) ) ;
#1243 = ORIENTED_EDGE ( 'NONE', *, *, #974, .T. ) ;
#1244 = ORIENTED_EDGE ( 'NONE', *, *, #4605, .F. ) ;
#1245 = FACE_OUTER_BOUND ( 'NONE', #1567, .T. ) ;
#1246 = CYLINDRICAL_SURFACE ( 'NONE', #1810, 1.000000000000000888 ) ;
#1247 = DIRECTION ( 'NONE',  ( 0.000000000000000000, 0.000000000000000000, -1.000000000000000000 ) ) ;
#1248 = DIRECTION ( 'NONE',  ( 1.000000000000000000, -0.000000000000000000, -0.000000000000000000 ) ) ;
#1249 = DIRECTION ( 'NONE',  ( 0.000000000000000000, 0.000000000000000000, -1.000000000000000000 ) ) ;
#1250 = AXIS2_PLACEMENT_3D ( 'NONE', #737, #2962, #4450 ) ;
#1251 = ORIENTED_EDGE ( 'NONE', *, *, #3803, .T. ) ;
#1252 = CARTESIAN_POINT ( 'NONE',  ( 1.000000000000000000, 33.00000000000000000, 13.50000000000001954 ) ) ;
#1253 = CARTESIAN_POINT ( 'NONE',  ( 117.1550878392362449, 57.22853739027374331, 11.67864891200104438 ) ) ;
#1254 = DIRECTION ( 'NONE',  ( 1.000000000000000000, -0.000000000000000000, -0.000000000000000000 ) ) ;
#1255 = CIRCLE ( 'NONE', #2112, 1.000000000000000888 ) ;
#1256 = ORIENTED_EDGE ( 'NONE', *, *, #690, .T. ) ;
#1257 = VECTOR ( 'NONE', #3177, 1000.000000000000000 ) ;
#1258 = VERTEX_POINT ( 'NONE', #4035 ) ;
#1259 = DIRECTION ( 'NONE',  ( -0.000000000000000000, 1.000000000000000000, -0.000000000000000000 ) ) ;
#1260 = DIRECTION ( 'NONE',  ( 0.000000000000000000, 0.000000000000000000, -1.000000000000000000 ) ) ;
#1261 = CARTESIAN_POINT ( 'NONE',  ( 107.0000000000000142, 31.50000000000000000, 5.499999999999999112 ) ) ;
#1262 = VECTOR ( 'NONE', #294, 1000.000000000000000 ) ;
#1263 = CIRCLE ( 'NONE', #1956, 1.000000000000000888 ) ;
#1264 = ORIENTED_EDGE ( 'NONE', *, *, #4639, .F. ) ;
#1265 = VECTOR ( 'NONE', #656, 1000.000000000000000 ) ;
#1266 = EDGE_CURVE ( 'NONE', #60, #459, #2563, .T. ) ;
#1267 = ORIENTED_EDGE ( 'NONE', *, *, #3014, .T. ) ;
#1268 = VECTOR ( 'NONE', #4354, 1000.000000000000000 ) ;
#1269 = CARTESIAN_POINT ( 'NONE',  ( 116.0000000000000000, 58.06993351408365100, 11.66666666666666963 ) ) ;
#1270 = VECTOR ( 'NONE', #3655, 1000.000000000000000 ) ;
#1271 = VERTEX_POINT ( 'NONE', #4080 ) ;
#1272 = ORIENTED_EDGE ( 'NONE', *, *, #3374, .T. ) ;
#1273 = DIRECTION ( 'NONE',  ( 0.000000000000000000, -1.000000000000000000, 0.000000000000000000 ) ) ;
#1274 = CARTESIAN_POINT ( 'NONE',  ( 80.40000000000000568, 0.000000000000000000, 30.74999999999999289 ) ) ;
#1275 = DIRECTION ( 'NONE',  ( -0.000000000000000000, 1.000000000000000000, 0.000000000000000000 ) ) ;
#1276 = CARTESIAN_POINT ( 'NONE',  ( 116.5000000000000000, -0.7000000000000020650, -42.63397459621555186 ) ) ;
#1277 = ADVANCED_FACE ( 'NONE', ( #4399 ), #1045, .F. ) ;
#1278 = DIRECTION ( 'NONE',  ( -1.000000000000000000, 0.000000000000000000, 0.000000000000000000 ) ) ;
#1279 = CARTESIAN_POINT ( 'NONE',  ( 45.00000000000000000, 45.00000000000004974, -29.58578643762690064 ) ) ;
#1280 = DIRECTION ( 'NONE',  ( -0.000000000000000000, 1.000000000000000000, -4.053092233590671617E-18 ) ) ;
#1281 = DIRECTION ( 'NONE',  ( 0.000000000000000000, 0.000000000000000000, 1.000000000000000000 ) ) ;
#1282 = EDGE_CURVE ( 'NONE', #1181, #2281, #2026, .T. ) ;
#1283 = CARTESIAN_POINT ( 'NONE',  ( 0.000000000000000000, 6.500000000000000000, -33.25474111729089088 ) ) ;
#1284 = ORIENTED_EDGE ( 'NONE', *, *, #800, .F. ) ;
#1285 = EDGE_CURVE ( 'NONE', #2881, #1453, #3327, .T. ) ;
#1286 = ORIENTED_EDGE ( 'NONE', *, *, #4302, .F. ) ;
#1287 = EDGE_CURVE ( 'NONE', #1039, #1340, #3074, .T. ) ;
#1288 = LINE ( 'NONE', #229, #1125 ) ;
#1289 = DIRECTION ( 'NONE',  ( 0.000000000000000000, -0.8320502943373823124, -0.5547001962259211494 ) ) ;
#1290 = DIRECTION ( 'NONE',  ( -1.000000000000000000, 0.000000000000000000, -0.000000000000000000 ) ) ;
#1291 = VERTEX_POINT ( 'NONE', #4534 ) ;
#1292 = ORIENTED_EDGE ( 'NONE', *, *, #829, .T. ) ;
#1293 = CARTESIAN_POINT ( 'NONE',  ( 117.7320508075688821, 58.28595479208968300, 10.83333333333333748 ) ) ;
#1294 = CIRCLE ( 'NONE', #4493, 2.099999999999997868 ) ;
#1295 = EDGE_CURVE ( 'NONE', #3515, #582, #11, .T. ) ;
#1296 = ORIENTED_EDGE ( 'NONE', *, *, #3786, .F. ) ;
#1297 = ORIENTED_EDGE ( 'NONE', *, *, #2565, .F. ) ;
#1298 = CARTESIAN_POINT ( 'NONE',  ( -38.54935264588078780, 55.99999999999999289, 12.50000000000000355 ) ) ;
#1299 = CARTESIAN_POINT ( 'NONE',  ( 34.60000000000000142, 0.000000000000000000, 33.85000000000000142 ) ) ;
#1300 = FACE_OUTER_BOUND ( 'NONE', #2286, .T. ) ;
#1301 = CARTESIAN_POINT ( 'NONE',  ( 115.0000000000000000, -0.7000000000000023981, -42.49999999999999289 ) ) ;
#1302 = EDGE_CURVE ( 'NONE', #1258, #4038, #4840, .T. ) ;
#1303 = CARTESIAN_POINT ( 'NONE',  ( 43.99999999999998579, 44.00000000000004263, -29.99999999999999645 ) ) ;
#1304 = LINE ( 'NONE', #2793, #3920 ) ;
#1305 = DIRECTION ( 'NONE',  ( 0.000000000000000000, 0.5547001962257784857, 0.8320502943374774585 ) ) ;
#1306 = DIRECTION ( 'NONE',  ( 0.000000000000000000, 1.000000000000000000, -0.000000000000000000 ) ) ;
#1307 = ADVANCED_FACE ( 'NONE', ( #4474 ), #1870, .T. ) ;
#1308 = VERTEX_POINT ( 'NONE', #1185 ) ;
#1309 = ORIENTED_EDGE ( 'NONE', *, *, #922, .T. ) ;
#1310 = CARTESIAN_POINT ( 'NONE',  ( 118.0000000000000142, 48.00000000000000000, -41.49999999999999289 ) ) ;
#1311 = CARTESIAN_POINT ( 'NONE',  ( 0.000000000000000000, 1.000000000000000000, 47.16926539601615787 ) ) ;
#1312 = LINE ( 'NONE', #1334, #4231 ) ;
#1313 = ORIENTED_EDGE ( 'NONE', *, *, #1400, .F. ) ;
#1314 = EDGE_LOOP ( 'NONE', ( #1863, #1530, #3842 ) ) ;
#1315 =( BOUNDED_CURVE ( )  B_SPLINE_CURVE ( 3, ( #1805, #3626, #2081, #2099 ),
 .UNSPECIFIED., .F., .F. ) 
 B_SPLINE_CURVE_WITH_KNOTS ( ( 4, 4 ),
 ( 3.141592653589793116, 4.712388980384689674 ),
 .UNSPECIFIED. ) 
 CURVE ( )  GEOMETRIC_REPRESENTATION_ITEM ( )  RATIONAL_B_SPLINE_CURVE ( ( 1.000000000000000000, 0.8047378541243649375, 0.8047378541243649375, 1.000000000000000000 ) ) 
 REPRESENTATION_ITEM ( '' )  );
#1316 = CARTESIAN_POINT ( 'NONE',  ( 126.5716306148988224, 34.08550813762892773, -33.36856425738304921 ) ) ;
#1317 = ORIENTED_EDGE ( 'NONE', *, *, #2074, .F. ) ;
#1318 = ORIENTED_EDGE ( 'NONE', *, *, #758, .F. ) ;
#1319 = LINE ( 'NONE', #4627, #743 ) ;
#1320 = CARTESIAN_POINT ( 'NONE',  ( 115.0000000000000000, 56.99999999999999289, -29.99999999999999645 ) ) ;
#1321 = SPHERICAL_SURFACE ( 'NONE', #3045, 1.000000000000000000 ) ;
#1322 = CARTESIAN_POINT ( 'NONE',  ( 118.0000000000000142, 58.10102051443363536, 11.50000000000000355 ) ) ;
#1323 = DIRECTION ( 'NONE',  ( 0.000000000000000000, 0.000000000000000000, 1.000000000000000000 ) ) ;
#1324 = ORIENTED_EDGE ( 'NONE', *, *, #2354, .F. ) ;
#1325 = CARTESIAN_POINT ( 'NONE',  ( 2.667058458209869531, 55.66705845820985132, -3.051350208748651927 ) ) ;
#1326 = CARTESIAN_POINT ( 'NONE',  ( 117.5113986378622712, 58.04696233817331574, 11.51801370931480584 ) ) ;
#1327 = FACE_OUTER_BOUND ( 'NONE', #3193, .T. ) ;
#1328 = ORIENTED_EDGE ( 'NONE', *, *, #3478, .T. ) ;
#1329 = ORIENTED_EDGE ( 'NONE', *, *, #2823, .T. ) ;
#1330 = EDGE_CURVE ( 'NONE', #2604, #342, #1789, .T. ) ;
#1331 = DIRECTION ( 'NONE',  ( 1.000000000000000000, 0.000000000000000000, 0.000000000000000000 ) ) ;
#1332 = CIRCLE ( 'NONE', #1791, 2.500000000000002220 ) ;
#1333 = CARTESIAN_POINT ( 'NONE',  ( 84.60000000000000853, 1.000000000000000000, 35.95000000000000284 ) ) ;
#1334 = CARTESIAN_POINT ( 'NONE',  ( 116.0000000000000000, 58.00000000000000000, 13.50000000000000533 ) ) ;
#1335 = EDGE_CURVE ( 'NONE', #1003, #305, #2702, .T. ) ;
#1336 = VECTOR ( 'NONE', #4818, 1000.000000000000000 ) ;
#1337 = EDGE_CURVE ( 'NONE', #1071, #3159, #2811, .T. ) ;
#1338 = CIRCLE ( 'NONE', #1726, 8.100000000000017408 ) ;
#1339 = CIRCLE ( 'NONE', #2346, 1.199999999999999734 ) ;
#1340 = VERTEX_POINT ( 'NONE', #2307 ) ;
#1341 = VERTEX_POINT ( 'NONE', #3366 ) ;
#1342 = AXIS2_PLACEMENT_3D ( 'NONE', #3950, #1739, #220 ) ;
#1343 = DIRECTION ( 'NONE',  ( 0.000000000000000000, 0.000000000000000000, -1.000000000000000000 ) ) ;
#1344 = VECTOR ( 'NONE', #1651, 1000.000000000000000 ) ;
#1345 = ADVANCED_FACE ( 'NONE', ( #3760 ), #53, .T. ) ;
#1346 = EDGE_LOOP ( 'NONE', ( #3013, #1552, #1707, #1462 ) ) ;
#1347 = CIRCLE ( 'NONE', #3850, 1.000000000000000888 ) ;
#1348 = VERTEX_POINT ( 'NONE', #772 ) ;
#1349 = EDGE_CURVE ( 'NONE', #2334, #1258, #1917, .T. ) ;
#1350 = FACE_OUTER_BOUND ( 'NONE', #2763, .T. ) ;
#1351 = EDGE_CURVE ( 'NONE', #1228, #3568, #2596, .T. ) ;
#1352 = VECTOR ( 'NONE', #3905, 1000.000000000000000 ) ;
#1353 = DIRECTION ( 'NONE',  ( 0.000000000000000000, 0.000000000000000000, -1.000000000000000000 ) ) ;
#1354 = CARTESIAN_POINT ( 'NONE',  ( 1.000000000000000000, 40.25000000000000711, -4.999999999999990230 ) ) ;
#1355 = EDGE_CURVE ( 'NONE', #2234, #4171, #3458, .T. ) ;
#1356 = DIRECTION ( 'NONE',  ( -0.000000000000000000, -1.000000000000000000, -0.000000000000000000 ) ) ;
#1357 = CARTESIAN_POINT ( 'NONE',  ( 30.39999999999999858, -3.000000000000000000, 25.74999999999999645 ) ) ;
#1358 = CARTESIAN_POINT ( 'NONE',  ( 117.3871257661056831, 57.30371742447916716, 11.55730711543445288 ) ) ;
#1359 = DIRECTION ( 'NONE',  ( 1.000000000000000000, -0.000000000000000000, -2.168404344971010840E-16 ) ) ;
#1360 = EDGE_CURVE ( 'NONE', #3072, #4327, #453, .T. ) ;
#1361 = ORIENTED_EDGE ( 'NONE', *, *, #1282, .F. ) ;
#1362 = ORIENTED_EDGE ( 'NONE', *, *, #4306, .F. ) ;
#1363 = CARTESIAN_POINT ( 'NONE',  ( 115.0000000000000000, 4.730996777863602176, -33.56573950764021674 ) ) ;
#1364 = FACE_OUTER_BOUND ( 'NONE', #4590, .T. ) ;
#1365 = DIRECTION ( 'NONE',  ( 0.000000000000000000, 0.000000000000000000, -1.000000000000000000 ) ) ;
#1366 = EDGE_LOOP ( 'NONE', ( #557, #1873, #744, #4224 ) ) ;
#1367 = ORIENTED_EDGE ( 'NONE', *, *, #3222, .F. ) ;
#1368 = VECTOR ( 'NONE', #3629, 1000.000000000000000 ) ;
#1369 = FACE_OUTER_BOUND ( 'NONE', #2928, .T. ) ;
#1370 = AXIS2_PLACEMENT_3D ( 'NONE', #1479, #4473, #4793 ) ;
#1371 = ORIENTED_EDGE ( 'NONE', *, *, #4819, .F. ) ;
#1372 = ORIENTED_EDGE ( 'NONE', *, *, #191, .F. ) ;
#1373 = DIRECTION ( 'NONE',  ( -1.000000000000000000, 0.000000000000000000, 0.000000000000000000 ) ) ;
#1374 = AXIS2_PLACEMENT_3D ( 'NONE', #3508, #3430, #1952 ) ;
#1375 = CARTESIAN_POINT ( 'NONE',  ( 119.0000000000000142, -0.2857864376269103612, -68.83578643762689353 ) ) ;
#1376 = CARTESIAN_POINT ( 'NONE',  ( 117.7320508075688821, -2.000000000000000000, 12.49999999999999645 ) ) ;
#1377 = AXIS2_PLACEMENT_3D ( 'NONE', #3585, #2439, #3936 ) ;
#1378 = LINE ( 'NONE', #2945, #3951 ) ;
#1379 = DIRECTION ( 'NONE',  ( 0.000000000000000000, -1.000000000000000000, 0.000000000000000000 ) ) ;
#1380 = CARTESIAN_POINT ( 'NONE',  ( 107.0000000000000142, 31.50000000000000711, -33.50000000000000000 ) ) ;
#1381 = DIRECTION ( 'NONE',  ( 0.000000000000000000, 0.000000000000000000, -1.000000000000000000 ) ) ;
#1382 = VERTEX_POINT ( 'NONE', #2998 ) ;
#1383 = ORIENTED_EDGE ( 'NONE', *, *, #1637, .T. ) ;
#1384 = DIRECTION ( 'NONE',  ( -0.4947274449181512934, -0.1448413648755807470, 0.8568930704969766055 ) ) ;
#1385 = CARTESIAN_POINT ( 'NONE',  ( 67.39999999999997726, 39.00000000000009237, -22.99999999999995381 ) ) ;
#1386 = EDGE_LOOP ( 'NONE', ( #1662, #1606, #2237, #1324 ) ) ;
#1387 = ORIENTED_EDGE ( 'NONE', *, *, #3900, .T. ) ;
#1388 = LINE ( 'NONE', #2883, #3447 ) ;
#1389 = LINE ( 'NONE', #2856, #1174 ) ;
#1390 = EDGE_CURVE ( 'NONE', #1048, #86, #3394, .T. ) ;
#1391 = EDGE_LOOP ( 'NONE', ( #343, #2805, #3215, #356 ) ) ;
#1392 = ORIENTED_EDGE ( 'NONE', *, *, #411, .T. ) ;
#1393 = DIRECTION ( 'NONE',  ( 1.000000000000000000, 0.000000000000000000, 1.652117596168388150E-15 ) ) ;
#1394 = FACE_OUTER_BOUND ( 'NONE', #849, .T. ) ;
#1395 = DIRECTION ( 'NONE',  ( 0.000000000000000000, 0.000000000000000000, -1.000000000000000000 ) ) ;
#1396 = CARTESIAN_POINT ( 'NONE',  ( 126.5716306148988224, 14.09999999999999609, -33.45479946839446939 ) ) ;
#1397 = CARTESIAN_POINT ( 'NONE',  ( 24.00000000000000355, 41.25000000000000711, -28.99999999999999289 ) ) ;
#1398 = CARTESIAN_POINT ( 'NONE',  ( 44.58578643762687932, 54.71421356237313205, -29.99999999999999645 ) ) ;
#1399 = CARTESIAN_POINT ( 'NONE',  ( -5.000000000000044409, 48.00000000000017053, 4.500000000000154543 ) ) ;
#1400 = EDGE_CURVE ( 'NONE', #4327, #4367, #3021, .T. ) ;
#1401 = ORIENTED_EDGE ( 'NONE', *, *, #3235, .T. ) ;
#1402 = EDGE_LOOP ( 'NONE', ( #154, #4646, #4650, #3906 ) ) ;
#1403 = CARTESIAN_POINT ( 'NONE',  ( 115.0000000000000000, 2.000000000000000000, 0.000000000000000000 ) ) ;
#1404 = LINE ( 'NONE', #1702, #3369 ) ;
#1405 = AXIS2_PLACEMENT_3D ( 'NONE', #1380, #2105, #4317 ) ;
#1406 = ORIENTED_EDGE ( 'NONE', *, *, #2873, .F. ) ;
#1407 = AXIS2_PLACEMENT_3D ( 'NONE', #181, #204, #2351 ) ;
#1408 = ORIENTED_EDGE ( 'NONE', *, *, #1837, .T. ) ;
#1409 = CARTESIAN_POINT ( 'NONE',  ( 1.000000000000000000, 41.25000000000000711, -4.999999999999990230 ) ) ;
#1410 = LINE ( 'NONE', #1020, #1336 ) ;
#1411 = CARTESIAN_POINT ( 'NONE',  ( 115.0000000000000000, 12.19999999999999929, -33.25479946839504919 ) ) ;
#1412 = VECTOR ( 'NONE', #1373, 1000.000000000000000 ) ;
#1413 = VECTOR ( 'NONE', #4336, 1000.000000000000000 ) ;
#1414 = EDGE_CURVE ( 'NONE', #924, #2282, #2274, .T. ) ;
#1415 = VERTEX_POINT ( 'NONE', #799 ) ;
#1416 = ORIENTED_EDGE ( 'NONE', *, *, #3391, .T. ) ;
#1417 = AXIS2_PLACEMENT_3D ( 'NONE', #2169, #3666, #309 ) ;
#1418 = CARTESIAN_POINT ( 'NONE',  ( 126.5716306148988224, 26.65000000000000213, -33.25479946839506340 ) ) ;
#1419 = CARTESIAN_POINT ( 'NONE',  ( 30.39999999999999858, 1.000000000000000000, 30.75000000000000000 ) ) ;
#1420 = LINE ( 'NONE', #4356, #4468 ) ;
#1421 = CIRCLE ( 'NONE', #485, 1.000000000000000000 ) ;
#1422 = CIRCLE ( 'NONE', #4153, 3.100000000000005418 ) ;
#1423 = AXIS2_PLACEMENT_3D ( 'NONE', #898, #3833, #188 ) ;
#1424 = CARTESIAN_POINT ( 'NONE',  ( 0.000000000000000000, 58.00000000000000000, 0.000000000000000000 ) ) ;
#1425 = DIRECTION ( 'NONE',  ( 0.000000000000000000, 1.000000000000000000, 0.000000000000000000 ) ) ;
#1426 = CARTESIAN_POINT ( 'NONE',  ( 117.0000000000000000, 56.00000000000000000, 0.000000000000000000 ) ) ;
#1427 = AXIS2_PLACEMENT_3D ( 'NONE', #2150, #3648, #4403 ) ;
#1428 = CARTESIAN_POINT ( 'NONE',  ( 118.0000000000000142, 63.00000000000000000, 12.50000000000000355 ) ) ;
#1429 = VECTOR ( 'NONE', #3359, 1000.000000000000000 ) ;
#1430 = ORIENTED_EDGE ( 'NONE', *, *, #4194, .F. ) ;
#1431 = EDGE_CURVE ( 'NONE', #2491, #563, #3711, .T. ) ;
#1432 = EDGE_LOOP ( 'NONE', ( #2830, #4205, #1867, #2727 ) ) ;
#1433 = CARTESIAN_POINT ( 'NONE',  ( 0.000000000000000000, 32.00000000000000000, 0.000000000000000000 ) ) ;
#1434 = FACE_BOUND ( 'NONE', #2854, .T. ) ;
#1435 = ORIENTED_EDGE ( 'NONE', *, *, #1046, .F. ) ;
#1436 = ORIENTED_EDGE ( 'NONE', *, *, #143, .F. ) ;
#1437 = CARTESIAN_POINT ( 'NONE',  ( 80.40000000000000568, 0.000000000000000000, 38.95000000000000995 ) ) ;
#1438 = CYLINDRICAL_SURFACE ( 'NONE', #2109, 1.199999999999999734 ) ;
#1439 = LINE ( 'NONE', #754, #4385 ) ;
#1440 = EDGE_LOOP ( 'NONE', ( #4757, #439, #1913, #2388 ) ) ;
#1441 = ORIENTED_EDGE ( 'NONE', *, *, #1999, .F. ) ;
#1442 = CYLINDRICAL_SURFACE ( 'NONE', #2913, 1.000000000000000888 ) ;
#1443 = FACE_BOUND ( 'NONE', #3967, .T. ) ;
#1444 = ADVANCED_FACE ( 'NONE', ( #3347 ), #2779, .T. ) ;
#1445 = EDGE_CURVE ( 'NONE', #2753, #1898, #3886, .T. ) ;
#1446 = VECTOR ( 'NONE', #367, 1000.000000000000000 ) ;
#1447 = AXIS2_PLACEMENT_3D ( 'NONE', #540, #1687, #954 ) ;
#1448 = CARTESIAN_POINT ( 'NONE',  ( 89.00000000000001421, 7.000000000000000000, -27.99999999999999645 ) ) ;
#1449 = CARTESIAN_POINT ( 'NONE',  ( 30.39999999999999858, 2.000000000000000000, 31.75000000000000000 ) ) ;
#1450 = CARTESIAN_POINT ( 'NONE',  ( 0.000000000000000000, 32.32629658162959885, -36.25479946839507051 ) ) ;
#1451 = CARTESIAN_POINT ( 'NONE',  ( 116.0000000000000000, 32.00000000000000000, 12.50000000000000355 ) ) ;
#1452 = ADVANCED_FACE ( 'NONE', ( #3937 ), #158, .T. ) ;
#1453 = VERTEX_POINT ( 'NONE', #1333 ) ;
#1454 = ORIENTED_EDGE ( 'NONE', *, *, #4767, .T. ) ;
#1455 = DIRECTION ( 'NONE',  ( 0.000000000000000000, -1.000000000000000000, 0.000000000000000000 ) ) ;
#1456 = DIRECTION ( 'NONE',  ( 0.000000000000000000, 0.000000000000000000, 1.000000000000000000 ) ) ;
#1457 = ORIENTED_EDGE ( 'NONE', *, *, #783, .T. ) ;
#1458 = ORIENTED_EDGE ( 'NONE', *, *, #1626, .T. ) ;
#1459 = FACE_OUTER_BOUND ( 'NONE', #659, .T. ) ;
#1460 = DIRECTION ( 'NONE',  ( 1.000000000000000000, -0.000000000000000000, -0.000000000000000000 ) ) ;
#1461 = CARTESIAN_POINT ( 'NONE',  ( 44.00000000000000000, 55.30000000000003979, -27.99999999999999645 ) ) ;
#1462 = ORIENTED_EDGE ( 'NONE', *, *, #946, .F. ) ;
#1463 = EDGE_LOOP ( 'NONE', ( #679, #2216, #734, #2116 ) ) ;
#1464 = DIRECTION ( 'NONE',  ( 0.000000000000000000, 0.000000000000000000, -1.000000000000000000 ) ) ;
#1465 = CARTESIAN_POINT ( 'NONE',  ( 62.40000000000001279, 44.00000000000004263, -29.99999999999999645 ) ) ;
#1466 = CARTESIAN_POINT ( 'NONE',  ( 1.000000000000000000, 6.499999999999999112, -28.99999999999999289 ) ) ;
#1467 = DIRECTION ( 'NONE',  ( 0.000000000000000000, 0.000000000000000000, -1.000000000000000000 ) ) ;
#1468 = CARTESIAN_POINT ( 'NONE',  ( 1.000000000000000000, 57.00000000000000000, -3.999999999999989786 ) ) ;
#1469 = CARTESIAN_POINT ( 'NONE',  ( 113.0000000000000000, 2.000000000000000000, 0.000000000000000000 ) ) ;
#1470 = EDGE_CURVE ( 'NONE', #2582, #2255, #4539, .T. ) ;
#1471 = EDGE_LOOP ( 'NONE', ( #821, #3939, #1406, #105 ) ) ;
#1472 = EDGE_LOOP ( 'NONE', ( #1733, #3071, #598, #1887 ) ) ;
#1473 = DIRECTION ( 'NONE',  ( 1.000000000000000000, -0.000000000000000000, -0.000000000000000000 ) ) ;
#1474 = DIRECTION ( 'NONE',  ( 0.000000000000000000, -1.101411730778924061E-16, 1.000000000000000000 ) ) ;
#1475 = ORIENTED_EDGE ( 'NONE', *, *, #2275, .F. ) ;
#1476 = ADVANCED_FACE ( 'NONE', ( #1701 ), #3196, .T. ) ;
#1477 = ORIENTED_EDGE ( 'NONE', *, *, #44, .F. ) ;
#1478 = EDGE_CURVE ( 'NONE', #3199, #3298, #3305, .T. ) ;
#1479 = CARTESIAN_POINT ( 'NONE',  ( 3.000000000000028866, 2.000000000000000000, 0.000000000000000000 ) ) ;
#1480 = ADVANCED_FACE ( 'NONE', ( #1677 ), #4614, .T. ) ;
#1481 = DIRECTION ( 'NONE',  ( 0.000000000000000000, 1.000000000000000000, 3.652049423109073546E-15 ) ) ;
#1482 = LINE ( 'NONE', #4107, #1877 ) ;
#1483 = ADVANCED_FACE ( 'NONE', ( #3152 ), #3566, .T. ) ;
#1484 = CIRCLE ( 'NONE', #2583, 2.500000000000002220 ) ;
#1485 = ORIENTED_EDGE ( 'NONE', *, *, #4089, .F. ) ;
#1486 = ORIENTED_EDGE ( 'NONE', *, *, #528, .T. ) ;
#1487 = EDGE_CURVE ( 'NONE', #1308, #3260, #3770, .T. ) ;
#1488 = CARTESIAN_POINT ( 'NONE',  ( 0.000000000000000000, 58.00000000000000000, 13.50000000000001954 ) ) ;
#1489 = EDGE_CURVE ( 'NONE', #2673, #3869, #1991, .T. ) ;
#1490 = VECTOR ( 'NONE', #706, 1000.000000000000000 ) ;
#1491 = EDGE_CURVE ( 'NONE', #1071, #2261, #483, .T. ) ;
#1492 = EDGE_CURVE ( 'NONE', #4372, #4321, #2799, .T. ) ;
#1493 = FACE_BOUND ( 'NONE', #4721, .T. ) ;
#1494 = LINE ( 'NONE', #20, #4239 ) ;
#1495 = VECTOR ( 'NONE', #2772, 999.9999999999998863 ) ;
#1496 = EDGE_CURVE ( 'NONE', #1930, #4201, #1965, .T. ) ;
#1497 = DIRECTION ( 'NONE',  ( 1.000000000000000000, 0.000000000000000000, 0.000000000000000000 ) ) ;
#1498 = AXIS2_PLACEMENT_3D ( 'NONE', #4393, #3966, #1725 ) ;
#1499 = DIRECTION ( 'NONE',  ( -1.000000000000000000, 0.000000000000000000, 0.000000000000000000 ) ) ;
#1500 = VECTOR ( 'NONE', #1077, 1000.000000000000114 ) ;
#1501 = ORIENTED_EDGE ( 'NONE', *, *, #2542, .F. ) ;
#1502 = LINE ( 'NONE', #4120, #956 ) ;
#1503 = DIRECTION ( 'NONE',  ( -1.000000000000000000, 0.000000000000000000, 0.000000000000000000 ) ) ;
#1504 = VECTOR ( 'NONE', #2087, 1000.000000000000000 ) ;
#1505 = ADVANCED_FACE ( 'NONE', ( #3176 ), #579, .T. ) ;
#1506 = ORIENTED_EDGE ( 'NONE', *, *, #3124, .F. ) ;
#1507 = ORIENTED_EDGE ( 'NONE', *, *, #1780, .T. ) ;
#1508 = LINE ( 'NONE', #1135, #1212 ) ;
#1509 = DIRECTION ( 'NONE',  ( 0.000000000000000000, 0.000000000000000000, -1.000000000000000000 ) ) ;
#1510 = CARTESIAN_POINT ( 'NONE',  ( 0.000000000000000000, 29.00000000000000000, -28.99999999999999289 ) ) ;
#1511 = EDGE_LOOP ( 'NONE', ( #3889, #1080, #878, #3438, #1072 ) ) ;
#1512 = VERTEX_POINT ( 'NONE', #1600 ) ;
#1513 = DIRECTION ( 'NONE',  ( 0.000000000000000000, 1.000000000000000000, -0.000000000000000000 ) ) ;
#1514 = EDGE_CURVE ( 'NONE', #4665, #4742, #1178, .T. ) ;
#1515 = DIRECTION ( 'NONE',  ( 0.000000000000000000, 1.000000000000000000, -0.000000000000000000 ) ) ;
#1516 = FILL_AREA_STYLE_COLOUR ( '', #1179 ) ;
#1517 = CARTESIAN_POINT ( 'NONE',  ( 115.0000000000000000, 27.05499999999998906, -59.75000000000000711 ) ) ;
#1518 = AXIS2_PLACEMENT_3D ( 'NONE', #2689, #4520, #1143 ) ;
#1519 = FACE_OUTER_BOUND ( 'NONE', #4833, .T. ) ;
#1520 = EDGE_CURVE ( 'NONE', #305, #2171, #2069, .T. ) ;
#1521 = CARTESIAN_POINT ( 'NONE',  ( 165.3324686416905536, 27.05499999999998906, -59.75000000000000711 ) ) ;
#1522 = ORIENTED_EDGE ( 'NONE', *, *, #4370, .F. ) ;
#1523 = LINE ( 'NONE', #817, #3057 ) ;
#1524 = DIRECTION ( 'NONE',  ( -1.000000000000000000, 0.000000000000000000, 0.000000000000000000 ) ) ;
#1525 = EDGE_LOOP ( 'NONE', ( #4281, #3888, #4447 ) ) ;
#1526 = ORIENTED_EDGE ( 'NONE', *, *, #1180, .F. ) ;
#1527 = LINE ( 'NONE', #1576, #4568 ) ;
#1528 = DIRECTION ( 'NONE',  ( -0.000000000000000000, -2.664917751462696950E-16, 1.000000000000000000 ) ) ;
#1529 = LINE ( 'NONE', #3022, #2660 ) ;
#1530 = ORIENTED_EDGE ( 'NONE', *, *, #3036, .F. ) ;
#1531 = VERTEX_POINT ( 'NONE', #4221 ) ;
#1532 = DIRECTION ( 'NONE',  ( 0.000000000000000000, 0.000000000000000000, -1.000000000000000000 ) ) ;
#1533 = ORIENTED_EDGE ( 'NONE', *, *, #4604, .T. ) ;
#1534 = EDGE_CURVE ( 'NONE', #4765, #2369, #875, .T. ) ;
#1535 = DIRECTION ( 'NONE',  ( 0.000000000000000000, 0.000000000000000000, -1.000000000000000000 ) ) ;
#1536 = FILL_AREA_STYLE ('',( #1516 ) ) ;
#1537 = DIRECTION ( 'NONE',  ( 0.000000000000000000, 0.000000000000000000, -1.000000000000000000 ) ) ;
#1538 = CARTESIAN_POINT ( 'NONE',  ( 0.000000000000000000, 4.600612844430441051, -33.30299495918344377 ) ) ;
#1539 = CARTESIAN_POINT ( 'NONE',  ( 84.60000000000000853, 2.602085213965210642E-15, 33.85000000000000142 ) ) ;
#1540 = DIRECTION ( 'NONE',  ( 0.000000000000000000, 0.000000000000000000, -1.000000000000000000 ) ) ;
#1541 = ORIENTED_EDGE ( 'NONE', *, *, #3882, .T. ) ;
#1542 = LINE ( 'NONE', #1150, #1183 ) ;
#1543 = CARTESIAN_POINT ( 'NONE',  ( 34.60000000000000142, -3.000000000000000000, 33.85000000000000142 ) ) ;
#1544 = ADVANCED_FACE ( 'NONE', ( #1364 ), #2556, .T. ) ;
#1545 = VERTEX_POINT ( 'NONE', #2462 ) ;
#1546 = EDGE_LOOP ( 'NONE', ( #3985, #2896, #238, #4031 ) ) ;
#1547 = CARTESIAN_POINT ( 'NONE',  ( 44.99999999999998579, 44.00000000000005684, -27.99999999999999645 ) ) ;
#1548 = DIRECTION ( 'NONE',  ( -0.000000000000000000, 1.000000000000000000, -0.000000000000000000 ) ) ;
#1549 = DIRECTION ( 'NONE',  ( 0.000000000000000000, -1.000000000000000000, 0.000000000000000000 ) ) ;
#1550 = ADVANCED_FACE ( 'NONE', ( #3682, #4785 ), #968, .F. ) ;
#1551 = ORIENTED_EDGE ( 'NONE', *, *, #2415, .T. ) ;
#1552 = ORIENTED_EDGE ( 'NONE', *, *, #1906, .T. ) ;
#1553 = DIRECTION ( 'NONE',  ( 0.000000000000000000, -0.7071067811865472397, -0.7071067811865479058 ) ) ;
#1554 = ADVANCED_FACE ( 'NONE', ( #995 ), #3983, .T. ) ;
#1555 = VERTEX_POINT ( 'NONE', #1015 ) ;
#1556 = VERTEX_POINT ( 'NONE', #2484 ) ;
#1557 = AXIS2_PLACEMENT_3D ( 'NONE', #3294, #2927, #4073 ) ;
#1558 = DIRECTION ( 'NONE',  ( 0.000000000000000000, 0.000000000000000000, 1.000000000000000000 ) ) ;
#1559 = FACE_OUTER_BOUND ( 'NONE', #905, .T. ) ;
#1560 = PLANE ( 'NONE',  #2777 ) ;
#1561 = CARTESIAN_POINT ( 'NONE',  ( 2.000000000000000000, 38.25000000000000711, 0.000000000000000000 ) ) ;
#1562 = AXIS2_PLACEMENT_3D ( 'NONE', #1947, #2401, #2808 ) ;
#1563 = AXIS2_PLACEMENT_3D ( 'NONE', #526, #2815, #4637 ) ;
#1564 = DIRECTION ( 'NONE',  ( 0.000000000000000000, -2.168404344971006649E-16, 1.000000000000000000 ) ) ;
#1565 = CARTESIAN_POINT ( 'NONE',  ( 115.0000000000000000, 31.50000000000000711, -33.50000000000000000 ) ) ;
#1566 = AXIS2_PLACEMENT_3D ( 'NONE', #958, #2453, #1395 ) ;
#1567 = EDGE_LOOP ( 'NONE', ( #3502, #848, #2974, #1441 ) ) ;
#1568 = DIRECTION ( 'NONE',  ( 0.000000000000000000, -1.000000000000000000, 0.000000000000000000 ) ) ;
#1569 = LINE ( 'NONE', #1207, #4082 ) ;
#1570 = CARTESIAN_POINT ( 'NONE',  ( 115.0000000000000000, 6.799999999999997158, -59.75000000000000711 ) ) ;
#1571 = AXIS2_PLACEMENT_3D ( 'NONE', #3736, #1548, #404 ) ;
#1572 = CIRCLE ( 'NONE', #1960, 2.000000000000000000 ) ;
#1573 = ADVANCED_FACE ( 'NONE', ( #677 ), #4417, .T. ) ;
#1574 = VERTEX_POINT ( 'NONE', #2507 ) ;
#1575 = ORIENTED_EDGE ( 'NONE', *, *, #3737, .F. ) ;
#1576 = CARTESIAN_POINT ( 'NONE',  ( 1.000000000000000222, 60.62488094968134789, 1.699999999999999734 ) ) ;
#1577 = CARTESIAN_POINT ( 'NONE',  ( 1.000000000000000000, 40.25000000000000711, -3.999999999999989786 ) ) ;
#1578 = LINE ( 'NONE', #3075, #4463 ) ;
#1579 = CIRCLE ( 'NONE', #4323, 1.000000000000000000 ) ;
#1580 = ORIENTED_EDGE ( 'NONE', *, *, #843, .F. ) ;
#1581 = EDGE_LOOP ( 'NONE', ( #496, #2654, #3552, #4172 ) ) ;
#1582 = CARTESIAN_POINT ( 'NONE',  ( 119.0000000000000142, 31.50000000000000000, 5.499999999999999112 ) ) ;
#1583 = VERTEX_POINT ( 'NONE', #699 ) ;
#1584 = EDGE_LOOP ( 'NONE', ( #1240, #1685, #266, #3772 ) ) ;
#1585 = DIRECTION ( 'NONE',  ( -0.000000000000000000, 1.000000000000000000, 2.202823461557850095E-16 ) ) ;
#1586 = DIRECTION ( 'NONE',  ( 1.000000000000000000, 0.000000000000000000, 0.000000000000000000 ) ) ;
#1587 = DIRECTION ( 'NONE',  ( 0.000000000000000000, 0.000000000000000000, -1.000000000000000000 ) ) ;
#1588 = DIRECTION ( 'NONE',  ( 0.000000000000000000, -1.000000000000000000, 0.000000000000000000 ) ) ;
#1589 = CYLINDRICAL_SURFACE ( 'NONE', #3333, 2.100000000000004530 ) ;
#1590 = ORIENTED_EDGE ( 'NONE', *, *, #1127, .F. ) ;
#1591 = CARTESIAN_POINT ( 'NONE',  ( 114.0000000000000000, -3.000000000000000000, 13.49999999999999822 ) ) ;
#1592 = ADVANCED_FACE ( 'NONE', ( #4758 ), #1063, .T. ) ;
#1593 = CARTESIAN_POINT ( 'NONE',  ( 53.63333333333340391, 46.53333333333345223, -36.76666666666670835 ) ) ;
#1594 = LINE ( 'NONE', #49, #4696 ) ;
#1595 = AXIS2_PLACEMENT_3D ( 'NONE', #3870, #1712, #497 ) ;
#1596 = ORIENTED_EDGE ( 'NONE', *, *, #3384, .F. ) ;
#1597 = VERTEX_POINT ( 'NONE', #624 ) ;
#1598 = CIRCLE ( 'NONE', #3482, 2.000000000000000000 ) ;
#1599 = DIRECTION ( 'NONE',  ( 0.000000000000000000, -1.000000000000000000, 0.000000000000000000 ) ) ;
#1600 = CARTESIAN_POINT ( 'NONE',  ( 117.0000000000000000, -0.7000000000000022871, -42.49999999999999289 ) ) ;
#1601 = DIRECTION ( 'NONE',  ( 0.000000000000000000, 1.000000000000000000, 0.000000000000000000 ) ) ;
#1602 = CIRCLE ( 'NONE', #3485, 2.500000000000002220 ) ;
#1603 = ORIENTED_EDGE ( 'NONE', *, *, #1837, .F. ) ;
#1604 = VERTEX_POINT ( 'NONE', #3220 ) ;
#1605 = CARTESIAN_POINT ( 'NONE',  ( 118.0000000000000142, 39.55499999999999972, -42.49999999999998579 ) ) ;
#1606 = ORIENTED_EDGE ( 'NONE', *, *, #2170, .F. ) ;
#1607 = EDGE_LOOP ( 'NONE', ( #254, #4511, #4048, #3663 ) ) ;
#1608 = DIRECTION ( 'NONE',  ( 0.000000000000000000, 0.000000000000000000, -1.000000000000000000 ) ) ;
#1609 = DIRECTION ( 'NONE',  ( 0.000000000000000000, 0.000000000000000000, -1.000000000000000000 ) ) ;
#1610 = DIRECTION ( 'NONE',  ( 1.000000000000000000, 0.000000000000000000, 0.000000000000000000 ) ) ;
#1611 = DIRECTION ( 'NONE',  ( 0.000000000000000000, 1.000000000000000000, -0.000000000000000000 ) ) ;
#1612 = LINE ( 'NONE', #3061, #1216 ) ;
#1613 = CARTESIAN_POINT ( 'NONE',  ( 44.58578643762687932, 44.58578643762694327, -29.99999999999999645 ) ) ;
#1614 = DIRECTION ( 'NONE',  ( 0.000000000000000000, -1.000000000000000000, 0.000000000000000000 ) ) ;
#1615 = CARTESIAN_POINT ( 'NONE',  ( 115.0000000000000000, 26.65000000000000213, -33.25479946839506340 ) ) ;
#1616 = DIRECTION ( 'NONE',  ( 0.000000000000000000, 0.000000000000000000, -1.000000000000000000 ) ) ;
#1617 = EDGE_CURVE ( 'NONE', #2745, #3894, #325, .T. ) ;
#1618 = ORIENTED_EDGE ( 'NONE', *, *, #4152, .F. ) ;
#1619 = EDGE_LOOP ( 'NONE', ( #196, #1630, #29, #185 ) ) ;
#1620 = CYLINDRICAL_SURFACE ( 'NONE', #3959, 1.000000000000000888 ) ;
#1621 = DIRECTION ( 'NONE',  ( 0.000000000000000000, 0.000000000000000000, -1.000000000000000000 ) ) ;
#1622 = DIRECTION ( 'NONE',  ( 0.000000000000000000, 0.000000000000000000, -1.000000000000000000 ) ) ;
#1623 = VECTOR ( 'NONE', #3043, 1000.000000000000000 ) ;
#1624 = ORIENTED_EDGE ( 'NONE', *, *, #4412, .T. ) ;
#1625 = ORIENTED_EDGE ( 'NONE', *, *, #1520, .F. ) ;
#1626 = EDGE_CURVE ( 'NONE', #1061, #1920, #3617, .T. ) ;
#1627 = CARTESIAN_POINT ( 'NONE',  ( 1.000000000000000000, 29.00000000000000000, -29.99999999999999645 ) ) ;
#1628 = ORIENTED_EDGE ( 'NONE', *, *, #414, .F. ) ;
#1629 = EDGE_CURVE ( 'NONE', #1382, #3324, #647, .T. ) ;
#1630 = ORIENTED_EDGE ( 'NONE', *, *, #2059, .F. ) ;
#1631 = CARTESIAN_POINT ( 'NONE',  ( 1.000000000000000000, -3.000000000000000000, -28.99999999999999289 ) ) ;
#1632 = CARTESIAN_POINT ( 'NONE',  ( 24.00000000000000355, 39.25000000000000711, -29.99999999999999645 ) ) ;
#1633 = CARTESIAN_POINT ( 'NONE',  ( 115.0000000000000000, 7.000000000000000000, 2.000000000000000444 ) ) ;
#1634 = DIRECTION ( 'NONE',  ( 0.000000000000000000, 0.000000000000000000, -1.000000000000000000 ) ) ;
#1635 = EDGE_CURVE ( 'NONE', #3946, #342, #1885, .T. ) ;
#1636 = LINE ( 'NONE', #814, #4108 ) ;
#1637 = EDGE_CURVE ( 'NONE', #2072, #1531, #257, .T. ) ;
#1638 = AXIS2_PLACEMENT_3D ( 'NONE', #242, #4040, #271 ) ;
#1639 = EDGE_CURVE ( 'NONE', #427, #2659, #1819, .T. ) ;
#1640 = VERTEX_POINT ( 'NONE', #2136 ) ;
#1641 = DIRECTION ( 'NONE',  ( 1.000000000000000000, 0.000000000000000000, 3.469446951953611033E-15 ) ) ;
#1642 = DIRECTION ( 'NONE',  ( -0.000000000000000000, -0.000000000000000000, 1.000000000000000000 ) ) ;
#1643 = CARTESIAN_POINT ( 'NONE',  ( 107.0000000000000142, 58.28595479208968300, 10.83333333333333748 ) ) ;
#1644 = CIRCLE ( 'NONE', #4009, 1.000000000000000888 ) ;
#1645 = VECTOR ( 'NONE', #3825, 1000.000000000000000 ) ;
#1646 = ORIENTED_EDGE ( 'NONE', *, *, #1335, .T. ) ;
#1647 = VECTOR ( 'NONE', #4180, 1000.000000000000000 ) ;
#1648 = VERTEX_POINT ( 'NONE', #283 ) ;
#1649 = LINE ( 'NONE', #2068, #2942 ) ;
#1650 = ADVANCED_FACE ( 'NONE', ( #601 ), #2901, .T. ) ;
#1651 = DIRECTION ( 'NONE',  ( 1.000000000000000000, -0.000000000000000000, -0.000000000000000000 ) ) ;
#1652 = EDGE_CURVE ( 'NONE', #2840, #599, #3223, .T. ) ;
#1653 = DIRECTION ( 'NONE',  ( 1.168223555568286156E-15, -0.7071067811865470176, -0.7071067811865480168 ) ) ;
#1654 = AXIS2_PLACEMENT_3D ( 'NONE', #4631, #1926, #4266 ) ;
#1655 = VECTOR ( 'NONE', #1924, 1000.000000000000000 ) ;
#1656 = VERTEX_POINT ( 'NONE', #2534 ) ;
#1657 = VECTOR ( 'NONE', #2440, 1000.000000000000114 ) ;
#1658 = EDGE_LOOP ( 'NONE', ( #4569, #2314, #1934, #855 ) ) ;
#1659 = VECTOR ( 'NONE', #1553, 1000.000000000000000 ) ;
#1660 = PLANE ( 'NONE',  #389 ) ;
#1661 = VECTOR ( 'NONE', #299, 1000.000000000000000 ) ;
#1662 = ORIENTED_EDGE ( 'NONE', *, *, #1629, .T. ) ;
#1663 = EDGE_LOOP ( 'NONE', ( #3341, #4110, #3452, #2678 ) ) ;
#1664 = CARTESIAN_POINT ( 'NONE',  ( 30.39999999999999858, 0.000000000000000000, 33.85000000000000142 ) ) ;
#1665 = CARTESIAN_POINT ( 'NONE',  ( 3.000000000000028866, 2.000000000000000000, -27.99999999999999645 ) ) ;
#1666 = DIRECTION ( 'NONE',  ( 0.000000000000000000, 0.000000000000000000, -1.000000000000000000 ) ) ;
#1667 = FACE_OUTER_BOUND ( 'NONE', #1217, .T. ) ;
#1668 = EDGE_CURVE ( 'NONE', #306, #507, #3848, .T. ) ;
#1669 = CYLINDRICAL_SURFACE ( 'NONE', #4100, 1.199999999999999734 ) ;
#1670 = DIRECTION ( 'NONE',  ( 0.000000000000000000, 0.000000000000000000, -1.000000000000000000 ) ) ;
#1671 = DIRECTION ( 'NONE',  ( 0.000000000000000000, 0.000000000000000000, 1.000000000000000000 ) ) ;
#1672 = EDGE_CURVE ( 'NONE', #2673, #3583, #1523, .T. ) ;
#1673 = LINE ( 'NONE', #1283, #2049 ) ;
#1674 = VERTEX_POINT ( 'NONE', #4485 ) ;
#1675 = ORIENTED_EDGE ( 'NONE', *, *, #3719, .T. ) ;
#1676 = LINE ( 'NONE', #3516, #3713 ) ;
#1677 = FACE_OUTER_BOUND ( 'NONE', #399, .T. ) ;
#1678 = CARTESIAN_POINT ( 'NONE',  ( 116.0000000000000000, 2.000000000000001776, 13.49999999999999822 ) ) ;
#1679 = VECTOR ( 'NONE', #520, 1000.000000000000000 ) ;
#1680 = VERTEX_POINT ( 'NONE', #791 ) ;
#1681 = AXIS2_PLACEMENT_3D ( 'NONE', #4145, #897, #2391 ) ;
#1682 = ORIENTED_EDGE ( 'NONE', *, *, #3181, .F. ) ;
#1683 = CARTESIAN_POINT ( 'NONE',  ( 115.0000000000000000, -2.000000000000000000, 0.000000000000000000 ) ) ;
#1684 = AXIS2_PLACEMENT_3D ( 'NONE', #3643, #1666, #2932 ) ;
#1685 = ORIENTED_EDGE ( 'NONE', *, *, #4370, .T. ) ;
#1686 = ORIENTED_EDGE ( 'NONE', *, *, #3725, .T. ) ;
#1687 = DIRECTION ( 'NONE',  ( 0.000000000000000000, -1.000000000000000000, 0.000000000000000000 ) ) ;
#1688 = LINE ( 'NONE', #124, #2672 ) ;
#1689 = CARTESIAN_POINT ( 'NONE',  ( 116.0000000000000000, -2.000000000000000000, 11.49999999999999645 ) ) ;
#1690 = LINE ( 'NONE', #201, #2820 ) ;
#1691 = EDGE_CURVE ( 'NONE', #2753, #4676, #2121, .T. ) ;
#1692 = ADVANCED_FACE ( 'NONE', ( #3388 ), #3411, .F. ) ;
#1693 = LINE ( 'NONE', #179, #4806 ) ;
#1694 = CARTESIAN_POINT ( 'NONE',  ( 116.0000000000000000, 1.000000000000000000, -42.49999999999999289 ) ) ;
#1695 = CARTESIAN_POINT ( 'NONE',  ( 117.5536516433683403, 58.28595479412985725, 10.83333332756237688 ) ) ;
#1696 = EDGE_CURVE ( 'NONE', #3594, #536, #4314, .T. ) ;
#1697 = CARTESIAN_POINT ( 'NONE',  ( 1.000000000000000000, 39.25000000000000711, -28.99999999999999289 ) ) ;
#1698 = ORIENTED_EDGE ( 'NONE', *, *, #1195, .F. ) ;
#1699 = ORIENTED_EDGE ( 'NONE', *, *, #1295, .T. ) ;
#1700 = CARTESIAN_POINT ( 'NONE',  ( 0.000000000000000000, 32.00000000000000000, 1.699999999999999956 ) ) ;
#1701 = FACE_OUTER_BOUND ( 'NONE', #4003, .T. ) ;
#1702 = CARTESIAN_POINT ( 'NONE',  ( 126.5716306148988224, 24.74999999999999645, -33.25479946839506340 ) ) ;
#1703 = EDGE_CURVE ( 'NONE', #1512, #495, #3779, .T. ) ;
#1704 = EDGE_CURVE ( 'NONE', #4010, #1821, #25, .T. ) ;
#1705 = ORIENTED_EDGE ( 'NONE', *, *, #985, .T. ) ;
#1706 = EDGE_CURVE ( 'NONE', #4123, #2607, #2301, .T. ) ;
#1707 = ORIENTED_EDGE ( 'NONE', *, *, #3489, .T. ) ;
#1708 = EDGE_CURVE ( 'NONE', #1648, #4664, #1502, .T. ) ;
#1709 = DIRECTION ( 'NONE',  ( 0.000000000000000000, -1.000000000000000000, 4.053092233590671617E-18 ) ) ;
#1710 = ORIENTED_EDGE ( 'NONE', *, *, #4351, .T. ) ;
#1711 = ORIENTED_EDGE ( 'NONE', *, *, #2682, .T. ) ;
#1712 = DIRECTION ( 'NONE',  ( 1.000000000000000000, -0.000000000000000000, 0.000000000000000000 ) ) ;
#1713 = CARTESIAN_POINT ( 'NONE',  ( 2.000000000000000000, 32.00000000000000000, 11.50000000000000355 ) ) ;
#1714 = FACE_BOUND ( 'NONE', #3421, .T. ) ;
#1715 = CARTESIAN_POINT ( 'NONE',  ( -1.112761644346097952E-14, 55.30000000000003268, -29.99999999999999645 ) ) ;
#1716 = EDGE_CURVE ( 'NONE', #2733, #4103, #1910, .T. ) ;
#1717 = CARTESIAN_POINT ( 'NONE',  ( 119.0000000000000142, 58.50000000000000000, 8.531373033403115258 ) ) ;
#1718 = DIRECTION ( 'NONE',  ( -1.000000000000000000, 0.000000000000000000, -0.000000000000000000 ) ) ;
#1719 = CARTESIAN_POINT ( 'NONE',  ( 45.00000000000000000, 54.30000000000004690, -29.58578643762690064 ) ) ;
#1720 = VERTEX_POINT ( 'NONE', #2211 ) ;
#1721 = ORIENTED_EDGE ( 'NONE', *, *, #839, .T. ) ;
#1722 = CARTESIAN_POINT ( 'NONE',  ( 115.0000000000000000, 27.05499999999998906, -59.75000000000000711 ) ) ;
#1723 = AXIS2_PLACEMENT_3D ( 'NONE', #2548, #2864, #1777 ) ;
#1724 = DIRECTION ( 'NONE',  ( -0.000000000000000000, 0.000000000000000000, -1.000000000000000000 ) ) ;
#1725 = DIRECTION ( 'NONE',  ( 0.000000000000000000, 0.000000000000000000, 1.000000000000000000 ) ) ;
#1726 = AXIS2_PLACEMENT_3D ( 'NONE', #454, #2414, #54 ) ;
#1727 = VECTOR ( 'NONE', #1907, 1000.000000000000000 ) ;
#1728 = ORIENTED_EDGE ( 'NONE', *, *, #884, .T. ) ;
#1729 = ORIENTED_EDGE ( 'NONE', *, *, #4451, .F. ) ;
#1730 = VECTOR ( 'NONE', #3994, 1000.000000000000000 ) ;
#1731 = CARTESIAN_POINT ( 'NONE',  ( 113.0000000000000000, 7.000000000000000000, -27.99999999999999645 ) ) ;
#1732 = AXIS2_PLACEMENT_3D ( 'NONE', #3122, #3470, #1621 ) ;
#1733 = ORIENTED_EDGE ( 'NONE', *, *, #415, .T. ) ;
#1734 = AXIS2_PLACEMENT_3D ( 'NONE', #4410, #4848, #322 ) ;
#1735 = VERTEX_POINT ( 'NONE', #3705 ) ;
#1736 = CARTESIAN_POINT ( 'NONE',  ( 118.0000000000000142, 57.34314575050761675, 10.50000000000000178 ) ) ;
#1737 = CIRCLE ( 'NONE', #2364, 14.99999999999999822 ) ;
#1738 = CARTESIAN_POINT ( 'NONE',  ( 115.0000000000000000, 63.00000000000000000, -0.7287565553229582438 ) ) ;
#1739 = DIRECTION ( 'NONE',  ( -0.000000000000000000, 1.000000000000000000, 1.135642882145983605E-16 ) ) ;
#1740 = CARTESIAN_POINT ( 'NONE',  ( 80.40000000000000568, 1.000000000000000000, 35.95000000000000284 ) ) ;
#1741 = CARTESIAN_POINT ( 'NONE',  ( 118.0000000000000142, 48.00000000000000000, -68.24999999999998579 ) ) ;
#1742 = CARTESIAN_POINT ( 'NONE',  ( 117.7320508075688679, 58.28595479208952668, 10.83333333333331971 ) ) ;
#1743 = PRODUCT_RELATED_PRODUCT_CATEGORY ( 'part', '', ( #4413 ) ) ;
#1744 = ORIENTED_EDGE ( 'NONE', *, *, #4672, .T. ) ;
#1745 = EDGE_CURVE ( 'NONE', #4167, #4119, #1542, .T. ) ;
#1746 = EDGE_LOOP ( 'NONE', ( #3584, #859, #1243, #1628 ) ) ;
#1747 = DIRECTION ( 'NONE',  ( 0.000000000000000000, 0.000000000000000000, 1.000000000000000000 ) ) ;
#1748 = FACE_OUTER_BOUND ( 'NONE', #3679, .T. ) ;
#1749 = ORIENTED_EDGE ( 'NONE', *, *, #991, .F. ) ;
#1750 = ORIENTED_EDGE ( 'NONE', *, *, #4767, .F. ) ;
#1751 = CIRCLE ( 'NONE', #2142, 5.000000000000004441 ) ;
#1752 = DIRECTION ( 'NONE',  ( 0.000000000000000000, -8.673617379908764684E-15, -1.000000000000000000 ) ) ;
#1753 = DIRECTION ( 'NONE',  ( 1.000000000000000000, 0.000000000000000000, -0.000000000000000000 ) ) ;
#1754 = AXIS2_PLACEMENT_3D ( 'NONE', #1631, #2422, #3529 ) ;
#1755 = ORIENTED_EDGE ( 'NONE', *, *, #2939, .F. ) ;
#1756 = ORIENTED_EDGE ( 'NONE', *, *, #2368, .F. ) ;
#1757 = CARTESIAN_POINT ( 'NONE',  ( 126.5716306148988224, 34.24999999999999289, -33.25479946839509893 ) ) ;
#1758 = VECTOR ( 'NONE', #3822, 1000.000000000000000 ) ;
#1759 = DIRECTION ( 'NONE',  ( 1.000000000000000000, 0.000000000000000000, -0.000000000000000000 ) ) ;
#1760 = DIRECTION ( 'NONE',  ( 0.000000000000000000, -1.000000000000000000, 0.000000000000000000 ) ) ;
#1761 = DIRECTION ( 'NONE',  ( 0.000000000000000000, 1.000000000000000000, 2.664917751462696950E-16 ) ) ;
#1762 = LINE ( 'NONE', #3265, #1413 ) ;
#1763 = CARTESIAN_POINT ( 'NONE',  ( 117.0000000000000000, 7.000000000000000000, 0.000000000000000000 ) ) ;
#1764 = FACE_OUTER_BOUND ( 'NONE', #1619, .T. ) ;
#1765 = EDGE_LOOP ( 'NONE', ( #2505, #4816, #4233, #3076 ) ) ;
#1766 = ORIENTED_EDGE ( 'NONE', *, *, #3288, .T. ) ;
#1767 = DIRECTION ( 'NONE',  ( -1.000000000000000000, 0.000000000000000000, 0.000000000000000000 ) ) ;
#1768 = DIRECTION ( 'NONE',  ( 0.000000000000000000, 0.000000000000000000, -1.000000000000000000 ) ) ;
#1769 = ADVANCED_FACE ( 'NONE', ( #4507 ), #448, .F. ) ;
#1770 = EDGE_LOOP ( 'NONE', ( #4176, #4033, #2221, #75 ) ) ;
#1771 = ORIENTED_EDGE ( 'NONE', *, *, #2542, .T. ) ;
#1772 = LINE ( 'NONE', #1795, #1801 ) ;
#1773 = FACE_OUTER_BOUND ( 'NONE', #2938, .T. ) ;
#1774 = ORIENTED_EDGE ( 'NONE', *, *, #3408, .F. ) ;
#1775 = ORIENTED_EDGE ( 'NONE', *, *, #1853, .F. ) ;
#1776 = DIRECTION ( 'NONE',  ( 0.000000000000000000, -3.652049423109073546E-15, 1.000000000000000000 ) ) ;
#1777 = DIRECTION ( 'NONE',  ( -0.000000000000000000, 1.000000000000000000, 0.000000000000000000 ) ) ;
#1778 = DIRECTION ( 'NONE',  ( 0.000000000000000000, 4.053092233590671617E-18, 1.000000000000000000 ) ) ;
#1779 =( BOUNDED_CURVE ( )  B_SPLINE_CURVE ( 3, ( #988, #1059, #4686, #3244 ),
 .UNSPECIFIED., .F., .F. ) 
 B_SPLINE_CURVE_WITH_KNOTS ( ( 4, 4 ),
 ( 0.000000000000000000, 1.570796326794896558 ),
 .UNSPECIFIED. ) 
 CURVE ( )  GEOMETRIC_REPRESENTATION_ITEM ( )  RATIONAL_B_SPLINE_CURVE ( ( 1.000000000000000000, 0.8047378541243649375, 0.8047378541243649375, 1.000000000000000000 ) ) 
 REPRESENTATION_ITEM ( '' )  );
#1780 = EDGE_CURVE ( 'NONE', #558, #1844, #2644, .T. ) ;
#1781 = DIRECTION ( 'NONE',  ( -1.000000000000000000, -0.000000000000000000, -0.000000000000000000 ) ) ;
#1782 = FACE_OUTER_BOUND ( 'NONE', #4280, .T. ) ;
#1783 = CARTESIAN_POINT ( 'NONE',  ( 84.60000000000000853, -3.000000000000000000, 25.74999999999998224 ) ) ;
#1784 = FACE_OUTER_BOUND ( 'NONE', #3477, .T. ) ;
#1785 = EDGE_LOOP ( 'NONE', ( #1551, #936, #3591, #138 ) ) ;
#1786 = VERTEX_POINT ( 'NONE', #4072 ) ;
#1787 = DIRECTION ( 'NONE',  ( -1.000000000000000000, 0.000000000000000000, 0.000000000000000000 ) ) ;
#1788 = CYLINDRICAL_SURFACE ( 'NONE', #1557, 2.500000000000002220 ) ;
#1789 = CIRCLE ( 'NONE', #2371, 1.000000000000000888 ) ;
#1790 = ORIENTED_EDGE ( 'NONE', *, *, #2536, .T. ) ;
#1791 = AXIS2_PLACEMENT_3D ( 'NONE', #2994, #747, #4438 ) ;
#1792 = EDGE_LOOP ( 'NONE', ( #2436, #3859, #1891, #3119 ) ) ;
#1793 = ADVANCED_FACE ( 'NONE', ( #374 ), #3038, .T. ) ;
#1794 = LINE ( 'NONE', #4490, #2617 ) ;
#1795 = CARTESIAN_POINT ( 'NONE',  ( 2.000000000000000000, 54.99999999999999289, -6.443258625056711952E-15 ) ) ;
#1796 = DIRECTION ( 'NONE',  ( 0.000000000000000000, -1.000000000000000000, 0.000000000000000000 ) ) ;
#1797 = AXIS2_PLACEMENT_3D ( 'NONE', #2961, #1921, #4060 ) ;
#1798 = AXIS2_PLACEMENT_3D ( 'NONE', #1252, #3142, #933 ) ;
#1799 = VERTEX_POINT ( 'NONE', #3342 ) ;
#1800 = AXIS2_PLACEMENT_3D ( 'NONE', #2495, #3555, #4771 ) ;
#1801 = VECTOR ( 'NONE', #2540, 1000.000000000000000 ) ;
#1802 = VERTEX_POINT ( 'NONE', #2970 ) ;
#1803 = AXIS2_PLACEMENT_3D ( 'NONE', #2076, #4329, #1753 ) ;
#1804 = ADVANCED_FACE ( 'NONE', ( #4097 ), #746, .T. ) ;
#1805 = CARTESIAN_POINT ( 'NONE',  ( 116.0000000000000000, 32.00000000000000000, 13.50000000000000533 ) ) ;
#1806 = DIRECTION ( 'NONE',  ( 1.000000000000000000, 0.000000000000000000, -0.000000000000000000 ) ) ;
#1807 = LINE ( 'NONE', #316, #4002 ) ;
#1808 = AXIS2_PLACEMENT_3D ( 'NONE', #4667, #940, #1260 ) ;
#1809 = EDGE_CURVE ( 'NONE', #665, #4178, #766, .T. ) ;
#1810 = AXIS2_PLACEMENT_3D ( 'NONE', #4308, #4628, #1609 ) ;
#1811 = VECTOR ( 'NONE', #4192, 1000.000000000000000 ) ;
#1812 = CARTESIAN_POINT ( 'NONE',  ( 119.0000000000000142, -0.7000000000000022871, -42.49999999999999289 ) ) ;
#1813 = EDGE_CURVE ( 'NONE', #1291, #2486, #3692, .T. ) ;
#1814 = CARTESIAN_POINT ( 'NONE',  ( 26.00000000000000355, 29.00000000000000000, -29.99999999999999645 ) ) ;
#1815 = CARTESIAN_POINT ( 'NONE',  ( 2.000000000000001776, 32.00000000000000000, 12.50000000000000355 ) ) ;
#1816 = VECTOR ( 'NONE', #3507, 1000.000000000000114 ) ;
#1817 = ORIENTED_EDGE ( 'NONE', *, *, #3945, .F. ) ;
#1818 = ORIENTED_EDGE ( 'NONE', *, *, #3439, .F. ) ;
#1819 = LINE ( 'NONE', #4325, #1265 ) ;
#1820 = FACE_OUTER_BOUND ( 'NONE', #992, .T. ) ;
#1821 = VERTEX_POINT ( 'NONE', #4580 ) ;
#1822 = ORIENTED_EDGE ( 'NONE', *, *, #3192, .T. ) ;
#1823 = DIRECTION ( 'NONE',  ( -0.000000000000000000, 1.000000000000000000, 1.101411730778925047E-16 ) ) ;
#1824 = CARTESIAN_POINT ( 'NONE',  ( 107.0000000000000142, 31.50000000000000000, 5.499999999999999112 ) ) ;
#1825 = CARTESIAN_POINT ( 'NONE',  ( 118.5857864376268935, 39.55499999999998550, -42.49999999999997868 ) ) ;
#1826 = ORIENTED_EDGE ( 'NONE', *, *, #1984, .F. ) ;
#1827 = EDGE_LOOP ( 'NONE', ( #608, #604, #2186, #2396 ) ) ;
#1828 = CARTESIAN_POINT ( 'NONE',  ( 3.000000000000028422, 32.00000000000000000, 12.50000000000000355 ) ) ;
#1829 = CARTESIAN_POINT ( 'NONE',  ( 84.60000000000000853, 1.000000000000000000, 33.85000000000000142 ) ) ;
#1830 = VECTOR ( 'NONE', #1056, 1000.000000000000000 ) ;
#1831 = VECTOR ( 'NONE', #2756, 1000.000000000000000 ) ;
#1832 = CARTESIAN_POINT ( 'NONE',  ( 115.0000000000000000, 32.32629658162959885, -36.25479946839507051 ) ) ;
#1833 = LINE ( 'NONE', #3336, #4081 ) ;
#1834 = CARTESIAN_POINT ( 'NONE',  ( 1.000000000000000000, 12.19999999999999929, -28.99999999999999289 ) ) ;
#1835 = CARTESIAN_POINT ( 'NONE',  ( 1.000000000000000444, 40.25000000000000711, -28.99999999999999289 ) ) ;
#1836 = AXIS2_PLACEMENT_3D ( 'NONE', #2293, #1610, #4599 ) ;
#1837 = EDGE_CURVE ( 'NONE', #4167, #681, #4272, .T. ) ;
#1838 = EDGE_CURVE ( 'NONE', #2135, #1048, #1673, .T. ) ;
#1839 = ORIENTED_EDGE ( 'NONE', *, *, #4674, .T. ) ;
#1840 = EDGE_CURVE ( 'NONE', #796, #1340, #2773, .T. ) ;
#1841 = ORIENTED_EDGE ( 'NONE', *, *, #3719, .F. ) ;
#1842 = DIRECTION ( 'NONE',  ( 0.000000000000000000, 2.523234146875356491E-16, -1.000000000000000000 ) ) ;
#1843 = DIRECTION ( 'NONE',  ( 0.000000000000000000, 0.000000000000000000, -1.000000000000000000 ) ) ;
#1844 = VERTEX_POINT ( 'NONE', #3145 ) ;
#1845 = ORIENTED_EDGE ( 'NONE', *, *, #768, .F. ) ;
#1846 = FACE_OUTER_BOUND ( 'NONE', #4347, .T. ) ;
#1847 = DIRECTION ( 'NONE',  ( -1.000000000000000000, 0.000000000000000000, 0.000000000000000000 ) ) ;
#1848 = EDGE_CURVE ( 'NONE', #603, #421, #1957, .T. ) ;
#1849 = DIRECTION ( 'NONE',  ( 1.000000000000000000, -0.000000000000000000, -0.000000000000000000 ) ) ;
#1850 = ADVANCED_FACE ( 'NONE', ( #916 ), #4215, .T. ) ;
#1851 = EDGE_CURVE ( 'NONE', #3172, #427, #2033, .T. ) ;
#1852 = ORIENTED_EDGE ( 'NONE', *, *, #1478, .T. ) ;
#1853 = EDGE_CURVE ( 'NONE', #1597, #3298, #153, .T. ) ;
#1854 = ORIENTED_EDGE ( 'NONE', *, *, #1617, .T. ) ;
#1855 = CARTESIAN_POINT ( 'NONE',  ( 61.40000000000001279, 54.30000000000005400, -28.99999999999999289 ) ) ;
#1856 = DIRECTION ( 'NONE',  ( -0.000000000000000000, -0.5547001962259211494, 0.8320502943373823124 ) ) ;
#1857 = LINE ( 'NONE', #4479, #3709 ) ;
#1858 = ADVANCED_FACE ( 'NONE', ( #574 ), #1231, .T. ) ;
#1859 = DIRECTION ( 'NONE',  ( 0.000000000000000000, -1.000000000000000000, -2.202823461557850095E-16 ) ) ;
#1860 = CARTESIAN_POINT ( 'NONE',  ( 119.0000000000000142, 31.50000000000000000, 6.699999999999998401 ) ) ;
#1861 = LINE ( 'NONE', #4656, #2834 ) ;
#1862 = FACE_BOUND ( 'NONE', #428, .T. ) ;
#1863 = ORIENTED_EDGE ( 'NONE', *, *, #1330, .F. ) ;
#1864 = ORIENTED_EDGE ( 'NONE', *, *, #2419, .F. ) ;
#1865 = CARTESIAN_POINT ( 'NONE',  ( 116.0000000000000000, 63.00000000000000000, 11.50000000000000355 ) ) ;
#1866 = DIRECTION ( 'NONE',  ( 0.000000000000000000, -1.850371707708594366E-15, -1.000000000000000000 ) ) ;
#1867 = ORIENTED_EDGE ( 'NONE', *, *, #2933, .T. ) ;
#1868 = EDGE_LOOP ( 'NONE', ( #586, #2783, #1256, #90 ) ) ;
#1869 = LINE ( 'NONE', #3301, #3400 ) ;
#1870 = CYLINDRICAL_SURFACE ( 'NONE', #4062, 1.000000000000000000 ) ;
#1871 = DIRECTION ( 'NONE',  ( 1.000000000000000000, 4.231032868236107529E-16, -0.000000000000000000 ) ) ;
#1872 = VECTOR ( 'NONE', #962, 1000.000000000000000 ) ;
#1873 = ORIENTED_EDGE ( 'NONE', *, *, #4819, .T. ) ;
#1874 = VERTEX_POINT ( 'NONE', #3065 ) ;
#1875 = DIRECTION ( 'NONE',  ( 0.000000000000000000, 0.000000000000000000, 1.000000000000000000 ) ) ;
#1876 = CIRCLE ( 'NONE', #2980, 1.999999999999998224 ) ;
#1877 = VECTOR ( 'NONE', #1112, 1000.000000000000000 ) ;
#1878 = CARTESIAN_POINT ( 'NONE',  ( 116.0000000000000000, 63.00000000000000000, 12.50000000000000355 ) ) ;
#1879 = DIRECTION ( 'NONE',  ( 0.000000000000000000, -1.000000000000000000, 0.000000000000000000 ) ) ;
#1880 = CARTESIAN_POINT ( 'NONE',  ( 29.33333333333345294, 69.96666666666655487, -13.33333333333324511 ) ) ;
#1881 = CIRCLE ( 'NONE', #1654, 1.000000000000000666 ) ;
#1882 = DIRECTION ( 'NONE',  ( -0.000000000000000000, 1.000000000000000000, -0.000000000000000000 ) ) ;
#1883 =( GEOMETRIC_REPRESENTATION_CONTEXT ( 3 ) GLOBAL_UNCERTAINTY_ASSIGNED_CONTEXT ( ( #22 ) ) GLOBAL_UNIT_ASSIGNED_CONTEXT ( ( #3747, #3009, #4480 ) ) REPRESENTATION_CONTEXT ( 'NONE', 'WORKASPACE' ) );
#1884 = DIRECTION ( 'NONE',  ( 0.000000000000000000, 0.000000000000000000, -1.000000000000000000 ) ) ;
#1885 = CIRCLE ( 'NONE', #175, 1.000000000000002887 ) ;
#1886 = CIRCLE ( 'NONE', #1562, 1.000000000000000888 ) ;
#1887 = ORIENTED_EDGE ( 'NONE', *, *, #4248, .T. ) ;
#1888 = DIRECTION ( 'NONE',  ( 0.000000000000000000, -1.000000000000000000, -1.101411730778925047E-16 ) ) ;
#1889 = CARTESIAN_POINT ( 'NONE',  ( 126.5716306148988224, 6.499999999999999112, -29.99999999999999645 ) ) ;
#1890 = VECTOR ( 'NONE', #3807, 1000.000000000000000 ) ;
#1891 = ORIENTED_EDGE ( 'NONE', *, *, #3844, .T. ) ;
#1892 = ORIENTED_EDGE ( 'NONE', *, *, #1355, .T. ) ;
#1893 = LINE ( 'NONE', #850, #2466 ) ;
#1894 = DIRECTION ( 'NONE',  ( 1.000000000000000000, -0.000000000000000000, -0.000000000000000000 ) ) ;
#1895 = CARTESIAN_POINT ( 'NONE',  ( 1.000000000000000000, 58.00000000000000000, -28.99999999999999289 ) ) ;
#1896 = EDGE_CURVE ( 'NONE', #4069, #4010, #870, .T. ) ;
#1897 = ORIENTED_EDGE ( 'NONE', *, *, #2170, .T. ) ;
#1898 = VERTEX_POINT ( 'NONE', #3931 ) ;
#1899 = FACE_OUTER_BOUND ( 'NONE', #3694, .T. ) ;
#1900 = ORIENTED_EDGE ( 'NONE', *, *, #1838, .T. ) ;
#1901 = DIRECTION ( 'NONE',  ( 0.000000000000000000, 1.000000000000000000, 0.000000000000000000 ) ) ;
#1902 = CARTESIAN_POINT ( 'NONE',  ( 126.5716306148988224, 26.65000000000000213, -29.99999999999999645 ) ) ;
#1903 = LINE ( 'NONE', #4777, #1500 ) ;
#1904 = VECTOR ( 'NONE', #4683, 1000.000000000000000 ) ;
#1905 = CARTESIAN_POINT ( 'NONE',  ( 115.0000000000000000, -3.000000000000000000, -42.49999999999999289 ) ) ;
#1906 = EDGE_CURVE ( 'NONE', #2648, #2737, #3465, .T. ) ;
#1907 = DIRECTION ( 'NONE',  ( 0.000000000000000000, -0.5547001962259198171, 0.8320502943373832005 ) ) ;
#1908 = VECTOR ( 'NONE', #508, 1000.000000000000114 ) ;
#1909 = ORIENTED_EDGE ( 'NONE', *, *, #3130, .T. ) ;
#1910 = LINE ( 'NONE', #353, #1890 ) ;
#1911 = CARTESIAN_POINT ( 'NONE',  ( 116.0000000000000000, -0.7000000000000020650, -42.49999999999999289 ) ) ;
#1912 = CIRCLE ( 'NONE', #2390, 1.000000000000000888 ) ;
#1913 = ORIENTED_EDGE ( 'NONE', *, *, #2425, .T. ) ;
#1914 = VERTEX_POINT ( 'NONE', #547 ) ;
#1915 = CARTESIAN_POINT ( 'NONE',  ( 118.0000000000000142, -3.000000000000000000, -28.99999999999999289 ) ) ;
#1916 = ADVANCED_FACE ( 'NONE', ( #3537 ), #2750, .F. ) ;
#1917 = LINE ( 'NONE', #3813, #4787 ) ;
#1918 = CARTESIAN_POINT ( 'NONE',  ( 115.0000000000000000, -0.000000000000000000, 11.49999999999998934 ) ) ;
#1919 = VERTEX_POINT ( 'NONE', #935 ) ;
#1920 = VERTEX_POINT ( 'NONE', #2062 ) ;
#1921 = DIRECTION ( 'NONE',  ( 0.7071067811865376918, 0.000000000000000000, 0.7071067811865573427 ) ) ;
#1922 = ORIENTED_EDGE ( 'NONE', *, *, #4101, .F. ) ;
#1923 = CARTESIAN_POINT ( 'NONE',  ( 0.000000000000000000, 29.00000000000000000, -29.99999999999999645 ) ) ;
#1924 = DIRECTION ( 'NONE',  ( -1.000000000000000000, 0.000000000000000000, 0.000000000000000000 ) ) ;
#1925 = CARTESIAN_POINT ( 'NONE',  ( 0.000000000000000000, 6.500000000000000000, -33.25474111729089088 ) ) ;
#1926 = DIRECTION ( 'NONE',  ( 0.000000000000000000, -0.6614378277661476790, 0.7500000000000001110 ) ) ;
#1927 = EDGE_CURVE ( 'NONE', #2420, #3933, #4557, .T. ) ;
#1928 = CARTESIAN_POINT ( 'NONE',  ( 115.0000000000000000, -3.000000000000000000, -29.99999999999999645 ) ) ;
#1929 = DIRECTION ( 'NONE',  ( -0.000000000000000000, -1.000000000000000000, 0.000000000000000000 ) ) ;
#1930 = VERTEX_POINT ( 'NONE', #72 ) ;
#1931 = LINE ( 'NONE', #893, #559 ) ;
#1932 = DIRECTION ( 'NONE',  ( 0.000000000000000000, -1.000000000000000000, 0.000000000000000000 ) ) ;
#1933 = DIRECTION ( 'NONE',  ( -0.000000000000000000, 1.000000000000000000, -0.000000000000000000 ) ) ;
#1934 = ORIENTED_EDGE ( 'NONE', *, *, #1668, .T. ) ;
#1935 = ORIENTED_EDGE ( 'NONE', *, *, #1431, .T. ) ;
#1936 = CARTESIAN_POINT ( 'NONE',  ( 116.5000000000000000, 1.000000000000000000, -41.63397459621555186 ) ) ;
#1937 = CARTESIAN_POINT ( 'NONE',  ( 89.00000000000001421, 7.000000000000000000, 0.000000000000000000 ) ) ;
#1938 = CYLINDRICAL_SURFACE ( 'NONE', #3763, 1.199999999999999734 ) ;
#1939 = ORIENTED_EDGE ( 'NONE', *, *, #4518, .F. ) ;
#1940 = ORIENTED_EDGE ( 'NONE', *, *, #1055, .T. ) ;
#1941 = DIRECTION ( 'NONE',  ( 0.000000000000000000, 0.000000000000000000, 1.000000000000000000 ) ) ;
#1942 = ORIENTED_EDGE ( 'NONE', *, *, #1780, .F. ) ;
#1943 = EDGE_CURVE ( 'NONE', #2992, #1640, #1569, .T. ) ;
#1944 = EDGE_LOOP ( 'NONE', ( #3446, #769, #2802, #267, #3467, #2492, #2147 ) ) ;
#1945 = CIRCLE ( 'NONE', #314, 1.000000000000000888 ) ;
#1946 = DIRECTION ( 'NONE',  ( 0.000000000000000000, -1.000000000000000000, 0.000000000000000000 ) ) ;
#1947 = CARTESIAN_POINT ( 'NONE',  ( 115.0000000000000000, 57.00000000000000000, -28.99999999999999289 ) ) ;
#1948 = DIRECTION ( 'NONE',  ( -0.7071067811865475727, -0.7071067811865475727, 1.752335333352428150E-16 ) ) ;
#1949 = AXIS2_PLACEMENT_3D ( 'NONE', #4369, #1709, #684 ) ;
#1950 = CIRCLE ( 'NONE', #3292, 3.100000000000005418 ) ;
#1951 = DIRECTION ( 'NONE',  ( -1.000000000000000000, 0.000000000000000000, 0.000000000000000000 ) ) ;
#1952 = DIRECTION ( 'NONE',  ( 0.000000000000000000, 0.000000000000000000, -1.000000000000000000 ) ) ;
#1953 = CONICAL_SURFACE ( 'NONE', #3451, 5.100000000000007638, 0.7853981633974485010 ) ;
#1954 = ORIENTED_EDGE ( 'NONE', *, *, #3036, .T. ) ;
#1955 = CARTESIAN_POINT ( 'NONE',  ( 26.00000000000000711, 57.00000000000000000, -28.99999999999999289 ) ) ;
#1956 = AXIS2_PLACEMENT_3D ( 'NONE', #4668, #2114, #1365 ) ;
#1957 = LINE ( 'NONE', #3881, #89 ) ;
#1958 = DIRECTION ( 'NONE',  ( -1.000000000000000000, 0.000000000000000000, 0.000000000000000000 ) ) ;
#1959 = AXIS2_PLACEMENT_3D ( 'NONE', #3270, #303, #331 ) ;
#1960 = AXIS2_PLACEMENT_3D ( 'NONE', #4521, #2246, #1467 ) ;
#1961 = EDGE_LOOP ( 'NONE', ( #2243, #1267, #3729, #4756 ) ) ;
#1962 = ORIENTED_EDGE ( 'NONE', *, *, #2933, .F. ) ;
#1963 = CIRCLE ( 'NONE', #4711, 5.000000000000004441 ) ;
#1964 = CARTESIAN_POINT ( 'NONE',  ( 62.40000000000001279, 54.30000000000005400, -28.99999999999999289 ) ) ;
#1965 = LINE ( 'NONE', #1237, #1344 ) ;
#1966 = CARTESIAN_POINT ( 'NONE',  ( 0.000000000000000000, 2.000000000000000000, 31.75000000000000000 ) ) ;
#1967 = ORIENTED_EDGE ( 'NONE', *, *, #4588, .T. ) ;
#1968 = ORIENTED_EDGE ( 'NONE', *, *, #978, .F. ) ;
#1969 = DIRECTION ( 'NONE',  ( -0.000000000000000000, -0.000000000000000000, -1.000000000000000000 ) ) ;
#1970 = ORIENTED_EDGE ( 'NONE', *, *, #1986, .F. ) ;
#1971 = VERTEX_POINT ( 'NONE', #2323 ) ;
#1972 = DIRECTION ( 'NONE',  ( 1.000000000000000000, -0.000000000000000000, -0.000000000000000000 ) ) ;
#1973 = DIRECTION ( 'NONE',  ( 0.000000000000000000, -0.02539675889081775828, 0.9996774502997662903 ) ) ;
#1974 = DIRECTION ( 'NONE',  ( 0.000000000000000000, -2.478176394252582127E-16, -1.000000000000000000 ) ) ;
#1975 = CARTESIAN_POINT ( 'NONE',  ( 26.00000000000000711, 58.00000000000000000, -28.99999999999999289 ) ) ;
#1976 = EDGE_CURVE ( 'NONE', #1024, #2166, #3787, .T. ) ;
#1977 = CARTESIAN_POINT ( 'NONE',  ( 61.40000000000001279, 55.30000000000004690, -27.99999999999999645 ) ) ;
#1978 = AXIS2_PLACEMENT_3D ( 'NONE', #2890, #1031, #2867 ) ;
#1979 = DIRECTION ( 'NONE',  ( -1.000000000000000000, 0.000000000000000000, 1.196361017915039486E-16 ) ) ;
#1980 = CARTESIAN_POINT ( 'NONE',  ( 0.000000000000000000, 2.000000000000000000, 35.95000000000000284 ) ) ;
#1981 = DIRECTION ( 'NONE',  ( -1.000000000000000000, -0.000000000000000000, 0.000000000000000000 ) ) ;
#1982 = CARTESIAN_POINT ( 'NONE',  ( 0.000000000000000000, 1.000000000000000000, 47.16926539601615787 ) ) ;
#1983 = LINE ( 'NONE', #2302, #157 ) ;
#1984 = EDGE_CURVE ( 'NONE', #3298, #1415, #1963, .T. ) ;
#1985 = AXIS2_PLACEMENT_3D ( 'NONE', #1184, #3832, #2365 ) ;
#1986 = EDGE_CURVE ( 'NONE', #2261, #4397, #1779, .T. ) ;
#1987 = VERTEX_POINT ( 'NONE', #964 ) ;
#1988 = ORIENTED_EDGE ( 'NONE', *, *, #3914, .T. ) ;
#1989 = VECTOR ( 'NONE', #1278, 1000.000000000000000 ) ;
#1990 = DIRECTION ( 'NONE',  ( -1.000000000000000000, -0.000000000000000000, 1.196361017915039486E-16 ) ) ;
#1991 = LINE ( 'NONE', #2015, #2519 ) ;
#1992 = CARTESIAN_POINT ( 'NONE',  ( 3.000000000000030198, 55.99999999999999289, 12.50000000000000355 ) ) ;
#1993 = ADVANCED_FACE ( 'NONE', ( #1784 ), #2598, .T. ) ;
#1994 = VECTOR ( 'NONE', #1356, 1000.000000000000000 ) ;
#1995 = ORIENTED_EDGE ( 'NONE', *, *, #2997, .F. ) ;
#1996 = ORIENTED_EDGE ( 'NONE', *, *, #4602, .T. ) ;
#1997 = CARTESIAN_POINT ( 'NONE',  ( 117.3965784061852844, 58.27961147719184254, 10.85097107740707756 ) ) ;
#1998 = EDGE_CURVE ( 'NONE', #3667, #2369, #1107, .T. ) ;
#1999 = EDGE_CURVE ( 'NONE', #2481, #4372, #1737, .T. ) ;
#2000 = ADVANCED_FACE ( 'NONE', ( #1764 ), #3632, .F. ) ;
#2001 = ORIENTED_EDGE ( 'NONE', *, *, #461, .T. ) ;
#2002 = VERTEX_POINT ( 'NONE', #4779 ) ;
#2003 = DIRECTION ( 'NONE',  ( 0.000000000000000000, 0.000000000000000000, -1.000000000000000000 ) ) ;
#2004 = LINE ( 'NONE', #2740, #2442 ) ;
#2005 = CARTESIAN_POINT ( 'NONE',  ( 1.000000000000000000, 57.00000000000000000, -28.99999999999999289 ) ) ;
#2006 = DIRECTION ( 'NONE',  ( 0.000000000000000000, 1.000000000000000000, 0.000000000000000000 ) ) ;
#2007 = APPLICATION_PROTOCOL_DEFINITION ( 'draft international standard', 'automotive_design', 1998, #1158 ) ;
#2008 = PLANE ( 'NONE',  #3492 ) ;
#2009 = ORIENTED_EDGE ( 'NONE', *, *, #1431, .F. ) ;
#2010 = CARTESIAN_POINT ( 'NONE',  ( 165.3324686416905536, 6.799999999999997158, -59.75000000000000711 ) ) ;
#2011 = DIRECTION ( 'NONE',  ( 0.000000000000000000, 0.000000000000000000, -1.000000000000000000 ) ) ;
#2012 = ORIENTED_EDGE ( 'NONE', *, *, #783, .F. ) ;
#2013 = ORIENTED_EDGE ( 'NONE', *, *, #1138, .T. ) ;
#2014 = DIRECTION ( 'NONE',  ( -1.000000000000000000, 0.000000000000000000, 0.000000000000000000 ) ) ;
#2015 = CARTESIAN_POINT ( 'NONE',  ( 2.000000000000000000, 55.99999999999999289, -26.99999999999999645 ) ) ;
#2016 = CYLINDRICAL_SURFACE ( 'NONE', #3839, 1.000000000000000888 ) ;
#2017 = ORIENTED_EDGE ( 'NONE', *, *, #1266, .T. ) ;
#2018 = ORIENTED_EDGE ( 'NONE', *, *, #2944, .F. ) ;
#2019 = ADVANCED_FACE ( 'NONE', ( #278 ), #652, .T. ) ;
#2020 = DIRECTION ( 'NONE',  ( 0.000000000000000000, 0.000000000000000000, -1.000000000000000000 ) ) ;
#2021 = ORIENTED_EDGE ( 'NONE', *, *, #1177, .F. ) ;
#2022 = EDGE_CURVE ( 'NONE', #2905, #2852, #253, .T. ) ;
#2023 = VERTEX_POINT ( 'NONE', #3191 ) ;
#2024 = DIRECTION ( 'NONE',  ( 0.000000000000000000, -1.000000000000000000, 0.000000000000000000 ) ) ;
#2025 = FACE_OUTER_BOUND ( 'NONE', #685, .T. ) ;
#2026 = LINE ( 'NONE', #340, #611 ) ;
#2027 = DIRECTION ( 'NONE',  ( 0.000000000000000000, -1.000000000000000000, 0.000000000000000000 ) ) ;
#2028 = LINE ( 'NONE', #1977, #4422 ) ;
#2029 = VECTOR ( 'NONE', #2726, 1000.000000000000000 ) ;
#2030 = CARTESIAN_POINT ( 'NONE',  ( 115.0000000000000000, 29.00000000000000000, -29.99999999999999645 ) ) ;
#2031 = DIRECTION ( 'NONE',  ( 1.000000000000000000, 0.000000000000000000, 0.000000000000000000 ) ) ;
#2032 = CARTESIAN_POINT ( 'NONE',  ( 116.7994080650317841, 57.99408633737726149, 12.11538461538461497 ) ) ;
#2033 = LINE ( 'NONE', #2725, #2831 ) ;
#2034 = VECTOR ( 'NONE', #2713, 1000.000000000000000 ) ;
#2035 = VECTOR ( 'NONE', #2892, 1000.000000000000000 ) ;
#2036 = ORIENTED_EDGE ( 'NONE', *, *, #1896, .T. ) ;
#2037 = VECTOR ( 'NONE', #361, 1000.000000000000000 ) ;
#2038 = ORIENTED_EDGE ( 'NONE', *, *, #326, .F. ) ;
#2039 = LINE ( 'NONE', #1700, #3092 ) ;
#2040 = DIRECTION ( 'NONE',  ( 0.000000000000000000, 0.000000000000000000, -1.000000000000000000 ) ) ;
#2041 = DIRECTION ( 'NONE',  ( 0.000000000000000000, 0.000000000000000000, -1.000000000000000000 ) ) ;
#2042 = VECTOR ( 'NONE', #4244, 1000.000000000000000 ) ;
#2043 = CIRCLE ( 'NONE', #794, 1.000000000000000888 ) ;
#2044 = ORIENTED_EDGE ( 'NONE', *, *, #728, .T. ) ;
#2045 = AXIS2_PLACEMENT_3D ( 'NONE', #3586, #1767, #3658 ) ;
#2046 = ORIENTED_EDGE ( 'NONE', *, *, #3439, .T. ) ;
#2047 = CIRCLE ( 'NONE', #2656, 1.199999999999999734 ) ;
#2048 = SPHERICAL_SURFACE ( 'NONE', #4772, 1.000000000000000000 ) ;
#2049 = VECTOR ( 'NONE', #472, 1000.000000000000000 ) ;
#2050 = ADVANCED_FACE ( 'NONE', ( #1327 ), #4338, .T. ) ;
#2051 = EDGE_LOOP ( 'NONE', ( #338, #4436, #4059 ) ) ;
#2052 = ADVANCED_FACE ( 'NONE', ( #3582 ), #2871, .T. ) ;
#2053 = ORIENTED_EDGE ( 'NONE', *, *, #1487, .F. ) ;
#2054 = CARTESIAN_POINT ( 'NONE',  ( 116.0000000000000000, 63.00000000000000000, 12.50000000000000355 ) ) ;
#2055 = DIRECTION ( 'NONE',  ( 0.000000000000000000, 0.000000000000000000, -1.000000000000000000 ) ) ;
#2056 = CARTESIAN_POINT ( 'NONE',  ( 126.5716306148988224, 12.19999999999999929, -29.99999999999999645 ) ) ;
#2057 = APPLICATION_PROTOCOL_DEFINITION ( 'draft international standard', 'automotive_design', 1998, #1012 ) ;
#2058 = ORIENTED_EDGE ( 'NONE', *, *, #3791, .F. ) ;
#2059 = EDGE_CURVE ( 'NONE', #4367, #4201, #4024, .T. ) ;
#2060 = CARTESIAN_POINT ( 'NONE',  ( 0.000000000000000000, 26.37629658163896096, -36.25479946839507051 ) ) ;
#2061 = DIRECTION ( 'NONE',  ( -0.000000000000000000, 1.000000000000000000, 0.000000000000000000 ) ) ;
#2062 = CARTESIAN_POINT ( 'NONE',  ( 24.00000000000000355, 40.25000000000000711, -28.99999999999999289 ) ) ;
#2063 = EDGE_CURVE ( 'NONE', #3129, #4283, #4000, .T. ) ;
#2064 = EDGE_CURVE ( 'NONE', #979, #3349, #2158, .T. ) ;
#2065 = ADVANCED_FACE ( 'NONE', ( #252 ), #571, .T. ) ;
#2066 = EDGE_LOOP ( 'NONE', ( #1436, #2806, #2612, #1362 ) ) ;
#2067 = ORIENTED_EDGE ( 'NONE', *, *, #4591, .T. ) ;
#2068 = CARTESIAN_POINT ( 'NONE',  ( 0.000000000000000000, 38.25000000000000711, -27.99999999999999645 ) ) ;
#2069 = LINE ( 'NONE', #2757, #1657 ) ;
#2070 = DIRECTION ( 'NONE',  ( -0.000000000000000000, -1.000000000000000000, 0.000000000000000000 ) ) ;
#2071 = VECTOR ( 'NONE', #4131, 1000.000000000000000 ) ;
#2072 = VERTEX_POINT ( 'NONE', #4361 ) ;
#2073 = AXIS2_PLACEMENT_3D ( 'NONE', #4678, #4124, #4424 ) ;
#2074 = EDGE_CURVE ( 'NONE', #1555, #3758, #3211, .T. ) ;
#2075 = EDGE_LOOP ( 'NONE', ( #3816, #4204, #3128, #4212, #352, #3569, #3818, #518, #2395, #576, #2115, #36, #3693, #1297, #3414, #4515, #1942, #2078, #1939, #1126, #450, #2038, #2862, #2460, #2845, #216, #4677, #1296, #1244, #2374, #3398, #28, #2021 ) ) ;
#2076 = CARTESIAN_POINT ( 'NONE',  ( 119.0000000000000142, -3.000000000000000000, -42.49999999999999289 ) ) ;
#2077 = VECTOR ( 'NONE', #2744, 1000.000000000000000 ) ;
#2078 = ORIENTED_EDGE ( 'NONE', *, *, #117, .F. ) ;
#2079 = ORIENTED_EDGE ( 'NONE', *, *, #392, .F. ) ;
#2080 = CARTESIAN_POINT ( 'NONE',  ( 118.0000000000000142, -2.000000000000000000, 11.49999999999999645 ) ) ;
#2081 = CARTESIAN_POINT ( 'NONE',  ( 115.5857864376269077, 32.41421356237309936, 14.50000000000000355 ) ) ;
#2082 = CARTESIAN_POINT ( 'NONE',  ( 116.0000000000000000, 58.00000000000000000, 13.50000000000000533 ) ) ;
#2083 = CYLINDRICAL_SURFACE ( 'NONE', #1342, 0.9999999999999991118 ) ;
#2084 = CARTESIAN_POINT ( 'NONE',  ( -5.939362758225327068E-14, 2.000000000000000000, 35.94999999999995310 ) ) ;
#2085 = CARTESIAN_POINT ( 'NONE',  ( 115.0000000000000000, 34.08550813762892773, -33.36856425738304921 ) ) ;
#2086 = FACE_OUTER_BOUND ( 'NONE', #2165, .T. ) ;
#2087 = DIRECTION ( 'NONE',  ( 0.000000000000000000, 1.000000000000000000, 0.000000000000000000 ) ) ;
#2088 = EDGE_LOOP ( 'NONE', ( #393, #1104, #2044, #4606 ) ) ;
#2089 = ORIENTED_EDGE ( 'NONE', *, *, #392, .T. ) ;
#2090 = DIRECTION ( 'NONE',  ( -0.000000000000000000, 1.000000000000000000, -0.000000000000000000 ) ) ;
#2091 = DIRECTION ( 'NONE',  ( 1.000000000000000000, -0.000000000000000000, 0.000000000000000000 ) ) ;
#2092 = CARTESIAN_POINT ( 'NONE',  ( 0.000000000000000000, 32.32629658162959885, -36.25479946839507051 ) ) ;
#2093 = ORIENTED_EDGE ( 'NONE', *, *, #2340, .F. ) ;
#2094 = VERTEX_POINT ( 'NONE', #1011 ) ;
#2095 = CARTESIAN_POINT ( 'NONE',  ( 115.0000000000000000, 34.24999999999999289, -33.25479946839509893 ) ) ;
#2096 = EDGE_CURVE ( 'NONE', #1640, #1210, #2894, .T. ) ;
#2097 = ORIENTED_EDGE ( 'NONE', *, *, #1668, .F. ) ;
#2098 = ORIENTED_EDGE ( 'NONE', *, *, #774, .T. ) ;
#2099 = CARTESIAN_POINT ( 'NONE',  ( 115.0000000000000000, 33.00000000000000000, 14.50000000000000355 ) ) ;
#2100 = CARTESIAN_POINT ( 'NONE',  ( 115.0000000000000000, 29.00000000000000000, -29.99999999999999645 ) ) ;
#2101 = LINE ( 'NONE', #3602, #644 ) ;
#2102 = EDGE_CURVE ( 'NONE', #1920, #306, #3380, .T. ) ;
#2103 = CYLINDRICAL_SURFACE ( 'NONE', #1978, 1.000000000000000888 ) ;
#2104 = DIRECTION ( 'NONE',  ( 0.000000000000000000, 1.000000000000000000, 0.000000000000000000 ) ) ;
#2105 = DIRECTION ( 'NONE',  ( 1.000000000000000000, 0.000000000000000000, 0.000000000000000000 ) ) ;
#2106 = DIRECTION ( 'NONE',  ( 1.000000000000000000, 0.000000000000000000, 0.000000000000000000 ) ) ;
#2107 = VECTOR ( 'NONE', #1856, 1000.000000000000114 ) ;
#2108 = ORIENTED_EDGE ( 'NONE', *, *, #2704, .F. ) ;
#2109 = AXIS2_PLACEMENT_3D ( 'NONE', #1824, #1460, #4013 ) ;
#2110 = VERTEX_POINT ( 'NONE', #2231 ) ;
#2111 = LINE ( 'NONE', #532, #4032 ) ;
#2112 = AXIS2_PLACEMENT_3D ( 'NONE', #3386, #1564, #3012 ) ;
#2113 = CARTESIAN_POINT ( 'NONE',  ( 116.5000000000000000, -3.000000000000000000, -41.63397459621555186 ) ) ;
#2114 = DIRECTION ( 'NONE',  ( 0.000000000000000000, -1.000000000000000000, 0.000000000000000000 ) ) ;
#2115 = ORIENTED_EDGE ( 'NONE', *, *, #584, .F. ) ;
#2116 = ORIENTED_EDGE ( 'NONE', *, *, #2559, .F. ) ;
#2117 = AXIS2_PLACEMENT_3D ( 'NONE', #500, #1611, #2379 ) ;
#2118 = DIRECTION ( 'NONE',  ( 0.000000000000000000, -1.000000000000000000, 0.000000000000000000 ) ) ;
#2119 = DIRECTION ( 'NONE',  ( -1.000000000000000000, 0.000000000000000000, -1.652117596168382431E-15 ) ) ;
#2120 = VECTOR ( 'NONE', #3321, 1000.000000000000000 ) ;
#2121 = CIRCLE ( 'NONE', #3687, 1.000000000000000888 ) ;
#2122 = VERTEX_POINT ( 'NONE', #2602 ) ;
#2123 = VECTOR ( 'NONE', #1120, 1000.000000000000000 ) ;
#2124 = ORIENTED_EDGE ( 'NONE', *, *, #3901, .F. ) ;
#2125 = FACE_BOUND ( 'NONE', #944, .T. ) ;
#2126 = AXIS2_PLACEMENT_3D ( 'NONE', #2501, #1359, #3267 ) ;
#2127 = DIRECTION ( 'NONE',  ( -0.000000000000000000, -1.000000000000000000, 0.000000000000000000 ) ) ;
#2128 = DIRECTION ( 'NONE',  ( 0.000000000000000000, -1.000000000000000000, 0.000000000000000000 ) ) ;
#2129 = EDGE_CURVE ( 'NONE', #1545, #129, #4116, .T. ) ;
#2130 = DIRECTION ( 'NONE',  ( 0.000000000000000000, 0.000000000000000000, -1.000000000000000000 ) ) ;
#2131 = CARTESIAN_POINT ( 'NONE',  ( 115.0000000000000000, 57.00000000000000000, 14.50000000000000355 ) ) ;
#2132 = DIRECTION ( 'NONE',  ( 0.000000000000000000, 2.668805347656624706E-16, 1.000000000000000000 ) ) ;
#2133 = CARTESIAN_POINT ( 'NONE',  ( 80.40000000000000568, 0.000000000000000000, 28.74999999999998579 ) ) ;
#2134 = ORIENTED_EDGE ( 'NONE', *, *, #2720, .F. ) ;
#2135 = VERTEX_POINT ( 'NONE', #1538 ) ;
#2136 = CARTESIAN_POINT ( 'NONE',  ( 115.0000000000000000, 32.34999999999999432, -29.99999999999999645 ) ) ;
#2137 = DIRECTION ( 'NONE',  ( 0.000000000000000000, 0.000000000000000000, -1.000000000000000000 ) ) ;
#2138 = EDGE_CURVE ( 'NONE', #3764, #2360, #4127, .T. ) ;
#2139 = EDGE_CURVE ( 'NONE', #2711, #2797, #3776, .T. ) ;
#2140 = ORIENTED_EDGE ( 'NONE', *, *, #206, .F. ) ;
#2141 = ORIENTED_EDGE ( 'NONE', *, *, #4658, .T. ) ;
#2142 = AXIS2_PLACEMENT_3D ( 'NONE', #2054, #3947, #1608 ) ;
#2143 = DIRECTION ( 'NONE',  ( 0.000000000000000000, 1.000000000000000000, 2.202823461557850341E-16 ) ) ;
#2144 = DIRECTION ( 'NONE',  ( 0.000000000000000000, 0.000000000000000000, -1.000000000000000000 ) ) ;
#2145 = EDGE_CURVE ( 'NONE', #192, #1134, #3316, .T. ) ;
#2146 = AXIS2_PLACEMENT_3D ( 'NONE', #3664, #3203, #307 ) ;
#2147 = ORIENTED_EDGE ( 'NONE', *, *, #2354, .T. ) ;
#2148 = ORIENTED_EDGE ( 'NONE', *, *, #4601, .F. ) ;
#2149 = EDGE_CURVE ( 'NONE', #2659, #3499, #1078, .T. ) ;
#2150 = CARTESIAN_POINT ( 'NONE',  ( 115.0000000000000000, 0.000000000000000000, 0.000000000000000000 ) ) ;
#2151 = ADVANCED_FACE ( 'NONE', ( #1519 ), #742, .T. ) ;
#2152 = VECTOR ( 'NONE', #3087, 1000.000000000000000 ) ;
#2153 = CARTESIAN_POINT ( 'NONE',  ( 118.5857864376269077, -0.7000000000000052847, -69.24999999999998579 ) ) ;
#2154 = CARTESIAN_POINT ( 'NONE',  ( 115.0000000000000000, 59.25000000000000000, 9.192810861169263603 ) ) ;
#2155 = CARTESIAN_POINT ( 'NONE',  ( 80.40000000000000568, 1.000000000000000000, 33.85000000000000142 ) ) ;
#2156 = DIRECTION ( 'NONE',  ( 0.000000000000000000, -4.053092233590671617E-18, -1.000000000000000000 ) ) ;
#2157 = CARTESIAN_POINT ( 'NONE',  ( 117.6428512253625200, 57.34314575295292116, 11.49999999999999289 ) ) ;
#2158 = LINE ( 'NONE', #226, #1270 ) ;
#2159 = ADVANCED_FACE ( 'NONE', ( #419 ), #1122, .T. ) ;
#2160 = ORIENTED_EDGE ( 'NONE', *, *, #3318, .F. ) ;
#2161 = ORIENTED_EDGE ( 'NONE', *, *, #4093, .T. ) ;
#2162 = DIRECTION ( 'NONE',  ( 0.000000000000000000, 1.000000000000000000, 0.000000000000000000 ) ) ;
#2163 = CARTESIAN_POINT ( 'NONE',  ( 117.7320508075688821, 57.34314575050760965, 10.50000000000000178 ) ) ;
#2164 = EDGE_CURVE ( 'NONE', #3000, #2745, #3033, .T. ) ;
#2165 = EDGE_LOOP ( 'NONE', ( #535, #2983, #409, #4255 ) ) ;
#2166 = VERTEX_POINT ( 'NONE', #4434 ) ;
#2167 = PLANE ( 'NONE',  #1370 ) ;
#2168 = CARTESIAN_POINT ( 'NONE',  ( 116.0000000000000000, 58.00000000000000000, 12.50000000000000355 ) ) ;
#2169 = CARTESIAN_POINT ( 'NONE',  ( 117.0000000000000000, 7.000000000000000000, 0.000000000000000000 ) ) ;
#2170 = EDGE_CURVE ( 'NONE', #1920, #3324, #2966, .T. ) ;
#2171 = VERTEX_POINT ( 'NONE', #1469 ) ;
#2172 = ORIENTED_EDGE ( 'NONE', *, *, #2022, .T. ) ;
#2173 = CARTESIAN_POINT ( 'NONE',  ( 119.0000000000000142, 57.34314575050761675, 10.50000000000000000 ) ) ;
#2174 = CARTESIAN_POINT ( 'NONE',  ( 117.0000000000000000, 7.000000000000000000, -27.99999999999999645 ) ) ;
#2175 = CARTESIAN_POINT ( 'NONE',  ( 30.39999999999999858, 2.000000000000000000, 33.85000000000000142 ) ) ;
#2176 = DIRECTION ( 'NONE',  ( 0.000000000000000000, 0.000000000000000000, 1.000000000000000000 ) ) ;
#2177 = LINE ( 'NONE', #2574, #3132 ) ;
#2178 = LINE ( 'NONE', #1450, #3930 ) ;
#2179 = FACE_OUTER_BOUND ( 'NONE', #1868, .T. ) ;
#2180 = ORIENTED_EDGE ( 'NONE', *, *, #2201, .F. ) ;
#2181 = ORIENTED_EDGE ( 'NONE', *, *, #3595, .T. ) ;
#2182 = DIRECTION ( 'NONE',  ( 0.000000000000000000, 0.000000000000000000, -1.000000000000000000 ) ) ;
#2183 = CARTESIAN_POINT ( 'NONE',  ( 1.000000000000000000, 33.00000000000000000, 0.000000000000000000 ) ) ;
#2184 = ORIENTED_EDGE ( 'NONE', *, *, #2768, .T. ) ;
#2185 = AXIS2_PLACEMENT_3D ( 'NONE', #1419, #3698, #2525 ) ;
#2186 = ORIENTED_EDGE ( 'NONE', *, *, #1706, .F. ) ;
#2187 = CARTESIAN_POINT ( 'NONE',  ( 115.0000000000000000, 14.09999999999999609, -33.25479946839504208 ) ) ;
#2188 = CARTESIAN_POINT ( 'NONE',  ( 2.000000000000001776, 60.62488094968134789, 1.699999999999999289 ) ) ;
#2189 = DIRECTION ( 'NONE',  ( 2.991792032552943883E-16, -0.7071067811865531239, 0.7071067811865420216 ) ) ;
#2190 = VECTOR ( 'NONE', #925, 1000.000000000000000 ) ;
#2191 = VECTOR ( 'NONE', #1499, 1000.000000000000000 ) ;
#2192 = VERTEX_POINT ( 'NONE', #21 ) ;
#2193 = VECTOR ( 'NONE', #3239, 1000.000000000000000 ) ;
#2194 = EDGE_LOOP ( 'NONE', ( #3912, #1241, #3148, #1682 ) ) ;
#2195 = LINE ( 'NONE', #2616, #1659 ) ;
#2196 = EDGE_CURVE ( 'NONE', #2002, #2491, #2444, .T. ) ;
#2197 = LINE ( 'NONE', #4333, #2736 ) ;
#2198 = AXIS2_PLACEMENT_3D ( 'NONE', #4437, #2235, #1 ) ;
#2199 = EDGE_CURVE ( 'NONE', #2852, #2360, #2205, .T. ) ;
#2200 = STYLED_ITEM ( 'NONE', ( #4455 ), #2875 ) ;
#2201 = EDGE_CURVE ( 'NONE', #3764, #2290, #1146, .T. ) ;
#2202 = FACE_OUTER_BOUND ( 'NONE', #3520, .T. ) ;
#2203 = DIRECTION ( 'NONE',  ( 0.000000000000000000, 0.000000000000000000, -1.000000000000000000 ) ) ;
#2204 = DIRECTION ( 'NONE',  ( 0.000000000000000000, 0.000000000000000000, 1.000000000000000000 ) ) ;
#2205 = LINE ( 'NONE', #1167, #3697 ) ;
#2206 = AXIS2_PLACEMENT_3D ( 'NONE', #4504, #4523, #718 ) ;
#2207 = EDGE_CURVE ( 'NONE', #599, #1134, #1579, .T. ) ;
#2208 = ORIENTED_EDGE ( 'NONE', *, *, #3725, .F. ) ;
#2209 = ORIENTED_EDGE ( 'NONE', *, *, #4294, .F. ) ;
#2210 = EDGE_CURVE ( 'NONE', #4584, #3686, #4133, .T. ) ;
#2211 = CARTESIAN_POINT ( 'NONE',  ( 118.0000000000000142, 57.34314575050760965, 11.50000000000000355 ) ) ;
#2212 = FACE_BOUND ( 'NONE', #4824, .T. ) ;
#2213 = ADVANCED_FACE ( 'NONE', ( #2179 ), #323, .T. ) ;
#2214 = EDGE_CURVE ( 'NONE', #1340, #4665, #1861, .T. ) ;
#2215 = ORIENTED_EDGE ( 'NONE', *, *, #1998, .T. ) ;
#2216 = ORIENTED_EDGE ( 'NONE', *, *, #4254, .F. ) ;
#2217 = DIRECTION ( 'NONE',  ( 1.000000000000000000, -0.000000000000000000, -8.260587980841940752E-16 ) ) ;
#2218 = DIRECTION ( 'NONE',  ( -0.000000000000000000, 1.000000000000000000, 0.000000000000000000 ) ) ;
#2219 = CARTESIAN_POINT ( 'NONE',  ( 80.40000000000000568, 0.000000000000000000, 28.74999999999998579 ) ) ;
#2220 = EDGE_CURVE ( 'NONE', #4435, #3946, #3874, .T. ) ;
#2221 = ORIENTED_EDGE ( 'NONE', *, *, #2967, .F. ) ;
#2222 = CIRCLE ( 'NONE', #1053, 1.000000000000000888 ) ;
#2223 = ORIENTED_EDGE ( 'NONE', *, *, #627, .T. ) ;
#2224 = DIRECTION ( 'NONE',  ( 0.000000000000000000, 0.000000000000000000, -1.000000000000000000 ) ) ;
#2225 = FACE_OUTER_BOUND ( 'NONE', #2088, .T. ) ;
#2226 = TOROIDAL_SURFACE ( 'NONE', #1595, 2.000000000000000000, 1.000000000000000000 ) ;
#2227 = CIRCLE ( 'NONE', #1985, 1.000000000000000000 ) ;
#2228 = CARTESIAN_POINT ( 'NONE',  ( 80.40000000000000568, 0.000000000000000000, 33.85000000000000142 ) ) ;
#2229 = CARTESIAN_POINT ( 'NONE',  ( 116.0000000000000000, -2.000000000000000000, 11.49999999999999822 ) ) ;
#2230 = FACE_OUTER_BOUND ( 'NONE', #3809, .T. ) ;
#2231 = CARTESIAN_POINT ( 'NONE',  ( 115.0000000000000000, 2.000000000000000000, 13.49999999999999822 ) ) ;
#2232 = CIRCLE ( 'NONE', #122, 1.199999999999999734 ) ;
#2233 = ORIENTED_EDGE ( 'NONE', *, *, #1193, .T. ) ;
#2234 = VERTEX_POINT ( 'NONE', #1276 ) ;
#2235 = DIRECTION ( 'NONE',  ( 1.000000000000000000, 0.000000000000000000, 0.000000000000000000 ) ) ;
#2236 = DIRECTION ( 'NONE',  ( 0.000000000000000000, 0.000000000000000000, 1.000000000000000000 ) ) ;
#2237 = ORIENTED_EDGE ( 'NONE', *, *, #2823, .F. ) ;
#2238 = ORIENTED_EDGE ( 'NONE', *, *, #2102, .F. ) ;
#2239 = DIRECTION ( 'NONE',  ( -0.000000000000000000, 1.000000000000000000, 1.101411730778925047E-16 ) ) ;
#2240 = CARTESIAN_POINT ( 'NONE',  ( 118.0000000000000142, -0.7000000000000022871, -42.49999999999999289 ) ) ;
#2241 = DIRECTION ( 'NONE',  ( 0.000000000000000000, 0.000000000000000000, -1.000000000000000000 ) ) ;
#2242 = ORIENTED_EDGE ( 'NONE', *, *, #1330, .T. ) ;
#2243 = ORIENTED_EDGE ( 'NONE', *, *, #1809, .F. ) ;
#2244 = CARTESIAN_POINT ( 'NONE',  ( 62.40000000000001279, 55.30000000000005400, -29.99999999999999645 ) ) ;
#2245 = DIRECTION ( 'NONE',  ( -1.000000000000000000, -0.000000000000000000, -0.000000000000000000 ) ) ;
#2246 = DIRECTION ( 'NONE',  ( -1.000000000000000000, 0.000000000000000000, -0.000000000000000000 ) ) ;
#2247 = DIRECTION ( 'NONE',  ( -0.000000000000000000, -1.000000000000000000, 0.000000000000000000 ) ) ;
#2248 = CARTESIAN_POINT ( 'NONE',  ( 0.000000000000000000, 57.00000000000000000, 0.000000000000000000 ) ) ;
#2249 = ADVANCED_FACE ( 'NONE', ( #1667 ), #2693, .T. ) ;
#2250 = CARTESIAN_POINT ( 'NONE',  ( 119.0000000000000142, 58.10102051443363536, 11.50000000000000355 ) ) ;
#2251 = B_SPLINE_CURVE_WITH_KNOTS ( 'NONE', 3,
 ( #1293, #3127, #1997, #88, #4620, #3106, #3890, #4203, #2332, #1269 ),
 .UNSPECIFIED., .F., .F.,
 ( 4, 2, 2, 2, 4 ),
 ( 0.000000000000000000, 0.0005064155267492745924, 0.001012831053498549185, 0.001519246580247823886, 0.002025662106997098370 ),
 .UNSPECIFIED. ) ;
#2252 = EDGE_LOOP ( 'NONE', ( #938, #2449, #1970, #789 ) ) ;
#2253 = CARTESIAN_POINT ( 'NONE',  ( 29.33333333333346715, 29.33333333333353110, -13.33333333333326287 ) ) ;
#2254 = CARTESIAN_POINT ( 'NONE',  ( 34.60000000000000142, 0.000000000000000000, 38.95000000000000284 ) ) ;
#2255 = VERTEX_POINT ( 'NONE', #2295 ) ;
#2256 = ORIENTED_EDGE ( 'NONE', *, *, #1534, .F. ) ;
#2257 = DIRECTION ( 'NONE',  ( 0.000000000000000000, 0.000000000000000000, -1.000000000000000000 ) ) ;
#2258 = DIRECTION ( 'NONE',  ( 0.000000000000000000, -0.5547001962257769314, -0.8320502943374784577 ) ) ;
#2259 = DIRECTION ( 'NONE',  ( -0.000000000000000000, -1.000000000000000000, 0.000000000000000000 ) ) ;
#2260 = VECTOR ( 'NONE', #4051, 1000.000000000000000 ) ;
#2261 = VERTEX_POINT ( 'NONE', #4238 ) ;
#2262 = ORIENTED_EDGE ( 'NONE', *, *, #1639, .F. ) ;
#2263 = EDGE_CURVE ( 'NONE', #4102, #4388, #523, .T. ) ;
#2264 = CARTESIAN_POINT ( 'NONE',  ( 1.000000000000000000, 40.25000000000000711, -28.99999999999999289 ) ) ;
#2265 = CIRCLE ( 'NONE', #4773, 2.099999999999997868 ) ;
#2266 = ORIENTED_EDGE ( 'NONE', *, *, #4669, .F. ) ;
#2267 = AXIS2_PLACEMENT_3D ( 'NONE', #1316, #2468, #3200 ) ;
#2268 = FACE_OUTER_BOUND ( 'NONE', #1765, .T. ) ;
#2269 = SURFACE_STYLE_USAGE ( .BOTH. , #2988 ) ;
#2270 = CARTESIAN_POINT ( 'NONE',  ( 116.5000000000000000, 1.000000000000000000, -42.63397459621555186 ) ) ;
#2271 = AXIS2_PLACEMENT_3D ( 'NONE', #2175, #2549, #3671 ) ;
#2272 = DIRECTION ( 'NONE',  ( 1.000000000000000000, 0.000000000000000000, 0.000000000000000000 ) ) ;
#2273 = AXIS2_PLACEMENT_3D ( 'NONE', #3382, #64, #19 ) ;
#2274 = CIRCLE ( 'NONE', #3538, 1.000000000000000888 ) ;
#2275 = EDGE_CURVE ( 'NONE', #965, #3173, #889, .T. ) ;
#2276 = AXIS2_PLACEMENT_3D ( 'NONE', #2397, #2735, #904 ) ;
#2277 = ORIENTED_EDGE ( 'NONE', *, *, #4509, .T. ) ;
#2278 = DIRECTION ( 'NONE',  ( 1.000000000000000000, 0.000000000000000000, 0.000000000000000000 ) ) ;
#2279 = DIRECTION ( 'NONE',  ( 0.000000000000000000, 0.000000000000000000, 1.000000000000000000 ) ) ;
#2280 = AXIS2_PLACEMENT_3D ( 'NONE', #2993, #1473, #2676 ) ;
#2281 = VERTEX_POINT ( 'NONE', #863 ) ;
#2282 = VERTEX_POINT ( 'NONE', #1975 ) ;
#2283 = DIRECTION ( 'NONE',  ( 0.000000000000000000, 0.000000000000000000, -1.000000000000000000 ) ) ;
#2284 = CARTESIAN_POINT ( 'NONE',  ( 84.60000000000000853, 0.000000000000000000, 38.95000000000000995 ) ) ;
#2285 = DIRECTION ( 'NONE',  ( 0.000000000000000000, -1.000000000000000000, 0.000000000000000000 ) ) ;
#2286 = EDGE_LOOP ( 'NONE', ( #4570, #1507, #538, #820 ) ) ;
#2287 = VERTEX_POINT ( 'NONE', #1301 ) ;
#2288 = ADVANCED_FACE ( 'NONE', ( #2789 ), #4574, .F. ) ;
#2289 = DIRECTION ( 'NONE',  ( 1.000000000000000000, 0.000000000000000000, -0.000000000000000000 ) ) ;
#2290 = VERTEX_POINT ( 'NONE', #126 ) ;
#2291 = PLANE ( 'NONE',  #3867 ) ;
#2292 = CARTESIAN_POINT ( 'NONE',  ( 115.0000000000000000, 58.00000000000000000, -28.99999999999999289 ) ) ;
#2293 = CARTESIAN_POINT ( 'NONE',  ( 119.0000000000000142, 6.799999999999997158, -59.75000000000000711 ) ) ;
#2294 = AXIS2_PLACEMENT_3D ( 'NONE', #2084, #3166, #3208 ) ;
#2295 = CARTESIAN_POINT ( 'NONE',  ( 115.0000000000000000, 6.799999999999997158, -57.25000000000000000 ) ) ;
#2296 = FACE_OUTER_BOUND ( 'NONE', #1792, .T. ) ;
#2297 = DIRECTION ( 'NONE',  ( 0.000000000000000000, 0.000000000000000000, -1.000000000000000000 ) ) ;
#2298 = VECTOR ( 'NONE', #1086, 1000.000000000000000 ) ;
#2299 = ORIENTED_EDGE ( 'NONE', *, *, #2936, .T. ) ;
#2300 = DIRECTION ( 'NONE',  ( 0.000000000000000000, -1.000000000000000000, -0.000000000000000000 ) ) ;
#2301 = LINE ( 'NONE', #3730, #4635 ) ;
#2302 = CARTESIAN_POINT ( 'NONE',  ( 0.000000000000000000, 2.000000000000000000, -27.99999999999999645 ) ) ;
#2303 = VECTOR ( 'NONE', #2143, 1000.000000000000000 ) ;
#2304 = ORIENTED_EDGE ( 'NONE', *, *, #4099, .F. ) ;
#2305 = ORIENTED_EDGE ( 'NONE', *, *, #1629, .F. ) ;
#2306 = FACE_OUTER_BOUND ( 'NONE', #3751, .T. ) ;
#2307 = CARTESIAN_POINT ( 'NONE',  ( 0.000000000000000000, -3.000000000000000000, 47.16926539601615787 ) ) ;
#2308 = DIRECTION ( 'NONE',  ( 0.000000000000000000, 0.000000000000000000, -1.000000000000000000 ) ) ;
#2309 = EDGE_CURVE ( 'NONE', #2335, #1914, #3051, .T. ) ;
#2310 = VERTEX_POINT ( 'NONE', #443 ) ;
#2311 = ORIENTED_EDGE ( 'NONE', *, *, #2858, .F. ) ;
#2312 = DIRECTION ( 'NONE',  ( 0.000000000000000000, 1.000000000000000000, -2.478176394252582127E-16 ) ) ;
#2313 = EDGE_CURVE ( 'NONE', #113, #1415, #1881, .T. ) ;
#2314 = ORIENTED_EDGE ( 'NONE', *, *, #3812, .T. ) ;
#2315 = EDGE_LOOP ( 'NONE', ( #3514, #945, #4181, #1864 ) ) ;
#2316 = FACE_OUTER_BOUND ( 'NONE', #1366, .T. ) ;
#2317 = CARTESIAN_POINT ( 'NONE',  ( 0.000000000000000000, 41.25000000000000711, -3.999999999999989786 ) ) ;
#2318 = DIRECTION ( 'NONE',  ( -1.635512977795597700E-15, -0.7071067811865474617, 0.7071067811865474617 ) ) ;
#2319 = LINE ( 'NONE', #420, #2191 ) ;
#2320 = CARTESIAN_POINT ( 'NONE',  ( 119.0000000000000142, 31.50000000000000711, -33.50000000000000000 ) ) ;
#2321 = ORIENTED_EDGE ( 'NONE', *, *, #2340, .T. ) ;
#2322 = CARTESIAN_POINT ( 'NONE',  ( 116.8276729753256404, 57.99453770522426055, 12.04328536746686140 ) ) ;
#2323 = CARTESIAN_POINT ( 'NONE',  ( 119.0000000000000142, 58.00000000000001421, -30.00000000000002842 ) ) ;
#2324 = DIRECTION ( 'NONE',  ( 1.000000000000000000, 0.000000000000000000, 0.000000000000000000 ) ) ;
#2325 = ORIENTED_EDGE ( 'NONE', *, *, #3953, .T. ) ;
#2326 = VERTEX_POINT ( 'NONE', #3483 ) ;
#2327 = CARTESIAN_POINT ( 'NONE',  ( 1.615087374185305537E-15, 32.00000000000000000, 13.50000000000001954 ) ) ;
#2328 = CARTESIAN_POINT ( 'NONE',  ( 0.000000000000000000, 57.00000000000000000, -28.99999999999999289 ) ) ;
#2329 = CARTESIAN_POINT ( 'NONE',  ( 0.000000000000000000, 33.00000000000000000, 0.6999999999999995115 ) ) ;
#2330 = ORIENTED_EDGE ( 'NONE', *, *, #3592, .T. ) ;
#2331 = ORIENTED_EDGE ( 'NONE', *, *, #2891, .T. ) ;
#2332 = CARTESIAN_POINT ( 'NONE',  ( 116.0955073943156037, 58.09323493235358171, 11.52881361712240427 ) ) ;
#2333 = VECTOR ( 'NONE', #678, 1000.000000000000000 ) ;
#2334 = VERTEX_POINT ( 'NONE', #3112 ) ;
#2335 = VERTEX_POINT ( 'NONE', #2403 ) ;
#2336 = ADVANCED_FACE ( 'NONE', ( #4600 ), #2766, .T. ) ;
#2337 = AXIS2_PLACEMENT_3D ( 'NONE', #3311, #1759, #1353 ) ;
#2338 = CARTESIAN_POINT ( 'NONE',  ( 119.0000000000000142, 38.55499999999998550, -68.24999999999998579 ) ) ;
#2339 = DIRECTION ( 'NONE',  ( 0.000000000000000000, 0.000000000000000000, 1.000000000000000000 ) ) ;
#2340 = EDGE_CURVE ( 'NONE', #78, #3869, #1225, .T. ) ;
#2341 = ADVANCED_FACE ( 'NONE', ( #3823 ), #3532, .T. ) ;
#2342 = FACE_OUTER_BOUND ( 'NONE', #3790, .T. ) ;
#2343 = ADVANCED_FACE ( 'NONE', ( #543 ), #2666, .T. ) ;
#2344 = AXIS2_PLACEMENT_3D ( 'NONE', #705, #3162, #1752 ) ;
#2345 = VECTOR ( 'NONE', #853, 1000.000000000000000 ) ;
#2346 = AXIS2_PLACEMENT_3D ( 'NONE', #2991, #3060, #1884 ) ;
#2347 = FACE_OUTER_BOUND ( 'NONE', #1770, .T. ) ;
#2348 = FACE_OUTER_BOUND ( 'NONE', #3299, .T. ) ;
#2349 = CIRCLE ( 'NONE', #3765, 1.000000000000000888 ) ;
#2350 = ORIENTED_EDGE ( 'NONE', *, *, #295, .F. ) ;
#2351 = DIRECTION ( 'NONE',  ( 0.000000000000000000, 0.000000000000000000, -1.000000000000000000 ) ) ;
#2352 = CARTESIAN_POINT ( 'NONE',  ( 116.5781248705462758, 58.19044782269459404, 11.13108151872765106 ) ) ;
#2353 = AXIS2_PLACEMENT_3D ( 'NONE', #3360, #1129, #1474 ) ;
#2354 = EDGE_CURVE ( 'NONE', #1382, #3063, #2715, .T. ) ;
#2355 = DIRECTION ( 'NONE',  ( -0.000000000000000000, -1.000000000000000000, -0.000000000000000000 ) ) ;
#2356 = CARTESIAN_POINT ( 'NONE',  ( 119.0000000000000142, 38.55499999999999261, -41.49999999999998579 ) ) ;
#2357 = AXIS2_PLACEMENT_3D ( 'NONE', #2413, #3544, #2040 ) ;
#2358 = ADVANCED_FACE ( 'NONE', ( #2342 ), #3849, .T. ) ;
#2359 = AXIS2_PLACEMENT_3D ( 'NONE', #1468, #4803, #2640 ) ;
#2360 = VERTEX_POINT ( 'NONE', #3186 ) ;
#2361 = EDGE_CURVE ( 'NONE', #2192, #883, #4681, .T. ) ;
#2362 = ORIENTED_EDGE ( 'NONE', *, *, #827, .F. ) ;
#2363 = EDGE_CURVE ( 'NONE', #3159, #1786, #1420, .T. ) ;
#2364 = AXIS2_PLACEMENT_3D ( 'NONE', #3609, #2922, #673 ) ;
#2365 = DIRECTION ( 'NONE',  ( -1.000000000000000000, 0.000000000000000000, 0.000000000000000000 ) ) ;
#2366 = DIRECTION ( 'NONE',  ( 0.000000000000000000, -1.000000000000000000, 2.168404344971006896E-16 ) ) ;
#2367 = DIRECTION ( 'NONE',  ( 0.000000000000000000, 0.000000000000000000, -1.000000000000000000 ) ) ;
#2368 = EDGE_CURVE ( 'NONE', #1971, #4201, #1690, .T. ) ;
#2369 = VERTEX_POINT ( 'NONE', #2424 ) ;
#2370 = ORIENTED_EDGE ( 'NONE', *, *, #4443, .T. ) ;
#2371 = AXIS2_PLACEMENT_3D ( 'NONE', #2681, #4562, #1214 ) ;
#2372 = CARTESIAN_POINT ( 'NONE',  ( 115.0000000000000000, -3.000000000000000000, -29.99999999999999645 ) ) ;
#2373 = EDGE_CURVE ( 'NONE', #1844, #4584, #272, .T. ) ;
#2374 = ORIENTED_EDGE ( 'NONE', *, *, #414, .T. ) ;
#2375 = ORIENTED_EDGE ( 'NONE', *, *, #2559, .T. ) ;
#2376 = DIRECTION ( 'NONE',  ( 0.000000000000000000, 0.000000000000000000, -1.000000000000000000 ) ) ;
#2377 = SPHERICAL_SURFACE ( 'NONE', #406, 1.000000000000000000 ) ;
#2378 = CARTESIAN_POINT ( 'NONE',  ( 0.000000000000000000, 39.25000000000000711, -28.99999999999999289 ) ) ;
#2379 = DIRECTION ( 'NONE',  ( 0.000000000000000000, 0.000000000000000000, 1.000000000000000000 ) ) ;
#2380 = DIRECTION ( 'NONE',  ( 1.000000000000000000, 0.000000000000000000, 0.000000000000000000 ) ) ;
#2381 = AXIS2_PLACEMENT_3D ( 'NONE', #3927, #3952, #2405 ) ;
#2382 = EDGE_LOOP ( 'NONE', ( #2487, #1065 ) ) ;
#2383 = CARTESIAN_POINT ( 'NONE',  ( 2.333683887286511105, 55.33368388728649734, -3.032081385276758301 ) ) ;
#2384 = DIRECTION ( 'NONE',  ( 0.000000000000000000, 0.000000000000000000, -1.000000000000000000 ) ) ;
#2385 = DIRECTION ( 'NONE',  ( 0.000000000000000000, 0.000000000000000000, -1.000000000000000000 ) ) ;
#2386 = AXIS2_PLACEMENT_3D ( 'NONE', #1664, #3846, #3160 ) ;
#2387 = ADVANCED_FACE ( 'NONE', ( #4376 ), #1953, .F. ) ;
#2388 = ORIENTED_EDGE ( 'NONE', *, *, #4753, .T. ) ;
#2389 = ORIENTED_EDGE ( 'NONE', *, *, #2201, .T. ) ;
#2390 = AXIS2_PLACEMENT_3D ( 'NONE', #2691, #4186, #836 ) ;
#2391 = DIRECTION ( 'NONE',  ( 0.000000000000000000, 0.000000000000000000, -1.000000000000000000 ) ) ;
#2392 = DIRECTION ( 'NONE',  ( 0.000000000000000000, 0.5547001962259211494, -0.8320502943373823124 ) ) ;
#2393 = FACE_OUTER_BOUND ( 'NONE', #4532, .T. ) ;
#2394 = EDGE_CURVE ( 'NONE', #4435, #603, #2349, .T. ) ;
#2395 = ORIENTED_EDGE ( 'NONE', *, *, #1193, .F. ) ;
#2396 = ORIENTED_EDGE ( 'NONE', *, *, #424, .F. ) ;
#2397 = CARTESIAN_POINT ( 'NONE',  ( 0.000000000000000000, 34.08550813762892773, -33.36856425738304921 ) ) ;
#2398 = ORIENTED_EDGE ( 'NONE', *, *, #1708, .F. ) ;
#2399 = ORIENTED_EDGE ( 'NONE', *, *, #3498, .T. ) ;
#2400 = DIRECTION ( 'NONE',  ( 0.000000000000000000, -1.000000000000000000, 0.000000000000000000 ) ) ;
#2401 = DIRECTION ( 'NONE',  ( 1.000000000000000000, -0.000000000000000000, 0.000000000000000000 ) ) ;
#2402 = DIRECTION ( 'NONE',  ( 0.000000000000000000, 0.000000000000000000, 1.000000000000000000 ) ) ;
#2403 = CARTESIAN_POINT ( 'NONE',  ( 116.0000000000000000, -2.000000000000001776, 12.49999999999999645 ) ) ;
#2404 = DIRECTION ( 'NONE',  ( 0.000000000000000000, 0.000000000000000000, -1.000000000000000000 ) ) ;
#2405 = DIRECTION ( 'NONE',  ( 0.000000000000000000, 0.000000000000000000, -1.000000000000000000 ) ) ;
#2406 = DIRECTION ( 'NONE',  ( 0.000000000000000000, 1.000000000000000000, 0.000000000000000000 ) ) ;
#2407 = FACE_OUTER_BOUND ( 'NONE', #1584, .T. ) ;
#2408 = DIRECTION ( 'NONE',  ( 0.000000000000000000, -0.000000000000000000, -1.000000000000000000 ) ) ;
#2409 = ORIENTED_EDGE ( 'NONE', *, *, #3306, .F. ) ;
#2410 = VERTEX_POINT ( 'NONE', #2865 ) ;
#2411 = EDGE_CURVE ( 'NONE', #1271, #113, #397, .T. ) ;
#2412 = DIRECTION ( 'NONE',  ( 0.000000000000000000, 0.000000000000000000, -1.000000000000000000 ) ) ;
#2413 = CARTESIAN_POINT ( 'NONE',  ( 34.60000000000000142, 1.000000000000000000, 33.85000000000000142 ) ) ;
#2414 = DIRECTION ( 'NONE',  ( -0.000000000000000000, 1.000000000000000000, -0.000000000000000000 ) ) ;
#2415 = EDGE_CURVE ( 'NONE', #421, #1720, #3575, .T. ) ;
#2416 = ORIENTED_EDGE ( 'NONE', *, *, #2872, .F. ) ;
#2417 = ORIENTED_EDGE ( 'NONE', *, *, #4658, .F. ) ;
#2418 = LINE ( 'NONE', #1242, #4142 ) ;
#2419 = EDGE_CURVE ( 'NONE', #3933, #3708, #4311, .T. ) ;
#2420 = VERTEX_POINT ( 'NONE', #592 ) ;
#2421 = ORIENTED_EDGE ( 'NONE', *, *, #4446, .T. ) ;
#2422 = DIRECTION ( 'NONE',  ( 0.000000000000000000, -1.000000000000000000, 0.000000000000000000 ) ) ;
#2423 = CARTESIAN_POINT ( 'NONE',  ( 126.5716306148988224, 6.499999999999999112, -29.99999999999999645 ) ) ;
#2424 = CARTESIAN_POINT ( 'NONE',  ( 119.0000000000000142, 31.50000000000000711, -32.30000000000000426 ) ) ;
#2425 = EDGE_CURVE ( 'NONE', #2326, #4694, #642, .T. ) ;
#2426 = CARTESIAN_POINT ( 'NONE',  ( 0.000000000000000000, 0.000000000000000000, 0.000000000000000000 ) ) ;
#2427 = AXIS2_PLACEMENT_3D ( 'NONE', #3466, #2645, #591 ) ;
#2428 = CARTESIAN_POINT ( 'NONE',  ( 0.000000000000000000, 6.499999999999999112, -28.99999999999999289 ) ) ;
#2429 = DIRECTION ( 'NONE',  ( -0.000000000000000000, -1.000000000000000000, -0.000000000000000000 ) ) ;
#2430 = LINE ( 'NONE', #4360, #2906 ) ;
#2431 = CARTESIAN_POINT ( 'NONE',  ( 118.0000000000000142, 39.55499999999999261, -69.24999999999998579 ) ) ;
#2432 = AXIS2_PLACEMENT_3D ( 'NONE', #2264, #412, #3399 ) ;
#2433 = TOROIDAL_SURFACE ( 'NONE', #319, 2.000000000000000000, 1.000000000000000000 ) ;
#2434 = ADVANCED_FACE ( 'NONE', ( #4747 ), #3628, .F. ) ;
#2435 = CIRCLE ( 'NONE', #3214, 1.000000000000000888 ) ;
#2436 = ORIENTED_EDGE ( 'NONE', *, *, #3423, .F. ) ;
#2437 = VECTOR ( 'NONE', #3738, 1000.000000000000000 ) ;
#2438 = ORIENTED_EDGE ( 'NONE', *, *, #999, .F. ) ;
#2439 = DIRECTION ( 'NONE',  ( 0.000000000000000000, 1.000000000000000000, 0.000000000000000000 ) ) ;
#2440 = DIRECTION ( 'NONE',  ( -0.7071067811865453523, -0.000000000000000000, -0.7071067811865497932 ) ) ;
#2441 = DIRECTION ( 'NONE',  ( -1.000000000000000000, 0.000000000000000000, 0.000000000000000000 ) ) ;
#2442 = VECTOR ( 'NONE', #4263, 1000.000000000000000 ) ;
#2443 = ORIENTED_EDGE ( 'NONE', *, *, #270, .T. ) ;
#2444 = CIRCLE ( 'NONE', #2206, 5.100000000000013856 ) ;
#2445 = ORIENTED_EDGE ( 'NONE', *, *, #1233, .T. ) ;
#2446 = PLANE ( 'NONE',  #1417 ) ;
#2447 = VECTOR ( 'NONE', #2577, 1000.000000000000000 ) ;
#2448 = ORIENTED_EDGE ( 'NONE', *, *, #548, .F. ) ;
#2449 = ORIENTED_EDGE ( 'NONE', *, *, #4743, .F. ) ;
#2450 = CARTESIAN_POINT ( 'NONE',  ( 115.0000000000000000, 32.67468153101199846, -33.25479946839509893 ) ) ;
#2451 = DIRECTION ( 'NONE',  ( 0.000000000000000000, 0.000000000000000000, 1.000000000000000000 ) ) ;
#2452 = LINE ( 'NONE', #4558, #4067 ) ;
#2453 = DIRECTION ( 'NONE',  ( 0.000000000000000000, -1.000000000000000000, 0.000000000000000000 ) ) ;
#2454 = SHAPE_DEFINITION_REPRESENTATION ( #3593, #4623 ) ;
#2455 = CARTESIAN_POINT ( 'NONE',  ( 1.615087374185305537E-15, 57.00000000000000000, 13.50000000000001954 ) ) ;
#2456 = CARTESIAN_POINT ( 'NONE',  ( 0.000000000000000000, 34.11900322213596581, -33.56573950763936409 ) ) ;
#2457 = CARTESIAN_POINT ( 'NONE',  ( 117.6205324999605892, 58.05025253260772899, 11.49999999481187452 ) ) ;
#2458 = DIRECTION ( 'NONE',  ( 0.000000000000000000, -1.000000000000000000, 0.000000000000000000 ) ) ;
#2459 = VERTEX_POINT ( 'NONE', #2889 ) ;
#2460 = ORIENTED_EDGE ( 'NONE', *, *, #3024, .T. ) ;
#2461 = DIRECTION ( 'NONE',  ( 0.000000000000000000, 0.000000000000000000, -1.000000000000000000 ) ) ;
#2462 = CARTESIAN_POINT ( 'NONE',  ( 80.40000000000000568, 2.000000000000000000, 35.95000000000000284 ) ) ;
#2463 = PLANE ( 'NONE',  #639 ) ;
#2464 = AXIS2_PLACEMENT_3D ( 'NONE', #3381, #3424, #4090 ) ;
#2465 = ORIENTED_EDGE ( 'NONE', *, *, #4225, .T. ) ;
#2466 = VECTOR ( 'NONE', #4612, 1000.000000000000000 ) ;
#2467 = ORIENTED_EDGE ( 'NONE', *, *, #1706, .T. ) ;
#2468 = DIRECTION ( 'NONE',  ( -1.000000000000000000, 0.000000000000000000, 0.000000000000000000 ) ) ;
#2469 = EDGE_CURVE ( 'NONE', #3703, #2797, #4725, .T. ) ;
#2470 = AXIS2_PLACEMENT_3D ( 'NONE', #2005, #2665, #3797 ) ;
#2471 = ORIENTED_EDGE ( 'NONE', *, *, #3958, .T. ) ;
#2472 = ORIENTED_EDGE ( 'NONE', *, *, #1496, .F. ) ;
#2473 = LINE ( 'NONE', #640, #3049 ) ;
#2474 = LINE ( 'NONE', #4355, #474 ) ;
#2475 = DIRECTION ( 'NONE',  ( -1.000000000000000000, 0.000000000000000000, 0.000000000000000000 ) ) ;
#2476 =( LENGTH_UNIT ( ) NAMED_UNIT ( * ) SI_UNIT ( .MILLI., .METRE. ) );
#2477 = CARTESIAN_POINT ( 'NONE',  ( 119.0000000000000142, 31.50000000000000000, 5.499999999999999112 ) ) ;
#2478 = DIRECTION ( 'NONE',  ( 0.000000000000000000, 0.000000000000000000, -1.000000000000000000 ) ) ;
#2479 = CARTESIAN_POINT ( 'NONE',  ( 0.000000000000000000, 2.000000000000000000, 0.000000000000000000 ) ) ;
#2480 = DIRECTION ( 'NONE',  ( 1.000000000000000000, 0.000000000000000000, 0.000000000000000000 ) ) ;
#2481 = VERTEX_POINT ( 'NONE', #2154 ) ;
#2482 = ORIENTED_EDGE ( 'NONE', *, *, #4225, .F. ) ;
#2483 = DIRECTION ( 'NONE',  ( -0.000000000000000000, 1.000000000000000000, -0.000000000000000000 ) ) ;
#2484 = CARTESIAN_POINT ( 'NONE',  ( 115.0000000000000000, 27.05499999999998906, -62.25000000000000711 ) ) ;
#2485 = DIRECTION ( 'NONE',  ( 0.000000000000000000, 0.000000000000000000, 1.000000000000000000 ) ) ;
#2486 = VERTEX_POINT ( 'NONE', #4019 ) ;
#2487 = ORIENTED_EDGE ( 'NONE', *, *, #166, .F. ) ;
#2488 = LINE ( 'NONE', #4654, #634 ) ;
#2489 = FACE_OUTER_BOUND ( 'NONE', #4330, .T. ) ;
#2490 = ADVANCED_FACE ( 'NONE', ( #668 ), #2083, .T. ) ;
#2491 = VERTEX_POINT ( 'NONE', #3650 ) ;
#2492 = ORIENTED_EDGE ( 'NONE', *, *, #3428, .T. ) ;
#2493 = PLANE ( 'NONE',  #3756 ) ;
#2494 = FACE_OUTER_BOUND ( 'NONE', #1546, .T. ) ;
#2495 = CARTESIAN_POINT ( 'NONE',  ( 119.0000000000000142, 48.00000000000000000, -0.7287565553229600201 ) ) ;
#2496 = EDGE_CURVE ( 'NONE', #1821, #2287, #3975, .T. ) ;
#2497 = LINE ( 'NONE', #1812, #3325 ) ;
#2498 = DIRECTION ( 'NONE',  ( 1.000000000000000000, 0.000000000000000000, 0.000000000000000000 ) ) ;
#2499 = CARTESIAN_POINT ( 'NONE',  ( 117.7320508075688679, 57.34314575050746043, 11.49999999999999289 ) ) ;
#2500 = EDGE_CURVE ( 'NONE', #507, #2840, #3281, .T. ) ;
#2501 = CARTESIAN_POINT ( 'NONE',  ( 1.000000000000000000, 33.00000000000000000, 13.50000000000001954 ) ) ;
#2502 = VECTOR ( 'NONE', #3974, 1000.000000000000000 ) ;
#2503 = EDGE_LOOP ( 'NONE', ( #506, #111, #2975, #2940 ) ) ;
#2504 = EDGE_CURVE ( 'NONE', #4171, #2287, #4334, .T. ) ;
#2505 = ORIENTED_EDGE ( 'NONE', *, *, #3408, .T. ) ;
#2506 = AXIS2_PLACEMENT_3D ( 'NONE', #4567, #492, #3522 ) ;
#2507 = CARTESIAN_POINT ( 'NONE',  ( 43.99999999999998579, 44.00000000000004263, -29.99999999999999645 ) ) ;
#2508 = CARTESIAN_POINT ( 'NONE',  ( 0.000000000000000000, 32.34999999999999432, -33.25479946839509893 ) ) ;
#2509 = VECTOR ( 'NONE', #3596, 1000.000000000000000 ) ;
#2510 = EDGE_CURVE ( 'NONE', #2310, #4299, #2101, .T. ) ;
#2511 = VERTEX_POINT ( 'NONE', #4041 ) ;
#2512 = EDGE_CURVE ( 'NONE', #2904, #1919, #1807, .T. ) ;
#2513 = ORIENTED_EDGE ( 'NONE', *, *, #2562, .T. ) ;
#2514 = AXIS2_PLACEMENT_3D ( 'NONE', #66, #3089, #3136 ) ;
#2515 = EDGE_CURVE ( 'NONE', #1656, #2886, #4800, .T. ) ;
#2516 = CARTESIAN_POINT ( 'NONE',  ( 26.00000000000000711, 57.00000000000000000, -29.99999999999999645 ) ) ;
#2517 = CARTESIAN_POINT ( 'NONE',  ( 115.0000000000000000, -2.000000000000000000, 47.16926539601615787 ) ) ;
#2518 = AXIS2_PLACEMENT_3D ( 'NONE', #2965, #4456, #1097 ) ;
#2519 = VECTOR ( 'NONE', #509, 1000.000000000000000 ) ;
#2520 = ORIENTED_EDGE ( 'NONE', *, *, #3235, .F. ) ;
#2521 = CONICAL_SURFACE ( 'NONE', #1022, 5.100000000000000533, 0.7853981633974482790 ) ;
#2522 = ORIENTED_EDGE ( 'NONE', *, *, #265, .F. ) ;
#2523 = CARTESIAN_POINT ( 'NONE',  ( 119.0000000000000142, 62.00000000000000000, -0.7287565553229584658 ) ) ;
#2524 = VECTOR ( 'NONE', #3752, 1000.000000000000114 ) ;
#2525 = DIRECTION ( 'NONE',  ( 0.000000000000000000, 0.000000000000000000, 1.000000000000000000 ) ) ;
#2526 = DIRECTION ( 'NONE',  ( -0.000000000000000000, 1.000000000000000000, 1.101411730778925047E-16 ) ) ;
#2527 = ADVANCED_FACE ( 'NONE', ( #4405 ), #1052, .F. ) ;
#2528 = CARTESIAN_POINT ( 'NONE',  ( 34.60000000000001563, 2.000000000000000000, 31.75000000000000000 ) ) ;
#2529 = CARTESIAN_POINT ( 'NONE',  ( 30.39999999999999858, 1.000000000000000000, 33.85000000000000142 ) ) ;
#2530 = CARTESIAN_POINT ( 'NONE',  ( 126.5716306148988224, 32.32629658162959885, -36.25479946839507051 ) ) ;
#2531 = DIRECTION ( 'NONE',  ( -1.000000000000000000, 0.000000000000000000, 0.000000000000000000 ) ) ;
#2532 = ORIENTED_EDGE ( 'NONE', *, *, #4179, .F. ) ;
#2533 = ORIENTED_EDGE ( 'NONE', *, *, #613, .F. ) ;
#2534 = CARTESIAN_POINT ( 'NONE',  ( 115.0000000000000000, 58.00000000000000000, 12.50000000000000355 ) ) ;
#2535 = DIRECTION ( 'NONE',  ( 0.000000000000000000, -0.8320502943373832005, -0.5547001962259198171 ) ) ;
#2536 = EDGE_CURVE ( 'NONE', #745, #3678, #3880, .T. ) ;
#2537 = ORIENTED_EDGE ( 'NONE', *, *, #2571, .F. ) ;
#2538 = ORIENTED_EDGE ( 'NONE', *, *, #2510, .F. ) ;
#2539 = CARTESIAN_POINT ( 'NONE',  ( 117.0000000000000000, -3.000000000000000000, -42.49999999999999289 ) ) ;
#2540 = DIRECTION ( 'NONE',  ( 0.000000000000000000, 2.478176394252582127E-16, 1.000000000000000000 ) ) ;
#2541 = PLANE ( 'NONE',  #4537 ) ;
#2542 = EDGE_CURVE ( 'NONE', #3571, #3290, #1931, .T. ) ;
#2543 = VECTOR ( 'NONE', #3710, 1000.000000000000000 ) ;
#2544 = ORIENTED_EDGE ( 'NONE', *, *, #2411, .T. ) ;
#2545 = ORIENTED_EDGE ( 'NONE', *, *, #3226, .F. ) ;
#2546 = LINE ( 'NONE', #3236, #3771 ) ;
#2547 = AXIS2_PLACEMENT_3D ( 'NONE', #308, #1000, #3622 ) ;
#2548 = CARTESIAN_POINT ( 'NONE',  ( 62.39999999999999858, 29.00000000000000000, -27.99999999999999645 ) ) ;
#2549 = DIRECTION ( 'NONE',  ( 0.000000000000000000, -1.000000000000000000, 0.000000000000000000 ) ) ;
#2550 = PLANE ( 'NONE',  #426 ) ;
#2551 = DIRECTION ( 'NONE',  ( -0.000000000000000000, 1.000000000000000000, -1.734723475976805319E-15 ) ) ;
#2552 = DIRECTION ( 'NONE',  ( 0.000000000000000000, 0.000000000000000000, -1.000000000000000000 ) ) ;
#2553 = CARTESIAN_POINT ( 'NONE',  ( 118.0000000000000142, 48.00000000000000000, -0.7287565553229600201 ) ) ;
#2554 = ORIENTED_EDGE ( 'NONE', *, *, #1840, .T. ) ;
#2555 = ORIENTED_EDGE ( 'NONE', *, *, #289, .F. ) ;
#2556 = PLANE ( 'NONE',  #4078 ) ;
#2557 = DIRECTION ( 'NONE',  ( 0.000000000000000000, 0.000000000000000000, -1.000000000000000000 ) ) ;
#2558 = VERTEX_POINT ( 'NONE', #1591 ) ;
#2559 = EDGE_CURVE ( 'NONE', #60, #2711, #99, .T. ) ;
#2560 = ORIENTED_EDGE ( 'NONE', *, *, #2263, .T. ) ;
#2561 = DIRECTION ( 'NONE',  ( -1.000000000000000000, 0.000000000000000000, 0.000000000000000000 ) ) ;
#2562 = EDGE_CURVE ( 'NONE', #1153, #2282, #167, .T. ) ;
#2563 = LINE ( 'NONE', #2168, #457 ) ;
#2564 = CARTESIAN_POINT ( 'NONE',  ( 116.0000000000000000, 2.000000000000000000, 12.49999999999999645 ) ) ;
#2565 = EDGE_CURVE ( 'NONE', #2486, #3273, #3064, .T. ) ;
#2566 = ORIENTED_EDGE ( 'NONE', *, *, #2275, .T. ) ;
#2567 = EDGE_LOOP ( 'NONE', ( #1756, #4838, #1845, #3037 ) ) ;
#2568 = LINE ( 'NONE', #1161, #76 ) ;
#2569 = CARTESIAN_POINT ( 'NONE',  ( 119.0000000000000142, -2.000000000000001776, -41.49999999999999289 ) ) ;
#2570 = ADVANCED_FACE ( 'NONE', ( #2407 ), #2697, .F. ) ;
#2571 = EDGE_CURVE ( 'NONE', #24, #1189, #1421, .T. ) ;
#2572 = ADVANCED_FACE ( 'NONE', ( #3511 ), #4638, .T. ) ;
#2573 = FACE_OUTER_BOUND ( 'NONE', #3794, .T. ) ;
#2574 = CARTESIAN_POINT ( 'NONE',  ( 2.000000000000000000, 38.25000000000000711, -3.019237886466821230 ) ) ;
#2575 = DIRECTION ( 'NONE',  ( 1.000000000000000000, -0.000000000000000000, 0.000000000000000000 ) ) ;
#2576 = EDGE_CURVE ( 'NONE', #2310, #4367, #447, .T. ) ;
#2577 = DIRECTION ( 'NONE',  ( -0.000000000000000000, -0.5547001962259198171, 0.8320502943373832005 ) ) ;
#2578 = ORIENTED_EDGE ( 'NONE', *, *, #2861, .T. ) ;
#2579 = ORIENTED_EDGE ( 'NONE', *, *, #3945, .T. ) ;
#2580 = CARTESIAN_POINT ( 'NONE',  ( 117.0000000000000000, 1.010333609296566234E-14, -42.49999999999999289 ) ) ;
#2581 = CARTESIAN_POINT ( 'NONE',  ( 118.0000000000000142, 48.00000000000000000, -0.7287565553229600201 ) ) ;
#2582 = VERTEX_POINT ( 'NONE', #3116 ) ;
#2583 = AXIS2_PLACEMENT_3D ( 'NONE', #1570, #3066, #4216 ) ;
#2584 = ORIENTED_EDGE ( 'NONE', *, *, #2708, .F. ) ;
#2585 = LINE ( 'NONE', #4079, #4339 ) ;
#2586 = CARTESIAN_POINT ( 'NONE',  ( 107.0000000000000142, 63.00000000000000000, 12.50000000000000355 ) ) ;
#2587 = DIRECTION ( 'NONE',  ( 0.000000000000000000, 1.000000000000000000, 0.000000000000000000 ) ) ;
#2588 = VECTOR ( 'NONE', #1941, 1000.000000000000000 ) ;
#2589 = AXIS2_PLACEMENT_3D ( 'NONE', #4552, #1170, #4483 ) ;
#2590 = EDGE_LOOP ( 'NONE', ( #234, #2409, #4791, #1234 ) ) ;
#2591 = VECTOR ( 'NONE', #689, 1000.000000000000000 ) ;
#2592 = VERTEX_POINT ( 'NONE', #4168 ) ;
#2593 = AXIS2_PLACEMENT_3D ( 'NONE', #4346, #2441, #2485 ) ;
#2594 = CARTESIAN_POINT ( 'NONE',  ( 113.9999999999999716, 55.99999999999999289, 12.50000000000000355 ) ) ;
#2595 = CARTESIAN_POINT ( 'NONE',  ( 118.0000000000000142, -2.000000000000000000, 10.49999999999999112 ) ) ;
#2596 = CIRCLE ( 'NONE', #1571, 3.100000000000005418 ) ;
#2597 = TOROIDAL_SURFACE ( 'NONE', #3144, 25.00000000000000355, 1.000000000000000000 ) ;
#2598 = TOROIDAL_SURFACE ( 'NONE', #1188, 13.99999999999999822, 1.000000000000000000 ) ;
#2599 = CARTESIAN_POINT ( 'NONE',  ( 119.0000000000000142, 48.00000000000000000, -68.24999999999998579 ) ) ;
#2600 = DIRECTION ( 'NONE',  ( -0.000000000000000000, -1.000000000000000000, 0.000000000000000000 ) ) ;
#2601 = LINE ( 'NONE', #4092, #3618 ) ;
#2602 = CARTESIAN_POINT ( 'NONE',  ( 30.39999999999999858, 2.000000000000000000, 35.95000000000000284 ) ) ;
#2603 = ORIENTED_EDGE ( 'NONE', *, *, #32, .T. ) ;
#2604 = VERTEX_POINT ( 'NONE', #4191 ) ;
#2605 = DIRECTION ( 'NONE',  ( 0.5773502691896368333, -0.5773502691896198469, -0.5773502691896206240 ) ) ;
#2606 = LINE ( 'NONE', #3343, #3216 ) ;
#2607 = VERTEX_POINT ( 'NONE', #3095 ) ;
#2608 = ORIENTED_EDGE ( 'NONE', *, *, #3378, .F. ) ;
#2609 = FACE_OUTER_BOUND ( 'NONE', #1314, .T. ) ;
#2610 = CARTESIAN_POINT ( 'NONE',  ( 115.0000000000000000, 6.523703418370021545, -36.25479946839499945 ) ) ;
#2611 = FACE_OUTER_BOUND ( 'NONE', #3463, .T. ) ;
#2612 = ORIENTED_EDGE ( 'NONE', *, *, #3428, .F. ) ;
#2613 = AXIS2_PLACEMENT_3D ( 'NONE', #1396, #615, #3699 ) ;
#2614 = VERTEX_POINT ( 'NONE', #4271 ) ;
#2615 = EDGE_CURVE ( 'NONE', #4611, #421, #2435, .T. ) ;
#2616 = CARTESIAN_POINT ( 'NONE',  ( 34.60000000000000142, 0.000000000000000000, 28.74999999999999289 ) ) ;
#2617 = VECTOR ( 'NONE', #1823, 1000.000000000000000 ) ;
#2618 = AXIS2_PLACEMENT_3D ( 'NONE', #542, #1275, #1247 ) ;
#2619 = DIRECTION ( 'NONE',  ( 0.000000000000000000, 0.000000000000000000, 1.000000000000000000 ) ) ;
#2620 = CARTESIAN_POINT ( 'NONE',  ( 1.000000000000000000, 40.25000000000000711, -28.99999999999999289 ) ) ;
#2621 = DIRECTION ( 'NONE',  ( 0.000000000000000000, 1.000000000000000000, 0.000000000000000000 ) ) ;
#2622 = CARTESIAN_POINT ( 'NONE',  ( 1.000000000000000222, 32.00000000000000000, 1.699999999999999956 ) ) ;
#2623 = EDGE_CURVE ( 'NONE', #1656, #2481, #1098, .T. ) ;
#2624 = FACE_OUTER_BOUND ( 'NONE', #733, .T. ) ;
#2625 = VERTEX_POINT ( 'NONE', #3432 ) ;
#2626 = DIRECTION ( 'NONE',  ( 0.000000000000000000, 0.000000000000000000, -1.000000000000000000 ) ) ;
#2627 = FACE_BOUND ( 'NONE', #4094, .T. ) ;
#2628 =( BOUNDED_CURVE ( )  B_SPLINE_CURVE ( 3, ( #2082, #3574, #505, #792 ),
 .UNSPECIFIED., .F., .T. ) 
 B_SPLINE_CURVE_WITH_KNOTS ( ( 4, 4 ),
 ( 3.141592653589793116, 4.712388980384689674 ),
 .UNSPECIFIED. ) 
 CURVE ( )  GEOMETRIC_REPRESENTATION_ITEM ( )  RATIONAL_B_SPLINE_CURVE ( ( 1.000000000000000000, 0.8047378541243649375, 0.8047378541243649375, 1.000000000000000000 ) ) 
 REPRESENTATION_ITEM ( '' )  );
#2629 = ORIENTED_EDGE ( 'NONE', *, *, #3739, .T. ) ;
#2630 = VERTEX_POINT ( 'NONE', #816 ) ;
#2631 = CARTESIAN_POINT ( 'NONE',  ( 44.00000000000000000, 29.00000000000000000, -27.99999999999999645 ) ) ;
#2632 = DIRECTION ( 'NONE',  ( -0.000000000000000000, 1.000000000000000000, -0.000000000000000000 ) ) ;
#2633 = DIRECTION ( 'NONE',  ( 0.000000000000000000, -1.000000000000000000, 0.000000000000000000 ) ) ;
#2634 = ORIENTED_EDGE ( 'NONE', *, *, #606, .F. ) ;
#2635 = EDGE_LOOP ( 'NONE', ( #1251, #2960, #3619, #1705 ) ) ;
#2636 = PLANE ( 'NONE',  #1797 ) ;
#2637 = ADVANCED_FACE ( 'NONE', ( #915 ), #4823, .T. ) ;
#2638 = FACE_BOUND ( 'NONE', #2821, .T. ) ;
#2639 = DIRECTION ( 'NONE',  ( -1.000000000000000000, 0.000000000000000000, 0.000000000000000000 ) ) ;
#2640 = DIRECTION ( 'NONE',  ( 1.000000000000000000, 0.000000000000000000, 0.000000000000000000 ) ) ;
#2641 = CARTESIAN_POINT ( 'NONE',  ( 24.00000000000000355, 41.25000000000000711, -28.99999999999999289 ) ) ;
#2642 = DIRECTION ( 'NONE',  ( 0.000000000000000000, 0.000000000000000000, -1.000000000000000000 ) ) ;
#2643 = EDGE_LOOP ( 'NONE', ( #4739, #3639, #227, #2754 ) ) ;
#2644 = LINE ( 'NONE', #2951, #4320 ) ;
#2645 = DIRECTION ( 'NONE',  ( 0.000000000000000000, 0.8320502943374784577, -0.5547001962257769314 ) ) ;
#2646 = EDGE_CURVE ( 'NONE', #237, #1930, #3611, .T. ) ;
#2647 = ORIENTED_EDGE ( 'NONE', *, *, #584, .T. ) ;
#2648 = VERTEX_POINT ( 'NONE', #1033 ) ;
#2649 = DIRECTION ( 'NONE',  ( 1.000000000000000000, 0.000000000000000000, 0.000000000000000000 ) ) ;
#2650 = CARTESIAN_POINT ( 'NONE',  ( 26.00000000000000711, 57.00000000000000000, -28.99999999999999289 ) ) ;
#2651 = DIRECTION ( 'NONE',  ( -1.000000000000000000, 0.000000000000000000, 0.000000000000000000 ) ) ;
#2652 = CIRCLE ( 'NONE', #3523, 8.100000000000010303 ) ;
#2653 = ORIENTED_EDGE ( 'NONE', *, *, #1239, .T. ) ;
#2654 = ORIENTED_EDGE ( 'NONE', *, *, #4692, .T. ) ;
#2655 = CARTESIAN_POINT ( 'NONE',  ( 89.00000000000001421, 7.000000000000000000, 0.000000000000000000 ) ) ;
#2656 = AXIS2_PLACEMENT_3D ( 'NONE', #4572, #887, #2055 ) ;
#2657 = VECTOR ( 'NONE', #3284, 1000.000000000000000 ) ;
#2658 = AXIS2_PLACEMENT_3D ( 'NONE', #2842, #934, #2132 ) ;
#2659 = VERTEX_POINT ( 'NONE', #3190 ) ;
#2660 = VECTOR ( 'NONE', #1849, 1000.000000000000000 ) ;
#2661 = ADVANCED_FACE ( 'NONE', ( #3266 ), #4730, .T. ) ;
#2662 = DIRECTION ( 'NONE',  ( -1.000000000000000000, -0.000000000000000000, -0.000000000000000000 ) ) ;
#2663 = EDGE_CURVE ( 'NONE', #378, #536, #2430, .T. ) ;
#2664 = LINE ( 'NONE', #4161, #1029 ) ;
#2665 = DIRECTION ( 'NONE',  ( 0.000000000000000000, 1.000000000000000000, -0.000000000000000000 ) ) ;
#2666 = TOROIDAL_SURFACE ( 'NONE', #3, 2.000000000000000000, 1.000000000000000000 ) ;
#2667 = CARTESIAN_POINT ( 'NONE',  ( 0.000000000000000000, 33.00000000000000000, 14.50000000000001776 ) ) ;
#2668 = AXIS2_PLACEMENT_3D ( 'NONE', #3580, #4751, #225 ) ;
#2669 = FACE_OUTER_BOUND ( 'NONE', #1785, .T. ) ;
#2670 = CARTESIAN_POINT ( 'NONE',  ( 165.3324686416905536, 39.55499999999999261, -69.24999999999998579 ) ) ;
#2671 = VECTOR ( 'NONE', #1894, 1000.000000000000000 ) ;
#2672 = VECTOR ( 'NONE', #4679, 1000.000000000000000 ) ;
#2673 = VERTEX_POINT ( 'NONE', #3654 ) ;
#2674 = CARTESIAN_POINT ( 'NONE',  ( 116.9627298344452981, 57.13883052206007562, 11.85527982922565116 ) ) ;
#2675 = EDGE_CURVE ( 'NONE', #4760, #4694, #4792, .T. ) ;
#2676 = DIRECTION ( 'NONE',  ( 0.000000000000000000, 0.000000000000000000, -1.000000000000000000 ) ) ;
#2677 = LINE ( 'NONE', #4170, #3677 ) ;
#2678 = ORIENTED_EDGE ( 'NONE', *, *, #3800, .T. ) ;
#2679 = ORIENTED_EDGE ( 'NONE', *, *, #1496, .T. ) ;
#2680 = CARTESIAN_POINT ( 'NONE',  ( 80.40000000000000568, 0.000000000000000000, 36.95000000000000284 ) ) ;
#2681 = CARTESIAN_POINT ( 'NONE',  ( 116.0000000000000000, 57.08392021690038121, 11.50000000000000355 ) ) ;
#2682 = EDGE_CURVE ( 'NONE', #815, #2491, #4290, .T. ) ;
#2683 = LINE ( 'NONE', #1186, #2743 ) ;
#2684 = ORIENTED_EDGE ( 'NONE', *, *, #3728, .T. ) ;
#2685 = ORIENTED_EDGE ( 'NONE', *, *, #2882, .F. ) ;
#2686 = DIRECTION ( 'NONE',  ( 0.000000000000000000, 0.000000000000000000, 1.000000000000000000 ) ) ;
#2687 = EDGE_LOOP ( 'NONE', ( #3830, #1675, #2140, #285, #3743, #2710, #4128, #2325, #1909, #4651, #4719, #3229 ) ) ;
#2688 = ORIENTED_EDGE ( 'NONE', *, *, #1046, .T. ) ;
#2689 = CARTESIAN_POINT ( 'NONE',  ( 117.0000000000000000, 56.00000000000000000, 0.000000000000000000 ) ) ;
#2690 = SURFACE_STYLE_FILL_AREA ( #1536 ) ;
#2691 = CARTESIAN_POINT ( 'NONE',  ( 114.0000000000000000, -2.000000000000000000, 47.16926539601615076 ) ) ;
#2692 = CIRCLE ( 'NONE', #194, 1.000000000000000000 ) ;
#2693 = PLANE ( 'NONE',  #3067 ) ;
#2694 = CARTESIAN_POINT ( 'NONE',  ( 34.60000000000001563, 2.000000000000000000, 35.95000000000000995 ) ) ;
#2695 = DIRECTION ( 'NONE',  ( 1.000000000000000000, -0.000000000000000000, 0.000000000000000000 ) ) ;
#2696 = ORIENTED_EDGE ( 'NONE', *, *, #1492, .T. ) ;
#2697 = CYLINDRICAL_SURFACE ( 'NONE', #2982, 2.500000000000002220 ) ;
#2698 = DIRECTION ( 'NONE',  ( -0.000000000000000000, -1.000000000000000000, -0.000000000000000000 ) ) ;
#2699 = VERTEX_POINT ( 'NONE', #3929 ) ;
#2700 = ORIENTED_EDGE ( 'NONE', *, *, #3080, .T. ) ;
#2701 = FACE_OUTER_BOUND ( 'NONE', #4341, .T. ) ;
#2702 = LINE ( 'NONE', #3416, #4140 ) ;
#2703 = DIRECTION ( 'NONE',  ( 0.000000000000000000, 0.000000000000000000, 1.000000000000000000 ) ) ;
#2704 = EDGE_CURVE ( 'NONE', #3172, #4765, #3371, .T. ) ;
#2705 = EDGE_LOOP ( 'NONE', ( #3268, #2097, #2238, #2981 ) ) ;
#2706 = ADVANCED_FACE ( 'NONE', ( #2086 ), #2870, .T. ) ;
#2707 = ORIENTED_EDGE ( 'NONE', *, *, #1390, .F. ) ;
#2708 = EDGE_CURVE ( 'NONE', #2785, #2002, #3560, .T. ) ;
#2709 = DIRECTION ( 'NONE',  ( 0.000000000000000000, 0.000000000000000000, -1.000000000000000000 ) ) ;
#2710 = ORIENTED_EDGE ( 'NONE', *, *, #3739, .F. ) ;
#2711 = VERTEX_POINT ( 'NONE', #4709 ) ;
#2712 = FACE_BOUND ( 'NONE', #2635, .T. ) ;
#2713 = DIRECTION ( 'NONE',  ( 0.000000000000000000, -1.000000000000000000, 0.000000000000000000 ) ) ;
#2714 = SPHERICAL_SURFACE ( 'NONE', #2618, 1.000000000000000000 ) ;
#2715 = LINE ( 'NONE', #4209, #4229 ) ;
#2716 = ADVANCED_FACE ( 'NONE', ( #963 ), #650, .T. ) ;
#2717 = EDGE_CURVE ( 'NONE', #924, #1153, #1347, .T. ) ;
#2718 = LINE ( 'NONE', #3777, #1727 ) ;
#2719 = CARTESIAN_POINT ( 'NONE',  ( 44.99999999999998579, 55.30000000000005400, -28.99999999999999289 ) ) ;
#2720 = EDGE_CURVE ( 'NONE', #1189, #796, #4023, .T. ) ;
#2721 = ADVANCED_FACE ( 'NONE', ( #617 ), #4382, .T. ) ;
#2722 = ORIENTED_EDGE ( 'NONE', *, *, #4443, .F. ) ;
#2723 = CARTESIAN_POINT ( 'NONE',  ( 61.81421356237310505, 44.58578643762694327, -29.99999999999999645 ) ) ;
#2724 = DIRECTION ( 'NONE',  ( 0.000000000000000000, 0.000000000000000000, 1.000000000000000000 ) ) ;
#2725 = CARTESIAN_POINT ( 'NONE',  ( 107.0000000000000142, 32.34999999999999432, -33.25479946839509893 ) ) ;
#2726 = DIRECTION ( 'NONE',  ( 0.000000000000000000, 1.000000000000000000, 0.000000000000000000 ) ) ;
#2727 = ORIENTED_EDGE ( 'NONE', *, *, #401, .F. ) ;
#2728 = ORIENTED_EDGE ( 'NONE', *, *, #4822, .T. ) ;
#2729 = LINE ( 'NONE', #2680, #274 ) ;
#2730 = DIRECTION ( 'NONE',  ( -0.000000000000000000, 2.593979029498029342E-16, 1.000000000000000000 ) ) ;
#2731 = EDGE_CURVE ( 'NONE', #3635, #4760, #4481, .T. ) ;
#2732 = DIRECTION ( 'NONE',  ( 0.000000000000000000, -1.000000000000000000, -2.202823461557850095E-16 ) ) ;
#2733 = VERTEX_POINT ( 'NONE', #717 ) ;
#2734 = EDGE_LOOP ( 'NONE', ( #1205, #4401, #3961, #3766 ) ) ;
#2735 = DIRECTION ( 'NONE',  ( -1.000000000000000000, 0.000000000000000000, 0.000000000000000000 ) ) ;
#2736 = VECTOR ( 'NONE', #981, 1000.000000000000000 ) ;
#2737 = VERTEX_POINT ( 'NONE', #1860 ) ;
#2738 = VERTEX_POINT ( 'NONE', #1426 ) ;
#2739 = FACE_OUTER_BOUND ( 'NONE', #286, .T. ) ;
#2740 = CARTESIAN_POINT ( 'NONE',  ( 115.0000000000000000, 26.65000000000000213, -29.99999999999999645 ) ) ;
#2741 = CARTESIAN_POINT ( 'NONE',  ( 26.98076211353317078, 38.25000000000000711, -27.99999999999999645 ) ) ;
#2742 = DIRECTION ( 'NONE',  ( -0.7071067811865497932, 0.000000000000000000, 0.7071067811865453523 ) ) ;
#2743 = VECTOR ( 'NONE', #4587, 1000.000000000000000 ) ;
#2744 = DIRECTION ( 'NONE',  ( 1.000000000000000000, 0.000000000000000000, -0.000000000000000000 ) ) ;
#2745 = VERTEX_POINT ( 'NONE', #3722 ) ;
#2746 = DIRECTION ( 'NONE',  ( -1.000000000000000000, -0.000000000000000000, -0.000000000000000000 ) ) ;
#2747 = CARTESIAN_POINT ( 'NONE',  ( 117.2108041884517746, 58.02841643085099577, 11.63481686920242453 ) ) ;
#2748 = AXIS2_PLACEMENT_3D ( 'NONE', #3546, #602, #2137 ) ;
#2749 = VECTOR ( 'NONE', #3978, 1000.000000000000000 ) ;
#2750 = PLANE ( 'NONE',  #3462 ) ;
#2751 = AXIS2_PLACEMENT_3D ( 'NONE', #4345, #4735, #1787 ) ;
#2752 = AXIS2_PLACEMENT_3D ( 'NONE', #2423, #3134, #4653 ) ;
#2753 = VERTEX_POINT ( 'NONE', #3383 ) ;
#2754 = ORIENTED_EDGE ( 'NONE', *, *, #3014, .F. ) ;
#2755 = AXIS2_PLACEMENT_3D ( 'NONE', #1697, #4319, #2531 ) ;
#2756 = DIRECTION ( 'NONE',  ( -1.000000000000000000, 0.000000000000000000, 0.000000000000000000 ) ) ;
#2757 = CARTESIAN_POINT ( 'NONE',  ( 115.0000000000000000, 2.000000000000000000, 2.000000000000000444 ) ) ;
#2758 = DIRECTION ( 'NONE',  ( 0.000000000000000000, -2.523234146875356491E-16, 1.000000000000000000 ) ) ;
#2759 = ORIENTED_EDGE ( 'NONE', *, *, #2199, .F. ) ;
#2760 = EDGE_LOOP ( 'NONE', ( #3108, #2968, #698, #1596 ) ) ;
#2761 = LINE ( 'NONE', #4257, #2190 ) ;
#2762 = ORIENTED_EDGE ( 'NONE', *, *, #2309, .T. ) ;
#2763 = EDGE_LOOP ( 'NONE', ( #993, #1699, #804, #4284 ) ) ;
#2764 = CARTESIAN_POINT ( 'NONE',  ( 115.0000000000000000, 7.000000000000000000, 0.000000000000000000 ) ) ;
#2765 = LINE ( 'NONE', #909, #1131 ) ;
#2766 = CYLINDRICAL_SURFACE ( 'NONE', #82, 1.000000000000000888 ) ;
#2767 = CARTESIAN_POINT ( 'NONE',  ( 25.00000000000000355, 57.00000000000000000, -28.99999999999999289 ) ) ;
#2768 = EDGE_CURVE ( 'NONE', #3519, #883, #328, .T. ) ;
#2769 = AXIS2_PLACEMENT_3D ( 'NONE', #123, #197, #2400 ) ;
#2770 = DIRECTION ( 'NONE',  ( 0.000000000000000000, 0.000000000000000000, -1.000000000000000000 ) ) ;
#2771 = CARTESIAN_POINT ( 'NONE',  ( 115.0000000000000000, 4.787614288834452836, -33.37392069351744084 ) ) ;
#2772 = DIRECTION ( 'NONE',  ( -0.5773502691896202910, 0.5773502691896286176, 0.5773502691896285066 ) ) ;
#2773 = LINE ( 'NONE', #1982, #882 ) ;
#2774 = VECTOR ( 'NONE', #1972, 1000.000000000000000 ) ;
#2775 = ORIENTED_EDGE ( 'NONE', *, *, #1470, .F. ) ;
#2776 = ORIENTED_EDGE ( 'NONE', *, *, #1691, .F. ) ;
#2777 = AXIS2_PLACEMENT_3D ( 'NONE', #3111, #1586, #1537 ) ;
#2778 = CARTESIAN_POINT ( 'NONE',  ( 30.39999999999999858, 2.000000000000000000, 33.85000000000000142 ) ) ;
#2779 = CYLINDRICAL_SURFACE ( 'NONE', #3926, 1.000000000000000888 ) ;
#2780 = CARTESIAN_POINT ( 'NONE',  ( 116.8660254037844481, 57.08392021690038121, 12.00000000000000355 ) ) ;
#2781 = EDGE_CURVE ( 'NONE', #4402, #1003, #1903, .T. ) ;
#2782 = VERTEX_POINT ( 'NONE', #3748 ) ;
#2783 = ORIENTED_EDGE ( 'NONE', *, *, #3282, .T. ) ;
#2784 = CARTESIAN_POINT ( 'NONE',  ( 89.00000000000001421, 56.00000000000000000, 0.000000000000000000 ) ) ;
#2785 = VERTEX_POINT ( 'NONE', #3701 ) ;
#2786 = ORIENTED_EDGE ( 'NONE', *, *, #4807, .T. ) ;
#2787 = LINE ( 'NONE', #172, #590 ) ;
#2788 = CARTESIAN_POINT ( 'NONE',  ( 126.5716306148988224, 34.11900322213596581, -33.56573950763936409 ) ) ;
#2789 = FACE_OUTER_BOUND ( 'NONE', #3330, .T. ) ;
#2790 = EDGE_CURVE ( 'NONE', #2290, #2852, #251, .T. ) ;
#2791 =( NAMED_UNIT ( * ) PLANE_ANGLE_UNIT ( ) SI_UNIT ( $, .RADIAN. ) );
#2792 = DIRECTION ( 'NONE',  ( 0.000000000000000000, 0.7071067811865472397, 0.7071067811865479058 ) ) ;
#2793 = CARTESIAN_POINT ( 'NONE',  ( 115.0000000000000000, 29.00000000000000000, 0.000000000000000000 ) ) ;
#2794 = DIRECTION ( 'NONE',  ( -0.000000000000000000, -1.000000000000000000, -0.000000000000000000 ) ) ;
#2795 = CARTESIAN_POINT ( 'NONE',  ( 107.0000000000000142, 31.50000000000000000, 6.699999999999998401 ) ) ;
#2796 = ORIENTED_EDGE ( 'NONE', *, *, #2363, .T. ) ;
#2797 = VERTEX_POINT ( 'NONE', #2947 ) ;
#2798 = DIRECTION ( 'NONE',  ( 0.000000000000000000, -1.000000000000000000, 0.000000000000000000 ) ) ;
#2799 = LINE ( 'NONE', #3910, #3300 ) ;
#2800 = DIRECTION ( 'NONE',  ( 0.000000000000000000, 2.478176394252582127E-16, 1.000000000000000000 ) ) ;
#2801 = EDGE_CURVE ( 'NONE', #3289, #3758, #1494, .T. ) ;
#2802 = ORIENTED_EDGE ( 'NONE', *, *, #4179, .T. ) ;
#2803 = ORIENTED_EDGE ( 'NONE', *, *, #629, .T. ) ;
#2804 = DIRECTION ( 'NONE',  ( 0.000000000000000000, -1.000000000000000000, 0.000000000000000000 ) ) ;
#2805 = ORIENTED_EDGE ( 'NONE', *, *, #1445, .F. ) ;
#2806 = ORIENTED_EDGE ( 'NONE', *, *, #852, .T. ) ;
#2807 = CARTESIAN_POINT ( 'NONE',  ( 116.0000000000000000, 58.00000000000000000, 12.50000000000000355 ) ) ;
#2808 = DIRECTION ( 'NONE',  ( 0.000000000000000000, 0.000000000000000000, -1.000000000000000000 ) ) ;
#2809 = FACE_BOUND ( 'NONE', #4141, .T. ) ;
#2810 = CARTESIAN_POINT ( 'NONE',  ( 126.5716306148988224, 26.37629658163896096, -36.25479946839507051 ) ) ;
#2811 =( BOUNDED_CURVE ( )  B_SPLINE_CURVE ( 3, ( #2240, #4125, #4174, #380 ),
 .UNSPECIFIED., .F., .T. ) 
 B_SPLINE_CURVE_WITH_KNOTS ( ( 4, 4 ),
 ( 0.000000000000000000, 1.570796326794896558 ),
 .UNSPECIFIED. ) 
 CURVE ( )  GEOMETRIC_REPRESENTATION_ITEM ( )  RATIONAL_B_SPLINE_CURVE ( ( 1.000000000000000000, 0.8047378541243649375, 0.8047378541243649375, 1.000000000000000000 ) ) 
 REPRESENTATION_ITEM ( '' )  );
#2812 = DIRECTION ( 'NONE',  ( 1.000000000000000000, 0.000000000000000000, 0.000000000000000000 ) ) ;
#2813 = AXIS2_PLACEMENT_3D ( 'NONE', #3780, #847, #4680 ) ;
#2814 = CARTESIAN_POINT ( 'NONE',  ( 0.000000000000000000, 32.34999999999999432, -28.99999999999999289 ) ) ;
#2815 = DIRECTION ( 'NONE',  ( 0.000000000000000000, 0.000000000000000000, 1.000000000000000000 ) ) ;
#2816 = CARTESIAN_POINT ( 'NONE',  ( 117.7320508075688821, 58.05025253169402077, 11.49999999999998934 ) ) ;
#2817 = DIRECTION ( 'NONE',  ( 0.000000000000000000, 0.000000000000000000, -1.000000000000000000 ) ) ;
#2818 = VECTOR ( 'NONE', #1219, 1000.000000000000000 ) ;
#2819 = VECTOR ( 'NONE', #224, 1000.000000000000114 ) ;
#2820 = VECTOR ( 'NONE', #569, 1000.000000000000114 ) ;
#2821 = EDGE_LOOP ( 'NONE', ( #4494, #120, #4362, #1383 ) ) ;
#2822 = AXIS2_PLACEMENT_3D ( 'NONE', #1966, #1622, #1290 ) ;
#2823 = EDGE_CURVE ( 'NONE', #3063, #1920, #4004, .T. ) ;
#2824 = ORIENTED_EDGE ( 'NONE', *, *, #691, .F. ) ;
#2825 = LINE ( 'NONE', #3964, #3007 ) ;
#2826 = CARTESIAN_POINT ( 'NONE',  ( 1.000000000000000000, 40.25000000000000711, -28.99999999999999289 ) ) ;
#2827 = CARTESIAN_POINT ( 'NONE',  ( 118.0000000000000142, -0.7000000000000023981, -69.24999999999998579 ) ) ;
#2828 = VECTOR ( 'NONE', #4513, 1000.000000000000000 ) ;
#2829 = VECTOR ( 'NONE', #1879, 1000.000000000000000 ) ;
#2830 = ORIENTED_EDGE ( 'NONE', *, *, #2536, .F. ) ;
#2831 = VECTOR ( 'NONE', #2408, 1000.000000000000000 ) ;
#2832 = ORIENTED_EDGE ( 'NONE', *, *, #2936, .F. ) ;
#2833 = CARTESIAN_POINT ( 'NONE',  ( 3.000000000000028866, 2.000000000000000000, -27.99999999999999645 ) ) ;
#2834 = VECTOR ( 'NONE', #1201, 1000.000000000000000 ) ;
#2835 = ORIENTED_EDGE ( 'NONE', *, *, #3288, .F. ) ;
#2836 = ORIENTED_EDGE ( 'NONE', *, *, #2504, .F. ) ;
#2837 = DIRECTION ( 'NONE',  ( 0.000000000000000000, -1.000000000000000000, -3.652049423109073546E-15 ) ) ;
#2838 = DIRECTION ( 'NONE',  ( 0.000000000000000000, 0.000000000000000000, 1.000000000000000000 ) ) ;
#2839 = DIRECTION ( 'NONE',  ( -0.000000000000000000, 1.000000000000000000, -0.000000000000000000 ) ) ;
#2840 = VERTEX_POINT ( 'NONE', #3775 ) ;
#2841 = DIRECTION ( 'NONE',  ( 1.000000000000000000, 0.000000000000000000, 0.000000000000000000 ) ) ;
#2842 = CARTESIAN_POINT ( 'NONE',  ( 1.000000000000000000, 56.00000000000000000, -28.99999999999999289 ) ) ;
#2843 = CARTESIAN_POINT ( 'NONE',  ( 1.000000000000000000, 60.62488094968134789, 0.6999999999999995115 ) ) ;
#2844 = AXIS2_PLACEMENT_3D ( 'NONE', #2455, #1979, #3533 ) ;
#2845 = ORIENTED_EDGE ( 'NONE', *, *, #2515, .F. ) ;
#2846 = ORIENTED_EDGE ( 'NONE', *, *, #2164, .F. ) ;
#2847 = DIRECTION ( 'NONE',  ( 0.000000000000000000, -1.000000000000000000, 0.000000000000000000 ) ) ;
#2848 = DIRECTION ( 'NONE',  ( 0.000000000000000000, -1.000000000000000000, 0.000000000000000000 ) ) ;
#2849 = DIRECTION ( 'NONE',  ( -0.000000000000000000, -0.000000000000000000, -1.000000000000000000 ) ) ;
#2850 = AXIS2_PLACEMENT_3D ( 'NONE', #551, #4343, #4324 ) ;
#2851 = ADVANCED_FACE ( 'NONE', ( #2230 ), #369, .T. ) ;
#2852 = VERTEX_POINT ( 'NONE', #348 ) ;
#2853 = VECTOR ( 'NONE', #4585, 1000.000000000000000 ) ;
#2854 = EDGE_LOOP ( 'NONE', ( #2018, #3234 ) ) ;
#2855 = FACE_OUTER_BOUND ( 'NONE', #1346, .T. ) ;
#2856 = CARTESIAN_POINT ( 'NONE',  ( 115.0000000000000000, 39.55499999999999261, -69.24999999999998579 ) ) ;
#2857 = CIRCLE ( 'NONE', #826, 1.000000000000000888 ) ;
#2858 = EDGE_CURVE ( 'NONE', #1556, #3436, #646, .T. ) ;
#2859 = ADVANCED_FACE ( 'NONE', ( #3675 ), #3354, .T. ) ;
#2860 = EDGE_LOOP ( 'NONE', ( #1401, #4439, #3319, #3178 ) ) ;
#2861 = EDGE_CURVE ( 'NONE', #2234, #3894, #1145, .T. ) ;
#2862 = ORIENTED_EDGE ( 'NONE', *, *, #1943, .F. ) ;
#2863 = LINE ( 'NONE', #1418, #1412 ) ;
#2864 = DIRECTION ( 'NONE',  ( -0.7071067811865524577, -0.000000000000000000, 0.7071067811865425767 ) ) ;
#2865 = CARTESIAN_POINT ( 'NONE',  ( 30.39999999999999858, 0.000000000000000000, 28.74999999999999645 ) ) ;
#2866 = ADVANCED_FACE ( 'NONE', ( #1058 ), #418, .T. ) ;
#2867 = DIRECTION ( 'NONE',  ( 1.000000000000000000, 0.000000000000000000, 0.000000000000000000 ) ) ;
#2868 = ADVANCED_FACE ( 'NONE', ( #4831 ), #4115, .F. ) ;
#2869 = DIRECTION ( 'NONE',  ( -0.000000000000000000, 1.000000000000000000, 0.000000000000000000 ) ) ;
#2870 = PLANE ( 'NONE',  #3767 ) ;
#2871 = CYLINDRICAL_SURFACE ( 'NONE', #3620, 1.000000000000000000 ) ;
#2872 = EDGE_CURVE ( 'NONE', #4592, #3944, #2178, .T. ) ;
#2873 = EDGE_CURVE ( 'NONE', #1720, #3199, #880, .T. ) ;
#2874 = EDGE_CURVE ( 'NONE', #997, #4069, #2601, .T. ) ;
#2875 = MANIFOLD_SOLID_BREP ( '\X2\0411043e0431044b0448043a0430\X0\-\X2\0412044b0442044f043d04430442044c\X0\25', #4112 ) ;
#2876 = ORIENTED_EDGE ( 'NONE', *, *, #3746, .T. ) ;
#2877 = EDGE_LOOP ( 'NONE', ( #926, #91, #4714, #134 ) ) ;
#2878 = CARTESIAN_POINT ( 'NONE',  ( 30.39999999999999858, 0.000000000000000000, 30.75000000000000000 ) ) ;
#2879 = FACE_OUTER_BOUND ( 'NONE', #3364, .T. ) ;
#2880 = ORIENTED_EDGE ( 'NONE', *, *, #433, .F. ) ;
#2881 = VERTEX_POINT ( 'NONE', #1165 ) ;
#2882 = EDGE_CURVE ( 'NONE', #139, #2023, #417, .T. ) ;
#2883 = CARTESIAN_POINT ( 'NONE',  ( 118.0000000000000142, -0.7000000000000023981, -69.24999999999998579 ) ) ;
#2884 = CARTESIAN_POINT ( 'NONE',  ( 1.000000000000000000, 29.00000000000000000, 13.50000000000001954 ) ) ;
#2885 = ORIENTED_EDGE ( 'NONE', *, *, #1111, .T. ) ;
#2886 = VERTEX_POINT ( 'NONE', #2292 ) ;
#2887 = CARTESIAN_POINT ( 'NONE',  ( 119.0000000000000142, 38.55499999999998550, -68.24999999999998579 ) ) ;
#2888 = FACE_OUTER_BOUND ( 'NONE', #213, .T. ) ;
#2889 = CARTESIAN_POINT ( 'NONE',  ( 115.0000000000000000, 32.34999999999999432, -32.65294628269511890 ) ) ;
#2890 = CARTESIAN_POINT ( 'NONE',  ( 114.0000000000000000, -2.000000000000000000, -28.99999999999999289 ) ) ;
#2891 = EDGE_CURVE ( 'NONE', #4327, #4299, #1833, .T. ) ;
#2892 = DIRECTION ( 'NONE',  ( -0.000000000000000000, -1.000000000000000000, -0.000000000000000000 ) ) ;
#2893 = DIRECTION ( 'NONE',  ( 0.000000000000000000, 0.000000000000000000, -1.000000000000000000 ) ) ;
#2894 = LINE ( 'NONE', #4384, #653 ) ;
#2895 = CIRCLE ( 'NONE', #1407, 2.500000000000002220 ) ;
#2896 = ORIENTED_EDGE ( 'NONE', *, *, #613, .T. ) ;
#2897 = ADVANCED_FACE ( 'NONE', ( #3405 ), #1119, .T. ) ;
#2898 = EDGE_LOOP ( 'NONE', ( #2537, #351, #3971, #2555 ) ) ;
#2899 = VECTOR ( 'NONE', #4154, 1000.000000000000114 ) ;
#2900 = AXIS2_PLACEMENT_3D ( 'NONE', #671, #2156, #2104 ) ;
#2901 = CYLINDRICAL_SURFACE ( 'NONE', #2045, 1.000000000000000888 ) ;
#2902 = DIRECTION ( 'NONE',  ( 0.000000000000000000, -2.478176394252582127E-16, -1.000000000000000000 ) ) ;
#2903 = VECTOR ( 'NONE', #583, 1000.000000000000000 ) ;
#2904 = VERTEX_POINT ( 'NONE', #3796 ) ;
#2905 = VERTEX_POINT ( 'NONE', #4847 ) ;
#2906 = VECTOR ( 'NONE', #3210, 1000.000000000000000 ) ;
#2907 = CARTESIAN_POINT ( 'NONE',  ( 34.60000000000000142, 2.000000000000000000, 33.85000000000000142 ) ) ;
#2908 = PLANE ( 'NONE',  #1684 ) ;
#2909 = LINE ( 'NONE', #4695, #4621 ) ;
#2910 = CIRCLE ( 'NONE', #2273, 2.500000000000002220 ) ;
#2911 = AXIS2_PLACEMENT_3D ( 'NONE', #2328, #108, #3496 ) ;
#2912 = ORIENTED_EDGE ( 'NONE', *, *, #621, .T. ) ;
#2913 = AXIS2_PLACEMENT_3D ( 'NONE', #4373, #4017, #2915 ) ;
#2914 = ORIENTED_EDGE ( 'NONE', *, *, #4309, .T. ) ;
#2915 = DIRECTION ( 'NONE',  ( -1.652117596168380459E-15, 0.000000000000000000, 1.000000000000000000 ) ) ;
#2916 = AXIS2_PLACEMENT_3D ( 'NONE', #4045, #2480, #2817 ) ;
#2917 = PLANE ( 'NONE',  #1638 ) ;
#2918 = CARTESIAN_POINT ( 'NONE',  ( 115.0000000000000000, 58.00000000000000000, -29.99999999999999645 ) ) ;
#2919 = DIRECTION ( 'NONE',  ( 0.000000000000000000, -1.000000000000000000, 0.000000000000000000 ) ) ;
#2920 = CARTESIAN_POINT ( 'NONE',  ( 0.9999999999999997780, -3.000000000000000000, -29.99999999999999645 ) ) ;
#2921 = DIRECTION ( 'NONE',  ( 0.000000000000000000, 0.000000000000000000, 1.000000000000000000 ) ) ;
#2922 = DIRECTION ( 'NONE',  ( -1.000000000000000000, 0.000000000000000000, -0.000000000000000000 ) ) ;
#2923 = EDGE_CURVE ( 'NONE', #927, #1090, #1572, .T. ) ;
#2924 = VERTEX_POINT ( 'NONE', #2964 ) ;
#2925 = ADVANCED_FACE ( 'NONE', ( #4185 ), #2597, .T. ) ;
#2926 = ORIENTED_EDGE ( 'NONE', *, *, #3181, .T. ) ;
#2927 = DIRECTION ( 'NONE',  ( -1.000000000000000000, 0.000000000000000000, 0.000000000000000000 ) ) ;
#2928 = EDGE_LOOP ( 'NONE', ( #2465, #2835, #217, #1264 ) ) ;
#2929 = ORIENTED_EDGE ( 'NONE', *, *, #4632, .F. ) ;
#2930 = AXIS2_PLACEMENT_3D ( 'NONE', #2477, #4380, #3652 ) ;
#2931 = LINE ( 'NONE', #2976, #429 ) ;
#2932 = DIRECTION ( 'NONE',  ( -1.000000000000000000, 0.000000000000000000, -0.000000000000000000 ) ) ;
#2933 = EDGE_CURVE ( 'NONE', #1341, #2135, #2664, .T. ) ;
#2934 = CARTESIAN_POINT ( 'NONE',  ( 0.000000000000000000, 4.730996777863603064, -33.56573950764021674 ) ) ;
#2935 = EDGE_CURVE ( 'NONE', #3515, #2904, #441, .T. ) ;
#2936 = EDGE_CURVE ( 'NONE', #4435, #1914, #4389, .T. ) ;
#2937 = VECTOR ( 'NONE', #1990, 1000.000000000000000 ) ;
#2938 = EDGE_LOOP ( 'NONE', ( #4476, #3845, #1817, #4076 ) ) ;
#2939 = EDGE_CURVE ( 'NONE', #681, #4249, #386, .T. ) ;
#2940 = ORIENTED_EDGE ( 'NONE', *, *, #461, .F. ) ;
#2941 = CARTESIAN_POINT ( 'NONE',  ( 107.0000000000000142, 32.34999999999999432, -32.65294628269511890 ) ) ;
#2942 = VECTOR ( 'NONE', #1331, 1000.000000000000000 ) ;
#2943 = CARTESIAN_POINT ( 'NONE',  ( 0.000000000000000000, 29.00000000000000000, -27.99999999999999645 ) ) ;
#2944 = EDGE_CURVE ( 'NONE', #372, #1042, #2910, .T. ) ;
#2945 = CARTESIAN_POINT ( 'NONE',  ( 115.0000000000000000, 2.000000000000000000, 0.000000000000000000 ) ) ;
#2946 = DIRECTION ( 'NONE',  ( 0.000000000000000000, 0.000000000000000000, 1.000000000000000000 ) ) ;
#2947 = CARTESIAN_POINT ( 'NONE',  ( 116.0000000000000000, 32.00000000000000000, 12.50000000000000000 ) ) ;
#2948 = DIRECTION ( 'NONE',  ( 0.000000000000000000, 0.000000000000000000, -1.000000000000000000 ) ) ;
#2949 = ORIENTED_EDGE ( 'NONE', *, *, #3224, .T. ) ;
#2950 = ORIENTED_EDGE ( 'NONE', *, *, #335, .F. ) ;
#2951 = CARTESIAN_POINT ( 'NONE',  ( 115.0000000000000000, 26.37629658163896096, -36.25479946839507051 ) ) ;
#2952 = DIRECTION ( 'NONE',  ( -1.000000000000000000, -0.000000000000000000, 1.196361017915039486E-16 ) ) ;
#2953 = ORIENTED_EDGE ( 'NONE', *, *, #4302, .T. ) ;
#2954 = ORIENTED_EDGE ( 'NONE', *, *, #2973, .T. ) ;
#2955 = LINE ( 'NONE', #4442, #2298 ) ;
#2956 = FACE_OUTER_BOUND ( 'NONE', #1511, .T. ) ;
#2957 = CARTESIAN_POINT ( 'NONE',  ( 119.0000000000000142, 31.50000000000000711, -34.70000000000000284 ) ) ;
#2958 = ADVANCED_FACE ( 'NONE', ( #1559 ), #4502, .F. ) ;
#2959 = EDGE_LOOP ( 'NONE', ( #2089, #255, #1575, #3572 ) ) ;
#2960 = ORIENTED_EDGE ( 'NONE', *, *, #4294, .T. ) ;
#2961 = CARTESIAN_POINT ( 'NONE',  ( 3.000000000000028866, 29.00000000000000000, -27.99999999999999645 ) ) ;
#2962 = DIRECTION ( 'NONE',  ( -1.000000000000000000, 0.000000000000000000, 0.000000000000000000 ) ) ;
#2963 = CARTESIAN_POINT ( 'NONE',  ( 0.000000000000000000, 29.00000000000000000, -28.99999999999999289 ) ) ;
#2964 = CARTESIAN_POINT ( 'NONE',  ( 115.0000000000000000, 34.11900322213596581, -33.56573950763936409 ) ) ;
#2965 = CARTESIAN_POINT ( 'NONE',  ( 118.0000000000000142, 57.34314575050760965, 10.50000000000000178 ) ) ;
#2966 = LINE ( 'NONE', #1835, #3542 ) ;
#2967 = EDGE_CURVE ( 'NONE', #2592, #603, #2043, .T. ) ;
#2968 = ORIENTED_EDGE ( 'NONE', *, *, #4518, .T. ) ;
#2969 = EDGE_LOOP ( 'NONE', ( #1371, #4328, #190, #3277 ) ) ;
#2970 = CARTESIAN_POINT ( 'NONE',  ( 115.0000000000000000, 54.99999999999997868, 0.000000000000000000 ) ) ;
#2971 = DIRECTION ( 'NONE',  ( 0.7071067811865574537, -0.000000000000000000, 0.7071067811865376918 ) ) ;
#2972 = VECTOR ( 'NONE', #473, 1000.000000000000000 ) ;
#2973 = EDGE_CURVE ( 'NONE', #1545, #2733, #3536, .T. ) ;
#2974 = ORIENTED_EDGE ( 'NONE', *, *, #1492, .F. ) ;
#2975 = ORIENTED_EDGE ( 'NONE', *, *, #3141, .T. ) ;
#2976 = CARTESIAN_POINT ( 'NONE',  ( 115.0000000000000000, -1.266623490395763453E-15, 11.49999999999999645 ) ) ;
#2977 = DIRECTION ( 'NONE',  ( 0.000000000000000000, 0.000000000000000000, 1.000000000000000000 ) ) ;
#2978 = CARTESIAN_POINT ( 'NONE',  ( 0.000000000000000000, 24.58358994113253004, -33.56573950764025938 ) ) ;
#2979 = VECTOR ( 'NONE', #3153, 1000.000000000000000 ) ;
#2980 = AXIS2_PLACEMENT_3D ( 'NONE', #649, #3700, #2841 ) ;
#2981 = ORIENTED_EDGE ( 'NONE', *, *, #1626, .F. ) ;
#2982 = AXIS2_PLACEMENT_3D ( 'NONE', #2010, #3143, #1671 ) ;
#2983 = ORIENTED_EDGE ( 'NONE', *, *, #3258, .F. ) ;
#2984 = VECTOR ( 'NONE', #2971, 999.9999999999998863 ) ;
#2985 = FACE_OUTER_BOUND ( 'NONE', #1432, .T. ) ;
#2986 = VECTOR ( 'NONE', #1528, 1000.000000000000000 ) ;
#2987 = FACE_OUTER_BOUND ( 'NONE', #2567, .T. ) ;
#2988 = SURFACE_SIDE_STYLE ('',( #2690 ) ) ;
#2989 = CARTESIAN_POINT ( 'NONE',  ( 1.000000000000000000, 39.25000000000000711, -28.99999999999999289 ) ) ;
#2990 = CARTESIAN_POINT ( 'NONE',  ( 80.40000000000000568, 2.000000000000000000, 35.95000000000000284 ) ) ;
#2991 = CARTESIAN_POINT ( 'NONE',  ( 107.0000000000000142, 31.50000000000000711, -33.50000000000000000 ) ) ;
#2992 = VERTEX_POINT ( 'NONE', #1320 ) ;
#2993 = CARTESIAN_POINT ( 'NONE',  ( 107.0000000000000142, 31.50000000000000711, -33.50000000000000000 ) ) ;
#2994 = CARTESIAN_POINT ( 'NONE',  ( 119.0000000000000142, 6.799999999999997158, -59.75000000000000711 ) ) ;
#2995 = ORIENTED_EDGE ( 'NONE', *, *, #2469, .T. ) ;
#2996 = ORIENTED_EDGE ( 'NONE', *, *, #1745, .F. ) ;
#2997 = EDGE_CURVE ( 'NONE', #1898, #2072, #1422, .T. ) ;
#2998 = CARTESIAN_POINT ( 'NONE',  ( 1.000000000000000000, 39.25000000000000711, -29.99999999999999645 ) ) ;
#2999 = LINE ( 'NONE', #2219, #4699 ) ;
#3000 = VERTEX_POINT ( 'NONE', #3456 ) ;
#3001 = CIRCLE ( 'NONE', #2381, 0.2000000000000057288 ) ;
#3002 = EDGE_LOOP ( 'NONE', ( #512, #3370, #70, #2134, #4540, #2389, #1766, #697, #4441, #721, #4744, #3419, #1387, #828, #3541, #3107, #4293, #4149, #39, #2001, #1771, #4292, #4619, #51, #895, #4037, #57, #3125, #3827, #1900, #3084 ) ) ;
#3003 = LINE ( 'NONE', #1488, #3147 ) ;
#3004 = ADVANCED_FACE ( 'NONE', ( #3896 ), #1246, .T. ) ;
#3005 = CIRCLE ( 'NONE', #1447, 5.100000000000013856 ) ;
#3006 = EDGE_CURVE ( 'NONE', #2924, #4592, #521, .T. ) ;
#3007 = VECTOR ( 'NONE', #623, 1000.000000000000000 ) ;
#3008 = DIRECTION ( 'NONE',  ( 0.000000000000000000, -0.000000000000000000, -1.000000000000000000 ) ) ;
#3009 =( NAMED_UNIT ( * ) PLANE_ANGLE_UNIT ( ) SI_UNIT ( $, .RADIAN. ) );
#3010 = DIRECTION ( 'NONE',  ( 1.000000000000000000, 0.000000000000000000, 0.000000000000000000 ) ) ;
#3011 = DIRECTION ( 'NONE',  ( -0.000000000000000000, -0.000000000000000000, -1.000000000000000000 ) ) ;
#3012 = DIRECTION ( 'NONE',  ( 0.000000000000000000, -1.000000000000000000, -2.168404344971006896E-16 ) ) ;
#3013 = ORIENTED_EDGE ( 'NONE', *, *, #3069, .F. ) ;
#3014 = EDGE_CURVE ( 'NONE', #665, #4760, #3554, .T. ) ;
#3015 = CARTESIAN_POINT ( 'NONE',  ( 30.39999999999999858, 1.000000000000000000, 36.94999999999999574 ) ) ;
#3016 = LINE ( 'NONE', #767, #2260 ) ;
#3017 = EDGE_CURVE ( 'NONE', #3273, #139, #2004, .T. ) ;
#3018 = ORIENTED_EDGE ( 'NONE', *, *, #4057, .F. ) ;
#3019 = ORIENTED_EDGE ( 'NONE', *, *, #433, .T. ) ;
#3020 = DIRECTION ( 'NONE',  ( 0.000000000000000000, 0.000000000000000000, -1.000000000000000000 ) ) ;
#3021 = LINE ( 'NONE', #80, #2828 ) ;
#3022 = CARTESIAN_POINT ( 'NONE',  ( 89.00000000000001421, 56.00000000000000000, 0.000000000000000000 ) ) ;
#3023 = ADVANCED_FACE ( 'NONE', ( #198 ), #4236, .T. ) ;
#3024 = EDGE_CURVE ( 'NONE', #2992, #2886, #1886, .T. ) ;
#3025 = ORIENTED_EDGE ( 'NONE', *, *, #3545, .F. ) ;
#3026 = ORIENTED_EDGE ( 'NONE', *, *, #4467, .F. ) ;
#3027 = CARTESIAN_POINT ( 'NONE',  ( 115.0000000000000000, 4.730996777863603064, -33.56573950764021674 ) ) ;
#3028 = VERTEX_POINT ( 'NONE', #1274 ) ;
#3029 = EDGE_CURVE ( 'NONE', #86, #4665, #567, .T. ) ;
#3030 = CARTESIAN_POINT ( 'NONE',  ( 116.0000000000000000, 58.06993351408365100, 11.66666666666666963 ) ) ;
#3031 = CARTESIAN_POINT ( 'NONE',  ( 1.000000000000000000, 57.00000000000000000, -28.99999999999999289 ) ) ;
#3032 = DIRECTION ( 'NONE',  ( 1.000000000000000000, 6.938893903907227589E-15, -0.000000000000000000 ) ) ;
#3033 = LINE ( 'NONE', #1905, #4543 ) ;
#3034 = PLANE ( 'NONE',  #1095 ) ;
#3035 = DIRECTION ( 'NONE',  ( 0.000000000000000000, -1.101411730778924061E-16, 1.000000000000000000 ) ) ;
#3036 = EDGE_CURVE ( 'NONE', #3946, #2604, #1644, .T. ) ;
#3037 = ORIENTED_EDGE ( 'NONE', *, *, #3995, .F. ) ;
#3038 = CYLINDRICAL_SURFACE ( 'NONE', #3062, 1.000000000000000888 ) ;
#3039 = CARTESIAN_POINT ( 'NONE',  ( 61.40000000000001279, 45.00000000000004974, -28.99999999999999289 ) ) ;
#3040 = ORIENTED_EDGE ( 'NONE', *, *, #2309, .F. ) ;
#3041 = EDGE_LOOP ( 'NONE', ( #2684, #1996, #3431, #844, #1967 ) ) ;
#3042 = LINE ( 'NONE', #2327, #2937 ) ;
#3043 = DIRECTION ( 'NONE',  ( -1.000000000000000000, -0.000000000000000000, -0.000000000000000000 ) ) ;
#3044 = PLANE ( 'NONE',  #239 ) ;
#3045 = AXIS2_PLACEMENT_3D ( 'NONE', #1689, #2324, #3412 ) ;
#3046 = EDGE_LOOP ( 'NONE', ( #436, #1235, #1014, #4718 ) ) ;
#3047 = ORIENTED_EDGE ( 'NONE', *, *, #4279, .F. ) ;
#3048 = FACE_OUTER_BOUND ( 'NONE', #4595, .T. ) ;
#3049 = VECTOR ( 'NONE', #1393, 1000.000000000000000 ) ;
#3050 = VECTOR ( 'NONE', #4432, 1000.000000000000000 ) ;
#3051 = CIRCLE ( 'NONE', #4622, 1.000000000000000888 ) ;
#3052 = ORIENTED_EDGE ( 'NONE', *, *, #3651, .T. ) ;
#3053 = CIRCLE ( 'NONE', #83, 2.000000000000000000 ) ;
#3054 = EDGE_LOOP ( 'NONE', ( #4560, #3883, #1218, #830 ) ) ;
#3055 = FACE_OUTER_BOUND ( 'NONE', #2734, .T. ) ;
#3056 = DIRECTION ( 'NONE',  ( -1.000000000000000000, -0.000000000000000000, -1.652117596168388150E-15 ) ) ;
#3057 = VECTOR ( 'NONE', #2605, 1000.000000000000114 ) ;
#3058 = DIRECTION ( 'NONE',  ( 0.000000000000000000, 0.000000000000000000, -1.000000000000000000 ) ) ;
#3059 = AXIS2_PLACEMENT_3D ( 'NONE', #1834, #2247, #4132 ) ;
#3060 = DIRECTION ( 'NONE',  ( 1.000000000000000000, 0.000000000000000000, 0.000000000000000000 ) ) ;
#3061 = CARTESIAN_POINT ( 'NONE',  ( 126.5716306148988224, 6.523703418370021545, -36.25479946839499945 ) ) ;
#3062 = AXIS2_PLACEMENT_3D ( 'NONE', #1175, #1842, #3433 ) ;
#3063 = VERTEX_POINT ( 'NONE', #1632 ) ;
#3064 = LINE ( 'NONE', #1615, #947 ) ;
#3065 = CARTESIAN_POINT ( 'NONE',  ( 30.39999999999999858, 2.000000000000000000, 31.75000000000000000 ) ) ;
#3066 = DIRECTION ( 'NONE',  ( -1.000000000000000000, 0.000000000000000000, 0.000000000000000000 ) ) ;
#3067 = AXIS2_PLACEMENT_3D ( 'NONE', #4187, #2742, #2006 ) ;
#3068 = ADVANCED_FACE ( 'NONE', ( #2025 ), #3530, .T. ) ;
#3069 = EDGE_CURVE ( 'NONE', #2648, #4687, #2047, .T. ) ;
#3070 = EDGE_CURVE ( 'NONE', #2334, #2420, #1688, .T. ) ;
#3071 = ORIENTED_EDGE ( 'NONE', *, *, #3124, .T. ) ;
#3072 = VERTEX_POINT ( 'NONE', #2764 ) ;
#3073 = DIRECTION ( 'NONE',  ( 0.000000000000000000, -2.478176394252582127E-16, -1.000000000000000000 ) ) ;
#3074 = LINE ( 'NONE', #1136, #1623 ) ;
#3075 = CARTESIAN_POINT ( 'NONE',  ( 25.00000000000000355, 40.25000000000000711, -28.99999999999999289 ) ) ;
#3076 = ORIENTED_EDGE ( 'NONE', *, *, #1132, .T. ) ;
#3077 = ORIENTED_EDGE ( 'NONE', *, *, #3006, .F. ) ;
#3078 = ADVANCED_FACE ( 'NONE', ( #955 ), #3110, .T. ) ;
#3079 = DIRECTION ( 'NONE',  ( 1.000000000000000000, 0.000000000000000000, 0.000000000000000000 ) ) ;
#3080 = EDGE_CURVE ( 'NONE', #1680, #3583, #1223, .T. ) ;
#3081 = ADVANCED_FACE ( 'NONE', ( #861 ), #2377, .T. ) ;
#3082 = ADVANCED_FACE ( 'NONE', ( #4598 ), #1050, .T. ) ;
#3083 = ORIENTED_EDGE ( 'NONE', *, *, #116, .F. ) ;
#3084 = ORIENTED_EDGE ( 'NONE', *, *, #1390, .T. ) ;
#3085 = CARTESIAN_POINT ( 'NONE',  ( 113.0000000000000000, 2.000000000000000000, -27.99999999999999645 ) ) ;
#3086 = CARTESIAN_POINT ( 'NONE',  ( 80.40000000000000568, 2.000000000000000000, 33.85000000000000142 ) ) ;
#3087 = DIRECTION ( 'NONE',  ( 0.000000000000000000, -0.000000000000000000, -1.000000000000000000 ) ) ;
#3088 = VECTOR ( 'NONE', #2662, 1000.000000000000000 ) ;
#3089 = DIRECTION ( 'NONE',  ( 0.000000000000000000, -1.000000000000000000, -1.101411730778925047E-16 ) ) ;
#3090 = DIRECTION ( 'NONE',  ( 0.000000000000000000, 0.000000000000000000, 1.000000000000000000 ) ) ;
#3091 = DIRECTION ( 'NONE',  ( -1.000000000000000000, 0.000000000000000000, 0.000000000000000000 ) ) ;
#3092 = VECTOR ( 'NONE', #3219, 1000.000000000000000 ) ;
#3093 = EDGE_CURVE ( 'NONE', #2614, #2673, #980, .T. ) ;
#3094 = ORIENTED_EDGE ( 'NONE', *, *, #1489, .T. ) ;
#3095 = CARTESIAN_POINT ( 'NONE',  ( 80.40000000000000568, -3.000000000000000000, 25.74999999999998224 ) ) ;
#3096 = DIRECTION ( 'NONE',  ( -1.000000000000000000, 0.000000000000000000, -0.000000000000000000 ) ) ;
#3097 = CARTESIAN_POINT ( 'NONE',  ( 107.0000000000000142, 59.25000000000000000, 9.192810861169261827 ) ) ;
#3098 = CIRCLE ( 'NONE', #983, 2.100000000000004530 ) ;
#3099 = ORIENTED_EDGE ( 'NONE', *, *, #3093, .T. ) ;
#3100 = ORIENTED_EDGE ( 'NONE', *, *, #4440, .T. ) ;
#3101 = DIRECTION ( 'NONE',  ( 1.000000000000000000, -0.000000000000000000, -0.000000000000000000 ) ) ;
#3102 = CARTESIAN_POINT ( 'NONE',  ( 30.39999999999999503, 0.000000000000000000, 36.95000000000000284 ) ) ;
#3103 = LINE ( 'NONE', #876, #2345 ) ;
#3104 = ORIENTED_EDGE ( 'NONE', *, *, #578, .T. ) ;
#3105 = ORIENTED_EDGE ( 'NONE', *, *, #2717, .T. ) ;
#3106 = CARTESIAN_POINT ( 'NONE',  ( 116.6093971665609530, 58.19560108808224896, 11.11325868253899785 ) ) ;
#3107 = ORIENTED_EDGE ( 'NONE', *, *, #2872, .T. ) ;
#3108 = ORIENTED_EDGE ( 'NONE', *, *, #3740, .F. ) ;
#3109 = CARTESIAN_POINT ( 'NONE',  ( 116.0000000000000000, -2.000000000000001776, 13.49999999999999822 ) ) ;
#3110 = SPHERICAL_SURFACE ( 'NONE', #3291, 1.000000000000000000 ) ;
#3111 = CARTESIAN_POINT ( 'NONE',  ( 107.0000000000000142, 31.50000000000000711, -33.50000000000000000 ) ) ;
#3112 = CARTESIAN_POINT ( 'NONE',  ( 115.0000000000000000, 14.26641005886703795, -33.56573950763927883 ) ) ;
#3113 = CARTESIAN_POINT ( 'NONE',  ( 30.39999999999999503, -3.000000000000000000, 41.95000000000000284 ) ) ;
#3114 = ORIENTED_EDGE ( 'NONE', *, *, #1195, .T. ) ;
#3115 = DIRECTION ( 'NONE',  ( 0.000000000000000000, -6.938893903907234689E-15, -1.000000000000000000 ) ) ;
#3116 = CARTESIAN_POINT ( 'NONE',  ( 115.0000000000000000, 6.799999999999997158, -62.25000000000000711 ) ) ;
#3117 = CARTESIAN_POINT ( 'NONE',  ( 0.000000000000000000, 2.000000000000000000, 35.95000000000000284 ) ) ;
#3118 = VECTOR ( 'NONE', #4106, 1000.000000000000000 ) ;
#3119 = ORIENTED_EDGE ( 'NONE', *, *, #800, .T. ) ;
#3120 = ORIENTED_EDGE ( 'NONE', *, *, #140, .T. ) ;
#3121 = CARTESIAN_POINT ( 'NONE',  ( 61.40000000000001279, 54.30000000000005400, -28.99999999999999289 ) ) ;
#3122 = CARTESIAN_POINT ( 'NONE',  ( 107.0000000000000142, 57.34314575050760965, 10.50000000000000178 ) ) ;
#3123 = CARTESIAN_POINT ( 'NONE',  ( 117.7320508075688821, -3.000000000000000000, 12.49999999999999645 ) ) ;
#3124 = EDGE_CURVE ( 'NONE', #965, #4388, #2473, .T. ) ;
#3125 = ORIENTED_EDGE ( 'NONE', *, *, #4407, .T. ) ;
#3126 = ORIENTED_EDGE ( 'NONE', *, *, #2623, .F. ) ;
#3127 = CARTESIAN_POINT ( 'NONE',  ( 117.5632359478437081, 58.28595479208968300, 10.83333333333333748 ) ) ;
#3128 = ORIENTED_EDGE ( 'NONE', *, *, #103, .F. ) ;
#3129 = VERTEX_POINT ( 'NONE', #2887 ) ;
#3130 = EDGE_CURVE ( 'NONE', #3703, #262, #3377, .T. ) ;
#3131 = VECTOR ( 'NONE', #807, 1000.000000000000000 ) ;
#3132 = VECTOR ( 'NONE', #3607, 1000.000000000000000 ) ;
#3133 = PLANE ( 'NONE',  #2769 ) ;
#3134 = DIRECTION ( 'NONE',  ( 0.000000000000000000, -1.000000000000000000, -2.664917751462696950E-16 ) ) ;
#3135 = CARTESIAN_POINT ( 'NONE',  ( 118.0000000000000142, 39.55499999999999972, -42.49999999999998579 ) ) ;
#3136 = DIRECTION ( 'NONE',  ( 0.000000000000000000, 0.000000000000000000, -1.000000000000000000 ) ) ;
#3137 = VECTOR ( 'NONE', #2849, 1000.000000000000000 ) ;
#3138 = CARTESIAN_POINT ( 'NONE',  ( 84.60000000000000853, -3.000000000000000000, 41.95000000000001705 ) ) ;
#3139 = VECTOR ( 'NONE', #930, 1000.000000000000000 ) ;
#3140 = CARTESIAN_POINT ( 'NONE',  ( 1.000000000000000000, 57.00000000000000000, 13.50000000000001954 ) ) ;
#3141 = EDGE_CURVE ( 'NONE', #3273, #3571, #2863, .T. ) ;
#3142 = DIRECTION ( 'NONE',  ( 0.000000000000000000, -1.000000000000000000, 0.000000000000000000 ) ) ;
#3143 = DIRECTION ( 'NONE',  ( -1.000000000000000000, 0.000000000000000000, 0.000000000000000000 ) ) ;
#3144 = AXIS2_PLACEMENT_3D ( 'NONE', #3031, #2600, #4091 ) ;
#3145 = CARTESIAN_POINT ( 'NONE',  ( 115.0000000000000000, 26.37629658163896096, -36.25479946839507051 ) ) ;
#3146 = AXIS2_PLACEMENT_3D ( 'NONE', #3784, #753, #1509 ) ;
#3147 = VECTOR ( 'NONE', #1513, 1000.000000000000000 ) ;
#3148 = ORIENTED_EDGE ( 'NONE', *, *, #4748, .F. ) ;
#3149 = ORIENTED_EDGE ( 'NONE', *, *, #117, .T. ) ;
#3150 = VECTOR ( 'NONE', #1882, 1000.000000000000000 ) ;
#3151 = CARTESIAN_POINT ( 'NONE',  ( 116.0000000000000000, 32.00000000000000000, 11.50000000000000000 ) ) ;
#3152 = FACE_OUTER_BOUND ( 'NONE', #435, .T. ) ;
#3153 = DIRECTION ( 'NONE',  ( -1.000000000000000000, 0.000000000000000000, 0.000000000000000000 ) ) ;
#3154 = ORIENTED_EDGE ( 'NONE', *, *, #3728, .F. ) ;
#3155 = ADVANCED_FACE ( 'NONE', ( #4768 ), #1442, .T. ) ;
#3156 = ORIENTED_EDGE ( 'NONE', *, *, #1132, .F. ) ;
#3157 = DIRECTION ( 'NONE',  ( -0.000000000000000000, 2.523234146875356491E-16, -1.000000000000000000 ) ) ;
#3158 = ORIENTED_EDGE ( 'NONE', *, *, #3900, .F. ) ;
#3159 = VERTEX_POINT ( 'NONE', #4429 ) ;
#3160 = DIRECTION ( 'NONE',  ( 0.000000000000000000, 0.000000000000000000, -1.000000000000000000 ) ) ;
#3161 = DIRECTION ( 'NONE',  ( -1.387778780781444413E-14, 0.000000000000000000, 1.000000000000000000 ) ) ;
#3162 = DIRECTION ( 'NONE',  ( -1.000000000000000000, 0.000000000000000000, -0.000000000000000000 ) ) ;
#3163 = CARTESIAN_POINT ( 'NONE',  ( 34.60000000000000142, 2.602085213965210642E-15, 38.95000000000000284 ) ) ;
#3164 =( BOUNDED_CURVE ( )  B_SPLINE_CURVE ( 3, ( #1855, #1091, #4844, #2244 ),
 .UNSPECIFIED., .F., .T. ) 
 B_SPLINE_CURVE_WITH_KNOTS ( ( 4, 4 ),
 ( 0.000000000000000000, 1.570796326794896558 ),
 .UNSPECIFIED. ) 
 CURVE ( )  GEOMETRIC_REPRESENTATION_ITEM ( )  RATIONAL_B_SPLINE_CURVE ( ( 1.000000000000000000, 0.8047378541243649375, 0.8047378541243649375, 1.000000000000000000 ) ) 
 REPRESENTATION_ITEM ( '' )  );
#3165 = AXIS2_PLACEMENT_3D ( 'NONE', #63, #1901, #1535 ) ;
#3166 = DIRECTION ( 'NONE',  ( 1.652117596168382431E-15, 0.000000000000000000, -1.000000000000000000 ) ) ;
#3167 = DIRECTION ( 'NONE',  ( -0.000000000000000000, 1.000000000000000000, -0.000000000000000000 ) ) ;
#3168 = CARTESIAN_POINT ( 'NONE',  ( 116.8660254037844481, 57.08392021690038121, 12.00000000000000178 ) ) ;
#3169 = EDGE_CURVE ( 'NONE', #2166, #1799, #3310, .T. ) ;
#3170 = CARTESIAN_POINT ( 'NONE',  ( 116.0000000000000000, 33.00000000000000000, 13.50000000000000533 ) ) ;
#3171 = VECTOR ( 'NONE', #3861, 1000.000000000000000 ) ;
#3172 = VERTEX_POINT ( 'NONE', #2941 ) ;
#3173 = VERTEX_POINT ( 'NONE', #1073 ) ;
#3174 = CIRCLE ( 'NONE', #4815, 1.000000000000000000 ) ;
#3175 = DIRECTION ( 'NONE',  ( 0.5773502691896209571, 0.5773502691896270633, 0.5773502691896291728 ) ) ;
#3176 = FACE_OUTER_BOUND ( 'NONE', #490, .T. ) ;
#3177 = DIRECTION ( 'NONE',  ( -0.000000000000000000, -0.000000000000000000, -1.000000000000000000 ) ) ;
#3178 = ORIENTED_EDGE ( 'NONE', *, *, #3943, .F. ) ;
#3179 = EDGE_LOOP ( 'NONE', ( #4488, #1995, #901, #2053 ) ) ;
#3180 = CARTESIAN_POINT ( 'NONE',  ( 80.40000000000000568, 0.000000000000000000, 38.95000000000000995 ) ) ;
#3181 = EDGE_CURVE ( 'NONE', #1024, #1271, #4723, .T. ) ;
#3182 = ORIENTED_EDGE ( 'NONE', *, *, #221, .T. ) ;
#3183 = ORIENTED_EDGE ( 'NONE', *, *, #465, .F. ) ;
#3184 = DIRECTION ( 'NONE',  ( 1.000000000000000000, 0.000000000000000000, 0.000000000000000000 ) ) ;
#3185 = DIRECTION ( 'NONE',  ( 0.000000000000000000, -1.000000000000000000, 0.000000000000000000 ) ) ;
#3186 = CARTESIAN_POINT ( 'NONE',  ( 1.000000000000000222, 32.00000000000000000, 1.699999999999999956 ) ) ;
#3187 = EDGE_CURVE ( 'NONE', #3199, #879, #3278, .T. ) ;
#3188 = CARTESIAN_POINT ( 'NONE',  ( 107.0000000000000142, 31.50000000000000711, -33.50000000000000000 ) ) ;
#3189 = CARTESIAN_POINT ( 'NONE',  ( 34.60000000000000142, 0.000000000000000000, 28.74999999999998934 ) ) ;
#3190 = CARTESIAN_POINT ( 'NONE',  ( 0.000000000000000000, 32.34999999999999432, -33.25479946839509893 ) ) ;
#3191 = CARTESIAN_POINT ( 'NONE',  ( 1.000000000000000888, 26.65000000000000213, -29.99999999999999645 ) ) ;
#3192 = EDGE_CURVE ( 'NONE', #2711, #2094, #1315, .T. ) ;
#3193 = EDGE_LOOP ( 'NONE', ( #2467, #2209, #4427, #4707 ) ) ;
#3194 = ORIENTED_EDGE ( 'NONE', *, *, #2145, .F. ) ;
#3195 = DIRECTION ( 'NONE',  ( -6.938893903907228378E-15, -1.000000000000000000, 0.000000000000000000 ) ) ;
#3196 = CYLINDRICAL_SURFACE ( 'NONE', #1732, 1.000000000000000888 ) ;
#3197 = LINE ( 'NONE', #4691, #3137 ) ;
#3198 = ORIENTED_EDGE ( 'NONE', *, *, #696, .F. ) ;
#3199 = VERTEX_POINT ( 'NONE', #2173 ) ;
#3200 = DIRECTION ( 'NONE',  ( 0.000000000000000000, 0.000000000000000000, 1.000000000000000000 ) ) ;
#3201 = ORIENTED_EDGE ( 'NONE', *, *, #3732, .F. ) ;
#3202 = ORIENTED_EDGE ( 'NONE', *, *, #2063, .T. ) ;
#3203 = DIRECTION ( 'NONE',  ( 5.841117777841422893E-16, -0.7071067811865479058, 0.7071067811865471286 ) ) ;
#3204 = DIRECTION ( 'NONE',  ( 1.000000000000000000, 0.000000000000000000, 0.000000000000000000 ) ) ;
#3205 = FACE_OUTER_BOUND ( 'NONE', #2687, .T. ) ;
#3206 = DIRECTION ( 'NONE',  ( 0.000000000000000000, 0.000000000000000000, -1.000000000000000000 ) ) ;
#3207 = TOROIDAL_SURFACE ( 'NONE', #3835, 3.100000000000004530, 1.000000000000000000 ) ;
#3208 = DIRECTION ( 'NONE',  ( -1.000000000000000000, 0.000000000000000000, -1.652117596168382431E-15 ) ) ;
#3209 = CARTESIAN_POINT ( 'NONE',  ( 115.0000000000000000, 1.010333609296566234E-14, -42.49999999999999289 ) ) ;
#3210 = DIRECTION ( 'NONE',  ( -1.000000000000000000, 0.000000000000000000, 0.000000000000000000 ) ) ;
#3211 = LINE ( 'NONE', #1399, #1661 ) ;
#3212 = AXIS2_PLACEMENT_3D ( 'NONE', #1895, #2259, #405 ) ;
#3213 = CIRCLE ( 'NONE', #479, 0.1999999999994367395 ) ;
#3214 = AXIS2_PLACEMENT_3D ( 'NONE', #4555, #1981, #3464 ) ;
#3215 = ORIENTED_EDGE ( 'NONE', *, *, #1691, .T. ) ;
#3216 = VECTOR ( 'NONE', #4836, 1000.000000000000114 ) ;
#3217 = VERTEX_POINT ( 'NONE', #3973 ) ;
#3218 = ADVANCED_FACE ( 'NONE', ( #2125, #3261 ), #3991, .F. ) ;
#3219 = DIRECTION ( 'NONE',  ( -1.000000000000000000, -0.000000000000000000, -1.084202172485503448E-16 ) ) ;
#3220 = CARTESIAN_POINT ( 'NONE',  ( 119.0000000000000142, 58.00000000000002132, 2.000000000000029310 ) ) ;
#3221 = CARTESIAN_POINT ( 'NONE',  ( 1.000000000000000000, 29.00000000000000000, -28.99999999999999289 ) ) ;
#3222 = EDGE_CURVE ( 'NONE', #2171, #282, #2546, .T. ) ;
#3223 = CIRCLE ( 'NONE', #1101, 1.000000000000000000 ) ;
#3224 = EDGE_CURVE ( 'NONE', #1555, #1648, #219, .T. ) ;
#3225 = VECTOR ( 'NONE', #3999, 1000.000000000000114 ) ;
#3226 = EDGE_CURVE ( 'NONE', #1061, #927, #1168, .T. ) ;
#3227 = ORIENTED_EDGE ( 'NONE', *, *, #1853, .T. ) ;
#3228 = AXIS2_PLACEMENT_3D ( 'NONE', #3117, #2011, #3512 ) ;
#3229 = ORIENTED_EDGE ( 'NONE', *, *, #3222, .T. ) ;
#3230 = DIRECTION ( 'NONE',  ( -0.000000000000000000, -1.000000000000000000, -0.000000000000000000 ) ) ;
#3231 = ADVANCED_FACE ( 'NONE', ( #1350 ), #2493, .T. ) ;
#3232 = EDGE_CURVE ( 'NONE', #4331, #3568, #177, .T. ) ;
#3233 = EDGE_LOOP ( 'NONE', ( #531, #2036, #162, #50 ) ) ;
#3234 = ORIENTED_EDGE ( 'NONE', *, *, #4457, .F. ) ;
#3235 = EDGE_CURVE ( 'NONE', #4526, #858, #2195, .T. ) ;
#3236 = CARTESIAN_POINT ( 'NONE',  ( 113.0000000000000000, 2.000000000000000000, 0.000000000000000000 ) ) ;
#3237 = EDGE_CURVE ( 'NONE', #2625, #603, #59, .T. ) ;
#3238 = CYLINDRICAL_SURFACE ( 'NONE', #2337, 1.000000000000000888 ) ;
#3239 = DIRECTION ( 'NONE',  ( -1.000000000000000000, 0.000000000000000000, 0.000000000000000000 ) ) ;
#3240 = ADVANCED_FACE ( 'NONE', ( #1899 ), #2521, .F. ) ;
#3241 = LINE ( 'NONE', #4728, #1830 ) ;
#3242 = CARTESIAN_POINT ( 'NONE',  ( 1.000000000000000222, 32.00000000000000000, 14.50000000000001776 ) ) ;
#3243 = CARTESIAN_POINT ( 'NONE',  ( 117.3070080092596044, 58.03609135867439051, 11.58475064247195796 ) ) ;
#3244 = CARTESIAN_POINT ( 'NONE',  ( 119.0000000000000142, -2.000000000000001776, -41.49999999999999289 ) ) ;
#3245 = EDGE_CURVE ( 'NONE', #1674, #2558, #3919, .T. ) ;
#3246 = VECTOR ( 'NONE', #1585, 1000.000000000000000 ) ;
#3247 = ORIENTED_EDGE ( 'NONE', *, *, #376, .T. ) ;
#3248 = ORIENTED_EDGE ( 'NONE', *, *, #1637, .F. ) ;
#3249 = CARTESIAN_POINT ( 'NONE',  ( 1.000000000000000000, 39.25000000000000711, -28.99999999999999289 ) ) ;
#3250 = CARTESIAN_POINT ( 'NONE',  ( 116.5000000000000000, -3.000000000000000000, -42.63397459621555186 ) ) ;
#3251 = AXIS2_PLACEMENT_3D ( 'NONE', #4643, #3543, #187 ) ;
#3252 = EDGE_LOOP ( 'NONE', ( #3733, #4190, #3040, #4423 ) ) ;
#3253 = CIRCLE ( 'NONE', #4183, 1.199999999999999734 ) ;
#3254 = ORIENTED_EDGE ( 'NONE', *, *, #2682, .F. ) ;
#3255 = CARTESIAN_POINT ( 'NONE',  ( 84.60000000000000853, 0.000000000000000000, 36.95000000000000284 ) ) ;
#3256 = LINE ( 'NONE', #4014, #949 ) ;
#3257 = AXIS2_PLACEMENT_3D ( 'NONE', #4335, #891, #2770 ) ;
#3258 = EDGE_CURVE ( 'NONE', #4299, #1604, #2568, .T. ) ;
#3259 = ORIENTED_EDGE ( 'NONE', *, *, #2768, .F. ) ;
#3260 = VERTEX_POINT ( 'NONE', #3716 ) ;
#3261 = FACE_OUTER_BOUND ( 'NONE', #3836, .T. ) ;
#3262 = CARTESIAN_POINT ( 'NONE',  ( 0.000000000000000000, 4.730996777863603064, -33.56573950764021674 ) ) ;
#3263 = DIRECTION ( 'NONE',  ( 0.000000000000000000, -4.053092233590671617E-18, -1.000000000000000000 ) ) ;
#3264 = CYLINDRICAL_SURFACE ( 'NONE', #2613, 0.1999999999994298006 ) ;
#3265 = CARTESIAN_POINT ( 'NONE',  ( 34.60000000000001563, 1.000000000000000000, 31.75000000000000000 ) ) ;
#3266 = FACE_OUTER_BOUND ( 'NONE', #4554, .T. ) ;
#3267 = DIRECTION ( 'NONE',  ( 2.168404344971006896E-16, 0.000000000000000000, 1.000000000000000000 ) ) ;
#3268 = ORIENTED_EDGE ( 'NONE', *, *, #1037, .T. ) ;
#3269 = ORIENTED_EDGE ( 'NONE', *, *, #3660, .T. ) ;
#3270 = CARTESIAN_POINT ( 'NONE',  ( 1.000000000000000000, 33.00000000000000000, 13.50000000000001954 ) ) ;
#3271 = LINE ( 'NONE', #4759, #4 ) ;
#3272 = EDGE_LOOP ( 'NONE', ( #3526, #3019, #1367, #4530 ) ) ;
#3273 = VERTEX_POINT ( 'NONE', #364 ) ;
#3274 = FACE_OUTER_BOUND ( 'NONE', #3041, .T. ) ;
#3275 = FACE_OUTER_BOUND ( 'NONE', #3002, .T. ) ;
#3276 = ORIENTED_EDGE ( 'NONE', *, *, #55, .F. ) ;
#3277 = ORIENTED_EDGE ( 'NONE', *, *, #2500, .F. ) ;
#3278 = LINE ( 'NONE', #687, #4305 ) ;
#3279 = ADVANCED_FACE ( 'NONE', ( #344 ), #2636, .T. ) ;
#3280 = CARTESIAN_POINT ( 'NONE',  ( 165.3324686416905536, 6.799999999999997158, -62.25000000000000711 ) ) ;
#3281 = LINE ( 'NONE', #1354, #4536 ) ;
#3282 = EDGE_CURVE ( 'NONE', #3349, #1181, #4517, .T. ) ;
#3283 = CARTESIAN_POINT ( 'NONE',  ( 126.5716306148988224, 26.65000000000000213, -33.25479946839506340 ) ) ;
#3284 = DIRECTION ( 'NONE',  ( 0.000000000000000000, 1.000000000000000000, 2.202823461557850341E-16 ) ) ;
#3285 = CARTESIAN_POINT ( 'NONE',  ( 117.0422007249195104, 58.25309785212485991, 10.92884519269981958 ) ) ;
#3286 = DIRECTION ( 'NONE',  ( -1.000000000000000000, 0.000000000000000000, 0.000000000000000000 ) ) ;
#3287 = CIRCLE ( 'NONE', #2813, 1.199999999999999734 ) ;
#3288 = EDGE_CURVE ( 'NONE', #2290, #192, #3003, .T. ) ;
#3289 = VERTEX_POINT ( 'NONE', #1828 ) ;
#3290 = VERTEX_POINT ( 'NONE', #3332 ) ;
#3291 = AXIS2_PLACEMENT_3D ( 'NONE', #3505, #3184, #2451 ) ;
#3292 = AXIS2_PLACEMENT_3D ( 'NONE', #3998, #716, #2203 ) ;
#3293 = DIRECTION ( 'NONE',  ( 0.000000000000000000, 0.000000000000000000, -1.000000000000000000 ) ) ;
#3294 = CARTESIAN_POINT ( 'NONE',  ( 165.3324686416905536, 6.799999999999997158, -59.75000000000000711 ) ) ;
#3295 = AXIS2_PLACEMENT_3D ( 'NONE', #837, #1948, #148 ) ;
#3296 = ADVANCED_FACE ( 'NONE', ( #3048 ), #4827, .F. ) ;
#3297 = VECTOR ( 'NONE', #2651, 1000.000000000000000 ) ;
#3298 = VERTEX_POINT ( 'NONE', #4449 ) ;
#3299 = EDGE_LOOP ( 'NONE', ( #2399, #1686, #3340, #3524 ) ) ;
#3300 = VECTOR ( 'NONE', #851, 1000.000000000000000 ) ;
#3301 = CARTESIAN_POINT ( 'NONE',  ( 115.0000000000000000, 12.19999999999999929, -33.25479946839504919 ) ) ;
#3302 = DIRECTION ( 'NONE',  ( 1.000000000000000000, 0.000000000000000000, 0.000000000000000000 ) ) ;
#3303 = FACE_OUTER_BOUND ( 'NONE', #4797, .T. ) ;
#3304 = VECTOR ( 'NONE', #3480, 1000.000000000000000 ) ;
#3305 = CIRCLE ( 'NONE', #1030, 0.9999999999999978906 ) ;
#3306 = EDGE_CURVE ( 'NONE', #879, #4397, #4130, .T. ) ;
#3307 = ORIENTED_EDGE ( 'NONE', *, *, #3130, .F. ) ;
#3308 = AXIS2_PLACEMENT_3D ( 'NONE', #1757, #4702, #3599 ) ;
#3309 = ORIENTED_EDGE ( 'NONE', *, *, #838, .T. ) ;
#3310 = LINE ( 'NONE', #3669, #3680 ) ;
#3311 = CARTESIAN_POINT ( 'NONE',  ( 0.000000000000000000, 1.000000000000000000, 30.74999999999999289 ) ) ;
#3312 = DIRECTION ( 'NONE',  ( -0.000000000000000000, 1.000000000000000000, 3.652049423109073546E-15 ) ) ;
#3313 = FACE_OUTER_BOUND ( 'NONE', #4226, .T. ) ;
#3314 = CARTESIAN_POINT ( 'NONE',  ( 118.0000000000000142, -3.000000000000000000, 10.49999999999999112 ) ) ;
#3315 = DIRECTION ( 'NONE',  ( 0.5773502691896235106, -0.5773502691896222894, -0.5773502691896316152 ) ) ;
#3316 = LINE ( 'NONE', #2248, #408 ) ;
#3317 = ORIENTED_EDGE ( 'NONE', *, *, #3080, .F. ) ;
#3318 = EDGE_CURVE ( 'NONE', #681, #2326, #3164, .T. ) ;
#3319 = ORIENTED_EDGE ( 'NONE', *, *, #2263, .F. ) ;
#3320 = DIRECTION ( 'NONE',  ( 0.000000000000000000, -0.000000000000000000, -1.000000000000000000 ) ) ;
#3321 = DIRECTION ( 'NONE',  ( -1.000000000000000000, 0.000000000000000000, 0.000000000000000000 ) ) ;
#3322 =( BOUNDED_CURVE ( )  B_SPLINE_CURVE ( 3, ( #1303, #1613, #1279, #3486 ),
 .UNSPECIFIED., .F., .T. ) 
 B_SPLINE_CURVE_WITH_KNOTS ( ( 4, 4 ),
 ( 1.570796326794896558, 3.141592653589793116 ),
 .UNSPECIFIED. ) 
 CURVE ( )  GEOMETRIC_REPRESENTATION_ITEM ( )  RATIONAL_B_SPLINE_CURVE ( ( 1.000000000000000000, 0.8047378541243649375, 0.8047378541243649375, 1.000000000000000000 ) ) 
 REPRESENTATION_ITEM ( '' )  );
#3323 = ORIENTED_EDGE ( 'NONE', *, *, #376, .F. ) ;
#3324 = VERTEX_POINT ( 'NONE', #4478 ) ;
#3325 = VECTOR ( 'NONE', #1781, 1000.000000000000000 ) ;
#3326 = DIRECTION ( 'NONE',  ( 0.000000000000000000, -1.000000000000000000, 0.000000000000000000 ) ) ;
#3327 = LINE ( 'NONE', #360, #3118 ) ;
#3328 = CARTESIAN_POINT ( 'NONE',  ( 118.0000000000000142, 39.55499999999999972, -42.49999999999998579 ) ) ;
#3329 = AXIS2_PLACEMENT_3D ( 'NONE', #1964, #107, #2283 ) ;
#3330 = EDGE_LOOP ( 'NONE', ( #1220, #400, #2522, #3612 ) ) ;
#3331 = VERTEX_POINT ( 'NONE', #3769 ) ;
#3332 = CARTESIAN_POINT ( 'NONE',  ( 0.000000000000000000, 26.65000000000000213, -28.99999999999999289 ) ) ;
#3333 = AXIS2_PLACEMENT_3D ( 'NONE', #68, #1203, #2297 ) ;
#3334 = DIRECTION ( 'NONE',  ( 0.000000000000000000, 0.000000000000000000, -1.000000000000000000 ) ) ;
#3335 = CARTESIAN_POINT ( 'NONE',  ( 115.0000000000000000, 26.65000000000000213, -29.99999999999999645 ) ) ;
#3336 = CARTESIAN_POINT ( 'NONE',  ( 117.0000000000000000, 7.000000000000000000, 0.000000000000000000 ) ) ;
#3337 = CARTESIAN_POINT ( 'NONE',  ( 116.5000000000000000, 1.000000000000000000, -41.63397459621555186 ) ) ;
#3338 = DIRECTION ( 'NONE',  ( -0.000000000000000000, 0.000000000000000000, 1.000000000000000000 ) ) ;
#3339 = ADVANCED_FACE ( 'NONE', ( #2985 ), #4542, .T. ) ;
#3340 = ORIENTED_EDGE ( 'NONE', *, *, #1285, .F. ) ;
#3341 = ORIENTED_EDGE ( 'NONE', *, *, #4089, .T. ) ;
#3342 = CARTESIAN_POINT ( 'NONE',  ( 115.0000000000000000, 63.00000000000001421, -42.49999999999998579 ) ) ;
#3343 = CARTESIAN_POINT ( 'NONE',  ( -26.81244047484067039, 31.81244047483982484, 1.700000000000008615 ) ) ;
#3344 = ORIENTED_EDGE ( 'NONE', *, *, #4674, .F. ) ;
#3345 = EDGE_LOOP ( 'NONE', ( #2696, #1416, #155, #3662 ) ) ;
#3346 = SPHERICAL_SURFACE ( 'NONE', #1054, 1.000000000000000000 ) ;
#3347 = FACE_OUTER_BOUND ( 'NONE', #2959, .T. ) ;
#3348 = CARTESIAN_POINT ( 'NONE',  ( 0.000000000000000000, 2.000000000000001776, 47.16926539601615787 ) ) ;
#3349 = VERTEX_POINT ( 'NONE', #2594 ) ;
#3350 = ORIENTED_EDGE ( 'NONE', *, *, #2411, .F. ) ;
#3351 = CARTESIAN_POINT ( 'NONE',  ( 30.39999999999999858, 2.602085213965210642E-15, 33.85000000000000142 ) ) ;
#3352 = CYLINDRICAL_SURFACE ( 'NONE', #2464, 0.2000000000000057288 ) ;
#3353 = DIRECTION ( 'NONE',  ( 0.000000000000000000, -0.000000000000000000, 1.000000000000000000 ) ) ;
#3354 = CYLINDRICAL_SURFACE ( 'NONE', #3691, 1.000000000000000888 ) ;
#3355 = DIRECTION ( 'NONE',  ( 0.000000000000000000, 0.000000000000000000, 1.000000000000000000 ) ) ;
#3356 = DIRECTION ( 'NONE',  ( 1.000000000000000000, -0.000000000000000000, 0.000000000000000000 ) ) ;
#3357 = ADVANCED_FACE ( 'NONE', ( #3375 ), #17, .F. ) ;
#3358 = EDGE_LOOP ( 'NONE', ( #311, #2161, #565, #3884, #4371, #3114, #2786, #4738, #1854, #4027, #2824, #2803, #2443, #805 ) ) ;
#3359 = DIRECTION ( 'NONE',  ( -1.000000000000000000, 0.000000000000000000, 0.000000000000000000 ) ) ;
#3360 = CARTESIAN_POINT ( 'NONE',  ( 116.0000000000000000, -1.266623490395763453E-15, 11.49999999999999645 ) ) ;
#3361 = CIRCLE ( 'NONE', #3992, 1.000000000000000888 ) ;
#3362 = EDGE_LOOP ( 'NONE', ( #163, #984, #3194, #3276 ) ) ;
#3363 = VECTOR ( 'NONE', #1379, 1000.000000000000000 ) ;
#3364 = EDGE_LOOP ( 'NONE', ( #1141, #2728, #3755, #1089 ) ) ;
#3365 = DIRECTION ( 'NONE',  ( 0.000000000000000000, -1.000000000000000000, 0.000000000000000000 ) ) ;
#3366 = CARTESIAN_POINT ( 'NONE',  ( 115.0000000000000000, 4.600612844430441051, -33.30299495918344377 ) ) ;
#3367 = LINE ( 'NONE', #34, #2437 ) ;
#3368 = EDGE_CURVE ( 'NONE', #4038, #745, #38, .T. ) ;
#3369 = VECTOR ( 'NONE', #625, 1000.000000000000000 ) ;
#3370 = ORIENTED_EDGE ( 'NONE', *, *, #2214, .F. ) ;
#3371 = CIRCLE ( 'NONE', #1405, 1.199999999999999734 ) ;
#3372 = ORIENTED_EDGE ( 'NONE', *, *, #1239, .F. ) ;
#3373 = MECHANICAL_DESIGN_GEOMETRIC_PRESENTATION_REPRESENTATION (  '', ( #2200 ), #1883 ) ;
#3374 = EDGE_CURVE ( 'NONE', #3324, #1061, #2418, .T. ) ;
#3375 = FACE_OUTER_BOUND ( 'NONE', #1658, .T. ) ;
#3376 = AXIS2_PLACEMENT_3D ( 'NONE', #3249, #2091, #2182 ) ;
#3377 = CIRCLE ( 'NONE', #3527, 1.000000000000000888 ) ;
#3378 = EDGE_CURVE ( 'NONE', #1597, #342, #2251, .T. ) ;
#3379 = EDGE_CURVE ( 'NONE', #2122, #4676, #2761, .T. ) ;
#3380 = CIRCLE ( 'NONE', #4011, 1.000000000000000888 ) ;
#3381 = CARTESIAN_POINT ( 'NONE',  ( 126.5716306148988224, 24.75000000000000711, -33.45479946839506624 ) ) ;
#3382 = CARTESIAN_POINT ( 'NONE',  ( 119.0000000000000142, 27.05499999999998906, -59.75000000000000711 ) ) ;
#3383 = CARTESIAN_POINT ( 'NONE',  ( 30.39999999999999858, 0.000000000000000000, 36.94999999999999574 ) ) ;
#3384 = EDGE_CURVE ( 'NONE', #3499, #4592, #13, .T. ) ;
#3385 = CARTESIAN_POINT ( 'NONE',  ( 3.110420783192224282E-16, 32.41421356237309226, 1.285786437626904144 ) ) ;
#3386 = CARTESIAN_POINT ( 'NONE',  ( 118.0000000000000142, 62.00000000000000000, -0.7287565553229584658 ) ) ;
#3387 = ORIENTED_EDGE ( 'NONE', *, *, #922, .F. ) ;
#3388 = FACE_OUTER_BOUND ( 'NONE', #3046, .T. ) ;
#3389 = CARTESIAN_POINT ( 'NONE',  ( 119.0000000000000142, 48.00000000000000000, -0.7287565553229600201 ) ) ;
#3390 = EDGE_CURVE ( 'NONE', #2166, #997, #856, .T. ) ;
#3391 = EDGE_CURVE ( 'NONE', #4321, #2166, #881, .T. ) ;
#3392 = VERTEX_POINT ( 'NONE', #2372 ) ;
#3393 = ORIENTED_EDGE ( 'NONE', *, *, #1896, .F. ) ;
#3394 = LINE ( 'NONE', #3441, #2986 ) ;
#3395 = CARTESIAN_POINT ( 'NONE',  ( 3.000000000000028866, 2.000000000000000000, 0.000000000000000000 ) ) ;
#3396 = ORIENTED_EDGE ( 'NONE', *, *, #1696, .T. ) ;
#3397 = CIRCLE ( 'NONE', #4414, 0.2000000000000057288 ) ;
#3398 = ORIENTED_EDGE ( 'NONE', *, *, #3556, .T. ) ;
#3399 = DIRECTION ( 'NONE',  ( 0.000000000000000000, 0.000000000000000000, 1.000000000000000000 ) ) ;
#3400 = VECTOR ( 'NONE', #1067, 1000.000000000000000 ) ;
#3401 = ADVANCED_FACE ( 'NONE', ( #3501 ), #2048, .T. ) ;
#3402 = EDGE_LOOP ( 'NONE', ( #2950, #4058, #3259, #261 ) ) ;
#3403 = VECTOR ( 'NONE', #3056, 1000.000000000000000 ) ;
#3404 = DIRECTION ( 'NONE',  ( 0.000000000000000000, 1.000000000000000000, -2.593979029498029342E-16 ) ) ;
#3405 = FACE_OUTER_BOUND ( 'NONE', #381, .T. ) ;
#3406 = LINE ( 'NONE', #3506, #357 ) ;
#3407 = DIRECTION ( 'NONE',  ( 0.000000000000000000, 0.000000000000000000, 1.000000000000000000 ) ) ;
#3408 = EDGE_CURVE ( 'NONE', #3173, #2410, #4788, .T. ) ;
#3409 = LINE ( 'NONE', #3750, #556 ) ;
#3410 = ORIENTED_EDGE ( 'NONE', *, *, #424, .T. ) ;
#3411 = PLANE ( 'NONE',  #4008 ) ;
#3412 = DIRECTION ( 'NONE',  ( 0.000000000000000000, 0.000000000000000000, -1.000000000000000000 ) ) ;
#3413 = ORIENTED_EDGE ( 'NONE', *, *, #116, .T. ) ;
#3414 = ORIENTED_EDGE ( 'NONE', *, *, #1813, .F. ) ;
#3415 = DIRECTION ( 'NONE',  ( 0.000000000000000000, 0.000000000000000000, -1.000000000000000000 ) ) ;
#3416 = CARTESIAN_POINT ( 'NONE',  ( 115.0000000000000000, 2.000000000000000000, 2.000000000000000444 ) ) ;
#3417 = CARTESIAN_POINT ( 'NONE',  ( 43.99999999999998579, 54.30000000000004690, -28.99999999999999289 ) ) ;
#3418 = ORIENTED_EDGE ( 'NONE', *, *, #4743, .T. ) ;
#3419 = ORIENTED_EDGE ( 'NONE', *, *, #143, .T. ) ;
#3420 = DIRECTION ( 'NONE',  ( 0.000000000000000000, 0.000000000000000000, -1.000000000000000000 ) ) ;
#3421 = EDGE_LOOP ( 'NONE', ( #150, #2417, #4519, #3052 ) ) ;
#3422 = ORIENTED_EDGE ( 'NONE', *, *, #2207, .F. ) ;
#3423 = EDGE_CURVE ( 'NONE', #1042, #1556, #141, .T. ) ;
#3424 = DIRECTION ( 'NONE',  ( -1.000000000000000000, 0.000000000000000000, 0.000000000000000000 ) ) ;
#3425 = CARTESIAN_POINT ( 'NONE',  ( 61.40000000000001279, 54.30000000000005400, -28.99999999999999289 ) ) ;
#3426 = CARTESIAN_POINT ( 'NONE',  ( 126.5716306148988224, 12.47370341836066743, -36.25479946839499945 ) ) ;
#3427 = CARTESIAN_POINT ( 'NONE',  ( 118.0000000000000142, -2.000000000000001776, -0.7287565553229600201 ) ) ;
#3428 = EDGE_CURVE ( 'NONE', #1210, #1382, #3549, .T. ) ;
#3429 = DIRECTION ( 'NONE',  ( 0.000000000000000000, 0.000000000000000000, -1.000000000000000000 ) ) ;
#3430 = DIRECTION ( 'NONE',  ( 0.000000000000000000, -1.000000000000000000, -0.000000000000000000 ) ) ;
#3431 = ORIENTED_EDGE ( 'NONE', *, *, #1360, .F. ) ;
#3432 = CARTESIAN_POINT ( 'NONE',  ( 117.7320508075688821, 57.34314575050760965, 11.50000000000000355 ) ) ;
#3433 = DIRECTION ( 'NONE',  ( 0.000000000000000000, 1.000000000000000000, 2.168404344971006896E-16 ) ) ;
#3434 = DIRECTION ( 'NONE',  ( -1.000000000000000000, 0.000000000000000000, 8.260587980841940752E-16 ) ) ;
#3435 = EDGE_CURVE ( 'NONE', #2840, #1134, #4616, .T. ) ;
#3436 = VERTEX_POINT ( 'NONE', #164 ) ;
#3437 = ADVANCED_FACE ( 'NONE', ( #1192 ), #1660, .F. ) ;
#3438 = ORIENTED_EDGE ( 'NONE', *, *, #4046, .T. ) ;
#3439 = EDGE_CURVE ( 'NONE', #3598, #1674, #193, .T. ) ;
#3440 = CARTESIAN_POINT ( 'NONE',  ( 116.0000000000000000, -2.000000000000000000, 11.49999999999999645 ) ) ;
#3441 = CARTESIAN_POINT ( 'NONE',  ( 0.000000000000000000, 6.499999999999999112, -29.99999999999999645 ) ) ;
#3442 = DIRECTION ( 'NONE',  ( 0.000000000000000000, -1.000000000000000000, 0.000000000000000000 ) ) ;
#3443 = EDGE_CURVE ( 'NONE', #563, #778, #832, .T. ) ;
#3444 = VECTOR ( 'NONE', #1456, 1000.000000000000000 ) ;
#3445 = ORIENTED_EDGE ( 'NONE', *, *, #4591, .F. ) ;
#3446 = ORIENTED_EDGE ( 'NONE', *, *, #4672, .F. ) ;
#3447 = VECTOR ( 'NONE', #4368, 1000.000000000000000 ) ;
#3448 = DIRECTION ( 'NONE',  ( -0.000000000000000000, 0.000000000000000000, 1.000000000000000000 ) ) ;
#3449 = VECTOR ( 'NONE', #1601, 1000.000000000000000 ) ;
#3450 = AXIS2_PLACEMENT_3D ( 'NONE', #1539, #1588, #2642 ) ;
#3451 = AXIS2_PLACEMENT_3D ( 'NONE', #3923, #1760, #610 ) ;
#3452 = ORIENTED_EDGE ( 'NONE', *, *, #1635, .F. ) ;
#3453 = VECTOR ( 'NONE', #1969, 1000.000000000000000 ) ;
#3454 = ORIENTED_EDGE ( 'NONE', *, *, #946, .T. ) ;
#3455 = LINE ( 'NONE', #18, #4259 ) ;
#3456 = CARTESIAN_POINT ( 'NONE',  ( 115.0000000000000000, -3.000000000000000000, -42.49999999999999289 ) ) ;
#3457 = FACE_OUTER_BOUND ( 'NONE', #2051, .T. ) ;
#3458 = CIRCLE ( 'NONE', #3146, 1.000000000000000888 ) ;
#3459 = CARTESIAN_POINT ( 'NONE',  ( 117.7320508075688821, -2.000000000000000000, 12.49999999999999645 ) ) ;
#3460 = CARTESIAN_POINT ( 'NONE',  ( 119.0000000000000142, -0.6999999999999992895, -41.49999999999999289 ) ) ;
#3461 = DIRECTION ( 'NONE',  ( 0.000000000000000000, 1.000000000000000000, 1.101411730778925047E-16 ) ) ;
#3462 = AXIS2_PLACEMENT_3D ( 'NONE', #183, #1306, #4246 ) ;
#3463 = EDGE_LOOP ( 'NONE', ( #854, #686, #3454, #998 ) ) ;
#3464 = DIRECTION ( 'NONE',  ( 0.000000000000000000, 0.000000000000000000, -1.000000000000000000 ) ) ;
#3465 = LINE ( 'NONE', #2795, #1352 ) ;
#3466 = CARTESIAN_POINT ( 'NONE',  ( 126.5716306148988224, 12.47370341836066743, -36.25479946839499945 ) ) ;
#3467 = ORIENTED_EDGE ( 'NONE', *, *, #2096, .T. ) ;
#3468 = ORIENTED_EDGE ( 'NONE', *, *, #467, .F. ) ;
#3469 = CARTESIAN_POINT ( 'NONE',  ( 2.000000000000001776, 32.00000000000000000, 12.50000000000000355 ) ) ;
#3470 = DIRECTION ( 'NONE',  ( 1.000000000000000000, -0.000000000000000000, -0.000000000000000000 ) ) ;
#3471 = CARTESIAN_POINT ( 'NONE',  ( 2.000000000000000000, 38.25000000000000711, -26.99999999999999645 ) ) ;
#3472 = ORIENTED_EDGE ( 'NONE', *, *, #1191, .T. ) ;
#3473 = EDGE_LOOP ( 'NONE', ( #2321, #4766, #4077, #2012 ) ) ;
#3474 = LINE ( 'NONE', #115, #790 ) ;
#3475 = AXIS2_PLACEMENT_3D ( 'NONE', #2155, #320, #2130 ) ;
#3476 = ORIENTED_EDGE ( 'NONE', *, *, #260, .F. ) ;
#3477 = EDGE_LOOP ( 'NONE', ( #867, #301, #3741, #3350 ) ) ;
#3478 = EDGE_CURVE ( 'NONE', #599, #2699, #3817, .T. ) ;
#3479 = FACE_OUTER_BOUND ( 'NONE', #3252, .T. ) ;
#3480 = DIRECTION ( 'NONE',  ( -1.000000000000000000, 0.000000000000000000, 0.000000000000000000 ) ) ;
#3481 = DIRECTION ( 'NONE',  ( 0.000000000000000000, 0.000000000000000000, -1.000000000000000000 ) ) ;
#3482 = AXIS2_PLACEMENT_3D ( 'NONE', #4689, #2090, #2461 ) ;
#3483 = CARTESIAN_POINT ( 'NONE',  ( 62.40000000000001279, 55.30000000000005400, -29.99999999999999645 ) ) ;
#3484 = FACE_OUTER_BOUND ( 'NONE', #932, .T. ) ;
#3485 = AXIS2_PLACEMENT_3D ( 'NONE', #1722, #3909, #4715 ) ;
#3486 = CARTESIAN_POINT ( 'NONE',  ( 44.99999999999998579, 45.00000000000004974, -28.99999999999999289 ) ) ;
#3487 = CARTESIAN_POINT ( 'NONE',  ( -12.50000000000002665, 38.25000000000000711, -12.50000000000037481 ) ) ;
#3488 = CARTESIAN_POINT ( 'NONE',  ( 117.3049213676134030, 57.28090969624433626, 11.59166948850784706 ) ) ;
#3489 = EDGE_CURVE ( 'NONE', #2737, #4734, #561, .T. ) ;
#3490 = DIRECTION ( 'NONE',  ( -0.000000000000000000, -0.5547001962257769314, -0.8320502943374784577 ) ) ;
#3491 = DIRECTION ( 'NONE',  ( 0.000000000000000000, -0.000000000000000000, -1.000000000000000000 ) ) ;
#3492 = AXIS2_PLACEMENT_3D ( 'NONE', #3852, #501, #4603 ) ;
#3493 = ORIENTED_EDGE ( 'NONE', *, *, #128, .T. ) ;
#3494 = ORIENTED_EDGE ( 'NONE', *, *, #1355, .F. ) ;
#3495 = DIRECTION ( 'NONE',  ( 0.000000000000000000, 0.000000000000000000, 1.000000000000000000 ) ) ;
#3496 = DIRECTION ( 'NONE',  ( 0.000000000000000000, 0.000000000000000000, 1.000000000000000000 ) ) ;
#3497 = CARTESIAN_POINT ( 'NONE',  ( 117.7320508075688821, 57.34314575050760965, 11.50000000000000355 ) ) ;
#3498 = EDGE_CURVE ( 'NONE', #1108, #4331, #3474, .T. ) ;
#3499 = VERTEX_POINT ( 'NONE', #4400 ) ;
#3500 = ORIENTED_EDGE ( 'NONE', *, *, #1716, .F. ) ;
#3501 = FACE_OUTER_BOUND ( 'NONE', #4026, .T. ) ;
#3502 = ORIENTED_EDGE ( 'NONE', *, *, #4250, .F. ) ;
#3503 = ORIENTED_EDGE ( 'NONE', *, *, #1998, .F. ) ;
#3504 = CARTESIAN_POINT ( 'NONE',  ( 107.0000000000000142, 32.34999999999999432, -33.25479946839509893 ) ) ;
#3505 = CARTESIAN_POINT ( 'NONE',  ( 1.000000000000000000, 39.25000000000000711, -28.99999999999999289 ) ) ;
#3506 = CARTESIAN_POINT ( 'NONE',  ( 0.000000000000000000, 29.00000000000000000, -3.999999999999989786 ) ) ;
#3507 = DIRECTION ( 'NONE',  ( 8.177564888977988501E-16, 0.7071067811865474617, -0.7071067811865474617 ) ) ;
#3508 = CARTESIAN_POINT ( 'NONE',  ( 126.5716306148988224, 26.65000000000000213, -29.99999999999999645 ) ) ;
#3509 = ORIENTED_EDGE ( 'NONE', *, *, #1652, .T. ) ;
#3510 = CARTESIAN_POINT ( 'NONE',  ( 62.40000000000001279, 44.00000000000004263, -29.99999999999999645 ) ) ;
#3511 = FACE_OUTER_BOUND ( 'NONE', #550, .T. ) ;
#3512 = DIRECTION ( 'NONE',  ( -1.000000000000000000, 0.000000000000000000, -0.000000000000000000 ) ) ;
#3513 = ADVANCED_FACE ( 'NONE', ( #3570 ), #1001, .T. ) ;
#3514 = ORIENTED_EDGE ( 'NONE', *, *, #1130, .F. ) ;
#3515 = VERTEX_POINT ( 'NONE', #1411 ) ;
#3516 = CARTESIAN_POINT ( 'NONE',  ( 117.0000000000000000, 56.00000000000000000, 0.000000000000000000 ) ) ;
#3517 = CARTESIAN_POINT ( 'NONE',  ( 118.0000000000000142, -3.000000000000002665, -42.49999999999999289 ) ) ;
#3518 = CARTESIAN_POINT ( 'NONE',  ( 117.3718376852312701, 57.30489143533883123, 11.55145891829209503 ) ) ;
#3519 = VERTEX_POINT ( 'NONE', #1021 ) ;
#3520 = EDGE_LOOP ( 'NONE', ( #776, #873, #1049, #1818 ) ) ;
#3521 = ADVANCED_FACE ( 'NONE', ( #1369 ), #662, .T. ) ;
#3522 = DIRECTION ( 'NONE',  ( 0.000000000000000000, 0.000000000000000000, 1.000000000000000000 ) ) ;
#3523 = AXIS2_PLACEMENT_3D ( 'NONE', #1543, #1933, #4310 ) ;
#3524 = ORIENTED_EDGE ( 'NONE', *, *, #4453, .F. ) ;
#3525 = ADVANCED_FACE ( 'NONE', ( #1773 ), #2541, .T. ) ;
#3526 = ORIENTED_EDGE ( 'NONE', *, *, #1116, .F. ) ;
#3527 = AXIS2_PLACEMENT_3D ( 'NONE', #4798, #1005, #269 ) ;
#3528 = AXIS2_PLACEMENT_3D ( 'NONE', #1521, #1951, #3090 ) ;
#3529 = DIRECTION ( 'NONE',  ( 0.000000000000000000, -0.000000000000000000, -1.000000000000000000 ) ) ;
#3530 = PLANE ( 'NONE',  #2752 ) ;
#3531 = CARTESIAN_POINT ( 'NONE',  ( 89.00000000000001421, 7.000000000000000000, 0.000000000000000000 ) ) ;
#3532 = PLANE ( 'NONE',  #3295 ) ;
#3533 = DIRECTION ( 'NONE',  ( 1.196361017915037021E-16, 0.000000000000000000, 1.000000000000000000 ) ) ;
#3534 = CARTESIAN_POINT ( 'NONE',  ( 84.60000000000000853, 2.000000000000000000, 33.85000000000000142 ) ) ;
#3535 = DIRECTION ( 'NONE',  ( 0.000000000000000000, 0.000000000000000000, -1.000000000000000000 ) ) ;
#3536 = CIRCLE ( 'NONE', #4783, 2.100000000000004530 ) ;
#3537 = FACE_OUTER_BOUND ( 'NONE', #3473, .T. ) ;
#3538 = AXIS2_PLACEMENT_3D ( 'NONE', #2650, #1156, #4146 ) ;
#3539 = AXIS2_PLACEMENT_3D ( 'NONE', #3744, #383, #1875 ) ;
#3540 = VERTEX_POINT ( 'NONE', #1731 ) ;
#3541 = ORIENTED_EDGE ( 'NONE', *, *, #3384, .T. ) ;
#3542 = VECTOR ( 'NONE', #3749, 1000.000000000000000 ) ;
#3543 = DIRECTION ( 'NONE',  ( 0.000000000000000000, -1.000000000000000000, -2.523234146875356491E-16 ) ) ;
#3544 = DIRECTION ( 'NONE',  ( 0.000000000000000000, -1.000000000000000000, 0.000000000000000000 ) ) ;
#3545 = EDGE_CURVE ( 'NONE', #1720, #2625, #2909, .T. ) ;
#3546 = CARTESIAN_POINT ( 'NONE',  ( 34.60000000000000142, 0.000000000000000000, 33.85000000000000142 ) ) ;
#3547 = ORIENTED_EDGE ( 'NONE', *, *, #3791, .T. ) ;
#3548 = ORIENTED_EDGE ( 'NONE', *, *, #3029, .F. ) ;
#3549 = LINE ( 'NONE', #1627, #2818 ) ;
#3550 = EDGE_CURVE ( 'NONE', #3944, #4584, #264, .T. ) ;
#3551 = ORIENTED_EDGE ( 'NONE', *, *, #2781, .T. ) ;
#3552 = ORIENTED_EDGE ( 'NONE', *, *, #184, .F. ) ;
#3553 = CARTESIAN_POINT ( 'NONE',  ( 30.39999999999999858, -3.000000000000000000, 33.85000000000000142 ) ) ;
#3554 = LINE ( 'NONE', #498, #4541 ) ;
#3555 = DIRECTION ( 'NONE',  ( 1.000000000000000000, 0.000000000000000000, 0.000000000000000000 ) ) ;
#3556 = EDGE_CURVE ( 'NONE', #1735, #1821, #1389, .T. ) ;
#3557 = AXIS2_PLACEMENT_3D ( 'NONE', #648, #4042, #1075 ) ;
#3558 = DIRECTION ( 'NONE',  ( 1.000000000000000000, 0.000000000000000000, 0.000000000000000000 ) ) ;
#3559 = FACE_OUTER_BOUND ( 'NONE', #4122, .T. ) ;
#3560 = LINE ( 'NONE', #1783, #3225 ) ;
#3561 = DIRECTION ( 'NONE',  ( -0.7071067811865524577, 0.000000000000000000, -0.7071067811865425767 ) ) ;
#3562 = EDGE_LOOP ( 'NONE', ( #3642, #2375, #1038, #581, #2242, #3323 ) ) ;
#3563 = EDGE_LOOP ( 'NONE', ( #2876, #4421, #4697, #2299 ) ) ;
#3564 = CIRCLE ( 'NONE', #1377, 26.00000000000001421 ) ;
#3565 = CARTESIAN_POINT ( 'NONE',  ( 34.60000000000002274, 1.000000000000000000, 36.95000000000000284 ) ) ;
#3566 = PLANE ( 'NONE',  #797 ) ;
#3567 = CYLINDRICAL_SURFACE ( 'NONE', #2593, 2.500000000000002220 ) ;
#3568 = VERTEX_POINT ( 'NONE', #4036 ) ;
#3569 = ORIENTED_EDGE ( 'NONE', *, *, #3368, .F. ) ;
#3570 = FACE_OUTER_BOUND ( 'NONE', #2760, .T. ) ;
#3571 = VERTEX_POINT ( 'NONE', #1047 ) ;
#3572 = ORIENTED_EDGE ( 'NONE', *, *, #2063, .F. ) ;
#3573 = DIRECTION ( 'NONE',  ( 0.000000000000000000, 0.000000000000000000, -1.000000000000000000 ) ) ;
#3574 = CARTESIAN_POINT ( 'NONE',  ( 116.0000000000000142, 58.00000000000000711, 14.08578643762690596 ) ) ;
#3575 = LINE ( 'NONE', #1322, #4705 ) ;
#3576 = ADVANCED_FACE ( 'NONE', ( #2489 ), #948, .T. ) ;
#3577 = ADVANCED_FACE ( 'NONE', ( #3970 ), #2446, .T. ) ;
#3578 = PLANE ( 'NONE',  #4177 ) ;
#3579 = PLANE ( 'NONE',  #1563 ) ;
#3580 = CARTESIAN_POINT ( 'NONE',  ( 44.99999999999998579, 44.00000000000004263, -28.99999999999999289 ) ) ;
#3581 = ADVANCED_FACE ( 'NONE', ( #3275 ), #3988, .F. ) ;
#3582 = FACE_OUTER_BOUND ( 'NONE', #2898, .T. ) ;
#3583 = VERTEX_POINT ( 'NONE', #2833 ) ;
#3584 = ORIENTED_EDGE ( 'NONE', *, *, #4088, .F. ) ;
#3585 = CARTESIAN_POINT ( 'NONE',  ( 1.000000000000000000, 38.25000000000000711, -28.99999999999999289 ) ) ;
#3586 = CARTESIAN_POINT ( 'NONE',  ( 0.000000000000000000, 1.000000000000000000, 30.75000000000000000 ) ) ;
#3587 = CARTESIAN_POINT ( 'NONE',  ( 116.8660254037844481, 57.08392021690038121, 12.00000000000000355 ) ) ;
#3588 = EDGE_CURVE ( 'NONE', #2797, #2604, #288, .T. ) ;
#3589 = AXIS2_PLACEMENT_3D ( 'NONE', #2586, #3665, #4425 ) ;
#3590 = ADVANCED_FACE ( 'NONE', ( #4675 ), #633, .F. ) ;
#3591 = ORIENTED_EDGE ( 'NONE', *, *, #3237, .T. ) ;
#3592 = EDGE_CURVE ( 'NONE', #3260, #4676, #3256, .T. ) ;
#3593 = PRODUCT_DEFINITION_SHAPE ( 'NONE', 'NONE',  #4495 ) ;
#3594 = VERTEX_POINT ( 'NONE', #973 ) ;
#3595 = EDGE_CURVE ( 'NONE', #378, #168, #3644, .T. ) ;
#3596 = DIRECTION ( 'NONE',  ( 0.000000000000000000, 1.000000000000000000, -0.000000000000000000 ) ) ;
#3597 = VERTEX_POINT ( 'NONE', #235 ) ;
#3598 = VERTEX_POINT ( 'NONE', #2517 ) ;
#3599 = DIRECTION ( 'NONE',  ( 1.000000000000000000, 0.000000000000000000, -0.000000000000000000 ) ) ;
#3600 = AXIS2_PLACEMENT_3D ( 'NONE', #2183, #396, #1524 ) ;
#3601 = LINE ( 'NONE', #2100, #2502 ) ;
#3602 = CARTESIAN_POINT ( 'NONE',  ( 119.0000000000000142, 4.999999999999969802, 0.000000000000000000 ) ) ;
#3603 = ADVANCED_FACE ( 'NONE', ( #1088 ), #4070, .T. ) ;
#3604 = AXIS2_PLACEMENT_3D ( 'NONE', #2188, #1087, #4444 ) ;
#3605 = AXIS2_PLACEMENT_3D ( 'NONE', #2250, #67, #813 ) ;
#3606 = LINE ( 'NONE', #2528, #3633 ) ;
#3607 = DIRECTION ( 'NONE',  ( 0.000000000000000000, 1.000000000000000000, 0.000000000000000000 ) ) ;
#3608 = DIRECTION ( 'NONE',  ( 0.000000000000000000, 0.000000000000000000, 1.000000000000000000 ) ) ;
#3609 = CARTESIAN_POINT ( 'NONE',  ( 115.0000000000000000, 48.00000000000000000, -0.7287565553229600201 ) ) ;
#3610 = AXIS2_PLACEMENT_3D ( 'NONE', #801, #2189, #3712 ) ;
#3611 = CIRCLE ( 'NONE', #2658, 26.00000000000001421 ) ;
#3612 = ORIENTED_EDGE ( 'NONE', *, *, #3953, .F. ) ;
#3613 = VECTOR ( 'NONE', #4326, 1000.000000000000114 ) ;
#3614 = EDGE_LOOP ( 'NONE', ( #208, #1826, #620, #446 ) ) ;
#3615 = DIRECTION ( 'NONE',  ( -0.8660254037844402619, 0.000000000000000000, -0.4999999999999972800 ) ) ;
#3616 = CARTESIAN_POINT ( 'NONE',  ( 126.5716306148988224, 24.58358994113253004, -33.56573950764025938 ) ) ;
#3617 = CIRCLE ( 'NONE', #950, 23.00000000000000355 ) ;
#3618 = VECTOR ( 'NONE', #740, 1000.000000000000000 ) ;
#3619 = ORIENTED_EDGE ( 'NONE', *, *, #631, .T. ) ;
#3620 = AXIS2_PLACEMENT_3D ( 'NONE', #2843, #2458, #3979 ) ;
#3621 = ORIENTED_EDGE ( 'NONE', *, *, #3875, .T. ) ;
#3622 = DIRECTION ( 'NONE',  ( 0.000000000000000000, 0.000000000000000000, -1.000000000000000000 ) ) ;
#3623 = CARTESIAN_POINT ( 'NONE',  ( 0.000000000000000000, 26.37629658163896096, -36.25479946839507051 ) ) ;
#3624 = ORIENTED_EDGE ( 'NONE', *, *, #4500, .F. ) ;
#3625 = ORIENTED_EDGE ( 'NONE', *, *, #680, .T. ) ;
#3626 = CARTESIAN_POINT ( 'NONE',  ( 116.0000000000000142, 32.00000000000000000, 14.08578643762690596 ) ) ;
#3627 = FACE_OUTER_BOUND ( 'NONE', #4395, .T. ) ;
#3628 = CYLINDRICAL_SURFACE ( 'NONE', #1566, 2.100000000000004530 ) ;
#3629 = DIRECTION ( 'NONE',  ( 0.000000000000000000, -0.5547001962257784857, -0.8320502943374774585 ) ) ;
#3630 = DIRECTION ( 'NONE',  ( 0.000000000000000000, -1.000000000000000000, 0.000000000000000000 ) ) ;
#3631 = DIRECTION ( 'NONE',  ( 0.000000000000000000, 0.7071067811865472397, -0.7071067811865479058 ) ) ;
#3632 = PLANE ( 'NONE',  #4396 ) ;
#3633 = VECTOR ( 'NONE', #1008, 1000.000000000000000 ) ;
#3634 = ORIENTED_EDGE ( 'NONE', *, *, #415, .F. ) ;
#3635 = VERTEX_POINT ( 'NONE', #1461 ) ;
#3636 = DIRECTION ( 'NONE',  ( 1.000000000000000000, 0.000000000000000000, -0.000000000000000000 ) ) ;
#3637 = DIRECTION ( 'NONE',  ( 0.000000000000000000, 0.000000000000000000, -1.000000000000000000 ) ) ;
#3638 = AXIS2_PLACEMENT_3D ( 'NONE', #874, #1259, #3415 ) ;
#3639 = ORIENTED_EDGE ( 'NONE', *, *, #4753, .F. ) ;
#3640 = VECTOR ( 'NONE', #445, 1000.000000000000000 ) ;
#3641 = ADVANCED_FACE ( 'NONE', ( #4475 ), #4148, .F. ) ;
#3642 = ORIENTED_EDGE ( 'NONE', *, *, #1266, .F. ) ;
#3643 = CARTESIAN_POINT ( 'NONE',  ( 126.5716306148988224, 26.37629658163896096, -36.25479946839507051 ) ) ;
#3644 = LINE ( 'NONE', #2095, #2509 ) ;
#3645 = EDGE_CURVE ( 'NONE', #4760, #681, #1439, .T. ) ;
#3646 = ORIENTED_EDGE ( 'NONE', *, *, #4351, .F. ) ;
#3647 = ORIENTED_EDGE ( 'NONE', *, *, #680, .F. ) ;
#3648 = DIRECTION ( 'NONE',  ( 1.000000000000000000, -0.000000000000000000, 0.000000000000000000 ) ) ;
#3649 = CARTESIAN_POINT ( 'NONE',  ( 2.000000000000001776, 58.00000000000000000, 12.50000000000000355 ) ) ;
#3650 = CARTESIAN_POINT ( 'NONE',  ( 84.60000000000000853, 0.000000000000000000, 38.95000000000000995 ) ) ;
#3651 = EDGE_CURVE ( 'NONE', #1874, #2782, #3367, .T. ) ;
#3652 = DIRECTION ( 'NONE',  ( 0.000000000000000000, 0.000000000000000000, -1.000000000000000000 ) ) ;
#3653 = CARTESIAN_POINT ( 'NONE',  ( -5.939362758225327068E-14, 2.000000000000000000, 35.94999999999995310 ) ) ;
#3654 = CARTESIAN_POINT ( 'NONE',  ( 2.000000000000000000, 2.999999999999999112, -26.99999999999999645 ) ) ;
#3655 = DIRECTION ( 'NONE',  ( 0.000000000000000000, 2.478176394252582127E-16, 1.000000000000000000 ) ) ;
#3656 = ORIENTED_EDGE ( 'NONE', *, *, #2510, .T. ) ;
#3657 = ORIENTED_EDGE ( 'NONE', *, *, #2220, .F. ) ;
#3658 = DIRECTION ( 'NONE',  ( 0.000000000000000000, 0.000000000000000000, 1.000000000000000000 ) ) ;
#3659 = LINE ( 'NONE', #304, #710 ) ;
#3660 = EDGE_CURVE ( 'NONE', #1108, #2733, #12, .T. ) ;
#3661 =( BOUNDED_CURVE ( )  B_SPLINE_CURVE ( 3, ( #2338, #4262, #218, #928 ),
 .UNSPECIFIED., .F., .F. ) 
 B_SPLINE_CURVE_WITH_KNOTS ( ( 4, 4 ),
 ( 1.570796326794896558, 3.141592653589793116 ),
 .UNSPECIFIED. ) 
 CURVE ( )  GEOMETRIC_REPRESENTATION_ITEM ( )  RATIONAL_B_SPLINE_CURVE ( ( 1.000000000000000000, 0.8047378541243649375, 0.8047378541243649375, 1.000000000000000000 ) ) 
 REPRESENTATION_ITEM ( '' )  );
#3662 = ORIENTED_EDGE ( 'NONE', *, *, #3786, .T. ) ;
#3663 = ORIENTED_EDGE ( 'NONE', *, *, #4406, .F. ) ;
#3664 = CARTESIAN_POINT ( 'NONE',  ( 34.60000000000000142, 0.000000000000000000, 28.74999999999999289 ) ) ;
#3665 = DIRECTION ( 'NONE',  ( 1.000000000000000000, -0.000000000000000000, -0.000000000000000000 ) ) ;
#3666 = DIRECTION ( 'NONE',  ( 0.7071067811865525687, 0.7071067811865424657, -0.000000000000000000 ) ) ;
#3667 = VERTEX_POINT ( 'NONE', #2957 ) ;
#3668 = EDGE_LOOP ( 'NONE', ( #3781, #3815, #2370, #1755 ) ) ;
#3669 = CARTESIAN_POINT ( 'NONE',  ( 117.0000000000000000, 63.00000000000001421, -42.49999999999998579 ) ) ;
#3670 = CARTESIAN_POINT ( 'NONE',  ( 119.0000000000000142, 4.999999999999969802, 2.000000000000029310 ) ) ;
#3671 = DIRECTION ( 'NONE',  ( 0.000000000000000000, 0.000000000000000000, -1.000000000000000000 ) ) ;
#3672 = EDGE_CURVE ( 'NONE', #3290, #3519, #1069, .T. ) ;
#3673 = DIRECTION ( 'NONE',  ( 1.000000000000000000, 0.000000000000000000, -0.000000000000000000 ) ) ;
#3674 = CARTESIAN_POINT ( 'NONE',  ( 118.0000000000000142, -2.000000000000001776, 10.49999999999999467 ) ) ;
#3675 = FACE_OUTER_BOUND ( 'NONE', #1386, .T. ) ;
#3676 = DIRECTION ( 'NONE',  ( -0.000000000000000000, 0.000000000000000000, 1.000000000000000000 ) ) ;
#3677 = VECTOR ( 'NONE', #818, 1000.000000000000000 ) ;
#3678 = VERTEX_POINT ( 'NONE', #2934 ) ;
#3679 = EDGE_LOOP ( 'NONE', ( #413, #3548, #3962, #4784 ) ) ;
#3680 = VECTOR ( 'NONE', #4039, 1000.000000000000000 ) ;
#3681 = VECTOR ( 'NONE', #45, 1000.000000000000000 ) ;
#3682 = FACE_BOUND ( 'NONE', #1440, .T. ) ;
#3683 = CYLINDRICAL_SURFACE ( 'NONE', #3600, 1.000000000000000000 ) ;
#3684 = AXIS2_PLACEMENT_3D ( 'NONE', #4514, #4147, #432 ) ;
#3685 = ORIENTED_EDGE ( 'NONE', *, *, #2704, .T. ) ;
#3686 = VERTEX_POINT ( 'NONE', #2978 ) ;
#3687 = AXIS2_PLACEMENT_3D ( 'NONE', #3015, #2278, #4136 ) ;
#3688 = DIRECTION ( 'NONE',  ( 0.7071067811865524577, 0.000000000000000000, 0.7071067811865425767 ) ) ;
#3689 = LINE ( 'NONE', #661, #2303 ) ;
#3690 = CARTESIAN_POINT ( 'NONE',  ( 119.0000000000000142, 38.55499999999999261, -41.49999999999998579 ) ) ;
#3691 = AXIS2_PLACEMENT_3D ( 'NONE', #2989, #3010, #2552 ) ;
#3692 = CIRCLE ( 'NONE', #178, 0.2000000000000057288 ) ;
#3693 = ORIENTED_EDGE ( 'NONE', *, *, #3017, .F. ) ;
#3694 = EDGE_LOOP ( 'NONE', ( #4275, #1774, #1475, #3634 ) ) ;
#3695 = EDGE_CURVE ( 'NONE', #4123, #2002, #2999, .T. ) ;
#3696 = CARTESIAN_POINT ( 'NONE',  ( 114.0000000000000000, -2.000000000000000000, 13.49999999999999822 ) ) ;
#3697 = VECTOR ( 'NONE', #43, 1000.000000000000000 ) ;
#3698 = DIRECTION ( 'NONE',  ( -1.000000000000000000, 0.000000000000000000, 0.000000000000000000 ) ) ;
#3699 = DIRECTION ( 'NONE',  ( 0.000000000000000000, 0.000000000000000000, 1.000000000000000000 ) ) ;
#3700 = DIRECTION ( 'NONE',  ( -0.000000000000000000, -0.000000000000000000, -1.000000000000000000 ) ) ;
#3701 = CARTESIAN_POINT ( 'NONE',  ( 84.60000000000000853, -3.000000000000000000, 25.74999999999998224 ) ) ;
#3702 = CARTESIAN_POINT ( 'NONE',  ( 0.4142135623730950345, 31.99999999999999289, 1.699999999999999512 ) ) ;
#3703 = VERTEX_POINT ( 'NONE', #2564 ) ;
#3704 = VERTEX_POINT ( 'NONE', #4426 ) ;
#3705 = CARTESIAN_POINT ( 'NONE',  ( 115.0000000000000000, 39.55499999999999261, -69.24999999999998579 ) ) ;
#3706 = CARTESIAN_POINT ( 'NONE',  ( 3.000000000000028866, 32.00000000000000000, 12.50000000000000355 ) ) ;
#3707 = EDGE_LOOP ( 'NONE', ( #3018, #636, #638, #291 ) ) ;
#3708 = VERTEX_POINT ( 'NONE', #1137 ) ;
#3709 = VECTOR ( 'NONE', #3720, 1000.000000000000000 ) ;
#3710 = DIRECTION ( 'NONE',  ( 0.000000000000000000, 0.000000000000000000, 1.000000000000000000 ) ) ;
#3711 = LINE ( 'NONE', #2284, #720 ) ;
#3712 = DIRECTION ( 'NONE',  ( -1.000000000000000000, -4.231032868236108022E-16, 0.000000000000000000 ) ) ;
#3713 = VECTOR ( 'NONE', #3175, 1000.000000000000114 ) ;
#3714 = EDGE_LOOP ( 'NONE', ( #3410, #3727, #4460, #1935 ) ) ;
#3715 = ORIENTED_EDGE ( 'NONE', *, *, #2873, .T. ) ;
#3716 = CARTESIAN_POINT ( 'NONE',  ( 34.60000000000001563, 1.000000000000000000, 35.95000000000000995 ) ) ;
#3717 = AXIS2_PLACEMENT_3D ( 'NONE', #3565, #210, #3195 ) ;
#3718 = LINE ( 'NONE', #365, #4845 ) ;
#3719 = EDGE_CURVE ( 'NONE', #3583, #4842, #773, .T. ) ;
#3720 = DIRECTION ( 'NONE',  ( -1.000000000000000000, 0.000000000000000000, 0.000000000000000000 ) ) ;
#3721 = DIRECTION ( 'NONE',  ( -1.000000000000000000, 0.000000000000000000, 0.000000000000000000 ) ) ;
#3722 = CARTESIAN_POINT ( 'NONE',  ( 116.0000000000000000, -3.000000000000000000, -42.49999999999999289 ) ) ;
#3723 = DIRECTION ( 'NONE',  ( -1.000000000000000000, 0.000000000000000000, -0.000000000000000000 ) ) ;
#3724 = ADVANCED_FACE ( 'NONE', ( #3303 ), #4820, .T. ) ;
#3725 = EDGE_CURVE ( 'NONE', #4331, #1453, #1094, .T. ) ;
#3726 = EDGE_CURVE ( 'NONE', #2282, #599, #4780, .T. ) ;
#3727 = ORIENTED_EDGE ( 'NONE', *, *, #3695, .T. ) ;
#3728 = EDGE_CURVE ( 'NONE', #979, #2738, #1529, .T. ) ;
#3729 = ORIENTED_EDGE ( 'NONE', *, *, #2731, .F. ) ;
#3730 = CARTESIAN_POINT ( 'NONE',  ( 80.40000000000000568, 2.602085213965210642E-15, 28.74999999999998224 ) ) ;
#3731 = CARTESIAN_POINT ( 'NONE',  ( 62.39999999999999858, 44.00000000000005684, -27.99999999999999645 ) ) ;
#3732 = EDGE_CURVE ( 'NONE', #1919, #2420, #872, .T. ) ;
#3733 = ORIENTED_EDGE ( 'NONE', *, *, #3245, .T. ) ;
#3734 = ORIENTED_EDGE ( 'NONE', *, *, #3958, .F. ) ;
#3735 = CARTESIAN_POINT ( 'NONE',  ( 115.0000000000000000, 32.32629658162959885, -36.25479946839507051 ) ) ;
#3736 = CARTESIAN_POINT ( 'NONE',  ( 84.60000000000000853, 0.000000000000000000, 33.85000000000000142 ) ) ;
#3737 = EDGE_CURVE ( 'NONE', #4283, #997, #4663, .T. ) ;
#3738 = DIRECTION ( 'NONE',  ( 1.000000000000000000, 0.000000000000000000, 0.000000000000000000 ) ) ;
#3739 = EDGE_CURVE ( 'NONE', #723, #796, #4841, .T. ) ;
#3740 = EDGE_CURVE ( 'NONE', #168, #3499, #1482, .T. ) ;
#3741 = ORIENTED_EDGE ( 'NONE', *, *, #2313, .F. ) ;
#3742 = ADVANCED_FACE ( 'NONE', ( #2611 ), #1938, .F. ) ;
#3743 = ORIENTED_EDGE ( 'NONE', *, *, #2720, .T. ) ;
#3744 = CARTESIAN_POINT ( 'NONE',  ( 126.5716306148988224, 4.787614288834452836, -33.37392069351744084 ) ) ;
#3745 = PLANE ( 'NONE',  #4487 ) ;
#3746 = EDGE_CURVE ( 'NONE', #1914, #2592, #3053, .T. ) ;
#3747 =( LENGTH_UNIT ( ) NAMED_UNIT ( * ) SI_UNIT ( .MILLI., .METRE. ) );
#3748 = CARTESIAN_POINT ( 'NONE',  ( 34.60000000000001563, 2.000000000000000000, 31.75000000000000000 ) ) ;
#3749 = DIRECTION ( 'NONE',  ( -1.000000000000000000, 0.000000000000000000, 0.000000000000000000 ) ) ;
#3750 = CARTESIAN_POINT ( 'NONE',  ( 119.0000000000000142, 58.00000000000001421, -27.99999999999999645 ) ) ;
#3751 = EDGE_LOOP ( 'NONE', ( #3494, #2578, #4538, #4144 ) ) ;
#3752 = DIRECTION ( 'NONE',  ( -0.5773502691896231775, -0.5773502691896231775, 0.5773502691896310601 ) ) ;
#3753 = PLANE ( 'NONE',  #245 ) ;
#3754 = VECTOR ( 'NONE', #4770, 1000.000000000000000 ) ;
#3755 = ORIENTED_EDGE ( 'NONE', *, *, #3804, .T. ) ;
#3756 = AXIS2_PLACEMENT_3D ( 'NONE', #292, #1776, #2837 ) ;
#3757 = AXIS2_PLACEMENT_3D ( 'NONE', #868, #1280, #914 ) ;
#3758 = VERTEX_POINT ( 'NONE', #1992 ) ;
#3759 = DIRECTION ( 'NONE',  ( 0.000000000000000000, 0.000000000000000000, -1.000000000000000000 ) ) ;
#3760 = FACE_OUTER_BOUND ( 'NONE', #1463, .T. ) ;
#3761 = ADVANCED_FACE ( 'NONE', ( #4278 ), #4563, .T. ) ;
#3762 = CARTESIAN_POINT ( 'NONE',  ( 0.000000000000000000, 2.000000000000000000, 31.74999999999999289 ) ) ;
#3763 = AXIS2_PLACEMENT_3D ( 'NONE', #1261, #899, #921 ) ;
#3764 = VERTEX_POINT ( 'NONE', #2329 ) ;
#3765 = AXIS2_PLACEMENT_3D ( 'NONE', #1376, #2128, #3206 ) ;
#3766 = ORIENTED_EDGE ( 'NONE', *, *, #102, .F. ) ;
#3767 = AXIS2_PLACEMENT_3D ( 'NONE', #1763, #573, #2061 ) ;
#3768 = ADVANCED_FACE ( 'NONE', ( #81 ), #3863, .F. ) ;
#3769 = CARTESIAN_POINT ( 'NONE',  ( 115.0000000000000000, 6.500000000000000000, -33.25474111729089088 ) ) ;
#3770 = CIRCLE ( 'NONE', #2357, 2.100000000000004530 ) ;
#3771 = VECTOR ( 'NONE', #312, 1000.000000000000000 ) ;
#3772 = ORIENTED_EDGE ( 'NONE', *, *, #839, .F. ) ;
#3773 = VECTOR ( 'NONE', #4752, 1000.000000000000000 ) ;
#3774 = CARTESIAN_POINT ( 'NONE',  ( 30.39999999999999858, 0.000000000000000000, 33.85000000000000142 ) ) ;
#3775 = CARTESIAN_POINT ( 'NONE',  ( 1.000000000000000000, 57.00000000000000000, -4.999999999999990230 ) ) ;
#3776 = LINE ( 'NONE', #1451, #3932 ) ;
#3777 = CARTESIAN_POINT ( 'NONE',  ( 115.0000000000000000, 24.58358994113253004, -33.56573950764025938 ) ) ;
#3778 = EDGE_LOOP ( 'NONE', ( #2679, #4260, #3154, #4671, #3468, #1940, #4544 ) ) ;
#3779 = LINE ( 'NONE', #724, #493 ) ;
#3780 = CARTESIAN_POINT ( 'NONE',  ( 115.0000000000000000, 31.50000000000000000, 5.499999999999999112 ) ) ;
#3781 = ORIENTED_EDGE ( 'NONE', *, *, #3318, .T. ) ;
#3782 = ORIENTED_EDGE ( 'NONE', *, *, #1360, .T. ) ;
#3783 = CARTESIAN_POINT ( 'NONE',  ( 1.000000000000000000, 57.00000000000000000, 0.000000000000000000 ) ) ;
#3784 = CARTESIAN_POINT ( 'NONE',  ( 116.5000000000000000, -0.7000000000000020650, -41.63397459621555186 ) ) ;
#3785 = DIRECTION ( 'NONE',  ( -0.000000000000000000, -1.000000000000000000, 0.000000000000000000 ) ) ;
#3786 = EDGE_CURVE ( 'NONE', #1799, #4372, #825, .T. ) ;
#3787 =( BOUNDED_CURVE ( )  B_SPLINE_CURVE ( 3, ( #3857, #4609, #504, #132 ),
 .UNSPECIFIED., .F., .F. ) 
 B_SPLINE_CURVE_WITH_KNOTS ( ( 4, 4 ),
 ( 4.712388980384689674, 6.283185307179586232 ),
 .UNSPECIFIED. ) 
 CURVE ( )  GEOMETRIC_REPRESENTATION_ITEM ( )  RATIONAL_B_SPLINE_CURVE ( ( 1.000000000000000000, 0.8047378541243649375, 0.8047378541243649375, 1.000000000000000000 ) ) 
 REPRESENTATION_ITEM ( '' )  );
#3788 = ORIENTED_EDGE ( 'NONE', *, *, #3374, .F. ) ;
#3789 = CIRCLE ( 'NONE', #748, 8.100000000000003197 ) ;
#3790 = EDGE_LOOP ( 'NONE', ( #4698, #2647, #1079, #2124, #2184 ) ) ;
#3791 = EDGE_CURVE ( 'NONE', #2281, #1583, #4253, .T. ) ;
#3792 = DIRECTION ( 'NONE',  ( -1.000000000000000000, 0.000000000000000000, 0.000000000000000000 ) ) ;
#3793 = AXIS2_PLACEMENT_3D ( 'NONE', #31, #79, #3073 ) ;
#3794 = EDGE_LOOP ( 'NONE', ( #2634, #2233, #106, #3201 ) ) ;
#3795 = CARTESIAN_POINT ( 'NONE',  ( 119.0000000000000142, 63.00000000000001421, -41.49999999999997868 ) ) ;
#3796 = CARTESIAN_POINT ( 'NONE',  ( 0.000000000000000000, 12.19999999999999929, -33.25479946839504919 ) ) ;
#3797 = DIRECTION ( 'NONE',  ( 0.000000000000000000, 0.000000000000000000, -1.000000000000000000 ) ) ;
#3798 = DIRECTION ( 'NONE',  ( 1.000000000000000000, 0.000000000000000000, -0.000000000000000000 ) ) ;
#3799 = ADVANCED_FACE ( 'NONE', ( #2393 ), #2016, .T. ) ;
#3800 = EDGE_CURVE ( 'NONE', #3946, #2625, #857, .T. ) ;
#3801 = DIRECTION ( 'NONE',  ( -0.000000000000000000, -1.000000000000000000, 0.000000000000000000 ) ) ;
#3802 = DIRECTION ( 'NONE',  ( -1.000000000000000000, 0.000000000000000000, 0.000000000000000000 ) ) ;
#3803 = EDGE_CURVE ( 'NONE', #815, #2785, #1338, .T. ) ;
#3804 = EDGE_CURVE ( 'NONE', #1291, #3686, #3103, .T. ) ;
#3805 = EDGE_LOOP ( 'NONE', ( #896, #3913, #2949, #4196, #3621, #3099, #3094, #2093 ) ) ;
#3806 = CARTESIAN_POINT ( 'NONE',  ( 116.8674493635815281, 57.99706880937502262, 11.96859641656719297 ) ) ;
#3807 = DIRECTION ( 'NONE',  ( 0.000000000000000000, -1.000000000000000000, 0.000000000000000000 ) ) ;
#3808 = CARTESIAN_POINT ( 'NONE',  ( 44.00000000000000000, 44.00000000000005684, -27.99999999999999645 ) ) ;
#3809 = EDGE_LOOP ( 'NONE', ( #329, #3445, #451, #1477 ) ) ;
#3810 = ORIENTED_EDGE ( 'NONE', *, *, #313, .T. ) ;
#3811 = LINE ( 'NONE', #452, #1908 ) ;
#3812 = EDGE_CURVE ( 'NONE', #924, #306, #1578, .T. ) ;
#3813 = CARTESIAN_POINT ( 'NONE',  ( 115.0000000000000000, 12.47370341836066743, -36.25479946839499945 ) ) ;
#3814 = CARTESIAN_POINT ( 'NONE',  ( 117.0816436708609274, 57.19667582034504250, 11.73564471491627259 ) ) ;
#3815 = ORIENTED_EDGE ( 'NONE', *, *, #4497, .F. ) ;
#3816 = ORIENTED_EDGE ( 'NONE', *, *, #4807, .F. ) ;
#3817 = LINE ( 'NONE', #458, #2588 ) ;
#3818 = ORIENTED_EDGE ( 'NONE', *, *, #1302, .F. ) ;
#3819 = VERTEX_POINT ( 'NONE', #3834 ) ;
#3820 = LINE ( 'NONE', #1878, #2071 ) ;
#3821 = DIRECTION ( 'NONE',  ( 0.5773502691896202910, -0.5773502691896286176, 0.5773502691896285066 ) ) ;
#3822 = DIRECTION ( 'NONE',  ( -1.000000000000000000, 0.000000000000000000, 0.000000000000000000 ) ) ;
#3823 = FACE_OUTER_BOUND ( 'NONE', #1133, .T. ) ;
#3824 = ADVANCED_FACE ( 'NONE', ( #137 ), #3044, .T. ) ;
#3825 = DIRECTION ( 'NONE',  ( 0.000000000000000000, -1.000000000000000000, 0.000000000000000000 ) ) ;
#3826 = DIRECTION ( 'NONE',  ( 1.000000000000000000, 4.231032868236108022E-16, 0.000000000000000000 ) ) ;
#3827 = ORIENTED_EDGE ( 'NONE', *, *, #401, .T. ) ;
#3828 = CARTESIAN_POINT ( 'NONE',  ( 1.000000000000000000, 2.000000000000001776, 0.6999999999999995115 ) ) ;
#3829 = PLANE ( 'NONE',  #2427 ) ;
#3830 = ORIENTED_EDGE ( 'NONE', *, *, #4152, .T. ) ;
#3831 = EDGE_LOOP ( 'NONE', ( #4416, #2448, #3307, #2995 ) ) ;
#3832 = DIRECTION ( 'NONE',  ( 0.000000000000000000, 0.000000000000000000, -1.000000000000000000 ) ) ;
#3833 = DIRECTION ( 'NONE',  ( 0.000000000000000000, 1.000000000000000000, 0.000000000000000000 ) ) ;
#3834 = CARTESIAN_POINT ( 'NONE',  ( 0.000000000000000000, 39.25000000000000711, -28.99999999999999289 ) ) ;
#3835 = AXIS2_PLACEMENT_3D ( 'NONE', #1829, #1051, #3334 ) ;
#3836 = EDGE_LOOP ( 'NONE', ( #3547, #1988, #2277, #1309, #1646, #3864, #977 ) ) ;
#3837 = ORIENTED_EDGE ( 'NONE', *, *, #4046, .F. ) ;
#3838 = CARTESIAN_POINT ( 'NONE',  ( 165.3324686416905536, 27.05499999999998906, -62.25000000000000711 ) ) ;
#3839 = AXIS2_PLACEMENT_3D ( 'NONE', #510, #2732, #2308 ) ;
#3840 = VECTOR ( 'NONE', #4750, 1000.000000000000000 ) ;
#3841 = AXIS2_PLACEMENT_3D ( 'NONE', #3955, #250, #3608 ) ;
#3842 = ORIENTED_EDGE ( 'NONE', *, *, #1635, .T. ) ;
#3843 = AXIS2_PLACEMENT_3D ( 'NONE', #3221, #554, #2041 ) ;
#3844 = EDGE_CURVE ( 'NONE', #372, #3436, #534, .T. ) ;
#3845 = ORIENTED_EDGE ( 'NONE', *, *, #658, .F. ) ;
#3846 = DIRECTION ( 'NONE',  ( -0.000000000000000000, 1.000000000000000000, -0.000000000000000000 ) ) ;
#3847 = DIRECTION ( 'NONE',  ( -1.000000000000000000, 0.000000000000000000, -0.000000000000000000 ) ) ;
#3848 = CIRCLE ( 'NONE', #402, 24.00000000000000355 ) ;
#3849 = PLANE ( 'NONE',  #2117 ) ;
#3850 = AXIS2_PLACEMENT_3D ( 'NONE', #987, #2794, #2893 ) ;
#3851 = LINE ( 'NONE', #1928, #1169 ) ;
#3852 = CARTESIAN_POINT ( 'NONE',  ( 84.60000000000000853, 0.000000000000000000, 38.95000000000000995 ) ) ;
#3853 = VECTOR ( 'NONE', #4291, 1000.000000000000114 ) ;
#3854 = DIRECTION ( 'NONE',  ( 0.000000000000000000, 0.000000000000000000, -1.000000000000000000 ) ) ;
#3855 = FACE_OUTER_BOUND ( 'NONE', #1109, .T. ) ;
#3856 = DIRECTION ( 'NONE',  ( 1.000000000000000000, -0.000000000000000000, -0.000000000000000000 ) ) ;
#3857 = CARTESIAN_POINT ( 'NONE',  ( 119.0000000000000142, 62.00000000000000711, -41.49999999999997868 ) ) ;
#3858 = CARTESIAN_POINT ( 'NONE',  ( 118.0000000000000142, -0.7000000000000023981, -69.24999999999998579 ) ) ;
#3859 = ORIENTED_EDGE ( 'NONE', *, *, #4457, .T. ) ;
#3860 = ORIENTED_EDGE ( 'NONE', *, *, #2939, .T. ) ;
#3861 = DIRECTION ( 'NONE',  ( -1.000000000000000000, -0.000000000000000000, -0.000000000000000000 ) ) ;
#3862 = CARTESIAN_POINT ( 'NONE',  ( 107.0000000000000142, 31.50000000000000711, -32.30000000000000426 ) ) ;
#3863 = PLANE ( 'NONE',  #2822 ) ;
#3864 = ORIENTED_EDGE ( 'NONE', *, *, #494, .T. ) ;
#3865 = ORIENTED_EDGE ( 'NONE', *, *, #3017, .T. ) ;
#3866 = DIRECTION ( 'NONE',  ( 0.000000000000000000, 1.000000000000000000, -0.000000000000000000 ) ) ;
#3867 = AXIS2_PLACEMENT_3D ( 'NONE', #1923, #1558, #4548 ) ;
#3868 = EDGE_LOOP ( 'NONE', ( #1486, #144, #2603, #1698 ) ) ;
#3869 = VERTEX_POINT ( 'NONE', #3471 ) ;
#3870 = CARTESIAN_POINT ( 'NONE',  ( 1.000000000000000000, 41.25000000000000711, -5.999999999999991118 ) ) ;
#3871 = DIRECTION ( 'NONE',  ( 0.000000000000000000, -0.9996774502997662903, -0.02539675889081775828 ) ) ;
#3872 = LINE ( 'NONE', #522, #750 ) ;
#3873 = AXIS2_PLACEMENT_3D ( 'NONE', #3109, #2024, #2376 ) ;
#3874 = LINE ( 'NONE', #176, #337 ) ;
#3875 = EDGE_CURVE ( 'NONE', #4664, #2614, #4645, .T. ) ;
#3876 = CARTESIAN_POINT ( 'NONE',  ( 34.60000000000000142, -3.000000000000000000, 25.74999999999999289 ) ) ;
#3877 = AXIS2_PLACEMENT_3D ( 'NONE', #4525, #46, #97 ) ;
#3878 = FACE_OUTER_BOUND ( 'NONE', #1182, .T. ) ;
#3879 = LINE ( 'NONE', #3487, #161 ) ;
#3880 = LINE ( 'NONE', #152, #2042 ) ;
#3881 = CARTESIAN_POINT ( 'NONE',  ( 119.0000000000000142, -2.000000000000000000, 11.49999999999999645 ) ) ;
#3882 = EDGE_CURVE ( 'NONE', #558, #3944, #2683, .T. ) ;
#3883 = ORIENTED_EDGE ( 'NONE', *, *, #1491, .T. ) ;
#3884 = ORIENTED_EDGE ( 'NONE', *, *, #2214, .T. ) ;
#3885 = LINE ( 'NONE', #3469, #3171 ) ;
#3886 = LINE ( 'NONE', #3102, #568 ) ;
#3887 = CARTESIAN_POINT ( 'NONE',  ( 30.39999999999999858, 0.000000000000000000, 38.94999999999999574 ) ) ;
#3888 = ORIENTED_EDGE ( 'NONE', *, *, #2790, .T. ) ;
#3889 = ORIENTED_EDGE ( 'NONE', *, *, #758, .T. ) ;
#3890 = CARTESIAN_POINT ( 'NONE',  ( 116.4662726633814032, 58.17050484367680951, 11.20095990401908104 ) ) ;
#3891 = ADVANCED_FACE ( 'NONE', ( #4175 ), #2463, .T. ) ;
#3892 = EDGE_CURVE ( 'NONE', #2486, #3597, #1404, .T. ) ;
#3893 = EDGE_LOOP ( 'NONE', ( #3624, #4470, #676, #3317 ) ) ;
#3894 = VERTEX_POINT ( 'NONE', #3250 ) ;
#3895 = CARTESIAN_POINT ( 'NONE',  ( 1.000000000000000000, 57.00000000000000000, 13.50000000000001954 ) ) ;
#3896 = FACE_OUTER_BOUND ( 'NONE', #2066, .T. ) ;
#3897 = CARTESIAN_POINT ( 'NONE',  ( 34.60000000000001563, 1.000000000000000000, 30.75000000000000000 ) ) ;
#3898 = DIRECTION ( 'NONE',  ( -1.000000000000000000, 0.000000000000000000, 0.000000000000000000 ) ) ;
#3899 = CARTESIAN_POINT ( 'NONE',  ( 119.0000000000000142, -2.000000000000001776, 10.49999999999999467 ) ) ;
#3900 = EDGE_CURVE ( 'NONE', #15, #2659, #231, .T. ) ;
#3901 = EDGE_CURVE ( 'NONE', #3519, #2904, #3197, .T. ) ;
#3902 = FACE_OUTER_BOUND ( 'NONE', #47, .T. ) ;
#3903 = DIRECTION ( 'NONE',  ( 0.000000000000000000, 0.000000000000000000, -1.000000000000000000 ) ) ;
#3904 = DIRECTION ( 'NONE',  ( 1.000000000000000000, -0.000000000000000000, 0.000000000000000000 ) ) ;
#3905 = DIRECTION ( 'NONE',  ( 1.000000000000000000, -0.000000000000000000, -0.000000000000000000 ) ) ;
#3906 = ORIENTED_EDGE ( 'NONE', *, *, #4298, .F. ) ;
#3907 = ADVANCED_FACE ( 'NONE', ( #4007 ), #3567, .F. ) ;
#3908 = ORIENTED_EDGE ( 'NONE', *, *, #911, .F. ) ;
#3909 = DIRECTION ( 'NONE',  ( -1.000000000000000000, 0.000000000000000000, 0.000000000000000000 ) ) ;
#3910 = CARTESIAN_POINT ( 'NONE',  ( 117.0000000000000000, 63.00000000000000000, -0.7287565553229582438 ) ) ;
#3911 = CARTESIAN_POINT ( 'NONE',  ( 116.9097285108036459, 57.10951013609727056, 11.92430399819411058 ) ) ;
#3912 = ORIENTED_EDGE ( 'NONE', *, *, #1976, .T. ) ;
#3913 = ORIENTED_EDGE ( 'NONE', *, *, #1180, .T. ) ;
#3914 = EDGE_CURVE ( 'NONE', #1583, #1802, #3271, .T. ) ;
#3915 = CARTESIAN_POINT ( 'NONE',  ( 118.0000000000000142, 63.00000000000001421, -42.49999999999998579 ) ) ;
#3916 = CIRCLE ( 'NONE', #4529, 14.99999999999999822 ) ;
#3917 = ORIENTED_EDGE ( 'NONE', *, *, #3390, .F. ) ;
#3918 = EDGE_LOOP ( 'NONE', ( #2560, #1506, #2566, #3156 ) ) ;
#3919 = CIRCLE ( 'NONE', #802, 1.000000000000000888 ) ;
#3920 = VECTOR ( 'NONE', #2429, 1000.000000000000000 ) ;
#3921 = CYLINDRICAL_SURFACE ( 'NONE', #2073, 14.99999999999999822 ) ;
#3922 = DIRECTION ( 'NONE',  ( -6.715058616684402777E-15, 0.000000000000000000, -1.000000000000000000 ) ) ;
#3923 = CARTESIAN_POINT ( 'NONE',  ( 34.60000000000000142, 2.602085213965210642E-15, 33.85000000000000142 ) ) ;
#3924 = VECTOR ( 'NONE', #3631, 1000.000000000000000 ) ;
#3925 = VECTOR ( 'NONE', #3230, 1000.000000000000000 ) ;
#3926 = AXIS2_PLACEMENT_3D ( 'NONE', #4252, #2730, #2366 ) ;
#3927 = CARTESIAN_POINT ( 'NONE',  ( 0.000000000000000000, 24.75000000000000711, -33.45479946839506624 ) ) ;
#3928 = LINE ( 'NONE', #892, #781 ) ;
#3929 = CARTESIAN_POINT ( 'NONE',  ( 1.000000000000000000, 58.00000000000000000, 13.50000000000001954 ) ) ;
#3930 = VECTOR ( 'NONE', #4065, 1000.000000000000000 ) ;
#3931 = CARTESIAN_POINT ( 'NONE',  ( 34.60000000000001563, 0.000000000000000000, 36.95000000000000284 ) ) ;
#3932 = VECTOR ( 'NONE', #785, 1000.000000000000000 ) ;
#3933 = VERTEX_POINT ( 'NONE', #657 ) ;
#3934 = EDGE_LOOP ( 'NONE', ( #4109, #3625, #2305 ) ) ;
#3935 = VECTOR ( 'NONE', #4482, 1000.000000000000000 ) ;
#3936 = DIRECTION ( 'NONE',  ( 0.000000000000000000, 0.000000000000000000, 1.000000000000000000 ) ) ;
#3937 = FACE_OUTER_BOUND ( 'NONE', #4363, .T. ) ;
#3938 = CARTESIAN_POINT ( 'NONE',  ( 126.5716306148988224, 6.523703418370021545, -36.25479946839499945 ) ) ;
#3939 = ORIENTED_EDGE ( 'NONE', *, *, #3187, .F. ) ;
#3940 = ORIENTED_EDGE ( 'NONE', *, *, #774, .F. ) ;
#3941 = CARTESIAN_POINT ( 'NONE',  ( 0.000000000000000000, 29.00000000000000000, 0.000000000000000000 ) ) ;
#3942 = ADVANCED_FACE ( 'NONE', ( #4736 ), #189, .T. ) ;
#3943 = EDGE_CURVE ( 'NONE', #4526, #4102, #877, .T. ) ;
#3944 = VERTEX_POINT ( 'NONE', #2092 ) ;
#3945 = EDGE_CURVE ( 'NONE', #4249, #4119, #3984, .T. ) ;
#3946 = VERTEX_POINT ( 'NONE', #3587 ) ;
#3947 = DIRECTION ( 'NONE',  ( 1.000000000000000000, 0.000000000000000000, 0.000000000000000000 ) ) ;
#3948 = CARTESIAN_POINT ( 'NONE',  ( 2.000000000000000000, 2.999999999999999112, 0.000000000000000000 ) ) ;
#3949 = LINE ( 'NONE', #449, #2972 ) ;
#3950 = CARTESIAN_POINT ( 'NONE',  ( 118.0000000000000142, 48.00000000000000000, 10.50000000000000000 ) ) ;
#3951 = VECTOR ( 'NONE', #275, 1000.000000000000000 ) ;
#3952 = DIRECTION ( 'NONE',  ( -1.000000000000000000, 0.000000000000000000, 0.000000000000000000 ) ) ;
#3953 = EDGE_CURVE ( 'NONE', #2110, #3703, #645, .T. ) ;
#3954 = CARTESIAN_POINT ( 'NONE',  ( 118.0000000000000142, 57.34314575050760965, 10.50000000000000355 ) ) ;
#3955 = CARTESIAN_POINT ( 'NONE',  ( 126.5716306148988224, 32.34999999999999432, -33.25479946839509893 ) ) ;
#3956 = CARTESIAN_POINT ( 'NONE',  ( 117.0000000000000000, 29.00000000000000000, -27.99999999999999645 ) ) ;
#3957 = ADVANCED_FACE ( 'NONE', ( #2879 ), #4365, .T. ) ;
#3958 = EDGE_CURVE ( 'NONE', #2699, #60, #1312, .T. ) ;
#3959 = AXIS2_PLACEMENT_3D ( 'NONE', #1936, #1599, #3020 ) ;
#3960 = ADVANCED_FACE ( 'NONE', ( #1748 ), #1041, .T. ) ;
#3961 = ORIENTED_EDGE ( 'NONE', *, *, #3892, .T. ) ;
#3962 = ORIENTED_EDGE ( 'NONE', *, *, #140, .F. ) ;
#3963 = AXIS2_PLACEMENT_3D ( 'NONE', #3897, #3032, #95 ) ;
#3964 = CARTESIAN_POINT ( 'NONE',  ( 1.000000000000000000, 29.00000000000000000, -29.99999999999999645 ) ) ;
#3965 = DIRECTION ( 'NONE',  ( 0.000000000000000000, 0.000000000000000000, 1.000000000000000000 ) ) ;
#3966 = DIRECTION ( 'NONE',  ( -1.000000000000000000, 0.000000000000000000, 0.000000000000000000 ) ) ;
#3967 = EDGE_LOOP ( 'NONE', ( #1728, #1190, #834, #4559 ) ) ;
#3968 = ORIENTED_EDGE ( 'NONE', *, *, #1349, .T. ) ;
#3969 = EDGE_CURVE ( 'NONE', #1674, #2335, #1263, .T. ) ;
#3970 = FACE_OUTER_BOUND ( 'NONE', #98, .T. ) ;
#3971 = ORIENTED_EDGE ( 'NONE', *, *, #2138, .F. ) ;
#3972 = ORIENTED_EDGE ( 'NONE', *, *, #256, .T. ) ;
#3973 = CARTESIAN_POINT ( 'NONE',  ( 1.000000000000000888, 6.499999999999999112, -29.99999999999999645 ) ) ;
#3974 = DIRECTION ( 'NONE',  ( -0.000000000000000000, -1.000000000000000000, -0.000000000000000000 ) ) ;
#3975 = LINE ( 'NONE', #4704, #4150 ) ;
#3976 = CARTESIAN_POINT ( 'NONE',  ( 115.0000000000000000, 34.24999999999999289, -33.25479946839509893 ) ) ;
#3977 = FACE_OUTER_BOUND ( 'NONE', #2877, .T. ) ;
#3978 = DIRECTION ( 'NONE',  ( 0.000000000000000000, 0.000000000000000000, 1.000000000000000000 ) ) ;
#3979 = DIRECTION ( 'NONE',  ( 0.000000000000000000, 0.000000000000000000, -1.000000000000000000 ) ) ;
#3980 = ORIENTED_EDGE ( 'NONE', *, *, #3914, .F. ) ;
#3981 = ORIENTED_EDGE ( 'NONE', *, *, #3844, .F. ) ;
#3982 = FACE_OUTER_BOUND ( 'NONE', #2252, .T. ) ;
#3983 = SPHERICAL_SURFACE ( 'NONE', #1959, 1.000000000000000000 ) ;
#3984 = LINE ( 'NONE', #1385, #3613 ) ;
#3985 = ORIENTED_EDGE ( 'NONE', *, *, #4639, .T. ) ;
#3986 = VERTEX_POINT ( 'NONE', #996 ) ;
#3987 = CARTESIAN_POINT ( 'NONE',  ( 0.000000000000000000, 2.000000000000000000, 0.6999999999999995115 ) ) ;
#3988 = PLANE ( 'NONE',  #165 ) ;
#3989 = ORIENTED_EDGE ( 'NONE', *, *, #1111, .F. ) ;
#3990 = EDGE_LOOP ( 'NONE', ( #4182, #1160, #4230, #3981 ) ) ;
#3991 = PLANE ( 'NONE',  #1427 ) ;
#3992 = AXIS2_PLACEMENT_3D ( 'NONE', #2595, #595, #1641 ) ;
#3993 = PLANE ( 'NONE',  #4459 ) ;
#3994 = DIRECTION ( 'NONE',  ( -1.000000000000000000, 0.000000000000000000, 0.000000000000000000 ) ) ;
#3995 = EDGE_CURVE ( 'NONE', #4201, #2738, #4717, .T. ) ;
#3996 = VECTOR ( 'NONE', #560, 1000.000000000000000 ) ;
#3997 = DIRECTION ( 'NONE',  ( 0.000000000000000000, -0.000000000000000000, -1.000000000000000000 ) ) ;
#3998 = CARTESIAN_POINT ( 'NONE',  ( 80.40000000000000568, 0.000000000000000000, 33.85000000000000142 ) ) ;
#3999 = DIRECTION ( 'NONE',  ( 0.000000000000000000, 0.7071067811865474617, 0.7071067811865474617 ) ) ;
#4000 = LINE ( 'NONE', #619, #3773 ) ;
#4001 = AXIS2_PLACEMENT_3D ( 'NONE', #4126, #2285, #2241 ) ;
#4002 = VECTOR ( 'NONE', #3312, 1000.000000000000000 ) ;
#4003 = EDGE_LOOP ( 'NONE', ( #903, #1775, #1485, #3025 ) ) ;
#4004 = CIRCLE ( 'NONE', #491, 1.000000000000000888 ) ;
#4005 = ORIENTED_EDGE ( 'NONE', *, *, #4118, .F. ) ;
#4006 = DIRECTION ( 'NONE',  ( -1.000000000000000000, -0.000000000000000000, 0.000000000000000000 ) ) ;
#4007 = FACE_OUTER_BOUND ( 'NONE', #3990, .T. ) ;
#4008 = AXIS2_PLACEMENT_3D ( 'NONE', #2580, #1105, #4527 ) ;
#4009 = AXIS2_PLACEMENT_3D ( 'NONE', #541, #929, #3161 ) ;
#4010 = VERTEX_POINT ( 'NONE', #2827 ) ;
#4011 = AXIS2_PLACEMENT_3D ( 'NONE', #2641, #3355, #1497 ) ;
#4012 = ORIENTED_EDGE ( 'NONE', *, *, #4682, .F. ) ;
#4013 = DIRECTION ( 'NONE',  ( 0.000000000000000000, 0.000000000000000000, -1.000000000000000000 ) ) ;
#4014 = CARTESIAN_POINT ( 'NONE',  ( -5.939362758225327068E-14, 1.000000000000000000, 35.94999999999995310 ) ) ;
#4015 = ORIENTED_EDGE ( 'NONE', *, *, #3740, .T. ) ;
#4016 = ORIENTED_EDGE ( 'NONE', *, *, #265, .T. ) ;
#4017 = DIRECTION ( 'NONE',  ( -1.000000000000000000, 0.000000000000000000, -1.652117596168382431E-15 ) ) ;
#4018 = CARTESIAN_POINT ( 'NONE',  ( 1.000000000000000000, 32.34999999999999432, -28.99999999999999289 ) ) ;
#4019 = CARTESIAN_POINT ( 'NONE',  ( 115.0000000000000000, 24.74999999999999645, -33.25479946839506340 ) ) ;
#4020 = ADVANCED_FACE ( 'NONE', ( #4297 ), #941, .T. ) ;
#4021 = CARTESIAN_POINT ( 'NONE',  ( 0.000000000000000000, 57.00000000000000000, 13.50000000000001954 ) ) ;
#4022 = CARTESIAN_POINT ( 'NONE',  ( 113.0000000000000000, 29.00000000000000000, 0.000000000000000000 ) ) ;
#4023 = LINE ( 'NONE', #2479, #2749 ) ;
#4024 = LINE ( 'NONE', #597, #1504 ) ;
#4025 = CIRCLE ( 'NONE', #3557, 1.000000000000000888 ) ;
#4026 = EDGE_LOOP ( 'NONE', ( #4610, #62, #2482 ) ) ;
#4027 = ORIENTED_EDGE ( 'NONE', *, *, #44, .T. ) ;
#4028 = DIRECTION ( 'NONE',  ( 0.000000000000000000, -1.000000000000000000, 0.000000000000000000 ) ) ;
#4029 = DIRECTION ( 'NONE',  ( -1.000000000000000000, -0.000000000000000000, -0.000000000000000000 ) ) ;
#4030 = AXIS2_PLACEMENT_3D ( 'NONE', #3783, #3495, #2649 ) ;
#4031 = ORIENTED_EDGE ( 'NONE', *, *, #4101, .T. ) ;
#4032 = VECTOR ( 'NONE', #2014, 1000.000000000000000 ) ;
#4033 = ORIENTED_EDGE ( 'NONE', *, *, #1848, .F. ) ;
#4034 = DIRECTION ( 'NONE',  ( -0.000000000000000000, 1.000000000000000000, -0.000000000000000000 ) ) ;
#4035 = CARTESIAN_POINT ( 'NONE',  ( 115.0000000000000000, 12.47370341836066743, -36.25479946839499945 ) ) ;
#4036 = CARTESIAN_POINT ( 'NONE',  ( 84.60000000000000853, 0.000000000000000000, 30.74999999999999289 ) ) ;
#4037 = ORIENTED_EDGE ( 'NONE', *, *, #1927, .T. ) ;
#4038 = VERTEX_POINT ( 'NONE', #1106 ) ;
#4039 = DIRECTION ( 'NONE',  ( -1.000000000000000000, -0.000000000000000000, -0.000000000000000000 ) ) ;
#4040 = DIRECTION ( 'NONE',  ( 1.196361017915039486E-16, -0.000000000000000000, 1.000000000000000000 ) ) ;
#4041 = CARTESIAN_POINT ( 'NONE',  ( 26.00000000000000355, 41.25000000000000711, -29.99999999999999645 ) ) ;
#4042 = DIRECTION ( 'NONE',  ( -1.000000000000000000, 0.000000000000000000, 0.000000000000000000 ) ) ;
#4043 = CYLINDRICAL_SURFACE ( 'NONE', #2900, 1.000000000000000000 ) ;
#4044 = CARTESIAN_POINT ( 'NONE',  ( 0.000000000000000000, 29.00000000000000000, -29.99999999999999645 ) ) ;
#4045 = CARTESIAN_POINT ( 'NONE',  ( 119.0000000000000142, 31.50000000000000711, -33.50000000000000000 ) ) ;
#4046 = EDGE_CURVE ( 'NONE', #4842, #2614, #2606, .T. ) ;
#4047 = ADVANCED_FACE ( 'NONE', ( #332 ), #354, .T. ) ;
#4048 = ORIENTED_EDGE ( 'NONE', *, *, #843, .T. ) ;
#4049 = EDGE_LOOP ( 'NONE', ( #470, #1954, #133, #917, #4016, #2223 ) ) ;
#4050 = CARTESIAN_POINT ( 'NONE',  ( 116.0000000000000000, 57.08392021690037410, 11.50000000000000178 ) ) ;
#4051 = DIRECTION ( 'NONE',  ( 1.000000000000000000, -0.000000000000000000, -0.000000000000000000 ) ) ;
#4052 = ADVANCED_FACE ( 'NONE', ( #4121, #375, #725, #2627, #1434, #2212 ), #3753, .T. ) ;
#4053 = ORIENTED_EDGE ( 'NONE', *, *, #2102, .T. ) ;
#4054 = ORIENTED_EDGE ( 'NONE', *, *, #2790, .F. ) ;
#4055 = FACE_OUTER_BOUND ( 'NONE', #1961, .T. ) ;
#4056 = CARTESIAN_POINT ( 'NONE',  ( 119.0000000000000142, 48.00000000000000000, -30.00000000000002842 ) ) ;
#4057 = EDGE_CURVE ( 'NONE', #1648, #3289, #4418, .T. ) ;
#4058 = ORIENTED_EDGE ( 'NONE', *, *, #838, .F. ) ;
#4059 = ORIENTED_EDGE ( 'NONE', *, *, #2717, .F. ) ;
#4060 = DIRECTION ( 'NONE',  ( 0.000000000000000000, 1.000000000000000000, -0.000000000000000000 ) ) ;
#4061 = CARTESIAN_POINT ( 'NONE',  ( 117.0000000000000000, 7.000000000000000000, 0.000000000000000000 ) ) ;
#4062 = AXIS2_PLACEMENT_3D ( 'NONE', #1577, #2632, #2977 ) ;
#4063 = LINE ( 'NONE', #2599, #1446 ) ;
#4064 = LINE ( 'NONE', #3209, #2657 ) ;
#4065 = DIRECTION ( 'NONE',  ( -0.000000000000000000, -0.5547001962257784857, -0.8320502943374773475 ) ) ;
#4066 = CARTESIAN_POINT ( 'NONE',  ( 116.0000000000000000, 32.00000000000000000, 12.50000000000000355 ) ) ;
#4067 = VECTOR ( 'NONE', #1208, 1000.000000000000000 ) ;
#4068 = EDGE_LOOP ( 'NONE', ( #2172, #1017, #1822, #2533 ) ) ;
#4069 = VERTEX_POINT ( 'NONE', #700 ) ;
#4070 = TOROIDAL_SURFACE ( 'NONE', #4001, 3.100000000000004530, 1.000000000000000000 ) ;
#4071 = VECTOR ( 'NONE', #1010, 1000.000000000000000 ) ;
#4072 = CARTESIAN_POINT ( 'NONE',  ( 119.0000000000000142, 0.2999999999999944378, -68.24999999999998579 ) ) ;
#4073 = DIRECTION ( 'NONE',  ( 0.000000000000000000, 0.000000000000000000, 1.000000000000000000 ) ) ;
#4074 = AXIS2_PLACEMENT_3D ( 'NONE', #1955, #3856, #2724 ) ;
#4075 = AXIS2_PLACEMENT_3D ( 'NONE', #3616, #2535, #1016 ) ;
#4076 = ORIENTED_EDGE ( 'NONE', *, *, #991, .T. ) ;
#4077 = ORIENTED_EDGE ( 'NONE', *, *, #827, .T. ) ;
#4078 = AXIS2_PLACEMENT_3D ( 'NONE', #1433, #2848, #3320 ) ;
#4079 = CARTESIAN_POINT ( 'NONE',  ( 34.60000000000000142, 0.000000000000000000, 28.74999999999999289 ) ) ;
#4080 = CARTESIAN_POINT ( 'NONE',  ( 119.0000000000000142, 62.00000000000000000, -0.7287565553229584658 ) ) ;
#4081 = VECTOR ( 'NONE', #3821, 999.9999999999998863 ) ;
#4082 = VECTOR ( 'NONE', #2698, 1000.000000000000000 ) ;
#4083 = VERTEX_POINT ( 'NONE', #26 ) ;
#4084 = ORIENTED_EDGE ( 'NONE', *, *, #2196, .F. ) ;
#4085 = EDGE_CURVE ( 'NONE', #4135, #3217, #4466, .T. ) ;
#4086 = DIRECTION ( 'NONE',  ( 1.000000000000000000, -0.000000000000000000, -0.000000000000000000 ) ) ;
#4087 = EDGE_CURVE ( 'NONE', #1415, #4321, #3916, .T. ) ;
#4088 = EDGE_CURVE ( 'NONE', #997, #4626, #1064, .T. ) ;
#4089 = EDGE_CURVE ( 'NONE', #2625, #1597, #1092, .T. ) ;
#4090 = DIRECTION ( 'NONE',  ( 0.000000000000000000, 0.000000000000000000, 1.000000000000000000 ) ) ;
#4091 = DIRECTION ( 'NONE',  ( 0.000000000000000000, 0.000000000000000000, -1.000000000000000000 ) ) ;
#4092 = CARTESIAN_POINT ( 'NONE',  ( 118.0000000000000142, 39.55499999999999972, -42.49999999999998579 ) ) ;
#4093 = EDGE_CURVE ( 'NONE', #2558, #1039, #4812, .T. ) ;
#4094 = EDGE_LOOP ( 'NONE', ( #4005, #1435 ) ) ;
#4095 = ORIENTED_EDGE ( 'NONE', *, *, #4412, .F. ) ;
#4096 = ADVANCED_FACE ( 'NONE', ( #1820 ), #3683, .T. ) ;
#4097 = FACE_OUTER_BOUND ( 'NONE', #3831, .T. ) ;
#4098 = CARTESIAN_POINT ( 'NONE',  ( 114.0000000000000000, -3.000000000000000000, -28.99999999999999289 ) ) ;
#4099 = EDGE_CURVE ( 'NONE', #1574, #4415, #3016, .T. ) ;
#4100 = AXIS2_PLACEMENT_3D ( 'NONE', #3188, #4636, #3854 ) ;
#4101 = EDGE_CURVE ( 'NONE', #4673, #1162, #3659, .T. ) ;
#4102 = VERTEX_POINT ( 'NONE', #2254 ) ;
#4103 = VERTEX_POINT ( 'NONE', #4508 ) ;
#4104 = AXIS2_PLACEMENT_3D ( 'NONE', #3440, #430, #52 ) ;
#4105 = DIRECTION ( 'NONE',  ( 0.000000000000000000, -1.000000000000000000, 0.000000000000000000 ) ) ;
#4106 = DIRECTION ( 'NONE',  ( 0.000000000000000000, -1.000000000000000000, 0.000000000000000000 ) ) ;
#4107 = CARTESIAN_POINT ( 'NONE',  ( 126.5716306148988224, 34.24999999999999289, -33.25479946839509893 ) ) ;
#4108 = VECTOR ( 'NONE', #149, 1000.000000000000000 ) ;
#4109 = ORIENTED_EDGE ( 'NONE', *, *, #852, .F. ) ;
#4110 = ORIENTED_EDGE ( 'NONE', *, *, #3378, .T. ) ;
#4111 = DIRECTION ( 'NONE',  ( 0.000000000000000000, -1.000000000000000000, -0.000000000000000000 ) ) ;
#4112 = CLOSED_SHELL ( 'NONE', ( #2570, #3907, #618, #1194, #1769, #2434, #4589, #976, #481, #104, #2527, #1850, #3768, #2958, #3279, #3004, #4245, #4821, #3218, #114, #4390, #2868, #366, #3581, #1550, #3942, #1692, #764, #1148, #3437, #3296, #247, #1592, #4157, #3891, #1480, #3339, #3023, #3068, #2358, #3231, #171, #2721, #1152, #3957, #280, #259, #842, #2661, #3082, #3513, #69, #1083, #3742, #2249, #2288, #4047, #1204, #2213, #2159, #4357, #1544, #1804, #1505, #626, #2052, #3401, #4096, #3521, #56, #1554, #1345, #1858, #3960, #4020, #407, #2341, #478, #712, #4825, #3761, #989, #2716, #643, #612, #3724, #3525, #4344, #1277, #475, #2897, #3357, #1916, #1452, #2019, #1307, #371, #3078, #2866, #3641, #2859, #2925, #4593, #1070, #2572, #1483, #2851, #438, #3576, #1573, #330, #4755, #4138, #4052, #3590, #4775, #268, #2706, #2000, #3577, #4737, #1444, #4713, #3799, #775, #1793, #2336, #180, #1993, #2151, #425, #2065, #2490, #4830, #4240, #3081, #2343, #1476, #931, #2637, #537, #273, #333, #564, #2387, #3240, #3824, #990, #486, #4754, #2050, #4383, #4312, #1139, #4420, #1650, #3603, #735, #3155 ) ) ;
#4113 = CARTESIAN_POINT ( 'NONE',  ( 115.0000000000000000, 32.34999999999999432, -33.25479946839509893 ) ) ;
#4114 = DIRECTION ( 'NONE',  ( 0.4999999999999959477, 1.502314598737163370E-15, -0.8660254037844410391 ) ) ;
#4115 = PLANE ( 'NONE',  #4232 ) ;
#4116 = LINE ( 'NONE', #2990, #3935 ) ;
#4117 = CARTESIAN_POINT ( 'NONE',  ( 1.000000000000000000, -2.000000000000000000, 10.49999999999999112 ) ) ;
#4118 = EDGE_CURVE ( 'NONE', #1348, #3986, #1332, .T. ) ;
#4119 = VERTEX_POINT ( 'NONE', #3731 ) ;
#4120 = CARTESIAN_POINT ( 'NONE',  ( 2.000000000000001776, 32.00000000000000000, 1.700000000000000178 ) ) ;
#4121 = FACE_OUTER_BOUND ( 'NONE', #607, .T. ) ;
#4122 = EDGE_LOOP ( 'NONE', ( #4851, #4733, #4477, #3269 ) ) ;
#4123 = VERTEX_POINT ( 'NONE', #4486 ) ;
#4124 = DIRECTION ( 'NONE',  ( 1.000000000000000000, -0.000000000000000000, -0.000000000000000000 ) ) ;
#4125 = CARTESIAN_POINT ( 'NONE',  ( 118.5857864376269077, -0.7000000000000049516, -42.49999999999999289 ) ) ;
#4126 = CARTESIAN_POINT ( 'NONE',  ( 34.60000000000000142, 1.000000000000000000, 33.85000000000000142 ) ) ;
#4127 =( BOUNDED_CURVE ( )  B_SPLINE_CURVE ( 3, ( #388, #3385, #3702, #2622 ),
 .UNSPECIFIED., .F., .F. ) 
 B_SPLINE_CURVE_WITH_KNOTS ( ( 4, 4 ),
 ( 1.570796326794896780, 3.141592653589793116 ),
 .UNSPECIFIED. ) 
 CURVE ( )  GEOMETRIC_REPRESENTATION_ITEM ( )  RATIONAL_B_SPLINE_CURVE ( ( 1.000000000000000000, 0.8047378541243650485, 0.8047378541243650485, 1.000000000000000000 ) ) 
 REPRESENTATION_ITEM ( '' )  );
#4128 = ORIENTED_EDGE ( 'NONE', *, *, #128, .F. ) ;
#4129 = ORIENTED_EDGE ( 'NONE', *, *, #4762, .T. ) ;
#4130 = LINE ( 'NONE', #437, #1034 ) ;
#4131 = DIRECTION ( 'NONE',  ( 0.000000000000000000, -1.000000000000000000, -1.101411730778925047E-16 ) ) ;
#4132 = DIRECTION ( 'NONE',  ( 0.000000000000000000, 0.000000000000000000, 1.000000000000000000 ) ) ;
#4133 = LINE ( 'NONE', #4163, #2447 ) ;
#4134 = PLANE ( 'NONE',  #4464 ) ;
#4135 = VERTEX_POINT ( 'NONE', #1151 ) ;
#4136 = DIRECTION ( 'NONE',  ( 0.000000000000000000, 0.000000000000000000, -1.000000000000000000 ) ) ;
#4137 = CARTESIAN_POINT ( 'NONE',  ( 117.0000000000000000, 55.99999999999999289, -27.99999999999999645 ) ) ;
#4138 = ADVANCED_FACE ( 'NONE', ( #4786 ), #1788, .F. ) ;
#4139 = CIRCLE ( 'NONE', #4769, 0.9999999999999991118 ) ;
#4140 = VECTOR ( 'NONE', #731, 1000.000000000000000 ) ;
#4141 = EDGE_LOOP ( 'NONE', ( #2954, #4782, #4712, #1729 ) ) ;
#4142 = VECTOR ( 'NONE', #3448, 1000.000000000000000 ) ;
#4143 = CIRCLE ( 'NONE', #943, 1.000000000000000888 ) ;
#4144 = ORIENTED_EDGE ( 'NONE', *, *, #4446, .F. ) ;
#4145 = CARTESIAN_POINT ( 'NONE',  ( 80.40000000000000568, 1.000000000000000000, 36.95000000000000284 ) ) ;
#4146 = DIRECTION ( 'NONE',  ( -1.000000000000000000, 0.000000000000000000, 0.000000000000000000 ) ) ;
#4147 = DIRECTION ( 'NONE',  ( -1.000000000000000000, 0.000000000000000000, 0.000000000000000000 ) ) ;
#4148 = TOROIDAL_SURFACE ( 'NONE', #394, 23.00000000000000355, 1.000000000000000000 ) ;
#4149 = ORIENTED_EDGE ( 'NONE', *, *, #2210, .T. ) ;
#4150 = VECTOR ( 'NONE', #1778, 1000.000000000000000 ) ;
#4151 = ORIENTED_EDGE ( 'NONE', *, *, #3726, .T. ) ;
#4152 = EDGE_CURVE ( 'NONE', #282, #3583, #1983, .T. ) ;
#4153 = AXIS2_PLACEMENT_3D ( 'NONE', #1299, #463, #3922 ) ;
#4154 = DIRECTION ( 'NONE',  ( 0.000000000000000000, -0.5547001962259211494, 0.8320502943373823124 ) ) ;
#4155 = AXIS2_PLACEMENT_3D ( 'NONE', #1403, #3636, #1724 ) ;
#4156 = VECTOR ( 'NONE', #4227, 1000.000000000000000 ) ;
#4157 = ADVANCED_FACE ( 'NONE', ( #4703 ), #3829, .T. ) ;
#4158 = EDGE_LOOP ( 'NONE', ( #456, #1749, #2722, #2304 ) ) ;
#4159 = AXIS2_PLACEMENT_3D ( 'NONE', #3170, #4640, #2385 ) ;
#4160 = LINE ( 'NONE', #4113, #27 ) ;
#4161 = CARTESIAN_POINT ( 'NONE',  ( 126.5716306148988224, 4.600612844430441051, -33.30299495918344377 ) ) ;
#4162 = CARTESIAN_POINT ( 'NONE',  ( 34.60000000000000142, 2.000000000000000000, 33.85000000000000142 ) ) ;
#4163 = CARTESIAN_POINT ( 'NONE',  ( 0.000000000000000000, 24.58358994113253004, -33.56573950764025938 ) ) ;
#4164 = PLANE ( 'NONE',  #3605 ) ;
#4165 = CARTESIAN_POINT ( 'NONE',  ( 1.000000000000000000, 39.25000000000000711, -28.99999999999999289 ) ) ;
#4166 = EDGE_CURVE ( 'NONE', #1084, #1930, #2452, .T. ) ;
#4167 = VERTEX_POINT ( 'NONE', #423 ) ;
#4168 = CARTESIAN_POINT ( 'NONE',  ( 117.7320508075688821, -3.000000000000000000, 10.49999999999999112 ) ) ;
#4169 = DIRECTION ( 'NONE',  ( 0.000000000000000000, 0.000000000000000000, 1.000000000000000000 ) ) ;
#4170 = CARTESIAN_POINT ( 'NONE',  ( 115.0000000000000000, 32.00000000000000000, 14.50000000000000355 ) ) ;
#4171 = VERTEX_POINT ( 'NONE', #1911 ) ;
#4172 = ORIENTED_EDGE ( 'NONE', *, *, #3651, .F. ) ;
#4173 = CARTESIAN_POINT ( 'NONE',  ( 0.000000000000000000, 58.00000000000000000, -28.99999999999999289 ) ) ;
#4174 = CARTESIAN_POINT ( 'NONE',  ( 119.0000000000000142, -0.2857864376269102502, -42.08578643762690064 ) ) ;
#4175 = FACE_OUTER_BOUND ( 'NONE', #2315, .T. ) ;
#4176 = ORIENTED_EDGE ( 'NONE', *, *, #2615, .T. ) ;
#4177 = AXIS2_PLACEMENT_3D ( 'NONE', #223, #4408, #4801 ) ;
#4178 = VERTEX_POINT ( 'NONE', #3808 ) ;
#4179 = EDGE_CURVE ( 'NONE', #1153, #2992, #3949, .T. ) ;
#4180 = DIRECTION ( 'NONE',  ( 0.000000000000000000, -0.7071067811865472397, 0.7071067811865479058 ) ) ;
#4181 = ORIENTED_EDGE ( 'NONE', *, *, #911, .T. ) ;
#4182 = ORIENTED_EDGE ( 'NONE', *, *, #2944, .T. ) ;
#4183 = AXIS2_PLACEMENT_3D ( 'NONE', #2320, #2380, #1540 ) ;
#4184 = DIRECTION ( 'NONE',  ( 0.000000000000000000, 2.593979029498029342E-16, 1.000000000000000000 ) ) ;
#4185 = FACE_OUTER_BOUND ( 'NONE', #4195, .T. ) ;
#4186 = DIRECTION ( 'NONE',  ( -0.000000000000000000, 0.000000000000000000, 1.000000000000000000 ) ) ;
#4187 = CARTESIAN_POINT ( 'NONE',  ( 115.0000000000000000, 0.000000000000000000, 2.000000000000000444 ) ) ;
#4188 = FACE_OUTER_BOUND ( 'NONE', #2075, .T. ) ;
#4189 = CARTESIAN_POINT ( 'NONE',  ( 113.9999999999999858, 56.00000000000000000, 0.000000000000000000 ) ) ;
#4190 = ORIENTED_EDGE ( 'NONE', *, *, #777, .F. ) ;
#4191 = CARTESIAN_POINT ( 'NONE',  ( 116.0000000000000000, 57.08392021690037410, 12.50000000000000355 ) ) ;
#4192 = DIRECTION ( 'NONE',  ( 1.000000000000000000, -0.000000000000000000, -0.000000000000000000 ) ) ;
#4193 = DIRECTION ( 'NONE',  ( -0.000000000000000000, -1.000000000000000000, 0.000000000000000000 ) ) ;
#4194 = EDGE_CURVE ( 'NONE', #60, #4673, #2628, .T. ) ;
#4195 = EDGE_LOOP ( 'NONE', ( #3509, #1114, #4489, #530 ) ) ;
#4196 = ORIENTED_EDGE ( 'NONE', *, *, #1708, .T. ) ;
#4197 = FACE_OUTER_BOUND ( 'NONE', #3668, .T. ) ;
#4198 = DIRECTION ( 'NONE',  ( 0.000000000000000000, -0.3333333333333372006, 0.9428090415820621351 ) ) ;
#4199 = CARTESIAN_POINT ( 'NONE',  ( 117.1500005668357289, 57.22644461113732461, 11.68232742704648608 ) ) ;
#4200 = EDGE_CURVE ( 'NONE', #4388, #858, #2652, .T. ) ;
#4201 = VERTEX_POINT ( 'NONE', #4137 ) ;
#4202 = ORIENTED_EDGE ( 'NONE', *, *, #627, .F. ) ;
#4203 = CARTESIAN_POINT ( 'NONE',  ( 116.2089911099186850, 58.11919076027299980, 11.40948186566623157 ) ) ;
#4204 = ORIENTED_EDGE ( 'NONE', *, *, #32, .F. ) ;
#4205 = ORIENTED_EDGE ( 'NONE', *, *, #4547, .T. ) ;
#4206 = CARTESIAN_POINT ( 'NONE',  ( 0.000000000000000000, 4.787614288834452836, -33.37392069351744084 ) ) ;
#4207 = DIRECTION ( 'NONE',  ( 0.000000000000000000, 0.000000000000000000, -1.000000000000000000 ) ) ;
#4208 = FACE_OUTER_BOUND ( 'NONE', #1113, .T. ) ;
#4209 = CARTESIAN_POINT ( 'NONE',  ( 24.97915761656360445, 39.25000000000000711, -29.99999999999999645 ) ) ;
#4210 = DIRECTION ( 'NONE',  ( 0.7071067811865376918, 0.000000000000000000, -0.7071067811865573427 ) ) ;
#4211 = DIRECTION ( 'NONE',  ( 1.000000000000000000, 4.231032868236108022E-16, -0.000000000000000000 ) ) ;
#4212 = ORIENTED_EDGE ( 'NONE', *, *, #701, .F. ) ;
#4213 = CARTESIAN_POINT ( 'NONE',  ( 126.0000000000000000, 43.99999999999999289, 0.000000000000000000 ) ) ;
#4214 = CARTESIAN_POINT ( 'NONE',  ( 116.0000000000000000, 58.06993351408365811, 11.66666666666666607 ) ) ;
#4215 = PLANE ( 'NONE',  #3228 ) ;
#4216 = DIRECTION ( 'NONE',  ( 0.000000000000000000, 0.000000000000000000, 1.000000000000000000 ) ) ;
#4217 = ORIENTED_EDGE ( 'NONE', *, *, #4306, .T. ) ;
#4218 = ORIENTED_EDGE ( 'NONE', *, *, #326, .T. ) ;
#4219 = CYLINDRICAL_SURFACE ( 'NONE', #4030, 1.000000000000000000 ) ;
#4220 = VECTOR ( 'NONE', #688, 1000.000000000000000 ) ;
#4221 = CARTESIAN_POINT ( 'NONE',  ( 30.39999999999999858, 0.000000000000000000, 30.74999999999999645 ) ) ;
#4222 = DIRECTION ( 'NONE',  ( 0.000000000000000000, 1.000000000000000000, -0.000000000000000000 ) ) ;
#4223 = AXIS2_PLACEMENT_3D ( 'NONE', #4117, #391, #4505 ) ;
#4224 = ORIENTED_EDGE ( 'NONE', *, *, #3226, .T. ) ;
#4225 = EDGE_CURVE ( 'NONE', #1162, #192, #1945, .T. ) ;
#4226 = EDGE_LOOP ( 'NONE', ( #4256, #4151, #1328, #2471, #2017, #1710, #4834 ) ) ;
#4227 = DIRECTION ( 'NONE',  ( -0.000000000000000000, -1.000000000000000000, -2.202823461557850095E-16 ) ) ;
#4228 = AXIS2_PLACEMENT_3D ( 'NONE', #3417, #4222, #2703 ) ;
#4229 = VECTOR ( 'NONE', #1248, 1000.000000000000000 ) ;
#4230 = ORIENTED_EDGE ( 'NONE', *, *, #2858, .T. ) ;
#4231 = VECTOR ( 'NONE', #969, 1000.000000000000000 ) ;
#4232 = AXIS2_PLACEMENT_3D ( 'NONE', #4044, #2204, #695 ) ;
#4233 = ORIENTED_EDGE ( 'NONE', *, *, #3943, .T. ) ;
#4234 = EDGE_CURVE ( 'NONE', #4687, #2648, #3287, .T. ) ;
#4235 = FACE_BOUND ( 'NONE', #1472, .T. ) ;
#4236 = PLANE ( 'NONE',  #4378 ) ;
#4237 = CARTESIAN_POINT ( 'NONE',  ( 84.60000000000000853, 2.000000000000000000, 31.74999999999999289 ) ) ;
#4238 = CARTESIAN_POINT ( 'NONE',  ( 118.0000000000000142, -3.000000000000000000, -42.49999999999999289 ) ) ;
#4239 = VECTOR ( 'NONE', #2621, 1000.000000000000000 ) ;
#4240 = ADVANCED_FACE ( 'NONE', ( #101 ), #1321, .T. ) ;
#4241 = DIRECTION ( 'NONE',  ( 0.000000000000000000, 1.000000000000000000, 0.000000000000000000 ) ) ;
#4242 = AXIS2_PLACEMENT_3D ( 'NONE', #1428, #2106, #1381 ) ;
#4243 = CARTESIAN_POINT ( 'NONE',  ( 2.000000000000000000, 54.99999999999999289, -3.019237886466821230 ) ) ;
#4244 = DIRECTION ( 'NONE',  ( -1.000000000000000000, 0.000000000000000000, 0.000000000000000000 ) ) ;
#4245 = ADVANCED_FACE ( 'NONE', ( #2809, #1714, #3205 ), #4581, .F. ) ;
#4246 = DIRECTION ( 'NONE',  ( 0.000000000000000000, 0.000000000000000000, 1.000000000000000000 ) ) ;
#4247 = ORIENTED_EDGE ( 'NONE', *, *, #937, .T. ) ;
#4248 = EDGE_CURVE ( 'NONE', #858, #4688, #1594, .T. ) ;
#4249 = VERTEX_POINT ( 'NONE', #3039 ) ;
#4250 = EDGE_CURVE ( 'NONE', #1415, #2481, #4528, .T. ) ;
#4251 = PLANE ( 'NONE',  #3793 ) ;
#4252 = CARTESIAN_POINT ( 'NONE',  ( 118.0000000000000142, 38.55500000000000682, -0.7287565553229575777 ) ) ;
#4253 = LINE ( 'NONE', #1918, #3449 ) ;
#4254 = EDGE_CURVE ( 'NONE', #2094, #4673, #2677, .T. ) ;
#4255 = ORIENTED_EDGE ( 'NONE', *, *, #4602, .F. ) ;
#4256 = ORIENTED_EDGE ( 'NONE', *, *, #696, .T. ) ;
#4257 = CARTESIAN_POINT ( 'NONE',  ( 30.39999999999999858, 2.000000000000000000, 35.95000000000000284 ) ) ;
#4258 = EDGE_CURVE ( 'NONE', #427, #536, #1232, .T. ) ;
#4259 = VECTOR ( 'NONE', #1515, 1000.000000000000000 ) ;
#4260 = ORIENTED_EDGE ( 'NONE', *, *, #3995, .T. ) ;
#4261 = ORIENTED_EDGE ( 'NONE', *, *, #1696, .F. ) ;
#4262 = CARTESIAN_POINT ( 'NONE',  ( 119.0000000000000142, 39.14078643762689325, -68.83578643762690774 ) ) ;
#4263 = DIRECTION ( 'NONE',  ( 0.000000000000000000, 0.000000000000000000, 1.000000000000000000 ) ) ;
#4264 = CARTESIAN_POINT ( 'NONE',  ( 1.000000000000000000, 41.25000000000000711, -5.999999999999991118 ) ) ;
#4265 = TOROIDAL_SURFACE ( 'NONE', #2850, 3.100000000000000977, 1.000000000000000000 ) ;
#4266 = DIRECTION ( 'NONE',  ( 0.000000000000000000, -0.7500000000000001110, -0.6614378277661476790 ) ) ;
#4267 = CARTESIAN_POINT ( 'NONE',  ( 0.000000000000000000, 39.25000000000000711, -5.999999999999992006 ) ) ;
#4268 = AXIS2_PLACEMENT_3D ( 'NONE', #127, #3461, #3035 ) ;
#4269 = CYLINDRICAL_SURFACE ( 'NONE', #2844, 1.000000000000000888 ) ;
#4270 = LINE ( 'NONE', #4289, #1023 ) ;
#4271 = CARTESIAN_POINT ( 'NONE',  ( 2.000000000000001776, 2.999999999999995559, 1.699999999999999289 ) ) ;
#4272 = LINE ( 'NONE', #1593, #3853 ) ;
#4273 = EDGE_CURVE ( 'NONE', #2255, #2582, #1484, .T. ) ;
#4274 = EDGE_LOOP ( 'NONE', ( #749, #1154, #1750, #1590 ) ) ;
#4275 = ORIENTED_EDGE ( 'NONE', *, *, #61, .T. ) ;
#4276 = DIRECTION ( 'NONE',  ( 0.000000000000000000, 0.000000000000000000, -1.000000000000000000 ) ) ;
#4277 = DIRECTION ( 'NONE',  ( 1.000000000000000000, 0.000000000000000000, 0.000000000000000000 ) ) ;
#4278 = FACE_OUTER_BOUND ( 'NONE', #2643, .T. ) ;
#4279 = EDGE_CURVE ( 'NONE', #4010, #1786, #4499, .T. ) ;
#4280 = EDGE_LOOP ( 'NONE', ( #3047, #3393, #2079, #3476 ) ) ;
#4281 = ORIENTED_EDGE ( 'NONE', *, *, #4556, .T. ) ;
#4282 = DIRECTION ( 'NONE',  ( 0.000000000000000000, 2.478176394252582127E-16, 1.000000000000000000 ) ) ;
#4283 = VERTEX_POINT ( 'NONE', #2356 ) ;
#4284 = ORIENTED_EDGE ( 'NONE', *, *, #2512, .F. ) ;
#4285 = LINE ( 'NONE', #1222, #1679 ) ;
#4286 = CARTESIAN_POINT ( 'NONE',  ( 0.000000000000000000, 29.00000000000000000, -28.99999999999999289 ) ) ;
#4287 = CARTESIAN_POINT ( 'NONE',  ( 0.000000000000000000, 6.523703418370021545, -36.25479946839499945 ) ) ;
#4288 = CARTESIAN_POINT ( 'NONE',  ( 2.000000000000000000, 38.25000000000000711, -3.019237886466821230 ) ) ;
#4289 = CARTESIAN_POINT ( 'NONE',  ( 62.40000000000001279, 29.00000000000000000, -29.99999999999999645 ) ) ;
#4290 = LINE ( 'NONE', #4685, #3924 ) ;
#4291 = DIRECTION ( 'NONE',  ( -0.5773502691896232886, -0.5773502691896226224, -0.5773502691896312822 ) ) ;
#4292 = ORIENTED_EDGE ( 'NONE', *, *, #3672, .T. ) ;
#4293 = ORIENTED_EDGE ( 'NONE', *, *, #3550, .T. ) ;
#4294 = EDGE_CURVE ( 'NONE', #2785, #2607, #2474, .T. ) ;
#4295 = DIRECTION ( 'NONE',  ( 0.000000000000000000, 0.000000000000000000, -1.000000000000000000 ) ) ;
#4296 = DIRECTION ( 'NONE',  ( -0.000000000000000000, 0.000000000000000000, 1.000000000000000000 ) ) ;
#4297 = FACE_OUTER_BOUND ( 'NONE', #3402, .T. ) ;
#4298 = EDGE_CURVE ( 'NONE', #4103, #4331, #4746, .T. ) ;
#4299 = VERTEX_POINT ( 'NONE', #3670 ) ;
#4300 = ORIENTED_EDGE ( 'NONE', *, *, #2576, .T. ) ;
#4301 = CARTESIAN_POINT ( 'NONE',  ( 0.000000000000000000, 44.00000000000005684, -27.99999999999999645 ) ) ;
#4302 = EDGE_CURVE ( 'NONE', #1531, #2630, #384, .T. ) ;
#4303 = ORIENTED_EDGE ( 'NONE', *, *, #317, .F. ) ;
#4304 = EDGE_LOOP ( 'NONE', ( #3715, #1852, #3026 ) ) ;
#4305 = VECTOR ( 'NONE', #589, 1000.000000000000000 ) ;
#4306 = EDGE_CURVE ( 'NONE', #15, #1210, #236, .T. ) ;
#4307 = DIRECTION ( 'NONE',  ( 1.000000000000000000, -0.000000000000000000, -2.168404344971010840E-16 ) ) ;
#4308 = CARTESIAN_POINT ( 'NONE',  ( 1.000000000000000000, 29.00000000000000000, -28.99999999999999289 ) ) ;
#4309 = EDGE_CURVE ( 'NONE', #139, #2192, #3601, .T. ) ;
#4310 = DIRECTION ( 'NONE',  ( 0.000000000000000000, 0.000000000000000000, -1.000000000000000000 ) ) ;
#4311 = LINE ( 'NONE', #4287, #1262 ) ;
#4312 = ADVANCED_FACE ( 'NONE', ( #2888 ), #3207, .T. ) ;
#4313 = AXIS2_PLACEMENT_3D ( 'NONE', #1582, #3079, #2709 ) ;
#4314 = CIRCLE ( 'NONE', #2198, 1.199999999999999734 ) ;
#4315 = LINE ( 'NONE', #2030, #1994 ) ;
#4316 = LINE ( 'NONE', #1694, #1872 ) ;
#4317 = DIRECTION ( 'NONE',  ( 0.000000000000000000, 0.000000000000000000, -1.000000000000000000 ) ) ;
#4318 = AXIS2_PLACEMENT_3D ( 'NONE', #1517, #760, #2921 ) ;
#4319 = DIRECTION ( 'NONE',  ( 0.000000000000000000, 0.000000000000000000, -1.000000000000000000 ) ) ;
#4320 = VECTOR ( 'NONE', #1932, 1000.000000000000000 ) ;
#4321 = VERTEX_POINT ( 'NONE', #711 ) ;
#4322 = ORIENTED_EDGE ( 'NONE', *, *, #3024, .F. ) ;
#4323 = AXIS2_PLACEMENT_3D ( 'NONE', #370, #3407, #4458 ) ;
#4324 = DIRECTION ( 'NONE',  ( 0.000000000000000000, 0.000000000000000000, -1.000000000000000000 ) ) ;
#4325 = CARTESIAN_POINT ( 'NONE',  ( 126.5716306148988224, 32.34999999999999432, -33.25479946839509893 ) ) ;
#4326 = DIRECTION ( 'NONE',  ( 0.5773502691896231775, -0.5773502691896231775, 0.5773502691896310601 ) ) ;
#4327 = VERTEX_POINT ( 'NONE', #4061 ) ;
#4328 = ORIENTED_EDGE ( 'NONE', *, *, #1123, .F. ) ;
#4329 = DIRECTION ( 'NONE',  ( 0.000000000000000000, 0.000000000000000000, 1.000000000000000000 ) ) ;
#4330 = EDGE_LOOP ( 'NONE', ( #4583, #2445, #3182, #2067, #1892, #232, #4353 ) ) ;
#4331 = VERTEX_POINT ( 'NONE', #667 ) ;
#4332 = DIRECTION ( 'NONE',  ( 0.000000000000000000, 0.000000000000000000, -1.000000000000000000 ) ) ;
#4333 = CARTESIAN_POINT ( 'NONE',  ( 107.0000000000000142, 31.50000000000000711, -34.70000000000000284 ) ) ;
#4334 = LINE ( 'NONE', #982, #4387 ) ;
#4335 = CARTESIAN_POINT ( 'NONE',  ( 116.5000000000000000, -3.000000000000000000, -41.63397459621555186 ) ) ;
#4336 = DIRECTION ( 'NONE',  ( 1.000000000000000000, 0.000000000000000000, 0.000000000000000000 ) ) ;
#4337 = CARTESIAN_POINT ( 'NONE',  ( 43.99999999999998579, 55.30000000000005400, -29.99999999999999645 ) ) ;
#4338 = PLANE ( 'NONE',  #14 ) ;
#4339 = VECTOR ( 'NONE', #2217, 1000.000000000000000 ) ;
#4340 = ORIENTED_EDGE ( 'NONE', *, *, #3232, .T. ) ;
#4341 = EDGE_LOOP ( 'NONE', ( #2953, #3344, #2776, #3183 ) ) ;
#4342 = CIRCLE ( 'NONE', #3717, 1.000000000000000000 ) ;
#4343 = DIRECTION ( 'NONE',  ( 0.000000000000000000, -1.000000000000000000, 0.000000000000000000 ) ) ;
#4344 = ADVANCED_FACE ( 'NONE', ( #3627 ), #4404, .T. ) ;
#4345 = CARTESIAN_POINT ( 'NONE',  ( 165.3324686416905536, 39.55499999999999261, -69.24999999999998579 ) ) ;
#4346 = CARTESIAN_POINT ( 'NONE',  ( 165.3324686416905536, 27.05499999999998906, -59.75000000000000711 ) ) ;
#4347 = EDGE_LOOP ( 'NONE', ( #170, #951, #2520, #300 ) ) ;
#4348 = ORIENTED_EDGE ( 'NONE', *, *, #4588, .F. ) ;
#4349 = PLANE ( 'NONE',  #3604 ) ;
#4350 = DIRECTION ( 'NONE',  ( -1.000000000000000000, 0.000000000000000000, -0.000000000000000000 ) ) ;
#4351 = EDGE_CURVE ( 'NONE', #459, #1656, #1027, .T. ) ;
#4352 = ORIENTED_EDGE ( 'NONE', *, *, #2129, .F. ) ;
#4353 = ORIENTED_EDGE ( 'NONE', *, *, #2496, .F. ) ;
#4354 = DIRECTION ( 'NONE',  ( -0.000000000000000000, -1.000000000000000000, 0.000000000000000000 ) ) ;
#4355 = CARTESIAN_POINT ( 'NONE',  ( 80.40000000000000568, -3.000000000000000000, 25.74999999999998579 ) ) ;
#4356 = CARTESIAN_POINT ( 'NONE',  ( 119.0000000000000142, 0.2999999999999947153, -0.7287565553229597981 ) ) ;
#4357 = ADVANCED_FACE ( 'NONE', ( #2494 ), #2917, .T. ) ;
#4358 = LINE ( 'NONE', #1832, #1368 ) ;
#4359 = LINE ( 'NONE', #1449, #3050 ) ;
#4360 = CARTESIAN_POINT ( 'NONE',  ( 107.0000000000000142, 32.67468153101199846, -33.25479946839509893 ) ) ;
#4361 = CARTESIAN_POINT ( 'NONE',  ( 34.60000000000002274, 0.000000000000000000, 30.75000000000000000 ) ) ;
#4362 = ORIENTED_EDGE ( 'NONE', *, *, #2997, .T. ) ;
#4363 = EDGE_LOOP ( 'NONE', ( #214, #2266, #1457, #4789, #708 ) ) ;
#4364 = DIRECTION ( 'NONE',  ( 1.000000000000000000, 0.000000000000000000, -0.000000000000000000 ) ) ;
#4365 = PLANE ( 'NONE',  #4075 ) ;
#4366 = EDGE_LOOP ( 'NONE', ( #3254, #660, #1062, #2009 ) ) ;
#4367 = VERTEX_POINT ( 'NONE', #2174 ) ;
#4368 = DIRECTION ( 'NONE',  ( -0.000000000000000000, 4.053092233590671617E-18, 1.000000000000000000 ) ) ;
#4369 = CARTESIAN_POINT ( 'NONE',  ( 165.3324686416905536, -0.7000000000000023981, -69.24999999999998579 ) ) ;
#4370 = EDGE_CURVE ( 'NONE', #3986, #2582, #293, .T. ) ;
#4371 = ORIENTED_EDGE ( 'NONE', *, *, #1514, .T. ) ;
#4372 = VERTEX_POINT ( 'NONE', #1738 ) ;
#4373 = CARTESIAN_POINT ( 'NONE',  ( -6.104574517842164877E-14, 1.000000000000000000, 36.94999999999995310 ) ) ;
#4374 = AXIS2_PLACEMENT_3D ( 'NONE', #3534, #1614, #1670 ) ;
#4375 = CARTESIAN_POINT ( 'NONE',  ( 119.0000000000000142, 0.2999999999999944378, -68.24999999999998579 ) ) ;
#4376 = FACE_OUTER_BOUND ( 'NONE', #2860, .T. ) ;
#4377 = VECTOR ( 'NONE', #33, 1000.000000000000000 ) ;
#4378 = AXIS2_PLACEMENT_3D ( 'NONE', #908, #1973, #3871 ) ;
#4379 = AXIS2_PLACEMENT_3D ( 'NONE', #2771, #4684, #130 ) ;
#4380 = DIRECTION ( 'NONE',  ( 1.000000000000000000, 0.000000000000000000, 0.000000000000000000 ) ) ;
#4381 = LINE ( 'NONE', #3653, #4071 ) ;
#4382 = PLANE ( 'NONE',  #1103 ) ;
#4383 = ADVANCED_FACE ( 'NONE', ( #315 ), #3238, .T. ) ;
#4384 = CARTESIAN_POINT ( 'NONE',  ( 126.5716306148988224, 32.34999999999999432, -29.99999999999999645 ) ) ;
#4385 = VECTOR ( 'NONE', #1871, 1000.000000000000000 ) ;
#4386 = AXIS2_PLACEMENT_3D ( 'NONE', #2426, #1323, #2812 ) ;
#4387 = VECTOR ( 'NONE', #2475, 1000.000000000000000 ) ;
#4388 = VERTEX_POINT ( 'NONE', #4799 ) ;
#4389 = CIRCLE ( 'NONE', #722, 1.000000000000001110 ) ;
#4390 = ADVANCED_FACE ( 'NONE', ( #1394, #1443 ), #3993, .T. ) ;
#4391 = ORIENTED_EDGE ( 'NONE', *, *, #4451, .T. ) ;
#4392 = CARTESIAN_POINT ( 'NONE',  ( 1.000000000000000000, 57.00000000000000000, -3.999999999999990674 ) ) ;
#4393 = CARTESIAN_POINT ( 'NONE',  ( 113.0000000000000000, 29.00000000000000000, 0.000000000000000000 ) ) ;
#4394 = AXIS2_PLACEMENT_3D ( 'NONE', #4811, #3965, #4364 ) ;
#4395 = EDGE_LOOP ( 'NONE', ( #1408, #3860, #2579, #2996 ) ) ;
#4396 = AXIS2_PLACEMENT_3D ( 'NONE', #3956, #3561, #207 ) ;
#4397 = VERTEX_POINT ( 'NONE', #2569 ) ;
#4398 = CARTESIAN_POINT ( 'NONE',  ( 1.000000000000000000, 29.00000000000000000, -29.99999999999999645 ) ) ;
#4399 = FACE_OUTER_BOUND ( 'NONE', #281, .T. ) ;
#4400 = CARTESIAN_POINT ( 'NONE',  ( 0.000000000000000000, 34.24999999999999289, -33.25479946839509893 ) ) ;
#4401 = ORIENTED_EDGE ( 'NONE', *, *, #1813, .T. ) ;
#4402 = VERTEX_POINT ( 'NONE', #641 ) ;
#4403 = DIRECTION ( 'NONE',  ( 0.000000000000000000, 0.000000000000000000, -1.000000000000000000 ) ) ;
#4404 = PLANE ( 'NONE',  #1723 ) ;
#4405 = FACE_OUTER_BOUND ( 'NONE', #410, .T. ) ;
#4406 = EDGE_CURVE ( 'NONE', #3594, #3667, #2197, .T. ) ;
#4407 = EDGE_CURVE ( 'NONE', #3708, #3678, #4724, .T. ) ;
#4408 = DIRECTION ( 'NONE',  ( 1.000000000000000000, -0.000000000000000000, 0.000000000000000000 ) ) ;
#4409 = LINE ( 'NONE', #3460, #3681 ) ;
#4410 = CARTESIAN_POINT ( 'NONE',  ( 1.000000000000000000, 33.00000000000000000, 13.50000000000001954 ) ) ;
#4411 = DIRECTION ( 'NONE',  ( 1.000000000000000000, 0.000000000000000000, 0.000000000000000000 ) ) ;
#4412 = EDGE_CURVE ( 'NONE', #3172, #2459, #3718, .T. ) ;
#4413 = PRODUCT ( 'power_supply_right', 'power_supply_right', '', ( #959 ) ) ;
#4414 = AXIS2_PLACEMENT_3D ( 'NONE', #4206, #566, #3573 ) ;
#4415 = VERTEX_POINT ( 'NONE', #1465 ) ;
#4416 = ORIENTED_EDGE ( 'NONE', *, *, #829, .F. ) ;
#4417 = PLANE ( 'NONE',  #2751 ) ;
#4418 = LINE ( 'NONE', #3706, #2984 ) ;
#4419 = AXIS2_PLACEMENT_3D ( 'NONE', #1044, #3365, #3759 ) ;
#4420 = ADVANCED_FACE ( 'NONE', ( #2225 ), #4828, .T. ) ;
#4421 = ORIENTED_EDGE ( 'NONE', *, *, #2967, .T. ) ;
#4422 = VECTOR ( 'NONE', #3826, 1000.000000000000000 ) ;
#4423 = ORIENTED_EDGE ( 'NONE', *, *, #3969, .F. ) ;
#4424 = DIRECTION ( 'NONE',  ( 0.000000000000000000, 0.000000000000000000, -1.000000000000000000 ) ) ;
#4425 = DIRECTION ( 'NONE',  ( 0.000000000000000000, 0.000000000000000000, -1.000000000000000000 ) ) ;
#4426 = CARTESIAN_POINT ( 'NONE',  ( 80.40000000000000568, 0.000000000000000000, 36.95000000000000284 ) ) ;
#4427 = ORIENTED_EDGE ( 'NONE', *, *, #2708, .T. ) ;
#4428 = EDGE_LOOP ( 'NONE', ( #727, #2181, #4015, #654, #2262, #4564 ) ) ;
#4429 = CARTESIAN_POINT ( 'NONE',  ( 119.0000000000000142, 0.2999999999999945488, -41.49999999999999289 ) ) ;
#4430 = DIRECTION ( 'NONE',  ( -1.000000000000000000, 0.000000000000000000, 0.000000000000000000 ) ) ;
#4431 = CARTESIAN_POINT ( 'NONE',  ( 3.000000000000030198, 56.00000000000000000, -3.077037206368541611 ) ) ;
#4432 = DIRECTION ( 'NONE',  ( 0.000000000000000000, -1.000000000000000000, 0.000000000000000000 ) ) ;
#4433 = CARTESIAN_POINT ( 'NONE',  ( 24.00000000000000355, 39.25000000000000711, -28.99999999999999289 ) ) ;
#4434 = CARTESIAN_POINT ( 'NONE',  ( 118.0000000000000142, 63.00000000000001421, -42.49999999999998579 ) ) ;
#4435 = VERTEX_POINT ( 'NONE', #1093 ) ;
#4436 = ORIENTED_EDGE ( 'NONE', *, *, #2562, .F. ) ;
#4437 = CARTESIAN_POINT ( 'NONE',  ( 107.0000000000000142, 31.50000000000000711, -33.50000000000000000 ) ) ;
#4438 = DIRECTION ( 'NONE',  ( 0.000000000000000000, 0.000000000000000000, -1.000000000000000000 ) ) ;
#4439 = ORIENTED_EDGE ( 'NONE', *, *, #4200, .F. ) ;
#4440 = EDGE_CURVE ( 'NONE', #4611, #879, #3361, .T. ) ;
#4441 = ORIENTED_EDGE ( 'NONE', *, *, #1123, .T. ) ;
#4442 = CARTESIAN_POINT ( 'NONE',  ( 116.0000000000000000, 33.00000000000000000, 14.50000000000000355 ) ) ;
#4443 = EDGE_CURVE ( 'NONE', #4415, #4249, #1002, .T. ) ;
#4444 = DIRECTION ( 'NONE',  ( -1.000000000000000000, 0.000000000000000000, 3.252606517456510344E-16 ) ) ;
#4445 = CARTESIAN_POINT ( 'NONE',  ( 84.60000000000000853, 1.000000000000000000, 33.85000000000000142 ) ) ;
#4446 = EDGE_CURVE ( 'NONE', #4171, #2745, #4316, .T. ) ;
#4447 = ORIENTED_EDGE ( 'NONE', *, *, #2022, .F. ) ;
#4448 = ORIENTED_EDGE ( 'NONE', *, *, #2139, .F. ) ;
#4449 = CARTESIAN_POINT ( 'NONE',  ( 118.0000000000000142, 58.28595479208968300, 10.83333333333333748 ) ) ;
#4450 = DIRECTION ( 'NONE',  ( 0.000000000000000000, 0.000000000000000000, 1.000000000000000000 ) ) ;
#4451 = EDGE_CURVE ( 'NONE', #1545, #2881, #4578, .T. ) ;
#4452 = EDGE_CURVE ( 'NONE', #4178, #3635, #3928, .T. ) ;
#4453 = EDGE_CURVE ( 'NONE', #1108, #2881, #1018, .T. ) ;
#4454 = DIRECTION ( 'NONE',  ( 0.000000000000000000, 0.000000000000000000, -1.000000000000000000 ) ) ;
#4455 = PRESENTATION_STYLE_ASSIGNMENT (( #2269 ) ) ;
#4456 = DIRECTION ( 'NONE',  ( -6.938893903907221278E-15, 1.000000000000000000, 0.000000000000000000 ) ) ;
#4457 = EDGE_CURVE ( 'NONE', #1042, #372, #2895, .T. ) ;
#4458 = DIRECTION ( 'NONE',  ( 1.000000000000000000, 0.000000000000000000, 0.000000000000000000 ) ) ;
#4459 = AXIS2_PLACEMENT_3D ( 'NONE', #2943, #2838, #1074 ) ;
#4460 = ORIENTED_EDGE ( 'NONE', *, *, #2196, .T. ) ;
#4461 = VECTOR ( 'NONE', #2118, 1000.000000000000000 ) ;
#4462 = ORIENTED_EDGE ( 'NONE', *, *, #3645, .T. ) ;
#4463 = VECTOR ( 'NONE', #1549, 1000.000000000000000 ) ;
#4464 = AXIS2_PLACEMENT_3D ( 'NONE', #96, #4210, #864 ) ;
#4465 = DIRECTION ( 'NONE',  ( -0.000000000000000000, -1.000000000000000000, -0.000000000000000000 ) ) ;
#4466 = LINE ( 'NONE', #1889, #2120 ) ;
#4467 = EDGE_CURVE ( 'NONE', #1720, #3298, #4139, .T. ) ;
#4468 = VECTOR ( 'NONE', #3263, 1000.000000000000000 ) ;
#4469 = AXIS2_PLACEMENT_3D ( 'NONE', #580, #2070, #1843 ) ;
#4470 = ORIENTED_EDGE ( 'NONE', *, *, #1489, .F. ) ;
#4471 = EDGE_LOOP ( 'NONE', ( #1526, #1085, #502, #1317 ) ) ;
#4472 = AXIS2_PLACEMENT_3D ( 'NONE', #136, #1289, #2392 ) ;
#4473 = DIRECTION ( 'NONE',  ( -0.7071067811865371366, -0.7071067811865580088, 0.000000000000000000 ) ) ;
#4474 = FACE_OUTER_BOUND ( 'NONE', #2969, .T. ) ;
#4475 = FACE_OUTER_BOUND ( 'NONE', #2705, .T. ) ;
#4476 = ORIENTED_EDGE ( 'NONE', *, *, #1809, .T. ) ;
#4477 = ORIENTED_EDGE ( 'NONE', *, *, #3498, .F. ) ;
#4478 = CARTESIAN_POINT ( 'NONE',  ( 1.000000000000000000, 40.25000000000000711, -28.99999999999999289 ) ) ;
#4479 = CARTESIAN_POINT ( 'NONE',  ( 117.0000000000000000, -3.000000000000000000, 10.49999999999999112 ) ) ;
#4480 =( NAMED_UNIT ( * ) SI_UNIT ( $, .STERADIAN. ) SOLID_ANGLE_UNIT ( ) );
#4481 = LINE ( 'NONE', #1880, #87 ) ;
#4482 = DIRECTION ( 'NONE',  ( 0.000000000000000000, -1.000000000000000000, 0.000000000000000000 ) ) ;
#4483 = DIRECTION ( 'NONE',  ( 0.000000000000000000, 0.000000000000000000, -1.000000000000000000 ) ) ;
#4484 = ORIENTED_EDGE ( 'NONE', *, *, #260, .T. ) ;
#4485 = CARTESIAN_POINT ( 'NONE',  ( 115.0000000000000000, -1.999999999999999556, 13.49999999999999822 ) ) ;
#4486 = CARTESIAN_POINT ( 'NONE',  ( 80.40000000000000568, 0.000000000000000000, 28.74999999999998579 ) ) ;
#4487 = AXIS2_PLACEMENT_3D ( 'NONE', #40, #3404, #4184 ) ;
#4488 = ORIENTED_EDGE ( 'NONE', *, *, #1009, .T. ) ;
#4489 = ORIENTED_EDGE ( 'NONE', *, *, #1414, .F. ) ;
#4490 = CARTESIAN_POINT ( 'NONE',  ( 115.0000000000000000, 1.999999999999998668, 13.49999999999999822 ) ) ;
#4491 = CARTESIAN_POINT ( 'NONE',  ( 115.0000000000000000, 14.09999999999999609, -33.25479946839504208 ) ) ;
#4492 = DIRECTION ( 'NONE',  ( 1.000000000000000000, 0.000000000000000000, 0.000000000000000000 ) ) ;
#4493 = AXIS2_PLACEMENT_3D ( 'NONE', #2778, #2847, #2412 ) ;
#4494 = ORIENTED_EDGE ( 'NONE', *, *, #465, .T. ) ;
#4495 = PRODUCT_DEFINITION ( 'UNKNOWN', '', #246, #1100 ) ;
#4496 = EDGE_LOOP ( 'NONE', ( #4641, #3968, #628, #4647 ) ) ;
#4497 = EDGE_CURVE ( 'NONE', #4415, #2326, #4270, .T. ) ;
#4498 = DIRECTION ( 'NONE',  ( 0.000000000000000000, -1.000000000000000000, 0.000000000000000000 ) ) ;
#4499 =( BOUNDED_CURVE ( )  B_SPLINE_CURVE ( 3, ( #3858, #2153, #1375, #4375 ),
 .UNSPECIFIED., .F., .T. ) 
 B_SPLINE_CURVE_WITH_KNOTS ( ( 4, 4 ),
 ( 3.141592653589793116, 4.712388980384689674 ),
 .UNSPECIFIED. ) 
 CURVE ( )  GEOMETRIC_REPRESENTATION_ITEM ( )  RATIONAL_B_SPLINE_CURVE ( ( 1.000000000000000000, 0.8047378541243649375, 0.8047378541243649375, 1.000000000000000000 ) ) 
 REPRESENTATION_ITEM ( '' )  );
#4500 = EDGE_CURVE ( 'NONE', #3869, #1680, #3879, .T. ) ;
#4501 = FACE_OUTER_BOUND ( 'NONE', #1746, .T. ) ;
#4502 = PLANE ( 'NONE',  #169 ) ;
#4503 = DIRECTION ( 'NONE',  ( 0.000000000000000000, 0.000000000000000000, -1.000000000000000000 ) ) ;
#4504 = CARTESIAN_POINT ( 'NONE',  ( 84.60000000000000853, 0.000000000000000000, 33.85000000000000142 ) ) ;
#4505 = DIRECTION ( 'NONE',  ( 0.000000000000000000, 0.000000000000000000, -1.000000000000000000 ) ) ;
#4506 = ORIENTED_EDGE ( 'NONE', *, *, #701, .T. ) ;
#4507 = FACE_OUTER_BOUND ( 'NONE', #1607, .T. ) ;
#4508 = CARTESIAN_POINT ( 'NONE',  ( 80.40000000000000568, 1.000000000000000000, 31.74999999999999289 ) ) ;
#4509 = EDGE_CURVE ( 'NONE', #1802, #3072, #1304, .T. ) ;
#4510 = ORIENTED_EDGE ( 'NONE', *, *, #2361, .T. ) ;
#4511 = ORIENTED_EDGE ( 'NONE', *, *, #1534, .T. ) ;
#4512 = DIRECTION ( 'NONE',  ( -1.000000000000000000, 0.000000000000000000, 0.000000000000000000 ) ) ;
#4513 = DIRECTION ( 'NONE',  ( 0.000000000000000000, 0.000000000000000000, -1.000000000000000000 ) ) ;
#4514 = CARTESIAN_POINT ( 'NONE',  ( 0.000000000000000000, 14.09999999999999609, -33.45479946839446939 ) ) ;
#4515 = ORIENTED_EDGE ( 'NONE', *, *, #4822, .F. ) ;
#4516 = ORIENTED_EDGE ( 'NONE', *, *, #2973, .F. ) ;
#4517 = LINE ( 'NONE', #1142, #1187 ) ;
#4518 = EDGE_CURVE ( 'NONE', #168, #2924, #3213, .T. ) ;
#4519 = ORIENTED_EDGE ( 'NONE', *, *, #806, .T. ) ;
#4520 = DIRECTION ( 'NONE',  ( 0.7071067811865512365, -0.7071067811865439090, 1.752335333352419029E-16 ) ) ;
#4521 = CARTESIAN_POINT ( 'NONE',  ( 0.000000000000000000, 41.25000000000000711, -5.999999999999991118 ) ) ;
#4522 = LINE ( 'NONE', #1224, #4571 ) ;
#4523 = DIRECTION ( 'NONE',  ( 0.000000000000000000, -1.000000000000000000, 0.000000000000000000 ) ) ;
#4524 = FACE_OUTER_BOUND ( 'NONE', #3707, .T. ) ;
#4525 = CARTESIAN_POINT ( 'NONE',  ( 26.00000000000000711, 41.25000000000000711, -28.99999999999999289 ) ) ;
#4526 = VERTEX_POINT ( 'NONE', #3189 ) ;
#4527 = DIRECTION ( 'NONE',  ( 0.000000000000000000, -1.000000000000000000, -2.202823461557850095E-16 ) ) ;
#4528 = LINE ( 'NONE', #3097, #552 ) ;
#4529 = AXIS2_PLACEMENT_3D ( 'NONE', #2581, #4029, #1866 ) ;
#4530 = ORIENTED_EDGE ( 'NONE', *, *, #4604, .F. ) ;
#4531 = CIRCLE ( 'NONE', #1798, 1.000000000000000888 ) ;
#4532 = EDGE_LOOP ( 'NONE', ( #587, #3917, #871, #2350 ) ) ;
#4533 = FACE_OUTER_BOUND ( 'NONE', #3362, .T. ) ;
#4534 = CARTESIAN_POINT ( 'NONE',  ( 115.0000000000000000, 24.58358994113253004, -33.56573950764025938 ) ) ;
#4535 = DIRECTION ( 'NONE',  ( -0.000000000000000000, -1.000000000000000000, -0.000000000000000000 ) ) ;
#4536 = VECTOR ( 'NONE', #2839, 1000.000000000000000 ) ;
#4537 = AXIS2_PLACEMENT_3D ( 'NONE', #4301, #4741, #215 ) ;
#4538 = ORIENTED_EDGE ( 'NONE', *, *, #1617, .F. ) ;
#4539 = CIRCLE ( 'NONE', #85, 2.500000000000002220 ) ;
#4540 = ORIENTED_EDGE ( 'NONE', *, *, #289, .T. ) ;
#4541 = VECTOR ( 'NONE', #146, 1000.000000000000000 ) ;
#4542 = CYLINDRICAL_SURFACE ( 'NONE', #3539, 0.2000000000000057288 ) ;
#4543 = VECTOR ( 'NONE', #2272, 1000.000000000000000 ) ;
#4544 = ORIENTED_EDGE ( 'NONE', *, *, #2646, .T. ) ;
#4545 = ORIENTED_EDGE ( 'NONE', *, *, #4805, .T. ) ;
#4546 = VECTOR ( 'NONE', #3338, 1000.000000000000000 ) ;
#4547 = EDGE_CURVE ( 'NONE', #745, #1341, #4617, .T. ) ;
#4548 = DIRECTION ( 'NONE',  ( 1.000000000000000000, 0.000000000000000000, -0.000000000000000000 ) ) ;
#4549 = CARTESIAN_POINT ( 'NONE',  ( 117.0000000000000000, 1.010333609296566234E-14, -42.49999999999999289 ) ) ;
#4550 = CARTESIAN_POINT ( 'NONE',  ( 0.000000000000000000, 57.00000000000000000, -3.999999999999989786 ) ) ;
#4551 = DIRECTION ( 'NONE',  ( 0.000000000000000000, 1.000000000000000000, 1.101411730778925047E-16 ) ) ;
#4552 = CARTESIAN_POINT ( 'NONE',  ( 1.000000000000000000, 41.25000000000000711, -3.999999999999989786 ) ) ;
#4553 = CYLINDRICAL_SURFACE ( 'NONE', #4268, 1.000000000000000888 ) ;
#4554 = EDGE_LOOP ( 'NONE', ( #4095, #4618, #780, #3158, #4217, #377, #4218 ) ) ;
#4555 = CARTESIAN_POINT ( 'NONE',  ( 118.0000000000000142, -2.000000000000000000, 10.49999999999999467 ) ) ;
#4556 = EDGE_CURVE ( 'NONE', #2905, #2290, #4531, .T. ) ;
#4557 = LINE ( 'NONE', #846, #4790 ) ;
#4558 = CARTESIAN_POINT ( 'NONE',  ( 26.98076211353317078, 38.25000000000000711, -27.99999999999999645 ) ) ;
#4559 = ORIENTED_EDGE ( 'NONE', *, *, #4452, .T. ) ;
#4560 = ORIENTED_EDGE ( 'NONE', *, *, #221, .F. ) ;
#4561 = FACE_OUTER_BOUND ( 'NONE', #4471, .T. ) ;
#4562 = DIRECTION ( 'NONE',  ( -1.000000000000000000, -0.000000000000000000, -0.000000000000000000 ) ) ;
#4563 = CYLINDRICAL_SURFACE ( 'NONE', #4228, 1.000000000000000888 ) ;
#4564 = ORIENTED_EDGE ( 'NONE', *, *, #4258, .T. ) ;
#4565 = AXIS2_PLACEMENT_3D ( 'NONE', #3774, #462, #416 ) ;
#4566 = ORIENTED_EDGE ( 'NONE', *, *, #1851, .F. ) ;
#4567 = CARTESIAN_POINT ( 'NONE',  ( 1.000000000000000000, 57.00000000000000000, -3.999999999999990674 ) ) ;
#4568 = VECTOR ( 'NONE', #482, 1000.000000000000000 ) ;
#4569 = ORIENTED_EDGE ( 'NONE', *, *, #1117, .T. ) ;
#4570 = ORIENTED_EDGE ( 'NONE', *, *, #3882, .F. ) ;
#4571 = VECTOR ( 'NONE', #1974, 1000.000000000000000 ) ;
#4572 = CARTESIAN_POINT ( 'NONE',  ( 115.0000000000000000, 31.50000000000000000, 5.499999999999999112 ) ) ;
#4573 = LINE ( 'NONE', #2378, #2152 ) ;
#4574 = CYLINDRICAL_SURFACE ( 'NONE', #2514, 1.000000000000000888 ) ;
#4575 = CARTESIAN_POINT ( 'NONE',  ( 107.0000000000000142, 31.50000000000000711, -32.30000000000000426 ) ) ;
#4576 = FACE_OUTER_BOUND ( 'NONE', #1197, .T. ) ;
#4577 = ORIENTED_EDGE ( 'NONE', *, *, #692, .T. ) ;
#4578 = LINE ( 'NONE', #1980, #4613 ) ;
#4579 = CARTESIAN_POINT ( 'NONE',  ( 116.9100016891797083, 57.10967010039372838, 11.92383083936726074 ) ) ;
#4580 = CARTESIAN_POINT ( 'NONE',  ( 115.0000000000000000, -0.7000000000000023981, -69.24999999999998579 ) ) ;
#4581 = PLANE ( 'NONE',  #866 ) ;
#4582 = EDGE_CURVE ( 'NONE', #4083, #237, #972, .T. ) ;
#4583 = ORIENTED_EDGE ( 'NONE', *, *, #1704, .F. ) ;
#4584 = VERTEX_POINT ( 'NONE', #2060 ) ;
#4585 = DIRECTION ( 'NONE',  ( -0.000000000000000000, -0.000000000000000000, 1.000000000000000000 ) ) ;
#4586 = DIRECTION ( 'NONE',  ( 0.000000000000000000, -0.9428090415820620240, -0.3333333333333372561 ) ) ;
#4587 = DIRECTION ( 'NONE',  ( -1.000000000000000000, 0.000000000000000000, 0.000000000000000000 ) ) ;
#4588 = EDGE_CURVE ( 'NONE', #1802, #979, #1229, .T. ) ;
#4589 = ADVANCED_FACE ( 'NONE', ( #3559 ), #3579, .T. ) ;
#4590 = EDGE_LOOP ( 'NONE', ( #4448, #2912, #966, #1318, #2398, #707, #358, #751, #1292 ) ) ;
#4591 = EDGE_CURVE ( 'NONE', #1512, #2234, #240, .T. ) ;
#4592 = VERTEX_POINT ( 'NONE', #2456 ) ;
#4593 = ADVANCED_FACE ( 'NONE', ( #3855 ), #2433, .T. ) ;
#4594 = CARTESIAN_POINT ( 'NONE',  ( 1.000000000000000000, 57.00000000000000000, 13.50000000000001954 ) ) ;
#4595 = EDGE_LOOP ( 'NONE', ( #3782, #1196, #1372, #480, #3551, #3387 ) ) ;
#4596 = ORIENTED_EDGE ( 'NONE', *, *, #4250, .T. ) ;
#4597 = FACE_OUTER_BOUND ( 'NONE', #3358, .T. ) ;
#4598 = FACE_OUTER_BOUND ( 'NONE', #4428, .T. ) ;
#4599 = DIRECTION ( 'NONE',  ( 0.000000000000000000, 0.000000000000000000, -1.000000000000000000 ) ) ;
#4600 = FACE_OUTER_BOUND ( 'NONE', #2590, .T. ) ;
#4601 = EDGE_CURVE ( 'NONE', #2511, #1153, #321, .T. ) ;
#4602 = EDGE_CURVE ( 'NONE', #2738, #4327, #986, .T. ) ;
#4603 = DIRECTION ( 'NONE',  ( 1.000000000000000000, 0.000000000000000000, 0.000000000000000000 ) ) ;
#4604 = EDGE_CURVE ( 'NONE', #4402, #2171, #1057, .T. ) ;
#4605 = EDGE_CURVE ( 'NONE', #4626, #1799, #4064, .T. ) ;
#4606 = ORIENTED_EDGE ( 'NONE', *, *, #4762, .F. ) ;
#4607 = CARTESIAN_POINT ( 'NONE',  ( 61.40000000000001279, 45.00000000000004974, -28.99999999999999289 ) ) ;
#4608 = CARTESIAN_POINT ( 'NONE',  ( 116.9772783202214157, 58.00673797016081323, 11.82335578015376143 ) ) ;
#4609 = CARTESIAN_POINT ( 'NONE',  ( 119.0000000000000142, 62.58578643762690774, -42.08578643762688642 ) ) ;
#4610 = ORIENTED_EDGE ( 'NONE', *, *, #411, .F. ) ;
#4611 = VERTEX_POINT ( 'NONE', #3314 ) ;
#4612 = DIRECTION ( 'NONE',  ( -1.000000000000000000, -0.000000000000000000, -0.000000000000000000 ) ) ;
#4613 = VECTOR ( 'NONE', #2031, 1000.000000000000000 ) ;
#4614 = PLANE ( 'NONE',  #4472 ) ;
#4615 = DIRECTION ( 'NONE',  ( 1.000000000000000000, 0.000000000000000000, 1.652117596168388150E-15 ) ) ;
#4616 = CIRCLE ( 'NONE', #2506, 1.000000000000000000 ) ;
#4617 = CIRCLE ( 'NONE', #4379, 0.2000000000000057288 ) ;
#4618 = ORIENTED_EDGE ( 'NONE', *, *, #1851, .T. ) ;
#4619 = ORIENTED_EDGE ( 'NONE', *, *, #3901, .T. ) ;
#4620 = CARTESIAN_POINT ( 'NONE',  ( 116.9097991713090181, 58.23801329839430707, 10.97396492827970249 ) ) ;
#4621 = VECTOR ( 'NONE', #4350, 1000.000000000000000 ) ;
#4622 = AXIS2_PLACEMENT_3D ( 'NONE', #812, #3798, #1634 ) ;
#4623 = ADVANCED_BREP_SHAPE_REPRESENTATION ( 'power_supply_right', ( #2875, #4386 ), #635 ) ;
#4624 = ORIENTED_EDGE ( 'NONE', *, *, #2781, .F. ) ;
#4625 = VECTOR ( 'NONE', #3721, 1000.000000000000000 ) ;
#4626 = VERTEX_POINT ( 'NONE', #4802 ) ;
#4627 = CARTESIAN_POINT ( 'NONE',  ( 113.0000000000000000, 29.00000000000000000, -27.99999999999999645 ) ) ;
#4628 = DIRECTION ( 'NONE',  ( -0.000000000000000000, -1.000000000000000000, 0.000000000000000000 ) ) ;
#4629 = CARTESIAN_POINT ( 'NONE',  ( 119.0000000000000142, 62.00000000000000711, -41.49999999999997868 ) ) ;
#4630 = VECTOR ( 'NONE', #4006, 1000.000000000000000 ) ;
#4631 = CARTESIAN_POINT ( 'NONE',  ( 118.0000000000000142, 58.50000000000000000, 8.531373033403113482 ) ) ;
#4632 = EDGE_CURVE ( 'NONE', #1874, #2630, #4359, .T. ) ;
#4633 = AXIS2_PLACEMENT_3D ( 'NONE', #736, #2289, #3420 ) ;
#4634 = LINE ( 'NONE', #890, #1989 ) ;
#4635 = VECTOR ( 'NONE', #1128, 1000.000000000000114 ) ;
#4636 = DIRECTION ( 'NONE',  ( 1.000000000000000000, -0.000000000000000000, -0.000000000000000000 ) ) ;
#4637 = DIRECTION ( 'NONE',  ( 1.000000000000000000, 0.000000000000000000, -0.000000000000000000 ) ) ;
#4638 = CYLINDRICAL_SURFACE ( 'NONE', #4778, 1.000000000000000888 ) ;
#4639 = EDGE_CURVE ( 'NONE', #1162, #2905, #1076, .T. ) ;
#4640 = DIRECTION ( 'NONE',  ( 1.000000000000000000, 0.000000000000000000, -1.196361017915039486E-16 ) ) ;
#4641 = ORIENTED_EDGE ( 'NONE', *, *, #3070, .F. ) ;
#4642 = ORIENTED_EDGE ( 'NONE', *, *, #4258, .F. ) ;
#4643 = CARTESIAN_POINT ( 'NONE',  ( 117.0000000000000000, 63.00000000000001421, -42.49999999999998579 ) ) ;
#4644 = DIRECTION ( 'NONE',  ( 0.000000000000000000, 0.000000000000000000, 1.000000000000000000 ) ) ;
#4645 = LINE ( 'NONE', #109, #4852 ) ;
#4646 = ORIENTED_EDGE ( 'NONE', *, *, #313, .F. ) ;
#4647 = ORIENTED_EDGE ( 'NONE', *, *, #1927, .F. ) ;
#4648 = DIRECTION ( 'NONE',  ( 0.000000000000000000, -1.000000000000000000, 0.000000000000000000 ) ) ;
#4649 = AXIS2_PLACEMENT_3D ( 'NONE', #4749, #4829, #4454 ) ;
#4650 = ORIENTED_EDGE ( 'NONE', *, *, #3232, .F. ) ;
#4651 = ORIENTED_EDGE ( 'NONE', *, *, #494, .F. ) ;
#4652 = LINE ( 'NONE', #1298, #2774 ) ;
#4653 = DIRECTION ( 'NONE',  ( 0.000000000000000000, 2.664917751462696950E-16, -1.000000000000000000 ) ) ;
#4654 = CARTESIAN_POINT ( 'NONE',  ( 0.9999999999999997780, -3.000000000000000000, -29.99999999999999645 ) ) ;
#4655 = AXIS2_PLACEMENT_3D ( 'NONE', #2631, #3688, #3326 ) ;
#4656 = CARTESIAN_POINT ( 'NONE',  ( 0.000000000000000000, -3.000000000000000000, 40.00000000000000000 ) ) ;
#4657 = TOROIDAL_SURFACE ( 'NONE', #2547, 3.100000000000004530, 1.000000000000000000 ) ;
#4658 = EDGE_CURVE ( 'NONE', #2122, #1987, #4381, .T. ) ;
#4659 = FACE_OUTER_BOUND ( 'NONE', #3805, .T. ) ;
#4660 = DIRECTION ( 'NONE',  ( 0.7071067811865574537, 0.000000000000000000, -0.7071067811865376918 ) ) ;
#4661 = DIRECTION ( 'NONE',  ( -0.000000000000000000, 1.000000000000000000, -0.000000000000000000 ) ) ;
#4662 = DIRECTION ( 'NONE',  ( 0.000000000000000000, 0.000000000000000000, -1.000000000000000000 ) ) ;
#4663 =( BOUNDED_CURVE ( )  B_SPLINE_CURVE ( 3, ( #3690, #341, #1825, #3328 ),
 .UNSPECIFIED., .F., .F. ) 
 B_SPLINE_CURVE_WITH_KNOTS ( ( 4, 4 ),
 ( 1.570796326794900111, 3.141592653589793116 ),
 .UNSPECIFIED. ) 
 CURVE ( )  GEOMETRIC_REPRESENTATION_ITEM ( )  RATIONAL_B_SPLINE_CURVE ( ( 1.000000000000000000, 0.8047378541243658256, 0.8047378541243658256, 1.000000000000000000 ) ) 
 REPRESENTATION_ITEM ( '' )  );
#4664 = VERTEX_POINT ( 'NONE', #4776 ) ;
#4665 = VERTEX_POINT ( 'NONE', #1032 ) ;
#4666 = DIRECTION ( 'NONE',  ( -1.000000000000000000, 0.000000000000000000, 0.000000000000000000 ) ) ;
#4667 = CARTESIAN_POINT ( 'NONE',  ( 1.000000000000000000, -3.000000000000000000, -28.99999999999999289 ) ) ;
#4668 = CARTESIAN_POINT ( 'NONE',  ( 116.0000000000000000, -2.000000000000001776, 13.49999999999999822 ) ) ;
#4669 = EDGE_CURVE ( 'NONE', #78, #4083, #2177, .T. ) ;
#4670 = EDGE_CURVE ( 'NONE', #3028, #3704, #1950, .T. ) ;
#4671 = ORIENTED_EDGE ( 'NONE', *, *, #2064, .T. ) ;
#4672 = EDGE_CURVE ( 'NONE', #2511, #3063, #1876, .T. ) ;
#4673 = VERTEX_POINT ( 'NONE', #2131 ) ;
#4674 = EDGE_CURVE ( 'NONE', #4676, #2630, #2265, .T. ) ;
#4675 = FACE_OUTER_BOUND ( 'NONE', #3054, .T. ) ;
#4676 = VERTEX_POINT ( 'NONE', #616 ) ;
#4677 = ORIENTED_EDGE ( 'NONE', *, *, #1999, .T. ) ;
#4678 = CARTESIAN_POINT ( 'NONE',  ( 107.0000000000000142, 48.00000000000000000, -0.7287565553229600201 ) ) ;
#4679 = DIRECTION ( 'NONE',  ( -1.000000000000000000, 0.000000000000000000, 0.000000000000000000 ) ) ;
#4680 = DIRECTION ( 'NONE',  ( 0.000000000000000000, 0.000000000000000000, -1.000000000000000000 ) ) ;
#4681 = LINE ( 'NONE', #2056, #1730 ) ;
#4682 = EDGE_CURVE ( 'NONE', #421, #879, #4143, .T. ) ;
#4683 = DIRECTION ( 'NONE',  ( 0.000000000000000000, -2.664917751462696950E-16, 1.000000000000000000 ) ) ;
#4684 = DIRECTION ( 'NONE',  ( -1.000000000000000000, 0.000000000000000000, -0.000000000000000000 ) ) ;
#4685 = CARTESIAN_POINT ( 'NONE',  ( 84.60000000000000853, -3.000000000000000000, 41.95000000000001705 ) ) ;
#4686 = CARTESIAN_POINT ( 'NONE',  ( 119.0000000000000142, -2.585786437626906409, -42.08578643762690064 ) ) ;
#4687 = VERTEX_POINT ( 'NONE', #4708 ) ;
#4688 = VERTEX_POINT ( 'NONE', #1357 ) ;
#4689 = CARTESIAN_POINT ( 'NONE',  ( 116.0000000000000000, -3.000000000000000000, 13.49999999999999822 ) ) ;
#4690 = CARTESIAN_POINT ( 'NONE',  ( 118.0000000000000142, 57.34314575050761675, 10.50000000000000000 ) ) ;
#4691 = CARTESIAN_POINT ( 'NONE',  ( 0.000000000000000000, 12.19999999999999929, -33.25479946839504919 ) ) ;
#4692 = EDGE_CURVE ( 'NONE', #2630, #1308, #1762, .T. ) ;
#4693 = ORIENTED_EDGE ( 'NONE', *, *, #3379, .T. ) ;
#4694 = VERTEX_POINT ( 'NONE', #4729 ) ;
#4695 = CARTESIAN_POINT ( 'NONE',  ( 119.0000000000000142, 57.34314575050760965, 11.50000000000000355 ) ) ;
#4696 = VECTOR ( 'NONE', #3434, 1000.000000000000000 ) ;
#4697 = ORIENTED_EDGE ( 'NONE', *, *, #2394, .F. ) ;
#4698 = ORIENTED_EDGE ( 'NONE', *, *, #2361, .F. ) ;
#4699 = VECTOR ( 'NONE', #4492, 1000.000000000000000 ) ;
#4700 = CIRCLE ( 'NONE', #2589, 1.000000000000000000 ) ;
#4701 = FACE_OUTER_BOUND ( 'NONE', #1827, .T. ) ;
#4702 = DIRECTION ( 'NONE',  ( 0.000000000000000000, 0.000000000000000000, 1.000000000000000000 ) ) ;
#4703 = FACE_OUTER_BOUND ( 'NONE', #4496, .T. ) ;
#4704 = CARTESIAN_POINT ( 'NONE',  ( 115.0000000000000000, -0.7000000000000023981, -69.24999999999998579 ) ) ;
#4705 = VECTOR ( 'NONE', #1007, 1000.000000000000000 ) ;
#4706 = AXIS2_PLACEMENT_3D ( 'NONE', #2113, #4028, #3293 ) ;
#4707 = ORIENTED_EDGE ( 'NONE', *, *, #3695, .F. ) ;
#4708 = CARTESIAN_POINT ( 'NONE',  ( 115.0000000000000000, 31.50000000000000000, 4.299999999999998934 ) ) ;
#4709 = CARTESIAN_POINT ( 'NONE',  ( 116.0000000000000000, 32.00000000000000000, 13.50000000000000533 ) ) ;
#4710 = DIRECTION ( 'NONE',  ( 0.000000000000000000, 0.000000000000000000, -1.000000000000000000 ) ) ;
#4711 = AXIS2_PLACEMENT_3D ( 'NONE', #100, #894, #1616 ) ;
#4712 = ORIENTED_EDGE ( 'NONE', *, *, #4453, .T. ) ;
#4713 = ADVANCED_FACE ( 'NONE', ( #3977 ), #4043, .T. ) ;
#4714 = ORIENTED_EDGE ( 'NONE', *, *, #1337, .F. ) ;
#4715 = DIRECTION ( 'NONE',  ( 0.000000000000000000, 0.000000000000000000, 1.000000000000000000 ) ) ;
#4716 = DIRECTION ( 'NONE',  ( 1.000000000000000000, -0.000000000000000000, -0.000000000000000000 ) ) ;
#4717 = LINE ( 'NONE', #258, #487 ) ;
#4718 = ORIENTED_EDGE ( 'NONE', *, *, #4605, .T. ) ;
#4719 = ORIENTED_EDGE ( 'NONE', *, *, #1520, .T. ) ;
#4720 = CARTESIAN_POINT ( 'NONE',  ( 116.0000000000000000, 32.00000000000000000, 12.50000000000000355 ) ) ;
#4721 = EDGE_LOOP ( 'NONE', ( #4826, #4577, #4761, #3810 ) ) ;
#4722 = EDGE_LOOP ( 'NONE', ( #3647, #2438, #2545, #3788 ) ) ;
#4723 = LINE ( 'NONE', #2523, #651 ) ;
#4724 = LINE ( 'NONE', #3262, #2107 ) ;
#4725 = LINE ( 'NONE', #1028, #244 ) ;
#4726 = CIRCLE ( 'NONE', #3165, 1.000000000000000888 ) ;
#4727 = TOROIDAL_SURFACE ( 'NONE', #3873, 2.000000000000000000, 1.000000000000000000 ) ;
#4728 = CARTESIAN_POINT ( 'NONE',  ( 2.000000000000001776, 2.000000000000000000, 1.699999999999999289 ) ) ;
#4729 = CARTESIAN_POINT ( 'NONE',  ( 43.99999999999998579, 55.30000000000005400, -29.99999999999999645 ) ) ;
#4730 = PLANE ( 'NONE',  #3841 ) ;
#4731 = DIRECTION ( 'NONE',  ( 0.000000000000000000, -0.7071067811865479058, 0.7071067811865471286 ) ) ;
#4732 = CIRCLE ( 'NONE', #3963, 1.000000000000000000 ) ;
#4733 = ORIENTED_EDGE ( 'NONE', *, *, #4298, .T. ) ;
#4734 = VERTEX_POINT ( 'NONE', #297 ) ;
#4735 = DIRECTION ( 'NONE',  ( -0.000000000000000000, 0.000000000000000000, -1.000000000000000000 ) ) ;
#4736 = FACE_OUTER_BOUND ( 'NONE', #3272, .T. ) ;
#4737 = ADVANCED_FACE ( 'NONE', ( #1782 ), #249, .T. ) ;
#4738 = ORIENTED_EDGE ( 'NONE', *, *, #2164, .T. ) ;
#4739 = ORIENTED_EDGE ( 'NONE', *, *, #6, .F. ) ;
#4740 = DIRECTION ( 'NONE',  ( 0.000000000000000000, -0.000000000000000000, 1.000000000000000000 ) ) ;
#4741 = DIRECTION ( 'NONE',  ( 0.000000000000000000, 0.7071067811865524577, 0.7071067811865425767 ) ) ;
#4742 = VERTEX_POINT ( 'NONE', #2920 ) ;
#4743 = EDGE_CURVE ( 'NONE', #4397, #3159, #4409, .T. ) ;
#4744 = ORIENTED_EDGE ( 'NONE', *, *, #999, .T. ) ;
#4745 = DIRECTION ( 'NONE',  ( 0.000000000000000000, -0.000000000000000000, 1.000000000000000000 ) ) ;
#4746 = LINE ( 'NONE', #1006, #1163 ) ;
#4747 = FACE_OUTER_BOUND ( 'NONE', #209, .T. ) ;
#4748 = EDGE_CURVE ( 'NONE', #1271, #4321, #1255, .T. ) ;
#4749 = CARTESIAN_POINT ( 'NONE',  ( 119.0000000000000142, 63.00000000000000000, 12.50000000000000355 ) ) ;
#4750 = DIRECTION ( 'NONE',  ( 0.000000000000000000, -1.000000000000000000, 0.000000000000000000 ) ) ;
#4751 = DIRECTION ( 'NONE',  ( -1.000000000000000000, 0.000000000000000000, 0.000000000000000000 ) ) ;
#4752 = DIRECTION ( 'NONE',  ( -0.000000000000000000, 2.593979029498029342E-16, 1.000000000000000000 ) ) ;
#4753 = EDGE_CURVE ( 'NONE', #4694, #1574, #1147, .T. ) ;
#4754 = ADVANCED_FACE ( 'NONE', ( #2624 ), #77, .F. ) ;
#4755 = ADVANCED_FACE ( 'NONE', ( #2296 ), #1202, .F. ) ;
#4756 = ORIENTED_EDGE ( 'NONE', *, *, #4452, .F. ) ;
#4757 = ORIENTED_EDGE ( 'NONE', *, *, #4099, .T. ) ;
#4758 = FACE_OUTER_BOUND ( 'NONE', #363, .T. ) ;
#4759 = CARTESIAN_POINT ( 'NONE',  ( 115.0000000000000000, 54.99999999999998579, 2.478176394252609244E-16 ) ) ;
#4760 = VERTEX_POINT ( 'NONE', #23 ) ;
#4761 = ORIENTED_EDGE ( 'NONE', *, *, #1351, .T. ) ;
#4762 = EDGE_CURVE ( 'NONE', #1453, #129, #2319, .T. ) ;
#4763 = PLANE ( 'NONE',  #1060 ) ;
#4764 = DIRECTION ( 'NONE',  ( 0.000000000000000000, -1.000000000000000000, 0.000000000000000000 ) ) ;
#4765 = VERTEX_POINT ( 'NONE', #4575 ) ;
#4766 = ORIENTED_EDGE ( 'NONE', *, *, #4500, .T. ) ;
#4767 = EDGE_CURVE ( 'NONE', #1987, #3260, #4850, .T. ) ;
#4768 = FACE_OUTER_BOUND ( 'NONE', #1391, .T. ) ;
#4769 = AXIS2_PLACEMENT_3D ( 'NONE', #3954, #2746, #3115 ) ;
#4770 = DIRECTION ( 'NONE',  ( -1.000000000000000000, 0.000000000000000000, 0.000000000000000000 ) ) ;
#4771 = DIRECTION ( 'NONE',  ( 0.000000000000000000, 0.000000000000000000, -1.000000000000000000 ) ) ;
#4772 = AXIS2_PLACEMENT_3D ( 'NONE', #4594, #3866, #2686 ) ;
#4773 = AXIS2_PLACEMENT_3D ( 'NONE', #2529, #3630, #2478 ) ;
#4774 = DIRECTION ( 'NONE',  ( -0.000000000000000000, -1.000000000000000000, 0.000000000000000000 ) ) ;
#4775 = ADVANCED_FACE ( 'NONE', ( #2669 ), #4164, .F. ) ;
#4776 = CARTESIAN_POINT ( 'NONE',  ( 2.000000000000001776, 32.00000000000000000, 1.699999999999999289 ) ) ;
#4777 = CARTESIAN_POINT ( 'NONE',  ( 101.0000000000000853, 7.000000000000000000, -12.00000000000000533 ) ) ;
#4778 = AXIS2_PLACEMENT_3D ( 'NONE', #527, #4661, #1281 ) ;
#4779 = CARTESIAN_POINT ( 'NONE',  ( 84.60000000000000853, 0.000000000000000000, 28.74999999999998579 ) ) ;
#4780 = CIRCLE ( 'NONE', #3212, 25.00000000000000355 ) ;
#4781 = VECTOR ( 'NONE', #3058, 1000.000000000000000 ) ;
#4782 = ORIENTED_EDGE ( 'NONE', *, *, #3660, .F. ) ;
#4783 = AXIS2_PLACEMENT_3D ( 'NONE', #3086, #94, #4207 ) ;
#4784 = ORIENTED_EDGE ( 'NONE', *, *, #528, .F. ) ;
#4785 = FACE_OUTER_BOUND ( 'NONE', #1944, .T. ) ;
#4786 = FACE_OUTER_BOUND ( 'NONE', #675, .T. ) ;
#4787 = VECTOR ( 'NONE', #2258, 1000.000000000000000 ) ;
#4788 = CIRCLE ( 'NONE', #555, 5.100000000000000533 ) ;
#4789 = ORIENTED_EDGE ( 'NONE', *, *, #4166, .T. ) ;
#4790 = VECTOR ( 'NONE', #3490, 1000.000000000000000 ) ;
#4791 = ORIENTED_EDGE ( 'NONE', *, *, #4440, .F. ) ;
#4792 =( BOUNDED_CURVE ( )  B_SPLINE_CURVE ( 3, ( #298, #1719, #1398, #4337 ),
 .UNSPECIFIED., .F., .T. ) 
 B_SPLINE_CURVE_WITH_KNOTS ( ( 4, 4 ),
 ( 0.000000000000000000, 1.570796326794896558 ),
 .UNSPECIFIED. ) 
 CURVE ( )  GEOMETRIC_REPRESENTATION_ITEM ( )  RATIONAL_B_SPLINE_CURVE ( ( 1.000000000000000000, 0.8047378541243649375, 0.8047378541243649375, 1.000000000000000000 ) ) 
 REPRESENTATION_ITEM ( '' )  );
#4793 = DIRECTION ( 'NONE',  ( 0.000000000000000000, 0.000000000000000000, 1.000000000000000000 ) ) ;
#4794 = CARTESIAN_POINT ( 'NONE',  ( 1.000000000000000888, 32.34999999999999432, -29.99999999999999645 ) ) ;
#4795 = DIRECTION ( 'NONE',  ( 0.000000000000000000, 0.000000000000000000, 1.000000000000000000 ) ) ;
#4796 = ORIENTED_EDGE ( 'NONE', *, *, #1335, .F. ) ;
#4797 = EDGE_LOOP ( 'NONE', ( #1173, #4462, #1603, #549 ) ) ;
#4798 = CARTESIAN_POINT ( 'NONE',  ( 116.0000000000000000, 2.000000000000001776, 11.49999999999999645 ) ) ;
#4799 = CARTESIAN_POINT ( 'NONE',  ( 34.59999999999999432, -3.000000000000000000, 41.95000000000000995 ) ) ;
#4800 = LINE ( 'NONE', #2918, #2591 ) ;
#4801 = DIRECTION ( 'NONE',  ( 0.000000000000000000, 0.000000000000000000, -1.000000000000000000 ) ) ;
#4802 = CARTESIAN_POINT ( 'NONE',  ( 115.0000000000000000, 39.55499999999999972, -42.49999999999998579 ) ) ;
#4803 = DIRECTION ( 'NONE',  ( 0.000000000000000000, 1.000000000000000000, 0.000000000000000000 ) ) ;
#4804 = CARTESIAN_POINT ( 'NONE',  ( 0.000000000000000000, 34.24999999999999289, -33.25479946839509893 ) ) ;
#4805 = EDGE_CURVE ( 'NONE', #1604, #1971, #3409, .T. ) ;
#4806 = VECTOR ( 'NONE', #2792, 1000.000000000000000 ) ;
#4807 = EDGE_CURVE ( 'NONE', #3392, #3000, #3851, .T. ) ;
#4808 = ORIENTED_EDGE ( 'NONE', *, *, #3069, .T. ) ;
#4809 = EDGE_CURVE ( 'NONE', #4765, #3594, #1339, .T. ) ;
#4810 = ORIENTED_EDGE ( 'NONE', *, *, #1984, .T. ) ;
#4811 = CARTESIAN_POINT ( 'NONE',  ( 0.000000000000000000, 29.00000000000000000, -29.99999999999999645 ) ) ;
#4812 = LINE ( 'NONE', #4098, #3444 ) ;
#4813 = VECTOR ( 'NONE', #4034, 1000.000000000000000 ) ;
#4814 = ORIENTED_EDGE ( 'NONE', *, *, #2394, .T. ) ;
#4815 = AXIS2_PLACEMENT_3D ( 'NONE', #4264, #3847, #3481 ) ;
#4816 = ORIENTED_EDGE ( 'NONE', *, *, #614, .T. ) ;
#4817 = CYLINDRICAL_SURFACE ( 'NONE', #199, 2.100000000000004530 ) ;
#4818 = DIRECTION ( 'NONE',  ( 0.000000000000000000, -1.000000000000000000, 0.000000000000000000 ) ) ;
#4819 = EDGE_CURVE ( 'NONE', #1090, #507, #4700, .T. ) ;
#4820 = PLANE ( 'NONE',  #3610 ) ;
#4821 = ADVANCED_FACE ( 'NONE', ( #4188, #840, #1862 ), #3034, .F. ) ;
#4822 = EDGE_CURVE ( 'NONE', #1844, #1291, #2718, .T. ) ;
#4823 =( BOUNDED_SURFACE ( )  B_SPLINE_SURFACE ( 3, 2, ( 
 ( #3168, #2032, #4214 ),
 ( #4579, #2322, #182 ),
 ( #2674, #3806, #71 ),
 ( #869, #4608, #131 ),
 ( #1253, #1206, #2352 ),
 ( #3488, #2747, #596 ),
 ( #1358, #3243, #3285 ),
 ( #277, #1326, #205 ),
 ( #2157, #2457, #1695 ),
 ( #2499, #2816, #1742 ) ),
 .UNSPECIFIED., .F., .F., .F. ) 
 B_SPLINE_SURFACE_WITH_KNOTS ( ( 4, 2, 2, 2, 4 ),
 ( 3, 3 ),
 ( 0.002594361038358083960, 0.003120300081244706605, 0.003646239124131328817, 0.004172178167017951030, 0.004698117209904573675 ),
 ( 0.000000000000000000, 1.000000000000000000 ),
 .UNSPECIFIED. ) 
 GEOMETRIC_REPRESENTATION_ITEM ( )  RATIONAL_B_SPLINE_SURFACE ( (
 ( 1.000000000000000000, 0.7359800721939894208, 1.000000000000000000),
 ( 1.000000000000000000, 0.7446129599544523137, 1.000000000000000000),
 ( 1.000000000000000000, 0.7541475832215426278, 1.000000000000000000),
 ( 1.000000000000000000, 0.7730732467270693409, 1.000000000000000000),
 ( 1.000000000000000000, 0.7824218497854272814, 1.000000000000000000),
 ( 1.000000000000000000, 0.7982846607986952003, 1.000000000000000000),
 ( 1.000000000000000000, 0.8050128473664638351, 1.000000000000000000),
 ( 1.000000000000000000, 0.8140671314197843733, 1.000000000000000000),
 ( 1.000000000000000000, 0.8164937127227093194, 1.000000000000000000),
 ( 1.000000000000000000, 0.8164965809277250353, 1.000000000000000000) ) ) 
 REPRESENTATION_ITEM ( '' )  SURFACE ( )  );
#4824 = EDGE_LOOP ( 'NONE', ( #3503, #1580 ) ) ;
#4825 = ADVANCED_FACE ( 'NONE', ( #4524 ), #4134, .T. ) ;
#4826 = ORIENTED_EDGE ( 'NONE', *, *, #4670, .T. ) ;
#4827 = PLANE ( 'NONE',  #160 ) ;
#4828 = CYLINDRICAL_SURFACE ( 'NONE', #1250, 1.000000000000000888 ) ;
#4829 = DIRECTION ( 'NONE',  ( -1.000000000000000000, -0.000000000000000000, -0.000000000000000000 ) ) ;
#4830 = ADVANCED_FACE ( 'NONE', ( #2347 ), #1124, .T. ) ;
#4831 = FACE_OUTER_BOUND ( 'NONE', #630, .T. ) ;
#4832 = DIRECTION ( 'NONE',  ( 0.000000000000000000, 1.000000000000000000, 0.000000000000000000 ) ) ;
#4833 = EDGE_LOOP ( 'NONE', ( #336, #3100, #4012 ) ) ;
#4834 = ORIENTED_EDGE ( 'NONE', *, *, #2515, .T. ) ;
#4835 = CARTESIAN_POINT ( 'NONE',  ( 1.000000000000000000, 41.25000000000000711, -28.99999999999999289 ) ) ;
#4836 = DIRECTION ( 'NONE',  ( -0.7071067811865578978, 0.7071067811865370256, 2.299940125025093008E-16 ) ) ;
#4837 = EDGE_LOOP ( 'NONE', ( #2256, #2108, #1624, #1968, #373, #4261, #1043, #2215 ) ) ;
#4838 = ORIENTED_EDGE ( 'NONE', *, *, #4805, .F. ) ;
#4839 = CARTESIAN_POINT ( 'NONE',  ( 117.7320508075688821, -2.000000000000000000, 11.49999999999999645 ) ) ;
#4840 = LINE ( 'NONE', #2610, #4377 ) ;
#4841 = LINE ( 'NONE', #3348, #1490 ) ;
#4842 = VERTEX_POINT ( 'NONE', #788 ) ;
#4843 = ORIENTED_EDGE ( 'NONE', *, *, #1285, .T. ) ;
#4844 = CARTESIAN_POINT ( 'NONE',  ( 61.81421356237310505, 54.71421356237316047, -29.99999999999999645 ) ) ;
#4845 = VECTOR ( 'NONE', #4086, 1000.000000000000000 ) ;
#4846 = CARTESIAN_POINT ( 'NONE',  ( 80.40000000000000568, 0.000000000000000000, 30.74999999999999289 ) ) ;
#4847 = CARTESIAN_POINT ( 'NONE',  ( 1.000000000000000222, 33.00000000000000000, 14.50000000000001776 ) ) ;
#4848 = DIRECTION ( 'NONE',  ( 0.000000000000000000, 0.000000000000000000, 1.000000000000000000 ) ) ;
#4849 = CARTESIAN_POINT ( 'NONE',  ( 118.0000000000000142, -2.000000000000000000, 10.49999999999999467 ) ) ;
#4850 = LINE ( 'NONE', #2694, #1645 ) ;
#4851 = ORIENTED_EDGE ( 'NONE', *, *, #1716, .T. ) ;
#4852 = VECTOR ( 'NONE', #4535, 1000.000000000000000 ) ;
ENDSEC;
END-ISO-10303-21;
