ISO-10303-21;
HEADER;
FILE_DESCRIPTION (( 'STEP AP214' ),
    '1' );
FILE_NAME ('syringe_connector.STEP',
    '2025-05-19T08:05:39',
    ( '' ),
    ( '' ),
    'SwSTEP 2.0',
    'SolidWorks 2025',
    '' );
FILE_SCHEMA (( 'AUTOMOTIVE_DESIGN' ));
ENDSEC;

DATA;
#1 = CARTESIAN_POINT ( 'NONE',  ( -6.200000000000000178, 0.8000000000000000444, -6.200000000000000178 ) ) ;
#2 = PRESENTATION_LAYER_ASSIGNMENT (  '', '', ( #454 ) ) ;
#3 = B_SPLINE_CURVE_WITH_KNOTS ( 'NONE', 3,
 ( #581, #576, #677, #1001, #994, #484, #478, #1311 ),
 .UNSPECIFIED., .F., .F.,
 ( 4, 2, 2, 4 ),
 ( 0.000000000000000000, 0.2500000000000001110, 0.4999999999999997780, 1.000000000000000000 ),
 .UNSPECIFIED. ) ;
#4 = AXIS2_PLACEMENT_3D ( 'NONE', #1, #11, #326 ) ;
#5 = EDGE_CURVE ( 'NONE', #591, #413, #888, .T. ) ;
#6 = EDGE_LOOP ( 'NONE', ( #208, #782, #1103, #497, #507, #376 ) ) ;
#7 = CARTESIAN_POINT ( 'NONE',  ( -7.000000000000000000, 0.8000000000000003775, 6.200000000000000178 ) ) ;
#8 = DIRECTION ( 'NONE',  ( 0.000000000000000000, 0.000000000000000000, 1.000000000000000000 ) ) ;
#9 = ORIENTED_EDGE ( 'NONE', *, *, #267, .F. ) ;
#10 = CARTESIAN_POINT ( 'NONE',  ( 0.1854640980207218071, 0.06715083089631687652, -6.520830329573494843 ) ) ;
#11 = DIRECTION ( 'NONE',  ( 0.000000000000000000, 0.000000000000000000, 1.000000000000000000 ) ) ;
#12 = ORIENTED_EDGE ( 'NONE', *, *, #1252, .T. ) ;
#13 = ADVANCED_FACE ( 'NONE', ( #566 ), #76, .T. ) ;
#14 = DIRECTION ( 'NONE',  ( -0.000000000000000000, 1.000000000000000000, -0.000000000000000000 ) ) ;
#15 = ORIENTED_EDGE ( 'NONE', *, *, #872, .F. ) ;
#16 = EDGE_CURVE ( 'NONE', #601, #95, #291, .T. ) ;
#17 = CARTESIAN_POINT ( 'NONE',  ( -1.265159085762052937, 0.02729144173932845224, -6.409152791200054544 ) ) ;
#18 = DIRECTION ( 'NONE',  ( -0.000000000000000000, 0.000000000000000000, 1.000000000000000000 ) ) ;
#19 = ORIENTED_EDGE ( 'NONE', *, *, #665, .F. ) ;
#20 = VERTEX_POINT ( 'NONE', #701 ) ;
#21 = CARTESIAN_POINT ( 'NONE',  ( -0.5216229894833132041, -0.2906869338907471234, -5.504285906985819210 ) ) ;
#22 = CARTESIAN_POINT ( 'NONE',  ( -0.2744814442084669848, 0.7558264839264727808, -4.958411569192737289 ) ) ;
#23 = DIRECTION ( 'NONE',  ( 0.000000000000000000, 0.000000000000000000, 1.000000000000000000 ) ) ;
#24 = ORIENTED_EDGE ( 'NONE', *, *, #584, .T. ) ;
#25 = CARTESIAN_POINT ( 'NONE',  ( 0.9540085420427717455, 1.000000000000001110, -4.959069237438556321 ) ) ;
#26 = CARTESIAN_POINT ( 'NONE',  ( 1.347111479062088503E-16, -3.500000000000000000, -5.622201682501503761 ) ) ;
#27 = CARTESIAN_POINT ( 'NONE',  ( -0.4232510605278782534, -0.2808804401435540665, -4.781231655820071147 ) ) ;
#28 = PLANE ( 'NONE',  #954 ) ;
#29 = ADVANCED_FACE ( 'NONE', ( #592 ), #1100, .F. ) ;
#30 = VERTEX_POINT ( 'NONE', #1028 ) ;
#31 = EDGE_CURVE ( 'NONE', #568, #342, #956, .T. ) ;
#32 = DIRECTION ( 'NONE',  ( 0.000000000000000000, 0.000000000000000000, -1.000000000000000000 ) ) ;
#33 = EDGE_LOOP ( 'NONE', ( #833, #126, #585, #479 ) ) ;
#34 = DIRECTION ( 'NONE',  ( 0.000000000000000000, 1.000000000000000000, 0.000000000000000000 ) ) ;
#35 = CARTESIAN_POINT ( 'NONE',  ( 0.1156105007311934163, 0.8233108903412378332, -5.005590187498681232 ) ) ;
#36 = CARTESIAN_POINT ( 'NONE',  ( -6.200000000000000178, 10.00000000000000000, -6.200000000000000178 ) ) ;
#37 = DIRECTION ( 'NONE',  ( -0.000000000000000000, 1.000000000000000000, -0.000000000000000000 ) ) ;
#38 = CARTESIAN_POINT ( 'NONE',  ( 0.4190262971141480164, -0.2681285473657086804, -4.788040211351189512 ) ) ;
#39 = AXIS2_PLACEMENT_3D ( 'NONE', #1171, #34, #457 ) ;
#40 = CARTESIAN_POINT ( 'NONE',  ( -0.3395495623287994036, -0.03614715572708945140, -4.882010627512610057 ) ) ;
#41 = CARTESIAN_POINT ( 'NONE',  ( 0.05853003275521935500, 0.8368640373116790210, -5.013041428779240860 ) ) ;
#42 = DIRECTION ( 'NONE',  ( -0.000000000000000000, -1.000000000000000000, 0.000000000000000000 ) ) ;
#43 = CARTESIAN_POINT ( 'NONE',  ( -7.000000000000000000, 10.00000000000000000, -7.000000000000000000 ) ) ;
#44 = VECTOR ( 'NONE', #656, 1000.000000000000000 ) ;
#45 = EDGE_CURVE ( 'NONE', #1197, #993, #646, .T. ) ;
#46 = CARTESIAN_POINT ( 'NONE',  ( -0.6971287606605722775, 0.7354856279157353516, -4.850199558266575117 ) ) ;
#47 = FACE_OUTER_BOUND ( 'NONE', #562, .T. ) ;
#48 = CARTESIAN_POINT ( 'NONE',  ( 0.2948303777761504540, 0.09032673352229493580, -4.918800871534489083 ) ) ;
#49 = DIRECTION ( 'NONE',  ( -0.000000000000000000, 1.000000000000000000, -0.000000000000000000 ) ) ;
#50 = CARTESIAN_POINT ( 'NONE',  ( -1.155429274968775788, 1.000000000000001332, -4.918430107470363133 ) ) ;
#51 = PRODUCT_CONTEXT ( 'NONE', #1009, 'mechanical' ) ;
#52 = CARTESIAN_POINT ( 'NONE',  ( -6.200000000000000178, 10.00000000000000000, 6.200000000000000178 ) ) ;
#53 = ADVANCED_FACE ( 'NONE', ( #101 ), #720, .T. ) ;
#54 = CARTESIAN_POINT ( 'NONE',  ( -0.9598073515107029552, 1.000000000000000888, -4.957950165944190246 ) ) ;
#55 = CARTESIAN_POINT ( 'NONE',  ( -6.200000000000000178, 10.00000000000000000, 7.000000000000000000 ) ) ;
#56 = ORIENTED_EDGE ( 'NONE', *, *, #851, .T. ) ;
#57 = EDGE_CURVE ( 'NONE', #304, #757, #826, .T. ) ;
#58 = FACE_OUTER_BOUND ( 'NONE', #117, .T. ) ;
#59 = CARTESIAN_POINT ( 'NONE',  ( -0.5119632289546589554, 0.7575511488248285463, -4.546470358805130729 ) ) ;
#60 = AXIS2_PLACEMENT_3D ( 'NONE', #284, #172, #63 ) ;
#61 = EDGE_LOOP ( 'NONE', ( #1013, #1304, #856, #278 ) ) ;
#62 = ORIENTED_EDGE ( 'NONE', *, *, #1250, .F. ) ;
#63 = DIRECTION ( 'NONE',  ( 0.000000000000000000, 0.000000000000000000, -1.000000000000000000 ) ) ;
#64 = DIRECTION ( 'NONE',  ( 0.000000000000000000, -1.000000000000000000, 0.000000000000000000 ) ) ;
#65 = ORIENTED_EDGE ( 'NONE', *, *, #793, .F. ) ;
#66 = LINE ( 'NONE', #480, #1206 ) ;
#67 = DIRECTION ( 'NONE',  ( -0.000000000000000000, -1.000000000000000000, -0.000000000000000000 ) ) ;
#68 = DIRECTION ( 'NONE',  ( 0.000000000000000000, 1.000000000000000000, 0.000000000000000000 ) ) ;
#69 = DIRECTION ( 'NONE',  ( 0.000000000000000000, -0.000000000000000000, -1.000000000000000000 ) ) ;
#70 = VERTEX_POINT ( 'NONE', #461 ) ;
#71 = ORIENTED_EDGE ( 'NONE', *, *, #624, .T. ) ;
#72 = AXIS2_PLACEMENT_3D ( 'NONE', #7, #831, #786 ) ;
#73 = DIRECTION ( 'NONE',  ( 0.000000000000000000, 0.000000000000000000, -1.000000000000000000 ) ) ;
#74 = CARTESIAN_POINT ( 'NONE',  ( 0.8403156365826847107, -1.500000000000000000, -5.232039432212405750 ) ) ;
#75 = EDGE_CURVE ( 'NONE', #1002, #1253, #882, .T. ) ;
#76 = PLANE ( 'NONE',  #1146 ) ;
#77 = LINE ( 'NONE', #1210, #369 ) ;
#78 = VERTEX_POINT ( 'NONE', #652 ) ;
#79 = DIRECTION ( 'NONE',  ( -1.000000000000000000, 0.000000000000000000, 0.000000000000000000 ) ) ;
#80 = FACE_OUTER_BOUND ( 'NONE', #1324, .T. ) ;
#81 = PRODUCT_DEFINITION ( 'UNKNOWN', '', #1139, #203 ) ;
#82 = ORIENTED_EDGE ( 'NONE', *, *, #971, .T. ) ;
#83 = DIRECTION ( 'NONE',  ( 1.000000000000000000, 0.000000000000000000, -1.224646799147353207E-16 ) ) ;
#84 = ORIENTED_EDGE ( 'NONE', *, *, #657, .T. ) ;
#85 = CARTESIAN_POINT ( 'NONE',  ( -0.8403156365826839336, 4.336808689942017736E-16, -5.232039432212405750 ) ) ;
#86 = FILL_AREA_STYLE ('',( #705 ) ) ;
#87 = VERTEX_POINT ( 'NONE', #266 ) ;
#88 = ADVANCED_FACE ( 'NONE', ( #758 ), #1153, .F. ) ;
#89 = DIRECTION ( 'NONE',  ( -0.000000000000000000, 0.000000000000000000, 1.000000000000000000 ) ) ;
#90 = CYLINDRICAL_SURFACE ( 'NONE', #692, 0.8000000000000003775 ) ;
#91 = VERTEX_POINT ( 'NONE', #992 ) ;
#92 = AXIS2_PLACEMENT_3D ( 'NONE', #490, #1315, #891 ) ;
#93 = CARTESIAN_POINT ( 'NONE',  ( 0.000000000000000000, -0.4999999999999987232, -2.514975354336313806 ) ) ;
#94 = DIRECTION ( 'NONE',  ( 1.000000000000000000, 0.000000000000000000, 0.000000000000000000 ) ) ;
#95 = VERTEX_POINT ( 'NONE', #556 ) ;
#96 = DIRECTION ( 'NONE',  ( 1.000000000000000000, 0.000000000000000000, 0.000000000000000000 ) ) ;
#97 = VERTEX_POINT ( 'NONE', #1168 ) ;
#98 = CARTESIAN_POINT ( 'NONE',  ( 0.7346816721689388707, -0.2089713541641934902, -5.357508593686442389 ) ) ;
#99 = CARTESIAN_POINT ( 'NONE',  ( -1.175400016413947979, 0.03201679264358475718, -6.425525081092849256 ) ) ;
#100 = CARTESIAN_POINT ( 'NONE',  ( 0.8403156365826847107, -1.500000000000000000, -5.232039432212405750 ) ) ;
#101 = FACE_OUTER_BOUND ( 'NONE', #892, .T. ) ;
#102 = DIRECTION ( 'NONE',  ( -0.000000000000000000, 1.000000000000000000, -0.000000000000000000 ) ) ;
#103 = ORIENTED_EDGE ( 'NONE', *, *, #973, .F. ) ;
#104 = CARTESIAN_POINT ( 'NONE',  ( 0.7441565858313280435, 0.05248458029396643743, -6.485397852239549010 ) ) ;
#105 = AXIS2_PLACEMENT_3D ( 'NONE', #781, #471, #886 ) ;
#106 = CARTESIAN_POINT ( 'NONE',  ( -6.200000000000000178, 10.00000000000000000, 6.200000000000000178 ) ) ;
#107 = CIRCLE ( 'NONE', #1140, 5.850000000000000533 ) ;
#108 = EDGE_LOOP ( 'NONE', ( #432, #82, #745 ) ) ;
#109 = CARTESIAN_POINT ( 'NONE',  ( -6.200000000000000178, 0.8000000000000003775, 6.200000000000000178 ) ) ;
#110 = ORIENTED_EDGE ( 'NONE', *, *, #918, .T. ) ;
#111 = CARTESIAN_POINT ( 'NONE',  ( 0.2225354754696540205, -0.3227463118703086664, -5.606071848597885321 ) ) ;
#112 = DIRECTION ( 'NONE',  ( 0.000000000000000000, -1.000000000000000000, 0.000000000000000000 ) ) ;
#113 = ADVANCED_FACE ( 'NONE', ( #978 ), #1289, .F. ) ;
#114 = AXIS2_PLACEMENT_3D ( 'NONE', #835, #1053, #622 ) ;
#115 = EDGE_CURVE ( 'NONE', #30, #91, #970, .T. ) ;
#116 = CARTESIAN_POINT ( 'NONE',  ( -0.2200029912059623671, 0.2947890164966573412, -4.966291837631642281 ) ) ;
#117 = EDGE_LOOP ( 'NONE', ( #1193, #982, #936, #794, #630, #1240 ) ) ;
#118 = CARTESIAN_POINT ( 'NONE',  ( 0.3769284761916706361, 0.06387036772014645369, -6.513599109119847519 ) ) ;
#119 = LINE ( 'NONE', #233, #1043 ) ;
#120 = ORIENTED_EDGE ( 'NONE', *, *, #543, .F. ) ;
#121 = CARTESIAN_POINT ( 'NONE',  ( 0.3462886299590126060, -0.05550216430080516516, -4.875651360125440092 ) ) ;
#122 = ORIENTED_EDGE ( 'NONE', *, *, #864, .T. ) ;
#123 = CARTESIAN_POINT ( 'NONE',  ( 1.986200595559072246, 0.000000000000000000, -6.200000000000000178 ) ) ;
#124 = DIRECTION ( 'NONE',  ( 0.000000000000000000, 0.000000000000000000, -1.000000000000000000 ) ) ;
#125 = DIRECTION ( 'NONE',  ( 0.000000000000000000, 1.000000000000000000, 0.000000000000000000 ) ) ;
#126 = ORIENTED_EDGE ( 'NONE', *, *, #851, .F. ) ;
#127 = CIRCLE ( 'NONE', #442, 2.600000000000000089 ) ;
#128 = CARTESIAN_POINT ( 'NONE',  ( 7.000000000000000000, 10.00000000000000000, -6.200000000000000178 ) ) ;
#129 = ADVANCED_FACE ( 'NONE', ( #792 ), #699, .F. ) ;
#130 = CARTESIAN_POINT ( 'NONE',  ( -1.463400930197568561, 1.000000000000001110, -4.834703200884189478 ) ) ;
#131 = DIRECTION ( 'NONE',  ( 0.000000000000000000, -1.000000000000000000, 0.000000000000000000 ) ) ;
#132 = ORIENTED_EDGE ( 'NONE', *, *, #1267, .T. ) ;
#133 = TOROIDAL_SURFACE ( 'NONE', #620, 2.000000000000000888, 1.500000000000000000 ) ;
#134 = DIRECTION ( 'NONE',  ( 0.000000000000000000, 1.000000000000000000, 0.000000000000000000 ) ) ;
#135 = CYLINDRICAL_SURFACE ( 'NONE', #1319, 5.049999999999999822 ) ;
#136 = CARTESIAN_POINT ( 'NONE',  ( 0.1430405479909074018, 0.8139381485213827983, -5.000157744305505858 ) ) ;
#137 = FACE_OUTER_BOUND ( 'NONE', #529, .T. ) ;
#138 = CARTESIAN_POINT ( 'NONE',  ( 6.200000000000000178, 0.8000000000000000444, 6.200000000000000178 ) ) ;
#139 = CARTESIAN_POINT ( 'NONE',  ( -6.200000000000000178, 0.000000000000000000, 6.200000000000000178 ) ) ;
#140 = CARTESIAN_POINT ( 'NONE',  ( 0.07086555631302064728, 0.6208696108000419933, -5.010114860138347836 ) ) ;
#141 = DIRECTION ( 'NONE',  ( 0.000000000000000000, 0.000000000000000000, -1.000000000000000000 ) ) ;
#142 = EDGE_CURVE ( 'NONE', #1253, #591, #1320, .T. ) ;
#143 = CARTESIAN_POINT ( 'NONE',  ( -1.996167530449366456, 1.000000000000000888, -4.638729911342078793 ) ) ;
#144 = CIRCLE ( 'NONE', #236, 0.5000000000000004441 ) ;
#145 = CARTESIAN_POINT ( 'NONE',  ( -0.9598073515107029552, 1.000000000000000888, -4.957950165944190246 ) ) ;
#146 = CIRCLE ( 'NONE', #1207, 0.8091825482288367288 ) ;
#147 = CARTESIAN_POINT ( 'NONE',  ( -1.377448606339288339, 1.000000000000001332, -4.859115472416320358 ) ) ;
#148 = CARTESIAN_POINT ( 'NONE',  ( 0.04317692306342684611, 0.9999999999041502274, -5.050021359975754187 ) ) ;
#149 = CYLINDRICAL_SURFACE ( 'NONE', #325, 0.8000000000000003775 ) ;
#150 = CARTESIAN_POINT ( 'NONE',  ( -0.4952184754515999154, -0.4999999343746960867, -4.607585752710159355 ) ) ;
#151 = AXIS2_PLACEMENT_3D ( 'NONE', #292, #1329, #702 ) ;
#152 = CIRCLE ( 'NONE', #4, 0.8000000000000003775 ) ;
#153 = ADVANCED_FACE ( 'NONE', ( #1119 ), #133, .T. ) ;
#154 = AXIS2_PLACEMENT_3D ( 'NONE', #686, #1286, #361 ) ;
#155 = CIRCLE ( 'NONE', #644, 1.500000000000000222 ) ;
#156 = CARTESIAN_POINT ( 'NONE',  ( -0.4990418826123416141, -0.4999999999999991673, -4.545913993587752167 ) ) ;
#157 = EDGE_CURVE ( 'NONE', #679, #1248, #841, .T. ) ;
#158 = CARTESIAN_POINT ( 'NONE',  ( -0.3987781012062376895, -0.2076892887988094349, -4.816602974014715599 ) ) ;
#159 = CARTESIAN_POINT ( 'NONE',  ( -6.200000000000000178, 0.8000000000000000444, 6.200000000000000178 ) ) ;
#160 = ORIENTED_EDGE ( 'NONE', *, *, #289, .T. ) ;
#161 = CARTESIAN_POINT ( 'NONE',  ( -0.7285750775756427711, -1.485888852842621510, -5.350107431472312491 ) ) ;
#162 = CARTESIAN_POINT ( 'NONE',  ( 0.1549598047369715181, 0.4532140513874585164, -4.990899860146040368 ) ) ;
#163 = ORIENTED_EDGE ( 'NONE', *, *, #793, .T. ) ;
#164 = CARTESIAN_POINT ( 'NONE',  ( 0.000000000000000000, 1.000000000000000888, 0.000000000000000000 ) ) ;
#165 = ORIENTED_EDGE ( 'NONE', *, *, #778, .F. ) ;
#166 = ORIENTED_EDGE ( 'NONE', *, *, #516, .T. ) ;
#167 = DIRECTION ( 'NONE',  ( -1.000000000000000000, 0.000000000000000000, 0.000000000000000000 ) ) ;
#168 = CARTESIAN_POINT ( 'NONE',  ( -0.4206638179266353195, -0.2725773353099070762, -4.787249335619480739 ) ) ;
#169 = CIRCLE ( 'NONE', #571, 0.8000000000000003775 ) ;
#170 = VERTEX_POINT ( 'NONE', #74 ) ;
#171 = CARTESIAN_POINT ( 'NONE',  ( 0.4951909320107285017, -0.4999999272737307709, -4.608030029863863675 ) ) ;
#172 = DIRECTION ( 'NONE',  ( 0.000000000000000000, -1.000000000000000000, 0.000000000000000000 ) ) ;
#173 = MANIFOLD_SOLID_BREP ( 'Fillet2', #204 ) ;
#174 = ORIENTED_EDGE ( 'NONE', *, *, #902, .T. ) ;
#175 = ADVANCED_FACE ( 'NONE', ( #80 ), #1308, .F. ) ;
#176 = DIRECTION ( 'NONE',  ( 0.000000000000000000, 0.000000000000000000, 1.000000000000000000 ) ) ;
#177 = DIRECTION ( 'NONE',  ( 0.000000000000000000, 0.000000000000000000, -1.000000000000000000 ) ) ;
#178 = CIRCLE ( 'NONE', #1275, 1.100000000000000311 ) ;
#179 = CARTESIAN_POINT ( 'NONE',  ( 6.200000000000000178, 10.00000000000000000, 6.200000000000000178 ) ) ;
#180 = AXIS2_PLACEMENT_3D ( 'NONE', #1141, #825, #610 ) ;
#181 = DIRECTION ( 'NONE',  ( -1.000000000000000000, -0.000000000000000000, -0.000000000000000000 ) ) ;
#182 = ORIENTED_EDGE ( 'NONE', *, *, #446, .T. ) ;
#183 = CARTESIAN_POINT ( 'NONE',  ( 7.000000000000000000, 0.000000000000000000, -6.200000000000000178 ) ) ;
#184 =( LENGTH_UNIT ( ) NAMED_UNIT ( * ) SI_UNIT ( .MILLI., .METRE. ) );
#185 = ORIENTED_EDGE ( 'NONE', *, *, #142, .F. ) ;
#186 = VERTEX_POINT ( 'NONE', #273 ) ;
#187 = ORIENTED_EDGE ( 'NONE', *, *, #918, .F. ) ;
#188 = FACE_OUTER_BOUND ( 'NONE', #714, .T. ) ;
#189 = LINE ( 'NONE', #813, #350 ) ;
#190 = EDGE_CURVE ( 'NONE', #95, #336, #189, .T. ) ;
#191 = CARTESIAN_POINT ( 'NONE',  ( 1.459882915941616677, 0.9999999999999842348, -4.835782628486144930 ) ) ;
#192 = CARTESIAN_POINT ( 'NONE',  ( 1.714541256958638662E-14, 0.6777466661348763299, -5.014975354336314695 ) ) ;
#193 = ORIENTED_EDGE ( 'NONE', *, *, #1184, .F. ) ;
#194 = CARTESIAN_POINT ( 'NONE',  ( -0.8351510103006155594, -0.06056882081689234087, -5.238153450530676380 ) ) ;
#195 = CARTESIAN_POINT ( 'NONE',  ( -6.200000000000000178, 0.8000000000000003775, 6.200000000000000178 ) ) ;
#196 = EDGE_CURVE ( 'NONE', #95, #808, #1277, .T. ) ;
#197 = DIRECTION ( 'NONE',  ( 0.000000000000000000, 0.000000000000000000, 1.000000000000000000 ) ) ;
#198 = DIRECTION ( 'NONE',  ( 0.000000000000000000, 0.000000000000000000, -1.000000000000000000 ) ) ;
#199 = ORIENTED_EDGE ( 'NONE', *, *, #196, .T. ) ;
#200 = CIRCLE ( 'NONE', #953, 0.8000000000000003775 ) ;
#201 = DIRECTION ( 'NONE',  ( 0.000000000000000000, 1.000000000000000000, 0.000000000000000000 ) ) ;
#202 = AXIS2_PLACEMENT_3D ( 'NONE', #259, #347, #141 ) ;
#203 = PRODUCT_DEFINITION_CONTEXT ( 'detailed design', #1148, 'design' ) ;
#204 = CLOSED_SHELL ( 'NONE', ( #857, #214, #475, #1241, #1055, #795, #889, #88, #175, #113, #1145, #404, #502, #1087, #420, #13, #381, #308, #1287, #405, #129, #367, #1075, #1131, #1032, #776, #430, #1156, #690, #53, #1128, #541, #246, #229, #153, #29, #640, #667 ) ) ;
#205 = DIRECTION ( 'NONE',  ( -0.000000000000000000, -1.000000000000000000, -0.000000000000000000 ) ) ;
#206 = CARTESIAN_POINT ( 'NONE',  ( 0.3601960208318449874, -0.09334900704613342814, -4.868037942263005569 ) ) ;
#207 = CARTESIAN_POINT ( 'NONE',  ( 0.000000000000000000, -0.4999999999999987232, -4.514975354336314695 ) ) ;
#208 = ORIENTED_EDGE ( 'NONE', *, *, #657, .F. ) ;
#209 = LINE ( 'NONE', #1236, #300 ) ;
#210 = CYLINDRICAL_SURFACE ( 'NONE', #1274, 0.8000000000000003775 ) ;
#211 = CARTESIAN_POINT ( 'NONE',  ( -0.1559156585543376716, 0.4509843107230144810, -4.990593140458780219 ) ) ;
#212 = ORIENTED_EDGE ( 'NONE', *, *, #356, .F. ) ;
#213 = CARTESIAN_POINT ( 'NONE',  ( -0.3166183269402244038, -1.349543633713780721, -5.578712035080260812 ) ) ;
#214 = ADVANCED_FACE ( 'NONE', ( #397 ), #1255, .T. ) ;
#215 = LINE ( 'NONE', #510, #287 ) ;
#216 = CIRCLE ( 'NONE', #509, 1.250000000000000222 ) ;
#217 = EDGE_CURVE ( 'NONE', #636, #97, #741, .T. ) ;
#218 = AXIS2_PLACEMENT_3D ( 'NONE', #533, #324, #124 ) ;
#219 = VERTEX_POINT ( 'NONE', #1033 ) ;
#220 = CIRCLE ( 'NONE', #974, 0.5000000000000004441 ) ;
#221 = CIRCLE ( 'NONE', #555, 1.100000000000000311 ) ;
#222 = FACE_OUTER_BOUND ( 'NONE', #271, .T. ) ;
#223 = CARTESIAN_POINT ( 'NONE',  ( 0.4314983092723460589, -0.3057722207562260652, -4.767589241939329980 ) ) ;
#224 = ORIENTED_EDGE ( 'NONE', *, *, #311, .F. ) ;
#225 = CARTESIAN_POINT ( 'NONE',  ( -0.6751031632087175494, -0.2430295871774465211, -5.409589822740134224 ) ) ;
#226 = CARTESIAN_POINT ( 'NONE',  ( -0.4529686086627829344, -0.3705670254080130621, -4.726806725947391818 ) ) ;
#227 = CARTESIAN_POINT ( 'NONE',  ( -7.000000000000000000, 10.00000000000000000, 6.200000000000000178 ) ) ;
#228 = EDGE_LOOP ( 'NONE', ( #626, #985, #577, #132, #996, #417 ) ) ;
#229 = ADVANCED_FACE ( 'NONE', ( #634 ), #1040, .T. ) ;
#230 = CARTESIAN_POINT ( 'NONE',  ( 0.4359585876013774564, -0.3192211717712328811, -4.759817759647999580 ) ) ;
#231 = CARTESIAN_POINT ( 'NONE',  ( -0.2964583440018924154, 0.08581583724522355572, -4.917607258526303760 ) ) ;
#232 = CARTESIAN_POINT ( 'NONE',  ( -0.03020222660483104504, 0.6771578725720398539, -5.014928629444930230 ) ) ;
#233 = CARTESIAN_POINT ( 'NONE',  ( 7.000000000000000000, 0.000000000000000000, -6.200000000000000178 ) ) ;
#234 = VECTOR ( 'NONE', #659, 1000.000000000000000 ) ;
#235 = ORIENTED_EDGE ( 'NONE', *, *, #390, .F. ) ;
#236 = AXIS2_PLACEMENT_3D ( 'NONE', #980, #955, #632 ) ;
#237 = CARTESIAN_POINT ( 'NONE',  ( 6.123233995736777129E-17, -6.000000000000000000, -4.014975354336314695 ) ) ;
#238 = CARTESIAN_POINT ( 'NONE',  ( -0.4147836522245446633, -0.2553650583788630302, -4.794436000217258353 ) ) ;
#239 = CARTESIAN_POINT ( 'NONE',  ( -7.000000000000000000, 10.00000000000000000, 7.000000000000000000 ) ) ;
#240 = CIRCLE ( 'NONE', #154, 0.8000000000000003775 ) ;
#241 = VERTEX_POINT ( 'NONE', #733 ) ;
#242 = AXIS2_PLACEMENT_3D ( 'NONE', #777, #67, #1282 ) ;
#243 = CARTESIAN_POINT ( 'NONE',  ( 0.2948303777756466904, 0.09032673352368900122, -4.918800871534856789 ) ) ;
#244 = CARTESIAN_POINT ( 'NONE',  ( -0.3419803251700145319, -0.04312883672391565337, -4.879736443202860485 ) ) ;
#245 = CARTESIAN_POINT ( 'NONE',  ( -0.4446072299337531786, -0.3453012688852458156, -4.744184990615816666 ) ) ;
#246 = ADVANCED_FACE ( 'NONE', ( #222 ), #210, .T. ) ;
#247 = CARTESIAN_POINT ( 'NONE',  ( 0.000000000000000000, -3.500000000000000000, -4.522201682501503228 ) ) ;
#248 = APPLICATION_PROTOCOL_DEFINITION ( 'draft international standard', 'automotive_design', 1998, #1148 ) ;
#249 = CARTESIAN_POINT ( 'NONE',  ( 0.4990418826123412810, -0.4999999999999991673, -4.545913993587755719 ) ) ;
#250 = CARTESIAN_POINT ( 'NONE',  ( 6.200000000000000178, 10.00000000000000000, -7.000000000000000000 ) ) ;
#251 = CARTESIAN_POINT ( 'NONE',  ( 0.02822995220441277403, 0.8409112532940982154, -5.015043897874424950 ) ) ;
#252 = CARTESIAN_POINT ( 'NONE',  ( 0.000000000000000000, 1.000000000000000888, 0.000000000000000000 ) ) ;
#253 = EDGE_CURVE ( 'NONE', #790, #425, #215, .T. ) ;
#254 = CARTESIAN_POINT ( 'NONE',  ( -0.3614501852927405889, -0.09700026263810537785, -4.866711673100005520 ) ) ;
#255 = EDGE_CURVE ( 'NONE', #679, #241, #119, .T. ) ;
#256 = VECTOR ( 'NONE', #1318, 1000.000000000000000 ) ;
#257 = CARTESIAN_POINT ( 'NONE',  ( -1.054819626287002654, 1.000000000000000888, -4.939556784008336976 ) ) ;
#258 = DIRECTION ( 'NONE',  ( 0.000000000000000000, 0.000000000000000000, -1.000000000000000000 ) ) ;
#259 = CARTESIAN_POINT ( 'NONE',  ( 0.000000000000000000, 4.000000000000000000, -4.514975354336314695 ) ) ;
#260 = DIRECTION ( 'NONE',  ( 0.000000000000000000, 0.000000000000000000, 1.000000000000000000 ) ) ;
#261 = AXIS2_PLACEMENT_3D ( 'NONE', #1039, #112, #335 ) ;
#262 = CARTESIAN_POINT ( 'NONE',  ( 1.049446790407413843, 1.000000000000067724, -4.940709159960526620 ) ) ;
#263 = CARTESIAN_POINT ( 'NONE',  ( -0.4834023193005816954, 0.6418821278019202214, -4.817405514644279130 ) ) ;
#264 = VERTEX_POINT ( 'NONE', #1060 ) ;
#265 = FACE_OUTER_BOUND ( 'NONE', #787, .T. ) ;
#266 = CARTESIAN_POINT ( 'NONE',  ( -1.755865112464317815E-14, -1.307022557257371931, -5.622201682501503761 ) ) ;
#267 = EDGE_CURVE ( 'NONE', #802, #336, #415, .T. ) ;
#268 = ORIENTED_EDGE ( 'NONE', *, *, #769, .F. ) ;
#269 = EDGE_CURVE ( 'NONE', #601, #30, #281, .T. ) ;
#270 = DIRECTION ( 'NONE',  ( 1.000000000000000000, 0.000000000000000000, 0.000000000000000000 ) ) ;
#271 = EDGE_LOOP ( 'NONE', ( #688, #374, #695, #1130 ) ) ;
#272 = DIRECTION ( 'NONE',  ( 1.000000000000000000, 0.000000000000000000, 0.000000000000000000 ) ) ;
#273 = CARTESIAN_POINT ( 'NONE',  ( -0.9598073515107029552, 1.000000000000000888, -4.957950165944190246 ) ) ;
#274 = ORIENTED_EDGE ( 'NONE', *, *, #488, .F. ) ;
#275 = EDGE_LOOP ( 'NONE', ( #199, #1107, #1044 ) ) ;
#276 = DIRECTION ( 'NONE',  ( 0.000000000000000000, 0.000000000000000000, 1.000000000000000000 ) ) ;
#277 = AXIS2_PLACEMENT_3D ( 'NONE', #828, #519, #501 ) ;
#278 = ORIENTED_EDGE ( 'NONE', *, *, #732, .F. ) ;
#279 = LINE ( 'NONE', #1003, #862 ) ;
#280 = CARTESIAN_POINT ( 'NONE',  ( 1.829734460397548945, 2.258754526011468213E-18, -6.264426695929335764 ) ) ;
#281 = CIRCLE ( 'NONE', #114, 0.8000000000000003775 ) ;
#282 = FACE_OUTER_BOUND ( 'NONE', #711, .T. ) ;
#283 = CARTESIAN_POINT ( 'NONE',  ( 1.150425447584602523, 1.000000000000033751, -4.919624440092298379 ) ) ;
#284 = CARTESIAN_POINT ( 'NONE',  ( 0.000000000000000000, -6.000000000000000000, -4.514975354336314695 ) ) ;
#285 = VECTOR ( 'NONE', #89, 1000.000000000000000 ) ;
#286 = EDGE_LOOP ( 'NONE', ( #1167, #163, #989, #1110, #1127 ) ) ;
#287 = VECTOR ( 'NONE', #725, 1000.000000000000000 ) ;
#288 = DIRECTION ( 'NONE',  ( 0.000000000000000000, 0.000000000000000000, -1.000000000000000000 ) ) ;
#289 = EDGE_CURVE ( 'NONE', #807, #78, #220, .T. ) ;
#290 = DIRECTION ( 'NONE',  ( -1.000000000000000000, 0.000000000000000000, 0.000000000000000000 ) ) ;
#291 = LINE ( 'NONE', #903, #285 ) ;
#292 = CARTESIAN_POINT ( 'NONE',  ( 6.200000000000000178, 10.00000000000000000, 6.200000000000000178 ) ) ;
#293 = ORIENTED_EDGE ( 'NONE', *, *, #569, .T. ) ;
#294 = CARTESIAN_POINT ( 'NONE',  ( 0.000000000000000000, -3.500000000000000000, -4.522201682501503228 ) ) ;
#295 = EDGE_CURVE ( 'NONE', #601, #538, #152, .T. ) ;
#296 = CARTESIAN_POINT ( 'NONE',  ( -0.3376637121816186138, 0.06711413140963430612, -6.520746479427120157 ) ) ;
#297 = FACE_OUTER_BOUND ( 'NONE', #108, .T. ) ;
#298 = EDGE_LOOP ( 'NONE', ( #391, #1016, #717, #923 ) ) ;
#299 = LINE ( 'NONE', #906, #926 ) ;
#300 = VECTOR ( 'NONE', #312, 1000.000000000000000 ) ;
#301 = CARTESIAN_POINT ( 'NONE',  ( 0.000000000000000000, 9.199999999999999289, 0.000000000000000000 ) ) ;
#302 = CARTESIAN_POINT ( 'NONE',  ( 0.05699737004800817242, 0.6396479482829652286, -5.011783110681279574 ) ) ;
#303 = DIRECTION ( 'NONE',  ( -1.000000000000000000, 0.000000000000000000, 0.000000000000000000 ) ) ;
#304 = VERTEX_POINT ( 'NONE', #411 ) ;
#305 = CARTESIAN_POINT ( 'NONE',  ( -0.7483705904708070067, 0.05233264787790029016, -6.485011467729774104 ) ) ;
#306 = UNCERTAINTY_MEASURE_WITH_UNIT (LENGTH_MEASURE( 1.000000000000000082E-05 ), #678, 'distance_accuracy_value', 'NONE');
#307 = CARTESIAN_POINT ( 'NONE',  ( 0.000000000000000000, 1.000000000000000888, 0.000000000000000000 ) ) ;
#308 = ADVANCED_FACE ( 'NONE', ( #1338 ), #1185, .T. ) ;
#309 = DIRECTION ( 'NONE',  ( -0.000000000000000000, 1.000000000000000000, -0.000000000000000000 ) ) ;
#310 = VERTEX_POINT ( 'NONE', #742 ) ;
#311 = EDGE_CURVE ( 'NONE', #264, #734, #455, .T. ) ;
#312 = DIRECTION ( 'NONE',  ( -0.000000000000000000, -0.000000000000000000, 1.000000000000000000 ) ) ;
#313 = CARTESIAN_POINT ( 'NONE',  ( 1.996167530449363348, 1.000000000000000888, -4.638729911342079681 ) ) ;
#314 = CARTESIAN_POINT ( 'NONE',  ( -0.09556880359710913375, 0.5786850648031494071, -5.005930601195093921 ) ) ;
#315 = EDGE_LOOP ( 'NONE', ( #485, #524, #329, #905 ) ) ;
#316 = CARTESIAN_POINT ( 'NONE',  ( 0.8403156365826842666, -1.499999999999999556, -5.232039432212405750 ) ) ;
#317 = AXIS2_PLACEMENT_3D ( 'NONE', #939, #1196, #69 ) ;
#318 = CARTESIAN_POINT ( 'NONE',  ( 0.000000000000000000, 9.199999999999999289, 0.000000000000000000 ) ) ;
#319 = ORIENTED_EDGE ( 'NONE', *, *, #295, .F. ) ;
#320 = VERTEX_POINT ( 'NONE', #1152 ) ;
#321 = FACE_OUTER_BOUND ( 'NONE', #671, .T. ) ;
#322 = ORIENTED_EDGE ( 'NONE', *, *, #723, .F. ) ;
#323 = CARTESIAN_POINT ( 'NONE',  ( 1.986200595559072246, 4.336808689942017736E-16, -6.200000000000000178 ) ) ;
#324 = DIRECTION ( 'NONE',  ( -0.000000000000000000, 1.000000000000000000, -0.000000000000000000 ) ) ;
#325 = AXIS2_PLACEMENT_3D ( 'NONE', #36, #42, #460 ) ;
#326 = DIRECTION ( 'NONE',  ( -1.000000000000000000, 0.000000000000000000, 0.000000000000000000 ) ) ;
#327 = EDGE_CURVE ( 'NONE', #30, #538, #694, .T. ) ;
#328 = VECTOR ( 'NONE', #899, 1000.000000000000000 ) ;
#329 = ORIENTED_EDGE ( 'NONE', *, *, #269, .F. ) ;
#330 = DIRECTION ( 'NONE',  ( 0.000000000000000000, -1.000000000000000000, 0.000000000000000000 ) ) ;
#331 =( BOUNDED_CURVE ( )  B_SPLINE_CURVE ( 2, ( #586, #1006, #1182 ),
 .UNSPECIFIED., .F., .T. ) 
 B_SPLINE_CURVE_WITH_KNOTS ( ( 3, 3 ),
 ( 0.000000000000000000, 1.000000000000000000 ),
 .UNSPECIFIED. ) 
 CURVE ( )  GEOMETRIC_REPRESENTATION_ITEM ( )  RATIONAL_B_SPLINE_CURVE ( ( 1.000000000000000000, 0.7071067811865467956, 1.000000000000000000 ) ) 
 REPRESENTATION_ITEM ( '' )  );
#332 = EDGE_LOOP ( 'NONE', ( #1238, #15, #928, #1030 ) ) ;
#333 = FACE_OUTER_BOUND ( 'NONE', #594, .T. ) ;
#334 = CARTESIAN_POINT ( 'NONE',  ( 0.1110924160854568077, 0.5521223663022474248, -5.003236252010948348 ) ) ;
#335 = DIRECTION ( 'NONE',  ( 0.000000000000000000, 0.000000000000000000, -1.000000000000000000 ) ) ;
#336 = VERTEX_POINT ( 'NONE', #227 ) ;
#337 = EDGE_CURVE ( 'NONE', #425, #241, #845, .T. ) ;
#338 = CARTESIAN_POINT ( 'NONE',  ( 0.4332153389371319885, -0.3109494704042303770, -4.764639455984479355 ) ) ;
#339 = CARTESIAN_POINT ( 'NONE',  ( -1.817859397784234776, 1.000000000000131228, -4.715460526490691251 ) ) ;
#340 = CARTESIAN_POINT ( 'NONE',  ( 6.200000000000000178, 0.8000000000000003775, 6.200000000000000178 ) ) ;
#341 = CIRCLE ( 'NONE', #105, 0.8000000000000003775 ) ;
#342 = VERTEX_POINT ( 'NONE', #313 ) ;
#343 = CARTESIAN_POINT ( 'NONE',  ( -1.054819626287002654, 1.000000000000000888, -4.939556784008336976 ) ) ;
#344 = CARTESIAN_POINT ( 'NONE',  ( 0.4028686429848876704, -0.2198172008865907634, -4.811121594416087000 ) ) ;
#345 = CARTESIAN_POINT ( 'NONE',  ( -0.3335691537767426773, -0.01897307956123211320, -4.887494755636589083 ) ) ;
#346 = CARTESIAN_POINT ( 'NONE',  ( -0.4297155435053996997, -0.3003891749249483212, -4.770616039491359039 ) ) ;
#347 = DIRECTION ( 'NONE',  ( -0.000000000000000000, -1.000000000000000000, -0.000000000000000000 ) ) ;
#348 = B_SPLINE_CURVE_WITH_KNOTS ( 'NONE', 3,
 ( #559, #463, #1290, #162, #1300, #1134, #590, #302, #1113, #603, #814, #1106 ),
 .UNSPECIFIED., .F., .F.,
 ( 4, 2, 2, 2, 2, 4 ),
 ( 0.0007661703459290180067, 0.001107579311124595733, 0.001278283793722384543, 0.001363636035021278947, 0.001406312155670726149, 0.001448988276320173135 ),
 .UNSPECIFIED. ) ;
#349 = CARTESIAN_POINT ( 'NONE',  ( -1.817859397784234776, 1.000000000000131228, -4.715460526490691251 ) ) ;
#350 = VECTOR ( 'NONE', #1332, 1000.000000000000000 ) ;
#351 = APPLICATION_PROTOCOL_DEFINITION ( 'draft international standard', 'automotive_design', 1998, #1009 ) ;
#352 = CARTESIAN_POINT ( 'NONE',  ( 0.000000000000000000, 10.00000000000000000, 0.000000000000000000 ) ) ;
#353 = EDGE_CURVE ( 'NONE', #757, #568, #1188, .T. ) ;
#354 = DIRECTION ( 'NONE',  ( -0.000000000000000000, 1.000000000000000000, -0.000000000000000000 ) ) ;
#355 = CARTESIAN_POINT ( 'NONE',  ( 0.4252928843787293633, 0.9999999997769891680, -5.032659849140790342 ) ) ;
#356 = EDGE_CURVE ( 'NONE', #993, #1197, #178, .T. ) ;
#357 = CYLINDRICAL_SURFACE ( 'NONE', #910, 5.049999999999999822 ) ;
#358 = CARTESIAN_POINT ( 'NONE',  ( -1.683371399805127400, 1.000000000000001110, -4.762578909334797217 ) ) ;
#359 = LINE ( 'NONE', #1080, #398 ) ;
#360 = CARTESIAN_POINT ( 'NONE',  ( 1.996167530449363348, 1.000000000000000888, -4.638729911342079681 ) ) ;
#361 = DIRECTION ( 'NONE',  ( 0.000000000000000000, 0.000000000000000000, -1.000000000000000000 ) ) ;
#362 = CYLINDRICAL_SURFACE ( 'NONE', #202, 0.5000000000000004441 ) ;
#363 = ORIENTED_EDGE ( 'NONE', *, *, #311, .T. ) ;
#364 = DIRECTION ( 'NONE',  ( 0.000000000000000000, 1.000000000000000000, 0.000000000000000000 ) ) ;
#365 = ORIENTED_EDGE ( 'NONE', *, *, #327, .T. ) ;
#366 = CARTESIAN_POINT ( 'NONE',  ( -1.755865112464317815E-14, -1.307022557257371931, -5.622201682501503761 ) ) ;
#367 = ADVANCED_FACE ( 'NONE', ( #1260 ), #719, .T. ) ;
#368 = AXIS2_PLACEMENT_3D ( 'NONE', #1231, #629, #829 ) ;
#369 = VECTOR ( 'NONE', #780, 1000.000000000000000 ) ;
#370 = CIRCLE ( 'NONE', #1125, 0.8000000000000003775 ) ;
#371 = CARTESIAN_POINT ( 'NONE',  ( 0.5572367991069681059, 0.6069047376912921621, -4.657756824046300537 ) ) ;
#372 = ORIENTED_EDGE ( 'NONE', *, *, #732, .T. ) ;
#373 = CARTESIAN_POINT ( 'NONE',  ( 7.000000000000000000, 10.00000000000000000, 7.000000000000000000 ) ) ;
#374 = ORIENTED_EDGE ( 'NONE', *, *, #190, .F. ) ;
#375 = CARTESIAN_POINT ( 'NONE',  ( -0.4094289967685743603, 0.6845293358172532816, -4.885130472138693669 ) ) ;
#376 = ORIENTED_EDGE ( 'NONE', *, *, #1267, .F. ) ;
#377 = CARTESIAN_POINT ( 'NONE',  ( 0.000000000000000000, 1.000000000000000888, 0.000000000000000000 ) ) ;
#378 = DIRECTION ( 'NONE',  ( 0.000000000000000000, -1.000000000000000000, 0.000000000000000000 ) ) ;
#379 = VECTOR ( 'NONE', #270, 1000.000000000000000 ) ;
#380 = AXIS2_PLACEMENT_3D ( 'NONE', #693, #773, #476 ) ;
#381 = ADVANCED_FACE ( 'NONE', ( #1162 ), #515, .T. ) ;
#382 = CARTESIAN_POINT ( 'NONE',  ( 1.373496748222425623, 0.9999999999999846789, -4.860239446006496600 ) ) ;
#383 = DIRECTION ( 'NONE',  ( 0.000000000000000000, 0.000000000000000000, 1.000000000000000000 ) ) ;
#384 = VECTOR ( 'NONE', #354, 1000.000000000000000 ) ;
#385 = ORIENTED_EDGE ( 'NONE', *, *, #217, .T. ) ;
#386 = FACE_OUTER_BOUND ( 'NONE', #1179, .T. ) ;
#387 = CARTESIAN_POINT ( 'NONE',  ( 6.200000000000000178, 10.00000000000000000, 7.000000000000000000 ) ) ;
#388 = ORIENTED_EDGE ( 'NONE', *, *, #1034, .T. ) ;
#389 = LINE ( 'NONE', #914, #738 ) ;
#390 = EDGE_CURVE ( 'NONE', #170, #264, #221, .T. ) ;
#391 = ORIENTED_EDGE ( 'NONE', *, *, #962, .F. ) ;
#392 = CARTESIAN_POINT ( 'NONE',  ( -0.7881254261492586233, -1.499999980230985352, -5.293822917130769135 ) ) ;
#393 = CARTESIAN_POINT ( 'NONE',  ( -1.829558236139775085, -1.699040801352141272E-13, -6.264499258255292524 ) ) ;
#394 = CARTESIAN_POINT ( 'NONE',  ( -0.2964583440018924154, 0.08581583724522355572, -4.917607258526303760 ) ) ;
#395 = EDGE_LOOP ( 'NONE', ( #469, #423, #165, #1280 ) ) ;
#396 = DIRECTION ( 'NONE',  ( 0.000000000000000000, 1.000000000000000000, 0.000000000000000000 ) ) ;
#397 = FACE_OUTER_BOUND ( 'NONE', #1330, .T. ) ;
#398 = VECTOR ( 'NONE', #675, 1000.000000000000000 ) ;
#399 = CIRCLE ( 'NONE', #726, 0.8000000000000003775 ) ;
#400 = DIRECTION ( 'NONE',  ( 0.000000000000000000, 0.000000000000000000, -1.000000000000000000 ) ) ;
#401 = ORIENTED_EDGE ( 'NONE', *, *, #504, .F. ) ;
#402 = CARTESIAN_POINT ( 'NONE',  ( 0.000000000000000000, 0.000000000000000000, -4.522201682501503228 ) ) ;
#403 = DIRECTION ( 'NONE',  ( 0.000000000000000000, 0.000000000000000000, -1.000000000000000000 ) ) ;
#404 = ADVANCED_FACE ( 'NONE', ( #968 ), #673, .F. ) ;
#405 = ADVANCED_FACE ( 'NONE', ( #861, #1174 ), #452, .F. ) ;
#406 = DIRECTION ( 'NONE',  ( 1.000000000000000000, 0.000000000000000000, 0.000000000000000000 ) ) ;
#407 = EDGE_LOOP ( 'NONE', ( #56, #685 ) ) ;
#408 = CARTESIAN_POINT ( 'NONE',  ( -0.2228665953798691091, -0.3227717896946427079, -5.606106297367968949 ) ) ;
#409 = UNCERTAINTY_MEASURE_WITH_UNIT (LENGTH_MEASURE( 1.000000000000000082E-05 ), #184, 'distance_accuracy_value', 'NONE');
#410 = MECHANICAL_DESIGN_GEOMETRIC_PRESENTATION_REPRESENTATION (  '', ( #454 ), #740 ) ;
#411 = CARTESIAN_POINT ( 'NONE',  ( 0.000000000000000000, 1.000000000000001110, -2.514975354336313806 ) ) ;
#412 = CARTESIAN_POINT ( 'NONE',  ( -7.000000000000000000, 10.00000000000000000, 7.000000000000000000 ) ) ;
#413 = VERTEX_POINT ( 'NONE', #1183 ) ;
#414 = CARTESIAN_POINT ( 'NONE',  ( 0.7292043213242630495, -1.486065824169862992, -5.349583261082664798 ) ) ;
#415 = LINE ( 'NONE', #527, #691 ) ;
#416 = ORIENTED_EDGE ( 'NONE', *, *, #142, .T. ) ;
#417 = ORIENTED_EDGE ( 'NONE', *, *, #915, .T. ) ;
#418 = CARTESIAN_POINT ( 'NONE',  ( 0.3610745595815850195, -0.09794874449835368202, -4.860966991945621984 ) ) ;
#419 = ORIENTED_EDGE ( 'NONE', *, *, #482, .F. ) ;
#420 = ADVANCED_FACE ( 'NONE', ( #58 ), #357, .F. ) ;
#421 = CARTESIAN_POINT ( 'NONE',  ( 0.9220638517566521752, 0.04444865454326717147, -6.464537755376738026 ) ) ;
#422 = CIRCLE ( 'NONE', #277, 2.000000000000000888 ) ;
#423 = ORIENTED_EDGE ( 'NONE', *, *, #706, .F. ) ;
#424 = CARTESIAN_POINT ( 'NONE',  ( 0.4010520185203702015, -0.2144243537935209276, -4.813572914085846755 ) ) ;
#425 = VERTEX_POINT ( 'NONE', #771 ) ;
#426 = CARTESIAN_POINT ( 'NONE',  ( 1.424976006896679470, 0.01849309005065780109, -6.375654342307915279 ) ) ;
#427 = CARTESIAN_POINT ( 'NONE',  ( -0.1377588841702066247, 0.4929459558751598802, -4.996303514700862536 ) ) ;
#428 = EDGE_CURVE ( 'NONE', #97, #70, #535, .T. ) ;
#429 = CARTESIAN_POINT ( 'NONE',  ( 0.000000000000000000, -3.500000000000000000, -4.522201682501503228 ) ) ;
#430 = ADVANCED_FACE ( 'NONE', ( #961 ), #149, .T. ) ;
#431 = VECTOR ( 'NONE', #1192, 1000.000000000000000 ) ;
#432 = ORIENTED_EDGE ( 'NONE', *, *, #337, .F. ) ;
#433 = ORIENTED_EDGE ( 'NONE', *, *, #255, .T. ) ;
#434 = FACE_OUTER_BOUND ( 'NONE', #6, .T. ) ;
#435 = CARTESIAN_POINT ( 'NONE',  ( 0.000000000000000000, 10.00000000000000000, 0.000000000000000000 ) ) ;
#436 = EDGE_LOOP ( 'NONE', ( #605, #1101, #9, #1007 ) ) ;
#437 = CARTESIAN_POINT ( 'NONE',  ( 0.000000000000000000, -6.000000000000000000, -5.331384230730339624 ) ) ;
#438 = DIRECTION ( 'NONE',  ( 0.7639233059842587270, 0.000000000000000000, -0.6453070451917293227 ) ) ;
#439 = CARTESIAN_POINT ( 'NONE',  ( -0.4563647188953834921, -0.3808501037454376514, -4.719276170176532226 ) ) ;
#440 = CARTESIAN_POINT ( 'NONE',  ( -1.986200595559072912, -1.500000000000000000, -6.200000000000000178 ) ) ;
#441 = VECTOR ( 'NONE', #64, 1000.000000000000000 ) ;
#442 = AXIS2_PLACEMENT_3D ( 'NONE', #402, #718, #1132 ) ;
#443 = CIRCLE ( 'NONE', #528, 5.049999999999999822 ) ;
#444 = EDGE_CURVE ( 'NONE', #734, #1248, #155, .T. ) ;
#445 = CARTESIAN_POINT ( 'NONE',  ( 0.4260604314085282840, -0.2893747189555614385, -4.776787467548814448 ) ) ;
#446 = EDGE_CURVE ( 'NONE', #808, #538, #663, .T. ) ;
#447 = VERTEX_POINT ( 'NONE', #1288 ) ;
#448 =( BOUNDED_SURFACE ( )  B_SPLINE_SURFACE ( 3, 2, ( 
 ( #1151, #874, #48 ),
 ( #1066, #854, #1259 ),
 ( #458, #650, #762 ),
 ( #355, #1272, #960 ),
 ( #1263, #1071, #334 ),
 ( #747, #136, #140 ),
 ( #957, #35, #1165 ),
 ( #860, #41, #967 ),
 ( #148, #251, #628 ),
 ( #450, #868, #232 ),
 ( #655, #1078, #553 ),
 ( #1052, #633, #526 ),
 ( #948, #22, #427 ),
 ( #789, #375, #465 ),
 ( #1187, #263, #896 ),
 ( #670, #1195, #470 ) ),
 .UNSPECIFIED., .F., .F., .T. ) 
 B_SPLINE_SURFACE_WITH_KNOTS ( ( 4, 2, 2, 2, 2, 2, 2, 4 ),
 ( 3, 3 ),
 ( 0.003000661601783988046, 0.003702450198866668717, 0.004053344497408009270, 0.004228791646678679329, 0.004404238795949349389, 0.004755133094490689508, 0.005106027393032029627, 0.005807815990114709864 ),
 ( 0.000000000000000000, 1.000000000000000000 ),
 .UNSPECIFIED. ) 
 GEOMETRIC_REPRESENTATION_ITEM ( )  RATIONAL_B_SPLINE_SURFACE ( (
 ( 1.000000000000000000, 0.9271435915826484742, 1.000000000000000000),
 ( 1.000000000000000000, 0.9480427234802435432, 1.000000000000000000),
 ( 1.000000000000000000, 0.9642803351637831977, 1.000000000000000000),
 ( 1.000000000000000000, 0.9813771307937062538, 1.000000000000000000),
 ( 1.000000000000000000, 0.9859233519560253178, 1.000000000000000000),
 ( 1.000000000000000000, 0.9907403807142654006, 1.000000000000000000),
 ( 1.000000000000000000, 0.9919895803984173366, 1.000000000000000000),
 ( 1.000000000000000000, 0.9937030781631324139, 1.000000000000000000),
 ( 1.000000000000000000, 0.9941611438426999348, 1.000000000000000000),
 ( 1.000000000000000000, 0.9941126843678151914, 1.000000000000000000),
 ( 1.000000000000000000, 0.9922041367495505471, 1.000000000000000000),
 ( 1.000000000000000000, 0.9857103740582698892, 1.000000000000000000),
 ( 1.000000000000000000, 0.9810697165839318279, 1.000000000000000000),
 ( 1.000000000000000000, 0.9636938218480820550, 1.000000000000000000),
 ( 1.000000000000000000, 0.9474486718191225121, 1.000000000000000000),
 ( 1.000000000000000000, 0.9263193510175689038, 1.000000000000000000) ) ) 
 REPRESENTATION_ITEM ( '' )  SURFACE ( )  );
#449 = CARTESIAN_POINT ( 'NONE',  ( -0.3855862007236872113, -0.1689084599601336500, -4.833427133705418655 ) ) ;
#450 = CARTESIAN_POINT ( 'NONE',  ( -0.09364355658706050023, 1.000000000191702210, -5.049955526257019933 ) ) ;
#451 = AXIS2_PLACEMENT_3D ( 'NONE', #412, #1120, #198 ) ;
#452 = PLANE ( 'NONE',  #1326 ) ;
#453 = AXIS2_PLACEMENT_3D ( 'NONE', #164, #364, #567 ) ;
#454 = STYLED_ITEM ( 'NONE', ( #1208 ), #173 ) ;
#455 = CIRCLE ( 'NONE', #764, 1.100000000000000311 ) ;
#456 = CARTESIAN_POINT ( 'NONE',  ( -0.4704164804768442010, 0.4230456096147585665, -4.836411593821886790 ) ) ;
#457 = DIRECTION ( 'NONE',  ( 0.000000000000000000, 0.000000000000000000, 1.000000000000000000 ) ) ;
#458 = CARTESIAN_POINT ( 'NONE',  ( 0.6572720754847966029, 1.000000000446024995, -5.009456078543660595 ) ) ;
#459 =( BOUNDED_CURVE ( )  B_SPLINE_CURVE ( 2, ( #464, #853, #360 ),
 .UNSPECIFIED., .F., .T. ) 
 B_SPLINE_CURVE_WITH_KNOTS ( ( 3, 3 ),
 ( 0.000000000000000000, 1.000000000000000000 ),
 .UNSPECIFIED. ) 
 CURVE ( )  GEOMETRIC_REPRESENTATION_ITEM ( )  RATIONAL_B_SPLINE_CURVE ( ( 1.000000000000000000, 0.7071067811865475727, 1.000000000000000000 ) ) 
 REPRESENTATION_ITEM ( '' )  );
#460 = DIRECTION ( 'NONE',  ( 0.000000000000000000, 0.000000000000000000, -1.000000000000000000 ) ) ;
#461 = CARTESIAN_POINT ( 'NONE',  ( 7.000000000000000000, 0.8000000000000003775, -6.200000000000000178 ) ) ;
#462 = SHAPE_DEFINITION_REPRESENTATION ( #883, #682 ) ;
#463 = CARTESIAN_POINT ( 'NONE',  ( 0.2575427571137930416, 0.1935855294390037284, -4.946024320324224455 ) ) ;
#464 = CARTESIAN_POINT ( 'NONE',  ( 0.4990418826123412810, -0.4999999999999991673, -4.545913993587755719 ) ) ;
#465 = CARTESIAN_POINT ( 'NONE',  ( -0.2103598794676106165, 0.3212545401058028438, -4.971446551260425117 ) ) ;
#466 = ORIENTED_EDGE ( 'NONE', *, *, #353, .T. ) ;
#467 = CARTESIAN_POINT ( 'NONE',  ( 0.000000000000000000, -3.500000000000000000, -4.522201682501503228 ) ) ;
#468 = CARTESIAN_POINT ( 'NONE',  ( -0.4996684219707788199, 0.8383053717789094028, -4.535809242935877172 ) ) ;
#469 = ORIENTED_EDGE ( 'NONE', *, *, #522, .F. ) ;
#470 = CARTESIAN_POINT ( 'NONE',  ( -0.2964583440018923044, 0.08581583724522318102, -4.917607258526303760 ) ) ;
#471 = DIRECTION ( 'NONE',  ( -0.000000000000000000, 1.000000000000000000, -0.000000000000000000 ) ) ;
#472 = ORIENTED_EDGE ( 'NONE', *, *, #962, .T. ) ;
#473 = DIRECTION ( 'NONE',  ( -2.126576849575776229E-17, 0.9848077530122080203, 0.1736481776669307198 ) ) ;
#474 = CARTESIAN_POINT ( 'NONE',  ( -1.463400930197568561, 1.000000000000001110, -4.834703200884189478 ) ) ;
#475 = ADVANCED_FACE ( 'NONE', ( #137 ), #362, .F. ) ;
#476 = DIRECTION ( 'NONE',  ( 0.000000000000000000, 0.000000000000000000, -1.000000000000000000 ) ) ;
#477 = CARTESIAN_POINT ( 'NONE',  ( 0.5330819563647751780, 0.6634991180629097318, -4.577398409254866962 ) ) ;
#478 = CARTESIAN_POINT ( 'NONE',  ( 1.049446790407413843, 1.000000000000067724, -4.940709159960526620 ) ) ;
#479 = ORIENTED_EDGE ( 'NONE', *, *, #543, .T. ) ;
#480 = CARTESIAN_POINT ( 'NONE',  ( -1.530808498934191817E-16, -3.500000000000000000, -3.272201682501502784 ) ) ;
#481 = CARTESIAN_POINT ( 'NONE',  ( 1.340763841781525301, 0.02288560327680101009, -6.394375953868163265 ) ) ;
#482 = EDGE_CURVE ( 'NONE', #734, #87, #1307, .T. ) ;
#483 = DIRECTION ( 'NONE',  ( 0.000000000000000000, -0.000000000000000000, 1.000000000000000000 ) ) ;
#484 = CARTESIAN_POINT ( 'NONE',  ( 1.150425447584602523, 1.000000000000033751, -4.919624440092298379 ) ) ;
#485 = ORIENTED_EDGE ( 'NONE', *, *, #1034, .F. ) ;
#486 = CARTESIAN_POINT ( 'NONE',  ( -0.8403156365826842666, -1.499999999999999556, -5.232039432212405750 ) ) ;
#487 = DIRECTION ( 'NONE',  ( 0.000000000000000000, 0.000000000000000000, 1.000000000000000000 ) ) ;
#488 = EDGE_CURVE ( 'NONE', #1212, #491, #763, .T. ) ;
#489 = CARTESIAN_POINT ( 'NONE',  ( 0.000000000000000000, 1.000000000000000888, 0.000000000000000000 ) ) ;
#490 = CARTESIAN_POINT ( 'NONE',  ( 6.200000000000000178, 0.8000000000000003775, -6.200000000000000178 ) ) ;
#491 = VERTEX_POINT ( 'NONE', #1191 ) ;
#492 = CARTESIAN_POINT ( 'NONE',  ( -1.986200595559072246, 4.336808689942017736E-16, -6.200000000000000178 ) ) ;
#493 = CIRCLE ( 'NONE', #92, 0.8000000000000003775 ) ;
#494 = EDGE_LOOP ( 'NONE', ( #466, #836, #743, #672 ) ) ;
#495 = FACE_OUTER_BOUND ( 'NONE', #1235, .T. ) ;
#496 = AXIS2_PLACEMENT_3D ( 'NONE', #195, #176, #94 ) ;
#497 = ORIENTED_EDGE ( 'NONE', *, *, #1250, .T. ) ;
#498 = CARTESIAN_POINT ( 'NONE',  ( -0.7304251641829355712, -1.486381607326801912, -5.348499419240015484 ) ) ;
#499 = DIRECTION ( 'NONE',  ( 0.000000000000000000, 1.000000000000000000, 0.000000000000000000 ) ) ;
#500 = ORIENTED_EDGE ( 'NONE', *, *, #446, .F. ) ;
#501 = DIRECTION ( 'NONE',  ( 8.881784197001252323E-16, 0.000000000000000000, 1.000000000000000000 ) ) ;
#502 = ADVANCED_FACE ( 'NONE', ( #548, #265 ), #28, .F. ) ;
#503 =( NAMED_UNIT ( * ) PLANE_ANGLE_UNIT ( ) SI_UNIT ( $, .RADIAN. ) );
#504 = EDGE_CURVE ( 'NONE', #97, #1253, #370, .T. ) ;
#505 = VERTEX_POINT ( 'NONE', #595 ) ;
#506 = FACE_OUTER_BOUND ( 'NONE', #1005, .T. ) ;
#507 = ORIENTED_EDGE ( 'NONE', *, *, #1073, .F. ) ;
#508 = CARTESIAN_POINT ( 'NONE',  ( -0.4289489938107046707, -0.3052118273852520436, -5.547083779979404383 ) ) ;
#509 = AXIS2_PLACEMENT_3D ( 'NONE', #294, #578, #712 ) ;
#510 = CARTESIAN_POINT ( 'NONE',  ( 6.200000000000000178, 10.00000000000000000, -7.000000000000000000 ) ) ;
#511 = DIRECTION ( 'NONE',  ( 0.000000000000000000, 0.000000000000000000, -1.000000000000000000 ) ) ;
#512 = CYLINDRICAL_SURFACE ( 'NONE', #151, 0.8000000000000003775 ) ;
#513 = ORIENTED_EDGE ( 'NONE', *, *, #5, .T. ) ;
#514 = CARTESIAN_POINT ( 'NONE',  ( 0.4266381109168442820, -0.3054626482128083853, -5.547875440987231954 ) ) ;
#515 = CYLINDRICAL_SURFACE ( 'NONE', #1189, 1.100000000000000311 ) ;
#516 = EDGE_CURVE ( 'NONE', #413, #611, #817, .T. ) ;
#517 = CARTESIAN_POINT ( 'NONE',  ( 0.4784357138303158008, -0.4475512896873611868, -4.661515877081157555 ) ) ;
#518 = ORIENTED_EDGE ( 'NONE', *, *, #1200, .T. ) ;
#519 = DIRECTION ( 'NONE',  ( -0.000000000000000000, -1.000000000000000000, -0.000000000000000000 ) ) ;
#520 = DIRECTION ( 'NONE',  ( 0.000000000000000000, -1.000000000000000000, 0.000000000000000000 ) ) ;
#521 = ORIENTED_EDGE ( 'NONE', *, *, #1252, .F. ) ;
#522 = EDGE_CURVE ( 'NONE', #304, #1142, #684, .T. ) ;
#523 = CARTESIAN_POINT ( 'NONE',  ( 0.000000000000000000, -6.000000000000000000, -4.522201682501503228 ) ) ;
#524 = ORIENTED_EDGE ( 'NONE', *, *, #115, .F. ) ;
#525 = CARTESIAN_POINT ( 'NONE',  ( -0.9259194928530365409, 0.04426202440087157602, -6.463976359383544867 ) ) ;
#526 = CARTESIAN_POINT ( 'NONE',  ( -0.1123801807357448224, 0.5493968720986436294, -5.002932033330094619 ) ) ;
#527 = CARTESIAN_POINT ( 'NONE',  ( -7.000000000000000000, 10.00000000000000000, 7.000000000000000000 ) ) ;
#528 = AXIS2_PLACEMENT_3D ( 'NONE', #377, #689, #997 ) ;
#529 = EDGE_LOOP ( 'NONE', ( #1312, #1114, #160, #737, #890, #122 ) ) ;
#530 = DIRECTION ( 'NONE',  ( -0.000000000000000000, 1.000000000000000000, -0.000000000000000000 ) ) ;
#531 = AXIS2_PLACEMENT_3D ( 'NONE', #138, #134, #750 ) ;
#532 = CYLINDRICAL_SURFACE ( 'NONE', #969, 0.8000000000000003775 ) ;
#533 = CARTESIAN_POINT ( 'NONE',  ( 0.000000000000000000, 9.199999999999999289, 0.000000000000000000 ) ) ;
#534 = VECTOR ( 'NONE', #288, 1000.000000000000000 ) ;
#535 = LINE ( 'NONE', #875, #44 ) ;
#536 = AXIS2_PLACEMENT_3D ( 'NONE', #1221, #1233, #511 ) ;
#537 = CARTESIAN_POINT ( 'NONE',  ( 1.347111479062088257E-16, -3.500000000000000000, -5.622201682501503761 ) ) ;
#538 = VERTEX_POINT ( 'NONE', #1097 ) ;
#539 = CARTESIAN_POINT ( 'NONE',  ( 0.000000000000000000, -6.000000000000000000, -4.522201682501503228 ) ) ;
#540 = DIRECTION ( 'NONE',  ( 0.000000000000000000, 0.000000000000000000, -1.000000000000000000 ) ) ;
#541 = ADVANCED_FACE ( 'NONE', ( #583 ), #898, .T. ) ;
#542 = CARTESIAN_POINT ( 'NONE',  ( -6.200000000000000178, 10.00000000000000000, -7.000000000000000000 ) ) ;
#543 = EDGE_CURVE ( 'NONE', #491, #310, #216, .T. ) ;
#544 = CARTESIAN_POINT ( 'NONE',  ( 0.4659870528528196054, -0.4100281984256923251, -4.696276302777431688 ) ) ;
#545 = DIRECTION ( 'NONE',  ( 1.000000000000000000, 0.000000000000000000, -0.000000000000000000 ) ) ;
#546 = CARTESIAN_POINT ( 'NONE',  ( -0.4990418826123416141, -0.4999999999999991673, -4.545913993587752167 ) ) ;
#547 = AXIS2_PLACEMENT_3D ( 'NONE', #987, #1094, #258 ) ;
#548 = FACE_BOUND ( 'NONE', #1244, .T. ) ;
#549 = AXIS2_PLACEMENT_3D ( 'NONE', #990, #1224, #73 ) ;
#550 = DIRECTION ( 'NONE',  ( 0.000000000000000000, 0.000000000000000000, 1.000000000000000000 ) ) ;
#551 = CIRCLE ( 'NONE', #731, 1.250000000000000222 ) ;
#552 = CARTESIAN_POINT ( 'NONE',  ( -7.000000000000000000, 0.8000000000000003775, -6.200000000000000178 ) ) ;
#553 = CARTESIAN_POINT ( 'NONE',  ( -0.05910625123307949175, 0.6414626045392962661, -5.012205157005070078 ) ) ;
#554 = DIRECTION ( 'NONE',  ( 0.000000000000000000, 0.000000000000000000, 1.000000000000000000 ) ) ;
#555 = AXIS2_PLACEMENT_3D ( 'NONE', #1072, #977, #540 ) ;
#556 = CARTESIAN_POINT ( 'NONE',  ( -7.000000000000000000, 0.8000000000000003775, 6.200000000000000178 ) ) ;
#557 = VECTOR ( 'NONE', #37, 1000.000000000000000 ) ;
#558 = EDGE_CURVE ( 'NONE', #1155, #1209, #443, .T. ) ;
#559 = CARTESIAN_POINT ( 'NONE',  ( 0.2948303777756466904, 0.09032673352368900122, -4.918800871534856789 ) ) ;
#560 = CARTESIAN_POINT ( 'NONE',  ( -0.3994809018343469798, -0.2097667387523586280, -4.815675965644935275 ) ) ;
#561 = CARTESIAN_POINT ( 'NONE',  ( 0.000000000000000000, 9.199999999999999289, -5.850000000000000533 ) ) ;
#562 = EDGE_LOOP ( 'NONE', ( #1218, #1149, #623, #1159, #950, #268 ) ) ;
#563 = B_SPLINE_CURVE_WITH_KNOTS ( 'NONE', 3,
 ( #192, #1239, #1023, #600, #604, #1217, #314, #721, #211, #116, #593, #394 ),
 .UNSPECIFIED., .F., .F.,
 ( 4, 2, 2, 2, 2, 4 ),
 ( 0.001448988276320173135, 0.001492316798255722632, 0.001535645320191271913, 0.001622302364062370690, 0.001795616451804568680, 0.002142244627288964441 ),
 .UNSPECIFIED. ) ;
#564 = CARTESIAN_POINT ( 'NONE',  ( -0.6027001085348170362, -1.446759657891722561, -5.445782838662341696 ) ) ;
#565 = ORIENTED_EDGE ( 'NONE', *, *, #356, .T. ) ;
#566 = FACE_OUTER_BOUND ( 'NONE', #494, .T. ) ;
#567 = DIRECTION ( 'NONE',  ( 0.000000000000000000, 0.000000000000000000, 1.000000000000000000 ) ) ;
#568 = VERTEX_POINT ( 'NONE', #1198 ) ;
#569 = EDGE_CURVE ( 'NONE', #993, #264, #1104, .T. ) ;
#570 = DIRECTION ( 'NONE',  ( 0.000000000000000000, -1.000000000000000000, 0.000000000000000000 ) ) ;
#571 = AXIS2_PLACEMENT_3D ( 'NONE', #52, #666, #177 ) ;
#572 = CARTESIAN_POINT ( 'NONE',  ( -0.4990418826123416141, -0.4999999999999991673, -4.545913993587752167 ) ) ;
#573 = CARTESIAN_POINT ( 'NONE',  ( 0.000000000000000000, 1.000000000000000888, 5.049999999999999822 ) ) ;
#574 = B_SPLINE_CURVE_WITH_KNOTS ( 'NONE', 3,
 ( #54, #257, #877, #147, #130, #873, #339, #1292 ),
 .UNSPECIFIED., .F., .F.,
 ( 4, 2, 2, 4 ),
 ( 0.000000000000000000, 0.5000000000000004441, 0.7500000000000002220, 1.000000000000000000 ),
 .UNSPECIFIED. ) ;
#575 = CARTESIAN_POINT ( 'NONE',  ( 0.4793536470417713580, -0.4506342667347231212, -4.665292227864171082 ) ) ;
#576 = CARTESIAN_POINT ( 'NONE',  ( 1.816532776365136437, 1.000000000000000888, -4.716031406033184936 ) ) ;
#577 = ORIENTED_EDGE ( 'NONE', *, *, #1170, .T. ) ;
#578 = DIRECTION ( 'NONE',  ( 0.000000000000000000, -1.000000000000000000, 0.000000000000000000 ) ) ;
#579 = CARTESIAN_POINT ( 'NONE',  ( -1.668551396109196006, 0.007020331569609551681, -6.313473475430001258 ) ) ;
#580 = DIRECTION ( 'NONE',  ( -0.000000000000000000, 1.000000000000000000, -0.000000000000000000 ) ) ;
#581 = CARTESIAN_POINT ( 'NONE',  ( 1.996167530449363348, 1.000000000000000888, -4.638729911342079681 ) ) ;
#582 = EDGE_LOOP ( 'NONE', ( #1068, #1061, #1190, #1064 ) ) ;
#583 = FACE_OUTER_BOUND ( 'NONE', #275, .T. ) ;
#584 = EDGE_CURVE ( 'NONE', #538, #1248, #811, .T. ) ;
#585 = ORIENTED_EDGE ( 'NONE', *, *, #488, .T. ) ;
#586 = CARTESIAN_POINT ( 'NONE',  ( -1.996167530449366456, 1.000000000000000888, -4.638729911342078793 ) ) ;
#587 = ORIENTED_EDGE ( 'NONE', *, *, #1173, .T. ) ;
#588 = B_SPLINE_CURVE_WITH_KNOTS ( 'NONE', 3,
 ( #231, #966, #859, #1271, #345, #40, #244, #767, #649, #1285, #774, #449, #1081, #866, #158, #560, #976, #238, #27, #849, #642, #346, #1172, #245, #226, #439, #1161, #768, #754, #1178, #546 ),
 .UNSPECIFIED., .F., .F.,
 ( 4, 2, 1, 1, 2, 2, 1, 1, 1, 2, 2, 1, 1, 2, 2, 1, 1, 2, 2, 4 ),
 ( 0.000000000000000000, 0.1250000000000003331, 0.1875000000000004996, 0.2187500000000012490, 0.2343750000000016376, 0.2500000000000019984, 0.3750000000000057732, 0.4375000000000070499, 0.4687500000000071054, 0.4843750000000071609, 0.5000000000000072164, 0.5625000000000044409, 0.5937500000000031086, 0.6093750000000025535, 0.6250000000000018874, 0.6874999999999992228, 0.7187499999999980016, 0.7343749999999983347, 0.7499999999999985567, 1.000000000000000000 ),
 .UNSPECIFIED. ) ;
#589 = CARTESIAN_POINT ( 'NONE',  ( 0.000000000000000000, 4.000000000000000000, -4.514975354336314695 ) ) ;
#590 = CARTESIAN_POINT ( 'NONE',  ( 0.08128022409814089633, 0.6050488692500428645, -5.008594755289897726 ) ) ;
#591 = VERTEX_POINT ( 'NONE', #893 ) ;
#592 = FACE_OUTER_BOUND ( 'NONE', #617, .T. ) ;
#593 = CARTESIAN_POINT ( 'NONE',  ( -0.2589715381014196516, 0.1897481016686158595, -4.945208837744254460 ) ) ;
#594 = EDGE_LOOP ( 'NONE', ( #887, #365, #319 ) ) ;
#595 = CARTESIAN_POINT ( 'NONE',  ( 0.2948303777756466904, 0.09032673352368900122, -4.918800871534856789 ) ) ;
#596 = CARTESIAN_POINT ( 'NONE',  ( -1.341490223084718769, 0.02284620393359191107, -6.394229146704881295 ) ) ;
#597 = AXIS2_PLACEMENT_3D ( 'NONE', #307, #125, #23 ) ;
#598 = VECTOR ( 'NONE', #1092, 1000.000000000000000 ) ;
#599 = EDGE_CURVE ( 'NONE', #1096, #78, #299, .T. ) ;
#600 = CARTESIAN_POINT ( 'NONE',  ( -0.04890406354929420496, 0.6500648856494152250, -5.012692708303104538 ) ) ;
#601 = VERTEX_POINT ( 'NONE', #1213 ) ;
#602 = CARTESIAN_POINT ( 'NONE',  ( 0.5198085165252027684, -0.2911365986070771905, -5.505293048927901722 ) ) ;
#603 = CARTESIAN_POINT ( 'NONE',  ( 0.02717539246078544413, 0.6697963340108550323, -5.014347976919520278 ) ) ;
#604 = CARTESIAN_POINT ( 'NONE',  ( -0.05761478260358504633, 0.6388510110718566004, -5.011712359350650736 ) ) ;
#605 = ORIENTED_EDGE ( 'NONE', *, *, #16, .T. ) ;
#606 = CARTESIAN_POINT ( 'NONE',  ( -1.428456756508456937, 0.01831243797672527443, -6.374857987436214124 ) ) ;
#607 = DIRECTION ( 'NONE',  ( -1.000000000000000000, -0.000000000000000000, -0.000000000000000000 ) ) ;
#608 = FACE_OUTER_BOUND ( 'NONE', #407, .T. ) ;
#609 = CARTESIAN_POINT ( 'NONE',  ( 0.2948303777756466904, 0.09032673352368900122, -4.918800871534856789 ) ) ;
#610 = DIRECTION ( 'NONE',  ( 0.000000000000000000, -0.000000000000000000, -1.000000000000000000 ) ) ;
#611 = VERTEX_POINT ( 'NONE', #704 ) ;
#612 = CARTESIAN_POINT ( 'NONE',  ( 0.6028744641329714105, -1.446832373530077875, -5.445695916002620152 ) ) ;
#613 = TOROIDAL_SURFACE ( 'NONE', #39, 2.000000000000000888, 1.500000000000000000 ) ;
#614 = DIRECTION ( 'NONE',  ( 0.000000000000000000, 0.000000000000000000, -1.000000000000000000 ) ) ;
#615 = CARTESIAN_POINT ( 'NONE',  ( 0.4413044402532057542, -0.3351073373165836533, -4.755028415996109814 ) ) ;
#616 = FACE_OUTER_BOUND ( 'NONE', #61, .T. ) ;
#617 = EDGE_LOOP ( 'NONE', ( #1223, #84, #827, #824 ) ) ;
#618 = AXIS2_PLACEMENT_3D ( 'NONE', #207, #499, #927 ) ;
#619 = CARTESIAN_POINT ( 'NONE',  ( 0.07846557993147999788, -1.306941361190176565, -5.622280169995809374 ) ) ;
#620 = AXIS2_PLACEMENT_3D ( 'NONE', #683, #1098, #1123 ) ;
#621 = AXIS2_PLACEMENT_3D ( 'NONE', #1138, #1133, #748 ) ;
#622 = DIRECTION ( 'NONE',  ( 0.000000000000000000, 0.000000000000000000, -1.000000000000000000 ) ) ;
#623 = ORIENTED_EDGE ( 'NONE', *, *, #872, .T. ) ;
#624 = EDGE_CURVE ( 'NONE', #219, #20, #107, .T. ) ;
#625 = CARTESIAN_POINT ( 'NONE',  ( 0.000000000000000000, 1.000000000000000888, 0.000000000000000000 ) ) ;
#626 = ORIENTED_EDGE ( 'NONE', *, *, #1010, .F. ) ;
#627 = CARTESIAN_POINT ( 'NONE',  ( -6.200000000000000178, 0.8000000000000000444, -6.200000000000000178 ) ) ;
#628 = CARTESIAN_POINT ( 'NONE',  ( 0.01392556202574910668, 0.6780294531828295890, -5.014997795500907074 ) ) ;
#629 = DIRECTION ( 'NONE',  ( -1.000000000000000000, -0.000000000000000000, -0.000000000000000000 ) ) ;
#630 = ORIENTED_EDGE ( 'NONE', *, *, #1226, .T. ) ;
#631 = CIRCLE ( 'NONE', #60, 0.5000000000000004441 ) ;
#632 = DIRECTION ( 'NONE',  ( 0.000000000000000000, 0.000000000000000000, 1.000000000000000000 ) ) ;
#633 = CARTESIAN_POINT ( 'NONE',  ( -0.2253785815006757176, 0.7810464345486265447, -4.978415038898405420 ) ) ;
#634 = FACE_OUTER_BOUND ( 'NONE', #332, .T. ) ;
#635 = AXIS2_PLACEMENT_3D ( 'NONE', #93, #167, #1008 ) ;
#636 = VERTEX_POINT ( 'NONE', #797 ) ;
#637 =( NAMED_UNIT ( * ) SI_UNIT ( $, .STERADIAN. ) SOLID_ANGLE_UNIT ( ) );
#638 = CARTESIAN_POINT ( 'NONE',  ( 0.3778060106828851628, -0.1461661223304049906, -4.843013902356502420 ) ) ;
#639 = AXIS2_PLACEMENT_3D ( 'NONE', #852, #1261, #32 ) ;
#640 = ADVANCED_FACE ( 'NONE', ( #386 ), #1294, .F. ) ;
#641 = CARTESIAN_POINT ( 'NONE',  ( -1.996167530449366456, 1.000000000000000888, -4.638729911342078793 ) ) ;
#642 = CARTESIAN_POINT ( 'NONE',  ( -0.4289299966844807299, -0.2980179659130888781, -4.771926254571398296 ) ) ;
#643 = EDGE_CURVE ( 'NONE', #1037, #310, #66, .T. ) ;
#644 = AXIS2_PLACEMENT_3D ( 'NONE', #440, #1180, #1273 ) ;
#645 = CARTESIAN_POINT ( 'NONE',  ( -0.5346955322957022139, -1.421358633658668547, -5.486647698501451842 ) ) ;
#646 = CIRCLE ( 'NONE', #536, 1.100000000000000311 ) ;
#647 = ORIENTED_EDGE ( 'NONE', *, *, #864, .F. ) ;
#648 = CARTESIAN_POINT ( 'NONE',  ( -0.4990418826123407814, 1.000000000000003775, -4.545913993587761048 ) ) ;
#649 = CARTESIAN_POINT ( 'NONE',  ( -0.3438756613962282160, -0.04857205289635489059, -4.877952609042155885 ) ) ;
#650 = CARTESIAN_POINT ( 'NONE',  ( 0.4060785965775710049, 0.6864124664088347982, -4.887565822707617968 ) ) ;
#651 = CARTESIAN_POINT ( 'NONE',  ( 0.000000000000000000, -3.500000000000000000, -5.772201682501503228 ) ) ;
#652 = CARTESIAN_POINT ( 'NONE',  ( 0.000000000000000000, -6.000000000000000000, -5.014975354336314695 ) ) ;
#653 = CARTESIAN_POINT ( 'NONE',  ( 0.4614069368081772926, -0.3961430923838587526, -4.707618192103558030 ) ) ;
#654 = FACE_OUTER_BOUND ( 'NONE', #582, .T. ) ;
#655 = CARTESIAN_POINT ( 'NONE',  ( -0.1833126461043777244, 0.9999999996055067841, -5.047362496879679306 ) ) ;
#656 = DIRECTION ( 'NONE',  ( 0.000000000000000000, 0.000000000000000000, -1.000000000000000000 ) ) ;
#657 = EDGE_CURVE ( 'NONE', #1155, #505, #1291, .T. ) ;
#658 = CARTESIAN_POINT ( 'NONE',  ( -0.4795756041476237352, -0.4513026937497437996, -4.664499814807188116 ) ) ;
#659 = DIRECTION ( 'NONE',  ( -0.000000000000000000, 1.000000000000000000, -0.000000000000000000 ) ) ;
#660 = DIRECTION ( 'NONE',  ( 0.000000000000000000, -1.000000000000000000, 0.000000000000000000 ) ) ;
#661 = CARTESIAN_POINT ( 'NONE',  ( 7.164183775012016422E-16, 9.199999999999999289, 5.850000000000000533 ) ) ;
#662 = ORIENTED_EDGE ( 'NONE', *, *, #327, .F. ) ;
#663 = LINE ( 'NONE', #958, #598 ) ;
#664 = AXIS2_PLACEMENT_3D ( 'NONE', #1222, #820, #400 ) ;
#665 = EDGE_CURVE ( 'NONE', #425, #30, #279, .T. ) ;
#666 = DIRECTION ( 'NONE',  ( -0.000000000000000000, 1.000000000000000000, -0.000000000000000000 ) ) ;
#667 = ADVANCED_FACE ( 'NONE', ( #188 ), #1202, .F. ) ;
#668 = ORIENTED_EDGE ( 'NONE', *, *, #45, .T. ) ;
#669 = CARTESIAN_POINT ( 'NONE',  ( 0.4990418826123412255, 1.000000000000000888, -4.545913993587756607 ) ) ;
#670 = CARTESIAN_POINT ( 'NONE',  ( -0.9598073515107048426, 1.000000000000000888, -4.957950165944189358 ) ) ;
#671 = EDGE_LOOP ( 'NONE', ( #385, #1216, #1121 ) ) ;
#672 = ORIENTED_EDGE ( 'NONE', *, *, #57, .T. ) ;
#673 = PLANE ( 'NONE',  #1041 ) ;
#674 = CARTESIAN_POINT ( 'NONE',  ( -0.3271594752185765231, 0.0006968677087682624994, -4.895001979548738724 ) ) ;
#675 = DIRECTION ( 'NONE',  ( -1.000000000000000000, -0.000000000000000000, 0.000000000000000000 ) ) ;
#676 = CARTESIAN_POINT ( 'NONE',  ( 0.5119754320248846025, 0.7563140795461593680, -4.547131670834486883 ) ) ;
#677 = CARTESIAN_POINT ( 'NONE',  ( 1.681160845480601074, 1.000000000000017097, -4.763375880926573380 ) ) ;
#678 =( LENGTH_UNIT ( ) NAMED_UNIT ( * ) SI_UNIT ( .MILLI., .METRE. ) );
#679 = VERTEX_POINT ( 'NONE', #123 ) ;
#680 = EDGE_LOOP ( 'NONE', ( #62, #1334, #901, #647 ) ) ;
#681 = CARTESIAN_POINT ( 'NONE',  ( 0.000000000000000000, 10.00000000000000000, 0.000000000000000000 ) ) ;
#682 = ADVANCED_BREP_SHAPE_REPRESENTATION ( 'syringe_connector', ( #173, #858 ), #965 ) ;
#683 = CARTESIAN_POINT ( 'NONE',  ( 0.000000000000000000, -0.4999999999999987232, -4.514975354336314695 ) ) ;
#684 = CIRCLE ( 'NONE', #635, 1.500000000000000000 ) ;
#685 = ORIENTED_EDGE ( 'NONE', *, *, #1211, .T. ) ;
#686 = CARTESIAN_POINT ( 'NONE',  ( 6.200000000000000178, 0.8000000000000003775, -6.200000000000000178 ) ) ;
#687 = EDGE_CURVE ( 'NONE', #802, #601, #730, .T. ) ;
#688 = ORIENTED_EDGE ( 'NONE', *, *, #1227, .F. ) ;
#689 = DIRECTION ( 'NONE',  ( 0.000000000000000000, 1.000000000000000000, 0.000000000000000000 ) ) ;
#690 = ADVANCED_FACE ( 'NONE', ( #333 ), #739, .T. ) ;
#691 = VECTOR ( 'NONE', #1144, 1000.000000000000000 ) ;
#692 = AXIS2_PLACEMENT_3D ( 'NONE', #809, #1335, #303 ) ;
#693 = CARTESIAN_POINT ( 'NONE',  ( 0.000000000000000000, -3.500000000000000000, -4.522201682501503228 ) ) ;
#694 = CIRCLE ( 'NONE', #870, 0.8000000000000003775 ) ;
#695 = ORIENTED_EDGE ( 'NONE', *, *, #1105, .T. ) ;
#696 = CARTESIAN_POINT ( 'NONE',  ( -7.000000000000000000, 10.00000000000000000, 7.000000000000000000 ) ) ;
#697 = ORIENTED_EDGE ( 'NONE', *, *, #1112, .F. ) ;
#698 = DIRECTION ( 'NONE',  ( 0.000000000000000000, 0.000000000000000000, -1.000000000000000000 ) ) ;
#699 = CYLINDRICAL_SURFACE ( 'NONE', #1305, 0.5000000000000004441 ) ;
#700 = PRODUCT_RELATED_PRODUCT_CATEGORY ( 'part', '', ( #1099 ) ) ;
#701 = CARTESIAN_POINT ( 'NONE',  ( 0.000000000000000000, 10.00000000000000000, -5.850000000000000533 ) ) ;
#702 = DIRECTION ( 'NONE',  ( 0.000000000000000000, 0.000000000000000000, -1.000000000000000000 ) ) ;
#703 = EDGE_LOOP ( 'NONE', ( #1340, #500, #1136, #1186 ) ) ;
#704 = CARTESIAN_POINT ( 'NONE',  ( 7.000000000000000000, 10.00000000000000000, -6.200000000000000178 ) ) ;
#705 = FILL_AREA_STYLE_COLOUR ( '', #999 ) ;
#706 = EDGE_CURVE ( 'NONE', #342, #304, #422, .T. ) ;
#707 = CIRCLE ( 'NONE', #547, 0.8000000000000003775 ) ;
#708 = AXIS2_PLACEMENT_3D ( 'NONE', #627, #201, #1341 ) ;
#709 = DIRECTION ( 'NONE',  ( 0.000000000000000000, 1.000000000000000000, 0.000000000000000000 ) ) ;
#710 = PLANE ( 'NONE',  #451 ) ;
#711 = EDGE_LOOP ( 'NONE', ( #1229, #1012, #821, #274 ) ) ;
#712 = DIRECTION ( 'NONE',  ( 0.000000000000000000, 0.000000000000000000, -1.000000000000000000 ) ) ;
#713 = SURFACE_SIDE_STYLE ('',( #1018 ) ) ;
#714 = EDGE_LOOP ( 'NONE', ( #995, #842, #779, #1284, #419 ) ) ;
#715 = CARTESIAN_POINT ( 'NONE',  ( -1.260885658274267675E-16, -6.000000000000000000, -3.713019134272666388 ) ) ;
#716 = AXIS2_PLACEMENT_3D ( 'NONE', #179, #580, #1000 ) ;
#717 = ORIENTED_EDGE ( 'NONE', *, *, #665, .T. ) ;
#718 = DIRECTION ( 'NONE',  ( -0.000000000000000000, 1.000000000000000000, -0.000000000000000000 ) ) ;
#719 = CYLINDRICAL_SURFACE ( 'NONE', #261, 0.8000000000000003775 ) ;
#720 = CYLINDRICAL_SURFACE ( 'NONE', #72, 0.8000000000000003775 ) ;
#721 = CARTESIAN_POINT ( 'NONE',  ( -0.1338057680372313207, 0.5028831800629156579, -4.997445891257026318 ) ) ;
#722 = ORIENTED_EDGE ( 'NONE', *, *, #991, .T. ) ;
#723 = EDGE_CURVE ( 'NONE', #1248, #679, #127, .T. ) ;
#724 = CARTESIAN_POINT ( 'NONE',  ( 0.3901039376765244038, -1.372210123486943045, -5.553808915058765727 ) ) ;
#725 = DIRECTION ( 'NONE',  ( 0.000000000000000000, -1.000000000000000000, 0.000000000000000000 ) ) ;
#726 = AXIS2_PLACEMENT_3D ( 'NONE', #159, #1109, #276 ) ;
#727 = CYLINDRICAL_SURFACE ( 'NONE', #844, 0.8000000000000003775 ) ;
#728 = AXIS2_PLACEMENT_3D ( 'NONE', #1077, #1181, #438 ) ;
#729 = ORIENTED_EDGE ( 'NONE', *, *, #75, .F. ) ;
#730 = LINE ( 'NONE', #1045, #1035 ) ;
#731 = AXIS2_PLACEMENT_3D ( 'NONE', #1177, #1278, #1065 ) ;
#732 = EDGE_CURVE ( 'NONE', #241, #636, #209, .T. ) ;
#733 = CARTESIAN_POINT ( 'NONE',  ( 6.200000000000000178, 0.000000000000000000, -6.200000000000000178 ) ) ;
#734 = VERTEX_POINT ( 'NONE', #1070 ) ;
#735 = AXIS2_PLACEMENT_3D ( 'NONE', #318, #925, #1046 ) ;
#736 = CARTESIAN_POINT ( 'NONE',  ( 0.4699973473733407570, -0.4221639184886624707, -4.685852422141019602 ) ) ;
#737 = ORIENTED_EDGE ( 'NONE', *, *, #599, .F. ) ;
#738 = VECTOR ( 'NONE', #1015, 1000.000000000000000 ) ;
#739 = SPHERICAL_SURFACE ( 'NONE', #708, 0.8000000000000000444 ) ;
#740 =( GEOMETRIC_REPRESENTATION_CONTEXT ( 3 ) GLOBAL_UNCERTAINTY_ASSIGNED_CONTEXT ( ( #409 ) ) GLOBAL_UNIT_ASSIGNED_CONTEXT ( ( #184, #503, #1026 ) ) REPRESENTATION_CONTEXT ( 'NONE', 'WORKASPACE' ) );
#741 = CIRCLE ( 'NONE', #912, 0.8000000000000003775 ) ;
#742 = CARTESIAN_POINT ( 'NONE',  ( -1.530808498934191817E-16, -3.500000000000000000, -3.272201682501502784 ) ) ;
#743 = ORIENTED_EDGE ( 'NONE', *, *, #706, .T. ) ;
#744 = DIRECTION ( 'NONE',  ( 0.000000000000000000, 0.000000000000000000, -1.000000000000000000 ) ) ;
#745 = ORIENTED_EDGE ( 'NONE', *, *, #933, .F. ) ;
#746 = LINE ( 'NONE', #26, #384 ) ;
#747 = CARTESIAN_POINT ( 'NONE',  ( 0.2201366941325139936, 0.9999999998613474661, -5.045374633342760262 ) ) ;
#748 = DIRECTION ( 'NONE',  ( 0.000000000000000000, 0.000000000000000000, -1.000000000000000000 ) ) ;
#749 = EDGE_CURVE ( 'NONE', #679, #170, #1057, .T. ) ;
#750 = DIRECTION ( 'NONE',  ( 1.000000000000000000, 0.000000000000000000, 0.000000000000000000 ) ) ;
#751 = EDGE_CURVE ( 'NONE', #1265, #1142, #144, .T. ) ;
#752 = B_SPLINE_CURVE_WITH_KNOTS ( 'NONE', 3,
 ( #249, #964, #837, #1063, #517, #736, #544, #1247, #653, #1147, #865, #1056, #230, #338, #223, #445, #38, #1049, #940, #344, #424, #1276, #638, #418, #952, #1256, #121, #945, #843, #1158, #243 ),
 .UNSPECIFIED., .F., .F.,
 ( 4, 2, 1, 1, 2, 2, 1, 1, 2, 2, 1, 1, 2, 2, 1, 1, 1, 2, 2, 4 ),
 ( 0.000000000000000000, 0.1249999999999969469, 0.1874999999999955314, 0.2187499999999948652, 0.2343749999999945599, 0.2499999999999942268, 0.3124999999999947264, 0.3437499999999957256, 0.3593749999999962252, 0.3749999999999967248, 0.4374999999999941158, 0.4687499999999934497, 0.4843749999999931166, 0.4999999999999927836, 0.6249999999999932276, 0.6874999999999934497, 0.7187499999999928946, 0.7343749999999931166, 0.7499999999999934497, 1.000000000000000000 ),
 .UNSPECIFIED. ) ;
#753 = DIRECTION ( 'NONE',  ( 0.000000000000000000, 0.000000000000000000, 1.000000000000000000 ) ) ;
#754 = CARTESIAN_POINT ( 'NONE',  ( -0.4839895207945543731, -0.4647122462087717176, -4.654027569283612387 ) ) ;
#755 = DIRECTION ( 'NONE',  ( 0.000000000000000000, -1.000000000000000000, 0.000000000000000000 ) ) ;
#756 = AXIS2_PLACEMENT_3D ( 'NONE', #803, #396, #272 ) ;
#757 = VERTEX_POINT ( 'NONE', #641 ) ;
#758 = FACE_OUTER_BOUND ( 'NONE', #680, .T. ) ;
#759 = DIRECTION ( 'NONE',  ( 1.000000000000000000, 0.000000000000000000, 0.000000000000000000 ) ) ;
#760 = LINE ( 'NONE', #1163, #951 ) ;
#761 = DIRECTION ( 'NONE',  ( 0.000000000000000000, 0.000000000000000000, -1.000000000000000000 ) ) ;
#762 = CARTESIAN_POINT ( 'NONE',  ( 0.2084549433476146352, 0.3261712287771980634, -4.972286560745864392 ) ) ;
#763 = LINE ( 'NONE', #651, #785 ) ;
#764 = AXIS2_PLACEMENT_3D ( 'NONE', #1243, #520, #403 ) ;
#765 = CARTESIAN_POINT ( 'NONE',  ( -0.5428259756543816206, 0.6442654823925142438, -4.595554802954835871 ) ) ;
#766 = DIRECTION ( 'NONE',  ( 0.000000000000000000, -1.000000000000000000, 0.000000000000000000 ) ) ;
#767 = CARTESIAN_POINT ( 'NONE',  ( -0.3435718547970262327, -0.04769914908625039890, -4.878237759968702569 ) ) ;
#768 = CARTESIAN_POINT ( 'NONE',  ( -0.4592933422135714872, -0.3897259470659711900, -4.712620530202789482 ) ) ;
#769 = EDGE_CURVE ( 'NONE', #186, #757, #574, .T. ) ;
#770 = EDGE_LOOP ( 'NONE', ( #187, #816, #1054, #416 ) ) ;
#771 = CARTESIAN_POINT ( 'NONE',  ( 6.200000000000000178, 0.8000000000000003775, -7.000000000000000000 ) ) ;
#772 = CARTESIAN_POINT ( 'NONE',  ( -0.5358839230705342294, 0.6185152577830388410, -4.741317923419639868 ) ) ;
#773 = DIRECTION ( 'NONE',  ( -0.000000000000000000, 1.000000000000000000, -0.000000000000000000 ) ) ;
#774 = CARTESIAN_POINT ( 'NONE',  ( -0.3695780291386181471, -0.1223785438079552090, -4.852256600040771417 ) ) ;
#775 = DIRECTION ( 'NONE',  ( 0.000000000000000000, 0.000000000000000000, -1.000000000000000000 ) ) ;
#776 = ADVANCED_FACE ( 'NONE', ( #1059 ), #532, .T. ) ;
#777 = CARTESIAN_POINT ( 'NONE',  ( 0.000000000000000000, 1.000000000000000888, -4.514975354336314695 ) ) ;
#778 = EDGE_CURVE ( 'NONE', #320, #342, #459, .T. ) ;
#779 = ORIENTED_EDGE ( 'NONE', *, *, #749, .T. ) ;
#780 = DIRECTION ( 'NONE',  ( -0.000000000000000000, -1.000000000000000000, -0.000000000000000000 ) ) ;
#781 = CARTESIAN_POINT ( 'NONE',  ( 6.200000000000000178, 10.00000000000000000, -6.200000000000000178 ) ) ;
#782 = ORIENTED_EDGE ( 'NONE', *, *, #558, .T. ) ;
#783 = DIRECTION ( 'NONE',  ( 0.000000000000000000, 0.9848077530122080203, -0.1736481776669307198 ) ) ;
#784 = CIRCLE ( 'NONE', #909, 0.8000000000000003775 ) ;
#785 = VECTOR ( 'NONE', #783, 1000.000000000000000 ) ;
#786 = DIRECTION ( 'NONE',  ( 0.000000000000000000, 0.000000000000000000, 1.000000000000000000 ) ) ;
#787 = EDGE_LOOP ( 'NONE', ( #1201, #1257, #110, #513, #166, #800, #472, #388 ) ) ;
#788 = CARTESIAN_POINT ( 'NONE',  ( 0.5516516064060508207, 0.6098913552385055725, -4.703096648339222696 ) ) ;
#789 = CARTESIAN_POINT ( 'NONE',  ( -0.6635096682470591478, 1.000000000531356958, -5.008660306790365446 ) ) ;
#790 = VERTEX_POINT ( 'NONE', #250 ) ;
#791 = CARTESIAN_POINT ( 'NONE',  ( 7.000000000000000000, 10.00000000000000000, 7.000000000000000000 ) ) ;
#792 = FACE_OUTER_BOUND ( 'NONE', #228, .T. ) ;
#793 = EDGE_CURVE ( 'NONE', #1197, #87, #746, .T. ) ;
#794 = ORIENTED_EDGE ( 'NONE', *, *, #31, .F. ) ;
#795 = ADVANCED_FACE ( 'NONE', ( #47 ), #135, .F. ) ;
#796 = ORIENTED_EDGE ( 'NONE', *, *, #971, .F. ) ;
#797 = CARTESIAN_POINT ( 'NONE',  ( 6.200000000000000178, 0.000000000000000000, 6.200000000000000178 ) ) ;
#798 = CARTESIAN_POINT ( 'NONE',  ( 1.986200595559072246, 0.000000000000000000, -6.200000000000000178 ) ) ;
#799 = CIRCLE ( 'NONE', #218, 5.049999999999999822 ) ;
#800 = ORIENTED_EDGE ( 'NONE', *, *, #1314, .T. ) ;
#801 = CARTESIAN_POINT ( 'NONE',  ( 0.000000000000000000, -3.500000000000000000, -3.422201682501503139 ) ) ;
#802 = VERTEX_POINT ( 'NONE', #1164 ) ;
#803 = CARTESIAN_POINT ( 'NONE',  ( -6.200000000000000178, 0.8000000000000000444, 6.200000000000000178 ) ) ;
#804 = DIRECTION ( 'NONE',  ( 0.000000000000000000, 0.000000000000000000, -1.000000000000000000 ) ) ;
#805 = AXIS2_PLACEMENT_3D ( 'NONE', #1323, #1228, #96 ) ;
#806 = FACE_BOUND ( 'NONE', #1310, .T. ) ;
#807 = VERTEX_POINT ( 'NONE', #237 ) ;
#808 = VERTEX_POINT ( 'NONE', #139 ) ;
#809 = CARTESIAN_POINT ( 'NONE',  ( -6.200000000000000178, 0.8000000000000003775, 7.000000000000000000 ) ) ;
#810 = ORIENTED_EDGE ( 'NONE', *, *, #255, .F. ) ;
#811 = LINE ( 'NONE', #183, #256 ) ;
#812 = EDGE_CURVE ( 'NONE', #310, #491, #551, .T. ) ;
#813 = CARTESIAN_POINT ( 'NONE',  ( -7.000000000000000000, 10.00000000000000000, 6.200000000000000178 ) ) ;
#814 = CARTESIAN_POINT ( 'NONE',  ( 0.01416018426692384514, 0.6777466661348566790, -5.014975354336316471 ) ) ;
#815 = FACE_OUTER_BOUND ( 'NONE', #703, .T. ) ;
#816 = ORIENTED_EDGE ( 'NONE', *, *, #1297, .T. ) ;
#817 = LINE ( 'NONE', #791, #534 ) ;
#818 = CONICAL_SURFACE ( 'NONE', #380, 1.250000000000000222, 0.1745329251994333364 ) ;
#819 = ORIENTED_EDGE ( 'NONE', *, *, #337, .T. ) ;
#820 = DIRECTION ( 'NONE',  ( -0.000000000000000000, 1.000000000000000000, -0.000000000000000000 ) ) ;
#821 = ORIENTED_EDGE ( 'NONE', *, *, #812, .T. ) ;
#822 = CARTESIAN_POINT ( 'NONE',  ( 0.6751627090380611929, -0.2431271700209398645, -5.409667752964518073 ) ) ;
#823 = DIRECTION ( 'NONE',  ( 0.000000000000000000, 0.000000000000000000, 1.000000000000000000 ) ) ;
#824 = ORIENTED_EDGE ( 'NONE', *, *, #778, .T. ) ;
#825 = DIRECTION ( 'NONE',  ( 0.000000000000000000, -1.000000000000000000, 0.000000000000000000 ) ) ;
#826 = CIRCLE ( 'NONE', #242, 2.000000000000000888 ) ;
#827 = ORIENTED_EDGE ( 'NONE', *, *, #1170, .F. ) ;
#828 = CARTESIAN_POINT ( 'NONE',  ( 0.000000000000000000, 1.000000000000000888, -4.514975354336314695 ) ) ;
#829 = DIRECTION ( 'NONE',  ( 0.000000000000000000, 0.000000000000000000, -1.000000000000000000 ) ) ;
#830 = CARTESIAN_POINT ( 'NONE',  ( 0.1645442390297261470, -1.317160184030784720, -5.612717269855653335 ) ) ;
#831 = DIRECTION ( 'NONE',  ( -1.000000000000000000, 0.000000000000000000, 0.000000000000000000 ) ) ;
#832 = CARTESIAN_POINT ( 'NONE',  ( 6.200000000000000178, 0.8000000000000003775, 7.000000000000000000 ) ) ;
#833 = ORIENTED_EDGE ( 'NONE', *, *, #643, .F. ) ;
#834 = CARTESIAN_POINT ( 'NONE',  ( 0.8157413687899448540, -0.1184577908642680394, -5.271144486406880603 ) ) ;
#835 = CARTESIAN_POINT ( 'NONE',  ( -6.200000000000000178, 0.8000000000000003775, -6.200000000000000178 ) ) ;
#836 = ORIENTED_EDGE ( 'NONE', *, *, #31, .T. ) ;
#837 = CARTESIAN_POINT ( 'NONE',  ( 0.4936297978608725212, -0.4910725205828641027, -4.599404223666120117 ) ) ;
#838 = ORIENTED_EDGE ( 'NONE', *, *, #812, .F. ) ;
#839 = CARTESIAN_POINT ( 'NONE',  ( -0.3773940003338308591, 0.06387694607044977491, -6.513625342790062334 ) ) ;
#840 = DIRECTION ( 'NONE',  ( 0.000000000000000000, 0.000000000000000000, -1.000000000000000000 ) ) ;
#841 = B_SPLINE_CURVE_WITH_KNOTS ( 'NONE', 3,
 ( #798, #280, #1220, #481, #894, #908, #1327, #296, #1215, #99, #596, #579, #393, #919 ),
 .UNSPECIFIED., .F., .F.,
 ( 4, 2, 2, 2, 2, 2, 4 ),
 ( 4.337315890978579451E-19, 0.0005071771947414896843, 0.001014354389482978935, 0.002028708778965957003, 0.003043063168448935287, 0.003550240363190424863, 0.004057417557931914005 ),
 .UNSPECIFIED. ) ;
#842 = ORIENTED_EDGE ( 'NONE', *, *, #157, .F. ) ;
#843 = CARTESIAN_POINT ( 'NONE',  ( 0.3314874381392360347, -0.01306476140044678796, -4.889679155450963322 ) ) ;
#844 = AXIS2_PLACEMENT_3D ( 'NONE', #832, #904, #406 ) ;
#845 = CIRCLE ( 'NONE', #368, 0.8000000000000003775 ) ;
#846 = ORIENTED_EDGE ( 'NONE', *, *, #5, .F. ) ;
#847 = AXIS2_PLACEMENT_3D ( 'NONE', #109, #102, #922 ) ;
#848 = CARTESIAN_POINT ( 'NONE',  ( 0.3148354785120897059, -1.349106828262907509, -5.579182011027432608 ) ) ;
#849 = CARTESIAN_POINT ( 'NONE',  ( -0.4266839583539846492, -0.2912397377407712762, -4.775638943797411606 ) ) ;
#850 = DIRECTION ( 'NONE',  ( 0.000000000000000000, -1.000000000000000000, 0.000000000000000000 ) ) ;
#851 = EDGE_CURVE ( 'NONE', #1212, #1037, #146, .T. ) ;
#852 = CARTESIAN_POINT ( 'NONE',  ( 0.000000000000000000, 9.199999999999999289, 0.000000000000000000 ) ) ;
#853 = CARTESIAN_POINT ( 'NONE',  ( 0.4990418826123412255, 1.000000000000000888, -4.545913993587755719 ) ) ;
#854 = CARTESIAN_POINT ( 'NONE',  ( 0.4810785702778557771, 0.6431599810017130103, -4.819710755965811444 ) ) ;
#855 = DIRECTION ( 'NONE',  ( 0.000000000000000000, -1.000000000000000000, 0.000000000000000000 ) ) ;
#856 = ORIENTED_EDGE ( 'NONE', *, *, #217, .F. ) ;
#857 = ADVANCED_FACE ( 'NONE', ( #654 ), #613, .T. ) ;
#858 = AXIS2_PLACEMENT_3D ( 'NONE', #1086, #260, #759 ) ;
#859 = CARTESIAN_POINT ( 'NONE',  ( -0.3157902611540849280, 0.03175187815236159283, -4.902775268911911510 ) ) ;
#860 = CARTESIAN_POINT ( 'NONE',  ( 0.08948442116801891277, 0.9999999997366388893, -5.049399053327936038 ) ) ;
#861 = FACE_BOUND ( 'NONE', #1091, .T. ) ;
#862 = VECTOR ( 'NONE', #79, 1000.000000000000000 ) ;
#863 = CARTESIAN_POINT ( 'NONE',  ( -0.9598073515107029552, 1.000000000000000888, -4.957950165944190246 ) ) ;
#864 = EDGE_CURVE ( 'NONE', #895, #1265, #588, .T. ) ;
#865 = CARTESIAN_POINT ( 'NONE',  ( 0.4490361418639676749, -0.3586675093145192950, -4.735387037665377719 ) ) ;
#866 = CARTESIAN_POINT ( 'NONE',  ( -0.3966113668782526580, -0.2012897885793918651, -4.819446401592823115 ) ) ;
#867 = VECTOR ( 'NONE', #1102, 1000.000000000000000 ) ;
#868 = CARTESIAN_POINT ( 'NONE',  ( -0.06122906411725852899, 0.8404964987647924879, -5.014832632317551386 ) ) ;
#869 = DIRECTION ( 'NONE',  ( 0.000000000000000000, -0.000000000000000000, -1.000000000000000000 ) ) ;
#870 = AXIS2_PLACEMENT_3D ( 'NONE', #1237, #607, #823 ) ;
#871 = CARTESIAN_POINT ( 'NONE',  ( -0.3722574780855005816, 0.2544617896145457414, -4.861796267063987820 ) ) ;
#872 = EDGE_CURVE ( 'NONE', #1021, #447, #799, .T. ) ;
#873 = CARTESIAN_POINT ( 'NONE',  ( -1.683371399805127400, 1.000000000000001110, -4.762578909334797217 ) ) ;
#874 = CARTESIAN_POINT ( 'NONE',  ( 0.5337827438432504179, 0.6194555750798302896, -4.744343306676111816 ) ) ;
#875 = CARTESIAN_POINT ( 'NONE',  ( 7.000000000000000000, 0.8000000000000003775, -7.000000000000000000 ) ) ;
#876 = CARTESIAN_POINT ( 'NONE',  ( -1.377448606339288339, 1.000000000000001332, -4.859115472416320358 ) ) ;
#877 = CARTESIAN_POINT ( 'NONE',  ( -1.155429274968775788, 1.000000000000001332, -4.918430107470363133 ) ) ;
#878 = CARTESIAN_POINT ( 'NONE',  ( -6.200000000000000178, 0.8000000000000003775, 7.000000000000000000 ) ) ;
#879 = LINE ( 'NONE', #55, #441 ) ;
#880 = EDGE_LOOP ( 'NONE', ( #120, #838 ) ) ;
#881 = CARTESIAN_POINT ( 'NONE',  ( -0.1638164700565679088, -1.307022557257637496, -5.622201682501512643 ) ) ;
#882 = LINE ( 'NONE', #1175, #431 ) ;
#883 = PRODUCT_DEFINITION_SHAPE ( 'NONE', 'NONE',  #81 ) ;
#884 = CARTESIAN_POINT ( 'NONE',  ( 1.816532776365136437, 1.000000000000000888, -4.716031406033184936 ) ) ;
#885 = LINE ( 'NONE', #1302, #867 ) ;
#886 = DIRECTION ( 'NONE',  ( 0.000000000000000000, 0.000000000000000000, -1.000000000000000000 ) ) ;
#887 = ORIENTED_EDGE ( 'NONE', *, *, #269, .T. ) ;
#888 = CIRCLE ( 'NONE', #716, 0.8000000000000003775 ) ;
#889 = ADVANCED_FACE ( 'NONE', ( #434 ), #448, .T. ) ;
#890 = ORIENTED_EDGE ( 'NONE', *, *, #1073, .T. ) ;
#891 = DIRECTION ( 'NONE',  ( -1.000000000000000000, 0.000000000000000000, 0.000000000000000000 ) ) ;
#892 = EDGE_LOOP ( 'NONE', ( #174, #729, #897, #521 ) ) ;
#893 = CARTESIAN_POINT ( 'NONE',  ( 6.200000000000000178, 10.00000000000000000, 7.000000000000000000 ) ) ;
#894 = CARTESIAN_POINT ( 'NONE',  ( 1.175030612522427020, 0.03203710116840867428, -6.425596426569931019 ) ) ;
#895 = VERTEX_POINT ( 'NONE', #1293 ) ;
#896 = CARTESIAN_POINT ( 'NONE',  ( -0.2549847358155560850, 0.2008015278708899509, -4.948144324950385808 ) ) ;
#897 = ORIENTED_EDGE ( 'NONE', *, *, #931, .F. ) ;
#898 = SPHERICAL_SURFACE ( 'NONE', #756, 0.8000000000000000444 ) ;
#899 = DIRECTION ( 'NONE',  ( -0.000000000000000000, 1.000000000000000000, -0.000000000000000000 ) ) ;
#900 = CARTESIAN_POINT ( 'NONE',  ( -1.755865112464317815E-14, -1.307022557257371931, -5.622201682501503761 ) ) ;
#901 = ORIENTED_EDGE ( 'NONE', *, *, #1014, .T. ) ;
#902 = EDGE_CURVE ( 'NONE', #636, #1253, #707, .T. ) ;
#903 = CARTESIAN_POINT ( 'NONE',  ( -7.000000000000000000, 0.8000000000000003775, 7.000000000000000000 ) ) ;
#904 = DIRECTION ( 'NONE',  ( 0.000000000000000000, 0.000000000000000000, 1.000000000000000000 ) ) ;
#905 = ORIENTED_EDGE ( 'NONE', *, *, #687, .F. ) ;
#906 = CARTESIAN_POINT ( 'NONE',  ( 0.000000000000000000, 4.000000000000000000, -5.014975354336314695 ) ) ;
#907 = CIRCLE ( 'NONE', #639, 5.049999999999999822 ) ;
#908 = CARTESIAN_POINT ( 'NONE',  ( 0.6743802823989398787, 0.05613717278012136241, -6.498849696222388950 ) ) ;
#909 = AXIS2_PLACEMENT_3D ( 'NONE', #561, #181, #383 ) ;
#910 = AXIS2_PLACEMENT_3D ( 'NONE', #252, #49, #1079 ) ;
#911 = AXIS2_PLACEMENT_3D ( 'NONE', #43, #550, #1069 ) ;
#912 = AXIS2_PLACEMENT_3D ( 'NONE', #1225, #18, #930 ) ;
#913 = CARTESIAN_POINT ( 'NONE',  ( 1.996167530449363348, 1.000000000000000888, -4.638729911342079681 ) ) ;
#914 = CARTESIAN_POINT ( 'NONE',  ( 7.000000000000000000, 10.00000000000000000, 6.200000000000000178 ) ) ;
#915 = EDGE_CURVE ( 'NONE', #78, #807, #631, .T. ) ;
#916 = EDGE_LOOP ( 'NONE', ( #810, #1336, #921, #662, #19, #819 ) ) ;
#917 = CARTESIAN_POINT ( 'NONE',  ( -0.8162843160682454746, -0.1173728741305282708, -5.270404795415913668 ) ) ;
#918 = EDGE_CURVE ( 'NONE', #1047, #591, #1090, .T. ) ;
#919 = CARTESIAN_POINT ( 'NONE',  ( -1.986200595559072246, 0.000000000000000000, -6.200000000000000178 ) ) ;
#920 = CARTESIAN_POINT ( 'NONE',  ( 0.5353199733281385209, -1.421574322448384997, -5.486343109335846790 ) ) ;
#921 = ORIENTED_EDGE ( 'NONE', *, *, #584, .F. ) ;
#922 = DIRECTION ( 'NONE',  ( 0.000000000000000000, 0.000000000000000000, -1.000000000000000000 ) ) ;
#923 = ORIENTED_EDGE ( 'NONE', *, *, #115, .T. ) ;
#924 = CARTESIAN_POINT ( 'NONE',  ( 0.5352021411185589050, -1.421499802190800299, -5.486542510527203653 ) ) ;
#925 = DIRECTION ( 'NONE',  ( 0.000000000000000000, -1.000000000000000000, 0.000000000000000000 ) ) ;
#926 = VECTOR ( 'NONE', #1325, 1000.000000000000000 ) ;
#927 = DIRECTION ( 'NONE',  ( 0.000000000000000000, 0.000000000000000000, 1.000000000000000000 ) ) ;
#928 = ORIENTED_EDGE ( 'NONE', *, *, #973, .T. ) ;
#929 = CARTESIAN_POINT ( 'NONE',  ( 1.265023243577178214, 0.02730441478619896611, -6.409235733641133415 ) ) ;
#930 = DIRECTION ( 'NONE',  ( 1.000000000000000000, 0.000000000000000000, 0.000000000000000000 ) ) ;
#931 = EDGE_CURVE ( 'NONE', #808, #1002, #399, .T. ) ;
#932 = CIRCLE ( 'NONE', #453, 5.049999999999999822 ) ;
#933 = EDGE_CURVE ( 'NONE', #241, #70, #493, .T. ) ;
#934 = CIRCLE ( 'NONE', #847, 0.8000000000000003775 ) ;
#935 = CARTESIAN_POINT ( 'NONE',  ( 6.123233995736774664E-17, -0.4999999999999987232, -4.014975354336314695 ) ) ;
#936 = ORIENTED_EDGE ( 'NONE', *, *, #1004, .F. ) ;
#937 = CARTESIAN_POINT ( 'NONE',  ( -0.3917351699464426962, -1.372746685683206236, -5.553126062189370771 ) ) ;
#938 = DIRECTION ( 'NONE',  ( 1.000000000000000000, -0.000000000000000000, -0.000000000000000000 ) ) ;
#939 = CARTESIAN_POINT ( 'NONE',  ( 0.000000000000000000, -6.000000000000000000, -4.522201682501503228 ) ) ;
#940 = CARTESIAN_POINT ( 'NONE',  ( 0.4056879017582862845, -0.2282068992740876323, -4.807247599650215086 ) ) ;
#941 = EDGE_LOOP ( 'NONE', ( #65, #212, #293, #363, #946 ) ) ;
#942 = CARTESIAN_POINT ( 'NONE',  ( 0.7882033715262447560, -1.499999982778361884, -5.293730644327430568 ) ) ;
#943 = DIRECTION ( 'NONE',  ( 0.000000000000000000, -1.000000000000000000, 0.000000000000000000 ) ) ;
#944 = ORIENTED_EDGE ( 'NONE', *, *, #428, .T. ) ;
#945 = CARTESIAN_POINT ( 'NONE',  ( 0.3445542799299337045, -0.05052897888149650296, -4.877305961282065283 ) ) ;
#946 = ORIENTED_EDGE ( 'NONE', *, *, #482, .T. ) ;
#947 = CARTESIAN_POINT ( 'NONE',  ( -0.1121313224845925799, -0.3261274125385376643, -5.622059994038953512 ) ) ;
#948 = CARTESIAN_POINT ( 'NONE',  ( -0.4302802548619426570, 0.9999999997343227420, -5.032242510830574389 ) ) ;
#949 = DIRECTION ( 'NONE',  ( 0.000000000000000000, 0.000000000000000000, -1.000000000000000000 ) ) ;
#950 = ORIENTED_EDGE ( 'NONE', *, *, #353, .F. ) ;
#951 = VECTOR ( 'NONE', #530, 1000.000000000000000 ) ;
#952 = CARTESIAN_POINT ( 'NONE',  ( 0.3524970366830022517, -0.07331274360094398868, -4.869611652997284601 ) ) ;
#953 = AXIS2_PLACEMENT_3D ( 'NONE', #661, #83, #981 ) ;
#954 = AXIS2_PLACEMENT_3D ( 'NONE', #435, #855, #1264 ) ;
#955 = DIRECTION ( 'NONE',  ( 0.000000000000000000, 1.000000000000000000, 0.000000000000000000 ) ) ;
#956 = CIRCLE ( 'NONE', #1019, 5.049999999999999822 ) ;
#957 = CARTESIAN_POINT ( 'NONE',  ( 0.1775050454506766073, 1.000000000263362887, -5.047071450007112325 ) ) ;
#958 = CARTESIAN_POINT ( 'NONE',  ( -6.200000000000000178, 0.000000000000000000, -7.000000000000000000 ) ) ;
#959 = CARTESIAN_POINT ( 'NONE',  ( 6.184466335694133068E-16, 1.000000000000000888, -5.049999999999999822 ) ) ;
#960 = CARTESIAN_POINT ( 'NONE',  ( 0.1361870360296584259, 0.4964463303362391389, -4.996742769118499794 ) ) ;
#961 = FACE_OUTER_BOUND ( 'NONE', #315, .T. ) ;
#962 = EDGE_CURVE ( 'NONE', #790, #91, #885, .T. ) ;
#963 = CARTESIAN_POINT ( 'NONE',  ( -0.5581397988915867137, 0.6069479040299975425, -4.655267246559023242 ) ) ;
#964 = CARTESIAN_POINT ( 'NONE',  ( 0.4974091254908258319, -0.4999999691649283373, -4.572250452057949666 ) ) ;
#965 =( GEOMETRIC_REPRESENTATION_CONTEXT ( 3 ) GLOBAL_UNCERTAINTY_ASSIGNED_CONTEXT ( ( #306 ) ) GLOBAL_UNIT_ASSIGNED_CONTEXT ( ( #678, #979, #637 ) ) REPRESENTATION_CONTEXT ( 'NONE', 'WORKASPACE' ) );
#966 = CARTESIAN_POINT ( 'NONE',  ( -0.3066939501205607765, 0.05743759153000888018, -4.910070769717994388 ) ) ;
#967 = CARTESIAN_POINT ( 'NONE',  ( 0.02886047442966051951, 0.6695645682077244754, -5.014344050875885195 ) ) ;
#968 = FACE_OUTER_BOUND ( 'NONE', #770, .T. ) ;
#969 = AXIS2_PLACEMENT_3D ( 'NONE', #552, #545, #975 ) ;
#970 = LINE ( 'NONE', #542, #557 ) ;
#971 = EDGE_CURVE ( 'NONE', #425, #70, #240, .T. ) ;
#972 = CARTESIAN_POINT ( 'NONE',  ( -0.8255985133468062287, 0.8792267173848422601, -4.889367116205617592 ) ) ;
#973 = EDGE_CURVE ( 'NONE', #1021, #20, #784, .T. ) ;
#974 = AXIS2_PLACEMENT_3D ( 'NONE', #1251, #131, #949 ) ;
#975 = DIRECTION ( 'NONE',  ( 0.000000000000000000, 0.000000000000000000, -1.000000000000000000 ) ) ;
#976 = CARTESIAN_POINT ( 'NONE',  ( -0.4067060945726265198, -0.2311912670870992781, -4.805980044651864347 ) ) ;
#977 = DIRECTION ( 'NONE',  ( 0.000000000000000000, -1.000000000000000000, 0.000000000000000000 ) ) ;
#978 = FACE_OUTER_BOUND ( 'NONE', #298, .T. ) ;
#979 =( NAMED_UNIT ( * ) PLANE_ANGLE_UNIT ( ) SI_UNIT ( $, .RADIAN. ) );
#980 = CARTESIAN_POINT ( 'NONE',  ( 0.000000000000000000, -0.4999999999999987232, -4.514975354336314695 ) ) ;
#981 = DIRECTION ( 'NONE',  ( -1.224646799147351975E-16, 0.000000000000000000, -1.000000000000000000 ) ) ;
#982 = ORIENTED_EDGE ( 'NONE', *, *, #558, .F. ) ;
#983 = CARTESIAN_POINT ( 'NONE',  ( -0.3230454139392190394, -1.349369548818362574, -5.585152001505907293 ) ) ;
#984 = CARTESIAN_POINT ( 'NONE',  ( -0.5531546467891622632, 0.6094190420091342153, -4.700256614786828990 ) ) ;
#985 = ORIENTED_EDGE ( 'NONE', *, *, #1048, .T. ) ;
#986 = ORIENTED_EDGE ( 'NONE', *, *, #289, .F. ) ;
#987 = CARTESIAN_POINT ( 'NONE',  ( 6.200000000000000178, 0.8000000000000003775, 6.200000000000000178 ) ) ;
#988 = EDGE_CURVE ( 'NONE', #1209, #186, #932, .T. ) ;
#989 = ORIENTED_EDGE ( 'NONE', *, *, #1269, .T. ) ;
#990 = CARTESIAN_POINT ( 'NONE',  ( 0.000000000000000000, -1.500000000000000000, -4.522201682501503228 ) ) ;
#991 = EDGE_CURVE ( 'NONE', #447, #219, #200, .T. ) ;
#992 = CARTESIAN_POINT ( 'NONE',  ( -6.200000000000000178, 10.00000000000000000, -7.000000000000000000 ) ) ;
#993 = VERTEX_POINT ( 'NONE', #801 ) ;
#994 = CARTESIAN_POINT ( 'NONE',  ( 1.373496748222425623, 0.9999999999999846789, -4.860239446006496600 ) ) ;
#995 = ORIENTED_EDGE ( 'NONE', *, *, #444, .T. ) ;
#996 = ORIENTED_EDGE ( 'NONE', *, *, #599, .T. ) ;
#997 = DIRECTION ( 'NONE',  ( 0.000000000000000000, 0.000000000000000000, 1.000000000000000000 ) ) ;
#998 = DIRECTION ( 'NONE',  ( 0.000000000000000000, 0.000000000000000000, -1.000000000000000000 ) ) ;
#999 = COLOUR_RGB ( '',0.7921568627450980005, 0.8196078431372548767, 0.9333333333333333481 ) ;
#1000 = DIRECTION ( 'NONE',  ( 0.000000000000000000, 0.000000000000000000, -1.000000000000000000 ) ) ;
#1001 = CARTESIAN_POINT ( 'NONE',  ( 1.459882915941616677, 0.9999999999999842348, -4.835782628486144930 ) ) ;
#1002 = VERTEX_POINT ( 'NONE', #878 ) ;
#1003 = CARTESIAN_POINT ( 'NONE',  ( -7.000000000000000000, 0.8000000000000003775, -7.000000000000000000 ) ) ;
#1004 = EDGE_CURVE ( 'NONE', #342, #1155, #3, .T. ) ;
#1005 = EDGE_LOOP ( 'NONE', ( #24, #1024, #433, #372, #12, #182 ) ) ;
#1006 = CARTESIAN_POINT ( 'NONE',  ( -0.4990418826123408369, 1.000000000000003775, -4.545913993587761937 ) ) ;
#1007 = ORIENTED_EDGE ( 'NONE', *, *, #687, .T. ) ;
#1008 = DIRECTION ( 'NONE',  ( 0.000000000000000000, 0.000000000000000000, 1.000000000000000000 ) ) ;
#1009 = APPLICATION_CONTEXT ( 'automotive_design' ) ;
#1010 = EDGE_CURVE ( 'NONE', #1142, #807, #77, .T. ) ;
#1011 = CARTESIAN_POINT ( 'NONE',  ( 0.3932930682168009895, -1.373259770774424737, -5.552471903013977084 ) ) ;
#1012 = ORIENTED_EDGE ( 'NONE', *, *, #643, .T. ) ;
#1013 = ORIENTED_EDGE ( 'NONE', *, *, #933, .T. ) ;
#1014 = EDGE_CURVE ( 'NONE', #757, #1265, #331, .T. ) ;
#1015 = DIRECTION ( 'NONE',  ( 0.000000000000000000, -1.000000000000000000, 0.000000000000000000 ) ) ;
#1016 = ORIENTED_EDGE ( 'NONE', *, *, #253, .T. ) ;
#1017 = CARTESIAN_POINT ( 'NONE',  ( -1.862779498822299651, 4.336808689942017736E-16, -6.250820025358928334 ) ) ;
#1018 = SURFACE_STYLE_FILL_AREA ( #86 ) ;
#1019 = AXIS2_PLACEMENT_3D ( 'NONE', #625, #709, #197 ) ;
#1020 = CARTESIAN_POINT ( 'NONE',  ( 0.08168314679216516494, -1.307022557257638384, -5.622201682501511755 ) ) ;
#1021 = VERTEX_POINT ( 'NONE', #1082 ) ;
#1022 = CARTESIAN_POINT ( 'NONE',  ( 0.3257208139984927864, 0.004783344291427017204, -4.896247965407434677 ) ) ;
#1023 = CARTESIAN_POINT ( 'NONE',  ( -0.02759644048154500859, 0.6695381692016959541, -5.014327543020901778 ) ) ;
#1024 = ORIENTED_EDGE ( 'NONE', *, *, #723, .T. ) ;
#1025 = CARTESIAN_POINT ( 'NONE',  ( -0.6043470894038782681, -1.447351747528378141, -5.444727273333496598 ) ) ;
#1026 =( NAMED_UNIT ( * ) SI_UNIT ( $, .STERADIAN. ) SOLID_ANGLE_UNIT ( ) );
#1027 = CARTESIAN_POINT ( 'NONE',  ( 0.7271047714125902228, -1.485490115016070645, -5.351369684512262914 ) ) ;
#1028 = CARTESIAN_POINT ( 'NONE',  ( -6.200000000000000178, 0.8000000000000003775, -7.000000000000000000 ) ) ;
#1029 = FACE_OUTER_BOUND ( 'NONE', #286, .T. ) ;
#1030 = ORIENTED_EDGE ( 'NONE', *, *, #624, .F. ) ;
#1031 = CARTESIAN_POINT ( 'NONE',  ( -0.1596666922463531590, -1.316353783684558909, -5.613516411371056058 ) ) ;
#1032 = ADVANCED_FACE ( 'NONE', ( #616 ), #727, .T. ) ;
#1033 = CARTESIAN_POINT ( 'NONE',  ( 7.164183775012016422E-16, 10.00000000000000000, 5.850000000000000533 ) ) ;
#1034 = EDGE_CURVE ( 'NONE', #91, #802, #1254, .T. ) ;
#1035 = VECTOR ( 'NONE', #1143, 1000.000000000000000 ) ;
#1036 = CARTESIAN_POINT ( 'NONE',  ( 1.714541256958638662E-14, 0.6777466661348763299, -5.014975354336314695 ) ) ;
#1037 = VERTEX_POINT ( 'NONE', #715 ) ;
#1038 = CARTESIAN_POINT ( 'NONE',  ( 0.1090843328154851299, -0.3261940799761929299, -5.622341427222167454 ) ) ;
#1039 = CARTESIAN_POINT ( 'NONE',  ( 6.200000000000000178, 10.00000000000000000, -6.200000000000000178 ) ) ;
#1040 = TOROIDAL_SURFACE ( 'NONE', #735, 5.850000000000000533, 0.8000000000000000444 ) ;
#1041 = AXIS2_PLACEMENT_3D ( 'NONE', #239, #775, #1296 ) ;
#1042 = SPHERICAL_SURFACE ( 'NONE', #805, 0.8000000000000000444 ) ;
#1043 = VECTOR ( 'NONE', #938, 1000.000000000000000 ) ;
#1044 = ORIENTED_EDGE ( 'NONE', *, *, #1105, .F. ) ;
#1045 = CARTESIAN_POINT ( 'NONE',  ( -7.000000000000000000, 10.00000000000000000, -6.200000000000000178 ) ) ;
#1046 = DIRECTION ( 'NONE',  ( 0.000000000000000000, 0.000000000000000000, -1.000000000000000000 ) ) ;
#1047 = VERTEX_POINT ( 'NONE', #1339 ) ;
#1048 = EDGE_CURVE ( 'NONE', #1142, #320, #1124, .T. ) ;
#1049 = CARTESIAN_POINT ( 'NONE',  ( 0.4098424281669878488, -0.2405953006767012903, -4.801451005190986443 ) ) ;
#1050 = EDGE_LOOP ( 'NONE', ( #796, #1117, #1232, #1295 ) ) ;
#1051 = CARTESIAN_POINT ( 'NONE',  ( -0.1906295809175533318, 0.06709395608634570463, -6.520700383262997057 ) ) ;
#1052 = CARTESIAN_POINT ( 'NONE',  ( -0.3500730556773237745, 1.000000000394495103, -5.038543495798165850 ) ) ;
#1053 = DIRECTION ( 'NONE',  ( -0.000000000000000000, -1.000000000000000000, -0.000000000000000000 ) ) ;
#1054 = ORIENTED_EDGE ( 'NONE', *, *, #75, .T. ) ;
#1055 = ADVANCED_FACE ( 'NONE', ( #1029 ), #1234, .T. ) ;
#1056 = CARTESIAN_POINT ( 'NONE',  ( 0.4400119528804296021, -0.3314436751806029147, -4.752553305699423802 ) ) ;
#1057 = CIRCLE ( 'NONE', #728, 1.500000000000000222 ) ;
#1058 = ORIENTED_EDGE ( 'NONE', *, *, #1173, .F. ) ;
#1059 = FACE_OUTER_BOUND ( 'NONE', #916, .T. ) ;
#1060 = CARTESIAN_POINT ( 'NONE',  ( 0.000000000000000000, -1.500000000000000000, -3.422201682501503139 ) ) ;
#1061 = ORIENTED_EDGE ( 'NONE', *, *, #522, .T. ) ;
#1062 = AXIS2_PLACEMENT_3D ( 'NONE', #352, #766, #1169 ) ;
#1063 = CARTESIAN_POINT ( 'NONE',  ( 0.4841370054708488135, -0.4642902210892786430, -4.640717204019858322 ) ) ;
#1064 = ORIENTED_EDGE ( 'NONE', *, *, #1014, .F. ) ;
#1065 = DIRECTION ( 'NONE',  ( 0.000000000000000000, 0.000000000000000000, -1.000000000000000000 ) ) ;
#1066 = CARTESIAN_POINT ( 'NONE',  ( 0.8062119771096805110, 1.000000000678970880, -4.987501828575161333 ) ) ;
#1067 = DIRECTION ( 'NONE',  ( 0.000000000000000000, -1.000000000000000000, 0.000000000000000000 ) ) ;
#1068 = ORIENTED_EDGE ( 'NONE', *, *, #57, .F. ) ;
#1069 = DIRECTION ( 'NONE',  ( 1.000000000000000000, 0.000000000000000000, -0.000000000000000000 ) ) ;
#1070 = CARTESIAN_POINT ( 'NONE',  ( -0.8403156365826847107, -1.500000000000000000, -5.232039432212405750 ) ) ;
#1071 = CARTESIAN_POINT ( 'NONE',  ( 0.2228716767408477073, 0.7822734659392446277, -4.979330260023759003 ) ) ;
#1072 = CARTESIAN_POINT ( 'NONE',  ( 0.000000000000000000, -1.500000000000000000, -4.522201682501503228 ) ) ;
#1073 = EDGE_CURVE ( 'NONE', #1096, #895, #563, .T. ) ;
#1074 = CARTESIAN_POINT ( 'NONE',  ( -0.2964583440018924154, 0.08581583724522355572, -4.917607258526303760 ) ) ;
#1075 = ADVANCED_FACE ( 'NONE', ( #297 ), #1042, .T. ) ;
#1076 = SPHERICAL_SURFACE ( 'NONE', #531, 0.8000000000000000444 ) ;
#1077 = CARTESIAN_POINT ( 'NONE',  ( 1.986200595559072468, -1.500000000000000000, -6.200000000000000178 ) ) ;
#1078 = CARTESIAN_POINT ( 'NONE',  ( -0.1199141871020088651, 0.8233298259761174798, -5.006436832109461221 ) ) ;
#1079 = DIRECTION ( 'NONE',  ( 0.000000000000000000, 0.000000000000000000, 1.000000000000000000 ) ) ;
#1080 = CARTESIAN_POINT ( 'NONE',  ( -7.000000000000000000, 0.000000000000000000, 6.200000000000000178 ) ) ;
#1081 = CARTESIAN_POINT ( 'NONE',  ( -0.3933424901602613488, -0.1916533936513451775, -4.823688740119531637 ) ) ;
#1082 = CARTESIAN_POINT ( 'NONE',  ( 6.184466335694133068E-16, 9.199999999999999289, -5.049999999999999822 ) ) ;
#1083 = AXIS2_PLACEMENT_3D ( 'NONE', #373, #290, #487 ) ;
#1084 = CARTESIAN_POINT ( 'NONE',  ( -0.8403156365826847107, -1.500000000000000000, -5.232039432212405750 ) ) ;
#1085 = CARTESIAN_POINT ( 'NONE',  ( -0.5332213055133822044, 0.6645231149313071128, -4.576018020854711210 ) ) ;
#1086 = CARTESIAN_POINT ( 'NONE',  ( 0.000000000000000000, 0.000000000000000000, 0.000000000000000000 ) ) ;
#1087 = ADVANCED_FACE ( 'NONE', ( #506 ), #1135, .T. ) ;
#1088 = CARTESIAN_POINT ( 'NONE',  ( 6.200000000000000178, 0.8000000000000003775, 7.000000000000000000 ) ) ;
#1089 = CARTESIAN_POINT ( 'NONE',  ( 0.4996541954868757296, 0.8372035051517060511, -4.536038704248927189 ) ) ;
#1090 = LINE ( 'NONE', #696, #379 ) ;
#1091 = EDGE_LOOP ( 'NONE', ( #565, #668 ) ) ;
#1092 = DIRECTION ( 'NONE',  ( -0.000000000000000000, -0.000000000000000000, -1.000000000000000000 ) ) ;
#1093 = CARTESIAN_POINT ( 'NONE',  ( 0.4990418826123412810, -0.4999999999999991673, -4.545913993587755719 ) ) ;
#1094 = DIRECTION ( 'NONE',  ( -1.000000000000000000, -0.000000000000000000, 0.000000000000000000 ) ) ;
#1095 = VECTOR ( 'NONE', #14, 1000.000000000000000 ) ;
#1096 = VERTEX_POINT ( 'NONE', #1036 ) ;
#1097 = CARTESIAN_POINT ( 'NONE',  ( -6.200000000000000178, 0.000000000000000000, -6.200000000000000178 ) ) ;
#1098 = DIRECTION ( 'NONE',  ( 0.000000000000000000, 1.000000000000000000, 0.000000000000000000 ) ) ;
#1099 = PRODUCT ( 'syringe_connector', 'syringe_connector', '', ( #51 ) ) ;
#1100 =( BOUNDED_SURFACE ( )  B_SPLINE_SURFACE ( 2, 3, ( 
 ( #913, #884, #1322, #191, #382, #283, #262, #1108 ),
 ( #669, #1089, #676, #477, #1301, #371, #788, #1194 ),
 ( #1093, #171, #575, #615, #1246, #206, #1022, #609 ) ),
 .UNSPECIFIED., .F., .F., .T. ) 
 B_SPLINE_SURFACE_WITH_KNOTS ( ( 3, 3 ),
 ( 4, 2, 2, 4 ),
 ( 0.000000000000000000, 1.000000000000000000 ),
 ( 3.191706914730760847, 3.436622515706488912, 3.681538116682216533, 4.171369318633672663 ),
 .UNSPECIFIED. ) 
 GEOMETRIC_REPRESENTATION_ITEM ( )  RATIONAL_B_SPLINE_SURFACE ( (
 ( 1.000000000000000000, 1.000000000000000000, 1.000000000000000000, 1.000000000000000000, 1.000000000000000000, 1.000000000000000000, 1.000000000000000000, 1.000000000000000000),
 ( 0.7071067811865475727, 0.7481888330621165872, 0.7771403930905721458, 0.8252694623745153724, 0.8443907872034452922, 0.8928866886450816942, 0.9127057776141319634, 0.9271435915829016050),
 ( 1.000000000000000000, 1.000000000000000000, 1.000000000000000000, 1.000000000000000000, 1.000000000000000000, 1.000000000000000000, 1.000000000000000000, 1.000000000000000000) ) ) 
 REPRESENTATION_ITEM ( '' )  SURFACE ( )  );
#1101 = ORIENTED_EDGE ( 'NONE', *, *, #190, .T. ) ;
#1102 = DIRECTION ( 'NONE',  ( -1.000000000000000000, -0.000000000000000000, -0.000000000000000000 ) ) ;
#1103 = ORIENTED_EDGE ( 'NONE', *, *, #988, .T. ) ;
#1104 = LINE ( 'NONE', #1219, #1270 ) ;
#1105 = EDGE_CURVE ( 'NONE', #95, #1002, #934, .T. ) ;
#1106 = CARTESIAN_POINT ( 'NONE',  ( 1.714541256958638662E-14, 0.6777466661348763299, -5.014975354336314695 ) ) ;
#1107 = ORIENTED_EDGE ( 'NONE', *, *, #931, .T. ) ;
#1108 = CARTESIAN_POINT ( 'NONE',  ( 0.9540085420427717455, 1.000000000000001110, -4.959069237438556321 ) ) ;
#1109 = DIRECTION ( 'NONE',  ( -1.000000000000000000, 0.000000000000000000, 0.000000000000000000 ) ) ;
#1110 = ORIENTED_EDGE ( 'NONE', *, *, #390, .T. ) ;
#1111 = CARTESIAN_POINT ( 'NONE',  ( 0.5337827438426010485, 0.6194555750801268301, -4.744343306677042627 ) ) ;
#1112 = EDGE_CURVE ( 'NONE', #413, #97, #389, .T. ) ;
#1113 = CARTESIAN_POINT ( 'NONE',  ( 0.04823568270427140009, 0.6507959813601352783, -5.012755262584004612 ) ) ;
#1114 = ORIENTED_EDGE ( 'NONE', *, *, #1010, .T. ) ;
#1115 = ORIENTED_EDGE ( 'NONE', *, *, #444, .F. ) ;
#1116 = FACE_OUTER_BOUND ( 'NONE', #436, .T. ) ;
#1117 = ORIENTED_EDGE ( 'NONE', *, *, #253, .F. ) ;
#1118 = CARTESIAN_POINT ( 'NONE',  ( 0.9540085420427717455, 1.000000000000001110, -4.959069237438556321 ) ) ;
#1119 = FACE_OUTER_BOUND ( 'NONE', #395, .T. ) ;
#1120 = DIRECTION ( 'NONE',  ( 1.000000000000000000, -0.000000000000000000, 0.000000000000000000 ) ) ;
#1121 = ORIENTED_EDGE ( 'NONE', *, *, #902, .F. ) ;
#1122 = CARTESIAN_POINT ( 'NONE',  ( 0.8403156365826839336, 4.336808689942017736E-16, -5.232039432212405750 ) ) ;
#1123 = DIRECTION ( 'NONE',  ( 0.000000000000000000, 0.000000000000000000, 1.000000000000000000 ) ) ;
#1124 = CIRCLE ( 'NONE', #618, 0.5000000000000004441 ) ;
#1125 = AXIS2_PLACEMENT_3D ( 'NONE', #340, #755, #1313 ) ;
#1126 = CARTESIAN_POINT ( 'NONE',  ( 0.7870179927183045265, -1.499999999999999334, -5.295133911972736307 ) ) ;
#1127 = ORIENTED_EDGE ( 'NONE', *, *, #569, .F. ) ;
#1128 = ADVANCED_FACE ( 'NONE', ( #815 ), #90, .T. ) ;
#1129 = CARTESIAN_POINT ( 'NONE',  ( 0.000000000000000000, -3.500000000000000000, -4.522201682501503228 ) ) ;
#1130 = ORIENTED_EDGE ( 'NONE', *, *, #1297, .F. ) ;
#1131 = ADVANCED_FACE ( 'NONE', ( #495 ), #512, .T. ) ;
#1132 = DIRECTION ( 'NONE',  ( 0.000000000000000000, 0.000000000000000000, -1.000000000000000000 ) ) ;
#1133 = DIRECTION ( 'NONE',  ( -0.000000000000000000, 1.000000000000000000, -0.000000000000000000 ) ) ;
#1134 = CARTESIAN_POINT ( 'NONE',  ( 0.09476023275004423485, 0.5801792017944945590, -5.006086144202522625 ) ) ;
#1135 = PLANE ( 'NONE',  #180 ) ;
#1136 = ORIENTED_EDGE ( 'NONE', *, *, #196, .F. ) ;
#1137 = CARTESIAN_POINT ( 'NONE',  ( -0.5352596133137870194, -1.421537099163720619, -5.486441624820300511 ) ) ;
#1138 = CARTESIAN_POINT ( 'NONE',  ( 0.000000000000000000, -3.500000000000000000, -4.522201682501503228 ) ) ;
#1139 = PRODUCT_DEFINITION_FORMATION_WITH_SPECIFIED_SOURCE ( 'ANY', '', #1099, .NOT_KNOWN. ) ;
#1140 = AXIS2_PLACEMENT_3D ( 'NONE', #681, #570, #698 ) ;
#1141 = CARTESIAN_POINT ( 'NONE',  ( 0.000000000000000000, 0.000000000000000000, 0.000000000000000000 ) ) ;
#1142 = VERTEX_POINT ( 'NONE', #935 ) ;
#1143 = DIRECTION ( 'NONE',  ( -0.000000000000000000, -1.000000000000000000, 0.000000000000000000 ) ) ;
#1144 = DIRECTION ( 'NONE',  ( -0.000000000000000000, -0.000000000000000000, 1.000000000000000000 ) ) ;
#1145 = ADVANCED_FACE ( 'NONE', ( #1116 ), #710, .F. ) ;
#1146 = AXIS2_PLACEMENT_3D ( 'NONE', #489, #68, #483 ) ;
#1147 = CARTESIAN_POINT ( 'NONE',  ( 0.4560174710046714930, -0.3797816405928313155, -4.720328841236443473 ) ) ;
#1148 = APPLICATION_CONTEXT ( 'automotive_design' ) ;
#1149 = ORIENTED_EDGE ( 'NONE', *, *, #1154, .T. ) ;
#1150 = CARTESIAN_POINT ( 'NONE',  ( 0.1594697400361020367, -1.316372696196518977, -5.613484503512416346 ) ) ;
#1151 = CARTESIAN_POINT ( 'NONE',  ( 0.9540085420445578723, 1.000000000000001110, -4.959069237438213484 ) ) ;
#1152 = CARTESIAN_POINT ( 'NONE',  ( 0.4990418826123412810, -0.4999999999999991673, -4.545913993587755719 ) ) ;
#1153 =( BOUNDED_SURFACE ( )  B_SPLINE_SURFACE ( 2, 3, ( 
 ( #863, #343, #50, #876, #474, #358, #349, #143 ),
 ( #772, #984, #963, #765, #1085, #59, #468, #648 ),
 ( #1074, #674, #254, #168, #1298, #658, #150, #572 ) ),
 .UNSPECIFIED., .F., .F., .F. ) 
 B_SPLINE_SURFACE_WITH_KNOTS ( ( 3, 3 ),
 ( 4, 2, 2, 4 ),
 ( 0.000000000000000000, 1.000000000000000000 ),
 ( 5.256987670147135638, 5.745042993044917168, 5.989070654493807488, 6.233098315942697809 ),
 .UNSPECIFIED. ) 
 GEOMETRIC_REPRESENTATION_ITEM ( )  RATIONAL_B_SPLINE_SURFACE ( (
 ( 1.000000000000000000, 1.000000000000000000, 1.000000000000000000, 1.000000000000000000, 1.000000000000000000, 1.000000000000000000, 1.000000000000000000, 1.000000000000000000),
 ( 0.9263193510175685708, 0.9118558836468759754, 0.8920104649431057631, 0.8436407771693421598, 0.8245879551295791643, 0.7766853380495997161, 0.7478873381691155675, 0.7071067811865467956),
 ( 1.000000000000000000, 1.000000000000000000, 1.000000000000000000, 1.000000000000000000, 1.000000000000000000, 1.000000000000000000, 1.000000000000000000, 1.000000000000000000) ) ) 
 REPRESENTATION_ITEM ( '' )  SURFACE ( )  );
#1154 = EDGE_CURVE ( 'NONE', #1209, #1021, #760, .T. ) ;
#1155 = VERTEX_POINT ( 'NONE', #25 ) ;
#1156 = ADVANCED_FACE ( 'NONE', ( #321 ), #1076, .T. ) ;
#1157 = B_SPLINE_CURVE_WITH_KNOTS ( 'NONE', 3,
 ( #145, #972, #46, #456, #871, #1283 ),
 .UNSPECIFIED., .F., .F.,
 ( 4, 2, 4 ),
 ( 0.000000000000000000, 0.5000000000000000000, 1.000000000000000000 ),
 .UNSPECIFIED. ) ;
#1158 = CARTESIAN_POINT ( 'NONE',  ( 0.3154764554950796884, 0.03315255023498690778, -4.903727304773069839 ) ) ;
#1159 = ORIENTED_EDGE ( 'NONE', *, *, #1226, .F. ) ;
#1160 = CARTESIAN_POINT ( 'NONE',  ( 0.000000000000000000, 1.000000000000000888, 0.000000000000000000 ) ) ;
#1161 = CARTESIAN_POINT ( 'NONE',  ( -0.4585868860140454029, -0.3875843552971703909, -4.714238115486964809 ) ) ;
#1162 = FACE_OUTER_BOUND ( 'NONE', #941, .T. ) ;
#1163 = CARTESIAN_POINT ( 'NONE',  ( 6.184466335694133068E-16, 1.000000000000000888, -5.049999999999999822 ) ) ;
#1164 = CARTESIAN_POINT ( 'NONE',  ( -7.000000000000000000, 10.00000000000000000, -6.200000000000000178 ) ) ;
#1165 = CARTESIAN_POINT ( 'NONE',  ( 0.05718194602554196870, 0.6408354454776926667, -5.011898132156638930 ) ) ;
#1166 = CARTESIAN_POINT ( 'NONE',  ( -0.7867326030517219904, -1.500000000000000000, -5.295471760163322550 ) ) ;
#1167 = ORIENTED_EDGE ( 'NONE', *, *, #45, .F. ) ;
#1168 = CARTESIAN_POINT ( 'NONE',  ( 7.000000000000000000, 0.8000000000000003775, 6.200000000000000178 ) ) ;
#1169 = DIRECTION ( 'NONE',  ( 0.000000000000000000, 0.000000000000000000, -1.000000000000000000 ) ) ;
#1170 = EDGE_CURVE ( 'NONE', #320, #505, #752, .T. ) ;
#1171 = CARTESIAN_POINT ( 'NONE',  ( 0.000000000000000000, -0.4999999999999987232, -4.514975354336314695 ) ) ;
#1172 = CARTESIAN_POINT ( 'NONE',  ( -0.4367012886201150357, -0.3214644940335393830, -4.758724644190497344 ) ) ;
#1173 = EDGE_CURVE ( 'NONE', #20, #219, #1299, .T. ) ;
#1174 = FACE_OUTER_BOUND ( 'NONE', #880, .T. ) ;
#1175 = CARTESIAN_POINT ( 'NONE',  ( 7.000000000000000000, 0.8000000000000003775, 7.000000000000000000 ) ) ;
#1176 = LINE ( 'NONE', #128, #1095 ) ;
#1177 = CARTESIAN_POINT ( 'NONE',  ( 0.000000000000000000, -3.500000000000000000, -4.522201682501503228 ) ) ;
#1178 = CARTESIAN_POINT ( 'NONE',  ( -0.4957945454135325170, -0.4999999442624123991, -4.598293713846313580 ) ) ;
#1179 = EDGE_LOOP ( 'NONE', ( #1245, #322, #1115, #224, #235 ) ) ;
#1180 = DIRECTION ( 'NONE',  ( -0.6453070451917293227, 1.865715467512198699E-16, 0.7639233059842587270 ) ) ;
#1181 = DIRECTION ( 'NONE',  ( 0.6453070451917294337, -0.000000000000000000, 0.7639233059842586160 ) ) ;
#1182 = CARTESIAN_POINT ( 'NONE',  ( -0.4990418826123416141, -0.4999999999999991673, -4.545913993587752167 ) ) ;
#1183 = CARTESIAN_POINT ( 'NONE',  ( 7.000000000000000000, 10.00000000000000000, 6.200000000000000178 ) ) ;
#1184 = EDGE_CURVE ( 'NONE', #447, #1021, #907, .T. ) ;
#1185 = CONICAL_SURFACE ( 'NONE', #621, 1.250000000000000222, 0.1745329251994333364 ) ;
#1186 = ORIENTED_EDGE ( 'NONE', *, *, #16, .F. ) ;
#1187 = CARTESIAN_POINT ( 'NONE',  ( -0.8110918718516346715, 1.000000000989026194, -4.986739929802669558 ) ) ;
#1188 = CIRCLE ( 'NONE', #597, 5.049999999999999822 ) ;
#1189 = AXIS2_PLACEMENT_3D ( 'NONE', #467, #1281, #554 ) ;
#1190 = ORIENTED_EDGE ( 'NONE', *, *, #751, .F. ) ;
#1191 = CARTESIAN_POINT ( 'NONE',  ( 0.000000000000000000, -3.500000000000000000, -5.772201682501503228 ) ) ;
#1192 = DIRECTION ( 'NONE',  ( 1.000000000000000000, 0.000000000000000000, 0.000000000000000000 ) ) ;
#1193 = ORIENTED_EDGE ( 'NONE', *, *, #1154, .F. ) ;
#1194 = CARTESIAN_POINT ( 'NONE',  ( 0.5337827438426010485, 0.6194555750801268301, -4.744343306677042627 ) ) ;
#1195 = CARTESIAN_POINT ( 'NONE',  ( -0.5358839230705345624, 0.6185152577830376197, -4.741317923419638092 ) ) ;
#1196 = DIRECTION ( 'NONE',  ( 0.000000000000000000, -1.000000000000000000, 0.000000000000000000 ) ) ;
#1197 = VERTEX_POINT ( 'NONE', #537 ) ;
#1198 = CARTESIAN_POINT ( 'NONE',  ( 0.000000000000000000, 1.000000000000000888, 5.049999999999999822 ) ) ;
#1199 = SURFACE_STYLE_USAGE ( .BOTH. , #713 ) ;
#1200 = EDGE_CURVE ( 'NONE', #70, #611, #1176, .T. ) ;
#1201 = ORIENTED_EDGE ( 'NONE', *, *, #267, .T. ) ;
#1202 =( BOUNDED_SURFACE ( )  B_SPLINE_SURFACE ( 3, 2, ( 
 ( #486, #85, #492 ),
 ( #392, #194, #1017 ),
 ( #498, #917, #1331 ),
 ( #1025, #1242, #606 ),
 ( #1137, #225, #17 ),
 ( #937, #21, #525 ),
 ( #213, #508, #305 ),
 ( #1031, #408, #839 ),
 ( #1337, #947, #1051 ),
 ( #619, #1038, #10 ),
 ( #1150, #111, #118 ),
 ( #848, #514, #104 ),
 ( #724, #602, #421 ),
 ( #924, #822, #929 ),
 ( #612, #98, #426 ),
 ( #414, #834, #1258 ),
 ( #942, #1249, #1230 ),
 ( #316, #1122, #323 ) ),
 .UNSPECIFIED., .F., .F., .T. ) 
 B_SPLINE_SURFACE_WITH_KNOTS ( ( 4, 2, 2, 2, 2, 2, 2, 2, 4 ),
 ( 3, 3 ),
 ( 0.000000000000000000, 0.0005643208435819366091, 0.001128641687163873218, 0.001692962530745809827, 0.002257283374327746436, 0.002821604217909683045, 0.003385925061491619655, 0.003950245905073555830, 0.004514566748655492873 ),
 ( 0.000000000000000000, 1.000000000000000000 ),
 .UNSPECIFIED. ) 
 GEOMETRIC_REPRESENTATION_ITEM ( )  RATIONAL_B_SPLINE_SURFACE ( (
 ( 1.000000000000000000, 0.7071067811865475727, 1.000000000000000000),
 ( 1.000000000000000000, 0.7216250134524235804, 1.000000000000000000),
 ( 1.000000000000000000, 0.7376383887134567718, 1.000000000000000000),
 ( 1.000000000000000000, 0.7686435606093318107, 1.000000000000000000),
 ( 1.000000000000000000, 0.7837256574242600360, 1.000000000000000000),
 ( 1.000000000000000000, 0.8088655703297921162, 1.000000000000000000),
 ( 1.000000000000000000, 0.8191447409105119259, 1.000000000000000000),
 ( 1.000000000000000000, 0.8332927074161080583, 1.000000000000000000),
 ( 1.000000000000000000, 0.8369129215742568961, 1.000000000000000000),
 ( 1.000000000000000000, 0.8369786505994548653, 1.000000000000000000),
 ( 1.000000000000000000, 0.8332811174950397470, 1.000000000000000000),
 ( 1.000000000000000000, 0.8193344228841515919, 1.000000000000000000),
 ( 1.000000000000000000, 0.8091284132787951444, 1.000000000000000000),
 ( 1.000000000000000000, 0.7837583451942143897, 1.000000000000000000),
 ( 1.000000000000000000, 0.7689796912889965697, 1.000000000000000000),
 ( 1.000000000000000000, 0.7379640883218776537, 1.000000000000000000),
 ( 1.000000000000000000, 0.7215933872208197819, 1.000000000000000000),
 ( 1.000000000000000000, 0.7071067811865475727, 1.000000000000000000) ) ) 
 REPRESENTATION_ITEM ( '' )  SURFACE ( )  );
#1203 = AXIS2_PLACEMENT_3D ( 'NONE', #523, #330, #744 ) ;
#1204 = ORIENTED_EDGE ( 'NONE', *, *, #915, .F. ) ;
#1205 = CARTESIAN_POINT ( 'NONE',  ( 0.2948303777756466904, 0.09032673352368900122, -4.918800871534856789 ) ) ;
#1206 = VECTOR ( 'NONE', #473, 1000.000000000000000 ) ;
#1207 = AXIS2_PLACEMENT_3D ( 'NONE', #539, #660, #761 ) ;
#1208 = PRESENTATION_STYLE_ASSIGNMENT (( #1199 ) ) ;
#1209 = VERTEX_POINT ( 'NONE', #959 ) ;
#1210 = CARTESIAN_POINT ( 'NONE',  ( 6.123233995736774664E-17, 4.000000000000000000, -4.014975354336314695 ) ) ;
#1211 = EDGE_CURVE ( 'NONE', #1037, #1212, #1316, .T. ) ;
#1212 = VERTEX_POINT ( 'NONE', #437 ) ;
#1213 = CARTESIAN_POINT ( 'NONE',  ( -7.000000000000000000, 0.8000000000000003775, -6.200000000000000178 ) ) ;
#1214 = AXIS2_PLACEMENT_3D ( 'NONE', #1129, #309, #8 ) ;
#1215 = CARTESIAN_POINT ( 'NONE',  ( -0.6754606570356483930, 0.05609020510832592177, -6.498726117033237770 ) ) ;
#1216 = ORIENTED_EDGE ( 'NONE', *, *, #504, .T. ) ;
#1217 = CARTESIAN_POINT ( 'NONE',  ( -0.08197863126000737299, 0.6038779334434276613, -5.008481144877739766 ) ) ;
#1218 = ORIENTED_EDGE ( 'NONE', *, *, #988, .F. ) ;
#1219 = CARTESIAN_POINT ( 'NONE',  ( 0.000000000000000000, -3.500000000000000000, -3.422201682501503139 ) ) ;
#1220 = CARTESIAN_POINT ( 'NONE',  ( 1.667667071237824539, 0.007058892165217975356, -6.313724212647828793 ) ) ;
#1221 = CARTESIAN_POINT ( 'NONE',  ( 0.000000000000000000, -3.500000000000000000, -4.522201682501503228 ) ) ;
#1222 = CARTESIAN_POINT ( 'NONE',  ( -6.200000000000000178, 10.00000000000000000, -6.200000000000000178 ) ) ;
#1223 = ORIENTED_EDGE ( 'NONE', *, *, #1004, .T. ) ;
#1224 = DIRECTION ( 'NONE',  ( 0.000000000000000000, -1.000000000000000000, 0.000000000000000000 ) ) ;
#1225 = CARTESIAN_POINT ( 'NONE',  ( 6.200000000000000178, 0.8000000000000000444, 6.200000000000000178 ) ) ;
#1226 = EDGE_CURVE ( 'NONE', #568, #447, #1268, .T. ) ;
#1227 = EDGE_CURVE ( 'NONE', #336, #1047, #169, .T. ) ;
#1228 = DIRECTION ( 'NONE',  ( 0.000000000000000000, 1.000000000000000000, 0.000000000000000000 ) ) ;
#1229 = ORIENTED_EDGE ( 'NONE', *, *, #1211, .F. ) ;
#1230 = CARTESIAN_POINT ( 'NONE',  ( 1.863092049236223513, 4.336808689942017736E-16, -6.250691331268086515 ) ) ;
#1231 = CARTESIAN_POINT ( 'NONE',  ( 6.200000000000000178, 0.8000000000000000444, -6.200000000000000178 ) ) ;
#1232 = ORIENTED_EDGE ( 'NONE', *, *, #1314, .F. ) ;
#1233 = DIRECTION ( 'NONE',  ( 0.000000000000000000, -1.000000000000000000, 0.000000000000000000 ) ) ;
#1234 = CYLINDRICAL_SURFACE ( 'NONE', #1214, 1.100000000000000311 ) ;
#1235 = EDGE_LOOP ( 'NONE', ( #846, #185, #401, #697 ) ) ;
#1236 = CARTESIAN_POINT ( 'NONE',  ( 6.200000000000000178, 0.000000000000000000, 7.000000000000000000 ) ) ;
#1237 = CARTESIAN_POINT ( 'NONE',  ( -6.200000000000000178, 0.8000000000000003775, -6.200000000000000178 ) ) ;
#1238 = ORIENTED_EDGE ( 'NONE', *, *, #991, .F. ) ;
#1239 = CARTESIAN_POINT ( 'NONE',  ( -0.01437665479623072631, 0.6777466661348684474, -5.014975354336314695 ) ) ;
#1240 = ORIENTED_EDGE ( 'NONE', *, *, #1184, .T. ) ;
#1241 = ADVANCED_FACE ( 'NONE', ( #282 ), #818, .T. ) ;
#1242 = CARTESIAN_POINT ( 'NONE',  ( -0.7358486508243644586, -0.2081179046333538618, -5.356416685343281081 ) ) ;
#1243 = CARTESIAN_POINT ( 'NONE',  ( 0.000000000000000000, -1.500000000000000000, -4.522201682501503228 ) ) ;
#1244 = EDGE_LOOP ( 'NONE', ( #587, #71 ) ) ;
#1245 = ORIENTED_EDGE ( 'NONE', *, *, #749, .F. ) ;
#1246 = CARTESIAN_POINT ( 'NONE',  ( 0.4198637772970987836, -0.2701725309576257783, -4.788495005582728226 ) ) ;
#1247 = CARTESIAN_POINT ( 'NONE',  ( 0.4632248419526248662, -0.4016587365791182695, -4.703221770318323003 ) ) ;
#1248 = VERTEX_POINT ( 'NONE', #1309 ) ;
#1249 = CARTESIAN_POINT ( 'NONE',  ( 0.8351551715731000414, -0.06052004760708675629, -5.238148522347368718 ) ) ;
#1250 = EDGE_CURVE ( 'NONE', #186, #895, #1157, .T. ) ;
#1251 = CARTESIAN_POINT ( 'NONE',  ( 0.000000000000000000, -6.000000000000000000, -4.514975354336314695 ) ) ;
#1252 = EDGE_CURVE ( 'NONE', #636, #808, #359, .T. ) ;
#1253 = VERTEX_POINT ( 'NONE', #1088 ) ;
#1254 = CIRCLE ( 'NONE', #664, 0.8000000000000003775 ) ;
#1255 = TOROIDAL_SURFACE ( 'NONE', #1279, 5.850000000000000533, 0.8000000000000000444 ) ;
#1256 = CARTESIAN_POINT ( 'NONE',  ( 0.3487776323163876424, -0.06264146207747157968, -4.873245028725120775 ) ) ;
#1257 = ORIENTED_EDGE ( 'NONE', *, *, #1227, .T. ) ;
#1258 = CARTESIAN_POINT ( 'NONE',  ( 1.723573849638602162, 0.004846667271102005244, -6.296636823831921248 ) ) ;
#1259 = CARTESIAN_POINT ( 'NONE',  ( 0.2535359087425442803, 0.2046815074417122904, -4.948949694198582883 ) ) ;
#1260 = FACE_OUTER_BOUND ( 'NONE', #1050, .T. ) ;
#1261 = DIRECTION ( 'NONE',  ( -0.000000000000000000, 1.000000000000000000, -0.000000000000000000 ) ) ;
#1262 = DIRECTION ( 'NONE',  ( -0.000000000000000000, 1.000000000000000000, -0.000000000000000000 ) ) ;
#1263 = CARTESIAN_POINT ( 'NONE',  ( 0.3460152087742799920, 1.000000000277307732, -5.038832691920146267 ) ) ;
#1264 = DIRECTION ( 'NONE',  ( 0.000000000000000000, -0.000000000000000000, -1.000000000000000000 ) ) ;
#1265 = VERTEX_POINT ( 'NONE', #156 ) ;
#1266 = PLANE ( 'NONE',  #317 ) ;
#1267 = EDGE_CURVE ( 'NONE', #505, #1096, #348, .T. ) ;
#1268 = LINE ( 'NONE', #573, #234 ) ;
#1269 = EDGE_CURVE ( 'NONE', #87, #170, #1303, .T. ) ;
#1270 = VECTOR ( 'NONE', #1306, 1000.000000000000000 ) ;
#1271 = CARTESIAN_POINT ( 'NONE',  ( -0.3278988160355140735, -0.002737893407760148487, -4.892480893552179744 ) ) ;
#1272 = CARTESIAN_POINT ( 'NONE',  ( 0.2714724936331733285, 0.7573577551597050483, -4.959726770266690288 ) ) ;
#1273 = DIRECTION ( 'NONE',  ( 0.7639233059842587270, 0.000000000000000000, 0.6453070451917293227 ) ) ;
#1274 = AXIS2_PLACEMENT_3D ( 'NONE', #106, #943, #840 ) ;
#1275 = AXIS2_PLACEMENT_3D ( 'NONE', #429, #850, #614 ) ;
#1276 = CARTESIAN_POINT ( 'NONE',  ( 0.3913545781151643865, -0.1856873765359901840, -4.826500547598614688 ) ) ;
#1277 = CIRCLE ( 'NONE', #496, 0.8000000000000003775 ) ;
#1278 = DIRECTION ( 'NONE',  ( 0.000000000000000000, -1.000000000000000000, 0.000000000000000000 ) ) ;
#1279 = AXIS2_PLACEMENT_3D ( 'NONE', #301, #378, #804 ) ;
#1280 = ORIENTED_EDGE ( 'NONE', *, *, #1048, .F. ) ;
#1281 = DIRECTION ( 'NONE',  ( -0.000000000000000000, 1.000000000000000000, -0.000000000000000000 ) ) ;
#1282 = DIRECTION ( 'NONE',  ( 0.000000000000000000, 0.000000000000000000, 1.000000000000000000 ) ) ;
#1283 = CARTESIAN_POINT ( 'NONE',  ( -0.2964583440018924154, 0.08581583724522355572, -4.917607258526303760 ) ) ;
#1284 = ORIENTED_EDGE ( 'NONE', *, *, #1269, .F. ) ;
#1285 = CARTESIAN_POINT ( 'NONE',  ( -0.3550758026695073899, -0.08071281778651166749, -4.867268530775180402 ) ) ;
#1286 = DIRECTION ( 'NONE',  ( 0.000000000000000000, -1.000000000000000000, 0.000000000000000000 ) ) ;
#1287 = ADVANCED_FACE ( 'NONE', ( #806, #608 ), #1266, .T. ) ;
#1288 = CARTESIAN_POINT ( 'NONE',  ( 0.000000000000000000, 9.199999999999999289, 5.049999999999999822 ) ) ;
#1289 = PLANE ( 'NONE',  #911 ) ;
#1290 = CARTESIAN_POINT ( 'NONE',  ( 0.2187752032325187834, 0.2979740125696545006, -4.966864849354605482 ) ) ;
#1291 =( BOUNDED_CURVE ( )  B_SPLINE_CURVE ( 2, ( #1118, #1111, #1205 ),
 .UNSPECIFIED., .F., .F. ) 
 B_SPLINE_CURVE_WITH_KNOTS ( ( 3, 3 ),
 ( 0.000000000000000000, 1.000000000000000000 ),
 .UNSPECIFIED. ) 
 CURVE ( )  GEOMETRIC_REPRESENTATION_ITEM ( )  RATIONAL_B_SPLINE_CURVE ( ( 1.000000000000000000, 0.9271435915829016050, 1.000000000000000000 ) ) 
 REPRESENTATION_ITEM ( '' )  );
#1292 = CARTESIAN_POINT ( 'NONE',  ( -1.996167530449366456, 1.000000000000000888, -4.638729911342078793 ) ) ;
#1293 = CARTESIAN_POINT ( 'NONE',  ( -0.2964583440018924154, 0.08581583724522355572, -4.917607258526303760 ) ) ;
#1294 = TOROIDAL_SURFACE ( 'NONE', #549, 2.600000000000000089, 1.500000000000000000 ) ;
#1295 = ORIENTED_EDGE ( 'NONE', *, *, #1200, .F. ) ;
#1296 = DIRECTION ( 'NONE',  ( -1.000000000000000000, 0.000000000000000000, -0.000000000000000000 ) ) ;
#1297 = EDGE_CURVE ( 'NONE', #1047, #1002, #879, .T. ) ;
#1298 = CARTESIAN_POINT ( 'NONE',  ( -0.4419165130537526798, -0.3369711179284103908, -4.753847956078490533 ) ) ;
#1299 = CIRCLE ( 'NONE', #1062, 5.850000000000000533 ) ;
#1300 = CARTESIAN_POINT ( 'NONE',  ( 0.1328836056354225914, 0.5049183828403418506, -4.997695962854587393 ) ) ;
#1301 = CARTESIAN_POINT ( 'NONE',  ( 0.5425338558370567110, 0.6434979522851675959, -4.597262549631279782 ) ) ;
#1302 = CARTESIAN_POINT ( 'NONE',  ( -7.000000000000000000, 10.00000000000000000, -7.000000000000000000 ) ) ;
#1303 = B_SPLINE_CURVE_WITH_KNOTS ( 'NONE', 3,
 ( #900, #1020, #830, #1321, #1011, #920, #1333, #1027, #1126, #100 ),
 .UNSPECIFIED., .F., .F.,
 ( 4, 2, 2, 2, 4 ),
 ( 0.0009719933721903917766, 0.001214323942719151232, 0.001456654513247910687, 0.001698985083776670141, 0.001941315654305429596 ),
 .UNSPECIFIED. ) ;
#1304 = ORIENTED_EDGE ( 'NONE', *, *, #428, .F. ) ;
#1305 = AXIS2_PLACEMENT_3D ( 'NONE', #589, #205, #998 ) ;
#1306 = DIRECTION ( 'NONE',  ( -0.000000000000000000, 1.000000000000000000, -0.000000000000000000 ) ) ;
#1307 = B_SPLINE_CURVE_WITH_KNOTS ( 'NONE', 3,
 ( #1084, #1166, #161, #564, #645, #983, #881, #366 ),
 .UNSPECIFIED., .F., .F.,
 ( 4, 2, 2, 4 ),
 ( 0.000000000000000000, 0.0002429983430475979984, 0.0004859966860951959967, 0.0009719933721903917766 ),
 .UNSPECIFIED. ) ;
#1308 = PLANE ( 'NONE',  #1083 ) ;
#1309 = CARTESIAN_POINT ( 'NONE',  ( -1.986200595559072246, 0.000000000000000000, -6.200000000000000178 ) ) ;
#1310 = EDGE_LOOP ( 'NONE', ( #1204, #986 ) ) ;
#1311 = CARTESIAN_POINT ( 'NONE',  ( 0.9540085420427717455, 1.000000000000001110, -4.959069237438556321 ) ) ;
#1312 = ORIENTED_EDGE ( 'NONE', *, *, #751, .T. ) ;
#1313 = DIRECTION ( 'NONE',  ( 0.000000000000000000, 0.000000000000000000, -1.000000000000000000 ) ) ;
#1314 = EDGE_CURVE ( 'NONE', #611, #790, #341, .T. ) ;
#1315 = DIRECTION ( 'NONE',  ( -0.000000000000000000, -0.000000000000000000, 1.000000000000000000 ) ) ;
#1316 = CIRCLE ( 'NONE', #1203, 0.8091825482288367288 ) ;
#1317 = ORIENTED_EDGE ( 'NONE', *, *, #516, .F. ) ;
#1318 = DIRECTION ( 'NONE',  ( 1.000000000000000000, -0.000000000000000000, -0.000000000000000000 ) ) ;
#1319 = AXIS2_PLACEMENT_3D ( 'NONE', #1160, #1262, #753 ) ;
#1320 = LINE ( 'NONE', #387, #328 ) ;
#1321 = CARTESIAN_POINT ( 'NONE',  ( 0.3193894804418490052, -1.350366079701980526, -5.577800760107828104 ) ) ;
#1322 = CARTESIAN_POINT ( 'NONE',  ( 1.681160845480601074, 1.000000000000017097, -4.763375880926573380 ) ) ;
#1323 = CARTESIAN_POINT ( 'NONE',  ( 6.200000000000000178, 0.8000000000000000444, -6.200000000000000178 ) ) ;
#1324 = EDGE_LOOP ( 'NONE', ( #944, #518, #1317, #1328 ) ) ;
#1325 = DIRECTION ( 'NONE',  ( -0.000000000000000000, -1.000000000000000000, -0.000000000000000000 ) ) ;
#1326 = AXIS2_PLACEMENT_3D ( 'NONE', #247, #1067, #869 ) ;
#1327 = CARTESIAN_POINT ( 'NONE',  ( 0.3368076391917054213, 0.06713103542274281854, -6.520785101280915264 ) ) ;
#1328 = ORIENTED_EDGE ( 'NONE', *, *, #1112, .T. ) ;
#1329 = DIRECTION ( 'NONE',  ( 0.000000000000000000, -1.000000000000000000, 0.000000000000000000 ) ) ;
#1330 = EDGE_LOOP ( 'NONE', ( #193, #722, #1058, #103 ) ) ;
#1331 = CARTESIAN_POINT ( 'NONE',  ( -1.726459479242195005, 0.004736829899734268552, -6.295745760606985542 ) ) ;
#1332 = DIRECTION ( 'NONE',  ( 0.000000000000000000, 1.000000000000000000, -0.000000000000000000 ) ) ;
#1333 = CARTESIAN_POINT ( 'NONE',  ( 0.6015799481198809140, -1.446351910463854029, -5.446486535882511859 ) ) ;
#1334 = ORIENTED_EDGE ( 'NONE', *, *, #769, .T. ) ;
#1335 = DIRECTION ( 'NONE',  ( 0.000000000000000000, 0.000000000000000000, -1.000000000000000000 ) ) ;
#1336 = ORIENTED_EDGE ( 'NONE', *, *, #157, .T. ) ;
#1337 = CARTESIAN_POINT ( 'NONE',  ( -0.08065097654167795171, -1.307104876234669311, -5.622122109561851211 ) ) ;
#1338 = FACE_OUTER_BOUND ( 'NONE', #33, .T. ) ;
#1339 = CARTESIAN_POINT ( 'NONE',  ( -6.200000000000000178, 10.00000000000000000, 7.000000000000000000 ) ) ;
#1340 = ORIENTED_EDGE ( 'NONE', *, *, #295, .T. ) ;
#1341 = DIRECTION ( 'NONE',  ( 1.000000000000000000, 0.000000000000000000, 0.000000000000000000 ) ) ;
ENDSEC;
END-ISO-10303-21;
